schema_version,submission_id,method_id,method_name,configuration_id,candidate_group,selection_role,selection_metric,selected_from,base_format,format,algorithm,preprocess_policy,operator_id,dtype,backend_id,hardware,cpu_model,peak_gflops,job_id,dataset_id,matrix_id,matrix_name,rows,cols,nnz,rhs_columns,dense_layout,op_a,op_b,alpha,beta,input_seed,ranking_scope,status,validation_status,failed_elements,invalid_elements,operations,preprocess_ms,solve_ms,pre_plus_solve_ms,pre_amortized_ms,solve_gflops,pre_plus_solve_gflops,pre_amortized_gflops,solve_only_efficiency_percent,pre_plus_solve_efficiency_percent,pre_amortized_efficiency_percent,library_version,gpu_runtime,runtime_version,driver_version,timestamp,source_kind,selected_configuration_id,nan_elements,inf_elements,error,error_type,failure_stage,warmup,iterations,validation_safety_factor,public_ranked
3,H100-SXM5-80GB-suitesparse_all-fp64-n2-row-major-AlphaSparse-SpMM-CSR-solve-only,AlphaSparse-SpMM-CSR-best-solve-only,AlphaSparseLib CSR PER MATRIX BEST,per-matrix-best,AlphaSparse-SpMM-CSR,best,solve-only,"csr-alg1,csr-alg2,csr-alg3,csr-alg4,csr-alg5",manual-selection,csr,ALPHASPARSE_SPMM_CSR_ALG1,workspace-setup,spmm.csr.fp64,fp64,H100-SXM5-80GB,H100-SXM5-80GB,,33500.0,dad5c024-9073-5674-80e8-1be5a06ccb57,suitesparse_all,AG-Monien/3elt,3elt,4720,4720,27444,2,row-major,N,N,1.0,0.0,20260922,main,pass,pass,0,0,109776.0,0.009775,0.00487359985709,0.0146485998571,0.00536234985709,22.5246231161757,7.493958540125792,20.47162212940213,0.06723768094380807,0.022370025492912813,0.06110931978926009,AlphaSparse 248af573c867cf4c7e05d40c611c7c34ebac4715,CUDA,13040,13000,2026-10-07T07:03:02.968656+00:00,derived,csr-alg1,0,0,,,,5,20,4,true
3,H100-SXM5-80GB-suitesparse_all-fp64-n2-row-major-AlphaSparse-SpMM-CSR-solve-only,AlphaSparse-SpMM-CSR-best-solve-only,AlphaSparseLib CSR PER MATRIX BEST,per-matrix-best,AlphaSparse-SpMM-CSR,best,solve-only,"csr-alg1,csr-alg2,csr-alg3,csr-alg4,csr-alg5",manual-selection,csr,ALPHASPARSE_SPMM_CSR_ALG1,workspace-setup,spmm.csr.fp64,fp64,H100-SXM5-80GB,H100-SXM5-80GB,,33500.0,29b699d9-dc3d-55c8-a1c7-29991a8141e8,suitesparse_all,AG-Monien/bfly,bfly,49152,49152,196608,2,row-major,N,N,1.0,0.0,20260922,main,pass,pass,0,0,786432.0,0.012877,0.00418559983373,0.0170625998337,0.00482944983373,187.88991572067476,46.09098306617576,162.84090881478386,0.5608654200617157,0.1375850240781366,0.4860922651187578,AlphaSparse 248af573c867cf4c7e05d40c611c7c34ebac4715,CUDA,13040,13000,2026-10-08T13:49:15.179013+00:00,derived,csr-alg1,0,0,,,,5,20,4,true
3,H100-SXM5-80GB-suitesparse_all-fp64-n2-row-major-AlphaSparse-SpMM-CSR-solve-only,AlphaSparse-SpMM-CSR-best-solve-only,AlphaSparseLib CSR PER MATRIX BEST,per-matrix-best,AlphaSparse-SpMM-CSR,best,solve-only,"csr-alg1,csr-alg2,csr-alg3,csr-alg4,csr-alg5",manual-selection,csr,ALPHASPARSE_SPMM_CSR_ALG1,workspace-setup,spmm.csr.fp64,fp64,H100-SXM5-80GB,H100-SXM5-80GB,,33500.0,29b699d9-dc3d-55c8-a1c7-29991a8141e8,suitesparse_all,AG-Monien/grid2_dual,grid2_dual,3136,3136,12224,2,row-major,N,N,1.0,0.0,20260922,main,pass,pass,0,0,48896.0,0.008827,0.00399519987404,0.012822199874,0.00443654987404,12.23868680956773,3.813386195854585,11.021176677424444,0.03653339346139621,0.011383242375685328,0.032899034857983414,AlphaSparse 248af573c867cf4c7e05d40c611c7c34ebac4715,CUDA,13040,13000,2026-10-08T13:49:14.693692+00:00,derived,csr-alg1,0,0,,,,5,20,4,true
3,H100-SXM5-80GB-suitesparse_all-fp64-n2-row-major-AlphaSparse-SpMM-CSR-solve-only,AlphaSparse-SpMM-CSR-best-solve-only,AlphaSparseLib CSR PER MATRIX BEST,per-matrix-best,AlphaSparse-SpMM-CSR,best,solve-only,"csr-alg1,csr-alg2,csr-alg3,csr-alg4,csr-alg5",manual-selection,csr,ALPHASPARSE_SPMM_CSR_ALG1,workspace-setup,spmm.csr.fp64,fp64,H100-SXM5-80GB,H100-SXM5-80GB,,33500.0,dad5c024-9073-5674-80e8-1be5a06ccb57,suitesparse_all,AG-Monien/whitaker3_dual,whitaker3_dual,19190,19190,57162,2,row-major,N,N,1.0,0.0,20260922,main,pass,pass,0,0,228648.0,0.011082,0.00344640016556,0.0145284001656,0.00400050016556,66.34400795499246,15.738002628905232,57.1548532777009,0.19804181479102229,0.04697911232509024,0.17061150232149525,AlphaSparse 248af573c867cf4c7e05d40c611c7c34ebac4715,CUDA,13040,13000,2026-10-07T07:03:03.469110+00:00,derived,csr-alg1,0,0,,,,5,20,4,true
3,H100-SXM5-80GB-suitesparse_all-fp64-n2-row-major-AlphaSparse-SpMM-CSR-solve-only,AlphaSparse-SpMM-CSR-best-solve-only,AlphaSparseLib CSR PER MATRIX BEST,per-matrix-best,AlphaSparse-SpMM-CSR,best,solve-only,"csr-alg1,csr-alg2,csr-alg3,csr-alg4,csr-alg5",manual-selection,csr,ALPHASPARSE_SPMM_CSR_ALG5,workspace-setup,spmm.csr.fp64,fp64,H100-SXM5-80GB,H100-SXM5-80GB,,33500.0,29b699d9-dc3d-55c8-a1c7-29991a8141e8,suitesparse_all,Andrianov/ex3sta1,ex3sta1,16782,16782,678998,2,row-major,N,N,1.0,0.0,20260922,main,pass,pass,0,0,2715992.0,0.012478,0.0152464002371,0.0277244002371,0.0158703002371,178.13988599033434,97.96395870686996,171.13677494587188,0.5317608537024905,0.2924297274831939,0.5108560446145429,AlphaSparse 248af573c867cf4c7e05d40c611c7c34ebac4715,CUDA,13040,13000,2026-10-08T14:57:05.023519+00:00,derived,csr-alg5,0,0,,,,5,20,4,true
3,H100-SXM5-80GB-suitesparse_all-fp64-n2-row-major-AlphaSparse-SpMM-CSR-solve-only,AlphaSparse-SpMM-CSR-best-solve-only,AlphaSparseLib CSR PER MATRIX BEST,per-matrix-best,AlphaSparse-SpMM-CSR,best,solve-only,"csr-alg1,csr-alg2,csr-alg3,csr-alg4,csr-alg5",manual-selection,csr,ALPHASPARSE_SPMM_CSR_ALG5,workspace-setup,spmm.csr.fp64,fp64,H100-SXM5-80GB,H100-SXM5-80GB,,33500.0,dad5c024-9073-5674-80e8-1be5a06ccb57,suitesparse_all,Andrianov/mip1,mip1,66463,66463,10352819,2,row-major,N,N,1.0,0.0,20260922,main,pass,pass,0,0,41411276.0,0.019055,0.128678405285,0.147733405285,0.129631155285,321.8199348078749,280.310847232631,319.4546550862362,0.960656521814552,0.8367487977093462,0.9535959853320484,AlphaSparse 248af573c867cf4c7e05d40c611c7c34ebac4715,CUDA,13040,13000,2026-10-07T07:22:59.338654+00:00,derived,csr-alg5,0,0,,,,5,20,4,true
3,H100-SXM5-80GB-suitesparse_all-fp64-n2-row-major-AlphaSparse-SpMM-CSR-solve-only,AlphaSparse-SpMM-CSR-best-solve-only,AlphaSparseLib CSR PER MATRIX BEST,per-matrix-best,AlphaSparse-SpMM-CSR,best,solve-only,"csr-alg1,csr-alg2,csr-alg3,csr-alg4,csr-alg5",manual-selection,csr,ALPHASPARSE_SPMM_CSR_ALG1,workspace-setup,spmm.csr.fp64,fp64,H100-SXM5-80GB,H100-SXM5-80GB,,33500.0,29b699d9-dc3d-55c8-a1c7-29991a8141e8,suitesparse_all,Bai/af23560,af23560,23560,23560,484256,2,row-major,N,N,1.0,0.0,20260922,main,pass,pass,0,0,1937024.0,0.014264,0.00772159993649,0.0219855999365,0.00843479993649,250.85785535795463,88.10421392159493,229.64670348850737,0.748829418978969,0.2629976534972983,0.6855125477268876,AlphaSparse 248af573c867cf4c7e05d40c611c7c34ebac4715,CUDA,13040,13000,2026-10-08T13:45:47.238746+00:00,derived,csr-alg1,0,0,,,,5,20,4,true
3,H100-SXM5-80GB-suitesparse_all-fp64-n2-row-major-AlphaSparse-SpMM-CSR-solve-only,AlphaSparse-SpMM-CSR-best-solve-only,AlphaSparseLib CSR PER MATRIX BEST,per-matrix-best,AlphaSparse-SpMM-CSR,best,solve-only,"csr-alg1,csr-alg2,csr-alg3,csr-alg4,csr-alg5",manual-selection,csr,ALPHASPARSE_SPMM_CSR_ALG1,workspace-setup,spmm.csr.fp64,fp64,H100-SXM5-80GB,H100-SXM5-80GB,,33500.0,dad5c024-9073-5674-80e8-1be5a06ccb57,suitesparse_all,Bai/bfwb782,bfwb782,782,782,5982,2,row-major,N,N,1.0,0.0,20260922,main,pass,pass,0,0,23928.0,0.010324,0.00572480000556,0.0160488000056,0.00624100000556,4.1797093307645365,1.4909525940662642,3.8340009579687475,0.012476744270938917,0.004450604758406759,0.011444778979011186,AlphaSparse 248af573c867cf4c7e05d40c611c7c34ebac4715,CUDA,13040,13000,2026-10-07T06:59:54.239307+00:00,derived,csr-alg1,0,0,,,,5,20,4,true
3,H100-SXM5-80GB-suitesparse_all-fp64-n2-row-major-AlphaSparse-SpMM-CSR-solve-only,AlphaSparse-SpMM-CSR-best-solve-only,AlphaSparseLib CSR PER MATRIX BEST,per-matrix-best,AlphaSparse-SpMM-CSR,best,solve-only,"csr-alg1,csr-alg2,csr-alg3,csr-alg4,csr-alg5",manual-selection,csr,ALPHASPARSE_SPMM_CSR_ALG1,workspace-setup,spmm.csr.fp64,fp64,H100-SXM5-80GB,H100-SXM5-80GB,,33500.0,29b699d9-dc3d-55c8-a1c7-29991a8141e8,suitesparse_all,Bai/ck400,ck400,400,400,2860,2,row-major,N,N,1.0,0.0,20260922,main,pass,pass,0,0,11440.0,0.010791,0.00430720001459,0.0150982000146,0.00484675001459,2.656017821612347,0.7577062159023916,2.3603445536828955,0.00792841140779805,0.0022618095997086318,0.00704580463785939,AlphaSparse 248af573c867cf4c7e05d40c611c7c34ebac4715,CUDA,13040,13000,2026-10-08T13:45:47.778034+00:00,derived,csr-alg1,0,0,,,,5,20,4,true
3,H100-SXM5-80GB-suitesparse_all-fp64-n2-row-major-AlphaSparse-SpMM-CSR-solve-only,AlphaSparse-SpMM-CSR-best-solve-only,AlphaSparseLib CSR PER MATRIX BEST,per-matrix-best,AlphaSparse-SpMM-CSR,best,solve-only,"csr-alg1,csr-alg2,csr-alg3,csr-alg4,csr-alg5",manual-selection,csr,ALPHASPARSE_SPMM_CSR_ALG1,workspace-setup,spmm.csr.fp64,fp64,H100-SXM5-80GB,H100-SXM5-80GB,,33500.0,29b699d9-dc3d-55c8-a1c7-29991a8141e8,suitesparse_all,Bai/dwg961b,dwg961b,961,961,10591,2,row-major,N,N,1.0,0.0,20260922,main,pass,pass,0,0,42364.0,0.009479,0.0061360001564,0.0156150001564,0.0066099501564,6.904171923107483,2.7130323135242875,6.4091254847030275,0.020609468427186514,0.008098603920968022,0.019131717864785156,AlphaSparse 248af573c867cf4c7e05d40c611c7c34ebac4715,CUDA,13040,13000,2026-10-08T13:47:59.966405+00:00,derived,csr-alg1,0,0,,,,5,20,4,true
3,H100-SXM5-80GB-suitesparse_all-fp64-n2-row-major-AlphaSparse-SpMM-CSR-solve-only,AlphaSparse-SpMM-CSR-best-solve-only,AlphaSparseLib CSR PER MATRIX BEST,per-matrix-best,AlphaSparse-SpMM-CSR,best,solve-only,"csr-alg1,csr-alg2,csr-alg3,csr-alg4,csr-alg5",manual-selection,csr,ALPHASPARSE_SPMM_CSR_ALG1,workspace-setup,spmm.csr.fp64,fp64,H100-SXM5-80GB,H100-SXM5-80GB,,33500.0,dad5c024-9073-5674-80e8-1be5a06ccb57,suitesparse_all,Bai/lop163,lop163,163,163,935,2,row-major,N,N,1.0,0.0,20260922,main,pass,pass,0,0,3740.0,0.009187,0.00386560000479,0.0130526000048,0.00432495000479,0.9675082769468222,0.28653295118402783,0.8647498805437862,0.0028880844087964845,0.0008553222423403816,0.0025813429269963767,AlphaSparse 248af573c867cf4c7e05d40c611c7c34ebac4715,CUDA,13040,13000,2026-10-07T06:59:54.878351+00:00,derived,csr-alg1,0,0,,,,5,20,4,true
3,H100-SXM5-80GB-suitesparse_all-fp64-n2-row-major-AlphaSparse-SpMM-CSR-solve-only,AlphaSparse-SpMM-CSR-best-solve-only,AlphaSparseLib CSR PER MATRIX BEST,per-matrix-best,AlphaSparse-SpMM-CSR,best,solve-only,"csr-alg1,csr-alg2,csr-alg3,csr-alg4,csr-alg5",manual-selection,csr,ALPHASPARSE_SPMM_CSR_ALG1,workspace-setup,spmm.csr.fp64,fp64,H100-SXM5-80GB,H100-SXM5-80GB,,33500.0,dad5c024-9073-5674-80e8-1be5a06ccb57,suitesparse_all,Bai/mhd4800b,mhd4800b,4800,4800,27520,2,row-major,N,N,1.0,0.0,20260922,main,pass,pass,0,0,110080.0,0.008515,0.0053072001785,0.0138222001785,0.0057329501785,20.741633309017647,7.963999839274937,19.201283208918785,0.06191532331050044,0.0237731338485819,0.05731726331020533,AlphaSparse 248af573c867cf4c7e05d40c611c7c34ebac4715,CUDA,13040,13000,2026-10-07T07:01:23.156933+00:00,derived,csr-alg1,0,0,,,,5,20,4,true
3,H100-SXM5-80GB-suitesparse_all-fp64-n2-row-major-AlphaSparse-SpMM-CSR-solve-only,AlphaSparse-SpMM-CSR-best-solve-only,AlphaSparseLib CSR PER MATRIX BEST,per-matrix-best,AlphaSparse-SpMM-CSR,best,solve-only,"csr-alg1,csr-alg2,csr-alg3,csr-alg4,csr-alg5",manual-selection,csr,ALPHASPARSE_SPMM_CSR_ALG1,workspace-setup,spmm.csr.fp64,fp64,H100-SXM5-80GB,H100-SXM5-80GB,,33500.0,29b699d9-dc3d-55c8-a1c7-29991a8141e8,suitesparse_all,Bai/pde225,pde225,225,225,1065,2,row-major,N,N,1.0,0.0,20260922,main,pass,pass,0,0,4260.0,0.010837,0.00367520004511,0.0145122000451,0.00421705004511,1.159120577849388,0.2935461189041682,1.0101848340500024,0.003460061426416084,0.0008762570713557259,0.003015477116567171,AlphaSparse 248af573c867cf4c7e05d40c611c7c34ebac4715,CUDA,13040,13000,2026-10-08T13:45:48.235845+00:00,derived,csr-alg1,0,0,,,,5,20,4,true
3,H100-SXM5-80GB-suitesparse_all-fp64-n2-row-major-AlphaSparse-SpMM-CSR-solve-only,AlphaSparse-SpMM-CSR-best-solve-only,AlphaSparseLib CSR PER MATRIX BEST,per-matrix-best,AlphaSparse-SpMM-CSR,best,solve-only,"csr-alg1,csr-alg2,csr-alg3,csr-alg4,csr-alg5",manual-selection,csr,ALPHASPARSE_SPMM_CSR_ALG2,workspace-setup,spmm.csr.fp64,fp64,H100-SXM5-80GB,H100-SXM5-80GB,,33500.0,dad5c024-9073-5674-80e8-1be5a06ccb57,suitesparse_all,Bai/rbsa480,rbsa480,480,480,17088,2,row-major,N,N,1.0,0.0,20260922,main,pass,pass,0,0,68352.0,0.008421,0.00886079967022,0.0172817996702,0.00928184967022,7.713976451778073,3.95514363691319,7.364049454420857,0.02302679537844201,0.011806398916158777,0.021982237177375692,AlphaSparse 248af573c867cf4c7e05d40c611c7c34ebac4715,CUDA,13040,13000,2026-10-07T07:05:27.414046+00:00,derived,csr-alg2,0,0,,,,5,20,4,true
3,H100-SXM5-80GB-suitesparse_all-fp64-n2-row-major-AlphaSparse-SpMM-CSR-solve-only,AlphaSparse-SpMM-CSR-best-solve-only,AlphaSparseLib CSR PER MATRIX BEST,per-matrix-best,AlphaSparse-SpMM-CSR,best,solve-only,"csr-alg1,csr-alg2,csr-alg3,csr-alg4,csr-alg5",manual-selection,csr,ALPHASPARSE_SPMM_CSR_ALG1,workspace-setup,spmm.csr.fp64,fp64,H100-SXM5-80GB,H100-SXM5-80GB,,33500.0,29b699d9-dc3d-55c8-a1c7-29991a8141e8,suitesparse_all,Bai/rdb450l,rdb450l,450,450,2580,2,row-major,N,N,1.0,0.0,20260922,main,pass,pass,0,0,10320.0,0.010424,0.00372320003808,0.0141472000381,0.00424440003808,2.7718091680408,0.7294729679517559,2.4314390508460093,0.00827405721803224,0.002177531247617182,0.007258027017450774,AlphaSparse 248af573c867cf4c7e05d40c611c7c34ebac4715,CUDA,13040,13000,2026-10-08T13:48:00.418088+00:00,derived,csr-alg1,0,0,,,,5,20,4,true
3,H100-SXM5-80GB-suitesparse_all-fp64-n2-row-major-AlphaSparse-SpMM-CSR-solve-only,AlphaSparse-SpMM-CSR-best-solve-only,AlphaSparseLib CSR PER MATRIX BEST,per-matrix-best,AlphaSparse-SpMM-CSR,best,solve-only,"csr-alg1,csr-alg2,csr-alg3,csr-alg4,csr-alg5",manual-selection,csr,ALPHASPARSE_SPMM_CSR_ALG3,workspace-setup,spmm.csr.fp64,fp64,H100-SXM5-80GB,H100-SXM5-80GB,,33500.0,dad5c024-9073-5674-80e8-1be5a06ccb57,suitesparse_all,Bai/tols90,tols90,90,90,1746,2,row-major,N,N,1.0,0.0,20260922,main,pass,pass,0,0,6984.0,0.010689,0.00796959996223,0.0186585999622,0.00850404996223,0.876330058359138,0.374304610964848,0.8212557582585744,0.002615910621967576,0.001117327196909994,0.0024515097261449985,AlphaSparse 248af573c867cf4c7e05d40c611c7c34ebac4715,CUDA,13040,13000,2026-10-07T07:12:11.272363+00:00,derived,csr-alg3,0,0,,,,5,20,4,true
3,H100-SXM5-80GB-suitesparse_all-fp64-n2-row-major-AlphaSparse-SpMM-CSR-solve-only,AlphaSparse-SpMM-CSR-best-solve-only,AlphaSparseLib CSR PER MATRIX BEST,per-matrix-best,AlphaSparse-SpMM-CSR,best,solve-only,"csr-alg1,csr-alg2,csr-alg3,csr-alg4,csr-alg5",manual-selection,csr,ALPHASPARSE_SPMM_CSR_ALG3,workspace-setup,spmm.csr.fp64,fp64,H100-SXM5-80GB,H100-SXM5-80GB,,33500.0,dad5c024-9073-5674-80e8-1be5a06ccb57,suitesparse_all,Bates/Chem97ZtZ,Chem97ZtZ,2541,2541,7361,2,row-major,N,N,1.0,0.0,20260922,main,pass,pass,0,0,29444.0,0.009821,0.00883200019598,0.018653000196,0.00932305019598,3.3337861579081287,1.5785128231711514,3.158193872290416,0.009951600471367549,0.004711978576630303,0.009427444394896765,AlphaSparse 248af573c867cf4c7e05d40c611c7c34ebac4715,CUDA,13040,13000,2026-10-07T07:11:58.141060+00:00,derived,csr-alg3,0,0,,,,5,20,4,true
3,H100-SXM5-80GB-suitesparse_all-fp64-n2-row-major-AlphaSparse-SpMM-CSR-solve-only,AlphaSparse-SpMM-CSR-best-solve-only,AlphaSparseLib CSR PER MATRIX BEST,per-matrix-best,AlphaSparse-SpMM-CSR,best,solve-only,"csr-alg1,csr-alg2,csr-alg3,csr-alg4,csr-alg5",manual-selection,csr,ALPHASPARSE_SPMM_CSR_ALG5,workspace-setup,spmm.csr.fp64,fp64,H100-SXM5-80GB,H100-SXM5-80GB,,33500.0,dad5c024-9073-5674-80e8-1be5a06ccb57,suitesparse_all,Belcastro/human_gene2,human_gene2,14340,14340,18068388,2,row-major,N,N,1.0,0.0,20260922,main,pass,pass,0,0,72273552.0,0.015146,0.236740803719,0.251886803719,0.237498103719,305.2855733555135,286.92869548111366,304.3121223633504,0.9113002189716821,0.8565035686003394,0.9083943951144788,AlphaSparse 248af573c867cf4c7e05d40c611c7c34ebac4715,CUDA,13040,13000,2026-10-07T07:24:37.206826+00:00,derived,csr-alg5,0,0,,,,5,20,4,true
3,H100-SXM5-80GB-suitesparse_all-fp64-n2-row-major-AlphaSparse-SpMM-CSR-solve-only,AlphaSparse-SpMM-CSR-best-solve-only,AlphaSparseLib CSR PER MATRIX BEST,per-matrix-best,AlphaSparse-SpMM-CSR,best,solve-only,"csr-alg1,csr-alg2,csr-alg3,csr-alg4,csr-alg5",manual-selection,csr,ALPHASPARSE_SPMM_CSR_ALG1,workspace-setup,spmm.csr.fp64,fp64,H100-SXM5-80GB,H100-SXM5-80GB,,33500.0,dad5c024-9073-5674-80e8-1be5a06ccb57,suitesparse_all,Bodendiek/CurlCurl_0,CurlCurl_0,11083,11083,113343,2,row-major,N,N,1.0,0.0,20260922,main,pass,pass,0,0,453372.0,0.011155,0.00574879981577,0.0169037998158,0.00630654981577,78.86376539957408,26.820715161110265,71.88906981537026,0.23541422507335547,0.08006183630182169,0.2145942382548366,AlphaSparse 248af573c867cf4c7e05d40c611c7c34ebac4715,CUDA,13040,13000,2026-10-07T07:03:22.370302+00:00,derived,csr-alg1,0,0,,,,5,20,4,true
3,H100-SXM5-80GB-suitesparse_all-fp64-n2-row-major-AlphaSparse-SpMM-CSR-solve-only,AlphaSparse-SpMM-CSR-best-solve-only,AlphaSparseLib CSR PER MATRIX BEST,per-matrix-best,AlphaSparse-SpMM-CSR,best,solve-only,"csr-alg1,csr-alg2,csr-alg3,csr-alg4,csr-alg5",manual-selection,csr,ALPHASPARSE_SPMM_CSR_ALG5,workspace-setup,spmm.csr.fp64,fp64,H100-SXM5-80GB,H100-SXM5-80GB,,33500.0,29b699d9-dc3d-55c8-a1c7-29991a8141e8,suitesparse_all,Boeing/bcsstk34,bcsstk34,588,588,21418,2,row-major,N,N,1.0,0.0,20260922,main,pass,pass,0,0,85672.0,0.008729,0.00873920023441,0.0174682002344,0.00917565023441,9.803185383334325,4.904454886616582,9.336885976616431,0.02926323995025172,0.014640163840646514,0.027871301422735615,AlphaSparse 248af573c867cf4c7e05d40c611c7c34ebac4715,CUDA,13040,13000,2026-10-08T14:54:59.120017+00:00,derived,csr-alg5,0,0,,,,5,20,4,true
3,H100-SXM5-80GB-suitesparse_all-fp64-n2-row-major-AlphaSparse-SpMM-CSR-solve-only,AlphaSparse-SpMM-CSR-best-solve-only,AlphaSparseLib CSR PER MATRIX BEST,per-matrix-best,AlphaSparse-SpMM-CSR,best,solve-only,"csr-alg1,csr-alg2,csr-alg3,csr-alg4,csr-alg5",manual-selection,csr,ALPHASPARSE_SPMM_CSR_ALG1,workspace-setup,spmm.csr.fp64,fp64,H100-SXM5-80GB,H100-SXM5-80GB,,33500.0,dad5c024-9073-5674-80e8-1be5a06ccb57,suitesparse_all,Boeing/bcsstm35,bcsstm35,30237,30237,20619,2,row-major,N,N,1.0,0.0,20260922,main,pass,pass,0,0,82476.0,0.010262,0.00426080003381,0.0145228000338,0.00477390003381,19.35692812278029,5.679070138544043,17.276440523656454,0.057781874993374005,0.016952448174758338,0.051571464249720755,AlphaSparse 248af573c867cf4c7e05d40c611c7c34ebac4715,CUDA,13040,13000,2026-10-07T06:59:56.183273+00:00,derived,csr-alg1,0,0,,,,5,20,4,true
3,H100-SXM5-80GB-suitesparse_all-fp64-n2-row-major-AlphaSparse-SpMM-CSR-solve-only,AlphaSparse-SpMM-CSR-best-solve-only,AlphaSparseLib CSR PER MATRIX BEST,per-matrix-best,AlphaSparse-SpMM-CSR,best,solve-only,"csr-alg1,csr-alg2,csr-alg3,csr-alg4,csr-alg5",manual-selection,csr,ALPHASPARSE_SPMM_CSR_ALG1,workspace-setup,spmm.csr.fp64,fp64,H100-SXM5-80GB,H100-SXM5-80GB,,33500.0,29b699d9-dc3d-55c8-a1c7-29991a8141e8,suitesparse_all,Boeing/crystm03,crystm03,24696,24696,583770,2,row-major,N,N,1.0,0.0,20260922,main,pass,pass,0,0,2335080.0,0.014441,0.00924160033464,0.0236826003346,0.00996365033464,252.67052409175201,98.59897000366449,234.35989035883497,0.7542403704231404,0.29432528359302834,0.699581762265179,AlphaSparse 248af573c867cf4c7e05d40c611c7c34ebac4715,CUDA,13040,13000,2026-10-08T13:45:49.441834+00:00,derived,csr-alg1,0,0,,,,5,20,4,true
3,H100-SXM5-80GB-suitesparse_all-fp64-n2-row-major-AlphaSparse-SpMM-CSR-solve-only,AlphaSparse-SpMM-CSR-best-solve-only,AlphaSparseLib CSR PER MATRIX BEST,per-matrix-best,AlphaSparse-SpMM-CSR,best,solve-only,"csr-alg1,csr-alg2,csr-alg3,csr-alg4,csr-alg5",manual-selection,csr,ALPHASPARSE_SPMM_CSR_ALG5,workspace-setup,spmm.csr.fp64,fp64,H100-SXM5-80GB,H100-SXM5-80GB,,33500.0,dad5c024-9073-5674-80e8-1be5a06ccb57,suitesparse_all,Boeing/msc10848,msc10848,10848,10848,1229778,2,row-major,N,N,1.0,0.0,20260922,main,pass,pass,0,0,4919112.0,0.013337,0.0209327995777,0.0342697995777,0.0215996495777,234.99541863671203,143.5407285895234,227.7403613565384,0.7014788616021255,0.42847978683439825,0.679821974198622,AlphaSparse 248af573c867cf4c7e05d40c611c7c34ebac4715,CUDA,13040,13000,2026-10-07T07:21:55.304676+00:00,derived,csr-alg5,0,0,,,,5,20,4,true
3,H100-SXM5-80GB-suitesparse_all-fp64-n2-row-major-AlphaSparse-SpMM-CSR-solve-only,AlphaSparse-SpMM-CSR-best-solve-only,AlphaSparseLib CSR PER MATRIX BEST,per-matrix-best,AlphaSparse-SpMM-CSR,best,solve-only,"csr-alg1,csr-alg2,csr-alg3,csr-alg4,csr-alg5",manual-selection,csr,ALPHASPARSE_SPMM_CSR_ALG3,workspace-setup,spmm.csr.fp64,fp64,H100-SXM5-80GB,H100-SXM5-80GB,,33500.0,29b699d9-dc3d-55c8-a1c7-29991a8141e8,suitesparse_all,Bomhof/circuit_2,circuit_2,4510,4510,21199,2,row-major,N,N,1.0,0.0,20260922,main,pass,pass,0,0,84796.0,0.011748,0.00990239977837,0.0216503997784,0.0104897997784,8.563176795307893,3.9166020428222574,8.083662395025605,0.025561721777038488,0.011691349381558977,0.02413033550753912,AlphaSparse 248af573c867cf4c7e05d40c611c7c34ebac4715,CUDA,13040,13000,2026-10-08T14:29:13.532986+00:00,derived,csr-alg3,0,0,,,,5,20,4,true
3,H100-SXM5-80GB-suitesparse_all-fp64-n2-row-major-AlphaSparse-SpMM-CSR-solve-only,AlphaSparse-SpMM-CSR-best-solve-only,AlphaSparseLib CSR PER MATRIX BEST,per-matrix-best,AlphaSparse-SpMM-CSR,best,solve-only,"csr-alg1,csr-alg2,csr-alg3,csr-alg4,csr-alg5",manual-selection,csr,ALPHASPARSE_SPMM_CSR_ALG1,workspace-setup,spmm.csr.fp64,fp64,H100-SXM5-80GB,H100-SXM5-80GB,,33500.0,29b699d9-dc3d-55c8-a1c7-29991a8141e8,suitesparse_all,Botonakis/thermomech_dM,thermomech_dM,204316,204316,1423116,2,row-major,N,N,1.0,0.0,20260922,main,pass,pass,0,0,5692464.0,0.016548,0.0151600003242,0.0317080003242,0.0159874003242,375.49234025497253,179.52768833723738,356.0593895546209,1.1208726574775298,0.5359035472753354,1.0628638494167788,AlphaSparse 248af573c867cf4c7e05d40c611c7c34ebac4715,CUDA,13040,13000,2026-10-08T13:48:42.321993+00:00,derived,csr-alg1,0,0,,,,5,20,4,true
3,H100-SXM5-80GB-suitesparse_all-fp64-n2-row-major-AlphaSparse-SpMM-CSR-solve-only,AlphaSparse-SpMM-CSR-best-solve-only,AlphaSparseLib CSR PER MATRIX BEST,per-matrix-best,AlphaSparse-SpMM-CSR,best,solve-only,"csr-alg1,csr-alg2,csr-alg3,csr-alg4,csr-alg5",manual-selection,csr,ALPHASPARSE_SPMM_CSR_ALG1,workspace-setup,spmm.csr.fp64,fp64,H100-SXM5-80GB,H100-SXM5-80GB,,33500.0,dad5c024-9073-5674-80e8-1be5a06ccb57,suitesparse_all,Bourchtein/atmosmodd,atmosmodd,1270432,1270432,8814880,2,row-major,N,N,1.0,0.0,20260922,main,pass,pass,0,0,35259520.0,0.156784,0.0793407976627,0.236124797663,0.0871799976627,444.40591774610226,149.32578174327455,404.44506704874345,1.3265848290928426,0.44574860221873,1.2072987076081894,AlphaSparse 248af573c867cf4c7e05d40c611c7c34ebac4715,CUDA,13040,13000,2026-10-07T07:02:36.068236+00:00,derived,csr-alg1,0,0,,,,5,20,4,true
3,H100-SXM5-80GB-suitesparse_all-fp64-n2-row-major-AlphaSparse-SpMM-CSR-solve-only,AlphaSparse-SpMM-CSR-best-solve-only,AlphaSparseLib CSR PER MATRIX BEST,per-matrix-best,AlphaSparse-SpMM-CSR,best,solve-only,"csr-alg1,csr-alg2,csr-alg3,csr-alg4,csr-alg5",manual-selection,csr,ALPHASPARSE_SPMM_CSR_ALG1,workspace-setup,spmm.csr.fp64,fp64,H100-SXM5-80GB,H100-SXM5-80GB,,33500.0,dad5c024-9073-5674-80e8-1be5a06ccb57,suitesparse_all,Brunetiere/thermal,thermal,3456,3456,66528,2,row-major,N,N,1.0,0.0,20260922,main,pass,pass,0,0,266112.0,0.009923,0.0078639999032,0.0177869999032,0.0083601499032,33.839267964857726,14.961039042459584,31.83100818540835,0.10101274019360515,0.04465981803719279,0.09501793488181597,AlphaSparse 248af573c867cf4c7e05d40c611c7c34ebac4715,CUDA,13040,13000,2026-10-07T06:59:58.166548+00:00,derived,csr-alg1,0,0,,,,5,20,4,true
3,H100-SXM5-80GB-suitesparse_all-fp64-n2-row-major-AlphaSparse-SpMM-CSR-solve-only,AlphaSparse-SpMM-CSR-best-solve-only,AlphaSparseLib CSR PER MATRIX BEST,per-matrix-best,AlphaSparse-SpMM-CSR,best,solve-only,"csr-alg1,csr-alg2,csr-alg3,csr-alg4,csr-alg5",manual-selection,csr,ALPHASPARSE_SPMM_CSR_ALG1,workspace-setup,spmm.csr.fp64,fp64,H100-SXM5-80GB,H100-SXM5-80GB,,33500.0,dad5c024-9073-5674-80e8-1be5a06ccb57,suitesparse_all,CEMW/t2em,t2em,921632,921632,4590832,2,row-major,N,N,1.0,0.0,20260922,main,pass,pass,0,0,18363328.0,0.146337,0.0531935989857,0.199530598986,0.0605104489857,345.21687477729415,92.03264107520901,303.4736695531655,1.0304981336635646,0.2747243017170418,0.9058915509049716,AlphaSparse 248af573c867cf4c7e05d40c611c7c34ebac4715,CUDA,13040,13000,2026-10-07T07:01:50.739950+00:00,derived,csr-alg1,0,0,,,,5,20,4,true
3,H100-SXM5-80GB-suitesparse_all-fp64-n2-row-major-AlphaSparse-SpMM-CSR-solve-only,AlphaSparse-SpMM-CSR-best-solve-only,AlphaSparseLib CSR PER MATRIX BEST,per-matrix-best,AlphaSparse-SpMM-CSR,best,solve-only,"csr-alg1,csr-alg2,csr-alg3,csr-alg4,csr-alg5",manual-selection,csr,ALPHASPARSE_SPMM_CSR_ALG1,workspace-setup,spmm.csr.fp64,fp64,H100-SXM5-80GB,H100-SXM5-80GB,,33500.0,29b699d9-dc3d-55c8-a1c7-29991a8141e8,suitesparse_all,Chen/pkustk05,pkustk05,37164,37164,2205144,2,row-major,N,N,1.0,0.0,20260922,main,pass,pass,0,0,8820576.0,0.013866,0.0288783997297,0.0427443997297,0.0295716997297,305.438531309215,206.35629593065076,298.2776127386805,0.9117568098782537,0.6159889430765694,0.8903809335483,AlphaSparse 248af573c867cf4c7e05d40c611c7c34ebac4715,CUDA,13040,13000,2026-10-08T13:46:08.063722+00:00,derived,csr-alg1,0,0,,,,5,20,4,true
3,H100-SXM5-80GB-suitesparse_all-fp64-n2-row-major-AlphaSparse-SpMM-CSR-solve-only,AlphaSparse-SpMM-CSR-best-solve-only,AlphaSparseLib CSR PER MATRIX BEST,per-matrix-best,AlphaSparse-SpMM-CSR,best,solve-only,"csr-alg1,csr-alg2,csr-alg3,csr-alg4,csr-alg5",manual-selection,csr,ALPHASPARSE_SPMM_CSR_ALG1,workspace-setup,spmm.csr.fp64,fp64,H100-SXM5-80GB,H100-SXM5-80GB,,33500.0,dad5c024-9073-5674-80e8-1be5a06ccb57,suitesparse_all,Chen/pkustk11,pkustk11,87804,87804,5217912,2,row-major,N,N,1.0,0.0,20260922,main,pass,pass,0,0,20871648.0,0.020436,0.0590943992138,0.0795303992138,0.0601161992138,353.1916438389978,262.43610250077035,347.1884163163928,1.0543034144447694,0.7833913507485681,1.0363833322877398,AlphaSparse 248af573c867cf4c7e05d40c611c7c34ebac4715,CUDA,13040,13000,2026-10-07T07:00:24.034939+00:00,derived,csr-alg1,0,0,,,,5,20,4,true
3,H100-SXM5-80GB-suitesparse_all-fp64-n2-row-major-AlphaSparse-SpMM-CSR-solve-only,AlphaSparse-SpMM-CSR-best-solve-only,AlphaSparseLib CSR PER MATRIX BEST,per-matrix-best,AlphaSparse-SpMM-CSR,best,solve-only,"csr-alg1,csr-alg2,csr-alg3,csr-alg4,csr-alg5",manual-selection,csr,ALPHASPARSE_SPMM_CSR_ALG1,workspace-setup,spmm.csr.fp64,fp64,H100-SXM5-80GB,H100-SXM5-80GB,,33500.0,29b699d9-dc3d-55c8-a1c7-29991a8141e8,suitesparse_all,CPM/cz2548,cz2548,2548,2548,25674,2,row-major,N,N,1.0,0.0,20260922,main,pass,pass,0,0,102696.0,0.009568,0.00834560021758,0.0179136002176,0.00882400021758,12.305406120900802,5.732850948582732,11.638259005864416,0.03673255558477851,0.01711298790621711,0.03474107165929677,AlphaSparse 248af573c867cf4c7e05d40c611c7c34ebac4715,CUDA,13040,13000,2026-10-08T13:51:12.223446+00:00,derived,csr-alg1,0,0,,,,5,20,4,true
3,H100-SXM5-80GB-suitesparse_all-fp64-n2-row-major-AlphaSparse-SpMM-CSR-solve-only,AlphaSparse-SpMM-CSR-best-solve-only,AlphaSparseLib CSR PER MATRIX BEST,per-matrix-best,AlphaSparse-SpMM-CSR,best,solve-only,"csr-alg1,csr-alg2,csr-alg3,csr-alg4,csr-alg5",manual-selection,csr,ALPHASPARSE_SPMM_CSR_ALG5,workspace-setup,spmm.csr.fp64,fp64,H100-SXM5-80GB,H100-SXM5-80GB,,33500.0,dad5c024-9073-5674-80e8-1be5a06ccb57,suitesparse_all,Cylshell/s2rmt3m1,s2rmt3m1,5489,5489,219521,2,row-major,N,N,1.0,0.0,20260922,main,pass,pass,0,0,878084.0,0.014216,0.00940160006285,0.0236176000628,0.0101124000628,93.39729345323988,37.17922217605281,86.83240324224963,0.27879789090519363,0.11098275276433675,0.2592012037082079,AlphaSparse 248af573c867cf4c7e05d40c611c7c34ebac4715,CUDA,13040,13000,2026-10-07T07:23:09.244514+00:00,derived,csr-alg5,0,0,,,,5,20,4,true
3,H100-SXM5-80GB-suitesparse_all-fp64-n2-row-major-AlphaSparse-SpMM-CSR-solve-only,AlphaSparse-SpMM-CSR-best-solve-only,AlphaSparseLib CSR PER MATRIX BEST,per-matrix-best,AlphaSparse-SpMM-CSR,best,solve-only,"csr-alg1,csr-alg2,csr-alg3,csr-alg4,csr-alg5",manual-selection,csr,ALPHASPARSE_SPMM_CSR_ALG5,workspace-setup,spmm.csr.fp64,fp64,H100-SXM5-80GB,H100-SXM5-80GB,,33500.0,dad5c024-9073-5674-80e8-1be5a06ccb57,suitesparse_all,DIMACS10/az2010,az2010,241666,241666,1196094,2,row-major,N,N,1.0,0.0,20260922,main,pass,pass,0,0,4784376.0,0.015903,0.0248160004616,0.0407190004616,0.0256111504616,192.7940002823295,117.49738318139462,186.80832035145937,0.575504478454715,0.3507384572578944,0.5576367771685354,AlphaSparse 248af573c867cf4c7e05d40c611c7c34ebac4715,CUDA,13040,13000,2026-10-07T07:25:14.881176+00:00,derived,csr-alg5,0,0,,,,5,20,4,true
3,H100-SXM5-80GB-suitesparse_all-fp64-n2-row-major-AlphaSparse-SpMM-CSR-solve-only,AlphaSparse-SpMM-CSR-best-solve-only,AlphaSparseLib CSR PER MATRIX BEST,per-matrix-best,AlphaSparse-SpMM-CSR,best,solve-only,"csr-alg1,csr-alg2,csr-alg3,csr-alg4,csr-alg5",manual-selection,csr,ALPHASPARSE_SPMM_CSR_ALG1,workspace-setup,spmm.csr.fp64,fp64,H100-SXM5-80GB,H100-SXM5-80GB,,33500.0,dad5c024-9073-5674-80e8-1be5a06ccb57,suitesparse_all,DIMACS10/chesapeake,chesapeake,39,39,340,2,row-major,N,N,1.0,0.0,20260922,main,pass,pass,0,0,1360.0,0.010031,0.00742399990559,0.0174549999056,0.00792554990559,0.18318965750201177,0.07791463806102215,0.17159692591687215,0.000546834798513468,0.0002325810091373796,0.0005122296296026035,AlphaSparse 248af573c867cf4c7e05d40c611c7c34ebac4715,CUDA,13040,13000,2026-10-07T07:03:06.292237+00:00,derived,csr-alg1,0,0,,,,5,20,4,true
3,H100-SXM5-80GB-suitesparse_all-fp64-n2-row-major-AlphaSparse-SpMM-CSR-solve-only,AlphaSparse-SpMM-CSR-best-solve-only,AlphaSparseLib CSR PER MATRIX BEST,per-matrix-best,AlphaSparse-SpMM-CSR,best,solve-only,"csr-alg1,csr-alg2,csr-alg3,csr-alg4,csr-alg5",manual-selection,csr,ALPHASPARSE_SPMM_CSR_ALG1,workspace-setup,spmm.csr.fp64,fp64,H100-SXM5-80GB,H100-SXM5-80GB,,33500.0,dad5c024-9073-5674-80e8-1be5a06ccb57,suitesparse_all,DIMACS10/cti,cti,16840,16840,96464,2,row-major,N,N,1.0,0.0,20260922,main,pass,pass,0,0,385856.0,0.011161,0.00425119996071,0.0154121999607,0.00480924996071,90.7640204097945,25.035750962478104,80.23205347035763,0.2709373743575955,0.07473358496262121,0.2394986670756944,AlphaSparse 248af573c867cf4c7e05d40c611c7c34ebac4715,CUDA,13040,13000,2026-10-07T07:03:20.338223+00:00,derived,csr-alg1,0,0,,,,5,20,4,true
3,H100-SXM5-80GB-suitesparse_all-fp64-n2-row-major-AlphaSparse-SpMM-CSR-solve-only,AlphaSparse-SpMM-CSR-best-solve-only,AlphaSparseLib CSR PER MATRIX BEST,per-matrix-best,AlphaSparse-SpMM-CSR,best,solve-only,"csr-alg1,csr-alg2,csr-alg3,csr-alg4,csr-alg5",manual-selection,csr,ALPHASPARSE_SPMM_CSR_ALG1,workspace-setup,spmm.csr.fp64,fp64,H100-SXM5-80GB,H100-SXM5-80GB,,33500.0,29b699d9-dc3d-55c8-a1c7-29991a8141e8,suitesparse_all,DIMACS10/delaunay_n12,delaunay_n12,4096,4096,24528,2,row-major,N,N,1.0,0.0,20260922,main,pass,pass,0,0,98112.0,0.008508,0.00572159998119,0.0142295999812,0.00614699998119,17.147651063085032,6.894923267669123,15.960956613018643,0.05118701809876129,0.020581860500504846,0.0476446466060258,AlphaSparse 248af573c867cf4c7e05d40c611c7c34ebac4715,CUDA,13040,13000,2026-10-08T13:50:53.557392+00:00,derived,csr-alg1,0,0,,,,5,20,4,true
3,H100-SXM5-80GB-suitesparse_all-fp64-n2-row-major-AlphaSparse-SpMM-CSR-solve-only,AlphaSparse-SpMM-CSR-best-solve-only,AlphaSparseLib CSR PER MATRIX BEST,per-matrix-best,AlphaSparse-SpMM-CSR,best,solve-only,"csr-alg1,csr-alg2,csr-alg3,csr-alg4,csr-alg5",manual-selection,csr,ALPHASPARSE_SPMM_CSR_ALG1,workspace-setup,spmm.csr.fp64,fp64,H100-SXM5-80GB,H100-SXM5-80GB,,33500.0,dad5c024-9073-5674-80e8-1be5a06ccb57,suitesparse_all,DIMACS10/delaunay_n18,delaunay_n18,262144,262144,1572792,2,row-major,N,N,1.0,0.0,20260922,main,pass,pass,0,0,6291168.0,0.018617,0.0189007997513,0.0375177997513,0.0198316497513,332.85194715463257,167.6848866858726,317.2286763277272,0.9935879019541272,0.5005519005548436,0.9469512726200813,AlphaSparse 248af573c867cf4c7e05d40c611c7c34ebac4715,CUDA,13040,13000,2026-10-07T07:03:07.407095+00:00,derived,csr-alg1,0,0,,,,5,20,4,true
3,H100-SXM5-80GB-suitesparse_all-fp64-n2-row-major-AlphaSparse-SpMM-CSR-solve-only,AlphaSparse-SpMM-CSR-best-solve-only,AlphaSparseLib CSR PER MATRIX BEST,per-matrix-best,AlphaSparse-SpMM-CSR,best,solve-only,"csr-alg1,csr-alg2,csr-alg3,csr-alg4,csr-alg5",manual-selection,csr,ALPHASPARSE_SPMM_CSR_ALG1,workspace-setup,spmm.csr.fp64,fp64,H100-SXM5-80GB,H100-SXM5-80GB,,33500.0,29b699d9-dc3d-55c8-a1c7-29991a8141e8,suitesparse_all,DIMACS10/hugetrace-00000,hugetrace-00000,4588484,4588484,13758266,2,row-major,N,N,1.0,0.0,20260922,main,pass,pass,0,0,55033064.0,0.149809,0.237748789787,0.387557789787,0.245239239787,231.47568510991925,141.99963321662537,224.40562141604417,0.690972194357968,0.42387950213918024,0.6698675266150572,AlphaSparse 248af573c867cf4c7e05d40c611c7c34ebac4715,CUDA,13040,13000,2026-10-08T13:50:58.682948+00:00,derived,csr-alg1,0,0,,,,5,20,4,true
3,H100-SXM5-80GB-suitesparse_all-fp64-n2-row-major-AlphaSparse-SpMM-CSR-solve-only,AlphaSparse-SpMM-CSR-best-solve-only,AlphaSparseLib CSR PER MATRIX BEST,per-matrix-best,AlphaSparse-SpMM-CSR,best,solve-only,"csr-alg1,csr-alg2,csr-alg3,csr-alg4,csr-alg5",manual-selection,csr,ALPHASPARSE_SPMM_CSR_ALG5,workspace-setup,spmm.csr.fp64,fp64,H100-SXM5-80GB,H100-SXM5-80GB,,33500.0,29b699d9-dc3d-55c8-a1c7-29991a8141e8,suitesparse_all,DIMACS10/il2010,il2010,451554,451554,2164464,2,row-major,N,N,1.0,0.0,20260922,main,pass,pass,0,0,8657856.0,0.018398,0.0465023994446,0.0649003994446,0.0474222994446,186.18084450275342,133.40219897090898,182.5692997049698,0.5557637149335923,0.3982155193161462,0.5449829841939398,AlphaSparse 248af573c867cf4c7e05d40c611c7c34ebac4715,CUDA,13040,13000,2026-10-08T15:00:57.505559+00:00,derived,csr-alg5,0,0,,,,5,20,4,true
3,H100-SXM5-80GB-suitesparse_all-fp64-n2-row-major-AlphaSparse-SpMM-CSR-solve-only,AlphaSparse-SpMM-CSR-best-solve-only,AlphaSparseLib CSR PER MATRIX BEST,per-matrix-best,AlphaSparse-SpMM-CSR,best,solve-only,"csr-alg1,csr-alg2,csr-alg3,csr-alg4,csr-alg5",manual-selection,csr,ALPHASPARSE_SPMM_CSR_ALG5,workspace-setup,spmm.csr.fp64,fp64,H100-SXM5-80GB,H100-SXM5-80GB,,33500.0,dad5c024-9073-5674-80e8-1be5a06ccb57,suitesparse_all,DIMACS10/kron_g500-logn16,kron_g500-logn16,65536,65536,4912469,2,row-major,N,N,1.0,0.0,20260922,main,pass,pass,0,0,19649876.0,0.019723,0.0732895970345,0.0930125970345,0.0742757470345,268.1127580869371,211.26037361059292,264.55305782213026,0.8003365913042898,0.6306279809271431,0.789710620364568,AlphaSparse 248af573c867cf4c7e05d40c611c7c34ebac4715,CUDA,13040,13000,2026-10-07T07:25:02.062206+00:00,derived,csr-alg5,0,0,,,,5,20,4,true
3,H100-SXM5-80GB-suitesparse_all-fp64-n2-row-major-AlphaSparse-SpMM-CSR-solve-only,AlphaSparse-SpMM-CSR-best-solve-only,AlphaSparseLib CSR PER MATRIX BEST,per-matrix-best,AlphaSparse-SpMM-CSR,best,solve-only,"csr-alg1,csr-alg2,csr-alg3,csr-alg4,csr-alg5",manual-selection,csr,ALPHASPARSE_SPMM_CSR_ALG1,workspace-setup,spmm.csr.fp64,fp64,H100-SXM5-80GB,H100-SXM5-80GB,,33500.0,29b699d9-dc3d-55c8-a1c7-29991a8141e8,suitesparse_all,DIMACS10/luxembourg_osm,luxembourg_osm,114599,114599,239332,2,row-major,N,N,1.0,0.0,20260922,main,pass,pass,0,0,957328.0,0.017831,0.00595199987292,0.0237829998729,0.00684354987292,160.841401283556,40.252617630917364,139.8876340169825,0.48012358592106263,0.12015706755497721,0.41757502691636567,AlphaSparse 248af573c867cf4c7e05d40c611c7c34ebac4715,CUDA,13040,13000,2026-10-08T13:50:59.781520+00:00,derived,csr-alg1,0,0,,,,5,20,4,true
3,H100-SXM5-80GB-suitesparse_all-fp64-n2-row-major-AlphaSparse-SpMM-CSR-solve-only,AlphaSparse-SpMM-CSR-best-solve-only,AlphaSparseLib CSR PER MATRIX BEST,per-matrix-best,AlphaSparse-SpMM-CSR,best,solve-only,"csr-alg1,csr-alg2,csr-alg3,csr-alg4,csr-alg5",manual-selection,csr,ALPHASPARSE_SPMM_CSR_ALG1,workspace-setup,spmm.csr.fp64,fp64,H100-SXM5-80GB,H100-SXM5-80GB,,33500.0,29b699d9-dc3d-55c8-a1c7-29991a8141e8,suitesparse_all,DIMACS10/M6,M6,3501776,3501776,21003872,2,row-major,N,N,1.0,0.0,20260922,main,pass,pass,0,0,84015488.0,3.836602,0.414507198334,4.25110919833,0.606337298334,202.6876453235978,19.763192164765968,138.5622956576229,0.6050377472346203,0.058994603476913335,0.4136187930078296,AlphaSparse 248af573c867cf4c7e05d40c611c7c34ebac4715,CUDA,13040,13000,2026-10-08T13:51:19.763826+00:00,derived,csr-alg1,0,0,,,,5,20,4,true
3,H100-SXM5-80GB-suitesparse_all-fp64-n2-row-major-AlphaSparse-SpMM-CSR-solve-only,AlphaSparse-SpMM-CSR-best-solve-only,AlphaSparseLib CSR PER MATRIX BEST,per-matrix-best,AlphaSparse-SpMM-CSR,best,solve-only,"csr-alg1,csr-alg2,csr-alg3,csr-alg4,csr-alg5",manual-selection,csr,ALPHASPARSE_SPMM_CSR_ALG5,workspace-setup,spmm.csr.fp64,fp64,H100-SXM5-80GB,H100-SXM5-80GB,,33500.0,dad5c024-9073-5674-80e8-1be5a06ccb57,suitesparse_all,DIMACS10/md2010,md2010,145247,145247,700378,2,row-major,N,N,1.0,0.0,20260922,main,pass,pass,0,0,2801512.0,0.019081,0.0175776004791,0.0366586004791,0.0185316504791,159.37966068412095,76.42168449930905,151.17444628904187,0.4757601811466297,0.22812443134122107,0.45126700384788615,AlphaSparse 248af573c867cf4c7e05d40c611c7c34ebac4715,CUDA,13040,13000,2026-10-07T07:25:15.864843+00:00,derived,csr-alg5,0,0,,,,5,20,4,true
3,H100-SXM5-80GB-suitesparse_all-fp64-n2-row-major-AlphaSparse-SpMM-CSR-solve-only,AlphaSparse-SpMM-CSR-best-solve-only,AlphaSparseLib CSR PER MATRIX BEST,per-matrix-best,AlphaSparse-SpMM-CSR,best,solve-only,"csr-alg1,csr-alg2,csr-alg3,csr-alg4,csr-alg5",manual-selection,csr,ALPHASPARSE_SPMM_CSR_ALG5,workspace-setup,spmm.csr.fp64,fp64,H100-SXM5-80GB,H100-SXM5-80GB,,33500.0,29b699d9-dc3d-55c8-a1c7-29991a8141e8,suitesparse_all,DIMACS10/nh2010,nh2010,48837,48837,234550,2,row-major,N,N,1.0,0.0,20260922,main,pass,pass,0,0,938200.0,0.014756,0.0102863997221,0.0250423997221,0.0110241997221,91.20781083242444,37.464460691122795,85.10368313803392,0.27226212188783416,0.11183421101827701,0.25404084518816095,AlphaSparse 248af573c867cf4c7e05d40c611c7c34ebac4715,CUDA,13040,13000,2026-10-08T15:00:58.281279+00:00,derived,csr-alg5,0,0,,,,5,20,4,true
3,H100-SXM5-80GB-suitesparse_all-fp64-n2-row-major-AlphaSparse-SpMM-CSR-solve-only,AlphaSparse-SpMM-CSR-best-solve-only,AlphaSparseLib CSR PER MATRIX BEST,per-matrix-best,AlphaSparse-SpMM-CSR,best,solve-only,"csr-alg1,csr-alg2,csr-alg3,csr-alg4,csr-alg5",manual-selection,csr,ALPHASPARSE_SPMM_CSR_ALG5,workspace-setup,spmm.csr.fp64,fp64,H100-SXM5-80GB,H100-SXM5-80GB,,33500.0,dad5c024-9073-5674-80e8-1be5a06ccb57,suitesparse_all,DIMACS10/ok2010,ok2010,269118,269118,1274148,2,row-major,N,N,1.0,0.0,20260922,main,pass,pass,0,0,5096592.0,0.016095,0.025846400857,0.041941400857,0.026651150857,197.18768691230315,121.51697119933897,191.23346782832704,0.5886199609322482,0.36273722746071335,0.5708461726218718,AlphaSparse 248af573c867cf4c7e05d40c611c7c34ebac4715,CUDA,13040,13000,2026-10-07T07:25:17.097924+00:00,derived,csr-alg5,0,0,,,,5,20,4,true
3,H100-SXM5-80GB-suitesparse_all-fp64-n2-row-major-AlphaSparse-SpMM-CSR-solve-only,AlphaSparse-SpMM-CSR-best-solve-only,AlphaSparseLib CSR PER MATRIX BEST,per-matrix-best,AlphaSparse-SpMM-CSR,best,solve-only,"csr-alg1,csr-alg2,csr-alg3,csr-alg4,csr-alg5",manual-selection,csr,ALPHASPARSE_SPMM_CSR_ALG1,workspace-setup,spmm.csr.fp64,fp64,H100-SXM5-80GB,H100-SXM5-80GB,,33500.0,29b699d9-dc3d-55c8-a1c7-29991a8141e8,suitesparse_all,DIMACS10/rgg_n_2_15_s0,rgg_n_2_15_s0,32768,32768,320480,2,row-major,N,N,1.0,0.0,20260922,main,pass,pass,0,0,1281920.0,0.013699,0.00813440009952,0.0218334000995,0.00881935009952,157.59244496415224,58.713713583683045,145.35311395221396,0.47042520884821565,0.17526481666771057,0.4338898923946686,AlphaSparse 248af573c867cf4c7e05d40c611c7c34ebac4715,CUDA,13040,13000,2026-10-08T13:50:59.279917+00:00,derived,csr-alg1,0,0,,,,5,20,4,true
3,H100-SXM5-80GB-suitesparse_all-fp64-n2-row-major-AlphaSparse-SpMM-CSR-solve-only,AlphaSparse-SpMM-CSR-best-solve-only,AlphaSparseLib CSR PER MATRIX BEST,per-matrix-best,AlphaSparse-SpMM-CSR,best,solve-only,"csr-alg1,csr-alg2,csr-alg3,csr-alg4,csr-alg5",manual-selection,csr,ALPHASPARSE_SPMM_CSR_ALG1,workspace-setup,spmm.csr.fp64,fp64,H100-SXM5-80GB,H100-SXM5-80GB,,33500.0,dad5c024-9073-5674-80e8-1be5a06ccb57,suitesparse_all,DIMACS10/rgg_n_2_21_s0,rgg_n_2_21_s0,2097152,2097152,28975990,2,row-major,N,N,1.0,0.0,20260922,main,pass,pass,0,0,115903960.0,0.173755,0.40611038208,0.57986538208,0.41479813208,285.40014024356555,199.88080610062963,279.42256976616807,0.8519407171449717,0.5966591226884467,0.8340972231825913,AlphaSparse 248af573c867cf4c7e05d40c611c7c34ebac4715,CUDA,13040,13000,2026-10-07T07:03:19.644055+00:00,derived,csr-alg1,0,0,,,,5,20,4,true
3,H100-SXM5-80GB-suitesparse_all-fp64-n2-row-major-AlphaSparse-SpMM-CSR-solve-only,AlphaSparse-SpMM-CSR-best-solve-only,AlphaSparseLib CSR PER MATRIX BEST,per-matrix-best,AlphaSparse-SpMM-CSR,best,solve-only,"csr-alg1,csr-alg2,csr-alg3,csr-alg4,csr-alg5",manual-selection,csr,ALPHASPARSE_SPMM_CSR_ALG1,workspace-setup,spmm.csr.fp64,fp64,H100-SXM5-80GB,H100-SXM5-80GB,,33500.0,29b699d9-dc3d-55c8-a1c7-29991a8141e8,suitesparse_all,DIMACS10/uk,uk,4824,4824,13674,2,row-major,N,N,1.0,0.0,20260922,main,pass,pass,0,0,54696.0,0.008867,0.00320000015199,0.012067000152,0.00364335015199,17.092499188159703,4.532692409963599,15.01255649834398,0.051022385636297615,0.013530425104368951,0.04481360148759397,AlphaSparse 248af573c867cf4c7e05d40c611c7c34ebac4715,CUDA,13040,13000,2026-10-08T13:51:00.222751+00:00,derived,csr-alg1,0,0,,,,5,20,4,true
3,H100-SXM5-80GB-suitesparse_all-fp64-n2-row-major-AlphaSparse-SpMM-CSR-solve-only,AlphaSparse-SpMM-CSR-best-solve-only,AlphaSparseLib CSR PER MATRIX BEST,per-matrix-best,AlphaSparse-SpMM-CSR,best,solve-only,"csr-alg1,csr-alg2,csr-alg3,csr-alg4,csr-alg5",manual-selection,csr,ALPHASPARSE_SPMM_CSR_ALG5,workspace-setup,spmm.csr.fp64,fp64,H100-SXM5-80GB,H100-SXM5-80GB,,33500.0,dad5c024-9073-5674-80e8-1be5a06ccb57,suitesparse_all,DIMACS10/vsp_bcsstk30_500sep_10in_1Kout,vsp_bcsstk30_500sep_10in_1Kout,58348,58348,4033156,2,row-major,N,N,1.0,0.0,20260922,main,pass,pass,0,0,16132624.0,0.014993,0.0614639997482,0.0764569997482,0.0622136497482,262.4727330810008,211.0025773065965,259.31003992362236,0.7835006957641815,0.6298584397211836,0.7740598206675294,AlphaSparse 248af573c867cf4c7e05d40c611c7c34ebac4715,CUDA,13040,13000,2026-10-07T07:25:18.879748+00:00,derived,csr-alg5,0,0,,,,5,20,4,true
3,H100-SXM5-80GB-suitesparse_all-fp64-n2-row-major-AlphaSparse-SpMM-CSR-solve-only,AlphaSparse-SpMM-CSR-best-solve-only,AlphaSparseLib CSR PER MATRIX BEST,per-matrix-best,AlphaSparse-SpMM-CSR,best,solve-only,"csr-alg1,csr-alg2,csr-alg3,csr-alg4,csr-alg5",manual-selection,csr,ALPHASPARSE_SPMM_CSR_ALG5,workspace-setup,spmm.csr.fp64,fp64,H100-SXM5-80GB,H100-SXM5-80GB,,33500.0,29b699d9-dc3d-55c8-a1c7-29991a8141e8,suitesparse_all,DIMACS10/vsp_p0291_seymourl_iiasa,vsp_p0291_seymourl_iiasa,10498,10498,107736,2,row-major,N,N,1.0,0.0,20260922,main,pass,pass,0,0,430944.0,0.011757,0.00959519967437,0.0213521996744,0.0101830496744,44.91245775229736,20.182651275815665,42.31973856352535,0.13406703806655929,0.06024672022631542,0.1263275778015682,AlphaSparse 248af573c867cf4c7e05d40c611c7c34ebac4715,CUDA,13040,13000,2026-10-08T15:00:59.684682+00:00,derived,csr-alg5,0,0,,,,5,20,4,true
3,H100-SXM5-80GB-suitesparse_all-fp64-n2-row-major-AlphaSparse-SpMM-CSR-solve-only,AlphaSparse-SpMM-CSR-best-solve-only,AlphaSparseLib CSR PER MATRIX BEST,per-matrix-best,AlphaSparse-SpMM-CSR,best,solve-only,"csr-alg1,csr-alg2,csr-alg3,csr-alg4,csr-alg5",manual-selection,csr,ALPHASPARSE_SPMM_CSR_ALG5,workspace-setup,spmm.csr.fp64,fp64,H100-SXM5-80GB,H100-SXM5-80GB,,33500.0,29b699d9-dc3d-55c8-a1c7-29991a8141e8,suitesparse_all,DIMACS10/vt2010,vt2010,32580,32580,155598,2,row-major,N,N,1.0,0.0,20260922,main,pass,pass,0,0,622392.0,0.014206,0.0103455998003,0.0245515998003,0.0110558998003,60.16006920951572,25.35036433725166,56.29501092105696,0.1795822961478081,0.07567272936493033,0.168044808719573,AlphaSparse 248af573c867cf4c7e05d40c611c7c34ebac4715,CUDA,13040,13000,2026-10-08T15:00:58.974658+00:00,derived,csr-alg5,0,0,,,,5,20,4,true
3,H100-SXM5-80GB-suitesparse_all-fp64-n2-row-major-AlphaSparse-SpMM-CSR-solve-only,AlphaSparse-SpMM-CSR-best-solve-only,AlphaSparseLib CSR PER MATRIX BEST,per-matrix-best,AlphaSparse-SpMM-CSR,best,solve-only,"csr-alg1,csr-alg2,csr-alg3,csr-alg4,csr-alg5",manual-selection,csr,ALPHASPARSE_SPMM_CSR_ALG5,workspace-setup,spmm.csr.fp64,fp64,H100-SXM5-80GB,H100-SXM5-80GB,,33500.0,29b699d9-dc3d-55c8-a1c7-29991a8141e8,suitesparse_all,DNVS/thread,thread,29736,29736,4470048,2,row-major,N,N,1.0,0.0,20260922,main,pass,pass,0,0,17880192.0,0.013969,0.0590240001678,0.0729930001678,0.0597224501678,302.9308747148312,244.95762551061213,299.388118701806,0.9042712678054663,0.7312167925689914,0.893695876721809,AlphaSparse 248af573c867cf4c7e05d40c611c7c34ebac4715,CUDA,13040,13000,2026-10-08T14:56:59.865231+00:00,derived,csr-alg5,0,0,,,,5,20,4,true
3,H100-SXM5-80GB-suitesparse_all-fp64-n2-row-major-AlphaSparse-SpMM-CSR-solve-only,AlphaSparse-SpMM-CSR-best-solve-only,AlphaSparseLib CSR PER MATRIX BEST,per-matrix-best,AlphaSparse-SpMM-CSR,best,solve-only,"csr-alg1,csr-alg2,csr-alg3,csr-alg4,csr-alg5",manual-selection,csr,ALPHASPARSE_SPMM_CSR_ALG5,workspace-setup,spmm.csr.fp64,fp64,H100-SXM5-80GB,H100-SXM5-80GB,,33500.0,29b699d9-dc3d-55c8-a1c7-29991a8141e8,suitesparse_all,DRIVCAV/cavity08,cavity08,1182,1182,32747,2,row-major,N,N,1.0,0.0,20260922,main,pass,pass,0,0,130988.0,0.009723,0.0088752001524,0.0185982001524,0.0093613501524,14.758878419725406,7.043047118895356,13.992426078242376,0.04405635349171763,0.0210240212504339,0.04176843605445485,AlphaSparse 248af573c867cf4c7e05d40c611c7c34ebac4715,CUDA,13040,13000,2026-10-08T14:55:01.204350+00:00,derived,csr-alg5,0,0,,,,5,20,4,true
3,H100-SXM5-80GB-suitesparse_all-fp64-n2-row-major-AlphaSparse-SpMM-CSR-solve-only,AlphaSparse-SpMM-CSR-best-solve-only,AlphaSparseLib CSR PER MATRIX BEST,per-matrix-best,AlphaSparse-SpMM-CSR,best,solve-only,"csr-alg1,csr-alg2,csr-alg3,csr-alg4,csr-alg5",manual-selection,csr,ALPHASPARSE_SPMM_CSR_ALG5,workspace-setup,spmm.csr.fp64,fp64,H100-SXM5-80GB,H100-SXM5-80GB,,33500.0,dad5c024-9073-5674-80e8-1be5a06ccb57,suitesparse_all,DRIVCAV/cavity14,cavity14,2597,2597,76367,2,row-major,N,N,1.0,0.0,20260922,main,pass,pass,0,0,305468.0,0.010098,0.00869759991765,0.0187955999177,0.00920249991765,35.12095323907866,16.25210162684607,33.19402366025839,0.10483866638530943,0.04851373619954051,0.09908663779181609,AlphaSparse 248af573c867cf4c7e05d40c611c7c34ebac4715,CUDA,13040,13000,2026-10-07T07:21:56.298791+00:00,derived,csr-alg5,0,0,,,,5,20,4,true
3,H100-SXM5-80GB-suitesparse_all-fp64-n2-row-major-AlphaSparse-SpMM-CSR-solve-only,AlphaSparse-SpMM-CSR-best-solve-only,AlphaSparseLib CSR PER MATRIX BEST,per-matrix-best,AlphaSparse-SpMM-CSR,best,solve-only,"csr-alg1,csr-alg2,csr-alg3,csr-alg4,csr-alg5",manual-selection,csr,ALPHASPARSE_SPMM_CSR_ALG5,workspace-setup,spmm.csr.fp64,fp64,H100-SXM5-80GB,H100-SXM5-80GB,,33500.0,29b699d9-dc3d-55c8-a1c7-29991a8141e8,suitesparse_all,DRIVCAV/cavity24,cavity24,4562,4562,138187,2,row-major,N,N,1.0,0.0,20260922,main,pass,pass,0,0,552748.0,0.012612,0.0092624001205,0.0218744001205,0.0098930001205,59.67654094068243,25.269172958118375,55.872636537687995,0.17813892818114158,0.07543036703915933,0.16678398966474028,AlphaSparse 248af573c867cf4c7e05d40c611c7c34ebac4715,CUDA,13040,13000,2026-10-08T14:55:02.031152+00:00,derived,csr-alg5,0,0,,,,5,20,4,true
3,H100-SXM5-80GB-suitesparse_all-fp64-n2-row-major-AlphaSparse-SpMM-CSR-solve-only,AlphaSparse-SpMM-CSR-best-solve-only,AlphaSparseLib CSR PER MATRIX BEST,per-matrix-best,AlphaSparse-SpMM-CSR,best,solve-only,"csr-alg1,csr-alg2,csr-alg3,csr-alg4,csr-alg5",manual-selection,csr,ALPHASPARSE_SPMM_CSR_ALG1,workspace-setup,spmm.csr.fp64,fp64,H100-SXM5-80GB,H100-SXM5-80GB,,33500.0,29b699d9-dc3d-55c8-a1c7-29991a8141e8,suitesparse_all,Dziekonski/dielFilterV3clx,dielFilterV3clx,420408,420408,32886208,2,row-major,N,N,1.0,0.0,20260922,main,pass,pass,0,0,131544832.0,0.019713,0.341531205177,0.361244205177,0.342516855177,385.16197057843175,364.14378449488635,384.0536020687873,1.1497372256072589,1.0869963716265263,1.1464286628919025,AlphaSparse 248af573c867cf4c7e05d40c611c7c34ebac4715,CUDA,13040,13000,2026-10-08T13:49:13.840889+00:00,derived,csr-alg1,0,0,,,,5,20,4,true
3,H100-SXM5-80GB-suitesparse_all-fp64-n2-row-major-AlphaSparse-SpMM-CSR-solve-only,AlphaSparse-SpMM-CSR-best-solve-only,AlphaSparseLib CSR PER MATRIX BEST,per-matrix-best,AlphaSparse-SpMM-CSR,best,solve-only,"csr-alg1,csr-alg2,csr-alg3,csr-alg4,csr-alg5",manual-selection,csr,ALPHASPARSE_SPMM_CSR_ALG1,workspace-setup,spmm.csr.fp64,fp64,H100-SXM5-80GB,H100-SXM5-80GB,,33500.0,dad5c024-9073-5674-80e8-1be5a06ccb57,suitesparse_all,Dziekonski/gsm_106857,gsm_106857,589446,589446,21758924,2,row-major,N,N,1.0,0.0,20260922,main,pass,pass,0,0,87035696.0,0.157924,0.220760011673,0.378684011673,0.228656211673,394.254807926543,229.83726092760628,380.63998070810896,1.1768800236613224,0.6860813759033023,1.1362387483824148,AlphaSparse 248af573c867cf4c7e05d40c611c7c34ebac4715,CUDA,13040,13000,2026-10-07T07:02:59.046494+00:00,derived,csr-alg1,0,0,,,,5,20,4,true
3,H100-SXM5-80GB-suitesparse_all-fp64-n2-row-major-AlphaSparse-SpMM-CSR-solve-only,AlphaSparse-SpMM-CSR-best-solve-only,AlphaSparseLib CSR PER MATRIX BEST,per-matrix-best,AlphaSparse-SpMM-CSR,best,solve-only,"csr-alg1,csr-alg2,csr-alg3,csr-alg4,csr-alg5",manual-selection,csr,ALPHASPARSE_SPMM_CSR_ALG5,workspace-setup,spmm.csr.fp64,fp64,H100-SXM5-80GB,H100-SXM5-80GB,,33500.0,29b699d9-dc3d-55c8-a1c7-29991a8141e8,suitesparse_all,FEMLAB/sme3Db,sme3Db,29067,29067,2081063,2,row-major,N,N,1.0,0.0,20260922,main,pass,pass,0,0,8324252.0,0.016882,0.0322320014238,0.0491140014238,0.0330761014238,258.2604750648032,169.488369073634,251.66968420317704,0.7709267912382185,0.5059354300705493,0.7512527886662002,AlphaSparse 248af573c867cf4c7e05d40c611c7c34ebac4715,CUDA,13040,13000,2026-10-08T14:55:57.200376+00:00,derived,csr-alg5,0,0,,,,5,20,4,true
3,H100-SXM5-80GB-suitesparse_all-fp64-n2-row-major-AlphaSparse-SpMM-CSR-solve-only,AlphaSparse-SpMM-CSR-best-solve-only,AlphaSparseLib CSR PER MATRIX BEST,per-matrix-best,AlphaSparse-SpMM-CSR,best,solve-only,"csr-alg1,csr-alg2,csr-alg3,csr-alg4,csr-alg5",manual-selection,csr,ALPHASPARSE_SPMM_CSR_ALG5,workspace-setup,spmm.csr.fp64,fp64,H100-SXM5-80GB,H100-SXM5-80GB,,33500.0,dad5c024-9073-5674-80e8-1be5a06ccb57,suitesparse_all,FIDAP/ex11,ex11,16614,16614,1096948,2,row-major,N,N,1.0,0.0,20260922,main,pass,pass,0,0,4387792.0,0.013484,0.0189648002386,0.0324488002386,0.0196390002386,231.36505234942095,135.22201029733083,223.42237113353133,0.6906419473117044,0.40364779193233086,0.6669324511448697,AlphaSparse 248af573c867cf4c7e05d40c611c7c34ebac4715,CUDA,13040,13000,2026-10-07T07:21:57.734738+00:00,derived,csr-alg5,0,0,,,,5,20,4,true
3,H100-SXM5-80GB-suitesparse_all-fp64-n2-row-major-AlphaSparse-SpMM-CSR-solve-only,AlphaSparse-SpMM-CSR-best-solve-only,AlphaSparseLib CSR PER MATRIX BEST,per-matrix-best,AlphaSparse-SpMM-CSR,best,solve-only,"csr-alg1,csr-alg2,csr-alg3,csr-alg4,csr-alg5",manual-selection,csr,ALPHASPARSE_SPMM_CSR_ALG2,workspace-setup,spmm.csr.fp64,fp64,H100-SXM5-80GB,H100-SXM5-80GB,,33500.0,29b699d9-dc3d-55c8-a1c7-29991a8141e8,suitesparse_all,FIDAP/ex22,ex22,839,839,22715,2,row-major,N,N,1.0,0.0,20260922,main,pass,pass,0,0,90860.0,0.009337,0.00882079973817,0.0181577997382,0.00928764973817,10.300653307752137,5.003910237475008,9.782883997723054,0.03074821882911086,0.014937045485000024,0.029202638799173296,AlphaSparse 248af573c867cf4c7e05d40c611c7c34ebac4715,CUDA,13040,13000,2026-10-08T14:16:28.902626+00:00,derived,csr-alg2,0,0,,,,5,20,4,true
3,H100-SXM5-80GB-suitesparse_all-fp64-n2-row-major-AlphaSparse-SpMM-CSR-solve-only,AlphaSparse-SpMM-CSR-best-solve-only,AlphaSparseLib CSR PER MATRIX BEST,per-matrix-best,AlphaSparse-SpMM-CSR,best,solve-only,"csr-alg1,csr-alg2,csr-alg3,csr-alg4,csr-alg5",manual-selection,csr,ALPHASPARSE_SPMM_CSR_ALG5,workspace-setup,spmm.csr.fp64,fp64,H100-SXM5-80GB,H100-SXM5-80GB,,33500.0,dad5c024-9073-5674-80e8-1be5a06ccb57,suitesparse_all,FIDAP/ex28,ex28,2603,2603,77781,2,row-major,N,N,1.0,0.0,20260922,main,pass,pass,0,0,311124.0,0.01038,0.00869920030236,0.0190792003024,0.00921820030236,35.76466677236934,16.306972780240862,33.75105658317573,0.1067601993205055,0.048677530687286155,0.10074942263634547,AlphaSparse 248af573c867cf4c7e05d40c611c7c34ebac4715,CUDA,13040,13000,2026-10-07T07:21:58.231874+00:00,derived,csr-alg5,0,0,,,,5,20,4,true
3,H100-SXM5-80GB-suitesparse_all-fp64-n2-row-major-AlphaSparse-SpMM-CSR-solve-only,AlphaSparse-SpMM-CSR-best-solve-only,AlphaSparseLib CSR PER MATRIX BEST,per-matrix-best,AlphaSparse-SpMM-CSR,best,solve-only,"csr-alg1,csr-alg2,csr-alg3,csr-alg4,csr-alg5",manual-selection,csr,ALPHASPARSE_SPMM_CSR_ALG5,workspace-setup,spmm.csr.fp64,fp64,H100-SXM5-80GB,H100-SXM5-80GB,,33500.0,29b699d9-dc3d-55c8-a1c7-29991a8141e8,suitesparse_all,FIDAP/ex40,ex40,7740,7740,458012,2,row-major,N,N,1.0,0.0,20260922,main,pass,pass,0,0,1832048.0,0.013791,0.0123727999628,0.0261637999628,0.0130623499628,148.0706069368475,70.02224457474937,140.25408944159756,0.4420018117517836,0.20902162559626675,0.4186689237062614,AlphaSparse 248af573c867cf4c7e05d40c611c7c34ebac4715,CUDA,13040,13000,2026-10-08T14:55:03.848345+00:00,derived,csr-alg5,0,0,,,,5,20,4,true
3,H100-SXM5-80GB-suitesparse_all-fp64-n2-row-major-AlphaSparse-SpMM-CSR-solve-only,AlphaSparse-SpMM-CSR-best-solve-only,AlphaSparseLib CSR PER MATRIX BEST,per-matrix-best,AlphaSparse-SpMM-CSR,best,solve-only,"csr-alg1,csr-alg2,csr-alg3,csr-alg4,csr-alg5",manual-selection,csr,ALPHASPARSE_SPMM_CSR_ALG5,workspace-setup,spmm.csr.fp64,fp64,H100-SXM5-80GB,H100-SXM5-80GB,,33500.0,29b699d9-dc3d-55c8-a1c7-29991a8141e8,suitesparse_all,FlowIPM22/Spielman_k600,Spielman_k600,72180402,72180402,216902404,2,row-major,N,N,1.0,0.0,20260922,main,pass,pass,0,0,867609616.0,0.193462,5.17735214233,5.37081414233,5.18702524233,167.57786454323417,161.54154528676506,167.26535450794756,0.5002324314723408,0.48221356802019416,0.4992995656953658,AlphaSparse 248af573c867cf4c7e05d40c611c7c34ebac4715,CUDA,13040,13000,2026-10-08T15:07:49.951671+00:00,derived,csr-alg5,0,0,,,,5,20,4,true
3,H100-SXM5-80GB-suitesparse_all-fp64-n2-row-major-AlphaSparse-SpMM-CSR-solve-only,AlphaSparse-SpMM-CSR-best-solve-only,AlphaSparseLib CSR PER MATRIX BEST,per-matrix-best,AlphaSparse-SpMM-CSR,best,solve-only,"csr-alg1,csr-alg2,csr-alg3,csr-alg4,csr-alg5",manual-selection,csr,ALPHASPARSE_SPMM_CSR_ALG5,workspace-setup,spmm.csr.fp64,fp64,H100-SXM5-80GB,H100-SXM5-80GB,,33500.0,29b699d9-dc3d-55c8-a1c7-29991a8141e8,suitesparse_all,Freescale/transient,transient,178866,178866,961790,2,row-major,N,N,1.0,0.0,20260922,main,pass,pass,0,0,3847160.0,0.019321,0.0210015997291,0.0403225997291,0.0219676497291,183.18414071425912,95.40952284442074,175.12842964278343,0.5468183304903257,0.28480454580424097,0.5227714317695028,AlphaSparse 248af573c867cf4c7e05d40c611c7c34ebac4715,CUDA,13040,13000,2026-10-08T14:58:17.850438+00:00,derived,csr-alg5,0,0,,,,5,20,4,true
3,H100-SXM5-80GB-suitesparse_all-fp64-n2-row-major-AlphaSparse-SpMM-CSR-solve-only,AlphaSparse-SpMM-CSR-best-solve-only,AlphaSparseLib CSR PER MATRIX BEST,per-matrix-best,AlphaSparse-SpMM-CSR,best,solve-only,"csr-alg1,csr-alg2,csr-alg3,csr-alg4,csr-alg5",manual-selection,csr,ALPHASPARSE_SPMM_CSR_ALG1,workspace-setup,spmm.csr.fp64,fp64,H100-SXM5-80GB,H100-SXM5-80GB,,33500.0,dad5c024-9073-5674-80e8-1be5a06ccb57,suitesparse_all,Gaertner/big,big,13209,13209,91465,2,row-major,N,N,1.0,0.0,20260922,main,pass,pass,0,0,365860.0,0.010106,0.00532639995217,0.0154323999522,0.00583169995217,68.68804507459996,23.707265307613024,62.736423855939634,0.20503894052119387,0.07076795614212843,0.18727290703265562,AlphaSparse 248af573c867cf4c7e05d40c611c7c34ebac4715,CUDA,13040,13000,2026-10-07T07:00:01.961360+00:00,derived,csr-alg1,0,0,,,,5,20,4,true
3,H100-SXM5-80GB-suitesparse_all-fp64-n2-row-major-AlphaSparse-SpMM-CSR-solve-only,AlphaSparse-SpMM-CSR-best-solve-only,AlphaSparseLib CSR PER MATRIX BEST,per-matrix-best,AlphaSparse-SpMM-CSR,best,solve-only,"csr-alg1,csr-alg2,csr-alg3,csr-alg4,csr-alg5",manual-selection,csr,ALPHASPARSE_SPMM_CSR_ALG5,workspace-setup,spmm.csr.fp64,fp64,H100-SXM5-80GB,H100-SXM5-80GB,,33500.0,dad5c024-9073-5674-80e8-1be5a06ccb57,suitesparse_all,GenBank/kmer_V2a,kmer_V2a,55042369,55042369,117217600,2,row-major,N,N,1.0,0.0,20260922,main,pass,pass,0,0,468870400.0,0.207289,4.08147850037,4.28876750037,4.09184295037,114.87758662883934,109.32520822346973,114.58660698539344,0.34291816904131145,0.32634390514468575,0.3420495730907267,AlphaSparse 248af573c867cf4c7e05d40c611c7c34ebac4715,CUDA,13040,13000,2026-10-07T07:26:33.783273+00:00,derived,csr-alg5,0,0,,,,5,20,4,true
3,H100-SXM5-80GB-suitesparse_all-fp64-n2-row-major-AlphaSparse-SpMM-CSR-solve-only,AlphaSparse-SpMM-CSR-best-solve-only,AlphaSparseLib CSR PER MATRIX BEST,per-matrix-best,AlphaSparse-SpMM-CSR,best,solve-only,"csr-alg1,csr-alg2,csr-alg3,csr-alg4,csr-alg5",manual-selection,csr,ALPHASPARSE_SPMM_CSR_ALG1,workspace-setup,spmm.csr.fp64,fp64,H100-SXM5-80GB,H100-SXM5-80GB,,33500.0,29b699d9-dc3d-55c8-a1c7-29991a8141e8,suitesparse_all,GHS_indef/bmw3_2,bmw3_2,227362,227362,11288630,2,row-major,N,N,1.0,0.0,20260922,main,pass,pass,0,0,45154520.0,0.0177,0.155095994473,0.172795994473,0.155980994473,291.13917579516055,261.31693699101083,289.48731960941666,0.869072166552718,0.7800505581821219,0.8641412525654227,AlphaSparse 248af573c867cf4c7e05d40c611c7c34ebac4715,CUDA,13040,13000,2026-10-08T13:47:04.493555+00:00,derived,csr-alg1,0,0,,,,5,20,4,true
3,H100-SXM5-80GB-suitesparse_all-fp64-n2-row-major-AlphaSparse-SpMM-CSR-solve-only,AlphaSparse-SpMM-CSR-best-solve-only,AlphaSparseLib CSR PER MATRIX BEST,per-matrix-best,AlphaSparse-SpMM-CSR,best,solve-only,"csr-alg1,csr-alg2,csr-alg3,csr-alg4,csr-alg5",manual-selection,csr,ALPHASPARSE_SPMM_CSR_ALG1,workspace-setup,spmm.csr.fp64,fp64,H100-SXM5-80GB,H100-SXM5-80GB,,33500.0,29b699d9-dc3d-55c8-a1c7-29991a8141e8,suitesparse_all,GHS_indef/bratu3d,bratu3d,27792,27792,173796,2,row-major,N,N,1.0,0.0,20260922,main,pass,pass,0,0,695184.0,0.014045,0.00479039996862,0.0188353999686,0.00549264996862,145.12024143158675,36.90837471776139,126.56623013875786,0.43319475054205,0.11017425288883996,0.3778096422052474,AlphaSparse 248af573c867cf4c7e05d40c611c7c34ebac4715,CUDA,13040,13000,2026-10-08T13:47:31.456450+00:00,derived,csr-alg1,0,0,,,,5,20,4,true
3,H100-SXM5-80GB-suitesparse_all-fp64-n2-row-major-AlphaSparse-SpMM-CSR-solve-only,AlphaSparse-SpMM-CSR-best-solve-only,AlphaSparseLib CSR PER MATRIX BEST,per-matrix-best,AlphaSparse-SpMM-CSR,best,solve-only,"csr-alg1,csr-alg2,csr-alg3,csr-alg4,csr-alg5",manual-selection,csr,ALPHASPARSE_SPMM_CSR_ALG5,workspace-setup,spmm.csr.fp64,fp64,H100-SXM5-80GB,H100-SXM5-80GB,,33500.0,dad5c024-9073-5674-80e8-1be5a06ccb57,suitesparse_all,GHS_indef/c-68,c-68,64810,64810,566006,2,row-major,N,N,1.0,0.0,20260922,main,pass,pass,0,0,2264024.0,0.019155,0.0164816007018,0.0356366007018,0.0174393507018,137.3667546594998,63.53086308497558,129.8227232603516,0.4100500139089546,0.18964436741783755,0.3875305171950794,AlphaSparse 248af573c867cf4c7e05d40c611c7c34ebac4715,CUDA,13040,13000,2026-10-07T07:22:33.750298+00:00,derived,csr-alg5,0,0,,,,5,20,4,true
3,H100-SXM5-80GB-suitesparse_all-fp64-n2-row-major-AlphaSparse-SpMM-CSR-solve-only,AlphaSparse-SpMM-CSR-best-solve-only,AlphaSparseLib CSR PER MATRIX BEST,per-matrix-best,AlphaSparse-SpMM-CSR,best,solve-only,"csr-alg1,csr-alg2,csr-alg3,csr-alg4,csr-alg5",manual-selection,csr,ALPHASPARSE_SPMM_CSR_ALG5,workspace-setup,spmm.csr.fp64,fp64,H100-SXM5-80GB,H100-SXM5-80GB,,33500.0,29b699d9-dc3d-55c8-a1c7-29991a8141e8,suitesparse_all,GHS_indef/exdata_1,exdata_1,6001,6001,2269501,2,row-major,N,N,1.0,0.0,20260922,main,pass,pass,0,0,9078004.0,0.013666,0.0367871999741,0.0504531999741,0.0374704999741,246.77072477359954,179.92920180801548,242.27069311257685,0.736629029174924,0.5371020949493,0.723196098843513,AlphaSparse 248af573c867cf4c7e05d40c611c7c34ebac4715,CUDA,13040,13000,2026-10-08T14:56:34.554467+00:00,derived,csr-alg5,0,0,,,,5,20,4,true
3,H100-SXM5-80GB-suitesparse_all-fp64-n2-row-major-AlphaSparse-SpMM-CSR-solve-only,AlphaSparse-SpMM-CSR-best-solve-only,AlphaSparseLib CSR PER MATRIX BEST,per-matrix-best,AlphaSparse-SpMM-CSR,best,solve-only,"csr-alg1,csr-alg2,csr-alg3,csr-alg4,csr-alg5",manual-selection,csr,ALPHASPARSE_SPMM_CSR_ALG1,workspace-setup,spmm.csr.fp64,fp64,H100-SXM5-80GB,H100-SXM5-80GB,,33500.0,dad5c024-9073-5674-80e8-1be5a06ccb57,suitesparse_all,GHS_indef/mario002,mario002,389874,389874,2101242,2,row-major,N,N,1.0,0.0,20260922,main,pass,pass,0,0,8404968.0,0.01896,0.0231999993324,0.0421599993324,0.0241479993324,362.2831138732848,199.35882668624174,348.0606357613583,1.0814421309650293,0.5951009751828112,1.0389869724219651,AlphaSparse 248af573c867cf4c7e05d40c611c7c34ebac4715,CUDA,13040,13000,2026-10-07T07:00:46.892958+00:00,derived,csr-alg1,0,0,,,,5,20,4,true
3,H100-SXM5-80GB-suitesparse_all-fp64-n2-row-major-AlphaSparse-SpMM-CSR-solve-only,AlphaSparse-SpMM-CSR-best-solve-only,AlphaSparseLib CSR PER MATRIX BEST,per-matrix-best,AlphaSparse-SpMM-CSR,best,solve-only,"csr-alg1,csr-alg2,csr-alg3,csr-alg4,csr-alg5",manual-selection,csr,ALPHASPARSE_SPMM_CSR_ALG1,workspace-setup,spmm.csr.fp64,fp64,H100-SXM5-80GB,H100-SXM5-80GB,,33500.0,dad5c024-9073-5674-80e8-1be5a06ccb57,suitesparse_all,GHS_indef/ncvxqp3,ncvxqp3,75000,75000,499964,2,row-major,N,N,1.0,0.0,20260922,main,pass,pass,0,0,1999856.0,0.018567,0.0085391998291,0.0271061998291,0.0094675498291,234.1971191709162,73.77854559505771,211.23268808716793,0.6990958781221379,0.2202344644628588,0.6305453375736356,AlphaSparse 248af573c867cf4c7e05d40c611c7c34ebac4715,CUDA,13040,13000,2026-10-07T07:00:54.024171+00:00,derived,csr-alg1,0,0,,,,5,20,4,true
3,H100-SXM5-80GB-suitesparse_all-fp64-n2-row-major-AlphaSparse-SpMM-CSR-solve-only,AlphaSparse-SpMM-CSR-best-solve-only,AlphaSparseLib CSR PER MATRIX BEST,per-matrix-best,AlphaSparse-SpMM-CSR,best,solve-only,"csr-alg1,csr-alg2,csr-alg3,csr-alg4,csr-alg5",manual-selection,csr,ALPHASPARSE_SPMM_CSR_ALG1,workspace-setup,spmm.csr.fp64,fp64,H100-SXM5-80GB,H100-SXM5-80GB,,33500.0,29b699d9-dc3d-55c8-a1c7-29991a8141e8,suitesparse_all,GHS_indef/qpband,qpband,20000,20000,45000,2,row-major,N,N,1.0,0.0,20260922,main,pass,pass,0,0,180000.0,0.009037,0.00351359993219,0.0125505999322,0.00396544993219,51.22950918541468,14.341943888928322,45.39207481573002,0.15292390801616323,0.04281177280277111,0.13549873079322394,AlphaSparse 248af573c867cf4c7e05d40c611c7c34ebac4715,CUDA,13040,13000,2026-10-08T13:47:51.368779+00:00,derived,csr-alg1,0,0,,,,5,20,4,true
3,H100-SXM5-80GB-suitesparse_all-fp64-n2-row-major-AlphaSparse-SpMM-CSR-solve-only,AlphaSparse-SpMM-CSR-best-solve-only,AlphaSparseLib CSR PER MATRIX BEST,per-matrix-best,AlphaSparse-SpMM-CSR,best,solve-only,"csr-alg1,csr-alg2,csr-alg3,csr-alg4,csr-alg5",manual-selection,csr,ALPHASPARSE_SPMM_CSR_ALG1,workspace-setup,spmm.csr.fp64,fp64,H100-SXM5-80GB,H100-SXM5-80GB,,33500.0,29b699d9-dc3d-55c8-a1c7-29991a8141e8,suitesparse_all,GHS_indef/turon_m,turon_m,189924,189924,1690876,2,row-major,N,N,1.0,0.0,20260922,main,pass,pass,0,0,6763504.0,0.019442,0.0141424000263,0.0335844000263,0.0151145000263,478.2430130262338,201.38826344086806,447.4844677780382,1.4275910836603996,0.6011589953458748,1.335774530680711,AlphaSparse 248af573c867cf4c7e05d40c611c7c34ebac4715,CUDA,13040,13000,2026-10-08T13:47:07.272520+00:00,derived,csr-alg1,0,0,,,,5,20,4,true
3,H100-SXM5-80GB-suitesparse_all-fp64-n2-row-major-AlphaSparse-SpMM-CSR-solve-only,AlphaSparse-SpMM-CSR-best-solve-only,AlphaSparseLib CSR PER MATRIX BEST,per-matrix-best,AlphaSparse-SpMM-CSR,best,solve-only,"csr-alg1,csr-alg2,csr-alg3,csr-alg4,csr-alg5",manual-selection,csr,ALPHASPARSE_SPMM_CSR_ALG5,workspace-setup,spmm.csr.fp64,fp64,H100-SXM5-80GB,H100-SXM5-80GB,,33500.0,dad5c024-9073-5674-80e8-1be5a06ccb57,suitesparse_all,GHS_psdef/crankseg_1,crankseg_1,52804,52804,10614210,2,row-major,N,N,1.0,0.0,20260922,main,pass,pass,0,0,42456840.0,0.017871,0.131121599674,0.148992599674,0.132015149674,323.79745294107124,284.9593878682348,321.6058164903308,0.9665595610181231,0.8506250384126411,0.960017362657704,AlphaSparse 248af573c867cf4c7e05d40c611c7c34ebac4715,CUDA,13040,13000,2026-10-07T07:22:40.411408+00:00,derived,csr-alg5,0,0,,,,5,20,4,true
3,H100-SXM5-80GB-suitesparse_all-fp64-n2-row-major-AlphaSparse-SpMM-CSR-solve-only,AlphaSparse-SpMM-CSR-best-solve-only,AlphaSparseLib CSR PER MATRIX BEST,per-matrix-best,AlphaSparse-SpMM-CSR,best,solve-only,"csr-alg1,csr-alg2,csr-alg3,csr-alg4,csr-alg5",manual-selection,csr,ALPHASPARSE_SPMM_CSR_ALG5,workspace-setup,spmm.csr.fp64,fp64,H100-SXM5-80GB,H100-SXM5-80GB,,33500.0,29b699d9-dc3d-55c8-a1c7-29991a8141e8,suitesparse_all,GHS_psdef/inline_1,inline_1,503712,503712,36816342,2,row-major,N,N,1.0,0.0,20260922,main,pass,pass,0,0,147265368.0,0.157547,0.571681594849,0.729228594849,0.579558944849,257.6003308955532,201.94678190107717,254.0990339444575,0.768956211628517,0.6028262146300811,0.7585045789386791,AlphaSparse 248af573c867cf4c7e05d40c611c7c34ebac4715,CUDA,13040,13000,2026-10-08T14:56:57.084875+00:00,derived,csr-alg5,0,0,,,,5,20,4,true
3,H100-SXM5-80GB-suitesparse_all-fp64-n2-row-major-AlphaSparse-SpMM-CSR-solve-only,AlphaSparse-SpMM-CSR-best-solve-only,AlphaSparseLib CSR PER MATRIX BEST,per-matrix-best,AlphaSparse-SpMM-CSR,best,solve-only,"csr-alg1,csr-alg2,csr-alg3,csr-alg4,csr-alg5",manual-selection,csr,ALPHASPARSE_SPMM_CSR_ALG1,workspace-setup,spmm.csr.fp64,fp64,H100-SXM5-80GB,H100-SXM5-80GB,,33500.0,dad5c024-9073-5674-80e8-1be5a06ccb57,suitesparse_all,GHS_psdef/pwt,pwt,36519,36519,326107,2,row-major,N,N,1.0,0.0,20260922,main,pass,pass,0,0,1304428.0,0.015349,0.00623839981854,0.0215873998185,0.00700584981854,209.09656930345338,60.4254338626799,186.19125927421595,0.6241688635923981,0.18037442944083554,0.5557948038036298,AlphaSparse 248af573c867cf4c7e05d40c611c7c34ebac4715,CUDA,13040,13000,2026-10-07T07:00:52.664728+00:00,derived,csr-alg1,0,0,,,,5,20,4,true
3,H100-SXM5-80GB-suitesparse_all-fp64-n2-row-major-AlphaSparse-SpMM-CSR-solve-only,AlphaSparse-SpMM-CSR-best-solve-only,AlphaSparseLib CSR PER MATRIX BEST,per-matrix-best,AlphaSparse-SpMM-CSR,best,solve-only,"csr-alg1,csr-alg2,csr-alg3,csr-alg4,csr-alg5",manual-selection,csr,ALPHASPARSE_SPMM_CSR_ALG1,workspace-setup,spmm.csr.fp64,fp64,H100-SXM5-80GB,H100-SXM5-80GB,,33500.0,29b699d9-dc3d-55c8-a1c7-29991a8141e8,suitesparse_all,GHS_psdef/torsion1,torsion1,40000,40000,197608,2,row-major,N,N,1.0,0.0,20260922,main,pass,pass,0,0,790432.0,0.013684,0.00451040007174,0.0181944000717,0.00519460007174,175.2465385393343,43.44369679050076,152.16416838327157,0.5231239956398038,0.12968267698656943,0.45422139815901963,AlphaSparse 248af573c867cf4c7e05d40c611c7c34ebac4715,CUDA,13040,13000,2026-10-08T13:47:32.067930+00:00,derived,csr-alg1,0,0,,,,5,20,4,true
3,H100-SXM5-80GB-suitesparse_all-fp64-n2-row-major-AlphaSparse-SpMM-CSR-solve-only,AlphaSparse-SpMM-CSR-best-solve-only,AlphaSparseLib CSR PER MATRIX BEST,per-matrix-best,AlphaSparse-SpMM-CSR,best,solve-only,"csr-alg1,csr-alg2,csr-alg3,csr-alg4,csr-alg5",manual-selection,csr,ALPHASPARSE_SPMM_CSR_ALG1,workspace-setup,spmm.csr.fp64,fp64,H100-SXM5-80GB,H100-SXM5-80GB,,33500.0,dad5c024-9073-5674-80e8-1be5a06ccb57,suitesparse_all,GHS_psdef/wathen120,wathen120,36441,36441,565761,2,row-major,N,N,1.0,0.0,20260922,main,pass,pass,0,0,2263044.0,0.013497,0.00784799978137,0.0213449997814,0.00852284978137,288.35933525025507,106.02220769156497,265.5266792272652,0.8607741350753882,0.31648420206437305,0.7926169529172096,AlphaSparse 248af573c867cf4c7e05d40c611c7c34ebac4715,CUDA,13040,13000,2026-10-07T07:00:53.399406+00:00,derived,csr-alg1,0,0,,,,5,20,4,true
3,H100-SXM5-80GB-suitesparse_all-fp64-n2-row-major-AlphaSparse-SpMM-CSR-solve-only,AlphaSparse-SpMM-CSR-best-solve-only,AlphaSparseLib CSR PER MATRIX BEST,per-matrix-best,AlphaSparse-SpMM-CSR,best,solve-only,"csr-alg1,csr-alg2,csr-alg3,csr-alg4,csr-alg5",manual-selection,csr,ALPHASPARSE_SPMM_CSR_ALG5,workspace-setup,spmm.csr.fp64,fp64,H100-SXM5-80GB,H100-SXM5-80GB,,33500.0,29b699d9-dc3d-55c8-a1c7-29991a8141e8,suitesparse_all,Gleich/wikipedia-20051105,wikipedia-20051105,1634989,1634989,19753078,2,row-major,N,N,1.0,0.0,20260922,main,pass,pass,0,0,79012312.0,0.150665,0.333531188965,0.484196188965,0.341064438965,236.8963221856034,163.18243265997987,231.6638821677573,0.70715320055404,0.48711173928352197,0.691533976620171,AlphaSparse 248af573c867cf4c7e05d40c611c7c34ebac4715,CUDA,13040,13000,2026-10-08T14:57:52.837475+00:00,derived,csr-alg5,0,0,,,,5,20,4,true
3,H100-SXM5-80GB-suitesparse_all-fp64-n2-row-major-AlphaSparse-SpMM-CSR-solve-only,AlphaSparse-SpMM-CSR-best-solve-only,AlphaSparseLib CSR PER MATRIX BEST,per-matrix-best,AlphaSparse-SpMM-CSR,best,solve-only,"csr-alg1,csr-alg2,csr-alg3,csr-alg4,csr-alg5",manual-selection,csr,ALPHASPARSE_SPMM_CSR_ALG5,workspace-setup,spmm.csr.fp64,fp64,H100-SXM5-80GB,H100-SXM5-80GB,,33500.0,29b699d9-dc3d-55c8-a1c7-29991a8141e8,suitesparse_all,Goodwin/Goodwin_017,Goodwin_017,3317,3317,97773,2,row-major,N,N,1.0,0.0,20260922,main,pass,pass,0,0,391092.0,0.011722,0.00911839976907,0.0208403997691,0.00970449976907,42.89042045805019,18.76605076356889,40.30006793822399,0.1280311058449259,0.05601806198080266,0.1202987102633552,AlphaSparse 248af573c867cf4c7e05d40c611c7c34ebac4715,CUDA,13040,13000,2026-10-08T15:04:13.469705+00:00,derived,csr-alg5,0,0,,,,5,20,4,true
3,H100-SXM5-80GB-suitesparse_all-fp64-n2-row-major-AlphaSparse-SpMM-CSR-solve-only,AlphaSparse-SpMM-CSR-best-solve-only,AlphaSparseLib CSR PER MATRIX BEST,per-matrix-best,AlphaSparse-SpMM-CSR,best,solve-only,"csr-alg1,csr-alg2,csr-alg3,csr-alg4,csr-alg5",manual-selection,csr,ALPHASPARSE_SPMM_CSR_ALG1,workspace-setup,spmm.csr.fp64,fp64,H100-SXM5-80GB,H100-SXM5-80GB,,33500.0,dad5c024-9073-5674-80e8-1be5a06ccb57,suitesparse_all,Goodwin/Goodwin_095,Goodwin_095,100037,100037,3226066,2,row-major,N,N,1.0,0.0,20260922,main,pass,pass,0,0,12904264.0,0.019649,0.0403391987085,0.0599881987085,0.0413216487085,319.89390997201195,215.1133769277779,312.28821703199736,0.9549071939463043,0.6421294833665011,0.9322036329313355,AlphaSparse 248af573c867cf4c7e05d40c611c7c34ebac4715,CUDA,13040,13000,2026-10-07T07:04:46.236550+00:00,derived,csr-alg1,0,0,,,,5,20,4,true
3,H100-SXM5-80GB-suitesparse_all-fp64-n2-row-major-AlphaSparse-SpMM-CSR-solve-only,AlphaSparse-SpMM-CSR-best-solve-only,AlphaSparseLib CSR PER MATRIX BEST,per-matrix-best,AlphaSparse-SpMM-CSR,best,solve-only,"csr-alg1,csr-alg2,csr-alg3,csr-alg4,csr-alg5",manual-selection,csr,ALPHASPARSE_SPMM_CSR_ALG1,workspace-setup,spmm.csr.fp64,fp64,H100-SXM5-80GB,H100-SXM5-80GB,,33500.0,29b699d9-dc3d-55c8-a1c7-29991a8141e8,suitesparse_all,Grund/b_dyn,b_dyn,1089,1089,4264,2,row-major,N,N,1.0,0.0,20260922,main,pass,pass,0,0,17056.0,0.00982,0.00499680005014,0.0148168000501,0.00548780005014,3.4133845318709772,1.151125745257316,3.1079849564790325,0.010189207557823814,0.003436196254499451,0.00927756703426577,AlphaSparse 248af573c867cf4c7e05d40c611c7c34ebac4715,CUDA,13040,13000,2026-10-08T13:45:52.774075+00:00,derived,csr-alg1,0,0,,,,5,20,4,true
3,H100-SXM5-80GB-suitesparse_all-fp64-n2-row-major-AlphaSparse-SpMM-CSR-solve-only,AlphaSparse-SpMM-CSR-best-solve-only,AlphaSparseLib CSR PER MATRIX BEST,per-matrix-best,AlphaSparse-SpMM-CSR,best,solve-only,"csr-alg1,csr-alg2,csr-alg3,csr-alg4,csr-alg5",manual-selection,csr,ALPHASPARSE_SPMM_CSR_ALG3,workspace-setup,spmm.csr.fp64,fp64,H100-SXM5-80GB,H100-SXM5-80GB,,33500.0,dad5c024-9073-5674-80e8-1be5a06ccb57,suitesparse_all,Grund/bayer06,bayer06,3008,3008,27576,2,row-major,N,N,1.0,0.0,20260922,main,pass,pass,0,0,110304.0,0.008477,0.00935359969735,0.0178305996974,0.00977744969735,11.7926791362742,6.1862193011984985,11.281469443907843,0.0352020272724603,0.018466326272234324,0.03367602819076968,AlphaSparse 248af573c867cf4c7e05d40c611c7c34ebac4715,CUDA,13040,13000,2026-10-07T07:10:54.938527+00:00,derived,csr-alg3,0,0,,,,5,20,4,true
3,H100-SXM5-80GB-suitesparse_all-fp64-n2-row-major-AlphaSparse-SpMM-CSR-solve-only,AlphaSparse-SpMM-CSR-best-solve-only,AlphaSparseLib CSR PER MATRIX BEST,per-matrix-best,AlphaSparse-SpMM-CSR,best,solve-only,"csr-alg1,csr-alg2,csr-alg3,csr-alg4,csr-alg5",manual-selection,csr,ALPHASPARSE_SPMM_CSR_ALG3,workspace-setup,spmm.csr.fp64,fp64,H100-SXM5-80GB,H100-SXM5-80GB,,33500.0,29b699d9-dc3d-55c8-a1c7-29991a8141e8,suitesparse_all,Grund/poli,poli,4008,4008,8188,2,row-major,N,N,1.0,0.0,20260922,main,pass,pass,0,0,32752.0,0.009187,0.00925600007176,0.0184430000718,0.00971535007176,3.5384615110285225,1.7758499090437552,3.3711600465331206,0.010562571674712008,0.0053010445046082245,0.010063164318009315,AlphaSparse 248af573c867cf4c7e05d40c611c7c34ebac4715,CUDA,13040,13000,2026-10-08T14:29:16.721062+00:00,derived,csr-alg3,0,0,,,,5,20,4,true
3,H100-SXM5-80GB-suitesparse_all-fp64-n2-row-major-AlphaSparse-SpMM-CSR-solve-only,AlphaSparse-SpMM-CSR-best-solve-only,AlphaSparseLib CSR PER MATRIX BEST,per-matrix-best,AlphaSparse-SpMM-CSR,best,solve-only,"csr-alg1,csr-alg2,csr-alg3,csr-alg4,csr-alg5",manual-selection,csr,ALPHASPARSE_SPMM_CSR_ALG1,workspace-setup,spmm.csr.fp64,fp64,H100-SXM5-80GB,H100-SXM5-80GB,,33500.0,dad5c024-9073-5674-80e8-1be5a06ccb57,suitesparse_all,Gset/G13,G13,800,800,3200,2,row-major,N,N,1.0,0.0,20260922,main,pass,pass,0,0,12800.0,0.009236,0.00345759987831,0.0126935998783,0.00391939987831,3.7019899498192843,1.0083821865128972,3.2658060921100023,0.011050716268117267,0.0030100960791429768,0.009748674901820902,AlphaSparse 248af573c867cf4c7e05d40c611c7c34ebac4715,CUDA,13040,13000,2026-10-07T07:00:03.280009+00:00,derived,csr-alg1,0,0,,,,5,20,4,true
3,H100-SXM5-80GB-suitesparse_all-fp64-n2-row-major-AlphaSparse-SpMM-CSR-solve-only,AlphaSparse-SpMM-CSR-best-solve-only,AlphaSparseLib CSR PER MATRIX BEST,per-matrix-best,AlphaSparse-SpMM-CSR,best,solve-only,"csr-alg1,csr-alg2,csr-alg3,csr-alg4,csr-alg5",manual-selection,csr,ALPHASPARSE_SPMM_CSR_ALG5,workspace-setup,spmm.csr.fp64,fp64,H100-SXM5-80GB,H100-SXM5-80GB,,33500.0,29b699d9-dc3d-55c8-a1c7-29991a8141e8,suitesparse_all,Gset/G22,G22,2000,2000,39980,2,row-major,N,N,1.0,0.0,20260922,main,pass,pass,0,0,159920.0,0.010476,0.00917600020766,0.0196520002077,0.00969980020766,17.428072840114034,8.137594051995814,16.486937522044016,0.05202409803019114,0.02429132552834571,0.04921473887177318,AlphaSparse 248af573c867cf4c7e05d40c611c7c34ebac4715,CUDA,13040,13000,2026-10-08T14:55:06.004147+00:00,derived,csr-alg5,0,0,,,,5,20,4,true
3,H100-SXM5-80GB-suitesparse_all-fp64-n2-row-major-AlphaSparse-SpMM-CSR-solve-only,AlphaSparse-SpMM-CSR-best-solve-only,AlphaSparseLib CSR PER MATRIX BEST,per-matrix-best,AlphaSparse-SpMM-CSR,best,solve-only,"csr-alg1,csr-alg2,csr-alg3,csr-alg4,csr-alg5",manual-selection,csr,ALPHASPARSE_SPMM_CSR_ALG5,workspace-setup,spmm.csr.fp64,fp64,H100-SXM5-80GB,H100-SXM5-80GB,,33500.0,dad5c024-9073-5674-80e8-1be5a06ccb57,suitesparse_all,Gset/G28,G28,2000,2000,39980,2,row-major,N,N,1.0,0.0,20260922,main,pass,pass,0,0,159920.0,0.009573,0.00884480029345,0.0184178002934,0.00932345029345,18.080679573786245,8.682904443116758,17.15244839266731,0.053972177832197744,0.025919117740647042,0.05120133848557405,AlphaSparse 248af573c867cf4c7e05d40c611c7c34ebac4715,CUDA,13040,13000,2026-10-07T07:22:00.068753+00:00,derived,csr-alg5,0,0,,,,5,20,4,true
3,H100-SXM5-80GB-suitesparse_all-fp64-n2-row-major-AlphaSparse-SpMM-CSR-solve-only,AlphaSparse-SpMM-CSR-best-solve-only,AlphaSparseLib CSR PER MATRIX BEST,per-matrix-best,AlphaSparse-SpMM-CSR,best,solve-only,"csr-alg1,csr-alg2,csr-alg3,csr-alg4,csr-alg5",manual-selection,csr,ALPHASPARSE_SPMM_CSR_ALG3,workspace-setup,spmm.csr.fp64,fp64,H100-SXM5-80GB,H100-SXM5-80GB,,33500.0,29b699d9-dc3d-55c8-a1c7-29991a8141e8,suitesparse_all,Gset/G37,G37,2000,2000,23570,2,row-major,N,N,1.0,0.0,20260922,main,pass,pass,0,0,94280.0,0.009241,0.00907199978828,0.0183129997883,0.00953404978828,10.392416468285099,5.148255397252534,9.888767322769423,0.0310221387112988,0.015367926558962786,0.02951870842617738,AlphaSparse 248af573c867cf4c7e05d40c611c7c34ebac4715,CUDA,13040,13000,2026-10-08T14:29:17.602194+00:00,derived,csr-alg3,0,0,,,,5,20,4,true
3,H100-SXM5-80GB-suitesparse_all-fp64-n2-row-major-AlphaSparse-SpMM-CSR-solve-only,AlphaSparse-SpMM-CSR-best-solve-only,AlphaSparseLib CSR PER MATRIX BEST,per-matrix-best,AlphaSparse-SpMM-CSR,best,solve-only,"csr-alg1,csr-alg2,csr-alg3,csr-alg4,csr-alg5",manual-selection,csr,ALPHASPARSE_SPMM_CSR_ALG5,workspace-setup,spmm.csr.fp64,fp64,H100-SXM5-80GB,H100-SXM5-80GB,,33500.0,dad5c024-9073-5674-80e8-1be5a06ccb57,suitesparse_all,Gset/G42,G42,2000,2000,23558,2,row-major,N,N,1.0,0.0,20260922,main,pass,pass,0,0,94232.0,0.009236,0.0091055996716,0.0183415996716,0.0095673996716,10.34879671834309,5.137610769354438,9.849280184219706,0.030891930502516686,0.015336151550311757,0.029400836370805095,AlphaSparse 248af573c867cf4c7e05d40c611c7c34ebac4715,CUDA,13040,13000,2026-10-07T07:22:00.595419+00:00,derived,csr-alg5,0,0,,,,5,20,4,true
3,H100-SXM5-80GB-suitesparse_all-fp64-n2-row-major-AlphaSparse-SpMM-CSR-solve-only,AlphaSparse-SpMM-CSR-best-solve-only,AlphaSparseLib CSR PER MATRIX BEST,per-matrix-best,AlphaSparse-SpMM-CSR,best,solve-only,"csr-alg1,csr-alg2,csr-alg3,csr-alg4,csr-alg5",manual-selection,csr,ALPHASPARSE_SPMM_CSR_ALG5,workspace-setup,spmm.csr.fp64,fp64,H100-SXM5-80GB,H100-SXM5-80GB,,33500.0,29b699d9-dc3d-55c8-a1c7-29991a8141e8,suitesparse_all,Gset/G51,G51,1000,1000,11818,2,row-major,N,N,1.0,0.0,20260922,main,pass,pass,0,0,47272.0,0.011128,0.00896639972925,0.0200943997293,0.00952279972925,5.272127211303136,2.3524962495431927,4.964086334274202,0.015737693168069063,0.007022376864308037,0.014818168162012544,AlphaSparse 248af573c867cf4c7e05d40c611c7c34ebac4715,CUDA,13040,13000,2026-10-08T14:55:07.412453+00:00,derived,csr-alg5,0,0,,,,5,20,4,true
3,H100-SXM5-80GB-suitesparse_all-fp64-n2-row-major-AlphaSparse-SpMM-CSR-solve-only,AlphaSparse-SpMM-CSR-best-solve-only,AlphaSparseLib CSR PER MATRIX BEST,per-matrix-best,AlphaSparse-SpMM-CSR,best,solve-only,"csr-alg1,csr-alg2,csr-alg3,csr-alg4,csr-alg5",manual-selection,csr,ALPHASPARSE_SPMM_CSR_ALG1,workspace-setup,spmm.csr.fp64,fp64,H100-SXM5-80GB,H100-SXM5-80GB,,33500.0,dad5c024-9073-5674-80e8-1be5a06ccb57,suitesparse_all,Gset/G57,G57,5000,5000,20000,2,row-major,N,N,1.0,0.0,20260922,main,pass,pass,0,0,80000.0,0.010456,0.00358240008354,0.0140384000835,0.00410520008354,22.33139742475298,5.698655083496859,19.487478897986946,0.06666088783508352,0.017010910697005548,0.058171578799961036,AlphaSparse 248af573c867cf4c7e05d40c611c7c34ebac4715,CUDA,13040,13000,2026-10-07T07:00:05.223299+00:00,derived,csr-alg1,0,0,,,,5,20,4,true
3,H100-SXM5-80GB-suitesparse_all-fp64-n2-row-major-AlphaSparse-SpMM-CSR-solve-only,AlphaSparse-SpMM-CSR-best-solve-only,AlphaSparseLib CSR PER MATRIX BEST,per-matrix-best,AlphaSparse-SpMM-CSR,best,solve-only,"csr-alg1,csr-alg2,csr-alg3,csr-alg4,csr-alg5",manual-selection,csr,ALPHASPARSE_SPMM_CSR_ALG1,workspace-setup,spmm.csr.fp64,fp64,H100-SXM5-80GB,H100-SXM5-80GB,,33500.0,29b699d9-dc3d-55c8-a1c7-29991a8141e8,suitesparse_all,Gset/G66,G66,9000,9000,36000,2,row-major,N,N,1.0,0.0,20260922,main,pass,pass,0,0,144000.0,0.010084,0.00367840006948,0.0137624000695,0.00418260006948,39.147454675955544,10.463291233564004,34.428345432964804,0.1168580736595688,0.031233705174817918,0.10277118039690987,AlphaSparse 248af573c867cf4c7e05d40c611c7c34ebac4715,CUDA,13040,13000,2026-10-08T13:45:55.098473+00:00,derived,csr-alg1,0,0,,,,5,20,4,true
3,H100-SXM5-80GB-suitesparse_all-fp64-n2-row-major-AlphaSparse-SpMM-CSR-solve-only,AlphaSparse-SpMM-CSR-best-solve-only,AlphaSparseLib CSR PER MATRIX BEST,per-matrix-best,AlphaSparse-SpMM-CSR,best,solve-only,"csr-alg1,csr-alg2,csr-alg3,csr-alg4,csr-alg5",manual-selection,csr,ALPHASPARSE_SPMM_CSR_ALG5,workspace-setup,spmm.csr.fp64,fp64,H100-SXM5-80GB,H100-SXM5-80GB,,33500.0,dad5c024-9073-5674-80e8-1be5a06ccb57,suitesparse_all,Gupta/gupta2,gupta2,62064,62064,4248286,2,row-major,N,N,1.0,0.0,20260922,main,pass,pass,0,0,16993144.0,0.018688,0.0615999996662,0.0802879996662,0.0625343996662,275.86272876758085,211.65235241442753,271.7407393483756,0.8234708321420323,0.6317980669087389,0.811166386114554,AlphaSparse 248af573c867cf4c7e05d40c611c7c34ebac4715,CUDA,13040,13000,2026-10-07T07:22:02.782285+00:00,derived,csr-alg5,0,0,,,,5,20,4,true
3,H100-SXM5-80GB-suitesparse_all-fp64-n2-row-major-AlphaSparse-SpMM-CSR-solve-only,AlphaSparse-SpMM-CSR-best-solve-only,AlphaSparseLib CSR PER MATRIX BEST,per-matrix-best,AlphaSparse-SpMM-CSR,best,solve-only,"csr-alg1,csr-alg2,csr-alg3,csr-alg4,csr-alg5",manual-selection,csr,ALPHASPARSE_SPMM_CSR_ALG1,workspace-setup,spmm.csr.fp64,fp64,H100-SXM5-80GB,H100-SXM5-80GB,,33500.0,840ad9d1-a334-505b-a3c0-7071649f4ca1,suitesparse_all,HB/494_bus,494_bus,494,494,1666,2,row-major,N,N,1.0,0.0,20260922,main,pass,pass,0,0,6664.0,0.00668,0.00493439994752,0.0116143999475,0.00526839994752,1.3505188211079824,0.5737704943968652,1.2649001720412196,0.0040313994659939775,0.0017127477444682545,0.0037758214090782673,AlphaSparse 248af573c867cf4c7e05d40c611c7c34ebac4715,CUDA,13040,13000,2026-10-07T22:43:03.586301+00:00,derived,csr-alg1,0,0,,,,5,20,4,true
3,H100-SXM5-80GB-suitesparse_all-fp64-n2-row-major-AlphaSparse-SpMM-CSR-solve-only,AlphaSparse-SpMM-CSR-best-solve-only,AlphaSparseLib CSR PER MATRIX BEST,per-matrix-best,AlphaSparse-SpMM-CSR,best,solve-only,"csr-alg1,csr-alg2,csr-alg3,csr-alg4,csr-alg5",manual-selection,csr,ALPHASPARSE_SPMM_CSR_ALG1,workspace-setup,spmm.csr.fp64,fp64,H100-SXM5-80GB,H100-SXM5-80GB,,33500.0,29b699d9-dc3d-55c8-a1c7-29991a8141e8,suitesparse_all,HB/662_bus,662_bus,662,662,2474,2,row-major,N,N,1.0,0.0,20260922,main,pass,pass,0,0,9896.0,0.005113,0.00482879988849,0.00994179988849,0.00508444988849,2.049370491328136,0.9953931995208409,1.9463265873466902,0.006117523854710854,0.0029713229836443016,0.005809930111482658,AlphaSparse 248af573c867cf4c7e05d40c611c7c34ebac4715,CUDA,13040,13000,2026-10-08T12:27:32.535213+00:00,derived,csr-alg1,0,0,,,,5,20,4,true
3,H100-SXM5-80GB-suitesparse_all-fp64-n2-row-major-AlphaSparse-SpMM-CSR-solve-only,AlphaSparse-SpMM-CSR-best-solve-only,AlphaSparseLib CSR PER MATRIX BEST,per-matrix-best,AlphaSparse-SpMM-CSR,best,solve-only,"csr-alg1,csr-alg2,csr-alg3,csr-alg4,csr-alg5",manual-selection,csr,ALPHASPARSE_SPMM_CSR_ALG1,workspace-setup,spmm.csr.fp64,fp64,H100-SXM5-80GB,H100-SXM5-80GB,,33500.0,dad5c024-9073-5674-80e8-1be5a06ccb57,suitesparse_all,HB/ash331,ash331,331,104,662,2,row-major,N,N,1.0,0.0,20260922,main,pass,pass,0,0,2648.0,0.005089,0.00333120003343,0.00842020003343,0.00358565003343,0.7949087336173755,0.31448184003786994,0.7384992889188762,0.0023728618913951504,0.0009387517613070744,0.002204475489310078,AlphaSparse 248af573c867cf4c7e05d40c611c7c34ebac4715,CUDA,13040,13000,2026-10-07T06:29:55.924262+00:00,derived,csr-alg1,0,0,,,,5,20,4,true
3,H100-SXM5-80GB-suitesparse_all-fp64-n2-row-major-AlphaSparse-SpMM-CSR-solve-only,AlphaSparse-SpMM-CSR-best-solve-only,AlphaSparseLib CSR PER MATRIX BEST,per-matrix-best,AlphaSparse-SpMM-CSR,best,solve-only,"csr-alg1,csr-alg2,csr-alg3,csr-alg4,csr-alg5",manual-selection,csr,ALPHASPARSE_SPMM_CSR_ALG1,workspace-setup,spmm.csr.fp64,fp64,H100-SXM5-80GB,H100-SXM5-80GB,,33500.0,17c23c05-4ac7-5fb3-a01f-5ad6908cadbe,suitesparse_all,HB/ash85,ash85,85,85,523,2,row-major,N,N,1.0,0.0,20260922,main,pass,pass,0,0,2092.0,0.005324,0.00474239997566,0.0100663999757,0.00500859997566,0.4411268578645891,0.20782007520563736,0.4176815896989918,0.0013167965906405645,0.0006203584334496637,0.0012468107155193784,AlphaSparse 248af573c867cf4c7e05d40c611c7c34ebac4715,CUDA,13040,13000,2026-10-07T11:03:24.213385+00:00,derived,csr-alg1,0,0,,,,5,20,4,true
3,H100-SXM5-80GB-suitesparse_all-fp64-n2-row-major-AlphaSparse-SpMM-CSR-solve-only,AlphaSparse-SpMM-CSR-best-solve-only,AlphaSparseLib CSR PER MATRIX BEST,per-matrix-best,AlphaSparse-SpMM-CSR,best,solve-only,"csr-alg1,csr-alg2,csr-alg3,csr-alg4,csr-alg5",manual-selection,csr,ALPHASPARSE_SPMM_CSR_ALG1,workspace-setup,spmm.csr.fp64,fp64,H100-SXM5-80GB,H100-SXM5-80GB,,33500.0,840ad9d1-a334-505b-a3c0-7071649f4ca1,suitesparse_all,HB/bcspwr06,bcspwr06,1454,1454,5300,2,row-major,N,N,1.0,0.0,20260922,main,pass,pass,0,0,21200.0,0.005043,0.00541919991374,0.0104621999137,0.00567134991374,3.9120165960751683,2.0263424685891454,3.7380871084393297,0.011677661480821397,0.006048783488325807,0.01115846898041591,AlphaSparse 248af573c867cf4c7e05d40c611c7c34ebac4715,CUDA,13040,13000,2026-10-07T22:43:04.775276+00:00,derived,csr-alg1,0,0,,,,5,20,4,true
3,H100-SXM5-80GB-suitesparse_all-fp64-n2-row-major-AlphaSparse-SpMM-CSR-solve-only,AlphaSparse-SpMM-CSR-best-solve-only,AlphaSparseLib CSR PER MATRIX BEST,per-matrix-best,AlphaSparse-SpMM-CSR,best,solve-only,"csr-alg1,csr-alg2,csr-alg3,csr-alg4,csr-alg5",manual-selection,csr,ALPHASPARSE_SPMM_CSR_ALG1,workspace-setup,spmm.csr.fp64,fp64,H100-SXM5-80GB,H100-SXM5-80GB,,33500.0,29b699d9-dc3d-55c8-a1c7-29991a8141e8,suitesparse_all,HB/bcspwr07,bcspwr07,1612,1612,5824,2,row-major,N,N,1.0,0.0,20260922,main,pass,pass,0,0,23296.0,0.004718,0.00549440011382,0.0102124001138,0.00573030011382,4.23995331927208,2.2811483823983894,4.065406616979114,0.01265657707245397,0.0068093981564131024,0.012135542140236162,AlphaSparse 248af573c867cf4c7e05d40c611c7c34ebac4715,CUDA,13040,13000,2026-10-08T12:27:33.757680+00:00,derived,csr-alg1,0,0,,,,5,20,4,true
3,H100-SXM5-80GB-suitesparse_all-fp64-n2-row-major-AlphaSparse-SpMM-CSR-solve-only,AlphaSparse-SpMM-CSR-best-solve-only,AlphaSparseLib CSR PER MATRIX BEST,per-matrix-best,AlphaSparse-SpMM-CSR,best,solve-only,"csr-alg1,csr-alg2,csr-alg3,csr-alg4,csr-alg5",manual-selection,csr,ALPHASPARSE_SPMM_CSR_ALG1,workspace-setup,spmm.csr.fp64,fp64,H100-SXM5-80GB,H100-SXM5-80GB,,33500.0,dad5c024-9073-5674-80e8-1be5a06ccb57,suitesparse_all,HB/bcsstk03,bcsstk03,112,112,640,2,row-major,N,N,1.0,0.0,20260922,main,pass,pass,0,0,2560.0,0.004373,0.00401760004461,0.00839060004461,0.00423625004461,0.6371963290458661,0.30510332829467984,0.6043080491099009,0.0019020785941667644,0.0009107562038647159,0.0018039046242086594,AlphaSparse 248af573c867cf4c7e05d40c611c7c34ebac4715,CUDA,13040,13000,2026-10-07T06:29:56.796370+00:00,derived,csr-alg1,0,0,,,,5,20,4,true
3,H100-SXM5-80GB-suitesparse_all-fp64-n2-row-major-AlphaSparse-SpMM-CSR-solve-only,AlphaSparse-SpMM-CSR-best-solve-only,AlphaSparseLib CSR PER MATRIX BEST,per-matrix-best,AlphaSparse-SpMM-CSR,best,solve-only,"csr-alg1,csr-alg2,csr-alg3,csr-alg4,csr-alg5",manual-selection,csr,ALPHASPARSE_SPMM_CSR_ALG1,workspace-setup,spmm.csr.fp64,fp64,H100-SXM5-80GB,H100-SXM5-80GB,,33500.0,17c23c05-4ac7-5fb3-a01f-5ad6908cadbe,suitesparse_all,HB/bcsstk05,bcsstk05,153,153,2423,2,row-major,N,N,1.0,0.0,20260922,main,pass,pass,0,0,9692.0,0.004925,0.00677760019898,0.011702600199,0.00702385019898,1.4300046794525598,0.8281920116204767,1.3798699752177899,0.004268670684933014,0.0024722149600611243,0.004119014851396387,AlphaSparse 248af573c867cf4c7e05d40c611c7c34ebac4715,CUDA,13040,13000,2026-10-07T11:03:25.235070+00:00,derived,csr-alg1,0,0,,,,5,20,4,true
3,H100-SXM5-80GB-suitesparse_all-fp64-n2-row-major-AlphaSparse-SpMM-CSR-solve-only,AlphaSparse-SpMM-CSR-best-solve-only,AlphaSparseLib CSR PER MATRIX BEST,per-matrix-best,AlphaSparse-SpMM-CSR,best,solve-only,"csr-alg1,csr-alg2,csr-alg3,csr-alg4,csr-alg5",manual-selection,csr,ALPHASPARSE_SPMM_CSR_ALG2,workspace-setup,spmm.csr.fp64,fp64,H100-SXM5-80GB,H100-SXM5-80GB,,33500.0,840ad9d1-a334-505b-a3c0-7071649f4ca1,suitesparse_all,HB/bcsstk12,bcsstk12,1473,1473,34241,2,row-major,N,N,1.0,0.0,20260922,main,pass,pass,0,0,136964.0,0.005159,0.00886399969459,0.0140229996946,0.00912194969459,15.451715333834432,9.767097124928435,15.014772563504698,0.046124523384580396,0.029155513805756525,0.04482021660747671,AlphaSparse 248af573c867cf4c7e05d40c611c7c34ebac4715,CUDA,13040,13000,2026-10-07T22:43:33.408550+00:00,derived,csr-alg2,0,0,,,,5,20,4,true
3,H100-SXM5-80GB-suitesparse_all-fp64-n2-row-major-AlphaSparse-SpMM-CSR-solve-only,AlphaSparse-SpMM-CSR-best-solve-only,AlphaSparseLib CSR PER MATRIX BEST,per-matrix-best,AlphaSparse-SpMM-CSR,best,solve-only,"csr-alg1,csr-alg2,csr-alg3,csr-alg4,csr-alg5",manual-selection,csr,ALPHASPARSE_SPMM_CSR_ALG5,workspace-setup,spmm.csr.fp64,fp64,H100-SXM5-80GB,H100-SXM5-80GB,,33500.0,29b699d9-dc3d-55c8-a1c7-29991a8141e8,suitesparse_all,HB/bcsstk13,bcsstk13,2003,2003,83883,2,row-major,N,N,1.0,0.0,20260922,main,pass,pass,0,0,335532.0,0.005402,0.00984959974885,0.0152515997488,0.0101196997488,34.065546677587115,21.99979054829312,33.156319686242426,0.10168819903757348,0.06567101656206902,0.09897408861564905,AlphaSparse 248af573c867cf4c7e05d40c611c7c34ebac4715,CUDA,13040,13000,2026-10-08T12:29:05.454290+00:00,derived,csr-alg5,0,0,,,,5,20,4,true
3,H100-SXM5-80GB-suitesparse_all-fp64-n2-row-major-AlphaSparse-SpMM-CSR-solve-only,AlphaSparse-SpMM-CSR-best-solve-only,AlphaSparseLib CSR PER MATRIX BEST,per-matrix-best,AlphaSparse-SpMM-CSR,best,solve-only,"csr-alg1,csr-alg2,csr-alg3,csr-alg4,csr-alg5",manual-selection,csr,ALPHASPARSE_SPMM_CSR_ALG1,workspace-setup,spmm.csr.fp64,fp64,H100-SXM5-80GB,H100-SXM5-80GB,,33500.0,dad5c024-9073-5674-80e8-1be5a06ccb57,suitesparse_all,HB/bcsstk19,bcsstk19,817,817,6853,2,row-major,N,N,1.0,0.0,20260922,main,pass,pass,0,0,27412.0,0.005451,0.00490880012512,0.0103598001251,0.00518135012512,5.584256702513405,2.645996995017836,5.290512962461718,0.016669422992577326,0.007898498492590555,0.01579257600734841,AlphaSparse 248af573c867cf4c7e05d40c611c7c34ebac4715,CUDA,13040,13000,2026-10-07T06:29:57.681010+00:00,derived,csr-alg1,0,0,,,,5,20,4,true
3,H100-SXM5-80GB-suitesparse_all-fp64-n2-row-major-AlphaSparse-SpMM-CSR-solve-only,AlphaSparse-SpMM-CSR-best-solve-only,AlphaSparseLib CSR PER MATRIX BEST,per-matrix-best,AlphaSparse-SpMM-CSR,best,solve-only,"csr-alg1,csr-alg2,csr-alg3,csr-alg4,csr-alg5",manual-selection,csr,ALPHASPARSE_SPMM_CSR_ALG1,workspace-setup,spmm.csr.fp64,fp64,H100-SXM5-80GB,H100-SXM5-80GB,,33500.0,17c23c05-4ac7-5fb3-a01f-5ad6908cadbe,suitesparse_all,HB/bcsstk21,bcsstk21,3600,3600,26600,2,row-major,N,N,1.0,0.0,20260922,main,pass,pass,0,0,106400.0,0.004585,0.00524960011244,0.00983460011244,0.00547885011244,20.268210477187292,10.818945232497285,19.420133388649116,0.06050212082742475,0.03229535890297697,0.05797054742880334,AlphaSparse 248af573c867cf4c7e05d40c611c7c34ebac4715,CUDA,13040,13000,2026-10-07T11:03:26.340674+00:00,derived,csr-alg1,0,0,,,,5,20,4,true
3,H100-SXM5-80GB-suitesparse_all-fp64-n2-row-major-AlphaSparse-SpMM-CSR-solve-only,AlphaSparse-SpMM-CSR-best-solve-only,AlphaSparseLib CSR PER MATRIX BEST,per-matrix-best,AlphaSparse-SpMM-CSR,best,solve-only,"csr-alg1,csr-alg2,csr-alg3,csr-alg4,csr-alg5",manual-selection,csr,ALPHASPARSE_SPMM_CSR_ALG5,workspace-setup,spmm.csr.fp64,fp64,H100-SXM5-80GB,H100-SXM5-80GB,,33500.0,29b699d9-dc3d-55c8-a1c7-29991a8141e8,suitesparse_all,HB/bcsstk29,bcsstk29,13992,13992,619488,2,row-major,N,N,1.0,0.0,20260922,main,pass,pass,0,0,2477952.0,0.014131,0.0156223997474,0.0297533997474,0.0163289497474,158.615324154178,83.28298685317586,151.75207458731728,0.47347857956471046,0.24860593090500258,0.45299126742482765,AlphaSparse 248af573c867cf4c7e05d40c611c7c34ebac4715,CUDA,13040,13000,2026-10-08T14:54:47.846873+00:00,derived,csr-alg5,0,0,,,,5,20,4,true
3,H100-SXM5-80GB-suitesparse_all-fp64-n2-row-major-AlphaSparse-SpMM-CSR-solve-only,AlphaSparse-SpMM-CSR-best-solve-only,AlphaSparseLib CSR PER MATRIX BEST,per-matrix-best,AlphaSparse-SpMM-CSR,best,solve-only,"csr-alg1,csr-alg2,csr-alg3,csr-alg4,csr-alg5",manual-selection,csr,ALPHASPARSE_SPMM_CSR_ALG1,workspace-setup,spmm.csr.fp64,fp64,H100-SXM5-80GB,H100-SXM5-80GB,,33500.0,dad5c024-9073-5674-80e8-1be5a06ccb57,suitesparse_all,HB/bcsstm02,bcsstm02,66,66,66,2,row-major,N,N,1.0,0.0,20260922,main,pass,pass,0,0,264.0,0.01076,0.00301280003041,0.0137728000304,0.00355080003041,0.08762612763385869,0.019168215571073875,0.07434944174243367,0.0002615705302503245,5.7218553943504104e-05,0.0002219386320669662,AlphaSparse 248af573c867cf4c7e05d40c611c7c34ebac4715,CUDA,13040,13000,2026-10-07T06:59:47.034581+00:00,derived,csr-alg1,0,0,,,,5,20,4,true
3,H100-SXM5-80GB-suitesparse_all-fp64-n2-row-major-AlphaSparse-SpMM-CSR-solve-only,AlphaSparse-SpMM-CSR-best-solve-only,AlphaSparseLib CSR PER MATRIX BEST,per-matrix-best,AlphaSparse-SpMM-CSR,best,solve-only,"csr-alg1,csr-alg2,csr-alg3,csr-alg4,csr-alg5",manual-selection,csr,ALPHASPARSE_SPMM_CSR_ALG1,workspace-setup,spmm.csr.fp64,fp64,H100-SXM5-80GB,H100-SXM5-80GB,,33500.0,29b699d9-dc3d-55c8-a1c7-29991a8141e8,suitesparse_all,HB/bcsstm12,bcsstm12,1473,1473,19659,2,row-major,N,N,1.0,0.0,20260922,main,pass,pass,0,0,78636.0,0.01018,0.00719999969006,0.0173799996901,0.00770899969006,10.921667136814099,4.5245110127817005,10.200545227857956,0.03260199145317642,0.013506003023228958,0.030449388739874496,AlphaSparse 248af573c867cf4c7e05d40c611c7c34ebac4715,CUDA,13040,13000,2026-10-08T13:45:37.190448+00:00,derived,csr-alg1,0,0,,,,5,20,4,true
3,H100-SXM5-80GB-suitesparse_all-fp64-n2-row-major-AlphaSparse-SpMM-CSR-solve-only,AlphaSparse-SpMM-CSR-best-solve-only,AlphaSparseLib CSR PER MATRIX BEST,per-matrix-best,AlphaSparse-SpMM-CSR,best,solve-only,"csr-alg1,csr-alg2,csr-alg3,csr-alg4,csr-alg5",manual-selection,csr,ALPHASPARSE_SPMM_CSR_ALG1,workspace-setup,spmm.csr.fp64,fp64,H100-SXM5-80GB,H100-SXM5-80GB,,33500.0,dad5c024-9073-5674-80e8-1be5a06ccb57,suitesparse_all,HB/bcsstm23,bcsstm23,3134,3134,3134,2,row-major,N,N,1.0,0.0,20260922,main,pass,pass,0,0,12536.0,0.009792,0.0031615998596,0.0129535998596,0.0036511998596,3.9650811477408254,0.9677618681967766,3.4333918936372214,0.011836063127584553,0.0028888413976023183,0.01024893102578275,AlphaSparse 248af573c867cf4c7e05d40c611c7c34ebac4715,CUDA,13040,13000,2026-10-07T06:59:47.520657+00:00,derived,csr-alg1,0,0,,,,5,20,4,true
3,H100-SXM5-80GB-suitesparse_all-fp64-n2-row-major-AlphaSparse-SpMM-CSR-solve-only,AlphaSparse-SpMM-CSR-best-solve-only,AlphaSparseLib CSR PER MATRIX BEST,per-matrix-best,AlphaSparse-SpMM-CSR,best,solve-only,"csr-alg1,csr-alg2,csr-alg3,csr-alg4,csr-alg5",manual-selection,csr,ALPHASPARSE_SPMM_CSR_ALG3,workspace-setup,spmm.csr.fp64,fp64,H100-SXM5-80GB,H100-SXM5-80GB,,33500.0,29b699d9-dc3d-55c8-a1c7-29991a8141e8,suitesparse_all,HB/bp_1000,bp_1000,822,822,4661,2,row-major,N,N,1.0,0.0,20260922,main,pass,pass,0,0,18644.0,0.009776,0.00875359997153,0.0185295999715,0.00924239997153,2.129866576110092,1.0061739070825035,2.0172249694268145,0.006357810674955498,0.0030035042002462794,0.006021567072915864,AlphaSparse 248af573c867cf4c7e05d40c611c7c34ebac4715,CUDA,13040,13000,2026-10-08T14:29:04.590265+00:00,derived,csr-alg3,0,0,,,,5,20,4,true
3,H100-SXM5-80GB-suitesparse_all-fp64-n2-row-major-AlphaSparse-SpMM-CSR-solve-only,AlphaSparse-SpMM-CSR-best-solve-only,AlphaSparseLib CSR PER MATRIX BEST,per-matrix-best,AlphaSparse-SpMM-CSR,best,solve-only,"csr-alg1,csr-alg2,csr-alg3,csr-alg4,csr-alg5",manual-selection,csr,ALPHASPARSE_SPMM_CSR_ALG3,workspace-setup,spmm.csr.fp64,fp64,H100-SXM5-80GB,H100-SXM5-80GB,,33500.0,dad5c024-9073-5674-80e8-1be5a06ccb57,suitesparse_all,HB/bp_600,bp_600,822,822,4172,2,row-major,N,N,1.0,0.0,20260922,main,pass,pass,0,0,16688.0,0.010243,0.00926880016923,0.0195118001692,0.00978095016923,1.800448784665766,0.8552773119490298,1.7061737061598539,0.005374473984076913,0.0025530666028329247,0.0050930558392831456,AlphaSparse 248af573c867cf4c7e05d40c611c7c34ebac4715,CUDA,13040,13000,2026-10-07T07:10:43.074865+00:00,derived,csr-alg3,0,0,,,,5,20,4,true
3,H100-SXM5-80GB-suitesparse_all-fp64-n2-row-major-AlphaSparse-SpMM-CSR-solve-only,AlphaSparse-SpMM-CSR-best-solve-only,AlphaSparseLib CSR PER MATRIX BEST,per-matrix-best,AlphaSparse-SpMM-CSR,best,solve-only,"csr-alg1,csr-alg2,csr-alg3,csr-alg4,csr-alg5",manual-selection,csr,ALPHASPARSE_SPMM_CSR_ALG1,workspace-setup,spmm.csr.fp64,fp64,H100-SXM5-80GB,H100-SXM5-80GB,,33500.0,29b699d9-dc3d-55c8-a1c7-29991a8141e8,suitesparse_all,HB/can_268,can_268,268,268,3082,2,row-major,N,N,1.0,0.0,20260922,main,pass,pass,0,0,12328.0,0.010058,0.00867040008307,0.0187284000831,0.00917330008307,1.4218490360176002,0.6582516363009809,1.3439002200257495,0.0042443254806495525,0.0019649302576148684,0.004011642447838058,AlphaSparse 248af573c867cf4c7e05d40c611c7c34ebac4715,CUDA,13040,13000,2026-10-08T13:45:38.639811+00:00,derived,csr-alg1,0,0,,,,5,20,4,true
3,H100-SXM5-80GB-suitesparse_all-fp64-n2-row-major-AlphaSparse-SpMM-CSR-solve-only,AlphaSparse-SpMM-CSR-best-solve-only,AlphaSparseLib CSR PER MATRIX BEST,per-matrix-best,AlphaSparse-SpMM-CSR,best,solve-only,"csr-alg1,csr-alg2,csr-alg3,csr-alg4,csr-alg5",manual-selection,csr,ALPHASPARSE_SPMM_CSR_ALG5,workspace-setup,spmm.csr.fp64,fp64,H100-SXM5-80GB,H100-SXM5-80GB,,33500.0,dad5c024-9073-5674-80e8-1be5a06ccb57,suitesparse_all,HB/can_715,can_715,715,715,6665,2,row-major,N,N,1.0,0.0,20260922,main,pass,pass,0,0,26660.0,0.009748,0.00885279998183,0.0186007999818,0.00934019998183,3.0114766011565295,1.433271688641647,2.8543286066533002,0.008989482391512028,0.004278422951169095,0.008520383900457612,AlphaSparse 248af573c867cf4c7e05d40c611c7c34ebac4715,CUDA,13040,13000,2026-10-07T07:21:47.616147+00:00,derived,csr-alg5,0,0,,,,5,20,4,true
3,H100-SXM5-80GB-suitesparse_all-fp64-n2-row-major-AlphaSparse-SpMM-CSR-solve-only,AlphaSparse-SpMM-CSR-best-solve-only,AlphaSparseLib CSR PER MATRIX BEST,per-matrix-best,AlphaSparse-SpMM-CSR,best,solve-only,"csr-alg1,csr-alg2,csr-alg3,csr-alg4,csr-alg5",manual-selection,csr,ALPHASPARSE_SPMM_CSR_ALG1,workspace-setup,spmm.csr.fp64,fp64,H100-SXM5-80GB,H100-SXM5-80GB,,33500.0,29b699d9-dc3d-55c8-a1c7-29991a8141e8,suitesparse_all,HB/dwt_198,dwt_198,198,198,1392,2,row-major,N,N,1.0,0.0,20260922,main,pass,pass,0,0,5568.0,0.009739,0.00506399981678,0.0148029998168,0.00555094981678,1.099526106132538,0.3761399762824322,1.0030715794202387,0.0032821674809926506,0.0011228058993505438,0.002994243520657429,AlphaSparse 248af573c867cf4c7e05d40c611c7c34ebac4715,CUDA,13040,13000,2026-10-08T13:45:39.293627+00:00,derived,csr-alg1,0,0,,,,5,20,4,true
3,H100-SXM5-80GB-suitesparse_all-fp64-n2-row-major-AlphaSparse-SpMM-CSR-solve-only,AlphaSparse-SpMM-CSR-best-solve-only,AlphaSparseLib CSR PER MATRIX BEST,per-matrix-best,AlphaSparse-SpMM-CSR,best,solve-only,"csr-alg1,csr-alg2,csr-alg3,csr-alg4,csr-alg5",manual-selection,csr,ALPHASPARSE_SPMM_CSR_ALG1,workspace-setup,spmm.csr.fp64,fp64,H100-SXM5-80GB,H100-SXM5-80GB,,33500.0,dad5c024-9073-5674-80e8-1be5a06ccb57,suitesparse_all,HB/dwt_307,dwt_307,307,307,2523,2,row-major,N,N,1.0,0.0,20260922,main,pass,pass,0,0,10092.0,0.009139,0.00455040000379,0.0136894000038,0.00500735000379,2.217827002372195,0.7372127337354882,2.015437305633018,0.006620379111558792,0.0022006350260760843,0.006016230763083635,AlphaSparse 248af573c867cf4c7e05d40c611c7c34ebac4715,CUDA,13040,13000,2026-10-07T06:59:48.776800+00:00,derived,csr-alg1,0,0,,,,5,20,4,true
3,H100-SXM5-80GB-suitesparse_all-fp64-n2-row-major-AlphaSparse-SpMM-CSR-solve-only,AlphaSparse-SpMM-CSR-best-solve-only,AlphaSparseLib CSR PER MATRIX BEST,per-matrix-best,AlphaSparse-SpMM-CSR,best,solve-only,"csr-alg1,csr-alg2,csr-alg3,csr-alg4,csr-alg5",manual-selection,csr,ALPHASPARSE_SPMM_CSR_ALG1,workspace-setup,spmm.csr.fp64,fp64,H100-SXM5-80GB,H100-SXM5-80GB,,33500.0,29b699d9-dc3d-55c8-a1c7-29991a8141e8,suitesparse_all,HB/dwt_607,dwt_607,607,607,5131,2,row-major,N,N,1.0,0.0,20260922,main,pass,pass,0,0,20524.0,0.009725,0.00565119981766,0.0153761998177,0.00613744981766,3.631795134170004,1.3347901460264722,3.3440599287580164,0.010841179504985086,0.003984448197093947,0.00998226844405378,AlphaSparse 248af573c867cf4c7e05d40c611c7c34ebac4715,CUDA,13040,13000,2026-10-08T13:45:39.996235+00:00,derived,csr-alg1,0,0,,,,5,20,4,true
3,H100-SXM5-80GB-suitesparse_all-fp64-n2-row-major-AlphaSparse-SpMM-CSR-solve-only,AlphaSparse-SpMM-CSR-best-solve-only,AlphaSparseLib CSR PER MATRIX BEST,per-matrix-best,AlphaSparse-SpMM-CSR,best,solve-only,"csr-alg1,csr-alg2,csr-alg3,csr-alg4,csr-alg5",manual-selection,csr,ALPHASPARSE_SPMM_CSR_ALG1,workspace-setup,spmm.csr.fp64,fp64,H100-SXM5-80GB,H100-SXM5-80GB,,33500.0,dad5c024-9073-5674-80e8-1be5a06ccb57,suitesparse_all,HB/dwt_878,dwt_878,878,878,7448,2,row-major,N,N,1.0,0.0,20260922,main,pass,pass,0,0,29792.0,0.009884,0.00483199991286,0.0147159999129,0.00532619991286,6.165563025096681,2.024463181321741,5.593481372726515,0.018404665746557258,0.006043173675587286,0.016696959321571687,AlphaSparse 248af573c867cf4c7e05d40c611c7c34ebac4715,CUDA,13040,13000,2026-10-07T06:59:49.203797+00:00,derived,csr-alg1,0,0,,,,5,20,4,true
3,H100-SXM5-80GB-suitesparse_all-fp64-n2-row-major-AlphaSparse-SpMM-CSR-solve-only,AlphaSparse-SpMM-CSR-best-solve-only,AlphaSparseLib CSR PER MATRIX BEST,per-matrix-best,AlphaSparse-SpMM-CSR,best,solve-only,"csr-alg1,csr-alg2,csr-alg3,csr-alg4,csr-alg5",manual-selection,csr,ALPHASPARSE_SPMM_CSR_ALG1,workspace-setup,spmm.csr.fp64,fp64,H100-SXM5-80GB,H100-SXM5-80GB,,33500.0,29b699d9-dc3d-55c8-a1c7-29991a8141e8,suitesparse_all,HB/fs_541_3,fs_541_3,541,541,4285,2,row-major,N,N,1.0,0.0,20260922,main,pass,pass,0,0,17140.0,0.011023,0.00475040003657,0.0157734000366,0.00530155003657,3.6081171834058514,1.0866395298558962,3.2330167369483602,0.01077049905494284,0.003243700089122078,0.009650796229696598,AlphaSparse 248af573c867cf4c7e05d40c611c7c34ebac4715,CUDA,13040,13000,2026-10-08T13:45:40.640912+00:00,derived,csr-alg1,0,0,,,,5,20,4,true
3,H100-SXM5-80GB-suitesparse_all-fp64-n2-row-major-AlphaSparse-SpMM-CSR-solve-only,AlphaSparse-SpMM-CSR-best-solve-only,AlphaSparseLib CSR PER MATRIX BEST,per-matrix-best,AlphaSparse-SpMM-CSR,best,solve-only,"csr-alg1,csr-alg2,csr-alg3,csr-alg4,csr-alg5",manual-selection,csr,ALPHASPARSE_SPMM_CSR_ALG1,workspace-setup,spmm.csr.fp64,fp64,H100-SXM5-80GB,H100-SXM5-80GB,,33500.0,dad5c024-9073-5674-80e8-1be5a06ccb57,suitesparse_all,HB/fs_760_2,fs_760_2,760,760,5976,2,row-major,N,N,1.0,0.0,20260922,main,pass,pass,0,0,23904.0,0.009926,0.00675840005279,0.0166844000528,0.00725470005279,3.536931790554772,1.4327155860775704,3.2949673764674863,0.010558005344939617,0.004276762943515136,0.009835723511843242,AlphaSparse 248af573c867cf4c7e05d40c611c7c34ebac4715,CUDA,13040,13000,2026-10-07T06:59:49.634298+00:00,derived,csr-alg1,0,0,,,,5,20,4,true
3,H100-SXM5-80GB-suitesparse_all-fp64-n2-row-major-AlphaSparse-SpMM-CSR-solve-only,AlphaSparse-SpMM-CSR-best-solve-only,AlphaSparseLib CSR PER MATRIX BEST,per-matrix-best,AlphaSparse-SpMM-CSR,best,solve-only,"csr-alg1,csr-alg2,csr-alg3,csr-alg4,csr-alg5",manual-selection,csr,ALPHASPARSE_SPMM_CSR_ALG1,workspace-setup,spmm.csr.fp64,fp64,H100-SXM5-80GB,H100-SXM5-80GB,,33500.0,29b699d9-dc3d-55c8-a1c7-29991a8141e8,suitesparse_all,HB/gre_216a,gre_216a,216,216,876,2,row-major,N,N,1.0,0.0,20260922,main,pass,pass,0,0,3504.0,0.00994,0.00384959988296,0.013789599883,0.00434659988296,0.9102244665764422,0.2541045447097981,0.8061473552550238,0.0027170879599296783,0.0007585210289844719,0.002406410015686638,AlphaSparse 248af573c867cf4c7e05d40c611c7c34ebac4715,CUDA,13040,13000,2026-10-08T13:45:41.304178+00:00,derived,csr-alg1,0,0,,,,5,20,4,true
3,H100-SXM5-80GB-suitesparse_all-fp64-n2-row-major-AlphaSparse-SpMM-CSR-solve-only,AlphaSparse-SpMM-CSR-best-solve-only,AlphaSparseLib CSR PER MATRIX BEST,per-matrix-best,AlphaSparse-SpMM-CSR,best,solve-only,"csr-alg1,csr-alg2,csr-alg3,csr-alg4,csr-alg5",manual-selection,csr,ALPHASPARSE_SPMM_CSR_ALG1,workspace-setup,spmm.csr.fp64,fp64,H100-SXM5-80GB,H100-SXM5-80GB,,33500.0,dad5c024-9073-5674-80e8-1be5a06ccb57,suitesparse_all,HB/illc1033,illc1033,1033,320,4732,2,row-major,N,N,1.0,0.0,20260922,main,pass,pass,0,0,18928.0,0.008887,0.00387680009007,0.0127638000901,0.00432115009007,4.882377104891739,1.4829439403928886,4.380315333988636,0.014574260014602205,0.004426698329531011,0.013075568161160109,AlphaSparse 248af573c867cf4c7e05d40c611c7c34ebac4715,CUDA,13040,13000,2026-10-07T06:59:50.079920+00:00,derived,csr-alg1,0,0,,,,5,20,4,true
3,H100-SXM5-80GB-suitesparse_all-fp64-n2-row-major-AlphaSparse-SpMM-CSR-solve-only,AlphaSparse-SpMM-CSR-best-solve-only,AlphaSparseLib CSR PER MATRIX BEST,per-matrix-best,AlphaSparse-SpMM-CSR,best,solve-only,"csr-alg1,csr-alg2,csr-alg3,csr-alg4,csr-alg5",manual-selection,csr,ALPHASPARSE_SPMM_CSR_ALG1,workspace-setup,spmm.csr.fp64,fp64,H100-SXM5-80GB,H100-SXM5-80GB,,33500.0,29b699d9-dc3d-55c8-a1c7-29991a8141e8,suitesparse_all,HB/jagmesh4,jagmesh4,1440,1440,9504,2,row-major,N,N,1.0,0.0,20260922,main,pass,pass,0,0,38016.0,0.009514,0.00414079986513,0.0136547998651,0.00461649986513,9.180834920358192,2.7840759568482762,8.234810161513884,0.027405477374203558,0.008310674498054555,0.0245815228701907,AlphaSparse 248af573c867cf4c7e05d40c611c7c34ebac4715,CUDA,13040,13000,2026-10-08T13:45:41.999858+00:00,derived,csr-alg1,0,0,,,,5,20,4,true
3,H100-SXM5-80GB-suitesparse_all-fp64-n2-row-major-AlphaSparse-SpMM-CSR-solve-only,AlphaSparse-SpMM-CSR-best-solve-only,AlphaSparseLib CSR PER MATRIX BEST,per-matrix-best,AlphaSparse-SpMM-CSR,best,solve-only,"csr-alg1,csr-alg2,csr-alg3,csr-alg4,csr-alg5",manual-selection,csr,ALPHASPARSE_SPMM_CSR_ALG1,workspace-setup,spmm.csr.fp64,fp64,H100-SXM5-80GB,H100-SXM5-80GB,,33500.0,dad5c024-9073-5674-80e8-1be5a06ccb57,suitesparse_all,HB/jgl009,jgl009,9,9,50,2,row-major,N,N,1.0,0.0,20260922,main,pass,pass,0,0,200.0,0.009332,0.00434239991009,0.0136743999101,0.00480899991009,0.046057480688335505,0.014625870335434514,0.041588688654447696,0.00013748501698010598,4.365931443413288e-05,0.00012414533926700805,AlphaSparse 248af573c867cf4c7e05d40c611c7c34ebac4715,CUDA,13040,13000,2026-10-07T06:59:50.511853+00:00,derived,csr-alg1,0,0,,,,5,20,4,true
3,H100-SXM5-80GB-suitesparse_all-fp64-n2-row-major-AlphaSparse-SpMM-CSR-solve-only,AlphaSparse-SpMM-CSR-best-solve-only,AlphaSparseLib CSR PER MATRIX BEST,per-matrix-best,AlphaSparse-SpMM-CSR,best,solve-only,"csr-alg1,csr-alg2,csr-alg3,csr-alg4,csr-alg5",manual-selection,csr,ALPHASPARSE_SPMM_CSR_ALG1,workspace-setup,spmm.csr.fp64,fp64,H100-SXM5-80GB,H100-SXM5-80GB,,33500.0,dad5c024-9073-5674-80e8-1be5a06ccb57,suitesparse_all,HB/lap_25,lap_25,25,25,169,2,row-major,N,N,1.0,0.0,20260922,main,pass,pass,0,0,676.0,0.009392,0.00421760007739,0.0136096000774,0.00468720007739,0.16028072543528896,0.04967082031473948,0.14422256119615465,0.00047844992667250434,0.00014827110541713276,0.0004305151080482228,AlphaSparse 248af573c867cf4c7e05d40c611c7c34ebac4715,CUDA,13040,13000,2026-10-07T07:00:41.418157+00:00,derived,csr-alg1,0,0,,,,5,20,4,true
3,H100-SXM5-80GB-suitesparse_all-fp64-n2-row-major-AlphaSparse-SpMM-CSR-solve-only,AlphaSparse-SpMM-CSR-best-solve-only,AlphaSparseLib CSR PER MATRIX BEST,per-matrix-best,AlphaSparse-SpMM-CSR,best,solve-only,"csr-alg1,csr-alg2,csr-alg3,csr-alg4,csr-alg5",manual-selection,csr,ALPHASPARSE_SPMM_CSR_ALG1,workspace-setup,spmm.csr.fp64,fp64,H100-SXM5-80GB,H100-SXM5-80GB,,33500.0,29b699d9-dc3d-55c8-a1c7-29991a8141e8,suitesparse_all,HB/lshp1270,lshp1270,1270,1270,8668,2,row-major,N,N,1.0,0.0,20260922,main,pass,pass,0,0,34672.0,0.010553,0.00405919998884,0.0146121999888,0.00458684998884,8.541584572163009,2.372811761854854,7.559000203703727,0.025497267379591074,0.007083020184641355,0.022564179712548437,AlphaSparse 248af573c867cf4c7e05d40c611c7c34ebac4715,CUDA,13040,13000,2026-10-08T13:45:42.706704+00:00,derived,csr-alg1,0,0,,,,5,20,4,true
3,H100-SXM5-80GB-suitesparse_all-fp64-n2-row-major-AlphaSparse-SpMM-CSR-solve-only,AlphaSparse-SpMM-CSR-best-solve-only,AlphaSparseLib CSR PER MATRIX BEST,per-matrix-best,AlphaSparse-SpMM-CSR,best,solve-only,"csr-alg1,csr-alg2,csr-alg3,csr-alg4,csr-alg5",manual-selection,csr,ALPHASPARSE_SPMM_CSR_ALG1,workspace-setup,spmm.csr.fp64,fp64,H100-SXM5-80GB,H100-SXM5-80GB,,33500.0,dad5c024-9073-5674-80e8-1be5a06ccb57,suitesparse_all,HB/lshp3466,lshp3466,3466,3466,23896,2,row-major,N,N,1.0,0.0,20260922,main,pass,pass,0,0,95584.0,0.009958,0.00424479991198,0.014202799912,0.00474269991198,22.51790472625942,6.72994061679632,20.153921136472505,0.06721762604853558,0.020089374975511404,0.06016095861633583,AlphaSparse 248af573c867cf4c7e05d40c611c7c34ebac4715,CUDA,13040,13000,2026-10-07T06:59:50.931668+00:00,derived,csr-alg1,0,0,,,,5,20,4,true
3,H100-SXM5-80GB-suitesparse_all-fp64-n2-row-major-AlphaSparse-SpMM-CSR-solve-only,AlphaSparse-SpMM-CSR-best-solve-only,AlphaSparseLib CSR PER MATRIX BEST,per-matrix-best,AlphaSparse-SpMM-CSR,best,solve-only,"csr-alg1,csr-alg2,csr-alg3,csr-alg4,csr-alg5",manual-selection,csr,ALPHASPARSE_SPMM_CSR_ALG5,workspace-setup,spmm.csr.fp64,fp64,H100-SXM5-80GB,H100-SXM5-80GB,,33500.0,29b699d9-dc3d-55c8-a1c7-29991a8141e8,suitesparse_all,HB/mbeause,mbeause,496,496,41063,2,row-major,N,N,1.0,0.0,20260922,main,pass,pass,0,0,164252.0,0.010802,0.00959040001035,0.0203924000103,0.0101305000103,17.126710024893494,8.054569345297166,16.213612342233827,0.05112450753699551,0.024043490582976612,0.04839884281263829,AlphaSparse 248af573c867cf4c7e05d40c611c7c34ebac4715,CUDA,13040,13000,2026-10-08T14:54:54.739518+00:00,derived,csr-alg5,0,0,,,,5,20,4,true
3,H100-SXM5-80GB-suitesparse_all-fp64-n2-row-major-AlphaSparse-SpMM-CSR-solve-only,AlphaSparse-SpMM-CSR-best-solve-only,AlphaSparseLib CSR PER MATRIX BEST,per-matrix-best,AlphaSparse-SpMM-CSR,best,solve-only,"csr-alg1,csr-alg2,csr-alg3,csr-alg4,csr-alg5",manual-selection,csr,ALPHASPARSE_SPMM_CSR_ALG1,workspace-setup,spmm.csr.fp64,fp64,H100-SXM5-80GB,H100-SXM5-80GB,,33500.0,dad5c024-9073-5674-80e8-1be5a06ccb57,suitesparse_all,HB/nos1,nos1,237,237,1017,2,row-major,N,N,1.0,0.0,20260922,main,pass,pass,0,0,4068.0,0.009253,0.00401280000806,0.0132658000081,0.00447545000806,1.0137559788250416,0.3066531982629098,0.9089588740068131,0.003026137250224005,0.0009153826813818204,0.002713310071662129,AlphaSparse 248af573c867cf4c7e05d40c611c7c34ebac4715,CUDA,13040,13000,2026-10-07T06:59:51.363659+00:00,derived,csr-alg1,0,0,,,,5,20,4,true
3,H100-SXM5-80GB-suitesparse_all-fp64-n2-row-major-AlphaSparse-SpMM-CSR-solve-only,AlphaSparse-SpMM-CSR-best-solve-only,AlphaSparseLib CSR PER MATRIX BEST,per-matrix-best,AlphaSparse-SpMM-CSR,best,solve-only,"csr-alg1,csr-alg2,csr-alg3,csr-alg4,csr-alg5",manual-selection,csr,ALPHASPARSE_SPMM_CSR_ALG1,workspace-setup,spmm.csr.fp64,fp64,H100-SXM5-80GB,H100-SXM5-80GB,,33500.0,29b699d9-dc3d-55c8-a1c7-29991a8141e8,suitesparse_all,HB/orsreg_1,orsreg_1,2205,2205,14133,2,row-major,N,N,1.0,0.0,20260922,main,pass,pass,0,0,56532.0,0.010533,0.00413439981639,0.0146673998164,0.00466104981639,13.67356871870258,3.854261880608866,12.128598111355144,0.04081662304090322,0.011505259345101094,0.03620477048165715,AlphaSparse 248af573c867cf4c7e05d40c611c7c34ebac4715,CUDA,13040,13000,2026-10-08T13:45:44.097271+00:00,derived,csr-alg1,0,0,,,,5,20,4,true
3,H100-SXM5-80GB-suitesparse_all-fp64-n2-row-major-AlphaSparse-SpMM-CSR-solve-only,AlphaSparse-SpMM-CSR-best-solve-only,AlphaSparseLib CSR PER MATRIX BEST,per-matrix-best,AlphaSparse-SpMM-CSR,best,solve-only,"csr-alg1,csr-alg2,csr-alg3,csr-alg4,csr-alg5",manual-selection,csr,ALPHASPARSE_SPMM_CSR_ALG1,workspace-setup,spmm.csr.fp64,fp64,H100-SXM5-80GB,H100-SXM5-80GB,,33500.0,dad5c024-9073-5674-80e8-1be5a06ccb57,suitesparse_all,HB/pores_2,pores_2,1224,1224,9613,2,row-major,N,N,1.0,0.0,20260922,main,pass,pass,0,0,38452.0,0.010518,0.00632959976792,0.0168475997679,0.00685549976792,6.074949666625746,2.282342917076129,5.608927328673306,0.018134178109330584,0.006812963931570535,0.016743066652756138,AlphaSparse 248af573c867cf4c7e05d40c611c7c34ebac4715,CUDA,13040,13000,2026-10-07T06:59:51.788794+00:00,derived,csr-alg1,0,0,,,,5,20,4,true
3,H100-SXM5-80GB-suitesparse_all-fp64-n2-row-major-AlphaSparse-SpMM-CSR-solve-only,AlphaSparse-SpMM-CSR-best-solve-only,AlphaSparseLib CSR PER MATRIX BEST,per-matrix-best,AlphaSparse-SpMM-CSR,best,solve-only,"csr-alg1,csr-alg2,csr-alg3,csr-alg4,csr-alg5",manual-selection,csr,ALPHASPARSE_SPMM_CSR_ALG5,workspace-setup,spmm.csr.fp64,fp64,H100-SXM5-80GB,H100-SXM5-80GB,,33500.0,29b699d9-dc3d-55c8-a1c7-29991a8141e8,suitesparse_all,HB/sherman2,sherman2,1080,1080,23094,2,row-major,N,N,1.0,0.0,20260922,main,pass,pass,0,0,92376.0,0.009276,0.0087471999228,0.0180231999228,0.0092109999228,10.560636639756853,5.125393958657753,10.02887859887411,0.031524288476886125,0.01529968345867986,0.029936951041415253,AlphaSparse 248af573c867cf4c7e05d40c611c7c34ebac4715,CUDA,13040,13000,2026-10-08T14:54:55.761684+00:00,derived,csr-alg5,0,0,,,,5,20,4,true
3,H100-SXM5-80GB-suitesparse_all-fp64-n2-row-major-AlphaSparse-SpMM-CSR-solve-only,AlphaSparse-SpMM-CSR-best-solve-only,AlphaSparseLib CSR PER MATRIX BEST,per-matrix-best,AlphaSparse-SpMM-CSR,best,solve-only,"csr-alg1,csr-alg2,csr-alg3,csr-alg4,csr-alg5",manual-selection,csr,ALPHASPARSE_SPMM_CSR_ALG3,workspace-setup,spmm.csr.fp64,fp64,H100-SXM5-80GB,H100-SXM5-80GB,,33500.0,dad5c024-9073-5674-80e8-1be5a06ccb57,suitesparse_all,HB/shl_400,shl_400,663,663,1712,2,row-major,N,N,1.0,0.0,20260922,main,pass,pass,0,0,6848.0,0.012136,0.00865119993687,0.0207871999369,0.00925799993687,0.791566493662335,0.32943349853694837,0.7396846021490916,0.002362885055708463,0.000983383577722234,0.0022080137377584823,AlphaSparse 248af573c867cf4c7e05d40c611c7c34ebac4715,CUDA,13040,13000,2026-10-07T07:10:47.292438+00:00,derived,csr-alg3,0,0,,,,5,20,4,true
3,H100-SXM5-80GB-suitesparse_all-fp64-n2-row-major-AlphaSparse-SpMM-CSR-solve-only,AlphaSparse-SpMM-CSR-best-solve-only,AlphaSparseLib CSR PER MATRIX BEST,per-matrix-best,AlphaSparse-SpMM-CSR,best,solve-only,"csr-alg1,csr-alg2,csr-alg3,csr-alg4,csr-alg5",manual-selection,csr,ALPHASPARSE_SPMM_CSR_ALG3,workspace-setup,spmm.csr.fp64,fp64,H100-SXM5-80GB,H100-SXM5-80GB,,33500.0,29b699d9-dc3d-55c8-a1c7-29991a8141e8,suitesparse_all,HB/watt_2,watt_2,1856,1856,11550,2,row-major,N,N,1.0,0.0,20260922,main,pass,pass,0,0,46200.0,0.008627,0.00901120007038,0.0176382000704,0.00944255007038,5.126953084957059,2.6193148856232624,4.892746096726894,0.015304337567035996,0.007818850404845559,0.014605212229035503,AlphaSparse 248af573c867cf4c7e05d40c611c7c34ebac4715,CUDA,13040,13000,2026-10-08T14:29:09.614081+00:00,derived,csr-alg3,0,0,,,,5,20,4,true
3,H100-SXM5-80GB-suitesparse_all-fp64-n2-row-major-AlphaSparse-SpMM-CSR-solve-only,AlphaSparse-SpMM-CSR-best-solve-only,AlphaSparseLib CSR PER MATRIX BEST,per-matrix-best,AlphaSparse-SpMM-CSR,best,solve-only,"csr-alg1,csr-alg2,csr-alg3,csr-alg4,csr-alg5",manual-selection,csr,ALPHASPARSE_SPMM_CSR_ALG1,workspace-setup,spmm.csr.fp64,fp64,H100-SXM5-80GB,H100-SXM5-80GB,,33500.0,dad5c024-9073-5674-80e8-1be5a06ccb57,suitesparse_all,HB/west0167,west0167,167,167,507,2,row-major,N,N,1.0,0.0,20260922,main,pass,pass,0,0,2028.0,0.009736,0.00466560013592,0.0144016001359,0.00515240013592,0.4346707692300131,0.14081768559485588,0.3936029707517825,0.0012975246842686957,0.0004203513002831519,0.001174934241050097,AlphaSparse 248af573c867cf4c7e05d40c611c7c34ebac4715,CUDA,13040,13000,2026-10-07T06:59:52.848782+00:00,derived,csr-alg1,0,0,,,,5,20,4,true
3,H100-SXM5-80GB-suitesparse_all-fp64-n2-row-major-AlphaSparse-SpMM-CSR-solve-only,AlphaSparse-SpMM-CSR-best-solve-only,AlphaSparseLib CSR PER MATRIX BEST,per-matrix-best,AlphaSparse-SpMM-CSR,best,solve-only,"csr-alg1,csr-alg2,csr-alg3,csr-alg4,csr-alg5",manual-selection,csr,ALPHASPARSE_SPMM_CSR_ALG2,workspace-setup,spmm.csr.fp64,fp64,H100-SXM5-80GB,H100-SXM5-80GB,,33500.0,29b699d9-dc3d-55c8-a1c7-29991a8141e8,suitesparse_all,HB/wm1,wm1,207,277,2909,2,row-major,N,N,1.0,0.0,20260922,main,pass,pass,0,0,11636.0,0.010331,0.00911040008068,0.0194414000807,0.00962695008068,1.2772216254998419,0.5985165652524876,1.2086901773129473,0.0038126018671637073,0.0017866166126939932,0.0036080303800386485,AlphaSparse 248af573c867cf4c7e05d40c611c7c34ebac4715,CUDA,13040,13000,2026-10-08T14:16:22.101543+00:00,derived,csr-alg2,0,0,,,,5,20,4,true
3,H100-SXM5-80GB-suitesparse_all-fp64-n2-row-major-AlphaSparse-SpMM-CSR-solve-only,AlphaSparse-SpMM-CSR-best-solve-only,AlphaSparseLib CSR PER MATRIX BEST,per-matrix-best,AlphaSparse-SpMM-CSR,best,solve-only,"csr-alg1,csr-alg2,csr-alg3,csr-alg4,csr-alg5",manual-selection,csr,ALPHASPARSE_SPMM_CSR_ALG1,workspace-setup,spmm.csr.fp64,fp64,H100-SXM5-80GB,H100-SXM5-80GB,,33500.0,dad5c024-9073-5674-80e8-1be5a06ccb57,suitesparse_all,HB/young4c,young4c,841,841,4089,2,row-major,N,N,1.0,0.0,20260922,main,pass,pass,0,0,16356.0,0.011062,0.00360639989376,0.0146683998938,0.00415949989376,4.535270763594489,1.1150500476138034,3.932203490265008,0.013538121682371609,0.0033285076048173235,0.011737920866462711,AlphaSparse 248af573c867cf4c7e05d40c611c7c34ebac4715,CUDA,13040,13000,2026-10-07T06:59:53.605337+00:00,derived,csr-alg1,0,0,,,,5,20,4,true
3,H100-SXM5-80GB-suitesparse_all-fp64-n2-row-major-AlphaSparse-SpMM-CSR-solve-only,AlphaSparse-SpMM-CSR-best-solve-only,AlphaSparseLib CSR PER MATRIX BEST,per-matrix-best,AlphaSparse-SpMM-CSR,best,solve-only,"csr-alg1,csr-alg2,csr-alg3,csr-alg4,csr-alg5",manual-selection,csr,ALPHASPARSE_SPMM_CSR_ALG5,workspace-setup,spmm.csr.fp64,fp64,H100-SXM5-80GB,H100-SXM5-80GB,,33500.0,dad5c024-9073-5674-80e8-1be5a06ccb57,suitesparse_all,Hohn/sinc15,sinc15,11532,11532,568526,2,row-major,N,N,1.0,0.0,20260922,main,pass,pass,0,0,2274104.0,0.012323,0.015180799365,0.027503799365,0.015796949365,149.8013342593175,82.68326749408716,143.95842814047026,0.447168161968112,0.24681572386294676,0.4297266511655829,AlphaSparse 248af573c867cf4c7e05d40c611c7c34ebac4715,CUDA,13040,13000,2026-10-07T07:22:17.967239+00:00,derived,csr-alg5,0,0,,,,5,20,4,true
3,H100-SXM5-80GB-suitesparse_all-fp64-n2-row-major-AlphaSparse-SpMM-CSR-solve-only,AlphaSparse-SpMM-CSR-best-solve-only,AlphaSparseLib CSR PER MATRIX BEST,per-matrix-best,AlphaSparse-SpMM-CSR,best,solve-only,"csr-alg1,csr-alg2,csr-alg3,csr-alg4,csr-alg5",manual-selection,csr,ALPHASPARSE_SPMM_CSR_ALG5,workspace-setup,spmm.csr.fp64,fp64,H100-SXM5-80GB,H100-SXM5-80GB,,33500.0,29b699d9-dc3d-55c8-a1c7-29991a8141e8,suitesparse_all,Hollinger/g7jac020,g7jac020,5850,5850,45465,2,row-major,N,N,1.0,0.0,20260922,main,pass,pass,0,0,181860.0,0.010477,0.00950080007315,0.0199778000731,0.0100246500731,19.14154582769829,9.103104412626168,18.14128160822296,0.05713894276924863,0.027173446007839306,0.05415307942753123,AlphaSparse 248af573c867cf4c7e05d40c611c7c34ebac4715,CUDA,13040,13000,2026-10-08T14:55:08.740812+00:00,derived,csr-alg5,0,0,,,,5,20,4,true
3,H100-SXM5-80GB-suitesparse_all-fp64-n2-row-major-AlphaSparse-SpMM-CSR-solve-only,AlphaSparse-SpMM-CSR-best-solve-only,AlphaSparseLib CSR PER MATRIX BEST,per-matrix-best,AlphaSparse-SpMM-CSR,best,solve-only,"csr-alg1,csr-alg2,csr-alg3,csr-alg4,csr-alg5",manual-selection,csr,ALPHASPARSE_SPMM_CSR_ALG5,workspace-setup,spmm.csr.fp64,fp64,H100-SXM5-80GB,H100-SXM5-80GB,,33500.0,dad5c024-9073-5674-80e8-1be5a06ccb57,suitesparse_all,Hollinger/g7jac060sc,g7jac060sc,17730,17730,203316,2,row-major,N,N,1.0,0.0,20260922,main,pass,pass,0,0,813264.0,0.013156,0.0097199998796,0.0228759998796,0.0103777998796,83.66913683886462,35.55097063648964,78.36574316668613,0.2497586174294466,0.10612230040743176,0.23392759154234666,AlphaSparse 248af573c867cf4c7e05d40c611c7c34ebac4715,CUDA,13040,13000,2026-10-07T07:22:03.389262+00:00,derived,csr-alg5,0,0,,,,5,20,4,true
3,H100-SXM5-80GB-suitesparse_all-fp64-n2-row-major-AlphaSparse-SpMM-CSR-solve-only,AlphaSparse-SpMM-CSR-best-solve-only,AlphaSparseLib CSR PER MATRIX BEST,per-matrix-best,AlphaSparse-SpMM-CSR,best,solve-only,"csr-alg1,csr-alg2,csr-alg3,csr-alg4,csr-alg5",manual-selection,csr,ALPHASPARSE_SPMM_CSR_ALG5,workspace-setup,spmm.csr.fp64,fp64,H100-SXM5-80GB,H100-SXM5-80GB,,33500.0,29b699d9-dc3d-55c8-a1c7-29991a8141e8,suitesparse_all,Hollinger/g7jac160sc,g7jac160sc,47430,47430,656616,2,row-major,N,N,1.0,0.0,20260922,main,pass,pass,0,0,2626464.0,0.013893,0.0158767998219,0.0297697998219,0.0165714498219,165.4277958696142,88.22578639134332,158.49331399652166,0.4938143160286991,0.2633605563920696,0.4731143701388707,AlphaSparse 248af573c867cf4c7e05d40c611c7c34ebac4715,CUDA,13040,13000,2026-10-08T14:55:10.030333+00:00,derived,csr-alg5,0,0,,,,5,20,4,true
3,H100-SXM5-80GB-suitesparse_all-fp64-n2-row-major-AlphaSparse-SpMM-CSR-solve-only,AlphaSparse-SpMM-CSR-best-solve-only,AlphaSparseLib CSR PER MATRIX BEST,per-matrix-best,AlphaSparse-SpMM-CSR,best,solve-only,"csr-alg1,csr-alg2,csr-alg3,csr-alg4,csr-alg5",manual-selection,csr,ALPHASPARSE_SPMM_CSR_ALG5,workspace-setup,spmm.csr.fp64,fp64,H100-SXM5-80GB,H100-SXM5-80GB,,33500.0,dad5c024-9073-5674-80e8-1be5a06ccb57,suitesparse_all,Hollinger/jan99jac020sc,jan99jac020sc,6774,6774,38692,2,row-major,N,N,1.0,0.0,20260922,main,pass,pass,0,0,154768.0,0.009602,0.00949919968843,0.0191011996884,0.00997929968843,16.292740975695775,8.102527722067077,15.50890391431355,0.04863504768864411,0.02418664991661814,0.04629523556511507,AlphaSparse 248af573c867cf4c7e05d40c611c7c34ebac4715,CUDA,13040,13000,2026-10-07T07:22:03.837518+00:00,derived,csr-alg5,0,0,,,,5,20,4,true
3,H100-SXM5-80GB-suitesparse_all-fp64-n2-row-major-AlphaSparse-SpMM-CSR-solve-only,AlphaSparse-SpMM-CSR-best-solve-only,AlphaSparseLib CSR PER MATRIX BEST,per-matrix-best,AlphaSparse-SpMM-CSR,best,solve-only,"csr-alg1,csr-alg2,csr-alg3,csr-alg4,csr-alg5",manual-selection,csr,ALPHASPARSE_SPMM_CSR_ALG5,workspace-setup,spmm.csr.fp64,fp64,H100-SXM5-80GB,H100-SXM5-80GB,,33500.0,29b699d9-dc3d-55c8-a1c7-29991a8141e8,suitesparse_all,Hollinger/jan99jac120sc,jan99jac120sc,41374,41374,260202,2,row-major,N,N,1.0,0.0,20260922,main,pass,pass,0,0,1040808.0,0.01377,0.01112800017,0.02489800017,0.01181650017,93.53055212974535,41.80287544756652,88.08090255373811,0.27919567799923983,0.12478470282855678,0.2629280673245914,AlphaSparse 248af573c867cf4c7e05d40c611c7c34ebac4715,CUDA,13040,13000,2026-10-08T14:55:10.803950+00:00,derived,csr-alg5,0,0,,,,5,20,4,true
3,H100-SXM5-80GB-suitesparse_all-fp64-n2-row-major-AlphaSparse-SpMM-CSR-solve-only,AlphaSparse-SpMM-CSR-best-solve-only,AlphaSparseLib CSR PER MATRIX BEST,per-matrix-best,AlphaSparse-SpMM-CSR,best,solve-only,"csr-alg1,csr-alg2,csr-alg3,csr-alg4,csr-alg5",manual-selection,csr,ALPHASPARSE_SPMM_CSR_ALG5,workspace-setup,spmm.csr.fp64,fp64,H100-SXM5-80GB,H100-SXM5-80GB,,33500.0,dad5c024-9073-5674-80e8-1be5a06ccb57,suitesparse_all,Hollinger/mark3jac060sc,mark3jac060sc,27449,27449,170695,2,row-major,N,N,1.0,0.0,20260922,main,pass,pass,0,0,682780.0,0.012985,0.00999040007591,0.0229754000759,0.0106396500759,68.343609346176,29.717872060743815,64.17316313311592,0.20401077416768953,0.08871006585296662,0.19156168099437587,AlphaSparse 248af573c867cf4c7e05d40c611c7c34ebac4715,CUDA,13040,13000,2026-10-07T07:22:04.417147+00:00,derived,csr-alg5,0,0,,,,5,20,4,true
3,H100-SXM5-80GB-suitesparse_all-fp64-n2-row-major-AlphaSparse-SpMM-CSR-solve-only,AlphaSparse-SpMM-CSR-best-solve-only,AlphaSparseLib CSR PER MATRIX BEST,per-matrix-best,AlphaSparse-SpMM-CSR,best,solve-only,"csr-alg1,csr-alg2,csr-alg3,csr-alg4,csr-alg5",manual-selection,csr,ALPHASPARSE_SPMM_CSR_ALG1,workspace-setup,spmm.csr.fp64,fp64,H100-SXM5-80GB,H100-SXM5-80GB,,33500.0,29b699d9-dc3d-55c8-a1c7-29991a8141e8,suitesparse_all,HVDC/hvdc2,hvdc2,189860,189860,1347273,2,row-major,N,N,1.0,0.0,20260922,main,pass,pass,0,0,5389092.0,0.016068,0.0214975997806,0.0375655997806,0.0223009997806,250.68342768494827,143.45816468989503,241.65248432888907,0.7483087393580545,0.4282333274325225,0.721350699489221,AlphaSparse 248af573c867cf4c7e05d40c611c7c34ebac4715,CUDA,13040,13000,2026-10-08T13:48:21.447227+00:00,derived,csr-alg1,0,0,,,,5,20,4,true
3,H100-SXM5-80GB-suitesparse_all-fp64-n2-row-major-AlphaSparse-SpMM-CSR-solve-only,AlphaSparse-SpMM-CSR-best-solve-only,AlphaSparseLib CSR PER MATRIX BEST,per-matrix-best,AlphaSparse-SpMM-CSR,best,solve-only,"csr-alg1,csr-alg2,csr-alg3,csr-alg4,csr-alg5",manual-selection,csr,ALPHASPARSE_SPMM_CSR_ALG5,workspace-setup,spmm.csr.fp64,fp64,H100-SXM5-80GB,H100-SXM5-80GB,,33500.0,dad5c024-9073-5674-80e8-1be5a06ccb57,suitesparse_all,IBM_EDA/dc2,dc2,116835,116835,766396,2,row-major,N,N,1.0,0.0,20260922,main,pass,pass,0,0,3065584.0,0.016127,0.0186271995306,0.0347541995306,0.0194335495306,164.57567843002832,88.20758473521589,157.74699290898673,0.4912706818806815,0.2633062230901967,0.47088654599697527,AlphaSparse 248af573c867cf4c7e05d40c611c7c34ebac4715,CUDA,13040,13000,2026-10-07T07:22:43.396508+00:00,derived,csr-alg5,0,0,,,,5,20,4,true
3,H100-SXM5-80GB-suitesparse_all-fp64-n2-row-major-AlphaSparse-SpMM-CSR-solve-only,AlphaSparse-SpMM-CSR-best-solve-only,AlphaSparseLib CSR PER MATRIX BEST,per-matrix-best,AlphaSparse-SpMM-CSR,best,solve-only,"csr-alg1,csr-alg2,csr-alg3,csr-alg4,csr-alg5",manual-selection,csr,ALPHASPARSE_SPMM_CSR_ALG5,workspace-setup,spmm.csr.fp64,fp64,H100-SXM5-80GB,H100-SXM5-80GB,,33500.0,dad5c024-9073-5674-80e8-1be5a06ccb57,suitesparse_all,IPSO/OPF_3754,OPF_3754,15435,15435,158273,2,row-major,N,N,1.0,0.0,20260922,main,pass,pass,0,0,633092.0,0.013356,0.00980639979243,0.0231623997924,0.0104741997924,64.5590648352632,27.332746419813066,60.44299445761639,0.19271362637392,0.08159028782033752,0.18042684912721313,AlphaSparse 248af573c867cf4c7e05d40c611c7c34ebac4715,CUDA,13040,13000,2026-10-07T07:25:12.686003+00:00,derived,csr-alg5,0,0,,,,5,20,4,true
3,H100-SXM5-80GB-suitesparse_all-fp64-n2-row-major-AlphaSparse-SpMM-CSR-solve-only,AlphaSparse-SpMM-CSR-best-solve-only,AlphaSparseLib CSR PER MATRIX BEST,per-matrix-best,AlphaSparse-SpMM-CSR,best,solve-only,"csr-alg1,csr-alg2,csr-alg3,csr-alg4,csr-alg5",manual-selection,csr,ALPHASPARSE_SPMM_CSR_ALG1,workspace-setup,spmm.csr.fp64,fp64,H100-SXM5-80GB,H100-SXM5-80GB,,33500.0,29b699d9-dc3d-55c8-a1c7-29991a8141e8,suitesparse_all,Janna/Bump_2911,Bump_2911,2911419,2911419,127729899,2,row-major,N,N,1.0,0.0,20260922,main,pass,pass,0,0,510919596.0,0.162758,0.869089603424,1.03184760342,0.877227503424,587.8790794264504,495.1502472909625,582.4254187263571,1.754862923661046,1.478060439674515,1.7385833394816628,AlphaSparse 248af573c867cf4c7e05d40c611c7c34ebac4715,CUDA,13040,13000,2026-10-08T13:52:25.975135+00:00,derived,csr-alg1,0,0,,,,5,20,4,true
3,H100-SXM5-80GB-suitesparse_all-fp64-n2-row-major-AlphaSparse-SpMM-CSR-solve-only,AlphaSparse-SpMM-CSR-best-solve-only,AlphaSparseLib CSR PER MATRIX BEST,per-matrix-best,AlphaSparse-SpMM-CSR,best,solve-only,"csr-alg1,csr-alg2,csr-alg3,csr-alg4,csr-alg5",manual-selection,csr,ALPHASPARSE_SPMM_CSR_ALG1,workspace-setup,spmm.csr.fp64,fp64,H100-SXM5-80GB,H100-SXM5-80GB,,33500.0,29b699d9-dc3d-55c8-a1c7-29991a8141e8,suitesparse_all,Janna/StocF-1465,StocF-1465,1465137,1465137,21005389,2,row-major,N,N,1.0,0.0,20260922,main,pass,pass,0,0,84021556.0,0.160079,0.171168005466,0.331247005466,0.179171955466,490.8718528982897,253.65227341994546,468.943679168273,1.465289113129223,0.757170965432673,1.3998318781142476,AlphaSparse 248af573c867cf4c7e05d40c611c7c34ebac4715,CUDA,13040,13000,2026-10-08T13:51:11.702497+00:00,derived,csr-alg1,0,0,,,,5,20,4,true
3,H100-SXM5-80GB-suitesparse_all-fp64-n2-row-major-AlphaSparse-SpMM-CSR-solve-only,AlphaSparse-SpMM-CSR-best-solve-only,AlphaSparseLib CSR PER MATRIX BEST,per-matrix-best,AlphaSparse-SpMM-CSR,best,solve-only,"csr-alg1,csr-alg2,csr-alg3,csr-alg4,csr-alg5",manual-selection,csr,ALPHASPARSE_SPMM_CSR_ALG1,workspace-setup,spmm.csr.fp64,fp64,H100-SXM5-80GB,H100-SXM5-80GB,,33500.0,dad5c024-9073-5674-80e8-1be5a06ccb57,suitesparse_all,Janna/Transport,Transport,1602111,1602111,23500731,2,row-major,N,N,1.0,0.0,20260922,main,pass,pass,0,0,94002924.0,0.162197,0.161270403862,0.323467403862,0.169380253862,582.8901134298568,290.6101909424672,554.9815982480901,1.7399704878503188,0.8674931072909469,1.6566614873077317,AlphaSparse 248af573c867cf4c7e05d40c611c7c34ebac4715,CUDA,13040,13000,2026-10-07T07:03:51.541709+00:00,derived,csr-alg1,0,0,,,,5,20,4,true
3,H100-SXM5-80GB-suitesparse_all-fp64-n2-row-major-AlphaSparse-SpMM-CSR-solve-only,AlphaSparse-SpMM-CSR-best-solve-only,AlphaSparseLib CSR PER MATRIX BEST,per-matrix-best,AlphaSparse-SpMM-CSR,best,solve-only,"csr-alg1,csr-alg2,csr-alg3,csr-alg4,csr-alg5",manual-selection,csr,ALPHASPARSE_SPMM_CSR_ALG2,workspace-setup,spmm.csr.fp64,fp64,H100-SXM5-80GB,H100-SXM5-80GB,,33500.0,29b699d9-dc3d-55c8-a1c7-29991a8141e8,suitesparse_all,JGD_BIBD/bibd_12_4,bibd_12_4,66,495,2970,2,row-major,N,N,1.0,0.0,20260922,main,pass,pass,0,0,11880.0,0.011998,0.00824960023165,0.0202476002316,0.00884950023165,1.4400697811297318,0.5867361990612169,1.3424486907759492,0.004298715764566363,0.0017514513404812443,0.004007309524704326,AlphaSparse 248af573c867cf4c7e05d40c611c7c34ebac4715,CUDA,13040,13000,2026-10-08T14:19:10.322825+00:00,derived,csr-alg2,0,0,,,,5,20,4,true
3,H100-SXM5-80GB-suitesparse_all-fp64-n2-row-major-AlphaSparse-SpMM-CSR-solve-only,AlphaSparse-SpMM-CSR-best-solve-only,AlphaSparseLib CSR PER MATRIX BEST,per-matrix-best,AlphaSparse-SpMM-CSR,best,solve-only,"csr-alg1,csr-alg2,csr-alg3,csr-alg4,csr-alg5",manual-selection,csr,ALPHASPARSE_SPMM_CSR_ALG5,workspace-setup,spmm.csr.fp64,fp64,H100-SXM5-80GB,H100-SXM5-80GB,,33500.0,dad5c024-9073-5674-80e8-1be5a06ccb57,suitesparse_all,JGD_BIBD/bibd_16_8,bibd_16_8,120,12870,360360,2,row-major,N,N,1.0,0.0,20260922,main,pass,pass,0,0,1441440.0,0.014172,0.014833599329,0.029005599329,0.015542199329,97.17398778474178,49.69523241530949,92.74363103234911,0.2900716053275874,0.14834397735913282,0.27684665979805706,AlphaSparse 248af573c867cf4c7e05d40c611c7c34ebac4715,CUDA,13040,13000,2026-10-07T07:23:39.535292+00:00,derived,csr-alg5,0,0,,,,5,20,4,true
3,H100-SXM5-80GB-suitesparse_all-fp64-n2-row-major-AlphaSparse-SpMM-CSR-solve-only,AlphaSparse-SpMM-CSR-best-solve-only,AlphaSparseLib CSR PER MATRIX BEST,per-matrix-best,AlphaSparse-SpMM-CSR,best,solve-only,"csr-alg1,csr-alg2,csr-alg3,csr-alg4,csr-alg5",manual-selection,csr,ALPHASPARSE_SPMM_CSR_ALG1,workspace-setup,spmm.csr.fp64,fp64,H100-SXM5-80GB,H100-SXM5-80GB,,33500.0,29b699d9-dc3d-55c8-a1c7-29991a8141e8,suitesparse_all,JGD_BIBD/bibd_81_2,bibd_81_2,3240,3240,3240,2,row-major,N,N,1.0,0.0,20260922,main,pass,pass,0,0,12960.0,0.009575,0.00314080007374,0.0127158000737,0.00361955007374,4.1263371420414865,1.0192044483937017,3.5805555209818447,0.012317424304601454,0.0030424013384886617,0.010688225435766701,AlphaSparse 248af573c867cf4c7e05d40c611c7c34ebac4715,CUDA,13040,13000,2026-10-08T13:48:23.383407+00:00,derived,csr-alg1,0,0,,,,5,20,4,true
3,H100-SXM5-80GB-suitesparse_all-fp64-n2-row-major-AlphaSparse-SpMM-CSR-solve-only,AlphaSparse-SpMM-CSR-best-solve-only,AlphaSparseLib CSR PER MATRIX BEST,per-matrix-best,AlphaSparse-SpMM-CSR,best,solve-only,"csr-alg1,csr-alg2,csr-alg3,csr-alg4,csr-alg5",manual-selection,csr,ALPHASPARSE_SPMM_CSR_ALG1,workspace-setup,spmm.csr.fp64,fp64,H100-SXM5-80GB,H100-SXM5-80GB,,33500.0,dad5c024-9073-5674-80e8-1be5a06ccb57,suitesparse_all,JGD_Forest/TF11,TF11,216,236,1607,2,row-major,N,N,1.0,0.0,20260922,main,pass,pass,0,0,6428.0,0.009262,0.00591359995306,0.0151755999531,0.00637669995306,1.0869859393640287,0.4235746869886959,1.0080449209336535,0.00324473414735531,0.001264402050712525,0.003009089316219861,AlphaSparse 248af573c867cf4c7e05d40c611c7c34ebac4715,CUDA,13040,13000,2026-10-07T07:01:52.418395+00:00,derived,csr-alg1,0,0,,,,5,20,4,true
3,H100-SXM5-80GB-suitesparse_all-fp64-n2-row-major-AlphaSparse-SpMM-CSR-solve-only,AlphaSparse-SpMM-CSR-best-solve-only,AlphaSparseLib CSR PER MATRIX BEST,per-matrix-best,AlphaSparse-SpMM-CSR,best,solve-only,"csr-alg1,csr-alg2,csr-alg3,csr-alg4,csr-alg5",manual-selection,csr,ALPHASPARSE_SPMM_CSR_ALG1,workspace-setup,spmm.csr.fp64,fp64,H100-SXM5-80GB,H100-SXM5-80GB,,33500.0,29b699d9-dc3d-55c8-a1c7-29991a8141e8,suitesparse_all,JGD_Franz/Franz2,Franz2,4032,4480,21504,2,row-major,N,N,1.0,0.0,20260922,main,pass,pass,0,0,86016.0,0.009108,0.00491200014949,0.0140200001495,0.00536740014949,17.511400118530293,6.1352353126092956,16.02563580212537,0.052272836174717285,0.018314135261520287,0.04783771881231454,AlphaSparse 248af573c867cf4c7e05d40c611c7c34ebac4715,CUDA,13040,13000,2026-10-08T13:48:23.833757+00:00,derived,csr-alg1,0,0,,,,5,20,4,true
3,H100-SXM5-80GB-suitesparse_all-fp64-n2-row-major-AlphaSparse-SpMM-CSR-solve-only,AlphaSparse-SpMM-CSR-best-solve-only,AlphaSparseLib CSR PER MATRIX BEST,per-matrix-best,AlphaSparse-SpMM-CSR,best,solve-only,"csr-alg1,csr-alg2,csr-alg3,csr-alg4,csr-alg5",manual-selection,csr,ALPHASPARSE_SPMM_CSR_ALG1,workspace-setup,spmm.csr.fp64,fp64,H100-SXM5-80GB,H100-SXM5-80GB,,33500.0,dad5c024-9073-5674-80e8-1be5a06ccb57,suitesparse_all,JGD_Franz/Franz8,Franz8,16728,7176,100368,2,row-major,N,N,1.0,0.0,20260922,main,pass,pass,0,0,401472.0,0.011134,0.00419039987028,0.0153243998703,0.00474709987028,95.80756310332119,26.19822005415606,84.57205682852418,0.2859927256815558,0.07820364195270466,0.2524539009806692,AlphaSparse 248af573c867cf4c7e05d40c611c7c34ebac4715,CUDA,13040,13000,2026-10-07T07:01:52.894860+00:00,derived,csr-alg1,0,0,,,,5,20,4,true
3,H100-SXM5-80GB-suitesparse_all-fp64-n2-row-major-AlphaSparse-SpMM-CSR-solve-only,AlphaSparse-SpMM-CSR-best-solve-only,AlphaSparseLib CSR PER MATRIX BEST,per-matrix-best,AlphaSparse-SpMM-CSR,best,solve-only,"csr-alg1,csr-alg2,csr-alg3,csr-alg4,csr-alg5",manual-selection,csr,ALPHASPARSE_SPMM_CSR_ALG2,workspace-setup,spmm.csr.fp64,fp64,H100-SXM5-80GB,H100-SXM5-80GB,,33500.0,29b699d9-dc3d-55c8-a1c7-29991a8141e8,suitesparse_all,JGD_G5/IG5-12,IG5-12,2296,2875,46260,2,row-major,N,N,1.0,0.0,20260922,main,pass,pass,0,0,185040.0,0.009213,0.00914240032434,0.0183554003243,0.00960305032434,20.239761270064296,10.080956924433446,19.268877466048004,0.060417197821087454,0.030092408729652076,0.057519037212083596,AlphaSparse 248af573c867cf4c7e05d40c611c7c34ebac4715,CUDA,13040,13000,2026-10-08T14:19:11.736726+00:00,derived,csr-alg2,0,0,,,,5,20,4,true
3,H100-SXM5-80GB-suitesparse_all-fp64-n2-row-major-AlphaSparse-SpMM-CSR-solve-only,AlphaSparse-SpMM-CSR-best-solve-only,AlphaSparseLib CSR PER MATRIX BEST,per-matrix-best,AlphaSparse-SpMM-CSR,best,solve-only,"csr-alg1,csr-alg2,csr-alg3,csr-alg4,csr-alg5",manual-selection,csr,ALPHASPARSE_SPMM_CSR_ALG5,workspace-setup,spmm.csr.fp64,fp64,H100-SXM5-80GB,H100-SXM5-80GB,,33500.0,dad5c024-9073-5674-80e8-1be5a06ccb57,suitesparse_all,JGD_G5/IG5-18,IG5-18,47894,41550,1790490,2,row-major,N,N,1.0,0.0,20260922,main,pass,pass,0,0,7161960.0,0.019708,0.0290111988783,0.0487191988783,0.0299965988783,246.86880504469784,147.00488031197915,238.75906828827422,0.7369218061035756,0.4388205382447139,0.7127136366814155,AlphaSparse 248af573c867cf4c7e05d40c611c7c34ebac4715,CUDA,13040,13000,2026-10-07T07:23:42.659992+00:00,derived,csr-alg5,0,0,,,,5,20,4,true
3,H100-SXM5-80GB-suitesparse_all-fp64-n2-row-major-AlphaSparse-SpMM-CSR-solve-only,AlphaSparse-SpMM-CSR-best-solve-only,AlphaSparseLib CSR PER MATRIX BEST,per-matrix-best,AlphaSparse-SpMM-CSR,best,solve-only,"csr-alg1,csr-alg2,csr-alg3,csr-alg4,csr-alg5",manual-selection,csr,ALPHASPARSE_SPMM_CSR_ALG1,workspace-setup,spmm.csr.fp64,fp64,H100-SXM5-80GB,H100-SXM5-80GB,,33500.0,29b699d9-dc3d-55c8-a1c7-29991a8141e8,suitesparse_all,JGD_GL7d/GL7d14,GL7d14,171375,47271,1831183,2,row-major,N,N,1.0,0.0,20260922,main,pass,pass,0,0,7324732.0,0.018024,0.0245967999101,0.0426207999101,0.0254979999101,297.7920716016517,171.8581541277979,287.26692390874956,0.8889315570198558,0.5130094153068593,0.8575132056977599,AlphaSparse 248af573c867cf4c7e05d40c611c7c34ebac4715,CUDA,13040,13000,2026-10-08T13:48:25.984606+00:00,derived,csr-alg1,0,0,,,,5,20,4,true
3,H100-SXM5-80GB-suitesparse_all-fp64-n2-row-major-AlphaSparse-SpMM-CSR-solve-only,AlphaSparse-SpMM-CSR-best-solve-only,AlphaSparseLib CSR PER MATRIX BEST,per-matrix-best,AlphaSparse-SpMM-CSR,best,solve-only,"csr-alg1,csr-alg2,csr-alg3,csr-alg4,csr-alg5",manual-selection,csr,ALPHASPARSE_SPMM_CSR_ALG1,workspace-setup,spmm.csr.fp64,fp64,H100-SXM5-80GB,H100-SXM5-80GB,,33500.0,dad5c024-9073-5674-80e8-1be5a06ccb57,suitesparse_all,JGD_GL7d/GL7d20,GL7d20,1437547,1911130,29893084,2,row-major,N,N,1.0,0.0,20260922,main,pass,pass,0,0,119572336.0,0.159603,0.574811220169,0.734414220169,0.582791370169,208.02018437434918,162.81320910764032,205.17176835567412,0.6209557742517886,0.486009579425792,0.612453039867684,AlphaSparse 248af573c867cf4c7e05d40c611c7c34ebac4715,CUDA,13040,13000,2026-10-07T07:02:15.598565+00:00,derived,csr-alg1,0,0,,,,5,20,4,true
3,H100-SXM5-80GB-suitesparse_all-fp64-n2-row-major-AlphaSparse-SpMM-CSR-solve-only,AlphaSparse-SpMM-CSR-best-solve-only,AlphaSparseLib CSR PER MATRIX BEST,per-matrix-best,AlphaSparse-SpMM-CSR,best,solve-only,"csr-alg1,csr-alg2,csr-alg3,csr-alg4,csr-alg5",manual-selection,csr,ALPHASPARSE_SPMM_CSR_ALG5,workspace-setup,spmm.csr.fp64,fp64,H100-SXM5-80GB,H100-SXM5-80GB,,33500.0,29b699d9-dc3d-55c8-a1c7-29991a8141e8,suitesparse_all,JGD_Groebner/f855_mat9_I,f855_mat9_I,2456,2511,171214,2,row-major,N,N,1.0,0.0,20260922,main,pass,pass,0,0,684856.0,0.013189,0.00960479974747,0.0227937997475,0.0102642497475,71.30351678392856,30.045714518270007,66.72246066175525,0.2128463187579957,0.08968870005453733,0.1991715243634485,AlphaSparse 248af573c867cf4c7e05d40c611c7c34ebac4715,CUDA,13040,13000,2026-10-08T14:58:01.208117+00:00,derived,csr-alg5,0,0,,,,5,20,4,true
3,H100-SXM5-80GB-suitesparse_all-fp64-n2-row-major-AlphaSparse-SpMM-CSR-solve-only,AlphaSparse-SpMM-CSR-best-solve-only,AlphaSparseLib CSR PER MATRIX BEST,per-matrix-best,AlphaSparse-SpMM-CSR,best,solve-only,"csr-alg1,csr-alg2,csr-alg3,csr-alg4,csr-alg5",manual-selection,csr,ALPHASPARSE_SPMM_CSR_ALG1,workspace-setup,spmm.csr.fp64,fp64,H100-SXM5-80GB,H100-SXM5-80GB,,33500.0,dad5c024-9073-5674-80e8-1be5a06ccb57,suitesparse_all,JGD_Homology/ch3-3-b2,ch3-3-b2,6,18,18,2,row-major,N,N,1.0,0.0,20260922,main,pass,pass,0,0,72.0,0.009188,0.00318400003016,0.0123720000302,0.00364340003016,0.02261306511243403,0.005819592614310403,0.01976176082889205,6.750168690278815e-05,1.7371918251672843e-05,5.899033083251358e-05,AlphaSparse 248af573c867cf4c7e05d40c611c7c34ebac4715,CUDA,13040,13000,2026-10-07T07:02:16.015782+00:00,derived,csr-alg1,0,0,,,,5,20,4,true
3,H100-SXM5-80GB-suitesparse_all-fp64-n2-row-major-AlphaSparse-SpMM-CSR-solve-only,AlphaSparse-SpMM-CSR-best-solve-only,AlphaSparseLib CSR PER MATRIX BEST,per-matrix-best,AlphaSparse-SpMM-CSR,best,solve-only,"csr-alg1,csr-alg2,csr-alg3,csr-alg4,csr-alg5",manual-selection,csr,ALPHASPARSE_SPMM_CSR_ALG1,workspace-setup,spmm.csr.fp64,fp64,H100-SXM5-80GB,H100-SXM5-80GB,,33500.0,29b699d9-dc3d-55c8-a1c7-29991a8141e8,suitesparse_all,JGD_Homology/ch6-6-b3,ch6-6-b3,5400,2400,21600,2,row-major,N,N,1.0,0.0,20260922,main,pass,pass,0,0,86400.0,0.008918,0.00362240001559,0.0125404000156,0.00406830001559,23.851590003355156,6.889732376361215,21.237371793847398,0.07119877612941838,0.020566365302570788,0.06339513968312657,AlphaSparse 248af573c867cf4c7e05d40c611c7c34ebac4715,CUDA,13040,13000,2026-10-08T13:48:26.999377+00:00,derived,csr-alg1,0,0,,,,5,20,4,true
3,H100-SXM5-80GB-suitesparse_all-fp64-n2-row-major-AlphaSparse-SpMM-CSR-solve-only,AlphaSparse-SpMM-CSR-best-solve-only,AlphaSparseLib CSR PER MATRIX BEST,per-matrix-best,AlphaSparse-SpMM-CSR,best,solve-only,"csr-alg1,csr-alg2,csr-alg3,csr-alg4,csr-alg5",manual-selection,csr,ALPHASPARSE_SPMM_CSR_ALG1,workspace-setup,spmm.csr.fp64,fp64,H100-SXM5-80GB,H100-SXM5-80GB,,33500.0,dad5c024-9073-5674-80e8-1be5a06ccb57,suitesparse_all,JGD_Homology/ch7-6-b4,ch7-6-b4,15120,12600,75600,2,row-major,N,N,1.0,0.0,20260922,main,pass,pass,0,0,302400.0,0.010899,0.00402400009334,0.0149230000933,0.00456895009334,75.14910362464778,20.264021852802166,66.18588380748521,0.22432568246163517,0.06048961747105124,0.19756980241040362,AlphaSparse 248af573c867cf4c7e05d40c611c7c34ebac4715,CUDA,13040,13000,2026-10-07T07:02:16.520255+00:00,derived,csr-alg1,0,0,,,,5,20,4,true
3,H100-SXM5-80GB-suitesparse_all-fp64-n2-row-major-AlphaSparse-SpMM-CSR-solve-only,AlphaSparse-SpMM-CSR-best-solve-only,AlphaSparseLib CSR PER MATRIX BEST,per-matrix-best,AlphaSparse-SpMM-CSR,best,solve-only,"csr-alg1,csr-alg2,csr-alg3,csr-alg4,csr-alg5",manual-selection,csr,ALPHASPARSE_SPMM_CSR_ALG1,workspace-setup,spmm.csr.fp64,fp64,H100-SXM5-80GB,H100-SXM5-80GB,,33500.0,29b699d9-dc3d-55c8-a1c7-29991a8141e8,suitesparse_all,JGD_Homology/ch7-9-b1,ch7-9-b1,1512,63,3024,2,row-major,N,N,1.0,0.0,20260922,main,pass,pass,0,0,12096.0,0.01019,0.00314880013466,0.0133388001347,0.00365830013466,3.841463250352058,0.9068281912803432,3.306453695638123,0.01146705447866286,0.002706949824717442,0.009870011031755591,AlphaSparse 248af573c867cf4c7e05d40c611c7c34ebac4715,CUDA,13040,13000,2026-10-08T13:48:27.434098+00:00,derived,csr-alg1,0,0,,,,5,20,4,true
3,H100-SXM5-80GB-suitesparse_all-fp64-n2-row-major-AlphaSparse-SpMM-CSR-solve-only,AlphaSparse-SpMM-CSR-best-solve-only,AlphaSparseLib CSR PER MATRIX BEST,per-matrix-best,AlphaSparse-SpMM-CSR,best,solve-only,"csr-alg1,csr-alg2,csr-alg3,csr-alg4,csr-alg5",manual-selection,csr,ALPHASPARSE_SPMM_CSR_ALG1,workspace-setup,spmm.csr.fp64,fp64,H100-SXM5-80GB,H100-SXM5-80GB,,33500.0,dad5c024-9073-5674-80e8-1be5a06ccb57,suitesparse_all,JGD_Homology/ch8-8-b2,ch8-8-b2,18816,1568,56448,2,row-major,N,N,1.0,0.0,20260922,main,pass,pass,0,0,225792.0,0.009096,0.00332639999688,0.0124223999969,0.00378119999688,67.87878794245485,18.176197840702777,59.71437643772053,0.20262324758941747,0.05425730698717247,0.17825186996334486,AlphaSparse 248af573c867cf4c7e05d40c611c7c34ebac4715,CUDA,13040,13000,2026-10-07T07:02:16.942076+00:00,derived,csr-alg1,0,0,,,,5,20,4,true
3,H100-SXM5-80GB-suitesparse_all-fp64-n2-row-major-AlphaSparse-SpMM-CSR-solve-only,AlphaSparse-SpMM-CSR-best-solve-only,AlphaSparseLib CSR PER MATRIX BEST,per-matrix-best,AlphaSparse-SpMM-CSR,best,solve-only,"csr-alg1,csr-alg2,csr-alg3,csr-alg4,csr-alg5",manual-selection,csr,ALPHASPARSE_SPMM_CSR_ALG1,workspace-setup,spmm.csr.fp64,fp64,H100-SXM5-80GB,H100-SXM5-80GB,,33500.0,29b699d9-dc3d-55c8-a1c7-29991a8141e8,suitesparse_all,JGD_Homology/cis-n4c6-b4,cis-n4c6-b4,20058,5970,100290,2,row-major,N,N,1.0,0.0,20260922,main,pass,pass,0,0,401160.0,0.012145,0.00396800003946,0.0161130000395,0.00457525003946,101.09878931719804,24.89666722625096,87.68045386375155,0.30178743079760606,0.07431840963059988,0.2617326981007509,AlphaSparse 248af573c867cf4c7e05d40c611c7c34ebac4715,CUDA,13040,13000,2026-10-08T13:48:27.931996+00:00,derived,csr-alg1,0,0,,,,5,20,4,true
3,H100-SXM5-80GB-suitesparse_all-fp64-n2-row-major-AlphaSparse-SpMM-CSR-solve-only,AlphaSparse-SpMM-CSR-best-solve-only,AlphaSparseLib CSR PER MATRIX BEST,per-matrix-best,AlphaSparse-SpMM-CSR,best,solve-only,"csr-alg1,csr-alg2,csr-alg3,csr-alg4,csr-alg5",manual-selection,csr,ALPHASPARSE_SPMM_CSR_ALG1,workspace-setup,spmm.csr.fp64,fp64,H100-SXM5-80GB,H100-SXM5-80GB,,33500.0,dad5c024-9073-5674-80e8-1be5a06ccb57,suitesparse_all,JGD_Homology/mk10-b1,mk10-b1,630,45,1260,2,row-major,N,N,1.0,0.0,20260922,main,pass,pass,0,0,5040.0,0.009731,0.00307679995894,0.0128077999589,0.00356334995894,1.6380655444809449,0.39351020598176656,1.41439938767599,0.004889747893972969,0.0011746573312888555,0.00422208772440594,AlphaSparse 248af573c867cf4c7e05d40c611c7c34ebac4715,CUDA,13040,13000,2026-10-07T07:02:17.382603+00:00,derived,csr-alg1,0,0,,,,5,20,4,true
3,H100-SXM5-80GB-suitesparse_all-fp64-n2-row-major-AlphaSparse-SpMM-CSR-solve-only,AlphaSparse-SpMM-CSR-best-solve-only,AlphaSparseLib CSR PER MATRIX BEST,per-matrix-best,AlphaSparse-SpMM-CSR,best,solve-only,"csr-alg1,csr-alg2,csr-alg3,csr-alg4,csr-alg5",manual-selection,csr,ALPHASPARSE_SPMM_CSR_ALG1,workspace-setup,spmm.csr.fp64,fp64,H100-SXM5-80GB,H100-SXM5-80GB,,33500.0,29b699d9-dc3d-55c8-a1c7-29991a8141e8,suitesparse_all,JGD_Homology/mk12-b2,mk12-b2,13860,1485,41580,2,row-major,N,N,1.0,0.0,20260922,main,pass,pass,0,0,166320.0,0.010385,0.00336959995329,0.0137545999533,0.00388884995329,49.35897504319733,12.09195473257632,42.76842819797968,0.14734022400954427,0.03609538726142185,0.12766694984471547,AlphaSparse 248af573c867cf4c7e05d40c611c7c34ebac4715,CUDA,13040,13000,2026-10-08T13:48:28.396275+00:00,derived,csr-alg1,0,0,,,,5,20,4,true
3,H100-SXM5-80GB-suitesparse_all-fp64-n2-row-major-AlphaSparse-SpMM-CSR-solve-only,AlphaSparse-SpMM-CSR-best-solve-only,AlphaSparseLib CSR PER MATRIX BEST,per-matrix-best,AlphaSparse-SpMM-CSR,best,solve-only,"csr-alg1,csr-alg2,csr-alg3,csr-alg4,csr-alg5",manual-selection,csr,ALPHASPARSE_SPMM_CSR_ALG1,workspace-setup,spmm.csr.fp64,fp64,H100-SXM5-80GB,H100-SXM5-80GB,,33500.0,dad5c024-9073-5674-80e8-1be5a06ccb57,suitesparse_all,JGD_Homology/mk9-b2,mk9-b2,1260,378,3780,2,row-major,N,N,1.0,0.0,20260922,main,pass,pass,0,0,15120.0,0.011457,0.00328160002828,0.0147386000283,0.00385445002828,4.607508492716864,1.025877625484623,3.922738623945038,0.013753756694677205,0.003062321270103352,0.011709667534164293,AlphaSparse 248af573c867cf4c7e05d40c611c7c34ebac4715,CUDA,13040,13000,2026-10-07T07:02:17.795600+00:00,derived,csr-alg1,0,0,,,,5,20,4,true
3,H100-SXM5-80GB-suitesparse_all-fp64-n2-row-major-AlphaSparse-SpMM-CSR-solve-only,AlphaSparse-SpMM-CSR-best-solve-only,AlphaSparseLib CSR PER MATRIX BEST,per-matrix-best,AlphaSparse-SpMM-CSR,best,solve-only,"csr-alg1,csr-alg2,csr-alg3,csr-alg4,csr-alg5",manual-selection,csr,ALPHASPARSE_SPMM_CSR_ALG1,workspace-setup,spmm.csr.fp64,fp64,H100-SXM5-80GB,H100-SXM5-80GB,,33500.0,29b699d9-dc3d-55c8-a1c7-29991a8141e8,suitesparse_all,JGD_Homology/n2c6-b8,n2c6-b8,1470,3990,13230,2,row-major,N,N,1.0,0.0,20260922,main,pass,pass,0,0,52920.0,0.00925,0.00475840009749,0.0140084000975,0.00522090009749,11.121385111755247,3.777733333690571,10.13618322737909,0.03319816451270223,0.011276815921464392,0.03025726336531072,AlphaSparse 248af573c867cf4c7e05d40c611c7c34ebac4715,CUDA,13040,13000,2026-10-08T13:48:28.834862+00:00,derived,csr-alg1,0,0,,,,5,20,4,true
3,H100-SXM5-80GB-suitesparse_all-fp64-n2-row-major-AlphaSparse-SpMM-CSR-solve-only,AlphaSparse-SpMM-CSR-best-solve-only,AlphaSparseLib CSR PER MATRIX BEST,per-matrix-best,AlphaSparse-SpMM-CSR,best,solve-only,"csr-alg1,csr-alg2,csr-alg3,csr-alg4,csr-alg5",manual-selection,csr,ALPHASPARSE_SPMM_CSR_ALG1,workspace-setup,spmm.csr.fp64,fp64,H100-SXM5-80GB,H100-SXM5-80GB,,33500.0,dad5c024-9073-5674-80e8-1be5a06ccb57,suitesparse_all,JGD_Homology/n3c5-b1,n3c5-b1,45,10,90,2,row-major,N,N,1.0,0.0,20260922,main,pass,pass,0,0,360.0,0.009572,0.00295039992779,0.0125223999278,0.00342899992779,0.12201735656550748,0.02874848288472182,0.10498687885129848,0.00036423091512091785,8.581636682006513e-05,0.0003133936682128313,AlphaSparse 248af573c867cf4c7e05d40c611c7c34ebac4715,CUDA,13040,13000,2026-10-07T07:02:18.198873+00:00,derived,csr-alg1,0,0,,,,5,20,4,true
3,H100-SXM5-80GB-suitesparse_all-fp64-n2-row-major-AlphaSparse-SpMM-CSR-solve-only,AlphaSparse-SpMM-CSR-best-solve-only,AlphaSparseLib CSR PER MATRIX BEST,per-matrix-best,AlphaSparse-SpMM-CSR,best,solve-only,"csr-alg1,csr-alg2,csr-alg3,csr-alg4,csr-alg5",manual-selection,csr,ALPHASPARSE_SPMM_CSR_ALG1,workspace-setup,spmm.csr.fp64,fp64,H100-SXM5-80GB,H100-SXM5-80GB,,33500.0,29b699d9-dc3d-55c8-a1c7-29991a8141e8,suitesparse_all,JGD_Homology/n3c6-b2,n3c6-b2,455,105,1365,2,row-major,N,N,1.0,0.0,20260922,main,pass,pass,0,0,5460.0,0.010212,0.00324160009623,0.0134536000962,0.00375220009623,1.6843533557239254,0.4058393263482084,1.4551462768432584,0.005027920464847538,0.0012114606756662939,0.004343720229382861,AlphaSparse 248af573c867cf4c7e05d40c611c7c34ebac4715,CUDA,13040,13000,2026-10-08T13:48:29.294869+00:00,derived,csr-alg1,0,0,,,,5,20,4,true
3,H100-SXM5-80GB-suitesparse_all-fp64-n2-row-major-AlphaSparse-SpMM-CSR-solve-only,AlphaSparse-SpMM-CSR-best-solve-only,AlphaSparseLib CSR PER MATRIX BEST,per-matrix-best,AlphaSparse-SpMM-CSR,best,solve-only,"csr-alg1,csr-alg2,csr-alg3,csr-alg4,csr-alg5",manual-selection,csr,ALPHASPARSE_SPMM_CSR_ALG1,workspace-setup,spmm.csr.fp64,fp64,H100-SXM5-80GB,H100-SXM5-80GB,,33500.0,dad5c024-9073-5674-80e8-1be5a06ccb57,suitesparse_all,JGD_Homology/n3c6-b8,n3c6-b8,4935,6435,44415,2,row-major,N,N,1.0,0.0,20260922,main,pass,pass,0,0,177660.0,0.010552,0.00487519986928,0.0154271998693,0.00540279986928,36.44158286093775,11.516023744110681,32.88295037729682,0.10878084436100821,0.03437619028092741,0.0981580608277517,AlphaSparse 248af573c867cf4c7e05d40c611c7c34ebac4715,CUDA,13040,13000,2026-10-07T07:02:18.687838+00:00,derived,csr-alg1,0,0,,,,5,20,4,true
3,H100-SXM5-80GB-suitesparse_all-fp64-n2-row-major-AlphaSparse-SpMM-CSR-solve-only,AlphaSparse-SpMM-CSR-best-solve-only,AlphaSparseLib CSR PER MATRIX BEST,per-matrix-best,AlphaSparse-SpMM-CSR,best,solve-only,"csr-alg1,csr-alg2,csr-alg3,csr-alg4,csr-alg5",manual-selection,csr,ALPHASPARSE_SPMM_CSR_ALG1,workspace-setup,spmm.csr.fp64,fp64,H100-SXM5-80GB,H100-SXM5-80GB,,33500.0,29b699d9-dc3d-55c8-a1c7-29991a8141e8,suitesparse_all,JGD_Homology/n4c5-b7,n4c5-b7,3635,4735,29080,2,row-major,N,N,1.0,0.0,20260922,main,pass,pass,0,0,116320.0,0.010386,0.00453599989414,0.0149219998941,0.00505529989414,25.643739575539303,7.79520177090952,23.009515248508947,0.07654847634489345,0.02326925901764036,0.06868512014480282,AlphaSparse 248af573c867cf4c7e05d40c611c7c34ebac4715,CUDA,13040,13000,2026-10-08T13:48:29.740205+00:00,derived,csr-alg1,0,0,,,,5,20,4,true
3,H100-SXM5-80GB-suitesparse_all-fp64-n2-row-major-AlphaSparse-SpMM-CSR-solve-only,AlphaSparse-SpMM-CSR-best-solve-only,AlphaSparseLib CSR PER MATRIX BEST,per-matrix-best,AlphaSparse-SpMM-CSR,best,solve-only,"csr-alg1,csr-alg2,csr-alg3,csr-alg4,csr-alg5",manual-selection,csr,ALPHASPARSE_SPMM_CSR_ALG1,workspace-setup,spmm.csr.fp64,fp64,H100-SXM5-80GB,H100-SXM5-80GB,,33500.0,dad5c024-9073-5674-80e8-1be5a06ccb57,suitesparse_all,JGD_Homology/n4c6-b12,n4c6-b12,25605,69235,332865,2,row-major,N,N,1.0,0.0,20260922,main,pass,pass,0,0,1331460.0,0.01392,0.00626719966531,0.0201871996653,0.00696319966531,212.4489518612043,65.95565616209075,191.2138189334434,0.6341759757050874,0.19688255570773355,0.5707875192043087,AlphaSparse 248af573c867cf4c7e05d40c611c7c34ebac4715,CUDA,13040,13000,2026-10-07T07:02:19.297809+00:00,derived,csr-alg1,0,0,,,,5,20,4,true
3,H100-SXM5-80GB-suitesparse_all-fp64-n2-row-major-AlphaSparse-SpMM-CSR-solve-only,AlphaSparse-SpMM-CSR-best-solve-only,AlphaSparseLib CSR PER MATRIX BEST,per-matrix-best,AlphaSparse-SpMM-CSR,best,solve-only,"csr-alg1,csr-alg2,csr-alg3,csr-alg4,csr-alg5",manual-selection,csr,ALPHASPARSE_SPMM_CSR_ALG1,workspace-setup,spmm.csr.fp64,fp64,H100-SXM5-80GB,H100-SXM5-80GB,,33500.0,29b699d9-dc3d-55c8-a1c7-29991a8141e8,suitesparse_all,JGD_Homology/n4c6-b8,n4c6-b8,198895,163215,1790055,2,row-major,N,N,1.0,0.0,20260922,main,pass,pass,0,0,7160220.0,0.017132,0.0145968005061,0.0317288005061,0.0154534005061,490.53352459038854,225.66941976339186,463.34267963699057,1.4642791778817568,0.6736400589951996,1.38311247652833,AlphaSparse 248af573c867cf4c7e05d40c611c7c34ebac4715,CUDA,13040,13000,2026-10-08T13:48:31.403738+00:00,derived,csr-alg1,0,0,,,,5,20,4,true
3,H100-SXM5-80GB-suitesparse_all-fp64-n2-row-major-AlphaSparse-SpMM-CSR-solve-only,AlphaSparse-SpMM-CSR-best-solve-only,AlphaSparseLib CSR PER MATRIX BEST,per-matrix-best,AlphaSparse-SpMM-CSR,best,solve-only,"csr-alg1,csr-alg2,csr-alg3,csr-alg4,csr-alg5",manual-selection,csr,ALPHASPARSE_SPMM_CSR_ALG5,workspace-setup,spmm.csr.fp64,fp64,H100-SXM5-80GB,H100-SXM5-80GB,,33500.0,29b699d9-dc3d-55c8-a1c7-29991a8141e8,suitesparse_all,JGD_Kocay/Trec13,Trec13,1301,6561,654517,2,row-major,N,N,1.0,0.0,20260922,main,pass,pass,0,0,2618068.0,0.015002,0.0171296000481,0.0321316000481,0.0178797000481,152.83882826501798,81.4795402681732,146.42684121975583,0.45623530825378505,0.24322250826320357,0.43709504841718155,AlphaSparse 248af573c867cf4c7e05d40c611c7c34ebac4715,CUDA,13040,13000,2026-10-08T14:58:06.702452+00:00,derived,csr-alg5,0,0,,,,5,20,4,true
3,H100-SXM5-80GB-suitesparse_all-fp64-n2-row-major-AlphaSparse-SpMM-CSR-solve-only,AlphaSparse-SpMM-CSR-best-solve-only,AlphaSparseLib CSR PER MATRIX BEST,per-matrix-best,AlphaSparse-SpMM-CSR,best,solve-only,"csr-alg1,csr-alg2,csr-alg3,csr-alg4,csr-alg5",manual-selection,csr,ALPHASPARSE_SPMM_CSR_ALG1,workspace-setup,spmm.csr.fp64,fp64,H100-SXM5-80GB,H100-SXM5-80GB,,33500.0,dad5c024-9073-5674-80e8-1be5a06ccb57,suitesparse_all,JGD_Kocay/Trec3,Trec3,1,2,1,2,row-major,N,N,1.0,0.0,20260922,main,pass,pass,0,0,4.0,0.00958,0.00286079999059,0.0124407999906,0.00333979999059,0.0013982102954268592,0.0003215227319000638,0.0011976765109497983,4.173762075901072e-06,9.597693489554145e-07,3.5751537640292486e-06,AlphaSparse 248af573c867cf4c7e05d40c611c7c34ebac4715,CUDA,13040,13000,2026-10-07T07:02:19.780093+00:00,derived,csr-alg1,0,0,,,,5,20,4,true
3,H100-SXM5-80GB-suitesparse_all-fp64-n2-row-major-AlphaSparse-SpMM-CSR-solve-only,AlphaSparse-SpMM-CSR-best-solve-only,AlphaSparseLib CSR PER MATRIX BEST,per-matrix-best,AlphaSparse-SpMM-CSR,best,solve-only,"csr-alg1,csr-alg2,csr-alg3,csr-alg4,csr-alg5",manual-selection,csr,ALPHASPARSE_SPMM_CSR_ALG1,workspace-setup,spmm.csr.fp64,fp64,H100-SXM5-80GB,H100-SXM5-80GB,,33500.0,dad5c024-9073-5674-80e8-1be5a06ccb57,suitesparse_all,JGD_Margulies/cat_ears_4_1,cat_ears_4_1,377,313,938,2,row-major,N,N,1.0,0.0,20260922,main,pass,pass,0,0,3752.0,0.009821,0.00414559990168,0.0139665999017,0.00463664990168,0.9050559844136203,0.268640902324646,0.8092049388159619,0.0027016596549660305,0.0008019131412676,0.0024155371307939158,AlphaSparse 248af573c867cf4c7e05d40c611c7c34ebac4715,CUDA,13040,13000,2026-10-07T07:02:20.189672+00:00,derived,csr-alg1,0,0,,,,5,20,4,true
3,H100-SXM5-80GB-suitesparse_all-fp64-n2-row-major-AlphaSparse-SpMM-CSR-solve-only,AlphaSparse-SpMM-CSR-best-solve-only,AlphaSparseLib CSR PER MATRIX BEST,per-matrix-best,AlphaSparse-SpMM-CSR,best,solve-only,"csr-alg1,csr-alg2,csr-alg3,csr-alg4,csr-alg5",manual-selection,csr,ALPHASPARSE_SPMM_CSR_ALG1,workspace-setup,spmm.csr.fp64,fp64,H100-SXM5-80GB,H100-SXM5-80GB,,33500.0,29b699d9-dc3d-55c8-a1c7-29991a8141e8,suitesparse_all,JGD_Margulies/kneser_10_4_1,kneser_10_4_1,349651,330751,992252,2,row-major,N,N,1.0,0.0,20260922,main,pass,pass,0,0,3969008.0,0.016211,0.0238192006946,0.0400302006946,0.0246297506946,166.6306124579489,99.1503397717267,161.14690112840617,0.4974048133073101,0.2959711634976917,0.4810355257564364,AlphaSparse 248af573c867cf4c7e05d40c611c7c34ebac4715,CUDA,13040,13000,2026-10-08T13:48:33.204107+00:00,derived,csr-alg1,0,0,,,,5,20,4,true
3,H100-SXM5-80GB-suitesparse_all-fp64-n2-row-major-AlphaSparse-SpMM-CSR-solve-only,AlphaSparse-SpMM-CSR-best-solve-only,AlphaSparseLib CSR PER MATRIX BEST,per-matrix-best,AlphaSparse-SpMM-CSR,best,solve-only,"csr-alg1,csr-alg2,csr-alg3,csr-alg4,csr-alg5",manual-selection,csr,ALPHASPARSE_SPMM_CSR_ALG5,workspace-setup,spmm.csr.fp64,fp64,H100-SXM5-80GB,H100-SXM5-80GB,,33500.0,dad5c024-9073-5674-80e8-1be5a06ccb57,suitesparse_all,JGD_Margulies/wheel_601,wheel_601,902103,723605,2170814,2,row-major,N,N,1.0,0.0,20260922,main,pass,pass,0,0,8683256.0,0.16175,0.0631680011749,0.224918001175,0.0712555011749,137.46289004709428,38.60631854559251,121.860850837138,0.4103369852152068,0.1152427419271418,0.363763733842203,AlphaSparse 248af573c867cf4c7e05d40c611c7c34ebac4715,CUDA,13040,13000,2026-10-07T07:24:13.015874+00:00,derived,csr-alg5,0,0,,,,5,20,4,true
3,H100-SXM5-80GB-suitesparse_all-fp64-n2-row-major-AlphaSparse-SpMM-CSR-solve-only,AlphaSparse-SpMM-CSR-best-solve-only,AlphaSparseLib CSR PER MATRIX BEST,per-matrix-best,AlphaSparse-SpMM-CSR,best,solve-only,"csr-alg1,csr-alg2,csr-alg3,csr-alg4,csr-alg5",manual-selection,csr,ALPHASPARSE_SPMM_CSR_ALG1,workspace-setup,spmm.csr.fp64,fp64,H100-SXM5-80GB,H100-SXM5-80GB,,33500.0,29b699d9-dc3d-55c8-a1c7-29991a8141e8,suitesparse_all,JGD_Relat/relat3,relat3,12,5,24,2,row-major,N,N,1.0,0.0,20260922,main,pass,pass,0,0,96.0,0.010045,0.00312639996409,0.0131713999641,0.00362864996409,0.030706243955559504,0.007288519083898283,0.02645612030646088,9.166042971808807e-05,2.1756773384770992e-05,7.897349345212202e-05,AlphaSparse 248af573c867cf4c7e05d40c611c7c34ebac4715,CUDA,13040,13000,2026-10-08T13:48:33.688718+00:00,derived,csr-alg1,0,0,,,,5,20,4,true
3,H100-SXM5-80GB-suitesparse_all-fp64-n2-row-major-AlphaSparse-SpMM-CSR-solve-only,AlphaSparse-SpMM-CSR-best-solve-only,AlphaSparseLib CSR PER MATRIX BEST,per-matrix-best,AlphaSparse-SpMM-CSR,best,solve-only,"csr-alg1,csr-alg2,csr-alg3,csr-alg4,csr-alg5",manual-selection,csr,ALPHASPARSE_SPMM_CSR_ALG1,workspace-setup,spmm.csr.fp64,fp64,H100-SXM5-80GB,H100-SXM5-80GB,,33500.0,dad5c024-9073-5674-80e8-1be5a06ccb57,suitesparse_all,JGD_Relat/relat8,relat8,345688,12347,1334038,2,row-major,N,N,1.0,0.0,20260922,main,pass,pass,0,0,5336152.0,0.019026,0.0132799997926,0.0323059997926,0.0142312997926,401.81868097418635,165.17526262172197,374.95886375569825,1.1994587491766757,0.49306048543797604,1.1192801903155172,AlphaSparse 248af573c867cf4c7e05d40c611c7c34ebac4715,CUDA,13040,13000,2026-10-07T07:02:23.008073+00:00,derived,csr-alg1,0,0,,,,5,20,4,true
3,H100-SXM5-80GB-suitesparse_all-fp64-n2-row-major-AlphaSparse-SpMM-CSR-solve-only,AlphaSparse-SpMM-CSR-best-solve-only,AlphaSparseLib CSR PER MATRIX BEST,per-matrix-best,AlphaSparse-SpMM-CSR,best,solve-only,"csr-alg1,csr-alg2,csr-alg3,csr-alg4,csr-alg5",manual-selection,csr,ALPHASPARSE_SPMM_CSR_ALG1,workspace-setup,spmm.csr.fp64,fp64,H100-SXM5-80GB,H100-SXM5-80GB,,33500.0,29b699d9-dc3d-55c8-a1c7-29991a8141e8,suitesparse_all,JGD_SPG/EX1,EX1,560,560,8736,2,row-major,N,N,1.0,0.0,20260922,main,pass,pass,0,0,34944.0,0.009656,0.00681919977069,0.0164751997707,0.00730199977069,5.124354935339311,2.121006147806807,4.785538358993674,0.015296581896535256,0.006331361635244201,0.0142851891313244,AlphaSparse 248af573c867cf4c7e05d40c611c7c34ebac4715,CUDA,13040,13000,2026-10-08T13:48:34.127855+00:00,derived,csr-alg1,0,0,,,,5,20,4,true
3,H100-SXM5-80GB-suitesparse_all-fp64-n2-row-major-AlphaSparse-SpMM-CSR-solve-only,AlphaSparse-SpMM-CSR-best-solve-only,AlphaSparseLib CSR PER MATRIX BEST,per-matrix-best,AlphaSparse-SpMM-CSR,best,solve-only,"csr-alg1,csr-alg2,csr-alg3,csr-alg4,csr-alg5",manual-selection,csr,ALPHASPARSE_SPMM_CSR_ALG1,workspace-setup,spmm.csr.fp64,fp64,H100-SXM5-80GB,H100-SXM5-80GB,,33500.0,dad5c024-9073-5674-80e8-1be5a06ccb57,suitesparse_all,JGD_Taha/abtaha2,abtaha2,37932,331,137228,2,row-major,N,N,1.0,0.0,20260922,main,pass,pass,0,0,548912.0,0.014766,0.00377760007977,0.0185436000798,0.00451590007977,145.30707020564776,29.601156066666007,121.55096222322898,0.433752448375068,0.08836165990049555,0.3628386932036686,AlphaSparse 248af573c867cf4c7e05d40c611c7c34ebac4715,CUDA,13040,13000,2026-10-07T07:02:23.504547+00:00,derived,csr-alg1,0,0,,,,5,20,4,true
3,H100-SXM5-80GB-suitesparse_all-fp64-n2-row-major-AlphaSparse-SpMM-CSR-solve-only,AlphaSparse-SpMM-CSR-best-solve-only,AlphaSparseLib CSR PER MATRIX BEST,per-matrix-best,AlphaSparse-SpMM-CSR,best,solve-only,"csr-alg1,csr-alg2,csr-alg3,csr-alg4,csr-alg5",manual-selection,csr,ALPHASPARSE_SPMM_CSR_ALG1,workspace-setup,spmm.csr.fp64,fp64,H100-SXM5-80GB,H100-SXM5-80GB,,33500.0,29b699d9-dc3d-55c8-a1c7-29991a8141e8,suitesparse_all,JGD_Trefethen/Trefethen_2000,Trefethen_2000,2000,2000,41906,2,row-major,N,N,1.0,0.0,20260922,main,pass,pass,0,0,167624.0,0.009387,0.00728640034795,0.0166734003479,0.00775575034795,23.00504940648236,10.053378225342746,21.61286690259523,0.06867178927308168,0.030010084254754467,0.06451602060476187,AlphaSparse 248af573c867cf4c7e05d40c611c7c34ebac4715,CUDA,13040,13000,2026-10-08T13:48:34.572954+00:00,derived,csr-alg1,0,0,,,,5,20,4,true
3,H100-SXM5-80GB-suitesparse_all-fp64-n2-row-major-AlphaSparse-SpMM-CSR-solve-only,AlphaSparse-SpMM-CSR-best-solve-only,AlphaSparseLib CSR PER MATRIX BEST,per-matrix-best,AlphaSparse-SpMM-CSR,best,solve-only,"csr-alg1,csr-alg2,csr-alg3,csr-alg4,csr-alg5",manual-selection,csr,ALPHASPARSE_SPMM_CSR_ALG5,workspace-setup,spmm.csr.fp64,fp64,H100-SXM5-80GB,H100-SXM5-80GB,,33500.0,29b699d9-dc3d-55c8-a1c7-29991a8141e8,suitesparse_all,Kamvar/Stanford,Stanford,281903,281903,2312497,2,row-major,N,N,1.0,0.0,20260922,main,pass,pass,0,0,9249988.0,0.016375,0.0458624005318,0.0622374005318,0.0466811505318,201.69000952286083,148.6242664533161,198.15252826081803,0.6020597299189876,0.4436545267263167,0.5915000843606508,AlphaSparse 248af573c867cf4c7e05d40c611c7c34ebac4715,CUDA,13040,13000,2026-10-08T14:56:11.693299+00:00,derived,csr-alg5,0,0,,,,5,20,4,true
3,H100-SXM5-80GB-suitesparse_all-fp64-n2-row-major-AlphaSparse-SpMM-CSR-solve-only,AlphaSparse-SpMM-CSR-best-solve-only,AlphaSparseLib CSR PER MATRIX BEST,per-matrix-best,AlphaSparse-SpMM-CSR,best,solve-only,"csr-alg1,csr-alg2,csr-alg3,csr-alg4,csr-alg5",manual-selection,csr,ALPHASPARSE_SPMM_CSR_ALG1,workspace-setup,spmm.csr.fp64,fp64,H100-SXM5-80GB,H100-SXM5-80GB,,33500.0,29b699d9-dc3d-55c8-a1c7-29991a8141e8,suitesparse_all,Koutsovasilis/F1,F1,343791,343791,26837113,2,row-major,N,N,1.0,0.0,20260922,main,pass,pass,0,0,107348452.0,0.019853,0.272331190109,0.292184190109,0.273323840109,394.18346446851723,367.39993344593154,392.7518798111062,1.176667058114977,1.0967162192415867,1.172393671077929,AlphaSparse 248af573c867cf4c7e05d40c611c7c34ebac4715,CUDA,13040,13000,2026-10-08T13:47:50.911212+00:00,derived,csr-alg1,0,0,,,,5,20,4,true
3,H100-SXM5-80GB-suitesparse_all-fp64-n2-row-major-AlphaSparse-SpMM-CSR-solve-only,AlphaSparse-SpMM-CSR-best-solve-only,AlphaSparseLib CSR PER MATRIX BEST,per-matrix-best,AlphaSparse-SpMM-CSR,best,solve-only,"csr-alg1,csr-alg2,csr-alg3,csr-alg4,csr-alg5",manual-selection,csr,ALPHASPARSE_SPMM_CSR_ALG5,workspace-setup,spmm.csr.fp64,fp64,H100-SXM5-80GB,H100-SXM5-80GB,,33500.0,dad5c024-9073-5674-80e8-1be5a06ccb57,suitesparse_all,LAW/cnr-2000,cnr-2000,325557,325557,3216152,2,row-major,N,N,1.0,0.0,20260922,main,pass,pass,0,0,12864608.0,0.01658,0.05604159832,0.07262159832,0.05687059832,229.5546234520743,177.145756876809,226.20841665166432,0.6852376819464905,0.5287933041098776,0.6752490049303412,AlphaSparse 248af573c867cf4c7e05d40c611c7c34ebac4715,CUDA,13040,13000,2026-10-07T07:24:58.234195+00:00,derived,csr-alg5,0,0,,,,5,20,4,true
3,H100-SXM5-80GB-suitesparse_all-fp64-n2-row-major-AlphaSparse-SpMM-CSR-solve-only,AlphaSparse-SpMM-CSR-best-solve-only,AlphaSparseLib CSR PER MATRIX BEST,per-matrix-best,AlphaSparse-SpMM-CSR,best,solve-only,"csr-alg1,csr-alg2,csr-alg3,csr-alg4,csr-alg5",manual-selection,csr,ALPHASPARSE_SPMM_CSR_ALG1,workspace-setup,spmm.csr.fp64,fp64,H100-SXM5-80GB,H100-SXM5-80GB,,33500.0,29b699d9-dc3d-55c8-a1c7-29991a8141e8,suitesparse_all,LAW/indochina-2004,indochina-2004,7414866,7414866,194109311,2,row-major,N,N,1.0,0.0,20260922,main,pass,pass,0,0,776437244.0,0.194188,3.19762248993,3.39181048993,3.20733188993,242.81704499051017,228.91527881795778,242.08197674764045,0.7248269999716722,0.6833291905013665,0.722632766410867,AlphaSparse 248af573c867cf4c7e05d40c611c7c34ebac4715,CUDA,13040,13000,2026-10-08T13:50:53.114245+00:00,derived,csr-alg1,0,0,,,,5,20,4,true
3,H100-SXM5-80GB-suitesparse_all-fp64-n2-row-major-AlphaSparse-SpMM-CSR-solve-only,AlphaSparse-SpMM-CSR-best-solve-only,AlphaSparseLib CSR PER MATRIX BEST,per-matrix-best,AlphaSparse-SpMM-CSR,best,solve-only,"csr-alg1,csr-alg2,csr-alg3,csr-alg4,csr-alg5",manual-selection,csr,ALPHASPARSE_SPMM_CSR_ALG5,workspace-setup,spmm.csr.fp64,fp64,H100-SXM5-80GB,H100-SXM5-80GB,,33500.0,29b699d9-dc3d-55c8-a1c7-29991a8141e8,suitesparse_all,Lourakis/bundle1,bundle1,10581,10581,770901,2,row-major,N,N,1.0,0.0,20260922,main,pass,pass,0,0,3083604.0,0.013836,0.0176111996174,0.0314471996174,0.0183029996174,175.09335349043317,98.05655312766915,168.47533543455518,0.5226667268371139,0.2927061287393109,0.5029114490583736,AlphaSparse 248af573c867cf4c7e05d40c611c7c34ebac4715,CUDA,13040,13000,2026-10-08T14:57:03.188154+00:00,derived,csr-alg5,0,0,,,,5,20,4,true
3,H100-SXM5-80GB-suitesparse_all-fp64-n2-row-major-AlphaSparse-SpMM-CSR-solve-only,AlphaSparse-SpMM-CSR-best-solve-only,AlphaSparseLib CSR PER MATRIX BEST,per-matrix-best,AlphaSparse-SpMM-CSR,best,solve-only,"csr-alg1,csr-alg2,csr-alg3,csr-alg4,csr-alg5",manual-selection,csr,ALPHASPARSE_SPMM_CSR_ALG3,workspace-setup,spmm.csr.fp64,fp64,H100-SXM5-80GB,H100-SXM5-80GB,,33500.0,29b699d9-dc3d-55c8-a1c7-29991a8141e8,suitesparse_all,LPnetlib/lp_80bau3b,lp_80bau3b,2262,12061,23264,2,row-major,N,N,1.0,0.0,20260922,main,pass,pass,0,0,93056.0,0.009608,0.00969759970903,0.019305599709,0.010177999709,9.59577656245701,4.820155882369123,9.1428574042613,0.028644109141662717,0.014388525021997382,0.027292111654511342,AlphaSparse 248af573c867cf4c7e05d40c611c7c34ebac4715,CUDA,13040,13000,2026-10-08T14:29:21.105188+00:00,derived,csr-alg3,0,0,,,,5,20,4,true
3,H100-SXM5-80GB-suitesparse_all-fp64-n2-row-major-AlphaSparse-SpMM-CSR-solve-only,AlphaSparse-SpMM-CSR-best-solve-only,AlphaSparseLib CSR PER MATRIX BEST,per-matrix-best,AlphaSparse-SpMM-CSR,best,solve-only,"csr-alg1,csr-alg2,csr-alg3,csr-alg4,csr-alg5",manual-selection,csr,ALPHASPARSE_SPMM_CSR_ALG5,workspace-setup,spmm.csr.fp64,fp64,H100-SXM5-80GB,H100-SXM5-80GB,,33500.0,dad5c024-9073-5674-80e8-1be5a06ccb57,suitesparse_all,LPnetlib/lp_bandm,lp_bandm,305,472,2494,2,row-major,N,N,1.0,0.0,20260922,main,pass,pass,0,0,9976.0,0.009353,0.00836319997907,0.0177161999791,0.00883084997907,1.1928448470640713,0.5631004398103882,1.129676081424112,0.0035607308867584217,0.0016808968352548899,0.003372167407236155,AlphaSparse 248af573c867cf4c7e05d40c611c7c34ebac4715,CUDA,13040,13000,2026-10-07T07:22:04.883244+00:00,derived,csr-alg5,0,0,,,,5,20,4,true
3,H100-SXM5-80GB-suitesparse_all-fp64-n2-row-major-AlphaSparse-SpMM-CSR-solve-only,AlphaSparse-SpMM-CSR-best-solve-only,AlphaSparseLib CSR PER MATRIX BEST,per-matrix-best,AlphaSparse-SpMM-CSR,best,solve-only,"csr-alg1,csr-alg2,csr-alg3,csr-alg4,csr-alg5",manual-selection,csr,ALPHASPARSE_SPMM_CSR_ALG3,workspace-setup,spmm.csr.fp64,fp64,H100-SXM5-80GB,H100-SXM5-80GB,,33500.0,29b699d9-dc3d-55c8-a1c7-29991a8141e8,suitesparse_all,LPnetlib/lp_cre_c,lp_cre_c,3068,6411,15977,2,row-major,N,N,1.0,0.0,20260922,main,pass,pass,0,0,63908.0,0.009452,0.00962399989367,0.0190759998937,0.0100965998937,6.640482201380141,3.3501782530993895,6.329655594243843,0.01982233492949296,0.010000532098804147,0.018894494311175652,AlphaSparse 248af573c867cf4c7e05d40c611c7c34ebac4715,CUDA,13040,13000,2026-10-08T14:29:21.575754+00:00,derived,csr-alg3,0,0,,,,5,20,4,true
3,H100-SXM5-80GB-suitesparse_all-fp64-n2-row-major-AlphaSparse-SpMM-CSR-solve-only,AlphaSparse-SpMM-CSR-best-solve-only,AlphaSparseLib CSR PER MATRIX BEST,per-matrix-best,AlphaSparse-SpMM-CSR,best,solve-only,"csr-alg1,csr-alg2,csr-alg3,csr-alg4,csr-alg5",manual-selection,csr,ALPHASPARSE_SPMM_CSR_ALG3,workspace-setup,spmm.csr.fp64,fp64,H100-SXM5-80GB,H100-SXM5-80GB,,33500.0,dad5c024-9073-5674-80e8-1be5a06ccb57,suitesparse_all,LPnetlib/lp_degen2,lp_degen2,444,757,4201,2,row-major,N,N,1.0,0.0,20260922,main,pass,pass,0,0,16804.0,0.009711,0.0086064003408,0.0183174003408,0.0090919503408,1.9525003874544373,0.9173790869532361,1.8482283085722857,0.005828359365535634,0.0027384450356813016,0.005517099428573987,AlphaSparse 248af573c867cf4c7e05d40c611c7c34ebac4715,CUDA,13040,13000,2026-10-07T07:11:00.727131+00:00,derived,csr-alg3,0,0,,,,5,20,4,true
3,H100-SXM5-80GB-suitesparse_all-fp64-n2-row-major-AlphaSparse-SpMM-CSR-solve-only,AlphaSparse-SpMM-CSR-best-solve-only,AlphaSparseLib CSR PER MATRIX BEST,per-matrix-best,AlphaSparse-SpMM-CSR,best,solve-only,"csr-alg1,csr-alg2,csr-alg3,csr-alg4,csr-alg5",manual-selection,csr,ALPHASPARSE_SPMM_CSR_ALG1,workspace-setup,spmm.csr.fp64,fp64,H100-SXM5-80GB,H100-SXM5-80GB,,33500.0,29b699d9-dc3d-55c8-a1c7-29991a8141e8,suitesparse_all,LPnetlib/lp_fit2p,lp_fit2p,3000,13525,50284,2,row-major,N,N,1.0,0.0,20260922,main,pass,pass,0,0,201136.0,0.009818,0.00780159980059,0.0176195998006,0.00829249980059,25.781378837810802,11.415469265831492,24.255170917904568,0.07695933981436061,0.03407602765919848,0.07240349527732706,AlphaSparse 248af573c867cf4c7e05d40c611c7c34ebac4715,CUDA,13040,13000,2026-10-08T13:45:58.755004+00:00,derived,csr-alg1,0,0,,,,5,20,4,true
3,H100-SXM5-80GB-suitesparse_all-fp64-n2-row-major-AlphaSparse-SpMM-CSR-solve-only,AlphaSparse-SpMM-CSR-best-solve-only,AlphaSparseLib CSR PER MATRIX BEST,per-matrix-best,AlphaSparse-SpMM-CSR,best,solve-only,"csr-alg1,csr-alg2,csr-alg3,csr-alg4,csr-alg5",manual-selection,csr,ALPHASPARSE_SPMM_CSR_ALG1,workspace-setup,spmm.csr.fp64,fp64,H100-SXM5-80GB,H100-SXM5-80GB,,33500.0,dad5c024-9073-5674-80e8-1be5a06ccb57,suitesparse_all,LPnetlib/lp_grow22,lp_grow22,440,946,8252,2,row-major,N,N,1.0,0.0,20260922,main,pass,pass,0,0,33008.0,0.010304,0.00708480030298,0.017388800303,0.00760000030298,4.658988057308576,1.8982333125250337,4.343157721593431,0.013907427036742017,0.005666368097089653,0.012964649915204272,AlphaSparse 248af573c867cf4c7e05d40c611c7c34ebac4715,CUDA,13040,13000,2026-10-07T07:00:11.425558+00:00,derived,csr-alg1,0,0,,,,5,20,4,true
3,H100-SXM5-80GB-suitesparse_all-fp64-n2-row-major-AlphaSparse-SpMM-CSR-solve-only,AlphaSparse-SpMM-CSR-best-solve-only,AlphaSparseLib CSR PER MATRIX BEST,per-matrix-best,AlphaSparse-SpMM-CSR,best,solve-only,"csr-alg1,csr-alg2,csr-alg3,csr-alg4,csr-alg5",manual-selection,csr,ALPHASPARSE_SPMM_CSR_ALG5,workspace-setup,spmm.csr.fp64,fp64,H100-SXM5-80GB,H100-SXM5-80GB,,33500.0,29b699d9-dc3d-55c8-a1c7-29991a8141e8,suitesparse_all,LPnetlib/lp_maros_r7,lp_maros_r7,3136,9408,144848,2,row-major,N,N,1.0,0.0,20260922,main,pass,pass,0,0,579392.0,0.0128,0.00942080020905,0.022220800209,0.010060800209,61.501357330921074,26.0743085105158,57.58905732783547,0.18358614128633155,0.07783375674780836,0.17190763381443425,AlphaSparse 248af573c867cf4c7e05d40c611c7c34ebac4715,CUDA,13040,13000,2026-10-08T14:55:13.715476+00:00,derived,csr-alg5,0,0,,,,5,20,4,true
3,H100-SXM5-80GB-suitesparse_all-fp64-n2-row-major-AlphaSparse-SpMM-CSR-solve-only,AlphaSparse-SpMM-CSR-best-solve-only,AlphaSparseLib CSR PER MATRIX BEST,per-matrix-best,AlphaSparse-SpMM-CSR,best,solve-only,"csr-alg1,csr-alg2,csr-alg3,csr-alg4,csr-alg5",manual-selection,csr,ALPHASPARSE_SPMM_CSR_ALG5,workspace-setup,spmm.csr.fp64,fp64,H100-SXM5-80GB,H100-SXM5-80GB,,33500.0,dad5c024-9073-5674-80e8-1be5a06ccb57,suitesparse_all,LPnetlib/lp_pds_02,lp_pds_02,2953,7716,16571,2,row-major,N,N,1.0,0.0,20260922,main,pass,pass,0,0,66284.0,0.009894,0.00910400003195,0.0189980000319,0.00959870003195,7.280755686223623,3.488998836124904,6.905518432638658,0.021733599063354096,0.010414921898880311,0.02061348785862286,AlphaSparse 248af573c867cf4c7e05d40c611c7c34ebac4715,CUDA,13040,13000,2026-10-07T07:22:06.178530+00:00,derived,csr-alg5,0,0,,,,5,20,4,true
3,H100-SXM5-80GB-suitesparse_all-fp64-n2-row-major-AlphaSparse-SpMM-CSR-solve-only,AlphaSparse-SpMM-CSR-best-solve-only,AlphaSparseLib CSR PER MATRIX BEST,per-matrix-best,AlphaSparse-SpMM-CSR,best,solve-only,"csr-alg1,csr-alg2,csr-alg3,csr-alg4,csr-alg5",manual-selection,csr,ALPHASPARSE_SPMM_CSR_ALG2,workspace-setup,spmm.csr.fp64,fp64,H100-SXM5-80GB,H100-SXM5-80GB,,33500.0,29b699d9-dc3d-55c8-a1c7-29991a8141e8,suitesparse_all,LPnetlib/lp_pilotnov,lp_pilotnov,975,2446,13331,2,row-major,N,N,1.0,0.0,20260922,main,pass,pass,0,0,53324.0,0.009699,0.00905120000243,0.0187502000024,0.00953615000243,5.891373517951649,2.8439163311951132,5.591774456820833,0.01758618960582582,0.008489302481179442,0.01669186405021144,AlphaSparse 248af573c867cf4c7e05d40c611c7c34ebac4715,CUDA,13040,13000,2026-10-08T14:16:39.671580+00:00,derived,csr-alg2,0,0,,,,5,20,4,true
3,H100-SXM5-80GB-suitesparse_all-fp64-n2-row-major-AlphaSparse-SpMM-CSR-solve-only,AlphaSparse-SpMM-CSR-best-solve-only,AlphaSparseLib CSR PER MATRIX BEST,per-matrix-best,AlphaSparse-SpMM-CSR,best,solve-only,"csr-alg1,csr-alg2,csr-alg3,csr-alg4,csr-alg5",manual-selection,csr,ALPHASPARSE_SPMM_CSR_ALG1,workspace-setup,spmm.csr.fp64,fp64,H100-SXM5-80GB,H100-SXM5-80GB,,33500.0,dad5c024-9073-5674-80e8-1be5a06ccb57,suitesparse_all,LPnetlib/lp_sc205,lp_sc205,205,317,665,2,row-major,N,N,1.0,0.0,20260922,main,pass,pass,0,0,2660.0,0.009564,0.00384000018239,0.0134040001824,0.00431820018239,0.692708300431493,0.19844822171016444,0.6159973803085169,0.0020677859714372925,0.0005923827513736252,0.0018387981501746776,AlphaSparse 248af573c867cf4c7e05d40c611c7c34ebac4715,CUDA,13040,13000,2026-10-07T07:00:12.556066+00:00,derived,csr-alg1,0,0,,,,5,20,4,true
3,H100-SXM5-80GB-suitesparse_all-fp64-n2-row-major-AlphaSparse-SpMM-CSR-solve-only,AlphaSparse-SpMM-CSR-best-solve-only,AlphaSparseLib CSR PER MATRIX BEST,per-matrix-best,AlphaSparse-SpMM-CSR,best,solve-only,"csr-alg1,csr-alg2,csr-alg3,csr-alg4,csr-alg5",manual-selection,csr,ALPHASPARSE_SPMM_CSR_ALG2,workspace-setup,spmm.csr.fp64,fp64,H100-SXM5-80GB,H100-SXM5-80GB,,33500.0,29b699d9-dc3d-55c8-a1c7-29991a8141e8,suitesparse_all,LPnetlib/lp_scsd1,lp_scsd1,77,760,2388,2,row-major,N,N,1.0,0.0,20260922,main,pass,pass,0,0,9552.0,0.009957,0.00779040008783,0.0177474000878,0.00828825008783,1.2261244470514339,0.5382196802204442,1.152474876937608,0.0036600729762729365,0.0016066259111058036,0.0034402235132465916,AlphaSparse 248af573c867cf4c7e05d40c611c7c34ebac4715,CUDA,13040,13000,2026-10-08T14:16:40.438838+00:00,derived,csr-alg2,0,0,,,,5,20,4,true
3,H100-SXM5-80GB-suitesparse_all-fp64-n2-row-major-AlphaSparse-SpMM-CSR-solve-only,AlphaSparse-SpMM-CSR-best-solve-only,AlphaSparseLib CSR PER MATRIX BEST,per-matrix-best,AlphaSparse-SpMM-CSR,best,solve-only,"csr-alg1,csr-alg2,csr-alg3,csr-alg4,csr-alg5",manual-selection,csr,ALPHASPARSE_SPMM_CSR_ALG5,workspace-setup,spmm.csr.fp64,fp64,H100-SXM5-80GB,H100-SXM5-80GB,,33500.0,dad5c024-9073-5674-80e8-1be5a06ccb57,suitesparse_all,LPnetlib/lp_share1b,lp_share1b,117,253,1179,2,row-major,N,N,1.0,0.0,20260922,main,pass,pass,0,0,4716.0,0.010448,0.00844639986753,0.0188943998675,0.00896879986753,0.558344392162801,0.24959776616731433,0.5258228603219778,0.0016666996780979133,0.0007450679587084009,0.001569620478573068,AlphaSparse 248af573c867cf4c7e05d40c611c7c34ebac4715,CUDA,13040,13000,2026-10-07T07:22:07.036778+00:00,derived,csr-alg5,0,0,,,,5,20,4,true
3,H100-SXM5-80GB-suitesparse_all-fp64-n2-row-major-AlphaSparse-SpMM-CSR-solve-only,AlphaSparse-SpMM-CSR-best-solve-only,AlphaSparseLib CSR PER MATRIX BEST,per-matrix-best,AlphaSparse-SpMM-CSR,best,solve-only,"csr-alg1,csr-alg2,csr-alg3,csr-alg4,csr-alg5",manual-selection,csr,ALPHASPARSE_SPMM_CSR_ALG5,workspace-setup,spmm.csr.fp64,fp64,H100-SXM5-80GB,H100-SXM5-80GB,,33500.0,29b699d9-dc3d-55c8-a1c7-29991a8141e8,suitesparse_all,LPnetlib/lp_stair,lp_stair,356,614,4003,2,row-major,N,N,1.0,0.0,20260922,main,pass,pass,0,0,16012.0,0.010067,0.00851040035486,0.0185774003549,0.00901375035486,1.8814626025033114,0.8619074625140785,1.7763971010542476,0.005616306276129288,0.0025728580970569505,0.005302677913594769,AlphaSparse 248af573c867cf4c7e05d40c611c7c34ebac4715,CUDA,13040,13000,2026-10-08T14:55:15.828774+00:00,derived,csr-alg5,0,0,,,,5,20,4,true
3,H100-SXM5-80GB-suitesparse_all-fp64-n2-row-major-AlphaSparse-SpMM-CSR-solve-only,AlphaSparse-SpMM-CSR-best-solve-only,AlphaSparseLib CSR PER MATRIX BEST,per-matrix-best,AlphaSparse-SpMM-CSR,best,solve-only,"csr-alg1,csr-alg2,csr-alg3,csr-alg4,csr-alg5",manual-selection,csr,ALPHASPARSE_SPMM_CSR_ALG1,workspace-setup,spmm.csr.fp64,fp64,H100-SXM5-80GB,H100-SXM5-80GB,,33500.0,dad5c024-9073-5674-80e8-1be5a06ccb57,suitesparse_all,LPnetlib/lp_stocfor3,lp_stocfor3,16675,23541,76473,2,row-major,N,N,1.0,0.0,20260922,main,pass,pass,0,0,305892.0,0.01132,0.00636160001159,0.0176816000116,0.00692760001159,48.084129691069066,17.30001808656003,44.15555163234557,0.14353471549572855,0.05164184503450755,0.13180761681297185,AlphaSparse 248af573c867cf4c7e05d40c611c7c34ebac4715,CUDA,13040,13000,2026-10-07T07:00:13.850838+00:00,derived,csr-alg1,0,0,,,,5,20,4,true
3,H100-SXM5-80GB-suitesparse_all-fp64-n2-row-major-AlphaSparse-SpMM-CSR-solve-only,AlphaSparse-SpMM-CSR-best-solve-only,AlphaSparseLib CSR PER MATRIX BEST,per-matrix-best,AlphaSparse-SpMM-CSR,best,solve-only,"csr-alg1,csr-alg2,csr-alg3,csr-alg4,csr-alg5",manual-selection,csr,ALPHASPARSE_SPMM_CSR_ALG1,workspace-setup,spmm.csr.fp64,fp64,H100-SXM5-80GB,H100-SXM5-80GB,,33500.0,29b699d9-dc3d-55c8-a1c7-29991a8141e8,suitesparse_all,LPnetlib/lpi_box1,lpi_box1,231,261,651,2,row-major,N,N,1.0,0.0,20260922,main,pass,pass,0,0,2604.0,0.009325,0.0080239996314,0.0173489996314,0.0084902496314,0.32452643564561867,0.15009510953513502,0.3067047628811137,0.0009687356287928915,0.00044804510308995524,0.0009155366056152647,AlphaSparse 248af573c867cf4c7e05d40c611c7c34ebac4715,CUDA,13040,13000,2026-10-08T13:46:01.052223+00:00,derived,csr-alg1,0,0,,,,5,20,4,true
3,H100-SXM5-80GB-suitesparse_all-fp64-n2-row-major-AlphaSparse-SpMM-CSR-solve-only,AlphaSparse-SpMM-CSR-best-solve-only,AlphaSparseLib CSR PER MATRIX BEST,per-matrix-best,AlphaSparse-SpMM-CSR,best,solve-only,"csr-alg1,csr-alg2,csr-alg3,csr-alg4,csr-alg5",manual-selection,csr,ALPHASPARSE_SPMM_CSR_ALG1,workspace-setup,spmm.csr.fp64,fp64,H100-SXM5-80GB,H100-SXM5-80GB,,33500.0,dad5c024-9073-5674-80e8-1be5a06ccb57,suitesparse_all,LPnetlib/lpi_ex73a,lpi_ex73a,193,211,457,2,row-major,N,N,1.0,0.0,20260922,main,pass,pass,0,0,1828.0,0.010782,0.00388959981501,0.014671599815,0.00442869981501,0.4699712276172299,0.12459445616360686,0.4127622273707599,0.0014028991869171042,0.00037192374974211,0.0012321260518530148,AlphaSparse 248af573c867cf4c7e05d40c611c7c34ebac4715,CUDA,13040,13000,2026-10-07T07:00:14.562618+00:00,derived,csr-alg1,0,0,,,,5,20,4,true
3,H100-SXM5-80GB-suitesparse_all-fp64-n2-row-major-AlphaSparse-SpMM-CSR-solve-only,AlphaSparse-SpMM-CSR-best-solve-only,AlphaSparseLib CSR PER MATRIX BEST,per-matrix-best,AlphaSparse-SpMM-CSR,best,solve-only,"csr-alg1,csr-alg2,csr-alg3,csr-alg4,csr-alg5",manual-selection,csr,ALPHASPARSE_SPMM_CSR_ALG5,workspace-setup,spmm.csr.fp64,fp64,H100-SXM5-80GB,H100-SXM5-80GB,,33500.0,29b699d9-dc3d-55c8-a1c7-29991a8141e8,suitesparse_all,LPnetlib/lpi_klein3,lpi_klein3,994,1082,13101,2,row-major,N,N,1.0,0.0,20260922,main,pass,pass,0,0,52404.0,0.01123,0.00868960022926,0.0199196002293,0.00925110022926,6.030657178398491,2.630775688104336,5.664623525994575,0.018001961726562658,0.007853061755535332,0.01690932395819276,AlphaSparse 248af573c867cf4c7e05d40c611c7c34ebac4715,CUDA,13040,13000,2026-10-08T14:55:17.367899+00:00,derived,csr-alg5,0,0,,,,5,20,4,true
3,H100-SXM5-80GB-suitesparse_all-fp64-n2-row-major-AlphaSparse-SpMM-CSR-solve-only,AlphaSparse-SpMM-CSR-best-solve-only,AlphaSparseLib CSR PER MATRIX BEST,per-matrix-best,AlphaSparse-SpMM-CSR,best,solve-only,"csr-alg1,csr-alg2,csr-alg3,csr-alg4,csr-alg5",manual-selection,csr,ALPHASPARSE_SPMM_CSR_ALG1,workspace-setup,spmm.csr.fp64,fp64,H100-SXM5-80GB,H100-SXM5-80GB,,33500.0,dad5c024-9073-5674-80e8-1be5a06ccb57,suitesparse_all,LPnetlib/lpi_refinery,lpi_refinery,323,464,1626,2,row-major,N,N,1.0,0.0,20260922,main,pass,pass,0,0,6504.0,0.010464,0.00514240004122,0.0156064000412,0.00566560004122,1.2647790813366924,0.41675210060166434,1.1479807880330823,0.003775459944288634,0.0012440361211989981,0.003426808322486813,AlphaSparse 248af573c867cf4c7e05d40c611c7c34ebac4715,CUDA,13040,13000,2026-10-07T07:00:15.186520+00:00,derived,csr-alg1,0,0,,,,5,20,4,true
3,H100-SXM5-80GB-suitesparse_all-fp64-n2-row-major-AlphaSparse-SpMM-CSR-solve-only,AlphaSparse-SpMM-CSR-best-solve-only,AlphaSparseLib CSR PER MATRIX BEST,per-matrix-best,AlphaSparse-SpMM-CSR,best,solve-only,"csr-alg1,csr-alg2,csr-alg3,csr-alg4,csr-alg5",manual-selection,csr,ALPHASPARSE_SPMM_CSR_ALG5,workspace-setup,spmm.csr.fp64,fp64,H100-SXM5-80GB,H100-SXM5-80GB,,33500.0,29b699d9-dc3d-55c8-a1c7-29991a8141e8,suitesparse_all,Mallya/lhr07c,lhr07c,7337,7337,156508,2,row-major,N,N,1.0,0.0,20260922,main,pass,pass,0,0,626032.0,0.012599,0.0101439997554,0.0227429997554,0.0107739497554,61.714512529117684,27.526360055091573,58.1060812620021,0.1842224254600528,0.08216823897042261,0.1734509888417973,AlphaSparse 248af573c867cf4c7e05d40c611c7c34ebac4715,CUDA,13040,13000,2026-10-08T14:55:18.154707+00:00,derived,csr-alg5,0,0,,,,5,20,4,true
3,H100-SXM5-80GB-suitesparse_all-fp64-n2-row-major-AlphaSparse-SpMM-CSR-solve-only,AlphaSparse-SpMM-CSR-best-solve-only,AlphaSparseLib CSR PER MATRIX BEST,per-matrix-best,AlphaSparse-SpMM-CSR,best,solve-only,"csr-alg1,csr-alg2,csr-alg3,csr-alg4,csr-alg5",manual-selection,csr,ALPHASPARSE_SPMM_CSR_ALG5,workspace-setup,spmm.csr.fp64,fp64,H100-SXM5-80GB,H100-SXM5-80GB,,33500.0,dad5c024-9073-5674-80e8-1be5a06ccb57,suitesparse_all,Mallya/lhr14c,lhr14c,14270,14270,307858,2,row-major,N,N,1.0,0.0,20260922,main,pass,pass,0,0,1231432.0,0.012739,0.0119967997074,0.0247357997074,0.0126337497074,102.6467082917467,49.7833914636527,97.47161599051705,0.30640808445297524,0.14860713869747072,0.2909600477328867,AlphaSparse 248af573c867cf4c7e05d40c611c7c34ebac4715,CUDA,13040,13000,2026-10-07T07:22:09.112618+00:00,derived,csr-alg5,0,0,,,,5,20,4,true
3,H100-SXM5-80GB-suitesparse_all-fp64-n2-row-major-AlphaSparse-SpMM-CSR-solve-only,AlphaSparse-SpMM-CSR-best-solve-only,AlphaSparseLib CSR PER MATRIX BEST,per-matrix-best,AlphaSparse-SpMM-CSR,best,solve-only,"csr-alg1,csr-alg2,csr-alg3,csr-alg4,csr-alg5",manual-selection,csr,ALPHASPARSE_SPMM_CSR_ALG5,workspace-setup,spmm.csr.fp64,fp64,H100-SXM5-80GB,H100-SXM5-80GB,,33500.0,29b699d9-dc3d-55c8-a1c7-29991a8141e8,suitesparse_all,Marini/eurqsa,eurqsa,7245,7245,46142,2,row-major,N,N,1.0,0.0,20260922,main,pass,pass,0,0,184568.0,0.010895,0.00940959975123,0.0203045997512,0.00995434975123,19.614861936701793,9.089960021944883,18.541442144645764,0.05855182667672177,0.027134209020730993,0.05534758849147989,AlphaSparse 248af573c867cf4c7e05d40c611c7c34ebac4715,CUDA,13040,13000,2026-10-08T14:57:56.973225+00:00,derived,csr-alg5,0,0,,,,5,20,4,true
3,H100-SXM5-80GB-suitesparse_all-fp64-n2-row-major-AlphaSparse-SpMM-CSR-solve-only,AlphaSparse-SpMM-CSR-best-solve-only,AlphaSparseLib CSR PER MATRIX BEST,per-matrix-best,AlphaSparse-SpMM-CSR,best,solve-only,"csr-alg1,csr-alg2,csr-alg3,csr-alg4,csr-alg5",manual-selection,csr,ALPHASPARSE_SPMM_CSR_ALG5,workspace-setup,spmm.csr.fp64,fp64,H100-SXM5-80GB,H100-SXM5-80GB,,33500.0,29b699d9-dc3d-55c8-a1c7-29991a8141e8,suitesparse_all,MathWorks/Muu,Muu,7102,7102,170134,2,row-major,N,N,1.0,0.0,20260922,main,pass,pass,0,0,680536.0,0.013932,0.00949120000005,0.0234232,0.0101878,71.7017869180309,29.053929437480786,66.79911266416694,0.214035184829943,0.08672814757456951,0.19940033631094609,AlphaSparse 248af573c867cf4c7e05d40c611c7c34ebac4715,CUDA,13040,13000,2026-10-08T14:57:02.215639+00:00,derived,csr-alg5,0,0,,,,5,20,4,true
3,H100-SXM5-80GB-suitesparse_all-fp64-n2-row-major-AlphaSparse-SpMM-CSR-solve-only,AlphaSparse-SpMM-CSR-best-solve-only,AlphaSparseLib CSR PER MATRIX BEST,per-matrix-best,AlphaSparse-SpMM-CSR,best,solve-only,"csr-alg1,csr-alg2,csr-alg3,csr-alg4,csr-alg5",manual-selection,csr,ALPHASPARSE_SPMM_CSR_ALG1,workspace-setup,spmm.csr.fp64,fp64,H100-SXM5-80GB,H100-SXM5-80GB,,33500.0,29b699d9-dc3d-55c8-a1c7-29991a8141e8,suitesparse_all,MathWorks/Pd_rhs,Pd_rhs,8081,12406,6323,2,row-major,N,N,1.0,0.0,20260922,main,pass,pass,0,0,25292.0,0.010647,0.00579040013254,0.0164374001325,0.00632275013254,4.367919214747856,1.5386861545088693,4.0001580751759995,0.013038564820142852,0.004593092998533939,0.0119407703736597,AlphaSparse 248af573c867cf4c7e05d40c611c7c34ebac4715,CUDA,13040,13000,2026-10-08T13:46:57.747365+00:00,derived,csr-alg1,0,0,,,,5,20,4,true
3,H100-SXM5-80GB-suitesparse_all-fp64-n2-row-major-AlphaSparse-SpMM-CSR-solve-only,AlphaSparse-SpMM-CSR-best-solve-only,AlphaSparseLib CSR PER MATRIX BEST,per-matrix-best,AlphaSparse-SpMM-CSR,best,solve-only,"csr-alg1,csr-alg2,csr-alg3,csr-alg4,csr-alg5",manual-selection,csr,ALPHASPARSE_SPMM_CSR_ALG5,workspace-setup,spmm.csr.fp64,fp64,H100-SXM5-80GB,H100-SXM5-80GB,,33500.0,29b699d9-dc3d-55c8-a1c7-29991a8141e8,suitesparse_all,MAWI/mawi_201512020130,mawi_201512020130,128568730,128568730,270234840,2,row-major,N,N,1.0,0.0,20260922,main,pass,pass,0,0,1080939360.0,0.168574,15.1603973389,15.3289713389,15.1688260389,71.30019984545011,70.51610549084423,71.2605812228292,0.2128364174491048,0.21049583728610216,0.21271815290396776,AlphaSparse 248af573c867cf4c7e05d40c611c7c34ebac4715,CUDA,13040,13000,2026-10-08T15:04:12.737295+00:00,derived,csr-alg5,0,0,,,,5,20,4,true
3,H100-SXM5-80GB-suitesparse_all-fp64-n2-row-major-AlphaSparse-SpMM-CSR-solve-only,AlphaSparse-SpMM-CSR-best-solve-only,AlphaSparseLib CSR PER MATRIX BEST,per-matrix-best,AlphaSparse-SpMM-CSR,best,solve-only,"csr-alg1,csr-alg2,csr-alg3,csr-alg4,csr-alg5",manual-selection,csr,ALPHASPARSE_SPMM_CSR_ALG5,workspace-setup,spmm.csr.fp64,fp64,H100-SXM5-80GB,H100-SXM5-80GB,,33500.0,29b699d9-dc3d-55c8-a1c7-29991a8141e8,suitesparse_all,Meszaros/aa5,aa5,801,8308,65953,2,row-major,N,N,1.0,0.0,20260922,main,pass,pass,0,0,263812.0,0.010891,0.00950080007315,0.0203918000731,0.0100453500731,27.767345693922476,12.93716096932559,26.262101179176476,0.08288759908633575,0.038618390953210714,0.07839433187813873,AlphaSparse 248af573c867cf4c7e05d40c611c7c34ebac4715,CUDA,13040,13000,2026-10-08T14:57:36.247008+00:00,derived,csr-alg5,0,0,,,,5,20,4,true
3,H100-SXM5-80GB-suitesparse_all-fp64-n2-row-major-AlphaSparse-SpMM-CSR-solve-only,AlphaSparse-SpMM-CSR-best-solve-only,AlphaSparseLib CSR PER MATRIX BEST,per-matrix-best,AlphaSparse-SpMM-CSR,best,solve-only,"csr-alg1,csr-alg2,csr-alg3,csr-alg4,csr-alg5",manual-selection,csr,ALPHASPARSE_SPMM_CSR_ALG2,workspace-setup,spmm.csr.fp64,fp64,H100-SXM5-80GB,H100-SXM5-80GB,,33500.0,dad5c024-9073-5674-80e8-1be5a06ccb57,suitesparse_all,Meszaros/air06,air06,825,8627,70806,2,row-major,N,N,1.0,0.0,20260922,main,pass,pass,0,0,283224.0,0.010374,0.00988319963217,0.0202571996322,0.0104018996322,28.657116170971655,13.981399460061544,27.22810352094295,0.08554363036110942,0.04173552077630312,0.08127792095803865,AlphaSparse 248af573c867cf4c7e05d40c611c7c34ebac4715,CUDA,13040,13000,2026-10-07T07:06:52.123552+00:00,derived,csr-alg2,0,0,,,,5,20,4,true
3,H100-SXM5-80GB-suitesparse_all-fp64-n2-row-major-AlphaSparse-SpMM-CSR-solve-only,AlphaSparse-SpMM-CSR-best-solve-only,AlphaSparseLib CSR PER MATRIX BEST,per-matrix-best,AlphaSparse-SpMM-CSR,best,solve-only,"csr-alg1,csr-alg2,csr-alg3,csr-alg4,csr-alg5",manual-selection,csr,ALPHASPARSE_SPMM_CSR_ALG5,workspace-setup,spmm.csr.fp64,fp64,H100-SXM5-80GB,H100-SXM5-80GB,,33500.0,29b699d9-dc3d-55c8-a1c7-29991a8141e8,suitesparse_all,Meszaros/cq5,cq5,5048,11748,51571,2,row-major,N,N,1.0,0.0,20260922,main,pass,pass,0,0,206284.0,0.010321,0.00976319983602,0.020084199836,0.010279249836,21.1287286406802,10.270959345377825,20.068001390291336,0.06307083176322448,0.030659580135456197,0.059904481762063685,AlphaSparse 248af573c867cf4c7e05d40c611c7c34ebac4715,CUDA,13040,13000,2026-10-08T14:57:36.915815+00:00,derived,csr-alg5,0,0,,,,5,20,4,true
3,H100-SXM5-80GB-suitesparse_all-fp64-n2-row-major-AlphaSparse-SpMM-CSR-solve-only,AlphaSparse-SpMM-CSR-best-solve-only,AlphaSparseLib CSR PER MATRIX BEST,per-matrix-best,AlphaSparse-SpMM-CSR,best,solve-only,"csr-alg1,csr-alg2,csr-alg3,csr-alg4,csr-alg5",manual-selection,csr,ALPHASPARSE_SPMM_CSR_ALG5,workspace-setup,spmm.csr.fp64,fp64,H100-SXM5-80GB,H100-SXM5-80GB,,33500.0,dad5c024-9073-5674-80e8-1be5a06ccb57,suitesparse_all,Meszaros/dbir1,dbir1,18804,45775,1077025,2,row-major,N,N,1.0,0.0,20260922,main,pass,pass,0,0,4308100.0,0.014756,0.0220464006066,0.0368024006066,0.0227842006066,195.41058320015696,117.06029848572982,189.08278040494665,0.5833151737318119,0.34943372682307405,0.5644262101640198,AlphaSparse 248af573c867cf4c7e05d40c611c7c34ebac4715,CUDA,13040,13000,2026-10-07T07:23:19.114047+00:00,derived,csr-alg5,0,0,,,,5,20,4,true
3,H100-SXM5-80GB-suitesparse_all-fp64-n2-row-major-AlphaSparse-SpMM-CSR-solve-only,AlphaSparse-SpMM-CSR-best-solve-only,AlphaSparseLib CSR PER MATRIX BEST,per-matrix-best,AlphaSparse-SpMM-CSR,best,solve-only,"csr-alg1,csr-alg2,csr-alg3,csr-alg4,csr-alg5",manual-selection,csr,ALPHASPARSE_SPMM_CSR_ALG1,workspace-setup,spmm.csr.fp64,fp64,H100-SXM5-80GB,H100-SXM5-80GB,,33500.0,dad5c024-9073-5674-80e8-1be5a06ccb57,suitesparse_all,Meszaros/de080285,de080285,936,1908,5082,2,row-major,N,N,1.0,0.0,20260922,main,pass,pass,0,0,20328.0,0.009344,0.0075152002275,0.0168592002275,0.0079824002275,2.704917950903657,1.205751146299446,2.546602452977543,0.008074381942995992,0.0035992571531326743,0.007601798367097143,AlphaSparse 248af573c867cf4c7e05d40c611c7c34ebac4715,CUDA,13040,13000,2026-10-07T07:01:35.269236+00:00,derived,csr-alg1,0,0,,,,5,20,4,true
3,H100-SXM5-80GB-suitesparse_all-fp64-n2-row-major-AlphaSparse-SpMM-CSR-solve-only,AlphaSparse-SpMM-CSR-best-solve-only,AlphaSparseLib CSR PER MATRIX BEST,per-matrix-best,AlphaSparse-SpMM-CSR,best,solve-only,"csr-alg1,csr-alg2,csr-alg3,csr-alg4,csr-alg5",manual-selection,csr,ALPHASPARSE_SPMM_CSR_ALG5,workspace-setup,spmm.csr.fp64,fp64,H100-SXM5-80GB,H100-SXM5-80GB,,33500.0,29b699d9-dc3d-55c8-a1c7-29991a8141e8,suitesparse_all,Meszaros/deter1,deter1,5527,15737,32187,2,row-major,N,N,1.0,0.0,20260922,main,pass,pass,0,0,128748.0,0.010473,0.00914079993963,0.0196137999396,0.00966444993963,14.084981713888318,6.564153830286578,13.32181353354178,0.04204472153399498,0.019594489045631575,0.039766607562811286,AlphaSparse 248af573c867cf4c7e05d40c611c7c34ebac4715,CUDA,13040,13000,2026-10-08T14:57:41.126184+00:00,derived,csr-alg5,0,0,,,,5,20,4,true
3,H100-SXM5-80GB-suitesparse_all-fp64-n2-row-major-AlphaSparse-SpMM-CSR-solve-only,AlphaSparse-SpMM-CSR-best-solve-only,AlphaSparseLib CSR PER MATRIX BEST,per-matrix-best,AlphaSparse-SpMM-CSR,best,solve-only,"csr-alg1,csr-alg2,csr-alg3,csr-alg4,csr-alg5",manual-selection,csr,ALPHASPARSE_SPMM_CSR_ALG5,workspace-setup,spmm.csr.fp64,fp64,H100-SXM5-80GB,H100-SXM5-80GB,,33500.0,dad5c024-9073-5674-80e8-1be5a06ccb57,suitesparse_all,Meszaros/deter7,deter7,6375,18153,37131,2,row-major,N,N,1.0,0.0,20260922,main,pass,pass,0,0,148524.0,0.00961,0.00911199972034,0.0187219997203,0.00959249972034,16.29982490763927,7.933126921210106,15.483346815749051,0.04865619375414707,0.02368097588420927,0.046218945718653884,AlphaSparse 248af573c867cf4c7e05d40c611c7c34ebac4715,CUDA,13040,13000,2026-10-07T07:23:22.193448+00:00,derived,csr-alg5,0,0,,,,5,20,4,true
3,H100-SXM5-80GB-suitesparse_all-fp64-n2-row-major-AlphaSparse-SpMM-CSR-solve-only,AlphaSparse-SpMM-CSR-best-solve-only,AlphaSparseLib CSR PER MATRIX BEST,per-matrix-best,AlphaSparse-SpMM-CSR,best,solve-only,"csr-alg1,csr-alg2,csr-alg3,csr-alg4,csr-alg5",manual-selection,csr,ALPHASPARSE_SPMM_CSR_ALG5,workspace-setup,spmm.csr.fp64,fp64,H100-SXM5-80GB,H100-SXM5-80GB,,33500.0,29b699d9-dc3d-55c8-a1c7-29991a8141e8,suitesparse_all,Meszaros/jendrec1,jendrec1,2109,4228,89608,2,row-major,N,N,1.0,0.0,20260922,main,pass,pass,0,0,358432.0,0.010908,0.00875839963555,0.0196663996356,0.00930379963555,40.92437145082289,18.225603396727912,38.5253352437239,0.12216230283827727,0.05440478625888929,0.11500100072753404,AlphaSparse 248af573c867cf4c7e05d40c611c7c34ebac4715,CUDA,13040,13000,2026-10-08T14:57:37.671037+00:00,derived,csr-alg5,0,0,,,,5,20,4,true
3,H100-SXM5-80GB-suitesparse_all-fp64-n2-row-major-AlphaSparse-SpMM-CSR-solve-only,AlphaSparse-SpMM-CSR-best-solve-only,AlphaSparseLib CSR PER MATRIX BEST,per-matrix-best,AlphaSparse-SpMM-CSR,best,solve-only,"csr-alg1,csr-alg2,csr-alg3,csr-alg4,csr-alg5",manual-selection,csr,ALPHASPARSE_SPMM_CSR_ALG1,workspace-setup,spmm.csr.fp64,fp64,H100-SXM5-80GB,H100-SXM5-80GB,,33500.0,dad5c024-9073-5674-80e8-1be5a06ccb57,suitesparse_all,Meszaros/kleemin,kleemin,8,16,44,2,row-major,N,N,1.0,0.0,20260922,main,pass,pass,0,0,176.0,0.008776,0.00460320003331,0.0133792000333,0.00504200003331,0.038234271534240624,0.01315474763528065,0.03490678279199822,0.0001141321538335541,3.926790338889746e-05,0.00010419935161790514,AlphaSparse 248af573c867cf4c7e05d40c611c7c34ebac4715,CUDA,13040,13000,2026-10-07T07:01:36.125017+00:00,derived,csr-alg1,0,0,,,,5,20,4,true
3,H100-SXM5-80GB-suitesparse_all-fp64-n2-row-major-AlphaSparse-SpMM-CSR-solve-only,AlphaSparse-SpMM-CSR-best-solve-only,AlphaSparseLib CSR PER MATRIX BEST,per-matrix-best,AlphaSparse-SpMM-CSR,best,solve-only,"csr-alg1,csr-alg2,csr-alg3,csr-alg4,csr-alg5",manual-selection,csr,ALPHASPARSE_SPMM_CSR_ALG5,workspace-setup,spmm.csr.fp64,fp64,H100-SXM5-80GB,H100-SXM5-80GB,,33500.0,dad5c024-9073-5674-80e8-1be5a06ccb57,suitesparse_all,Meszaros/mod2,mod2,34774,66409,199810,2,row-major,N,N,1.0,0.0,20260922,main,pass,pass,0,0,799240.0,0.015066,0.0104255996644,0.0254915996644,0.0111788996644,76.66129774090044,31.353073581967845,71.49540867114467,0.22883969474895655,0.09359126442378461,0.2134191303616259,AlphaSparse 248af573c867cf4c7e05d40c611c7c34ebac4715,CUDA,13040,13000,2026-10-07T07:23:19.751767+00:00,derived,csr-alg5,0,0,,,,5,20,4,true
3,H100-SXM5-80GB-suitesparse_all-fp64-n2-row-major-AlphaSparse-SpMM-CSR-solve-only,AlphaSparse-SpMM-CSR-best-solve-only,AlphaSparseLib CSR PER MATRIX BEST,per-matrix-best,AlphaSparse-SpMM-CSR,best,solve-only,"csr-alg1,csr-alg2,csr-alg3,csr-alg4,csr-alg5",manual-selection,csr,ALPHASPARSE_SPMM_CSR_ALG5,workspace-setup,spmm.csr.fp64,fp64,H100-SXM5-80GB,H100-SXM5-80GB,,33500.0,29b699d9-dc3d-55c8-a1c7-29991a8141e8,suitesparse_all,Meszaros/model10,model10,4400,16819,150372,2,row-major,N,N,1.0,0.0,20260922,main,pass,pass,0,0,601488.0,0.013212,0.0103919997811,0.0236039997811,0.0110525997811,57.87990884044574,25.48246083621889,54.42049942209501,0.17277584728491263,0.0760670472722952,0.16244925200625376,AlphaSparse 248af573c867cf4c7e05d40c611c7c34ebac4715,CUDA,13040,13000,2026-10-08T14:57:38.408331+00:00,derived,csr-alg5,0,0,,,,5,20,4,true
3,H100-SXM5-80GB-suitesparse_all-fp64-n2-row-major-AlphaSparse-SpMM-CSR-solve-only,AlphaSparse-SpMM-CSR-best-solve-only,AlphaSparseLib CSR PER MATRIX BEST,per-matrix-best,AlphaSparse-SpMM-CSR,best,solve-only,"csr-alg1,csr-alg2,csr-alg3,csr-alg4,csr-alg5",manual-selection,csr,ALPHASPARSE_SPMM_CSR_ALG5,workspace-setup,spmm.csr.fp64,fp64,H100-SXM5-80GB,H100-SXM5-80GB,,33500.0,dad5c024-9073-5674-80e8-1be5a06ccb57,suitesparse_all,Meszaros/nemspmm2,nemspmm2,2301,8734,68225,2,row-major,N,N,1.0,0.0,20260922,main,pass,pass,0,0,272900.0,0.009978,0.00994559973478,0.0199235997348,0.0104444997348,27.43927035849454,13.697323959150472,26.128585085863445,0.08190826972684938,0.040887534206419315,0.07799577637571177,AlphaSparse 248af573c867cf4c7e05d40c611c7c34ebac4715,CUDA,13040,13000,2026-10-07T07:23:20.242535+00:00,derived,csr-alg5,0,0,,,,5,20,4,true
3,H100-SXM5-80GB-suitesparse_all-fp64-n2-row-major-AlphaSparse-SpMM-CSR-solve-only,AlphaSparse-SpMM-CSR-best-solve-only,AlphaSparseLib CSR PER MATRIX BEST,per-matrix-best,AlphaSparse-SpMM-CSR,best,solve-only,"csr-alg1,csr-alg2,csr-alg3,csr-alg4,csr-alg5",manual-selection,csr,ALPHASPARSE_SPMM_CSR_ALG5,workspace-setup,spmm.csr.fp64,fp64,H100-SXM5-80GB,H100-SXM5-80GB,,33500.0,29b699d9-dc3d-55c8-a1c7-29991a8141e8,suitesparse_all,Meszaros/p0548,p0548,176,724,1887,2,row-major,N,N,1.0,0.0,20260922,main,pass,pass,0,0,7548.0,0.009795,0.00896639972925,0.0187613997293,0.00945614972925,0.8418094472608747,0.40231539804634936,0.7982107111367259,0.0025128640216742527,0.0012009414867055204,0.0023827185407066446,AlphaSparse 248af573c867cf4c7e05d40c611c7c34ebac4715,CUDA,13040,13000,2026-10-08T14:57:39.043570+00:00,derived,csr-alg5,0,0,,,,5,20,4,true
3,H100-SXM5-80GB-suitesparse_all-fp64-n2-row-major-AlphaSparse-SpMM-CSR-solve-only,AlphaSparse-SpMM-CSR-best-solve-only,AlphaSparseLib CSR PER MATRIX BEST,per-matrix-best,AlphaSparse-SpMM-CSR,best,solve-only,"csr-alg1,csr-alg2,csr-alg3,csr-alg4,csr-alg5",manual-selection,csr,ALPHASPARSE_SPMM_CSR_ALG1,workspace-setup,spmm.csr.fp64,fp64,H100-SXM5-80GB,H100-SXM5-80GB,,33500.0,dad5c024-9073-5674-80e8-1be5a06ccb57,suitesparse_all,Meszaros/pf2177,pf2177,9728,10178,30984,2,row-major,N,N,1.0,0.0,20260922,main,pass,pass,0,0,123936.0,0.009138,0.00521919988096,0.014357199881,0.00567609988096,23.74616853669986,8.632323922996584,21.83471091052025,0.07088408518417869,0.025768131113422636,0.06517824152394106,AlphaSparse 248af573c867cf4c7e05d40c611c7c34ebac4715,CUDA,13040,13000,2026-10-07T07:01:34.401588+00:00,derived,csr-alg1,0,0,,,,5,20,4,true
3,H100-SXM5-80GB-suitesparse_all-fp64-n2-row-major-AlphaSparse-SpMM-CSR-solve-only,AlphaSparse-SpMM-CSR-best-solve-only,AlphaSparseLib CSR PER MATRIX BEST,per-matrix-best,AlphaSparse-SpMM-CSR,best,solve-only,"csr-alg1,csr-alg2,csr-alg3,csr-alg4,csr-alg5",manual-selection,csr,ALPHASPARSE_SPMM_CSR_ALG5,workspace-setup,spmm.csr.fp64,fp64,H100-SXM5-80GB,H100-SXM5-80GB,,33500.0,29b699d9-dc3d-55c8-a1c7-29991a8141e8,suitesparse_all,Meszaros/rosen1,rosen1,520,1544,23794,2,row-major,N,N,1.0,0.0,20260922,main,pass,pass,0,0,95176.0,0.010611,0.00932160019875,0.0199326001987,0.00985215019875,10.210264114605861,4.774891336365005,9.660429254527154,0.03047840034210705,0.014253406974223896,0.028837102252319863,AlphaSparse 248af573c867cf4c7e05d40c611c7c34ebac4715,CUDA,13040,13000,2026-10-08T14:57:39.720179+00:00,derived,csr-alg5,0,0,,,,5,20,4,true
3,H100-SXM5-80GB-suitesparse_all-fp64-n2-row-major-AlphaSparse-SpMM-CSR-solve-only,AlphaSparse-SpMM-CSR-best-solve-only,AlphaSparseLib CSR PER MATRIX BEST,per-matrix-best,AlphaSparse-SpMM-CSR,best,solve-only,"csr-alg1,csr-alg2,csr-alg3,csr-alg4,csr-alg5",manual-selection,csr,ALPHASPARSE_SPMM_CSR_ALG1,workspace-setup,spmm.csr.fp64,fp64,H100-SXM5-80GB,H100-SXM5-80GB,,33500.0,29b699d9-dc3d-55c8-a1c7-29991a8141e8,suitesparse_all,Meszaros/scagr7-2b,scagr7-2b,9743,13847,35885,2,row-major,N,N,1.0,0.0,20260922,main,pass,pass,0,0,143540.0,0.010514,0.00496320016682,0.0154772001668,0.00548890016682,28.92085653921315,9.27428723884481,26.150958413798232,0.0863309150424273,0.02768443951893973,0.07806256242924846,AlphaSparse 248af573c867cf4c7e05d40c611c7c34ebac4715,CUDA,13040,13000,2026-10-08T13:48:07.326120+00:00,derived,csr-alg1,0,0,,,,5,20,4,true
3,H100-SXM5-80GB-suitesparse_all-fp64-n2-row-major-AlphaSparse-SpMM-CSR-solve-only,AlphaSparse-SpMM-CSR-best-solve-only,AlphaSparseLib CSR PER MATRIX BEST,per-matrix-best,AlphaSparse-SpMM-CSR,best,solve-only,"csr-alg1,csr-alg2,csr-alg3,csr-alg4,csr-alg5",manual-selection,csr,ALPHASPARSE_SPMM_CSR_ALG1,workspace-setup,spmm.csr.fp64,fp64,H100-SXM5-80GB,H100-SXM5-80GB,,33500.0,dad5c024-9073-5674-80e8-1be5a06ccb57,suitesparse_all,Meszaros/scrs8-2c,scrs8-2c,1820,3499,7367,2,row-major,N,N,1.0,0.0,20260922,main,pass,pass,0,0,29468.0,0.009032,0.00594400018454,0.0149760001845,0.00639560018454,4.957604152948138,1.967681599690354,4.6075425526493365,0.014798818367009367,0.005873676416986132,0.013753858366117422,AlphaSparse 248af573c867cf4c7e05d40c611c7c34ebac4715,CUDA,13040,13000,2026-10-07T07:01:36.556577+00:00,derived,csr-alg1,0,0,,,,5,20,4,true
3,H100-SXM5-80GB-suitesparse_all-fp64-n2-row-major-AlphaSparse-SpMM-CSR-solve-only,AlphaSparse-SpMM-CSR-best-solve-only,AlphaSparseLib CSR PER MATRIX BEST,per-matrix-best,AlphaSparse-SpMM-CSR,best,solve-only,"csr-alg1,csr-alg2,csr-alg3,csr-alg4,csr-alg5",manual-selection,csr,ALPHASPARSE_SPMM_CSR_ALG1,workspace-setup,spmm.csr.fp64,fp64,H100-SXM5-80GB,H100-SXM5-80GB,,33500.0,dad5c024-9073-5674-80e8-1be5a06ccb57,suitesparse_all,Meszaros/seymourl,seymourl,4944,6316,38493,2,row-major,N,N,1.0,0.0,20260922,main,pass,pass,0,0,153972.0,0.009973,0.00670080035925,0.0166738003592,0.00719945035925,22.97815063053656,9.234367491694467,21.38663263400013,0.06859149441951212,0.027565276094610347,0.06384069442985113,AlphaSparse 248af573c867cf4c7e05d40c611c7c34ebac4715,CUDA,13040,13000,2026-10-07T07:01:34.859578+00:00,derived,csr-alg1,0,0,,,,5,20,4,true
3,H100-SXM5-80GB-suitesparse_all-fp64-n2-row-major-AlphaSparse-SpMM-CSR-solve-only,AlphaSparse-SpMM-CSR-best-solve-only,AlphaSparseLib CSR PER MATRIX BEST,per-matrix-best,AlphaSparse-SpMM-CSR,best,solve-only,"csr-alg1,csr-alg2,csr-alg3,csr-alg4,csr-alg5",manual-selection,csr,ALPHASPARSE_SPMM_CSR_ALG5,workspace-setup,spmm.csr.fp64,fp64,H100-SXM5-80GB,H100-SXM5-80GB,,33500.0,29b699d9-dc3d-55c8-a1c7-29991a8141e8,suitesparse_all,Meszaros/stormg2-8,stormg2-8,4409,11322,28553,2,row-major,N,N,1.0,0.0,20260922,main,pass,pass,0,0,114212.0,0.010067,0.00919039994478,0.0192573999448,0.00969374994478,12.427315534278852,5.930811029909582,11.782024567438132,0.03709646428142941,0.017703913522118152,0.035170222589367556,AlphaSparse 248af573c867cf4c7e05d40c611c7c34ebac4715,CUDA,13040,13000,2026-10-08T14:57:41.732751+00:00,derived,csr-alg5,0,0,,,,5,20,4,true
3,H100-SXM5-80GB-suitesparse_all-fp64-n2-row-major-AlphaSparse-SpMM-CSR-solve-only,AlphaSparse-SpMM-CSR-best-solve-only,AlphaSparseLib CSR PER MATRIX BEST,per-matrix-best,AlphaSparse-SpMM-CSR,best,solve-only,"csr-alg1,csr-alg2,csr-alg3,csr-alg4,csr-alg5",manual-selection,csr,ALPHASPARSE_SPMM_CSR_ALG5,workspace-setup,spmm.csr.fp64,fp64,H100-SXM5-80GB,H100-SXM5-80GB,,33500.0,29b699d9-dc3d-55c8-a1c7-29991a8141e8,suitesparse_all,Meszaros/ulevimin,ulevimin,6590,46937,164538,2,row-major,N,N,1.0,0.0,20260922,main,pass,pass,0,0,658152.0,0.014434,0.0107648000121,0.0251988000121,0.0114865000121,61.13926865898251,26.118386577296047,57.29787135391075,0.18250527957905227,0.07796533306655536,0.17103842195197239,AlphaSparse 248af573c867cf4c7e05d40c611c7c34ebac4715,CUDA,13040,13000,2026-10-08T14:57:40.466494+00:00,derived,csr-alg5,0,0,,,,5,20,4,true
3,H100-SXM5-80GB-suitesparse_all-fp64-n2-row-major-AlphaSparse-SpMM-CSR-solve-only,AlphaSparse-SpMM-CSR-best-solve-only,AlphaSparseLib CSR PER MATRIX BEST,per-matrix-best,AlphaSparse-SpMM-CSR,best,solve-only,"csr-alg1,csr-alg2,csr-alg3,csr-alg4,csr-alg5",manual-selection,csr,ALPHASPARSE_SPMM_CSR_ALG5,workspace-setup,spmm.csr.fp64,fp64,H100-SXM5-80GB,H100-SXM5-80GB,,33500.0,29b699d9-dc3d-55c8-a1c7-29991a8141e8,suitesparse_all,Mittelmann/fome13,fome13,48568,97840,285056,2,row-major,N,N,1.0,0.0,20260922,main,pass,pass,0,0,1140224.0,0.019986,0.0135792002082,0.0335652002082,0.0145785002082,83.96842100549183,33.970421535618975,78.21270938135706,0.25065200300146817,0.10140424338990739,0.23347077427270765,AlphaSparse 248af573c867cf4c7e05d40c611c7c34ebac4715,CUDA,13040,13000,2026-10-08T14:57:35.504045+00:00,derived,csr-alg5,0,0,,,,5,20,4,true
3,H100-SXM5-80GB-suitesparse_all-fp64-n2-row-major-AlphaSparse-SpMM-CSR-solve-only,AlphaSparse-SpMM-CSR-best-solve-only,AlphaSparseLib CSR PER MATRIX BEST,per-matrix-best,AlphaSparse-SpMM-CSR,best,solve-only,"csr-alg1,csr-alg2,csr-alg3,csr-alg4,csr-alg5",manual-selection,csr,ALPHASPARSE_SPMM_CSR_ALG2,workspace-setup,spmm.csr.fp64,fp64,H100-SXM5-80GB,H100-SXM5-80GB,,33500.0,dad5c024-9073-5674-80e8-1be5a06ccb57,suitesparse_all,Mittelmann/neos3,neos3,512209,518832,2055024,2,row-major,N,N,1.0,0.0,20260922,main,pass,pass,0,0,8220096.0,0.141128,0.0430096000433,0.184137600043,0.0500660000433,191.1223538866765,44.64105102966713,164.18519539988776,0.5705144892139598,0.13325686874527504,0.4901050608951874,AlphaSparse 248af573c867cf4c7e05d40c611c7c34ebac4715,CUDA,13040,13000,2026-10-07T07:06:51.630256+00:00,derived,csr-alg2,0,0,,,,5,20,4,true
3,H100-SXM5-80GB-suitesparse_all-fp64-n2-row-major-AlphaSparse-SpMM-CSR-solve-only,AlphaSparse-SpMM-CSR-best-solve-only,AlphaSparseLib CSR PER MATRIX BEST,per-matrix-best,AlphaSparse-SpMM-CSR,best,solve-only,"csr-alg1,csr-alg2,csr-alg3,csr-alg4,csr-alg5",manual-selection,csr,ALPHASPARSE_SPMM_CSR_ALG5,workspace-setup,spmm.csr.fp64,fp64,H100-SXM5-80GB,H100-SXM5-80GB,,33500.0,29b699d9-dc3d-55c8-a1c7-29991a8141e8,suitesparse_all,Mittelmann/pds-80,pds-80,129181,434580,927826,2,row-major,N,N,1.0,0.0,20260922,main,pass,pass,0,0,3711304.0,0.01694,0.0203615993261,0.0373015993261,0.0212085993261,182.26976872306682,99.49450069298219,174.99052827278166,0.5440888618599009,0.2969985095312901,0.5223597858889005,AlphaSparse 248af573c867cf4c7e05d40c611c7c34ebac4715,CUDA,13040,13000,2026-10-08T14:57:34.673490+00:00,derived,csr-alg5,0,0,,,,5,20,4,true
3,H100-SXM5-80GB-suitesparse_all-fp64-n2-row-major-AlphaSparse-SpMM-CSR-solve-only,AlphaSparse-SpMM-CSR-best-solve-only,AlphaSparseLib CSR PER MATRIX BEST,per-matrix-best,AlphaSparse-SpMM-CSR,best,solve-only,"csr-alg1,csr-alg2,csr-alg3,csr-alg4,csr-alg5",manual-selection,csr,ALPHASPARSE_SPMM_CSR_ALG5,workspace-setup,spmm.csr.fp64,fp64,H100-SXM5-80GB,H100-SXM5-80GB,,33500.0,dad5c024-9073-5674-80e8-1be5a06ccb57,suitesparse_all,Mittelmann/rail2586,rail2586,2586,923269,8011362,2,row-major,N,N,1.0,0.0,20260922,main,pass,pass,0,0,32045448.0,0.016351,0.123529601097,0.139880601097,0.124347151097,259.41513382559,229.0914376167009,257.7095471612548,0.7743735338077312,0.6838550376617937,0.769282230332104,AlphaSparse 248af573c867cf4c7e05d40c611c7c34ebac4715,CUDA,13040,13000,2026-10-07T07:23:15.626474+00:00,derived,csr-alg5,0,0,,,,5,20,4,true
3,H100-SXM5-80GB-suitesparse_all-fp64-n2-row-major-AlphaSparse-SpMM-CSR-solve-only,AlphaSparse-SpMM-CSR-best-solve-only,AlphaSparseLib CSR PER MATRIX BEST,per-matrix-best,AlphaSparse-SpMM-CSR,best,solve-only,"csr-alg1,csr-alg2,csr-alg3,csr-alg4,csr-alg5",manual-selection,csr,ALPHASPARSE_SPMM_CSR_ALG5,workspace-setup,spmm.csr.fp64,fp64,H100-SXM5-80GB,H100-SXM5-80GB,,33500.0,29b699d9-dc3d-55c8-a1c7-29991a8141e8,suitesparse_all,MKS/fp,fp,7548,7548,848553,2,row-major,N,N,1.0,0.0,20260922,main,pass,pass,0,0,3394212.0,0.013765,0.0200512006879,0.0338162006879,0.0207394506879,169.27724443196334,100.37236386565762,163.65968660781755,0.505305207259592,0.29961899661390334,0.48853637793378374,AlphaSparse 248af573c867cf4c7e05d40c611c7c34ebac4715,CUDA,13040,13000,2026-10-08T14:57:06.250731+00:00,derived,csr-alg5,0,0,,,,5,20,4,true
3,H100-SXM5-80GB-suitesparse_all-fp64-n2-row-major-AlphaSparse-SpMM-CSR-solve-only,AlphaSparse-SpMM-CSR-best-solve-only,AlphaSparseLib CSR PER MATRIX BEST,per-matrix-best,AlphaSparse-SpMM-CSR,best,solve-only,"csr-alg1,csr-alg2,csr-alg3,csr-alg4,csr-alg5",manual-selection,csr,ALPHASPARSE_SPMM_CSR_ALG5,workspace-setup,spmm.csr.fp64,fp64,H100-SXM5-80GB,H100-SXM5-80GB,,33500.0,dad5c024-9073-5674-80e8-1be5a06ccb57,suitesparse_all,ML_Graph/Binaryalphadigs_10NN,Binaryalphadigs_10NN,1404,1404,19392,2,row-major,N,N,1.0,0.0,20260922,main,pass,pass,0,0,77568.0,0.009384,0.00899199992418,0.0183759999242,0.00946119992418,8.626334592309686,4.221158049627982,8.198537249145256,0.025750252514357273,0.012600471789934274,0.02447324551983658,AlphaSparse 248af573c867cf4c7e05d40c611c7c34ebac4715,CUDA,13040,13000,2026-10-07T07:27:08.611635+00:00,derived,csr-alg5,0,0,,,,5,20,4,true
3,H100-SXM5-80GB-suitesparse_all-fp64-n2-row-major-AlphaSparse-SpMM-CSR-solve-only,AlphaSparse-SpMM-CSR-best-solve-only,AlphaSparseLib CSR PER MATRIX BEST,per-matrix-best,AlphaSparse-SpMM-CSR,best,solve-only,"csr-alg1,csr-alg2,csr-alg3,csr-alg4,csr-alg5",manual-selection,csr,ALPHASPARSE_SPMM_CSR_ALG1,workspace-setup,spmm.csr.fp64,fp64,H100-SXM5-80GB,H100-SXM5-80GB,,33500.0,29b699d9-dc3d-55c8-a1c7-29991a8141e8,suitesparse_all,ML_Graph/Ecoli_10NN,Ecoli_10NN,336,336,4560,2,row-major,N,N,1.0,0.0,20260922,main,pass,pass,0,0,18240.0,0.010123,0.00711679980159,0.0172397998016,0.00762294980159,2.5629497117405085,1.0580169265252821,2.392774513115053,0.007650596154449279,0.003158259482165021,0.007142610486910605,AlphaSparse 248af573c867cf4c7e05d40c611c7c34ebac4715,CUDA,13040,13000,2026-10-08T14:13:19.422150+00:00,derived,csr-alg1,0,0,,,,5,20,4,true
3,H100-SXM5-80GB-suitesparse_all-fp64-n2-row-major-AlphaSparse-SpMM-CSR-solve-only,AlphaSparse-SpMM-CSR-best-solve-only,AlphaSparseLib CSR PER MATRIX BEST,per-matrix-best,AlphaSparse-SpMM-CSR,best,solve-only,"csr-alg1,csr-alg2,csr-alg3,csr-alg4,csr-alg5",manual-selection,csr,ALPHASPARSE_SPMM_CSR_ALG5,workspace-setup,spmm.csr.fp64,fp64,H100-SXM5-80GB,H100-SXM5-80GB,,33500.0,dad5c024-9073-5674-80e8-1be5a06ccb57,suitesparse_all,ML_Graph/JapaneseVowelsSmall_10NN,JapaneseVowelsSmall_10NN,9961,9961,131144,2,row-major,N,N,1.0,0.0,20260922,main,pass,pass,0,0,524576.0,0.011883,0.0094127997756,0.0212957997756,0.0100069497756,55.730071020931916,24.632838659623445,52.42116846424837,0.1663584209580057,0.07353086167051774,0.15648109989327869,AlphaSparse 248af573c867cf4c7e05d40c611c7c34ebac4715,CUDA,13040,13000,2026-10-07T07:27:09.114525+00:00,derived,csr-alg5,0,0,,,,5,20,4,true
3,H100-SXM5-80GB-suitesparse_all-fp64-n2-row-major-AlphaSparse-SpMM-CSR-solve-only,AlphaSparse-SpMM-CSR-best-solve-only,AlphaSparseLib CSR PER MATRIX BEST,per-matrix-best,AlphaSparse-SpMM-CSR,best,solve-only,"csr-alg1,csr-alg2,csr-alg3,csr-alg4,csr-alg5",manual-selection,csr,ALPHASPARSE_SPMM_CSR_ALG5,workspace-setup,spmm.csr.fp64,fp64,H100-SXM5-80GB,H100-SXM5-80GB,,33500.0,29b699d9-dc3d-55c8-a1c7-29991a8141e8,suitesparse_all,ML_Graph/plantstexture_10NN,plantstexture_10NN,1599,1599,21204,2,row-major,N,N,1.0,0.0,20260922,main,pass,pass,0,0,84816.0,0.0098,0.00903839990497,0.018838399905,0.00952839990497,9.383961861807165,4.502293211085753,8.901389619023032,0.028011826453155718,0.013439681227121652,0.02657131229559114,AlphaSparse 248af573c867cf4c7e05d40c611c7c34ebac4715,CUDA,13040,13000,2026-10-08T15:04:58.415490+00:00,derived,csr-alg5,0,0,,,,5,20,4,true
3,H100-SXM5-80GB-suitesparse_all-fp64-n2-row-major-AlphaSparse-SpMM-CSR-solve-only,AlphaSparse-SpMM-CSR-best-solve-only,AlphaSparseLib CSR PER MATRIX BEST,per-matrix-best,AlphaSparse-SpMM-CSR,best,solve-only,"csr-alg1,csr-alg2,csr-alg3,csr-alg4,csr-alg5",manual-selection,csr,ALPHASPARSE_SPMM_CSR_ALG1,workspace-setup,spmm.csr.fp64,fp64,H100-SXM5-80GB,H100-SXM5-80GB,,33500.0,dad5c024-9073-5674-80e8-1be5a06ccb57,suitesparse_all,ML_Graph/worms20_10NN,worms20_10NN,20055,20055,240826,2,row-major,N,N,1.0,0.0,20260922,main,pass,pass,0,0,963304.0,0.01335,0.00764800012112,0.0209980001211,0.00831550012112,125.95501892577512,45.875987924774634,115.84438530081512,0.3759851311217168,0.1369432475366407,0.34580413522631376,AlphaSparse 248af573c867cf4c7e05d40c611c7c34ebac4715,CUDA,13040,13000,2026-10-07T07:05:18.737263+00:00,derived,csr-alg1,0,0,,,,5,20,4,true
3,H100-SXM5-80GB-suitesparse_all-fp64-n2-row-major-AlphaSparse-SpMM-CSR-solve-only,AlphaSparse-SpMM-CSR-best-solve-only,AlphaSparseLib CSR PER MATRIX BEST,per-matrix-best,AlphaSparse-SpMM-CSR,best,solve-only,"csr-alg1,csr-alg2,csr-alg3,csr-alg4,csr-alg5",manual-selection,csr,ALPHASPARSE_SPMM_CSR_ALG5,workspace-setup,spmm.csr.fp64,fp64,H100-SXM5-80GB,H100-SXM5-80GB,,33500.0,dad5c024-9073-5674-80e8-1be5a06ccb57,suitesparse_all,Muite/Chebyshev2,Chebyshev2,2053,2053,18447,2,row-major,N,N,1.0,0.0,20260922,main,pass,pass,0,0,73788.0,0.010654,0.009899199754,0.020553199754,0.010431899754,7.453935856803399,3.5900979352686737,7.0733041670292875,0.022250554796428058,0.010716710254533354,0.02111434079710235,AlphaSparse 248af573c867cf4c7e05d40c611c7c34ebac4715,CUDA,13040,13000,2026-10-07T07:23:26.176711+00:00,derived,csr-alg5,0,0,,,,5,20,4,true
3,H100-SXM5-80GB-suitesparse_all-fp64-n2-row-major-AlphaSparse-SpMM-CSR-solve-only,AlphaSparse-SpMM-CSR-best-solve-only,AlphaSparseLib CSR PER MATRIX BEST,per-matrix-best,AlphaSparse-SpMM-CSR,best,solve-only,"csr-alg1,csr-alg2,csr-alg3,csr-alg4,csr-alg5",manual-selection,csr,ALPHASPARSE_SPMM_CSR_ALG5,workspace-setup,spmm.csr.fp64,fp64,H100-SXM5-80GB,H100-SXM5-80GB,,33500.0,29b699d9-dc3d-55c8-a1c7-29991a8141e8,suitesparse_all,Mycielski/mycielskian15,mycielskian15,24575,24575,11111110,2,row-major,N,N,1.0,0.0,20260922,main,pass,pass,0,0,44444440.0,0.017358,0.21077439785,0.22813239785,0.21164229785,210.8626116518639,194.81862470591656,209.9979089789494,0.6294406317966086,0.5815481334504973,0.6268594297879087,AlphaSparse 248af573c867cf4c7e05d40c611c7c34ebac4715,CUDA,13040,13000,2026-10-08T15:02:11.464034+00:00,derived,csr-alg5,0,0,,,,5,20,4,true
3,H100-SXM5-80GB-suitesparse_all-fp64-n2-row-major-AlphaSparse-SpMM-CSR-solve-only,AlphaSparse-SpMM-CSR-best-solve-only,AlphaSparseLib CSR PER MATRIX BEST,per-matrix-best,AlphaSparse-SpMM-CSR,best,solve-only,"csr-alg1,csr-alg2,csr-alg3,csr-alg4,csr-alg5",manual-selection,csr,ALPHASPARSE_SPMM_CSR_ALG1,workspace-setup,spmm.csr.fp64,fp64,H100-SXM5-80GB,H100-SXM5-80GB,,33500.0,dad5c024-9073-5674-80e8-1be5a06ccb57,suitesparse_all,Mycielski/mycielskian5,mycielskian5,23,23,142,2,row-major,N,N,1.0,0.0,20260922,main,pass,pass,0,0,568.0,0.009428,0.00447839982808,0.0139063998281,0.00494979982808,0.1268310159442632,0.04084450375518971,0.11475211518206466,0.00037860004759481545,0.00012192389180653643,0.00034254362740914824,AlphaSparse 248af573c867cf4c7e05d40c611c7c34ebac4715,CUDA,13040,13000,2026-10-07T07:03:54.766191+00:00,derived,csr-alg1,0,0,,,,5,20,4,true
3,H100-SXM5-80GB-suitesparse_all-fp64-n2-row-major-AlphaSparse-SpMM-CSR-solve-only,AlphaSparse-SpMM-CSR-best-solve-only,AlphaSparseLib CSR PER MATRIX BEST,per-matrix-best,AlphaSparse-SpMM-CSR,best,solve-only,"csr-alg1,csr-alg2,csr-alg3,csr-alg4,csr-alg5",manual-selection,csr,ALPHASPARSE_SPMM_CSR_ALG1,workspace-setup,spmm.csr.fp64,fp64,H100-SXM5-80GB,H100-SXM5-80GB,,33500.0,29b699d9-dc3d-55c8-a1c7-29991a8141e8,suitesparse_all,Nasa/barth4,barth4,6019,6019,23492,2,row-major,N,N,1.0,0.0,20260922,main,pass,pass,0,0,93968.0,0.009684,0.00417440012097,0.013858400121,0.00465860012097,22.510539784615755,6.780580671617916,20.170866260234902,0.06719564114810674,0.02024053931826244,0.060211541075328064,AlphaSparse 248af573c867cf4c7e05d40c611c7c34ebac4715,CUDA,13040,13000,2026-10-08T13:46:02.522680+00:00,derived,csr-alg1,0,0,,,,5,20,4,true
3,H100-SXM5-80GB-suitesparse_all-fp64-n2-row-major-AlphaSparse-SpMM-CSR-solve-only,AlphaSparse-SpMM-CSR-best-solve-only,AlphaSparseLib CSR PER MATRIX BEST,per-matrix-best,AlphaSparse-SpMM-CSR,best,solve-only,"csr-alg1,csr-alg2,csr-alg3,csr-alg4,csr-alg5",manual-selection,csr,ALPHASPARSE_SPMM_CSR_ALG5,workspace-setup,spmm.csr.fp64,fp64,H100-SXM5-80GB,H100-SXM5-80GB,,33500.0,dad5c024-9073-5674-80e8-1be5a06ccb57,suitesparse_all,Nasa/nasasrb,nasasrb,54870,54870,2677324,2,row-major,N,N,1.0,0.0,20260922,main,pass,pass,0,0,10709296.0,0.016128,0.0340847998857,0.0502127998857,0.0348911998857,314.19565424800976,213.27820843246542,306.93401301997517,0.9378974753671934,0.6366513684551206,0.9162209343879856,AlphaSparse 248af573c867cf4c7e05d40c611c7c34ebac4715,CUDA,13040,13000,2026-10-07T07:22:10.962865+00:00,derived,csr-alg5,0,0,,,,5,20,4,true
3,H100-SXM5-80GB-suitesparse_all-fp64-n2-row-major-AlphaSparse-SpMM-CSR-solve-only,AlphaSparse-SpMM-CSR-best-solve-only,AlphaSparseLib CSR PER MATRIX BEST,per-matrix-best,AlphaSparse-SpMM-CSR,best,solve-only,"csr-alg1,csr-alg2,csr-alg3,csr-alg4,csr-alg5",manual-selection,csr,ALPHASPARSE_SPMM_CSR_ALG5,workspace-setup,spmm.csr.fp64,fp64,H100-SXM5-80GB,H100-SXM5-80GB,,33500.0,dad5c024-9073-5674-80e8-1be5a06ccb57,suitesparse_all,ND/nd6k,nd6k,18000,18000,6897316,2,row-major,N,N,1.0,0.0,20260922,main,pass,pass,0,0,27589264.0,0.020955,0.0907616019249,0.111716601925,0.0918093519249,303.97506671189575,246.95760097072966,300.50603148324154,0.9073882588414798,0.7371868685693422,0.897032929800721,AlphaSparse 248af573c867cf4c7e05d40c611c7c34ebac4715,CUDA,13040,13000,2026-10-07T07:22:22.089395+00:00,derived,csr-alg5,0,0,,,,5,20,4,true
3,H100-SXM5-80GB-suitesparse_all-fp64-n2-row-major-AlphaSparse-SpMM-CSR-solve-only,AlphaSparse-SpMM-CSR-best-solve-only,AlphaSparseLib CSR PER MATRIX BEST,per-matrix-best,AlphaSparse-SpMM-CSR,best,solve-only,"csr-alg1,csr-alg2,csr-alg3,csr-alg4,csr-alg5",manual-selection,csr,ALPHASPARSE_SPMM_CSR_ALG5,workspace-setup,spmm.csr.fp64,fp64,H100-SXM5-80GB,H100-SXM5-80GB,,33500.0,29b699d9-dc3d-55c8-a1c7-29991a8141e8,suitesparse_all,Nemeth/nemeth07,nemeth07,9506,9506,394812,2,row-major,N,N,1.0,0.0,20260922,main,pass,pass,0,0,1579248.0,0.012893,0.0125392004848,0.0254322004848,0.0131838504848,125.94487199677219,62.0963962966502,119.78655263276504,0.37595484178140953,0.18536237700492597,0.3575717989037762,AlphaSparse 248af573c867cf4c7e05d40c611c7c34ebac4715,CUDA,13040,13000,2026-10-08T14:55:19.716579+00:00,derived,csr-alg5,0,0,,,,5,20,4,true
3,H100-SXM5-80GB-suitesparse_all-fp64-n2-row-major-AlphaSparse-SpMM-CSR-solve-only,AlphaSparse-SpMM-CSR-best-solve-only,AlphaSparseLib CSR PER MATRIX BEST,per-matrix-best,AlphaSparse-SpMM-CSR,best,solve-only,"csr-alg1,csr-alg2,csr-alg3,csr-alg4,csr-alg5",manual-selection,csr,ALPHASPARSE_SPMM_CSR_ALG5,workspace-setup,spmm.csr.fp64,fp64,H100-SXM5-80GB,H100-SXM5-80GB,,33500.0,dad5c024-9073-5674-80e8-1be5a06ccb57,suitesparse_all,Nemeth/nemeth13,nemeth13,9506,9506,474472,2,row-major,N,N,1.0,0.0,20260922,main,pass,pass,0,0,1897888.0,0.015224,0.0124944001436,0.0277184001436,0.0132556001436,151.89908904687627,68.47032982306557,143.17631638250106,0.4534301165578396,0.2043890442479569,0.4273919892014957,AlphaSparse 248af573c867cf4c7e05d40c611c7c34ebac4715,CUDA,13040,13000,2026-10-07T07:22:11.653780+00:00,derived,csr-alg5,0,0,,,,5,20,4,true
3,H100-SXM5-80GB-suitesparse_all-fp64-n2-row-major-AlphaSparse-SpMM-CSR-solve-only,AlphaSparse-SpMM-CSR-best-solve-only,AlphaSparseLib CSR PER MATRIX BEST,per-matrix-best,AlphaSparse-SpMM-CSR,best,solve-only,"csr-alg1,csr-alg2,csr-alg3,csr-alg4,csr-alg5",manual-selection,csr,ALPHASPARSE_SPMM_CSR_ALG5,workspace-setup,spmm.csr.fp64,fp64,H100-SXM5-80GB,H100-SXM5-80GB,,33500.0,29b699d9-dc3d-55c8-a1c7-29991a8141e8,suitesparse_all,Nemeth/nemeth23,nemeth23,9506,9506,1506810,2,row-major,N,N,1.0,0.0,20260922,main,pass,pass,0,0,6027240.0,0.013458,0.0248400002718,0.0382980002718,0.0255129002718,242.64250942229333,157.37740762506715,236.24283933967507,0.7243059982755025,0.46978330634348403,0.7052025054915674,AlphaSparse 248af573c867cf4c7e05d40c611c7c34ebac4715,CUDA,13040,13000,2026-10-08T14:55:21.233441+00:00,derived,csr-alg5,0,0,,,,5,20,4,true
3,H100-SXM5-80GB-suitesparse_all-fp64-n2-row-major-AlphaSparse-SpMM-CSR-solve-only,AlphaSparse-SpMM-CSR-best-solve-only,AlphaSparseLib CSR PER MATRIX BEST,per-matrix-best,AlphaSparse-SpMM-CSR,best,solve-only,"csr-alg1,csr-alg2,csr-alg3,csr-alg4,csr-alg5",manual-selection,csr,ALPHASPARSE_SPMM_CSR_ALG5,workspace-setup,spmm.csr.fp64,fp64,H100-SXM5-80GB,H100-SXM5-80GB,,33500.0,dad5c024-9073-5674-80e8-1be5a06ccb57,suitesparse_all,Newman/cond-mat,cond-mat,16726,16726,95188,2,row-major,N,N,1.0,0.0,20260922,main,pass,pass,0,0,380752.0,0.010464,0.00991360023618,0.0203776002362,0.0104368002362,38.407035882931154,18.684830185431213,36.48167938285943,0.11464786830725718,0.05577561249382452,0.10890053547122219,AlphaSparse 248af573c867cf4c7e05d40c611c7c34ebac4715,CUDA,13040,13000,2026-10-07T07:24:55.179776+00:00,derived,csr-alg5,0,0,,,,5,20,4,true
3,H100-SXM5-80GB-suitesparse_all-fp64-n2-row-major-AlphaSparse-SpMM-CSR-solve-only,AlphaSparse-SpMM-CSR-best-solve-only,AlphaSparseLib CSR PER MATRIX BEST,per-matrix-best,AlphaSparse-SpMM-CSR,best,solve-only,"csr-alg1,csr-alg2,csr-alg3,csr-alg4,csr-alg5",manual-selection,csr,ALPHASPARSE_SPMM_CSR_ALG1,workspace-setup,spmm.csr.fp64,fp64,H100-SXM5-80GB,H100-SXM5-80GB,,33500.0,29b699d9-dc3d-55c8-a1c7-29991a8141e8,suitesparse_all,Newman/polbooks,polbooks,105,105,882,2,row-major,N,N,1.0,0.0,20260922,main,pass,pass,0,0,3528.0,0.009384,0.00658079981804,0.015964799818,0.00704999981804,0.5361050476461333,0.22098617209232083,0.5004255448308415,0.0016003135750630845,0.0006596602152009577,0.0014938075965099744,AlphaSparse 248af573c867cf4c7e05d40c611c7c34ebac4715,CUDA,13040,13000,2026-10-08T13:49:14.272877+00:00,derived,csr-alg1,0,0,,,,5,20,4,true
3,H100-SXM5-80GB-suitesparse_all-fp64-n2-row-major-AlphaSparse-SpMM-CSR-solve-only,AlphaSparse-SpMM-CSR-best-solve-only,AlphaSparseLib CSR PER MATRIX BEST,per-matrix-best,AlphaSparse-SpMM-CSR,best,solve-only,"csr-alg1,csr-alg2,csr-alg3,csr-alg4,csr-alg5",manual-selection,csr,ALPHASPARSE_SPMM_CSR_ALG1,workspace-setup,spmm.csr.fp64,fp64,H100-SXM5-80GB,H100-SXM5-80GB,,33500.0,dad5c024-9073-5674-80e8-1be5a06ccb57,suitesparse_all,Norris/fv3,fv3,9801,9801,87025,2,row-major,N,N,1.0,0.0,20260922,main,pass,pass,0,0,348100.0,0.011318,0.00456960014999,0.01588760015,0.00513550014999,76.17734343797275,21.910168729919853,67.78307659102646,0.22739505503872465,0.06540348874602941,0.20233754206276555,AlphaSparse 248af573c867cf4c7e05d40c611c7c34ebac4715,CUDA,13040,13000,2026-10-07T07:00:25.448489+00:00,derived,csr-alg1,0,0,,,,5,20,4,true
3,H100-SXM5-80GB-suitesparse_all-fp64-n2-row-major-AlphaSparse-SpMM-CSR-solve-only,AlphaSparse-SpMM-CSR-best-solve-only,AlphaSparseLib CSR PER MATRIX BEST,per-matrix-best,AlphaSparse-SpMM-CSR,best,solve-only,"csr-alg1,csr-alg2,csr-alg3,csr-alg4,csr-alg5",manual-selection,csr,ALPHASPARSE_SPMM_CSR_ALG5,workspace-setup,spmm.csr.fp64,fp64,H100-SXM5-80GB,H100-SXM5-80GB,,33500.0,dad5c024-9073-5674-80e8-1be5a06ccb57,suitesparse_all,NYPA/Maragal_8,Maragal_8,33212,75077,1308415,2,row-major,N,N,1.0,0.0,20260922,main,pass,pass,0,0,5233660.0,0.013616,0.0245199993253,0.0381359993253,0.0252007993253,213.4445409466163,137.23673412506884,207.678333232301,0.6371478834227353,0.4096618929106533,0.6199353230814955,AlphaSparse 248af573c867cf4c7e05d40c611c7c34ebac4715,CUDA,13040,13000,2026-10-07T07:24:17.198378+00:00,derived,csr-alg5,0,0,,,,5,20,4,true
3,H100-SXM5-80GB-suitesparse_all-fp64-n2-row-major-AlphaSparse-SpMM-CSR-solve-only,AlphaSparse-SpMM-CSR-best-solve-only,AlphaSparseLib CSR PER MATRIX BEST,per-matrix-best,AlphaSparse-SpMM-CSR,best,solve-only,"csr-alg1,csr-alg2,csr-alg3,csr-alg4,csr-alg5",manual-selection,csr,ALPHASPARSE_SPMM_CSR_ALG1,workspace-setup,spmm.csr.fp64,fp64,H100-SXM5-80GB,H100-SXM5-80GB,,33500.0,dad5c024-9073-5674-80e8-1be5a06ccb57,suitesparse_all,Oberwolfach/flowmeter5,flowmeter5,9669,9669,67391,2,row-major,N,N,1.0,0.0,20260922,main,pass,pass,0,0,269564.0,0.010113,0.00526399984956,0.0153769998496,0.00576964984956,51.20896802885205,17.530337688532406,46.721032823258284,0.15286259113090164,0.05232936623442509,0.1394657696216665,AlphaSparse 248af573c867cf4c7e05d40c611c7c34ebac4715,CUDA,13040,13000,2026-10-07T07:01:17.072426+00:00,derived,csr-alg1,0,0,,,,5,20,4,true
3,H100-SXM5-80GB-suitesparse_all-fp64-n2-row-major-AlphaSparse-SpMM-CSR-solve-only,AlphaSparse-SpMM-CSR-best-solve-only,AlphaSparseLib CSR PER MATRIX BEST,per-matrix-best,AlphaSparse-SpMM-CSR,best,solve-only,"csr-alg1,csr-alg2,csr-alg3,csr-alg4,csr-alg5",manual-selection,csr,ALPHASPARSE_SPMM_CSR_ALG5,workspace-setup,spmm.csr.fp64,fp64,H100-SXM5-80GB,H100-SXM5-80GB,,33500.0,29b699d9-dc3d-55c8-a1c7-29991a8141e8,suitesparse_all,Oberwolfach/gyro_m,gyro_m,17361,17361,340431,2,row-major,N,N,1.0,0.0,20260922,main,pass,pass,0,0,1361724.0,0.015544,0.0121872000396,0.0277312000396,0.0129644000396,111.73395001110472,49.104402191591625,105.03563572865608,0.33353417913762606,0.14658030504952724,0.3135392111303167,AlphaSparse 248af573c867cf4c7e05d40c611c7c34ebac4715,CUDA,13040,13000,2026-10-08T14:56:27.010524+00:00,derived,csr-alg5,0,0,,,,5,20,4,true
3,H100-SXM5-80GB-suitesparse_all-fp64-n2-row-major-AlphaSparse-SpMM-CSR-solve-only,AlphaSparse-SpMM-CSR-best-solve-only,AlphaSparseLib CSR PER MATRIX BEST,per-matrix-best,AlphaSparse-SpMM-CSR,best,solve-only,"csr-alg1,csr-alg2,csr-alg3,csr-alg4,csr-alg5",manual-selection,csr,ALPHASPARSE_SPMM_CSR_ALG1,workspace-setup,spmm.csr.fp64,fp64,H100-SXM5-80GB,H100-SXM5-80GB,,33500.0,29b699d9-dc3d-55c8-a1c7-29991a8141e8,suitesparse_all,Oberwolfach/rail_20209,rail_20209,20209,20209,139233,2,row-major,N,N,1.0,0.0,20260922,main,pass,pass,0,0,556932.0,0.014535,0.00542079992592,0.0199557999259,0.00614754992592,102.73981840521063,27.908277396446316,90.59414022028514,0.30668602509018095,0.08330829073566065,0.270430269314284,AlphaSparse 248af573c867cf4c7e05d40c611c7c34ebac4715,CUDA,13040,13000,2026-10-08T13:47:51.896407+00:00,derived,csr-alg1,0,0,,,,5,20,4,true
3,H100-SXM5-80GB-suitesparse_all-fp64-n2-row-major-AlphaSparse-SpMM-CSR-solve-only,AlphaSparse-SpMM-CSR-best-solve-only,AlphaSparseLib CSR PER MATRIX BEST,per-matrix-best,AlphaSparse-SpMM-CSR,best,solve-only,"csr-alg1,csr-alg2,csr-alg3,csr-alg4,csr-alg5",manual-selection,csr,ALPHASPARSE_SPMM_CSR_ALG1,workspace-setup,spmm.csr.fp64,fp64,H100-SXM5-80GB,H100-SXM5-80GB,,33500.0,dad5c024-9073-5674-80e8-1be5a06ccb57,suitesparse_all,Oberwolfach/t2dal,t2dal,4257,4257,37465,2,row-major,N,N,1.0,0.0,20260922,main,pass,pass,0,0,149860.0,0.010199,0.00478399991989,0.0149829999199,0.00529394991989,31.32525136067431,10.002002322709764,28.307785730453954,0.09350821301693824,0.029856723351372426,0.08450085292672822,AlphaSparse 248af573c867cf4c7e05d40c611c7c34ebac4715,CUDA,13040,13000,2026-10-07T07:01:17.523580+00:00,derived,csr-alg1,0,0,,,,5,20,4,true
3,H100-SXM5-80GB-suitesparse_all-fp64-n2-row-major-AlphaSparse-SpMM-CSR-solve-only,AlphaSparse-SpMM-CSR-best-solve-only,AlphaSparseLib CSR PER MATRIX BEST,per-matrix-best,AlphaSparse-SpMM-CSR,best,solve-only,"csr-alg1,csr-alg2,csr-alg3,csr-alg4,csr-alg5",manual-selection,csr,ALPHASPARSE_SPMM_CSR_ALG1,workspace-setup,spmm.csr.fp64,fp64,H100-SXM5-80GB,H100-SXM5-80GB,,33500.0,dad5c024-9073-5674-80e8-1be5a06ccb57,suitesparse_all,Oberwolfach/t3dh_e,t3dh_e,79171,79171,4352105,2,row-major,N,N,1.0,0.0,20260922,main,pass,pass,0,0,17408420.0,0.018047,0.0567759990692,0.0748229990692,0.0576783490692,306.6158286141682,232.6613503409538,301.8189716060376,0.9152711301915469,0.6945114935550859,0.9009521540478734,AlphaSparse 248af573c867cf4c7e05d40c611c7c34ebac4715,CUDA,13040,13000,2026-10-07T07:00:44.733608+00:00,derived,csr-alg1,0,0,,,,5,20,4,true
3,H100-SXM5-80GB-suitesparse_all-fp64-n2-row-major-AlphaSparse-SpMM-CSR-solve-only,AlphaSparse-SpMM-CSR-best-solve-only,AlphaSparseLib CSR PER MATRIX BEST,per-matrix-best,AlphaSparse-SpMM-CSR,best,solve-only,"csr-alg1,csr-alg2,csr-alg3,csr-alg4,csr-alg5",manual-selection,csr,ALPHASPARSE_SPMM_CSR_ALG1,workspace-setup,spmm.csr.fp64,fp64,H100-SXM5-80GB,H100-SXM5-80GB,,33500.0,29b699d9-dc3d-55c8-a1c7-29991a8141e8,suitesparse_all,Pajek/dictionary28,dictionary28,52652,52652,178076,2,row-major,N,N,1.0,0.0,20260922,main,pass,pass,0,0,712304.0,0.012749,0.0115552000701,0.0243042000701,0.0121926500701,61.64358865954587,29.30785617076552,58.42076955417436,0.18401071241655484,0.08748613782318065,0.17439035687813242,AlphaSparse 248af573c867cf4c7e05d40c611c7c34ebac4715,CUDA,13040,13000,2026-10-08T13:47:52.421388+00:00,derived,csr-alg1,0,0,,,,5,20,4,true
3,H100-SXM5-80GB-suitesparse_all-fp64-n2-row-major-AlphaSparse-SpMM-CSR-solve-only,AlphaSparse-SpMM-CSR-best-solve-only,AlphaSparseLib CSR PER MATRIX BEST,per-matrix-best,AlphaSparse-SpMM-CSR,best,solve-only,"csr-alg1,csr-alg2,csr-alg3,csr-alg4,csr-alg5",manual-selection,csr,ALPHASPARSE_SPMM_CSR_ALG3,workspace-setup,spmm.csr.fp64,fp64,H100-SXM5-80GB,H100-SXM5-80GB,,33500.0,dad5c024-9073-5674-80e8-1be5a06ccb57,suitesparse_all,Pajek/Erdos971,Erdos971,472,472,2628,2,row-major,N,N,1.0,0.0,20260922,main,pass,pass,0,0,10512.0,0.010528,0.00885440036654,0.0193824003665,0.00938080036654,1.187206311533407,0.5423476866244413,1.1205866865576664,0.0035438994374131553,0.0016189483182819145,0.003345034885246765,AlphaSparse 248af573c867cf4c7e05d40c611c7c34ebac4715,CUDA,13040,13000,2026-10-07T07:12:03.352856+00:00,derived,csr-alg3,0,0,,,,5,20,4,true
3,H100-SXM5-80GB-suitesparse_all-fp64-n2-row-major-AlphaSparse-SpMM-CSR-solve-only,AlphaSparse-SpMM-CSR-best-solve-only,AlphaSparseLib CSR PER MATRIX BEST,per-matrix-best,AlphaSparse-SpMM-CSR,best,solve-only,"csr-alg1,csr-alg2,csr-alg3,csr-alg4,csr-alg5",manual-selection,csr,ALPHASPARSE_SPMM_CSR_ALG1,workspace-setup,spmm.csr.fp64,fp64,H100-SXM5-80GB,H100-SXM5-80GB,,33500.0,29b699d9-dc3d-55c8-a1c7-29991a8141e8,suitesparse_all,Pajek/GD00_a,GD00_a,352,352,458,2,row-major,N,N,1.0,0.0,20260922,main,pass,pass,0,0,1832.0,0.009798,0.00388320013881,0.0136812001388,0.00437310013881,0.47177583810074064,0.1339063811225473,0.41892477689717855,0.001408286083882808,0.0003997205406643203,0.00125052172208113,AlphaSparse 248af573c867cf4c7e05d40c611c7c34ebac4715,CUDA,13040,13000,2026-10-08T13:47:52.853648+00:00,derived,csr-alg1,0,0,,,,5,20,4,true
3,H100-SXM5-80GB-suitesparse_all-fp64-n2-row-major-AlphaSparse-SpMM-CSR-solve-only,AlphaSparse-SpMM-CSR-best-solve-only,AlphaSparseLib CSR PER MATRIX BEST,per-matrix-best,AlphaSparse-SpMM-CSR,best,solve-only,"csr-alg1,csr-alg2,csr-alg3,csr-alg4,csr-alg5",manual-selection,csr,ALPHASPARSE_SPMM_CSR_ALG1,workspace-setup,spmm.csr.fp64,fp64,H100-SXM5-80GB,H100-SXM5-80GB,,33500.0,dad5c024-9073-5674-80e8-1be5a06ccb57,suitesparse_all,Pajek/GD02_a,GD02_a,23,23,87,2,row-major,N,N,1.0,0.0,20260922,main,pass,pass,0,0,348.0,0.009921,0.00494720004499,0.014868200045,0.00544325004499,0.07034281954141264,0.023405657641593833,0.0639323928027707,0.00020997856579526162,6.986763475102637e-05,0.00019084296359036032,AlphaSparse 248af573c867cf4c7e05d40c611c7c34ebac4715,CUDA,13040,13000,2026-10-07T07:01:18.333838+00:00,derived,csr-alg1,0,0,,,,5,20,4,true
3,H100-SXM5-80GB-suitesparse_all-fp64-n2-row-major-AlphaSparse-SpMM-CSR-solve-only,AlphaSparse-SpMM-CSR-best-solve-only,AlphaSparseLib CSR PER MATRIX BEST,per-matrix-best,AlphaSparse-SpMM-CSR,best,solve-only,"csr-alg1,csr-alg2,csr-alg3,csr-alg4,csr-alg5",manual-selection,csr,ALPHASPARSE_SPMM_CSR_ALG1,workspace-setup,spmm.csr.fp64,fp64,H100-SXM5-80GB,H100-SXM5-80GB,,33500.0,29b699d9-dc3d-55c8-a1c7-29991a8141e8,suitesparse_all,Pajek/GD96_d,GD96_d,180,180,229,2,row-major,N,N,1.0,0.0,20260922,main,pass,pass,0,0,916.0,0.010123,0.00739040002227,0.0175134000223,0.00789655002227,0.12394457637472318,0.052302808068887104,0.11600002500037097,0.00036998381007380057,0.00015612778528026,0.00034626873134439097,AlphaSparse 248af573c867cf4c7e05d40c611c7c34ebac4715,CUDA,13040,13000,2026-10-08T13:47:53.296168+00:00,derived,csr-alg1,0,0,,,,5,20,4,true
3,H100-SXM5-80GB-suitesparse_all-fp64-n2-row-major-AlphaSparse-SpMM-CSR-solve-only,AlphaSparse-SpMM-CSR-best-solve-only,AlphaSparseLib CSR PER MATRIX BEST,per-matrix-best,AlphaSparse-SpMM-CSR,best,solve-only,"csr-alg1,csr-alg2,csr-alg3,csr-alg4,csr-alg5",manual-selection,csr,ALPHASPARSE_SPMM_CSR_ALG1,workspace-setup,spmm.csr.fp64,fp64,H100-SXM5-80GB,H100-SXM5-80GB,,33500.0,dad5c024-9073-5674-80e8-1be5a06ccb57,suitesparse_all,Pajek/GD98_c,GD98_c,112,112,336,2,row-major,N,N,1.0,0.0,20260922,main,pass,pass,0,0,1344.0,0.00907,0.00315360017121,0.0122236001712,0.00360710017121,0.4261795811243639,0.10995124032006509,0.37259846863336643,0.0012721778541025788,0.0003282126576718361,0.001112234234726467,AlphaSparse 248af573c867cf4c7e05d40c611c7c34ebac4715,CUDA,13040,13000,2026-10-07T07:01:18.756356+00:00,derived,csr-alg1,0,0,,,,5,20,4,true
3,H100-SXM5-80GB-suitesparse_all-fp64-n2-row-major-AlphaSparse-SpMM-CSR-solve-only,AlphaSparse-SpMM-CSR-best-solve-only,AlphaSparseLib CSR PER MATRIX BEST,per-matrix-best,AlphaSparse-SpMM-CSR,best,solve-only,"csr-alg1,csr-alg2,csr-alg3,csr-alg4,csr-alg5",manual-selection,csr,ALPHASPARSE_SPMM_CSR_ALG3,workspace-setup,spmm.csr.fp64,fp64,H100-SXM5-80GB,H100-SXM5-80GB,,33500.0,29b699d9-dc3d-55c8-a1c7-29991a8141e8,suitesparse_all,Pajek/Kohonen,Kohonen,4470,4470,12731,2,row-major,N,N,1.0,0.0,20260922,main,pass,pass,0,0,50924.0,0.009464,0.00959839969873,0.0190623996987,0.0100715996987,5.305467744455146,2.6714370071399176,5.05619777626518,0.0158372171476273,0.007974438827283336,0.01509312769034382,AlphaSparse 248af573c867cf4c7e05d40c611c7c34ebac4715,CUDA,13040,13000,2026-10-08T14:31:15.890115+00:00,derived,csr-alg3,0,0,,,,5,20,4,true
3,H100-SXM5-80GB-suitesparse_all-fp64-n2-row-major-AlphaSparse-SpMM-CSR-solve-only,AlphaSparse-SpMM-CSR-best-solve-only,AlphaSparseLib CSR PER MATRIX BEST,per-matrix-best,AlphaSparse-SpMM-CSR,best,solve-only,"csr-alg1,csr-alg2,csr-alg3,csr-alg4,csr-alg5",manual-selection,csr,ALPHASPARSE_SPMM_CSR_ALG5,workspace-setup,spmm.csr.fp64,fp64,H100-SXM5-80GB,H100-SXM5-80GB,,33500.0,dad5c024-9073-5674-80e8-1be5a06ccb57,suitesparse_all,Pajek/patents_main,patents_main,240547,240547,560943,2,row-major,N,N,1.0,0.0,20260922,main,pass,pass,0,0,2243772.0,0.01572,0.0199312001467,0.0356512001467,0.0207172001467,112.57586013311399,62.93678728253673,108.30478945570286,0.3360473436809373,0.18787100681354246,0.3232978789722473,AlphaSparse 248af573c867cf4c7e05d40c611c7c34ebac4715,CUDA,13040,13000,2026-10-07T07:23:05.971995+00:00,derived,csr-alg5,0,0,,,,5,20,4,true
3,H100-SXM5-80GB-suitesparse_all-fp64-n2-row-major-AlphaSparse-SpMM-CSR-solve-only,AlphaSparse-SpMM-CSR-best-solve-only,AlphaSparseLib CSR PER MATRIX BEST,per-matrix-best,AlphaSparse-SpMM-CSR,best,solve-only,"csr-alg1,csr-alg2,csr-alg3,csr-alg4,csr-alg5",manual-selection,csr,ALPHASPARSE_SPMM_CSR_ALG3,workspace-setup,spmm.csr.fp64,fp64,H100-SXM5-80GB,H100-SXM5-80GB,,33500.0,29b699d9-dc3d-55c8-a1c7-29991a8141e8,suitesparse_all,Pajek/SmallW,SmallW,396,396,994,2,row-major,N,N,1.0,0.0,20260922,main,pass,pass,0,0,3976.0,0.009126,0.0089744001627,0.0181004001627,0.0094307001627,0.44303796665155587,0.21966365186740203,0.42160178262540327,0.001322501392989719,0.0006557123936340359,0.0012585127839564276,AlphaSparse 248af573c867cf4c7e05d40c611c7c34ebac4715,CUDA,13040,13000,2026-10-08T14:31:16.320504+00:00,derived,csr-alg3,0,0,,,,5,20,4,true
3,H100-SXM5-80GB-suitesparse_all-fp64-n2-row-major-AlphaSparse-SpMM-CSR-solve-only,AlphaSparse-SpMM-CSR-best-solve-only,AlphaSparseLib CSR PER MATRIX BEST,per-matrix-best,AlphaSparse-SpMM-CSR,best,solve-only,"csr-alg1,csr-alg2,csr-alg3,csr-alg4,csr-alg5",manual-selection,csr,ALPHASPARSE_SPMM_CSR_ALG5,workspace-setup,spmm.csr.fp64,fp64,H100-SXM5-80GB,H100-SXM5-80GB,,33500.0,dad5c024-9073-5674-80e8-1be5a06ccb57,suitesparse_all,Pajek/USAir97,USAir97,332,332,4252,2,row-major,N,N,1.0,0.0,20260922,main,pass,pass,0,0,17008.0,0.009618,0.00865920037031,0.0182772003703,0.00914010037031,1.9641536484495408,0.9305582723510314,1.8608110754721559,0.00586314521925236,0.0027777858876150193,0.005554659926782555,AlphaSparse 248af573c867cf4c7e05d40c611c7c34ebac4715,CUDA,13040,13000,2026-10-07T07:23:06.411512+00:00,derived,csr-alg5,0,0,,,,5,20,4,true
3,H100-SXM5-80GB-suitesparse_all-fp64-n2-row-major-AlphaSparse-SpMM-CSR-solve-only,AlphaSparse-SpMM-CSR-best-solve-only,AlphaSparseLib CSR PER MATRIX BEST,per-matrix-best,AlphaSparse-SpMM-CSR,best,solve-only,"csr-alg1,csr-alg2,csr-alg3,csr-alg4,csr-alg5",manual-selection,csr,ALPHASPARSE_SPMM_CSR_ALG5,workspace-setup,spmm.csr.fp64,fp64,H100-SXM5-80GB,H100-SXM5-80GB,,33500.0,dad5c024-9073-5674-80e8-1be5a06ccb57,suitesparse_all,PARSEC/Ga41As41H72,Ga41As41H72,268096,268096,18488476,2,row-major,N,N,1.0,0.0,20260922,main,pass,pass,0,0,73953904.0,0.020653,0.220531201363,0.241184201363,0.221563851363,335.34440271002734,306.62830974029646,333.78145191580614,1.0010280677911263,0.9153083872844671,0.9963625430322571,AlphaSparse 248af573c867cf4c7e05d40c611c7c34ebac4715,CUDA,13040,13000,2026-10-07T07:22:55.027053+00:00,derived,csr-alg5,0,0,,,,5,20,4,true
3,H100-SXM5-80GB-suitesparse_all-fp64-n2-row-major-AlphaSparse-SpMM-CSR-solve-only,AlphaSparse-SpMM-CSR-best-solve-only,AlphaSparseLib CSR PER MATRIX BEST,per-matrix-best,AlphaSparse-SpMM-CSR,best,solve-only,"csr-alg1,csr-alg2,csr-alg3,csr-alg4,csr-alg5",manual-selection,csr,ALPHASPARSE_SPMM_CSR_ALG5,workspace-setup,spmm.csr.fp64,fp64,H100-SXM5-80GB,H100-SXM5-80GB,,33500.0,29b699d9-dc3d-55c8-a1c7-29991a8141e8,suitesparse_all,PARSEC/Si5H12,Si5H12,19896,19896,738598,2,row-major,N,N,1.0,0.0,20260922,main,pass,pass,0,0,2954392.0,0.014484,0.0160607993603,0.0305447993603,0.0167849993603,183.950495471778,96.72324133318462,176.01382857289522,0.5491059566321731,0.2887260935318944,0.5254144136504335,AlphaSparse 248af573c867cf4c7e05d40c611c7c34ebac4715,CUDA,13040,13000,2026-10-08T14:57:04.221839+00:00,derived,csr-alg5,0,0,,,,5,20,4,true
3,H100-SXM5-80GB-suitesparse_all-fp64-n2-row-major-AlphaSparse-SpMM-CSR-solve-only,AlphaSparse-SpMM-CSR-best-solve-only,AlphaSparseLib CSR PER MATRIX BEST,per-matrix-best,AlphaSparse-SpMM-CSR,best,solve-only,"csr-alg1,csr-alg2,csr-alg3,csr-alg4,csr-alg5",manual-selection,csr,ALPHASPARSE_SPMM_CSR_ALG1,workspace-setup,spmm.csr.fp64,fp64,H100-SXM5-80GB,H100-SXM5-80GB,,33500.0,29b699d9-dc3d-55c8-a1c7-29991a8141e8,suitesparse_all,Pothen/barth5,barth5,15606,15606,107362,2,row-major,N,N,1.0,0.0,20260922,main,pass,pass,0,0,429448.0,0.011616,0.00529280006886,0.0169088000689,0.00587360006886,81.1381488839229,25.397899215206564,73.11495419594529,0.24220342950424745,0.07581462452300466,0.21825359461476204,AlphaSparse 248af573c867cf4c7e05d40c611c7c34ebac4715,CUDA,13040,13000,2026-10-08T13:46:08.607608+00:00,derived,csr-alg1,0,0,,,,5,20,4,true
3,H100-SXM5-80GB-suitesparse_all-fp64-n2-row-major-AlphaSparse-SpMM-CSR-solve-only,AlphaSparse-SpMM-CSR-best-solve-only,AlphaSparseLib CSR PER MATRIX BEST,per-matrix-best,AlphaSparse-SpMM-CSR,best,solve-only,"csr-alg1,csr-alg2,csr-alg3,csr-alg4,csr-alg5",manual-selection,csr,ALPHASPARSE_SPMM_CSR_ALG1,workspace-setup,spmm.csr.fp64,fp64,H100-SXM5-80GB,H100-SXM5-80GB,,33500.0,dad5c024-9073-5674-80e8-1be5a06ccb57,suitesparse_all,Pothen/mesh1em1,mesh1em1,48,48,306,2,row-major,N,N,1.0,0.0,20260922,main,pass,pass,0,0,1224.0,0.009252,0.00376479998231,0.0130167999823,0.00422739998231,0.32511687360585356,0.09403232758161546,0.28953967098499245,0.000970498130166727,0.00028069351516900136,0.0008642975253283356,AlphaSparse 248af573c867cf4c7e05d40c611c7c34ebac4715,CUDA,13040,13000,2026-10-07T07:00:24.771510+00:00,derived,csr-alg1,0,0,,,,5,20,4,true
3,H100-SXM5-80GB-suitesparse_all-fp64-n2-row-major-AlphaSparse-SpMM-CSR-solve-only,AlphaSparse-SpMM-CSR-best-solve-only,AlphaSparseLib CSR PER MATRIX BEST,per-matrix-best,AlphaSparse-SpMM-CSR,best,solve-only,"csr-alg1,csr-alg2,csr-alg3,csr-alg4,csr-alg5",manual-selection,csr,ALPHASPARSE_SPMM_CSR_ALG1,workspace-setup,spmm.csr.fp64,fp64,H100-SXM5-80GB,H100-SXM5-80GB,,33500.0,29b699d9-dc3d-55c8-a1c7-29991a8141e8,suitesparse_all,Pothen/sphere2,sphere2,66,66,450,2,row-major,N,N,1.0,0.0,20260922,main,pass,pass,0,0,1800.0,0.009586,0.00372800007463,0.0133140000746,0.00420730007463,0.48283260836003283,0.13519603349214182,0.4278278154805244,0.0014412913682389041,0.0004035702492302741,0.0012770979566582817,AlphaSparse 248af573c867cf4c7e05d40c611c7c34ebac4715,CUDA,13040,13000,2026-10-08T13:46:09.038678+00:00,derived,csr-alg1,0,0,,,,5,20,4,true
3,H100-SXM5-80GB-suitesparse_all-fp64-n2-row-major-AlphaSparse-SpMM-CSR-solve-only,AlphaSparse-SpMM-CSR-best-solve-only,AlphaSparseLib CSR PER MATRIX BEST,per-matrix-best,AlphaSparse-SpMM-CSR,best,solve-only,"csr-alg1,csr-alg2,csr-alg3,csr-alg4,csr-alg5",manual-selection,csr,ALPHASPARSE_SPMM_CSR_ALG5,workspace-setup,spmm.csr.fp64,fp64,H100-SXM5-80GB,H100-SXM5-80GB,,33500.0,29b699d9-dc3d-55c8-a1c7-29991a8141e8,suitesparse_all,Precima/analytics,analytics,303813,303813,2006126,2,row-major,N,N,1.0,0.0,20260922,main,pass,pass,0,0,8024504.0,0.016509,0.0366831988096,0.0531921988096,0.0375086488096,218.75147916217128,150.8586631044054,213.93743189027384,0.6529894900363322,0.45032436747583704,0.6386191996724592,AlphaSparse 248af573c867cf4c7e05d40c611c7c34ebac4715,CUDA,13040,13000,2026-10-08T15:04:57.280211+00:00,derived,csr-alg5,0,0,,,,5,20,4,true
3,H100-SXM5-80GB-suitesparse_all-fp64-n2-row-major-AlphaSparse-SpMM-CSR-solve-only,AlphaSparse-SpMM-CSR-best-solve-only,AlphaSparseLib CSR PER MATRIX BEST,per-matrix-best,AlphaSparse-SpMM-CSR,best,solve-only,"csr-alg1,csr-alg2,csr-alg3,csr-alg4,csr-alg5",manual-selection,csr,ALPHASPARSE_SPMM_CSR_ALG1,workspace-setup,spmm.csr.fp64,fp64,H100-SXM5-80GB,H100-SXM5-80GB,,33500.0,dad5c024-9073-5674-80e8-1be5a06ccb57,suitesparse_all,Qaplib/lp_nug05,lp_nug05,210,225,1050,2,row-major,N,N,1.0,0.0,20260922,main,pass,pass,0,0,4200.0,0.010507,0.00381599999964,0.0143229999996,0.00434134999964,1.100628930921443,0.2932346575519999,0.96744100345475,0.0032854594952878894,0.0008753273359761191,0.0028878835924022388,AlphaSparse 248af573c867cf4c7e05d40c611c7c34ebac4715,CUDA,13040,13000,2026-10-07T07:00:19.587085+00:00,derived,csr-alg1,0,0,,,,5,20,4,true
3,H100-SXM5-80GB-suitesparse_all-fp64-n2-row-major-AlphaSparse-SpMM-CSR-solve-only,AlphaSparse-SpMM-CSR-best-solve-only,AlphaSparseLib CSR PER MATRIX BEST,per-matrix-best,AlphaSparse-SpMM-CSR,best,solve-only,"csr-alg1,csr-alg2,csr-alg3,csr-alg4,csr-alg5",manual-selection,csr,ALPHASPARSE_SPMM_CSR_ALG5,workspace-setup,spmm.csr.fp64,fp64,H100-SXM5-80GB,H100-SXM5-80GB,,33500.0,dad5c024-9073-5674-80e8-1be5a06ccb57,suitesparse_all,QCD/conf5_0-4x4-18,conf5_0-4x4-18,3072,3072,119808,2,row-major,N,N,1.0,0.0,20260922,main,pass,pass,0,0,479232.0,0.009965,0.00925439968705,0.0192193996871,0.00975264968705,51.784234116298855,24.934805862935406,49.13864594524967,0.1545798033322354,0.07443225630726986,0.14668252520970052,AlphaSparse 248af573c867cf4c7e05d40c611c7c34ebac4715,CUDA,13040,13000,2026-10-07T07:23:08.681986+00:00,derived,csr-alg5,0,0,,,,5,20,4,true
3,H100-SXM5-80GB-suitesparse_all-fp64-n2-row-major-AlphaSparse-SpMM-CSR-solve-only,AlphaSparse-SpMM-CSR-best-solve-only,AlphaSparseLib CSR PER MATRIX BEST,per-matrix-best,AlphaSparse-SpMM-CSR,best,solve-only,"csr-alg1,csr-alg2,csr-alg3,csr-alg4,csr-alg5",manual-selection,csr,ALPHASPARSE_SPMM_CSR_ALG1,workspace-setup,spmm.csr.fp64,fp64,H100-SXM5-80GB,H100-SXM5-80GB,,33500.0,29b699d9-dc3d-55c8-a1c7-29991a8141e8,suitesparse_all,QCD/conf6_0-8x8-30,conf6_0-8x8-30,49152,49152,1916928,2,row-major,N,N,1.0,0.0,20260922,main,pass,pass,0,0,7667712.0,0.012414,0.0136544004083,0.0260684004083,0.0142751004083,561.5561116355636,294.1381856923854,537.138918864749,1.6762869004046677,0.8780244349026429,1.6033997578052213,AlphaSparse 248af573c867cf4c7e05d40c611c7c34ebac4715,CUDA,13040,13000,2026-10-08T13:47:59.522491+00:00,derived,csr-alg1,0,0,,,,5,20,4,true
3,H100-SXM5-80GB-suitesparse_all-fp64-n2-row-major-AlphaSparse-SpMM-CSR-solve-only,AlphaSparse-SpMM-CSR-best-solve-only,AlphaSparseLib CSR PER MATRIX BEST,per-matrix-best,AlphaSparse-SpMM-CSR,best,solve-only,"csr-alg1,csr-alg2,csr-alg3,csr-alg4,csr-alg5",manual-selection,csr,ALPHASPARSE_SPMM_CSR_ALG1,workspace-setup,spmm.csr.fp64,fp64,H100-SXM5-80GB,H100-SXM5-80GB,,33500.0,29b699d9-dc3d-55c8-a1c7-29991a8141e8,suitesparse_all,QLi/majorbasis,majorbasis,160000,160000,1750416,2,row-major,N,N,1.0,0.0,20260922,main,pass,pass,0,0,7001664.0,0.015965,0.0137935996056,0.0297585996056,0.0145918496056,507.6023808286726,235.28203923555665,479.83389284062594,1.5152309875482763,0.7023344454792736,1.432339978628734,AlphaSparse 248af573c867cf4c7e05d40c611c7c34ebac4715,CUDA,13040,13000,2026-10-08T13:48:19.716840+00:00,derived,csr-alg1,0,0,,,,5,20,4,true
3,H100-SXM5-80GB-suitesparse_all-fp64-n2-row-major-AlphaSparse-SpMM-CSR-solve-only,AlphaSparse-SpMM-CSR-best-solve-only,AlphaSparseLib CSR PER MATRIX BEST,per-matrix-best,AlphaSparse-SpMM-CSR,best,solve-only,"csr-alg1,csr-alg2,csr-alg3,csr-alg4,csr-alg5",manual-selection,csr,ALPHASPARSE_SPMM_CSR_ALG5,workspace-setup,spmm.csr.fp64,fp64,H100-SXM5-80GB,H100-SXM5-80GB,,33500.0,29b699d9-dc3d-55c8-a1c7-29991a8141e8,suitesparse_all,Rajat/rajat03,rajat03,7602,7602,32653,2,row-major,N,N,1.0,0.0,20260922,main,pass,pass,0,0,130612.0,0.01018,0.00906080007553,0.0192408000755,0.00956980007553,14.41506256745876,6.788283204829561,13.64835199995193,0.04303003751480226,0.020263531954715107,0.04074134925358785,AlphaSparse 248af573c867cf4c7e05d40c611c7c34ebac4715,CUDA,13040,13000,2026-10-08T14:56:19.171118+00:00,derived,csr-alg5,0,0,,,,5,20,4,true
3,H100-SXM5-80GB-suitesparse_all-fp64-n2-row-major-AlphaSparse-SpMM-CSR-solve-only,AlphaSparse-SpMM-CSR-best-solve-only,AlphaSparseLib CSR PER MATRIX BEST,per-matrix-best,AlphaSparse-SpMM-CSR,best,solve-only,"csr-alg1,csr-alg2,csr-alg3,csr-alg4,csr-alg5",manual-selection,csr,ALPHASPARSE_SPMM_CSR_ALG5,workspace-setup,spmm.csr.fp64,fp64,H100-SXM5-80GB,H100-SXM5-80GB,,33500.0,dad5c024-9073-5674-80e8-1be5a06ccb57,suitesparse_all,Rajat/rajat09,rajat09,24482,24482,105573,2,row-major,N,N,1.0,0.0,20260922,main,pass,pass,0,0,422292.0,0.012052,0.00983520001173,0.0218872000117,0.0104378000117,42.936798387053784,19.29401658385997,40.45795086384506,0.12816954742404116,0.05759407935480588,0.12077000257864198,AlphaSparse 248af573c867cf4c7e05d40c611c7c34ebac4715,CUDA,13040,13000,2026-10-07T07:22:30.147222+00:00,derived,csr-alg5,0,0,,,,5,20,4,true
3,H100-SXM5-80GB-suitesparse_all-fp64-n2-row-major-AlphaSparse-SpMM-CSR-solve-only,AlphaSparse-SpMM-CSR-best-solve-only,AlphaSparseLib CSR PER MATRIX BEST,per-matrix-best,AlphaSparse-SpMM-CSR,best,solve-only,"csr-alg1,csr-alg2,csr-alg3,csr-alg4,csr-alg5",manual-selection,csr,ALPHASPARSE_SPMM_CSR_ALG5,workspace-setup,spmm.csr.fp64,fp64,H100-SXM5-80GB,H100-SXM5-80GB,,33500.0,dad5c024-9073-5674-80e8-1be5a06ccb57,suitesparse_all,Rajat/rajat20,rajat20,86916,86916,605045,2,row-major,N,N,1.0,0.0,20260922,main,pass,pass,0,0,2420180.0,0.014,0.0167055994272,0.0307055994272,0.0174055994272,144.872383092071,78.81884884670667,139.04605871935368,0.4324548749017045,0.23528014581106468,0.41506286184881697,AlphaSparse 248af573c867cf4c7e05d40c611c7c34ebac4715,CUDA,13040,13000,2026-10-07T07:22:56.083624+00:00,derived,csr-alg5,0,0,,,,5,20,4,true
3,H100-SXM5-80GB-suitesparse_all-fp64-n2-row-major-AlphaSparse-SpMM-CSR-solve-only,AlphaSparse-SpMM-CSR-best-solve-only,AlphaSparseLib CSR PER MATRIX BEST,per-matrix-best,AlphaSparse-SpMM-CSR,best,solve-only,"csr-alg1,csr-alg2,csr-alg3,csr-alg4,csr-alg5",manual-selection,csr,ALPHASPARSE_SPMM_CSR_ALG5,workspace-setup,spmm.csr.fp64,fp64,H100-SXM5-80GB,H100-SXM5-80GB,,33500.0,dad5c024-9073-5674-80e8-1be5a06ccb57,suitesparse_all,Rommes/bauru5727,bauru5727,40366,40366,145019,2,row-major,N,N,1.0,0.0,20260922,main,pass,pass,0,0,580076.0,0.013618,0.0103440001607,0.0239620001607,0.0110249001607,56.07849874209061,24.208162762279787,52.61507964197015,0.16739850370773315,0.07226317242471579,0.15705993922976164,AlphaSparse 248af573c867cf4c7e05d40c611c7c34ebac4715,CUDA,13040,13000,2026-10-07T07:24:52.125150+00:00,derived,csr-alg5,0,0,,,,5,20,4,true
3,H100-SXM5-80GB-suitesparse_all-fp64-n2-row-major-AlphaSparse-SpMM-CSR-solve-only,AlphaSparse-SpMM-CSR-best-solve-only,AlphaSparseLib CSR PER MATRIX BEST,per-matrix-best,AlphaSparse-SpMM-CSR,best,solve-only,"csr-alg1,csr-alg2,csr-alg3,csr-alg4,csr-alg5",manual-selection,csr,ALPHASPARSE_SPMM_CSR_ALG1,workspace-setup,spmm.csr.fp64,fp64,H100-SXM5-80GB,H100-SXM5-80GB,,33500.0,29b699d9-dc3d-55c8-a1c7-29991a8141e8,suitesparse_all,Rommes/bips07_2476,bips07_2476,16861,16861,66498,2,row-major,N,N,1.0,0.0,20260922,main,pass,pass,0,0,265992.0,0.01091,0.00900959968567,0.0199195996857,0.00955509968567,29.523176309716302,13.353280397042914,27.837700154914582,0.08812888450661582,0.039860538498635564,0.0830976124027301,AlphaSparse 248af573c867cf4c7e05d40c611c7c34ebac4715,CUDA,13040,13000,2026-10-08T13:48:51.651776+00:00,derived,csr-alg1,0,0,,,,5,20,4,true
3,H100-SXM5-80GB-suitesparse_all-fp64-n2-row-major-AlphaSparse-SpMM-CSR-solve-only,AlphaSparse-SpMM-CSR-best-solve-only,AlphaSparseLib CSR PER MATRIX BEST,per-matrix-best,AlphaSparse-SpMM-CSR,best,solve-only,"csr-alg1,csr-alg2,csr-alg3,csr-alg4,csr-alg5",manual-selection,csr,ALPHASPARSE_SPMM_CSR_ALG1,workspace-setup,spmm.csr.fp64,fp64,H100-SXM5-80GB,H100-SXM5-80GB,,33500.0,dad5c024-9073-5674-80e8-1be5a06ccb57,suitesparse_all,Rommes/M10PI_n,M10PI_n,682,682,1633,2,row-major,N,N,1.0,0.0,20260922,main,pass,pass,0,0,6532.0,0.009878,0.00466560013592,0.0145436001359,0.00515950013592,1.400034252766492,0.4491322601668724,1.266014115306398,0.004179206724676095,0.0013406933139309624,0.0037791466128549197,AlphaSparse 248af573c867cf4c7e05d40c611c7c34ebac4715,CUDA,13040,13000,2026-10-07T07:03:00.220023+00:00,derived,csr-alg1,0,0,,,,5,20,4,true
3,H100-SXM5-80GB-suitesparse_all-fp64-n2-row-major-AlphaSparse-SpMM-CSR-solve-only,AlphaSparse-SpMM-CSR-best-solve-only,AlphaSparseLib CSR PER MATRIX BEST,per-matrix-best,AlphaSparse-SpMM-CSR,best,solve-only,"csr-alg1,csr-alg2,csr-alg3,csr-alg4,csr-alg5",manual-selection,csr,ALPHASPARSE_SPMM_CSR_ALG1,workspace-setup,spmm.csr.fp64,fp64,H100-SXM5-80GB,H100-SXM5-80GB,,33500.0,29b699d9-dc3d-55c8-a1c7-29991a8141e8,suitesparse_all,Rommes/S40PI_n,S40PI_n,2182,2182,5341,2,row-major,N,N,1.0,0.0,20260922,main,pass,pass,0,0,21364.0,0.010458,0.00511839985847,0.0155763998585,0.00564129985847,4.173960728106569,1.37156211923654,3.7870704511343276,0.012459584263004685,0.004094215281303104,0.011304687913833813,AlphaSparse 248af573c867cf4c7e05d40c611c7c34ebac4715,CUDA,13040,13000,2026-10-08T13:48:52.159479+00:00,derived,csr-alg1,0,0,,,,5,20,4,true
3,H100-SXM5-80GB-suitesparse_all-fp64-n2-row-major-AlphaSparse-SpMM-CSR-solve-only,AlphaSparse-SpMM-CSR-best-solve-only,AlphaSparseLib CSR PER MATRIX BEST,per-matrix-best,AlphaSparse-SpMM-CSR,best,solve-only,"csr-alg1,csr-alg2,csr-alg3,csr-alg4,csr-alg5",manual-selection,csr,ALPHASPARSE_SPMM_CSR_ALG5,workspace-setup,spmm.csr.fp64,fp64,H100-SXM5-80GB,H100-SXM5-80GB,,33500.0,29b699d9-dc3d-55c8-a1c7-29991a8141e8,suitesparse_all,Rommes/ww_vref_6405,ww_vref_6405,13251,13251,48737,2,row-major,N,N,1.0,0.0,20260922,main,pass,pass,0,0,194948.0,0.011752,0.00963200032711,0.0213840003271,0.0102196003271,20.239617252846635,9.116535588195905,19.07589277078119,0.06041676791894518,0.027213539069241507,0.05694296349486922,AlphaSparse 248af573c867cf4c7e05d40c611c7c34ebac4715,CUDA,13040,13000,2026-10-08T14:58:24.045617+00:00,derived,csr-alg5,0,0,,,,5,20,4,true
3,H100-SXM5-80GB-suitesparse_all-fp64-n2-row-major-AlphaSparse-SpMM-CSR-solve-only,AlphaSparse-SpMM-CSR-best-solve-only,AlphaSparseLib CSR PER MATRIX BEST,per-matrix-best,AlphaSparse-SpMM-CSR,best,solve-only,"csr-alg1,csr-alg2,csr-alg3,csr-alg4,csr-alg5",manual-selection,csr,ALPHASPARSE_SPMM_CSR_ALG5,workspace-setup,spmm.csr.fp64,fp64,H100-SXM5-80GB,H100-SXM5-80GB,,33500.0,29b699d9-dc3d-55c8-a1c7-29991a8141e8,suitesparse_all,Rothberg/3dtube,3dtube,45330,45330,3213618,2,row-major,N,N,1.0,0.0,20260922,main,pass,pass,0,0,12854472.0,0.013731,0.0449871987104,0.0587181987104,0.0456737487104,285.7362176015717,218.91802341210533,281.4411420771558,0.85294393313902,0.6534866370510607,0.8401228121706144,AlphaSparse 248af573c867cf4c7e05d40c611c7c34ebac4715,CUDA,13040,13000,2026-10-08T14:55:22.799560+00:00,derived,csr-alg5,0,0,,,,5,20,4,true
3,H100-SXM5-80GB-suitesparse_all-fp64-n2-row-major-AlphaSparse-SpMM-CSR-solve-only,AlphaSparse-SpMM-CSR-best-solve-only,AlphaSparseLib CSR PER MATRIX BEST,per-matrix-best,AlphaSparse-SpMM-CSR,best,solve-only,"csr-alg1,csr-alg2,csr-alg3,csr-alg4,csr-alg5",manual-selection,csr,ALPHASPARSE_SPMM_CSR_ALG1,workspace-setup,spmm.csr.fp64,fp64,H100-SXM5-80GB,H100-SXM5-80GB,,33500.0,dad5c024-9073-5674-80e8-1be5a06ccb57,suitesparse_all,Rucci/Rucci1,Rucci1,1977885,109900,7791168,2,row-major,N,N,1.0,0.0,20260922,main,pass,pass,0,0,31164672.0,0.018093,0.0860592007637,0.104152200764,0.0869638507637,362.1306231459373,299.2224050129914,358.363523766689,1.080986934763992,0.8932012089940041,1.0697418619901164,AlphaSparse 248af573c867cf4c7e05d40c611c7c34ebac4715,CUDA,13040,13000,2026-10-07T07:01:47.347803+00:00,derived,csr-alg1,0,0,,,,5,20,4,true
3,H100-SXM5-80GB-suitesparse_all-fp64-n2-row-major-AlphaSparse-SpMM-CSR-solve-only,AlphaSparse-SpMM-CSR-best-solve-only,AlphaSparseLib CSR PER MATRIX BEST,per-matrix-best,AlphaSparse-SpMM-CSR,best,solve-only,"csr-alg1,csr-alg2,csr-alg3,csr-alg4,csr-alg5",manual-selection,csr,ALPHASPARSE_SPMM_CSR_ALG3,workspace-setup,spmm.csr.fp64,fp64,H100-SXM5-80GB,H100-SXM5-80GB,,33500.0,dad5c024-9073-5674-80e8-1be5a06ccb57,suitesparse_all,Sandia/adder_dcop_02,adder_dcop_02,1813,1813,11246,2,row-major,N,N,1.0,0.0,20260922,main,pass,pass,0,0,44984.0,0.010501,0.00951680019498,0.020017800195,0.010041850195,4.726798827165514,2.2471999701163967,4.479652566655322,0.014109847245270191,0.0067080596122877515,0.013372097213896485,AlphaSparse 248af573c867cf4c7e05d40c611c7c34ebac4715,CUDA,13040,13000,2026-10-07T07:11:19.981524+00:00,derived,csr-alg3,0,0,,,,5,20,4,true
3,H100-SXM5-80GB-suitesparse_all-fp64-n2-row-major-AlphaSparse-SpMM-CSR-solve-only,AlphaSparse-SpMM-CSR-best-solve-only,AlphaSparseLib CSR PER MATRIX BEST,per-matrix-best,AlphaSparse-SpMM-CSR,best,solve-only,"csr-alg1,csr-alg2,csr-alg3,csr-alg4,csr-alg5",manual-selection,csr,ALPHASPARSE_SPMM_CSR_ALG3,workspace-setup,spmm.csr.fp64,fp64,H100-SXM5-80GB,H100-SXM5-80GB,,33500.0,29b699d9-dc3d-55c8-a1c7-29991a8141e8,suitesparse_all,Sandia/adder_dcop_12,adder_dcop_12,1813,1813,11246,2,row-major,N,N,1.0,0.0,20260922,main,pass,pass,0,0,44984.0,0.00939,0.00924639999866,0.0186363999987,0.00971589999866,4.865028552357581,2.4137709001275947,4.629936496485566,0.014522473290619642,0.007205286269037596,0.013820705959658407,AlphaSparse 248af573c867cf4c7e05d40c611c7c34ebac4715,CUDA,13040,13000,2026-10-08T14:30:15.555771+00:00,derived,csr-alg3,0,0,,,,5,20,4,true
3,H100-SXM5-80GB-suitesparse_all-fp64-n2-row-major-AlphaSparse-SpMM-CSR-solve-only,AlphaSparse-SpMM-CSR-best-solve-only,AlphaSparseLib CSR PER MATRIX BEST,per-matrix-best,AlphaSparse-SpMM-CSR,best,solve-only,"csr-alg1,csr-alg2,csr-alg3,csr-alg4,csr-alg5",manual-selection,csr,ALPHASPARSE_SPMM_CSR_ALG3,workspace-setup,spmm.csr.fp64,fp64,H100-SXM5-80GB,H100-SXM5-80GB,,33500.0,dad5c024-9073-5674-80e8-1be5a06ccb57,suitesparse_all,Sandia/adder_dcop_18,adder_dcop_18,1813,1813,11246,2,row-major,N,N,1.0,0.0,20260922,main,pass,pass,0,0,44984.0,0.00981,0.00909920036793,0.0189092003679,0.00958970036793,4.943731117137001,2.3789477674774773,4.690866061929951,0.014757406319811943,0.0071013366193357534,0.014002585259492389,AlphaSparse 248af573c867cf4c7e05d40c611c7c34ebac4715,CUDA,13040,13000,2026-10-07T07:11:20.659485+00:00,derived,csr-alg3,0,0,,,,5,20,4,true
3,H100-SXM5-80GB-suitesparse_all-fp64-n2-row-major-AlphaSparse-SpMM-CSR-solve-only,AlphaSparse-SpMM-CSR-best-solve-only,AlphaSparseLib CSR PER MATRIX BEST,per-matrix-best,AlphaSparse-SpMM-CSR,best,solve-only,"csr-alg1,csr-alg2,csr-alg3,csr-alg4,csr-alg5",manual-selection,csr,ALPHASPARSE_SPMM_CSR_ALG3,workspace-setup,spmm.csr.fp64,fp64,H100-SXM5-80GB,H100-SXM5-80GB,,33500.0,29b699d9-dc3d-55c8-a1c7-29991a8141e8,suitesparse_all,Sandia/adder_dcop_28,adder_dcop_28,1813,1813,11246,2,row-major,N,N,1.0,0.0,20260922,main,pass,pass,0,0,44984.0,0.008913,0.0091151997447,0.0180281997447,0.0095608497447,4.935053675171055,2.495201996706552,4.705021122723596,0.014731503507973297,0.00744836416927329,0.014044839172309241,AlphaSparse 248af573c867cf4c7e05d40c611c7c34ebac4715,CUDA,13040,13000,2026-10-08T14:30:16.004575+00:00,derived,csr-alg3,0,0,,,,5,20,4,true
3,H100-SXM5-80GB-suitesparse_all-fp64-n2-row-major-AlphaSparse-SpMM-CSR-solve-only,AlphaSparse-SpMM-CSR-best-solve-only,AlphaSparseLib CSR PER MATRIX BEST,per-matrix-best,AlphaSparse-SpMM-CSR,best,solve-only,"csr-alg1,csr-alg2,csr-alg3,csr-alg4,csr-alg5",manual-selection,csr,ALPHASPARSE_SPMM_CSR_ALG3,workspace-setup,spmm.csr.fp64,fp64,H100-SXM5-80GB,H100-SXM5-80GB,,33500.0,dad5c024-9073-5674-80e8-1be5a06ccb57,suitesparse_all,Sandia/adder_dcop_34,adder_dcop_34,1813,1813,11246,2,row-major,N,N,1.0,0.0,20260922,main,pass,pass,0,0,44984.0,0.0102,0.00952479988337,0.0197247998834,0.0100347998834,4.722828883632574,2.2805808051749943,4.4827999085875625,0.014097996667559922,0.006807703896044758,0.013381492264440487,AlphaSparse 248af573c867cf4c7e05d40c611c7c34ebac4715,CUDA,13040,13000,2026-10-07T07:11:21.407081+00:00,derived,csr-alg3,0,0,,,,5,20,4,true
3,H100-SXM5-80GB-suitesparse_all-fp64-n2-row-major-AlphaSparse-SpMM-CSR-solve-only,AlphaSparse-SpMM-CSR-best-solve-only,AlphaSparseLib CSR PER MATRIX BEST,per-matrix-best,AlphaSparse-SpMM-CSR,best,solve-only,"csr-alg1,csr-alg2,csr-alg3,csr-alg4,csr-alg5",manual-selection,csr,ALPHASPARSE_SPMM_CSR_ALG3,workspace-setup,spmm.csr.fp64,fp64,H100-SXM5-80GB,H100-SXM5-80GB,,33500.0,29b699d9-dc3d-55c8-a1c7-29991a8141e8,suitesparse_all,Sandia/adder_dcop_44,adder_dcop_44,1813,1813,11245,2,row-major,N,N,1.0,0.0,20260922,main,pass,pass,0,0,44980.0,0.008944,0.00894720032811,0.0178912003281,0.00939440032811,5.027270917214563,2.514085090722181,4.787958616731553,0.015006778857356903,0.007504731614096062,0.014292413781288217,AlphaSparse 248af573c867cf4c7e05d40c611c7c34ebac4715,CUDA,13040,13000,2026-10-08T14:30:16.451139+00:00,derived,csr-alg3,0,0,,,,5,20,4,true
3,H100-SXM5-80GB-suitesparse_all-fp64-n2-row-major-AlphaSparse-SpMM-CSR-solve-only,AlphaSparse-SpMM-CSR-best-solve-only,AlphaSparseLib CSR PER MATRIX BEST,per-matrix-best,AlphaSparse-SpMM-CSR,best,solve-only,"csr-alg1,csr-alg2,csr-alg3,csr-alg4,csr-alg5",manual-selection,csr,ALPHASPARSE_SPMM_CSR_ALG3,workspace-setup,spmm.csr.fp64,fp64,H100-SXM5-80GB,H100-SXM5-80GB,,33500.0,dad5c024-9073-5674-80e8-1be5a06ccb57,suitesparse_all,Sandia/adder_dcop_50,adder_dcop_50,1813,1813,11246,2,row-major,N,N,1.0,0.0,20260922,main,pass,pass,0,0,44984.0,0.010713,0.00892319977283,0.0196361997728,0.00945884977283,5.041240938813285,2.290870968949485,4.755757949472244,0.015048480414368015,0.006838420802834285,0.01419629238648431,AlphaSparse 248af573c867cf4c7e05d40c611c7c34ebac4715,CUDA,13040,13000,2026-10-07T07:11:22.018610+00:00,derived,csr-alg3,0,0,,,,5,20,4,true
3,H100-SXM5-80GB-suitesparse_all-fp64-n2-row-major-AlphaSparse-SpMM-CSR-solve-only,AlphaSparse-SpMM-CSR-best-solve-only,AlphaSparseLib CSR PER MATRIX BEST,per-matrix-best,AlphaSparse-SpMM-CSR,best,solve-only,"csr-alg1,csr-alg2,csr-alg3,csr-alg4,csr-alg5",manual-selection,csr,ALPHASPARSE_SPMM_CSR_ALG3,workspace-setup,spmm.csr.fp64,fp64,H100-SXM5-80GB,H100-SXM5-80GB,,33500.0,29b699d9-dc3d-55c8-a1c7-29991a8141e8,suitesparse_all,Sandia/adder_dcop_60,adder_dcop_60,1813,1813,11246,2,row-major,N,N,1.0,0.0,20260922,main,pass,pass,0,0,44984.0,0.008705,0.00923840031028,0.0179434003103,0.00967365031028,4.86924126354908,2.506994171789054,4.6501577540172585,0.0145350485479077,0.007483564691907623,0.013881067922439578,AlphaSparse 248af573c867cf4c7e05d40c611c7c34ebac4715,CUDA,13040,13000,2026-10-08T14:30:16.892769+00:00,derived,csr-alg3,0,0,,,,5,20,4,true
3,H100-SXM5-80GB-suitesparse_all-fp64-n2-row-major-AlphaSparse-SpMM-CSR-solve-only,AlphaSparse-SpMM-CSR-best-solve-only,AlphaSparseLib CSR PER MATRIX BEST,per-matrix-best,AlphaSparse-SpMM-CSR,best,solve-only,"csr-alg1,csr-alg2,csr-alg3,csr-alg4,csr-alg5",manual-selection,csr,ALPHASPARSE_SPMM_CSR_ALG3,workspace-setup,spmm.csr.fp64,fp64,H100-SXM5-80GB,H100-SXM5-80GB,,33500.0,dad5c024-9073-5674-80e8-1be5a06ccb57,suitesparse_all,Sandia/adder_dcop_66,adder_dcop_66,1813,1813,11246,2,row-major,N,N,1.0,0.0,20260922,main,pass,pass,0,0,44984.0,0.009129,0.00917119979858,0.0183001997986,0.00962764979858,4.9049198565017615,2.4581152389080123,4.672376015030665,0.01464155181045302,0.007337657429576157,0.013947391089643775,AlphaSparse 248af573c867cf4c7e05d40c611c7c34ebac4715,CUDA,13040,13000,2026-10-07T07:11:22.450166+00:00,derived,csr-alg3,0,0,,,,5,20,4,true
3,H100-SXM5-80GB-suitesparse_all-fp64-n2-row-major-AlphaSparse-SpMM-CSR-solve-only,AlphaSparse-SpMM-CSR-best-solve-only,AlphaSparseLib CSR PER MATRIX BEST,per-matrix-best,AlphaSparse-SpMM-CSR,best,solve-only,"csr-alg1,csr-alg2,csr-alg3,csr-alg4,csr-alg5",manual-selection,csr,ALPHASPARSE_SPMM_CSR_ALG5,workspace-setup,spmm.csr.fp64,fp64,H100-SXM5-80GB,H100-SXM5-80GB,,33500.0,dad5c024-9073-5674-80e8-1be5a06ccb57,suitesparse_all,Sandia/ASIC_320k,ASIC_320k,321821,321821,2635364,2,row-major,N,N,1.0,0.0,20260922,main,pass,pass,0,0,10541456.0,0.01643,0.0491328001022,0.0655628001022,0.0499543001022,214.55027961103298,160.78410292983008,211.02199367088625,0.6404485958538297,0.4799525460591943,0.6299163990175709,AlphaSparse 248af573c867cf4c7e05d40c611c7c34ebac4715,CUDA,13040,13000,2026-10-07T07:23:02.730105+00:00,derived,csr-alg5,0,0,,,,5,20,4,true
3,H100-SXM5-80GB-suitesparse_all-fp64-n2-row-major-AlphaSparse-SpMM-CSR-solve-only,AlphaSparse-SpMM-CSR-best-solve-only,AlphaSparseLib CSR PER MATRIX BEST,per-matrix-best,AlphaSparse-SpMM-CSR,best,solve-only,"csr-alg1,csr-alg2,csr-alg3,csr-alg4,csr-alg5",manual-selection,csr,ALPHASPARSE_SPMM_CSR_ALG5,workspace-setup,spmm.csr.fp64,fp64,H100-SXM5-80GB,H100-SXM5-80GB,,33500.0,29b699d9-dc3d-55c8-a1c7-29991a8141e8,suitesparse_all,Sandia/fpga_dcop_05,fpga_dcop_05,1220,1220,5852,2,row-major,N,N,1.0,0.0,20260922,main,pass,pass,0,0,23408.0,0.009291,0.00887200012803,0.018163000128,0.00933655012803,2.6384129465964823,1.2887738718844322,2.507135899128842,0.007875859542079052,0.0038470861847296482,0.007483987758593558,AlphaSparse 248af573c867cf4c7e05d40c611c7c34ebac4715,CUDA,13040,13000,2026-10-08T14:56:14.434191+00:00,derived,csr-alg5,0,0,,,,5,20,4,true
3,H100-SXM5-80GB-suitesparse_all-fp64-n2-row-major-AlphaSparse-SpMM-CSR-solve-only,AlphaSparse-SpMM-CSR-best-solve-only,AlphaSparseLib CSR PER MATRIX BEST,per-matrix-best,AlphaSparse-SpMM-CSR,best,solve-only,"csr-alg1,csr-alg2,csr-alg3,csr-alg4,csr-alg5",manual-selection,csr,ALPHASPARSE_SPMM_CSR_ALG5,workspace-setup,spmm.csr.fp64,fp64,H100-SXM5-80GB,H100-SXM5-80GB,,33500.0,dad5c024-9073-5674-80e8-1be5a06ccb57,suitesparse_all,Sandia/fpga_dcop_11,fpga_dcop_11,1220,1220,5892,2,row-major,N,N,1.0,0.0,20260922,main,pass,pass,0,0,23568.0,0.008384,0.00889120027423,0.0172752002742,0.00931040027423,2.6507107334325624,1.3642678305268685,2.53136270255031,0.007912569353530036,0.004072441285154832,0.007556306574777045,AlphaSparse 248af573c867cf4c7e05d40c611c7c34ebac4715,CUDA,13040,13000,2026-10-07T07:22:26.556647+00:00,derived,csr-alg5,0,0,,,,5,20,4,true
3,H100-SXM5-80GB-suitesparse_all-fp64-n2-row-major-AlphaSparse-SpMM-CSR-solve-only,AlphaSparse-SpMM-CSR-best-solve-only,AlphaSparseLib CSR PER MATRIX BEST,per-matrix-best,AlphaSparse-SpMM-CSR,best,solve-only,"csr-alg1,csr-alg2,csr-alg3,csr-alg4,csr-alg5",manual-selection,csr,ALPHASPARSE_SPMM_CSR_ALG5,workspace-setup,spmm.csr.fp64,fp64,H100-SXM5-80GB,H100-SXM5-80GB,,33500.0,29b699d9-dc3d-55c8-a1c7-29991a8141e8,suitesparse_all,Sandia/fpga_dcop_21,fpga_dcop_21,1220,1220,5892,2,row-major,N,N,1.0,0.0,20260922,main,pass,pass,0,0,23568.0,0.009718,0.00911680012941,0.0188348001294,0.00960270012941,2.5851175484226854,1.2513007750590228,2.4543096923144305,0.007716768801261748,0.0037352261942060387,0.0073262975889983005,AlphaSparse 248af573c867cf4c7e05d40c611c7c34ebac4715,CUDA,13040,13000,2026-10-08T14:56:15.001591+00:00,derived,csr-alg5,0,0,,,,5,20,4,true
3,H100-SXM5-80GB-suitesparse_all-fp64-n2-row-major-AlphaSparse-SpMM-CSR-solve-only,AlphaSparse-SpMM-CSR-best-solve-only,AlphaSparseLib CSR PER MATRIX BEST,per-matrix-best,AlphaSparse-SpMM-CSR,best,solve-only,"csr-alg1,csr-alg2,csr-alg3,csr-alg4,csr-alg5",manual-selection,csr,ALPHASPARSE_SPMM_CSR_ALG5,workspace-setup,spmm.csr.fp64,fp64,H100-SXM5-80GB,H100-SXM5-80GB,,33500.0,dad5c024-9073-5674-80e8-1be5a06ccb57,suitesparse_all,Sandia/fpga_dcop_27,fpga_dcop_27,1220,1220,5892,2,row-major,N,N,1.0,0.0,20260922,main,pass,pass,0,0,23568.0,0.009199,0.00919679999352,0.0183957999935,0.00965674999352,2.562630481972626,1.2811620048232508,2.4405726580697347,0.007649643229769033,0.003824364193502241,0.007285291516626074,AlphaSparse 248af573c867cf4c7e05d40c611c7c34ebac4715,CUDA,13040,13000,2026-10-07T07:22:26.995458+00:00,derived,csr-alg5,0,0,,,,5,20,4,true
3,H100-SXM5-80GB-suitesparse_all-fp64-n2-row-major-AlphaSparse-SpMM-CSR-solve-only,AlphaSparse-SpMM-CSR-best-solve-only,AlphaSparseLib CSR PER MATRIX BEST,per-matrix-best,AlphaSparse-SpMM-CSR,best,solve-only,"csr-alg1,csr-alg2,csr-alg3,csr-alg4,csr-alg5",manual-selection,csr,ALPHASPARSE_SPMM_CSR_ALG5,workspace-setup,spmm.csr.fp64,fp64,H100-SXM5-80GB,H100-SXM5-80GB,,33500.0,29b699d9-dc3d-55c8-a1c7-29991a8141e8,suitesparse_all,Sandia/fpga_dcop_37,fpga_dcop_37,1220,1220,5892,2,row-major,N,N,1.0,0.0,20260922,main,pass,pass,0,0,23568.0,0.009588,0.00931999981403,0.018907999814,0.00979939981403,2.5287554152653056,1.246456538599583,2.4050452524916084,0.007548523627657628,0.003720765786864427,0.007179239559676443,AlphaSparse 248af573c867cf4c7e05d40c611c7c34ebac4715,CUDA,13040,13000,2026-10-08T14:56:15.584146+00:00,derived,csr-alg5,0,0,,,,5,20,4,true
3,H100-SXM5-80GB-suitesparse_all-fp64-n2-row-major-AlphaSparse-SpMM-CSR-solve-only,AlphaSparse-SpMM-CSR-best-solve-only,AlphaSparseLib CSR PER MATRIX BEST,per-matrix-best,AlphaSparse-SpMM-CSR,best,solve-only,"csr-alg1,csr-alg2,csr-alg3,csr-alg4,csr-alg5",manual-selection,csr,ALPHASPARSE_SPMM_CSR_ALG3,workspace-setup,spmm.csr.fp64,fp64,H100-SXM5-80GB,H100-SXM5-80GB,,33500.0,dad5c024-9073-5674-80e8-1be5a06ccb57,suitesparse_all,Sandia/fpga_dcop_43,fpga_dcop_43,1220,1220,5892,2,row-major,N,N,1.0,0.0,20260922,main,pass,pass,0,0,23568.0,0.009201,0.00894879996777,0.0181497999678,0.00940884996777,2.633649213847948,1.2985267078321832,2.50487573728268,0.007861639444322232,0.0038761991278572633,0.00747724100681397,AlphaSparse 248af573c867cf4c7e05d40c611c7c34ebac4715,CUDA,13040,13000,2026-10-07T07:11:23.706618+00:00,derived,csr-alg3,0,0,,,,5,20,4,true
3,H100-SXM5-80GB-suitesparse_all-fp64-n2-row-major-AlphaSparse-SpMM-CSR-solve-only,AlphaSparse-SpMM-CSR-best-solve-only,AlphaSparseLib CSR PER MATRIX BEST,per-matrix-best,AlphaSparse-SpMM-CSR,best,solve-only,"csr-alg1,csr-alg2,csr-alg3,csr-alg4,csr-alg5",manual-selection,csr,ALPHASPARSE_SPMM_CSR_ALG2,workspace-setup,spmm.csr.fp64,fp64,H100-SXM5-80GB,H100-SXM5-80GB,,33500.0,29b699d9-dc3d-55c8-a1c7-29991a8141e8,suitesparse_all,Sandia/fpga_trans_02,fpga_trans_02,1220,1220,7382,2,row-major,N,N,1.0,0.0,20260922,main,pass,pass,0,0,29528.0,0.010212,0.00886719971895,0.019079199719,0.00937779971895,3.33002536718509,1.5476540124790754,3.148713012107935,0.009940374230403252,0.004619862723818135,0.009399143319725179,AlphaSparse 248af573c867cf4c7e05d40c611c7c34ebac4715,CUDA,13040,13000,2026-10-08T14:17:41.997012+00:00,derived,csr-alg2,0,0,,,,5,20,4,true
3,H100-SXM5-80GB-suitesparse_all-fp64-n2-row-major-AlphaSparse-SpMM-CSR-solve-only,AlphaSparse-SpMM-CSR-best-solve-only,AlphaSparseLib CSR PER MATRIX BEST,per-matrix-best,AlphaSparse-SpMM-CSR,best,solve-only,"csr-alg1,csr-alg2,csr-alg3,csr-alg4,csr-alg5",manual-selection,csr,ALPHASPARSE_SPMM_CSR_ALG1,workspace-setup,spmm.csr.fp64,fp64,H100-SXM5-80GB,H100-SXM5-80GB,,33500.0,dad5c024-9073-5674-80e8-1be5a06ccb57,suitesparse_all,Sandia/oscil_dcop_02,oscil_dcop_02,430,430,1544,2,row-major,N,N,1.0,0.0,20260922,main,pass,pass,0,0,6176.0,0.010334,0.00547199994326,0.0158059999433,0.00598869994326,1.128654982463429,0.39073769594804686,1.0312755787590924,0.0033691193506371017,0.0011663811819344681,0.003078434563459977,AlphaSparse 248af573c867cf4c7e05d40c611c7c34ebac4715,CUDA,13040,13000,2026-10-07T07:00:39.739988+00:00,derived,csr-alg1,0,0,,,,5,20,4,true
3,H100-SXM5-80GB-suitesparse_all-fp64-n2-row-major-AlphaSparse-SpMM-CSR-solve-only,AlphaSparse-SpMM-CSR-best-solve-only,AlphaSparseLib CSR PER MATRIX BEST,per-matrix-best,AlphaSparse-SpMM-CSR,best,solve-only,"csr-alg1,csr-alg2,csr-alg3,csr-alg4,csr-alg5",manual-selection,csr,ALPHASPARSE_SPMM_CSR_ALG1,workspace-setup,spmm.csr.fp64,fp64,H100-SXM5-80GB,H100-SXM5-80GB,,33500.0,29b699d9-dc3d-55c8-a1c7-29991a8141e8,suitesparse_all,Sandia/oscil_dcop_12,oscil_dcop_12,430,430,1544,2,row-major,N,N,1.0,0.0,20260922,main,pass,pass,0,0,6176.0,0.009805,0.00545280016959,0.0152578001696,0.00594305016959,1.1326290727548114,0.4047765687943147,1.0391970156338206,0.0033809823067307804,0.0012082882650576558,0.0031020806436830466,AlphaSparse 248af573c867cf4c7e05d40c611c7c34ebac4715,CUDA,13040,13000,2026-10-08T13:46:56.394454+00:00,derived,csr-alg1,0,0,,,,5,20,4,true
3,H100-SXM5-80GB-suitesparse_all-fp64-n2-row-major-AlphaSparse-SpMM-CSR-solve-only,AlphaSparse-SpMM-CSR-best-solve-only,AlphaSparseLib CSR PER MATRIX BEST,per-matrix-best,AlphaSparse-SpMM-CSR,best,solve-only,"csr-alg1,csr-alg2,csr-alg3,csr-alg4,csr-alg5",manual-selection,csr,ALPHASPARSE_SPMM_CSR_ALG1,workspace-setup,spmm.csr.fp64,fp64,H100-SXM5-80GB,H100-SXM5-80GB,,33500.0,dad5c024-9073-5674-80e8-1be5a06ccb57,suitesparse_all,Sandia/oscil_dcop_18,oscil_dcop_18,430,430,1544,2,row-major,N,N,1.0,0.0,20260922,main,pass,pass,0,0,6176.0,0.009645,0.00546079985797,0.015105799858,0.00594304985797,1.1309698506870143,0.4088495847989938,1.0391970701234483,0.0033760294050358634,0.0012204465217880412,0.0031020808063386518,AlphaSparse 248af573c867cf4c7e05d40c611c7c34ebac4715,CUDA,13040,13000,2026-10-07T07:00:40.158665+00:00,derived,csr-alg1,0,0,,,,5,20,4,true
3,H100-SXM5-80GB-suitesparse_all-fp64-n2-row-major-AlphaSparse-SpMM-CSR-solve-only,AlphaSparse-SpMM-CSR-best-solve-only,AlphaSparseLib CSR PER MATRIX BEST,per-matrix-best,AlphaSparse-SpMM-CSR,best,solve-only,"csr-alg1,csr-alg2,csr-alg3,csr-alg4,csr-alg5",manual-selection,csr,ALPHASPARSE_SPMM_CSR_ALG1,workspace-setup,spmm.csr.fp64,fp64,H100-SXM5-80GB,H100-SXM5-80GB,,33500.0,29b699d9-dc3d-55c8-a1c7-29991a8141e8,suitesparse_all,Sandia/oscil_dcop_28,oscil_dcop_28,430,430,1544,2,row-major,N,N,1.0,0.0,20260922,main,pass,pass,0,0,6176.0,0.009796,0.00558720007539,0.0153832000754,0.00607700007539,1.1053837193343932,0.4014769339102813,1.0162909204182702,0.0032996528935355022,0.0011984386086874067,0.003033704240054538,AlphaSparse 248af573c867cf4c7e05d40c611c7c34ebac4715,CUDA,13040,13000,2026-10-08T13:46:56.807784+00:00,derived,csr-alg1,0,0,,,,5,20,4,true
3,H100-SXM5-80GB-suitesparse_all-fp64-n2-row-major-AlphaSparse-SpMM-CSR-solve-only,AlphaSparse-SpMM-CSR-best-solve-only,AlphaSparseLib CSR PER MATRIX BEST,per-matrix-best,AlphaSparse-SpMM-CSR,best,solve-only,"csr-alg1,csr-alg2,csr-alg3,csr-alg4,csr-alg5",manual-selection,csr,ALPHASPARSE_SPMM_CSR_ALG1,workspace-setup,spmm.csr.fp64,fp64,H100-SXM5-80GB,H100-SXM5-80GB,,33500.0,dad5c024-9073-5674-80e8-1be5a06ccb57,suitesparse_all,Sandia/oscil_dcop_34,oscil_dcop_34,430,430,1544,2,row-major,N,N,1.0,0.0,20260922,main,pass,pass,0,0,6176.0,0.010915,0.00541119985282,0.0163261998528,0.00595694985282,1.1413365183290043,0.3782876637358322,1.0367721992952992,0.003406974681579117,0.001129216906674126,0.003094842385956117,AlphaSparse 248af573c867cf4c7e05d40c611c7c34ebac4715,CUDA,13040,13000,2026-10-07T07:00:40.567032+00:00,derived,csr-alg1,0,0,,,,5,20,4,true
3,H100-SXM5-80GB-suitesparse_all-fp64-n2-row-major-AlphaSparse-SpMM-CSR-solve-only,AlphaSparse-SpMM-CSR-best-solve-only,AlphaSparseLib CSR PER MATRIX BEST,per-matrix-best,AlphaSparse-SpMM-CSR,best,solve-only,"csr-alg1,csr-alg2,csr-alg3,csr-alg4,csr-alg5",manual-selection,csr,ALPHASPARSE_SPMM_CSR_ALG1,workspace-setup,spmm.csr.fp64,fp64,H100-SXM5-80GB,H100-SXM5-80GB,,33500.0,29b699d9-dc3d-55c8-a1c7-29991a8141e8,suitesparse_all,Sandia/oscil_dcop_44,oscil_dcop_44,430,430,1544,2,row-major,N,N,1.0,0.0,20260922,main,pass,pass,0,0,6176.0,0.009377,0.00563360005617,0.0150106000562,0.00610245005617,1.0962794551302866,0.41144257903594306,1.0120525269609764,0.003272475985463542,0.0012281868030923674,0.0030210523192864963,AlphaSparse 248af573c867cf4c7e05d40c611c7c34ebac4715,CUDA,13040,13000,2026-10-08T13:46:57.336411+00:00,derived,csr-alg1,0,0,,,,5,20,4,true
3,H100-SXM5-80GB-suitesparse_all-fp64-n2-row-major-AlphaSparse-SpMM-CSR-solve-only,AlphaSparse-SpMM-CSR-best-solve-only,AlphaSparseLib CSR PER MATRIX BEST,per-matrix-best,AlphaSparse-SpMM-CSR,best,solve-only,"csr-alg1,csr-alg2,csr-alg3,csr-alg4,csr-alg5",manual-selection,csr,ALPHASPARSE_SPMM_CSR_ALG1,workspace-setup,spmm.csr.fp64,fp64,H100-SXM5-80GB,H100-SXM5-80GB,,33500.0,dad5c024-9073-5674-80e8-1be5a06ccb57,suitesparse_all,Sandia/oscil_dcop_50,oscil_dcop_50,430,430,1544,2,row-major,N,N,1.0,0.0,20260922,main,pass,pass,0,0,6176.0,0.009849,0.00553600005805,0.0153850000581,0.00602845005805,1.1156069247180307,0.40142996273493137,1.0244756016105618,0.0033301699245314354,0.0011982983962236758,0.003058136124210632,AlphaSparse 248af573c867cf4c7e05d40c611c7c34ebac4715,CUDA,13040,13000,2026-10-07T07:00:41.014272+00:00,derived,csr-alg1,0,0,,,,5,20,4,true
3,H100-SXM5-80GB-suitesparse_all-fp64-n2-row-major-AlphaSparse-SpMM-CSR-solve-only,AlphaSparse-SpMM-CSR-best-solve-only,AlphaSparseLib CSR PER MATRIX BEST,per-matrix-best,AlphaSparse-SpMM-CSR,best,solve-only,"csr-alg1,csr-alg2,csr-alg3,csr-alg4,csr-alg5",manual-selection,csr,ALPHASPARSE_SPMM_CSR_ALG1,workspace-setup,spmm.csr.fp64,fp64,H100-SXM5-80GB,H100-SXM5-80GB,,33500.0,29b699d9-dc3d-55c8-a1c7-29991a8141e8,suitesparse_all,Schenk_AFE/af_shell8,af_shell8,504855,504855,17588875,2,row-major,N,N,1.0,0.0,20260922,main,pass,pass,0,0,70355500.0,0.020439,0.124583995342,0.145022995342,0.125605945342,564.723420587569,485.13340821629265,560.1287407887896,1.6857415539927434,1.4481594275113214,1.6720260919068346,AlphaSparse 248af573c867cf4c7e05d40c611c7c34ebac4715,CUDA,13040,13000,2026-10-08T13:46:46.796278+00:00,derived,csr-alg1,0,0,,,,5,20,4,true
3,H100-SXM5-80GB-suitesparse_all-fp64-n2-row-major-AlphaSparse-SpMM-CSR-solve-only,AlphaSparse-SpMM-CSR-best-solve-only,AlphaSparseLib CSR PER MATRIX BEST,per-matrix-best,AlphaSparse-SpMM-CSR,best,solve-only,"csr-alg1,csr-alg2,csr-alg3,csr-alg4,csr-alg5",manual-selection,csr,ALPHASPARSE_SPMM_CSR_ALG2,workspace-setup,spmm.csr.fp64,fp64,H100-SXM5-80GB,H100-SXM5-80GB,,33500.0,29b699d9-dc3d-55c8-a1c7-29991a8141e8,suitesparse_all,Schenk_IBMNA/c-20,c-20,2921,2921,22685,2,row-major,N,N,1.0,0.0,20260922,main,pass,pass,0,0,90740.0,0.009108,0.00870240032673,0.0178104003267,0.00915780032673,10.427008249814259,5.0947759924278335,9.908492952739534,0.031125397760639578,0.015208286544560697,0.0295775909037001,AlphaSparse 248af573c867cf4c7e05d40c611c7c34ebac4715,CUDA,13040,13000,2026-10-08T14:18:41.734067+00:00,derived,csr-alg2,0,0,,,,5,20,4,true
3,H100-SXM5-80GB-suitesparse_all-fp64-n2-row-major-AlphaSparse-SpMM-CSR-solve-only,AlphaSparse-SpMM-CSR-best-solve-only,AlphaSparseLib CSR PER MATRIX BEST,per-matrix-best,AlphaSparse-SpMM-CSR,best,solve-only,"csr-alg1,csr-alg2,csr-alg3,csr-alg4,csr-alg5",manual-selection,csr,ALPHASPARSE_SPMM_CSR_ALG2,workspace-setup,spmm.csr.fp64,fp64,H100-SXM5-80GB,H100-SXM5-80GB,,33500.0,dad5c024-9073-5674-80e8-1be5a06ccb57,suitesparse_all,Schenk_IBMNA/c-26,c-26,4307,4307,34537,2,row-major,N,N,1.0,0.0,20260922,main,pass,pass,0,0,138148.0,0.009833,0.00966880023479,0.0195018002348,0.0101604502348,14.288018848803993,7.083858840553691,13.596641566811368,0.042650802533743266,0.021145847285234897,0.040586989751675726,AlphaSparse 248af573c867cf4c7e05d40c611c7c34ebac4715,CUDA,13040,13000,2026-10-07T07:06:41.259344+00:00,derived,csr-alg2,0,0,,,,5,20,4,true
3,H100-SXM5-80GB-suitesparse_all-fp64-n2-row-major-AlphaSparse-SpMM-CSR-solve-only,AlphaSparse-SpMM-CSR-best-solve-only,AlphaSparseLib CSR PER MATRIX BEST,per-matrix-best,AlphaSparse-SpMM-CSR,best,solve-only,"csr-alg1,csr-alg2,csr-alg3,csr-alg4,csr-alg5",manual-selection,csr,ALPHASPARSE_SPMM_CSR_ALG5,workspace-setup,spmm.csr.fp64,fp64,H100-SXM5-80GB,H100-SXM5-80GB,,33500.0,29b699d9-dc3d-55c8-a1c7-29991a8141e8,suitesparse_all,Schenk_IBMNA/c-36,c-36,7479,7479,65941,2,row-major,N,N,1.0,0.0,20260922,main,pass,pass,0,0,263764.0,0.01348,0.0101088002324,0.0235888002324,0.0107828002324,26.092512853761082,11.181747159726735,24.461549348512065,0.0778880980709286,0.033378349730527564,0.07301955029406586,AlphaSparse 248af573c867cf4c7e05d40c611c7c34ebac4715,CUDA,13040,13000,2026-10-08T14:57:27.352518+00:00,derived,csr-alg5,0,0,,,,5,20,4,true
3,H100-SXM5-80GB-suitesparse_all-fp64-n2-row-major-AlphaSparse-SpMM-CSR-solve-only,AlphaSparse-SpMM-CSR-best-solve-only,AlphaSparseLib CSR PER MATRIX BEST,per-matrix-best,AlphaSparse-SpMM-CSR,best,solve-only,"csr-alg1,csr-alg2,csr-alg3,csr-alg4,csr-alg5",manual-selection,csr,ALPHASPARSE_SPMM_CSR_ALG5,workspace-setup,spmm.csr.fp64,fp64,H100-SXM5-80GB,H100-SXM5-80GB,,33500.0,dad5c024-9073-5674-80e8-1be5a06ccb57,suitesparse_all,Schenk_IBMNA/c-42,c-42,10471,10471,110285,2,row-major,N,N,1.0,0.0,20260922,main,pass,pass,0,0,441140.0,0.012388,0.00997439995408,0.0223623999541,0.0105937999541,44.22722189113271,19.726862989011156,41.641337566438615,0.13202155788397824,0.058886158176152704,0.12430250019832421,AlphaSparse 248af573c867cf4c7e05d40c611c7c34ebac4715,CUDA,13040,13000,2026-10-07T07:23:07.412787+00:00,derived,csr-alg5,0,0,,,,5,20,4,true
3,H100-SXM5-80GB-suitesparse_all-fp64-n2-row-major-AlphaSparse-SpMM-CSR-solve-only,AlphaSparse-SpMM-CSR-best-solve-only,AlphaSparseLib CSR PER MATRIX BEST,per-matrix-best,AlphaSparse-SpMM-CSR,best,solve-only,"csr-alg1,csr-alg2,csr-alg3,csr-alg4,csr-alg5",manual-selection,csr,ALPHASPARSE_SPMM_CSR_ALG5,workspace-setup,spmm.csr.fp64,fp64,H100-SXM5-80GB,H100-SXM5-80GB,,33500.0,29b699d9-dc3d-55c8-a1c7-29991a8141e8,suitesparse_all,Schenk_IBMNA/c-52,c-52,23948,23948,202716,2,row-major,N,N,1.0,0.0,20260922,main,pass,pass,0,0,810864.0,0.013499,0.0110096000135,0.0245086000135,0.0116845500135,73.65063208524529,33.08487631090124,69.39625394757611,0.21985263309028444,0.0987608248086604,0.20715299685843616,AlphaSparse 248af573c867cf4c7e05d40c611c7c34ebac4715,CUDA,13040,13000,2026-10-08T14:57:28.083312+00:00,derived,csr-alg5,0,0,,,,5,20,4,true
3,H100-SXM5-80GB-suitesparse_all-fp64-n2-row-major-AlphaSparse-SpMM-CSR-solve-only,AlphaSparse-SpMM-CSR-best-solve-only,AlphaSparseLib CSR PER MATRIX BEST,per-matrix-best,AlphaSparse-SpMM-CSR,best,solve-only,"csr-alg1,csr-alg2,csr-alg3,csr-alg4,csr-alg5",manual-selection,csr,ALPHASPARSE_SPMM_CSR_ALG5,workspace-setup,spmm.csr.fp64,fp64,H100-SXM5-80GB,H100-SXM5-80GB,,33500.0,dad5c024-9073-5674-80e8-1be5a06ccb57,suitesparse_all,Schenk_IBMNA/c-61,c-61,43618,43618,310016,2,row-major,N,N,1.0,0.0,20260922,main,pass,pass,0,0,1240064.0,0.014284,0.0131567999721,0.0274407999721,0.0138709999721,94.25270602499472,45.19051927279145,89.3997550641088,0.28135136126864096,0.13489707245609386,0.266864940489877,AlphaSparse 248af573c867cf4c7e05d40c611c7c34ebac4715,CUDA,13040,13000,2026-10-07T07:23:08.087472+00:00,derived,csr-alg5,0,0,,,,5,20,4,true
3,H100-SXM5-80GB-suitesparse_all-fp64-n2-row-major-AlphaSparse-SpMM-CSR-solve-only,AlphaSparse-SpMM-CSR-best-solve-only,AlphaSparseLib CSR PER MATRIX BEST,per-matrix-best,AlphaSparse-SpMM-CSR,best,solve-only,"csr-alg1,csr-alg2,csr-alg3,csr-alg4,csr-alg5",manual-selection,csr,ALPHASPARSE_SPMM_CSR_ALG5,workspace-setup,spmm.csr.fp64,fp64,H100-SXM5-80GB,H100-SXM5-80GB,,33500.0,29b699d9-dc3d-55c8-a1c7-29991a8141e8,suitesparse_all,Schenk_IBMNA/c-64b,c-64b,51035,51035,717841,2,row-major,N,N,1.0,0.0,20260922,main,pass,pass,0,0,2871364.0,0.014068,0.0180496007204,0.0321176007204,0.0187530007204,159.08185696067673,89.40157220947728,153.11490906500399,0.4748712148079902,0.2668703648044098,0.457059430044788,AlphaSparse 248af573c867cf4c7e05d40c611c7c34ebac4715,CUDA,13040,13000,2026-10-08T14:57:29.153971+00:00,derived,csr-alg5,0,0,,,,5,20,4,true
3,H100-SXM5-80GB-suitesparse_all-fp64-n2-row-major-AlphaSparse-SpMM-CSR-solve-only,AlphaSparse-SpMM-CSR-best-solve-only,AlphaSparseLib CSR PER MATRIX BEST,per-matrix-best,AlphaSparse-SpMM-CSR,best,solve-only,"csr-alg1,csr-alg2,csr-alg3,csr-alg4,csr-alg5",manual-selection,csr,ALPHASPARSE_SPMM_CSR_ALG5,workspace-setup,spmm.csr.fp64,fp64,H100-SXM5-80GB,H100-SXM5-80GB,,33500.0,dad5c024-9073-5674-80e8-1be5a06ccb57,suitesparse_all,Schenk_IBMNA/c-73,c-73,169422,169422,1279274,2,row-major,N,N,1.0,0.0,20260922,main,pass,pass,0,0,5117096.0,0.018139,0.0239168003201,0.0420558003201,0.0248237503201,213.9540378107988,121.67396556603758,206.13710394342164,0.638668769584474,0.3632058673613062,0.6153346386370795,AlphaSparse 248af573c867cf4c7e05d40c611c7c34ebac4715,CUDA,13040,13000,2026-10-07T07:22:23.254293+00:00,derived,csr-alg5,0,0,,,,5,20,4,true
3,H100-SXM5-80GB-suitesparse_all-fp64-n2-row-major-AlphaSparse-SpMM-CSR-solve-only,AlphaSparse-SpMM-CSR-best-solve-only,AlphaSparseLib CSR PER MATRIX BEST,per-matrix-best,AlphaSparse-SpMM-CSR,best,solve-only,"csr-alg1,csr-alg2,csr-alg3,csr-alg4,csr-alg5",manual-selection,csr,ALPHASPARSE_SPMM_CSR_ALG5,workspace-setup,spmm.csr.fp64,fp64,H100-SXM5-80GB,H100-SXM5-80GB,,33500.0,29b699d9-dc3d-55c8-a1c7-29991a8141e8,suitesparse_all,Schenk_ISEI/barrier2-12,barrier2-12,115625,115625,3897557,2,row-major,N,N,1.0,0.0,20260922,main,pass,pass,0,0,15590228.0,0.017367,0.0563199996948,0.0736869996948,0.0571883496948,276.81512934097975,211.57365701646532,272.6119582607501,0.8263138189282978,0.6315631552730308,0.8137670395843286,AlphaSparse 248af573c867cf4c7e05d40c611c7c34ebac4715,CUDA,13040,13000,2026-10-08T14:56:09.845449+00:00,derived,csr-alg5,0,0,,,,5,20,4,true
3,H100-SXM5-80GB-suitesparse_all-fp64-n2-row-major-AlphaSparse-SpMM-CSR-solve-only,AlphaSparse-SpMM-CSR-best-solve-only,AlphaSparseLib CSR PER MATRIX BEST,per-matrix-best,AlphaSparse-SpMM-CSR,best,solve-only,"csr-alg1,csr-alg2,csr-alg3,csr-alg4,csr-alg5",manual-selection,csr,ALPHASPARSE_SPMM_CSR_ALG5,workspace-setup,spmm.csr.fp64,fp64,H100-SXM5-80GB,H100-SXM5-80GB,,33500.0,dad5c024-9073-5674-80e8-1be5a06ccb57,suitesparse_all,Schenk_ISEI/igbt3,igbt3,10938,10938,234006,2,row-major,N,N,1.0,0.0,20260922,main,pass,pass,0,0,936024.0,0.016774,0.00996000021696,0.026734000217,0.010798700217,93.97831120587003,35.01249316983201,86.67932076922105,0.28053227225632843,0.10451490498457316,0.2587442411021524,AlphaSparse 248af573c867cf4c7e05d40c611c7c34ebac4715,CUDA,13040,13000,2026-10-07T07:22:23.865389+00:00,derived,csr-alg5,0,0,,,,5,20,4,true
3,H100-SXM5-80GB-suitesparse_all-fp64-n2-row-major-AlphaSparse-SpMM-CSR-solve-only,AlphaSparse-SpMM-CSR-best-solve-only,AlphaSparseLib CSR PER MATRIX BEST,per-matrix-best,AlphaSparse-SpMM-CSR,best,solve-only,"csr-alg1,csr-alg2,csr-alg3,csr-alg4,csr-alg5",manual-selection,csr,ALPHASPARSE_SPMM_CSR_ALG3,workspace-setup,spmm.csr.fp64,fp64,H100-SXM5-80GB,H100-SXM5-80GB,,33500.0,dad5c024-9073-5674-80e8-1be5a06ccb57,suitesparse_all,Schulthess/N_pid,N_pid,3625,3923,8054,2,row-major,N,N,1.0,0.0,20260922,main,pass,pass,0,0,32216.0,0.009815,0.00916640013456,0.0189814001346,0.00965715013456,3.514574917860752,1.6972404444114468,3.33597381744214,0.010491268411524634,0.005066389386302827,0.009958130798334746,AlphaSparse 248af573c867cf4c7e05d40c611c7c34ebac4715,CUDA,13040,13000,2026-10-07T07:14:10.311841+00:00,derived,csr-alg3,0,0,,,,5,20,4,true
3,H100-SXM5-80GB-suitesparse_all-fp64-n2-row-major-AlphaSparse-SpMM-CSR-solve-only,AlphaSparse-SpMM-CSR-best-solve-only,AlphaSparseLib CSR PER MATRIX BEST,per-matrix-best,AlphaSparse-SpMM-CSR,best,solve-only,"csr-alg1,csr-alg2,csr-alg3,csr-alg4,csr-alg5",manual-selection,csr,ALPHASPARSE_SPMM_CSR_ALG5,workspace-setup,spmm.csr.fp64,fp64,H100-SXM5-80GB,H100-SXM5-80GB,,33500.0,29b699d9-dc3d-55c8-a1c7-29991a8141e8,suitesparse_all,Shen/e40r0100,e40r0100,17281,17281,553562,2,row-major,N,N,1.0,0.0,20260922,main,pass,pass,0,0,2214248.0,0.013084,0.0146847993135,0.0277687993135,0.0153389993135,150.7850364672265,79.73870151899321,144.3541364560346,0.45010458646933277,0.23802597468356182,0.4309078700180138,AlphaSparse 248af573c867cf4c7e05d40c611c7c34ebac4715,CUDA,13040,13000,2026-10-08T14:55:28.399441+00:00,derived,csr-alg5,0,0,,,,5,20,4,true
3,H100-SXM5-80GB-suitesparse_all-fp64-n2-row-major-AlphaSparse-SpMM-CSR-solve-only,AlphaSparse-SpMM-CSR-best-solve-only,AlphaSparseLib CSR PER MATRIX BEST,per-matrix-best,AlphaSparse-SpMM-CSR,best,solve-only,"csr-alg1,csr-alg2,csr-alg3,csr-alg4,csr-alg5",manual-selection,csr,ALPHASPARSE_SPMM_CSR_ALG1,workspace-setup,spmm.csr.fp64,fp64,H100-SXM5-80GB,H100-SXM5-80GB,,33500.0,dad5c024-9073-5674-80e8-1be5a06ccb57,suitesparse_all,Shyy/shyy161,shyy161,76480,76480,329762,2,row-major,N,N,1.0,0.0,20260922,main,pass,pass,0,0,1319048.0,0.015262,0.00557599999011,0.0208379999901,0.00633909999011,236.5581065888737,63.30012480212454,208.08127369152146,0.7061436017578319,0.18895559642425236,0.621138130422452,AlphaSparse 248af573c867cf4c7e05d40c611c7c34ebac4715,CUDA,13040,13000,2026-10-07T07:00:20.514115+00:00,derived,csr-alg1,0,0,,,,5,20,4,true
3,H100-SXM5-80GB-suitesparse_all-fp64-n2-row-major-AlphaSparse-SpMM-CSR-solve-only,AlphaSparse-SpMM-CSR-best-solve-only,AlphaSparseLib CSR PER MATRIX BEST,per-matrix-best,AlphaSparse-SpMM-CSR,best,solve-only,"csr-alg1,csr-alg2,csr-alg3,csr-alg4,csr-alg5",manual-selection,csr,ALPHASPARSE_SPMM_CSR_ALG5,workspace-setup,spmm.csr.fp64,fp64,H100-SXM5-80GB,H100-SXM5-80GB,,33500.0,29b699d9-dc3d-55c8-a1c7-29991a8141e8,suitesparse_all,Simon/raefsky6,raefsky6,3402,3402,137845,2,row-major,N,N,1.0,0.0,20260922,main,pass,pass,0,0,551380.0,0.012931,0.00990559980273,0.0228365998027,0.0105521498027,55.66346420012232,24.144575145324815,52.25285939922093,0.1661595946272308,0.07207335864276064,0.15597868477379384,AlphaSparse 248af573c867cf4c7e05d40c611c7c34ebac4715,CUDA,13040,13000,2026-10-08T14:55:23.650660+00:00,derived,csr-alg5,0,0,,,,5,20,4,true
3,H100-SXM5-80GB-suitesparse_all-fp64-n2-row-major-AlphaSparse-SpMM-CSR-solve-only,AlphaSparse-SpMM-CSR-best-solve-only,AlphaSparseLib CSR PER MATRIX BEST,per-matrix-best,AlphaSparse-SpMM-CSR,best,solve-only,"csr-alg1,csr-alg2,csr-alg3,csr-alg4,csr-alg5",manual-selection,csr,ALPHASPARSE_SPMM_CSR_ALG1,workspace-setup,spmm.csr.fp64,fp64,H100-SXM5-80GB,H100-SXM5-80GB,,33500.0,29b699d9-dc3d-55c8-a1c7-29991a8141e8,suitesparse_all,SNAP/amazon0601,amazon0601,403394,403394,3387388,2,row-major,N,N,1.0,0.0,20260922,main,pass,pass,0,0,13549552.0,0.019346,0.0426319986582,0.0619779986582,0.0435992986582,317.82586851329404,218.61874041341486,310.77454034806243,0.9487339358605792,0.6525932549654174,0.927685195068843,AlphaSparse 248af573c867cf4c7e05d40c611c7c34ebac4715,CUDA,13040,13000,2026-10-08T13:48:50.138817+00:00,derived,csr-alg1,0,0,,,,5,20,4,true
3,H100-SXM5-80GB-suitesparse_all-fp64-n2-row-major-AlphaSparse-SpMM-CSR-solve-only,AlphaSparse-SpMM-CSR-best-solve-only,AlphaSparseLib CSR PER MATRIX BEST,per-matrix-best,AlphaSparse-SpMM-CSR,best,solve-only,"csr-alg1,csr-alg2,csr-alg3,csr-alg4,csr-alg5",manual-selection,csr,ALPHASPARSE_SPMM_CSR_ALG5,workspace-setup,spmm.csr.fp64,fp64,H100-SXM5-80GB,H100-SXM5-80GB,,33500.0,dad5c024-9073-5674-80e8-1be5a06ccb57,suitesparse_all,SNAP/ca-GrQc,ca-GrQc,5242,5242,28980,2,row-major,N,N,1.0,0.0,20260922,main,pass,pass,0,0,115920.0,0.00996,0.00937599986792,0.0193359998679,0.00987399986792,12.363481402833685,5.995035208520074,11.739923187219876,0.03690591463532443,0.017895627488119622,0.03504454682752202,AlphaSparse 248af573c867cf4c7e05d40c611c7c34ebac4715,CUDA,13040,13000,2026-10-07T07:24:37.690761+00:00,derived,csr-alg5,0,0,,,,5,20,4,true
3,H100-SXM5-80GB-suitesparse_all-fp64-n2-row-major-AlphaSparse-SpMM-CSR-solve-only,AlphaSparse-SpMM-CSR-best-solve-only,AlphaSparseLib CSR PER MATRIX BEST,per-matrix-best,AlphaSparse-SpMM-CSR,best,solve-only,"csr-alg1,csr-alg2,csr-alg3,csr-alg4,csr-alg5",manual-selection,csr,ALPHASPARSE_SPMM_CSR_ALG3,workspace-setup,spmm.csr.fp64,fp64,H100-SXM5-80GB,H100-SXM5-80GB,,33500.0,dad5c024-9073-5674-80e8-1be5a06ccb57,suitesparse_all,SNAP/CollegeMsg,CollegeMsg,1899,1899,20296,2,row-major,N,N,1.0,0.0,20260922,main,pass,pass,0,0,81184.0,0.009694,0.00924960002303,0.018943600023,0.00973430002303,8.7770281739605,4.285563456863112,8.339993611038283,0.02620008410137463,0.01279272673690481,0.024895503316532185,AlphaSparse 248af573c867cf4c7e05d40c611c7c34ebac4715,CUDA,13040,13000,2026-10-07T07:14:43.706913+00:00,derived,csr-alg3,0,0,,,,5,20,4,true
3,H100-SXM5-80GB-suitesparse_all-fp64-n2-row-major-AlphaSparse-SpMM-CSR-solve-only,AlphaSparse-SpMM-CSR-best-solve-only,AlphaSparseLib CSR PER MATRIX BEST,per-matrix-best,AlphaSparse-SpMM-CSR,best,solve-only,"csr-alg1,csr-alg2,csr-alg3,csr-alg4,csr-alg5",manual-selection,csr,ALPHASPARSE_SPMM_CSR_ALG5,workspace-setup,spmm.csr.fp64,fp64,H100-SXM5-80GB,H100-SXM5-80GB,,33500.0,29b699d9-dc3d-55c8-a1c7-29991a8141e8,suitesparse_all,SNAP/loc-Brightkite,loc-Brightkite,58228,58228,428156,2,row-major,N,N,1.0,0.0,20260922,main,pass,pass,0,0,1712624.0,0.015083,0.0145888000727,0.0296718000727,0.0153429500727,117.39306807040496,57.71891141770419,111.6228620887781,0.3504270688668805,0.1722952579632961,0.3332025733993376,AlphaSparse 248af573c867cf4c7e05d40c611c7c34ebac4715,CUDA,13040,13000,2026-10-08T15:02:12.063475+00:00,derived,csr-alg5,0,0,,,,5,20,4,true
3,H100-SXM5-80GB-suitesparse_all-fp64-n2-row-major-AlphaSparse-SpMM-CSR-solve-only,AlphaSparse-SpMM-CSR-best-solve-only,AlphaSparseLib CSR PER MATRIX BEST,per-matrix-best,AlphaSparse-SpMM-CSR,best,solve-only,"csr-alg1,csr-alg2,csr-alg3,csr-alg4,csr-alg5",manual-selection,csr,ALPHASPARSE_SPMM_CSR_ALG3,workspace-setup,spmm.csr.fp64,fp64,H100-SXM5-80GB,H100-SXM5-80GB,,33500.0,29b699d9-dc3d-55c8-a1c7-29991a8141e8,suitesparse_all,SNAP/Oregon-1,Oregon-1,11492,11492,46818,2,row-major,N,N,1.0,0.0,20260922,main,pass,pass,0,0,187272.0,0.009652,0.0101631999016,0.0198151999016,0.0106457999016,18.42648002727149,9.450926608359802,17.591162874652014,0.0550044179918552,0.02821172121898449,0.052510933954185116,AlphaSparse 248af573c867cf4c7e05d40c611c7c34ebac4715,CUDA,13040,13000,2026-10-08T14:32:11.214582+00:00,derived,csr-alg3,0,0,,,,5,20,4,true
3,H100-SXM5-80GB-suitesparse_all-fp64-n2-row-major-AlphaSparse-SpMM-CSR-solve-only,AlphaSparse-SpMM-CSR-best-solve-only,AlphaSparseLib CSR PER MATRIX BEST,per-matrix-best,AlphaSparse-SpMM-CSR,best,solve-only,"csr-alg1,csr-alg2,csr-alg3,csr-alg4,csr-alg5",manual-selection,csr,ALPHASPARSE_SPMM_CSR_ALG5,workspace-setup,spmm.csr.fp64,fp64,H100-SXM5-80GB,H100-SXM5-80GB,,33500.0,dad5c024-9073-5674-80e8-1be5a06ccb57,suitesparse_all,SNAP/p2p-Gnutella24,p2p-Gnutella24,26518,26518,65369,2,row-major,N,N,1.0,0.0,20260922,main,pass,pass,0,0,261476.0,0.011649,0.0103759996593,0.0220249996593,0.0109584496593,25.200077928456686,11.871782249476333,23.860674468499813,0.07522411321927369,0.035438155968586064,0.07122589393582034,AlphaSparse 248af573c867cf4c7e05d40c611c7c34ebac4715,CUDA,13040,13000,2026-10-07T07:24:38.213467+00:00,derived,csr-alg5,0,0,,,,5,20,4,true
3,H100-SXM5-80GB-suitesparse_all-fp64-n2-row-major-AlphaSparse-SpMM-CSR-solve-only,AlphaSparse-SpMM-CSR-best-solve-only,AlphaSparseLib CSR PER MATRIX BEST,per-matrix-best,AlphaSparse-SpMM-CSR,best,solve-only,"csr-alg1,csr-alg2,csr-alg3,csr-alg4,csr-alg5",manual-selection,csr,ALPHASPARSE_SPMM_CSR_ALG5,workspace-setup,spmm.csr.fp64,fp64,H100-SXM5-80GB,H100-SXM5-80GB,,33500.0,dad5c024-9073-5674-80e8-1be5a06ccb57,suitesparse_all,SNAP/sx-mathoverflow,sx-mathoverflow,24818,24818,239978,2,row-major,N,N,1.0,0.0,20260922,main,pass,pass,0,0,959912.0,0.015543,0.0111823998392,0.0267253998392,0.0119595498392,85.84132331192632,35.917591720817974,80.26322168529134,0.25624275615500397,0.10721669170393425,0.23959170652325773,AlphaSparse 248af573c867cf4c7e05d40c611c7c34ebac4715,CUDA,13040,13000,2026-10-07T07:25:47.531687+00:00,derived,csr-alg5,0,0,,,,5,20,4,true
3,H100-SXM5-80GB-suitesparse_all-fp64-n2-row-major-AlphaSparse-SpMM-CSR-solve-only,AlphaSparse-SpMM-CSR-best-solve-only,AlphaSparseLib CSR PER MATRIX BEST,per-matrix-best,AlphaSparse-SpMM-CSR,best,solve-only,"csr-alg1,csr-alg2,csr-alg3,csr-alg4,csr-alg5",manual-selection,csr,ALPHASPARSE_SPMM_CSR_ALG3,workspace-setup,spmm.csr.fp64,fp64,H100-SXM5-80GB,H100-SXM5-80GB,,33500.0,29b699d9-dc3d-55c8-a1c7-29991a8141e8,suitesparse_all,SNAP/wiki-Talk,wiki-Talk,2394385,2394385,5021410,2,row-major,N,N,1.0,0.0,20260922,main,pass,pass,0,0,20085640.0,0.147507,0.243854403496,0.391361403496,0.251229753496,82.36734589182628,51.32248561196017,79.9492883326807,0.24587267430395904,0.1532014495879408,0.2386545920378528,AlphaSparse 248af573c867cf4c7e05d40c611c7c34ebac4715,CUDA,13040,13000,2026-10-08T14:32:08.559844+00:00,derived,csr-alg3,0,0,,,,5,20,4,true
3,H100-SXM5-80GB-suitesparse_all-fp64-n2-row-major-AlphaSparse-SpMM-CSR-solve-only,AlphaSparse-SpMM-CSR-best-solve-only,AlphaSparseLib CSR PER MATRIX BEST,per-matrix-best,AlphaSparse-SpMM-CSR,best,solve-only,"csr-alg1,csr-alg2,csr-alg3,csr-alg4,csr-alg5",manual-selection,csr,ALPHASPARSE_SPMM_CSR_ALG2,workspace-setup,spmm.csr.fp64,fp64,H100-SXM5-80GB,H100-SXM5-80GB,,33500.0,dad5c024-9073-5674-80e8-1be5a06ccb57,suitesparse_all,TKK/cyl6,cyl6,13681,13681,714241,2,row-major,N,N,1.0,0.0,20260922,main,pass,pass,0,0,2856964.0,0.013899,0.0160943999887,0.0299933999887,0.0167893499887,177.5129238745089,95.25308904880274,170.1652536830114,0.529889324998534,0.28433757925015746,0.5079559811433176,AlphaSparse 248af573c867cf4c7e05d40c611c7c34ebac4715,CUDA,13040,13000,2026-10-07T07:07:12.253312+00:00,derived,csr-alg2,0,0,,,,5,20,4,true
3,H100-SXM5-80GB-suitesparse_all-fp64-n2-row-major-AlphaSparse-SpMM-CSR-solve-only,AlphaSparse-SpMM-CSR-best-solve-only,AlphaSparseLib CSR PER MATRIX BEST,per-matrix-best,AlphaSparse-SpMM-CSR,best,solve-only,"csr-alg1,csr-alg2,csr-alg3,csr-alg4,csr-alg5",manual-selection,csr,ALPHASPARSE_SPMM_CSR_ALG5,workspace-setup,spmm.csr.fp64,fp64,H100-SXM5-80GB,H100-SXM5-80GB,,33500.0,29b699d9-dc3d-55c8-a1c7-29991a8141e8,suitesparse_all,TKK/g3rmt3m3,g3rmt3m3,5357,5357,207695,2,row-major,N,N,1.0,0.0,20260922,main,pass,pass,0,0,830780.0,0.013579,0.00922079980373,0.0227997998037,0.00989974980373,90.09847493532317,36.43803924388754,83.91929255494729,0.26895067144872586,0.10877026639966429,0.2505053509102904,AlphaSparse 248af573c867cf4c7e05d40c611c7c34ebac4715,CUDA,13040,13000,2026-10-08T14:57:57.441128+00:00,derived,csr-alg5,0,0,,,,5,20,4,true
3,H100-SXM5-80GB-suitesparse_all-fp64-n2-row-major-AlphaSparse-SpMM-CSR-solve-only,AlphaSparse-SpMM-CSR-best-solve-only,AlphaSparseLib CSR PER MATRIX BEST,per-matrix-best,AlphaSparse-SpMM-CSR,best,solve-only,"csr-alg1,csr-alg2,csr-alg3,csr-alg4,csr-alg5",manual-selection,csr,ALPHASPARSE_SPMM_CSR_ALG1,workspace-setup,spmm.csr.fp64,fp64,H100-SXM5-80GB,H100-SXM5-80GB,,33500.0,dad5c024-9073-5674-80e8-1be5a06ccb57,suitesparse_all,TOKAMAK/utm3060,utm3060,3060,3060,42211,2,row-major,N,N,1.0,0.0,20260922,main,pass,pass,0,0,168844.0,0.009912,0.00841279998422,0.0183247999842,0.00890839998422,20.06989353327108,9.213961415435945,18.953347436024856,0.059910129950062924,0.02750436243413715,0.05657715652544733,AlphaSparse 248af573c867cf4c7e05d40c611c7c34ebac4715,CUDA,13040,13000,2026-10-07T07:00:21.182736+00:00,derived,csr-alg1,0,0,,,,5,20,4,true
3,H100-SXM5-80GB-suitesparse_all-fp64-n2-row-major-AlphaSparse-SpMM-CSR-solve-only,AlphaSparse-SpMM-CSR-best-solve-only,AlphaSparseLib CSR PER MATRIX BEST,per-matrix-best,AlphaSparse-SpMM-CSR,best,solve-only,"csr-alg1,csr-alg2,csr-alg3,csr-alg4,csr-alg5",manual-selection,csr,ALPHASPARSE_SPMM_CSR_ALG5,workspace-setup,spmm.csr.fp64,fp64,H100-SXM5-80GB,H100-SXM5-80GB,,33500.0,29b699d9-dc3d-55c8-a1c7-29991a8141e8,suitesparse_all,TSOPF/TSOPF_FS_b39_c19,TSOPF_FS_b39_c19,76216,76216,1977600,2,row-major,N,N,1.0,0.0,20260922,main,pass,pass,0,0,7910400.0,0.013398,0.0295855998993,0.0429835998993,0.0302554998993,267.37331765874256,184.0329804514308,261.45329035475686,0.7981293064440077,0.5493521804520323,0.780457583148528,AlphaSparse 248af573c867cf4c7e05d40c611c7c34ebac4715,CUDA,13040,13000,2026-10-08T14:58:10.384032+00:00,derived,csr-alg5,0,0,,,,5,20,4,true
3,H100-SXM5-80GB-suitesparse_all-fp64-n2-row-major-AlphaSparse-SpMM-CSR-solve-only,AlphaSparse-SpMM-CSR-best-solve-only,AlphaSparseLib CSR PER MATRIX BEST,per-matrix-best,AlphaSparse-SpMM-CSR,best,solve-only,"csr-alg1,csr-alg2,csr-alg3,csr-alg4,csr-alg5",manual-selection,csr,ALPHASPARSE_SPMM_CSR_ALG5,workspace-setup,spmm.csr.fp64,fp64,H100-SXM5-80GB,H100-SXM5-80GB,,33500.0,dad5c024-9073-5674-80e8-1be5a06ccb57,suitesparse_all,TSOPF/TSOPF_RS_b162_c3,TSOPF_RS_b162_c3,15374,15374,610299,2,row-major,N,N,1.0,0.0,20260922,main,pass,pass,0,0,2441196.0,0.013615,0.0147520005703,0.0283670005703,0.0154327505703,165.48236887373952,86.05760041320373,158.1828196392955,0.49397722051862547,0.2568883594423992,0.4721875213113298,AlphaSparse 248af573c867cf4c7e05d40c611c7c34ebac4715,CUDA,13040,13000,2026-10-07T07:24:18.528672+00:00,derived,csr-alg5,0,0,,,,5,20,4,true
3,H100-SXM5-80GB-suitesparse_all-fp64-n2-row-major-AlphaSparse-SpMM-CSR-solve-only,AlphaSparse-SpMM-CSR-best-solve-only,AlphaSparseLib CSR PER MATRIX BEST,per-matrix-best,AlphaSparse-SpMM-CSR,best,solve-only,"csr-alg1,csr-alg2,csr-alg3,csr-alg4,csr-alg5",manual-selection,csr,ALPHASPARSE_SPMM_CSR_ALG5,workspace-setup,spmm.csr.fp64,fp64,H100-SXM5-80GB,H100-SXM5-80GB,,33500.0,29b699d9-dc3d-55c8-a1c7-29991a8141e8,suitesparse_all,TSOPF/TSOPF_RS_b678_c1,TSOPF_RS_b678_c1,18696,18696,4396289,2,row-major,N,N,1.0,0.0,20260922,main,pass,pass,0,0,17585156.0,0.013942,0.066927999258,0.080869999258,0.067625099258,262.7473732213506,217.44968667426323,260.03889373840275,0.7843205170786585,0.6491035423112335,0.7762355036967247,AlphaSparse 248af573c867cf4c7e05d40c611c7c34ebac4715,CUDA,13040,13000,2026-10-08T14:58:15.057079+00:00,derived,csr-alg5,0,0,,,,5,20,4,true
3,H100-SXM5-80GB-suitesparse_all-fp64-n2-row-major-AlphaSparse-SpMM-CSR-solve-only,AlphaSparse-SpMM-CSR-best-solve-only,AlphaSparseLib CSR PER MATRIX BEST,per-matrix-best,AlphaSparse-SpMM-CSR,best,solve-only,"csr-alg1,csr-alg2,csr-alg3,csr-alg4,csr-alg5",manual-selection,csr,ALPHASPARSE_SPMM_CSR_ALG1,workspace-setup,spmm.csr.fp64,fp64,H100-SXM5-80GB,H100-SXM5-80GB,,33500.0,dad5c024-9073-5674-80e8-1be5a06ccb57,suitesparse_all,UTEP/Dubcova3,Dubcova3,146689,146689,3636649,2,row-major,N,N,1.0,0.0,20260922,main,pass,pass,0,0,14546596.0,0.015416,0.0316751986742,0.0470911986742,0.0324459986742,459.2424549446774,308.90264868049934,448.3325092276164,1.3708729998348579,0.9220974587477593,1.3383059976943774,AlphaSparse 248af573c867cf4c7e05d40c611c7c34ebac4715,CUDA,13040,13000,2026-10-07T07:01:39.068460+00:00,derived,csr-alg1,0,0,,,,5,20,4,true
3,H100-SXM5-80GB-suitesparse_all-fp64-n2-row-major-AlphaSparse-SpMM-CSR-solve-only,AlphaSparse-SpMM-CSR-best-solve-only,AlphaSparseLib CSR PER MATRIX BEST,per-matrix-best,AlphaSparse-SpMM-CSR,best,solve-only,"csr-alg1,csr-alg2,csr-alg3,csr-alg4,csr-alg5",manual-selection,csr,ALPHASPARSE_SPMM_CSR_ALG1,workspace-setup,spmm.csr.fp64,fp64,H100-SXM5-80GB,H100-SXM5-80GB,,33500.0,29b699d9-dc3d-55c8-a1c7-29991a8141e8,suitesparse_all,vanHeukelum/cage14,cage14,1505785,1505785,27130349,2,row-major,N,N,1.0,0.0,20260922,main,pass,pass,0,0,108521396.0,0.167136,0.214243197441,0.381379197441,0.222599997441,506.53368366519777,284.54985675192324,487.51750785066173,1.5120408467617843,0.8494025574684276,1.4552761428377963,AlphaSparse 248af573c867cf4c7e05d40c611c7c34ebac4715,CUDA,13040,13000,2026-10-08T13:46:35.444408+00:00,derived,csr-alg1,0,0,,,,5,20,4,true
3,H100-SXM5-80GB-suitesparse_all-fp64-n2-row-major-AlphaSparse-SpMM-CSR-solve-only,AlphaSparse-SpMM-CSR-best-solve-only,AlphaSparseLib CSR PER MATRIX BEST,per-matrix-best,AlphaSparse-SpMM-CSR,best,solve-only,"csr-alg1,csr-alg2,csr-alg3,csr-alg4,csr-alg5",manual-selection,csr,ALPHASPARSE_SPMM_CSR_ALG1,workspace-setup,spmm.csr.fp64,fp64,H100-SXM5-80GB,H100-SXM5-80GB,,33500.0,dad5c024-9073-5674-80e8-1be5a06ccb57,suitesparse_all,vanHeukelum/cage4,cage4,9,9,49,2,row-major,N,N,1.0,0.0,20260922,main,pass,pass,0,0,196.0,0.010605,0.00347039997578,0.0140753999758,0.00400064997578,0.05647763985935005,0.013925003931468028,0.04899203909029462,0.00016858996972940314,4.1567175914829934e-05,0.00014624489280684963,AlphaSparse 248af573c867cf4c7e05d40c611c7c34ebac4715,CUDA,13040,13000,2026-10-07T07:00:26.014836+00:00,derived,csr-alg1,0,0,,,,5,20,4,true
3,H100-SXM5-80GB-suitesparse_all-fp64-n2-row-major-AlphaSparse-SpMM-CSR-solve-only,AlphaSparse-SpMM-CSR-best-solve-only,AlphaSparseLib CSR PER MATRIX BEST,per-matrix-best,AlphaSparse-SpMM-CSR,best,solve-only,"csr-alg1,csr-alg2,csr-alg3,csr-alg4,csr-alg5",manual-selection,csr,ALPHASPARSE_SPMM_CSR_ALG5,workspace-setup,spmm.csr.fp64,fp64,H100-SXM5-80GB,H100-SXM5-80GB,,33500.0,dad5c024-9073-5674-80e8-1be5a06ccb57,suitesparse_all,VanVelzen/Zd_Jac2_db,Zd_Jac2_db,22835,22835,676439,2,row-major,N,N,1.0,0.0,20260922,main,pass,pass,0,0,2705756.0,0.016019,0.0164624005556,0.0324814005556,0.0172633505556,164.35974758733386,83.30170355088062,156.73411666440896,0.49062611220099656,0.24866180164441976,0.4678630348191312,AlphaSparse 248af573c867cf4c7e05d40c611c7c34ebac4715,CUDA,13040,13000,2026-10-07T07:22:44.472534+00:00,derived,csr-alg5,0,0,,,,5,20,4,true
3,H100-SXM5-80GB-suitesparse_all-fp64-n2-row-major-AlphaSparse-SpMM-CSR-solve-only,AlphaSparse-SpMM-CSR-best-solve-only,AlphaSparseLib CSR PER MATRIX BEST,per-matrix-best,AlphaSparse-SpMM-CSR,best,solve-only,"csr-alg1,csr-alg2,csr-alg3,csr-alg4,csr-alg5",manual-selection,csr,ALPHASPARSE_SPMM_CSR_ALG3,workspace-setup,spmm.csr.fp64,fp64,H100-SXM5-80GB,H100-SXM5-80GB,,33500.0,dad5c024-9073-5674-80e8-1be5a06ccb57,suitesparse_all,VDOL/dynamicSoaringProblem_1,dynamicSoaringProblem_1,647,647,5367,2,row-major,N,N,1.0,0.0,20260922,main,pass,pass,0,0,21468.0,0.00936,0.00900159999728,0.0183615999973,0.00946959999728,2.3849093501696315,1.1691791566724459,2.267044015181883,0.007119132388566064,0.0034900870348431217,0.006767295567707114,AlphaSparse 248af573c867cf4c7e05d40c611c7c34ebac4715,CUDA,13040,13000,2026-10-07T07:14:39.964170+00:00,derived,csr-alg3,0,0,,,,5,20,4,true
3,H100-SXM5-80GB-suitesparse_all-fp64-n2-row-major-AlphaSparse-SpMM-CSR-solve-only,AlphaSparse-SpMM-CSR-best-solve-only,AlphaSparseLib CSR PER MATRIX BEST,per-matrix-best,AlphaSparse-SpMM-CSR,best,solve-only,"csr-alg1,csr-alg2,csr-alg3,csr-alg4,csr-alg5",manual-selection,csr,ALPHASPARSE_SPMM_CSR_ALG2,workspace-setup,spmm.csr.fp64,fp64,H100-SXM5-80GB,H100-SXM5-80GB,,33500.0,29b699d9-dc3d-55c8-a1c7-29991a8141e8,suitesparse_all,VDOL/freeFlyingRobot_3,freeFlyingRobot_3,1718,1718,12922,2,row-major,N,N,1.0,0.0,20260922,main,pass,pass,0,0,51688.0,0.010478,0.00879679992795,0.0192747999279,0.00932069992795,5.875773056492071,2.681636135957103,5.545506281669159,0.017539621064155436,0.00800488398793165,0.016553750094534803,AlphaSparse 248af573c867cf4c7e05d40c611c7c34ebac4715,CUDA,13040,13000,2026-10-08T14:23:14.636403+00:00,derived,csr-alg2,0,0,,,,5,20,4,true
3,H100-SXM5-80GB-suitesparse_all-fp64-n2-row-major-AlphaSparse-SpMM-CSR-solve-only,AlphaSparse-SpMM-CSR-best-solve-only,AlphaSparseLib CSR PER MATRIX BEST,per-matrix-best,AlphaSparse-SpMM-CSR,best,solve-only,"csr-alg1,csr-alg2,csr-alg3,csr-alg4,csr-alg5",manual-selection,csr,ALPHASPARSE_SPMM_CSR_ALG2,workspace-setup,spmm.csr.fp64,fp64,H100-SXM5-80GB,H100-SXM5-80GB,,33500.0,dad5c024-9073-5674-80e8-1be5a06ccb57,suitesparse_all,VDOL/freeFlyingRobot_9,freeFlyingRobot_9,4778,4778,39964,2,row-major,N,N,1.0,0.0,20260922,main,pass,pass,0,0,159856.0,0.010647,0.0095119997859,0.0201589997859,0.0100443497859,16.805719469943707,7.929758504775101,15.915017239284293,0.05016632677595136,0.023670920909776422,0.04750751414711729,AlphaSparse 248af573c867cf4c7e05d40c611c7c34ebac4715,CUDA,13040,13000,2026-10-07T07:09:15.262345+00:00,derived,csr-alg2,0,0,,,,5,20,4,true
3,H100-SXM5-80GB-suitesparse_all-fp64-n2-row-major-AlphaSparse-SpMM-CSR-solve-only,AlphaSparse-SpMM-CSR-best-solve-only,AlphaSparseLib CSR PER MATRIX BEST,per-matrix-best,AlphaSparse-SpMM-CSR,best,solve-only,"csr-alg1,csr-alg2,csr-alg3,csr-alg4,csr-alg5",manual-selection,csr,ALPHASPARSE_SPMM_CSR_ALG3,workspace-setup,spmm.csr.fp64,fp64,H100-SXM5-80GB,H100-SXM5-80GB,,33500.0,29b699d9-dc3d-55c8-a1c7-29991a8141e8,suitesparse_all,VDOL/hangGlider_1,hangGlider_1,360,360,3477,2,row-major,N,N,1.0,0.0,20260922,main,pass,pass,0,0,13908.0,0.009377,0.00852160006762,0.0178986000676,0.00899045006762,1.632087857871552,0.7770440116809038,1.5469748338952511,0.004871904053347917,0.0023195343632265784,0.0046178353250604515,AlphaSparse 248af573c867cf4c7e05d40c611c7c34ebac4715,CUDA,13040,13000,2026-10-08T14:35:50.042225+00:00,derived,csr-alg3,0,0,,,,5,20,4,true
3,H100-SXM5-80GB-suitesparse_all-fp64-n2-row-major-AlphaSparse-SpMM-CSR-solve-only,AlphaSparse-SpMM-CSR-best-solve-only,AlphaSparseLib CSR PER MATRIX BEST,per-matrix-best,AlphaSparse-SpMM-CSR,best,solve-only,"csr-alg1,csr-alg2,csr-alg3,csr-alg4,csr-alg5",manual-selection,csr,ALPHASPARSE_SPMM_CSR_ALG5,workspace-setup,spmm.csr.fp64,fp64,H100-SXM5-80GB,H100-SXM5-80GB,,33500.0,dad5c024-9073-5674-80e8-1be5a06ccb57,suitesparse_all,VDOL/kineticBatchReactor_2,kineticBatchReactor_2,4361,4361,44840,2,row-major,N,N,1.0,0.0,20260922,main,pass,pass,0,0,179360.0,0.00973,0.00959040001035,0.0193204000103,0.0100769000103,18.702035348518724,9.283451683421692,17.799124712626803,0.055826971189608124,0.0277117960699155,0.053131715560080006,AlphaSparse 248af573c867cf4c7e05d40c611c7c34ebac4715,CUDA,13040,13000,2026-10-07T07:25:44.616733+00:00,derived,csr-alg5,0,0,,,,5,20,4,true
3,H100-SXM5-80GB-suitesparse_all-fp64-n2-row-major-AlphaSparse-SpMM-CSR-solve-only,AlphaSparse-SpMM-CSR-best-solve-only,AlphaSparseLib CSR PER MATRIX BEST,per-matrix-best,AlphaSparse-SpMM-CSR,best,solve-only,"csr-alg1,csr-alg2,csr-alg3,csr-alg4,csr-alg5",manual-selection,csr,ALPHASPARSE_SPMM_CSR_ALG5,workspace-setup,spmm.csr.fp64,fp64,H100-SXM5-80GB,H100-SXM5-80GB,,33500.0,29b699d9-dc3d-55c8-a1c7-29991a8141e8,suitesparse_all,VDOL/lowThrust_3,lowThrust_3,7064,7064,80645,2,row-major,N,N,1.0,0.0,20260922,main,pass,pass,0,0,322580.0,0.011226,0.00984959974885,0.0210755997488,0.0104108997488,32.75056938609746,15.305851498644397,30.984833951280894,0.09776289368984316,0.04568910895117731,0.09249204164561461,AlphaSparse 248af573c867cf4c7e05d40c611c7c34ebac4715,CUDA,13040,13000,2026-10-08T15:02:05.700108+00:00,derived,csr-alg5,0,0,,,,5,20,4,true
3,H100-SXM5-80GB-suitesparse_all-fp64-n2-row-major-AlphaSparse-SpMM-CSR-solve-only,AlphaSparse-SpMM-CSR-best-solve-only,AlphaSparseLib CSR PER MATRIX BEST,per-matrix-best,AlphaSparse-SpMM-CSR,best,solve-only,"csr-alg1,csr-alg2,csr-alg3,csr-alg4,csr-alg5",manual-selection,csr,ALPHASPARSE_SPMM_CSR_ALG5,workspace-setup,spmm.csr.fp64,fp64,H100-SXM5-80GB,H100-SXM5-80GB,,33500.0,dad5c024-9073-5674-80e8-1be5a06ccb57,suitesparse_all,VDOL/lowThrust_9,lowThrust_9,18044,18044,219589,2,row-major,N,N,1.0,0.0,20260922,main,pass,pass,0,0,878356.0,0.013476,0.010689599812,0.024165599812,0.011363399812,82.1692126410541,36.34737009771351,77.29693705509128,0.24528123176434058,0.10849961223198061,0.23073712553758588,AlphaSparse 248af573c867cf4c7e05d40c611c7c34ebac4715,CUDA,13040,13000,2026-10-07T07:25:45.172454+00:00,derived,csr-alg5,0,0,,,,5,20,4,true
3,H100-SXM5-80GB-suitesparse_all-fp64-n2-row-major-AlphaSparse-SpMM-CSR-solve-only,AlphaSparse-SpMM-CSR-best-solve-only,AlphaSparseLib CSR PER MATRIX BEST,per-matrix-best,AlphaSparse-SpMM-CSR,best,solve-only,"csr-alg1,csr-alg2,csr-alg3,csr-alg4,csr-alg5",manual-selection,csr,ALPHASPARSE_SPMM_CSR_ALG2,workspace-setup,spmm.csr.fp64,fp64,H100-SXM5-80GB,H100-SXM5-80GB,,33500.0,29b699d9-dc3d-55c8-a1c7-29991a8141e8,suitesparse_all,VDOL/reorientation_2,reorientation_2,1544,1544,17910,2,row-major,N,N,1.0,0.0,20260922,main,pass,pass,0,0,71640.0,0.010324,0.00879200026393,0.0191160002639,0.00930820026393,8.148316406894319,3.7476458992988197,7.6964394801012785,0.024323332557893488,0.01118700268447409,0.022974446209257548,AlphaSparse 248af573c867cf4c7e05d40c611c7c34ebac4715,CUDA,13040,13000,2026-10-08T14:23:16.731279+00:00,derived,csr-alg2,0,0,,,,5,20,4,true
3,H100-SXM5-80GB-suitesparse_all-fp64-n2-row-major-AlphaSparse-SpMM-CSR-solve-only,AlphaSparse-SpMM-CSR-best-solve-only,AlphaSparseLib CSR PER MATRIX BEST,per-matrix-best,AlphaSparse-SpMM-CSR,best,solve-only,"csr-alg1,csr-alg2,csr-alg3,csr-alg4,csr-alg5",manual-selection,csr,ALPHASPARSE_SPMM_CSR_ALG2,workspace-setup,spmm.csr.fp64,fp64,H100-SXM5-80GB,H100-SXM5-80GB,,33500.0,dad5c024-9073-5674-80e8-1be5a06ccb57,suitesparse_all,VDOL/reorientation_8,reorientation_8,3108,3108,37894,2,row-major,N,N,1.0,0.0,20260922,main,pass,pass,0,0,151576.0,0.009284,0.00938080027699,0.018664800277,0.00984500027699,16.15810970539455,8.1209548321169,15.39624131390504,0.048233163299685224,0.024241656215274326,0.045958929295238926,AlphaSparse 248af573c867cf4c7e05d40c611c7c34ebac4715,CUDA,13040,13000,2026-10-07T07:09:16.721399+00:00,derived,csr-alg2,0,0,,,,5,20,4,true
3,H100-SXM5-80GB-suitesparse_all-fp64-n2-row-major-AlphaSparse-SpMM-CSR-solve-only,AlphaSparse-SpMM-CSR-best-solve-only,AlphaSparseLib CSR PER MATRIX BEST,per-matrix-best,AlphaSparse-SpMM-CSR,best,solve-only,"csr-alg1,csr-alg2,csr-alg3,csr-alg4,csr-alg5",manual-selection,csr,ALPHASPARSE_SPMM_CSR_ALG3,workspace-setup,spmm.csr.fp64,fp64,H100-SXM5-80GB,H100-SXM5-80GB,,33500.0,dad5c024-9073-5674-80e8-1be5a06ccb57,suitesparse_all,VDOL/spaceStation_12,spaceStation_12,1410,1410,19728,2,row-major,N,N,1.0,0.0,20260922,main,pass,pass,0,0,78912.0,0.009858,0.00896639972925,0.0188243997293,0.00945929972925,8.800856796800497,4.192006179999154,8.342266579838748,0.026271214318807454,0.012513451283579566,0.024902288298026112,AlphaSparse 248af573c867cf4c7e05d40c611c7c34ebac4715,CUDA,13040,13000,2026-10-07T07:14:42.630351+00:00,derived,csr-alg3,0,0,,,,5,20,4,true
3,H100-SXM5-80GB-suitesparse_all-fp64-n2-row-major-AlphaSparse-SpMM-CSR-solve-only,AlphaSparse-SpMM-CSR-best-solve-only,AlphaSparseLib CSR PER MATRIX BEST,per-matrix-best,AlphaSparse-SpMM-CSR,best,solve-only,"csr-alg1,csr-alg2,csr-alg3,csr-alg4,csr-alg5",manual-selection,csr,ALPHASPARSE_SPMM_CSR_ALG2,workspace-setup,spmm.csr.fp64,fp64,H100-SXM5-80GB,H100-SXM5-80GB,,33500.0,29b699d9-dc3d-55c8-a1c7-29991a8141e8,suitesparse_all,VDOL/spaceStation_6,spaceStation_6,1111,1111,17595,2,row-major,N,N,1.0,0.0,20260922,main,pass,pass,0,0,70380.0,0.010023,0.00898239985108,0.0190053998511,0.00948354985108,7.835322538167554,3.70315807883024,7.421271686781403,0.023389022501992696,0.011054203220388777,0.02215304981128777,AlphaSparse 248af573c867cf4c7e05d40c611c7c34ebac4715,CUDA,13040,13000,2026-10-08T14:23:17.404191+00:00,derived,csr-alg2,0,0,,,,5,20,4,true
3,H100-SXM5-80GB-suitesparse_all-fp64-n2-row-major-AlphaSparse-SpMM-CSR-solve-only,AlphaSparse-SpMM-CSR-best-solve-only,AlphaSparseLib CSR PER MATRIX BEST,per-matrix-best,AlphaSparse-SpMM-CSR,best,solve-only,"csr-alg1,csr-alg2,csr-alg3,csr-alg4,csr-alg5",manual-selection,csr,ALPHASPARSE_SPMM_CSR_ALG2,workspace-setup,spmm.csr.fp64,fp64,H100-SXM5-80GB,H100-SXM5-80GB,,33500.0,29b699d9-dc3d-55c8-a1c7-29991a8141e8,suitesparse_all,VDOL/tumorAntiAngiogenesis_8,tumorAntiAngiogenesis_8,490,490,4776,2,row-major,N,N,1.0,0.0,20260922,main,pass,pass,0,0,19104.0,0.010248,0.00838399976492,0.0186319997649,0.00889639976492,2.2786260180891467,1.0253327737792903,2.147385516029786,0.0068018687107138705,0.0030606948471023597,0.006410106017999361,AlphaSparse 248af573c867cf4c7e05d40c611c7c34ebac4715,CUDA,13040,13000,2026-10-08T14:23:18.045091+00:00,derived,csr-alg2,0,0,,,,5,20,4,true
3,H100-SXM5-80GB-suitesparse_all-fp64-n2-row-major-AlphaSparse-SpMM-CSR-solve-only,AlphaSparse-SpMM-CSR-best-solve-only,AlphaSparseLib CSR PER MATRIX BEST,per-matrix-best,AlphaSparse-SpMM-CSR,best,solve-only,"csr-alg1,csr-alg2,csr-alg3,csr-alg4,csr-alg5",manual-selection,csr,ALPHASPARSE_SPMM_CSR_ALG1,workspace-setup,spmm.csr.fp64,fp64,H100-SXM5-80GB,H100-SXM5-80GB,,33500.0,dad5c024-9073-5674-80e8-1be5a06ccb57,suitesparse_all,VLSI/dgreen,dgreen,1200611,1200611,38259877,2,row-major,N,N,1.0,0.0,20260922,main,pass,pass,0,0,153039508.0,0.17713,0.465462398529,0.642592398529,0.474318898529,328.79027067202526,238.15953682354893,322.6510865888324,0.981463494543359,0.7109239905180564,0.9631375719069625,AlphaSparse 248af573c867cf4c7e05d40c611c7c34ebac4715,CUDA,13040,13000,2026-10-07T07:05:17.281454+00:00,derived,csr-alg1,0,0,,,,5,20,4,true
3,H100-SXM5-80GB-suitesparse_all-fp64-n2-row-major-AlphaSparse-SpMM-CSR-solve-only,AlphaSparse-SpMM-CSR-best-solve-only,AlphaSparseLib CSR PER MATRIX BEST,per-matrix-best,AlphaSparse-SpMM-CSR,best,solve-only,"csr-alg1,csr-alg2,csr-alg3,csr-alg4,csr-alg5",manual-selection,csr,ALPHASPARSE_SPMM_CSR_ALG1,workspace-setup,spmm.csr.fp64,fp64,H100-SXM5-80GB,H100-SXM5-80GB,,33500.0,29b699d9-dc3d-55c8-a1c7-29991a8141e8,suitesparse_all,VLSI/nv2,nv2,1453908,1453908,52728362,2,row-major,N,N,1.0,0.0,20260922,main,pass,pass,0,0,210913448.0,0.168626,0.657766389847,0.826392389847,0.666197689847,320.6509959395456,255.2219146633828,316.5928840858615,0.9571671520583451,0.7618564616817397,0.9450533853309299,AlphaSparse 248af573c867cf4c7e05d40c611c7c34ebac4715,CUDA,13040,13000,2026-10-08T14:13:17.273390+00:00,derived,csr-alg1,0,0,,,,5,20,4,true
3,H100-SXM5-80GB-suitesparse_all-fp64-n2-row-major-AlphaSparse-SpMM-CSR-solve-only,AlphaSparse-SpMM-CSR-best-solve-only,AlphaSparseLib CSR PER MATRIX BEST,per-matrix-best,AlphaSparse-SpMM-CSR,best,solve-only,"csr-alg1,csr-alg2,csr-alg3,csr-alg4,csr-alg5",manual-selection,csr,ALPHASPARSE_SPMM_CSR_ALG1,workspace-setup,spmm.csr.fp64,fp64,H100-SXM5-80GB,H100-SXM5-80GB,,33500.0,dad5c024-9073-5674-80e8-1be5a06ccb57,suitesparse_all,Williams/mc2depi,mc2depi,525825,525825,2100225,2,row-major,N,N,1.0,0.0,20260922,main,pass,pass,0,0,8400900.0,0.144894,0.0277583986521,0.172652398652,0.0350030986521,302.6435388182758,48.657881764694984,240.00446599021285,0.903413548711271,0.14524740825282084,0.7164312417618294,AlphaSparse 248af573c867cf4c7e05d40c611c7c34ebac4715,CUDA,13040,13000,2026-10-07T07:03:02.072098+00:00,derived,csr-alg1,0,0,,,,5,20,4,true
3,H100-SXM5-80GB-suitesparse_all-fp64-n2-row-major-AlphaSparse-SpMM-CSR-solve-only,AlphaSparse-SpMM-CSR-best-solve-only,AlphaSparseLib CSR PER MATRIX BEST,per-matrix-best,AlphaSparse-SpMM-CSR,best,solve-only,"csr-alg1,csr-alg2,csr-alg3,csr-alg4,csr-alg5",manual-selection,csr,ALPHASPARSE_SPMM_CSR_ALG1,workspace-setup,spmm.csr.fp64,fp64,H100-SXM5-80GB,H100-SXM5-80GB,,33500.0,dad5c024-9073-5674-80e8-1be5a06ccb57,suitesparse_all,Yoshiyasu/mesh_deform,mesh_deform,234023,9393,853829,2,row-major,N,N,1.0,0.0,20260922,main,pass,pass,0,0,3415316.0,0.015214,0.00893120020628,0.0241452002063,0.00969190020628,382.40280377977757,141.44906527256174,352.3886882148249,1.1415009068053061,0.4222360157389903,1.0519065319845522,AlphaSparse 248af573c867cf4c7e05d40c611c7c34ebac4715,CUDA,13040,13000,2026-10-07T07:02:27.516981+00:00,derived,csr-alg1,0,0,,,,5,20,4,true
3,H100-SXM5-80GB-suitesparse_all-fp64-n2-row-major-AlphaSparse-SpMM-CSR-solve-only,AlphaSparse-SpMM-CSR-best-solve-only,AlphaSparseLib CSR PER MATRIX BEST,per-matrix-best,AlphaSparse-SpMM-CSR,best,solve-only,"csr-alg1,csr-alg2,csr-alg3,csr-alg4,csr-alg5",manual-selection,csr,ALPHASPARSE_SPMM_CSR_ALG1,workspace-setup,spmm.csr.fp64,fp64,H100-SXM5-80GB,H100-SXM5-80GB,,33500.0,29b699d9-dc3d-55c8-a1c7-29991a8141e8,suitesparse_all,Zhao/Zhao2,Zhao2,33861,33861,166453,2,row-major,N,N,1.0,0.0,20260922,main,pass,pass,0,0,665812.0,0.013432,0.00463999994099,0.018071999941,0.00531159994099,143.49396734215065,36.842186928601656,125.35055489813546,0.4283402010213452,0.10997667739881091,0.3741807608899566,AlphaSparse 248af573c867cf4c7e05d40c611c7c34ebac4715,CUDA,13040,13000,2026-10-08T13:46:07.041501+00:00,derived,csr-alg1,0,0,,,,5,20,4,true
3,H100-SXM5-80GB-suitesparse_all-fp64-n2-row-major-AlphaSparse-SpMM-CSR-solve-only,AlphaSparse-SpMM-CSR-best-solve-only,AlphaSparseLib CSR PER MATRIX BEST,per-matrix-best,AlphaSparse-SpMM-CSR,best,solve-only,"csr-alg1,csr-alg2,csr-alg3,csr-alg4,csr-alg5",manual-selection,csr,ALPHASPARSE_SPMM_CSR_ALG5,workspace-setup,spmm.csr.fp64,fp64,H100-SXM5-80GB,H100-SXM5-80GB,,33500.0,dad5c024-9073-5674-80e8-1be5a06ccb57,suitesparse_all,Zitney/rdist3a,rdist3a,2398,2398,61896,2,row-major,N,N,1.0,0.0,20260922,main,pass,pass,0,0,247584.0,0.012522,0.00921119973063,0.0217331997306,0.00983729973063,26.8785833811321,11.39197187110031,25.167882120040296,0.08023457725711075,0.034005886182388985,0.07512800632847849,AlphaSparse 248af573c867cf4c7e05d40c611c7c34ebac4715,CUDA,13040,13000,2026-10-07T07:22:13.727262+00:00,derived,csr-alg5,0,0,,,,5,20,4,true
