schema_version,submission_id,method_id,method_name,configuration_id,candidate_group,selection_role,selection_metric,selected_from,base_format,format,algorithm,preprocess_policy,operator_id,dtype,backend_id,hardware,cpu_model,peak_gflops,job_id,dataset_id,matrix_id,matrix_name,rows,cols,nnz,rhs_columns,dense_layout,op_a,op_b,alpha,beta,input_seed,ranking_scope,status,validation_status,failed_elements,invalid_elements,operations,preprocess_ms,solve_ms,pre_plus_solve_ms,pre_amortized_ms,solve_gflops,pre_plus_solve_gflops,pre_amortized_gflops,solve_only_efficiency_percent,pre_plus_solve_efficiency_percent,pre_amortized_efficiency_percent,library_version,gpu_runtime,runtime_version,driver_version,timestamp,source_kind,selected_configuration_id,nan_elements,inf_elements,error,error_type,failure_stage,warmup,iterations,validation_safety_factor,public_ranked
3,A100-SXM4-80GB-suitesparse_all-fp64-n64-row-major-cuSPARSE-SpMM-CSR-solve-only,cuSPARSE-SpMM-CSR-best-solve-only,cuSPARSE CUDA 13.4.1 CSR PER MATRIX BEST,per-matrix-best,cuSPARSE-SpMM-CSR,best,solve-only,"csr-alg1,csr-alg2,csr-alg3,csr-default",manual-selection,csr,CUSPARSE_SPMM_CSR_ALG3,library-preprocess,spmm.csr.fp64,fp64,A100-SXM4-80GB,A100-SXM4-80GB,,9700.0,0edb0287-e1df-52fd-b14b-f9e504b96222,suitesparse_all,AG-Monien/3elt,3elt,4720,4720,27444,64,row-major,N,N,1.0,0.0,20260922,main,pass,pass,0,0,3512832.0,0.11708,0.0133120000362,0.130392000036,0.0191660000362,263.88461466702046,26.940548492469944,183.28456607352075,2.7204599450208296,0.2777376133244324,1.8895316090053687,cuSPARSE 12.8.6,CUDA,13040,13000,2026-10-07T20:49:16.872762+00:00,derived,csr-alg3,0,0,,,,5,20,4,true
3,A100-SXM4-80GB-suitesparse_all-fp64-n64-row-major-cuSPARSE-SpMM-CSR-solve-only,cuSPARSE-SpMM-CSR-best-solve-only,cuSPARSE CUDA 13.4.1 CSR PER MATRIX BEST,per-matrix-best,cuSPARSE-SpMM-CSR,best,solve-only,"csr-alg1,csr-alg2,csr-alg3,csr-default",manual-selection,csr,CUSPARSE_SPMM_CSR_ALG2,library-preprocess,spmm.csr.fp64,fp64,A100-SXM4-80GB,A100-SXM4-80GB,,9700.0,0edb0287-e1df-52fd-b14b-f9e504b96222,suitesparse_all,AG-Monien/biplane-9,biplane-9,21701,21701,84076,64,row-major,N,N,1.0,0.0,20260922,main,pass,pass,0,0,10761728.0,0.04741,0.0445167988539,0.0919267988539,0.0468872988539,241.7453248450993,117.06845157421071,229.52330936216555,2.4922198437639107,1.2068912533423786,2.366219684146037,cuSPARSE 12.8.6,CUDA,13040,13000,2026-10-07T18:31:54.737580+00:00,derived,csr-alg2,0,0,,,,5,20,4,true
3,A100-SXM4-80GB-suitesparse_all-fp64-n64-row-major-cuSPARSE-SpMM-CSR-solve-only,cuSPARSE-SpMM-CSR-best-solve-only,cuSPARSE CUDA 13.4.1 CSR PER MATRIX BEST,per-matrix-best,cuSPARSE-SpMM-CSR,best,solve-only,"csr-alg1,csr-alg2,csr-alg3,csr-default",manual-selection,csr,CUSPARSE_SPMM_CSR_ALG2,library-preprocess,spmm.csr.fp64,fp64,A100-SXM4-80GB,A100-SXM4-80GB,,9700.0,1cb4d392-df77-5092-a407-ab8ee1286933,suitesparse_all,AG-Monien/ccc,ccc,49152,49152,147456,64,row-major,N,N,1.0,0.0,20260922,main,pass,pass,0,0,18874368.0,0.04378,0.0753152012825,0.119095201283,0.0775042012825,250.60502632402296,158.48134766697927,243.52703063416672,2.583556972412608,1.633828326463704,2.510587944682131,cuSPARSE 12.8.6,CUDA,13040,13000,2026-10-07T23:14:28.415643+00:00,derived,csr-alg2,0,0,,,,5,20,4,true
3,A100-SXM4-80GB-suitesparse_all-fp64-n64-row-major-cuSPARSE-SpMM-CSR-solve-only,cuSPARSE-SpMM-CSR-best-solve-only,cuSPARSE CUDA 13.4.1 CSR PER MATRIX BEST,per-matrix-best,cuSPARSE-SpMM-CSR,best,solve-only,"csr-alg1,csr-alg2,csr-alg3,csr-default",manual-selection,csr,CUSPARSE_SPMM_CSR_ALG3,library-preprocess,spmm.csr.fp64,fp64,A100-SXM4-80GB,A100-SXM4-80GB,,9700.0,1cb4d392-df77-5092-a407-ab8ee1286933,suitesparse_all,AG-Monien/crack,crack,10240,10240,60760,64,row-major,N,N,1.0,0.0,20260922,main,pass,pass,0,0,7777280.0,0.12666,0.0227295994759,0.149389599476,0.0290625994759,342.1652901647556,52.06038457348866,267.60441736979743,3.527477218193357,0.5367049956029759,2.7588084264927573,cuSPARSE 12.8.6,CUDA,13040,13000,2026-10-08T01:21:33.494310+00:00,derived,csr-alg3,0,0,,,,5,20,4,true
3,A100-SXM4-80GB-suitesparse_all-fp64-n64-row-major-cuSPARSE-SpMM-CSR-solve-only,cuSPARSE-SpMM-CSR-best-solve-only,cuSPARSE CUDA 13.4.1 CSR PER MATRIX BEST,per-matrix-best,cuSPARSE-SpMM-CSR,best,solve-only,"csr-alg1,csr-alg2,csr-alg3,csr-default",manual-selection,csr,CUSPARSE_SPMM_CSR_ALG2,library-preprocess,spmm.csr.fp64,fp64,A100-SXM4-80GB,A100-SXM4-80GB,,9700.0,df7f742d-c1c4-51c9-b7da-d151d8293f2c,suitesparse_all,AG-Monien/crack_dual,crack_dual,20141,20141,60086,64,row-major,N,N,1.0,0.0,20260922,main,pass,pass,0,0,7691008.0,0.05059,0.0340479999781,0.0846379999781,0.0365774999781,225.8872181904056,90.86944400848368,210.2660926691225,2.328734208148511,0.936798391840038,2.1676916770012626,cuSPARSE 12.8.6,CUDA,13040,13000,2026-10-08T20:42:37.824204+00:00,derived,csr-alg2,0,0,,,,5,20,4,true
3,A100-SXM4-80GB-suitesparse_all-fp64-n64-row-major-cuSPARSE-SpMM-CSR-solve-only,cuSPARSE-SpMM-CSR-best-solve-only,cuSPARSE CUDA 13.4.1 CSR PER MATRIX BEST,per-matrix-best,cuSPARSE-SpMM-CSR,best,solve-only,"csr-alg1,csr-alg2,csr-alg3,csr-default",manual-selection,csr,CUSPARSE_SPMM_CSR_ALG2,library-preprocess,spmm.csr.fp64,fp64,A100-SXM4-80GB,A100-SXM4-80GB,,9700.0,df7f742d-c1c4-51c9-b7da-d151d8293f2c,suitesparse_all,AG-Monien/debr,debr,1048576,1048576,4194298,64,row-major,N,N,1.0,0.0,20260922,main,pass,pass,0,0,536870144.0,0.480721,1.84484329224,2.32556429224,1.86887934224,291.01124537690936,230.85585971174453,287.2684885887382,3.000115931720715,2.379957316615923,2.961530810193177,cuSPARSE 12.8.6,CUDA,13040,13000,2026-10-08T20:43:08.860428+00:00,derived,csr-alg2,0,0,,,,5,20,4,true
3,A100-SXM4-80GB-suitesparse_all-fp64-n64-row-major-cuSPARSE-SpMM-CSR-solve-only,cuSPARSE-SpMM-CSR-best-solve-only,cuSPARSE CUDA 13.4.1 CSR PER MATRIX BEST,per-matrix-best,cuSPARSE-SpMM-CSR,best,solve-only,"csr-alg1,csr-alg2,csr-alg3,csr-default",manual-selection,csr,CUSPARSE_SPMM_CSR_ALG3,library-preprocess,spmm.csr.fp64,fp64,A100-SXM4-80GB,A100-SXM4-80GB,,9700.0,0edb0287-e1df-52fd-b14b-f9e504b96222,suitesparse_all,AG-Monien/grid1_dual,grid1_dual,224,224,840,64,row-major,N,N,1.0,0.0,20260922,main,pass,pass,0,0,107520.0,0.05143,0.00573440007865,0.0571644000787,0.00830590007865,18.749999742834913,1.8808909015396624,12.945014866766344,0.1932989664209785,0.019390627850924352,0.1334537615130551,cuSPARSE 12.8.6,CUDA,13040,13000,2026-10-07T20:49:17.487831+00:00,derived,csr-alg3,0,0,,,,5,20,4,true
3,A100-SXM4-80GB-suitesparse_all-fp64-n64-row-major-cuSPARSE-SpMM-CSR-solve-only,cuSPARSE-SpMM-CSR-best-solve-only,cuSPARSE CUDA 13.4.1 CSR PER MATRIX BEST,per-matrix-best,cuSPARSE-SpMM-CSR,best,solve-only,"csr-alg1,csr-alg2,csr-alg3,csr-default",manual-selection,csr,CUSPARSE_SPMM_CSR_ALG2,library-preprocess,spmm.csr.fp64,fp64,A100-SXM4-80GB,A100-SXM4-80GB,,9700.0,1cb4d392-df77-5092-a407-ab8ee1286933,suitesparse_all,AG-Monien/L-9,L-9,17983,17983,71192,64,row-major,N,N,1.0,0.0,20260922,main,pass,pass,0,0,9112576.0,0.060469,0.027647998929,0.088116998929,0.030671448929,329.5926053600145,103.4145069709243,297.1028861758147,3.3978619109279844,1.0661289378445804,3.0629163523279868,cuSPARSE 12.8.6,CUDA,13040,13000,2026-10-07T23:14:26.720776+00:00,derived,csr-alg2,0,0,,,,5,20,4,true
3,A100-SXM4-80GB-suitesparse_all-fp64-n64-row-major-cuSPARSE-SpMM-CSR-solve-only,cuSPARSE-SpMM-CSR-best-solve-only,cuSPARSE CUDA 13.4.1 CSR PER MATRIX BEST,per-matrix-best,cuSPARSE-SpMM-CSR,best,solve-only,"csr-alg1,csr-alg2,csr-alg3,csr-default",manual-selection,csr,CUSPARSE_SPMM_CSR_ALG3,library-preprocess,spmm.csr.fp64,fp64,A100-SXM4-80GB,A100-SXM4-80GB,,9700.0,df7f742d-c1c4-51c9-b7da-d151d8293f2c,suitesparse_all,AG-Monien/stufe,stufe,1036,1036,3736,64,row-major,N,N,1.0,0.0,20260922,main,pass,pass,0,0,478208.0,0.05556,0.00691199973226,0.0624719997323,0.00968999973226,69.18518786511027,7.654757364085968,49.3506721582197,0.7132493594341265,0.07891502437202029,0.5087698160641206,cuSPARSE 12.8.6,CUDA,13040,13000,2026-10-08T23:17:48.094875+00:00,derived,csr-alg3,0,0,,,,5,20,4,true
3,A100-SXM4-80GB-suitesparse_all-fp64-n64-row-major-cuSPARSE-SpMM-CSR-solve-only,cuSPARSE-SpMM-CSR-best-solve-only,cuSPARSE CUDA 13.4.1 CSR PER MATRIX BEST,per-matrix-best,cuSPARSE-SpMM-CSR,best,solve-only,"csr-alg1,csr-alg2,csr-alg3,csr-default",manual-selection,csr,CUSPARSE_SPMM_CSR_ALG3,library-preprocess,spmm.csr.fp64,fp64,A100-SXM4-80GB,A100-SXM4-80GB,,9700.0,1cb4d392-df77-5092-a407-ab8ee1286933,suitesparse_all,AG-Monien/ukerbe1,ukerbe1,5981,5981,15704,64,row-major,N,N,1.0,0.0,20260922,main,pass,pass,0,0,2010112.0,0.09803,0.0153648003936,0.113394800394,0.0202663003936,130.82578025792546,17.726668180689877,99.18495043302444,1.3487193841023244,0.1827491565019575,1.0225252621961283,cuSPARSE 12.8.6,CUDA,13040,13000,2026-10-08T01:21:34.429103+00:00,derived,csr-alg3,0,0,,,,5,20,4,true
3,A100-SXM4-80GB-suitesparse_all-fp64-n64-row-major-cuSPARSE-SpMM-CSR-solve-only,cuSPARSE-SpMM-CSR-best-solve-only,cuSPARSE CUDA 13.4.1 CSR PER MATRIX BEST,per-matrix-best,cuSPARSE-SpMM-CSR,best,solve-only,"csr-alg1,csr-alg2,csr-alg3,csr-default",manual-selection,csr,CUSPARSE_SPMM_CSR_ALG3,library-preprocess,spmm.csr.fp64,fp64,A100-SXM4-80GB,A100-SXM4-80GB,,9700.0,df7f742d-c1c4-51c9-b7da-d151d8293f2c,suitesparse_all,AG-Monien/ukerbe1_dual,ukerbe1_dual,1866,1866,7076,64,row-major,N,N,1.0,0.0,20260922,main,pass,pass,0,0,905728.0,0.055391,0.00860159993172,0.0639925999317,0.0113711499317,105.29761988347767,14.153636529328285,79.65139897373534,1.085542473025543,0.14591377865286892,0.8211484430281993,cuSPARSE 12.8.6,CUDA,13040,13000,2026-10-08T23:17:47.416597+00:00,derived,csr-alg3,0,0,,,,5,20,4,true
3,A100-SXM4-80GB-suitesparse_all-fp64-n64-row-major-cuSPARSE-SpMM-CSR-solve-only,cuSPARSE-SpMM-CSR-best-solve-only,cuSPARSE CUDA 13.4.1 CSR PER MATRIX BEST,per-matrix-best,cuSPARSE-SpMM-CSR,best,solve-only,"csr-alg1,csr-alg2,csr-alg3,csr-default",manual-selection,csr,CUSPARSE_SPMM_CSR_ALG2,library-preprocess,spmm.csr.fp64,fp64,A100-SXM4-80GB,A100-SXM4-80GB,,9700.0,0edb0287-e1df-52fd-b14b-f9e504b96222,suitesparse_all,AG-Monien/whitaker3_dual,whitaker3_dual,19190,19190,57162,64,row-major,N,N,1.0,0.0,20260922,main,pass,pass,0,0,7316736.0,0.0466,0.0318976014853,0.0784976014853,0.0342276014853,229.3820117908212,93.20967598443352,213.76712601794128,2.3647630081527957,0.9609244946848816,2.203784804308673,cuSPARSE 12.8.6,CUDA,13040,13000,2026-10-07T18:31:53.323029+00:00,derived,csr-alg2,0,0,,,,5,20,4,true
3,A100-SXM4-80GB-suitesparse_all-fp64-n64-row-major-cuSPARSE-SpMM-CSR-solve-only,cuSPARSE-SpMM-CSR-best-solve-only,cuSPARSE CUDA 13.4.1 CSR PER MATRIX BEST,per-matrix-best,cuSPARSE-SpMM-CSR,best,solve-only,"csr-alg1,csr-alg2,csr-alg3,csr-default",manual-selection,csr,CUSPARSE_SPMM_CSR_ALG2,library-preprocess,spmm.csr.fp64,fp64,A100-SXM4-80GB,A100-SXM4-80GB,,9700.0,1cb4d392-df77-5092-a407-ab8ee1286933,suitesparse_all,Andrianov/ins2,ins2,309412,309412,2751484,64,row-major,N,N,1.0,0.0,20260922,main,pass,pass,0,0,352189952.0,0.11659,0.873369598389,0.989959598389,0.879199098389,403.2541923254972,355.76194480373994,400.58042898967375,4.157259714695847,3.6676489155024736,4.129695144223441,cuSPARSE 12.8.6,CUDA,13040,13000,2026-10-07T22:54:38.148349+00:00,derived,csr-alg2,0,0,,,,5,20,4,true
3,A100-SXM4-80GB-suitesparse_all-fp64-n64-row-major-cuSPARSE-SpMM-CSR-solve-only,cuSPARSE-SpMM-CSR-best-solve-only,cuSPARSE CUDA 13.4.1 CSR PER MATRIX BEST,per-matrix-best,cuSPARSE-SpMM-CSR,best,solve-only,"csr-alg1,csr-alg2,csr-alg3,csr-default",manual-selection,csr,CUSPARSE_SPMM_CSR_ALG2,library-preprocess,spmm.csr.fp64,fp64,A100-SXM4-80GB,A100-SXM4-80GB,,9700.0,df7f742d-c1c4-51c9-b7da-d151d8293f2c,suitesparse_all,Andrianov/lp1,lp1,534388,534388,1643420,64,row-major,N,N,1.0,0.0,20260922,main,pass,pass,0,0,210357760.0,2.58599,0.721868801117,3.30785880112,0.851168301117,291.40719154851706,63.59333110856348,247.1400306190263,3.0041978510156397,0.655601351634675,2.5478353672064564,cuSPARSE 12.8.6,CUDA,13040,13000,2026-10-08T20:19:22.126982+00:00,derived,csr-alg2,0,0,,,,5,20,4,true
3,A100-SXM4-80GB-suitesparse_all-fp64-n64-row-major-cuSPARSE-SpMM-CSR-solve-only,cuSPARSE-SpMM-CSR-best-solve-only,cuSPARSE CUDA 13.4.1 CSR PER MATRIX BEST,per-matrix-best,cuSPARSE-SpMM-CSR,best,solve-only,"csr-alg1,csr-alg2,csr-alg3,csr-default",manual-selection,csr,CUSPARSE_SPMM_CSR_ALG2,library-preprocess,spmm.csr.fp64,fp64,A100-SXM4-80GB,A100-SXM4-80GB,,9700.0,0edb0287-e1df-52fd-b14b-f9e504b96222,suitesparse_all,Andrianov/mip1,mip1,66463,66463,10352819,64,row-major,N,N,1.0,0.0,20260922,main,pass,pass,0,0,1325160832.0,0.07502,1.51096315384,1.58598315384,1.51471415384,877.0305408389363,835.5453390482149,874.8586844854804,9.041551967411715,8.613869474723865,9.019161695726602,cuSPARSE 12.8.6,CUDA,13040,13000,2026-10-07T17:54:29.723594+00:00,derived,csr-alg2,0,0,,,,5,20,4,true
3,A100-SXM4-80GB-suitesparse_all-fp64-n64-row-major-cuSPARSE-SpMM-CSR-solve-only,cuSPARSE-SpMM-CSR-best-solve-only,cuSPARSE CUDA 13.4.1 CSR PER MATRIX BEST,per-matrix-best,cuSPARSE-SpMM-CSR,best,solve-only,"csr-alg1,csr-alg2,csr-alg3,csr-default",manual-selection,csr,CUSPARSE_SPMM_CSR_ALG3,library-preprocess,spmm.csr.fp64,fp64,A100-SXM4-80GB,A100-SXM4-80GB,,9700.0,1cb4d392-df77-5092-a407-ab8ee1286933,suitesparse_all,Andrianov/net4-1,net4-1,88343,88343,2441727,64,row-major,N,N,1.0,0.0,20260922,main,pass,pass,0,0,312541056.0,0.19802,0.479436779022,0.677456779022,0.489337779022,651.8921152389487,461.344643198043,638.7020773761851,6.720537270504626,4.756130342247866,6.584557498723558,cuSPARSE 12.8.6,CUDA,13040,13000,2026-10-08T01:01:50.891592+00:00,derived,csr-alg3,0,0,,,,5,20,4,true
3,A100-SXM4-80GB-suitesparse_all-fp64-n64-row-major-cuSPARSE-SpMM-CSR-solve-only,cuSPARSE-SpMM-CSR-best-solve-only,cuSPARSE CUDA 13.4.1 CSR PER MATRIX BEST,per-matrix-best,cuSPARSE-SpMM-CSR,best,solve-only,"csr-alg1,csr-alg2,csr-alg3,csr-default",manual-selection,csr,CUSPARSE_SPMM_CSR_ALG3,library-preprocess,spmm.csr.fp64,fp64,A100-SXM4-80GB,A100-SXM4-80GB,,9700.0,df7f742d-c1c4-51c9-b7da-d151d8293f2c,suitesparse_all,Andrianov/net50,net50,16320,16320,945200,64,row-major,N,N,1.0,0.0,20260922,main,pass,pass,0,0,120985600.0,0.15798,0.125132799149,0.283112799149,0.133031799149,966.8576170500128,427.3406231144154,909.4487240940953,9.967604299484668,4.405573434169231,9.375760042207167,cuSPARSE 12.8.6,CUDA,13040,13000,2026-10-08T22:54:29.335332+00:00,derived,csr-alg3,0,0,,,,5,20,4,true
3,A100-SXM4-80GB-suitesparse_all-fp64-n64-row-major-cuSPARSE-SpMM-CSR-solve-only,cuSPARSE-SpMM-CSR-best-solve-only,cuSPARSE CUDA 13.4.1 CSR PER MATRIX BEST,per-matrix-best,cuSPARSE-SpMM-CSR,best,solve-only,"csr-alg1,csr-alg2,csr-alg3,csr-default",manual-selection,csr,CUSPARSE_SPMM_CSR_ALG3,library-preprocess,spmm.csr.fp64,fp64,A100-SXM4-80GB,A100-SXM4-80GB,,9700.0,0edb0287-e1df-52fd-b14b-f9e504b96222,suitesparse_all,Andrianov/pattern1,pattern1,19242,19242,9323432,64,row-major,N,N,1.0,0.0,20260922,main,pass,pass,0,0,1193399296.0,0.22785,0.96213760376,1.18998760376,0.97353010376,1240.362388224135,1002.8669981344514,1225.8473481105657,12.787241115712733,10.33883503231393,12.637601526913048,cuSPARSE 12.8.6,CUDA,13040,13000,2026-10-07T20:11:23.386875+00:00,derived,csr-alg3,0,0,,,,5,20,4,true
3,A100-SXM4-80GB-suitesparse_all-fp64-n64-row-major-cuSPARSE-SpMM-CSR-solve-only,cuSPARSE-SpMM-CSR-best-solve-only,cuSPARSE CUDA 13.4.1 CSR PER MATRIX BEST,per-matrix-best,cuSPARSE-SpMM-CSR,best,solve-only,"csr-alg1,csr-alg2,csr-alg3,csr-default",manual-selection,csr,CUSPARSE_SPMM_CSR_ALG2,library-preprocess,spmm.csr.fp64,fp64,A100-SXM4-80GB,A100-SXM4-80GB,,9700.0,df7f742d-c1c4-51c9-b7da-d151d8293f2c,suitesparse_all,Arenas/celegans_metabolic,celegans_metabolic,453,453,4065,64,row-major,N,N,1.0,0.0,20260922,main,pass,pass,0,0,520320.0,0.01752,0.0203263998032,0.0378463998032,0.0212023998032,25.59823702366051,13.748203335208801,24.540618271025625,0.2638993507593867,0.14173405500215258,0.2529960646497487,cuSPARSE 12.8.6,CUDA,13040,13000,2026-10-08T20:42:36.798735+00:00,derived,csr-alg2,0,0,,,,5,20,4,true
3,A100-SXM4-80GB-suitesparse_all-fp64-n64-row-major-cuSPARSE-SpMM-CSR-solve-only,cuSPARSE-SpMM-CSR-best-solve-only,cuSPARSE CUDA 13.4.1 CSR PER MATRIX BEST,per-matrix-best,cuSPARSE-SpMM-CSR,best,solve-only,"csr-alg1,csr-alg2,csr-alg3,csr-default",manual-selection,csr,CUSPARSE_SPMM_CSR_ALG3,library-preprocess,spmm.csr.fp64,fp64,A100-SXM4-80GB,A100-SXM4-80GB,,9700.0,1cb4d392-df77-5092-a407-ab8ee1286933,suitesparse_all,Arenas/jazz,jazz,198,198,5484,64,row-major,N,N,1.0,0.0,20260922,main,pass,pass,0,0,701952.0,0.0532,0.0114688001573,0.0646688001573,0.0141288001573,61.20535630339682,10.854569719750113,49.6823503896273,0.630983054674194,0.11190278061598055,0.5121891792745084,cuSPARSE 12.8.6,CUDA,13040,13000,2026-10-08T01:21:32.409457+00:00,derived,csr-alg3,0,0,,,,5,20,4,true
3,A100-SXM4-80GB-suitesparse_all-fp64-n64-row-major-cuSPARSE-SpMM-CSR-solve-only,cuSPARSE-SpMM-CSR-best-solve-only,cuSPARSE CUDA 13.4.1 CSR PER MATRIX BEST,per-matrix-best,cuSPARSE-SpMM-CSR,best,solve-only,"csr-alg1,csr-alg2,csr-alg3,csr-default",manual-selection,csr,CUSPARSE_SPMM_CSR_ALG2,library-preprocess,spmm.csr.fp64,fp64,A100-SXM4-80GB,A100-SXM4-80GB,,9700.0,1cb4d392-df77-5092-a407-ab8ee1286933,suitesparse_all,ATandT/twotone,twotone,120750,120750,1224224,64,row-major,N,N,1.0,0.0,20260922,main,pass,pass,0,0,156700672.0,0.09606,0.279347205162,0.375407205162,0.284150205162,560.9530688131481,417.4151956736652,551.4712611615453,5.783021327970599,4.303249439934693,5.685270733624178,cuSPARSE 12.8.6,CUDA,13040,13000,2026-10-07T22:48:37.262119+00:00,derived,csr-alg2,0,0,,,,5,20,4,true
3,A100-SXM4-80GB-suitesparse_all-fp64-n64-row-major-cuSPARSE-SpMM-CSR-solve-only,cuSPARSE-SpMM-CSR-best-solve-only,cuSPARSE CUDA 13.4.1 CSR PER MATRIX BEST,per-matrix-best,cuSPARSE-SpMM-CSR,best,solve-only,"csr-alg1,csr-alg2,csr-alg3,csr-default",manual-selection,csr,CUSPARSE_SPMM_CSR_ALG3,library-preprocess,spmm.csr.fp64,fp64,A100-SXM4-80GB,A100-SXM4-80GB,,9700.0,df7f742d-c1c4-51c9-b7da-d151d8293f2c,suitesparse_all,Averous/epb0,epb0,1794,1794,7764,64,row-major,N,N,1.0,0.0,20260922,main,pass,pass,0,0,993792.0,0.05828,0.00814080014825,0.0664208001482,0.0110548001482,122.07546947502847,14.962060044182286,89.8968761693819,1.2585099945879223,0.1542480416926009,0.9267719192719783,cuSPARSE 12.8.6,CUDA,13040,13000,2026-10-08T22:47:45.607858+00:00,derived,csr-alg3,0,0,,,,5,20,4,true
3,A100-SXM4-80GB-suitesparse_all-fp64-n64-row-major-cuSPARSE-SpMM-CSR-solve-only,cuSPARSE-SpMM-CSR-best-solve-only,cuSPARSE CUDA 13.4.1 CSR PER MATRIX BEST,per-matrix-best,cuSPARSE-SpMM-CSR,best,solve-only,"csr-alg1,csr-alg2,csr-alg3,csr-default",manual-selection,csr,CUSPARSE_SPMM_CSR_ALG2,library-preprocess,spmm.csr.fp64,fp64,A100-SXM4-80GB,A100-SXM4-80GB,,9700.0,0edb0287-e1df-52fd-b14b-f9e504b96222,suitesparse_all,Averous/epb2,epb2,25228,25228,175027,64,row-major,N,N,1.0,0.0,20260922,main,pass,pass,0,0,22403456.0,0.04471,0.0588288009167,0.103538800917,0.0610643009167,380.8246241789407,216.37739476970884,366.8830341734585,3.9260270533911417,2.2306947914402975,3.7822993213758607,cuSPARSE 12.8.6,CUDA,13040,13000,2026-10-07T17:45:34.095528+00:00,derived,csr-alg2,0,0,,,,5,20,4,true
3,A100-SXM4-80GB-suitesparse_all-fp64-n64-row-major-cuSPARSE-SpMM-CSR-solve-only,cuSPARSE-SpMM-CSR-best-solve-only,cuSPARSE CUDA 13.4.1 CSR PER MATRIX BEST,per-matrix-best,cuSPARSE-SpMM-CSR,best,solve-only,"csr-alg1,csr-alg2,csr-alg3,csr-default",manual-selection,csr,CUSPARSE_SPMM_CSR_ALG3,library-preprocess,spmm.csr.fp64,fp64,A100-SXM4-80GB,A100-SXM4-80GB,,9700.0,1cb4d392-df77-5092-a407-ab8ee1286933,suitesparse_all,Bai/bfwa782,bfwa782,782,782,7514,64,row-major,N,N,1.0,0.0,20260922,main,pass,pass,0,0,961792.0,0.05632,0.00778239965439,0.0641023996544,0.0105983996544,123.58553180412156,15.003993691115781,90.74879522973126,1.2740776474651707,0.1546803473310905,0.9355545899972294,cuSPARSE 12.8.6,CUDA,13040,13000,2026-10-08T00:55:24.845117+00:00,derived,csr-alg3,0,0,,,,5,20,4,true
3,A100-SXM4-80GB-suitesparse_all-fp64-n64-row-major-cuSPARSE-SpMM-CSR-solve-only,cuSPARSE-SpMM-CSR-best-solve-only,cuSPARSE CUDA 13.4.1 CSR PER MATRIX BEST,per-matrix-best,cuSPARSE-SpMM-CSR,best,solve-only,"csr-alg1,csr-alg2,csr-alg3,csr-default",manual-selection,csr,CUSPARSE_SPMM_CSR_ALG3,library-preprocess,spmm.csr.fp64,fp64,A100-SXM4-80GB,A100-SXM4-80GB,,9700.0,df7f742d-c1c4-51c9-b7da-d151d8293f2c,suitesparse_all,Bai/bfwb398,bfwb398,398,398,2910,64,row-major,N,N,1.0,0.0,20260922,main,pass,pass,0,0,372480.0,0.052129,0.00614399984479,0.0582729998448,0.00875044984479,60.62500153151147,6.391982581848124,42.56695445454999,0.6250000157887781,0.0658967276479188,0.43883458200567005,cuSPARSE 12.8.6,CUDA,13040,13000,2026-10-08T22:47:46.394801+00:00,derived,csr-alg3,0,0,,,,5,20,4,true
3,A100-SXM4-80GB-suitesparse_all-fp64-n64-row-major-cuSPARSE-SpMM-CSR-solve-only,cuSPARSE-SpMM-CSR-best-solve-only,cuSPARSE CUDA 13.4.1 CSR PER MATRIX BEST,per-matrix-best,cuSPARSE-SpMM-CSR,best,solve-only,"csr-alg1,csr-alg2,csr-alg3,csr-default",manual-selection,csr,CUSPARSE_SPMM_CSR_ALG3,library-preprocess,spmm.csr.fp64,fp64,A100-SXM4-80GB,A100-SXM4-80GB,,9700.0,0edb0287-e1df-52fd-b14b-f9e504b96222,suitesparse_all,Bai/bfwb782,bfwb782,782,782,5982,64,row-major,N,N,1.0,0.0,20260922,main,pass,pass,0,0,765696.0,0.05622,0.00660479962826,0.0628247996283,0.00941579962826,115.93023908307703,12.187798521128675,81.32033711740077,1.1951571039492477,0.12564740743431624,0.8383539909010388,cuSPARSE 12.8.6,CUDA,13040,13000,2026-10-07T20:01:45.309700+00:00,derived,csr-alg3,0,0,,,,5,20,4,true
3,A100-SXM4-80GB-suitesparse_all-fp64-n64-row-major-cuSPARSE-SpMM-CSR-solve-only,cuSPARSE-SpMM-CSR-best-solve-only,cuSPARSE CUDA 13.4.1 CSR PER MATRIX BEST,per-matrix-best,cuSPARSE-SpMM-CSR,best,solve-only,"csr-alg1,csr-alg2,csr-alg3,csr-default",manual-selection,csr,CUSPARSE_SPMM_CSR_ALG3,library-preprocess,spmm.csr.fp64,fp64,A100-SXM4-80GB,A100-SXM4-80GB,,9700.0,1cb4d392-df77-5092-a407-ab8ee1286933,suitesparse_all,Bai/cdde3,cdde3,961,961,4681,64,row-major,N,N,1.0,0.0,20260922,main,pass,pass,0,0,599168.0,0.05744,0.00701439976692,0.0644543997669,0.00988639976692,85.41971086759041,9.295998444898988,60.60527736343644,0.8806155759545403,0.09583503551442255,0.6247966738498603,cuSPARSE 12.8.6,CUDA,13040,13000,2026-10-08T00:55:25.451311+00:00,derived,csr-alg3,0,0,,,,5,20,4,true
3,A100-SXM4-80GB-suitesparse_all-fp64-n64-row-major-cuSPARSE-SpMM-CSR-solve-only,cuSPARSE-SpMM-CSR-best-solve-only,cuSPARSE CUDA 13.4.1 CSR PER MATRIX BEST,per-matrix-best,cuSPARSE-SpMM-CSR,best,solve-only,"csr-alg1,csr-alg2,csr-alg3,csr-default",manual-selection,csr,CUSPARSE_SPMM_CSR_ALG3,library-preprocess,spmm.csr.fp64,fp64,A100-SXM4-80GB,A100-SXM4-80GB,,9700.0,df7f742d-c1c4-51c9-b7da-d151d8293f2c,suitesparse_all,Bai/cdde4,cdde4,961,961,4681,64,row-major,N,N,1.0,0.0,20260922,main,pass,pass,0,0,599168.0,0.053791,0.00686080008745,0.0606518000875,0.00955035008745,87.33208843907546,9.87881644296795,62.73780484627046,0.9003308086502624,0.10184346848420567,0.6467814932605201,cuSPARSE 12.8.6,CUDA,13040,13000,2026-10-08T22:47:47.000590+00:00,derived,csr-alg3,0,0,,,,5,20,4,true
3,A100-SXM4-80GB-suitesparse_all-fp64-n64-row-major-cuSPARSE-SpMM-CSR-solve-only,cuSPARSE-SpMM-CSR-best-solve-only,cuSPARSE CUDA 13.4.1 CSR PER MATRIX BEST,per-matrix-best,cuSPARSE-SpMM-CSR,best,solve-only,"csr-alg1,csr-alg2,csr-alg3,csr-default",manual-selection,csr,CUSPARSE_SPMM_CSR_ALG3,library-preprocess,spmm.csr.fp64,fp64,A100-SXM4-80GB,A100-SXM4-80GB,,9700.0,0edb0287-e1df-52fd-b14b-f9e504b96222,suitesparse_all,Bai/cdde6,cdde6,961,961,4681,64,row-major,N,N,1.0,0.0,20260922,main,pass,pass,0,0,599168.0,0.05658,0.00691199973226,0.0634919997323,0.00974099973226,86.68518854298212,9.436905476694065,61.509908271087454,0.8936617375565167,0.09728768532674294,0.634122765681314,cuSPARSE 12.8.6,CUDA,13040,13000,2026-10-07T20:01:46.212977+00:00,derived,csr-alg3,0,0,,,,5,20,4,true
3,A100-SXM4-80GB-suitesparse_all-fp64-n64-row-major-cuSPARSE-SpMM-CSR-solve-only,cuSPARSE-SpMM-CSR-best-solve-only,cuSPARSE CUDA 13.4.1 CSR PER MATRIX BEST,per-matrix-best,cuSPARSE-SpMM-CSR,best,solve-only,"csr-alg1,csr-alg2,csr-alg3,csr-default",manual-selection,csr,CUSPARSE_SPMM_CSR_ALG3,library-preprocess,spmm.csr.fp64,fp64,A100-SXM4-80GB,A100-SXM4-80GB,,9700.0,1cb4d392-df77-5092-a407-ab8ee1286933,suitesparse_all,Bai/dw2048,dw2048,2048,2048,10114,64,row-major,N,N,1.0,0.0,20260922,main,pass,pass,0,0,1294592.0,0.05402,0.00936959981918,0.0633895998192,0.0120705998192,138.16940157357746,20.42278234430315,107.25167095182526,1.4244268203461594,0.21054414787941395,1.1056873294002603,cuSPARSE 12.8.6,CUDA,13040,13000,2026-10-08T01:05:34.840078+00:00,derived,csr-alg3,0,0,,,,5,20,4,true
3,A100-SXM4-80GB-suitesparse_all-fp64-n64-row-major-cuSPARSE-SpMM-CSR-solve-only,cuSPARSE-SpMM-CSR-best-solve-only,cuSPARSE CUDA 13.4.1 CSR PER MATRIX BEST,per-matrix-best,cuSPARSE-SpMM-CSR,best,solve-only,"csr-alg1,csr-alg2,csr-alg3,csr-default",manual-selection,csr,CUSPARSE_SPMM_CSR_ALG3,library-preprocess,spmm.csr.fp64,fp64,A100-SXM4-80GB,A100-SXM4-80GB,,9700.0,1cb4d392-df77-5092-a407-ab8ee1286933,suitesparse_all,Bai/dw256A,dw256A,512,512,2480,64,row-major,N,N,1.0,0.0,20260922,main,pass,pass,0,0,317440.0,0.05585,0.00593920014799,0.061789200148,0.00873170014799,53.44827453027173,5.137467376817548,36.3548901840237,0.5510131394873374,0.05296358120430462,0.3747926823095227,cuSPARSE 12.8.6,CUDA,13040,13000,2026-10-08T00:55:26.059081+00:00,derived,csr-alg3,0,0,,,,5,20,4,true
3,A100-SXM4-80GB-suitesparse_all-fp64-n64-row-major-cuSPARSE-SpMM-CSR-solve-only,cuSPARSE-SpMM-CSR-best-solve-only,cuSPARSE CUDA 13.4.1 CSR PER MATRIX BEST,per-matrix-best,cuSPARSE-SpMM-CSR,best,solve-only,"csr-alg1,csr-alg2,csr-alg3,csr-default",manual-selection,csr,CUSPARSE_SPMM_CSR_ALG3,library-preprocess,spmm.csr.fp64,fp64,A100-SXM4-80GB,A100-SXM4-80GB,,9700.0,df7f742d-c1c4-51c9-b7da-d151d8293f2c,suitesparse_all,Bai/dw256B,dw256B,512,512,2500,64,row-major,N,N,1.0,0.0,20260922,main,pass,pass,0,0,320000.0,0.06098,0.00593920014799,0.066919200148,0.00898820014799,53.87930900229005,4.781886204441787,35.60223345399807,0.5554567938380417,0.049297795922080286,0.36703333457729964,cuSPARSE 12.8.6,CUDA,13040,13000,2026-10-08T22:47:47.593840+00:00,derived,csr-alg3,0,0,,,,5,20,4,true
3,A100-SXM4-80GB-suitesparse_all-fp64-n64-row-major-cuSPARSE-SpMM-CSR-solve-only,cuSPARSE-SpMM-CSR-best-solve-only,cuSPARSE CUDA 13.4.1 CSR PER MATRIX BEST,per-matrix-best,cuSPARSE-SpMM-CSR,best,solve-only,"csr-alg1,csr-alg2,csr-alg3,csr-default",manual-selection,csr,CUSPARSE_SPMM_CSR_ALG3,library-preprocess,spmm.csr.fp64,fp64,A100-SXM4-80GB,A100-SXM4-80GB,,9700.0,df7f742d-c1c4-51c9-b7da-d151d8293f2c,suitesparse_all,Bai/dw8192,dw8192,8192,8192,41746,64,row-major,N,N,1.0,0.0,20260922,main,pass,pass,0,0,5343488.0,0.14188,0.0187439993024,0.160623999302,0.0258379993024,285.0772619969002,33.2670586165231,206.8073436128494,2.938940845328868,0.3429593671806505,2.1320344702355607,cuSPARSE 12.8.6,CUDA,13040,13000,2026-10-08T22:58:41.005007+00:00,derived,csr-alg3,0,0,,,,5,20,4,true
3,A100-SXM4-80GB-suitesparse_all-fp64-n64-row-major-cuSPARSE-SpMM-CSR-solve-only,cuSPARSE-SpMM-CSR-best-solve-only,cuSPARSE CUDA 13.4.1 CSR PER MATRIX BEST,per-matrix-best,cuSPARSE-SpMM-CSR,best,solve-only,"csr-alg1,csr-alg2,csr-alg3,csr-default",manual-selection,csr,CUSPARSE_SPMM_CSR_ALG3,library-preprocess,spmm.csr.fp64,fp64,A100-SXM4-80GB,A100-SXM4-80GB,,9700.0,0edb0287-e1df-52fd-b14b-f9e504b96222,suitesparse_all,Bai/dwb512,dwb512,512,512,2500,64,row-major,N,N,1.0,0.0,20260922,main,pass,pass,0,0,320000.0,0.051171,0.00593920014799,0.057110200148,0.00849775014799,53.87930900229005,5.603202215553895,37.65702620424662,0.5554567938380417,0.057764971294370054,0.3882167649922332,cuSPARSE 12.8.6,CUDA,13040,13000,2026-10-07T20:13:09.366964+00:00,derived,csr-alg3,0,0,,,,5,20,4,true
3,A100-SXM4-80GB-suitesparse_all-fp64-n64-row-major-cuSPARSE-SpMM-CSR-solve-only,cuSPARSE-SpMM-CSR-best-solve-only,cuSPARSE CUDA 13.4.1 CSR PER MATRIX BEST,per-matrix-best,cuSPARSE-SpMM-CSR,best,solve-only,"csr-alg1,csr-alg2,csr-alg3,csr-default",manual-selection,csr,CUSPARSE_SPMM_CSR_ALG3,library-preprocess,spmm.csr.fp64,fp64,A100-SXM4-80GB,A100-SXM4-80GB,,9700.0,0edb0287-e1df-52fd-b14b-f9e504b96222,suitesparse_all,Bai/lop163,lop163,163,163,935,64,row-major,N,N,1.0,0.0,20260922,main,pass,pass,0,0,119680.0,0.0504,0.00568320006132,0.0560832000613,0.00820320006132,21.058558331343118,2.1339723815543246,14.589428406643291,0.21709853949838268,0.021999715273755924,0.150406478419003,cuSPARSE 12.8.6,CUDA,13040,13000,2026-10-07T20:01:46.905493+00:00,derived,csr-alg3,0,0,,,,5,20,4,true
3,A100-SXM4-80GB-suitesparse_all-fp64-n64-row-major-cuSPARSE-SpMM-CSR-solve-only,cuSPARSE-SpMM-CSR-best-solve-only,cuSPARSE CUDA 13.4.1 CSR PER MATRIX BEST,per-matrix-best,cuSPARSE-SpMM-CSR,best,solve-only,"csr-alg1,csr-alg2,csr-alg3,csr-default",manual-selection,csr,CUSPARSE_SPMM_CSR_ALG3,library-preprocess,spmm.csr.fp64,fp64,A100-SXM4-80GB,A100-SXM4-80GB,,9700.0,1cb4d392-df77-5092-a407-ab8ee1286933,suitesparse_all,Bai/mhd3200a,mhd3200a,3200,3200,68026,64,row-major,N,N,1.0,0.0,20260922,main,pass,pass,0,0,8707328.0,0.06352,0.0153088003397,0.0788288003397,0.0184848003397,568.7792515929196,110.45871512032626,471.0533973850494,5.863703624669275,1.1387496404157347,4.856220591598447,cuSPARSE 12.8.6,CUDA,13040,13000,2026-10-08T01:05:35.906546+00:00,derived,csr-alg3,0,0,,,,5,20,4,true
3,A100-SXM4-80GB-suitesparse_all-fp64-n64-row-major-cuSPARSE-SpMM-CSR-solve-only,cuSPARSE-SpMM-CSR-best-solve-only,cuSPARSE CUDA 13.4.1 CSR PER MATRIX BEST,per-matrix-best,cuSPARSE-SpMM-CSR,best,solve-only,"csr-alg1,csr-alg2,csr-alg3,csr-default",manual-selection,csr,CUSPARSE_SPMM_CSR_ALG3,library-preprocess,spmm.csr.fp64,fp64,A100-SXM4-80GB,A100-SXM4-80GB,,9700.0,df7f742d-c1c4-51c9-b7da-d151d8293f2c,suitesparse_all,Bai/mhd3200b,mhd3200b,3200,3200,18316,64,row-major,N,N,1.0,0.0,20260922,main,pass,pass,0,0,2344448.0,0.11414,0.0102399997413,0.124379999741,0.0159469997413,228.95000578411782,18.84907545330367,147.01498952986628,2.360309337980596,0.194320365497976,1.515618448761508,cuSPARSE 12.8.6,CUDA,13040,13000,2026-10-08T22:58:41.933612+00:00,derived,csr-alg3,0,0,,,,5,20,4,true
3,A100-SXM4-80GB-suitesparse_all-fp64-n64-row-major-cuSPARSE-SpMM-CSR-solve-only,cuSPARSE-SpMM-CSR-best-solve-only,cuSPARSE CUDA 13.4.1 CSR PER MATRIX BEST,per-matrix-best,cuSPARSE-SpMM-CSR,best,solve-only,"csr-alg1,csr-alg2,csr-alg3,csr-default",manual-selection,csr,CUSPARSE_SPMM_CSR_ALG3,library-preprocess,spmm.csr.fp64,fp64,A100-SXM4-80GB,A100-SXM4-80GB,,9700.0,0edb0287-e1df-52fd-b14b-f9e504b96222,suitesparse_all,Bai/mhd4800b,mhd4800b,4800,4800,27520,64,row-major,N,N,1.0,0.0,20260922,main,pass,pass,0,0,3522560.0,0.08822,0.0131071999669,0.101327199967,0.0175181999669,268.75000067868234,34.7642094239969,201.08002001665403,2.7706185636977563,0.3583939115875969,2.0729898970789074,cuSPARSE 12.8.6,CUDA,13040,13000,2026-10-07T20:13:10.471364+00:00,derived,csr-alg3,0,0,,,,5,20,4,true
3,A100-SXM4-80GB-suitesparse_all-fp64-n64-row-major-cuSPARSE-SpMM-CSR-solve-only,cuSPARSE-SpMM-CSR-best-solve-only,cuSPARSE CUDA 13.4.1 CSR PER MATRIX BEST,per-matrix-best,cuSPARSE-SpMM-CSR,best,solve-only,"csr-alg1,csr-alg2,csr-alg3,csr-default",manual-selection,csr,CUSPARSE_SPMM_CSR_ALG3,library-preprocess,spmm.csr.fp64,fp64,A100-SXM4-80GB,A100-SXM4-80GB,,9700.0,1cb4d392-df77-5092-a407-ab8ee1286933,suitesparse_all,Bai/olm100,olm100,100,100,396,64,row-major,N,N,1.0,0.0,20260922,main,pass,pass,0,0,50688.0,0.05075,0.00578560009599,0.056535600096,0.00832310009599,8.761061801546196,0.8965678247675711,6.0900384971245325,0.09032022475820821,0.009242967265645063,0.06278390203221168,cuSPARSE 12.8.6,CUDA,13040,13000,2026-10-08T00:55:26.647635+00:00,derived,csr-alg3,0,0,,,,5,20,4,true
3,A100-SXM4-80GB-suitesparse_all-fp64-n64-row-major-cuSPARSE-SpMM-CSR-solve-only,cuSPARSE-SpMM-CSR-best-solve-only,cuSPARSE CUDA 13.4.1 CSR PER MATRIX BEST,per-matrix-best,cuSPARSE-SpMM-CSR,best,solve-only,"csr-alg1,csr-alg2,csr-alg3,csr-default",manual-selection,csr,CUSPARSE_SPMM_CSR_ALG3,library-preprocess,spmm.csr.fp64,fp64,A100-SXM4-80GB,A100-SXM4-80GB,,9700.0,df7f742d-c1c4-51c9-b7da-d151d8293f2c,suitesparse_all,Bai/olm1000,olm1000,1000,1000,3996,64,row-major,N,N,1.0,0.0,20260922,main,pass,pass,0,0,511488.0,0.05292,0.00675840005279,0.0596784000528,0.00940440005279,75.68181759066597,8.570739154324931,54.388158428910835,0.7802249236151132,0.08835813561159722,0.5607026642155756,cuSPARSE 12.8.6,CUDA,13040,13000,2026-10-08T22:47:48.232980+00:00,derived,csr-alg3,0,0,,,,5,20,4,true
3,A100-SXM4-80GB-suitesparse_all-fp64-n64-row-major-cuSPARSE-SpMM-CSR-solve-only,cuSPARSE-SpMM-CSR-best-solve-only,cuSPARSE CUDA 13.4.1 CSR PER MATRIX BEST,per-matrix-best,cuSPARSE-SpMM-CSR,best,solve-only,"csr-alg1,csr-alg2,csr-alg3,csr-default",manual-selection,csr,CUSPARSE_SPMM_CSR_ALG3,library-preprocess,spmm.csr.fp64,fp64,A100-SXM4-80GB,A100-SXM4-80GB,,9700.0,0edb0287-e1df-52fd-b14b-f9e504b96222,suitesparse_all,Bai/olm500,olm500,500,500,1996,64,row-major,N,N,1.0,0.0,20260922,main,pass,pass,0,0,255488.0,0.05507,0.00593920014799,0.061009200148,0.00869270014799,43.017240307428374,4.187696271713462,29.391097777492778,0.44347670420029256,0.04317212651250992,0.30300100801538943,cuSPARSE 12.8.6,CUDA,13040,13000,2026-10-07T20:01:47.511487+00:00,derived,csr-alg3,0,0,,,,5,20,4,true
3,A100-SXM4-80GB-suitesparse_all-fp64-n64-row-major-cuSPARSE-SpMM-CSR-solve-only,cuSPARSE-SpMM-CSR-best-solve-only,cuSPARSE CUDA 13.4.1 CSR PER MATRIX BEST,per-matrix-best,cuSPARSE-SpMM-CSR,best,solve-only,"csr-alg1,csr-alg2,csr-alg3,csr-default",manual-selection,csr,CUSPARSE_SPMM_CSR_ALG3,library-preprocess,spmm.csr.fp64,fp64,A100-SXM4-80GB,A100-SXM4-80GB,,9700.0,1cb4d392-df77-5092-a407-ab8ee1286933,suitesparse_all,Bai/qc2534,qc2534,2534,2534,463360,64,row-major,N,N,1.0,0.0,20260922,main,pass,pass,0,0,59310080.0,0.05583,0.0512000024319,0.107030002432,0.0539915024319,1158.399944978265,554.144432890972,1098.507678589022,11.942267474002733,5.712829205061567,11.324821428752802,cuSPARSE 12.8.6,CUDA,13040,13000,2026-10-08T00:55:28.223512+00:00,derived,csr-alg3,0,0,,,,5,20,4,true
3,A100-SXM4-80GB-suitesparse_all-fp64-n64-row-major-cuSPARSE-SpMM-CSR-solve-only,cuSPARSE-SpMM-CSR-best-solve-only,cuSPARSE CUDA 13.4.1 CSR PER MATRIX BEST,per-matrix-best,cuSPARSE-SpMM-CSR,best,solve-only,"csr-alg1,csr-alg2,csr-alg3,csr-default",manual-selection,csr,CUSPARSE_SPMM_CSR_ALG3,library-preprocess,spmm.csr.fp64,fp64,A100-SXM4-80GB,A100-SXM4-80GB,,9700.0,df7f742d-c1c4-51c9-b7da-d151d8293f2c,suitesparse_all,Bai/qc324,qc324,324,324,26730,64,row-major,N,N,1.0,0.0,20260922,main,pass,pass,0,0,3421440.0,0.06223,0.0120319999754,0.0742619999754,0.0151434999754,284.3617027090507,46.072553945939845,225.93455974893453,2.9315639454541307,0.47497478294783346,2.3292222654529335,cuSPARSE 12.8.6,CUDA,13040,13000,2026-10-08T22:47:48.937814+00:00,derived,csr-alg3,0,0,,,,5,20,4,true
3,A100-SXM4-80GB-suitesparse_all-fp64-n64-row-major-cuSPARSE-SpMM-CSR-solve-only,cuSPARSE-SpMM-CSR-best-solve-only,cuSPARSE CUDA 13.4.1 CSR PER MATRIX BEST,per-matrix-best,cuSPARSE-SpMM-CSR,best,solve-only,"csr-alg1,csr-alg2,csr-alg3,csr-default",manual-selection,csr,CUSPARSE_SPMM_CSR_ALG3,library-preprocess,spmm.csr.fp64,fp64,A100-SXM4-80GB,A100-SXM4-80GB,,9700.0,0edb0287-e1df-52fd-b14b-f9e504b96222,suitesparse_all,Bai/rbsa480,rbsa480,480,480,17088,64,row-major,N,N,1.0,0.0,20260922,main,pass,pass,0,0,2187264.0,0.0484,0.00839679986238,0.0567967998624,0.0108167998624,260.48780914733373,38.51033870392386,202.20989829007488,2.6854413314158116,0.39701380107137996,2.084638126701803,cuSPARSE 12.8.6,CUDA,13040,13000,2026-10-07T20:01:48.183245+00:00,derived,csr-alg3,0,0,,,,5,20,4,true
3,A100-SXM4-80GB-suitesparse_all-fp64-n64-row-major-cuSPARSE-SpMM-CSR-solve-only,cuSPARSE-SpMM-CSR-best-solve-only,cuSPARSE CUDA 13.4.1 CSR PER MATRIX BEST,per-matrix-best,cuSPARSE-SpMM-CSR,best,solve-only,"csr-alg1,csr-alg2,csr-alg3,csr-default",manual-selection,csr,CUSPARSE_SPMM_CSR_ALG3,library-preprocess,spmm.csr.fp64,fp64,A100-SXM4-80GB,A100-SXM4-80GB,,9700.0,1cb4d392-df77-5092-a407-ab8ee1286933,suitesparse_all,Bai/rdb200,rdb200,200,200,1120,64,row-major,N,N,1.0,0.0,20260922,main,pass,pass,0,0,143360.0,0.05478,0.00593920014799,0.060719200148,0.00867820014799,24.137930433025943,2.3610324189147285,16.51955446466677,0.24884464363944273,0.02434054040118277,0.1703046852027502,cuSPARSE 12.8.6,CUDA,13040,13000,2026-10-08T01:05:36.506615+00:00,derived,csr-alg3,0,0,,,,5,20,4,true
3,A100-SXM4-80GB-suitesparse_all-fp64-n64-row-major-cuSPARSE-SpMM-CSR-solve-only,cuSPARSE-SpMM-CSR-best-solve-only,cuSPARSE CUDA 13.4.1 CSR PER MATRIX BEST,per-matrix-best,cuSPARSE-SpMM-CSR,best,solve-only,"csr-alg1,csr-alg2,csr-alg3,csr-default",manual-selection,csr,CUSPARSE_SPMM_CSR_ALG3,library-preprocess,spmm.csr.fp64,fp64,A100-SXM4-80GB,A100-SXM4-80GB,,9700.0,df7f742d-c1c4-51c9-b7da-d151d8293f2c,suitesparse_all,Bai/rdb200l,rdb200l,200,200,1120,64,row-major,N,N,1.0,0.0,20260922,main,pass,pass,0,0,143360.0,0.057429,0.00583040006459,0.0632594000646,0.00870185006459,24.58836416229376,2.2662244639310822,16.47465756544894,0.2534882903329254,0.02336313880341322,0.16984183057163854,cuSPARSE 12.8.6,CUDA,13040,13000,2026-10-08T22:58:42.866593+00:00,derived,csr-alg3,0,0,,,,5,20,4,true
3,A100-SXM4-80GB-suitesparse_all-fp64-n64-row-major-cuSPARSE-SpMM-CSR-solve-only,cuSPARSE-SpMM-CSR-best-solve-only,cuSPARSE CUDA 13.4.1 CSR PER MATRIX BEST,per-matrix-best,cuSPARSE-SpMM-CSR,best,solve-only,"csr-alg1,csr-alg2,csr-alg3,csr-default",manual-selection,csr,CUSPARSE_SPMM_CSR_ALG3,library-preprocess,spmm.csr.fp64,fp64,A100-SXM4-80GB,A100-SXM4-80GB,,9700.0,0edb0287-e1df-52fd-b14b-f9e504b96222,suitesparse_all,Bai/rdb3200l,rdb3200l,3200,3200,18880,64,row-major,N,N,1.0,0.0,20260922,main,pass,pass,0,0,2416640.0,0.1209,0.0101375997066,0.131037599707,0.0161825997066,238.38384528308674,18.442340255038292,149.33570895993827,2.457565415289554,0.1901272191241061,1.5395433913395697,cuSPARSE 12.8.6,CUDA,13040,13000,2026-10-07T20:13:11.590812+00:00,derived,csr-alg3,0,0,,,,5,20,4,true
3,A100-SXM4-80GB-suitesparse_all-fp64-n64-row-major-cuSPARSE-SpMM-CSR-solve-only,cuSPARSE-SpMM-CSR-best-solve-only,cuSPARSE CUDA 13.4.1 CSR PER MATRIX BEST,per-matrix-best,cuSPARSE-SpMM-CSR,best,solve-only,"csr-alg1,csr-alg2,csr-alg3,csr-default",manual-selection,csr,CUSPARSE_SPMM_CSR_ALG3,library-preprocess,spmm.csr.fp64,fp64,A100-SXM4-80GB,A100-SXM4-80GB,,9700.0,1cb4d392-df77-5092-a407-ab8ee1286933,suitesparse_all,Bai/rw136,rw136,136,136,479,64,row-major,N,N,1.0,0.0,20260922,main,pass,pass,0,0,61312.0,0.0551,0.00583680011332,0.0609368001133,0.00859180011332,10.504385760972282,1.006157197063226,7.136106426050004,0.10829263671105445,0.010372754608899236,0.07356810748505159,cuSPARSE 12.8.6,CUDA,13040,13000,2026-10-08T00:55:28.835699+00:00,derived,csr-alg3,0,0,,,,5,20,4,true
3,A100-SXM4-80GB-suitesparse_all-fp64-n64-row-major-cuSPARSE-SpMM-CSR-solve-only,cuSPARSE-SpMM-CSR-best-solve-only,cuSPARSE CUDA 13.4.1 CSR PER MATRIX BEST,per-matrix-best,cuSPARSE-SpMM-CSR,best,solve-only,"csr-alg1,csr-alg2,csr-alg3,csr-default",manual-selection,csr,CUSPARSE_SPMM_CSR_ALG3,library-preprocess,spmm.csr.fp64,fp64,A100-SXM4-80GB,A100-SXM4-80GB,,9700.0,df7f742d-c1c4-51c9-b7da-d151d8293f2c,suitesparse_all,Bai/rw496,rw496,496,496,1859,64,row-major,N,N,1.0,0.0,20260922,main,pass,pass,0,0,237952.0,0.06107,0.00593920014799,0.067009200148,0.00899270014799,40.064654174102884,3.551034775440489,26.460573140892034,0.41303767189796786,0.03660860593237618,0.2727894138236292,cuSPARSE 12.8.6,CUDA,13040,13000,2026-10-08T22:47:49.753578+00:00,derived,csr-alg3,0,0,,,,5,20,4,true
3,A100-SXM4-80GB-suitesparse_all-fp64-n64-row-major-cuSPARSE-SpMM-CSR-solve-only,cuSPARSE-SpMM-CSR-best-solve-only,cuSPARSE CUDA 13.4.1 CSR PER MATRIX BEST,per-matrix-best,cuSPARSE-SpMM-CSR,best,solve-only,"csr-alg1,csr-alg2,csr-alg3,csr-default",manual-selection,csr,CUSPARSE_SPMM_CSR_ALG3,library-preprocess,spmm.csr.fp64,fp64,A100-SXM4-80GB,A100-SXM4-80GB,,9700.0,1cb4d392-df77-5092-a407-ab8ee1286933,suitesparse_all,Bai/tols2000,tols2000,2000,2000,5184,64,row-major,N,N,1.0,0.0,20260922,main,pass,pass,0,0,663552.0,0.061029,0.0136191993952,0.0746481993952,0.0166706493952,48.72180667491106,8.889055668805154,39.80360838199004,0.5022866667516603,0.09163974916293974,0.4103464781648457,cuSPARSE 12.8.6,CUDA,13040,13000,2026-10-08T01:05:37.125921+00:00,derived,csr-alg3,0,0,,,,5,20,4,true
3,A100-SXM4-80GB-suitesparse_all-fp64-n64-row-major-cuSPARSE-SpMM-CSR-solve-only,cuSPARSE-SpMM-CSR-best-solve-only,cuSPARSE CUDA 13.4.1 CSR PER MATRIX BEST,per-matrix-best,cuSPARSE-SpMM-CSR,best,solve-only,"csr-alg1,csr-alg2,csr-alg3,csr-default",manual-selection,csr,CUSPARSE_SPMM_CSR_ALG3,library-preprocess,spmm.csr.fp64,fp64,A100-SXM4-80GB,A100-SXM4-80GB,,9700.0,df7f742d-c1c4-51c9-b7da-d151d8293f2c,suitesparse_all,Bai/tols340,tols340,340,340,2196,64,row-major,N,N,1.0,0.0,20260922,main,pass,pass,0,0,281088.0,0.05342,0.0119903996587,0.0654103996587,0.0146613996587,23.442754870647537,4.297298311379657,19.171975837464046,0.24167788526440762,0.04430204444721296,0.19764923543777366,cuSPARSE 12.8.6,CUDA,13040,13000,2026-10-08T22:58:43.532343+00:00,derived,csr-alg3,0,0,,,,5,20,4,true
3,A100-SXM4-80GB-suitesparse_all-fp64-n64-row-major-cuSPARSE-SpMM-CSR-solve-only,cuSPARSE-SpMM-CSR-best-solve-only,cuSPARSE CUDA 13.4.1 CSR PER MATRIX BEST,per-matrix-best,cuSPARSE-SpMM-CSR,best,solve-only,"csr-alg1,csr-alg2,csr-alg3,csr-default",manual-selection,csr,CUSPARSE_SPMM_CSR_ALG3,library-preprocess,spmm.csr.fp64,fp64,A100-SXM4-80GB,A100-SXM4-80GB,,9700.0,0edb0287-e1df-52fd-b14b-f9e504b96222,suitesparse_all,Bai/tols90,tols90,90,90,1746,64,row-major,N,N,1.0,0.0,20260922,main,pass,pass,0,0,223488.0,0.05108,0.0119808003306,0.0630608003306,0.0145348003306,18.653845639109125,3.544008303547542,15.376062616387822,0.192307687001125,0.03653616807780971,0.15851610944729713,cuSPARSE 12.8.6,CUDA,13040,13000,2026-10-07T20:13:12.227871+00:00,derived,csr-alg3,0,0,,,,5,20,4,true
3,A100-SXM4-80GB-suitesparse_all-fp64-n64-row-major-cuSPARSE-SpMM-CSR-solve-only,cuSPARSE-SpMM-CSR-best-solve-only,cuSPARSE CUDA 13.4.1 CSR PER MATRIX BEST,per-matrix-best,cuSPARSE-SpMM-CSR,best,solve-only,"csr-alg1,csr-alg2,csr-alg3,csr-default",manual-selection,csr,CUSPARSE_SPMM_CSR_ALG3,library-preprocess,spmm.csr.fp64,fp64,A100-SXM4-80GB,A100-SXM4-80GB,,9700.0,0edb0287-e1df-52fd-b14b-f9e504b96222,suitesparse_all,Bai/tub100,tub100,100,100,396,64,row-major,N,N,1.0,0.0,20260922,main,pass,pass,0,0,50688.0,0.04698,0.00563200004399,0.052612000044,0.00798100004399,8.999999929703481,0.9634303953016244,6.351083789076034,0.0927835044299328,0.009932272116511593,0.06547509060903127,cuSPARSE 12.8.6,CUDA,13040,13000,2026-10-07T20:01:48.801485+00:00,derived,csr-alg3,0,0,,,,5,20,4,true
3,A100-SXM4-80GB-suitesparse_all-fp64-n64-row-major-cuSPARSE-SpMM-CSR-solve-only,cuSPARSE-SpMM-CSR-best-solve-only,cuSPARSE CUDA 13.4.1 CSR PER MATRIX BEST,per-matrix-best,cuSPARSE-SpMM-CSR,best,solve-only,"csr-alg1,csr-alg2,csr-alg3,csr-default",manual-selection,csr,CUSPARSE_SPMM_CSR_ALG3,library-preprocess,spmm.csr.fp64,fp64,A100-SXM4-80GB,A100-SXM4-80GB,,9700.0,1cb4d392-df77-5092-a407-ab8ee1286933,suitesparse_all,Barabasi/NotreDame_www,NotreDame_www,325729,325729,929849,64,row-major,N,N,1.0,0.0,20260922,main,pass,pass,0,0,119020672.0,0.49736,0.641587209702,1.1389472097,0.666455209702,185.50973304982483,104.50060458144516,178.58765340467383,1.912471474740462,1.0773258204272698,1.8411098289141632,cuSPARSE 12.8.6,CUDA,13040,13000,2026-10-08T01:04:29.719744+00:00,derived,csr-alg3,0,0,,,,5,20,4,true
3,A100-SXM4-80GB-suitesparse_all-fp64-n64-row-major-cuSPARSE-SpMM-CSR-solve-only,cuSPARSE-SpMM-CSR-best-solve-only,cuSPARSE CUDA 13.4.1 CSR PER MATRIX BEST,per-matrix-best,cuSPARSE-SpMM-CSR,best,solve-only,"csr-alg1,csr-alg2,csr-alg3,csr-default",manual-selection,csr,CUSPARSE_SPMM_CSR_ALG3,library-preprocess,spmm.csr.fp64,fp64,A100-SXM4-80GB,A100-SXM4-80GB,,9700.0,df7f742d-c1c4-51c9-b7da-d151d8293f2c,suitesparse_all,Barabasi/NotreDame_yeast,NotreDame_yeast,2114,2114,4480,64,row-major,N,N,1.0,0.0,20260922,main,pass,pass,0,0,573440.0,0.08715,0.0116223998368,0.0987723998368,0.0159798998368,49.33920774127192,5.805670419545191,35.885080999032866,0.5086516261986797,0.05985227236644527,0.36994928864982335,cuSPARSE 12.8.6,CUDA,13040,13000,2026-10-08T22:57:32.369870+00:00,derived,csr-alg3,0,0,,,,5,20,4,true
3,A100-SXM4-80GB-suitesparse_all-fp64-n64-row-major-cuSPARSE-SpMM-CSR-solve-only,cuSPARSE-SpMM-CSR-best-solve-only,cuSPARSE CUDA 13.4.1 CSR PER MATRIX BEST,per-matrix-best,cuSPARSE-SpMM-CSR,best,solve-only,"csr-alg1,csr-alg2,csr-alg3,csr-default",manual-selection,csr,CUSPARSE_SPMM_CSR_ALG3,library-preprocess,spmm.csr.fp64,fp64,A100-SXM4-80GB,A100-SXM4-80GB,,9700.0,0edb0287-e1df-52fd-b14b-f9e504b96222,suitesparse_all,Bates/Chem97ZtZ,Chem97ZtZ,2541,2541,7361,64,row-major,N,N,1.0,0.0,20260922,main,pass,pass,0,0,942208.0,0.05825,0.0171008005738,0.0753508005738,0.0200133005738,55.09730354048742,12.504286521510592,47.07909105375013,0.5680134385617259,0.12891017032485144,0.48535145416237246,cuSPARSE 12.8.6,CUDA,13040,13000,2026-10-07T20:11:24.119256+00:00,derived,csr-alg3,0,0,,,,5,20,4,true
3,A100-SXM4-80GB-suitesparse_all-fp64-n64-row-major-cuSPARSE-SpMM-CSR-solve-only,cuSPARSE-SpMM-CSR-best-solve-only,cuSPARSE CUDA 13.4.1 CSR PER MATRIX BEST,per-matrix-best,cuSPARSE-SpMM-CSR,best,solve-only,"csr-alg1,csr-alg2,csr-alg3,csr-default",manual-selection,csr,CUSPARSE_SPMM_CSR_ALG3,library-preprocess,spmm.csr.fp64,fp64,A100-SXM4-80GB,A100-SXM4-80GB,,9700.0,0edb0287-e1df-52fd-b14b-f9e504b96222,suitesparse_all,Belcastro/human_gene2,human_gene2,14340,14340,18068388,64,row-major,N,N,1.0,0.0,20260922,main,pass,pass,0,0,2312753664.0,0.2084,1.88661766052,2.09501766052,1.89703766052,1225.873006702665,1103.930390460745,1219.1395627675877,12.637866048481081,11.380725674853041,12.56844910069678,cuSPARSE 12.8.6,CUDA,13040,13000,2026-10-07T20:43:26.097692+00:00,derived,csr-alg3,0,0,,,,5,20,4,true
3,A100-SXM4-80GB-suitesparse_all-fp64-n64-row-major-cuSPARSE-SpMM-CSR-solve-only,cuSPARSE-SpMM-CSR-best-solve-only,cuSPARSE CUDA 13.4.1 CSR PER MATRIX BEST,per-matrix-best,cuSPARSE-SpMM-CSR,best,solve-only,"csr-alg1,csr-alg2,csr-alg3,csr-default",manual-selection,csr,CUSPARSE_SPMM_CSR_ALG3,library-preprocess,spmm.csr.fp64,fp64,A100-SXM4-80GB,A100-SXM4-80GB,,9700.0,df7f742d-c1c4-51c9-b7da-d151d8293f2c,suitesparse_all,Bindel/ted_AB,ted_AB,10605,10605,522387,64,row-major,N,N,1.0,0.0,20260922,main,pass,pass,0,0,66865536.0,0.29014,0.0575999975204,0.34773999752,0.0721069975204,1160.8600499734127,192.28600815801832,927.3099463208529,11.967629381169203,1.9823299810104982,9.559896353823225,cuSPARSE 12.8.6,CUDA,13040,13000,2026-10-08T22:54:41.513197+00:00,derived,csr-alg3,0,0,,,,5,20,4,true
3,A100-SXM4-80GB-suitesparse_all-fp64-n64-row-major-cuSPARSE-SpMM-CSR-solve-only,cuSPARSE-SpMM-CSR-best-solve-only,cuSPARSE CUDA 13.4.1 CSR PER MATRIX BEST,per-matrix-best,cuSPARSE-SpMM-CSR,best,solve-only,"csr-alg1,csr-alg2,csr-alg3,csr-default",manual-selection,csr,CUSPARSE_SPMM_CSR_ALG3,library-preprocess,spmm.csr.fp64,fp64,A100-SXM4-80GB,A100-SXM4-80GB,,9700.0,1cb4d392-df77-5092-a407-ab8ee1286933,suitesparse_all,Bindel/ted_B,ted_B,10605,10605,144579,64,row-major,N,N,1.0,0.0,20260922,main,pass,pass,0,0,18506112.0,0.12683,0.0234495997429,0.150279599743,0.0297910997429,789.1866898753026,123.1445387906818,621.1960001379437,8.135945256446417,1.2695313277389877,6.404082475648903,cuSPARSE 12.8.6,CUDA,13040,13000,2026-10-08T01:03:51.855775+00:00,derived,csr-alg3,0,0,,,,5,20,4,true
3,A100-SXM4-80GB-suitesparse_all-fp64-n64-row-major-cuSPARSE-SpMM-CSR-solve-only,cuSPARSE-SpMM-CSR-best-solve-only,cuSPARSE CUDA 13.4.1 CSR PER MATRIX BEST,per-matrix-best,cuSPARSE-SpMM-CSR,best,solve-only,"csr-alg1,csr-alg2,csr-alg3,csr-default",manual-selection,csr,CUSPARSE_SPMM_CSR_ALG3,library-preprocess,spmm.csr.fp64,fp64,A100-SXM4-80GB,A100-SXM4-80GB,,9700.0,0edb0287-e1df-52fd-b14b-f9e504b96222,suitesparse_all,Bindel/ted_B_unscaled,ted_B_unscaled,10605,10605,144579,64,row-major,N,N,1.0,0.0,20260922,main,pass,pass,0,0,18506112.0,0.20272,0.0285167992115,0.231236799212,0.0386527992115,648.9547393712062,80.03099879891275,478.77805430697117,6.690255045063981,0.8250618432877603,4.935856229968775,cuSPARSE 12.8.6,CUDA,13040,13000,2026-10-07T20:11:25.446068+00:00,derived,csr-alg3,0,0,,,,5,20,4,true
3,A100-SXM4-80GB-suitesparse_all-fp64-n64-row-major-cuSPARSE-SpMM-CSR-solve-only,cuSPARSE-SpMM-CSR-best-solve-only,cuSPARSE CUDA 13.4.1 CSR PER MATRIX BEST,per-matrix-best,cuSPARSE-SpMM-CSR,best,solve-only,"csr-alg1,csr-alg2,csr-alg3,csr-default",manual-selection,csr,CUSPARSE_SPMM_CSR_ALG3,library-preprocess,spmm.csr.fp64,fp64,A100-SXM4-80GB,A100-SXM4-80GB,,9700.0,0edb0287-e1df-52fd-b14b-f9e504b96222,suitesparse_all,Bodendiek/CurlCurl_0,CurlCurl_0,11083,11083,113343,64,row-major,N,N,1.0,0.0,20260922,main,pass,pass,0,0,14507904.0,0.1123,0.0267776012421,0.139077601242,0.0323926012421,541.7925178895612,104.31517275564545,447.877090560556,5.585489875150115,1.0754141521200562,4.6172895934077935,cuSPARSE 12.8.6,CUDA,13040,13000,2026-10-07T21:26:35.358787+00:00,derived,csr-alg3,0,0,,,,5,20,4,true
3,A100-SXM4-80GB-suitesparse_all-fp64-n64-row-major-cuSPARSE-SpMM-CSR-solve-only,cuSPARSE-SpMM-CSR-best-solve-only,cuSPARSE CUDA 13.4.1 CSR PER MATRIX BEST,per-matrix-best,cuSPARSE-SpMM-CSR,best,solve-only,"csr-alg1,csr-alg2,csr-alg3,csr-default",manual-selection,csr,CUSPARSE_SPMM_CSR_ALG3,library-preprocess,spmm.csr.fp64,fp64,A100-SXM4-80GB,A100-SXM4-80GB,,9700.0,1cb4d392-df77-5092-a407-ab8ee1286933,suitesparse_all,Boeing/bcsstk37,bcsstk37,25503,25503,1140977,64,row-major,N,N,1.0,0.0,20260922,main,pass,pass,0,0,146045056.0,0.15589,0.160921597481,0.316811597481,0.168716097481,907.5541026570007,460.9839322841036,865.6260912889293,9.356227862443307,4.752411673031996,8.923980322566281,cuSPARSE 12.8.6,CUDA,13040,13000,2026-10-08T00:55:31.942959+00:00,derived,csr-alg3,0,0,,,,5,20,4,true
3,A100-SXM4-80GB-suitesparse_all-fp64-n64-row-major-cuSPARSE-SpMM-CSR-solve-only,cuSPARSE-SpMM-CSR-best-solve-only,cuSPARSE CUDA 13.4.1 CSR PER MATRIX BEST,per-matrix-best,cuSPARSE-SpMM-CSR,best,solve-only,"csr-alg1,csr-alg2,csr-alg3,csr-default",manual-selection,csr,CUSPARSE_SPMM_CSR_ALG3,library-preprocess,spmm.csr.fp64,fp64,A100-SXM4-80GB,A100-SXM4-80GB,,9700.0,df7f742d-c1c4-51c9-b7da-d151d8293f2c,suitesparse_all,Boeing/bcsstk38,bcsstk38,8032,8032,355460,64,row-major,N,N,1.0,0.0,20260922,main,pass,pass,0,0,45498880.0,0.12219,0.0434175997972,0.165607599797,0.0495270997972,1047.9363256495403,274.73908235957794,918.6663500650258,10.803467274737528,2.832361673810082,9.470787114072431,cuSPARSE 12.8.6,CUDA,13040,13000,2026-10-08T22:47:51.209865+00:00,derived,csr-alg3,0,0,,,,5,20,4,true
3,A100-SXM4-80GB-suitesparse_all-fp64-n64-row-major-cuSPARSE-SpMM-CSR-solve-only,cuSPARSE-SpMM-CSR-best-solve-only,cuSPARSE CUDA 13.4.1 CSR PER MATRIX BEST,per-matrix-best,cuSPARSE-SpMM-CSR,best,solve-only,"csr-alg1,csr-alg2,csr-alg3,csr-default",manual-selection,csr,CUSPARSE_SPMM_CSR_ALG3,library-preprocess,spmm.csr.fp64,fp64,A100-SXM4-80GB,A100-SXM4-80GB,,9700.0,1cb4d392-df77-5092-a407-ab8ee1286933,suitesparse_all,Boeing/bcsstk39,bcsstk39,46772,46772,2089294,64,row-major,N,N,1.0,0.0,20260922,main,pass,pass,0,0,267429632.0,0.20988,0.294195199013,0.504075199013,0.304689199013,909.0210611770817,530.5351910263354,877.7128722196343,9.371351146155483,5.469434959034385,9.048586311542621,cuSPARSE 12.8.6,CUDA,13040,13000,2026-10-08T00:57:13.858733+00:00,derived,csr-alg3,0,0,,,,5,20,4,true
3,A100-SXM4-80GB-suitesparse_all-fp64-n64-row-major-cuSPARSE-SpMM-CSR-solve-only,cuSPARSE-SpMM-CSR-best-solve-only,cuSPARSE CUDA 13.4.1 CSR PER MATRIX BEST,per-matrix-best,cuSPARSE-SpMM-CSR,best,solve-only,"csr-alg1,csr-alg2,csr-alg3,csr-default",manual-selection,csr,CUSPARSE_SPMM_CSR_ALG2,library-preprocess,spmm.csr.fp64,fp64,A100-SXM4-80GB,A100-SXM4-80GB,,9700.0,0edb0287-e1df-52fd-b14b-f9e504b96222,suitesparse_all,Boeing/bcsstm35,bcsstm35,30237,30237,20619,64,row-major,N,N,1.0,0.0,20260922,main,pass,pass,0,0,2639232.0,0.03755,0.0420352011919,0.0795852011919,0.0439127011919,62.78623451690695,33.16234627133939,60.10179124409738,0.6472807682155356,0.34187985846741636,0.6196060952999729,cuSPARSE 12.8.6,CUDA,13040,13000,2026-10-07T17:45:39.019608+00:00,derived,csr-alg2,0,0,,,,5,20,4,true
3,A100-SXM4-80GB-suitesparse_all-fp64-n64-row-major-cuSPARSE-SpMM-CSR-solve-only,cuSPARSE-SpMM-CSR-best-solve-only,cuSPARSE CUDA 13.4.1 CSR PER MATRIX BEST,per-matrix-best,cuSPARSE-SpMM-CSR,best,solve-only,"csr-alg1,csr-alg2,csr-alg3,csr-default",manual-selection,csr,CUSPARSE_SPMM_CSR_ALG3,library-preprocess,spmm.csr.fp64,fp64,A100-SXM4-80GB,A100-SXM4-80GB,,9700.0,1cb4d392-df77-5092-a407-ab8ee1286933,suitesparse_all,Boeing/crystk01,crystk01,4875,4875,315891,64,row-major,N,N,1.0,0.0,20260922,main,pass,pass,0,0,40434048.0,0.06446,0.0360448002815,0.100504800282,0.0392678002815,1121.772008284723,402.3096199042104,1029.6998484799121,11.564659879223948,4.147521854682582,10.615462355463013,cuSPARSE 12.8.6,CUDA,13040,13000,2026-10-08T00:55:33.175044+00:00,derived,csr-alg3,0,0,,,,5,20,4,true
3,A100-SXM4-80GB-suitesparse_all-fp64-n64-row-major-cuSPARSE-SpMM-CSR-solve-only,cuSPARSE-SpMM-CSR-best-solve-only,cuSPARSE CUDA 13.4.1 CSR PER MATRIX BEST,per-matrix-best,cuSPARSE-SpMM-CSR,best,solve-only,"csr-alg1,csr-alg2,csr-alg3,csr-default",manual-selection,csr,CUSPARSE_SPMM_CSR_ALG3,library-preprocess,spmm.csr.fp64,fp64,A100-SXM4-80GB,A100-SXM4-80GB,,9700.0,df7f742d-c1c4-51c9-b7da-d151d8293f2c,suitesparse_all,Boeing/crystk02,crystk02,13965,13965,968583,64,row-major,N,N,1.0,0.0,20260922,main,pass,pass,0,0,123978624.0,0.15823,0.119040000439,0.277270000439,0.126951500439,1041.48709293336,447.1404183781345,976.5825813108175,10.736980339519175,4.609695034826129,10.06786166299812,cuSPARSE 12.8.6,CUDA,13040,13000,2026-10-08T22:47:54.236434+00:00,derived,csr-alg3,0,0,,,,5,20,4,true
3,A100-SXM4-80GB-suitesparse_all-fp64-n64-row-major-cuSPARSE-SpMM-CSR-solve-only,cuSPARSE-SpMM-CSR-best-solve-only,cuSPARSE CUDA 13.4.1 CSR PER MATRIX BEST,per-matrix-best,cuSPARSE-SpMM-CSR,best,solve-only,"csr-alg1,csr-alg2,csr-alg3,csr-default",manual-selection,csr,CUSPARSE_SPMM_CSR_ALG3,library-preprocess,spmm.csr.fp64,fp64,A100-SXM4-80GB,A100-SXM4-80GB,,9700.0,0edb0287-e1df-52fd-b14b-f9e504b96222,suitesparse_all,Boeing/crystm01,crystm01,4875,4875,105339,64,row-major,N,N,1.0,0.0,20260922,main,pass,pass,0,0,13483392.0,0.056669,0.0193023994565,0.0759713994565,0.0221358494565,698.5345024273407,177.47984236778964,609.1201526508719,7.201386622962276,1.8296890965751509,6.279589202586308,cuSPARSE 12.8.6,CUDA,13040,13000,2026-10-07T20:01:50.702539+00:00,derived,csr-alg3,0,0,,,,5,20,4,true
3,A100-SXM4-80GB-suitesparse_all-fp64-n64-row-major-cuSPARSE-SpMM-CSR-solve-only,cuSPARSE-SpMM-CSR-best-solve-only,cuSPARSE CUDA 13.4.1 CSR PER MATRIX BEST,per-matrix-best,cuSPARSE-SpMM-CSR,best,solve-only,"csr-alg1,csr-alg2,csr-alg3,csr-default",manual-selection,csr,CUSPARSE_SPMM_CSR_ALG3,library-preprocess,spmm.csr.fp64,fp64,A100-SXM4-80GB,A100-SXM4-80GB,,9700.0,1cb4d392-df77-5092-a407-ab8ee1286933,suitesparse_all,Boeing/msc01050,msc01050,1050,1050,29156,64,row-major,N,N,1.0,0.0,20260922,main,pass,pass,0,0,3731968.0,0.05189,0.0153600007296,0.0672500007296,0.0179545007296,242.96665512575055,55.49394735333258,207.85696334331558,2.504810877585057,0.5721025500343565,2.1428552921991297,cuSPARSE 12.8.6,CUDA,13040,13000,2026-10-08T00:55:33.837788+00:00,derived,csr-alg3,0,0,,,,5,20,4,true
3,A100-SXM4-80GB-suitesparse_all-fp64-n64-row-major-cuSPARSE-SpMM-CSR-solve-only,cuSPARSE-SpMM-CSR-best-solve-only,cuSPARSE CUDA 13.4.1 CSR PER MATRIX BEST,per-matrix-best,cuSPARSE-SpMM-CSR,best,solve-only,"csr-alg1,csr-alg2,csr-alg3,csr-default",manual-selection,csr,CUSPARSE_SPMM_CSR_ALG3,library-preprocess,spmm.csr.fp64,fp64,A100-SXM4-80GB,A100-SXM4-80GB,,9700.0,df7f742d-c1c4-51c9-b7da-d151d8293f2c,suitesparse_all,Boeing/msc01440,msc01440,1440,1440,46270,64,row-major,N,N,1.0,0.0,20260922,main,pass,pass,0,0,5922560.0,0.13814,0.0116736002266,0.149813600227,0.0185806002266,507.34648137980463,39.532859440171265,318.7496597403382,5.2303760966990165,0.40755525196052844,3.2860789663952388,cuSPARSE 12.8.6,CUDA,13040,13000,2026-10-08T22:47:54.960958+00:00,derived,csr-alg3,0,0,,,,5,20,4,true
3,A100-SXM4-80GB-suitesparse_all-fp64-n64-row-major-cuSPARSE-SpMM-CSR-solve-only,cuSPARSE-SpMM-CSR-best-solve-only,cuSPARSE CUDA 13.4.1 CSR PER MATRIX BEST,per-matrix-best,cuSPARSE-SpMM-CSR,best,solve-only,"csr-alg1,csr-alg2,csr-alg3,csr-default",manual-selection,csr,CUSPARSE_SPMM_CSR_ALG3,library-preprocess,spmm.csr.fp64,fp64,A100-SXM4-80GB,A100-SXM4-80GB,,9700.0,0edb0287-e1df-52fd-b14b-f9e504b96222,suitesparse_all,Boeing/msc10848,msc10848,10848,10848,1229778,64,row-major,N,N,1.0,0.0,20260922,main,pass,pass,0,0,157411584.0,0.11804,0.142284798622,0.260324798622,0.148186798622,1106.3134328087042,604.6737953250728,1062.2510605788232,11.405293121739218,6.233750467268791,10.951041861637352,cuSPARSE 12.8.6,CUDA,13040,13000,2026-10-07T20:01:53.826182+00:00,derived,csr-alg3,0,0,,,,5,20,4,true
3,A100-SXM4-80GB-suitesparse_all-fp64-n64-row-major-cuSPARSE-SpMM-CSR-solve-only,cuSPARSE-SpMM-CSR-best-solve-only,cuSPARSE CUDA 13.4.1 CSR PER MATRIX BEST,per-matrix-best,cuSPARSE-SpMM-CSR,best,solve-only,"csr-alg1,csr-alg2,csr-alg3,csr-default",manual-selection,csr,CUSPARSE_SPMM_CSR_ALG3,library-preprocess,spmm.csr.fp64,fp64,A100-SXM4-80GB,A100-SXM4-80GB,,9700.0,1cb4d392-df77-5092-a407-ab8ee1286933,suitesparse_all,Boeing/pcrystk02,pcrystk02,13965,13965,968583,64,row-major,N,N,1.0,0.0,20260922,main,pass,pass,0,0,123978624.0,0.15097,0.119500803947,0.270470803947,0.127049303947,1037.4710454248154,458.3808018860852,975.8308007080387,10.695577787884696,4.725575277176136,10.060111347505554,cuSPARSE 12.8.6,CUDA,13040,13000,2026-10-08T00:55:36.334963+00:00,derived,csr-alg3,0,0,,,,5,20,4,true
3,A100-SXM4-80GB-suitesparse_all-fp64-n64-row-major-cuSPARSE-SpMM-CSR-solve-only,cuSPARSE-SpMM-CSR-best-solve-only,cuSPARSE CUDA 13.4.1 CSR PER MATRIX BEST,per-matrix-best,cuSPARSE-SpMM-CSR,best,solve-only,"csr-alg1,csr-alg2,csr-alg3,csr-default",manual-selection,csr,CUSPARSE_SPMM_CSR_ALG3,library-preprocess,spmm.csr.fp64,fp64,A100-SXM4-80GB,A100-SXM4-80GB,,9700.0,df7f742d-c1c4-51c9-b7da-d151d8293f2c,suitesparse_all,Boeing/pcrystk03,pcrystk03,24696,24696,1751178,64,row-major,N,N,1.0,0.0,20260922,main,pass,pass,0,0,224150784.0,0.26956,0.218982410431,0.488542410431,0.232460410431,1023.6017749499955,458.81540520146564,964.2535844465159,10.552595618041192,4.73005572372645,9.9407586025414,cuSPARSE 12.8.6,CUDA,13040,13000,2026-10-08T22:47:59.619456+00:00,derived,csr-alg3,0,0,,,,5,20,4,true
3,A100-SXM4-80GB-suitesparse_all-fp64-n64-row-major-cuSPARSE-SpMM-CSR-solve-only,cuSPARSE-SpMM-CSR-best-solve-only,cuSPARSE CUDA 13.4.1 CSR PER MATRIX BEST,per-matrix-best,cuSPARSE-SpMM-CSR,best,solve-only,"csr-alg1,csr-alg2,csr-alg3,csr-default",manual-selection,csr,CUSPARSE_SPMM_CSR_ALG3,library-preprocess,spmm.csr.fp64,fp64,A100-SXM4-80GB,A100-SXM4-80GB,,9700.0,0edb0287-e1df-52fd-b14b-f9e504b96222,suitesparse_all,Boeing/pwtk,pwtk,217918,217918,11634424,64,row-major,N,N,1.0,0.0,20260922,main,pass,pass,0,0,1489206272.0,0.65486,1.56753921509,2.22239921509,1.60028221509,950.0280807421442,670.0894519258063,930.5897784512008,9.794103925176746,6.908138679647488,9.593709056197946,cuSPARSE 12.8.6,CUDA,13040,13000,2026-10-07T20:02:22.042132+00:00,derived,csr-alg3,0,0,,,,5,20,4,true
3,A100-SXM4-80GB-suitesparse_all-fp64-n64-row-major-cuSPARSE-SpMM-CSR-solve-only,cuSPARSE-SpMM-CSR-best-solve-only,cuSPARSE CUDA 13.4.1 CSR PER MATRIX BEST,per-matrix-best,cuSPARSE-SpMM-CSR,best,solve-only,"csr-alg1,csr-alg2,csr-alg3,csr-default",manual-selection,csr,CUSPARSE_SPMM_CSR_ALG2,library-preprocess,spmm.csr.fp64,fp64,A100-SXM4-80GB,A100-SXM4-80GB,,9700.0,0edb0287-e1df-52fd-b14b-f9e504b96222,suitesparse_all,Botonakis/thermomech_TC,thermomech_TC,102158,102158,711558,64,row-major,N,N,1.0,0.0,20260922,main,pass,pass,0,0,91079424.0,0.05287,0.248678398132,0.301548398132,0.251321898132,366.2538631588518,302.03915711112757,362.40146472299443,3.775813022256204,3.1138057434136863,3.73609757446386,cuSPARSE 12.8.6,CUDA,13040,13000,2026-10-07T18:24:08.098970+00:00,derived,csr-alg2,0,0,,,,5,20,4,true
3,A100-SXM4-80GB-suitesparse_all-fp64-n64-row-major-cuSPARSE-SpMM-CSR-solve-only,cuSPARSE-SpMM-CSR-best-solve-only,cuSPARSE CUDA 13.4.1 CSR PER MATRIX BEST,per-matrix-best,cuSPARSE-SpMM-CSR,best,solve-only,"csr-alg1,csr-alg2,csr-alg3,csr-default",manual-selection,csr,CUSPARSE_SPMM_CSR_ALG2,library-preprocess,spmm.csr.fp64,fp64,A100-SXM4-80GB,A100-SXM4-80GB,,9700.0,0edb0287-e1df-52fd-b14b-f9e504b96222,suitesparse_all,Bourchtein/atmosmodd,atmosmodd,1270432,1270432,8814880,64,row-major,N,N,1.0,0.0,20260922,main,pass,pass,0,0,1128304640.0,0.46141,2.64867839813,3.11008839813,2.67174889813,425.98778349104106,362.78860777025335,422.3093872293607,4.391626633928258,3.740088739899519,4.3537050229831005,cuSPARSE 12.8.6,CUDA,13040,13000,2026-10-07T18:24:47.620910+00:00,derived,csr-alg2,0,0,,,,5,20,4,true
3,A100-SXM4-80GB-suitesparse_all-fp64-n64-row-major-cuSPARSE-SpMM-CSR-solve-only,cuSPARSE-SpMM-CSR-best-solve-only,cuSPARSE CUDA 13.4.1 CSR PER MATRIX BEST,per-matrix-best,cuSPARSE-SpMM-CSR,best,solve-only,"csr-alg1,csr-alg2,csr-alg3,csr-default",manual-selection,csr,CUSPARSE_SPMM_CSR_ALG3,library-preprocess,spmm.csr.fp64,fp64,A100-SXM4-80GB,A100-SXM4-80GB,,9700.0,1cb4d392-df77-5092-a407-ab8ee1286933,suitesparse_all,Bova/rma10,rma10,46835,46835,2374001,64,row-major,N,N,1.0,0.0,20260922,main,pass,pass,0,0,303872128.0,0.23087,0.334950399399,0.565820399399,0.346493899399,907.215302758965,537.046964589409,876.9912790010784,9.35273507998933,5.536566645251638,9.041147206196683,cuSPARSE 12.8.6,CUDA,13040,13000,2026-10-08T00:55:42.958624+00:00,derived,csr-alg3,0,0,,,,5,20,4,true
3,A100-SXM4-80GB-suitesparse_all-fp64-n64-row-major-cuSPARSE-SpMM-CSR-solve-only,cuSPARSE-SpMM-CSR-best-solve-only,cuSPARSE CUDA 13.4.1 CSR PER MATRIX BEST,per-matrix-best,cuSPARSE-SpMM-CSR,best,solve-only,"csr-alg1,csr-alg2,csr-alg3,csr-default",manual-selection,csr,CUSPARSE_SPMM_CSR_ALG3,library-preprocess,spmm.csr.fp64,fp64,A100-SXM4-80GB,A100-SXM4-80GB,,9700.0,df7f742d-c1c4-51c9-b7da-d151d8293f2c,suitesparse_all,Brethour/coater1,coater1,1348,1348,19457,64,row-major,N,N,1.0,0.0,20260922,main,pass,pass,0,0,2490496.0,0.07181,0.0114688001573,0.0832788001573,0.0150593001573,217.15401487877315,29.905522117223846,165.37926556917265,2.238701184317249,0.30830435172395715,1.704940882156419,cuSPARSE 12.8.6,CUDA,13040,13000,2026-10-08T22:48:00.469741+00:00,derived,csr-alg3,0,0,,,,5,20,4,true
3,A100-SXM4-80GB-suitesparse_all-fp64-n64-row-major-cuSPARSE-SpMM-CSR-solve-only,cuSPARSE-SpMM-CSR-best-solve-only,cuSPARSE CUDA 13.4.1 CSR PER MATRIX BEST,per-matrix-best,cuSPARSE-SpMM-CSR,best,solve-only,"csr-alg1,csr-alg2,csr-alg3,csr-default",manual-selection,csr,CUSPARSE_SPMM_CSR_ALG3,library-preprocess,spmm.csr.fp64,fp64,A100-SXM4-80GB,A100-SXM4-80GB,,9700.0,0edb0287-e1df-52fd-b14b-f9e504b96222,suitesparse_all,Brunetiere/thermal,thermal,3456,3456,66528,64,row-major,N,N,1.0,0.0,20260922,main,pass,pass,0,0,8515584.0,0.05861,0.0123392000794,0.0709492000794,0.0152697000794,690.1244768870038,120.02367877960737,557.678536953596,7.114685328731997,1.2373575131918284,5.749263267562845,cuSPARSE 12.8.6,CUDA,13040,13000,2026-10-07T20:02:22.818494+00:00,derived,csr-alg3,0,0,,,,5,20,4,true
3,A100-SXM4-80GB-suitesparse_all-fp64-n64-row-major-cuSPARSE-SpMM-CSR-solve-only,cuSPARSE-SpMM-CSR-best-solve-only,cuSPARSE CUDA 13.4.1 CSR PER MATRIX BEST,per-matrix-best,cuSPARSE-SpMM-CSR,best,solve-only,"csr-alg1,csr-alg2,csr-alg3,csr-default",manual-selection,csr,CUSPARSE_SPMM_CSR_ALG3,library-preprocess,spmm.csr.fp64,fp64,A100-SXM4-80GB,A100-SXM4-80GB,,9700.0,df7f742d-c1c4-51c9-b7da-d151d8293f2c,suitesparse_all,Buss/12month1,12month1,12471,872622,22624727,64,row-major,N,N,1.0,0.0,20260922,main,pass,pass,0,0,2895965056.0,0.60329,4.10716171265,4.71045171265,4.13732621265,705.1012983200707,614.7956146589584,699.9605317911601,7.269085549691451,6.338099120195446,7.216087956609897,cuSPARSE 12.8.6,CUDA,13040,13000,2026-10-08T23:16:28.197058+00:00,derived,csr-alg3,0,0,,,,5,20,4,true
3,A100-SXM4-80GB-suitesparse_all-fp64-n64-row-major-cuSPARSE-SpMM-CSR-solve-only,cuSPARSE-SpMM-CSR-best-solve-only,cuSPARSE CUDA 13.4.1 CSR PER MATRIX BEST,per-matrix-best,cuSPARSE-SpMM-CSR,best,solve-only,"csr-alg1,csr-alg2,csr-alg3,csr-default",manual-selection,csr,CUSPARSE_SPMM_CSR_ALG2,library-preprocess,spmm.csr.fp64,fp64,A100-SXM4-80GB,A100-SXM4-80GB,,9700.0,df7f742d-c1c4-51c9-b7da-d151d8293f2c,suitesparse_all,Buss/connectus,connectus,512,394792,1127525,64,row-major,N,N,1.0,0.0,20260922,main,pass,pass,0,0,144323200.0,0.07575,0.443289613724,0.519039613724,0.447077113724,325.573159243605,278.0581600785948,322.8150034293568,3.3564243220990204,2.8665789698824207,3.327989726075843,cuSPARSE 12.8.6,CUDA,13040,13000,2026-10-08T20:40:29.854599+00:00,derived,csr-alg2,0,0,,,,5,20,4,true
3,A100-SXM4-80GB-suitesparse_all-fp64-n64-row-major-cuSPARSE-SpMM-CSR-solve-only,cuSPARSE-SpMM-CSR-best-solve-only,cuSPARSE CUDA 13.4.1 CSR PER MATRIX BEST,per-matrix-best,cuSPARSE-SpMM-CSR,best,solve-only,"csr-alg1,csr-alg2,csr-alg3,csr-default",manual-selection,csr,CUSPARSE_SPMM_CSR_ALG2,library-preprocess,spmm.csr.fp64,fp64,A100-SXM4-80GB,A100-SXM4-80GB,,9700.0,1cb4d392-df77-5092-a407-ab8ee1286933,suitesparse_all,Bydder/mri2,mri2,63240,147456,569160,64,row-major,N,N,1.0,0.0,20260922,main,pass,pass,0,0,72852480.0,0.05207,0.144281601906,0.196351601906,0.146885101906,504.9325696249454,371.03073920872254,495.9827719398144,5.205490408504592,3.8250591671002323,5.113224452987778,cuSPARSE 12.8.6,CUDA,13040,13000,2026-10-07T22:53:59.687693+00:00,derived,csr-alg2,0,0,,,,5,20,4,true
3,A100-SXM4-80GB-suitesparse_all-fp64-n64-row-major-cuSPARSE-SpMM-CSR-solve-only,cuSPARSE-SpMM-CSR-best-solve-only,cuSPARSE CUDA 13.4.1 CSR PER MATRIX BEST,per-matrix-best,cuSPARSE-SpMM-CSR,best,solve-only,"csr-alg1,csr-alg2,csr-alg3,csr-default",manual-selection,csr,CUSPARSE_SPMM_CSR_ALG2,library-preprocess,spmm.csr.fp64,fp64,A100-SXM4-80GB,A100-SXM4-80GB,,9700.0,1cb4d392-df77-5092-a407-ab8ee1286933,suitesparse_all,Cannizzo/sts4098,sts4098,4098,4098,72356,64,row-major,N,N,1.0,0.0,20260922,main,pass,pass,0,0,9261568.0,0.0154,0.0258047997952,0.0412047997952,0.0265747997952,358.90873300721216,224.76915422554467,348.5094176202541,3.7000900310021874,2.3172077755210787,3.592880594023238,cuSPARSE 12.8.6,CUDA,13040,13000,2026-10-07T22:52:41.077437+00:00,derived,csr-alg2,0,0,,,,5,20,4,true
3,A100-SXM4-80GB-suitesparse_all-fp64-n64-row-major-cuSPARSE-SpMM-CSR-solve-only,cuSPARSE-SpMM-CSR-best-solve-only,cuSPARSE CUDA 13.4.1 CSR PER MATRIX BEST,per-matrix-best,cuSPARSE-SpMM-CSR,best,solve-only,"csr-alg1,csr-alg2,csr-alg3,csr-default",manual-selection,csr,CUSPARSE_SPMM_CSR_ALG2,library-preprocess,spmm.csr.fp64,fp64,A100-SXM4-80GB,A100-SXM4-80GB,,9700.0,0edb0287-e1df-52fd-b14b-f9e504b96222,suitesparse_all,CEMW/t2em,t2em,921632,921632,4590832,64,row-major,N,N,1.0,0.0,20260922,main,pass,pass,0,0,587626496.0,0.49254,1.27892484665,1.77146484665,1.30355184665,459.4691373298608,331.7178419381309,450.788741169093,4.736795230204751,3.4197715663724835,4.6473066099906495,cuSPARSE 12.8.6,CUDA,13040,13000,2026-10-07T17:59:16.637074+00:00,derived,csr-alg2,0,0,,,,5,20,4,true
3,A100-SXM4-80GB-suitesparse_all-fp64-n64-row-major-cuSPARSE-SpMM-CSR-solve-only,cuSPARSE-SpMM-CSR-best-solve-only,cuSPARSE CUDA 13.4.1 CSR PER MATRIX BEST,per-matrix-best,cuSPARSE-SpMM-CSR,best,solve-only,"csr-alg1,csr-alg2,csr-alg3,csr-default",manual-selection,csr,CUSPARSE_SPMM_CSR_ALG3,library-preprocess,spmm.csr.fp64,fp64,A100-SXM4-80GB,A100-SXM4-80GB,,9700.0,df7f742d-c1c4-51c9-b7da-d151d8293f2c,suitesparse_all,Chen/pkustk01,pkustk01,22044,22044,979380,64,row-major,N,N,1.0,0.0,20260922,main,pass,pass,0,0,125360640.0,0.1333,0.134737598896,0.268037598896,0.141402598896,930.405774091033,467.69796668951875,886.5511735905317,9.591812104031268,4.821628522572358,9.139702820520945,cuSPARSE 12.8.6,CUDA,13040,13000,2026-10-08T22:49:19.366685+00:00,derived,csr-alg3,0,0,,,,5,20,4,true
3,A100-SXM4-80GB-suitesparse_all-fp64-n64-row-major-cuSPARSE-SpMM-CSR-solve-only,cuSPARSE-SpMM-CSR-best-solve-only,cuSPARSE CUDA 13.4.1 CSR PER MATRIX BEST,per-matrix-best,cuSPARSE-SpMM-CSR,best,solve-only,"csr-alg1,csr-alg2,csr-alg3,csr-default",manual-selection,csr,CUSPARSE_SPMM_CSR_ALG3,library-preprocess,spmm.csr.fp64,fp64,A100-SXM4-80GB,A100-SXM4-80GB,,9700.0,0edb0287-e1df-52fd-b14b-f9e504b96222,suitesparse_all,Chen/pkustk03,pkustk03,63336,63336,3130416,64,row-major,N,N,1.0,0.0,20260922,main,pass,pass,0,0,400693248.0,0.15915,0.421734380722,0.580884380722,0.429691880722,950.1080924775969,689.7986265390117,932.5129609773535,9.794928788428834,7.111326046793935,9.613535680178902,cuSPARSE 12.8.6,CUDA,13040,13000,2026-10-07T20:03:51.055539+00:00,derived,csr-alg3,0,0,,,,5,20,4,true
3,A100-SXM4-80GB-suitesparse_all-fp64-n64-row-major-cuSPARSE-SpMM-CSR-solve-only,cuSPARSE-SpMM-CSR-best-solve-only,cuSPARSE CUDA 13.4.1 CSR PER MATRIX BEST,per-matrix-best,cuSPARSE-SpMM-CSR,best,solve-only,"csr-alg1,csr-alg2,csr-alg3,csr-default",manual-selection,csr,CUSPARSE_SPMM_CSR_ALG3,library-preprocess,spmm.csr.fp64,fp64,A100-SXM4-80GB,A100-SXM4-80GB,,9700.0,1cb4d392-df77-5092-a407-ab8ee1286933,suitesparse_all,Chen/pkustk08,pkustk08,22209,22209,3226671,64,row-major,N,N,1.0,0.0,20260922,main,pass,pass,0,0,413013888.0,0.16937,0.350412797928,0.519782797928,0.358881297928,1178.649554017895,794.5893739584865,1150.8370327028306,12.151026330081391,8.191643030499861,11.864299306214749,cuSPARSE 12.8.6,CUDA,13040,13000,2026-10-08T00:57:20.612028+00:00,derived,csr-alg3,0,0,,,,5,20,4,true
3,A100-SXM4-80GB-suitesparse_all-fp64-n64-row-major-cuSPARSE-SpMM-CSR-solve-only,cuSPARSE-SpMM-CSR-best-solve-only,cuSPARSE CUDA 13.4.1 CSR PER MATRIX BEST,per-matrix-best,cuSPARSE-SpMM-CSR,best,solve-only,"csr-alg1,csr-alg2,csr-alg3,csr-default",manual-selection,csr,CUSPARSE_SPMM_CSR_ALG3,library-preprocess,spmm.csr.fp64,fp64,A100-SXM4-80GB,A100-SXM4-80GB,,9700.0,df7f742d-c1c4-51c9-b7da-d151d8293f2c,suitesparse_all,Chen/pkustk09,pkustk09,33960,33960,1583640,64,row-major,N,N,1.0,0.0,20260922,main,pass,pass,0,0,202705920.0,0.22975,0.216371202469,0.446121202469,0.227858702469,936.8433399959598,454.37410030760776,889.6123685580013,9.658178762844946,4.684269075336163,9.171261531525786,cuSPARSE 12.8.6,CUDA,13040,13000,2026-10-08T22:49:23.649434+00:00,derived,csr-alg3,0,0,,,,5,20,4,true
3,A100-SXM4-80GB-suitesparse_all-fp64-n64-row-major-cuSPARSE-SpMM-CSR-solve-only,cuSPARSE-SpMM-CSR-best-solve-only,cuSPARSE CUDA 13.4.1 CSR PER MATRIX BEST,per-matrix-best,cuSPARSE-SpMM-CSR,best,solve-only,"csr-alg1,csr-alg2,csr-alg3,csr-default",manual-selection,csr,CUSPARSE_SPMM_CSR_ALG3,library-preprocess,spmm.csr.fp64,fp64,A100-SXM4-80GB,A100-SXM4-80GB,,9700.0,0edb0287-e1df-52fd-b14b-f9e504b96222,suitesparse_all,Chen/pkustk11,pkustk11,87804,87804,5217912,64,row-major,N,N,1.0,0.0,20260922,main,pass,pass,0,0,667892736.0,0.245741,0.693094396591,0.938835396591,0.705381446591,963.6389203044275,711.4055759137135,946.853279495545,9.934421858808532,7.3340781022032315,9.761374015417989,cuSPARSE 12.8.6,CUDA,13040,13000,2026-10-07T20:04:02.941803+00:00,derived,csr-alg3,0,0,,,,5,20,4,true
3,A100-SXM4-80GB-suitesparse_all-fp64-n64-row-major-cuSPARSE-SpMM-CSR-solve-only,cuSPARSE-SpMM-CSR-best-solve-only,cuSPARSE CUDA 13.4.1 CSR PER MATRIX BEST,per-matrix-best,cuSPARSE-SpMM-CSR,best,solve-only,"csr-alg1,csr-alg2,csr-alg3,csr-default",manual-selection,csr,CUSPARSE_SPMM_CSR_ALG2,library-preprocess,spmm.csr.fp64,fp64,A100-SXM4-80GB,A100-SXM4-80GB,,9700.0,1cb4d392-df77-5092-a407-ab8ee1286933,suitesparse_all,Chevron/Chevron4,Chevron4,711450,711450,6376412,64,row-major,N,N,1.0,0.0,20260922,main,pass,pass,0,0,816180736.0,0.76743,1.20294399261,1.97037399261,1.24131549261,678.4860650321311,414.22630376828585,657.5127281170815,6.994701701362177,4.270374265652432,6.778481733165788,cuSPARSE 12.8.6,CUDA,13040,13000,2026-10-08T00:00:34.859580+00:00,derived,csr-alg2,0,0,,,,5,20,4,true
3,A100-SXM4-80GB-suitesparse_all-fp64-n64-row-major-cuSPARSE-SpMM-CSR-solve-only,cuSPARSE-SpMM-CSR-best-solve-only,cuSPARSE CUDA 13.4.1 CSR PER MATRIX BEST,per-matrix-best,cuSPARSE-SpMM-CSR,best,solve-only,"csr-alg1,csr-alg2,csr-alg3,csr-default",manual-selection,csr,CUSPARSE_SPMM_CSR_ALG3,library-preprocess,spmm.csr.fp64,fp64,A100-SXM4-80GB,A100-SXM4-80GB,,9700.0,df7f742d-c1c4-51c9-b7da-d151d8293f2c,suitesparse_all,CPM/cz148,cz148,148,148,1527,64,row-major,N,N,1.0,0.0,20260922,main,pass,pass,0,0,195456.0,0.04694,0.00634879991412,0.0532887999141,0.00869579991412,30.786290739025745,3.667862671238035,22.477058112000012,0.31738444060851284,0.037813017229258096,0.2317222485773197,cuSPARSE 12.8.6,CUDA,13040,13000,2026-10-09T00:20:01.220424+00:00,derived,csr-alg3,0,0,,,,5,20,4,true
3,A100-SXM4-80GB-suitesparse_all-fp64-n64-row-major-cuSPARSE-SpMM-CSR-solve-only,cuSPARSE-SpMM-CSR-best-solve-only,cuSPARSE CUDA 13.4.1 CSR PER MATRIX BEST,per-matrix-best,cuSPARSE-SpMM-CSR,best,solve-only,"csr-alg1,csr-alg2,csr-alg3,csr-default",manual-selection,csr,CUSPARSE_SPMM_CSR_ALG2,library-preprocess,spmm.csr.fp64,fp64,A100-SXM4-80GB,A100-SXM4-80GB,,9700.0,1cb4d392-df77-5092-a407-ab8ee1286933,suitesparse_all,CPM/cz20468,cz20468,20468,20468,206076,64,row-major,N,N,1.0,0.0,20260922,main,pass,pass,0,0,26377728.0,0.069589,0.0428544014692,0.112443401469,0.0463338514692,615.5196921594625,234.58671345220898,569.2971156851562,6.345563836695489,2.4184197263114324,5.869042429743879,cuSPARSE 12.8.6,CUDA,13040,13000,2026-10-08T00:00:36.489523+00:00,derived,csr-alg2,0,0,,,,5,20,4,true
3,A100-SXM4-80GB-suitesparse_all-fp64-n64-row-major-cuSPARSE-SpMM-CSR-solve-only,cuSPARSE-SpMM-CSR-best-solve-only,cuSPARSE CUDA 13.4.1 CSR PER MATRIX BEST,per-matrix-best,cuSPARSE-SpMM-CSR,best,solve-only,"csr-alg1,csr-alg2,csr-alg3,csr-default",manual-selection,csr,CUSPARSE_SPMM_CSR_ALG2,library-preprocess,spmm.csr.fp64,fp64,A100-SXM4-80GB,A100-SXM4-80GB,,9700.0,df7f742d-c1c4-51c9-b7da-d151d8293f2c,suitesparse_all,CPM/cz40948,cz40948,40948,40948,412148,64,row-major,N,N,1.0,0.0,20260922,main,pass,pass,0,0,52754944.0,0.05445,0.1003008008,0.1547508008,0.1030233008,525.9673260754264,340.9025589998756,512.0680815926644,5.422343567787901,3.514459371132738,5.279052387553241,cuSPARSE 12.8.6,CUDA,13040,13000,2026-10-08T21:43:19.703871+00:00,derived,csr-alg2,0,0,,,,5,20,4,true
3,A100-SXM4-80GB-suitesparse_all-fp64-n64-row-major-cuSPARSE-SpMM-CSR-solve-only,cuSPARSE-SpMM-CSR-best-solve-only,cuSPARSE CUDA 13.4.1 CSR PER MATRIX BEST,per-matrix-best,cuSPARSE-SpMM-CSR,best,solve-only,"csr-alg1,csr-alg2,csr-alg3,csr-default",manual-selection,csr,CUSPARSE_SPMM_CSR_ALG3,library-preprocess,spmm.csr.fp64,fp64,A100-SXM4-80GB,A100-SXM4-80GB,,9700.0,0edb0287-e1df-52fd-b14b-f9e504b96222,suitesparse_all,CPM/cz628,cz628,628,628,6346,64,row-major,N,N,1.0,0.0,20260922,main,pass,pass,0,0,812288.0,0.05603,0.00768000036478,0.0637100003648,0.0104815003648,105.76666164302569,12.749772333211162,77.49730207784994,1.090377955082739,0.13144095188877486,0.7989412585345355,cuSPARSE 12.8.6,CUDA,13040,13000,2026-10-07T21:26:34.345469+00:00,derived,csr-alg3,0,0,,,,5,20,4,true
3,A100-SXM4-80GB-suitesparse_all-fp64-n64-row-major-cuSPARSE-SpMM-CSR-solve-only,cuSPARSE-SpMM-CSR-best-solve-only,cuSPARSE CUDA 13.4.1 CSR PER MATRIX BEST,per-matrix-best,cuSPARSE-SpMM-CSR,best,solve-only,"csr-alg1,csr-alg2,csr-alg3,csr-default",manual-selection,csr,CUSPARSE_SPMM_CSR_ALG3,library-preprocess,spmm.csr.fp64,fp64,A100-SXM4-80GB,A100-SXM4-80GB,,9700.0,1cb4d392-df77-5092-a407-ab8ee1286933,suitesparse_all,Cylshell/s2rmq4m1,s2rmq4m1,5489,5489,281111,64,row-major,N,N,1.0,0.0,20260922,main,pass,pass,0,0,35982208.0,0.07813,0.0348159998655,0.112945999866,0.0387224998655,1033.49632752198,318.5788610724556,929.2325682737886,10.654601314659587,3.2843181553861402,9.579717198698852,cuSPARSE 12.8.6,CUDA,13040,13000,2026-10-08T01:05:34.104173+00:00,derived,csr-alg3,0,0,,,,5,20,4,true
3,A100-SXM4-80GB-suitesparse_all-fp64-n64-row-major-cuSPARSE-SpMM-CSR-solve-only,cuSPARSE-SpMM-CSR-best-solve-only,cuSPARSE CUDA 13.4.1 CSR PER MATRIX BEST,per-matrix-best,cuSPARSE-SpMM-CSR,best,solve-only,"csr-alg1,csr-alg2,csr-alg3,csr-default",manual-selection,csr,CUSPARSE_SPMM_CSR_ALG3,library-preprocess,spmm.csr.fp64,fp64,A100-SXM4-80GB,A100-SXM4-80GB,,9700.0,0edb0287-e1df-52fd-b14b-f9e504b96222,suitesparse_all,Cylshell/s2rmt3m1,s2rmt3m1,5489,5489,219521,64,row-major,N,N,1.0,0.0,20260922,main,pass,pass,0,0,28098688.0,0.11372,0.0296447992325,0.143364799232,0.0353307992325,947.8454476829454,195.99433159690278,795.3029257869903,9.771602553432427,2.020560119555699,8.198999234917427,cuSPARSE 12.8.6,CUDA,13040,13000,2026-10-07T20:13:08.422793+00:00,derived,csr-alg3,0,0,,,,5,20,4,true
3,A100-SXM4-80GB-suitesparse_all-fp64-n64-row-major-cuSPARSE-SpMM-CSR-solve-only,cuSPARSE-SpMM-CSR-best-solve-only,cuSPARSE CUDA 13.4.1 CSR PER MATRIX BEST,per-matrix-best,cuSPARSE-SpMM-CSR,best,solve-only,"csr-alg1,csr-alg2,csr-alg3,csr-default",manual-selection,csr,CUSPARSE_SPMM_CSR_ALG3,library-preprocess,spmm.csr.fp64,fp64,A100-SXM4-80GB,A100-SXM4-80GB,,9700.0,df7f742d-c1c4-51c9-b7da-d151d8293f2c,suitesparse_all,Cylshell/s3rmq4m1,s3rmq4m1,5489,5489,281111,64,row-major,N,N,1.0,0.0,20260922,main,pass,pass,0,0,35982208.0,0.15351,0.0343567997217,0.187866799722,0.0420322997217,1047.3096531535614,191.53042503116814,856.0608921767723,10.79700673354187,1.9745404642388467,8.825370022440952,cuSPARSE 12.8.6,CUDA,13040,13000,2026-10-08T22:58:40.064910+00:00,derived,csr-alg3,0,0,,,,5,20,4,true
3,A100-SXM4-80GB-suitesparse_all-fp64-n64-row-major-cuSPARSE-SpMM-CSR-solve-only,cuSPARSE-SpMM-CSR-best-solve-only,cuSPARSE CUDA 13.4.1 CSR PER MATRIX BEST,per-matrix-best,cuSPARSE-SpMM-CSR,best,solve-only,"csr-alg1,csr-alg2,csr-alg3,csr-default",manual-selection,csr,CUSPARSE_SPMM_CSR_ALG3,library-preprocess,spmm.csr.fp64,fp64,A100-SXM4-80GB,A100-SXM4-80GB,,9700.0,df7f742d-c1c4-51c9-b7da-d151d8293f2c,suitesparse_all,Dattorro/EternityII_A,EternityII_A,7362,150638,782087,64,row-major,N,N,1.0,0.0,20260922,main,pass,pass,0,0,100107136.0,0.12892,0.203520011902,0.332440011902,0.209966011902,491.87858758677794,301.128421417307,476.77781319542436,5.070913274090494,3.10441671564234,4.915235187581694,cuSPARSE 12.8.6,CUDA,13040,13000,2026-10-08T23:17:42.951914+00:00,derived,csr-alg3,0,0,,,,5,20,4,true
3,A100-SXM4-80GB-suitesparse_all-fp64-n64-row-major-cuSPARSE-SpMM-CSR-solve-only,cuSPARSE-SpMM-CSR-best-solve-only,cuSPARSE CUDA 13.4.1 CSR PER MATRIX BEST,per-matrix-best,cuSPARSE-SpMM-CSR,best,solve-only,"csr-alg1,csr-alg2,csr-alg3,csr-default",manual-selection,csr,CUSPARSE_SPMM_CSR_ALG3,library-preprocess,spmm.csr.fp64,fp64,A100-SXM4-80GB,A100-SXM4-80GB,,9700.0,1cb4d392-df77-5092-a407-ab8ee1286933,suitesparse_all,Dattorro/EternityII_Etilde,EternityII_Etilde,10054,204304,1170516,64,row-major,N,N,1.0,0.0,20260922,main,pass,pass,0,0,149826048.0,0.32386,0.324710392952,0.648570392952,0.340903392952,461.41439033689295,231.00969397949137,439.4970865575863,4.756849384916422,2.381543236901973,4.530897799562745,cuSPARSE 12.8.6,CUDA,13040,13000,2026-10-08T01:21:28.519307+00:00,derived,csr-alg3,0,0,,,,5,20,4,true
3,A100-SXM4-80GB-suitesparse_all-fp64-n64-row-major-cuSPARSE-SpMM-CSR-solve-only,cuSPARSE-SpMM-CSR-best-solve-only,cuSPARSE CUDA 13.4.1 CSR PER MATRIX BEST,per-matrix-best,cuSPARSE-SpMM-CSR,best,solve-only,"csr-alg1,csr-alg2,csr-alg3,csr-default",manual-selection,csr,CUSPARSE_SPMM_CSR_ALG2,library-preprocess,spmm.csr.fp64,fp64,A100-SXM4-80GB,A100-SXM4-80GB,,9700.0,0edb0287-e1df-52fd-b14b-f9e504b96222,suitesparse_all,Dehghani/light_in_tissue,light_in_tissue,29282,29282,406084,64,row-major,N,N,1.0,0.0,20260922,main,pass,pass,0,0,51978752.0,0.04508,0.0968191981316,0.141899198132,0.0990731981316,536.864103432758,366.3075809043502,524.6499858716185,5.534681478688228,3.776366813446909,5.40876274094452,cuSPARSE 12.8.6,CUDA,13040,13000,2026-10-07T17:58:06.823908+00:00,derived,csr-alg2,0,0,,,,5,20,4,true
3,A100-SXM4-80GB-suitesparse_all-fp64-n64-row-major-cuSPARSE-SpMM-CSR-solve-only,cuSPARSE-SpMM-CSR-best-solve-only,cuSPARSE CUDA 13.4.1 CSR PER MATRIX BEST,per-matrix-best,cuSPARSE-SpMM-CSR,best,solve-only,"csr-alg1,csr-alg2,csr-alg3,csr-default",manual-selection,csr,CUSPARSE_SPMM_CSR_ALG2,library-preprocess,spmm.csr.fp64,fp64,A100-SXM4-80GB,A100-SXM4-80GB,,9700.0,0edb0287-e1df-52fd-b14b-f9e504b96222,suitesparse_all,DIMACS10/333SP,333SP,3712815,3712815,22217266,64,row-major,N,N,1.0,0.0,20260922,main,pass,pass,0,0,2843810048.0,0.50458,7.85781784058,8.36239784058,7.88304684058,361.90837019837215,340.07112579599044,360.7501142021332,3.7310141257564142,3.505887894804025,3.719073342290033,cuSPARSE 12.8.6,CUDA,13040,13000,2026-10-07T19:12:43.243699+00:00,derived,csr-alg2,0,0,,,,5,20,4,true
3,A100-SXM4-80GB-suitesparse_all-fp64-n64-row-major-cuSPARSE-SpMM-CSR-solve-only,cuSPARSE-SpMM-CSR-best-solve-only,cuSPARSE CUDA 13.4.1 CSR PER MATRIX BEST,per-matrix-best,cuSPARSE-SpMM-CSR,best,solve-only,"csr-alg1,csr-alg2,csr-alg3,csr-default",manual-selection,csr,CUSPARSE_SPMM_CSR_ALG3,library-preprocess,spmm.csr.fp64,fp64,A100-SXM4-80GB,A100-SXM4-80GB,,9700.0,1cb4d392-df77-5092-a407-ab8ee1286933,suitesparse_all,DIMACS10/598a,598a,110971,110971,1483868,64,row-major,N,N,1.0,0.0,20260922,main,pass,pass,0,0,189935104.0,0.2372,0.48639998436,0.72359998436,0.49825998436,390.4915915034714,262.48632960929547,381.1967847347122,4.025686510345066,2.706044635147376,3.9298637601516724,cuSPARSE 12.8.6,CUDA,13040,13000,2026-10-08T02:01:42.735492+00:00,derived,csr-alg3,0,0,,,,5,20,4,true
3,A100-SXM4-80GB-suitesparse_all-fp64-n64-row-major-cuSPARSE-SpMM-CSR-solve-only,cuSPARSE-SpMM-CSR-best-solve-only,cuSPARSE CUDA 13.4.1 CSR PER MATRIX BEST,per-matrix-best,cuSPARSE-SpMM-CSR,best,solve-only,"csr-alg1,csr-alg2,csr-alg3,csr-default",manual-selection,csr,CUSPARSE_SPMM_CSR_ALG2,library-preprocess,spmm.csr.fp64,fp64,A100-SXM4-80GB,A100-SXM4-80GB,,9700.0,df7f742d-c1c4-51c9-b7da-d151d8293f2c,suitesparse_all,DIMACS10/adaptive,adaptive,6815744,6815744,27248640,64,row-major,N,N,1.0,0.0,20260922,main,pass,pass,0,0,3487825920.0,0.654361,9.86460189819,10.5189628982,9.89731994819,353.5698608009677,331.57507577071453,352.4010477844405,3.6450501113501828,3.418299750213552,3.633000492623098,cuSPARSE 12.8.6,CUDA,13040,13000,2026-10-08T21:22:38.951170+00:00,derived,csr-alg2,0,0,,,,5,20,4,true
3,A100-SXM4-80GB-suitesparse_all-fp64-n64-row-major-cuSPARSE-SpMM-CSR-solve-only,cuSPARSE-SpMM-CSR-best-solve-only,cuSPARSE CUDA 13.4.1 CSR PER MATRIX BEST,per-matrix-best,cuSPARSE-SpMM-CSR,best,solve-only,"csr-alg1,csr-alg2,csr-alg3,csr-default",manual-selection,csr,CUSPARSE_SPMM_CSR_ALG2,library-preprocess,spmm.csr.fp64,fp64,A100-SXM4-80GB,A100-SXM4-80GB,,9700.0,1cb4d392-df77-5092-a407-ab8ee1286933,suitesparse_all,DIMACS10/ak2010,ak2010,45292,45292,217098,64,row-major,N,N,1.0,0.0,20260922,main,pass,pass,0,0,27788544.0,0.0583,0.0872448027134,0.145544802713,0.0901598027134,318.5123140376124,190.927765760185,308.21433902572113,3.2836321034805405,1.9683274820637628,3.1774674126363007,cuSPARSE 12.8.6,CUDA,13040,13000,2026-10-08T00:00:42.214259+00:00,derived,csr-alg2,0,0,,,,5,20,4,true
3,A100-SXM4-80GB-suitesparse_all-fp64-n64-row-major-cuSPARSE-SpMM-CSR-solve-only,cuSPARSE-SpMM-CSR-best-solve-only,cuSPARSE CUDA 13.4.1 CSR PER MATRIX BEST,per-matrix-best,cuSPARSE-SpMM-CSR,best,solve-only,"csr-alg1,csr-alg2,csr-alg3,csr-default",manual-selection,csr,CUSPARSE_SPMM_CSR_ALG2,library-preprocess,spmm.csr.fp64,fp64,A100-SXM4-80GB,A100-SXM4-80GB,,9700.0,df7f742d-c1c4-51c9-b7da-d151d8293f2c,suitesparse_all,DIMACS10/al2010,al2010,252266,252266,1230482,64,row-major,N,N,1.0,0.0,20260922,main,pass,pass,0,0,157501696.0,0.12598,0.410675191879,0.536655191879,0.416974191879,383.5188955032029,293.48769635217093,377.7252862827174,3.9538030464247718,3.025646354146092,3.894075116316674,cuSPARSE 12.8.6,CUDA,13040,13000,2026-10-08T21:43:29.769114+00:00,derived,csr-alg2,0,0,,,,5,20,4,true
3,A100-SXM4-80GB-suitesparse_all-fp64-n64-row-major-cuSPARSE-SpMM-CSR-solve-only,cuSPARSE-SpMM-CSR-best-solve-only,cuSPARSE CUDA 13.4.1 CSR PER MATRIX BEST,per-matrix-best,cuSPARSE-SpMM-CSR,best,solve-only,"csr-alg1,csr-alg2,csr-alg3,csr-default",manual-selection,csr,CUSPARSE_SPMM_CSR_ALG2,library-preprocess,spmm.csr.fp64,fp64,A100-SXM4-80GB,A100-SXM4-80GB,,9700.0,df7f742d-c1c4-51c9-b7da-d151d8293f2c,suitesparse_all,DIMACS10/auto,auto,448695,448695,6629222,64,row-major,N,N,1.0,0.0,20260922,main,pass,pass,0,0,848540416.0,0.59446,1.99521274567,2.58967274567,2.02493574567,425.288189363013,327.6631834731943,419.0456007379332,4.384414323330031,3.3779709636411783,4.320057739566322,cuSPARSE 12.8.6,CUDA,13040,13000,2026-10-08T21:38:28.006421+00:00,derived,csr-alg2,0,0,,,,5,20,4,true
3,A100-SXM4-80GB-suitesparse_all-fp64-n64-row-major-cuSPARSE-SpMM-CSR-solve-only,cuSPARSE-SpMM-CSR-best-solve-only,cuSPARSE CUDA 13.4.1 CSR PER MATRIX BEST,per-matrix-best,cuSPARSE-SpMM-CSR,best,solve-only,"csr-alg1,csr-alg2,csr-alg3,csr-default",manual-selection,csr,CUSPARSE_SPMM_CSR_ALG2,library-preprocess,spmm.csr.fp64,fp64,A100-SXM4-80GB,A100-SXM4-80GB,,9700.0,0edb0287-e1df-52fd-b14b-f9e504b96222,suitesparse_all,DIMACS10/az2010,az2010,241666,241666,1196094,64,row-major,N,N,1.0,0.0,20260922,main,pass,pass,0,0,153100032.0,0.080611,0.414924812317,0.495535812317,0.418955362317,368.98259023138996,308.9585620142024,365.43280208490995,3.8039442291895877,3.185139814579406,3.767348475102165,cuSPARSE 12.8.6,CUDA,13040,13000,2026-10-07T19:12:49.418043+00:00,derived,csr-alg2,0,0,,,,5,20,4,true
3,A100-SXM4-80GB-suitesparse_all-fp64-n64-row-major-cuSPARSE-SpMM-CSR-solve-only,cuSPARSE-SpMM-CSR-best-solve-only,cuSPARSE CUDA 13.4.1 CSR PER MATRIX BEST,per-matrix-best,cuSPARSE-SpMM-CSR,best,solve-only,"csr-alg1,csr-alg2,csr-alg3,csr-default",manual-selection,csr,CUSPARSE_SPMM_CSR_ALG2,library-preprocess,spmm.csr.fp64,fp64,A100-SXM4-80GB,A100-SXM4-80GB,,9700.0,1cb4d392-df77-5092-a407-ab8ee1286933,suitesparse_all,DIMACS10/belgium_osm,belgium_osm,1441295,1441295,3099940,64,row-major,N,N,1.0,0.0,20260922,main,pass,pass,0,0,396792320.0,0.43073,3.5211265564,3.9518565564,3.5426630564,112.68902541398015,100.40655938217141,112.00396811183457,1.1617425300410325,1.035119168888365,1.1546800836271605,cuSPARSE 12.8.6,CUDA,13040,13000,2026-10-07T23:54:35.220276+00:00,derived,csr-alg2,0,0,,,,5,20,4,true
3,A100-SXM4-80GB-suitesparse_all-fp64-n64-row-major-cuSPARSE-SpMM-CSR-solve-only,cuSPARSE-SpMM-CSR-best-solve-only,cuSPARSE CUDA 13.4.1 CSR PER MATRIX BEST,per-matrix-best,cuSPARSE-SpMM-CSR,best,solve-only,"csr-alg1,csr-alg2,csr-alg3,csr-default",manual-selection,csr,CUSPARSE_SPMM_CSR_ALG3,library-preprocess,spmm.csr.fp64,fp64,A100-SXM4-80GB,A100-SXM4-80GB,,9700.0,0edb0287-e1df-52fd-b14b-f9e504b96222,suitesparse_all,DIMACS10/chesapeake,chesapeake,39,39,340,64,row-major,N,N,1.0,0.0,20260922,main,pass,pass,0,0,43520.0,0.04783,0.00793600007892,0.0557660000789,0.0103275000789,5.483870913207272,0.7804038291867111,4.213991737353286,0.05653475168254919,0.008045400300893929,0.04344321378714728,cuSPARSE 12.8.6,CUDA,13040,13000,2026-10-07T21:09:51.106360+00:00,derived,csr-alg3,0,0,,,,5,20,4,true
3,A100-SXM4-80GB-suitesparse_all-fp64-n64-row-major-cuSPARSE-SpMM-CSR-solve-only,cuSPARSE-SpMM-CSR-best-solve-only,cuSPARSE CUDA 13.4.1 CSR PER MATRIX BEST,per-matrix-best,cuSPARSE-SpMM-CSR,best,solve-only,"csr-alg1,csr-alg2,csr-alg3,csr-default",manual-selection,csr,CUSPARSE_SPMM_CSR_ALG3,library-preprocess,spmm.csr.fp64,fp64,A100-SXM4-80GB,A100-SXM4-80GB,,9700.0,1cb4d392-df77-5092-a407-ab8ee1286933,suitesparse_all,DIMACS10/coAuthorsDBLP,coAuthorsDBLP,299067,299067,1955352,64,row-major,N,N,1.0,0.0,20260922,main,pass,pass,0,0,250285056.0,0.56951,1.05047044754,1.61998044754,1.07894594754,238.25996874649786,154.49881285917192,231.97182080404554,2.4562883375927616,1.5927712665894014,2.3914620701447995,cuSPARSE 12.8.6,CUDA,13040,13000,2026-10-08T01:46:30.707475+00:00,derived,csr-alg3,0,0,,,,5,20,4,true
3,A100-SXM4-80GB-suitesparse_all-fp64-n64-row-major-cuSPARSE-SpMM-CSR-solve-only,cuSPARSE-SpMM-CSR-best-solve-only,cuSPARSE CUDA 13.4.1 CSR PER MATRIX BEST,per-matrix-best,cuSPARSE-SpMM-CSR,best,solve-only,"csr-alg1,csr-alg2,csr-alg3,csr-default",manual-selection,csr,CUSPARSE_SPMM_CSR_ALG3,library-preprocess,spmm.csr.fp64,fp64,A100-SXM4-80GB,A100-SXM4-80GB,,9700.0,df7f742d-c1c4-51c9-b7da-d151d8293f2c,suitesparse_all,DIMACS10/coPapersCiteseer,coPapersCiteseer,434102,434102,32073440,64,row-major,N,N,1.0,0.0,20260922,main,pass,pass,0,0,4105400320.0,0.77723,5.67639045715,6.45362045715,5.71525195715,723.2413539891048,636.1391016497732,718.3235928669753,7.45609643287737,6.558135068554363,7.405397864607993,cuSPARSE 12.8.6,CUDA,13040,13000,2026-10-08T23:44:27.121233+00:00,derived,csr-alg3,0,0,,,,5,20,4,true
3,A100-SXM4-80GB-suitesparse_all-fp64-n64-row-major-cuSPARSE-SpMM-CSR-solve-only,cuSPARSE-SpMM-CSR-best-solve-only,cuSPARSE CUDA 13.4.1 CSR PER MATRIX BEST,per-matrix-best,cuSPARSE-SpMM-CSR,best,solve-only,"csr-alg1,csr-alg2,csr-alg3,csr-default",manual-selection,csr,CUSPARSE_SPMM_CSR_ALG3,library-preprocess,spmm.csr.fp64,fp64,A100-SXM4-80GB,A100-SXM4-80GB,,9700.0,0edb0287-e1df-52fd-b14b-f9e504b96222,suitesparse_all,DIMACS10/cti,cti,16840,16840,96464,64,row-major,N,N,1.0,0.0,20260922,main,pass,pass,0,0,12347392.0,0.342151,0.0334847986698,0.37563579867,0.0505923486698,368.7461920186528,32.87064769576798,244.05650903039623,3.801507134212915,0.33887265665740185,2.5160464848494457,cuSPARSE 12.8.6,CUDA,13040,13000,2026-10-07T21:23:47.164065+00:00,derived,csr-alg3,0,0,,,,5,20,4,true
3,A100-SXM4-80GB-suitesparse_all-fp64-n64-row-major-cuSPARSE-SpMM-CSR-solve-only,cuSPARSE-SpMM-CSR-best-solve-only,cuSPARSE CUDA 13.4.1 CSR PER MATRIX BEST,per-matrix-best,cuSPARSE-SpMM-CSR,best,solve-only,"csr-alg1,csr-alg2,csr-alg3,csr-default",manual-selection,csr,CUSPARSE_SPMM_CSR_ALG3,library-preprocess,spmm.csr.fp64,fp64,A100-SXM4-80GB,A100-SXM4-80GB,,9700.0,0edb0287-e1df-52fd-b14b-f9e504b96222,suitesparse_all,DIMACS10/delaunay_n10,delaunay_n10,1024,1024,6112,64,row-major,N,N,1.0,0.0,20260922,main,pass,pass,0,0,782336.0,0.05085,0.00747520029545,0.0583252002954,0.0100177002954,104.65753011008839,13.413344421239843,78.09536889012728,1.0789436093823546,0.1382819012498953,0.8051068957745079,cuSPARSE 12.8.6,CUDA,13040,13000,2026-10-07T21:09:52.358039+00:00,derived,csr-alg3,0,0,,,,5,20,4,true
3,A100-SXM4-80GB-suitesparse_all-fp64-n64-row-major-cuSPARSE-SpMM-CSR-solve-only,cuSPARSE-SpMM-CSR-best-solve-only,cuSPARSE CUDA 13.4.1 CSR PER MATRIX BEST,per-matrix-best,cuSPARSE-SpMM-CSR,best,solve-only,"csr-alg1,csr-alg2,csr-alg3,csr-default",manual-selection,csr,CUSPARSE_SPMM_CSR_ALG2,library-preprocess,spmm.csr.fp64,fp64,A100-SXM4-80GB,A100-SXM4-80GB,,9700.0,1cb4d392-df77-5092-a407-ab8ee1286933,suitesparse_all,DIMACS10/delaunay_n15,delaunay_n15,32768,32768,196548,64,row-major,N,N,1.0,0.0,20260922,main,pass,pass,0,0,25158144.0,0.11362,0.0602623999119,0.173882399912,0.0659433999119,417.4766361243444,144.68482153876565,381.5111752443935,4.3038828466427255,1.4915960983377903,3.933104899426737,cuSPARSE 12.8.6,CUDA,13040,13000,2026-10-07T23:39:11.239212+00:00,derived,csr-alg2,0,0,,,,5,20,4,true
3,A100-SXM4-80GB-suitesparse_all-fp64-n64-row-major-cuSPARSE-SpMM-CSR-solve-only,cuSPARSE-SpMM-CSR-best-solve-only,cuSPARSE CUDA 13.4.1 CSR PER MATRIX BEST,per-matrix-best,cuSPARSE-SpMM-CSR,best,solve-only,"csr-alg1,csr-alg2,csr-alg3,csr-default",manual-selection,csr,CUSPARSE_SPMM_CSR_ALG2,library-preprocess,spmm.csr.fp64,fp64,A100-SXM4-80GB,A100-SXM4-80GB,,9700.0,df7f742d-c1c4-51c9-b7da-d151d8293f2c,suitesparse_all,DIMACS10/delaunay_n16,delaunay_n16,65536,65536,393150,64,row-major,N,N,1.0,0.0,20260922,main,pass,pass,0,0,50323200.0,0.07305,0.130150401592,0.203200401592,0.133802901592,386.65420455447315,247.65305386080115,376.099467210723,3.9861258201492076,2.5531242666061975,3.877314094955907,cuSPARSE 12.8.6,CUDA,13040,13000,2026-10-08T21:08:57.230604+00:00,derived,csr-alg2,0,0,,,,5,20,4,true
3,A100-SXM4-80GB-suitesparse_all-fp64-n64-row-major-cuSPARSE-SpMM-CSR-solve-only,cuSPARSE-SpMM-CSR-best-solve-only,cuSPARSE CUDA 13.4.1 CSR PER MATRIX BEST,per-matrix-best,cuSPARSE-SpMM-CSR,best,solve-only,"csr-alg1,csr-alg2,csr-alg3,csr-default",manual-selection,csr,CUSPARSE_SPMM_CSR_ALG2,library-preprocess,spmm.csr.fp64,fp64,A100-SXM4-80GB,A100-SXM4-80GB,,9700.0,0edb0287-e1df-52fd-b14b-f9e504b96222,suitesparse_all,DIMACS10/delaunay_n18,delaunay_n18,262144,262144,1572792,64,row-major,N,N,1.0,0.0,20260922,main,pass,pass,0,0,201317376.0,0.08332,0.457961606979,0.541281606979,0.462127606979,439.59443964749534,371.9272434243466,435.63157223184083,4.5319014396649,3.8343014786015117,4.49104713641073,cuSPARSE 12.8.6,CUDA,13040,13000,2026-10-07T18:52:33.062327+00:00,derived,csr-alg2,0,0,,,,5,20,4,true
3,A100-SXM4-80GB-suitesparse_all-fp64-n64-row-major-cuSPARSE-SpMM-CSR-solve-only,cuSPARSE-SpMM-CSR-best-solve-only,cuSPARSE CUDA 13.4.1 CSR PER MATRIX BEST,per-matrix-best,cuSPARSE-SpMM-CSR,best,solve-only,"csr-alg1,csr-alg2,csr-alg3,csr-default",manual-selection,csr,CUSPARSE_SPMM_CSR_ALG2,library-preprocess,spmm.csr.fp64,fp64,A100-SXM4-80GB,A100-SXM4-80GB,,9700.0,1cb4d392-df77-5092-a407-ab8ee1286933,suitesparse_all,DIMACS10/delaunay_n23,delaunay_n23,8388608,8388608,50331568,64,row-major,N,N,1.0,0.0,20260922,main,pass,pass,0,0,6442440704.0,0.64961,12.8534103394,13.5030203394,12.8858908394,501.2242302925447,477.11108641389086,499.96083191249323,5.167260106108708,4.918670993957638,5.154235380541167,cuSPARSE 12.8.6,CUDA,13040,13000,2026-10-07T23:43:19.825002+00:00,derived,csr-alg2,0,0,,,,5,20,4,true
3,A100-SXM4-80GB-suitesparse_all-fp64-n64-row-major-cuSPARSE-SpMM-CSR-solve-only,cuSPARSE-SpMM-CSR-best-solve-only,cuSPARSE CUDA 13.4.1 CSR PER MATRIX BEST,per-matrix-best,cuSPARSE-SpMM-CSR,best,solve-only,"csr-alg1,csr-alg2,csr-alg3,csr-default",manual-selection,csr,CUSPARSE_SPMM_CSR_ALG2,library-preprocess,spmm.csr.fp64,fp64,A100-SXM4-80GB,A100-SXM4-80GB,,9700.0,df7f742d-c1c4-51c9-b7da-d151d8293f2c,suitesparse_all,DIMACS10/delaunay_n24,delaunay_n24,16777216,16777216,100663202,64,row-major,N,N,1.0,0.0,20260922,main,pass,pass,0,0,12884889856.0,0.39475,25.7184265137,26.1131765137,25.7381640137,500.9983736421948,493.42483666206135,500.614179361884,5.164931687032936,5.086853986206818,5.160970921256536,cuSPARSE 12.8.6,CUDA,13040,13000,2026-10-08T21:17:25.523627+00:00,derived,csr-alg2,0,0,,,,5,20,4,true
3,A100-SXM4-80GB-suitesparse_all-fp64-n64-row-major-cuSPARSE-SpMM-CSR-solve-only,cuSPARSE-SpMM-CSR-best-solve-only,cuSPARSE CUDA 13.4.1 CSR PER MATRIX BEST,per-matrix-best,cuSPARSE-SpMM-CSR,best,solve-only,"csr-alg1,csr-alg2,csr-alg3,csr-default",manual-selection,csr,CUSPARSE_SPMM_CSR_ALG2,library-preprocess,spmm.csr.fp64,fp64,A100-SXM4-80GB,A100-SXM4-80GB,,9700.0,df7f742d-c1c4-51c9-b7da-d151d8293f2c,suitesparse_all,DIMACS10/europe_osm,europe_osm,50912018,50912018,108109320,64,row-major,N,N,1.0,0.0,20260922,main,pass,pass,0,0,13837992960.0,0.71686,55.0478820801,55.7647420801,55.0837250801,251.38102388506755,248.14950170706834,251.21745016114073,2.5915569472687374,2.5582422856398797,2.589870620217946,cuSPARSE 12.8.6,CUDA,13040,13000,2026-10-08T21:38:06.799278+00:00,derived,csr-alg2,0,0,,,,5,20,4,true
3,A100-SXM4-80GB-suitesparse_all-fp64-n64-row-major-cuSPARSE-SpMM-CSR-solve-only,cuSPARSE-SpMM-CSR-best-solve-only,cuSPARSE CUDA 13.4.1 CSR PER MATRIX BEST,per-matrix-best,cuSPARSE-SpMM-CSR,best,solve-only,"csr-alg1,csr-alg2,csr-alg3,csr-default",manual-selection,csr,CUSPARSE_SPMM_CSR_ALG3,library-preprocess,spmm.csr.fp64,fp64,A100-SXM4-80GB,A100-SXM4-80GB,,9700.0,1cb4d392-df77-5092-a407-ab8ee1286933,suitesparse_all,DIMACS10/fe_rotor,fe_rotor,99617,99617,1324862,64,row-major,N,N,1.0,0.0,20260922,main,pass,pass,0,0,169582336.0,0.227591,0.399923205376,0.627514205376,0.411302755376,424.03724945283426,270.2446168503676,412.3053730699499,4.371518035596229,2.786026977838841,4.250570856391236,cuSPARSE 12.8.6,CUDA,13040,13000,2026-10-08T02:01:47.283901+00:00,derived,csr-alg3,0,0,,,,5,20,4,true
3,A100-SXM4-80GB-suitesparse_all-fp64-n64-row-major-cuSPARSE-SpMM-CSR-solve-only,cuSPARSE-SpMM-CSR-best-solve-only,cuSPARSE CUDA 13.4.1 CSR PER MATRIX BEST,per-matrix-best,cuSPARSE-SpMM-CSR,best,solve-only,"csr-alg1,csr-alg2,csr-alg3,csr-default",manual-selection,csr,CUSPARSE_SPMM_CSR_ALG3,library-preprocess,spmm.csr.fp64,fp64,A100-SXM4-80GB,A100-SXM4-80GB,,9700.0,df7f742d-c1c4-51c9-b7da-d151d8293f2c,suitesparse_all,DIMACS10/fe_sphere,fe_sphere,16386,16386,98304,64,row-major,N,N,1.0,0.0,20260922,main,pass,pass,0,0,12582912.0,0.27472,0.0279119998217,0.302631999822,0.0416479998217,450.8065377034539,41.578260089484694,302.12524140100203,4.647490079417051,0.42864185659262577,3.1146932103196088,cuSPARSE 12.8.6,CUDA,13040,13000,2026-10-09T00:14:55.259729+00:00,derived,csr-alg3,0,0,,,,5,20,4,true
3,A100-SXM4-80GB-suitesparse_all-fp64-n64-row-major-cuSPARSE-SpMM-CSR-solve-only,cuSPARSE-SpMM-CSR-best-solve-only,cuSPARSE CUDA 13.4.1 CSR PER MATRIX BEST,per-matrix-best,cuSPARSE-SpMM-CSR,best,solve-only,"csr-alg1,csr-alg2,csr-alg3,csr-default",manual-selection,csr,CUSPARSE_SPMM_CSR_ALG2,library-preprocess,spmm.csr.fp64,fp64,A100-SXM4-80GB,A100-SXM4-80GB,,9700.0,1cb4d392-df77-5092-a407-ab8ee1286933,suitesparse_all,DIMACS10/fl2010,fl2010,484481,484481,2346294,64,row-major,N,N,1.0,0.0,20260922,main,pass,pass,0,0,300325632.0,7.969783,0.763852787018,8.73363578702,1.16234193702,393.1721361814223,34.387240242642854,258.37976109678334,4.053320991561055,0.3545076313674521,2.6637088772864264,cuSPARSE 12.8.6,CUDA,13040,13000,2026-10-08T00:00:54.580367+00:00,derived,csr-alg2,0,0,,,,5,20,4,true
3,A100-SXM4-80GB-suitesparse_all-fp64-n64-row-major-cuSPARSE-SpMM-CSR-solve-only,cuSPARSE-SpMM-CSR-best-solve-only,cuSPARSE CUDA 13.4.1 CSR PER MATRIX BEST,per-matrix-best,cuSPARSE-SpMM-CSR,best,solve-only,"csr-alg1,csr-alg2,csr-alg3,csr-default",manual-selection,csr,CUSPARSE_SPMM_CSR_ALG2,library-preprocess,spmm.csr.fp64,fp64,A100-SXM4-80GB,A100-SXM4-80GB,,9700.0,1cb4d392-df77-5092-a407-ab8ee1286933,suitesparse_all,DIMACS10/G_n_pin_pout,G_n_pin_pout,100000,100000,1002396,64,row-major,N,N,1.0,0.0,20260922,main,pass,pass,0,0,128306688.0,0.04982,0.323686408997,0.373506408997,0.326177408997,396.39195355029307,343.51937452572747,393.3647287055987,4.086514985054568,3.5414368507806957,4.055306481501017,cuSPARSE 12.8.6,CUDA,13040,13000,2026-10-08T00:00:40.549891+00:00,derived,csr-alg2,0,0,,,,5,20,4,true
3,A100-SXM4-80GB-suitesparse_all-fp64-n64-row-major-cuSPARSE-SpMM-CSR-solve-only,cuSPARSE-SpMM-CSR-best-solve-only,cuSPARSE CUDA 13.4.1 CSR PER MATRIX BEST,per-matrix-best,cuSPARSE-SpMM-CSR,best,solve-only,"csr-alg1,csr-alg2,csr-alg3,csr-default",manual-selection,csr,CUSPARSE_SPMM_CSR_ALG2,library-preprocess,spmm.csr.fp64,fp64,A100-SXM4-80GB,A100-SXM4-80GB,,9700.0,df7f742d-c1c4-51c9-b7da-d151d8293f2c,suitesparse_all,DIMACS10/ga2010,ga2010,291086,291086,1418056,64,row-major,N,N,1.0,0.0,20260922,main,pass,pass,0,0,181511168.0,0.07756,0.468070411682,0.545630411682,0.471948411682,387.7860327631988,332.66321692088326,384.59959501315717,3.997794152197926,3.4295177002152912,3.9649442784861564,cuSPARSE 12.8.6,CUDA,13040,13000,2026-10-08T21:43:37.255394+00:00,derived,csr-alg2,0,0,,,,5,20,4,true
3,A100-SXM4-80GB-suitesparse_all-fp64-n64-row-major-cuSPARSE-SpMM-CSR-solve-only,cuSPARSE-SpMM-CSR-best-solve-only,cuSPARSE CUDA 13.4.1 CSR PER MATRIX BEST,per-matrix-best,cuSPARSE-SpMM-CSR,best,solve-only,"csr-alg1,csr-alg2,csr-alg3,csr-default",manual-selection,csr,CUSPARSE_SPMM_CSR_ALG2,library-preprocess,spmm.csr.fp64,fp64,A100-SXM4-80GB,A100-SXM4-80GB,,9700.0,0edb0287-e1df-52fd-b14b-f9e504b96222,suitesparse_all,DIMACS10/great-britain_osm,great-britain_osm,7733822,7733822,16313034,64,row-major,N,N,1.0,0.0,20260922,main,pass,pass,0,0,2088068352.0,2.153281,8.39680023193,10.5500812319,8.50446428193,248.67429191179636,197.9196468825627,245.526147536025,2.5636524939360448,2.040408730748069,2.5311973972786084,cuSPARSE 12.8.6,CUDA,13040,13000,2026-10-07T19:08:01.492189+00:00,derived,csr-alg2,0,0,,,,5,20,4,true
3,A100-SXM4-80GB-suitesparse_all-fp64-n64-row-major-cuSPARSE-SpMM-CSR-solve-only,cuSPARSE-SpMM-CSR-best-solve-only,cuSPARSE CUDA 13.4.1 CSR PER MATRIX BEST,per-matrix-best,cuSPARSE-SpMM-CSR,best,solve-only,"csr-alg1,csr-alg2,csr-alg3,csr-default",manual-selection,csr,CUSPARSE_SPMM_CSR_ALG2,library-preprocess,spmm.csr.fp64,fp64,A100-SXM4-80GB,A100-SXM4-80GB,,9700.0,0edb0287-e1df-52fd-b14b-f9e504b96222,suitesparse_all,DIMACS10/hugebubbles-00010,hugebubbles-00010,19458087,19458087,58359528,64,row-major,N,N,1.0,0.0,20260922,main,pass,pass,0,0,7470019584.0,0.45364,28.83621521,29.28985521,28.85889721,259.04993181662417,255.03777777124768,258.84632838331527,2.6706178537796306,2.629255440940698,2.6685188493125285,cuSPARSE 12.8.6,CUDA,13040,13000,2026-10-07T19:01:33.651112+00:00,derived,csr-alg2,0,0,,,,5,20,4,true
3,A100-SXM4-80GB-suitesparse_all-fp64-n64-row-major-cuSPARSE-SpMM-CSR-solve-only,cuSPARSE-SpMM-CSR-best-solve-only,cuSPARSE CUDA 13.4.1 CSR PER MATRIX BEST,per-matrix-best,cuSPARSE-SpMM-CSR,best,solve-only,"csr-alg1,csr-alg2,csr-alg3,csr-default",manual-selection,csr,CUSPARSE_SPMM_CSR_ALG2,library-preprocess,spmm.csr.fp64,fp64,A100-SXM4-80GB,A100-SXM4-80GB,,9700.0,1cb4d392-df77-5092-a407-ab8ee1286933,suitesparse_all,DIMACS10/hugetric-00000,hugetric-00000,5824554,5824554,17467046,64,row-major,N,N,1.0,0.0,20260922,main,pass,pass,0,0,2235781888.0,62.873115,8.37404632568,71.2471613257,11.5177020757,266.9894339064869,31.380645156925254,194.11700991268418,2.7524683907885246,0.32351180574149746,2.001206287759631,cuSPARSE 12.8.6,CUDA,13040,13000,2026-10-07T23:45:23.922003+00:00,derived,csr-alg2,0,0,,,,5,20,4,true
3,A100-SXM4-80GB-suitesparse_all-fp64-n64-row-major-cuSPARSE-SpMM-CSR-solve-only,cuSPARSE-SpMM-CSR-best-solve-only,cuSPARSE CUDA 13.4.1 CSR PER MATRIX BEST,per-matrix-best,cuSPARSE-SpMM-CSR,best,solve-only,"csr-alg1,csr-alg2,csr-alg3,csr-default",manual-selection,csr,CUSPARSE_SPMM_CSR_ALG2,library-preprocess,spmm.csr.fp64,fp64,A100-SXM4-80GB,A100-SXM4-80GB,,9700.0,df7f742d-c1c4-51c9-b7da-d151d8293f2c,suitesparse_all,DIMACS10/hugetric-00010,hugetric-00010,6592765,6592765,19771708,64,row-major,N,N,1.0,0.0,20260922,main,pass,pass,0,0,2530778624.0,0.63938,9.6456703186,10.2850503186,9.6776393186,262.3745722596213,246.06380577674116,261.50784718086715,2.704892497521869,2.5367402657395997,2.69595718743162,cuSPARSE 12.8.6,CUDA,13040,13000,2026-10-08T21:19:58.522811+00:00,derived,csr-alg2,0,0,,,,5,20,4,true
3,A100-SXM4-80GB-suitesparse_all-fp64-n64-row-major-cuSPARSE-SpMM-CSR-solve-only,cuSPARSE-SpMM-CSR-best-solve-only,cuSPARSE CUDA 13.4.1 CSR PER MATRIX BEST,per-matrix-best,cuSPARSE-SpMM-CSR,best,solve-only,"csr-alg1,csr-alg2,csr-alg3,csr-default",manual-selection,csr,CUSPARSE_SPMM_CSR_ALG2,library-preprocess,spmm.csr.fp64,fp64,A100-SXM4-80GB,A100-SXM4-80GB,,9700.0,0edb0287-e1df-52fd-b14b-f9e504b96222,suitesparse_all,DIMACS10/ia2010,ia2010,216007,216007,1021170,64,row-major,N,N,1.0,0.0,20260922,main,pass,pass,0,0,130709760.0,0.09238,0.345139193535,0.437519193535,0.349758193535,378.7160729595462,298.75205918147606,373.71464747950216,3.9042894119540845,3.0799181358915058,3.8527283245309505,cuSPARSE 12.8.6,CUDA,13040,13000,2026-10-07T19:12:55.030790+00:00,derived,csr-alg2,0,0,,,,5,20,4,true
3,A100-SXM4-80GB-suitesparse_all-fp64-n64-row-major-cuSPARSE-SpMM-CSR-solve-only,cuSPARSE-SpMM-CSR-best-solve-only,cuSPARSE CUDA 13.4.1 CSR PER MATRIX BEST,per-matrix-best,cuSPARSE-SpMM-CSR,best,solve-only,"csr-alg1,csr-alg2,csr-alg3,csr-default",manual-selection,csr,CUSPARSE_SPMM_CSR_ALG3,library-preprocess,spmm.csr.fp64,fp64,A100-SXM4-80GB,A100-SXM4-80GB,,9700.0,0edb0287-e1df-52fd-b14b-f9e504b96222,suitesparse_all,DIMACS10/kron_g500-logn16,kron_g500-logn16,65536,65536,4912469,64,row-major,N,N,1.0,0.0,20260922,main,pass,pass,0,0,628796032.0,0.28486,0.850380802155,1.13524080215,0.864623802155,739.4287716826756,553.8878014330891,727.2481169646039,7.622977027656449,5.710183519928753,7.497403267676329,cuSPARSE 12.8.6,CUDA,13040,13000,2026-10-07T21:17:33.476942+00:00,derived,csr-alg3,0,0,,,,5,20,4,true
3,A100-SXM4-80GB-suitesparse_all-fp64-n64-row-major-cuSPARSE-SpMM-CSR-solve-only,cuSPARSE-SpMM-CSR-best-solve-only,cuSPARSE CUDA 13.4.1 CSR PER MATRIX BEST,per-matrix-best,cuSPARSE-SpMM-CSR,best,solve-only,"csr-alg1,csr-alg2,csr-alg3,csr-default",manual-selection,csr,CUSPARSE_SPMM_CSR_ALG3,library-preprocess,spmm.csr.fp64,fp64,A100-SXM4-80GB,A100-SXM4-80GB,,9700.0,1cb4d392-df77-5092-a407-ab8ee1286933,suitesparse_all,DIMACS10/kron_g500-logn21,kron_g500-logn21,2097152,2097152,182082942,64,row-major,N,N,1.0,0.0,20260922,main,pass,pass,0,0,23306616576.0,1.18649,35.7310455322,36.9175355322,35.7903700322,652.2791658866128,631.3156130281675,651.1979774177083,6.724527483367142,6.508408381733685,6.713381210491838,cuSPARSE 12.8.6,CUDA,13040,13000,2026-10-08T02:01:00.162287+00:00,derived,csr-alg3,0,0,,,,5,20,4,true
3,A100-SXM4-80GB-suitesparse_all-fp64-n64-row-major-cuSPARSE-SpMM-CSR-solve-only,cuSPARSE-SpMM-CSR-best-solve-only,cuSPARSE CUDA 13.4.1 CSR PER MATRIX BEST,per-matrix-best,cuSPARSE-SpMM-CSR,best,solve-only,"csr-alg1,csr-alg2,csr-alg3,csr-default",manual-selection,csr,CUSPARSE_SPMM_CSR_ALG2,library-preprocess,spmm.csr.fp64,fp64,A100-SXM4-80GB,A100-SXM4-80GB,,9700.0,1cb4d392-df77-5092-a407-ab8ee1286933,suitesparse_all,DIMACS10/ky2010,ky2010,161672,161672,787778,64,row-major,N,N,1.0,0.0,20260922,main,pass,pass,0,0,100835584.0,0.07679,0.244121599197,0.320911599197,0.247961099197,413.05474129156516,314.21607773703255,406.6588845046545,4.258296301974899,3.239341007598274,4.192359634068603,cuSPARSE 12.8.6,CUDA,13040,13000,2026-10-08T00:00:59.435063+00:00,derived,csr-alg2,0,0,,,,5,20,4,true
3,A100-SXM4-80GB-suitesparse_all-fp64-n64-row-major-cuSPARSE-SpMM-CSR-solve-only,cuSPARSE-SpMM-CSR-best-solve-only,cuSPARSE CUDA 13.4.1 CSR PER MATRIX BEST,per-matrix-best,cuSPARSE-SpMM-CSR,best,solve-only,"csr-alg1,csr-alg2,csr-alg3,csr-default",manual-selection,csr,CUSPARSE_SPMM_CSR_ALG2,library-preprocess,spmm.csr.fp64,fp64,A100-SXM4-80GB,A100-SXM4-80GB,,9700.0,df7f742d-c1c4-51c9-b7da-d151d8293f2c,suitesparse_all,DIMACS10/la2010,la2010,204447,204447,980634,64,row-major,N,N,1.0,0.0,20260922,main,pass,pass,0,0,125521152.0,0.101,0.337561607361,0.438561607361,0.342611607361,371.8466474351254,286.21099041320736,366.36573105867365,3.8334705921146948,2.9506287671464673,3.776966299573955,cuSPARSE 12.8.6,CUDA,13040,13000,2026-10-08T21:43:42.701195+00:00,derived,csr-alg2,0,0,,,,5,20,4,true
3,A100-SXM4-80GB-suitesparse_all-fp64-n64-row-major-cuSPARSE-SpMM-CSR-solve-only,cuSPARSE-SpMM-CSR-best-solve-only,cuSPARSE CUDA 13.4.1 CSR PER MATRIX BEST,per-matrix-best,cuSPARSE-SpMM-CSR,best,solve-only,"csr-alg1,csr-alg2,csr-alg3,csr-default",manual-selection,csr,CUSPARSE_SPMM_CSR_ALG2,library-preprocess,spmm.csr.fp64,fp64,A100-SXM4-80GB,A100-SXM4-80GB,,9700.0,0edb0287-e1df-52fd-b14b-f9e504b96222,suitesparse_all,DIMACS10/m14b,m14b,214765,214765,3358036,64,row-major,N,N,1.0,0.0,20260922,main,pass,pass,0,0,429828608.0,0.09776,0.86164484024,0.95940484024,0.86653284024,498.84661049009105,448.0158844023303,496.0326810937161,5.142748561753516,4.618720457755982,5.113738980347589,cuSPARSE 12.8.6,CUDA,13040,13000,2026-10-07T19:08:15.371478+00:00,derived,csr-alg2,0,0,,,,5,20,4,true
3,A100-SXM4-80GB-suitesparse_all-fp64-n64-row-major-cuSPARSE-SpMM-CSR-solve-only,cuSPARSE-SpMM-CSR-best-solve-only,cuSPARSE CUDA 13.4.1 CSR PER MATRIX BEST,per-matrix-best,cuSPARSE-SpMM-CSR,best,solve-only,"csr-alg1,csr-alg2,csr-alg3,csr-default",manual-selection,csr,CUSPARSE_SPMM_CSR_ALG2,library-preprocess,spmm.csr.fp64,fp64,A100-SXM4-80GB,A100-SXM4-80GB,,9700.0,0edb0287-e1df-52fd-b14b-f9e504b96222,suitesparse_all,DIMACS10/md2010,md2010,145247,145247,700378,64,row-major,N,N,1.0,0.0,20260922,main,pass,pass,0,0,89648384.0,0.057449,0.24319999218,0.30064899218,0.24607244218,368.620011852831,298.1828854637473,364.31704097293,3.800206307761144,3.0740503656056424,3.7558457832260825,cuSPARSE 12.8.6,CUDA,13040,13000,2026-10-07T19:12:59.036241+00:00,derived,csr-alg2,0,0,,,,5,20,4,true
3,A100-SXM4-80GB-suitesparse_all-fp64-n64-row-major-cuSPARSE-SpMM-CSR-solve-only,cuSPARSE-SpMM-CSR-best-solve-only,cuSPARSE CUDA 13.4.1 CSR PER MATRIX BEST,per-matrix-best,cuSPARSE-SpMM-CSR,best,solve-only,"csr-alg1,csr-alg2,csr-alg3,csr-default",manual-selection,csr,CUSPARSE_SPMM_CSR_ALG2,library-preprocess,spmm.csr.fp64,fp64,A100-SXM4-80GB,A100-SXM4-80GB,,9700.0,1cb4d392-df77-5092-a407-ab8ee1286933,suitesparse_all,DIMACS10/ms2010,ms2010,171778,171778,839980,64,row-major,N,N,1.0,0.0,20260922,main,pass,pass,0,0,107517440.0,0.07351,0.287743997574,0.361253997574,0.291419497574,373.65658678023135,297.62283800880545,368.9438795106637,3.852129760620942,3.068276680503149,3.803545149594471,cuSPARSE 12.8.6,CUDA,13040,13000,2026-10-08T00:01:04.281953+00:00,derived,csr-alg2,0,0,,,,5,20,4,true
3,A100-SXM4-80GB-suitesparse_all-fp64-n64-row-major-cuSPARSE-SpMM-CSR-solve-only,cuSPARSE-SpMM-CSR-best-solve-only,cuSPARSE CUDA 13.4.1 CSR PER MATRIX BEST,per-matrix-best,cuSPARSE-SpMM-CSR,best,solve-only,"csr-alg1,csr-alg2,csr-alg3,csr-default",manual-selection,csr,CUSPARSE_SPMM_CSR_ALG2,library-preprocess,spmm.csr.fp64,fp64,A100-SXM4-80GB,A100-SXM4-80GB,,9700.0,df7f742d-c1c4-51c9-b7da-d151d8293f2c,suitesparse_all,DIMACS10/mt2010,mt2010,132288,132288,638668,64,row-major,N,N,1.0,0.0,20260922,main,pass,pass,0,0,81749504.0,0.0644,0.223436808586,0.287836808586,0.226656808586,365.87303818625264,284.01337689086716,360.6752627904488,3.771886991610852,2.9279729576378055,3.71830167825205,cuSPARSE 12.8.6,CUDA,13040,13000,2026-10-08T21:43:46.347885+00:00,derived,csr-alg2,0,0,,,,5,20,4,true
3,A100-SXM4-80GB-suitesparse_all-fp64-n64-row-major-cuSPARSE-SpMM-CSR-solve-only,cuSPARSE-SpMM-CSR-best-solve-only,cuSPARSE CUDA 13.4.1 CSR PER MATRIX BEST,per-matrix-best,cuSPARSE-SpMM-CSR,best,solve-only,"csr-alg1,csr-alg2,csr-alg3,csr-default",manual-selection,csr,CUSPARSE_SPMM_CSR_ALG2,library-preprocess,spmm.csr.fp64,fp64,A100-SXM4-80GB,A100-SXM4-80GB,,9700.0,0edb0287-e1df-52fd-b14b-f9e504b96222,suitesparse_all,DIMACS10/nd2010,nd2010,133769,133769,625946,64,row-major,N,N,1.0,0.0,20260922,main,pass,pass,0,0,80121088.0,0.06366,0.222566390038,0.286226390038,0.225749390038,359.98736370896114,279.92208541414703,354.9116477635371,3.711209935143929,2.8857946949912066,3.6588829666344034,cuSPARSE 12.8.6,CUDA,13040,13000,2026-10-07T19:13:02.543450+00:00,derived,csr-alg2,0,0,,,,5,20,4,true
3,A100-SXM4-80GB-suitesparse_all-fp64-n64-row-major-cuSPARSE-SpMM-CSR-solve-only,cuSPARSE-SpMM-CSR-best-solve-only,cuSPARSE CUDA 13.4.1 CSR PER MATRIX BEST,per-matrix-best,cuSPARSE-SpMM-CSR,best,solve-only,"csr-alg1,csr-alg2,csr-alg3,csr-default",manual-selection,csr,CUSPARSE_SPMM_CSR_ALG2,library-preprocess,spmm.csr.fp64,fp64,A100-SXM4-80GB,A100-SXM4-80GB,,9700.0,1cb4d392-df77-5092-a407-ab8ee1286933,suitesparse_all,DIMACS10/nv2010,nv2010,84538,84538,416998,64,row-major,N,N,1.0,0.0,20260922,main,pass,pass,0,0,53375744.0,0.05822,0.260812807083,0.319032807083,0.263723807083,204.65154528632456,167.30487528235204,202.39258863421998,2.1098097452198408,1.7247925286840418,2.0865215323115462,cuSPARSE 12.8.6,CUDA,13040,13000,2026-10-08T00:01:07.054725+00:00,derived,csr-alg2,0,0,,,,5,20,4,true
3,A100-SXM4-80GB-suitesparse_all-fp64-n64-row-major-cuSPARSE-SpMM-CSR-solve-only,cuSPARSE-SpMM-CSR-best-solve-only,cuSPARSE CUDA 13.4.1 CSR PER MATRIX BEST,per-matrix-best,cuSPARSE-SpMM-CSR,best,solve-only,"csr-alg1,csr-alg2,csr-alg3,csr-default",manual-selection,csr,CUSPARSE_SPMM_CSR_ALG2,library-preprocess,spmm.csr.fp64,fp64,A100-SXM4-80GB,A100-SXM4-80GB,,9700.0,df7f742d-c1c4-51c9-b7da-d151d8293f2c,suitesparse_all,DIMACS10/ny2010,ny2010,350169,350169,1709544,64,row-major,N,N,1.0,0.0,20260922,main,pass,pass,0,0,218821632.0,0.08765,0.55664639473,0.64429639473,0.56102889473,393.1070677393661,339.6288319938525,390.03629591183505,4.052650182880062,3.501328164885077,4.020992741359124,cuSPARSE 12.8.6,CUDA,13040,13000,2026-10-08T21:43:54.943356+00:00,derived,csr-alg2,0,0,,,,5,20,4,true
3,A100-SXM4-80GB-suitesparse_all-fp64-n64-row-major-cuSPARSE-SpMM-CSR-solve-only,cuSPARSE-SpMM-CSR-best-solve-only,cuSPARSE CUDA 13.4.1 CSR PER MATRIX BEST,per-matrix-best,cuSPARSE-SpMM-CSR,best,solve-only,"csr-alg1,csr-alg2,csr-alg3,csr-default",manual-selection,csr,CUSPARSE_SPMM_CSR_ALG2,library-preprocess,spmm.csr.fp64,fp64,A100-SXM4-80GB,A100-SXM4-80GB,,9700.0,0edb0287-e1df-52fd-b14b-f9e504b96222,suitesparse_all,DIMACS10/ok2010,ok2010,269118,269118,1274148,64,row-major,N,N,1.0,0.0,20260922,main,pass,pass,0,0,163090944.0,0.0637,0.426700782776,0.490400782776,0.429885782776,382.2138383224291,332.56664697147295,379.3820371235249,3.940348848684836,3.4285221337265255,3.911155021892009,cuSPARSE 12.8.6,CUDA,13040,13000,2026-10-07T19:13:09.111968+00:00,derived,csr-alg2,0,0,,,,5,20,4,true
3,A100-SXM4-80GB-suitesparse_all-fp64-n64-row-major-cuSPARSE-SpMM-CSR-solve-only,cuSPARSE-SpMM-CSR-best-solve-only,cuSPARSE CUDA 13.4.1 CSR PER MATRIX BEST,per-matrix-best,cuSPARSE-SpMM-CSR,best,solve-only,"csr-alg1,csr-alg2,csr-alg3,csr-default",manual-selection,csr,CUSPARSE_SPMM_CSR_ALG2,library-preprocess,spmm.csr.fp64,fp64,A100-SXM4-80GB,A100-SXM4-80GB,,9700.0,0edb0287-e1df-52fd-b14b-f9e504b96222,suitesparse_all,DIMACS10/packing-500x100x100-b050,packing-500x100x100-b050,2145852,2145852,34976486,64,row-major,N,N,1.0,0.0,20260922,main,pass,pass,0,0,4476990208.0,0.419091,6.77172317505,7.19081417505,6.79267772505,661.1301277782879,622.5985123539742,659.090625113831,6.8157745131782255,6.418541364473961,6.794748712513722,cuSPARSE 12.8.6,CUDA,13040,13000,2026-10-07T19:03:53.856873+00:00,derived,csr-alg2,0,0,,,,5,20,4,true
3,A100-SXM4-80GB-suitesparse_all-fp64-n64-row-major-cuSPARSE-SpMM-CSR-solve-only,cuSPARSE-SpMM-CSR-best-solve-only,cuSPARSE CUDA 13.4.1 CSR PER MATRIX BEST,per-matrix-best,cuSPARSE-SpMM-CSR,best,solve-only,"csr-alg1,csr-alg2,csr-alg3,csr-default",manual-selection,csr,CUSPARSE_SPMM_CSR_ALG2,library-preprocess,spmm.csr.fp64,fp64,A100-SXM4-80GB,A100-SXM4-80GB,,9700.0,df7f742d-c1c4-51c9-b7da-d151d8293f2c,suitesparse_all,DIMACS10/preferentialAttachment,preferentialAttachment,100000,100000,999970,64,row-major,N,N,1.0,0.0,20260922,main,pass,pass,0,0,127996160.0,0.04469,0.338022398949,0.382712398949,0.340256898949,378.6617703382188,334.44476936598204,376.1750618293413,3.9037295911156575,3.4478842202678566,3.8780934209210445,cuSPARSE 12.8.6,CUDA,13040,13000,2026-10-08T21:43:23.491727+00:00,derived,csr-alg2,0,0,,,,5,20,4,true
3,A100-SXM4-80GB-suitesparse_all-fp64-n64-row-major-cuSPARSE-SpMM-CSR-solve-only,cuSPARSE-SpMM-CSR-best-solve-only,cuSPARSE CUDA 13.4.1 CSR PER MATRIX BEST,per-matrix-best,cuSPARSE-SpMM-CSR,best,solve-only,"csr-alg1,csr-alg2,csr-alg3,csr-default",manual-selection,csr,CUSPARSE_SPMM_CSR_ALG3,library-preprocess,spmm.csr.fp64,fp64,A100-SXM4-80GB,A100-SXM4-80GB,,9700.0,1cb4d392-df77-5092-a407-ab8ee1286933,suitesparse_all,DIMACS10/rgg_n_2_18_s0,rgg_n_2_18_s0,262144,262144,3094566,64,row-major,N,N,1.0,0.0,20260922,main,pass,pass,0,0,396104448.0,0.797311,1.10638084412,1.90369184412,1.14624639412,358.0181725896167,208.0717261165255,345.56658152377315,3.6909089957692447,2.1450693414074795,3.5625420775646717,cuSPARSE 12.8.6,CUDA,13040,13000,2026-10-08T02:01:10.470134+00:00,derived,csr-alg3,0,0,,,,5,20,4,true
3,A100-SXM4-80GB-suitesparse_all-fp64-n64-row-major-cuSPARSE-SpMM-CSR-solve-only,cuSPARSE-SpMM-CSR-best-solve-only,cuSPARSE CUDA 13.4.1 CSR PER MATRIX BEST,per-matrix-best,cuSPARSE-SpMM-CSR,best,solve-only,"csr-alg1,csr-alg2,csr-alg3,csr-default",manual-selection,csr,CUSPARSE_SPMM_CSR_ALG2,library-preprocess,spmm.csr.fp64,fp64,A100-SXM4-80GB,A100-SXM4-80GB,,9700.0,df7f742d-c1c4-51c9-b7da-d151d8293f2c,suitesparse_all,DIMACS10/rgg_n_2_19_s0,rgg_n_2_19_s0,524288,524288,6539532,64,row-major,N,N,1.0,0.0,20260922,main,pass,pass,0,0,837060096.0,0.63124,1.52366075516,2.15490075516,1.55522275516,549.3743230999606,388.4448478639328,538.2252112906385,5.663652815463512,4.004586060452916,5.5487135184601915,cuSPARSE 12.8.6,CUDA,13040,13000,2026-10-08T21:23:00.556422+00:00,derived,csr-alg2,0,0,,,,5,20,4,true
3,A100-SXM4-80GB-suitesparse_all-fp64-n64-row-major-cuSPARSE-SpMM-CSR-solve-only,cuSPARSE-SpMM-CSR-best-solve-only,cuSPARSE CUDA 13.4.1 CSR PER MATRIX BEST,per-matrix-best,cuSPARSE-SpMM-CSR,best,solve-only,"csr-alg1,csr-alg2,csr-alg3,csr-default",manual-selection,csr,CUSPARSE_SPMM_CSR_ALG2,library-preprocess,spmm.csr.fp64,fp64,A100-SXM4-80GB,A100-SXM4-80GB,,9700.0,0edb0287-e1df-52fd-b14b-f9e504b96222,suitesparse_all,DIMACS10/rgg_n_2_21_s0,rgg_n_2_21_s0,2097152,2097152,28975990,64,row-major,N,N,1.0,0.0,20260922,main,pass,pass,0,0,3708926720.0,2.864561,6.37992973328,9.24449073328,6.52315778328,581.3428791625884,401.2040064735996,568.578416040561,5.993225558377199,4.136123778078346,5.86163315505733,cuSPARSE 12.8.6,CUDA,13040,13000,2026-10-07T19:05:26.046469+00:00,derived,csr-alg2,0,0,,,,5,20,4,true
3,A100-SXM4-80GB-suitesparse_all-fp64-n64-row-major-cuSPARSE-SpMM-CSR-solve-only,cuSPARSE-SpMM-CSR-best-solve-only,cuSPARSE CUDA 13.4.1 CSR PER MATRIX BEST,per-matrix-best,cuSPARSE-SpMM-CSR,best,solve-only,"csr-alg1,csr-alg2,csr-alg3,csr-default",manual-selection,csr,CUSPARSE_SPMM_CSR_ALG3,library-preprocess,spmm.csr.fp64,fp64,A100-SXM4-80GB,A100-SXM4-80GB,,9700.0,1cb4d392-df77-5092-a407-ab8ee1286933,suitesparse_all,DIMACS10/sd2010,sd2010,88360,88360,410722,64,row-major,N,N,1.0,0.0,20260922,main,pass,pass,0,0,52572416.0,0.4083,0.225355195999,0.633655195999,0.245770195999,233.28690411129145,82.96691375996066,213.90883376361026,2.405019630013314,0.8553290078346459,2.2052457089031985,cuSPARSE 12.8.6,CUDA,13040,13000,2026-10-08T02:08:28.426749+00:00,derived,csr-alg3,0,0,,,,5,20,4,true
3,A100-SXM4-80GB-suitesparse_all-fp64-n64-row-major-cuSPARSE-SpMM-CSR-solve-only,cuSPARSE-SpMM-CSR-best-solve-only,cuSPARSE CUDA 13.4.1 CSR PER MATRIX BEST,per-matrix-best,cuSPARSE-SpMM-CSR,best,solve-only,"csr-alg1,csr-alg2,csr-alg3,csr-default",manual-selection,csr,CUSPARSE_SPMM_CSR_ALG2,library-preprocess,spmm.csr.fp64,fp64,A100-SXM4-80GB,A100-SXM4-80GB,,9700.0,df7f742d-c1c4-51c9-b7da-d151d8293f2c,suitesparse_all,DIMACS10/tn2010,tn2010,240116,240116,1193966,64,row-major,N,N,1.0,0.0,20260922,main,pass,pass,0,0,152827648.0,0.11148,0.393062400818,0.504542400818,0.398636400818,388.81268643846687,302.9034779876279,383.3760481641877,4.008378210705843,3.12271626791369,3.9523303934452336,cuSPARSE 12.8.6,CUDA,13040,13000,2026-10-08T21:44:00.886742+00:00,derived,csr-alg2,0,0,,,,5,20,4,true
3,A100-SXM4-80GB-suitesparse_all-fp64-n64-row-major-cuSPARSE-SpMM-CSR-solve-only,cuSPARSE-SpMM-CSR-best-solve-only,cuSPARSE CUDA 13.4.1 CSR PER MATRIX BEST,per-matrix-best,cuSPARSE-SpMM-CSR,best,solve-only,"csr-alg1,csr-alg2,csr-alg3,csr-default",manual-selection,csr,CUSPARSE_SPMM_CSR_ALG2,library-preprocess,spmm.csr.fp64,fp64,A100-SXM4-80GB,A100-SXM4-80GB,,9700.0,0edb0287-e1df-52fd-b14b-f9e504b96222,suitesparse_all,DIMACS10/ut2010,ut2010,115406,115406,572066,64,row-major,N,N,1.0,0.0,20260922,main,pass,pass,0,0,73224448.0,0.05224,0.200499200821,0.252739200821,0.203111200821,365.2106726618462,289.72335024458863,360.5140814687616,3.7650584810499614,2.9868386623153467,3.716640015141872,cuSPARSE 12.8.6,CUDA,13040,13000,2026-10-07T19:13:12.641982+00:00,derived,csr-alg2,0,0,,,,5,20,4,true
3,A100-SXM4-80GB-suitesparse_all-fp64-n64-row-major-cuSPARSE-SpMM-CSR-solve-only,cuSPARSE-SpMM-CSR-best-solve-only,cuSPARSE CUDA 13.4.1 CSR PER MATRIX BEST,per-matrix-best,cuSPARSE-SpMM-CSR,best,solve-only,"csr-alg1,csr-alg2,csr-alg3,csr-default",manual-selection,csr,CUSPARSE_SPMM_CSR_ALG3,library-preprocess,spmm.csr.fp64,fp64,A100-SXM4-80GB,A100-SXM4-80GB,,9700.0,0edb0287-e1df-52fd-b14b-f9e504b96222,suitesparse_all,DIMACS10/vsp_bcsstk30_500sep_10in_1Kout,vsp_bcsstk30_500sep_10in_1Kout,58348,58348,4033156,64,row-major,N,N,1.0,0.0,20260922,main,pass,pass,0,0,516243968.0,0.236869,0.619315195084,0.856184195084,0.631158645084,833.572261907735,602.9590022382408,817.9305979898189,8.593528473275617,6.216072188023102,8.432274206080608,cuSPARSE 12.8.6,CUDA,13040,13000,2026-10-07T21:29:06.929661+00:00,derived,csr-alg3,0,0,,,,5,20,4,true
3,A100-SXM4-80GB-suitesparse_all-fp64-n64-row-major-cuSPARSE-SpMM-CSR-solve-only,cuSPARSE-SpMM-CSR-best-solve-only,cuSPARSE CUDA 13.4.1 CSR PER MATRIX BEST,per-matrix-best,cuSPARSE-SpMM-CSR,best,solve-only,"csr-alg1,csr-alg2,csr-alg3,csr-default",manual-selection,csr,CUSPARSE_SPMM_CSR_ALG3,library-preprocess,spmm.csr.fp64,fp64,A100-SXM4-80GB,A100-SXM4-80GB,,9700.0,1cb4d392-df77-5092-a407-ab8ee1286933,suitesparse_all,DIMACS10/vsp_data_and_seymourl,vsp_data_and_seymourl,9167,9167,111732,64,row-major,N,N,1.0,0.0,20260922,main,pass,pass,0,0,14301696.0,1.839401,0.0276511996984,1.8670521997,0.119621249698,517.2179202346706,7.660040786378663,119.55815572991055,5.332143507573924,0.078969492643079,1.2325583064939232,cuSPARSE 12.8.6,CUDA,13040,13000,2026-10-08T02:08:34.927207+00:00,derived,csr-alg3,0,0,,,,5,20,4,true
3,A100-SXM4-80GB-suitesparse_all-fp64-n64-row-major-cuSPARSE-SpMM-CSR-solve-only,cuSPARSE-SpMM-CSR-best-solve-only,cuSPARSE CUDA 13.4.1 CSR PER MATRIX BEST,per-matrix-best,cuSPARSE-SpMM-CSR,best,solve-only,"csr-alg1,csr-alg2,csr-alg3,csr-default",manual-selection,csr,CUSPARSE_SPMM_CSR_ALG2,library-preprocess,spmm.csr.fp64,fp64,A100-SXM4-80GB,A100-SXM4-80GB,,9700.0,df7f742d-c1c4-51c9-b7da-d151d8293f2c,suitesparse_all,DIMACS10/vsp_finan512_scagr7-2c_rlfddd,vsp_finan512_scagr7-2c_rlfddd,139752,139752,1104040,64,row-major,N,N,1.0,0.0,20260922,main,pass,pass,0,0,141317120.0,0.083001,0.302796792984,0.385797792984,0.306946842984,466.70613188253714,366.29841479124474,460.39606931994524,4.811403421469454,3.7762723174355126,4.746351230102528,cuSPARSE 12.8.6,CUDA,13040,13000,2026-10-08T21:44:07.974360+00:00,derived,csr-alg2,0,0,,,,5,20,4,true
3,A100-SXM4-80GB-suitesparse_all-fp64-n64-row-major-cuSPARSE-SpMM-CSR-solve-only,cuSPARSE-SpMM-CSR-best-solve-only,cuSPARSE CUDA 13.4.1 CSR PER MATRIX BEST,per-matrix-best,cuSPARSE-SpMM-CSR,best,solve-only,"csr-alg1,csr-alg2,csr-alg3,csr-default",manual-selection,csr,CUSPARSE_SPMM_CSR_ALG2,library-preprocess,spmm.csr.fp64,fp64,A100-SXM4-80GB,A100-SXM4-80GB,,9700.0,0edb0287-e1df-52fd-b14b-f9e504b96222,suitesparse_all,DIMACS10/vsp_model1_crew1_cr42_south31,vsp_model1_crew1_cr42_south31,45101,45101,379952,64,row-major,N,N,1.0,0.0,20260922,main,pass,pass,0,0,48633856.0,0.07277,0.123135995865,0.195905995865,0.126774495865,394.96051222357164,248.25098274947078,383.6249213074321,4.071757857974966,2.559288481953307,3.954896095952908,cuSPARSE 12.8.6,CUDA,13040,13000,2026-10-07T19:13:25.351290+00:00,derived,csr-alg2,0,0,,,,5,20,4,true
3,A100-SXM4-80GB-suitesparse_all-fp64-n64-row-major-cuSPARSE-SpMM-CSR-solve-only,cuSPARSE-SpMM-CSR-best-solve-only,cuSPARSE CUDA 13.4.1 CSR PER MATRIX BEST,per-matrix-best,cuSPARSE-SpMM-CSR,best,solve-only,"csr-alg1,csr-alg2,csr-alg3,csr-default",manual-selection,csr,CUSPARSE_SPMM_CSR_ALG3,library-preprocess,spmm.csr.fp64,fp64,A100-SXM4-80GB,A100-SXM4-80GB,,9700.0,1cb4d392-df77-5092-a407-ab8ee1286933,suitesparse_all,DIMACS10/vsp_vibrobox_scagr7-2c_rlfddd,vsp_vibrobox_scagr7-2c_rlfddd,77328,77328,871172,64,row-major,N,N,1.0,0.0,20260922,main,pass,pass,0,0,111510016.0,0.22774,0.23716480732,0.46490480732,0.24855180732,470.1794387627781,239.85558816397915,448.63892643691594,4.84721070889462,2.472738022309063,4.625143571514597,cuSPARSE 12.8.6,CUDA,13040,13000,2026-10-08T02:08:39.370047+00:00,derived,csr-alg3,0,0,,,,5,20,4,true
3,A100-SXM4-80GB-suitesparse_all-fp64-n64-row-major-cuSPARSE-SpMM-CSR-solve-only,cuSPARSE-SpMM-CSR-best-solve-only,cuSPARSE CUDA 13.4.1 CSR PER MATRIX BEST,per-matrix-best,cuSPARSE-SpMM-CSR,best,solve-only,"csr-alg1,csr-alg2,csr-alg3,csr-default",manual-selection,csr,CUSPARSE_SPMM_CSR_ALG2,library-preprocess,spmm.csr.fp64,fp64,A100-SXM4-80GB,A100-SXM4-80GB,,9700.0,1cb4d392-df77-5092-a407-ab8ee1286933,suitesparse_all,DIMACS10/wv2010,wv2010,135218,135218,662922,64,row-major,N,N,1.0,0.0,20260922,main,pass,pass,0,0,84854016.0,0.12511,0.205823993683,0.330933993683,0.212079493683,412.26493802606893,256.40767530603466,400.10476508791186,4.250154000268752,2.643378095938502,4.124791392658885,cuSPARSE 12.8.6,CUDA,13040,13000,2026-10-08T00:01:14.523372+00:00,derived,csr-alg2,0,0,,,,5,20,4,true
3,A100-SXM4-80GB-suitesparse_all-fp64-n64-row-major-cuSPARSE-SpMM-CSR-solve-only,cuSPARSE-SpMM-CSR-best-solve-only,cuSPARSE CUDA 13.4.1 CSR PER MATRIX BEST,per-matrix-best,cuSPARSE-SpMM-CSR,best,solve-only,"csr-alg1,csr-alg2,csr-alg3,csr-default",manual-selection,csr,CUSPARSE_SPMM_CSR_ALG2,library-preprocess,spmm.csr.fp64,fp64,A100-SXM4-80GB,A100-SXM4-80GB,,9700.0,df7f742d-c1c4-51c9-b7da-d151d8293f2c,suitesparse_all,DIMACS10/wy2010,wy2010,86204,86204,427586,64,row-major,N,N,1.0,0.0,20260922,main,pass,pass,0,0,54731008.0,0.29522,0.160153603554,0.455373603554,0.174914603554,341.7407213166203,120.1892414774318,312.9013066259121,3.523100219758972,1.2390643451281629,3.225786666246517,cuSPARSE 12.8.6,CUDA,13040,13000,2026-10-08T21:44:03.510950+00:00,derived,csr-alg2,0,0,,,,5,20,4,true
3,A100-SXM4-80GB-suitesparse_all-fp64-n64-row-major-cuSPARSE-SpMM-CSR-solve-only,cuSPARSE-SpMM-CSR-best-solve-only,cuSPARSE CUDA 13.4.1 CSR PER MATRIX BEST,per-matrix-best,cuSPARSE-SpMM-CSR,best,solve-only,"csr-alg1,csr-alg2,csr-alg3,csr-default",manual-selection,csr,CUSPARSE_SPMM_CSR_ALG3,library-preprocess,spmm.csr.fp64,fp64,A100-SXM4-80GB,A100-SXM4-80GB,,9700.0,0edb0287-e1df-52fd-b14b-f9e504b96222,suitesparse_all,DNVS/halfb,halfb,224617,224617,12387821,64,row-major,N,N,1.0,0.0,20260922,main,pass,pass,0,0,1585641088.0,0.57665,1.69569606781,2.27234606781,1.72452856781,935.0974612141806,697.7991206806718,919.4635088090337,9.640180012517325,7.193805367841977,9.479005245453957,cuSPARSE 12.8.6,CUDA,13040,13000,2026-10-07T20:08:38.549651+00:00,derived,csr-alg3,0,0,,,,5,20,4,true
3,A100-SXM4-80GB-suitesparse_all-fp64-n64-row-major-cuSPARSE-SpMM-CSR-solve-only,cuSPARSE-SpMM-CSR-best-solve-only,cuSPARSE CUDA 13.4.1 CSR PER MATRIX BEST,per-matrix-best,cuSPARSE-SpMM-CSR,best,solve-only,"csr-alg1,csr-alg2,csr-alg3,csr-default",manual-selection,csr,CUSPARSE_SPMM_CSR_ALG2,library-preprocess,spmm.csr.fp64,fp64,A100-SXM4-80GB,A100-SXM4-80GB,,9700.0,1cb4d392-df77-5092-a407-ab8ee1286933,suitesparse_all,DNVS/ship_003,ship_003,121728,121728,8086034,64,row-major,N,N,1.0,0.0,20260922,main,pass,pass,0,0,1035012352.0,0.08409,1.22874879837,1.31283879837,1.23295329837,842.3303065467884,788.3773341289541,839.4578718985678,8.683817593265859,8.127601382772722,8.65420486493369,cuSPARSE 12.8.6,CUDA,13040,13000,2026-10-07T22:53:45.176756+00:00,derived,csr-alg2,0,0,,,,5,20,4,true
3,A100-SXM4-80GB-suitesparse_all-fp64-n64-row-major-cuSPARSE-SpMM-CSR-solve-only,cuSPARSE-SpMM-CSR-best-solve-only,cuSPARSE CUDA 13.4.1 CSR PER MATRIX BEST,per-matrix-best,cuSPARSE-SpMM-CSR,best,solve-only,"csr-alg1,csr-alg2,csr-alg3,csr-default",manual-selection,csr,CUSPARSE_SPMM_CSR_ALG2,library-preprocess,spmm.csr.fp64,fp64,A100-SXM4-80GB,A100-SXM4-80GB,,9700.0,df7f742d-c1c4-51c9-b7da-d151d8293f2c,suitesparse_all,DNVS/shipsec1,shipsec1,140874,140874,7813404,64,row-major,N,N,1.0,0.0,20260922,main,pass,pass,0,0,1000115712.0,0.088371,1.01836795807,1.10673895807,1.02278650807,982.076963512686,903.659986582621,977.834283214412,10.124504778481299,9.316082335903308,10.080765806334146,cuSPARSE 12.8.6,CUDA,13040,13000,2026-10-08T20:17:48.201439+00:00,derived,csr-alg2,0,0,,,,5,20,4,true
3,A100-SXM4-80GB-suitesparse_all-fp64-n64-row-major-cuSPARSE-SpMM-CSR-solve-only,cuSPARSE-SpMM-CSR-best-solve-only,cuSPARSE CUDA 13.4.1 CSR PER MATRIX BEST,per-matrix-best,cuSPARSE-SpMM-CSR,best,solve-only,"csr-alg1,csr-alg2,csr-alg3,csr-default",manual-selection,csr,CUSPARSE_SPMM_CSR_ALG3,library-preprocess,spmm.csr.fp64,fp64,A100-SXM4-80GB,A100-SXM4-80GB,,9700.0,0edb0287-e1df-52fd-b14b-f9e504b96222,suitesparse_all,DNVS/shipsec8,shipsec8,114919,114919,6653399,64,row-major,N,N,1.0,0.0,20260922,main,pass,pass,0,0,851635072.0,0.2525,0.911564826965,1.16406482697,0.924189826965,934.2561788342224,731.6045054095154,921.4936662922738,9.631506998290952,7.5423144887578895,9.49993470404406,cuSPARSE 12.8.6,CUDA,13040,13000,2026-10-07T20:08:57.564460+00:00,derived,csr-alg3,0,0,,,,5,20,4,true
3,A100-SXM4-80GB-suitesparse_all-fp64-n64-row-major-cuSPARSE-SpMM-CSR-solve-only,cuSPARSE-SpMM-CSR-best-solve-only,cuSPARSE CUDA 13.4.1 CSR PER MATRIX BEST,per-matrix-best,cuSPARSE-SpMM-CSR,best,solve-only,"csr-alg1,csr-alg2,csr-alg3,csr-default",manual-selection,csr,CUSPARSE_SPMM_CSR_ALG3,library-preprocess,spmm.csr.fp64,fp64,A100-SXM4-80GB,A100-SXM4-80GB,,9700.0,1cb4d392-df77-5092-a407-ab8ee1286933,suitesparse_all,DNVS/tsyl201,tsyl201,20685,20685,2454957,64,row-major,N,N,1.0,0.0,20260922,main,pass,pass,0,0,314234496.0,0.22081,0.246988797188,0.467798797188,0.258029297188,1272.2621413505435,671.7300213016896,1217.824872696719,13.116104550005602,6.925051765996799,12.554895594811535,cuSPARSE 12.8.6,CUDA,13040,13000,2026-10-08T01:00:47.852765+00:00,derived,csr-alg3,0,0,,,,5,20,4,true
3,A100-SXM4-80GB-suitesparse_all-fp64-n64-row-major-cuSPARSE-SpMM-CSR-solve-only,cuSPARSE-SpMM-CSR-best-solve-only,cuSPARSE CUDA 13.4.1 CSR PER MATRIX BEST,per-matrix-best,cuSPARSE-SpMM-CSR,best,solve-only,"csr-alg1,csr-alg2,csr-alg3,csr-default",manual-selection,csr,CUSPARSE_SPMM_CSR_ALG3,library-preprocess,spmm.csr.fp64,fp64,A100-SXM4-80GB,A100-SXM4-80GB,,9700.0,1cb4d392-df77-5092-a407-ab8ee1286933,suitesparse_all,DRIVCAV/cavity03,cavity03,317,317,7327,64,row-major,N,N,1.0,0.0,20260922,main,pass,pass,0,0,937856.0,0.05555,0.00901120007038,0.0645612000704,0.0117887000704,104.07670373258631,14.52661968763477,79.5555060693115,1.0729557085833639,0.14975896585190485,0.8201598563846547,cuSPARSE 12.8.6,CUDA,13040,13000,2026-10-08T00:55:43.559711+00:00,derived,csr-alg3,0,0,,,,5,20,4,true
3,A100-SXM4-80GB-suitesparse_all-fp64-n64-row-major-cuSPARSE-SpMM-CSR-solve-only,cuSPARSE-SpMM-CSR-best-solve-only,cuSPARSE CUDA 13.4.1 CSR PER MATRIX BEST,per-matrix-best,cuSPARSE-SpMM-CSR,best,solve-only,"csr-alg1,csr-alg2,csr-alg3,csr-default",manual-selection,csr,CUSPARSE_SPMM_CSR_ALG3,library-preprocess,spmm.csr.fp64,fp64,A100-SXM4-80GB,A100-SXM4-80GB,,9700.0,df7f742d-c1c4-51c9-b7da-d151d8293f2c,suitesparse_all,DRIVCAV/cavity04,cavity04,317,317,7327,64,row-major,N,N,1.0,0.0,20260922,main,pass,pass,0,0,937856.0,0.05334,0.00988159999251,0.0632215999925,0.0125485999925,94.9093264968093,14.834423679743287,74.73789909316851,0.9784466649155598,0.15293220288395143,0.7704938050842114,cuSPARSE 12.8.6,CUDA,13040,13000,2026-10-08T22:48:01.093242+00:00,derived,csr-alg3,0,0,,,,5,20,4,true
3,A100-SXM4-80GB-suitesparse_all-fp64-n64-row-major-cuSPARSE-SpMM-CSR-solve-only,cuSPARSE-SpMM-CSR-best-solve-only,cuSPARSE CUDA 13.4.1 CSR PER MATRIX BEST,per-matrix-best,cuSPARSE-SpMM-CSR,best,solve-only,"csr-alg1,csr-alg2,csr-alg3,csr-default",manual-selection,csr,CUSPARSE_SPMM_CSR_ALG3,library-preprocess,spmm.csr.fp64,fp64,A100-SXM4-80GB,A100-SXM4-80GB,,9700.0,0edb0287-e1df-52fd-b14b-f9e504b96222,suitesparse_all,DRIVCAV/cavity06,cavity06,1182,1182,32747,64,row-major,N,N,1.0,0.0,20260922,main,pass,pass,0,0,4191616.0,0.05132,0.0121344000101,0.0634544000101,0.0147004000101,345.432489163958,66.05713708320972,285.13618657452344,3.5611596821026597,0.6810014132289662,2.9395483152012725,cuSPARSE 12.8.6,CUDA,13040,13000,2026-10-07T20:02:23.506492+00:00,derived,csr-alg3,0,0,,,,5,20,4,true
3,A100-SXM4-80GB-suitesparse_all-fp64-n64-row-major-cuSPARSE-SpMM-CSR-solve-only,cuSPARSE-SpMM-CSR-best-solve-only,cuSPARSE CUDA 13.4.1 CSR PER MATRIX BEST,per-matrix-best,cuSPARSE-SpMM-CSR,best,solve-only,"csr-alg1,csr-alg2,csr-alg3,csr-default",manual-selection,csr,CUSPARSE_SPMM_CSR_ALG3,library-preprocess,spmm.csr.fp64,fp64,A100-SXM4-80GB,A100-SXM4-80GB,,9700.0,1cb4d392-df77-5092-a407-ab8ee1286933,suitesparse_all,DRIVCAV/cavity11,cavity11,2597,2597,76367,64,row-major,N,N,1.0,0.0,20260922,main,pass,pass,0,0,9774976.0,0.05458,0.0176128000021,0.0721928000021,0.0203418000021,554.992732491967,135.40098181142244,480.5364323211748,5.721574561772855,1.3958864104270354,4.9539838383626265,cuSPARSE 12.8.6,CUDA,13040,13000,2026-10-08T00:55:44.388288+00:00,derived,csr-alg3,0,0,,,,5,20,4,true
3,A100-SXM4-80GB-suitesparse_all-fp64-n64-row-major-cuSPARSE-SpMM-CSR-solve-only,cuSPARSE-SpMM-CSR-best-solve-only,cuSPARSE CUDA 13.4.1 CSR PER MATRIX BEST,per-matrix-best,cuSPARSE-SpMM-CSR,best,solve-only,"csr-alg1,csr-alg2,csr-alg3,csr-default",manual-selection,csr,CUSPARSE_SPMM_CSR_ALG3,library-preprocess,spmm.csr.fp64,fp64,A100-SXM4-80GB,A100-SXM4-80GB,,9700.0,df7f742d-c1c4-51c9-b7da-d151d8293f2c,suitesparse_all,DRIVCAV/cavity12,cavity12,2597,2597,76367,64,row-major,N,N,1.0,0.0,20260922,main,pass,pass,0,0,9774976.0,0.11152,0.0172031998634,0.128723199863,0.0227791998634,568.2068497498753,75.93795066004807,429.11849663805515,5.857802574740982,0.7828654707221451,4.423902027196445,cuSPARSE 12.8.6,CUDA,13040,13000,2026-10-08T22:48:01.895130+00:00,derived,csr-alg3,0,0,,,,5,20,4,true
3,A100-SXM4-80GB-suitesparse_all-fp64-n64-row-major-cuSPARSE-SpMM-CSR-solve-only,cuSPARSE-SpMM-CSR-best-solve-only,cuSPARSE CUDA 13.4.1 CSR PER MATRIX BEST,per-matrix-best,cuSPARSE-SpMM-CSR,best,solve-only,"csr-alg1,csr-alg2,csr-alg3,csr-default",manual-selection,csr,CUSPARSE_SPMM_CSR_ALG3,library-preprocess,spmm.csr.fp64,fp64,A100-SXM4-80GB,A100-SXM4-80GB,,9700.0,0edb0287-e1df-52fd-b14b-f9e504b96222,suitesparse_all,DRIVCAV/cavity14,cavity14,2597,2597,76367,64,row-major,N,N,1.0,0.0,20260922,main,pass,pass,0,0,9774976.0,0.06179,0.0173567995429,0.0791467995429,0.0204462995429,563.178480908283,123.50437486359334,478.08044577897084,5.805963720703948,1.2732409779751892,4.928664389473926,cuSPARSE 12.8.6,CUDA,13040,13000,2026-10-07T20:02:24.299873+00:00,derived,csr-alg3,0,0,,,,5,20,4,true
3,A100-SXM4-80GB-suitesparse_all-fp64-n64-row-major-cuSPARSE-SpMM-CSR-solve-only,cuSPARSE-SpMM-CSR-best-solve-only,cuSPARSE CUDA 13.4.1 CSR PER MATRIX BEST,per-matrix-best,cuSPARSE-SpMM-CSR,best,solve-only,"csr-alg1,csr-alg2,csr-alg3,csr-default",manual-selection,csr,CUSPARSE_SPMM_CSR_ALG3,library-preprocess,spmm.csr.fp64,fp64,A100-SXM4-80GB,A100-SXM4-80GB,,9700.0,1cb4d392-df77-5092-a407-ab8ee1286933,suitesparse_all,DRIVCAV/cavity19,cavity19,4562,4562,138187,64,row-major,N,N,1.0,0.0,20260922,main,pass,pass,0,0,17687936.0,0.06241,0.0224767997861,0.0848867997861,0.0255972997861,786.941920928552,208.3708661955749,691.0078855116199,8.112803308541773,2.148153259748195,7.12379263414041,cuSPARSE 12.8.6,CUDA,13040,13000,2026-10-08T00:55:45.330022+00:00,derived,csr-alg3,0,0,,,,5,20,4,true
3,A100-SXM4-80GB-suitesparse_all-fp64-n64-row-major-cuSPARSE-SpMM-CSR-solve-only,cuSPARSE-SpMM-CSR-best-solve-only,cuSPARSE CUDA 13.4.1 CSR PER MATRIX BEST,per-matrix-best,cuSPARSE-SpMM-CSR,best,solve-only,"csr-alg1,csr-alg2,csr-alg3,csr-default",manual-selection,csr,CUSPARSE_SPMM_CSR_ALG3,library-preprocess,spmm.csr.fp64,fp64,A100-SXM4-80GB,A100-SXM4-80GB,,9700.0,df7f742d-c1c4-51c9-b7da-d151d8293f2c,suitesparse_all,DRIVCAV/cavity20,cavity20,4562,4562,138187,64,row-major,N,N,1.0,0.0,20260922,main,pass,pass,0,0,17687936.0,0.0862,0.0209408000112,0.107140800011,0.0252508000112,844.6638137291682,165.09057238870724,700.4901227745065,8.70787436834194,1.7019646638011057,7.221547657469139,cuSPARSE 12.8.6,CUDA,13040,13000,2026-10-08T22:48:03.121113+00:00,derived,csr-alg3,0,0,,,,5,20,4,true
3,A100-SXM4-80GB-suitesparse_all-fp64-n64-row-major-cuSPARSE-SpMM-CSR-solve-only,cuSPARSE-SpMM-CSR-best-solve-only,cuSPARSE CUDA 13.4.1 CSR PER MATRIX BEST,per-matrix-best,cuSPARSE-SpMM-CSR,best,solve-only,"csr-alg1,csr-alg2,csr-alg3,csr-default",manual-selection,csr,CUSPARSE_SPMM_CSR_ALG3,library-preprocess,spmm.csr.fp64,fp64,A100-SXM4-80GB,A100-SXM4-80GB,,9700.0,0edb0287-e1df-52fd-b14b-f9e504b96222,suitesparse_all,DRIVCAV/cavity22,cavity22,4562,4562,138187,64,row-major,N,N,1.0,0.0,20260922,main,pass,pass,0,0,17687936.0,0.06551,0.0209408000112,0.0864508000112,0.0242163000112,844.6638137291682,204.60118353686107,730.4144725585395,8.70787436834194,2.109290551926403,7.5300461088509225,cuSPARSE 12.8.6,CUDA,13040,13000,2026-10-07T20:02:25.273723+00:00,derived,csr-alg3,0,0,,,,5,20,4,true
3,A100-SXM4-80GB-suitesparse_all-fp64-n64-row-major-cuSPARSE-SpMM-CSR-solve-only,cuSPARSE-SpMM-CSR-best-solve-only,cuSPARSE CUDA 13.4.1 CSR PER MATRIX BEST,per-matrix-best,cuSPARSE-SpMM-CSR,best,solve-only,"csr-alg1,csr-alg2,csr-alg3,csr-default",manual-selection,csr,CUSPARSE_SPMM_CSR_ALG2,library-preprocess,spmm.csr.fp64,fp64,A100-SXM4-80GB,A100-SXM4-80GB,,9700.0,0edb0287-e1df-52fd-b14b-f9e504b96222,suitesparse_all,Dziekonski/dielFilterV2clx,dielFilterV2clx,607232,607232,25309272,64,row-major,N,N,1.0,0.0,20260922,main,pass,pass,0,0,3239586816.0,0.43099,3.93277435303,4.36376435303,3.95432385303,823.7408315847222,742.3835372206976,819.2517700637158,8.492173521491981,7.6534385280484285,8.445894536739337,cuSPARSE 12.8.6,CUDA,13040,13000,2026-10-07T18:31:47.547919+00:00,derived,csr-alg2,0,0,,,,5,20,4,true
3,A100-SXM4-80GB-suitesparse_all-fp64-n64-row-major-cuSPARSE-SpMM-CSR-solve-only,cuSPARSE-SpMM-CSR-best-solve-only,cuSPARSE CUDA 13.4.1 CSR PER MATRIX BEST,per-matrix-best,cuSPARSE-SpMM-CSR,best,solve-only,"csr-alg1,csr-alg2,csr-alg3,csr-default",manual-selection,csr,CUSPARSE_SPMM_CSR_ALG3,library-preprocess,spmm.csr.fp64,fp64,A100-SXM4-80GB,A100-SXM4-80GB,,9700.0,0edb0287-e1df-52fd-b14b-f9e504b96222,suitesparse_all,Dziekonski/gsm_106857,gsm_106857,589446,589446,21758924,64,row-major,N,N,1.0,0.0,20260922,main,pass,pass,0,0,2785142272.0,3.154921,5.30314254761,8.45806354761,5.46088859761,525.1871408312788,329.28840701214637,510.0163136854575,5.414300420941019,3.394725845486045,5.257900141087191,cuSPARSE 12.8.6,CUDA,13040,13000,2026-10-07T20:46:03.445894+00:00,derived,csr-alg3,0,0,,,,5,20,4,true
3,A100-SXM4-80GB-suitesparse_all-fp64-n64-row-major-cuSPARSE-SpMM-CSR-solve-only,cuSPARSE-SpMM-CSR-best-solve-only,cuSPARSE CUDA 13.4.1 CSR PER MATRIX BEST,per-matrix-best,cuSPARSE-SpMM-CSR,best,solve-only,"csr-alg1,csr-alg2,csr-alg3,csr-default",manual-selection,csr,CUSPARSE_SPMM_CSR_ALG2,library-preprocess,spmm.csr.fp64,fp64,A100-SXM4-80GB,A100-SXM4-80GB,,9700.0,1cb4d392-df77-5092-a407-ab8ee1286933,suitesparse_all,Embree/ifiss_mat,ifiss_mat,96307,96307,3599932,64,row-major,N,N,1.0,0.0,20260922,main,pass,pass,0,0,460791296.0,0.08751,0.58700799942,0.67451799942,0.59138349942,784.9829924895233,683.141586134428,779.1750978035768,8.092608169995085,7.0426967642724545,8.032732967047183,cuSPARSE 12.8.6,CUDA,13040,13000,2026-10-08T00:45:25.480800+00:00,derived,csr-alg2,0,0,,,,5,20,4,true
3,A100-SXM4-80GB-suitesparse_all-fp64-n64-row-major-cuSPARSE-SpMM-CSR-solve-only,cuSPARSE-SpMM-CSR-best-solve-only,cuSPARSE CUDA 13.4.1 CSR PER MATRIX BEST,per-matrix-best,cuSPARSE-SpMM-CSR,best,solve-only,"csr-alg1,csr-alg2,csr-alg3,csr-default",manual-selection,csr,CUSPARSE_SPMM_CSR_ALG3,library-preprocess,spmm.csr.fp64,fp64,A100-SXM4-80GB,A100-SXM4-80GB,,9700.0,df7f742d-c1c4-51c9-b7da-d151d8293f2c,suitesparse_all,Engwirda/airfoil_2d,airfoil_2d,14214,14214,259688,64,row-major,N,N,1.0,0.0,20260922,main,pass,pass,0,0,33240064.0,0.23615,0.0456703990698,0.28182039907,0.0574778990698,727.8251269317311,117.94768622034228,578.3103512470757,7.503351824038465,1.2159555280447658,5.961962383990471,cuSPARSE 12.8.6,CUDA,13040,13000,2026-10-08T22:53:14.725335+00:00,derived,csr-alg3,0,0,,,,5,20,4,true
3,A100-SXM4-80GB-suitesparse_all-fp64-n64-row-major-cuSPARSE-SpMM-CSR-solve-only,cuSPARSE-SpMM-CSR-best-solve-only,cuSPARSE CUDA 13.4.1 CSR PER MATRIX BEST,per-matrix-best,cuSPARSE-SpMM-CSR,best,solve-only,"csr-alg1,csr-alg2,csr-alg3,csr-default",manual-selection,csr,CUSPARSE_SPMM_CSR_ALG3,library-preprocess,spmm.csr.fp64,fp64,A100-SXM4-80GB,A100-SXM4-80GB,,9700.0,1cb4d392-df77-5092-a407-ab8ee1286933,suitesparse_all,FEMLAB/poisson2D,poisson2D,367,367,2417,64,row-major,N,N,1.0,0.0,20260922,main,pass,pass,0,0,309376.0,0.056841,0.00614399984479,0.0629849998448,0.00898604984479,50.35416793871589,4.9118996707521925,34.428475842405035,0.5191151333888236,0.05063814093558962,0.3549327406433509,cuSPARSE 12.8.6,CUDA,13040,13000,2026-10-08T00:57:32.770829+00:00,derived,csr-alg3,0,0,,,,5,20,4,true
3,A100-SXM4-80GB-suitesparse_all-fp64-n64-row-major-cuSPARSE-SpMM-CSR-solve-only,cuSPARSE-SpMM-CSR-best-solve-only,cuSPARSE CUDA 13.4.1 CSR PER MATRIX BEST,per-matrix-best,cuSPARSE-SpMM-CSR,best,solve-only,"csr-alg1,csr-alg2,csr-alg3,csr-default",manual-selection,csr,CUSPARSE_SPMM_CSR_ALG3,library-preprocess,spmm.csr.fp64,fp64,A100-SXM4-80GB,A100-SXM4-80GB,,9700.0,df7f742d-c1c4-51c9-b7da-d151d8293f2c,suitesparse_all,FEMLAB/poisson3Da,poisson3Da,13514,13514,352762,64,row-major,N,N,1.0,0.0,20260922,main,pass,pass,0,0,45153536.0,0.14508,0.055295997858,0.200375997858,0.062549997858,816.5787353354972,225.34403562645687,721.8790974622706,8.418337477685538,2.3231343879016175,7.4420525511574285,cuSPARSE 12.8.6,CUDA,13040,13000,2026-10-08T22:50:25.514812+00:00,derived,csr-alg3,0,0,,,,5,20,4,true
3,A100-SXM4-80GB-suitesparse_all-fp64-n64-row-major-cuSPARSE-SpMM-CSR-solve-only,cuSPARSE-SpMM-CSR-best-solve-only,cuSPARSE CUDA 13.4.1 CSR PER MATRIX BEST,per-matrix-best,cuSPARSE-SpMM-CSR,best,solve-only,"csr-alg1,csr-alg2,csr-alg3,csr-default",manual-selection,csr,CUSPARSE_SPMM_CSR_ALG3,library-preprocess,spmm.csr.fp64,fp64,A100-SXM4-80GB,A100-SXM4-80GB,,9700.0,0edb0287-e1df-52fd-b14b-f9e504b96222,suitesparse_all,FEMLAB/problem1,problem1,415,415,2779,64,row-major,N,N,1.0,0.0,20260922,main,pass,pass,0,0,355712.0,0.05563,0.00599040016532,0.0616204001653,0.00877190016532,59.38034024159358,5.77263372269222,40.55130511018802,0.6121684560989029,0.05951168786280639,0.41805469185760846,cuSPARSE 12.8.6,CUDA,13040,13000,2026-10-07T20:04:25.574889+00:00,derived,csr-alg3,0,0,,,,5,20,4,true
3,A100-SXM4-80GB-suitesparse_all-fp64-n64-row-major-cuSPARSE-SpMM-CSR-solve-only,cuSPARSE-SpMM-CSR-best-solve-only,cuSPARSE CUDA 13.4.1 CSR PER MATRIX BEST,per-matrix-best,cuSPARSE-SpMM-CSR,best,solve-only,"csr-alg1,csr-alg2,csr-alg3,csr-default",manual-selection,csr,CUSPARSE_SPMM_CSR_ALG3,library-preprocess,spmm.csr.fp64,fp64,A100-SXM4-80GB,A100-SXM4-80GB,,9700.0,1cb4d392-df77-5092-a407-ab8ee1286933,suitesparse_all,FIDAP/ex1,ex1,216,216,4352,64,row-major,N,N,1.0,0.0,20260922,main,pass,pass,0,0,557056.0,0.05742,0.00906239971519,0.0664823997152,0.0119333997152,61.468928485496726,8.378999590663682,46.680410720715045,0.6337002936649146,0.08638143907900703,0.48124134763623755,cuSPARSE 12.8.6,CUDA,13040,13000,2026-10-08T00:55:45.945729+00:00,derived,csr-alg3,0,0,,,,5,20,4,true
3,A100-SXM4-80GB-suitesparse_all-fp64-n64-row-major-cuSPARSE-SpMM-CSR-solve-only,cuSPARSE-SpMM-CSR-best-solve-only,cuSPARSE CUDA 13.4.1 CSR PER MATRIX BEST,per-matrix-best,cuSPARSE-SpMM-CSR,best,solve-only,"csr-alg1,csr-alg2,csr-alg3,csr-default",manual-selection,csr,CUSPARSE_SPMM_CSR_ALG3,library-preprocess,spmm.csr.fp64,fp64,A100-SXM4-80GB,A100-SXM4-80GB,,9700.0,df7f742d-c1c4-51c9-b7da-d151d8293f2c,suitesparse_all,FIDAP/ex10,ex10,2410,2410,54840,64,row-major,N,N,1.0,0.0,20260922,main,pass,pass,0,0,7019520.0,0.070251,0.0147967994213,0.0850477994213,0.0183093494213,474.394482221297,82.53617433682804,383.3844577696415,4.89066476516801,0.8508883952250313,3.952417090408675,cuSPARSE 12.8.6,CUDA,13040,13000,2026-10-08T22:48:03.888886+00:00,derived,csr-alg3,0,0,,,,5,20,4,true
3,A100-SXM4-80GB-suitesparse_all-fp64-n64-row-major-cuSPARSE-SpMM-CSR-solve-only,cuSPARSE-SpMM-CSR-best-solve-only,cuSPARSE CUDA 13.4.1 CSR PER MATRIX BEST,per-matrix-best,cuSPARSE-SpMM-CSR,best,solve-only,"csr-alg1,csr-alg2,csr-alg3,csr-default",manual-selection,csr,CUSPARSE_SPMM_CSR_ALG3,library-preprocess,spmm.csr.fp64,fp64,A100-SXM4-80GB,A100-SXM4-80GB,,9700.0,0edb0287-e1df-52fd-b14b-f9e504b96222,suitesparse_all,FIDAP/ex11,ex11,16614,16614,1096948,64,row-major,N,N,1.0,0.0,20260922,main,pass,pass,0,0,140409344.0,0.13504,0.145510399342,0.280550399342,0.152262399342,964.9437059820671,500.47814699004033,922.1537596069493,9.947873257547082,5.159568525670519,9.506739789762364,cuSPARSE 12.8.6,CUDA,13040,13000,2026-10-07T20:02:28.509424+00:00,derived,csr-alg3,0,0,,,,5,20,4,true
3,A100-SXM4-80GB-suitesparse_all-fp64-n64-row-major-cuSPARSE-SpMM-CSR-solve-only,cuSPARSE-SpMM-CSR-best-solve-only,cuSPARSE CUDA 13.4.1 CSR PER MATRIX BEST,per-matrix-best,cuSPARSE-SpMM-CSR,best,solve-only,"csr-alg1,csr-alg2,csr-alg3,csr-default",manual-selection,csr,CUSPARSE_SPMM_CSR_ALG3,library-preprocess,spmm.csr.fp64,fp64,A100-SXM4-80GB,A100-SXM4-80GB,,9700.0,1cb4d392-df77-5092-a407-ab8ee1286933,suitesparse_all,FIDAP/ex18,ex18,5773,5773,71805,64,row-major,N,N,1.0,0.0,20260922,main,pass,pass,0,0,9191040.0,0.06495,0.0180736005306,0.0830236005306,0.0213211005306,508.53397940487065,110.70394371311878,431.07718510163386,5.24261834438011,1.1412777702383379,4.444094691769421,cuSPARSE 12.8.6,CUDA,13040,13000,2026-10-08T00:55:46.789923+00:00,derived,csr-alg3,0,0,,,,5,20,4,true
3,A100-SXM4-80GB-suitesparse_all-fp64-n64-row-major-cuSPARSE-SpMM-CSR-solve-only,cuSPARSE-SpMM-CSR-best-solve-only,cuSPARSE CUDA 13.4.1 CSR PER MATRIX BEST,per-matrix-best,cuSPARSE-SpMM-CSR,best,solve-only,"csr-alg1,csr-alg2,csr-alg3,csr-default",manual-selection,csr,CUSPARSE_SPMM_CSR_ALG3,library-preprocess,spmm.csr.fp64,fp64,A100-SXM4-80GB,A100-SXM4-80GB,,9700.0,df7f742d-c1c4-51c9-b7da-d151d8293f2c,suitesparse_all,FIDAP/ex19,ex19,12005,12005,259879,64,row-major,N,N,1.0,0.0,20260922,main,pass,pass,0,0,33264512.0,0.13134,0.0382975995541,0.169637599554,0.0448645995541,868.579555567441,196.09162171273857,741.4423026307851,8.954428407911763,2.0215631104406038,7.643735078667888,cuSPARSE 12.8.6,CUDA,13040,13000,2026-10-08T22:48:05.481799+00:00,derived,csr-alg3,0,0,,,,5,20,4,true
3,A100-SXM4-80GB-suitesparse_all-fp64-n64-row-major-cuSPARSE-SpMM-CSR-solve-only,cuSPARSE-SpMM-CSR-best-solve-only,cuSPARSE CUDA 13.4.1 CSR PER MATRIX BEST,per-matrix-best,cuSPARSE-SpMM-CSR,best,solve-only,"csr-alg1,csr-alg2,csr-alg3,csr-default",manual-selection,csr,CUSPARSE_SPMM_CSR_ALG3,library-preprocess,spmm.csr.fp64,fp64,A100-SXM4-80GB,A100-SXM4-80GB,,9700.0,0edb0287-e1df-52fd-b14b-f9e504b96222,suitesparse_all,FIDAP/ex20,ex20,2203,2203,69981,64,row-major,N,N,1.0,0.0,20260922,main,pass,pass,0,0,8957568.0,0.054191,0.016128000617,0.070319000617,0.018837550617,555.4047406569491,127.38474553681952,475.5165988467852,5.725822068628341,1.313244799348655,4.902232977801909,cuSPARSE 12.8.6,CUDA,13040,13000,2026-10-07T20:02:29.292388+00:00,derived,csr-alg3,0,0,,,,5,20,4,true
3,A100-SXM4-80GB-suitesparse_all-fp64-n64-row-major-cuSPARSE-SpMM-CSR-solve-only,cuSPARSE-SpMM-CSR-best-solve-only,cuSPARSE CUDA 13.4.1 CSR PER MATRIX BEST,per-matrix-best,cuSPARSE-SpMM-CSR,best,solve-only,"csr-alg1,csr-alg2,csr-alg3,csr-default",manual-selection,csr,CUSPARSE_SPMM_CSR_ALG3,library-preprocess,spmm.csr.fp64,fp64,A100-SXM4-80GB,A100-SXM4-80GB,,9700.0,1cb4d392-df77-5092-a407-ab8ee1286933,suitesparse_all,FIDAP/ex25,ex25,848,848,24612,64,row-major,N,N,1.0,0.0,20260922,main,pass,pass,0,0,3150336.0,0.057309,0.01064959988,0.06795859988,0.01351504988,295.81731102558564,46.35669371592122,233.0983627860647,3.0496630002637697,0.4779040589270229,2.4030759050109767,cuSPARSE 12.8.6,CUDA,13040,13000,2026-10-08T00:55:47.450222+00:00,derived,csr-alg3,0,0,,,,5,20,4,true
3,A100-SXM4-80GB-suitesparse_all-fp64-n64-row-major-cuSPARSE-SpMM-CSR-solve-only,cuSPARSE-SpMM-CSR-best-solve-only,cuSPARSE CUDA 13.4.1 CSR PER MATRIX BEST,per-matrix-best,cuSPARSE-SpMM-CSR,best,solve-only,"csr-alg1,csr-alg2,csr-alg3,csr-default",manual-selection,csr,CUSPARSE_SPMM_CSR_ALG3,library-preprocess,spmm.csr.fp64,fp64,A100-SXM4-80GB,A100-SXM4-80GB,,9700.0,df7f742d-c1c4-51c9-b7da-d151d8293f2c,suitesparse_all,FIDAP/ex26,ex26,2163,2163,94033,64,row-major,N,N,1.0,0.0,20260922,main,pass,pass,0,0,12036224.0,0.06154,0.0224767997861,0.0840167997861,0.0255537997861,535.4954492873753,143.25972937130737,471.01503888854563,5.52057164213789,1.4769044265083235,4.8558251431808825,cuSPARSE 12.8.6,CUDA,13040,13000,2026-10-08T22:48:06.304879+00:00,derived,csr-alg3,0,0,,,,5,20,4,true
3,A100-SXM4-80GB-suitesparse_all-fp64-n64-row-major-cuSPARSE-SpMM-CSR-solve-only,cuSPARSE-SpMM-CSR-best-solve-only,cuSPARSE CUDA 13.4.1 CSR PER MATRIX BEST,per-matrix-best,cuSPARSE-SpMM-CSR,best,solve-only,"csr-alg1,csr-alg2,csr-alg3,csr-default",manual-selection,csr,CUSPARSE_SPMM_CSR_ALG3,library-preprocess,spmm.csr.fp64,fp64,A100-SXM4-80GB,A100-SXM4-80GB,,9700.0,0edb0287-e1df-52fd-b14b-f9e504b96222,suitesparse_all,FIDAP/ex28,ex28,2603,2603,77781,64,row-major,N,N,1.0,0.0,20260922,main,pass,pass,0,0,9955968.0,0.05993,0.0175104007125,0.0774404007125,0.0205069007125,568.5745382681516,128.56297111583726,485.493548712182,5.861593178022181,1.325391454802446,5.005088131053423,cuSPARSE 12.8.6,CUDA,13040,13000,2026-10-07T20:02:30.108194+00:00,derived,csr-alg3,0,0,,,,5,20,4,true
3,A100-SXM4-80GB-suitesparse_all-fp64-n64-row-major-cuSPARSE-SpMM-CSR-solve-only,cuSPARSE-SpMM-CSR-best-solve-only,cuSPARSE CUDA 13.4.1 CSR PER MATRIX BEST,per-matrix-best,cuSPARSE-SpMM-CSR,best,solve-only,"csr-alg1,csr-alg2,csr-alg3,csr-default",manual-selection,csr,CUSPARSE_SPMM_CSR_ALG3,library-preprocess,spmm.csr.fp64,fp64,A100-SXM4-80GB,A100-SXM4-80GB,,9700.0,1cb4d392-df77-5092-a407-ab8ee1286933,suitesparse_all,FIDAP/ex33,ex33,1733,1733,22189,64,row-major,N,N,1.0,0.0,20260922,main,pass,pass,0,0,2840192.0,0.050649,0.00952320024371,0.0601722002437,0.0120556502437,298.2392396795316,47.201066081963106,235.59011273441826,3.0746313369023874,0.486608928680032,2.4287640488084357,cuSPARSE 12.8.6,CUDA,13040,13000,2026-10-08T00:55:48.102828+00:00,derived,csr-alg3,0,0,,,,5,20,4,true
3,A100-SXM4-80GB-suitesparse_all-fp64-n64-row-major-cuSPARSE-SpMM-CSR-solve-only,cuSPARSE-SpMM-CSR-best-solve-only,cuSPARSE CUDA 13.4.1 CSR PER MATRIX BEST,per-matrix-best,cuSPARSE-SpMM-CSR,best,solve-only,"csr-alg1,csr-alg2,csr-alg3,csr-default",manual-selection,csr,CUSPARSE_SPMM_CSR_ALG2,library-preprocess,spmm.csr.fp64,fp64,A100-SXM4-80GB,A100-SXM4-80GB,,9700.0,df7f742d-c1c4-51c9-b7da-d151d8293f2c,suitesparse_all,FIDAP/ex35,ex35,19716,19716,228208,64,row-major,N,N,1.0,0.0,20260922,main,pass,pass,0,0,29210624.0,0.056769,0.0528383970261,0.109607397026,0.0556768470261,552.8294884792048,266.5023054335552,524.6458009072738,5.699273077105204,2.7474464477686102,5.408719596982205,cuSPARSE 12.8.6,CUDA,13040,13000,2026-10-08T20:12:51.361807+00:00,derived,csr-alg2,0,0,,,,5,20,4,true
3,A100-SXM4-80GB-suitesparse_all-fp64-n64-row-major-cuSPARSE-SpMM-CSR-solve-only,cuSPARSE-SpMM-CSR-best-solve-only,cuSPARSE CUDA 13.4.1 CSR PER MATRIX BEST,per-matrix-best,cuSPARSE-SpMM-CSR,best,solve-only,"csr-alg1,csr-alg2,csr-alg3,csr-default",manual-selection,csr,CUSPARSE_SPMM_CSR_ALG3,library-preprocess,spmm.csr.fp64,fp64,A100-SXM4-80GB,A100-SXM4-80GB,,9700.0,0edb0287-e1df-52fd-b14b-f9e504b96222,suitesparse_all,FIDAP/ex37,ex37,3565,3565,67591,64,row-major,N,N,1.0,0.0,20260922,main,pass,pass,0,0,8651648.0,0.06868,0.0202751994133,0.0889551994133,0.0237091994133,426.71087093351815,97.25848581152708,364.9067962685716,4.3990811436445165,1.0026648021806914,3.7619257347275425,cuSPARSE 12.8.6,CUDA,13040,13000,2026-10-07T20:02:30.922078+00:00,derived,csr-alg3,0,0,,,,5,20,4,true
3,A100-SXM4-80GB-suitesparse_all-fp64-n64-row-major-cuSPARSE-SpMM-CSR-solve-only,cuSPARSE-SpMM-CSR-best-solve-only,cuSPARSE CUDA 13.4.1 CSR PER MATRIX BEST,per-matrix-best,cuSPARSE-SpMM-CSR,best,solve-only,"csr-alg1,csr-alg2,csr-alg3,csr-default",manual-selection,csr,CUSPARSE_SPMM_CSR_ALG3,library-preprocess,spmm.csr.fp64,fp64,A100-SXM4-80GB,A100-SXM4-80GB,,9700.0,1cb4d392-df77-5092-a407-ab8ee1286933,suitesparse_all,FIDAP/ex7,ex7,1633,1633,54543,64,row-major,N,N,1.0,0.0,20260922,main,pass,pass,0,0,6981504.0,0.05395,0.0149504005909,0.0689004005909,0.0176479005909,466.9777212691877,101.32748053894596,395.5996898350593,4.814203312053482,1.0446132014324327,4.078347317887209,cuSPARSE 12.8.6,CUDA,13040,13000,2026-10-08T00:55:48.846659+00:00,derived,csr-alg3,0,0,,,,5,20,4,true
3,A100-SXM4-80GB-suitesparse_all-fp64-n64-row-major-cuSPARSE-SpMM-CSR-solve-only,cuSPARSE-SpMM-CSR-best-solve-only,cuSPARSE CUDA 13.4.1 CSR PER MATRIX BEST,per-matrix-best,cuSPARSE-SpMM-CSR,best,solve-only,"csr-alg1,csr-alg2,csr-alg3,csr-default",manual-selection,csr,CUSPARSE_SPMM_CSR_ALG3,library-preprocess,spmm.csr.fp64,fp64,A100-SXM4-80GB,A100-SXM4-80GB,,9700.0,df7f742d-c1c4-51c9-b7da-d151d8293f2c,suitesparse_all,FIDAP/ex8,ex8,3096,3096,106344,64,row-major,N,N,1.0,0.0,20260922,main,pass,pass,0,0,13612032.0,0.12208,0.0213504001498,0.14343040015,0.0274544001498,637.5539523612869,94.90339555466966,495.8051141430297,6.572721158363783,0.9783855211821614,5.111392929309585,cuSPARSE 12.8.6,CUDA,13040,13000,2026-10-08T22:48:08.644387+00:00,derived,csr-alg3,0,0,,,,5,20,4,true
3,A100-SXM4-80GB-suitesparse_all-fp64-n64-row-major-cuSPARSE-SpMM-CSR-solve-only,cuSPARSE-SpMM-CSR-best-solve-only,cuSPARSE CUDA 13.4.1 CSR PER MATRIX BEST,per-matrix-best,cuSPARSE-SpMM-CSR,best,solve-only,"csr-alg1,csr-alg2,csr-alg3,csr-default",manual-selection,csr,CUSPARSE_SPMM_CSR_ALG2,library-preprocess,spmm.csr.fp64,fp64,A100-SXM4-80GB,A100-SXM4-80GB,,9700.0,1cb4d392-df77-5092-a407-ab8ee1286933,suitesparse_all,FlowIPM22/Spielman_k100,Spielman_k100,338402,338402,1025404,64,row-major,N,N,1.0,0.0,20260922,main,pass,pass,0,0,131251712.0,0.08505,0.365414404869,0.450464404869,0.369666904869,359.18592767861287,291.3697743513595,355.05399664195545,3.7029477080269366,3.0038121067150465,3.660350480844902,cuSPARSE 12.8.6,CUDA,13040,13000,2026-10-08T00:54:48.116014+00:00,derived,csr-alg2,0,0,,,,5,20,4,true
3,A100-SXM4-80GB-suitesparse_all-fp64-n64-row-major-cuSPARSE-SpMM-CSR-solve-only,cuSPARSE-SpMM-CSR-best-solve-only,cuSPARSE CUDA 13.4.1 CSR PER MATRIX BEST,per-matrix-best,cuSPARSE-SpMM-CSR,best,solve-only,"csr-alg1,csr-alg2,csr-alg3,csr-default",manual-selection,csr,CUSPARSE_SPMM_CSR_ALG2,library-preprocess,spmm.csr.fp64,fp64,A100-SXM4-80GB,A100-SXM4-80GB,,9700.0,df7f742d-c1c4-51c9-b7da-d151d8293f2c,suitesparse_all,FlowIPM22/Spielman_k200,Spielman_k200,2686802,2686802,8100804,64,row-major,N,N,1.0,0.0,20260922,main,pass,pass,0,0,1036902912.0,8.257174,5.38716163635,13.6443356364,5.80002033635,192.4766661916125,75.99511911989161,178.77573730241977,1.9842955277485825,0.7834548362875424,1.843048838169276,cuSPARSE 12.8.6,CUDA,13040,13000,2026-10-08T22:47:09.577905+00:00,derived,csr-alg2,0,0,,,,5,20,4,true
3,A100-SXM4-80GB-suitesparse_all-fp64-n64-row-major-cuSPARSE-SpMM-CSR-solve-only,cuSPARSE-SpMM-CSR-best-solve-only,cuSPARSE CUDA 13.4.1 CSR PER MATRIX BEST,per-matrix-best,cuSPARSE-SpMM-CSR,best,solve-only,"csr-alg1,csr-alg2,csr-alg3,csr-default",manual-selection,csr,CUSPARSE_SPMM_CSR_ALG2,library-preprocess,spmm.csr.fp64,fp64,A100-SXM4-80GB,A100-SXM4-80GB,,9700.0,0edb0287-e1df-52fd-b14b-f9e504b96222,suitesparse_all,FlowIPM22/Spielman_k400,Spielman_k400,21413602,21413602,64401604,64,row-major,N,N,1.0,0.0,20260922,main,pass,pass,0,0,8243405312.0,0.42612,21.0790405273,21.5051605273,21.1003465273,391.07118283319187,383.3221938304206,390.6763000946234,4.0316616786927,3.9517751941280475,4.027590722624984,cuSPARSE 12.8.6,CUDA,13040,13000,2026-10-07T20:01:19.009113+00:00,derived,csr-alg2,0,0,,,,5,20,4,true
3,A100-SXM4-80GB-suitesparse_all-fp64-n64-row-major-cuSPARSE-SpMM-CSR-solve-only,cuSPARSE-SpMM-CSR-best-solve-only,cuSPARSE CUDA 13.4.1 CSR PER MATRIX BEST,per-matrix-best,cuSPARSE-SpMM-CSR,best,solve-only,"csr-alg1,csr-alg2,csr-alg3,csr-default",manual-selection,csr,CUSPARSE_SPMM_CSR_ALG2,library-preprocess,spmm.csr.fp64,fp64,A100-SXM4-80GB,A100-SXM4-80GB,,9700.0,1cb4d392-df77-5092-a407-ab8ee1286933,suitesparse_all,FlowIPM22/uni_chimera_i3,uni_chimera_i3,100000,100000,499696,64,row-major,N,N,1.0,0.0,20260922,main,pass,pass,0,0,63961088.0,0.05797,0.210380792618,0.268350792618,0.213279292618,304.025320962345,238.34879478462818,299.8935677949727,3.1342816594056186,2.4572040699446207,3.0916862659275535,cuSPARSE 12.8.6,CUDA,13040,13000,2026-10-08T00:54:51.440966+00:00,derived,csr-alg2,0,0,,,,5,20,4,true
3,A100-SXM4-80GB-suitesparse_all-fp64-n64-row-major-cuSPARSE-SpMM-CSR-solve-only,cuSPARSE-SpMM-CSR-best-solve-only,cuSPARSE CUDA 13.4.1 CSR PER MATRIX BEST,per-matrix-best,cuSPARSE-SpMM-CSR,best,solve-only,"csr-alg1,csr-alg2,csr-alg3,csr-default",manual-selection,csr,CUSPARSE_SPMM_CSR_ALG3,library-preprocess,spmm.csr.fp64,fp64,A100-SXM4-80GB,A100-SXM4-80GB,,9700.0,df7f742d-c1c4-51c9-b7da-d151d8293f2c,suitesparse_all,FlowIPM22/uni_chimera_i4,uni_chimera_i4,100000,100000,814436,64,row-major,N,N,1.0,0.0,20260922,main,pass,pass,0,0,104247808.0,0.329561,0.297113609314,0.626674609314,0.313591659314,350.8685052855566,166.3507767039048,332.4316986875485,3.617201085418109,1.714956460864998,3.4271309143046236,cuSPARSE 12.8.6,CUDA,13040,13000,2026-10-09T01:25:33.194661+00:00,derived,csr-alg3,0,0,,,,5,20,4,true
3,A100-SXM4-80GB-suitesparse_all-fp64-n64-row-major-cuSPARSE-SpMM-CSR-solve-only,cuSPARSE-SpMM-CSR-best-solve-only,cuSPARSE CUDA 13.4.1 CSR PER MATRIX BEST,per-matrix-best,cuSPARSE-SpMM-CSR,best,solve-only,"csr-alg1,csr-alg2,csr-alg3,csr-default",manual-selection,csr,CUSPARSE_SPMM_CSR_ALG3,library-preprocess,spmm.csr.fp64,fp64,A100-SXM4-80GB,A100-SXM4-80GB,,9700.0,1cb4d392-df77-5092-a407-ab8ee1286933,suitesparse_all,Fluorem/DK01R,DK01R,903,903,11766,64,row-major,N,N,1.0,0.0,20260922,main,pass,pass,0,0,1506048.0,2.453312,0.00645119994879,2.45976319995,0.129116799949,233.45238280553951,0.6122735717123559,11.664229601375466,2.406725595933397,0.006312098677446968,0.12024978970490172,cuSPARSE 12.8.6,CUDA,13040,13000,2026-10-08T01:21:02.911485+00:00,derived,csr-alg3,0,0,,,,5,20,4,true
3,A100-SXM4-80GB-suitesparse_all-fp64-n64-row-major-cuSPARSE-SpMM-CSR-solve-only,cuSPARSE-SpMM-CSR-best-solve-only,cuSPARSE CUDA 13.4.1 CSR PER MATRIX BEST,per-matrix-best,cuSPARSE-SpMM-CSR,best,solve-only,"csr-alg1,csr-alg2,csr-alg3,csr-default",manual-selection,csr,CUSPARSE_SPMM_CSR_ALG3,library-preprocess,spmm.csr.fp64,fp64,A100-SXM4-80GB,A100-SXM4-80GB,,9700.0,df7f742d-c1c4-51c9-b7da-d151d8293f2c,suitesparse_all,Fluorem/GT01R,GT01R,7980,7980,430909,64,row-major,N,N,1.0,0.0,20260922,main,pass,pass,0,0,55156352.0,0.12363,0.0525312006474,0.176161200647,0.0587127006474,1049.9731839411124,313.1015898927986,939.4279498611774,10.824465813825901,3.2278514421938,9.684824225372962,cuSPARSE 12.8.6,CUDA,13040,13000,2026-10-08T23:17:25.634803+00:00,derived,csr-alg3,0,0,,,,5,20,4,true
3,A100-SXM4-80GB-suitesparse_all-fp64-n64-row-major-cuSPARSE-SpMM-CSR-solve-only,cuSPARSE-SpMM-CSR-best-solve-only,cuSPARSE CUDA 13.4.1 CSR PER MATRIX BEST,per-matrix-best,cuSPARSE-SpMM-CSR,best,solve-only,"csr-alg1,csr-alg2,csr-alg3,csr-default",manual-selection,csr,CUSPARSE_SPMM_CSR_ALG3,library-preprocess,spmm.csr.fp64,fp64,A100-SXM4-80GB,A100-SXM4-80GB,,9700.0,0edb0287-e1df-52fd-b14b-f9e504b96222,suitesparse_all,Fluorem/RM07R,RM07R,381689,381689,37464962,64,row-major,N,N,1.0,0.0,20260922,main,pass,pass,0,0,4795515136.0,0.637361,4.64363365173,5.28099465173,4.67550170173,1032.7074648133398,908.0704398041831,1025.668568193568,10.646468709415874,9.36155092581632,10.573902764882144,cuSPARSE 12.8.6,CUDA,13040,13000,2026-10-07T20:47:44.849650+00:00,derived,csr-alg3,0,0,,,,5,20,4,true
3,A100-SXM4-80GB-suitesparse_all-fp64-n64-row-major-cuSPARSE-SpMM-CSR-solve-only,cuSPARSE-SpMM-CSR-best-solve-only,cuSPARSE CUDA 13.4.1 CSR PER MATRIX BEST,per-matrix-best,cuSPARSE-SpMM-CSR,best,solve-only,"csr-alg1,csr-alg2,csr-alg3,csr-default",manual-selection,csr,CUSPARSE_SPMM_CSR_ALG2,library-preprocess,spmm.csr.fp64,fp64,A100-SXM4-80GB,A100-SXM4-80GB,,9700.0,df7f742d-c1c4-51c9-b7da-d151d8293f2c,suitesparse_all,FreeFieldTechnologies/mono_500Hz,mono_500Hz,169410,169410,5036288,64,row-major,N,N,1.0,0.0,20260922,main,pass,pass,0,0,644644864.0,0.09364,0.989849567413,1.08348956741,0.994531567413,651.2553879119205,594.9709931596063,648.1894442796483,6.713973071256913,6.133721578965014,6.682365404944829,cuSPARSE 12.8.6,CUDA,13040,13000,2026-10-08T20:40:07.085872+00:00,derived,csr-alg2,0,0,,,,5,20,4,true
3,A100-SXM4-80GB-suitesparse_all-fp64-n64-row-major-cuSPARSE-SpMM-CSR-solve-only,cuSPARSE-SpMM-CSR-best-solve-only,cuSPARSE CUDA 13.4.1 CSR PER MATRIX BEST,per-matrix-best,cuSPARSE-SpMM-CSR,best,solve-only,"csr-alg1,csr-alg2,csr-alg3,csr-default",manual-selection,csr,CUSPARSE_SPMM_CSR_ALG2,library-preprocess,spmm.csr.fp64,fp64,A100-SXM4-80GB,A100-SXM4-80GB,,9700.0,1cb4d392-df77-5092-a407-ab8ee1286933,suitesparse_all,Freescale/Freescale2,Freescale2,2999349,2999349,23042677,64,row-major,N,N,1.0,0.0,20260922,main,pass,pass,0,0,2949462656.0,0.637801,12.1659393311,12.8037403311,12.1978293811,242.4360812370844,230.35945588773157,241.80225545456986,2.4993410436812824,2.374839751419913,2.492806757263607,cuSPARSE 12.8.6,CUDA,13040,13000,2026-10-08T00:03:02.814904+00:00,derived,csr-alg2,0,0,,,,5,20,4,true
3,A100-SXM4-80GB-suitesparse_all-fp64-n64-row-major-cuSPARSE-SpMM-CSR-solve-only,cuSPARSE-SpMM-CSR-best-solve-only,cuSPARSE CUDA 13.4.1 CSR PER MATRIX BEST,per-matrix-best,cuSPARSE-SpMM-CSR,best,solve-only,"csr-alg1,csr-alg2,csr-alg3,csr-default",manual-selection,csr,CUSPARSE_SPMM_CSR_ALG3,library-preprocess,spmm.csr.fp64,fp64,A100-SXM4-80GB,A100-SXM4-80GB,,9700.0,0edb0287-e1df-52fd-b14b-f9e504b96222,suitesparse_all,Gaertner/big,big,13209,13209,91465,64,row-major,N,N,1.0,0.0,20260922,main,pass,pass,0,0,11707520.0,0.11493,0.0281087994576,0.143038799458,0.0338552994576,416.5072940116105,81.8485616795018,345.8105580977763,4.293889628985675,0.8437996049433176,3.5650572999770755,cuSPARSE 12.8.6,CUDA,13040,13000,2026-10-07T20:02:31.890123+00:00,derived,csr-alg3,0,0,,,,5,20,4,true
3,A100-SXM4-80GB-suitesparse_all-fp64-n64-row-major-cuSPARSE-SpMM-CSR-solve-only,cuSPARSE-SpMM-CSR-best-solve-only,cuSPARSE CUDA 13.4.1 CSR PER MATRIX BEST,per-matrix-best,cuSPARSE-SpMM-CSR,best,solve-only,"csr-alg1,csr-alg2,csr-alg3,csr-default",manual-selection,csr,CUSPARSE_SPMM_CSR_ALG2,library-preprocess,spmm.csr.fp64,fp64,A100-SXM4-80GB,A100-SXM4-80GB,,9700.0,1cb4d392-df77-5092-a407-ab8ee1286933,suitesparse_all,GAP/GAP-road,GAP-road,23947347,23947347,57708624,64,row-major,N,N,1.0,0.0,20260922,main,pass,pass,0,0,7386703872.0,1.54834,30.3123962402,31.8607362402,30.3898132402,243.6859103274662,231.84347707194198,243.06512888433227,2.5122258796645998,2.390138938886,2.5058260709724975,cuSPARSE 12.8.6,CUDA,13040,13000,2026-10-08T00:54:36.924630+00:00,derived,csr-alg2,0,0,,,,5,20,4,true
3,A100-SXM4-80GB-suitesparse_all-fp64-n64-row-major-cuSPARSE-SpMM-CSR-solve-only,cuSPARSE-SpMM-CSR-best-solve-only,cuSPARSE CUDA 13.4.1 CSR PER MATRIX BEST,per-matrix-best,cuSPARSE-SpMM-CSR,best,solve-only,"csr-alg1,csr-alg2,csr-alg3,csr-default",manual-selection,csr,CUSPARSE_SPMM_CSR_ALG2,library-preprocess,spmm.csr.fp64,fp64,A100-SXM4-80GB,A100-SXM4-80GB,,9700.0,0edb0287-e1df-52fd-b14b-f9e504b96222,suitesparse_all,GenBank/kmer_V2a,kmer_V2a,55042369,55042369,117217600,64,row-major,N,N,1.0,0.0,20260922,main,pass,pass,0,0,15003852800.0,0.572991,72.387121582,72.960112582,72.415771132,207.2724052579389,205.644594957788,207.19040293931093,2.136828920184937,2.1200473706988454,2.1359835354568135,cuSPARSE 12.8.6,CUDA,13040,13000,2026-10-07T19:45:26.873339+00:00,derived,csr-alg2,0,0,,,,5,20,4,true
3,A100-SXM4-80GB-suitesparse_all-fp64-n64-row-major-cuSPARSE-SpMM-CSR-solve-only,cuSPARSE-SpMM-CSR-best-solve-only,cuSPARSE CUDA 13.4.1 CSR PER MATRIX BEST,per-matrix-best,cuSPARSE-SpMM-CSR,best,solve-only,"csr-alg1,csr-alg2,csr-alg3,csr-default",manual-selection,csr,CUSPARSE_SPMM_CSR_ALG2,library-preprocess,spmm.csr.fp64,fp64,A100-SXM4-80GB,A100-SXM4-80GB,,9700.0,df7f742d-c1c4-51c9-b7da-d151d8293f2c,suitesparse_all,GHS_indef/aug2d,aug2d,29008,29008,76832,64,row-major,N,N,1.0,0.0,20260922,main,pass,pass,0,0,9834496.0,0.05165,0.0397311985493,0.0913811985493,0.0423136985493,247.52578223375215,107.62056261162196,232.41872814643602,2.551812187976826,1.1094903362022883,2.396069362334392,cuSPARSE 12.8.6,CUDA,13040,13000,2026-10-08T20:17:04.921774+00:00,derived,csr-alg2,0,0,,,,5,20,4,true
3,A100-SXM4-80GB-suitesparse_all-fp64-n64-row-major-cuSPARSE-SpMM-CSR-solve-only,cuSPARSE-SpMM-CSR-best-solve-only,cuSPARSE CUDA 13.4.1 CSR PER MATRIX BEST,per-matrix-best,cuSPARSE-SpMM-CSR,best,solve-only,"csr-alg1,csr-alg2,csr-alg3,csr-default",manual-selection,csr,CUSPARSE_SPMM_CSR_ALG2,library-preprocess,spmm.csr.fp64,fp64,A100-SXM4-80GB,A100-SXM4-80GB,,9700.0,0edb0287-e1df-52fd-b14b-f9e504b96222,suitesparse_all,GHS_indef/aug3d,aug3d,24300,24300,69984,64,row-major,N,N,1.0,0.0,20260922,main,pass,pass,0,0,8957952.0,0.04534,0.0417791992426,0.0871191992426,0.0440461992426,214.41176859287572,102.82408559627454,203.3762765922416,2.210430604050265,1.060042119549222,2.096662645280841,cuSPARSE 12.8.6,CUDA,13040,13000,2026-10-07T17:51:11.405074+00:00,derived,csr-alg2,0,0,,,,5,20,4,true
3,A100-SXM4-80GB-suitesparse_all-fp64-n64-row-major-cuSPARSE-SpMM-CSR-solve-only,cuSPARSE-SpMM-CSR-best-solve-only,cuSPARSE CUDA 13.4.1 CSR PER MATRIX BEST,per-matrix-best,cuSPARSE-SpMM-CSR,best,solve-only,"csr-alg1,csr-alg2,csr-alg3,csr-default",manual-selection,csr,CUSPARSE_SPMM_CSR_ALG2,library-preprocess,spmm.csr.fp64,fp64,A100-SXM4-80GB,A100-SXM4-80GB,,9700.0,1cb4d392-df77-5092-a407-ab8ee1286933,suitesparse_all,GHS_indef/blockqp1,blockqp1,60012,60012,640033,64,row-major,N,N,1.0,0.0,20260922,main,pass,pass,0,0,81924224.0,0.05959,0.191334402561,0.250924402561,0.194313902561,428.1729940013346,326.48966447208784,421.6076303355697,4.414154577333346,3.3658728296091533,4.346470415830615,cuSPARSE 12.8.6,CUDA,13040,13000,2026-10-07T22:53:52.894589+00:00,derived,csr-alg2,0,0,,,,5,20,4,true
3,A100-SXM4-80GB-suitesparse_all-fp64-n64-row-major-cuSPARSE-SpMM-CSR-solve-only,cuSPARSE-SpMM-CSR-best-solve-only,cuSPARSE CUDA 13.4.1 CSR PER MATRIX BEST,per-matrix-best,cuSPARSE-SpMM-CSR,best,solve-only,"csr-alg1,csr-alg2,csr-alg3,csr-default",manual-selection,csr,CUSPARSE_SPMM_CSR_ALG2,library-preprocess,spmm.csr.fp64,fp64,A100-SXM4-80GB,A100-SXM4-80GB,,9700.0,df7f742d-c1c4-51c9-b7da-d151d8293f2c,suitesparse_all,GHS_indef/bloweya,bloweya,30004,30004,150009,64,row-major,N,N,1.0,0.0,20260922,main,pass,pass,0,0,19201152.0,0.06265,0.0575487971306,0.120198797131,0.0606812971306,333.6499276679114,159.74495966938346,316.42619568060223,3.43968997595785,1.6468552543235409,3.2621257286660024,cuSPARSE 12.8.6,CUDA,13040,13000,2026-10-08T20:17:57.133545+00:00,derived,csr-alg2,0,0,,,,5,20,4,true
3,A100-SXM4-80GB-suitesparse_all-fp64-n64-row-major-cuSPARSE-SpMM-CSR-solve-only,cuSPARSE-SpMM-CSR-best-solve-only,cuSPARSE CUDA 13.4.1 CSR PER MATRIX BEST,per-matrix-best,cuSPARSE-SpMM-CSR,best,solve-only,"csr-alg1,csr-alg2,csr-alg3,csr-default",manual-selection,csr,CUSPARSE_SPMM_CSR_ALG2,library-preprocess,spmm.csr.fp64,fp64,A100-SXM4-80GB,A100-SXM4-80GB,,9700.0,0edb0287-e1df-52fd-b14b-f9e504b96222,suitesparse_all,GHS_indef/bloweybq,bloweybq,10001,10001,69991,64,row-major,N,N,1.0,0.0,20260922,main,pass,pass,0,0,8958848.0,0.04465,0.0304127991199,0.0750627991199,0.0326452991199,294.5749243494644,119.35137118574235,274.4299559668866,3.0368548902006642,1.2304265070695086,2.829174803782336,cuSPARSE 12.8.6,CUDA,13040,13000,2026-10-07T17:55:02.159622+00:00,derived,csr-alg2,0,0,,,,5,20,4,true
3,A100-SXM4-80GB-suitesparse_all-fp64-n64-row-major-cuSPARSE-SpMM-CSR-solve-only,cuSPARSE-SpMM-CSR-best-solve-only,cuSPARSE CUDA 13.4.1 CSR PER MATRIX BEST,per-matrix-best,cuSPARSE-SpMM-CSR,best,solve-only,"csr-alg1,csr-alg2,csr-alg3,csr-default",manual-selection,csr,CUSPARSE_SPMM_CSR_ALG2,library-preprocess,spmm.csr.fp64,fp64,A100-SXM4-80GB,A100-SXM4-80GB,,9700.0,0edb0287-e1df-52fd-b14b-f9e504b96222,suitesparse_all,GHS_indef/boyd2,boyd2,466316,466316,1500397,64,row-major,N,N,1.0,0.0,20260922,main,pass,pass,0,0,192050816.0,0.45896,0.77629442215,1.23525442215,0.79924242215,247.39430107986897,155.4747042845873,240.29106898927387,2.5504567121635975,1.6028320029338894,2.4772275153533387,cuSPARSE 12.8.6,CUDA,13040,13000,2026-10-07T17:52:50.647533+00:00,derived,csr-alg2,0,0,,,,5,20,4,true
3,A100-SXM4-80GB-suitesparse_all-fp64-n64-row-major-cuSPARSE-SpMM-CSR-solve-only,cuSPARSE-SpMM-CSR-best-solve-only,cuSPARSE CUDA 13.4.1 CSR PER MATRIX BEST,per-matrix-best,cuSPARSE-SpMM-CSR,best,solve-only,"csr-alg1,csr-alg2,csr-alg3,csr-default",manual-selection,csr,CUSPARSE_SPMM_CSR_ALG2,library-preprocess,spmm.csr.fp64,fp64,A100-SXM4-80GB,A100-SXM4-80GB,,9700.0,1cb4d392-df77-5092-a407-ab8ee1286933,suitesparse_all,GHS_indef/c-59,c-59,41282,41282,480536,64,row-major,N,N,1.0,0.0,20260922,main,pass,pass,0,0,61508608.0,0.23072,0.137062394619,0.367782394619,0.148598394619,448.7635588957782,167.24184980012203,413.925117816417,4.626428442224518,1.7241427814445571,4.26726925583935,cuSPARSE 12.8.6,CUDA,13040,13000,2026-10-07T22:52:43.150324+00:00,derived,csr-alg2,0,0,,,,5,20,4,true
3,A100-SXM4-80GB-suitesparse_all-fp64-n64-row-major-cuSPARSE-SpMM-CSR-solve-only,cuSPARSE-SpMM-CSR-best-solve-only,cuSPARSE CUDA 13.4.1 CSR PER MATRIX BEST,per-matrix-best,cuSPARSE-SpMM-CSR,best,solve-only,"csr-alg1,csr-alg2,csr-alg3,csr-default",manual-selection,csr,CUSPARSE_SPMM_CSR_ALG2,library-preprocess,spmm.csr.fp64,fp64,A100-SXM4-80GB,A100-SXM4-80GB,,9700.0,df7f742d-c1c4-51c9-b7da-d151d8293f2c,suitesparse_all,GHS_indef/c-62ghs,c-62ghs,41731,41731,559343,64,row-major,N,N,1.0,0.0,20260922,main,pass,pass,0,0,71595904.0,0.05587,0.144844794273,0.200714794273,0.147638294273,494.29393965693896,356.7046677317648,484.94128405202946,5.095813810896278,3.6773677085748946,4.9993946809487575,cuSPARSE 12.8.6,CUDA,13040,13000,2026-10-08T20:17:07.805443+00:00,derived,csr-alg2,0,0,,,,5,20,4,true
3,A100-SXM4-80GB-suitesparse_all-fp64-n64-row-major-cuSPARSE-SpMM-CSR-solve-only,cuSPARSE-SpMM-CSR-best-solve-only,cuSPARSE CUDA 13.4.1 CSR PER MATRIX BEST,per-matrix-best,cuSPARSE-SpMM-CSR,best,solve-only,"csr-alg1,csr-alg2,csr-alg3,csr-default",manual-selection,csr,CUSPARSE_SPMM_CSR_ALG2,library-preprocess,spmm.csr.fp64,fp64,A100-SXM4-80GB,A100-SXM4-80GB,,9700.0,0edb0287-e1df-52fd-b14b-f9e504b96222,suitesparse_all,GHS_indef/c-68,c-68,64810,64810,566006,64,row-major,N,N,1.0,0.0,20260922,main,pass,pass,0,0,72448768.0,0.04522,0.174847996235,0.220067996235,0.177108996235,414.3528639735,329.2108313770234,409.063173187827,4.271679010036083,3.3939260966703446,4.217146115338422,cuSPARSE 12.8.6,CUDA,13040,13000,2026-10-07T17:51:14.046490+00:00,derived,csr-alg2,0,0,,,,5,20,4,true
3,A100-SXM4-80GB-suitesparse_all-fp64-n64-row-major-cuSPARSE-SpMM-CSR-solve-only,cuSPARSE-SpMM-CSR-best-solve-only,cuSPARSE CUDA 13.4.1 CSR PER MATRIX BEST,per-matrix-best,cuSPARSE-SpMM-CSR,best,solve-only,"csr-alg1,csr-alg2,csr-alg3,csr-default",manual-selection,csr,CUSPARSE_SPMM_CSR_ALG3,library-preprocess,spmm.csr.fp64,fp64,A100-SXM4-80GB,A100-SXM4-80GB,,9700.0,1cb4d392-df77-5092-a407-ab8ee1286933,suitesparse_all,GHS_indef/copter2,copter2,55476,55476,759952,64,row-major,N,N,1.0,0.0,20260922,main,pass,pass,0,0,97273856.0,0.29346,0.184150397778,0.477610397778,0.198823397778,528.2304962342095,203.66779377616112,489.2475286465678,5.445675218909376,2.099667977073826,5.043788955119256,cuSPARSE 12.8.6,CUDA,13040,13000,2026-10-08T00:59:38.251586+00:00,derived,csr-alg3,0,0,,,,5,20,4,true
3,A100-SXM4-80GB-suitesparse_all-fp64-n64-row-major-cuSPARSE-SpMM-CSR-solve-only,cuSPARSE-SpMM-CSR-best-solve-only,cuSPARSE CUDA 13.4.1 CSR PER MATRIX BEST,per-matrix-best,cuSPARSE-SpMM-CSR,best,solve-only,"csr-alg1,csr-alg2,csr-alg3,csr-default",manual-selection,csr,CUSPARSE_SPMM_CSR_ALG2,library-preprocess,spmm.csr.fp64,fp64,A100-SXM4-80GB,A100-SXM4-80GB,,9700.0,df7f742d-c1c4-51c9-b7da-d151d8293f2c,suitesparse_all,GHS_indef/d_pretok,d_pretok,182730,182730,1641672,64,row-major,N,N,1.0,0.0,20260922,main,pass,pass,0,0,210134016.0,0.10335,0.39874560833,0.50209560833,0.40391310833,526.9876623345631,418.51394936298743,520.2455965561755,5.432862498294464,4.314576797556572,5.363356665527583,cuSPARSE 12.8.6,CUDA,13040,13000,2026-10-08T20:17:15.336562+00:00,derived,csr-alg2,0,0,,,,5,20,4,true
3,A100-SXM4-80GB-suitesparse_all-fp64-n64-row-major-cuSPARSE-SpMM-CSR-solve-only,cuSPARSE-SpMM-CSR-best-solve-only,cuSPARSE CUDA 13.4.1 CSR PER MATRIX BEST,per-matrix-best,cuSPARSE-SpMM-CSR,best,solve-only,"csr-alg1,csr-alg2,csr-alg3,csr-default",manual-selection,csr,CUSPARSE_SPMM_CSR_ALG2,library-preprocess,spmm.csr.fp64,fp64,A100-SXM4-80GB,A100-SXM4-80GB,,9700.0,0edb0287-e1df-52fd-b14b-f9e504b96222,suitesparse_all,GHS_indef/dawson5,dawson5,51537,51537,1010777,64,row-major,N,N,1.0,0.0,20260922,main,pass,pass,0,0,129379456.0,0.04767,0.193587195873,0.241257195873,0.195970695873,668.3265151734388,536.2719048931768,660.1979720674418,6.889964073952977,5.528576339104916,6.806164660489091,cuSPARSE 12.8.6,CUDA,13040,13000,2026-10-07T17:51:17.356119+00:00,derived,csr-alg2,0,0,,,,5,20,4,true
3,A100-SXM4-80GB-suitesparse_all-fp64-n64-row-major-cuSPARSE-SpMM-CSR-solve-only,cuSPARSE-SpMM-CSR-best-solve-only,cuSPARSE CUDA 13.4.1 CSR PER MATRIX BEST,per-matrix-best,cuSPARSE-SpMM-CSR,best,solve-only,"csr-alg1,csr-alg2,csr-alg3,csr-default",manual-selection,csr,CUSPARSE_SPMM_CSR_ALG2,library-preprocess,spmm.csr.fp64,fp64,A100-SXM4-80GB,A100-SXM4-80GB,,9700.0,1cb4d392-df77-5092-a407-ab8ee1286933,suitesparse_all,GHS_indef/dixmaanl,dixmaanl,60000,60000,299998,64,row-major,N,N,1.0,0.0,20260922,main,pass,pass,0,0,38399744.0,0.06348,0.124160003662,0.187640003662,0.127334003662,309.27627953793706,204.6458284512203,301.56708259900216,3.188415252968423,2.109750808775467,3.108938995866002,cuSPARSE 12.8.6,CUDA,13040,13000,2026-10-07T22:53:54.819387+00:00,derived,csr-alg2,0,0,,,,5,20,4,true
3,A100-SXM4-80GB-suitesparse_all-fp64-n64-row-major-cuSPARSE-SpMM-CSR-solve-only,cuSPARSE-SpMM-CSR-best-solve-only,cuSPARSE CUDA 13.4.1 CSR PER MATRIX BEST,per-matrix-best,cuSPARSE-SpMM-CSR,best,solve-only,"csr-alg1,csr-alg2,csr-alg3,csr-default",manual-selection,csr,CUSPARSE_SPMM_CSR_ALG2,library-preprocess,spmm.csr.fp64,fp64,A100-SXM4-80GB,A100-SXM4-80GB,,9700.0,1cb4d392-df77-5092-a407-ab8ee1286933,suitesparse_all,GHS_indef/k1_san,k1_san,67759,67759,559774,64,row-major,N,N,1.0,0.0,20260922,main,pass,pass,0,0,71651072.0,0.06116,0.157747197151,0.218907197151,0.160805197151,454.21454893688923,327.31254582998383,445.57684247430075,4.682624215844219,3.374356142577153,4.5935756956113485,cuSPARSE 12.8.6,CUDA,13040,13000,2026-10-07T22:52:48.870174+00:00,derived,csr-alg2,0,0,,,,5,20,4,true
3,A100-SXM4-80GB-suitesparse_all-fp64-n64-row-major-cuSPARSE-SpMM-CSR-solve-only,cuSPARSE-SpMM-CSR-best-solve-only,cuSPARSE CUDA 13.4.1 CSR PER MATRIX BEST,per-matrix-best,cuSPARSE-SpMM-CSR,best,solve-only,"csr-alg1,csr-alg2,csr-alg3,csr-default",manual-selection,csr,CUSPARSE_SPMM_CSR_ALG3,library-preprocess,spmm.csr.fp64,fp64,A100-SXM4-80GB,A100-SXM4-80GB,,9700.0,df7f742d-c1c4-51c9-b7da-d151d8293f2c,suitesparse_all,GHS_indef/laser,laser,3002,3002,9000,64,row-major,N,N,1.0,0.0,20260922,main,pass,pass,0,0,1152000.0,0.07258,0.0105984002352,0.0831784002352,0.0142274002352,108.69564976173605,13.84974941502288,80.97052033089206,1.1205737088838768,0.14278092180435958,0.8347476322772378,cuSPARSE 12.8.6,CUDA,13040,13000,2026-10-08T22:52:28.839326+00:00,derived,csr-alg3,0,0,,,,5,20,4,true
3,A100-SXM4-80GB-suitesparse_all-fp64-n64-row-major-cuSPARSE-SpMM-CSR-solve-only,cuSPARSE-SpMM-CSR-best-solve-only,cuSPARSE CUDA 13.4.1 CSR PER MATRIX BEST,per-matrix-best,cuSPARSE-SpMM-CSR,best,solve-only,"csr-alg1,csr-alg2,csr-alg3,csr-default",manual-selection,csr,CUSPARSE_SPMM_CSR_ALG3,library-preprocess,spmm.csr.fp64,fp64,A100-SXM4-80GB,A100-SXM4-80GB,,9700.0,df7f742d-c1c4-51c9-b7da-d151d8293f2c,suitesparse_all,GHS_indef/linverse,linverse,11999,11999,95977,64,row-major,N,N,1.0,0.0,20260922,main,pass,pass,0,0,12285056.0,0.12179,0.0263680011034,0.148158001103,0.0324575011034,465.90774749383314,82.91861329486608,378.4966674071256,4.803172654575599,0.8548310648955266,3.902027499042532,cuSPARSE 12.8.6,CUDA,13040,13000,2026-10-08T22:53:09.833228+00:00,derived,csr-alg3,0,0,,,,5,20,4,true
3,A100-SXM4-80GB-suitesparse_all-fp64-n64-row-major-cuSPARSE-SpMM-CSR-solve-only,cuSPARSE-SpMM-CSR-best-solve-only,cuSPARSE CUDA 13.4.1 CSR PER MATRIX BEST,per-matrix-best,cuSPARSE-SpMM-CSR,best,solve-only,"csr-alg1,csr-alg2,csr-alg3,csr-default",manual-selection,csr,CUSPARSE_SPMM_CSR_ALG2,library-preprocess,spmm.csr.fp64,fp64,A100-SXM4-80GB,A100-SXM4-80GB,,9700.0,0edb0287-e1df-52fd-b14b-f9e504b96222,suitesparse_all,GHS_indef/mario002,mario002,389874,389874,2101242,64,row-major,N,N,1.0,0.0,20260922,main,pass,pass,0,0,268958976.0,0.10813,0.77537279129,0.88350279129,0.78077929129,346.87698487914264,304.4234592709025,344.47503795294983,3.5760513905066253,3.1383861780505415,3.5512890510613384,cuSPARSE 12.8.6,CUDA,13040,13000,2026-10-07T17:51:27.794461+00:00,derived,csr-alg2,0,0,,,,5,20,4,true
3,A100-SXM4-80GB-suitesparse_all-fp64-n64-row-major-cuSPARSE-SpMM-CSR-solve-only,cuSPARSE-SpMM-CSR-best-solve-only,cuSPARSE CUDA 13.4.1 CSR PER MATRIX BEST,per-matrix-best,cuSPARSE-SpMM-CSR,best,solve-only,"csr-alg1,csr-alg2,csr-alg3,csr-default",manual-selection,csr,CUSPARSE_SPMM_CSR_ALG2,library-preprocess,spmm.csr.fp64,fp64,A100-SXM4-80GB,A100-SXM4-80GB,,9700.0,0edb0287-e1df-52fd-b14b-f9e504b96222,suitesparse_all,GHS_indef/ncvxqp3,ncvxqp3,75000,75000,499964,64,row-major,N,N,1.0,0.0,20260922,main,pass,pass,0,0,63995392.0,0.0481,0.195532798767,0.243632798767,0.197937798767,327.2872500344964,262.67149712138087,323.3106177730681,3.374095361180376,2.7079535785709368,3.3330991522996714,cuSPARSE 12.8.6,CUDA,13040,13000,2026-10-07T17:52:53.342677+00:00,derived,csr-alg2,0,0,,,,5,20,4,true
3,A100-SXM4-80GB-suitesparse_all-fp64-n64-row-major-cuSPARSE-SpMM-CSR-solve-only,cuSPARSE-SpMM-CSR-best-solve-only,cuSPARSE CUDA 13.4.1 CSR PER MATRIX BEST,per-matrix-best,cuSPARSE-SpMM-CSR,best,solve-only,"csr-alg1,csr-alg2,csr-alg3,csr-default",manual-selection,csr,CUSPARSE_SPMM_CSR_ALG2,library-preprocess,spmm.csr.fp64,fp64,A100-SXM4-80GB,A100-SXM4-80GB,,9700.0,1cb4d392-df77-5092-a407-ab8ee1286933,suitesparse_all,GHS_indef/stokes128,stokes128,49666,49666,558594,64,row-major,N,N,1.0,0.0,20260922,main,pass,pass,0,0,71500032.0,0.05577,0.147609603405,0.203379603405,0.150398103405,484.38604501784107,351.5595015573828,475.40514395624336,4.993670567194238,3.6243247583235343,4.901083958311787,cuSPARSE 12.8.6,CUDA,13040,13000,2026-10-07T22:52:51.225889+00:00,derived,csr-alg2,0,0,,,,5,20,4,true
3,A100-SXM4-80GB-suitesparse_all-fp64-n64-row-major-cuSPARSE-SpMM-CSR-solve-only,cuSPARSE-SpMM-CSR-best-solve-only,cuSPARSE CUDA 13.4.1 CSR PER MATRIX BEST,per-matrix-best,cuSPARSE-SpMM-CSR,best,solve-only,"csr-alg1,csr-alg2,csr-alg3,csr-default",manual-selection,csr,CUSPARSE_SPMM_CSR_ALG3,library-preprocess,spmm.csr.fp64,fp64,A100-SXM4-80GB,A100-SXM4-80GB,,9700.0,df7f742d-c1c4-51c9-b7da-d151d8293f2c,suitesparse_all,GHS_indef/stokes64,stokes64,12546,12546,140034,64,row-major,N,N,1.0,0.0,20260922,main,pass,pass,0,0,17924352.0,0.15405,0.0289792001247,0.183029200125,0.0366817001247,618.5247323207668,97.93165236890367,488.64561727144303,6.376543632172854,1.009604663596945,5.037583683210753,cuSPARSE 12.8.6,CUDA,13040,13000,2026-10-08T22:52:29.916166+00:00,derived,csr-alg3,0,0,,,,5,20,4,true
3,A100-SXM4-80GB-suitesparse_all-fp64-n64-row-major-cuSPARSE-SpMM-CSR-solve-only,cuSPARSE-SpMM-CSR-best-solve-only,cuSPARSE CUDA 13.4.1 CSR PER MATRIX BEST,per-matrix-best,cuSPARSE-SpMM-CSR,best,solve-only,"csr-alg1,csr-alg2,csr-alg3,csr-default",manual-selection,csr,CUSPARSE_SPMM_CSR_ALG2,library-preprocess,spmm.csr.fp64,fp64,A100-SXM4-80GB,A100-SXM4-80GB,,9700.0,0edb0287-e1df-52fd-b14b-f9e504b96222,suitesparse_all,GHS_indef/tuma1,tuma1,22967,22967,87760,64,row-major,N,N,1.0,0.0,20260922,main,pass,pass,0,0,11233280.0,0.0428,0.0464895993471,0.0892895993471,0.0486295993471,241.629959340588,125.80726178793007,230.99676227683935,2.4910305086658555,1.296982080287939,2.3814099203797867,cuSPARSE 12.8.6,CUDA,13040,13000,2026-10-07T17:51:28.828808+00:00,derived,csr-alg2,0,0,,,,5,20,4,true
3,A100-SXM4-80GB-suitesparse_all-fp64-n64-row-major-cuSPARSE-SpMM-CSR-solve-only,cuSPARSE-SpMM-CSR-best-solve-only,cuSPARSE CUDA 13.4.1 CSR PER MATRIX BEST,per-matrix-best,cuSPARSE-SpMM-CSR,best,solve-only,"csr-alg1,csr-alg2,csr-alg3,csr-default",manual-selection,csr,CUSPARSE_SPMM_CSR_ALG2,library-preprocess,spmm.csr.fp64,fp64,A100-SXM4-80GB,A100-SXM4-80GB,,9700.0,1cb4d392-df77-5092-a407-ab8ee1286933,suitesparse_all,GHS_psdef/apache1,apache1,80800,80800,542184,64,row-major,N,N,1.0,0.0,20260922,main,pass,pass,0,0,69399552.0,0.0509,0.139622402191,0.190522402191,0.142167402191,497.05169737062056,364.2592745100205,488.1537604996301,5.1242443027899025,3.7552502526806233,5.0325129948415475,cuSPARSE 12.8.6,CUDA,13040,13000,2026-10-07T22:56:52.822350+00:00,derived,csr-alg2,0,0,,,,5,20,4,true
3,A100-SXM4-80GB-suitesparse_all-fp64-n64-row-major-cuSPARSE-SpMM-CSR-solve-only,cuSPARSE-SpMM-CSR-best-solve-only,cuSPARSE CUDA 13.4.1 CSR PER MATRIX BEST,per-matrix-best,cuSPARSE-SpMM-CSR,best,solve-only,"csr-alg1,csr-alg2,csr-alg3,csr-default",manual-selection,csr,CUSPARSE_SPMM_CSR_ALG3,library-preprocess,spmm.csr.fp64,fp64,A100-SXM4-80GB,A100-SXM4-80GB,,9700.0,df7f742d-c1c4-51c9-b7da-d151d8293f2c,suitesparse_all,GHS_psdef/apache2,apache2,715176,715176,4817870,64,row-major,N,N,1.0,0.0,20260922,main,pass,pass,0,0,616687360.0,0.937871,2.01538562775,2.95325662775,2.06227917775,305.98975774600365,208.81604199423606,299.0319480764103,3.1545335850103466,2.1527427009715057,3.082803588416601,cuSPARSE 12.8.6,CUDA,13040,13000,2026-10-08T22:55:06.683081+00:00,derived,csr-alg3,0,0,,,,5,20,4,true
3,A100-SXM4-80GB-suitesparse_all-fp64-n64-row-major-cuSPARSE-SpMM-CSR-solve-only,cuSPARSE-SpMM-CSR-best-solve-only,cuSPARSE CUDA 13.4.1 CSR PER MATRIX BEST,per-matrix-best,cuSPARSE-SpMM-CSR,best,solve-only,"csr-alg1,csr-alg2,csr-alg3,csr-default",manual-selection,csr,CUSPARSE_SPMM_CSR_ALG2,library-preprocess,spmm.csr.fp64,fp64,A100-SXM4-80GB,A100-SXM4-80GB,,9700.0,1cb4d392-df77-5092-a407-ab8ee1286933,suitesparse_all,GHS_psdef/bmwcra_1,bmwcra_1,148770,148770,10644002,64,row-major,N,N,1.0,0.0,20260922,main,pass,pass,0,0,1362432256.0,0.895181,1.53420801163,2.42938901163,1.57896706163,888.0362021786739,560.8127185385906,862.8630001904747,9.155012393594577,5.781574417923615,8.895494847324482,cuSPARSE 12.8.6,CUDA,13040,13000,2026-10-07T22:53:15.756856+00:00,derived,csr-alg2,0,0,,,,5,20,4,true
3,A100-SXM4-80GB-suitesparse_all-fp64-n64-row-major-cuSPARSE-SpMM-CSR-solve-only,cuSPARSE-SpMM-CSR-best-solve-only,cuSPARSE CUDA 13.4.1 CSR PER MATRIX BEST,per-matrix-best,cuSPARSE-SpMM-CSR,best,solve-only,"csr-alg1,csr-alg2,csr-alg3,csr-default",manual-selection,csr,CUSPARSE_SPMM_CSR_ALG3,library-preprocess,spmm.csr.fp64,fp64,A100-SXM4-80GB,A100-SXM4-80GB,,9700.0,df7f742d-c1c4-51c9-b7da-d151d8293f2c,suitesparse_all,GHS_psdef/copter1,copter1,17222,17222,211064,64,row-major,N,N,1.0,0.0,20260922,main,pass,pass,0,0,27016192.0,0.15274,0.0459264010191,0.198666401019,0.0535634010191,588.2497082400258,135.98772546051325,504.3778304959833,6.064429981855937,1.4019353140259099,5.199771448412198,cuSPARSE 12.8.6,CUDA,13040,13000,2026-10-08T22:52:31.149438+00:00,derived,csr-alg3,0,0,,,,5,20,4,true
3,A100-SXM4-80GB-suitesparse_all-fp64-n64-row-major-cuSPARSE-SpMM-CSR-solve-only,cuSPARSE-SpMM-CSR-best-solve-only,cuSPARSE CUDA 13.4.1 CSR PER MATRIX BEST,per-matrix-best,cuSPARSE-SpMM-CSR,best,solve-only,"csr-alg1,csr-alg2,csr-alg3,csr-default",manual-selection,csr,CUSPARSE_SPMM_CSR_ALG3,library-preprocess,spmm.csr.fp64,fp64,A100-SXM4-80GB,A100-SXM4-80GB,,9700.0,0edb0287-e1df-52fd-b14b-f9e504b96222,suitesparse_all,GHS_psdef/crankseg_1,crankseg_1,52804,52804,10614210,64,row-major,N,N,1.0,0.0,20260922,main,pass,pass,0,0,1358618880.0,0.22029,1.19915523529,1.41944523529,1.21016973529,1132.9799845900984,957.1477970563811,1122.6680360457258,11.680206026702047,9.867503062436919,11.573897278821915,cuSPARSE 12.8.6,CUDA,13040,13000,2026-10-07T20:08:07.012791+00:00,derived,csr-alg3,0,0,,,,5,20,4,true
3,A100-SXM4-80GB-suitesparse_all-fp64-n64-row-major-cuSPARSE-SpMM-CSR-solve-only,cuSPARSE-SpMM-CSR-best-solve-only,cuSPARSE CUDA 13.4.1 CSR PER MATRIX BEST,per-matrix-best,cuSPARSE-SpMM-CSR,best,solve-only,"csr-alg1,csr-alg2,csr-alg3,csr-default",manual-selection,csr,CUSPARSE_SPMM_CSR_ALG2,library-preprocess,spmm.csr.fp64,fp64,A100-SXM4-80GB,A100-SXM4-80GB,,9700.0,1cb4d392-df77-5092-a407-ab8ee1286933,suitesparse_all,GHS_psdef/cvxbqp1,cvxbqp1,50000,50000,349968,64,row-major,N,N,1.0,0.0,20260922,main,pass,pass,0,0,44795904.0,0.05917,0.137779200077,0.196949200077,0.140737700077,325.12820494650225,227.449027376026,318.2935629578385,3.3518371643969305,2.344835333773464,3.2813769377096755,cuSPARSE 12.8.6,CUDA,13040,13000,2026-10-07T22:53:56.702382+00:00,derived,csr-alg2,0,0,,,,5,20,4,true
3,A100-SXM4-80GB-suitesparse_all-fp64-n64-row-major-cuSPARSE-SpMM-CSR-solve-only,cuSPARSE-SpMM-CSR-best-solve-only,cuSPARSE CUDA 13.4.1 CSR PER MATRIX BEST,per-matrix-best,cuSPARSE-SpMM-CSR,best,solve-only,"csr-alg1,csr-alg2,csr-alg3,csr-default",manual-selection,csr,CUSPARSE_SPMM_CSR_ALG3,library-preprocess,spmm.csr.fp64,fp64,A100-SXM4-80GB,A100-SXM4-80GB,,9700.0,1cb4d392-df77-5092-a407-ab8ee1286933,suitesparse_all,GHS_psdef/ford1,ford1,18728,18728,101576,64,row-major,N,N,1.0,0.0,20260922,main,pass,pass,0,0,13001728.0,0.546611,0.0322048008442,0.578815800844,0.0595353508442,403.720180196102,22.462634884952237,218.38668649194065,4.162063713361876,0.2315735555149715,2.2514091390921713,cuSPARSE 12.8.6,CUDA,13040,13000,2026-10-08T01:00:12.179852+00:00,derived,csr-alg3,0,0,,,,5,20,4,true
3,A100-SXM4-80GB-suitesparse_all-fp64-n64-row-major-cuSPARSE-SpMM-CSR-solve-only,cuSPARSE-SpMM-CSR-best-solve-only,cuSPARSE CUDA 13.4.1 CSR PER MATRIX BEST,per-matrix-best,cuSPARSE-SpMM-CSR,best,solve-only,"csr-alg1,csr-alg2,csr-alg3,csr-default",manual-selection,csr,CUSPARSE_SPMM_CSR_ALG2,library-preprocess,spmm.csr.fp64,fp64,A100-SXM4-80GB,A100-SXM4-80GB,,9700.0,df7f742d-c1c4-51c9-b7da-d151d8293f2c,suitesparse_all,GHS_psdef/ford2,ford2,100196,100196,544688,64,row-major,N,N,1.0,0.0,20260922,main,pass,pass,0,0,69720064.0,0.06244,0.17023999691,0.23267999691,0.17336199691,409.539857057555,299.6392682047677,402.16463378761614,4.22206038203665,3.0890646206677084,4.146027152449651,cuSPARSE 12.8.6,CUDA,13040,13000,2026-10-08T20:17:22.749993+00:00,derived,csr-alg2,0,0,,,,5,20,4,true
3,A100-SXM4-80GB-suitesparse_all-fp64-n64-row-major-cuSPARSE-SpMM-CSR-solve-only,cuSPARSE-SpMM-CSR-best-solve-only,cuSPARSE CUDA 13.4.1 CSR PER MATRIX BEST,per-matrix-best,cuSPARSE-SpMM-CSR,best,solve-only,"csr-alg1,csr-alg2,csr-alg3,csr-default",manual-selection,csr,CUSPARSE_SPMM_CSR_ALG2,library-preprocess,spmm.csr.fp64,fp64,A100-SXM4-80GB,A100-SXM4-80GB,,9700.0,df7f742d-c1c4-51c9-b7da-d151d8293f2c,suitesparse_all,GHS_psdef/gridgena,gridgena,48962,48962,512084,64,row-major,N,N,1.0,0.0,20260922,main,pass,pass,0,0,65546752.0,0.062651,0.120473599434,0.183124599434,0.123606149434,544.0756506649325,357.9352648556849,530.2871442896856,5.609027326442603,3.690054276862731,5.466877776182325,cuSPARSE 12.8.6,CUDA,13040,13000,2026-10-08T20:18:01.342662+00:00,derived,csr-alg2,0,0,,,,5,20,4,true
3,A100-SXM4-80GB-suitesparse_all-fp64-n64-row-major-cuSPARSE-SpMM-CSR-solve-only,cuSPARSE-SpMM-CSR-best-solve-only,cuSPARSE CUDA 13.4.1 CSR PER MATRIX BEST,per-matrix-best,cuSPARSE-SpMM-CSR,best,solve-only,"csr-alg1,csr-alg2,csr-alg3,csr-default",manual-selection,csr,CUSPARSE_SPMM_CSR_ALG2,library-preprocess,spmm.csr.fp64,fp64,A100-SXM4-80GB,A100-SXM4-80GB,,9700.0,0edb0287-e1df-52fd-b14b-f9e504b96222,suitesparse_all,GHS_psdef/minsurfo,minsurfo,40806,40806,203622,64,row-major,N,N,1.0,0.0,20260922,main,pass,pass,0,0,26063616.0,0.04677,0.0804863989353,0.127256398935,0.0828248989353,323.8263401615416,204.8118304315115,314.68334202689476,3.3384158779540374,2.111462169397026,3.244158165225719,cuSPARSE 12.8.6,CUDA,13040,13000,2026-10-07T17:52:54.875093+00:00,derived,csr-alg2,0,0,,,,5,20,4,true
3,A100-SXM4-80GB-suitesparse_all-fp64-n64-row-major-cuSPARSE-SpMM-CSR-solve-only,cuSPARSE-SpMM-CSR-best-solve-only,cuSPARSE CUDA 13.4.1 CSR PER MATRIX BEST,per-matrix-best,cuSPARSE-SpMM-CSR,best,solve-only,"csr-alg1,csr-alg2,csr-alg3,csr-default",manual-selection,csr,CUSPARSE_SPMM_CSR_ALG2,library-preprocess,spmm.csr.fp64,fp64,A100-SXM4-80GB,A100-SXM4-80GB,,9700.0,1cb4d392-df77-5092-a407-ab8ee1286933,suitesparse_all,GHS_psdef/oilpan,oilpan,73752,73752,3597188,64,row-major,N,N,1.0,0.0,20260922,main,pass,pass,0,0,460440064.0,0.053031,0.495052814484,0.548083814484,0.497704364484,930.0827114374102,840.0906062761345,925.1276397332095,9.588481561210415,8.660727899753965,9.537398347765047,cuSPARSE 12.8.6,CUDA,13040,13000,2026-10-07T22:53:26.199243+00:00,derived,csr-alg2,0,0,,,,5,20,4,true
3,A100-SXM4-80GB-suitesparse_all-fp64-n64-row-major-cuSPARSE-SpMM-CSR-solve-only,cuSPARSE-SpMM-CSR-best-solve-only,cuSPARSE CUDA 13.4.1 CSR PER MATRIX BEST,per-matrix-best,cuSPARSE-SpMM-CSR,best,solve-only,"csr-alg1,csr-alg2,csr-alg3,csr-default",manual-selection,csr,CUSPARSE_SPMM_CSR_ALG3,library-preprocess,spmm.csr.fp64,fp64,A100-SXM4-80GB,A100-SXM4-80GB,,9700.0,df7f742d-c1c4-51c9-b7da-d151d8293f2c,suitesparse_all,GHS_psdef/opt1,opt1,15449,15449,1930655,64,row-major,N,N,1.0,0.0,20260922,main,pass,pass,0,0,247123840.0,0.21394,0.211763191223,0.425703191223,0.222460191223,1166.9820357956496,580.5073701468845,1110.8676956601034,12.030742637068553,5.9846120633699424,11.452244285155706,cuSPARSE 12.8.6,CUDA,13040,13000,2026-10-08T22:52:38.608228+00:00,derived,csr-alg3,0,0,,,,5,20,4,true
3,A100-SXM4-80GB-suitesparse_all-fp64-n64-row-major-cuSPARSE-SpMM-CSR-solve-only,cuSPARSE-SpMM-CSR-best-solve-only,cuSPARSE CUDA 13.4.1 CSR PER MATRIX BEST,per-matrix-best,cuSPARSE-SpMM-CSR,best,solve-only,"csr-alg1,csr-alg2,csr-alg3,csr-default",manual-selection,csr,CUSPARSE_SPMM_CSR_ALG2,library-preprocess,spmm.csr.fp64,fp64,A100-SXM4-80GB,A100-SXM4-80GB,,9700.0,0edb0287-e1df-52fd-b14b-f9e504b96222,suitesparse_all,GHS_psdef/pwt,pwt,36519,36519,326107,64,row-major,N,N,1.0,0.0,20260922,main,pass,pass,0,0,41741696.0,0.074721,0.0914943993092,0.166215399309,0.0952304493092,456.22132409368976,251.1301370001271,438.32299755796106,4.703312619522575,2.5889704845373926,4.51879378925733,cuSPARSE 12.8.6,CUDA,13040,13000,2026-10-07T17:52:22.359513+00:00,derived,csr-alg2,0,0,,,,5,20,4,true
3,A100-SXM4-80GB-suitesparse_all-fp64-n64-row-major-cuSPARSE-SpMM-CSR-solve-only,cuSPARSE-SpMM-CSR-best-solve-only,cuSPARSE CUDA 13.4.1 CSR PER MATRIX BEST,per-matrix-best,cuSPARSE-SpMM-CSR,best,solve-only,"csr-alg1,csr-alg2,csr-alg3,csr-default",manual-selection,csr,CUSPARSE_SPMM_CSR_ALG3,library-preprocess,spmm.csr.fp64,fp64,A100-SXM4-80GB,A100-SXM4-80GB,,9700.0,df7f742d-c1c4-51c9-b7da-d151d8293f2c,suitesparse_all,GHS_psdef/vanbody,vanbody,47072,47072,2336898,64,row-major,N,N,1.0,0.0,20260922,main,pass,pass,0,0,299122944.0,0.17006,0.335974407196,0.506034407196,0.344477407196,890.3146715740711,591.1118685732808,868.338351808964,9.178501768804857,6.093936789415267,8.951941771226434,cuSPARSE 12.8.6,CUDA,13040,13000,2026-10-08T22:53:06.942361+00:00,derived,csr-alg3,0,0,,,,5,20,4,true
3,A100-SXM4-80GB-suitesparse_all-fp64-n64-row-major-cuSPARSE-SpMM-CSR-solve-only,cuSPARSE-SpMM-CSR-best-solve-only,cuSPARSE CUDA 13.4.1 CSR PER MATRIX BEST,per-matrix-best,cuSPARSE-SpMM-CSR,best,solve-only,"csr-alg1,csr-alg2,csr-alg3,csr-default",manual-selection,csr,CUSPARSE_SPMM_CSR_ALG2,library-preprocess,spmm.csr.fp64,fp64,A100-SXM4-80GB,A100-SXM4-80GB,,9700.0,0edb0287-e1df-52fd-b14b-f9e504b96222,suitesparse_all,GHS_psdef/wathen120,wathen120,36441,36441,565761,64,row-major,N,N,1.0,0.0,20260922,main,pass,pass,0,0,72417408.0,0.04543,0.114585602283,0.160015602283,0.116857102283,631.99395523659,452.5646684872904,619.7090855857638,6.515401600377216,4.665615139044231,6.38875345964705,cuSPARSE 12.8.6,CUDA,13040,13000,2026-10-07T17:52:40.750128+00:00,derived,csr-alg2,0,0,,,,5,20,4,true
3,A100-SXM4-80GB-suitesparse_all-fp64-n64-row-major-cuSPARSE-SpMM-CSR-solve-only,cuSPARSE-SpMM-CSR-best-solve-only,cuSPARSE CUDA 13.4.1 CSR PER MATRIX BEST,per-matrix-best,cuSPARSE-SpMM-CSR,best,solve-only,"csr-alg1,csr-alg2,csr-alg3,csr-default",manual-selection,csr,CUSPARSE_SPMM_CSR_ALG3,library-preprocess,spmm.csr.fp64,fp64,A100-SXM4-80GB,A100-SXM4-80GB,,9700.0,0edb0287-e1df-52fd-b14b-f9e504b96222,suitesparse_all,Gleich/wb-cs-stanford,wb-cs-stanford,9914,9914,36854,64,row-major,N,N,1.0,0.0,20260922,main,pass,pass,0,0,4717312.0,0.12835,0.0298496007919,0.158199600792,0.0362671007919,158.03601639054722,29.818735169896524,130.0713841745403,1.6292372823767756,0.30740964092676826,1.3409421048921681,cuSPARSE 12.8.6,CUDA,13040,13000,2026-10-07T20:14:23.464925+00:00,derived,csr-alg3,0,0,,,,5,20,4,true
3,A100-SXM4-80GB-suitesparse_all-fp64-n64-row-major-cuSPARSE-SpMM-CSR-solve-only,cuSPARSE-SpMM-CSR-best-solve-only,cuSPARSE CUDA 13.4.1 CSR PER MATRIX BEST,per-matrix-best,cuSPARSE-SpMM-CSR,best,solve-only,"csr-alg1,csr-alg2,csr-alg3,csr-default",manual-selection,csr,CUSPARSE_SPMM_CSR_ALG2,library-preprocess,spmm.csr.fp64,fp64,A100-SXM4-80GB,A100-SXM4-80GB,,9700.0,1cb4d392-df77-5092-a407-ab8ee1286933,suitesparse_all,Gleich/wikipedia-20070206,wikipedia-20070206,3566907,3566907,45030389,64,row-major,N,N,1.0,0.0,20260922,main,pass,pass,0,0,5763889792.0,0.65442,12.5106689453,13.1650889453,12.5433899453,460.71795338852553,437.8162438513365,459.51611303926063,4.749669622562118,4.513569524240582,4.737279515868666,cuSPARSE 12.8.6,CUDA,13040,13000,2026-10-07T23:03:08.278561+00:00,derived,csr-alg2,0,0,,,,5,20,4,true
3,A100-SXM4-80GB-suitesparse_all-fp64-n64-row-major-cuSPARSE-SpMM-CSR-solve-only,cuSPARSE-SpMM-CSR-best-solve-only,cuSPARSE CUDA 13.4.1 CSR PER MATRIX BEST,per-matrix-best,cuSPARSE-SpMM-CSR,best,solve-only,"csr-alg1,csr-alg2,csr-alg3,csr-default",manual-selection,csr,CUSPARSE_SPMM_CSR_ALG3,library-preprocess,spmm.csr.fp64,fp64,A100-SXM4-80GB,A100-SXM4-80GB,,9700.0,1cb4d392-df77-5092-a407-ab8ee1286933,suitesparse_all,Goodwin/goodwin,goodwin,7320,7320,324784,64,row-major,N,N,1.0,0.0,20260922,main,pass,pass,0,0,41572352.0,0.08954,0.0393727988005,0.1289127988,0.0438497988005,1055.8647915949543,322.484286951964,948.0625484540642,10.885204037061385,3.324580277855299,9.773840705712002,cuSPARSE 12.8.6,CUDA,13040,13000,2026-10-08T00:55:50.244694+00:00,derived,csr-alg3,0,0,,,,5,20,4,true
3,A100-SXM4-80GB-suitesparse_all-fp64-n64-row-major-cuSPARSE-SpMM-CSR-solve-only,cuSPARSE-SpMM-CSR-best-solve-only,cuSPARSE CUDA 13.4.1 CSR PER MATRIX BEST,per-matrix-best,cuSPARSE-SpMM-CSR,best,solve-only,"csr-alg1,csr-alg2,csr-alg3,csr-default",manual-selection,csr,CUSPARSE_SPMM_CSR_ALG3,library-preprocess,spmm.csr.fp64,fp64,A100-SXM4-80GB,A100-SXM4-80GB,,9700.0,0edb0287-e1df-52fd-b14b-f9e504b96222,suitesparse_all,Goodwin/Goodwin_010,Goodwin_010,1182,1182,32282,64,row-major,N,N,1.0,0.0,20260922,main,pass,pass,0,0,4132096.0,0.05501,0.0122015997767,0.0672115997767,0.0149520997767,338.6519862658166,61.47891158264705,276.35556622214926,3.4912575903692433,0.6338032121922377,2.849026455898446,cuSPARSE 12.8.6,CUDA,13040,13000,2026-10-07T22:02:50.199664+00:00,derived,csr-alg3,0,0,,,,5,20,4,true
3,A100-SXM4-80GB-suitesparse_all-fp64-n64-row-major-cuSPARSE-SpMM-CSR-solve-only,cuSPARSE-SpMM-CSR-best-solve-only,cuSPARSE CUDA 13.4.1 CSR PER MATRIX BEST,per-matrix-best,cuSPARSE-SpMM-CSR,best,solve-only,"csr-alg1,csr-alg2,csr-alg3,csr-default",manual-selection,csr,CUSPARSE_SPMM_CSR_ALG3,library-preprocess,spmm.csr.fp64,fp64,A100-SXM4-80GB,A100-SXM4-80GB,,9700.0,1cb4d392-df77-5092-a407-ab8ee1286933,suitesparse_all,Goodwin/Goodwin_040,Goodwin_040,17922,17922,561677,64,row-major,N,N,1.0,0.0,20260922,main,pass,pass,0,0,71894656.0,0.12004,0.0883087992668,0.208348799267,0.0943107992668,814.1278852947675,345.0687321114179,762.3162623891462,8.393070982420282,3.557409609396061,7.858930540094292,cuSPARSE 12.8.6,CUDA,13040,13000,2026-10-08T02:53:25.653698+00:00,derived,csr-alg3,0,0,,,,5,20,4,true
3,A100-SXM4-80GB-suitesparse_all-fp64-n64-row-major-cuSPARSE-SpMM-CSR-solve-only,cuSPARSE-SpMM-CSR-best-solve-only,cuSPARSE CUDA 13.4.1 CSR PER MATRIX BEST,per-matrix-best,cuSPARSE-SpMM-CSR,best,solve-only,"csr-alg1,csr-alg2,csr-alg3,csr-default",manual-selection,csr,CUSPARSE_SPMM_CSR_ALG3,library-preprocess,spmm.csr.fp64,fp64,A100-SXM4-80GB,A100-SXM4-80GB,,9700.0,df7f742d-c1c4-51c9-b7da-d151d8293f2c,suitesparse_all,Goodwin/Goodwin_054,Goodwin_054,32510,32510,1030878,64,row-major,N,N,1.0,0.0,20260922,main,pass,pass,0,0,131952384.0,0.342091,0.154777598381,0.496868598381,0.171882148381,852.5289536744618,265.56796792945767,767.6910327389538,8.78895828530373,2.737814102365543,7.914340543700554,cuSPARSE 12.8.6,CUDA,13040,13000,2026-10-09T01:05:22.761487+00:00,derived,csr-alg3,0,0,,,,5,20,4,true
3,A100-SXM4-80GB-suitesparse_all-fp64-n64-row-major-cuSPARSE-SpMM-CSR-solve-only,cuSPARSE-SpMM-CSR-best-solve-only,cuSPARSE CUDA 13.4.1 CSR PER MATRIX BEST,per-matrix-best,cuSPARSE-SpMM-CSR,best,solve-only,"csr-alg1,csr-alg2,csr-alg3,csr-default",manual-selection,csr,CUSPARSE_SPMM_CSR_ALG2,library-preprocess,spmm.csr.fp64,fp64,A100-SXM4-80GB,A100-SXM4-80GB,,9700.0,0edb0287-e1df-52fd-b14b-f9e504b96222,suitesparse_all,Goodwin/Goodwin_095,Goodwin_095,100037,100037,3226066,64,row-major,N,N,1.0,0.0,20260922,main,pass,pass,0,0,412936448.0,0.08899,0.492390394211,0.581380394211,0.496839894211,838.636278966579,710.2689600677062,831.1257868206382,8.645734834707,7.322360413069136,8.568307080625136,cuSPARSE 12.8.6,CUDA,13040,13000,2026-10-07T19:45:38.484403+00:00,derived,csr-alg2,0,0,,,,5,20,4,true
3,A100-SXM4-80GB-suitesparse_all-fp64-n64-row-major-cuSPARSE-SpMM-CSR-solve-only,cuSPARSE-SpMM-CSR-best-solve-only,cuSPARSE CUDA 13.4.1 CSR PER MATRIX BEST,per-matrix-best,cuSPARSE-SpMM-CSR,best,solve-only,"csr-alg1,csr-alg2,csr-alg3,csr-default",manual-selection,csr,CUSPARSE_SPMM_CSR_ALG3,library-preprocess,spmm.csr.fp64,fp64,A100-SXM4-80GB,A100-SXM4-80GB,,9700.0,df7f742d-c1c4-51c9-b7da-d151d8293f2c,suitesparse_all,Goodwin/rim,rim,22560,22560,1014951,64,row-major,N,N,1.0,0.0,20260922,main,pass,pass,0,0,129913728.0,0.25464,0.144332802296,0.398972802296,0.157064802296,900.0984248443459,325.62051160473925,827.1345718512297,9.279365204580886,3.3569124907705077,8.52716053454876,cuSPARSE 12.8.6,CUDA,13040,13000,2026-10-08T22:48:12.091700+00:00,derived,csr-alg3,0,0,,,,5,20,4,true
3,A100-SXM4-80GB-suitesparse_all-fp64-n64-row-major-cuSPARSE-SpMM-CSR-solve-only,cuSPARSE-SpMM-CSR-best-solve-only,cuSPARSE CUDA 13.4.1 CSR PER MATRIX BEST,per-matrix-best,cuSPARSE-SpMM-CSR,best,solve-only,"csr-alg1,csr-alg2,csr-alg3,csr-default",manual-selection,csr,CUSPARSE_SPMM_CSR_ALG3,library-preprocess,spmm.csr.fp64,fp64,A100-SXM4-80GB,A100-SXM4-80GB,,9700.0,1cb4d392-df77-5092-a407-ab8ee1286933,suitesparse_all,Grueninger/windtunnel_evap2d,windtunnel_evap2d,8256,8256,233468,64,row-major,N,N,1.0,0.0,20260922,main,pass,pass,0,0,29883904.0,0.10192,0.0260096013546,0.127929601355,0.0311056013546,1148.9566330748396,233.5964755887361,960.7242007420849,11.844913743039584,2.408211088543671,9.904373203526648,cuSPARSE 12.8.6,CUDA,13040,13000,2026-10-08T02:53:22.752326+00:00,derived,csr-alg3,0,0,,,,5,20,4,true
3,A100-SXM4-80GB-suitesparse_all-fp64-n64-row-major-cuSPARSE-SpMM-CSR-solve-only,cuSPARSE-SpMM-CSR-best-solve-only,cuSPARSE CUDA 13.4.1 CSR PER MATRIX BEST,per-matrix-best,cuSPARSE-SpMM-CSR,best,solve-only,"csr-alg1,csr-alg2,csr-alg3,csr-default",manual-selection,csr,CUSPARSE_SPMM_CSR_ALG3,library-preprocess,spmm.csr.fp64,fp64,A100-SXM4-80GB,A100-SXM4-80GB,,9700.0,df7f742d-c1c4-51c9-b7da-d151d8293f2c,suitesparse_all,Grueninger/windtunnel_evap3d,windtunnel_evap3d,40816,40816,2730600,64,row-major,N,N,1.0,0.0,20260922,main,pass,pass,0,0,349516800.0,0.26952,0.317342400551,0.586862400551,0.330818400551,1101.387017282077,595.5685688363093,1056.5216427437429,11.354505332804917,6.1398821529516425,10.891975698389102,cuSPARSE 12.8.6,CUDA,13040,13000,2026-10-09T01:05:18.010511+00:00,derived,csr-alg3,0,0,,,,5,20,4,true
3,A100-SXM4-80GB-suitesparse_all-fp64-n64-row-major-cuSPARSE-SpMM-CSR-solve-only,cuSPARSE-SpMM-CSR-best-solve-only,cuSPARSE CUDA 13.4.1 CSR PER MATRIX BEST,per-matrix-best,cuSPARSE-SpMM-CSR,best,solve-only,"csr-alg1,csr-alg2,csr-alg3,csr-default",manual-selection,csr,CUSPARSE_SPMM_CSR_ALG3,library-preprocess,spmm.csr.fp64,fp64,A100-SXM4-80GB,A100-SXM4-80GB,,9700.0,0edb0287-e1df-52fd-b14b-f9e504b96222,suitesparse_all,Grund/b1_ss,b1_ss,7,7,15,64,row-major,N,N,1.0,0.0,20260922,main,pass,pass,0,0,1920.0,0.05084,0.00552960000932,0.0563696000093,0.00807160000932,0.347222221636988,0.03406091225914737,0.23787105379144677,0.0035796105323400826,0.00035114342535203473,0.0024522789050664615,cuSPARSE 12.8.6,CUDA,13040,13000,2026-10-07T20:02:32.511123+00:00,derived,csr-alg3,0,0,,,,5,20,4,true
3,A100-SXM4-80GB-suitesparse_all-fp64-n64-row-major-cuSPARSE-SpMM-CSR-solve-only,cuSPARSE-SpMM-CSR-best-solve-only,cuSPARSE CUDA 13.4.1 CSR PER MATRIX BEST,per-matrix-best,cuSPARSE-SpMM-CSR,best,solve-only,"csr-alg1,csr-alg2,csr-alg3,csr-default",manual-selection,csr,CUSPARSE_SPMM_CSR_ALG3,library-preprocess,spmm.csr.fp64,fp64,A100-SXM4-80GB,A100-SXM4-80GB,,9700.0,1cb4d392-df77-5092-a407-ab8ee1286933,suitesparse_all,Grund/bayer03,bayer03,6747,6747,56196,64,row-major,N,N,1.0,0.0,20260922,main,pass,pass,0,0,7193088.0,0.07193,0.0182272002101,0.0901572002101,0.0218237002101,394.63482691182537,79.78384403283836,329.5998355343537,4.068400277441499,0.8225138560086429,3.39793644880777,cuSPARSE 12.8.6,CUDA,13040,13000,2026-10-08T00:55:51.038280+00:00,derived,csr-alg3,0,0,,,,5,20,4,true
3,A100-SXM4-80GB-suitesparse_all-fp64-n64-row-major-cuSPARSE-SpMM-CSR-solve-only,cuSPARSE-SpMM-CSR-best-solve-only,cuSPARSE CUDA 13.4.1 CSR PER MATRIX BEST,per-matrix-best,cuSPARSE-SpMM-CSR,best,solve-only,"csr-alg1,csr-alg2,csr-alg3,csr-default",manual-selection,csr,CUSPARSE_SPMM_CSR_ALG2,library-preprocess,spmm.csr.fp64,fp64,A100-SXM4-80GB,A100-SXM4-80GB,,9700.0,df7f742d-c1c4-51c9-b7da-d151d8293f2c,suitesparse_all,Grund/bayer04,bayer04,20545,20545,159082,64,row-major,N,N,1.0,0.0,20260922,main,pass,pass,0,0,20362496.0,0.05294,0.0473087996244,0.100248799624,0.0499557996244,430.41667008388504,203.1195992009178,407.6102505234309,4.437285258596753,2.0940164866074,4.2021675311693905,cuSPARSE 12.8.6,CUDA,13040,13000,2026-10-08T20:12:57.265140+00:00,derived,csr-alg2,0,0,,,,5,20,4,true
3,A100-SXM4-80GB-suitesparse_all-fp64-n64-row-major-cuSPARSE-SpMM-CSR-solve-only,cuSPARSE-SpMM-CSR-best-solve-only,cuSPARSE CUDA 13.4.1 CSR PER MATRIX BEST,per-matrix-best,cuSPARSE-SpMM-CSR,best,solve-only,"csr-alg1,csr-alg2,csr-alg3,csr-default",manual-selection,csr,CUSPARSE_SPMM_CSR_ALG3,library-preprocess,spmm.csr.fp64,fp64,A100-SXM4-80GB,A100-SXM4-80GB,,9700.0,0edb0287-e1df-52fd-b14b-f9e504b96222,suitesparse_all,Grund/bayer06,bayer06,3008,3008,27576,64,row-major,N,N,1.0,0.0,20260922,main,pass,pass,0,0,3529728.0,0.06233,0.0144896000624,0.0768196000624,0.0176061000624,243.6042392335948,45.94827358034704,200.48324089320437,2.511383909624689,0.47369354206543346,2.0668375349814885,cuSPARSE 12.8.6,CUDA,13040,13000,2026-10-07T20:02:33.232290+00:00,derived,csr-alg3,0,0,,,,5,20,4,true
3,A100-SXM4-80GB-suitesparse_all-fp64-n64-row-major-cuSPARSE-SpMM-CSR-solve-only,cuSPARSE-SpMM-CSR-best-solve-only,cuSPARSE CUDA 13.4.1 CSR PER MATRIX BEST,per-matrix-best,cuSPARSE-SpMM-CSR,best,solve-only,"csr-alg1,csr-alg2,csr-alg3,csr-default",manual-selection,csr,CUSPARSE_SPMM_CSR_ALG3,library-preprocess,spmm.csr.fp64,fp64,A100-SXM4-80GB,A100-SXM4-80GB,,9700.0,1cb4d392-df77-5092-a407-ab8ee1286933,suitesparse_all,Grund/d_dyn,d_dyn,87,87,238,64,row-major,N,N,1.0,0.0,20260922,main,pass,pass,0,0,30464.0,0.05576,0.00563200004399,0.061392000044,0.00842000004399,5.409090866841991,0.4962210056386219,3.6180522376296773,0.05576382336950507,0.005115680470501257,0.03729950760442966,cuSPARSE 12.8.6,CUDA,13040,13000,2026-10-08T00:55:51.643485+00:00,derived,csr-alg3,0,0,,,,5,20,4,true
3,A100-SXM4-80GB-suitesparse_all-fp64-n64-row-major-cuSPARSE-SpMM-CSR-solve-only,cuSPARSE-SpMM-CSR-best-solve-only,cuSPARSE CUDA 13.4.1 CSR PER MATRIX BEST,per-matrix-best,cuSPARSE-SpMM-CSR,best,solve-only,"csr-alg1,csr-alg2,csr-alg3,csr-default",manual-selection,csr,CUSPARSE_SPMM_CSR_ALG3,library-preprocess,spmm.csr.fp64,fp64,A100-SXM4-80GB,A100-SXM4-80GB,,9700.0,df7f742d-c1c4-51c9-b7da-d151d8293f2c,suitesparse_all,Grund/d_dyn1,d_dyn1,87,87,238,64,row-major,N,N,1.0,0.0,20260922,main,pass,pass,0,0,30464.0,0.050969,0.00568320006132,0.0566522000613,0.00823165006132,5.360360302523703,0.5377372805828672,3.700837593078501,0.05526144641777014,0.005543683304978012,0.03815296487709795,cuSPARSE 12.8.6,CUDA,13040,13000,2026-10-08T22:48:13.929480+00:00,derived,csr-alg3,0,0,,,,5,20,4,true
3,A100-SXM4-80GB-suitesparse_all-fp64-n64-row-major-cuSPARSE-SpMM-CSR-solve-only,cuSPARSE-SpMM-CSR-best-solve-only,cuSPARSE CUDA 13.4.1 CSR PER MATRIX BEST,per-matrix-best,cuSPARSE-SpMM-CSR,best,solve-only,"csr-alg1,csr-alg2,csr-alg3,csr-default",manual-selection,csr,CUSPARSE_SPMM_CSR_ALG3,library-preprocess,spmm.csr.fp64,fp64,A100-SXM4-80GB,A100-SXM4-80GB,,9700.0,0edb0287-e1df-52fd-b14b-f9e504b96222,suitesparse_all,Grund/meg1,meg1,2904,2904,58142,64,row-major,N,N,1.0,0.0,20260922,main,pass,pass,0,0,7442176.0,0.05411,0.0171519994736,0.0712619994736,0.0198574994736,433.8955357044432,104.43400486899134,374.7791110302769,4.473149852623126,1.0766392254535189,3.863702175569865,cuSPARSE 12.8.6,CUDA,13040,13000,2026-10-07T20:02:33.995491+00:00,derived,csr-alg3,0,0,,,,5,20,4,true
3,A100-SXM4-80GB-suitesparse_all-fp64-n64-row-major-cuSPARSE-SpMM-CSR-solve-only,cuSPARSE-SpMM-CSR-best-solve-only,cuSPARSE CUDA 13.4.1 CSR PER MATRIX BEST,per-matrix-best,cuSPARSE-SpMM-CSR,best,solve-only,"csr-alg1,csr-alg2,csr-alg3,csr-default",manual-selection,csr,CUSPARSE_SPMM_CSR_ALG2,library-preprocess,spmm.csr.fp64,fp64,A100-SXM4-80GB,A100-SXM4-80GB,,9700.0,1cb4d392-df77-5092-a407-ab8ee1286933,suitesparse_all,Grund/poli3,poli3,16955,16955,37849,64,row-major,N,N,1.0,0.0,20260922,main,pass,pass,0,0,4844672.0,0.04968,0.0328191995621,0.0824991995621,0.0353031995621,147.6170066498113,58.72386672495226,137.2303944144777,1.5218248108227967,0.6054006878861058,1.4147463341698732,cuSPARSE 12.8.6,CUDA,13040,13000,2026-10-07T23:11:34.563070+00:00,derived,csr-alg2,0,0,,,,5,20,4,true
3,A100-SXM4-80GB-suitesparse_all-fp64-n64-row-major-cuSPARSE-SpMM-CSR-solve-only,cuSPARSE-SpMM-CSR-best-solve-only,cuSPARSE CUDA 13.4.1 CSR PER MATRIX BEST,per-matrix-best,cuSPARSE-SpMM-CSR,best,solve-only,"csr-alg1,csr-alg2,csr-alg3,csr-default",manual-selection,csr,CUSPARSE_SPMM_CSR_ALG2,library-preprocess,spmm.csr.fp64,fp64,A100-SXM4-80GB,A100-SXM4-80GB,,9700.0,df7f742d-c1c4-51c9-b7da-d151d8293f2c,suitesparse_all,Grund/poli4,poli4,33833,33833,73249,64,row-major,N,N,1.0,0.0,20260922,main,pass,pass,0,0,9375872.0,0.04608,0.0578047990799,0.10388479908,0.0601087990799,162.1988511203077,90.25258828079161,155.98168892938725,1.672153104333069,0.9304390544411506,1.6080586487565698,cuSPARSE 12.8.6,CUDA,13040,13000,2026-10-08T20:41:22.035097+00:00,derived,csr-alg2,0,0,,,,5,20,4,true
3,A100-SXM4-80GB-suitesparse_all-fp64-n64-row-major-cuSPARSE-SpMM-CSR-solve-only,cuSPARSE-SpMM-CSR-best-solve-only,cuSPARSE CUDA 13.4.1 CSR PER MATRIX BEST,per-matrix-best,cuSPARSE-SpMM-CSR,best,solve-only,"csr-alg1,csr-alg2,csr-alg3,csr-default",manual-selection,csr,CUSPARSE_SPMM_CSR_ALG3,library-preprocess,spmm.csr.fp64,fp64,A100-SXM4-80GB,A100-SXM4-80GB,,9700.0,1cb4d392-df77-5092-a407-ab8ee1286933,suitesparse_all,Gset/G10,G10,800,800,38352,64,row-major,N,N,1.0,0.0,20260922,main,pass,pass,0,0,4909056.0,0.05843,0.0116223998368,0.0700523998368,0.0145438998368,422.3788605565314,70.07691401631567,337.53367769893197,4.354421242850838,0.7224424125393367,3.4797286360714637,cuSPARSE 12.8.6,CUDA,13040,13000,2026-10-08T00:55:52.327903+00:00,derived,csr-alg3,0,0,,,,5,20,4,true
3,A100-SXM4-80GB-suitesparse_all-fp64-n64-row-major-cuSPARSE-SpMM-CSR-solve-only,cuSPARSE-SpMM-CSR-best-solve-only,cuSPARSE CUDA 13.4.1 CSR PER MATRIX BEST,per-matrix-best,cuSPARSE-SpMM-CSR,best,solve-only,"csr-alg1,csr-alg2,csr-alg3,csr-default",manual-selection,csr,CUSPARSE_SPMM_CSR_ALG3,library-preprocess,spmm.csr.fp64,fp64,A100-SXM4-80GB,A100-SXM4-80GB,,9700.0,df7f742d-c1c4-51c9-b7da-d151d8293f2c,suitesparse_all,Gset/G11,G11,800,800,3200,64,row-major,N,N,1.0,0.0,20260922,main,pass,pass,0,0,409600.0,0.05987,0.00609279982746,0.0659627998275,0.00908629982746,67.22689266007879,6.209560556421941,45.078855835478215,0.6930607490729772,0.06401608821053548,0.46473047253070326,cuSPARSE 12.8.6,CUDA,13040,13000,2026-10-08T22:48:14.542521+00:00,derived,csr-alg3,0,0,,,,5,20,4,true
3,A100-SXM4-80GB-suitesparse_all-fp64-n64-row-major-cuSPARSE-SpMM-CSR-solve-only,cuSPARSE-SpMM-CSR-best-solve-only,cuSPARSE CUDA 13.4.1 CSR PER MATRIX BEST,per-matrix-best,cuSPARSE-SpMM-CSR,best,solve-only,"csr-alg1,csr-alg2,csr-alg3,csr-default",manual-selection,csr,CUSPARSE_SPMM_CSR_ALG3,library-preprocess,spmm.csr.fp64,fp64,A100-SXM4-80GB,A100-SXM4-80GB,,9700.0,0edb0287-e1df-52fd-b14b-f9e504b96222,suitesparse_all,Gset/G13,G13,800,800,3200,64,row-major,N,N,1.0,0.0,20260922,main,pass,pass,0,0,409600.0,0.04809,0.00624639987946,0.0543363998795,0.00865089987946,65.57377175721415,7.538224853106869,47.34767546813497,0.6760182655382901,0.07771365827945226,0.488120365650876,cuSPARSE 12.8.6,CUDA,13040,13000,2026-10-07T20:02:34.676712+00:00,derived,csr-alg3,0,0,,,,5,20,4,true
3,A100-SXM4-80GB-suitesparse_all-fp64-n64-row-major-cuSPARSE-SpMM-CSR-solve-only,cuSPARSE-SpMM-CSR-best-solve-only,cuSPARSE CUDA 13.4.1 CSR PER MATRIX BEST,per-matrix-best,cuSPARSE-SpMM-CSR,best,solve-only,"csr-alg1,csr-alg2,csr-alg3,csr-default",manual-selection,csr,CUSPARSE_SPMM_CSR_ALG3,library-preprocess,spmm.csr.fp64,fp64,A100-SXM4-80GB,A100-SXM4-80GB,,9700.0,1cb4d392-df77-5092-a407-ab8ee1286933,suitesparse_all,Gset/G18,G18,800,800,9388,64,row-major,N,N,1.0,0.0,20260922,main,pass,pass,0,0,1201664.0,0.05708,0.0158720001578,0.0729520001578,0.0187260001578,75.70967666664649,16.47198154129731,64.17088485922432,0.7805121305839844,0.16981424269378673,0.6615555140126218,cuSPARSE 12.8.6,CUDA,13040,13000,2026-10-08T00:55:52.949465+00:00,derived,csr-alg3,0,0,,,,5,20,4,true
3,A100-SXM4-80GB-suitesparse_all-fp64-n64-row-major-cuSPARSE-SpMM-CSR-solve-only,cuSPARSE-SpMM-CSR-best-solve-only,cuSPARSE CUDA 13.4.1 CSR PER MATRIX BEST,per-matrix-best,cuSPARSE-SpMM-CSR,best,solve-only,"csr-alg1,csr-alg2,csr-alg3,csr-default",manual-selection,csr,CUSPARSE_SPMM_CSR_ALG3,library-preprocess,spmm.csr.fp64,fp64,A100-SXM4-80GB,A100-SXM4-80GB,,9700.0,df7f742d-c1c4-51c9-b7da-d151d8293f2c,suitesparse_all,Gset/G19,G19,800,800,9322,64,row-major,N,N,1.0,0.0,20260922,main,pass,pass,0,0,1193216.0,0.0563,0.0182784006,0.0745784006,0.0210934006,65.28010990195718,15.999484976887532,56.56821404131489,0.6729908237315172,0.16494314409162403,0.5831774643434525,cuSPARSE 12.8.6,CUDA,13040,13000,2026-10-08T22:48:15.363746+00:00,derived,csr-alg3,0,0,,,,5,20,4,true
3,A100-SXM4-80GB-suitesparse_all-fp64-n64-row-major-cuSPARSE-SpMM-CSR-solve-only,cuSPARSE-SpMM-CSR-best-solve-only,cuSPARSE CUDA 13.4.1 CSR PER MATRIX BEST,per-matrix-best,cuSPARSE-SpMM-CSR,best,solve-only,"csr-alg1,csr-alg2,csr-alg3,csr-default",manual-selection,csr,CUSPARSE_SPMM_CSR_ALG3,library-preprocess,spmm.csr.fp64,fp64,A100-SXM4-80GB,A100-SXM4-80GB,,9700.0,0edb0287-e1df-52fd-b14b-f9e504b96222,suitesparse_all,Gset/G20,G20,800,800,9344,64,row-major,N,N,1.0,0.0,20260922,main,pass,pass,0,0,1196032.0,0.04941,0.0155647993088,0.0649747993088,0.0180352993088,76.84210867555417,18.407628999602203,66.31617138820744,0.7921866873768472,0.18976937112991962,0.68367186998152,cuSPARSE 12.8.6,CUDA,13040,13000,2026-10-07T20:02:35.326660+00:00,derived,csr-alg3,0,0,,,,5,20,4,true
3,A100-SXM4-80GB-suitesparse_all-fp64-n64-row-major-cuSPARSE-SpMM-CSR-solve-only,cuSPARSE-SpMM-CSR-best-solve-only,cuSPARSE CUDA 13.4.1 CSR PER MATRIX BEST,per-matrix-best,cuSPARSE-SpMM-CSR,best,solve-only,"csr-alg1,csr-alg2,csr-alg3,csr-default",manual-selection,csr,CUSPARSE_SPMM_CSR_ALG3,library-preprocess,spmm.csr.fp64,fp64,A100-SXM4-80GB,A100-SXM4-80GB,,9700.0,1cb4d392-df77-5092-a407-ab8ee1286933,suitesparse_all,Gset/G25,G25,2000,2000,39980,64,row-major,N,N,1.0,0.0,20260922,main,pass,pass,0,0,5117440.0,0.05243,0.0128511995077,0.0652811995077,0.0154726995077,398.2071865691451,78.39071644810068,330.7399589485534,4.10522872751696,0.8081517159598008,3.4096902984386954,cuSPARSE 12.8.6,CUDA,13040,13000,2026-10-08T00:55:53.661900+00:00,derived,csr-alg3,0,0,,,,5,20,4,true
3,A100-SXM4-80GB-suitesparse_all-fp64-n64-row-major-cuSPARSE-SpMM-CSR-solve-only,cuSPARSE-SpMM-CSR-best-solve-only,cuSPARSE CUDA 13.4.1 CSR PER MATRIX BEST,per-matrix-best,cuSPARSE-SpMM-CSR,best,solve-only,"csr-alg1,csr-alg2,csr-alg3,csr-default",manual-selection,csr,CUSPARSE_SPMM_CSR_ALG3,library-preprocess,spmm.csr.fp64,fp64,A100-SXM4-80GB,A100-SXM4-80GB,,9700.0,df7f742d-c1c4-51c9-b7da-d151d8293f2c,suitesparse_all,Gset/G26,G26,2000,2000,39980,64,row-major,N,N,1.0,0.0,20260922,main,pass,pass,0,0,5117440.0,0.08295,0.0126975998282,0.0956475998282,0.0168450998282,403.02419900135123,53.5030676064201,303.79398473097854,4.154888649498466,0.551578016561032,3.1318967498039023,cuSPARSE 12.8.6,CUDA,13040,13000,2026-10-08T22:48:16.848500+00:00,derived,csr-alg3,0,0,,,,5,20,4,true
3,A100-SXM4-80GB-suitesparse_all-fp64-n64-row-major-cuSPARSE-SpMM-CSR-solve-only,cuSPARSE-SpMM-CSR-best-solve-only,cuSPARSE CUDA 13.4.1 CSR PER MATRIX BEST,per-matrix-best,cuSPARSE-SpMM-CSR,best,solve-only,"csr-alg1,csr-alg2,csr-alg3,csr-default",manual-selection,csr,CUSPARSE_SPMM_CSR_ALG3,library-preprocess,spmm.csr.fp64,fp64,A100-SXM4-80GB,A100-SXM4-80GB,,9700.0,0edb0287-e1df-52fd-b14b-f9e504b96222,suitesparse_all,Gset/G28,G28,2000,2000,39980,64,row-major,N,N,1.0,0.0,20260922,main,pass,pass,0,0,5117440.0,0.05296,0.0124416001141,0.0654016001141,0.0150896001141,411.31686865585976,78.24640362119712,339.1368864187574,4.240380089235668,0.8066639548577023,3.4962565610181175,cuSPARSE 12.8.6,CUDA,13040,13000,2026-10-07T20:02:36.039906+00:00,derived,csr-alg3,0,0,,,,5,20,4,true
3,A100-SXM4-80GB-suitesparse_all-fp64-n64-row-major-cuSPARSE-SpMM-CSR-solve-only,cuSPARSE-SpMM-CSR-best-solve-only,cuSPARSE CUDA 13.4.1 CSR PER MATRIX BEST,per-matrix-best,cuSPARSE-SpMM-CSR,best,solve-only,"csr-alg1,csr-alg2,csr-alg3,csr-default",manual-selection,csr,CUSPARSE_SPMM_CSR_ALG3,library-preprocess,spmm.csr.fp64,fp64,A100-SXM4-80GB,A100-SXM4-80GB,,9700.0,1cb4d392-df77-5092-a407-ab8ee1286933,suitesparse_all,Gset/G32,G32,2000,2000,8000,64,row-major,N,N,1.0,0.0,20260922,main,pass,pass,0,0,1024000.0,0.06158,0.00942080020905,0.071000800209,0.012499800209,108.69564976192834,14.422372663205545,81.92130937122565,1.1205737088858592,0.14868425425985096,0.8445495811466561,cuSPARSE 12.8.6,CUDA,13040,13000,2026-10-08T00:55:54.302558+00:00,derived,csr-alg3,0,0,,,,5,20,4,true
3,A100-SXM4-80GB-suitesparse_all-fp64-n64-row-major-cuSPARSE-SpMM-CSR-solve-only,cuSPARSE-SpMM-CSR-best-solve-only,cuSPARSE CUDA 13.4.1 CSR PER MATRIX BEST,per-matrix-best,cuSPARSE-SpMM-CSR,best,solve-only,"csr-alg1,csr-alg2,csr-alg3,csr-default",manual-selection,csr,CUSPARSE_SPMM_CSR_ALG3,library-preprocess,spmm.csr.fp64,fp64,A100-SXM4-80GB,A100-SXM4-80GB,,9700.0,df7f742d-c1c4-51c9-b7da-d151d8293f2c,suitesparse_all,Gset/G33,G33,2000,2000,8000,64,row-major,N,N,1.0,0.0,20260922,main,pass,pass,0,0,1024000.0,0.06116,0.00916479974985,0.0703247997499,0.0122227997499,111.73184662510056,14.561008401612352,83.77785948823859,1.1518747074752635,0.150113488676416,0.8636892730746246,cuSPARSE 12.8.6,CUDA,13040,13000,2026-10-08T22:48:17.643163+00:00,derived,csr-alg3,0,0,,,,5,20,4,true
3,A100-SXM4-80GB-suitesparse_all-fp64-n64-row-major-cuSPARSE-SpMM-CSR-solve-only,cuSPARSE-SpMM-CSR-best-solve-only,cuSPARSE CUDA 13.4.1 CSR PER MATRIX BEST,per-matrix-best,cuSPARSE-SpMM-CSR,best,solve-only,"csr-alg1,csr-alg2,csr-alg3,csr-default",manual-selection,csr,CUSPARSE_SPMM_CSR_ALG2,library-preprocess,spmm.csr.fp64,fp64,A100-SXM4-80GB,A100-SXM4-80GB,,9700.0,0edb0287-e1df-52fd-b14b-f9e504b96222,suitesparse_all,Gset/G35,G35,2000,2000,23556,64,row-major,N,N,1.0,0.0,20260922,main,pass,pass,0,0,3015168.0,0.01613,0.0225488007069,0.0386788007069,0.0233553007069,133.71744418661476,77.95401989964279,129.099943427798,1.3785303524393273,0.8036496896870391,1.3309272518329691,cuSPARSE 12.8.6,CUDA,13040,13000,2026-10-07T17:46:30.716684+00:00,derived,csr-alg2,0,0,,,,5,20,4,true
3,A100-SXM4-80GB-suitesparse_all-fp64-n64-row-major-cuSPARSE-SpMM-CSR-solve-only,cuSPARSE-SpMM-CSR-best-solve-only,cuSPARSE CUDA 13.4.1 CSR PER MATRIX BEST,per-matrix-best,cuSPARSE-SpMM-CSR,best,solve-only,"csr-alg1,csr-alg2,csr-alg3,csr-default",manual-selection,csr,CUSPARSE_SPMM_CSR_ALG3,library-preprocess,spmm.csr.fp64,fp64,A100-SXM4-80GB,A100-SXM4-80GB,,9700.0,1cb4d392-df77-5092-a407-ab8ee1286933,suitesparse_all,Gset/G4,G4,800,800,38352,64,row-major,N,N,1.0,0.0,20260922,main,pass,pass,0,0,4909056.0,0.0587,0.0123392000794,0.0710392000794,0.0152742000794,397.8423210914257,69.10348081781868,321.3952923545072,4.101467227746657,0.7124070187403987,3.3133535294279093,cuSPARSE 12.8.6,CUDA,13040,13000,2026-10-08T00:55:54.971450+00:00,derived,csr-alg3,0,0,,,,5,20,4,true
3,A100-SXM4-80GB-suitesparse_all-fp64-n64-row-major-cuSPARSE-SpMM-CSR-solve-only,cuSPARSE-SpMM-CSR-best-solve-only,cuSPARSE CUDA 13.4.1 CSR PER MATRIX BEST,per-matrix-best,cuSPARSE-SpMM-CSR,best,solve-only,"csr-alg1,csr-alg2,csr-alg3,csr-default",manual-selection,csr,CUSPARSE_SPMM_CSR_ALG2,library-preprocess,spmm.csr.fp64,fp64,A100-SXM4-80GB,A100-SXM4-80GB,,9700.0,df7f742d-c1c4-51c9-b7da-d151d8293f2c,suitesparse_all,Gset/G40,G40,2000,2000,23532,64,row-major,N,N,1.0,0.0,20260922,main,pass,pass,0,0,3012096.0,0.02306,0.0229376003146,0.0459976003146,0.0240906003146,131.31696248464021,65.4837639224396,125.03200255140727,1.3537831183983526,0.6750903497158722,1.2889897170248172,cuSPARSE 12.8.6,CUDA,13040,13000,2026-10-08T20:13:01.090768+00:00,derived,csr-alg2,0,0,,,,5,20,4,true
3,A100-SXM4-80GB-suitesparse_all-fp64-n64-row-major-cuSPARSE-SpMM-CSR-solve-only,cuSPARSE-SpMM-CSR-best-solve-only,cuSPARSE CUDA 13.4.1 CSR PER MATRIX BEST,per-matrix-best,cuSPARSE-SpMM-CSR,best,solve-only,"csr-alg1,csr-alg2,csr-alg3,csr-default",manual-selection,csr,CUSPARSE_SPMM_CSR_ALG2,library-preprocess,spmm.csr.fp64,fp64,A100-SXM4-80GB,A100-SXM4-80GB,,9700.0,0edb0287-e1df-52fd-b14b-f9e504b96222,suitesparse_all,Gset/G42,G42,2000,2000,23558,64,row-major,N,N,1.0,0.0,20260922,main,pass,pass,0,0,3015424.0,0.03696,0.022528000176,0.059488000176,0.024376000176,133.85227168155185,50.68961792426418,123.70462660928723,1.3799203266139366,0.5225733806625172,1.275305428961724,cuSPARSE 12.8.6,CUDA,13040,13000,2026-10-07T17:46:31.845599+00:00,derived,csr-alg2,0,0,,,,5,20,4,true
3,A100-SXM4-80GB-suitesparse_all-fp64-n64-row-major-cuSPARSE-SpMM-CSR-solve-only,cuSPARSE-SpMM-CSR-best-solve-only,cuSPARSE CUDA 13.4.1 CSR PER MATRIX BEST,per-matrix-best,cuSPARSE-SpMM-CSR,best,solve-only,"csr-alg1,csr-alg2,csr-alg3,csr-default",manual-selection,csr,CUSPARSE_SPMM_CSR_ALG3,library-preprocess,spmm.csr.fp64,fp64,A100-SXM4-80GB,A100-SXM4-80GB,,9700.0,1cb4d392-df77-5092-a407-ab8ee1286933,suitesparse_all,Gset/G47,G47,1000,1000,19980,64,row-major,N,N,1.0,0.0,20260922,main,pass,pass,0,0,2557440.0,0.05767,0.010035199672,0.067705199672,0.012918699672,254.84694710516965,37.77316974751717,197.9641964696337,2.627288114486285,0.38941412110842444,2.040868004841584,cuSPARSE 12.8.6,CUDA,13040,13000,2026-10-08T00:55:55.678432+00:00,derived,csr-alg3,0,0,,,,5,20,4,true
3,A100-SXM4-80GB-suitesparse_all-fp64-n64-row-major-cuSPARSE-SpMM-CSR-solve-only,cuSPARSE-SpMM-CSR-best-solve-only,cuSPARSE CUDA 13.4.1 CSR PER MATRIX BEST,per-matrix-best,cuSPARSE-SpMM-CSR,best,solve-only,"csr-alg1,csr-alg2,csr-alg3,csr-default",manual-selection,csr,CUSPARSE_SPMM_CSR_ALG3,library-preprocess,spmm.csr.fp64,fp64,A100-SXM4-80GB,A100-SXM4-80GB,,9700.0,df7f742d-c1c4-51c9-b7da-d151d8293f2c,suitesparse_all,Gset/G48,G48,3000,3000,12000,64,row-major,N,N,1.0,0.0,20260922,main,pass,pass,0,0,1536000.0,0.06778,0.0101375997066,0.0779175997066,0.0135265997066,151.515155900267,19.71313292226446,113.55403673626442,1.5620119164975979,0.20322817445633462,1.1706601725388086,cuSPARSE 12.8.6,CUDA,13040,13000,2026-10-08T22:48:19.322001+00:00,derived,csr-alg3,0,0,,,,5,20,4,true
3,A100-SXM4-80GB-suitesparse_all-fp64-n64-row-major-cuSPARSE-SpMM-CSR-solve-only,cuSPARSE-SpMM-CSR-best-solve-only,cuSPARSE CUDA 13.4.1 CSR PER MATRIX BEST,per-matrix-best,cuSPARSE-SpMM-CSR,best,solve-only,"csr-alg1,csr-alg2,csr-alg3,csr-default",manual-selection,csr,CUSPARSE_SPMM_CSR_ALG3,library-preprocess,spmm.csr.fp64,fp64,A100-SXM4-80GB,A100-SXM4-80GB,,9700.0,0edb0287-e1df-52fd-b14b-f9e504b96222,suitesparse_all,Gset/G5,G5,800,800,38352,64,row-major,N,N,1.0,0.0,20260922,main,pass,pass,0,0,4909056.0,0.05907,0.0113664001226,0.0704364001226,0.0143199001226,431.89188723342966,69.69487355196189,342.81356419884617,4.452493682818862,0.7185038510511536,3.5341604556582076,cuSPARSE 12.8.6,CUDA,13040,13000,2026-10-07T20:02:38.082586+00:00,derived,csr-alg3,0,0,,,,5,20,4,true
3,A100-SXM4-80GB-suitesparse_all-fp64-n64-row-major-cuSPARSE-SpMM-CSR-solve-only,cuSPARSE-SpMM-CSR-best-solve-only,cuSPARSE CUDA 13.4.1 CSR PER MATRIX BEST,per-matrix-best,cuSPARSE-SpMM-CSR,best,solve-only,"csr-alg1,csr-alg2,csr-alg3,csr-default",manual-selection,csr,CUSPARSE_SPMM_CSR_ALG3,library-preprocess,spmm.csr.fp64,fp64,A100-SXM4-80GB,A100-SXM4-80GB,,9700.0,1cb4d392-df77-5092-a407-ab8ee1286933,suitesparse_all,Gset/G54,G54,1000,1000,11832,64,row-major,N,N,1.0,0.0,20260922,main,pass,pass,0,0,1514496.0,0.05821,0.0160768002272,0.0742868002272,0.0189873002272,94.20382032474696,20.38714812548178,79.76363052554618,0.9711734054097624,0.21017678479878124,0.8223054693355276,cuSPARSE 12.8.6,CUDA,13040,13000,2026-10-08T00:55:56.293736+00:00,derived,csr-alg3,0,0,,,,5,20,4,true
3,A100-SXM4-80GB-suitesparse_all-fp64-n64-row-major-cuSPARSE-SpMM-CSR-solve-only,cuSPARSE-SpMM-CSR-best-solve-only,cuSPARSE CUDA 13.4.1 CSR PER MATRIX BEST,per-matrix-best,cuSPARSE-SpMM-CSR,best,solve-only,"csr-alg1,csr-alg2,csr-alg3,csr-default",manual-selection,csr,CUSPARSE_SPMM_CSR_ALG3,library-preprocess,spmm.csr.fp64,fp64,A100-SXM4-80GB,A100-SXM4-80GB,,9700.0,df7f742d-c1c4-51c9-b7da-d151d8293f2c,suitesparse_all,Gset/G55,G55,5000,5000,24996,64,row-major,N,N,1.0,0.0,20260922,main,pass,pass,0,0,3199488.0,0.11278,0.013670399785,0.126450399785,0.019309399785,234.04494750114583,25.302316208094226,165.69588053614376,2.4128345103210913,0.2608486207020023,1.7082049539808635,cuSPARSE 12.8.6,CUDA,13040,13000,2026-10-08T22:48:20.549355+00:00,derived,csr-alg3,0,0,,,,5,20,4,true
3,A100-SXM4-80GB-suitesparse_all-fp64-n64-row-major-cuSPARSE-SpMM-CSR-solve-only,cuSPARSE-SpMM-CSR-best-solve-only,cuSPARSE CUDA 13.4.1 CSR PER MATRIX BEST,per-matrix-best,cuSPARSE-SpMM-CSR,best,solve-only,"csr-alg1,csr-alg2,csr-alg3,csr-default",manual-selection,csr,CUSPARSE_SPMM_CSR_ALG3,library-preprocess,spmm.csr.fp64,fp64,A100-SXM4-80GB,A100-SXM4-80GB,,9700.0,0edb0287-e1df-52fd-b14b-f9e504b96222,suitesparse_all,Gset/G57,G57,5000,5000,20000,64,row-major,N,N,1.0,0.0,20260922,main,pass,pass,0,0,2560000.0,0.05907,0.0132095992565,0.0722795992565,0.0161630992565,193.79846052031516,35.4180159593204,158.38546552082175,1.9979222734053108,0.36513418514763296,1.6328398507301212,cuSPARSE 12.8.6,CUDA,13040,13000,2026-10-07T20:02:38.896618+00:00,derived,csr-alg3,0,0,,,,5,20,4,true
3,A100-SXM4-80GB-suitesparse_all-fp64-n64-row-major-cuSPARSE-SpMM-CSR-solve-only,cuSPARSE-SpMM-CSR-best-solve-only,cuSPARSE CUDA 13.4.1 CSR PER MATRIX BEST,per-matrix-best,cuSPARSE-SpMM-CSR,best,solve-only,"csr-alg1,csr-alg2,csr-alg3,csr-default",manual-selection,csr,CUSPARSE_SPMM_CSR_ALG3,library-preprocess,spmm.csr.fp64,fp64,A100-SXM4-80GB,A100-SXM4-80GB,,9700.0,1cb4d392-df77-5092-a407-ab8ee1286933,suitesparse_all,Gset/G61,G61,7000,7000,34296,64,row-major,N,N,1.0,0.0,20260922,main,pass,pass,0,0,4389888.0,0.07244,0.0175615996122,0.0900015996122,0.0211835996122,249.97085100097348,48.77566642054367,207.23050285900362,2.5770190824842625,0.502841921861275,2.136396936690759,cuSPARSE 12.8.6,CUDA,13040,13000,2026-10-08T00:55:57.045097+00:00,derived,csr-alg3,0,0,,,,5,20,4,true
3,A100-SXM4-80GB-suitesparse_all-fp64-n64-row-major-cuSPARSE-SpMM-CSR-solve-only,cuSPARSE-SpMM-CSR-best-solve-only,cuSPARSE CUDA 13.4.1 CSR PER MATRIX BEST,per-matrix-best,cuSPARSE-SpMM-CSR,best,solve-only,"csr-alg1,csr-alg2,csr-alg3,csr-default",manual-selection,csr,CUSPARSE_SPMM_CSR_ALG3,library-preprocess,spmm.csr.fp64,fp64,A100-SXM4-80GB,A100-SXM4-80GB,,9700.0,df7f742d-c1c4-51c9-b7da-d151d8293f2c,suitesparse_all,Gset/G62,G62,7000,7000,28000,64,row-major,N,N,1.0,0.0,20260922,main,pass,pass,0,0,3584000.0,0.10653,0.0167423993349,0.123272399335,0.0220688993349,214.06728679138905,29.0738236566668,162.40048702076513,2.2068792452720523,0.29973014079037935,1.6742318249563415,cuSPARSE 12.8.6,CUDA,13040,13000,2026-10-08T22:48:21.750140+00:00,derived,csr-alg3,0,0,,,,5,20,4,true
3,A100-SXM4-80GB-suitesparse_all-fp64-n64-row-major-cuSPARSE-SpMM-CSR-solve-only,cuSPARSE-SpMM-CSR-best-solve-only,cuSPARSE CUDA 13.4.1 CSR PER MATRIX BEST,per-matrix-best,cuSPARSE-SpMM-CSR,best,solve-only,"csr-alg1,csr-alg2,csr-alg3,csr-default",manual-selection,csr,CUSPARSE_SPMM_CSR_ALG2,library-preprocess,spmm.csr.fp64,fp64,A100-SXM4-80GB,A100-SXM4-80GB,,9700.0,0edb0287-e1df-52fd-b14b-f9e504b96222,suitesparse_all,Gset/G64,G64,7000,7000,82918,64,row-major,N,N,1.0,0.0,20260922,main,pass,pass,0,0,10613504.0,0.05067,0.028876799345,0.079546799345,0.031410299345,367.5443345779844,133.4246517445472,337.89884914578164,3.789116851319427,1.3755118736551255,3.483493290162697,cuSPARSE 12.8.6,CUDA,13040,13000,2026-10-07T17:46:35.074846+00:00,derived,csr-alg2,0,0,,,,5,20,4,true
3,A100-SXM4-80GB-suitesparse_all-fp64-n64-row-major-cuSPARSE-SpMM-CSR-solve-only,cuSPARSE-SpMM-CSR-best-solve-only,cuSPARSE CUDA 13.4.1 CSR PER MATRIX BEST,per-matrix-best,cuSPARSE-SpMM-CSR,best,solve-only,"csr-alg1,csr-alg2,csr-alg3,csr-default",manual-selection,csr,CUSPARSE_SPMM_CSR_ALG3,library-preprocess,spmm.csr.fp64,fp64,A100-SXM4-80GB,A100-SXM4-80GB,,9700.0,1cb4d392-df77-5092-a407-ab8ee1286933,suitesparse_all,Gset/G8,G8,800,800,38352,64,row-major,N,N,1.0,0.0,20260922,main,pass,pass,0,0,4909056.0,0.05822,0.0118271999061,0.0700471999061,0.0147381999061,415.064938360271,70.08211615283281,333.08382511273913,4.279019983095578,0.7224960428127094,3.4338538671416403,cuSPARSE 12.8.6,CUDA,13040,13000,2026-10-08T00:55:57.755361+00:00,derived,csr-alg3,0,0,,,,5,20,4,true
3,A100-SXM4-80GB-suitesparse_all-fp64-n64-row-major-cuSPARSE-SpMM-CSR-solve-only,cuSPARSE-SpMM-CSR-best-solve-only,cuSPARSE CUDA 13.4.1 CSR PER MATRIX BEST,per-matrix-best,cuSPARSE-SpMM-CSR,best,solve-only,"csr-alg1,csr-alg2,csr-alg3,csr-default",manual-selection,csr,CUSPARSE_SPMM_CSR_ALG3,library-preprocess,spmm.csr.fp64,fp64,A100-SXM4-80GB,A100-SXM4-80GB,,9700.0,df7f742d-c1c4-51c9-b7da-d151d8293f2c,suitesparse_all,Gset/G9,G9,800,800,38352,64,row-major,N,N,1.0,0.0,20260922,main,pass,pass,0,0,4909056.0,0.06401,0.0120832003653,0.0760932003653,0.0152837003653,406.27117415826433,64.51372759238848,321.19551434975034,4.188362620188292,0.6650899751792626,3.3112939623685604,cuSPARSE 12.8.6,CUDA,13040,13000,2026-10-08T22:48:23.123870+00:00,derived,csr-alg3,0,0,,,,5,20,4,true
3,A100-SXM4-80GB-suitesparse_all-fp64-n64-row-major-cuSPARSE-SpMM-CSR-solve-only,cuSPARSE-SpMM-CSR-best-solve-only,cuSPARSE CUDA 13.4.1 CSR PER MATRIX BEST,per-matrix-best,cuSPARSE-SpMM-CSR,best,solve-only,"csr-alg1,csr-alg2,csr-alg3,csr-default",manual-selection,csr,CUSPARSE_SPMM_CSR_ALG2,library-preprocess,spmm.csr.fp64,fp64,A100-SXM4-80GB,A100-SXM4-80GB,,9700.0,0edb0287-e1df-52fd-b14b-f9e504b96222,suitesparse_all,Gupta/gupta2,gupta2,62064,62064,4248286,64,row-major,N,N,1.0,0.0,20260922,main,pass,pass,0,0,543780608.0,0.0794,0.684241580963,0.763641580963,0.688211580963,794.7202028188412,712.0887881907353,790.1357998641919,8.19299178163754,7.3411215277395385,8.145729895507133,cuSPARSE 12.8.6,CUDA,13040,13000,2026-10-07T17:46:49.192177+00:00,derived,csr-alg2,0,0,,,,5,20,4,true
3,A100-SXM4-80GB-suitesparse_all-fp64-n64-row-major-cuSPARSE-SpMM-CSR-solve-only,cuSPARSE-SpMM-CSR-best-solve-only,cuSPARSE CUDA 13.4.1 CSR PER MATRIX BEST,per-matrix-best,cuSPARSE-SpMM-CSR,best,solve-only,"csr-alg1,csr-alg2,csr-alg3,csr-default",manual-selection,csr,CUSPARSE_SPMM_CSR_ALG2,library-preprocess,spmm.csr.fp64,fp64,A100-SXM4-80GB,A100-SXM4-80GB,,9700.0,1cb4d392-df77-5092-a407-ab8ee1286933,suitesparse_all,Hamm/hcircuit,hcircuit,105676,105676,513072,64,row-major,N,N,1.0,0.0,20260922,main,pass,pass,0,0,65673216.0,0.04394,0.188006401062,0.231946401062,0.190203401062,349.3137235170123,283.13962061625324,345.27887321316985,3.60117240739188,2.9189651609923017,3.5595760125069056,cuSPARSE 12.8.6,CUDA,13040,13000,2026-10-07T22:49:18.369407+00:00,derived,csr-alg2,0,0,,,,5,20,4,true
3,A100-SXM4-80GB-suitesparse_all-fp64-n64-row-major-cuSPARSE-SpMM-CSR-solve-only,cuSPARSE-SpMM-CSR-best-solve-only,cuSPARSE CUDA 13.4.1 CSR PER MATRIX BEST,per-matrix-best,cuSPARSE-SpMM-CSR,best,solve-only,"csr-alg1,csr-alg2,csr-alg3,csr-default",manual-selection,csr,CUSPARSE_SPMM_CSR_ALG2,library-preprocess,spmm.csr.fp64,fp64,A100-SXM4-80GB,A100-SXM4-80GB,,9700.0,df7f742d-c1c4-51c9-b7da-d151d8293f2c,suitesparse_all,Hamm/memplus,memplus,17758,17758,126150,64,row-major,N,N,1.0,0.0,20260922,main,pass,pass,0,0,16147200.0,0.04319,0.0419328004122,0.0851228004122,0.0440923004122,385.07325628798463,189.69300730014217,366.21359849785006,3.9698273844122127,1.9555980134035276,3.7753979226582484,cuSPARSE 12.8.6,CUDA,13040,13000,2026-10-08T20:13:05.115597+00:00,derived,csr-alg2,0,0,,,,5,20,4,true
3,A100-SXM4-80GB-suitesparse_all-fp64-n64-row-major-cuSPARSE-SpMM-CSR-solve-only,cuSPARSE-SpMM-CSR-best-solve-only,cuSPARSE CUDA 13.4.1 CSR PER MATRIX BEST,per-matrix-best,cuSPARSE-SpMM-CSR,best,solve-only,"csr-alg1,csr-alg2,csr-alg3,csr-default",manual-selection,csr,CUSPARSE_SPMM_CSR_ALG3,library-preprocess,spmm.csr.fp64,fp64,A100-SXM4-80GB,A100-SXM4-80GB,,9700.0,df7f742d-c1c4-51c9-b7da-d151d8293f2c,suitesparse_all,Hamrle/Hamrle1,Hamrle1,32,32,98,64,row-major,N,N,1.0,0.0,20260922,main,pass,pass,0,0,12544.0,0.05084,0.00563200004399,0.056472000044,0.00817400004399,2.227272709876114,0.22212777996575964,1.5346219638478078,0.02296157432861973,0.0022899771130490687,0.01582084498812173,cuSPARSE 12.8.6,CUDA,13040,13000,2026-10-08T22:52:16.424366+00:00,derived,csr-alg3,0,0,,,,5,20,4,true
3,A100-SXM4-80GB-suitesparse_all-fp64-n64-row-major-cuSPARSE-SpMM-CSR-solve-only,cuSPARSE-SpMM-CSR-best-solve-only,cuSPARSE CUDA 13.4.1 CSR PER MATRIX BEST,per-matrix-best,cuSPARSE-SpMM-CSR,best,solve-only,"csr-alg1,csr-alg2,csr-alg3,csr-default",manual-selection,csr,CUSPARSE_SPMM_CSR_ALG2,library-preprocess,spmm.csr.fp64,fp64,A100-SXM4-80GB,A100-SXM4-80GB,,9700.0,0edb0287-e1df-52fd-b14b-f9e504b96222,suitesparse_all,Hamrle/Hamrle3,Hamrle3,1447360,1447360,5514242,64,row-major,N,N,1.0,0.0,20260922,main,pass,pass,0,0,705822976.0,0.471991,2.01717758179,2.48916858179,2.04077713179,349.9062166721424,283.5577233151608,345.85990062565565,3.6072805842488913,2.923275498094441,3.5655659858315016,cuSPARSE 12.8.6,CUDA,13040,13000,2026-10-07T17:50:59.467411+00:00,derived,csr-alg2,0,0,,,,5,20,4,true
3,A100-SXM4-80GB-suitesparse_all-fp64-n64-row-major-cuSPARSE-SpMM-CSR-solve-only,cuSPARSE-SpMM-CSR-best-solve-only,cuSPARSE CUDA 13.4.1 CSR PER MATRIX BEST,per-matrix-best,cuSPARSE-SpMM-CSR,best,solve-only,"csr-alg1,csr-alg2,csr-alg3,csr-default",manual-selection,csr,CUSPARSE_SPMM_CSR_ALG2,library-preprocess,spmm.csr.fp64,fp64,A100-SXM4-80GB,A100-SXM4-80GB,,9700.0,df7f742d-c1c4-51c9-b7da-d151d8293f2c,suitesparse_all,Hardesty/Hardesty1,Hardesty1,938905,938905,12143314,64,row-major,N,N,1.0,0.0,20260922,main,pass,pass,0,0,1554344192.0,1.02371,2.40235519409,3.42606519409,2.45354069409,647.0084839343575,453.68202411362773,633.5106630772614,6.670190556024304,4.677134269212657,6.5310377636831065,cuSPARSE 12.8.6,CUDA,13040,13000,2026-10-08T22:27:41.708592+00:00,derived,csr-alg2,0,0,,,,5,20,4,true
3,A100-SXM4-80GB-suitesparse_all-fp64-n64-row-major-cuSPARSE-SpMM-CSR-solve-only,cuSPARSE-SpMM-CSR-best-solve-only,cuSPARSE CUDA 13.4.1 CSR PER MATRIX BEST,per-matrix-best,cuSPARSE-SpMM-CSR,best,solve-only,"csr-alg1,csr-alg2,csr-alg3,csr-default",manual-selection,csr,CUSPARSE_SPMM_CSR_ALG2,library-preprocess,spmm.csr.fp64,fp64,A100-SXM4-80GB,A100-SXM4-80GB,,9700.0,0edb0287-e1df-52fd-b14b-f9e504b96222,suitesparse_all,Hardesty/Hardesty3,Hardesty3,8217820,7591564,40451632,64,row-major,N,N,1.0,0.0,20260922,main,pass,pass,0,0,5177808896.0,0.514841,10.0466690063,10.5615100063,10.0724110563,515.3756825026417,490.2527094053225,514.0585374304627,5.313151366006616,5.0541516433538405,5.299572550829512,cuSPARSE 12.8.6,CUDA,13040,13000,2026-10-07T19:49:14.222068+00:00,derived,csr-alg2,0,0,,,,5,20,4,true
3,A100-SXM4-80GB-suitesparse_all-fp64-n64-row-major-cuSPARSE-SpMM-CSR-solve-only,cuSPARSE-SpMM-CSR-best-solve-only,cuSPARSE CUDA 13.4.1 CSR PER MATRIX BEST,per-matrix-best,cuSPARSE-SpMM-CSR,best,solve-only,"csr-alg1,csr-alg2,csr-alg3,csr-default",manual-selection,csr,CUSPARSE_SPMM_CSR_ALG3,library-preprocess,spmm.csr.fp64,fp64,A100-SXM4-80GB,A100-SXM4-80GB,,9700.0,0edb0287-e1df-52fd-b14b-f9e504b96222,suitesparse_all,HB/1138_bus,1138_bus,1138,1138,4054,64,row-major,N,N,1.0,0.0,20260922,main,pass,pass,0,0,518912.0,0.08889,0.00793600007892,0.0968260000789,0.0123805000789,65.38709612394788,5.35922169228469,41.91365427026474,0.6740937744736896,0.0552497081678834,0.43209952855943035,cuSPARSE 12.8.6,CUDA,13040,13000,2026-10-05T23:45:42.126836+00:00,derived,csr-alg3,0,0,,,,5,20,4,true
3,A100-SXM4-80GB-suitesparse_all-fp64-n64-row-major-cuSPARSE-SpMM-CSR-solve-only,cuSPARSE-SpMM-CSR-best-solve-only,cuSPARSE CUDA 13.4.1 CSR PER MATRIX BEST,per-matrix-best,cuSPARSE-SpMM-CSR,best,solve-only,"csr-alg1,csr-alg2,csr-alg3,csr-default",manual-selection,csr,CUSPARSE_SPMM_CSR_ALG3,library-preprocess,spmm.csr.fp64,fp64,A100-SXM4-80GB,A100-SXM4-80GB,,9700.0,80fa510d-2a2f-5dd5-941d-47f76e06b486,suitesparse_all,HB/494_bus,494_bus,494,494,1666,64,row-major,N,N,1.0,0.0,20260922,main,pass,pass,0,0,213248.0,0.05137,0.00619519986212,0.0575651998621,0.00876369986212,34.42148836938837,3.7044603425480163,24.333101698489003,0.35486070483905535,0.038190312809773364,0.25085671854112374,cuSPARSE 12.8.6,CUDA,13040,13000,2026-10-06T17:07:14.110238+00:00,derived,csr-alg3,0,0,,,,5,20,4,true
3,A100-SXM4-80GB-suitesparse_all-fp64-n64-row-major-cuSPARSE-SpMM-CSR-solve-only,cuSPARSE-SpMM-CSR-best-solve-only,cuSPARSE CUDA 13.4.1 CSR PER MATRIX BEST,per-matrix-best,cuSPARSE-SpMM-CSR,best,solve-only,"csr-alg1,csr-alg2,csr-alg3,csr-default",manual-selection,csr,CUSPARSE_SPMM_CSR_ALG3,library-preprocess,spmm.csr.fp64,fp64,A100-SXM4-80GB,A100-SXM4-80GB,,9700.0,c4e9918d-e907-57c2-ac83-ee8368b6b57a,suitesparse_all,HB/685_bus,685_bus,685,685,3249,64,row-major,N,N,1.0,0.0,20260922,main,pass,pass,0,0,415872.0,0.06091,0.00624639987946,0.0671563998795,0.00929189987946,66.57787013724649,6.192589250558502,44.756401316731406,0.6863697952293453,0.06384112629441754,0.46140619914156084,cuSPARSE 12.8.6,CUDA,13040,13000,2026-10-07T22:13:12.827139+00:00,derived,csr-alg3,0,0,,,,5,20,4,true
3,A100-SXM4-80GB-suitesparse_all-fp64-n64-row-major-cuSPARSE-SpMM-CSR-solve-only,cuSPARSE-SpMM-CSR-best-solve-only,cuSPARSE CUDA 13.4.1 CSR PER MATRIX BEST,per-matrix-best,cuSPARSE-SpMM-CSR,best,solve-only,"csr-alg1,csr-alg2,csr-alg3,csr-default",manual-selection,csr,CUSPARSE_SPMM_CSR_ALG3,library-preprocess,spmm.csr.fp64,fp64,A100-SXM4-80GB,A100-SXM4-80GB,,9700.0,94fc6f5b-3ec1-5cba-844a-1ef936f19b00,suitesparse_all,HB/abb313,abb313,313,176,1557,64,row-major,N,N,1.0,0.0,20260922,main,pass,pass,0,0,199296.0,2.491121,0.00593920014799,2.49706020015,0.130495250148,33.55603364662624,0.07981225281954683,1.5272280008197252,0.3459384912023324,0.000822806730098421,0.015744618565151806,cuSPARSE 12.8.6,CUDA,13040,13000,2026-10-07T17:36:34.781266+00:00,derived,csr-alg3,0,0,,,,5,20,4,true
3,A100-SXM4-80GB-suitesparse_all-fp64-n64-row-major-cuSPARSE-SpMM-CSR-solve-only,cuSPARSE-SpMM-CSR-best-solve-only,cuSPARSE CUDA 13.4.1 CSR PER MATRIX BEST,per-matrix-best,cuSPARSE-SpMM-CSR,best,solve-only,"csr-alg1,csr-alg2,csr-alg3,csr-default",manual-selection,csr,CUSPARSE_SPMM_CSR_ALG3,library-preprocess,spmm.csr.fp64,fp64,A100-SXM4-80GB,A100-SXM4-80GB,,9700.0,1cb4d392-df77-5092-a407-ab8ee1286933,suitesparse_all,HB/arc130,arc130,130,130,1282,64,row-major,N,N,1.0,0.0,20260922,main,pass,pass,0,0,164096.0,0.05425,0.013055999577,0.067305999577,0.015768499577,12.568627858190071,2.438059029377752,10.406570339726622,0.12957348307412445,0.025134629168842806,0.10728423030646002,cuSPARSE 12.8.6,CUDA,13040,13000,2026-10-06T04:36:05.305250+00:00,derived,csr-alg3,0,0,,,,5,20,4,true
3,A100-SXM4-80GB-suitesparse_all-fp64-n64-row-major-cuSPARSE-SpMM-CSR-solve-only,cuSPARSE-SpMM-CSR-best-solve-only,cuSPARSE CUDA 13.4.1 CSR PER MATRIX BEST,per-matrix-best,cuSPARSE-SpMM-CSR,best,solve-only,"csr-alg1,csr-alg2,csr-alg3,csr-default",manual-selection,csr,CUSPARSE_SPMM_CSR_ALG3,library-preprocess,spmm.csr.fp64,fp64,A100-SXM4-80GB,A100-SXM4-80GB,,9700.0,df7f742d-c1c4-51c9-b7da-d151d8293f2c,suitesparse_all,HB/ash219,ash219,219,85,438,64,row-major,N,N,1.0,0.0,20260922,main,pass,pass,0,0,56064.0,0.06018,0.00578560009599,0.065965600096,0.00879460009599,9.69026532595261,0.8498975211081207,6.3748208432539215,0.09989964253559393,0.008761830114516709,0.06571980250777239,cuSPARSE 12.8.6,CUDA,13040,13000,2026-10-06T16:39:22.803675+00:00,derived,csr-alg3,0,0,,,,5,20,4,true
3,A100-SXM4-80GB-suitesparse_all-fp64-n64-row-major-cuSPARSE-SpMM-CSR-solve-only,cuSPARSE-SpMM-CSR-best-solve-only,cuSPARSE CUDA 13.4.1 CSR PER MATRIX BEST,per-matrix-best,cuSPARSE-SpMM-CSR,best,solve-only,"csr-alg1,csr-alg2,csr-alg3,csr-default",manual-selection,csr,CUSPARSE_SPMM_CSR_ALG3,library-preprocess,spmm.csr.fp64,fp64,A100-SXM4-80GB,A100-SXM4-80GB,,9700.0,c4221d7e-f4a6-5dcd-a65f-6a66f0144ff7,suitesparse_all,HB/ash292,ash292,292,292,2208,64,row-major,N,N,1.0,0.0,20260922,main,pass,pass,0,0,282624.0,0.05162,0.00504480004311,0.0566648000431,0.00762580004311,56.02283491612266,4.987646648096039,37.061553988076845,0.5775549991352852,0.05141903760923751,0.3820778761657407,cuSPARSE 12.8.6,CUDA,13040,13000,2026-10-08T11:52:35.232407+00:00,derived,csr-alg3,0,0,,,,5,20,4,true
3,A100-SXM4-80GB-suitesparse_all-fp64-n64-row-major-cuSPARSE-SpMM-CSR-solve-only,cuSPARSE-SpMM-CSR-best-solve-only,cuSPARSE CUDA 13.4.1 CSR PER MATRIX BEST,per-matrix-best,cuSPARSE-SpMM-CSR,best,solve-only,"csr-alg1,csr-alg2,csr-alg3,csr-default",manual-selection,csr,CUSPARSE_SPMM_CSR_ALG3,library-preprocess,spmm.csr.fp64,fp64,A100-SXM4-80GB,A100-SXM4-80GB,,9700.0,0edb0287-e1df-52fd-b14b-f9e504b96222,suitesparse_all,HB/ash331,ash331,331,104,662,64,row-major,N,N,1.0,0.0,20260922,main,pass,pass,0,0,84736.0,0.05465,0.00568320006132,0.0603332000613,0.00841570006132,14.909909749036517,1.404467190765717,10.068799907622799,0.15371040978388162,0.014479043203770275,0.10380206090332782,cuSPARSE 12.8.6,CUDA,13040,13000,2026-10-05T23:45:43.323057+00:00,derived,csr-alg3,0,0,,,,5,20,4,true
3,A100-SXM4-80GB-suitesparse_all-fp64-n64-row-major-cuSPARSE-SpMM-CSR-solve-only,cuSPARSE-SpMM-CSR-best-solve-only,cuSPARSE CUDA 13.4.1 CSR PER MATRIX BEST,per-matrix-best,cuSPARSE-SpMM-CSR,best,solve-only,"csr-alg1,csr-alg2,csr-alg3,csr-default",manual-selection,csr,CUSPARSE_SPMM_CSR_ALG3,library-preprocess,spmm.csr.fp64,fp64,A100-SXM4-80GB,A100-SXM4-80GB,,9700.0,80fa510d-2a2f-5dd5-941d-47f76e06b486,suitesparse_all,HB/ash608,ash608,608,188,1216,64,row-major,N,N,1.0,0.0,20260922,main,pass,pass,0,0,155648.0,0.05398,0.00588800013065,0.0598680001307,0.00858700013065,26.434782022129028,2.5998530042794017,18.12600414950944,0.27252352600133023,0.026802608291540225,0.18686602215989115,cuSPARSE 12.8.6,CUDA,13040,13000,2026-10-06T17:07:14.959835+00:00,derived,csr-alg3,0,0,,,,5,20,4,true
3,A100-SXM4-80GB-suitesparse_all-fp64-n64-row-major-cuSPARSE-SpMM-CSR-solve-only,cuSPARSE-SpMM-CSR-best-solve-only,cuSPARSE CUDA 13.4.1 CSR PER MATRIX BEST,per-matrix-best,cuSPARSE-SpMM-CSR,best,solve-only,"csr-alg1,csr-alg2,csr-alg3,csr-default",manual-selection,csr,CUSPARSE_SPMM_CSR_ALG3,library-preprocess,spmm.csr.fp64,fp64,A100-SXM4-80GB,A100-SXM4-80GB,,9700.0,c4e9918d-e907-57c2-ac83-ee8368b6b57a,suitesparse_all,HB/ash958,ash958,958,292,1916,64,row-major,N,N,1.0,0.0,20260922,main,pass,pass,0,0,245248.0,0.05322,0.00655359998345,0.0597735999835,0.00921459998345,37.42187509450257,4.102948459983984,26.615154259596814,0.3857925267474492,0.04229843773179365,0.2743830336040909,cuSPARSE 12.8.6,CUDA,13040,13000,2026-10-07T22:13:13.941445+00:00,derived,csr-alg3,0,0,,,,5,20,4,true
3,A100-SXM4-80GB-suitesparse_all-fp64-n64-row-major-cuSPARSE-SpMM-CSR-solve-only,cuSPARSE-SpMM-CSR-best-solve-only,cuSPARSE CUDA 13.4.1 CSR PER MATRIX BEST,per-matrix-best,cuSPARSE-SpMM-CSR,best,solve-only,"csr-alg1,csr-alg2,csr-alg3,csr-default",manual-selection,csr,CUSPARSE_SPMM_CSR_ALG3,library-preprocess,spmm.csr.fp64,fp64,A100-SXM4-80GB,A100-SXM4-80GB,,9700.0,94fc6f5b-3ec1-5cba-844a-1ef936f19b00,suitesparse_all,HB/bcspwr01,bcspwr01,39,39,131,64,row-major,N,N,1.0,0.0,20260922,main,pass,pass,0,0,16768.0,2.512081,0.00558080002666,2.51766180003,0.131184850027,3.0045871416101106,0.0066601479197087535,0.12781963768338242,0.030975125171238252,6.866131875988406e-05,0.001317728223540025,cuSPARSE 12.8.6,CUDA,13040,13000,2026-10-07T17:36:35.534597+00:00,derived,csr-alg3,0,0,,,,5,20,4,true
3,A100-SXM4-80GB-suitesparse_all-fp64-n64-row-major-cuSPARSE-SpMM-CSR-solve-only,cuSPARSE-SpMM-CSR-best-solve-only,cuSPARSE CUDA 13.4.1 CSR PER MATRIX BEST,per-matrix-best,cuSPARSE-SpMM-CSR,best,solve-only,"csr-alg1,csr-alg2,csr-alg3,csr-default",manual-selection,csr,CUSPARSE_SPMM_CSR_ALG3,library-preprocess,spmm.csr.fp64,fp64,A100-SXM4-80GB,A100-SXM4-80GB,,9700.0,1cb4d392-df77-5092-a407-ab8ee1286933,suitesparse_all,HB/bcspwr02,bcspwr02,49,49,167,64,row-major,N,N,1.0,0.0,20260922,main,pass,pass,0,0,21376.0,0.05143,0.00563200004399,0.057062000044,0.00820350004399,3.7954545158092965,0.3746100729647954,2.605717058008717,0.03912839707019893,0.003861959515100984,0.02686306245369811,cuSPARSE 12.8.6,CUDA,13040,13000,2026-10-06T04:36:05.896401+00:00,derived,csr-alg3,0,0,,,,5,20,4,true
3,A100-SXM4-80GB-suitesparse_all-fp64-n64-row-major-cuSPARSE-SpMM-CSR-solve-only,cuSPARSE-SpMM-CSR-best-solve-only,cuSPARSE CUDA 13.4.1 CSR PER MATRIX BEST,per-matrix-best,cuSPARSE-SpMM-CSR,best,solve-only,"csr-alg1,csr-alg2,csr-alg3,csr-default",manual-selection,csr,CUSPARSE_SPMM_CSR_ALG3,library-preprocess,spmm.csr.fp64,fp64,A100-SXM4-80GB,A100-SXM4-80GB,,9700.0,df7f742d-c1c4-51c9-b7da-d151d8293f2c,suitesparse_all,HB/bcspwr03,bcspwr03,118,118,476,64,row-major,N,N,1.0,0.0,20260922,main,pass,pass,0,0,60928.0,0.05076,0.00583680011332,0.0565968001133,0.00837480011332,10.438596288565357,1.0765272926743112,7.275158711321944,0.10761439472747791,0.011098219512106301,0.0750016361991953,cuSPARSE 12.8.6,CUDA,13040,13000,2026-10-06T16:39:23.426377+00:00,derived,csr-alg3,0,0,,,,5,20,4,true
3,A100-SXM4-80GB-suitesparse_all-fp64-n64-row-major-cuSPARSE-SpMM-CSR-solve-only,cuSPARSE-SpMM-CSR-best-solve-only,cuSPARSE CUDA 13.4.1 CSR PER MATRIX BEST,per-matrix-best,cuSPARSE-SpMM-CSR,best,solve-only,"csr-alg1,csr-alg2,csr-alg3,csr-default",manual-selection,csr,CUSPARSE_SPMM_CSR_ALG3,library-preprocess,spmm.csr.fp64,fp64,A100-SXM4-80GB,A100-SXM4-80GB,,9700.0,c4221d7e-f4a6-5dcd-a65f-6a66f0144ff7,suitesparse_all,HB/bcspwr04,bcspwr04,274,274,1612,64,row-major,N,N,1.0,0.0,20260922,main,pass,pass,0,0,206336.0,0.05536,0.00497439987957,0.0603343998796,0.00774239987957,41.47957643040073,3.4198732466346353,26.650134739806226,0.4276244992824818,0.03525642522303748,0.27474365711140436,cuSPARSE 12.8.6,CUDA,13040,13000,2026-10-08T11:52:36.260740+00:00,derived,csr-alg3,0,0,,,,5,20,4,true
3,A100-SXM4-80GB-suitesparse_all-fp64-n64-row-major-cuSPARSE-SpMM-CSR-solve-only,cuSPARSE-SpMM-CSR-best-solve-only,cuSPARSE CUDA 13.4.1 CSR PER MATRIX BEST,per-matrix-best,cuSPARSE-SpMM-CSR,best,solve-only,"csr-alg1,csr-alg2,csr-alg3,csr-default",manual-selection,csr,CUSPARSE_SPMM_CSR_ALG3,library-preprocess,spmm.csr.fp64,fp64,A100-SXM4-80GB,A100-SXM4-80GB,,9700.0,0edb0287-e1df-52fd-b14b-f9e504b96222,suitesparse_all,HB/bcspwr05,bcspwr05,443,443,1623,64,row-major,N,N,1.0,0.0,20260922,main,pass,pass,0,0,207744.0,0.05396,0.00599040016532,0.0599504001653,0.00868840016532,34.67948622242043,3.465264609196799,23.910500903171584,0.35752047651979824,0.03572437741439999,0.24650000931104726,cuSPARSE 12.8.6,CUDA,13040,13000,2026-10-05T23:45:43.960890+00:00,derived,csr-alg3,0,0,,,,5,20,4,true
3,A100-SXM4-80GB-suitesparse_all-fp64-n64-row-major-cuSPARSE-SpMM-CSR-solve-only,cuSPARSE-SpMM-CSR-best-solve-only,cuSPARSE CUDA 13.4.1 CSR PER MATRIX BEST,per-matrix-best,cuSPARSE-SpMM-CSR,best,solve-only,"csr-alg1,csr-alg2,csr-alg3,csr-default",manual-selection,csr,CUSPARSE_SPMM_CSR_ALG3,library-preprocess,spmm.csr.fp64,fp64,A100-SXM4-80GB,A100-SXM4-80GB,,9700.0,80fa510d-2a2f-5dd5-941d-47f76e06b486,suitesparse_all,HB/bcspwr06,bcspwr06,1454,1454,5300,64,row-major,N,N,1.0,0.0,20260922,main,pass,pass,0,0,678400.0,0.11686,0.00844800025225,0.125308000252,0.0142910002522,80.30302790525108,5.413860237460554,47.47043510096958,0.8278662670644442,0.0558129921387686,0.4893859288759751,cuSPARSE 12.8.6,CUDA,13040,13000,2026-10-06T17:07:15.607549+00:00,derived,csr-alg3,0,0,,,,5,20,4,true
3,A100-SXM4-80GB-suitesparse_all-fp64-n64-row-major-cuSPARSE-SpMM-CSR-solve-only,cuSPARSE-SpMM-CSR-best-solve-only,cuSPARSE CUDA 13.4.1 CSR PER MATRIX BEST,per-matrix-best,cuSPARSE-SpMM-CSR,best,solve-only,"csr-alg1,csr-alg2,csr-alg3,csr-default",manual-selection,csr,CUSPARSE_SPMM_CSR_ALG3,library-preprocess,spmm.csr.fp64,fp64,A100-SXM4-80GB,A100-SXM4-80GB,,9700.0,c4e9918d-e907-57c2-ac83-ee8368b6b57a,suitesparse_all,HB/bcspwr08,bcspwr08,1624,1624,6050,64,row-major,N,N,1.0,0.0,20260922,main,pass,pass,0,0,774400.0,0.05738,0.00727040022612,0.0646504002261,0.0101394002261,106.51408119429962,11.9782707808724,76.37532622556944,1.0980833112814394,0.1234873276378598,0.787374497170819,cuSPARSE 12.8.6,CUDA,13040,13000,2026-10-07T22:13:14.602326+00:00,derived,csr-alg3,0,0,,,,5,20,4,true
3,A100-SXM4-80GB-suitesparse_all-fp64-n64-row-major-cuSPARSE-SpMM-CSR-solve-only,cuSPARSE-SpMM-CSR-best-solve-only,cuSPARSE CUDA 13.4.1 CSR PER MATRIX BEST,per-matrix-best,cuSPARSE-SpMM-CSR,best,solve-only,"csr-alg1,csr-alg2,csr-alg3,csr-default",manual-selection,csr,CUSPARSE_SPMM_CSR_ALG3,library-preprocess,spmm.csr.fp64,fp64,A100-SXM4-80GB,A100-SXM4-80GB,,9700.0,94fc6f5b-3ec1-5cba-844a-1ef936f19b00,suitesparse_all,HB/bcspwr09,bcspwr09,1723,1723,6511,64,row-major,N,N,1.0,0.0,20260922,main,pass,pass,0,0,833408.0,2.401921,0.00742399990559,2.40934499991,0.127520049906,112.25862211723282,0.34590646006741727,6.535505597859611,1.1573053826518849,0.0035660459800764665,0.06737634636968672,cuSPARSE 12.8.6,CUDA,13040,13000,2026-10-07T17:36:36.302641+00:00,derived,csr-alg3,0,0,,,,5,20,4,true
3,A100-SXM4-80GB-suitesparse_all-fp64-n64-row-major-cuSPARSE-SpMM-CSR-solve-only,cuSPARSE-SpMM-CSR-best-solve-only,cuSPARSE CUDA 13.4.1 CSR PER MATRIX BEST,per-matrix-best,cuSPARSE-SpMM-CSR,best,solve-only,"csr-alg1,csr-alg2,csr-alg3,csr-default",manual-selection,csr,CUSPARSE_SPMM_CSR_ALG3,library-preprocess,spmm.csr.fp64,fp64,A100-SXM4-80GB,A100-SXM4-80GB,,9700.0,1cb4d392-df77-5092-a407-ab8ee1286933,suitesparse_all,HB/bcspwr10,bcspwr10,5300,5300,21842,64,row-major,N,N,1.0,0.0,20260922,main,pass,pass,0,0,2795776.0,0.07065,0.0147967994213,0.0854467994213,0.0183292994213,188.94464406778934,32.7194935203515,152.53043423749747,1.9478829285339105,0.3373143661891907,1.5724787034793555,cuSPARSE 12.8.6,CUDA,13040,13000,2026-10-06T04:36:07.331251+00:00,derived,csr-alg3,0,0,,,,5,20,4,true
3,A100-SXM4-80GB-suitesparse_all-fp64-n64-row-major-cuSPARSE-SpMM-CSR-solve-only,cuSPARSE-SpMM-CSR-best-solve-only,cuSPARSE CUDA 13.4.1 CSR PER MATRIX BEST,per-matrix-best,cuSPARSE-SpMM-CSR,best,solve-only,"csr-alg1,csr-alg2,csr-alg3,csr-default",manual-selection,csr,CUSPARSE_SPMM_CSR_ALG3,library-preprocess,spmm.csr.fp64,fp64,A100-SXM4-80GB,A100-SXM4-80GB,,9700.0,df7f742d-c1c4-51c9-b7da-d151d8293f2c,suitesparse_all,HB/bcsstk01,bcsstk01,48,48,400,64,row-major,N,N,1.0,0.0,20260922,main,pass,pass,0,0,51200.0,0.05051,0.00578560009599,0.056295600096,0.00831110009599,8.849557375299188,0.9094849315521896,6.160435972213033,0.09123255026081636,0.009376133314971027,0.0635096491980725,cuSPARSE 12.8.6,CUDA,13040,13000,2026-10-06T16:39:24.060674+00:00,derived,csr-alg3,0,0,,,,5,20,4,true
3,A100-SXM4-80GB-suitesparse_all-fp64-n64-row-major-cuSPARSE-SpMM-CSR-solve-only,cuSPARSE-SpMM-CSR-best-solve-only,cuSPARSE CUDA 13.4.1 CSR PER MATRIX BEST,per-matrix-best,cuSPARSE-SpMM-CSR,best,solve-only,"csr-alg1,csr-alg2,csr-alg3,csr-default",manual-selection,csr,CUSPARSE_SPMM_CSR_ALG3,library-preprocess,spmm.csr.fp64,fp64,A100-SXM4-80GB,A100-SXM4-80GB,,9700.0,c4221d7e-f4a6-5dcd-a65f-6a66f0144ff7,suitesparse_all,HB/bcsstk02,bcsstk02,66,66,4356,64,row-major,N,N,1.0,0.0,20260922,main,pass,pass,0,0,557568.0,0.05052,0.00849919989705,0.0590191998971,0.0110251998971,65.60241043318997,9.447230748165344,50.57214428798332,0.6763135096205153,0.097394131424385,0.5213623122472507,cuSPARSE 12.8.6,CUDA,13040,13000,2026-10-08T11:52:36.880497+00:00,derived,csr-alg3,0,0,,,,5,20,4,true
3,A100-SXM4-80GB-suitesparse_all-fp64-n64-row-major-cuSPARSE-SpMM-CSR-solve-only,cuSPARSE-SpMM-CSR-best-solve-only,cuSPARSE CUDA 13.4.1 CSR PER MATRIX BEST,per-matrix-best,cuSPARSE-SpMM-CSR,best,solve-only,"csr-alg1,csr-alg2,csr-alg3,csr-default",manual-selection,csr,CUSPARSE_SPMM_CSR_ALG3,library-preprocess,spmm.csr.fp64,fp64,A100-SXM4-80GB,A100-SXM4-80GB,,9700.0,0edb0287-e1df-52fd-b14b-f9e504b96222,suitesparse_all,HB/bcsstk03,bcsstk03,112,112,640,64,row-major,N,N,1.0,0.0,20260922,main,pass,pass,0,0,81920.0,0.04832,0.00563200004399,0.053952000044,0.00804800004399,14.54545443184401,1.5183867128779467,10.178926385714341,0.14995313847261865,0.015653471266782956,0.10493738541973548,cuSPARSE 12.8.6,CUDA,13040,13000,2026-10-07T20:01:22.358412+00:00,derived,csr-alg3,0,0,,,,5,20,4,true
3,A100-SXM4-80GB-suitesparse_all-fp64-n64-row-major-cuSPARSE-SpMM-CSR-solve-only,cuSPARSE-SpMM-CSR-best-solve-only,cuSPARSE CUDA 13.4.1 CSR PER MATRIX BEST,per-matrix-best,cuSPARSE-SpMM-CSR,best,solve-only,"csr-alg1,csr-alg2,csr-alg3,csr-default",manual-selection,csr,CUSPARSE_SPMM_CSR_ALG2,library-preprocess,spmm.csr.fp64,fp64,A100-SXM4-80GB,A100-SXM4-80GB,,9700.0,1cb4d392-df77-5092-a407-ab8ee1286933,suitesparse_all,HB/bcsstk08,bcsstk08,1074,1074,12960,64,row-major,N,N,1.0,0.0,20260922,main,pass,pass,0,0,1658880.0,0.01358,0.0174079999328,0.0309879999328,0.0180869999328,95.29411801492213,53.5329806246746,91.71670294484228,0.9824135877827024,0.5518863981925216,0.9455330200499203,cuSPARSE 12.8.6,CUDA,13040,13000,2026-10-07T22:48:02.558805+00:00,derived,csr-alg2,0,0,,,,5,20,4,true
3,A100-SXM4-80GB-suitesparse_all-fp64-n64-row-major-cuSPARSE-SpMM-CSR-solve-only,cuSPARSE-SpMM-CSR-best-solve-only,cuSPARSE CUDA 13.4.1 CSR PER MATRIX BEST,per-matrix-best,cuSPARSE-SpMM-CSR,best,solve-only,"csr-alg1,csr-alg2,csr-alg3,csr-default",manual-selection,csr,CUSPARSE_SPMM_CSR_ALG3,library-preprocess,spmm.csr.fp64,fp64,A100-SXM4-80GB,A100-SXM4-80GB,,9700.0,df7f742d-c1c4-51c9-b7da-d151d8293f2c,suitesparse_all,HB/bcsstk09,bcsstk09,1083,1083,18437,64,row-major,N,N,1.0,0.0,20260922,main,pass,pass,0,0,2359936.0,0.05661,0.00844800025225,0.0650580002522,0.0112785002522,279.34847650738004,36.27433967923409,209.2420044535325,2.8798812011070107,0.37396226473437205,2.157134066531263,cuSPARSE 12.8.6,CUDA,13040,13000,2026-10-08T22:47:17.806548+00:00,derived,csr-alg3,0,0,,,,5,20,4,true
3,A100-SXM4-80GB-suitesparse_all-fp64-n64-row-major-cuSPARSE-SpMM-CSR-solve-only,cuSPARSE-SpMM-CSR-best-solve-only,cuSPARSE CUDA 13.4.1 CSR PER MATRIX BEST,per-matrix-best,cuSPARSE-SpMM-CSR,best,solve-only,"csr-alg1,csr-alg2,csr-alg3,csr-default",manual-selection,csr,CUSPARSE_SPMM_CSR_ALG3,library-preprocess,spmm.csr.fp64,fp64,A100-SXM4-80GB,A100-SXM4-80GB,,9700.0,0edb0287-e1df-52fd-b14b-f9e504b96222,suitesparse_all,HB/bcsstk11,bcsstk11,1473,1473,34241,64,row-major,N,N,1.0,0.0,20260922,main,pass,pass,0,0,4382848.0,0.0504,0.0104960002005,0.0608960002005,0.0130160002005,417.5731627550096,71.97267448714987,336.72771454257014,4.304877966546491,0.7419863349190708,3.471419737552269,cuSPARSE 12.8.6,CUDA,13040,13000,2026-10-07T20:01:23.037979+00:00,derived,csr-alg3,0,0,,,,5,20,4,true
3,A100-SXM4-80GB-suitesparse_all-fp64-n64-row-major-cuSPARSE-SpMM-CSR-solve-only,cuSPARSE-SpMM-CSR-best-solve-only,cuSPARSE CUDA 13.4.1 CSR PER MATRIX BEST,per-matrix-best,cuSPARSE-SpMM-CSR,best,solve-only,"csr-alg1,csr-alg2,csr-alg3,csr-default",manual-selection,csr,CUSPARSE_SPMM_CSR_ALG3,library-preprocess,spmm.csr.fp64,fp64,A100-SXM4-80GB,A100-SXM4-80GB,,9700.0,1cb4d392-df77-5092-a407-ab8ee1286933,suitesparse_all,HB/bcsstk16,bcsstk16,4884,4884,290378,64,row-major,N,N,1.0,0.0,20260922,main,pass,pass,0,0,37168384.0,0.0613,0.0350719988346,0.0963719988346,0.0381369988346,1059.7737578427332,385.6761761659716,974.6017026981889,10.925502658172508,3.9760430532574387,10.047440234001947,cuSPARSE 12.8.6,CUDA,13040,13000,2026-10-08T00:54:56.296092+00:00,derived,csr-alg3,0,0,,,,5,20,4,true
3,A100-SXM4-80GB-suitesparse_all-fp64-n64-row-major-cuSPARSE-SpMM-CSR-solve-only,cuSPARSE-SpMM-CSR-best-solve-only,cuSPARSE CUDA 13.4.1 CSR PER MATRIX BEST,per-matrix-best,cuSPARSE-SpMM-CSR,best,solve-only,"csr-alg1,csr-alg2,csr-alg3,csr-default",manual-selection,csr,CUSPARSE_SPMM_CSR_ALG3,library-preprocess,spmm.csr.fp64,fp64,A100-SXM4-80GB,A100-SXM4-80GB,,9700.0,df7f742d-c1c4-51c9-b7da-d151d8293f2c,suitesparse_all,HB/bcsstk17,bcsstk17,10974,10974,428650,64,row-major,N,N,1.0,0.0,20260922,main,pass,pass,0,0,54867200.0,0.15829,0.0414207994938,0.199710799494,0.0493352994938,1324.6291880052363,274.7332649962597,1112.128649525989,13.65597101036326,2.8323017009923683,11.465243809546278,cuSPARSE 12.8.6,CUDA,13040,13000,2026-10-08T22:47:19.822046+00:00,derived,csr-alg3,0,0,,,,5,20,4,true
3,A100-SXM4-80GB-suitesparse_all-fp64-n64-row-major-cuSPARSE-SpMM-CSR-solve-only,cuSPARSE-SpMM-CSR-best-solve-only,cuSPARSE CUDA 13.4.1 CSR PER MATRIX BEST,per-matrix-best,cuSPARSE-SpMM-CSR,best,solve-only,"csr-alg1,csr-alg2,csr-alg3,csr-default",manual-selection,csr,CUSPARSE_SPMM_CSR_ALG3,library-preprocess,spmm.csr.fp64,fp64,A100-SXM4-80GB,A100-SXM4-80GB,,9700.0,0edb0287-e1df-52fd-b14b-f9e504b96222,suitesparse_all,HB/bcsstk19,bcsstk19,817,817,6853,64,row-major,N,N,1.0,0.0,20260922,main,pass,pass,0,0,877184.0,0.05241,0.00655359998345,0.0589635999835,0.00917409998345,133.84765658800944,14.87670359756639,95.61526488510401,1.3798727483299942,0.1533680783254267,0.9857243802588043,cuSPARSE 12.8.6,CUDA,13040,13000,2026-10-07T20:01:23.683960+00:00,derived,csr-alg3,0,0,,,,5,20,4,true
3,A100-SXM4-80GB-suitesparse_all-fp64-n64-row-major-cuSPARSE-SpMM-CSR-solve-only,cuSPARSE-SpMM-CSR-best-solve-only,cuSPARSE CUDA 13.4.1 CSR PER MATRIX BEST,per-matrix-best,cuSPARSE-SpMM-CSR,best,solve-only,"csr-alg1,csr-alg2,csr-alg3,csr-default",manual-selection,csr,CUSPARSE_SPMM_CSR_ALG3,library-preprocess,spmm.csr.fp64,fp64,A100-SXM4-80GB,A100-SXM4-80GB,,9700.0,1cb4d392-df77-5092-a407-ab8ee1286933,suitesparse_all,HB/bcsstk24,bcsstk24,3562,3562,159910,64,row-major,N,N,1.0,0.0,20260922,main,pass,pass,0,0,20468480.0,0.05604,0.0218112006783,0.0778512006783,0.0246132006783,938.4389379519178,262.9179745676719,831.6057820974842,9.67462822630843,2.710494583171875,8.573255485541074,cuSPARSE 12.8.6,CUDA,13040,13000,2026-10-08T00:54:57.235530+00:00,derived,csr-alg3,0,0,,,,5,20,4,true
3,A100-SXM4-80GB-suitesparse_all-fp64-n64-row-major-cuSPARSE-SpMM-CSR-solve-only,cuSPARSE-SpMM-CSR-best-solve-only,cuSPARSE CUDA 13.4.1 CSR PER MATRIX BEST,per-matrix-best,cuSPARSE-SpMM-CSR,best,solve-only,"csr-alg1,csr-alg2,csr-alg3,csr-default",manual-selection,csr,CUSPARSE_SPMM_CSR_ALG3,library-preprocess,spmm.csr.fp64,fp64,A100-SXM4-80GB,A100-SXM4-80GB,,9700.0,df7f742d-c1c4-51c9-b7da-d151d8293f2c,suitesparse_all,HB/bcsstk25,bcsstk25,15439,15439,252241,64,row-major,N,N,1.0,0.0,20260922,main,pass,pass,0,0,32286848.0,0.12131,0.0363007992506,0.157610799251,0.0423662992506,889.4252651879654,204.8517497115297,762.087993785361,9.169332630803767,2.1118737083662857,7.856577255519186,cuSPARSE 12.8.6,CUDA,13040,13000,2026-10-08T22:47:21.672026+00:00,derived,csr-alg3,0,0,,,,5,20,4,true
3,A100-SXM4-80GB-suitesparse_all-fp64-n64-row-major-cuSPARSE-SpMM-CSR-solve-only,cuSPARSE-SpMM-CSR-best-solve-only,cuSPARSE CUDA 13.4.1 CSR PER MATRIX BEST,per-matrix-best,cuSPARSE-SpMM-CSR,best,solve-only,"csr-alg1,csr-alg2,csr-alg3,csr-default",manual-selection,csr,CUSPARSE_SPMM_CSR_ALG3,library-preprocess,spmm.csr.fp64,fp64,A100-SXM4-80GB,A100-SXM4-80GB,,9700.0,0edb0287-e1df-52fd-b14b-f9e504b96222,suitesparse_all,HB/bcsstk27,bcsstk27,1224,1224,56126,64,row-major,N,N,1.0,0.0,20260922,main,pass,pass,0,0,7184128.0,0.05076,0.0122368000448,0.0629968000448,0.0147748000448,587.0920480598095,114.03957018278749,486.2419781124861,6.052495340822778,1.1756656719874998,5.012803898066867,cuSPARSE 12.8.6,CUDA,13040,13000,2026-10-07T20:01:24.406685+00:00,derived,csr-alg3,0,0,,,,5,20,4,true
3,A100-SXM4-80GB-suitesparse_all-fp64-n64-row-major-cuSPARSE-SpMM-CSR-solve-only,cuSPARSE-SpMM-CSR-best-solve-only,cuSPARSE CUDA 13.4.1 CSR PER MATRIX BEST,per-matrix-best,cuSPARSE-SpMM-CSR,best,solve-only,"csr-alg1,csr-alg2,csr-alg3,csr-default",manual-selection,csr,CUSPARSE_SPMM_CSR_ALG2,library-preprocess,spmm.csr.fp64,fp64,A100-SXM4-80GB,A100-SXM4-80GB,,9700.0,1cb4d392-df77-5092-a407-ab8ee1286933,suitesparse_all,HB/bcsstk32,bcsstk32,44609,44609,2014701,64,row-major,N,N,1.0,0.0,20260922,main,pass,pass,0,0,257881728.0,0.09898,0.257894396782,0.356874396782,0.262843396782,999.9508760866538,722.6120179126478,981.1230989907074,10.308771918419112,7.4496084320891525,10.11467112361554,cuSPARSE 12.8.6,CUDA,13040,13000,2026-10-07T22:48:11.331001+00:00,derived,csr-alg2,0,0,,,,5,20,4,true
3,A100-SXM4-80GB-suitesparse_all-fp64-n64-row-major-cuSPARSE-SpMM-CSR-solve-only,cuSPARSE-SpMM-CSR-best-solve-only,cuSPARSE CUDA 13.4.1 CSR PER MATRIX BEST,per-matrix-best,cuSPARSE-SpMM-CSR,best,solve-only,"csr-alg1,csr-alg2,csr-alg3,csr-default",manual-selection,csr,CUSPARSE_SPMM_CSR_ALG3,library-preprocess,spmm.csr.fp64,fp64,A100-SXM4-80GB,A100-SXM4-80GB,,9700.0,df7f742d-c1c4-51c9-b7da-d151d8293f2c,suitesparse_all,HB/bcsstk33,bcsstk33,8738,8738,591904,64,row-major,N,N,1.0,0.0,20260922,main,pass,pass,0,0,75763712.0,0.148731,0.0644608020782,0.213191802078,0.0718973520782,1175.3454744185153,355.37816774155556,1053.7761101075698,12.116963653799127,3.6636924509438713,10.86367123822237,cuSPARSE 12.8.6,CUDA,13040,13000,2026-10-08T22:47:23.688872+00:00,derived,csr-alg3,0,0,,,,5,20,4,true
3,A100-SXM4-80GB-suitesparse_all-fp64-n64-row-major-cuSPARSE-SpMM-CSR-solve-only,cuSPARSE-SpMM-CSR-best-solve-only,cuSPARSE CUDA 13.4.1 CSR PER MATRIX BEST,per-matrix-best,cuSPARSE-SpMM-CSR,best,solve-only,"csr-alg1,csr-alg2,csr-alg3,csr-default",manual-selection,csr,CUSPARSE_SPMM_CSR_ALG3,library-preprocess,spmm.csr.fp64,fp64,A100-SXM4-80GB,A100-SXM4-80GB,,9700.0,0edb0287-e1df-52fd-b14b-f9e504b96222,suitesparse_all,HB/bcsstm02,bcsstm02,66,66,66,64,row-major,N,N,1.0,0.0,20260922,main,pass,pass,0,0,8448.0,0.04814,0.00558080002666,0.0537208000267,0.00798780002666,1.513761460658529,0.15725752400934506,1.0576128560810287,0.01560578825421164,0.0016212115877252068,0.010903225320422977,cuSPARSE 12.8.6,CUDA,13040,13000,2026-10-07T20:01:25.002137+00:00,derived,csr-alg3,0,0,,,,5,20,4,true
3,A100-SXM4-80GB-suitesparse_all-fp64-n64-row-major-cuSPARSE-SpMM-CSR-solve-only,cuSPARSE-SpMM-CSR-best-solve-only,cuSPARSE CUDA 13.4.1 CSR PER MATRIX BEST,per-matrix-best,cuSPARSE-SpMM-CSR,best,solve-only,"csr-alg1,csr-alg2,csr-alg3,csr-default",manual-selection,csr,CUSPARSE_SPMM_CSR_ALG3,library-preprocess,spmm.csr.fp64,fp64,A100-SXM4-80GB,A100-SXM4-80GB,,9700.0,1cb4d392-df77-5092-a407-ab8ee1286933,suitesparse_all,HB/bcsstm07,bcsstm07,420,420,7252,64,row-major,N,N,1.0,0.0,20260922,main,pass,pass,0,0,928256.0,0.0573,0.00762879997492,0.0649287999749,0.0104937999749,121.67785274901433,14.296521733943068,88.45756563116171,1.254410853082622,0.14738682199941308,0.9119336663006362,cuSPARSE 12.8.6,CUDA,13040,13000,2026-10-08T00:55:02.601030+00:00,derived,csr-alg3,0,0,,,,5,20,4,true
3,A100-SXM4-80GB-suitesparse_all-fp64-n64-row-major-cuSPARSE-SpMM-CSR-solve-only,cuSPARSE-SpMM-CSR-best-solve-only,cuSPARSE CUDA 13.4.1 CSR PER MATRIX BEST,per-matrix-best,cuSPARSE-SpMM-CSR,best,solve-only,"csr-alg1,csr-alg2,csr-alg3,csr-default",manual-selection,csr,CUSPARSE_SPMM_CSR_ALG3,library-preprocess,spmm.csr.fp64,fp64,A100-SXM4-80GB,A100-SXM4-80GB,,9700.0,df7f742d-c1c4-51c9-b7da-d151d8293f2c,suitesparse_all,HB/bcsstm08,bcsstm08,1074,1074,1074,64,row-major,N,N,1.0,0.0,20260922,main,pass,pass,0,0,137472.0,0.05566,0.00662560015917,0.0622856001592,0.00940860015917,20.74861094805657,2.2071233101812613,14.611312806827513,0.21390320565006773,0.022753848558569705,0.1506320907920362,cuSPARSE 12.8.6,CUDA,13040,13000,2026-10-08T22:47:24.552802+00:00,derived,csr-alg3,0,0,,,,5,20,4,true
3,A100-SXM4-80GB-suitesparse_all-fp64-n64-row-major-cuSPARSE-SpMM-CSR-solve-only,cuSPARSE-SpMM-CSR-best-solve-only,cuSPARSE CUDA 13.4.1 CSR PER MATRIX BEST,per-matrix-best,cuSPARSE-SpMM-CSR,best,solve-only,"csr-alg1,csr-alg2,csr-alg3,csr-default",manual-selection,csr,CUSPARSE_SPMM_CSR_ALG3,library-preprocess,spmm.csr.fp64,fp64,A100-SXM4-80GB,A100-SXM4-80GB,,9700.0,0edb0287-e1df-52fd-b14b-f9e504b96222,suitesparse_all,HB/bcsstm10,bcsstm10,1086,1086,22092,64,row-major,N,N,1.0,0.0,20260922,main,pass,pass,0,0,2827776.0,0.05072,0.00890880003572,0.0596288000357,0.0114448000357,317.41379183077174,47.42299020451526,247.07954627247835,3.272307132275997,0.48889680623211607,2.5472118172420446,cuSPARSE 12.8.6,CUDA,13040,13000,2026-10-07T20:01:25.676944+00:00,derived,csr-alg3,0,0,,,,5,20,4,true
3,A100-SXM4-80GB-suitesparse_all-fp64-n64-row-major-cuSPARSE-SpMM-CSR-solve-only,cuSPARSE-SpMM-CSR-best-solve-only,cuSPARSE CUDA 13.4.1 CSR PER MATRIX BEST,per-matrix-best,cuSPARSE-SpMM-CSR,best,solve-only,"csr-alg1,csr-alg2,csr-alg3,csr-default",manual-selection,csr,CUSPARSE_SPMM_CSR_ALG3,library-preprocess,spmm.csr.fp64,fp64,A100-SXM4-80GB,A100-SXM4-80GB,,9700.0,1cb4d392-df77-5092-a407-ab8ee1286933,suitesparse_all,HB/bcsstm20,bcsstm20,485,485,485,64,row-major,N,N,1.0,0.0,20260922,main,pass,pass,0,0,62080.0,0.056511,0.00588800013065,0.0623990001307,0.00871355013065,10.543478026918239,0.9948877365016774,7.124535817110065,0.10869564976204371,0.010256574603110077,0.07344882285680479,cuSPARSE 12.8.6,CUDA,13040,13000,2026-10-08T00:55:03.201737+00:00,derived,csr-alg3,0,0,,,,5,20,4,true
3,A100-SXM4-80GB-suitesparse_all-fp64-n64-row-major-cuSPARSE-SpMM-CSR-solve-only,cuSPARSE-SpMM-CSR-best-solve-only,cuSPARSE CUDA 13.4.1 CSR PER MATRIX BEST,per-matrix-best,cuSPARSE-SpMM-CSR,best,solve-only,"csr-alg1,csr-alg2,csr-alg3,csr-default",manual-selection,csr,CUSPARSE_SPMM_CSR_ALG3,library-preprocess,spmm.csr.fp64,fp64,A100-SXM4-80GB,A100-SXM4-80GB,,9700.0,df7f742d-c1c4-51c9-b7da-d151d8293f2c,suitesparse_all,HB/bcsstm21,bcsstm21,3600,3600,3600,64,row-major,N,N,1.0,0.0,20260922,main,pass,pass,0,0,460800.0,0.07766,0.011264000088,0.088924000088,0.015147000088,40.90909058948864,5.181953123386129,30.421865539240496,0.42174320195349113,0.053422197148310605,0.3136274797859845,cuSPARSE 12.8.6,CUDA,13040,13000,2026-10-08T22:47:25.990597+00:00,derived,csr-alg3,0,0,,,,5,20,4,true
3,A100-SXM4-80GB-suitesparse_all-fp64-n64-row-major-cuSPARSE-SpMM-CSR-solve-only,cuSPARSE-SpMM-CSR-best-solve-only,cuSPARSE CUDA 13.4.1 CSR PER MATRIX BEST,per-matrix-best,cuSPARSE-SpMM-CSR,best,solve-only,"csr-alg1,csr-alg2,csr-alg3,csr-default",manual-selection,csr,CUSPARSE_SPMM_CSR_ALG3,library-preprocess,spmm.csr.fp64,fp64,A100-SXM4-80GB,A100-SXM4-80GB,,9700.0,0edb0287-e1df-52fd-b14b-f9e504b96222,suitesparse_all,HB/bcsstm23,bcsstm23,3134,3134,3134,64,row-major,N,N,1.0,0.0,20260922,main,pass,pass,0,0,401152.0,0.05792,0.00957439988852,0.0674943998885,0.0124703998885,41.898396209771185,5.9434856915936525,32.16833490399421,0.4319422289667132,0.06127304836694487,0.33163231859787845,cuSPARSE 12.8.6,CUDA,13040,13000,2026-10-07T20:01:26.326470+00:00,derived,csr-alg3,0,0,,,,5,20,4,true
3,A100-SXM4-80GB-suitesparse_all-fp64-n64-row-major-cuSPARSE-SpMM-CSR-solve-only,cuSPARSE-SpMM-CSR-best-solve-only,cuSPARSE CUDA 13.4.1 CSR PER MATRIX BEST,per-matrix-best,cuSPARSE-SpMM-CSR,best,solve-only,"csr-alg1,csr-alg2,csr-alg3,csr-default",manual-selection,csr,CUSPARSE_SPMM_CSR_ALG2,library-preprocess,spmm.csr.fp64,fp64,A100-SXM4-80GB,A100-SXM4-80GB,,9700.0,1cb4d392-df77-5092-a407-ab8ee1286933,suitesparse_all,HB/beacxc,beacxc,497,506,50409,64,row-major,N,N,1.0,0.0,20260922,main,pass,pass,0,0,6452352.0,0.01389,0.0196608006954,0.0335508006954,0.0203553006954,328.18358214218836,192.31588714020327,316.9863268813384,3.3833358983730757,1.9826380117546731,3.2679002771272003,cuSPARSE 12.8.6,CUDA,13040,13000,2026-10-07T22:48:13.644019+00:00,derived,csr-alg2,0,0,,,,5,20,4,true
3,A100-SXM4-80GB-suitesparse_all-fp64-n64-row-major-cuSPARSE-SpMM-CSR-solve-only,cuSPARSE-SpMM-CSR-best-solve-only,cuSPARSE CUDA 13.4.1 CSR PER MATRIX BEST,per-matrix-best,cuSPARSE-SpMM-CSR,best,solve-only,"csr-alg1,csr-alg2,csr-alg3,csr-default",manual-selection,csr,CUSPARSE_SPMM_CSR_ALG2,library-preprocess,spmm.csr.fp64,fp64,A100-SXM4-80GB,A100-SXM4-80GB,,9700.0,df7f742d-c1c4-51c9-b7da-d151d8293f2c,suitesparse_all,HB/beaflw,beaflw,497,507,53403,64,row-major,N,N,1.0,0.0,20260922,main,pass,pass,0,0,6835584.0,0.0539,0.0226303994656,0.0765303994656,0.0253253994656,302.0531745535747,89.31854593379664,269.9102144187266,3.113950253129636,0.9208097518948107,2.782579530089965,cuSPARSE 12.8.6,CUDA,13040,13000,2026-10-08T20:12:06.163450+00:00,derived,csr-alg2,0,0,,,,5,20,4,true
3,A100-SXM4-80GB-suitesparse_all-fp64-n64-row-major-cuSPARSE-SpMM-CSR-solve-only,cuSPARSE-SpMM-CSR-best-solve-only,cuSPARSE CUDA 13.4.1 CSR PER MATRIX BEST,per-matrix-best,cuSPARSE-SpMM-CSR,best,solve-only,"csr-alg1,csr-alg2,csr-alg3,csr-default",manual-selection,csr,CUSPARSE_SPMM_CSR_ALG3,library-preprocess,spmm.csr.fp64,fp64,A100-SXM4-80GB,A100-SXM4-80GB,,9700.0,0edb0287-e1df-52fd-b14b-f9e504b96222,suitesparse_all,HB/blckhole,blckhole,2132,2132,14872,64,row-major,N,N,1.0,0.0,20260922,main,pass,pass,0,0,1903616.0,0.05959,0.00942080020905,0.069010800209,0.012400300209,202.06521290742478,27.58432005185967,153.51370272619502,2.083146524818812,0.2843744335243265,1.582615492022629,cuSPARSE 12.8.6,CUDA,13040,13000,2026-10-07T20:01:26.979202+00:00,derived,csr-alg3,0,0,,,,5,20,4,true
3,A100-SXM4-80GB-suitesparse_all-fp64-n64-row-major-cuSPARSE-SpMM-CSR-solve-only,cuSPARSE-SpMM-CSR-best-solve-only,cuSPARSE CUDA 13.4.1 CSR PER MATRIX BEST,per-matrix-best,cuSPARSE-SpMM-CSR,best,solve-only,"csr-alg1,csr-alg2,csr-alg3,csr-default",manual-selection,csr,CUSPARSE_SPMM_CSR_ALG1,library-preprocess,spmm.csr.fp64,fp64,A100-SXM4-80GB,A100-SXM4-80GB,,9700.0,1cb4d392-df77-5092-a407-ab8ee1286933,suitesparse_all,HB/bp_1600,bp_1600,822,822,4841,64,row-major,N,N,1.0,0.0,20260922,main,pass,pass,0,0,619648.0,0.02992,0.0174079999328,0.0473279999328,0.0189039999328,35.59558837270355,13.092630174100423,32.77867129722422,0.3669648285845727,0.13497556880515899,0.3379244463631363,cuSPARSE 12.8.6,CUDA,13040,13000,2026-10-07T20:39:08.427207+00:00,derived,csr-alg1,0,0,,,,5,20,4,true
3,A100-SXM4-80GB-suitesparse_all-fp64-n64-row-major-cuSPARSE-SpMM-CSR-solve-only,cuSPARSE-SpMM-CSR-best-solve-only,cuSPARSE CUDA 13.4.1 CSR PER MATRIX BEST,per-matrix-best,cuSPARSE-SpMM-CSR,best,solve-only,"csr-alg1,csr-alg2,csr-alg3,csr-default",manual-selection,csr,CUSPARSE_SPMM_CSR_ALG2,library-preprocess,spmm.csr.fp64,fp64,A100-SXM4-80GB,A100-SXM4-80GB,,9700.0,df7f742d-c1c4-51c9-b7da-d151d8293f2c,suitesparse_all,HB/bp_200,bp_200,822,822,3802,64,row-major,N,N,1.0,0.0,20260922,main,pass,pass,0,0,486656.0,0.03128,0.0189952000976,0.0502752000976,0.0205592000976,25.619945960005328,9.679842130021312,23.670959847159143,0.26412315422685906,0.09979218690743621,0.2440305138882386,cuSPARSE 12.8.6,CUDA,13040,13000,2026-10-08T20:12:07.014014+00:00,derived,csr-alg2,0,0,,,,5,20,4,true
3,A100-SXM4-80GB-suitesparse_all-fp64-n64-row-major-cuSPARSE-SpMM-CSR-solve-only,cuSPARSE-SpMM-CSR-best-solve-only,cuSPARSE CUDA 13.4.1 CSR PER MATRIX BEST,per-matrix-best,cuSPARSE-SpMM-CSR,best,solve-only,"csr-alg1,csr-alg2,csr-alg3,csr-default",manual-selection,csr,CUSPARSE_SPMM_CSR_ALG3,library-preprocess,spmm.csr.fp64,fp64,A100-SXM4-80GB,A100-SXM4-80GB,,9700.0,0edb0287-e1df-52fd-b14b-f9e504b96222,suitesparse_all,HB/bp_600,bp_600,822,822,4172,64,row-major,N,N,1.0,0.0,20260922,main,pass,pass,0,0,534016.0,0.05637,0.0208384007215,0.0772084007215,0.0236569007215,25.626534739253266,6.9165530565289135,22.573371139638443,0.26419107978611617,0.07130467068586509,0.2327151663880252,cuSPARSE 12.8.6,CUDA,13040,13000,2026-10-07T20:01:27.604902+00:00,derived,csr-alg3,0,0,,,,5,20,4,true
3,A100-SXM4-80GB-suitesparse_all-fp64-n64-row-major-cuSPARSE-SpMM-CSR-solve-only,cuSPARSE-SpMM-CSR-best-solve-only,cuSPARSE CUDA 13.4.1 CSR PER MATRIX BEST,per-matrix-best,cuSPARSE-SpMM-CSR,best,solve-only,"csr-alg1,csr-alg2,csr-alg3,csr-default",manual-selection,csr,CUSPARSE_SPMM_CSR_ALG3,library-preprocess,spmm.csr.fp64,fp64,A100-SXM4-80GB,A100-SXM4-80GB,,9700.0,1cb4d392-df77-5092-a407-ab8ee1286933,suitesparse_all,HB/can_161,can_161,161,161,1377,64,row-major,N,N,1.0,0.0,20260922,main,pass,pass,0,0,176256.0,0.0562,0.00686080008745,0.0630608000875,0.00967080008745,25.690298180005747,2.7950168687272607,18.225586136221665,0.2648484348454201,0.02881460689409547,0.1878926405796048,cuSPARSE 12.8.6,CUDA,13040,13000,2026-10-08T00:55:05.126811+00:00,derived,csr-alg3,0,0,,,,5,20,4,true
3,A100-SXM4-80GB-suitesparse_all-fp64-n64-row-major-cuSPARSE-SpMM-CSR-solve-only,cuSPARSE-SpMM-CSR-best-solve-only,cuSPARSE CUDA 13.4.1 CSR PER MATRIX BEST,per-matrix-best,cuSPARSE-SpMM-CSR,best,solve-only,"csr-alg1,csr-alg2,csr-alg3,csr-default",manual-selection,csr,CUSPARSE_SPMM_CSR_ALG3,library-preprocess,spmm.csr.fp64,fp64,A100-SXM4-80GB,A100-SXM4-80GB,,9700.0,df7f742d-c1c4-51c9-b7da-d151d8293f2c,suitesparse_all,HB/can_187,can_187,187,187,1491,64,row-major,N,N,1.0,0.0,20260922,main,pass,pass,0,0,190848.0,0.05181,0.00593920014799,0.057749200148,0.00852970014799,32.13361988896578,3.304773044663711,22.374526265729614,0.3312744318450081,0.034069825202718666,0.23066521923432592,cuSPARSE 12.8.6,CUDA,13040,13000,2026-10-08T22:47:28.529689+00:00,derived,csr-alg3,0,0,,,,5,20,4,true
3,A100-SXM4-80GB-suitesparse_all-fp64-n64-row-major-cuSPARSE-SpMM-CSR-solve-only,cuSPARSE-SpMM-CSR-best-solve-only,cuSPARSE CUDA 13.4.1 CSR PER MATRIX BEST,per-matrix-best,cuSPARSE-SpMM-CSR,best,solve-only,"csr-alg1,csr-alg2,csr-alg3,csr-default",manual-selection,csr,CUSPARSE_SPMM_CSR_ALG3,library-preprocess,spmm.csr.fp64,fp64,A100-SXM4-80GB,A100-SXM4-80GB,,9700.0,0edb0287-e1df-52fd-b14b-f9e504b96222,suitesparse_all,HB/can_24,can_24,24,24,160,64,row-major,N,N,1.0,0.0,20260922,main,pass,pass,0,0,20480.0,0.04686,0.00558080002666,0.0524408000267,0.00792380002666,3.6697247531115855,0.39053561329294556,2.5846184824319227,0.037832213949603975,0.004026140343226243,0.026645551365277555,cuSPARSE 12.8.6,CUDA,13040,13000,2026-10-07T20:01:28.200834+00:00,derived,csr-alg3,0,0,,,,5,20,4,true
3,A100-SXM4-80GB-suitesparse_all-fp64-n64-row-major-cuSPARSE-SpMM-CSR-solve-only,cuSPARSE-SpMM-CSR-best-solve-only,cuSPARSE CUDA 13.4.1 CSR PER MATRIX BEST,per-matrix-best,cuSPARSE-SpMM-CSR,best,solve-only,"csr-alg1,csr-alg2,csr-alg3,csr-default",manual-selection,csr,CUSPARSE_SPMM_CSR_ALG3,library-preprocess,spmm.csr.fp64,fp64,A100-SXM4-80GB,A100-SXM4-80GB,,9700.0,1cb4d392-df77-5092-a407-ab8ee1286933,suitesparse_all,HB/can_61,can_61,61,61,557,64,row-major,N,N,1.0,0.0,20260922,main,pass,pass,0,0,71296.0,0.04824,0.00716800019145,0.0554080001915,0.00958000019145,9.946428305769574,1.286745591856559,7.442171041252228,0.10254049799762449,0.013265418472748031,0.07672341279641473,cuSPARSE 12.8.6,CUDA,13040,13000,2026-10-08T00:55:05.786871+00:00,derived,csr-alg3,0,0,,,,5,20,4,true
3,A100-SXM4-80GB-suitesparse_all-fp64-n64-row-major-cuSPARSE-SpMM-CSR-solve-only,cuSPARSE-SpMM-CSR-best-solve-only,cuSPARSE CUDA 13.4.1 CSR PER MATRIX BEST,per-matrix-best,cuSPARSE-SpMM-CSR,best,solve-only,"csr-alg1,csr-alg2,csr-alg3,csr-default",manual-selection,csr,CUSPARSE_SPMM_CSR_ALG3,library-preprocess,spmm.csr.fp64,fp64,A100-SXM4-80GB,A100-SXM4-80GB,,9700.0,df7f742d-c1c4-51c9-b7da-d151d8293f2c,suitesparse_all,HB/can_62,can_62,62,62,218,64,row-major,N,N,1.0,0.0,20260922,main,pass,pass,0,0,27904.0,0.052591,0.00563200004399,0.058223000044,0.00826155004399,4.954545415846866,0.4792607728717607,3.377574408122023,0.051077787792235735,0.004940832710018152,0.034820354722907454,cuSPARSE 12.8.6,CUDA,13040,13000,2026-10-08T22:47:29.760873+00:00,derived,csr-alg3,0,0,,,,5,20,4,true
3,A100-SXM4-80GB-suitesparse_all-fp64-n64-row-major-cuSPARSE-SpMM-CSR-solve-only,cuSPARSE-SpMM-CSR-best-solve-only,cuSPARSE CUDA 13.4.1 CSR PER MATRIX BEST,per-matrix-best,cuSPARSE-SpMM-CSR,best,solve-only,"csr-alg1,csr-alg2,csr-alg3,csr-default",manual-selection,csr,CUSPARSE_SPMM_CSR_ALG3,library-preprocess,spmm.csr.fp64,fp64,A100-SXM4-80GB,A100-SXM4-80GB,,9700.0,0edb0287-e1df-52fd-b14b-f9e504b96222,suitesparse_all,HB/can_715,can_715,715,715,6665,64,row-major,N,N,1.0,0.0,20260922,main,pass,pass,0,0,853120.0,0.05109,0.0156159996986,0.0667059996986,0.0181704996986,54.631148595403964,12.78925439772556,46.95082766852753,0.5632077174783914,0.13184798348170682,0.4840291512219333,cuSPARSE 12.8.6,CUDA,13040,13000,2026-10-07T20:01:28.826789+00:00,derived,csr-alg3,0,0,,,,5,20,4,true
3,A100-SXM4-80GB-suitesparse_all-fp64-n64-row-major-cuSPARSE-SpMM-CSR-solve-only,cuSPARSE-SpMM-CSR-best-solve-only,cuSPARSE CUDA 13.4.1 CSR PER MATRIX BEST,per-matrix-best,cuSPARSE-SpMM-CSR,best,solve-only,"csr-alg1,csr-alg2,csr-alg3,csr-default",manual-selection,csr,CUSPARSE_SPMM_CSR_ALG3,library-preprocess,spmm.csr.fp64,fp64,A100-SXM4-80GB,A100-SXM4-80GB,,9700.0,1cb4d392-df77-5092-a407-ab8ee1286933,suitesparse_all,HB/cegb2919,cegb2919,2919,2919,321543,64,row-major,N,N,1.0,0.0,20260922,main,pass,pass,0,0,41157504.0,0.08669,0.0481279999018,0.134817999902,0.0524624999018,855.1675549363666,305.2819655381153,784.5128249137795,8.816160360168727,3.1472367581249,8.087761081585356,cuSPARSE 12.8.6,CUDA,13040,13000,2026-10-08T00:59:26.225343+00:00,derived,csr-alg3,0,0,,,,5,20,4,true
3,A100-SXM4-80GB-suitesparse_all-fp64-n64-row-major-cuSPARSE-SpMM-CSR-solve-only,cuSPARSE-SpMM-CSR-best-solve-only,cuSPARSE CUDA 13.4.1 CSR PER MATRIX BEST,per-matrix-best,cuSPARSE-SpMM-CSR,best,solve-only,"csr-alg1,csr-alg2,csr-alg3,csr-default",manual-selection,csr,CUSPARSE_SPMM_CSR_ALG3,library-preprocess,spmm.csr.fp64,fp64,A100-SXM4-80GB,A100-SXM4-80GB,,9700.0,df7f742d-c1c4-51c9-b7da-d151d8293f2c,suitesparse_all,HB/cegb3024,cegb3024,3024,3024,79848,64,row-major,N,N,1.0,0.0,20260922,main,pass,pass,0,0,10220544.0,0.08102,0.0168960005045,0.0979160005045,0.0209470005045,604.9090728470272,104.38073396931982,487.9239869118417,6.236176008732239,1.076090040920823,5.03014419496744,cuSPARSE 12.8.6,CUDA,13040,13000,2026-10-08T22:52:13.630372+00:00,derived,csr-alg3,0,0,,,,5,20,4,true
3,A100-SXM4-80GB-suitesparse_all-fp64-n64-row-major-cuSPARSE-SpMM-CSR-solve-only,cuSPARSE-SpMM-CSR-best-solve-only,cuSPARSE CUDA 13.4.1 CSR PER MATRIX BEST,per-matrix-best,cuSPARSE-SpMM-CSR,best,solve-only,"csr-alg1,csr-alg2,csr-alg3,csr-default",manual-selection,csr,CUSPARSE_SPMM_CSR_ALG3,library-preprocess,spmm.csr.fp64,fp64,A100-SXM4-80GB,A100-SXM4-80GB,,9700.0,1cb4d392-df77-5092-a407-ab8ee1286933,suitesparse_all,HB/dwt_1005,dwt_1005,1005,1005,8621,64,row-major,N,N,1.0,0.0,20260922,main,pass,pass,0,0,1103488.0,0.05801,0.00839679986238,0.0664067998624,0.0112972998624,131.4176850807095,16.61709346462278,97.677145286075,1.3548214956774174,0.17131024190332764,1.0069808792378867,cuSPARSE 12.8.6,CUDA,13040,13000,2026-10-08T00:55:06.434870+00:00,derived,csr-alg3,0,0,,,,5,20,4,true
3,A100-SXM4-80GB-suitesparse_all-fp64-n64-row-major-cuSPARSE-SpMM-CSR-solve-only,cuSPARSE-SpMM-CSR-best-solve-only,cuSPARSE CUDA 13.4.1 CSR PER MATRIX BEST,per-matrix-best,cuSPARSE-SpMM-CSR,best,solve-only,"csr-alg1,csr-alg2,csr-alg3,csr-default",manual-selection,csr,CUSPARSE_SPMM_CSR_ALG3,library-preprocess,spmm.csr.fp64,fp64,A100-SXM4-80GB,A100-SXM4-80GB,,9700.0,df7f742d-c1c4-51c9-b7da-d151d8293f2c,suitesparse_all,HB/dwt_1007,dwt_1007,1007,1007,8575,64,row-major,N,N,1.0,0.0,20260922,main,pass,pass,0,0,1097600.0,0.05427,0.00701439976692,0.0612843997669,0.00972789976692,156.47810738935866,17.90994126033391,112.83010992078887,1.613176364838749,0.184638569694164,1.163197009492669,cuSPARSE 12.8.6,CUDA,13040,13000,2026-10-08T22:47:30.581237+00:00,derived,csr-alg3,0,0,,,,5,20,4,true
3,A100-SXM4-80GB-suitesparse_all-fp64-n64-row-major-cuSPARSE-SpMM-CSR-solve-only,cuSPARSE-SpMM-CSR-best-solve-only,cuSPARSE CUDA 13.4.1 CSR PER MATRIX BEST,per-matrix-best,cuSPARSE-SpMM-CSR,best,solve-only,"csr-alg1,csr-alg2,csr-alg3,csr-default",manual-selection,csr,CUSPARSE_SPMM_CSR_ALG3,library-preprocess,spmm.csr.fp64,fp64,A100-SXM4-80GB,A100-SXM4-80GB,,9700.0,0edb0287-e1df-52fd-b14b-f9e504b96222,suitesparse_all,HB/dwt_162,dwt_162,162,162,1182,64,row-major,N,N,1.0,0.0,20260922,main,pass,pass,0,0,151296.0,0.05082,0.00583680011332,0.0566568001133,0.00837780011332,25.92105212832826,2.670394369209774,18.059156097488177,0.2672273415291573,0.027529838857832722,0.18617686698441419,cuSPARSE 12.8.6,CUDA,13040,13000,2026-10-07T20:01:29.449790+00:00,derived,csr-alg3,0,0,,,,5,20,4,true
3,A100-SXM4-80GB-suitesparse_all-fp64-n64-row-major-cuSPARSE-SpMM-CSR-solve-only,cuSPARSE-SpMM-CSR-best-solve-only,cuSPARSE CUDA 13.4.1 CSR PER MATRIX BEST,per-matrix-best,cuSPARSE-SpMM-CSR,best,solve-only,"csr-alg1,csr-alg2,csr-alg3,csr-default",manual-selection,csr,CUSPARSE_SPMM_CSR_ALG3,library-preprocess,spmm.csr.fp64,fp64,A100-SXM4-80GB,A100-SXM4-80GB,,9700.0,1cb4d392-df77-5092-a407-ab8ee1286933,suitesparse_all,HB/dwt_234,dwt_234,234,234,834,64,row-major,N,N,1.0,0.0,20260922,main,pass,pass,0,0,106752.0,0.05604,0.00593920014799,0.061979200148,0.00874120014799,17.97413748316396,1.7223842796468354,12.212510661313155,0.18530038642437074,0.017756538965431293,0.125902171766115,cuSPARSE 12.8.6,CUDA,13040,13000,2026-10-08T00:55:07.024684+00:00,derived,csr-alg3,0,0,,,,5,20,4,true
3,A100-SXM4-80GB-suitesparse_all-fp64-n64-row-major-cuSPARSE-SpMM-CSR-solve-only,cuSPARSE-SpMM-CSR-best-solve-only,cuSPARSE CUDA 13.4.1 CSR PER MATRIX BEST,per-matrix-best,cuSPARSE-SpMM-CSR,best,solve-only,"csr-alg1,csr-alg2,csr-alg3,csr-default",manual-selection,csr,CUSPARSE_SPMM_CSR_ALG3,library-preprocess,spmm.csr.fp64,fp64,A100-SXM4-80GB,A100-SXM4-80GB,,9700.0,df7f742d-c1c4-51c9-b7da-d151d8293f2c,suitesparse_all,HB/dwt_245,dwt_245,245,245,1461,64,row-major,N,N,1.0,0.0,20260922,main,pass,pass,0,0,187008.0,0.0595,0.00599040016532,0.0654904001653,0.00896540016532,31.21794785641174,2.8555024786531376,20.858857000425385,0.3218345139836262,0.029438169883022038,0.21503976289098337,cuSPARSE 12.8.6,CUDA,13040,13000,2026-10-08T22:47:31.292765+00:00,derived,csr-alg3,0,0,,,,5,20,4,true
3,A100-SXM4-80GB-suitesparse_all-fp64-n64-row-major-cuSPARSE-SpMM-CSR-solve-only,cuSPARSE-SpMM-CSR-best-solve-only,cuSPARSE CUDA 13.4.1 CSR PER MATRIX BEST,per-matrix-best,cuSPARSE-SpMM-CSR,best,solve-only,"csr-alg1,csr-alg2,csr-alg3,csr-default",manual-selection,csr,CUSPARSE_SPMM_CSR_ALG3,library-preprocess,spmm.csr.fp64,fp64,A100-SXM4-80GB,A100-SXM4-80GB,,9700.0,0edb0287-e1df-52fd-b14b-f9e504b96222,suitesparse_all,HB/dwt_307,dwt_307,307,307,2523,64,row-major,N,N,1.0,0.0,20260922,main,pass,pass,0,0,322944.0,0.05222,0.00593920014799,0.058159200148,0.00855020014799,54.37499864511112,5.552758620789001,37.77034389960081,0.5605669963413518,0.05724493423493816,0.38938498865567844,cuSPARSE 12.8.6,CUDA,13040,13000,2026-10-07T20:01:30.074824+00:00,derived,csr-alg3,0,0,,,,5,20,4,true
3,A100-SXM4-80GB-suitesparse_all-fp64-n64-row-major-cuSPARSE-SpMM-CSR-solve-only,cuSPARSE-SpMM-CSR-best-solve-only,cuSPARSE CUDA 13.4.1 CSR PER MATRIX BEST,per-matrix-best,cuSPARSE-SpMM-CSR,best,solve-only,"csr-alg1,csr-alg2,csr-alg3,csr-default",manual-selection,csr,CUSPARSE_SPMM_CSR_ALG3,library-preprocess,spmm.csr.fp64,fp64,A100-SXM4-80GB,A100-SXM4-80GB,,9700.0,1cb4d392-df77-5092-a407-ab8ee1286933,suitesparse_all,HB/dwt_492,dwt_492,492,492,3156,64,row-major,N,N,1.0,0.0,20260922,main,pass,pass,0,0,403968.0,0.05742,0.00624639987946,0.0636663998795,0.00911739987946,64.67213239555245,6.345073708652937,44.307368914472356,0.6667230143871387,0.06541313101704059,0.4567769991182717,cuSPARSE 12.8.6,CUDA,13040,13000,2026-10-08T00:55:07.653029+00:00,derived,csr-alg3,0,0,,,,5,20,4,true
3,A100-SXM4-80GB-suitesparse_all-fp64-n64-row-major-cuSPARSE-SpMM-CSR-solve-only,cuSPARSE-SpMM-CSR-best-solve-only,cuSPARSE CUDA 13.4.1 CSR PER MATRIX BEST,per-matrix-best,cuSPARSE-SpMM-CSR,best,solve-only,"csr-alg1,csr-alg2,csr-alg3,csr-default",manual-selection,csr,CUSPARSE_SPMM_CSR_ALG3,library-preprocess,spmm.csr.fp64,fp64,A100-SXM4-80GB,A100-SXM4-80GB,,9700.0,df7f742d-c1c4-51c9-b7da-d151d8293f2c,suitesparse_all,HB/dwt_503,dwt_503,503,503,6027,64,row-major,N,N,1.0,0.0,20260922,main,pass,pass,0,0,771456.0,0.06057,0.00783360004425,0.0684036000443,0.0108621000443,98.48039160057223,11.278002904823495,71.02273012158726,1.015261769078064,0.11626807118374737,0.732193094036982,cuSPARSE 12.8.6,CUDA,13040,13000,2026-10-08T22:47:31.996082+00:00,derived,csr-alg3,0,0,,,,5,20,4,true
3,A100-SXM4-80GB-suitesparse_all-fp64-n64-row-major-cuSPARSE-SpMM-CSR-solve-only,cuSPARSE-SpMM-CSR-best-solve-only,cuSPARSE CUDA 13.4.1 CSR PER MATRIX BEST,per-matrix-best,cuSPARSE-SpMM-CSR,best,solve-only,"csr-alg1,csr-alg2,csr-alg3,csr-default",manual-selection,csr,CUSPARSE_SPMM_CSR_ALG3,library-preprocess,spmm.csr.fp64,fp64,A100-SXM4-80GB,A100-SXM4-80GB,,9700.0,0edb0287-e1df-52fd-b14b-f9e504b96222,suitesparse_all,HB/dwt_59,dwt_59,59,59,267,64,row-major,N,N,1.0,0.0,20260922,main,pass,pass,0,0,34176.0,0.04721,0.00568320006132,0.0528932000613,0.00804370006132,6.013513448629532,0.6461322052814369,4.248790946885654,0.06199498400649002,0.006661156755478731,0.04380196852459437,cuSPARSE 12.8.6,CUDA,13040,13000,2026-10-07T20:01:30.679102+00:00,derived,csr-alg3,0,0,,,,5,20,4,true
3,A100-SXM4-80GB-suitesparse_all-fp64-n64-row-major-cuSPARSE-SpMM-CSR-solve-only,cuSPARSE-SpMM-CSR-best-solve-only,cuSPARSE CUDA 13.4.1 CSR PER MATRIX BEST,per-matrix-best,cuSPARSE-SpMM-CSR,best,solve-only,"csr-alg1,csr-alg2,csr-alg3,csr-default",manual-selection,csr,CUSPARSE_SPMM_CSR_ALG3,library-preprocess,spmm.csr.fp64,fp64,A100-SXM4-80GB,A100-SXM4-80GB,,9700.0,1cb4d392-df77-5092-a407-ab8ee1286933,suitesparse_all,HB/dwt_758,dwt_758,758,758,5994,64,row-major,N,N,1.0,0.0,20260922,main,pass,pass,0,0,767232.0,0.05724,0.00655359998345,0.0637935999835,0.00941559998345,117.07031279564113,12.026786389205846,81.48519492635414,1.2069104411921767,0.12398748854851388,0.8400535559417952,cuSPARSE 12.8.6,CUDA,13040,13000,2026-10-08T00:55:08.256059+00:00,derived,csr-alg3,0,0,,,,5,20,4,true
3,A100-SXM4-80GB-suitesparse_all-fp64-n64-row-major-cuSPARSE-SpMM-CSR-solve-only,cuSPARSE-SpMM-CSR-best-solve-only,cuSPARSE CUDA 13.4.1 CSR PER MATRIX BEST,per-matrix-best,cuSPARSE-SpMM-CSR,best,solve-only,"csr-alg1,csr-alg2,csr-alg3,csr-default",manual-selection,csr,CUSPARSE_SPMM_CSR_ALG3,library-preprocess,spmm.csr.fp64,fp64,A100-SXM4-80GB,A100-SXM4-80GB,,9700.0,df7f742d-c1c4-51c9-b7da-d151d8293f2c,suitesparse_all,HB/dwt_869,dwt_869,869,869,7285,64,row-major,N,N,1.0,0.0,20260922,main,pass,pass,0,0,932480.0,0.05332,0.00686080008745,0.0601808000875,0.00952680008745,135.9141773720711,15.494642787138403,97.87966488647008,1.4011770863100113,0.15973858543441652,1.0090687101697946,cuSPARSE 12.8.6,CUDA,13040,13000,2026-10-08T22:47:32.616188+00:00,derived,csr-alg3,0,0,,,,5,20,4,true
3,A100-SXM4-80GB-suitesparse_all-fp64-n64-row-major-cuSPARSE-SpMM-CSR-solve-only,cuSPARSE-SpMM-CSR-best-solve-only,cuSPARSE CUDA 13.4.1 CSR PER MATRIX BEST,per-matrix-best,cuSPARSE-SpMM-CSR,best,solve-only,"csr-alg1,csr-alg2,csr-alg3,csr-default",manual-selection,csr,CUSPARSE_SPMM_CSR_ALG3,library-preprocess,spmm.csr.fp64,fp64,A100-SXM4-80GB,A100-SXM4-80GB,,9700.0,0edb0287-e1df-52fd-b14b-f9e504b96222,suitesparse_all,HB/dwt_878,dwt_878,878,878,7448,64,row-major,N,N,1.0,0.0,20260922,main,pass,pass,0,0,953344.0,0.06072,0.00675840005279,0.0674784000528,0.00979440005279,141.0606049587788,14.128135807221787,97.33561982986734,1.4542330408121527,0.14565088461053388,1.003459998246055,cuSPARSE 12.8.6,CUDA,13040,13000,2026-10-07T20:01:31.307939+00:00,derived,csr-alg3,0,0,,,,5,20,4,true
3,A100-SXM4-80GB-suitesparse_all-fp64-n64-row-major-cuSPARSE-SpMM-CSR-solve-only,cuSPARSE-SpMM-CSR-best-solve-only,cuSPARSE CUDA 13.4.1 CSR PER MATRIX BEST,per-matrix-best,cuSPARSE-SpMM-CSR,best,solve-only,"csr-alg1,csr-alg2,csr-alg3,csr-default",manual-selection,csr,CUSPARSE_SPMM_CSR_ALG3,library-preprocess,spmm.csr.fp64,fp64,A100-SXM4-80GB,A100-SXM4-80GB,,9700.0,1cb4d392-df77-5092-a407-ab8ee1286933,suitesparse_all,HB/fs_183_3,fs_183_3,183,183,1069,64,row-major,N,N,1.0,0.0,20260922,main,pass,pass,0,0,136832.0,0.05568,0.0105984002352,0.0662784002352,0.0133824002352,12.910627732810648,2.0645036620441766,10.224772656259974,0.13309925497742936,0.021283542907671923,0.10541002738412344,cuSPARSE 12.8.6,CUDA,13040,13000,2026-10-08T00:55:08.857821+00:00,derived,csr-alg3,0,0,,,,5,20,4,true
3,A100-SXM4-80GB-suitesparse_all-fp64-n64-row-major-cuSPARSE-SpMM-CSR-solve-only,cuSPARSE-SpMM-CSR-best-solve-only,cuSPARSE CUDA 13.4.1 CSR PER MATRIX BEST,per-matrix-best,cuSPARSE-SpMM-CSR,best,solve-only,"csr-alg1,csr-alg2,csr-alg3,csr-default",manual-selection,csr,CUSPARSE_SPMM_CSR_ALG3,library-preprocess,spmm.csr.fp64,fp64,A100-SXM4-80GB,A100-SXM4-80GB,,9700.0,df7f742d-c1c4-51c9-b7da-d151d8293f2c,suitesparse_all,HB/fs_183_4,fs_183_4,183,183,1069,64,row-major,N,N,1.0,0.0,20260922,main,pass,pass,0,0,136832.0,0.06042,0.0104960002005,0.0709160002005,0.0135170002005,13.036585116822092,1.929494043842524,10.122956127124901,0.1343977847095061,0.01989169117363427,0.10436037244458661,cuSPARSE 12.8.6,CUDA,13040,13000,2026-10-08T22:47:33.252145+00:00,derived,csr-alg3,0,0,,,,5,20,4,true
3,A100-SXM4-80GB-suitesparse_all-fp64-n64-row-major-cuSPARSE-SpMM-CSR-solve-only,cuSPARSE-SpMM-CSR-best-solve-only,cuSPARSE CUDA 13.4.1 CSR PER MATRIX BEST,per-matrix-best,cuSPARSE-SpMM-CSR,best,solve-only,"csr-alg1,csr-alg2,csr-alg3,csr-default",manual-selection,csr,CUSPARSE_SPMM_CSR_ALG3,library-preprocess,spmm.csr.fp64,fp64,A100-SXM4-80GB,A100-SXM4-80GB,,9700.0,0edb0287-e1df-52fd-b14b-f9e504b96222,suitesparse_all,HB/fs_541_1,fs_541_1,541,541,4285,64,row-major,N,N,1.0,0.0,20260922,main,pass,pass,0,0,548480.0,0.05168,0.00634879991412,0.0580287999141,0.00893279991412,86.39113020086792,9.451858401550862,61.400681227956575,0.8906302082563704,0.097441839191246,0.632996713690274,cuSPARSE 12.8.6,CUDA,13040,13000,2026-10-07T20:01:31.954876+00:00,derived,csr-alg3,0,0,,,,5,20,4,true
3,A100-SXM4-80GB-suitesparse_all-fp64-n64-row-major-cuSPARSE-SpMM-CSR-solve-only,cuSPARSE-SpMM-CSR-best-solve-only,cuSPARSE CUDA 13.4.1 CSR PER MATRIX BEST,per-matrix-best,cuSPARSE-SpMM-CSR,best,solve-only,"csr-alg1,csr-alg2,csr-alg3,csr-default",manual-selection,csr,CUSPARSE_SPMM_CSR_ALG3,library-preprocess,spmm.csr.fp64,fp64,A100-SXM4-80GB,A100-SXM4-80GB,,9700.0,1cb4d392-df77-5092-a407-ab8ee1286933,suitesparse_all,HB/fs_680_2,fs_680_2,680,680,2646,64,row-major,N,N,1.0,0.0,20260922,main,pass,pass,0,0,338688.0,0.05717,0.00624639987946,0.0634163998795,0.00910489987946,54.22131252174645,5.340700522949181,37.198432106217425,0.5589826033169737,0.0550587682778266,0.38348899078574666,cuSPARSE 12.8.6,CUDA,13040,13000,2026-10-08T00:55:09.464811+00:00,derived,csr-alg3,0,0,,,,5,20,4,true
3,A100-SXM4-80GB-suitesparse_all-fp64-n64-row-major-cuSPARSE-SpMM-CSR-solve-only,cuSPARSE-SpMM-CSR-best-solve-only,cuSPARSE CUDA 13.4.1 CSR PER MATRIX BEST,per-matrix-best,cuSPARSE-SpMM-CSR,best,solve-only,"csr-alg1,csr-alg2,csr-alg3,csr-default",manual-selection,csr,CUSPARSE_SPMM_CSR_ALG3,library-preprocess,spmm.csr.fp64,fp64,A100-SXM4-80GB,A100-SXM4-80GB,,9700.0,df7f742d-c1c4-51c9-b7da-d151d8293f2c,suitesparse_all,HB/fs_680_3,fs_680_3,680,680,2646,64,row-major,N,N,1.0,0.0,20260922,main,pass,pass,0,0,338688.0,0.05302,0.00619519986212,0.0592151998621,0.00884619986212,54.6694227043227,5.71961254523728,38.28627040750955,0.5636022959208526,0.058965077785951336,0.3947038186341191,cuSPARSE 12.8.6,CUDA,13040,13000,2026-10-08T22:47:33.883612+00:00,derived,csr-alg3,0,0,,,,5,20,4,true
3,A100-SXM4-80GB-suitesparse_all-fp64-n64-row-major-cuSPARSE-SpMM-CSR-solve-only,cuSPARSE-SpMM-CSR-best-solve-only,cuSPARSE CUDA 13.4.1 CSR PER MATRIX BEST,per-matrix-best,cuSPARSE-SpMM-CSR,best,solve-only,"csr-alg1,csr-alg2,csr-alg3,csr-default",manual-selection,csr,CUSPARSE_SPMM_CSR_ALG3,library-preprocess,spmm.csr.fp64,fp64,A100-SXM4-80GB,A100-SXM4-80GB,,9700.0,0edb0287-e1df-52fd-b14b-f9e504b96222,suitesparse_all,HB/fs_760_2,fs_760_2,760,760,5976,64,row-major,N,N,1.0,0.0,20260922,main,pass,pass,0,0,764928.0,0.053569,0.00727040022612,0.0608394002261,0.00994885022612,105.21126433341067,12.572905011510077,76.88607051212168,1.0846522096227904,0.1296175774382482,0.7926399021868215,cuSPARSE 12.8.6,CUDA,13040,13000,2026-10-07T20:01:32.593710+00:00,derived,csr-alg3,0,0,,,,5,20,4,true
3,A100-SXM4-80GB-suitesparse_all-fp64-n64-row-major-cuSPARSE-SpMM-CSR-solve-only,cuSPARSE-SpMM-CSR-best-solve-only,cuSPARSE CUDA 13.4.1 CSR PER MATRIX BEST,per-matrix-best,cuSPARSE-SpMM-CSR,best,solve-only,"csr-alg1,csr-alg2,csr-alg3,csr-default",manual-selection,csr,CUSPARSE_SPMM_CSR_ALG3,library-preprocess,spmm.csr.fp64,fp64,A100-SXM4-80GB,A100-SXM4-80GB,,9700.0,1cb4d392-df77-5092-a407-ab8ee1286933,suitesparse_all,HB/gent113,gent113,113,113,655,64,row-major,N,N,1.0,0.0,20260922,main,pass,pass,0,0,83840.0,0.05604,0.00624639987946,0.0622863998795,0.00904839987946,13.42213140655477,1.346040229684134,9.26572666072352,0.13837248872736876,0.013876703398805505,0.09552295526519092,cuSPARSE 12.8.6,CUDA,13040,13000,2026-10-08T00:55:10.055763+00:00,derived,csr-alg3,0,0,,,,5,20,4,true
3,A100-SXM4-80GB-suitesparse_all-fp64-n64-row-major-cuSPARSE-SpMM-CSR-solve-only,cuSPARSE-SpMM-CSR-best-solve-only,cuSPARSE CUDA 13.4.1 CSR PER MATRIX BEST,per-matrix-best,cuSPARSE-SpMM-CSR,best,solve-only,"csr-alg1,csr-alg2,csr-alg3,csr-default",manual-selection,csr,CUSPARSE_SPMM_CSR_ALG3,library-preprocess,spmm.csr.fp64,fp64,A100-SXM4-80GB,A100-SXM4-80GB,,9700.0,df7f742d-c1c4-51c9-b7da-d151d8293f2c,suitesparse_all,HB/gr_30_30,gr_30_30,900,900,7744,64,row-major,N,N,1.0,0.0,20260922,main,pass,pass,0,0,991232.0,0.05414,0.00675840005279,0.0608984000528,0.00946540005279,146.66666552105036,16.276815140308845,104.72161709719038,1.5120274795984572,0.1678022179413283,1.079604299971035,cuSPARSE 12.8.6,CUDA,13040,13000,2026-10-08T22:47:34.512042+00:00,derived,csr-alg3,0,0,,,,5,20,4,true
3,A100-SXM4-80GB-suitesparse_all-fp64-n64-row-major-cuSPARSE-SpMM-CSR-solve-only,cuSPARSE-SpMM-CSR-best-solve-only,cuSPARSE CUDA 13.4.1 CSR PER MATRIX BEST,per-matrix-best,cuSPARSE-SpMM-CSR,best,solve-only,"csr-alg1,csr-alg2,csr-alg3,csr-default",manual-selection,csr,CUSPARSE_SPMM_CSR_ALG3,library-preprocess,spmm.csr.fp64,fp64,A100-SXM4-80GB,A100-SXM4-80GB,,9700.0,0edb0287-e1df-52fd-b14b-f9e504b96222,suitesparse_all,HB/gre_115,gre_115,115,115,421,64,row-major,N,N,1.0,0.0,20260922,main,pass,pass,0,0,53888.0,0.05136,0.00568320006132,0.0570432000613,0.00825120006132,9.481981879674281,0.9446875340459625,6.530928786058204,0.097752390512106,0.009739046742741881,0.06732916274286807,cuSPARSE 12.8.6,CUDA,13040,13000,2026-10-07T20:01:33.214773+00:00,derived,csr-alg3,0,0,,,,5,20,4,true
3,A100-SXM4-80GB-suitesparse_all-fp64-n64-row-major-cuSPARSE-SpMM-CSR-solve-only,cuSPARSE-SpMM-CSR-best-solve-only,cuSPARSE CUDA 13.4.1 CSR PER MATRIX BEST,per-matrix-best,cuSPARSE-SpMM-CSR,best,solve-only,"csr-alg1,csr-alg2,csr-alg3,csr-default",manual-selection,csr,CUSPARSE_SPMM_CSR_ALG3,library-preprocess,spmm.csr.fp64,fp64,A100-SXM4-80GB,A100-SXM4-80GB,,9700.0,1cb4d392-df77-5092-a407-ab8ee1286933,suitesparse_all,HB/gre_512,gre_512,512,512,2192,64,row-major,N,N,1.0,0.0,20260922,main,pass,pass,0,0,280576.0,0.05327,0.00614399984479,0.0594139998448,0.00880749984479,45.666667820300056,4.722388674940497,31.856486510865203,0.47079038990000055,0.04868441932928347,0.3284173867099506,cuSPARSE 12.8.6,CUDA,13040,13000,2026-10-08T00:55:10.658197+00:00,derived,csr-alg3,0,0,,,,5,20,4,true
3,A100-SXM4-80GB-suitesparse_all-fp64-n64-row-major-cuSPARSE-SpMM-CSR-solve-only,cuSPARSE-SpMM-CSR-best-solve-only,cuSPARSE CUDA 13.4.1 CSR PER MATRIX BEST,per-matrix-best,cuSPARSE-SpMM-CSR,best,solve-only,"csr-alg1,csr-alg2,csr-alg3,csr-default",manual-selection,csr,CUSPARSE_SPMM_CSR_ALG3,library-preprocess,spmm.csr.fp64,fp64,A100-SXM4-80GB,A100-SXM4-80GB,,9700.0,df7f742d-c1c4-51c9-b7da-d151d8293f2c,suitesparse_all,HB/hor_131,hor_131,434,434,4710,64,row-major,N,N,1.0,0.0,20260922,main,pass,pass,0,0,602880.0,0.05259,0.00839679986238,0.0609867998624,0.0110262998624,71.79878166455653,9.885417850423918,54.67654675852215,0.7401936254077992,0.10191152423117442,0.5636757397785789,cuSPARSE 12.8.6,CUDA,13040,13000,2026-10-08T22:47:35.116689+00:00,derived,csr-alg3,0,0,,,,5,20,4,true
3,A100-SXM4-80GB-suitesparse_all-fp64-n64-row-major-cuSPARSE-SpMM-CSR-solve-only,cuSPARSE-SpMM-CSR-best-solve-only,cuSPARSE CUDA 13.4.1 CSR PER MATRIX BEST,per-matrix-best,cuSPARSE-SpMM-CSR,best,solve-only,"csr-alg1,csr-alg2,csr-alg3,csr-default",manual-selection,csr,CUSPARSE_SPMM_CSR_ALG3,library-preprocess,spmm.csr.fp64,fp64,A100-SXM4-80GB,A100-SXM4-80GB,,9700.0,0edb0287-e1df-52fd-b14b-f9e504b96222,suitesparse_all,HB/illc1033,illc1033,1033,320,4732,64,row-major,N,N,1.0,0.0,20260922,main,pass,pass,0,0,605696.0,0.04764,0.00675840005279,0.0543984000528,0.00914040005279,89.62121142117901,11.13444511993186,66.26580855343617,0.9239300146513301,0.11478809401991608,0.683152665499342,cuSPARSE 12.8.6,CUDA,13040,13000,2026-10-07T20:01:33.878242+00:00,derived,csr-alg3,0,0,,,,5,20,4,true
3,A100-SXM4-80GB-suitesparse_all-fp64-n64-row-major-cuSPARSE-SpMM-CSR-solve-only,cuSPARSE-SpMM-CSR-best-solve-only,cuSPARSE CUDA 13.4.1 CSR PER MATRIX BEST,per-matrix-best,cuSPARSE-SpMM-CSR,best,solve-only,"csr-alg1,csr-alg2,csr-alg3,csr-default",manual-selection,csr,CUSPARSE_SPMM_CSR_ALG3,library-preprocess,spmm.csr.fp64,fp64,A100-SXM4-80GB,A100-SXM4-80GB,,9700.0,1cb4d392-df77-5092-a407-ab8ee1286933,suitesparse_all,HB/impcol_d,impcol_d,425,425,1339,64,row-major,N,N,1.0,0.0,20260922,main,pass,pass,0,0,171392.0,0.056,0.00614399984479,0.0621439998448,0.00894399984479,27.89583403803913,2.75798146929774,19.162791030216546,0.2875859179179292,0.02843279865255402,0.19755454670326333,cuSPARSE 12.8.6,CUDA,13040,13000,2026-10-08T00:55:11.255824+00:00,derived,csr-alg3,0,0,,,,5,20,4,true
3,A100-SXM4-80GB-suitesparse_all-fp64-n64-row-major-cuSPARSE-SpMM-CSR-solve-only,cuSPARSE-SpMM-CSR-best-solve-only,cuSPARSE CUDA 13.4.1 CSR PER MATRIX BEST,per-matrix-best,cuSPARSE-SpMM-CSR,best,solve-only,"csr-alg1,csr-alg2,csr-alg3,csr-default",manual-selection,csr,CUSPARSE_SPMM_CSR_ALG3,library-preprocess,spmm.csr.fp64,fp64,A100-SXM4-80GB,A100-SXM4-80GB,,9700.0,df7f742d-c1c4-51c9-b7da-d151d8293f2c,suitesparse_all,HB/impcol_e,impcol_e,225,225,1308,64,row-major,N,N,1.0,0.0,20260922,main,pass,pass,0,0,167424.0,0.05209,0.00604160018265,0.0581316001827,0.00864610018265,27.711863568993,2.8800858650683674,19.364105951023706,0.2856893151442577,0.029691606856374925,0.19962995825797636,cuSPARSE 12.8.6,CUDA,13040,13000,2026-10-08T22:47:35.739665+00:00,derived,csr-alg3,0,0,,,,5,20,4,true
3,A100-SXM4-80GB-suitesparse_all-fp64-n64-row-major-cuSPARSE-SpMM-CSR-solve-only,cuSPARSE-SpMM-CSR-best-solve-only,cuSPARSE CUDA 13.4.1 CSR PER MATRIX BEST,per-matrix-best,cuSPARSE-SpMM-CSR,best,solve-only,"csr-alg1,csr-alg2,csr-alg3,csr-default",manual-selection,csr,CUSPARSE_SPMM_CSR_ALG3,library-preprocess,spmm.csr.fp64,fp64,A100-SXM4-80GB,A100-SXM4-80GB,,9700.0,0edb0287-e1df-52fd-b14b-f9e504b96222,suitesparse_all,HB/jagmesh2,jagmesh2,1009,1009,6865,64,row-major,N,N,1.0,0.0,20260922,main,pass,pass,0,0,878720.0,0.0494,0.00701439976692,0.0564143997669,0.00948439976692,125.27372679043116,15.576165015152231,92.6489837622438,1.291481719488981,0.16057902077476527,0.9551441624973588,cuSPARSE 12.8.6,CUDA,13040,13000,2026-10-07T20:01:34.505534+00:00,derived,csr-alg3,0,0,,,,5,20,4,true
3,A100-SXM4-80GB-suitesparse_all-fp64-n64-row-major-cuSPARSE-SpMM-CSR-solve-only,cuSPARSE-SpMM-CSR-best-solve-only,cuSPARSE CUDA 13.4.1 CSR PER MATRIX BEST,per-matrix-best,cuSPARSE-SpMM-CSR,best,solve-only,"csr-alg1,csr-alg2,csr-alg3,csr-default",manual-selection,csr,CUSPARSE_SPMM_CSR_ALG3,library-preprocess,spmm.csr.fp64,fp64,A100-SXM4-80GB,A100-SXM4-80GB,,9700.0,1cb4d392-df77-5092-a407-ab8ee1286933,suitesparse_all,HB/jagmesh7,jagmesh7,1138,1138,7450,64,row-major,N,N,1.0,0.0,20260922,main,pass,pass,0,0,953600.0,0.05116,0.00716800019145,0.0583280001915,0.00972600019145,133.03571073246556,16.348923276456954,98.04647144036633,1.371502172499645,0.16854560078821604,1.0107883653646015,cuSPARSE 12.8.6,CUDA,13040,13000,2026-10-08T00:55:11.902189+00:00,derived,csr-alg3,0,0,,,,5,20,4,true
3,A100-SXM4-80GB-suitesparse_all-fp64-n64-row-major-cuSPARSE-SpMM-CSR-solve-only,cuSPARSE-SpMM-CSR-best-solve-only,cuSPARSE CUDA 13.4.1 CSR PER MATRIX BEST,per-matrix-best,cuSPARSE-SpMM-CSR,best,solve-only,"csr-alg1,csr-alg2,csr-alg3,csr-default",manual-selection,csr,CUSPARSE_SPMM_CSR_ALG3,library-preprocess,spmm.csr.fp64,fp64,A100-SXM4-80GB,A100-SXM4-80GB,,9700.0,df7f742d-c1c4-51c9-b7da-d151d8293f2c,suitesparse_all,HB/jagmesh8,jagmesh8,1141,1141,7465,64,row-major,N,N,1.0,0.0,20260922,main,pass,pass,0,0,955520.0,0.05665,0.00706560015678,0.0637156001568,0.00989810015678,135.2355042456094,14.996641287981697,96.53569724140323,1.3941804561403033,0.15460454936063606,0.9952133736227137,cuSPARSE 12.8.6,CUDA,13040,13000,2026-10-08T22:47:36.563817+00:00,derived,csr-alg3,0,0,,,,5,20,4,true
3,A100-SXM4-80GB-suitesparse_all-fp64-n64-row-major-cuSPARSE-SpMM-CSR-solve-only,cuSPARSE-SpMM-CSR-best-solve-only,cuSPARSE CUDA 13.4.1 CSR PER MATRIX BEST,per-matrix-best,cuSPARSE-SpMM-CSR,best,solve-only,"csr-alg1,csr-alg2,csr-alg3,csr-default",manual-selection,csr,CUSPARSE_SPMM_CSR_ALG3,library-preprocess,spmm.csr.fp64,fp64,A100-SXM4-80GB,A100-SXM4-80GB,,9700.0,0edb0287-e1df-52fd-b14b-f9e504b96222,suitesparse_all,HB/jgl009,jgl009,9,9,50,64,row-major,N,N,1.0,0.0,20260922,main,pass,pass,0,0,6400.0,0.04879,0.00563200004399,0.054422000044,0.00807150004399,1.1363636274878133,0.11759950010704535,0.792913332728705,0.011715088943173333,0.0012123659804850037,0.008174364254935102,cuSPARSE 12.8.6,CUDA,13040,13000,2026-10-07T20:01:35.153900+00:00,derived,csr-alg3,0,0,,,,5,20,4,true
3,A100-SXM4-80GB-suitesparse_all-fp64-n64-row-major-cuSPARSE-SpMM-CSR-solve-only,cuSPARSE-SpMM-CSR-best-solve-only,cuSPARSE CUDA 13.4.1 CSR PER MATRIX BEST,per-matrix-best,cuSPARSE-SpMM-CSR,best,solve-only,"csr-alg1,csr-alg2,csr-alg3,csr-default",manual-selection,csr,CUSPARSE_SPMM_CSR_ALG3,library-preprocess,spmm.csr.fp64,fp64,A100-SXM4-80GB,A100-SXM4-80GB,,9700.0,0edb0287-e1df-52fd-b14b-f9e504b96222,suitesparse_all,HB/lap_25,lap_25,25,25,169,64,row-major,N,N,1.0,0.0,20260922,main,pass,pass,0,0,21632.0,0.04926,0.00563200004399,0.054892000044,0.00809500004399,3.840909060908809,0.39408292615791646,2.672266816855711,0.03959700062792587,0.004062710578947592,0.027549142441811454,cuSPARSE 12.8.6,CUDA,13040,13000,2026-10-07T20:06:30.883741+00:00,derived,csr-alg3,0,0,,,,5,20,4,true
3,A100-SXM4-80GB-suitesparse_all-fp64-n64-row-major-cuSPARSE-SpMM-CSR-solve-only,cuSPARSE-SpMM-CSR-best-solve-only,cuSPARSE CUDA 13.4.1 CSR PER MATRIX BEST,per-matrix-best,cuSPARSE-SpMM-CSR,best,solve-only,"csr-alg1,csr-alg2,csr-alg3,csr-default",manual-selection,csr,CUSPARSE_SPMM_CSR_ALG3,library-preprocess,spmm.csr.fp64,fp64,A100-SXM4-80GB,A100-SXM4-80GB,,9700.0,1cb4d392-df77-5092-a407-ab8ee1286933,suitesparse_all,HB/lns_511,lns_511,511,511,2796,64,row-major,N,N,1.0,0.0,20260922,main,pass,pass,0,0,357888.0,0.05601,0.00624639987946,0.0622563998795,0.00904689987946,57.29508307286586,5.7486138082624105,39.55918654660318,0.590670959514081,0.05926405987899393,0.4078266654288987,cuSPARSE 12.8.6,CUDA,13040,13000,2026-10-08T00:55:12.506248+00:00,derived,csr-alg3,0,0,,,,5,20,4,true
3,A100-SXM4-80GB-suitesparse_all-fp64-n64-row-major-cuSPARSE-SpMM-CSR-solve-only,cuSPARSE-SpMM-CSR-best-solve-only,cuSPARSE CUDA 13.4.1 CSR PER MATRIX BEST,per-matrix-best,cuSPARSE-SpMM-CSR,best,solve-only,"csr-alg1,csr-alg2,csr-alg3,csr-default",manual-selection,csr,CUSPARSE_SPMM_CSR_ALG3,library-preprocess,spmm.csr.fp64,fp64,A100-SXM4-80GB,A100-SXM4-80GB,,9700.0,0edb0287-e1df-52fd-b14b-f9e504b96222,suitesparse_all,HB/lnsp_511,lnsp_511,511,511,2796,64,row-major,N,N,1.0,0.0,20260922,main,pass,pass,0,0,357888.0,0.05582,0.00619519986212,0.0620151998621,0.00898619986212,57.76859632701673,5.770972290596774,39.82640109181458,0.5955525394537807,0.05949455969687396,0.4105814545547895,cuSPARSE 12.8.6,CUDA,13040,13000,2026-10-07T20:01:35.776905+00:00,derived,csr-alg3,0,0,,,,5,20,4,true
3,A100-SXM4-80GB-suitesparse_all-fp64-n64-row-major-cuSPARSE-SpMM-CSR-solve-only,cuSPARSE-SpMM-CSR-best-solve-only,cuSPARSE CUDA 13.4.1 CSR PER MATRIX BEST,per-matrix-best,cuSPARSE-SpMM-CSR,best,solve-only,"csr-alg1,csr-alg2,csr-alg3,csr-default",manual-selection,csr,CUSPARSE_SPMM_CSR_ALG3,library-preprocess,spmm.csr.fp64,fp64,A100-SXM4-80GB,A100-SXM4-80GB,,9700.0,df7f742d-c1c4-51c9-b7da-d151d8293f2c,suitesparse_all,HB/lnsp3937,lnsp3937,3937,3937,25407,64,row-major,N,N,1.0,0.0,20260922,main,pass,pass,0,0,3252096.0,0.06432,0.0124927997589,0.0768127997589,0.0157087997589,260.3176279747198,42.33794380894432,207.023836952119,2.6836868863373176,0.4364736475148899,2.134266360331124,cuSPARSE 12.8.6,CUDA,13040,13000,2026-10-08T22:47:37.518129+00:00,derived,csr-alg3,0,0,,,,5,20,4,true
3,A100-SXM4-80GB-suitesparse_all-fp64-n64-row-major-cuSPARSE-SpMM-CSR-solve-only,cuSPARSE-SpMM-CSR-best-solve-only,cuSPARSE CUDA 13.4.1 CSR PER MATRIX BEST,per-matrix-best,cuSPARSE-SpMM-CSR,best,solve-only,"csr-alg1,csr-alg2,csr-alg3,csr-default",manual-selection,csr,CUSPARSE_SPMM_CSR_ALG3,library-preprocess,spmm.csr.fp64,fp64,A100-SXM4-80GB,A100-SXM4-80GB,,9700.0,1cb4d392-df77-5092-a407-ab8ee1286933,suitesparse_all,HB/lshp2233,lshp2233,2233,2233,15337,64,row-major,N,N,1.0,0.0,20260922,main,pass,pass,0,0,1963136.0,0.0609,0.00967679992318,0.0705767999232,0.0127217999232,202.87037198087202,27.815599490714202,154.31275541599612,2.091447133823423,0.28675875763622893,1.590853148618517,cuSPARSE 12.8.6,CUDA,13040,13000,2026-10-08T00:55:13.143509+00:00,derived,csr-alg3,0,0,,,,5,20,4,true
3,A100-SXM4-80GB-suitesparse_all-fp64-n64-row-major-cuSPARSE-SpMM-CSR-solve-only,cuSPARSE-SpMM-CSR-best-solve-only,cuSPARSE CUDA 13.4.1 CSR PER MATRIX BEST,per-matrix-best,cuSPARSE-SpMM-CSR,best,solve-only,"csr-alg1,csr-alg2,csr-alg3,csr-default",manual-selection,csr,CUSPARSE_SPMM_CSR_ALG3,library-preprocess,spmm.csr.fp64,fp64,A100-SXM4-80GB,A100-SXM4-80GB,,9700.0,df7f742d-c1c4-51c9-b7da-d151d8293f2c,suitesparse_all,HB/lshp2614,lshp2614,2614,2614,17980,64,row-major,N,N,1.0,0.0,20260922,main,pass,pass,0,0,2301440.0,0.0602,0.00977919995785,0.0699791999578,0.0127891999578,235.34031515048207,32.887486587269535,179.95183495402117,2.4261888159843514,0.3390462534770055,1.8551735562270224,cuSPARSE 12.8.6,CUDA,13040,13000,2026-10-08T22:47:38.613881+00:00,derived,csr-alg3,0,0,,,,5,20,4,true
3,A100-SXM4-80GB-suitesparse_all-fp64-n64-row-major-cuSPARSE-SpMM-CSR-solve-only,cuSPARSE-SpMM-CSR-best-solve-only,cuSPARSE CUDA 13.4.1 CSR PER MATRIX BEST,per-matrix-best,cuSPARSE-SpMM-CSR,best,solve-only,"csr-alg1,csr-alg2,csr-alg3,csr-default",manual-selection,csr,CUSPARSE_SPMM_CSR_ALG3,library-preprocess,spmm.csr.fp64,fp64,A100-SXM4-80GB,A100-SXM4-80GB,,9700.0,0edb0287-e1df-52fd-b14b-f9e504b96222,suitesparse_all,HB/lshp3466,lshp3466,3466,3466,23896,64,row-major,N,N,1.0,0.0,20260922,main,pass,pass,0,0,3058688.0,0.05788,0.0111616000533,0.0690416000533,0.0140556000533,274.0366959390987,44.30210188695943,217.61347707683785,2.8251205766917393,0.45672269986556113,2.2434379080086377,cuSPARSE 12.8.6,CUDA,13040,13000,2026-10-07T20:01:36.447853+00:00,derived,csr-alg3,0,0,,,,5,20,4,true
3,A100-SXM4-80GB-suitesparse_all-fp64-n64-row-major-cuSPARSE-SpMM-CSR-solve-only,cuSPARSE-SpMM-CSR-best-solve-only,cuSPARSE CUDA 13.4.1 CSR PER MATRIX BEST,per-matrix-best,cuSPARSE-SpMM-CSR,best,solve-only,"csr-alg1,csr-alg2,csr-alg3,csr-default",manual-selection,csr,CUSPARSE_SPMM_CSR_ALG3,library-preprocess,spmm.csr.fp64,fp64,A100-SXM4-80GB,A100-SXM4-80GB,,9700.0,1cb4d392-df77-5092-a407-ab8ee1286933,suitesparse_all,HB/lund_a,lund_a,147,147,2449,64,row-major,N,N,1.0,0.0,20260922,main,pass,pass,0,0,313472.0,0.05585,0.00716800019145,0.0630180001915,0.00996050019145,43.732141689101766,4.974324780973957,31.471511869361883,0.4508468215371316,0.051281698772927396,0.3244485759728029,cuSPARSE 12.8.6,CUDA,13040,13000,2026-10-08T00:55:13.751704+00:00,derived,csr-alg3,0,0,,,,5,20,4,true
3,A100-SXM4-80GB-suitesparse_all-fp64-n64-row-major-cuSPARSE-SpMM-CSR-solve-only,cuSPARSE-SpMM-CSR-best-solve-only,cuSPARSE CUDA 13.4.1 CSR PER MATRIX BEST,per-matrix-best,cuSPARSE-SpMM-CSR,best,solve-only,"csr-alg1,csr-alg2,csr-alg3,csr-default",manual-selection,csr,CUSPARSE_SPMM_CSR_ALG3,library-preprocess,spmm.csr.fp64,fp64,A100-SXM4-80GB,A100-SXM4-80GB,,9700.0,df7f742d-c1c4-51c9-b7da-d151d8293f2c,suitesparse_all,HB/lund_b,lund_b,147,147,2441,64,row-major,N,N,1.0,0.0,20260922,main,pass,pass,0,0,312448.0,0.05321,0.00670719966292,0.0599171996629,0.00936769966292,46.583971806793485,5.214662930808897,33.35375932650332,0.4802471320287988,0.053759411657823684,0.34385318893302397,cuSPARSE 12.8.6,CUDA,13040,13000,2026-10-08T22:47:39.235038+00:00,derived,csr-alg3,0,0,,,,5,20,4,true
3,A100-SXM4-80GB-suitesparse_all-fp64-n64-row-major-cuSPARSE-SpMM-CSR-solve-only,cuSPARSE-SpMM-CSR-best-solve-only,cuSPARSE CUDA 13.4.1 CSR PER MATRIX BEST,per-matrix-best,cuSPARSE-SpMM-CSR,best,solve-only,"csr-alg1,csr-alg2,csr-alg3,csr-default",manual-selection,csr,CUSPARSE_SPMM_CSR_ALG3,library-preprocess,spmm.csr.fp64,fp64,A100-SXM4-80GB,A100-SXM4-80GB,,9700.0,1cb4d392-df77-5092-a407-ab8ee1286933,suitesparse_all,HB/man_5976,man_5976,5976,5976,225046,64,row-major,N,N,1.0,0.0,20260922,main,pass,pass,0,0,28805888.0,0.086821,0.0295664012432,0.116387401243,0.0339074512432,974.2777879206752,247.5000532047063,849.5444789816487,10.044100906398713,2.551546940254704,8.75819050496545,cuSPARSE 12.8.6,CUDA,13040,13000,2026-10-08T00:59:27.338414+00:00,derived,csr-alg3,0,0,,,,5,20,4,true
3,A100-SXM4-80GB-suitesparse_all-fp64-n64-row-major-cuSPARSE-SpMM-CSR-solve-only,cuSPARSE-SpMM-CSR-best-solve-only,cuSPARSE CUDA 13.4.1 CSR PER MATRIX BEST,per-matrix-best,cuSPARSE-SpMM-CSR,best,solve-only,"csr-alg1,csr-alg2,csr-alg3,csr-default",manual-selection,csr,CUSPARSE_SPMM_CSR_ALG2,library-preprocess,spmm.csr.fp64,fp64,A100-SXM4-80GB,A100-SXM4-80GB,,9700.0,0edb0287-e1df-52fd-b14b-f9e504b96222,suitesparse_all,HB/mbeacxc,mbeacxc,496,496,49920,64,row-major,N,N,1.0,0.0,20260922,main,pass,pass,0,0,6389760.0,0.02443,0.0235520005226,0.0479820005226,0.0247735005226,271.3043418060611,133.16993727659104,257.92721517780035,2.796951977382073,1.3728859513050622,2.6590434554412408,cuSPARSE 12.8.6,CUDA,13040,13000,2026-10-07T17:45:26.498106+00:00,derived,csr-alg2,0,0,,,,5,20,4,true
3,A100-SXM4-80GB-suitesparse_all-fp64-n64-row-major-cuSPARSE-SpMM-CSR-solve-only,cuSPARSE-SpMM-CSR-best-solve-only,cuSPARSE CUDA 13.4.1 CSR PER MATRIX BEST,per-matrix-best,cuSPARSE-SpMM-CSR,best,solve-only,"csr-alg1,csr-alg2,csr-alg3,csr-default",manual-selection,csr,CUSPARSE_SPMM_CSR_ALG3,library-preprocess,spmm.csr.fp64,fp64,A100-SXM4-80GB,A100-SXM4-80GB,,9700.0,1cb4d392-df77-5092-a407-ab8ee1286933,suitesparse_all,HB/nnc1374,nnc1374,1374,1374,8606,64,row-major,N,N,1.0,0.0,20260922,main,pass,pass,0,0,1101568.0,0.05273,0.00752639994025,0.0602563999403,0.0101628999403,146.36054537960283,18.281344406426477,108.39110947376726,1.5088716018515755,0.18846746810748946,1.1174341182862604,cuSPARSE 12.8.6,CUDA,13040,13000,2026-10-08T00:55:14.386306+00:00,derived,csr-alg3,0,0,,,,5,20,4,true
3,A100-SXM4-80GB-suitesparse_all-fp64-n64-row-major-cuSPARSE-SpMM-CSR-solve-only,cuSPARSE-SpMM-CSR-best-solve-only,cuSPARSE CUDA 13.4.1 CSR PER MATRIX BEST,per-matrix-best,cuSPARSE-SpMM-CSR,best,solve-only,"csr-alg1,csr-alg2,csr-alg3,csr-default",manual-selection,csr,CUSPARSE_SPMM_CSR_ALG3,library-preprocess,spmm.csr.fp64,fp64,A100-SXM4-80GB,A100-SXM4-80GB,,9700.0,df7f742d-c1c4-51c9-b7da-d151d8293f2c,suitesparse_all,HB/nnc261,nnc261,261,261,1500,64,row-major,N,N,1.0,0.0,20260922,main,pass,pass,0,0,192000.0,0.05991,0.00599040016532,0.0659004001653,0.00898590016532,32.05128116674717,2.913487619474245,21.36680760609837,0.33042557903863057,0.030035954839940673,0.22027636707317907,cuSPARSE 12.8.6,CUDA,13040,13000,2026-10-08T22:47:39.815447+00:00,derived,csr-alg3,0,0,,,,5,20,4,true
3,A100-SXM4-80GB-suitesparse_all-fp64-n64-row-major-cuSPARSE-SpMM-CSR-solve-only,cuSPARSE-SpMM-CSR-best-solve-only,cuSPARSE CUDA 13.4.1 CSR PER MATRIX BEST,per-matrix-best,cuSPARSE-SpMM-CSR,best,solve-only,"csr-alg1,csr-alg2,csr-alg3,csr-default",manual-selection,csr,CUSPARSE_SPMM_CSR_ALG3,library-preprocess,spmm.csr.fp64,fp64,A100-SXM4-80GB,A100-SXM4-80GB,,9700.0,0edb0287-e1df-52fd-b14b-f9e504b96222,suitesparse_all,HB/nos1,nos1,237,237,1017,64,row-major,N,N,1.0,0.0,20260922,main,pass,pass,0,0,130176.0,0.051151,0.00573440007865,0.0568854000787,0.00829195007865,22.70089254578941,2.288390339523035,15.69908149051396,0.23402982005968467,0.02359165298477356,0.1618462009331336,cuSPARSE 12.8.6,CUDA,13040,13000,2026-10-07T20:01:37.824901+00:00,derived,csr-alg3,0,0,,,,5,20,4,true
3,A100-SXM4-80GB-suitesparse_all-fp64-n64-row-major-cuSPARSE-SpMM-CSR-solve-only,cuSPARSE-SpMM-CSR-best-solve-only,cuSPARSE CUDA 13.4.1 CSR PER MATRIX BEST,per-matrix-best,cuSPARSE-SpMM-CSR,best,solve-only,"csr-alg1,csr-alg2,csr-alg3,csr-default",manual-selection,csr,CUSPARSE_SPMM_CSR_ALG3,library-preprocess,spmm.csr.fp64,fp64,A100-SXM4-80GB,A100-SXM4-80GB,,9700.0,1cb4d392-df77-5092-a407-ab8ee1286933,suitesparse_all,HB/nos6,nos6,675,675,3255,64,row-major,N,N,1.0,0.0,20260922,main,pass,pass,0,0,416640.0,0.05658,0.00624639987946,0.0628263998795,0.00907539987946,66.70082095929126,6.631607107825828,45.90872088655456,0.6876373294772296,0.06836708358583328,0.473285782335614,cuSPARSE 12.8.6,CUDA,13040,13000,2026-10-08T00:55:15.004981+00:00,derived,csr-alg3,0,0,,,,5,20,4,true
3,A100-SXM4-80GB-suitesparse_all-fp64-n64-row-major-cuSPARSE-SpMM-CSR-solve-only,cuSPARSE-SpMM-CSR-best-solve-only,cuSPARSE CUDA 13.4.1 CSR PER MATRIX BEST,per-matrix-best,cuSPARSE-SpMM-CSR,best,solve-only,"csr-alg1,csr-alg2,csr-alg3,csr-default",manual-selection,csr,CUSPARSE_SPMM_CSR_ALG3,library-preprocess,spmm.csr.fp64,fp64,A100-SXM4-80GB,A100-SXM4-80GB,,9700.0,df7f742d-c1c4-51c9-b7da-d151d8293f2c,suitesparse_all,HB/nos7,nos7,729,729,4617,64,row-major,N,N,1.0,0.0,20260922,main,pass,pass,0,0,590976.0,0.05234,0.00619519986212,0.0585351998621,0.00881219986212,95.39256410652227,10.096078964319748,67.06339044128597,0.9834284959435285,0.10408328829195616,0.6913751591885152,cuSPARSE 12.8.6,CUDA,13040,13000,2026-10-08T22:47:40.422767+00:00,derived,csr-alg3,0,0,,,,5,20,4,true
3,A100-SXM4-80GB-suitesparse_all-fp64-n64-row-major-cuSPARSE-SpMM-CSR-solve-only,cuSPARSE-SpMM-CSR-best-solve-only,cuSPARSE CUDA 13.4.1 CSR PER MATRIX BEST,per-matrix-best,cuSPARSE-SpMM-CSR,best,solve-only,"csr-alg1,csr-alg2,csr-alg3,csr-default",manual-selection,csr,CUSPARSE_SPMM_CSR_ALG3,library-preprocess,spmm.csr.fp64,fp64,A100-SXM4-80GB,A100-SXM4-80GB,,9700.0,0edb0287-e1df-52fd-b14b-f9e504b96222,suitesparse_all,HB/orsirr_1,orsirr_1,1030,1030,6858,64,row-major,N,N,1.0,0.0,20260922,main,pass,pass,0,0,877824.0,0.05488,0.00706560015678,0.0619456001568,0.00980960015678,124.23912767801598,14.170885386177632,89.48621615258024,1.2808157492578967,0.14609160191935705,0.9225383108513427,cuSPARSE 12.8.6,CUDA,13040,13000,2026-10-07T20:01:38.486376+00:00,derived,csr-alg3,0,0,,,,5,20,4,true
3,A100-SXM4-80GB-suitesparse_all-fp64-n64-row-major-cuSPARSE-SpMM-CSR-solve-only,cuSPARSE-SpMM-CSR-best-solve-only,cuSPARSE CUDA 13.4.1 CSR PER MATRIX BEST,per-matrix-best,cuSPARSE-SpMM-CSR,best,solve-only,"csr-alg1,csr-alg2,csr-alg3,csr-default",manual-selection,csr,CUSPARSE_SPMM_CSR_ALG3,library-preprocess,spmm.csr.fp64,fp64,A100-SXM4-80GB,A100-SXM4-80GB,,9700.0,1cb4d392-df77-5092-a407-ab8ee1286933,suitesparse_all,HB/plsk1919,plsk1919,1919,1919,9662,64,row-major,N,N,1.0,0.0,20260922,main,pass,pass,0,0,1236736.0,0.22869,0.00911360010505,0.237803600105,0.020548100105,135.70224562680818,5.200661383822324,60.18736494762662,1.3989922229567853,0.053615065812601274,0.6204882984291403,cuSPARSE 12.8.6,CUDA,13040,13000,2026-10-08T00:55:15.638515+00:00,derived,csr-alg3,0,0,,,,5,20,4,true
3,A100-SXM4-80GB-suitesparse_all-fp64-n64-row-major-cuSPARSE-SpMM-CSR-solve-only,cuSPARSE-SpMM-CSR-best-solve-only,cuSPARSE CUDA 13.4.1 CSR PER MATRIX BEST,per-matrix-best,cuSPARSE-SpMM-CSR,best,solve-only,"csr-alg1,csr-alg2,csr-alg3,csr-default",manual-selection,csr,CUSPARSE_SPMM_CSR_ALG3,library-preprocess,spmm.csr.fp64,fp64,A100-SXM4-80GB,A100-SXM4-80GB,,9700.0,df7f742d-c1c4-51c9-b7da-d151d8293f2c,suitesparse_all,HB/plskz362,plskz362,362,362,1760,64,row-major,N,N,1.0,0.0,20260922,main,pass,pass,0,0,225280.0,0.051869,0.00593920014799,0.057808200148,0.00853265014799,37.931033537612194,3.897024979557231,26.40211377388633,0.3910415828619814,0.04017551525316733,0.2721867399369725,cuSPARSE 12.8.6,CUDA,13040,13000,2026-10-08T22:47:41.051624+00:00,derived,csr-alg3,0,0,,,,5,20,4,true
3,A100-SXM4-80GB-suitesparse_all-fp64-n64-row-major-cuSPARSE-SpMM-CSR-solve-only,cuSPARSE-SpMM-CSR-best-solve-only,cuSPARSE CUDA 13.4.1 CSR PER MATRIX BEST,per-matrix-best,cuSPARSE-SpMM-CSR,best,solve-only,"csr-alg1,csr-alg2,csr-alg3,csr-default",manual-selection,csr,CUSPARSE_SPMM_CSR_ALG3,library-preprocess,spmm.csr.fp64,fp64,A100-SXM4-80GB,A100-SXM4-80GB,,9700.0,0edb0287-e1df-52fd-b14b-f9e504b96222,suitesparse_all,HB/pores_2,pores_2,1224,1224,9613,64,row-major,N,N,1.0,0.0,20260922,main,pass,pass,0,0,1230464.0,0.05126,0.00716800019145,0.0584280001915,0.00973100019145,171.66070970083106,21.05949195534859,126.44784459886549,1.7696980381528977,0.2171081644881298,1.3035860267924275,cuSPARSE 12.8.6,CUDA,13040,13000,2026-10-07T20:01:39.404643+00:00,derived,csr-alg3,0,0,,,,5,20,4,true
3,A100-SXM4-80GB-suitesparse_all-fp64-n64-row-major-cuSPARSE-SpMM-CSR-solve-only,cuSPARSE-SpMM-CSR-best-solve-only,cuSPARSE CUDA 13.4.1 CSR PER MATRIX BEST,per-matrix-best,cuSPARSE-SpMM-CSR,best,solve-only,"csr-alg1,csr-alg2,csr-alg3,csr-default",manual-selection,csr,CUSPARSE_SPMM_CSR_ALG3,library-preprocess,spmm.csr.fp64,fp64,A100-SXM4-80GB,A100-SXM4-80GB,,9700.0,1cb4d392-df77-5092-a407-ab8ee1286933,suitesparse_all,HB/rgg010,rgg010,10,10,76,64,row-major,N,N,1.0,0.0,20260922,main,pass,pass,0,0,9728.0,0.0463,0.00568320006132,0.0519832000613,0.00799820006132,1.711711693242863,0.1871373826260884,1.2162736522490185,0.017646512301472815,0.001929251367279262,0.01253890363143318,cuSPARSE 12.8.6,CUDA,13040,13000,2026-10-08T00:55:16.263314+00:00,derived,csr-alg3,0,0,,,,5,20,4,true
3,A100-SXM4-80GB-suitesparse_all-fp64-n64-row-major-cuSPARSE-SpMM-CSR-solve-only,cuSPARSE-SpMM-CSR-best-solve-only,cuSPARSE CUDA 13.4.1 CSR PER MATRIX BEST,per-matrix-best,cuSPARSE-SpMM-CSR,best,solve-only,"csr-alg1,csr-alg2,csr-alg3,csr-default",manual-selection,csr,CUSPARSE_SPMM_CSR_ALG3,library-preprocess,spmm.csr.fp64,fp64,A100-SXM4-80GB,A100-SXM4-80GB,,9700.0,df7f742d-c1c4-51c9-b7da-d151d8293f2c,suitesparse_all,HB/saylr1,saylr1,238,238,1128,64,row-major,N,N,1.0,0.0,20260922,main,pass,pass,0,0,144384.0,0.051551,0.00583680011332,0.0573878001133,0.00841435011332,24.736841625003617,2.515935437757581,17.15925746558117,0.25501898582477955,0.025937478739768875,0.1768995615008368,cuSPARSE 12.8.6,CUDA,13040,13000,2026-10-08T22:47:41.638121+00:00,derived,csr-alg3,0,0,,,,5,20,4,true
3,A100-SXM4-80GB-suitesparse_all-fp64-n64-row-major-cuSPARSE-SpMM-CSR-solve-only,cuSPARSE-SpMM-CSR-best-solve-only,cuSPARSE CUDA 13.4.1 CSR PER MATRIX BEST,per-matrix-best,cuSPARSE-SpMM-CSR,best,solve-only,"csr-alg1,csr-alg2,csr-alg3,csr-default",manual-selection,csr,CUSPARSE_SPMM_CSR_ALG3,library-preprocess,spmm.csr.fp64,fp64,A100-SXM4-80GB,A100-SXM4-80GB,,9700.0,0edb0287-e1df-52fd-b14b-f9e504b96222,suitesparse_all,HB/saylr4,saylr4,3564,3564,22316,64,row-major,N,N,1.0,0.0,20260922,main,pass,pass,0,0,2856448.0,0.06201,0.0117247998714,0.0737347998714,0.0148252998714,243.6244568205944,38.73948264566931,192.67387673624552,2.511592338356643,0.39937610974916815,1.9863286261468611,cuSPARSE 12.8.6,CUDA,13040,13000,2026-10-07T20:01:40.124050+00:00,derived,csr-alg3,0,0,,,,5,20,4,true
3,A100-SXM4-80GB-suitesparse_all-fp64-n64-row-major-cuSPARSE-SpMM-CSR-solve-only,cuSPARSE-SpMM-CSR-best-solve-only,cuSPARSE CUDA 13.4.1 CSR PER MATRIX BEST,per-matrix-best,cuSPARSE-SpMM-CSR,best,solve-only,"csr-alg1,csr-alg2,csr-alg3,csr-default",manual-selection,csr,CUSPARSE_SPMM_CSR_ALG3,library-preprocess,spmm.csr.fp64,fp64,A100-SXM4-80GB,A100-SXM4-80GB,,9700.0,1cb4d392-df77-5092-a407-ab8ee1286933,suitesparse_all,HB/sherman5,sherman5,3312,3312,20793,64,row-major,N,N,1.0,0.0,20260922,main,pass,pass,0,0,2661504.0,0.06229,0.011264000088,0.073554000088,0.014378500088,236.28408906312148,36.18435430861376,185.1030346497154,2.435918443949706,0.37303458050117283,1.9082787077290249,cuSPARSE 12.8.6,CUDA,13040,13000,2026-10-08T00:55:16.935450+00:00,derived,csr-alg3,0,0,,,,5,20,4,true
3,A100-SXM4-80GB-suitesparse_all-fp64-n64-row-major-cuSPARSE-SpMM-CSR-solve-only,cuSPARSE-SpMM-CSR-best-solve-only,cuSPARSE CUDA 13.4.1 CSR PER MATRIX BEST,per-matrix-best,cuSPARSE-SpMM-CSR,best,solve-only,"csr-alg1,csr-alg2,csr-alg3,csr-default",manual-selection,csr,CUSPARSE_SPMM_CSR_ALG3,library-preprocess,spmm.csr.fp64,fp64,A100-SXM4-80GB,A100-SXM4-80GB,,9700.0,df7f742d-c1c4-51c9-b7da-d151d8293f2c,suitesparse_all,HB/shl_0,shl_0,663,663,1687,64,row-major,N,N,1.0,0.0,20260922,main,pass,pass,0,0,215936.0,0.05303,0.0110592000186,0.0640892000186,0.0137107000186,19.525462930123915,3.369304031526856,15.749451137218394,0.2012934322693187,0.03473509310852429,0.16236547564142673,cuSPARSE 12.8.6,CUDA,13040,13000,2026-10-08T22:47:42.321180+00:00,derived,csr-alg3,0,0,,,,5,20,4,true
3,A100-SXM4-80GB-suitesparse_all-fp64-n64-row-major-cuSPARSE-SpMM-CSR-solve-only,cuSPARSE-SpMM-CSR-best-solve-only,cuSPARSE CUDA 13.4.1 CSR PER MATRIX BEST,per-matrix-best,cuSPARSE-SpMM-CSR,best,solve-only,"csr-alg1,csr-alg2,csr-alg3,csr-default",manual-selection,csr,CUSPARSE_SPMM_CSR_ALG3,library-preprocess,spmm.csr.fp64,fp64,A100-SXM4-80GB,A100-SXM4-80GB,,9700.0,0edb0287-e1df-52fd-b14b-f9e504b96222,suitesparse_all,HB/shl_400,shl_400,663,663,1712,64,row-major,N,N,1.0,0.0,20260922,main,pass,pass,0,0,219136.0,0.0571,0.0104960002005,0.0675960002005,0.0133510002005,20.878048381664566,3.2418486204806403,16.413451929376293,0.21523761218210893,0.03342111979876949,0.1692108446327453,cuSPARSE 12.8.6,CUDA,13040,13000,2026-10-07T20:01:40.755509+00:00,derived,csr-alg3,0,0,,,,5,20,4,true
3,A100-SXM4-80GB-suitesparse_all-fp64-n64-row-major-cuSPARSE-SpMM-CSR-solve-only,cuSPARSE-SpMM-CSR-best-solve-only,cuSPARSE CUDA 13.4.1 CSR PER MATRIX BEST,per-matrix-best,cuSPARSE-SpMM-CSR,best,solve-only,"csr-alg1,csr-alg2,csr-alg3,csr-default",manual-selection,csr,CUSPARSE_SPMM_CSR_ALG3,library-preprocess,spmm.csr.fp64,fp64,A100-SXM4-80GB,A100-SXM4-80GB,,9700.0,1cb4d392-df77-5092-a407-ab8ee1286933,suitesparse_all,HB/str_0,str_0,363,363,2454,64,row-major,N,N,1.0,0.0,20260922,main,pass,pass,0,0,314112.0,0.05701,0.00706560015678,0.0640756001568,0.00991610015678,44.45652075267588,4.902209253309116,31.676969275590682,0.4583146469348029,0.050538239724836245,0.32656669356279056,cuSPARSE 12.8.6,CUDA,13040,13000,2026-10-08T00:55:17.540236+00:00,derived,csr-alg3,0,0,,,,5,20,4,true
3,A100-SXM4-80GB-suitesparse_all-fp64-n64-row-major-cuSPARSE-SpMM-CSR-solve-only,cuSPARSE-SpMM-CSR-best-solve-only,cuSPARSE CUDA 13.4.1 CSR PER MATRIX BEST,per-matrix-best,cuSPARSE-SpMM-CSR,best,solve-only,"csr-alg1,csr-alg2,csr-alg3,csr-default",manual-selection,csr,CUSPARSE_SPMM_CSR_ALG3,library-preprocess,spmm.csr.fp64,fp64,A100-SXM4-80GB,A100-SXM4-80GB,,9700.0,df7f742d-c1c4-51c9-b7da-d151d8293f2c,suitesparse_all,HB/str_200,str_200,363,363,3068,64,row-major,N,N,1.0,0.0,20260922,main,pass,pass,0,0,392704.0,0.05275,0.00721919983625,0.0599691998363,0.00985669983625,54.39716435443479,6.548428211014616,39.8413268663972,0.5607955088086062,0.0675095691857177,0.4107353285195588,cuSPARSE 12.8.6,CUDA,13040,13000,2026-10-08T22:47:43.093087+00:00,derived,csr-alg3,0,0,,,,5,20,4,true
3,A100-SXM4-80GB-suitesparse_all-fp64-n64-row-major-cuSPARSE-SpMM-CSR-solve-only,cuSPARSE-SpMM-CSR-best-solve-only,cuSPARSE CUDA 13.4.1 CSR PER MATRIX BEST,per-matrix-best,cuSPARSE-SpMM-CSR,best,solve-only,"csr-alg1,csr-alg2,csr-alg3,csr-default",manual-selection,csr,CUSPARSE_SPMM_CSR_ALG3,library-preprocess,spmm.csr.fp64,fp64,A100-SXM4-80GB,A100-SXM4-80GB,,9700.0,0edb0287-e1df-52fd-b14b-f9e504b96222,suitesparse_all,HB/str_600,str_600,363,363,3279,64,row-major,N,N,1.0,0.0,20260922,main,pass,pass,0,0,419712.0,0.05588,0.00778239965439,0.0636623996544,0.0105763996544,53.930923447659644,6.592776933927462,39.683825660407145,0.5559889015222643,0.06796677251471611,0.4091116047464654,cuSPARSE 12.8.6,CUDA,13040,13000,2026-10-07T20:01:41.361536+00:00,derived,csr-alg3,0,0,,,,5,20,4,true
3,A100-SXM4-80GB-suitesparse_all-fp64-n64-row-major-cuSPARSE-SpMM-CSR-solve-only,cuSPARSE-SpMM-CSR-best-solve-only,cuSPARSE CUDA 13.4.1 CSR PER MATRIX BEST,per-matrix-best,cuSPARSE-SpMM-CSR,best,solve-only,"csr-alg1,csr-alg2,csr-alg3,csr-default",manual-selection,csr,CUSPARSE_SPMM_CSR_ALG3,library-preprocess,spmm.csr.fp64,fp64,A100-SXM4-80GB,A100-SXM4-80GB,,9700.0,1cb4d392-df77-5092-a407-ab8ee1286933,suitesparse_all,HB/west0067,west0067,67,67,294,64,row-major,N,N,1.0,0.0,20260922,main,pass,pass,0,0,37632.0,0.05602,0.00583680011332,0.0618568001133,0.00863780011332,6.4473682958786025,0.608372885940937,4.356664834367865,0.06646771439050106,0.006271885422071515,0.044914070457400666,cuSPARSE 12.8.6,CUDA,13040,13000,2026-10-08T00:55:18.157939+00:00,derived,csr-alg3,0,0,,,,5,20,4,true
3,A100-SXM4-80GB-suitesparse_all-fp64-n64-row-major-cuSPARSE-SpMM-CSR-solve-only,cuSPARSE-SpMM-CSR-best-solve-only,cuSPARSE CUDA 13.4.1 CSR PER MATRIX BEST,per-matrix-best,cuSPARSE-SpMM-CSR,best,solve-only,"csr-alg1,csr-alg2,csr-alg3,csr-default",manual-selection,csr,CUSPARSE_SPMM_CSR_ALG3,library-preprocess,spmm.csr.fp64,fp64,A100-SXM4-80GB,A100-SXM4-80GB,,9700.0,df7f742d-c1c4-51c9-b7da-d151d8293f2c,suitesparse_all,HB/west0132,west0132,132,132,414,64,row-major,N,N,1.0,0.0,20260922,main,pass,pass,0,0,52992.0,0.05195,0.00568320006132,0.0576332000613,0.00828070006132,9.324324223717701,0.9194700267144021,6.399458935547138,0.0961270538527598,0.00947907244035466,0.06597380345924883,cuSPARSE 12.8.6,CUDA,13040,13000,2026-10-08T22:47:43.668516+00:00,derived,csr-alg3,0,0,,,,5,20,4,true
3,A100-SXM4-80GB-suitesparse_all-fp64-n64-row-major-cuSPARSE-SpMM-CSR-solve-only,cuSPARSE-SpMM-CSR-best-solve-only,cuSPARSE CUDA 13.4.1 CSR PER MATRIX BEST,per-matrix-best,cuSPARSE-SpMM-CSR,best,solve-only,"csr-alg1,csr-alg2,csr-alg3,csr-default",manual-selection,csr,CUSPARSE_SPMM_CSR_ALG3,library-preprocess,spmm.csr.fp64,fp64,A100-SXM4-80GB,A100-SXM4-80GB,,9700.0,0edb0287-e1df-52fd-b14b-f9e504b96222,suitesparse_all,HB/west0167,west0167,167,167,507,64,row-major,N,N,1.0,0.0,20260922,main,pass,pass,0,0,64896.0,0.05578,0.00578560009599,0.061565600096,0.00857460009599,11.216813973191721,1.0540951423978142,7.568399607388019,0.11563725745558474,0.010866960230905302,0.07802473822049505,cuSPARSE 12.8.6,CUDA,13040,13000,2026-10-07T20:01:42.098740+00:00,derived,csr-alg3,0,0,,,,5,20,4,true
3,A100-SXM4-80GB-suitesparse_all-fp64-n64-row-major-cuSPARSE-SpMM-CSR-solve-only,cuSPARSE-SpMM-CSR-best-solve-only,cuSPARSE CUDA 13.4.1 CSR PER MATRIX BEST,per-matrix-best,cuSPARSE-SpMM-CSR,best,solve-only,"csr-alg1,csr-alg2,csr-alg3,csr-default",manual-selection,csr,CUSPARSE_SPMM_CSR_ALG3,library-preprocess,spmm.csr.fp64,fp64,A100-SXM4-80GB,A100-SXM4-80GB,,9700.0,1cb4d392-df77-5092-a407-ab8ee1286933,suitesparse_all,HB/west0989,west0989,989,989,3537,64,row-major,N,N,1.0,0.0,20260922,main,pass,pass,0,0,452736.0,0.05642,0.00711679980159,0.0635367998016,0.00993779980159,63.615109687201254,7.125571344696512,45.55696522761149,0.6558258730639305,0.07345949839893312,0.46965943533620097,cuSPARSE 12.8.6,CUDA,13040,13000,2026-10-08T00:55:18.755971+00:00,derived,csr-alg3,0,0,,,,5,20,4,true
3,A100-SXM4-80GB-suitesparse_all-fp64-n64-row-major-cuSPARSE-SpMM-CSR-solve-only,cuSPARSE-SpMM-CSR-best-solve-only,cuSPARSE CUDA 13.4.1 CSR PER MATRIX BEST,per-matrix-best,cuSPARSE-SpMM-CSR,best,solve-only,"csr-alg1,csr-alg2,csr-alg3,csr-default",manual-selection,csr,CUSPARSE_SPMM_CSR_ALG3,library-preprocess,spmm.csr.fp64,fp64,A100-SXM4-80GB,A100-SXM4-80GB,,9700.0,df7f742d-c1c4-51c9-b7da-d151d8293f2c,suitesparse_all,HB/west1505,west1505,1505,1505,5445,64,row-major,N,N,1.0,0.0,20260922,main,pass,pass,0,0,696960.0,0.05719,0.00706560015678,0.0642556001568,0.00992510015678,98.64130215905467,10.846681041018066,70.22196138987022,1.0169206408149967,0.11182145403111408,0.7239377462873218,cuSPARSE 12.8.6,CUDA,13040,13000,2026-10-08T22:47:44.308295+00:00,derived,csr-alg3,0,0,,,,5,20,4,true
3,A100-SXM4-80GB-suitesparse_all-fp64-n64-row-major-cuSPARSE-SpMM-CSR-solve-only,cuSPARSE-SpMM-CSR-best-solve-only,cuSPARSE CUDA 13.4.1 CSR PER MATRIX BEST,per-matrix-best,cuSPARSE-SpMM-CSR,best,solve-only,"csr-alg1,csr-alg2,csr-alg3,csr-default",manual-selection,csr,CUSPARSE_SPMM_CSR_ALG3,library-preprocess,spmm.csr.fp64,fp64,A100-SXM4-80GB,A100-SXM4-80GB,,9700.0,0edb0287-e1df-52fd-b14b-f9e504b96222,suitesparse_all,HB/will199,will199,199,199,701,64,row-major,N,N,1.0,0.0,20260922,main,pass,pass,0,0,89728.0,0.05205,0.00568320006132,0.0577332000613,0.00828570006132,15.78828811793746,1.5541837262567906,10.829259970304232,0.1627658568859532,0.016022512641822584,0.11164185536396115,cuSPARSE 12.8.6,CUDA,13040,13000,2026-10-07T20:01:42.702499+00:00,derived,csr-alg3,0,0,,,,5,20,4,true
3,A100-SXM4-80GB-suitesparse_all-fp64-n64-row-major-cuSPARSE-SpMM-CSR-solve-only,cuSPARSE-SpMM-CSR-best-solve-only,cuSPARSE CUDA 13.4.1 CSR PER MATRIX BEST,per-matrix-best,cuSPARSE-SpMM-CSR,best,solve-only,"csr-alg1,csr-alg2,csr-alg3,csr-default",manual-selection,csr,CUSPARSE_SPMM_CSR_ALG3,library-preprocess,spmm.csr.fp64,fp64,A100-SXM4-80GB,A100-SXM4-80GB,,9700.0,1cb4d392-df77-5092-a407-ab8ee1286933,suitesparse_all,HB/young1c,young1c,841,841,4089,64,row-major,N,N,1.0,0.0,20260922,main,pass,pass,0,0,523392.0,0.05563,0.00634879991412,0.0619787999141,0.00913029991412,82.43951724418878,8.444694003843237,57.324732475718,0.8498919303524616,0.08705870107054883,0.5909766234610103,cuSPARSE 12.8.6,CUDA,13040,13000,2026-10-08T00:55:19.352664+00:00,derived,csr-alg3,0,0,,,,5,20,4,true
3,A100-SXM4-80GB-suitesparse_all-fp64-n64-row-major-cuSPARSE-SpMM-CSR-solve-only,cuSPARSE-SpMM-CSR-best-solve-only,cuSPARSE CUDA 13.4.1 CSR PER MATRIX BEST,per-matrix-best,cuSPARSE-SpMM-CSR,best,solve-only,"csr-alg1,csr-alg2,csr-alg3,csr-default",manual-selection,csr,CUSPARSE_SPMM_CSR_ALG3,library-preprocess,spmm.csr.fp64,fp64,A100-SXM4-80GB,A100-SXM4-80GB,,9700.0,df7f742d-c1c4-51c9-b7da-d151d8293f2c,suitesparse_all,HB/young2c,young2c,841,841,4089,64,row-major,N,N,1.0,0.0,20260922,main,pass,pass,0,0,523392.0,0.0603,0.00619519986212,0.0664951998621,0.00921019986212,84.48347295463928,7.8711245486204735,56.82743130826326,0.8709636387076215,0.08114561390330385,0.585849807301683,cuSPARSE 12.8.6,CUDA,13040,13000,2026-10-08T22:47:44.912617+00:00,derived,csr-alg3,0,0,,,,5,20,4,true
3,A100-SXM4-80GB-suitesparse_all-fp64-n64-row-major-cuSPARSE-SpMM-CSR-solve-only,cuSPARSE-SpMM-CSR-best-solve-only,cuSPARSE CUDA 13.4.1 CSR PER MATRIX BEST,per-matrix-best,cuSPARSE-SpMM-CSR,best,solve-only,"csr-alg1,csr-alg2,csr-alg3,csr-default",manual-selection,csr,CUSPARSE_SPMM_CSR_ALG3,library-preprocess,spmm.csr.fp64,fp64,A100-SXM4-80GB,A100-SXM4-80GB,,9700.0,0edb0287-e1df-52fd-b14b-f9e504b96222,suitesparse_all,HB/young4c,young4c,841,841,4089,64,row-major,N,N,1.0,0.0,20260922,main,pass,pass,0,0,523392.0,0.05669,0.00624639987946,0.0629363998795,0.00908089987946,83.7909852235152,8.316204946614402,57.63657863730613,0.8638245899331463,0.08573407161458146,0.5941915323433622,cuSPARSE 12.8.6,CUDA,13040,13000,2026-10-07T20:01:43.313219+00:00,derived,csr-alg3,0,0,,,,5,20,4,true
3,A100-SXM4-80GB-suitesparse_all-fp64-n64-row-major-cuSPARSE-SpMM-CSR-solve-only,cuSPARSE-SpMM-CSR-best-solve-only,cuSPARSE CUDA 13.4.1 CSR PER MATRIX BEST,per-matrix-best,cuSPARSE-SpMM-CSR,best,solve-only,"csr-alg1,csr-alg2,csr-alg3,csr-default",manual-selection,csr,CUSPARSE_SPMM_CSR_ALG3,library-preprocess,spmm.csr.fp64,fp64,A100-SXM4-80GB,A100-SXM4-80GB,,9700.0,1cb4d392-df77-5092-a407-ab8ee1286933,suitesparse_all,Hohn/fd15,fd15,11532,11532,44206,64,row-major,N,N,1.0,0.0,20260922,main,pass,pass,0,0,5658368.0,0.14047,0.0242175996304,0.16468759963,0.0312410996304,233.6469380267206,34.35819097923906,181.1193609361295,2.408731319863099,0.35420815442514497,1.867209906558036,cuSPARSE 12.8.6,CUDA,13040,13000,2026-10-08T00:57:32.183177+00:00,derived,csr-alg3,0,0,,,,5,20,4,true
3,A100-SXM4-80GB-suitesparse_all-fp64-n64-row-major-cuSPARSE-SpMM-CSR-solve-only,cuSPARSE-SpMM-CSR-best-solve-only,cuSPARSE CUDA 13.4.1 CSR PER MATRIX BEST,per-matrix-best,cuSPARSE-SpMM-CSR,best,solve-only,"csr-alg1,csr-alg2,csr-alg3,csr-default",manual-selection,csr,CUSPARSE_SPMM_CSR_ALG2,library-preprocess,spmm.csr.fp64,fp64,A100-SXM4-80GB,A100-SXM4-80GB,,9700.0,df7f742d-c1c4-51c9-b7da-d151d8293f2c,suitesparse_all,Hohn/fd18,fd18,16428,16428,63406,64,row-major,N,N,1.0,0.0,20260922,main,pass,pass,0,0,8115968.0,0.05209,0.0284671992064,0.0805571992064,0.0310716992064,285.0989288112111,100.74789193211191,261.20129272905393,2.939164214548568,1.038638061155793,2.692796832258288,cuSPARSE 12.8.6,CUDA,13040,13000,2026-10-08T20:15:07.658991+00:00,derived,csr-alg2,0,0,,,,5,20,4,true
3,A100-SXM4-80GB-suitesparse_all-fp64-n64-row-major-cuSPARSE-SpMM-CSR-solve-only,cuSPARSE-SpMM-CSR-best-solve-only,cuSPARSE CUDA 13.4.1 CSR PER MATRIX BEST,per-matrix-best,cuSPARSE-SpMM-CSR,best,solve-only,"csr-alg1,csr-alg2,csr-alg3,csr-default",manual-selection,csr,CUSPARSE_SPMM_CSR_ALG3,library-preprocess,spmm.csr.fp64,fp64,A100-SXM4-80GB,A100-SXM4-80GB,,9700.0,0edb0287-e1df-52fd-b14b-f9e504b96222,suitesparse_all,Hohn/sinc15,sinc15,11532,11532,568526,64,row-major,N,N,1.0,0.0,20260922,main,pass,pass,0,0,72771328.0,0.13735,0.0673280000687,0.204678000069,0.0741955000687,1080.847907642374,355.5405464948246,980.8051422609011,11.142761934457463,3.665366458709532,10.111393219184547,cuSPARSE 12.8.6,CUDA,13040,13000,2026-10-07T20:04:24.929860+00:00,derived,csr-alg3,0,0,,,,5,20,4,true
3,A100-SXM4-80GB-suitesparse_all-fp64-n64-row-major-cuSPARSE-SpMM-CSR-solve-only,cuSPARSE-SpMM-CSR-best-solve-only,cuSPARSE CUDA 13.4.1 CSR PER MATRIX BEST,per-matrix-best,cuSPARSE-SpMM-CSR,best,solve-only,"csr-alg1,csr-alg2,csr-alg3,csr-default",manual-selection,csr,CUSPARSE_SPMM_CSR_ALG3,library-preprocess,spmm.csr.fp64,fp64,A100-SXM4-80GB,A100-SXM4-80GB,,9700.0,0edb0287-e1df-52fd-b14b-f9e504b96222,suitesparse_all,Hollinger/g7jac010,g7jac010,2880,2880,19635,64,row-major,N,N,1.0,0.0,20260922,main,pass,pass,0,0,2513280.0,0.0593,0.0119808003306,0.0712808003306,0.0149458003306,209.77563523706053,35.25886337335467,168.1596130288397,2.162635414815057,0.36349343683870794,1.733604258029275,cuSPARSE 12.8.6,CUDA,13040,13000,2026-10-07T20:02:50.602431+00:00,derived,csr-alg3,0,0,,,,5,20,4,true
3,A100-SXM4-80GB-suitesparse_all-fp64-n64-row-major-cuSPARSE-SpMM-CSR-solve-only,cuSPARSE-SpMM-CSR-best-solve-only,cuSPARSE CUDA 13.4.1 CSR PER MATRIX BEST,per-matrix-best,cuSPARSE-SpMM-CSR,best,solve-only,"csr-alg1,csr-alg2,csr-alg3,csr-default",manual-selection,csr,CUSPARSE_SPMM_CSR_ALG3,library-preprocess,spmm.csr.fp64,fp64,A100-SXM4-80GB,A100-SXM4-80GB,,9700.0,1cb4d392-df77-5092-a407-ab8ee1286933,suitesparse_all,Hollinger/g7jac040sc,g7jac040sc,11790,11790,114671,64,row-major,N,N,1.0,0.0,20260922,main,pass,pass,0,0,14677888.0,0.13736,0.0291328012943,0.166492801294,0.0360008012943,503.82686689562576,88.1592950921714,407.7100362297755,5.194091411295111,0.9088587122904269,4.2031962497915,cuSPARSE 12.8.6,CUDA,13040,13000,2026-10-08T00:56:01.968152+00:00,derived,csr-alg3,0,0,,,,5,20,4,true
3,A100-SXM4-80GB-suitesparse_all-fp64-n64-row-major-cuSPARSE-SpMM-CSR-solve-only,cuSPARSE-SpMM-CSR-best-solve-only,cuSPARSE CUDA 13.4.1 CSR PER MATRIX BEST,per-matrix-best,cuSPARSE-SpMM-CSR,best,solve-only,"csr-alg1,csr-alg2,csr-alg3,csr-default",manual-selection,csr,CUSPARSE_SPMM_CSR_ALG3,library-preprocess,spmm.csr.fp64,fp64,A100-SXM4-80GB,A100-SXM4-80GB,,9700.0,df7f742d-c1c4-51c9-b7da-d151d8293f2c,suitesparse_all,Hollinger/g7jac050sc,g7jac050sc,14760,14760,157990,64,row-major,N,N,1.0,0.0,20260922,main,pass,pass,0,0,20222720.0,0.14518,0.0363007992506,0.181480799251,0.0435597992506,557.0874586092136,111.43173318313767,464.25190996998106,5.743169676383646,1.1487807544653368,4.78610216463898,cuSPARSE 12.8.6,CUDA,13040,13000,2026-10-08T22:48:25.849628+00:00,derived,csr-alg3,0,0,,,,5,20,4,true
3,A100-SXM4-80GB-suitesparse_all-fp64-n64-row-major-cuSPARSE-SpMM-CSR-solve-only,cuSPARSE-SpMM-CSR-best-solve-only,cuSPARSE CUDA 13.4.1 CSR PER MATRIX BEST,per-matrix-best,cuSPARSE-SpMM-CSR,best,solve-only,"csr-alg1,csr-alg2,csr-alg3,csr-default",manual-selection,csr,CUSPARSE_SPMM_CSR_ALG3,library-preprocess,spmm.csr.fp64,fp64,A100-SXM4-80GB,A100-SXM4-80GB,,9700.0,0edb0287-e1df-52fd-b14b-f9e504b96222,suitesparse_all,Hollinger/g7jac060sc,g7jac060sc,17730,17730,203316,64,row-major,N,N,1.0,0.0,20260922,main,pass,pass,0,0,26024448.0,0.12544,0.0452607989311,0.170700798931,0.0515327989311,574.9887013620047,152.45650965300695,505.0074620397587,5.927718570742316,1.5717165943608964,5.2062624952552445,cuSPARSE 12.8.6,CUDA,13040,13000,2026-10-07T20:02:51.881496+00:00,derived,csr-alg3,0,0,,,,5,20,4,true
3,A100-SXM4-80GB-suitesparse_all-fp64-n64-row-major-cuSPARSE-SpMM-CSR-solve-only,cuSPARSE-SpMM-CSR-best-solve-only,cuSPARSE CUDA 13.4.1 CSR PER MATRIX BEST,per-matrix-best,cuSPARSE-SpMM-CSR,best,solve-only,"csr-alg1,csr-alg2,csr-alg3,csr-default",manual-selection,csr,CUSPARSE_SPMM_CSR_ALG2,library-preprocess,spmm.csr.fp64,fp64,A100-SXM4-80GB,A100-SXM4-80GB,,9700.0,1cb4d392-df77-5092-a407-ab8ee1286933,suitesparse_all,Hollinger/g7jac120,g7jac120,35550,35550,475296,64,row-major,N,N,1.0,0.0,20260922,main,pass,pass,0,0,60837888.0,0.37233,0.118783998489,0.491113998489,0.137400498489,512.1724203082279,123.87732417967851,442.77778224269366,5.28012804441472,1.2770858162853453,4.564719404563852,cuSPARSE 12.8.6,CUDA,13040,13000,2026-10-07T22:49:21.580254+00:00,derived,csr-alg2,0,0,,,,5,20,4,true
3,A100-SXM4-80GB-suitesparse_all-fp64-n64-row-major-cuSPARSE-SpMM-CSR-solve-only,cuSPARSE-SpMM-CSR-best-solve-only,cuSPARSE CUDA 13.4.1 CSR PER MATRIX BEST,per-matrix-best,cuSPARSE-SpMM-CSR,best,solve-only,"csr-alg1,csr-alg2,csr-alg3,csr-default",manual-selection,csr,CUSPARSE_SPMM_CSR_ALG2,library-preprocess,spmm.csr.fp64,fp64,A100-SXM4-80GB,A100-SXM4-80GB,,9700.0,df7f742d-c1c4-51c9-b7da-d151d8293f2c,suitesparse_all,Hollinger/g7jac120sc,g7jac120sc,35550,35550,475296,64,row-major,N,N,1.0,0.0,20260922,main,pass,pass,0,0,60837888.0,0.30286,0.117964804173,0.420824804173,0.133107804173,515.7291484227691,144.5682084247812,457.0572580472373,5.316795344564629,1.490393901286404,4.711930495332344,cuSPARSE 12.8.6,CUDA,13040,13000,2026-10-08T20:13:08.757992+00:00,derived,csr-alg2,0,0,,,,5,20,4,true
3,A100-SXM4-80GB-suitesparse_all-fp64-n64-row-major-cuSPARSE-SpMM-CSR-solve-only,cuSPARSE-SpMM-CSR-best-solve-only,cuSPARSE CUDA 13.4.1 CSR PER MATRIX BEST,per-matrix-best,cuSPARSE-SpMM-CSR,best,solve-only,"csr-alg1,csr-alg2,csr-alg3,csr-default",manual-selection,csr,CUSPARSE_SPMM_CSR_ALG2,library-preprocess,spmm.csr.fp64,fp64,A100-SXM4-80GB,A100-SXM4-80GB,,9700.0,0edb0287-e1df-52fd-b14b-f9e504b96222,suitesparse_all,Hollinger/g7jac140sc,g7jac140sc,41490,41490,565956,64,row-major,N,N,1.0,0.0,20260922,main,pass,pass,0,0,72442368.0,0.05191,0.137113595009,0.189023595009,0.139709095009,528.3383314050292,383.24510755681473,518.5229207542521,5.446786921701332,3.9509804902764407,5.345597121177857,cuSPARSE 12.8.6,CUDA,13040,13000,2026-10-07T17:46:54.475786+00:00,derived,csr-alg2,0,0,,,,5,20,4,true
3,A100-SXM4-80GB-suitesparse_all-fp64-n64-row-major-cuSPARSE-SpMM-CSR-solve-only,cuSPARSE-SpMM-CSR-best-solve-only,cuSPARSE CUDA 13.4.1 CSR PER MATRIX BEST,per-matrix-best,cuSPARSE-SpMM-CSR,best,solve-only,"csr-alg1,csr-alg2,csr-alg3,csr-default",manual-selection,csr,CUSPARSE_SPMM_CSR_ALG2,library-preprocess,spmm.csr.fp64,fp64,A100-SXM4-80GB,A100-SXM4-80GB,,9700.0,1cb4d392-df77-5092-a407-ab8ee1286933,suitesparse_all,Hollinger/g7jac200,g7jac200,59310,59310,837936,64,row-major,N,N,1.0,0.0,20260922,main,pass,pass,0,0,107255808.0,0.05979,0.193382394314,0.253172394314,0.196371894314,554.6306755611163,423.64732652081625,546.1871637725164,5.717842016093982,4.367498211554807,5.630795502809447,cuSPARSE 12.8.6,CUDA,13040,13000,2026-10-07T22:49:24.782141+00:00,derived,csr-alg2,0,0,,,,5,20,4,true
3,A100-SXM4-80GB-suitesparse_all-fp64-n64-row-major-cuSPARSE-SpMM-CSR-solve-only,cuSPARSE-SpMM-CSR-best-solve-only,cuSPARSE CUDA 13.4.1 CSR PER MATRIX BEST,per-matrix-best,cuSPARSE-SpMM-CSR,best,solve-only,"csr-alg1,csr-alg2,csr-alg3,csr-default",manual-selection,csr,CUSPARSE_SPMM_CSR_ALG2,library-preprocess,spmm.csr.fp64,fp64,A100-SXM4-80GB,A100-SXM4-80GB,,9700.0,df7f742d-c1c4-51c9-b7da-d151d8293f2c,suitesparse_all,Hollinger/g7jac200sc,g7jac200sc,59310,59310,837936,64,row-major,N,N,1.0,0.0,20260922,main,pass,pass,0,0,107255808.0,0.0802,0.192255997658,0.272455997658,0.196265997658,557.8801665828653,393.66286270795445,546.4818627773558,5.751341923534694,4.058380027917057,5.633833636879956,cuSPARSE 12.8.6,CUDA,13040,13000,2026-10-08T20:13:12.656937+00:00,derived,csr-alg2,0,0,,,,5,20,4,true
3,A100-SXM4-80GB-suitesparse_all-fp64-n64-row-major-cuSPARSE-SpMM-CSR-solve-only,cuSPARSE-SpMM-CSR-best-solve-only,cuSPARSE CUDA 13.4.1 CSR PER MATRIX BEST,per-matrix-best,cuSPARSE-SpMM-CSR,best,solve-only,"csr-alg1,csr-alg2,csr-alg3,csr-default",manual-selection,csr,CUSPARSE_SPMM_CSR_ALG3,library-preprocess,spmm.csr.fp64,fp64,A100-SXM4-80GB,A100-SXM4-80GB,,9700.0,0edb0287-e1df-52fd-b14b-f9e504b96222,suitesparse_all,Hollinger/jan99jac020sc,jan99jac020sc,6774,6774,38692,64,row-major,N,N,1.0,0.0,20260922,main,pass,pass,0,0,4952576.0,0.08356,0.0171008005738,0.100660800574,0.0212788005738,289.61076872551814,49.20064187607124,232.74695313879536,2.985678028098125,0.5072231121244457,2.3994531251422204,cuSPARSE 12.8.6,CUDA,13040,13000,2026-10-07T20:02:55.122398+00:00,derived,csr-alg3,0,0,,,,5,20,4,true
3,A100-SXM4-80GB-suitesparse_all-fp64-n64-row-major-cuSPARSE-SpMM-CSR-solve-only,cuSPARSE-SpMM-CSR-best-solve-only,cuSPARSE CUDA 13.4.1 CSR PER MATRIX BEST,per-matrix-best,cuSPARSE-SpMM-CSR,best,solve-only,"csr-alg1,csr-alg2,csr-alg3,csr-default",manual-selection,csr,CUSPARSE_SPMM_CSR_ALG2,library-preprocess,spmm.csr.fp64,fp64,A100-SXM4-80GB,A100-SXM4-80GB,,9700.0,1cb4d392-df77-5092-a407-ab8ee1286933,suitesparse_all,Hollinger/jan99jac080,jan99jac080,27534,27534,171522,64,row-major,N,N,1.0,0.0,20260922,main,pass,pass,0,0,21954816.0,0.05456,0.0638975977898,0.11845759779,0.0666255977898,343.5937618848115,185.33902771623983,329.5252384716488,3.5422037307712526,1.9107116259406167,3.397167406924214,cuSPARSE 12.8.6,CUDA,13040,13000,2026-10-07T22:49:26.045073+00:00,derived,csr-alg2,0,0,,,,5,20,4,true
3,A100-SXM4-80GB-suitesparse_all-fp64-n64-row-major-cuSPARSE-SpMM-CSR-solve-only,cuSPARSE-SpMM-CSR-best-solve-only,cuSPARSE CUDA 13.4.1 CSR PER MATRIX BEST,per-matrix-best,cuSPARSE-SpMM-CSR,best,solve-only,"csr-alg1,csr-alg2,csr-alg3,csr-default",manual-selection,csr,CUSPARSE_SPMM_CSR_ALG2,library-preprocess,spmm.csr.fp64,fp64,A100-SXM4-80GB,A100-SXM4-80GB,,9700.0,df7f742d-c1c4-51c9-b7da-d151d8293f2c,suitesparse_all,Hollinger/jan99jac080sc,jan99jac080sc,27534,27534,171522,64,row-major,N,N,1.0,0.0,20260922,main,pass,pass,0,0,21954816.0,0.05518,0.0635392010212,0.118719201021,0.0662982010212,345.53182361664767,184.93062462673126,331.1525148771317,3.562183748625234,1.9065012848116625,3.413943452341564,cuSPARSE 12.8.6,CUDA,13040,13000,2026-10-08T20:13:14.050243+00:00,derived,csr-alg2,0,0,,,,5,20,4,true
3,A100-SXM4-80GB-suitesparse_all-fp64-n64-row-major-cuSPARSE-SpMM-CSR-solve-only,cuSPARSE-SpMM-CSR-best-solve-only,cuSPARSE CUDA 13.4.1 CSR PER MATRIX BEST,per-matrix-best,cuSPARSE-SpMM-CSR,best,solve-only,"csr-alg1,csr-alg2,csr-alg3,csr-default",manual-selection,csr,CUSPARSE_SPMM_CSR_ALG2,library-preprocess,spmm.csr.fp64,fp64,A100-SXM4-80GB,A100-SXM4-80GB,,9700.0,0edb0287-e1df-52fd-b14b-f9e504b96222,suitesparse_all,Hollinger/jan99jac100sc,jan99jac100sc,34454,34454,215862,64,row-major,N,N,1.0,0.0,20260922,main,pass,pass,0,0,27630336.0,0.04789,0.0755711972713,0.123461197271,0.0779656972713,365.61993190087105,223.79773249202188,354.39093046078636,3.769277648462588,2.3071931184744523,3.653514747018416,cuSPARSE 12.8.6,CUDA,13040,13000,2026-10-07T17:46:57.066044+00:00,derived,csr-alg2,0,0,,,,5,20,4,true
3,A100-SXM4-80GB-suitesparse_all-fp64-n64-row-major-cuSPARSE-SpMM-CSR-solve-only,cuSPARSE-SpMM-CSR-best-solve-only,cuSPARSE CUDA 13.4.1 CSR PER MATRIX BEST,per-matrix-best,cuSPARSE-SpMM-CSR,best,solve-only,"csr-alg1,csr-alg2,csr-alg3,csr-default",manual-selection,csr,CUSPARSE_SPMM_CSR_ALG3,library-preprocess,spmm.csr.fp64,fp64,A100-SXM4-80GB,A100-SXM4-80GB,,9700.0,1cb4d392-df77-5092-a407-ab8ee1286933,suitesparse_all,Hollinger/mark3jac040,mark3jac040,18289,18289,113435,64,row-major,N,N,1.0,0.0,20260922,main,pass,pass,0,0,14519680.0,0.148371,0.0393216013908,0.187692601391,0.0467401513908,369.2545442311803,77.35882976949473,310.646832925277,3.8067478786719624,0.7975137089638632,3.202544669332753,cuSPARSE 12.8.6,CUDA,13040,13000,2026-10-08T00:56:09.790161+00:00,derived,csr-alg3,0,0,,,,5,20,4,true
3,A100-SXM4-80GB-suitesparse_all-fp64-n64-row-major-cuSPARSE-SpMM-CSR-solve-only,cuSPARSE-SpMM-CSR-best-solve-only,cuSPARSE CUDA 13.4.1 CSR PER MATRIX BEST,per-matrix-best,cuSPARSE-SpMM-CSR,best,solve-only,"csr-alg1,csr-alg2,csr-alg3,csr-default",manual-selection,csr,CUSPARSE_SPMM_CSR_ALG3,library-preprocess,spmm.csr.fp64,fp64,A100-SXM4-80GB,A100-SXM4-80GB,,9700.0,df7f742d-c1c4-51c9-b7da-d151d8293f2c,suitesparse_all,Hollinger/mark3jac040sc,mark3jac040sc,18289,18289,113435,64,row-major,N,N,1.0,0.0,20260922,main,pass,pass,0,0,14519680.0,0.15595,0.0391680002213,0.195118000221,0.0469655002213,370.70261228460765,74.41486681676889,309.1562941219345,3.8216764153052334,0.7671635754306071,3.1871782899168504,cuSPARSE 12.8.6,CUDA,13040,13000,2026-10-08T22:48:35.313010+00:00,derived,csr-alg3,0,0,,,,5,20,4,true
3,A100-SXM4-80GB-suitesparse_all-fp64-n64-row-major-cuSPARSE-SpMM-CSR-solve-only,cuSPARSE-SpMM-CSR-best-solve-only,cuSPARSE CUDA 13.4.1 CSR PER MATRIX BEST,per-matrix-best,cuSPARSE-SpMM-CSR,best,solve-only,"csr-alg1,csr-alg2,csr-alg3,csr-default",manual-selection,csr,CUSPARSE_SPMM_CSR_ALG2,library-preprocess,spmm.csr.fp64,fp64,A100-SXM4-80GB,A100-SXM4-80GB,,9700.0,0edb0287-e1df-52fd-b14b-f9e504b96222,suitesparse_all,Hollinger/mark3jac060sc,mark3jac060sc,27449,27449,170695,64,row-major,N,N,1.0,0.0,20260922,main,pass,pass,0,0,21848960.0,0.04047,0.0619520008564,0.102422000856,0.0639755008564,352.6756149594622,213.32291712127844,341.5207338359473,3.6358310820563116,2.1992053311472004,3.520832307587085,cuSPARSE 12.8.6,CUDA,13040,13000,2026-10-07T17:46:59.112957+00:00,derived,csr-alg2,0,0,,,,5,20,4,true
3,A100-SXM4-80GB-suitesparse_all-fp64-n64-row-major-cuSPARSE-SpMM-CSR-solve-only,cuSPARSE-SpMM-CSR-best-solve-only,cuSPARSE CUDA 13.4.1 CSR PER MATRIX BEST,per-matrix-best,cuSPARSE-SpMM-CSR,best,solve-only,"csr-alg1,csr-alg2,csr-alg3,csr-default",manual-selection,csr,CUSPARSE_SPMM_CSR_ALG2,library-preprocess,spmm.csr.fp64,fp64,A100-SXM4-80GB,A100-SXM4-80GB,,9700.0,1cb4d392-df77-5092-a407-ab8ee1286933,suitesparse_all,Hollinger/mark3jac120,mark3jac120,54929,54929,342475,64,row-major,N,N,1.0,0.0,20260922,main,pass,pass,0,0,43836800.0,0.05656,0.110899198055,0.167459198055,0.113727198055,395.28509465198584,261.77600579218296,385.45572870616166,4.075104068577174,2.698721709197762,3.9737703990325945,cuSPARSE 12.8.6,CUDA,13040,13000,2026-10-07T22:49:29.111191+00:00,derived,csr-alg2,0,0,,,,5,20,4,true
3,A100-SXM4-80GB-suitesparse_all-fp64-n64-row-major-cuSPARSE-SpMM-CSR-solve-only,cuSPARSE-SpMM-CSR-best-solve-only,cuSPARSE CUDA 13.4.1 CSR PER MATRIX BEST,per-matrix-best,cuSPARSE-SpMM-CSR,best,solve-only,"csr-alg1,csr-alg2,csr-alg3,csr-default",manual-selection,csr,CUSPARSE_SPMM_CSR_ALG2,library-preprocess,spmm.csr.fp64,fp64,A100-SXM4-80GB,A100-SXM4-80GB,,9700.0,df7f742d-c1c4-51c9-b7da-d151d8293f2c,suitesparse_all,Hollinger/mark3jac120sc,mark3jac120sc,54929,54929,342475,64,row-major,N,N,1.0,0.0,20260922,main,pass,pass,0,0,43836800.0,0.06046,0.110387194157,0.170847194157,0.113410194157,397.1185275137294,256.5848401333193,386.53315361857415,4.09400543828587,2.6452045374569,3.984877872356434,cuSPARSE 12.8.6,CUDA,13040,13000,2026-10-08T20:13:17.440573+00:00,derived,csr-alg2,0,0,,,,5,20,4,true
3,A100-SXM4-80GB-suitesparse_all-fp64-n64-row-major-cuSPARSE-SpMM-CSR-solve-only,cuSPARSE-SpMM-CSR-best-solve-only,cuSPARSE CUDA 13.4.1 CSR PER MATRIX BEST,per-matrix-best,cuSPARSE-SpMM-CSR,best,solve-only,"csr-alg1,csr-alg2,csr-alg3,csr-default",manual-selection,csr,CUSPARSE_SPMM_CSR_ALG2,library-preprocess,spmm.csr.fp64,fp64,A100-SXM4-80GB,A100-SXM4-80GB,,9700.0,0edb0287-e1df-52fd-b14b-f9e504b96222,suitesparse_all,Hollinger/mark3jac140sc,mark3jac140sc,64089,64089,399735,64,row-major,N,N,1.0,0.0,20260922,main,pass,pass,0,0,51166080.0,0.07268,0.121907198429,0.194587198429,0.125541198429,419.71336114166917,262.94679410099644,407.5640557863326,4.3269418674398885,2.71079169176285,4.201691296766316,cuSPARSE 12.8.6,CUDA,13040,13000,2026-10-07T17:47:03.078237+00:00,derived,csr-alg2,0,0,,,,5,20,4,true
3,A100-SXM4-80GB-suitesparse_all-fp64-n64-row-major-cuSPARSE-SpMM-CSR-solve-only,cuSPARSE-SpMM-CSR-best-solve-only,cuSPARSE CUDA 13.4.1 CSR PER MATRIX BEST,per-matrix-best,cuSPARSE-SpMM-CSR,best,solve-only,"csr-alg1,csr-alg2,csr-alg3,csr-default",manual-selection,csr,CUSPARSE_SPMM_CSR_ALG3,library-preprocess,spmm.csr.fp64,fp64,A100-SXM4-80GB,A100-SXM4-80GB,,9700.0,df7f742d-c1c4-51c9-b7da-d151d8293f2c,suitesparse_all,IBM_Austin/coupled,coupled,11341,11341,98523,64,row-major,N,N,1.0,0.0,20260922,main,pass,pass,0,0,12610944.0,0.14963,0.0307200014591,0.180350001459,0.0382015014591,410.5124805019935,69.92483447729231,330.11644878675156,4.232087427855602,0.7208745822401269,3.403262358626305,cuSPARSE 12.8.6,CUDA,13040,13000,2026-10-08T22:52:14.653271+00:00,derived,csr-alg3,0,0,,,,5,20,4,true
3,A100-SXM4-80GB-suitesparse_all-fp64-n64-row-major-cuSPARSE-SpMM-CSR-solve-only,cuSPARSE-SpMM-CSR-best-solve-only,cuSPARSE CUDA 13.4.1 CSR PER MATRIX BEST,per-matrix-best,cuSPARSE-SpMM-CSR,best,solve-only,"csr-alg1,csr-alg2,csr-alg3,csr-default",manual-selection,csr,CUSPARSE_SPMM_CSR_ALG2,library-preprocess,spmm.csr.fp64,fp64,A100-SXM4-80GB,A100-SXM4-80GB,,9700.0,1cb4d392-df77-5092-a407-ab8ee1286933,suitesparse_all,IBM_EDA/ckt11752_tr_0,ckt11752_tr_0,49702,49702,333029,64,row-major,N,N,1.0,0.0,20260922,main,pass,pass,0,0,42627712.0,0.10226,0.0925696015358,0.194829601536,0.0976826015358,460.49363174059175,218.79484259030005,436.3900155175253,4.747357028253523,2.2556169339206193,4.498866139355931,cuSPARSE 12.8.6,CUDA,13040,13000,2026-10-07T22:56:49.747067+00:00,derived,csr-alg2,0,0,,,,5,20,4,true
3,A100-SXM4-80GB-suitesparse_all-fp64-n64-row-major-cuSPARSE-SpMM-CSR-solve-only,cuSPARSE-SpMM-CSR-best-solve-only,cuSPARSE CUDA 13.4.1 CSR PER MATRIX BEST,per-matrix-best,cuSPARSE-SpMM-CSR,best,solve-only,"csr-alg1,csr-alg2,csr-alg3,csr-default",manual-selection,csr,CUSPARSE_SPMM_CSR_ALG2,library-preprocess,spmm.csr.fp64,fp64,A100-SXM4-80GB,A100-SXM4-80GB,,9700.0,0edb0287-e1df-52fd-b14b-f9e504b96222,suitesparse_all,IBM_EDA/dc2,dc2,116835,116835,766396,64,row-major,N,N,1.0,0.0,20260922,main,pass,pass,0,0,98098688.0,0.04925,0.277452802658,0.326702802658,0.279915302658,353.5689207685553,300.2688902632156,350.4584675024244,3.645040420294385,3.0955555697238726,3.612973891777571,cuSPARSE 12.8.6,CUDA,13040,13000,2026-10-07T17:52:58.770243+00:00,derived,csr-alg2,0,0,,,,5,20,4,true
3,A100-SXM4-80GB-suitesparse_all-fp64-n64-row-major-cuSPARSE-SpMM-CSR-solve-only,cuSPARSE-SpMM-CSR-best-solve-only,cuSPARSE CUDA 13.4.1 CSR PER MATRIX BEST,per-matrix-best,cuSPARSE-SpMM-CSR,best,solve-only,"csr-alg1,csr-alg2,csr-alg3,csr-default",manual-selection,csr,CUSPARSE_SPMM_CSR_ALG3,library-preprocess,spmm.csr.fp64,fp64,A100-SXM4-80GB,A100-SXM4-80GB,,9700.0,1cb4d392-df77-5092-a407-ab8ee1286933,suitesparse_all,IPSO/HTC_336_4438,HTC_336_4438,226340,226340,904522,64,row-major,N,N,1.0,0.0,20260922,main,pass,pass,0,0,115778816.0,0.77052,0.570419216156,1.34093921616,0.608945216156,202.97145103249196,86.34158402164691,190.13010190121884,2.092489185901979,0.8901194229035764,1.9601041433115345,cuSPARSE 12.8.6,CUDA,13040,13000,2026-10-08T02:01:53.823894+00:00,derived,csr-alg3,0,0,,,,5,20,4,true
3,A100-SXM4-80GB-suitesparse_all-fp64-n64-row-major-cuSPARSE-SpMM-CSR-solve-only,cuSPARSE-SpMM-CSR-best-solve-only,cuSPARSE CUDA 13.4.1 CSR PER MATRIX BEST,per-matrix-best,cuSPARSE-SpMM-CSR,best,solve-only,"csr-alg1,csr-alg2,csr-alg3,csr-default",manual-selection,csr,CUSPARSE_SPMM_CSR_ALG2,library-preprocess,spmm.csr.fp64,fp64,A100-SXM4-80GB,A100-SXM4-80GB,,9700.0,df7f742d-c1c4-51c9-b7da-d151d8293f2c,suitesparse_all,IPSO/HTC_336_9129,HTC_336_9129,226340,226340,883422,64,row-major,N,N,1.0,0.0,20260922,main,pass,pass,0,0,113078016.0,0.10558,0.375040006638,0.480620006638,0.380319006638,301.50920968051906,235.27529948450453,297.3241253431,3.1083423678404025,2.4255185513866446,3.065197168485567,cuSPARSE 12.8.6,CUDA,13040,13000,2026-10-08T21:38:34.679848+00:00,derived,csr-alg2,0,0,,,,5,20,4,true
3,A100-SXM4-80GB-suitesparse_all-fp64-n64-row-major-cuSPARSE-SpMM-CSR-solve-only,cuSPARSE-SpMM-CSR-best-solve-only,cuSPARSE CUDA 13.4.1 CSR PER MATRIX BEST,per-matrix-best,cuSPARSE-SpMM-CSR,best,solve-only,"csr-alg1,csr-alg2,csr-alg3,csr-default",manual-selection,csr,CUSPARSE_SPMM_CSR_ALG2,library-preprocess,spmm.csr.fp64,fp64,A100-SXM4-80GB,A100-SXM4-80GB,,9700.0,0edb0287-e1df-52fd-b14b-f9e504b96222,suitesparse_all,IPSO/OPF_3754,OPF_3754,15435,15435,158273,64,row-major,N,N,1.0,0.0,20260922,main,pass,pass,0,0,20258944.0,0.04228,0.0322048008442,0.0744848008442,0.0343188008442,629.065961252438,271.98762392310977,590.3161970014996,6.48521609538596,2.8039961229186576,6.085733989706181,cuSPARSE 12.8.6,CUDA,13040,13000,2026-10-07T19:08:16.519391+00:00,derived,csr-alg2,0,0,,,,5,20,4,true
3,A100-SXM4-80GB-suitesparse_all-fp64-n64-row-major-cuSPARSE-SpMM-CSR-solve-only,cuSPARSE-SpMM-CSR-best-solve-only,cuSPARSE CUDA 13.4.1 CSR PER MATRIX BEST,per-matrix-best,cuSPARSE-SpMM-CSR,best,solve-only,"csr-alg1,csr-alg2,csr-alg3,csr-default",manual-selection,csr,CUSPARSE_SPMM_CSR_ALG2,library-preprocess,spmm.csr.fp64,fp64,A100-SXM4-80GB,A100-SXM4-80GB,,9700.0,df7f742d-c1c4-51c9-b7da-d151d8293f2c,suitesparse_all,Janna/CoupCons3D,CoupCons3D,416800,416800,22322336,64,row-major,N,N,1.0,0.0,20260922,main,pass,pass,0,0,2857259008.0,0.63375,3.50653457642,4.14028457642,3.53822207642,814.8383954956239,690.1117435919344,807.5408909581494,8.400395829851792,7.114554057648808,8.325163824310817,cuSPARSE 12.8.6,CUDA,13040,13000,2026-10-08T21:45:11.530248+00:00,derived,csr-alg2,0,0,,,,5,20,4,true
3,A100-SXM4-80GB-suitesparse_all-fp64-n64-row-major-cuSPARSE-SpMM-CSR-solve-only,cuSPARSE-SpMM-CSR-best-solve-only,cuSPARSE CUDA 13.4.1 CSR PER MATRIX BEST,per-matrix-best,cuSPARSE-SpMM-CSR,best,solve-only,"csr-alg1,csr-alg2,csr-alg3,csr-default",manual-selection,csr,CUSPARSE_SPMM_CSR_ALG2,library-preprocess,spmm.csr.fp64,fp64,A100-SXM4-80GB,A100-SXM4-80GB,,9700.0,1cb4d392-df77-5092-a407-ab8ee1286933,suitesparse_all,Janna/Emilia_923,Emilia_923,923136,923136,41005206,64,row-major,N,N,1.0,0.0,20260922,main,pass,pass,0,0,5248666368.0,0.381791,5.63747520447,6.01926620447,5.65656475447,931.031388632679,871.9777776404471,927.8893808918805,9.598261738481225,8.98946162515925,9.565869906101861,cuSPARSE 12.8.6,CUDA,13040,13000,2026-10-07T23:56:36.902566+00:00,derived,csr-alg2,0,0,,,,5,20,4,true
3,A100-SXM4-80GB-suitesparse_all-fp64-n64-row-major-cuSPARSE-SpMM-CSR-solve-only,cuSPARSE-SpMM-CSR-best-solve-only,cuSPARSE CUDA 13.4.1 CSR PER MATRIX BEST,per-matrix-best,cuSPARSE-SpMM-CSR,best,solve-only,"csr-alg1,csr-alg2,csr-alg3,csr-default",manual-selection,csr,CUSPARSE_SPMM_CSR_ALG2,library-preprocess,spmm.csr.fp64,fp64,A100-SXM4-80GB,A100-SXM4-80GB,,9700.0,df7f742d-c1c4-51c9-b7da-d151d8293f2c,suitesparse_all,Janna/Fault_639,Fault_639,638802,638802,28614564,64,row-major,N,N,1.0,0.0,20260922,main,pass,pass,0,0,3662664192.0,77.613081,3.8680065155,81.4810875155,7.7486605655,946.9126221279242,44.95109606021469,472.6835252414568,9.761985795133238,0.46341336144551226,4.87302603341708,cuSPARSE 12.8.6,CUDA,13040,13000,2026-10-08T21:39:46.784307+00:00,derived,csr-alg2,0,0,,,,5,20,4,true
3,A100-SXM4-80GB-suitesparse_all-fp64-n64-row-major-cuSPARSE-SpMM-CSR-solve-only,cuSPARSE-SpMM-CSR-best-solve-only,cuSPARSE CUDA 13.4.1 CSR PER MATRIX BEST,per-matrix-best,cuSPARSE-SpMM-CSR,best,solve-only,"csr-alg1,csr-alg2,csr-alg3,csr-default",manual-selection,csr,CUSPARSE_SPMM_CSR_ALG2,library-preprocess,spmm.csr.fp64,fp64,A100-SXM4-80GB,A100-SXM4-80GB,,9700.0,0edb0287-e1df-52fd-b14b-f9e504b96222,suitesparse_all,Janna/Geo_1438,Geo_1438,1437960,1437960,63156690,64,row-major,N,N,1.0,0.0,20260922,main,pass,pass,0,0,8084056320.0,37.227405,8.72227859497,45.949683595,10.583648845,926.8284923462486,175.9327962136319,763.8250700106254,9.554932910786068,1.8137401671508444,7.874485257841498,cuSPARSE 12.8.6,CUDA,13040,13000,2026-10-07T19:10:58.750374+00:00,derived,csr-alg2,0,0,,,,5,20,4,true
3,A100-SXM4-80GB-suitesparse_all-fp64-n64-row-major-cuSPARSE-SpMM-CSR-solve-only,cuSPARSE-SpMM-CSR-best-solve-only,cuSPARSE CUDA 13.4.1 CSR PER MATRIX BEST,per-matrix-best,cuSPARSE-SpMM-CSR,best,solve-only,"csr-alg1,csr-alg2,csr-alg3,csr-default",manual-selection,csr,CUSPARSE_SPMM_CSR_ALG3,library-preprocess,spmm.csr.fp64,fp64,A100-SXM4-80GB,A100-SXM4-80GB,,9700.0,1cb4d392-df77-5092-a407-ab8ee1286933,suitesparse_all,Janna/Long_Coup_dt0,Long_Coup_dt0,1470152,1470152,87088992,64,row-major,N,N,1.0,0.0,20260922,main,pass,pass,0,0,11147390976.0,1.090771,11.4126159668,12.5033869668,11.4671545168,976.760368387795,891.5497061395804,972.1148310741318,10.069694519461803,9.1912340839132,10.021802382207543,cuSPARSE 12.8.6,CUDA,13040,13000,2026-10-08T02:07:19.251192+00:00,derived,csr-alg3,0,0,,,,5,20,4,true
3,A100-SXM4-80GB-suitesparse_all-fp64-n64-row-major-cuSPARSE-SpMM-CSR-solve-only,cuSPARSE-SpMM-CSR-best-solve-only,cuSPARSE CUDA 13.4.1 CSR PER MATRIX BEST,per-matrix-best,cuSPARSE-SpMM-CSR,best,solve-only,"csr-alg1,csr-alg2,csr-alg3,csr-default",manual-selection,csr,CUSPARSE_SPMM_CSR_ALG3,library-preprocess,spmm.csr.fp64,fp64,A100-SXM4-80GB,A100-SXM4-80GB,,9700.0,df7f742d-c1c4-51c9-b7da-d151d8293f2c,suitesparse_all,Janna/Long_Coup_dt6,Long_Coup_dt6,1470152,1470152,87088992,64,row-major,N,N,1.0,0.0,20260922,main,pass,pass,0,0,11147390976.0,0.980671,11.1079933167,12.0886643167,11.1570268667,1003.5467845700599,922.1358691051031,999.1363388459016,10.345843139897525,9.506555351599001,10.300374627277337,cuSPARSE 12.8.6,CUDA,13040,13000,2026-10-09T00:20:00.478266+00:00,derived,csr-alg3,0,0,,,,5,20,4,true
3,A100-SXM4-80GB-suitesparse_all-fp64-n64-row-major-cuSPARSE-SpMM-CSR-solve-only,cuSPARSE-SpMM-CSR-best-solve-only,cuSPARSE CUDA 13.4.1 CSR PER MATRIX BEST,per-matrix-best,cuSPARSE-SpMM-CSR,best,solve-only,"csr-alg1,csr-alg2,csr-alg3,csr-default",manual-selection,csr,CUSPARSE_SPMM_CSR_ALG3,library-preprocess,spmm.csr.fp64,fp64,A100-SXM4-80GB,A100-SXM4-80GB,,9700.0,0edb0287-e1df-52fd-b14b-f9e504b96222,suitesparse_all,Janna/Transport,Transport,1602111,1602111,23500731,64,row-major,N,N,1.0,0.0,20260922,main,pass,pass,0,0,3008093568.0,46.813869,5.19096336365,52.0048323636,7.53165681365,579.4865725819483,57.84257791599901,399.3933396630979,5.974088377133487,0.5963152362474125,4.117457109928845,cuSPARSE 12.8.6,CUDA,13040,13000,2026-10-07T21:30:33.344707+00:00,derived,csr-alg3,0,0,,,,5,20,4,true
3,A100-SXM4-80GB-suitesparse_all-fp64-n64-row-major-cuSPARSE-SpMM-CSR-solve-only,cuSPARSE-SpMM-CSR-best-solve-only,cuSPARSE CUDA 13.4.1 CSR PER MATRIX BEST,per-matrix-best,cuSPARSE-SpMM-CSR,best,solve-only,"csr-alg1,csr-alg2,csr-alg3,csr-default",manual-selection,csr,CUSPARSE_SPMM_CSR_ALG3,library-preprocess,spmm.csr.fp64,fp64,A100-SXM4-80GB,A100-SXM4-80GB,,9700.0,1cb4d392-df77-5092-a407-ab8ee1286933,suitesparse_all,JGD_BIBD/bibd_14_7,bibd_14_7,91,3432,72072,64,row-major,N,N,1.0,0.0,20260922,main,pass,pass,0,0,9225216.0,0.0544,0.0207359999418,0.0751359999418,0.0234559999418,444.8888901375643,122.7802385959568,393.29877314503705,4.586483403480044,1.2657756556284208,4.054626527268423,cuSPARSE 12.8.6,CUDA,13040,13000,2026-10-08T01:14:55.858902+00:00,derived,csr-alg3,0,0,,,,5,20,4,true
3,A100-SXM4-80GB-suitesparse_all-fp64-n64-row-major-cuSPARSE-SpMM-CSR-solve-only,cuSPARSE-SpMM-CSR-best-solve-only,cuSPARSE CUDA 13.4.1 CSR PER MATRIX BEST,per-matrix-best,cuSPARSE-SpMM-CSR,best,solve-only,"csr-alg1,csr-alg2,csr-alg3,csr-default",manual-selection,csr,CUSPARSE_SPMM_CSR_ALG3,library-preprocess,spmm.csr.fp64,fp64,A100-SXM4-80GB,A100-SXM4-80GB,,9700.0,df7f742d-c1c4-51c9-b7da-d151d8293f2c,suitesparse_all,JGD_BIBD/bibd_15_3,bibd_15_3,105,455,1365,64,row-major,N,N,1.0,0.0,20260922,main,pass,pass,0,0,174720.0,0.05679,0.00624639987946,0.0630363998795,0.00908589987946,27.97131201518666,2.771731893540775,19.229795872501306,0.2883640413936769,0.028574555603513147,0.19824531827320932,cuSPARSE 12.8.6,CUDA,13040,13000,2026-10-08T23:11:43.240364+00:00,derived,csr-alg3,0,0,,,,5,20,4,true
3,A100-SXM4-80GB-suitesparse_all-fp64-n64-row-major-cuSPARSE-SpMM-CSR-solve-only,cuSPARSE-SpMM-CSR-best-solve-only,cuSPARSE CUDA 13.4.1 CSR PER MATRIX BEST,per-matrix-best,cuSPARSE-SpMM-CSR,best,solve-only,"csr-alg1,csr-alg2,csr-alg3,csr-default",manual-selection,csr,CUSPARSE_SPMM_CSR_ALG3,library-preprocess,spmm.csr.fp64,fp64,A100-SXM4-80GB,A100-SXM4-80GB,,9700.0,0edb0287-e1df-52fd-b14b-f9e504b96222,suitesparse_all,JGD_BIBD/bibd_16_8,bibd_16_8,120,12870,360360,64,row-major,N,N,1.0,0.0,20260922,main,pass,pass,0,0,46126080.0,0.10159,0.0689872026443,0.170577202644,0.0740667026443,668.61792088929,270.4117507206785,622.7640539301063,6.892968256590618,2.7877500074296755,6.42024797866089,cuSPARSE 12.8.6,CUDA,13040,13000,2026-10-07T20:36:44.014775+00:00,derived,csr-alg3,0,0,,,,5,20,4,true
3,A100-SXM4-80GB-suitesparse_all-fp64-n64-row-major-cuSPARSE-SpMM-CSR-solve-only,cuSPARSE-SpMM-CSR-best-solve-only,cuSPARSE CUDA 13.4.1 CSR PER MATRIX BEST,per-matrix-best,cuSPARSE-SpMM-CSR,best,solve-only,"csr-alg1,csr-alg2,csr-alg3,csr-default",manual-selection,csr,CUSPARSE_SPMM_CSR_ALG3,library-preprocess,spmm.csr.fp64,fp64,A100-SXM4-80GB,A100-SXM4-80GB,,9700.0,1cb4d392-df77-5092-a407-ab8ee1286933,suitesparse_all,JGD_BIBD/bibd_18_9,bibd_18_9,153,48620,1750320,64,row-major,N,N,1.0,0.0,20260922,main,pass,pass,0,0,224040960.0,0.23766,0.302028799057,0.539688799057,0.313911799057,741.7867458318708,415.12990521846575,713.7067184891597,7.647286039503823,4.279689744520265,7.357801221537728,cuSPARSE 12.8.6,CUDA,13040,13000,2026-10-08T01:15:00.000796+00:00,derived,csr-alg3,0,0,,,,5,20,4,true
3,A100-SXM4-80GB-suitesparse_all-fp64-n64-row-major-cuSPARSE-SpMM-CSR-solve-only,cuSPARSE-SpMM-CSR-best-solve-only,cuSPARSE CUDA 13.4.1 CSR PER MATRIX BEST,per-matrix-best,cuSPARSE-SpMM-CSR,best,solve-only,"csr-alg1,csr-alg2,csr-alg3,csr-default",manual-selection,csr,CUSPARSE_SPMM_CSR_ALG3,library-preprocess,spmm.csr.fp64,fp64,A100-SXM4-80GB,A100-SXM4-80GB,,9700.0,df7f742d-c1c4-51c9-b7da-d151d8293f2c,suitesparse_all,JGD_BIBD/bibd_19_9,bibd_19_9,171,92378,3325608,64,row-major,N,N,1.0,0.0,20260922,main,pass,pass,0,0,425677824.0,0.23075,0.545024013519,0.775774013519,0.556561513519,781.0258143518671,548.7136931399345,764.83517753239,8.051812519091413,5.6568421973189125,7.88489873744732,cuSPARSE 12.8.6,CUDA,13040,13000,2026-10-08T23:11:49.947662+00:00,derived,csr-alg3,0,0,,,,5,20,4,true
3,A100-SXM4-80GB-suitesparse_all-fp64-n64-row-major-cuSPARSE-SpMM-CSR-solve-only,cuSPARSE-SpMM-CSR-best-solve-only,cuSPARSE CUDA 13.4.1 CSR PER MATRIX BEST,per-matrix-best,cuSPARSE-SpMM-CSR,best,solve-only,"csr-alg1,csr-alg2,csr-alg3,csr-default",manual-selection,csr,CUSPARSE_SPMM_CSR_ALG3,library-preprocess,spmm.csr.fp64,fp64,A100-SXM4-80GB,A100-SXM4-80GB,,9700.0,0edb0287-e1df-52fd-b14b-f9e504b96222,suitesparse_all,JGD_BIBD/bibd_22_8,bibd_22_8,231,319770,8953560,64,row-major,N,N,1.0,0.0,20260922,main,pass,pass,0,0,1146055680.0,0.22955,1.47445764542,1.70400764542,1.48593514542,777.272703329193,672.564869694304,771.2689773388912,8.013120652878278,6.9336584504567425,7.9512265705040335,cuSPARSE 12.8.6,CUDA,13040,13000,2026-10-07T20:37:03.222020+00:00,derived,csr-alg3,0,0,,,,5,20,4,true
3,A100-SXM4-80GB-suitesparse_all-fp64-n64-row-major-cuSPARSE-SpMM-CSR-solve-only,cuSPARSE-SpMM-CSR-best-solve-only,cuSPARSE CUDA 13.4.1 CSR PER MATRIX BEST,per-matrix-best,cuSPARSE-SpMM-CSR,best,solve-only,"csr-alg1,csr-alg2,csr-alg3,csr-default",manual-selection,csr,CUSPARSE_SPMM_CSR_ALG3,library-preprocess,spmm.csr.fp64,fp64,A100-SXM4-80GB,A100-SXM4-80GB,,9700.0,0edb0287-e1df-52fd-b14b-f9e504b96222,suitesparse_all,JGD_BIBD/bibd_9_5,bibd_9_5,36,126,1260,64,row-major,N,N,1.0,0.0,20260922,main,pass,pass,0,0,161280.0,0.05125,0.00773120000958,0.0589812000096,0.0102937000096,20.86092712646838,2.734430631688563,15.66783565186364,0.21506110439658122,0.02819000651225323,0.16152407888519216,cuSPARSE 12.8.6,CUDA,13040,13000,2026-10-07T20:36:42.291632+00:00,derived,csr-alg3,0,0,,,,5,20,4,true
3,A100-SXM4-80GB-suitesparse_all-fp64-n64-row-major-cuSPARSE-SpMM-CSR-solve-only,cuSPARSE-SpMM-CSR-best-solve-only,cuSPARSE CUDA 13.4.1 CSR PER MATRIX BEST,per-matrix-best,cuSPARSE-SpMM-CSR,best,solve-only,"csr-alg1,csr-alg2,csr-alg3,csr-default",manual-selection,csr,CUSPARSE_SPMM_CSR_ALG3,library-preprocess,spmm.csr.fp64,fp64,A100-SXM4-80GB,A100-SXM4-80GB,,9700.0,1cb4d392-df77-5092-a407-ab8ee1286933,suitesparse_all,JGD_CAG/CAG_mat364,CAG_mat364,364,364,13585,64,row-major,N,N,1.0,0.0,20260922,main,pass,pass,0,0,1738880.0,0.04683,0.00931840017438,0.0561484001744,0.0116599001744,186.60713936506772,30.96935967185073,149.13335225783612,1.9237849419079147,0.3192717491943374,1.5374572397715063,cuSPARSE 12.8.6,CUDA,13040,13000,2026-10-08T01:15:00.977152+00:00,derived,csr-alg3,0,0,,,,5,20,4,true
3,A100-SXM4-80GB-suitesparse_all-fp64-n64-row-major-cuSPARSE-SpMM-CSR-solve-only,cuSPARSE-SpMM-CSR-best-solve-only,cuSPARSE CUDA 13.4.1 CSR PER MATRIX BEST,per-matrix-best,cuSPARSE-SpMM-CSR,best,solve-only,"csr-alg1,csr-alg2,csr-alg3,csr-default",manual-selection,csr,CUSPARSE_SPMM_CSR_ALG3,library-preprocess,spmm.csr.fp64,fp64,A100-SXM4-80GB,A100-SXM4-80GB,,9700.0,df7f742d-c1c4-51c9-b7da-d151d8293f2c,suitesparse_all,JGD_CAG/CAG_mat72,CAG_mat72,72,72,1012,64,row-major,N,N,1.0,0.0,20260922,main,pass,pass,0,0,129536.0,0.04782,0.00701439976692,0.0548343997669,0.00940539976692,18.46715389831265,2.3623127188526745,13.772514003667848,0.19038302987951183,0.024353739369615202,0.141984680450184,cuSPARSE 12.8.6,CUDA,13040,13000,2026-10-08T23:11:50.719686+00:00,derived,csr-alg3,0,0,,,,5,20,4,true
3,A100-SXM4-80GB-suitesparse_all-fp64-n64-row-major-cuSPARSE-SpMM-CSR-solve-only,cuSPARSE-SpMM-CSR-best-solve-only,cuSPARSE CUDA 13.4.1 CSR PER MATRIX BEST,per-matrix-best,cuSPARSE-SpMM-CSR,best,solve-only,"csr-alg1,csr-alg2,csr-alg3,csr-default",manual-selection,csr,CUSPARSE_SPMM_CSR_ALG3,library-preprocess,spmm.csr.fp64,fp64,A100-SXM4-80GB,A100-SXM4-80GB,,9700.0,0edb0287-e1df-52fd-b14b-f9e504b96222,suitesparse_all,JGD_Forest/TF11,TF11,216,236,1607,64,row-major,N,N,1.0,0.0,20260922,main,pass,pass,0,0,205696.0,0.05284,0.00665600001812,0.0594960000181,0.00929800001812,30.903846069714888,3.45730805327119,22.12260696914803,0.3185963512341741,0.03564235106465144,0.2280681130840003,cuSPARSE 12.8.6,CUDA,13040,13000,2026-10-07T20:37:04.425945+00:00,derived,csr-alg3,0,0,,,,5,20,4,true
3,A100-SXM4-80GB-suitesparse_all-fp64-n64-row-major-cuSPARSE-SpMM-CSR-solve-only,cuSPARSE-SpMM-CSR-best-solve-only,cuSPARSE CUDA 13.4.1 CSR PER MATRIX BEST,per-matrix-best,cuSPARSE-SpMM-CSR,best,solve-only,"csr-alg1,csr-alg2,csr-alg3,csr-default",manual-selection,csr,CUSPARSE_SPMM_CSR_ALG3,library-preprocess,spmm.csr.fp64,fp64,A100-SXM4-80GB,A100-SXM4-80GB,,9700.0,1cb4d392-df77-5092-a407-ab8ee1286933,suitesparse_all,JGD_Forest/TF16,TF16,15437,19321,216173,64,row-major,N,N,1.0,0.0,20260922,main,pass,pass,0,0,27670144.0,0.14963,0.0379904001951,0.187620400195,0.0454719001951,728.3456835911113,147.4793997414008,608.5108359509836,7.508718387537231,1.5204061829010393,6.273307587123543,cuSPARSE 12.8.6,CUDA,13040,13000,2026-10-08T01:15:02.677919+00:00,derived,csr-alg3,0,0,,,,5,20,4,true
3,A100-SXM4-80GB-suitesparse_all-fp64-n64-row-major-cuSPARSE-SpMM-CSR-solve-only,cuSPARSE-SpMM-CSR-best-solve-only,cuSPARSE CUDA 13.4.1 CSR PER MATRIX BEST,per-matrix-best,cuSPARSE-SpMM-CSR,best,solve-only,"csr-alg1,csr-alg2,csr-alg3,csr-default",manual-selection,csr,CUSPARSE_SPMM_CSR_ALG2,library-preprocess,spmm.csr.fp64,fp64,A100-SXM4-80GB,A100-SXM4-80GB,,9700.0,df7f742d-c1c4-51c9-b7da-d151d8293f2c,suitesparse_all,JGD_Forest/TF17,TF17,38132,48630,586218,64,row-major,N,N,1.0,0.0,20260922,main,pass,pass,0,0,75035904.0,0.05794,0.150988805294,0.208928805294,0.153885805294,496.9633599914429,359.14580516751215,487.6077027159414,5.123333608159205,3.7025340738918775,5.0268835331540345,cuSPARSE 12.8.6,CUDA,13040,13000,2026-10-08T20:36:47.207036+00:00,derived,csr-alg2,0,0,,,,5,20,4,true
3,A100-SXM4-80GB-suitesparse_all-fp64-n64-row-major-cuSPARSE-SpMM-CSR-solve-only,cuSPARSE-SpMM-CSR-best-solve-only,cuSPARSE CUDA 13.4.1 CSR PER MATRIX BEST,per-matrix-best,cuSPARSE-SpMM-CSR,best,solve-only,"csr-alg1,csr-alg2,csr-alg3,csr-default",manual-selection,csr,CUSPARSE_SPMM_CSR_ALG2,library-preprocess,spmm.csr.fp64,fp64,A100-SXM4-80GB,A100-SXM4-80GB,,9700.0,0edb0287-e1df-52fd-b14b-f9e504b96222,suitesparse_all,JGD_Forest/TF19,TF19,241029,317955,4370721,64,row-major,N,N,1.0,0.0,20260922,main,pass,pass,0,0,559452288.0,0.06034,1.12184324265,1.18218324265,1.12486024265,498.6902507684326,473.2365235916584,497.35270817467534,5.1411366058601295,4.878727047336684,5.127347506955416,cuSPARSE 12.8.6,CUDA,13040,13000,2026-10-07T18:20:06.784973+00:00,derived,csr-alg2,0,0,,,,5,20,4,true
3,A100-SXM4-80GB-suitesparse_all-fp64-n64-row-major-cuSPARSE-SpMM-CSR-solve-only,cuSPARSE-SpMM-CSR-best-solve-only,cuSPARSE CUDA 13.4.1 CSR PER MATRIX BEST,per-matrix-best,cuSPARSE-SpMM-CSR,best,solve-only,"csr-alg1,csr-alg2,csr-alg3,csr-default",manual-selection,csr,CUSPARSE_SPMM_CSR_ALG3,library-preprocess,spmm.csr.fp64,fp64,A100-SXM4-80GB,A100-SXM4-80GB,,9700.0,1cb4d392-df77-5092-a407-ab8ee1286933,suitesparse_all,JGD_Franz/Franz5,Franz5,7382,2882,44056,64,row-major,N,N,1.0,0.0,20260922,main,pass,pass,0,0,5639168.0,0.103389,0.0143871992826,0.117776199283,0.0195566492826,391.957314918134,47.88037000964733,288.3504182394525,4.04079706101169,0.4936120619551271,2.972684724118067,cuSPARSE 12.8.6,CUDA,13040,13000,2026-10-08T01:15:03.687333+00:00,derived,csr-alg3,0,0,,,,5,20,4,true
3,A100-SXM4-80GB-suitesparse_all-fp64-n64-row-major-cuSPARSE-SpMM-CSR-solve-only,cuSPARSE-SpMM-CSR-best-solve-only,cuSPARSE CUDA 13.4.1 CSR PER MATRIX BEST,per-matrix-best,cuSPARSE-SpMM-CSR,best,solve-only,"csr-alg1,csr-alg2,csr-alg3,csr-default",manual-selection,csr,CUSPARSE_SPMM_CSR_ALG3,library-preprocess,spmm.csr.fp64,fp64,A100-SXM4-80GB,A100-SXM4-80GB,,9700.0,df7f742d-c1c4-51c9-b7da-d151d8293f2c,suitesparse_all,JGD_Franz/Franz6,Franz6,7576,3016,45456,64,row-major,N,N,1.0,0.0,20260922,main,pass,pass,0,0,5818368.0,0.0726,0.0178176000714,0.0904176000714,0.0214476000714,326.5517228293489,64.3499495165257,271.2829398455024,3.3665126064881328,0.6634015414074814,2.796731338613427,cuSPARSE 12.8.6,CUDA,13040,13000,2026-10-08T23:11:54.680838+00:00,derived,csr-alg3,0,0,,,,5,20,4,true
3,A100-SXM4-80GB-suitesparse_all-fp64-n64-row-major-cuSPARSE-SpMM-CSR-solve-only,cuSPARSE-SpMM-CSR-best-solve-only,cuSPARSE CUDA 13.4.1 CSR PER MATRIX BEST,per-matrix-best,cuSPARSE-SpMM-CSR,best,solve-only,"csr-alg1,csr-alg2,csr-alg3,csr-default",manual-selection,csr,CUSPARSE_SPMM_CSR_ALG3,library-preprocess,spmm.csr.fp64,fp64,A100-SXM4-80GB,A100-SXM4-80GB,,9700.0,0edb0287-e1df-52fd-b14b-f9e504b96222,suitesparse_all,JGD_Franz/Franz8,Franz8,16728,7176,100368,64,row-major,N,N,1.0,0.0,20260922,main,pass,pass,0,0,12847104.0,0.14407,0.0324095994234,0.176479599423,0.0396130994234,396.3981113177315,72.796538761441,324.3145370344598,4.0865784671931085,0.7504797810457835,3.3434488354068024,cuSPARSE 12.8.6,CUDA,13040,13000,2026-10-07T20:37:21.018368+00:00,derived,csr-alg3,0,0,,,,5,20,4,true
3,A100-SXM4-80GB-suitesparse_all-fp64-n64-row-major-cuSPARSE-SpMM-CSR-solve-only,cuSPARSE-SpMM-CSR-best-solve-only,cuSPARSE CUDA 13.4.1 CSR PER MATRIX BEST,per-matrix-best,cuSPARSE-SpMM-CSR,best,solve-only,"csr-alg1,csr-alg2,csr-alg3,csr-default",manual-selection,csr,CUSPARSE_SPMM_CSR_ALG3,library-preprocess,spmm.csr.fp64,fp64,A100-SXM4-80GB,A100-SXM4-80GB,,9700.0,0edb0287-e1df-52fd-b14b-f9e504b96222,suitesparse_all,JGD_G5/IG5-10,IG5-10,652,976,10273,64,row-major,N,N,1.0,0.0,20260922,main,pass,pass,0,0,1314944.0,0.06236,0.0102912001312,0.0726512001312,0.0134092001312,127.77363021184114,18.099411952250716,98.06282158027011,1.3172539197097024,0.18659187579639913,1.0109569235079392,cuSPARSE 12.8.6,CUDA,13040,13000,2026-10-07T20:37:21.866671+00:00,derived,csr-alg3,0,0,,,,5,20,4,true
3,A100-SXM4-80GB-suitesparse_all-fp64-n64-row-major-cuSPARSE-SpMM-CSR-solve-only,cuSPARSE-SpMM-CSR-best-solve-only,cuSPARSE CUDA 13.4.1 CSR PER MATRIX BEST,per-matrix-best,cuSPARSE-SpMM-CSR,best,solve-only,"csr-alg1,csr-alg2,csr-alg3,csr-default",manual-selection,csr,CUSPARSE_SPMM_CSR_ALG3,library-preprocess,spmm.csr.fp64,fp64,A100-SXM4-80GB,A100-SXM4-80GB,,9700.0,1cb4d392-df77-5092-a407-ab8ee1286933,suitesparse_all,JGD_G5/IG5-15,IG5-15,11369,11987,323509,64,row-major,N,N,1.0,0.0,20260922,main,pass,pass,0,0,41409152.0,0.14511,0.047769600153,0.192879600153,0.055025100153,866.8515513500577,214.68912195562706,752.5502340724472,8.936613931443894,2.21328991706832,7.758249835798425,cuSPARSE 12.8.6,CUDA,13040,13000,2026-10-08T01:15:05.856370+00:00,derived,csr-alg3,0,0,,,,5,20,4,true
3,A100-SXM4-80GB-suitesparse_all-fp64-n64-row-major-cuSPARSE-SpMM-CSR-solve-only,cuSPARSE-SpMM-CSR-best-solve-only,cuSPARSE CUDA 13.4.1 CSR PER MATRIX BEST,per-matrix-best,cuSPARSE-SpMM-CSR,best,solve-only,"csr-alg1,csr-alg2,csr-alg3,csr-default",manual-selection,csr,CUSPARSE_SPMM_CSR_ALG3,library-preprocess,spmm.csr.fp64,fp64,A100-SXM4-80GB,A100-SXM4-80GB,,9700.0,df7f742d-c1c4-51c9-b7da-d151d8293f2c,suitesparse_all,JGD_G5/IG5-16,IG5-16,18846,18485,588326,64,row-major,N,N,1.0,0.0,20260922,main,pass,pass,0,0,75305728.0,0.15448,0.0844287991524,0.238908799152,0.0921527991524,891.9436111375669,315.2070089812328,817.1832944049943,9.195294960181103,3.2495567936209566,8.424570045412311,cuSPARSE 12.8.6,CUDA,13040,13000,2026-10-08T23:11:57.883048+00:00,derived,csr-alg3,0,0,,,,5,20,4,true
3,A100-SXM4-80GB-suitesparse_all-fp64-n64-row-major-cuSPARSE-SpMM-CSR-solve-only,cuSPARSE-SpMM-CSR-best-solve-only,cuSPARSE CUDA 13.4.1 CSR PER MATRIX BEST,per-matrix-best,cuSPARSE-SpMM-CSR,best,solve-only,"csr-alg1,csr-alg2,csr-alg3,csr-default",manual-selection,csr,CUSPARSE_SPMM_CSR_ALG3,library-preprocess,spmm.csr.fp64,fp64,A100-SXM4-80GB,A100-SXM4-80GB,,9700.0,0edb0287-e1df-52fd-b14b-f9e504b96222,suitesparse_all,JGD_G5/IG5-18,IG5-18,47894,41550,1790490,64,row-major,N,N,1.0,0.0,20260922,main,pass,pass,0,0,229182720.0,0.14533,0.281855988503,0.427185988503,0.289122488503,813.1199241756066,536.4940006649832,792.6838247230359,8.382679630676357,5.5308659862369405,8.171998193020988,cuSPARSE 12.8.6,CUDA,13040,13000,2026-10-07T20:37:27.637134+00:00,derived,csr-alg3,0,0,,,,5,20,4,true
3,A100-SXM4-80GB-suitesparse_all-fp64-n64-row-major-cuSPARSE-SpMM-CSR-solve-only,cuSPARSE-SpMM-CSR-best-solve-only,cuSPARSE CUDA 13.4.1 CSR PER MATRIX BEST,per-matrix-best,cuSPARSE-SpMM-CSR,best,solve-only,"csr-alg1,csr-alg2,csr-alg3,csr-default",manual-selection,csr,CUSPARSE_SPMM_CSR_ALG3,library-preprocess,spmm.csr.fp64,fp64,A100-SXM4-80GB,A100-SXM4-80GB,,9700.0,1cb4d392-df77-5092-a407-ab8ee1286933,suitesparse_all,JGD_G5/IG5-7,IG5-7,62,150,549,64,row-major,N,N,1.0,0.0,20260922,main,pass,pass,0,0,70272.0,0.04586,0.00583680011332,0.0516968001133,0.00812980011332,12.039473450467186,1.3593104378992535,8.64375495344162,0.12411828299450707,0.01401350966906447,0.08911087580867649,cuSPARSE 12.8.6,CUDA,13040,13000,2026-10-08T01:15:04.284372+00:00,derived,csr-alg3,0,0,,,,5,20,4,true
3,A100-SXM4-80GB-suitesparse_all-fp64-n64-row-major-cuSPARSE-SpMM-CSR-solve-only,cuSPARSE-SpMM-CSR-best-solve-only,cuSPARSE CUDA 13.4.1 CSR PER MATRIX BEST,per-matrix-best,cuSPARSE-SpMM-CSR,best,solve-only,"csr-alg1,csr-alg2,csr-alg3,csr-default",manual-selection,csr,CUSPARSE_SPMM_CSR_ALG3,library-preprocess,spmm.csr.fp64,fp64,A100-SXM4-80GB,A100-SXM4-80GB,,9700.0,df7f742d-c1c4-51c9-b7da-d151d8293f2c,suitesparse_all,JGD_G5/IG5-8,IG5-8,156,292,1711,64,row-major,N,N,1.0,0.0,20260922,main,pass,pass,0,0,219008.0,0.056009,0.00931840017438,0.0653274001744,0.0121188501744,23.502746812928294,3.352467715159789,18.07168145890895,0.242296358896168,0.03456152283669886,0.18630599442174176,cuSPARSE 12.8.6,CUDA,13040,13000,2026-10-08T23:11:55.849398+00:00,derived,csr-alg3,0,0,,,,5,20,4,true
3,A100-SXM4-80GB-suitesparse_all-fp64-n64-row-major-cuSPARSE-SpMM-CSR-solve-only,cuSPARSE-SpMM-CSR-best-solve-only,cuSPARSE CUDA 13.4.1 CSR PER MATRIX BEST,per-matrix-best,cuSPARSE-SpMM-CSR,best,solve-only,"csr-alg1,csr-alg2,csr-alg3,csr-default",manual-selection,csr,CUSPARSE_SPMM_CSR_ALG3,library-preprocess,spmm.csr.fp64,fp64,A100-SXM4-80GB,A100-SXM4-80GB,,9700.0,1cb4d392-df77-5092-a407-ab8ee1286933,suitesparse_all,JGD_GL6/GL6_D_10,GL6_D_10,163,341,2053,64,row-major,N,N,1.0,0.0,20260922,main,pass,pass,0,0,262784.0,0.05981,0.00783360004425,0.0676436000443,0.0108241000443,33.545751444495565,3.8848316740667546,24.27767656659666,0.34583248911851094,0.04004981107285314,0.25028532542883153,cuSPARSE 12.8.6,CUDA,13040,13000,2026-10-08T01:15:06.492708+00:00,derived,csr-alg3,0,0,,,,5,20,4,true
3,A100-SXM4-80GB-suitesparse_all-fp64-n64-row-major-cuSPARSE-SpMM-CSR-solve-only,cuSPARSE-SpMM-CSR-best-solve-only,cuSPARSE CUDA 13.4.1 CSR PER MATRIX BEST,per-matrix-best,cuSPARSE-SpMM-CSR,best,solve-only,"csr-alg1,csr-alg2,csr-alg3,csr-default",manual-selection,csr,CUSPARSE_SPMM_CSR_ALG3,library-preprocess,spmm.csr.fp64,fp64,A100-SXM4-80GB,A100-SXM4-80GB,,9700.0,df7f742d-c1c4-51c9-b7da-d151d8293f2c,suitesparse_all,JGD_GL7d/GL7d10,GL7d10,1,60,8,64,row-major,N,N,1.0,0.0,20260922,main,pass,pass,0,0,1024.0,0.05534,0.00563200004399,0.060972000044,0.00839900004399,0.18181818039805012,0.01679459422785931,0.12191927546574248,0.0018744142309077333,0.00017314014667896196,0.0012568997470695101,cuSPARSE 12.8.6,CUDA,13040,13000,2026-10-08T23:11:58.475208+00:00,derived,csr-alg3,0,0,,,,5,20,4,true
3,A100-SXM4-80GB-suitesparse_all-fp64-n64-row-major-cuSPARSE-SpMM-CSR-solve-only,cuSPARSE-SpMM-CSR-best-solve-only,cuSPARSE CUDA 13.4.1 CSR PER MATRIX BEST,per-matrix-best,cuSPARSE-SpMM-CSR,best,solve-only,"csr-alg1,csr-alg2,csr-alg3,csr-default",manual-selection,csr,CUSPARSE_SPMM_CSR_ALG3,library-preprocess,spmm.csr.fp64,fp64,A100-SXM4-80GB,A100-SXM4-80GB,,9700.0,0edb0287-e1df-52fd-b14b-f9e504b96222,suitesparse_all,JGD_GL7d/GL7d12,GL7d12,8899,1019,37519,64,row-major,N,N,1.0,0.0,20260922,main,pass,pass,0,0,4802432.0,0.119711,0.020070399344,0.139781399344,0.026055949344,239.27934455552702,34.356731457390005,184.312301831592,2.466797366551825,0.3541931078081444,1.900126823006103,cuSPARSE 12.8.6,CUDA,13040,13000,2026-10-07T20:37:28.491308+00:00,derived,csr-alg3,0,0,,,,5,20,4,true
3,A100-SXM4-80GB-suitesparse_all-fp64-n64-row-major-cuSPARSE-SpMM-CSR-solve-only,cuSPARSE-SpMM-CSR-best-solve-only,cuSPARSE CUDA 13.4.1 CSR PER MATRIX BEST,per-matrix-best,cuSPARSE-SpMM-CSR,best,solve-only,"csr-alg1,csr-alg2,csr-alg3,csr-default",manual-selection,csr,CUSPARSE_SPMM_CSR_ALG2,library-preprocess,spmm.csr.fp64,fp64,A100-SXM4-80GB,A100-SXM4-80GB,,9700.0,1cb4d392-df77-5092-a407-ab8ee1286933,suitesparse_all,JGD_GL7d/GL7d17,GL7d17,1548650,955128,25978098,64,row-major,N,N,1.0,0.0,20260922,main,pass,pass,0,0,3325196544.0,2.796051,9.03014068604,11.826191686,9.16994323604,368.23308291758224,281.1722177593664,362.6190978948711,3.796217349665796,2.8986826573130555,3.7383412154110425,cuSPARSE 12.8.6,CUDA,13040,13000,2026-10-07T23:09:29.471383+00:00,derived,csr-alg2,0,0,,,,5,20,4,true
3,A100-SXM4-80GB-suitesparse_all-fp64-n64-row-major-cuSPARSE-SpMM-CSR-solve-only,cuSPARSE-SpMM-CSR-best-solve-only,cuSPARSE CUDA 13.4.1 CSR PER MATRIX BEST,per-matrix-best,cuSPARSE-SpMM-CSR,best,solve-only,"csr-alg1,csr-alg2,csr-alg3,csr-default",manual-selection,csr,CUSPARSE_SPMM_CSR_ALG3,library-preprocess,spmm.csr.fp64,fp64,A100-SXM4-80GB,A100-SXM4-80GB,,9700.0,df7f742d-c1c4-51c9-b7da-d151d8293f2c,suitesparse_all,JGD_GL7d/GL7d18,GL7d18,1955309,1548650,35590540,64,row-major,N,N,1.0,0.0,20260922,main,pass,pass,0,0,4555589120.0,0.97215,12.7537666321,13.7259166321,12.8023741321,357.1955839723476,331.89689563945836,355.83939923904853,3.682428700745852,3.4216174808191586,3.6684474148355517,cuSPARSE 12.8.6,CUDA,13040,13000,2026-10-08T23:14:06.090775+00:00,derived,csr-alg3,0,0,,,,5,20,4,true
3,A100-SXM4-80GB-suitesparse_all-fp64-n64-row-major-cuSPARSE-SpMM-CSR-solve-only,cuSPARSE-SpMM-CSR-best-solve-only,cuSPARSE CUDA 13.4.1 CSR PER MATRIX BEST,per-matrix-best,cuSPARSE-SpMM-CSR,best,solve-only,"csr-alg1,csr-alg2,csr-alg3,csr-default",manual-selection,csr,CUSPARSE_SPMM_CSR_ALG2,library-preprocess,spmm.csr.fp64,fp64,A100-SXM4-80GB,A100-SXM4-80GB,,9700.0,0edb0287-e1df-52fd-b14b-f9e504b96222,suitesparse_all,JGD_GL7d/GL7d20,GL7d20,1437547,1911130,29893084,64,row-major,N,N,1.0,0.0,20260922,main,pass,pass,0,0,3826314752.0,0.405481,10.6145278931,11.0200088931,10.6348019431,360.4790331265986,347.2152145354243,359.79182052210797,3.71627869202679,3.579538294179632,3.709194026001113,cuSPARSE 12.8.6,CUDA,13040,13000,2026-10-07T18:22:21.926514+00:00,derived,csr-alg2,0,0,,,,5,20,4,true
3,A100-SXM4-80GB-suitesparse_all-fp64-n64-row-major-cuSPARSE-SpMM-CSR-solve-only,cuSPARSE-SpMM-CSR-best-solve-only,cuSPARSE CUDA 13.4.1 CSR PER MATRIX BEST,per-matrix-best,cuSPARSE-SpMM-CSR,best,solve-only,"csr-alg1,csr-alg2,csr-alg3,csr-default",manual-selection,csr,CUSPARSE_SPMM_CSR_ALG2,library-preprocess,spmm.csr.fp64,fp64,A100-SXM4-80GB,A100-SXM4-80GB,,9700.0,1cb4d392-df77-5092-a407-ab8ee1286933,suitesparse_all,JGD_GL7d/GL7d25,GL7d25,2798,21074,81671,64,row-major,N,N,1.0,0.0,20260922,main,pass,pass,0,0,10453888.0,0.017209,0.0232447996736,0.0404537996736,0.0241052496736,449.73018252649763,258.41547850503076,433.6768190146177,4.63639363429379,2.664077097990008,4.470895041387812,cuSPARSE 12.8.6,CUDA,13040,13000,2026-10-07T23:09:30.552544+00:00,derived,csr-alg2,0,0,,,,5,20,4,true
3,A100-SXM4-80GB-suitesparse_all-fp64-n64-row-major-cuSPARSE-SpMM-CSR-solve-only,cuSPARSE-SpMM-CSR-best-solve-only,cuSPARSE CUDA 13.4.1 CSR PER MATRIX BEST,per-matrix-best,cuSPARSE-SpMM-CSR,best,solve-only,"csr-alg1,csr-alg2,csr-alg3,csr-default",manual-selection,csr,CUSPARSE_SPMM_CSR_ALG2,library-preprocess,spmm.csr.fp64,fp64,A100-SXM4-80GB,A100-SXM4-80GB,,9700.0,df7f742d-c1c4-51c9-b7da-d151d8293f2c,suitesparse_all,JGD_GL7d/GL7d26,GL7d26,305,2798,7412,64,row-major,N,N,1.0,0.0,20260922,main,pass,pass,0,0,948736.0,0.01266,0.0193023994565,0.0319623994565,0.0199353994565,49.15119501790837,29.68287788566078,47.59051866857183,0.5067133507000863,0.30600905036763687,0.49062390379970955,cuSPARSE 12.8.6,CUDA,13040,13000,2026-10-08T20:39:07.547651+00:00,derived,csr-alg2,0,0,,,,5,20,4,true
3,A100-SXM4-80GB-suitesparse_all-fp64-n64-row-major-cuSPARSE-SpMM-CSR-solve-only,cuSPARSE-SpMM-CSR-best-solve-only,cuSPARSE CUDA 13.4.1 CSR PER MATRIX BEST,per-matrix-best,cuSPARSE-SpMM-CSR,best,solve-only,"csr-alg1,csr-alg2,csr-alg3,csr-default",manual-selection,csr,CUSPARSE_SPMM_CSR_ALG3,library-preprocess,spmm.csr.fp64,fp64,A100-SXM4-80GB,A100-SXM4-80GB,,9700.0,0edb0287-e1df-52fd-b14b-f9e504b96222,suitesparse_all,JGD_Groebner/c8_mat11_I,c8_mat11_I,4562,5761,2462970,64,row-major,N,N,1.0,0.0,20260922,main,pass,pass,0,0,315260160.0,0.137569,0.290867209435,0.428436209435,0.297745659435,1083.8628410963977,735.8392055978396,1058.823697373911,11.173843722643277,7.585971191730305,10.915708220349599,cuSPARSE 12.8.6,CUDA,13040,13000,2026-10-07T20:39:39.975952+00:00,derived,csr-alg3,0,0,,,,5,20,4,true
3,A100-SXM4-80GB-suitesparse_all-fp64-n64-row-major-cuSPARSE-SpMM-CSR-solve-only,cuSPARSE-SpMM-CSR-best-solve-only,cuSPARSE CUDA 13.4.1 CSR PER MATRIX BEST,per-matrix-best,cuSPARSE-SpMM-CSR,best,solve-only,"csr-alg1,csr-alg2,csr-alg3,csr-default",manual-selection,csr,CUSPARSE_SPMM_CSR_ALG3,library-preprocess,spmm.csr.fp64,fp64,A100-SXM4-80GB,A100-SXM4-80GB,,9700.0,1cb4d392-df77-5092-a407-ab8ee1286933,suitesparse_all,JGD_Groebner/robot24c1_mat5,robot24c1_mat5,404,302,15118,64,row-major,N,N,1.0,0.0,20260922,main,pass,pass,0,0,1935104.0,0.05656,0.0116223998368,0.0681823998368,0.0144503998368,166.49779969476538,28.38128321431668,133.91352639751756,1.716472161801705,0.2925905486012029,1.3805518185311088,cuSPARSE 12.8.6,CUDA,13040,13000,2026-10-08T01:16:39.114542+00:00,derived,csr-alg3,0,0,,,,5,20,4,true
3,A100-SXM4-80GB-suitesparse_all-fp64-n64-row-major-cuSPARSE-SpMM-CSR-solve-only,cuSPARSE-SpMM-CSR-best-solve-only,cuSPARSE CUDA 13.4.1 CSR PER MATRIX BEST,per-matrix-best,cuSPARSE-SpMM-CSR,best,solve-only,"csr-alg1,csr-alg2,csr-alg3,csr-default",manual-selection,csr,CUSPARSE_SPMM_CSR_ALG3,library-preprocess,spmm.csr.fp64,fp64,A100-SXM4-80GB,A100-SXM4-80GB,,9700.0,df7f742d-c1c4-51c9-b7da-d151d8293f2c,suitesparse_all,JGD_Groebner/robot24c1_mat5_J,robot24c1_mat5_J,302,404,15118,64,row-major,N,N,1.0,0.0,20260922,main,pass,pass,0,0,1935104.0,0.05631,0.0172544002533,0.0735644002533,0.0200699002533,112.15133366515597,26.304897387010154,96.4182171100636,1.1561993161356285,0.27118450914443454,0.9940022382480783,cuSPARSE 12.8.6,CUDA,13040,13000,2026-10-08T23:14:07.613903+00:00,derived,csr-alg3,0,0,,,,5,20,4,true
3,A100-SXM4-80GB-suitesparse_all-fp64-n64-row-major-cuSPARSE-SpMM-CSR-solve-only,cuSPARSE-SpMM-CSR-best-solve-only,cuSPARSE CUDA 13.4.1 CSR PER MATRIX BEST,per-matrix-best,cuSPARSE-SpMM-CSR,best,solve-only,"csr-alg1,csr-alg2,csr-alg3,csr-default",manual-selection,csr,CUSPARSE_SPMM_CSR_ALG3,library-preprocess,spmm.csr.fp64,fp64,A100-SXM4-80GB,A100-SXM4-80GB,,9700.0,0edb0287-e1df-52fd-b14b-f9e504b96222,suitesparse_all,JGD_Homology/ch3-3-b2,ch3-3-b2,6,18,18,64,row-major,N,N,1.0,0.0,20260922,main,pass,pass,0,0,2304.0,0.05281,0.005496000126,0.058306000126,0.008136500126,0.41921396418832607,0.03951565868042786,0.2831684341327078,0.004321793445240475,0.0004073779245404934,0.002919262207553689,cuSPARSE 12.8.6,CUDA,13040,13000,2026-10-07T20:39:40.954691+00:00,derived,csr-alg3,0,0,,,,5,20,4,true
3,A100-SXM4-80GB-suitesparse_all-fp64-n64-row-major-cuSPARSE-SpMM-CSR-solve-only,cuSPARSE-SpMM-CSR-best-solve-only,cuSPARSE CUDA 13.4.1 CSR PER MATRIX BEST,per-matrix-best,cuSPARSE-SpMM-CSR,best,solve-only,"csr-alg1,csr-alg2,csr-alg3,csr-default",manual-selection,csr,CUSPARSE_SPMM_CSR_ALG3,library-preprocess,spmm.csr.fp64,fp64,A100-SXM4-80GB,A100-SXM4-80GB,,9700.0,1cb4d392-df77-5092-a407-ab8ee1286933,suitesparse_all,JGD_Homology/ch5-5-b2,ch5-5-b2,600,200,1800,64,row-major,N,N,1.0,0.0,20260922,main,pass,pass,0,0,230400.0,0.04958,0.00593920014799,0.055519200148,0.00841820014799,38.79310248164884,4.149915693774631,27.369270859521233,0.39992889156339007,0.04278263601829516,0.282157431541456,cuSPARSE 12.8.6,CUDA,13040,13000,2026-10-08T01:16:39.760405+00:00,derived,csr-alg3,0,0,,,,5,20,4,true
3,A100-SXM4-80GB-suitesparse_all-fp64-n64-row-major-cuSPARSE-SpMM-CSR-solve-only,cuSPARSE-SpMM-CSR-best-solve-only,cuSPARSE CUDA 13.4.1 CSR PER MATRIX BEST,per-matrix-best,cuSPARSE-SpMM-CSR,best,solve-only,"csr-alg1,csr-alg2,csr-alg3,csr-default",manual-selection,csr,CUSPARSE_SPMM_CSR_ALG3,library-preprocess,spmm.csr.fp64,fp64,A100-SXM4-80GB,A100-SXM4-80GB,,9700.0,df7f742d-c1c4-51c9-b7da-d151d8293f2c,suitesparse_all,JGD_Homology/ch5-5-b3,ch5-5-b3,600,600,2400,64,row-major,N,N,1.0,0.0,20260922,main,pass,pass,0,0,307200.0,0.05559,0.00604160018265,0.0616316001827,0.00882110018265,50.84745608989541,4.9844560110290805,34.825587924307214,0.5242005782463444,0.05138614444359877,0.3590266796320331,cuSPARSE 12.8.6,CUDA,13040,13000,2026-10-08T23:14:08.567415+00:00,derived,csr-alg3,0,0,,,,5,20,4,true
3,A100-SXM4-80GB-suitesparse_all-fp64-n64-row-major-cuSPARSE-SpMM-CSR-solve-only,cuSPARSE-SpMM-CSR-best-solve-only,cuSPARSE CUDA 13.4.1 CSR PER MATRIX BEST,per-matrix-best,cuSPARSE-SpMM-CSR,best,solve-only,"csr-alg1,csr-alg2,csr-alg3,csr-default",manual-selection,csr,CUSPARSE_SPMM_CSR_ALG3,library-preprocess,spmm.csr.fp64,fp64,A100-SXM4-80GB,A100-SXM4-80GB,,9700.0,0edb0287-e1df-52fd-b14b-f9e504b96222,suitesparse_all,JGD_Homology/ch6-6-b1,ch6-6-b1,450,36,900,64,row-major,N,N,1.0,0.0,20260922,main,pass,pass,0,0,115200.0,0.05095,0.00570239983499,0.056652399835,0.00824989983499,20.20202078660484,2.033453134121763,13.963805901182754,0.20826825553200864,0.020963434372389313,0.14395676186786344,cuSPARSE 12.8.6,CUDA,13040,13000,2026-10-07T20:39:41.996827+00:00,derived,csr-alg3,0,0,,,,5,20,4,true
3,A100-SXM4-80GB-suitesparse_all-fp64-n64-row-major-cuSPARSE-SpMM-CSR-solve-only,cuSPARSE-SpMM-CSR-best-solve-only,cuSPARSE CUDA 13.4.1 CSR PER MATRIX BEST,per-matrix-best,cuSPARSE-SpMM-CSR,best,solve-only,"csr-alg1,csr-alg2,csr-alg3,csr-default",manual-selection,csr,CUSPARSE_SPMM_CSR_ALG3,library-preprocess,spmm.csr.fp64,fp64,A100-SXM4-80GB,A100-SXM4-80GB,,9700.0,1cb4d392-df77-5092-a407-ab8ee1286933,suitesparse_all,JGD_Homology/ch7-6-b1,ch7-6-b1,630,42,1260,64,row-major,N,N,1.0,0.0,20260922,main,pass,pass,0,0,161280.0,0.05656,0.00593920014799,0.062499200148,0.00876720014799,27.155171737154184,2.5805130244560583,18.39583872588738,0.27995022409437303,0.02660322705624802,0.18964782191636473,cuSPARSE 12.8.6,CUDA,13040,13000,2026-10-08T01:16:40.356273+00:00,derived,csr-alg3,0,0,,,,5,20,4,true
3,A100-SXM4-80GB-suitesparse_all-fp64-n64-row-major-cuSPARSE-SpMM-CSR-solve-only,cuSPARSE-SpMM-CSR-best-solve-only,cuSPARSE CUDA 13.4.1 CSR PER MATRIX BEST,per-matrix-best,cuSPARSE-SpMM-CSR,best,solve-only,"csr-alg1,csr-alg2,csr-alg3,csr-default",manual-selection,csr,CUSPARSE_SPMM_CSR_ALG3,library-preprocess,spmm.csr.fp64,fp64,A100-SXM4-80GB,A100-SXM4-80GB,,9700.0,df7f742d-c1c4-51c9-b7da-d151d8293f2c,suitesparse_all,JGD_Homology/ch7-6-b2,ch7-6-b2,4200,630,12600,64,row-major,N,N,1.0,0.0,20260922,main,pass,pass,0,0,1612800.0,0.05371,0.0120319999754,0.0657419999754,0.0147174999754,134.04255346554578,24.532262489785733,109.58382895843467,1.3818819944901628,0.25290992257511064,1.12973019544778,cuSPARSE 12.8.6,CUDA,13040,13000,2026-10-08T23:14:09.373169+00:00,derived,csr-alg3,0,0,,,,5,20,4,true
3,A100-SXM4-80GB-suitesparse_all-fp64-n64-row-major-cuSPARSE-SpMM-CSR-solve-only,cuSPARSE-SpMM-CSR-best-solve-only,cuSPARSE CUDA 13.4.1 CSR PER MATRIX BEST,per-matrix-best,cuSPARSE-SpMM-CSR,best,solve-only,"csr-alg1,csr-alg2,csr-alg3,csr-default",manual-selection,csr,CUSPARSE_SPMM_CSR_ALG2,library-preprocess,spmm.csr.fp64,fp64,A100-SXM4-80GB,A100-SXM4-80GB,,9700.0,0edb0287-e1df-52fd-b14b-f9e504b96222,suitesparse_all,JGD_Homology/ch7-6-b4,ch7-6-b4,15120,12600,75600,64,row-major,N,N,1.0,0.0,20260922,main,pass,pass,0,0,9676800.0,0.04016,0.0304639995098,0.0706239995098,0.0324719995098,317.6470639348277,137.01857820523486,298.0044390885001,3.2747119993281206,1.4125626619096376,3.072210712252578,cuSPARSE 12.8.6,CUDA,13040,13000,2026-10-07T18:22:30.574516+00:00,derived,csr-alg2,0,0,,,,5,20,4,true
3,A100-SXM4-80GB-suitesparse_all-fp64-n64-row-major-cuSPARSE-SpMM-CSR-solve-only,cuSPARSE-SpMM-CSR-best-solve-only,cuSPARSE CUDA 13.4.1 CSR PER MATRIX BEST,per-matrix-best,cuSPARSE-SpMM-CSR,best,solve-only,"csr-alg1,csr-alg2,csr-alg3,csr-default",manual-selection,csr,CUSPARSE_SPMM_CSR_ALG3,library-preprocess,spmm.csr.fp64,fp64,A100-SXM4-80GB,A100-SXM4-80GB,,9700.0,1cb4d392-df77-5092-a407-ab8ee1286933,suitesparse_all,JGD_Homology/ch7-8-b1,ch7-8-b1,1176,56,2352,64,row-major,N,N,1.0,0.0,20260922,main,pass,pass,0,0,301056.0,0.05693,0.00686080008745,0.0637908000875,0.00970730008745,43.880596455608945,4.719426619309527,31.01336079938619,0.4523772830475149,0.04865388267329409,0.319725369065837,cuSPARSE 12.8.6,CUDA,13040,13000,2026-10-08T01:16:40.977456+00:00,derived,csr-alg3,0,0,,,,5,20,4,true
3,A100-SXM4-80GB-suitesparse_all-fp64-n64-row-major-cuSPARSE-SpMM-CSR-solve-only,cuSPARSE-SpMM-CSR-best-solve-only,cuSPARSE CUDA 13.4.1 CSR PER MATRIX BEST,per-matrix-best,cuSPARSE-SpMM-CSR,best,solve-only,"csr-alg1,csr-alg2,csr-alg3,csr-default",manual-selection,csr,CUSPARSE_SPMM_CSR_ALG3,library-preprocess,spmm.csr.fp64,fp64,A100-SXM4-80GB,A100-SXM4-80GB,,9700.0,df7f742d-c1c4-51c9-b7da-d151d8293f2c,suitesparse_all,JGD_Homology/ch7-8-b2,ch7-8-b2,11760,1176,35280,64,row-major,N,N,1.0,0.0,20260922,main,pass,pass,0,0,4515840.0,0.10958,0.0237568005919,0.133336800592,0.0292358005919,190.0862021605594,33.86791928372506,154.46267619061365,1.959651568665561,0.34915380704871196,1.5923987236145736,cuSPARSE 12.8.6,CUDA,13040,13000,2026-10-08T23:14:10.270573+00:00,derived,csr-alg3,0,0,,,,5,20,4,true
3,A100-SXM4-80GB-suitesparse_all-fp64-n64-row-major-cuSPARSE-SpMM-CSR-solve-only,cuSPARSE-SpMM-CSR-best-solve-only,cuSPARSE CUDA 13.4.1 CSR PER MATRIX BEST,per-matrix-best,cuSPARSE-SpMM-CSR,best,solve-only,"csr-alg1,csr-alg2,csr-alg3,csr-default",manual-selection,csr,CUSPARSE_SPMM_CSR_ALG2,library-preprocess,spmm.csr.fp64,fp64,A100-SXM4-80GB,A100-SXM4-80GB,,9700.0,0edb0287-e1df-52fd-b14b-f9e504b96222,suitesparse_all,JGD_Homology/ch7-8-b4,ch7-8-b4,141120,58800,705600,64,row-major,N,N,1.0,0.0,20260922,main,pass,pass,0,0,90316800.0,0.09272,0.211507201195,0.304227201195,0.216143201195,427.0152481320578,296.8728622727913,417.8563077656929,4.402219052907812,3.0605449718844464,4.307796987275185,cuSPARSE 12.8.6,CUDA,13040,13000,2026-10-07T18:22:35.099980+00:00,derived,csr-alg2,0,0,,,,5,20,4,true
3,A100-SXM4-80GB-suitesparse_all-fp64-n64-row-major-cuSPARSE-SpMM-CSR-solve-only,cuSPARSE-SpMM-CSR-best-solve-only,cuSPARSE CUDA 13.4.1 CSR PER MATRIX BEST,per-matrix-best,cuSPARSE-SpMM-CSR,best,solve-only,"csr-alg1,csr-alg2,csr-alg3,csr-default",manual-selection,csr,CUSPARSE_SPMM_CSR_ALG2,library-preprocess,spmm.csr.fp64,fp64,A100-SXM4-80GB,A100-SXM4-80GB,,9700.0,1cb4d392-df77-5092-a407-ab8ee1286933,suitesparse_all,JGD_Homology/ch7-9-b4,ch7-9-b4,317520,105840,1587600,64,row-major,N,N,1.0,0.0,20260922,main,pass,pass,0,0,203212800.0,0.07642,0.798719978333,0.875139978333,0.802540978333,254.42308382485098,232.2060527815076,253.2117430590323,2.6229183899469173,2.3938768327990476,2.610430340814766,cuSPARSE 12.8.6,CUDA,13040,13000,2026-10-07T23:09:42.515950+00:00,derived,csr-alg2,0,0,,,,5,20,4,true
3,A100-SXM4-80GB-suitesparse_all-fp64-n64-row-major-cuSPARSE-SpMM-CSR-solve-only,cuSPARSE-SpMM-CSR-best-solve-only,cuSPARSE CUDA 13.4.1 CSR PER MATRIX BEST,per-matrix-best,cuSPARSE-SpMM-CSR,best,solve-only,"csr-alg1,csr-alg2,csr-alg3,csr-default",manual-selection,csr,CUSPARSE_SPMM_CSR_ALG2,library-preprocess,spmm.csr.fp64,fp64,A100-SXM4-80GB,A100-SXM4-80GB,,9700.0,df7f742d-c1c4-51c9-b7da-d151d8293f2c,suitesparse_all,JGD_Homology/ch7-9-b5,ch7-9-b5,423360,317520,2540160,64,row-major,N,N,1.0,0.0,20260922,main,pass,pass,0,0,325140480.0,0.46405,0.729907178879,1.19395717888,0.753109678879,445.45455834446585,272.32172623225927,431.73058203682893,4.59231503447903,2.8074404766212298,4.450830742647721,cuSPARSE 12.8.6,CUDA,13040,13000,2026-10-08T20:39:22.165858+00:00,derived,csr-alg2,0,0,,,,5,20,4,true
3,A100-SXM4-80GB-suitesparse_all-fp64-n64-row-major-cuSPARSE-SpMM-CSR-solve-only,cuSPARSE-SpMM-CSR-best-solve-only,cuSPARSE CUDA 13.4.1 CSR PER MATRIX BEST,per-matrix-best,cuSPARSE-SpMM-CSR,best,solve-only,"csr-alg1,csr-alg2,csr-alg3,csr-default",manual-selection,csr,CUSPARSE_SPMM_CSR_ALG2,library-preprocess,spmm.csr.fp64,fp64,A100-SXM4-80GB,A100-SXM4-80GB,,9700.0,0edb0287-e1df-52fd-b14b-f9e504b96222,suitesparse_all,JGD_Homology/ch8-8-b2,ch8-8-b2,18816,1568,56448,64,row-major,N,N,1.0,0.0,20260922,main,pass,pass,0,0,7225344.0,0.05304,0.0299519985914,0.0829919985914,0.0326039985914,241.23078057551007,87.06073022259669,221.60913728863426,2.4869152636650522,0.8975333012638834,2.2846302813261263,cuSPARSE 12.8.6,CUDA,13040,13000,2026-10-07T18:22:36.040295+00:00,derived,csr-alg2,0,0,,,,5,20,4,true
3,A100-SXM4-80GB-suitesparse_all-fp64-n64-row-major-cuSPARSE-SpMM-CSR-solve-only,cuSPARSE-SpMM-CSR-best-solve-only,cuSPARSE CUDA 13.4.1 CSR PER MATRIX BEST,per-matrix-best,cuSPARSE-SpMM-CSR,best,solve-only,"csr-alg1,csr-alg2,csr-alg3,csr-default",manual-selection,csr,CUSPARSE_SPMM_CSR_ALG3,library-preprocess,spmm.csr.fp64,fp64,A100-SXM4-80GB,A100-SXM4-80GB,,9700.0,1cb4d392-df77-5092-a407-ab8ee1286933,suitesparse_all,JGD_Homology/cis-n4c6-b13,cis-n4c6-b13,6300,25605,88200,64,row-major,N,N,1.0,0.0,20260922,main,pass,pass,0,0,11289600.0,0.10713,0.0209408000112,0.128070800011,0.0262973000112,539.1198041126346,88.15124133705996,429.3064305153673,5.557936124872522,0.908775683887216,4.425839489849148,cuSPARSE 12.8.6,CUDA,13040,13000,2026-10-08T01:16:49.809637+00:00,derived,csr-alg3,0,0,,,,5,20,4,true
3,A100-SXM4-80GB-suitesparse_all-fp64-n64-row-major-cuSPARSE-SpMM-CSR-solve-only,cuSPARSE-SpMM-CSR-best-solve-only,cuSPARSE CUDA 13.4.1 CSR PER MATRIX BEST,per-matrix-best,cuSPARSE-SpMM-CSR,best,solve-only,"csr-alg1,csr-alg2,csr-alg3,csr-default",manual-selection,csr,CUSPARSE_SPMM_CSR_ALG3,library-preprocess,spmm.csr.fp64,fp64,A100-SXM4-80GB,A100-SXM4-80GB,,9700.0,df7f742d-c1c4-51c9-b7da-d151d8293f2c,suitesparse_all,JGD_Homology/cis-n4c6-b14,cis-n4c6-b14,920,6300,13800,64,row-major,N,N,1.0,0.0,20260922,main,pass,pass,0,0,1766400.0,0.05327,0.00824320018291,0.0615132001829,0.0109067001829,214.28570953088615,28.715787745522626,161.9554925301274,2.20913102609161,0.29603904892291366,1.6696442528879114,cuSPARSE 12.8.6,CUDA,13040,13000,2026-10-08T23:14:22.795672+00:00,derived,csr-alg3,0,0,,,,5,20,4,true
3,A100-SXM4-80GB-suitesparse_all-fp64-n64-row-major-cuSPARSE-SpMM-CSR-solve-only,cuSPARSE-SpMM-CSR-best-solve-only,cuSPARSE CUDA 13.4.1 CSR PER MATRIX BEST,per-matrix-best,cuSPARSE-SpMM-CSR,best,solve-only,"csr-alg1,csr-alg2,csr-alg3,csr-default",manual-selection,csr,CUSPARSE_SPMM_CSR_ALG3,library-preprocess,spmm.csr.fp64,fp64,A100-SXM4-80GB,A100-SXM4-80GB,,9700.0,0edb0287-e1df-52fd-b14b-f9e504b96222,suitesparse_all,JGD_Homology/cis-n4c6-b2,cis-n4c6-b2,1330,210,3990,64,row-major,N,N,1.0,0.0,20260922,main,pass,pass,0,0,510720.0,0.05204,0.00675840005279,0.0587984000528,0.00936040005279,75.56818122791722,8.68595063031276,54.561770556780075,0.7790534147207961,0.0895458827867295,0.5624924799668048,cuSPARSE 12.8.6,CUDA,13040,13000,2026-10-07T20:39:49.584875+00:00,derived,csr-alg3,0,0,,,,5,20,4,true
3,A100-SXM4-80GB-suitesparse_all-fp64-n64-row-major-cuSPARSE-SpMM-CSR-solve-only,cuSPARSE-SpMM-CSR-best-solve-only,cuSPARSE CUDA 13.4.1 CSR PER MATRIX BEST,per-matrix-best,cuSPARSE-SpMM-CSR,best,solve-only,"csr-alg1,csr-alg2,csr-alg3,csr-default",manual-selection,csr,CUSPARSE_SPMM_CSR_ALG3,library-preprocess,spmm.csr.fp64,fp64,A100-SXM4-80GB,A100-SXM4-80GB,,9700.0,1cb4d392-df77-5092-a407-ab8ee1286933,suitesparse_all,JGD_Homology/klein-b2,klein-b2,20,30,60,64,row-major,N,N,1.0,0.0,20260922,main,pass,pass,0,0,7680.0,0.04724,0.00558080002666,0.0528208000267,0.00794280002666,1.3761467824168447,0.14539726766951455,0.966913427786434,0.014187080231101493,0.0014989409038094284,0.00996817966790138,cuSPARSE 12.8.6,CUDA,13040,13000,2026-10-08T01:16:50.410594+00:00,derived,csr-alg3,0,0,,,,5,20,4,true
3,A100-SXM4-80GB-suitesparse_all-fp64-n64-row-major-cuSPARSE-SpMM-CSR-solve-only,cuSPARSE-SpMM-CSR-best-solve-only,cuSPARSE CUDA 13.4.1 CSR PER MATRIX BEST,per-matrix-best,cuSPARSE-SpMM-CSR,best,solve-only,"csr-alg1,csr-alg2,csr-alg3,csr-default",manual-selection,csr,CUSPARSE_SPMM_CSR_ALG3,library-preprocess,spmm.csr.fp64,fp64,A100-SXM4-80GB,A100-SXM4-80GB,,9700.0,df7f742d-c1c4-51c9-b7da-d151d8293f2c,suitesparse_all,JGD_Homology/lutz30-23-b6,lutz30-23-b6,1716,3003,12012,64,row-major,N,N,1.0,0.0,20260922,main,pass,pass,0,0,1537536.0,0.05196,0.00752639994025,0.0594863999403,0.0101243999403,204.2857159074819,25.846849053616573,151.86440767515163,2.1060383083245555,0.2664623613774904,1.565612450259295,cuSPARSE 12.8.6,CUDA,13040,13000,2026-10-08T23:14:23.448515+00:00,derived,csr-alg3,0,0,,,,5,20,4,true
3,A100-SXM4-80GB-suitesparse_all-fp64-n64-row-major-cuSPARSE-SpMM-CSR-solve-only,cuSPARSE-SpMM-CSR-best-solve-only,cuSPARSE CUDA 13.4.1 CSR PER MATRIX BEST,per-matrix-best,cuSPARSE-SpMM-CSR,best,solve-only,"csr-alg1,csr-alg2,csr-alg3,csr-default",manual-selection,csr,CUSPARSE_SPMM_CSR_ALG3,library-preprocess,spmm.csr.fp64,fp64,A100-SXM4-80GB,A100-SXM4-80GB,,9700.0,0edb0287-e1df-52fd-b14b-f9e504b96222,suitesparse_all,JGD_Homology/mk10-b1,mk10-b1,630,45,1260,64,row-major,N,N,1.0,0.0,20260922,main,pass,pass,0,0,161280.0,0.06065,0.00588800013065,0.0665380001307,0.00892050013065,27.39130374003501,2.423878079942275,18.07970378766736,0.2823845746395362,0.024988433813837887,0.18638869884193152,cuSPARSE 12.8.6,CUDA,13040,13000,2026-10-07T20:39:50.627212+00:00,derived,csr-alg3,0,0,,,,5,20,4,true
3,A100-SXM4-80GB-suitesparse_all-fp64-n64-row-major-cuSPARSE-SpMM-CSR-solve-only,cuSPARSE-SpMM-CSR-best-solve-only,cuSPARSE CUDA 13.4.1 CSR PER MATRIX BEST,per-matrix-best,cuSPARSE-SpMM-CSR,best,solve-only,"csr-alg1,csr-alg2,csr-alg3,csr-default",manual-selection,csr,CUSPARSE_SPMM_CSR_ALG3,library-preprocess,spmm.csr.fp64,fp64,A100-SXM4-80GB,A100-SXM4-80GB,,9700.0,1cb4d392-df77-5092-a407-ab8ee1286933,suitesparse_all,JGD_Homology/mk11-b2,mk11-b2,6930,990,20790,64,row-major,N,N,1.0,0.0,20260922,main,pass,pass,0,0,2661120.0,0.054771,0.0166912004352,0.0714622004352,0.0194297504352,159.43251118044066,37.23814805301205,136.96110039473123,1.6436341358808317,0.3838984335362067,1.4119701071621775,cuSPARSE 12.8.6,CUDA,13040,13000,2026-10-08T01:16:51.141248+00:00,derived,csr-alg3,0,0,,,,5,20,4,true
3,A100-SXM4-80GB-suitesparse_all-fp64-n64-row-major-cuSPARSE-SpMM-CSR-solve-only,cuSPARSE-SpMM-CSR-best-solve-only,cuSPARSE CUDA 13.4.1 CSR PER MATRIX BEST,per-matrix-best,cuSPARSE-SpMM-CSR,best,solve-only,"csr-alg1,csr-alg2,csr-alg3,csr-default",manual-selection,csr,CUSPARSE_SPMM_CSR_ALG2,library-preprocess,spmm.csr.fp64,fp64,A100-SXM4-80GB,A100-SXM4-80GB,,9700.0,df7f742d-c1c4-51c9-b7da-d151d8293f2c,suitesparse_all,JGD_Homology/mk11-b3,mk11-b3,17325,6930,69300,64,row-major,N,N,1.0,0.0,20260922,main,pass,pass,0,0,8870400.0,0.05422,0.028313601017,0.082533601017,0.031024601017,313.29112798736026,107.47622653921165,285.9150386862169,3.2298054431686625,1.1080023354557902,2.9475777184146077,cuSPARSE 12.8.6,CUDA,13040,13000,2026-10-08T20:39:24.615664+00:00,derived,csr-alg2,0,0,,,,5,20,4,true
3,A100-SXM4-80GB-suitesparse_all-fp64-n64-row-major-cuSPARSE-SpMM-CSR-solve-only,cuSPARSE-SpMM-CSR-best-solve-only,cuSPARSE CUDA 13.4.1 CSR PER MATRIX BEST,per-matrix-best,cuSPARSE-SpMM-CSR,best,solve-only,"csr-alg1,csr-alg2,csr-alg3,csr-default",manual-selection,csr,CUSPARSE_SPMM_CSR_ALG3,library-preprocess,spmm.csr.fp64,fp64,A100-SXM4-80GB,A100-SXM4-80GB,,9700.0,0edb0287-e1df-52fd-b14b-f9e504b96222,suitesparse_all,JGD_Homology/mk11-b4b,mk11-b4b,9450,17325,47250,64,row-major,N,N,1.0,0.0,20260922,main,pass,pass,0,0,6048000.0,0.11776,0.0215039998293,0.139263999829,0.0273919998293,281.2500022325789,43.428308876854324,220.7943938992992,2.8994845590987515,0.44771452450365284,2.276230864941229,cuSPARSE 12.8.6,CUDA,13040,13000,2026-10-07T20:39:52.265299+00:00,derived,csr-alg3,0,0,,,,5,20,4,true
3,A100-SXM4-80GB-suitesparse_all-fp64-n64-row-major-cuSPARSE-SpMM-CSR-solve-only,cuSPARSE-SpMM-CSR-best-solve-only,cuSPARSE CUDA 13.4.1 CSR PER MATRIX BEST,per-matrix-best,cuSPARSE-SpMM-CSR,best,solve-only,"csr-alg1,csr-alg2,csr-alg3,csr-default",manual-selection,csr,CUSPARSE_SPMM_CSR_ALG3,library-preprocess,spmm.csr.fp64,fp64,A100-SXM4-80GB,A100-SXM4-80GB,,9700.0,1cb4d392-df77-5092-a407-ab8ee1286933,suitesparse_all,JGD_Homology/mk12-b5,mk12-b5,10395,62370,62370,64,row-major,N,N,1.0,0.0,20260922,main,pass,pass,0,0,7983360.0,0.15398,0.0412160009146,0.195196000915,0.0489150009146,193.6956478757269,40.8991985623539,163.2088285950977,1.996862349234298,0.42164122229230827,1.6825652432484302,cuSPARSE 12.8.6,CUDA,13040,13000,2026-10-08T01:16:52.053270+00:00,derived,csr-alg3,0,0,,,,5,20,4,true
3,A100-SXM4-80GB-suitesparse_all-fp64-n64-row-major-cuSPARSE-SpMM-CSR-solve-only,cuSPARSE-SpMM-CSR-best-solve-only,cuSPARSE CUDA 13.4.1 CSR PER MATRIX BEST,per-matrix-best,cuSPARSE-SpMM-CSR,best,solve-only,"csr-alg1,csr-alg2,csr-alg3,csr-default",manual-selection,csr,CUSPARSE_SPMM_CSR_ALG2,library-preprocess,spmm.csr.fp64,fp64,A100-SXM4-80GB,A100-SXM4-80GB,,9700.0,df7f742d-c1c4-51c9-b7da-d151d8293f2c,suitesparse_all,JGD_Homology/mk13-b5,mk13-b5,135135,270270,810810,64,row-major,N,N,1.0,0.0,20260922,main,pass,pass,0,0,103783680.0,0.07967,0.294195199013,0.373865199013,0.298178699013,352.7714943961882,277.59652482763244,348.0586653021624,3.6368195298576103,2.8618198435838393,3.5882336629088907,cuSPARSE 12.8.6,CUDA,13040,13000,2026-10-08T20:39:29.247278+00:00,derived,csr-alg2,0,0,,,,5,20,4,true
3,A100-SXM4-80GB-suitesparse_all-fp64-n64-row-major-cuSPARSE-SpMM-CSR-solve-only,cuSPARSE-SpMM-CSR-best-solve-only,cuSPARSE CUDA 13.4.1 CSR PER MATRIX BEST,per-matrix-best,cuSPARSE-SpMM-CSR,best,solve-only,"csr-alg1,csr-alg2,csr-alg3,csr-default",manual-selection,csr,CUSPARSE_SPMM_CSR_ALG3,library-preprocess,spmm.csr.fp64,fp64,A100-SXM4-80GB,A100-SXM4-80GB,,9700.0,0edb0287-e1df-52fd-b14b-f9e504b96222,suitesparse_all,JGD_Homology/mk9-b2,mk9-b2,1260,378,3780,64,row-major,N,N,1.0,0.0,20260922,main,pass,pass,0,0,483840.0,0.052409,0.00675840005279,0.0591674000528,0.00937885005279,71.59090853171105,8.177476102857812,51.58841406746538,0.7380506034197015,0.0843038773490496,0.5318393202831483,cuSPARSE 12.8.6,CUDA,13040,13000,2026-10-07T20:39:53.027483+00:00,derived,csr-alg3,0,0,,,,5,20,4,true
3,A100-SXM4-80GB-suitesparse_all-fp64-n64-row-major-cuSPARSE-SpMM-CSR-solve-only,cuSPARSE-SpMM-CSR-best-solve-only,cuSPARSE CUDA 13.4.1 CSR PER MATRIX BEST,per-matrix-best,cuSPARSE-SpMM-CSR,best,solve-only,"csr-alg1,csr-alg2,csr-alg3,csr-default",manual-selection,csr,CUSPARSE_SPMM_CSR_ALG3,library-preprocess,spmm.csr.fp64,fp64,A100-SXM4-80GB,A100-SXM4-80GB,,9700.0,1cb4d392-df77-5092-a407-ab8ee1286933,suitesparse_all,JGD_Homology/n2c6-b3,n2c6-b3,1365,455,5460,64,row-major,N,N,1.0,0.0,20260922,main,pass,pass,0,0,698880.0,0.05754,0.00696320012212,0.0645032001221,0.00984020012212,100.36764529858443,10.834811275674223,71.02294580665817,1.0347179927689116,0.1116990853162291,0.7321953175944141,cuSPARSE 12.8.6,CUDA,13040,13000,2026-10-08T01:16:52.667093+00:00,derived,csr-alg3,0,0,,,,5,20,4,true
3,A100-SXM4-80GB-suitesparse_all-fp64-n64-row-major-cuSPARSE-SpMM-CSR-solve-only,cuSPARSE-SpMM-CSR-best-solve-only,cuSPARSE CUDA 13.4.1 CSR PER MATRIX BEST,per-matrix-best,cuSPARSE-SpMM-CSR,best,solve-only,"csr-alg1,csr-alg2,csr-alg3,csr-default",manual-selection,csr,CUSPARSE_SPMM_CSR_ALG3,library-preprocess,spmm.csr.fp64,fp64,A100-SXM4-80GB,A100-SXM4-80GB,,9700.0,df7f742d-c1c4-51c9-b7da-d151d8293f2c,suitesparse_all,JGD_Homology/n2c6-b4,n2c6-b4,3003,1365,15015,64,row-major,N,N,1.0,0.0,20260922,main,pass,pass,0,0,1921920.0,0.05442,0.00998400002718,0.0644040000272,0.0127050000272,192.4999994759465,29.841624731201602,151.2727269488691,1.9845360770716136,0.3076456157855835,1.5595126489574134,cuSPARSE 12.8.6,CUDA,13040,13000,2026-10-08T23:14:29.994696+00:00,derived,csr-alg3,0,0,,,,5,20,4,true
3,A100-SXM4-80GB-suitesparse_all-fp64-n64-row-major-cuSPARSE-SpMM-CSR-solve-only,cuSPARSE-SpMM-CSR-best-solve-only,cuSPARSE CUDA 13.4.1 CSR PER MATRIX BEST,per-matrix-best,cuSPARSE-SpMM-CSR,best,solve-only,"csr-alg1,csr-alg2,csr-alg3,csr-default",manual-selection,csr,CUSPARSE_SPMM_CSR_ALG3,library-preprocess,spmm.csr.fp64,fp64,A100-SXM4-80GB,A100-SXM4-80GB,,9700.0,0edb0287-e1df-52fd-b14b-f9e504b96222,suitesparse_all,JGD_Homology/n2c6-b6,n2c6-b6,5715,4945,40005,64,row-major,N,N,1.0,0.0,20260922,main,pass,pass,0,0,5120640.0,0.063589,0.0157184004784,0.0793074004784,0.0188978504784,325.7736057200419,64.5669883152285,270.9641504388462,3.3584907806189888,0.6656390547961701,2.7934448498850126,cuSPARSE 12.8.6,CUDA,13040,13000,2026-10-07T20:39:54.033951+00:00,derived,csr-alg3,0,0,,,,5,20,4,true
3,A100-SXM4-80GB-suitesparse_all-fp64-n64-row-major-cuSPARSE-SpMM-CSR-solve-only,cuSPARSE-SpMM-CSR-best-solve-only,cuSPARSE CUDA 13.4.1 CSR PER MATRIX BEST,per-matrix-best,cuSPARSE-SpMM-CSR,best,solve-only,"csr-alg1,csr-alg2,csr-alg3,csr-default",manual-selection,csr,CUSPARSE_SPMM_CSR_ALG3,library-preprocess,spmm.csr.fp64,fp64,A100-SXM4-80GB,A100-SXM4-80GB,,9700.0,1cb4d392-df77-5092-a407-ab8ee1286933,suitesparse_all,JGD_Homology/n3c4-b2,n3c4-b2,20,15,60,64,row-major,N,N,1.0,0.0,20260922,main,pass,pass,0,0,7680.0,0.05835,0.00563200004399,0.063982000044,0.00854950004399,1.3636363529853759,0.12003375941231152,0.8982981414683741,0.014058106731807999,0.001237461437240325,0.009260805582148186,cuSPARSE 12.8.6,CUDA,13040,13000,2026-10-08T01:16:53.280958+00:00,derived,csr-alg3,0,0,,,,5,20,4,true
3,A100-SXM4-80GB-suitesparse_all-fp64-n64-row-major-cuSPARSE-SpMM-CSR-solve-only,cuSPARSE-SpMM-CSR-best-solve-only,cuSPARSE CUDA 13.4.1 CSR PER MATRIX BEST,per-matrix-best,cuSPARSE-SpMM-CSR,best,solve-only,"csr-alg1,csr-alg2,csr-alg3,csr-default",manual-selection,csr,CUSPARSE_SPMM_CSR_ALG3,library-preprocess,spmm.csr.fp64,fp64,A100-SXM4-80GB,A100-SXM4-80GB,,9700.0,df7f742d-c1c4-51c9-b7da-d151d8293f2c,suitesparse_all,JGD_Homology/n3c4-b3,n3c4-b3,15,20,60,64,row-major,N,N,1.0,0.0,20260922,main,pass,pass,0,0,7680.0,0.05001,0.00547839999199,0.055488399992,0.00797889999199,1.4018691609281857,0.13840730677235707,0.9625386967764898,0.014452259391012223,0.001426879451261413,0.009923079348211235,cuSPARSE 12.8.6,CUDA,13040,13000,2026-10-08T23:14:30.937640+00:00,derived,csr-alg3,0,0,,,,5,20,4,true
3,A100-SXM4-80GB-suitesparse_all-fp64-n64-row-major-cuSPARSE-SpMM-CSR-solve-only,cuSPARSE-SpMM-CSR-best-solve-only,cuSPARSE CUDA 13.4.1 CSR PER MATRIX BEST,per-matrix-best,cuSPARSE-SpMM-CSR,best,solve-only,"csr-alg1,csr-alg2,csr-alg3,csr-default",manual-selection,csr,CUSPARSE_SPMM_CSR_ALG3,library-preprocess,spmm.csr.fp64,fp64,A100-SXM4-80GB,A100-SXM4-80GB,,9700.0,0edb0287-e1df-52fd-b14b-f9e504b96222,suitesparse_all,JGD_Homology/n3c5-b1,n3c5-b1,45,10,90,64,row-major,N,N,1.0,0.0,20260922,main,pass,pass,0,0,11520.0,0.05043,0.00558080002666,0.0560108000267,0.00810230002666,2.0642201736252668,0.20567461979669077,1.4218184913042369,0.021280620346652235,0.0021203569051205236,0.01465792259076533,cuSPARSE 12.8.6,CUDA,13040,13000,2026-10-07T20:39:54.620876+00:00,derived,csr-alg3,0,0,,,,5,20,4,true
3,A100-SXM4-80GB-suitesparse_all-fp64-n64-row-major-cuSPARSE-SpMM-CSR-solve-only,cuSPARSE-SpMM-CSR-best-solve-only,cuSPARSE CUDA 13.4.1 CSR PER MATRIX BEST,per-matrix-best,cuSPARSE-SpMM-CSR,best,solve-only,"csr-alg1,csr-alg2,csr-alg3,csr-default",manual-selection,csr,CUSPARSE_SPMM_CSR_ALG3,library-preprocess,spmm.csr.fp64,fp64,A100-SXM4-80GB,A100-SXM4-80GB,,9700.0,1cb4d392-df77-5092-a407-ab8ee1286933,suitesparse_all,JGD_Homology/n3c5-b6,n3c5-b6,120,210,840,64,row-major,N,N,1.0,0.0,20260922,main,pass,pass,0,0,107520.0,0.0557,0.00593920014799,0.061639200148,0.00872420014799,18.103447824769457,1.7443445038520458,12.32433898536497,0.18663348272958202,0.017982933029402536,0.1270550410862368,cuSPARSE 12.8.6,CUDA,13040,13000,2026-10-08T01:16:53.884446+00:00,derived,csr-alg3,0,0,,,,5,20,4,true
3,A100-SXM4-80GB-suitesparse_all-fp64-n64-row-major-cuSPARSE-SpMM-CSR-solve-only,cuSPARSE-SpMM-CSR-best-solve-only,cuSPARSE CUDA 13.4.1 CSR PER MATRIX BEST,per-matrix-best,cuSPARSE-SpMM-CSR,best,solve-only,"csr-alg1,csr-alg2,csr-alg3,csr-default",manual-selection,csr,CUSPARSE_SPMM_CSR_ALG3,library-preprocess,spmm.csr.fp64,fp64,A100-SXM4-80GB,A100-SXM4-80GB,,9700.0,df7f742d-c1c4-51c9-b7da-d151d8293f2c,suitesparse_all,JGD_Homology/n3c5-b7,n3c5-b7,30,120,240,64,row-major,N,N,1.0,0.0,20260922,main,pass,pass,0,0,30720.0,0.05569,0.00563200004399,0.061322000044,0.00841650004399,5.4545454119415036,0.5009621339479741,3.6499732477202733,0.056232426927231995,0.005164558081937877,0.03762859018268323,cuSPARSE 12.8.6,CUDA,13040,13000,2026-10-08T23:14:31.689487+00:00,derived,csr-alg3,0,0,,,,5,20,4,true
3,A100-SXM4-80GB-suitesparse_all-fp64-n64-row-major-cuSPARSE-SpMM-CSR-solve-only,cuSPARSE-SpMM-CSR-best-solve-only,cuSPARSE CUDA 13.4.1 CSR PER MATRIX BEST,per-matrix-best,cuSPARSE-SpMM-CSR,best,solve-only,"csr-alg1,csr-alg2,csr-alg3,csr-default",manual-selection,csr,CUSPARSE_SPMM_CSR_ALG3,library-preprocess,spmm.csr.fp64,fp64,A100-SXM4-80GB,A100-SXM4-80GB,,9700.0,0edb0287-e1df-52fd-b14b-f9e504b96222,suitesparse_all,JGD_Homology/n3c6-b1,n3c6-b1,105,105,210,64,row-major,N,N,1.0,0.0,20260922,main,pass,pass,0,0,26880.0,0.05098,0.00558080002666,0.0565608000267,0.00812980002666,4.816513738458956,0.47524080259315765,3.3063543890197287,0.04965478080885522,0.004899389717455233,0.03408612772185287,cuSPARSE 12.8.6,CUDA,13040,13000,2026-10-07T20:39:55.320424+00:00,derived,csr-alg3,0,0,,,,5,20,4,true
3,A100-SXM4-80GB-suitesparse_all-fp64-n64-row-major-cuSPARSE-SpMM-CSR-solve-only,cuSPARSE-SpMM-CSR-best-solve-only,cuSPARSE CUDA 13.4.1 CSR PER MATRIX BEST,per-matrix-best,cuSPARSE-SpMM-CSR,best,solve-only,"csr-alg1,csr-alg2,csr-alg3,csr-default",manual-selection,csr,CUSPARSE_SPMM_CSR_ALG3,library-preprocess,spmm.csr.fp64,fp64,A100-SXM4-80GB,A100-SXM4-80GB,,9700.0,1cb4d392-df77-5092-a407-ab8ee1286933,suitesparse_all,JGD_Homology/n3c6-b5,n3c6-b5,5005,3003,30030,64,row-major,N,N,1.0,0.0,20260922,main,pass,pass,0,0,3843840.0,0.05567,0.0137728005648,0.0694428005648,0.0165563005648,279.0892078858631,55.352606299527785,232.16780735258618,2.8772083287202386,0.5706454257683278,2.3934825500266617,cuSPARSE 12.8.6,CUDA,13040,13000,2026-10-08T01:16:54.589815+00:00,derived,csr-alg3,0,0,,,,5,20,4,true
3,A100-SXM4-80GB-suitesparse_all-fp64-n64-row-major-cuSPARSE-SpMM-CSR-solve-only,cuSPARSE-SpMM-CSR-best-solve-only,cuSPARSE CUDA 13.4.1 CSR PER MATRIX BEST,per-matrix-best,cuSPARSE-SpMM-CSR,best,solve-only,"csr-alg1,csr-alg2,csr-alg3,csr-default",manual-selection,csr,CUSPARSE_SPMM_CSR_ALG3,library-preprocess,spmm.csr.fp64,fp64,A100-SXM4-80GB,A100-SXM4-80GB,,9700.0,df7f742d-c1c4-51c9-b7da-d151d8293f2c,suitesparse_all,JGD_Homology/n3c6-b6,n3c6-b6,6435,5005,45045,64,row-major,N,N,1.0,0.0,20260922,main,pass,pass,0,0,5765760.0,0.07627,0.0164864003658,0.0927564003658,0.0202999003658,349.7282531097999,62.16023883270356,284.02898024631645,3.605445908348452,0.6408272044608615,2.9281338169723345,cuSPARSE 12.8.6,CUDA,13040,13000,2026-10-08T23:14:32.587261+00:00,derived,csr-alg3,0,0,,,,5,20,4,true
3,A100-SXM4-80GB-suitesparse_all-fp64-n64-row-major-cuSPARSE-SpMM-CSR-solve-only,cuSPARSE-SpMM-CSR-best-solve-only,cuSPARSE CUDA 13.4.1 CSR PER MATRIX BEST,per-matrix-best,cuSPARSE-SpMM-CSR,best,solve-only,"csr-alg1,csr-alg2,csr-alg3,csr-default",manual-selection,csr,CUSPARSE_SPMM_CSR_ALG3,library-preprocess,spmm.csr.fp64,fp64,A100-SXM4-80GB,A100-SXM4-80GB,,9700.0,0edb0287-e1df-52fd-b14b-f9e504b96222,suitesparse_all,JGD_Homology/n3c6-b8,n3c6-b8,4935,6435,44415,64,row-major,N,N,1.0,0.0,20260922,main,pass,pass,0,0,5685120.0,0.0651,0.0144896000624,0.0795896000624,0.0177446000624,392.35865555410913,71.43043809169465,320.3859190969601,4.044934593341331,0.7363962689865429,3.3029476195562895,cuSPARSE 12.8.6,CUDA,13040,13000,2026-10-07T20:39:56.332099+00:00,derived,csr-alg3,0,0,,,,5,20,4,true
3,A100-SXM4-80GB-suitesparse_all-fp64-n64-row-major-cuSPARSE-SpMM-CSR-solve-only,cuSPARSE-SpMM-CSR-best-solve-only,cuSPARSE CUDA 13.4.1 CSR PER MATRIX BEST,per-matrix-best,cuSPARSE-SpMM-CSR,best,solve-only,"csr-alg1,csr-alg2,csr-alg3,csr-default",manual-selection,csr,CUSPARSE_SPMM_CSR_ALG3,library-preprocess,spmm.csr.fp64,fp64,A100-SXM4-80GB,A100-SXM4-80GB,,9700.0,1cb4d392-df77-5092-a407-ab8ee1286933,suitesparse_all,JGD_Homology/n4c5-b2,n4c5-b2,455,105,1365,64,row-major,N,N,1.0,0.0,20260922,main,pass,pass,0,0,174720.0,0.06614,0.00593920014799,0.072079200148,0.00924620014799,29.418102715250367,2.424000261396463,18.896411196331474,0.3032794094355708,0.024989693416458385,0.1948083628487781,cuSPARSE 12.8.6,CUDA,13040,13000,2026-10-08T01:16:55.210675+00:00,derived,csr-alg3,0,0,,,,5,20,4,true
3,A100-SXM4-80GB-suitesparse_all-fp64-n64-row-major-cuSPARSE-SpMM-CSR-solve-only,cuSPARSE-SpMM-CSR-best-solve-only,cuSPARSE CUDA 13.4.1 CSR PER MATRIX BEST,per-matrix-best,cuSPARSE-SpMM-CSR,best,solve-only,"csr-alg1,csr-alg2,csr-alg3,csr-default",manual-selection,csr,CUSPARSE_SPMM_CSR_ALG3,library-preprocess,spmm.csr.fp64,fp64,A100-SXM4-80GB,A100-SXM4-80GB,,9700.0,df7f742d-c1c4-51c9-b7da-d151d8293f2c,suitesparse_all,JGD_Homology/n4c5-b3,n4c5-b3,1350,455,5400,64,row-major,N,N,1.0,0.0,20260922,main,pass,pass,0,0,691200.0,0.05616,0.00686080008745,0.0630208000875,0.00966880008745,100.74626737257157,10.96780743881888,71.48767103967432,1.0386213131192945,0.11307017978163794,0.7369862993780858,cuSPARSE 12.8.6,CUDA,13040,13000,2026-10-08T23:14:33.469096+00:00,derived,csr-alg3,0,0,,,,5,20,4,true
3,A100-SXM4-80GB-suitesparse_all-fp64-n64-row-major-cuSPARSE-SpMM-CSR-solve-only,cuSPARSE-SpMM-CSR-best-solve-only,cuSPARSE CUDA 13.4.1 CSR PER MATRIX BEST,per-matrix-best,cuSPARSE-SpMM-CSR,best,solve-only,"csr-alg1,csr-alg2,csr-alg3,csr-default",manual-selection,csr,CUSPARSE_SPMM_CSR_ALG3,library-preprocess,spmm.csr.fp64,fp64,A100-SXM4-80GB,A100-SXM4-80GB,,9700.0,0edb0287-e1df-52fd-b14b-f9e504b96222,suitesparse_all,JGD_Homology/n4c5-b5,n4c5-b5,4340,2852,26040,64,row-major,N,N,1.0,0.0,20260922,main,pass,pass,0,0,3333120.0,0.06211,0.0130048006773,0.0751148006773,0.0161103006773,256.2991992501655,44.37367828904167,206.89371767570347,2.64225978608418,0.4574606009179554,2.132924924491788,cuSPARSE 12.8.6,CUDA,13040,13000,2026-10-07T20:39:57.482509+00:00,derived,csr-alg3,0,0,,,,5,20,4,true
3,A100-SXM4-80GB-suitesparse_all-fp64-n64-row-major-cuSPARSE-SpMM-CSR-solve-only,cuSPARSE-SpMM-CSR-best-solve-only,cuSPARSE CUDA 13.4.1 CSR PER MATRIX BEST,per-matrix-best,cuSPARSE-SpMM-CSR,best,solve-only,"csr-alg1,csr-alg2,csr-alg3,csr-default",manual-selection,csr,CUSPARSE_SPMM_CSR_ALG2,library-preprocess,spmm.csr.fp64,fp64,A100-SXM4-80GB,A100-SXM4-80GB,,9700.0,1cb4d392-df77-5092-a407-ab8ee1286933,suitesparse_all,JGD_Homology/n4c6-b10,n4c6-b10,132402,186558,1456422,64,row-major,N,N,1.0,0.0,20260922,main,pass,pass,0,0,186422016.0,0.06292,0.404121589661,0.467041589661,0.407267589661,461.30179819489797,399.1550648311932,457.7384027910822,4.755688641184515,4.115000668362816,4.718952606093631,cuSPARSE 12.8.6,CUDA,13040,13000,2026-10-07T23:09:55.606655+00:00,derived,csr-alg2,0,0,,,,5,20,4,true
3,A100-SXM4-80GB-suitesparse_all-fp64-n64-row-major-cuSPARSE-SpMM-CSR-solve-only,cuSPARSE-SpMM-CSR-best-solve-only,cuSPARSE CUDA 13.4.1 CSR PER MATRIX BEST,per-matrix-best,cuSPARSE-SpMM-CSR,best,solve-only,"csr-alg1,csr-alg2,csr-alg3,csr-default",manual-selection,csr,CUSPARSE_SPMM_CSR_ALG3,library-preprocess,spmm.csr.fp64,fp64,A100-SXM4-80GB,A100-SXM4-80GB,,9700.0,df7f742d-c1c4-51c9-b7da-d151d8293f2c,suitesparse_all,JGD_Homology/n4c6-b11,n4c6-b11,69235,132402,830820,64,row-major,N,N,1.0,0.0,20260922,main,pass,pass,0,0,106344960.0,0.15568,0.256614398956,0.412294398956,0.264398398956,414.41540471871286,257.9345251094452,402.2148410123219,4.2723237599867305,2.659118815561291,4.146544752704349,cuSPARSE 12.8.6,CUDA,13040,13000,2026-10-08T23:14:37.061810+00:00,derived,csr-alg3,0,0,,,,5,20,4,true
3,A100-SXM4-80GB-suitesparse_all-fp64-n64-row-major-cuSPARSE-SpMM-CSR-solve-only,cuSPARSE-SpMM-CSR-best-solve-only,cuSPARSE CUDA 13.4.1 CSR PER MATRIX BEST,per-matrix-best,cuSPARSE-SpMM-CSR,best,solve-only,"csr-alg1,csr-alg2,csr-alg3,csr-default",manual-selection,csr,CUSPARSE_SPMM_CSR_ALG3,library-preprocess,spmm.csr.fp64,fp64,A100-SXM4-80GB,A100-SXM4-80GB,,9700.0,0edb0287-e1df-52fd-b14b-f9e504b96222,suitesparse_all,JGD_Homology/n4c6-b12,n4c6-b12,25605,69235,332865,64,row-major,N,N,1.0,0.0,20260922,main,pass,pass,0,0,42606720.0,0.13921,0.0976383984089,0.236848398409,0.104598898409,436.3725818357574,179.89026012506483,407.3343089465461,4.498686410677911,1.8545387641759261,4.1993227726448055,cuSPARSE 12.8.6,CUDA,13040,13000,2026-10-07T20:40:00.518001+00:00,derived,csr-alg3,0,0,,,,5,20,4,true
3,A100-SXM4-80GB-suitesparse_all-fp64-n64-row-major-cuSPARSE-SpMM-CSR-solve-only,cuSPARSE-SpMM-CSR-best-solve-only,cuSPARSE CUDA 13.4.1 CSR PER MATRIX BEST,per-matrix-best,cuSPARSE-SpMM-CSR,best,solve-only,"csr-alg1,csr-alg2,csr-alg3,csr-default",manual-selection,csr,CUSPARSE_SPMM_CSR_ALG3,library-preprocess,spmm.csr.fp64,fp64,A100-SXM4-80GB,A100-SXM4-80GB,,9700.0,1cb4d392-df77-5092-a407-ab8ee1286933,suitesparse_all,JGD_Homology/n4c6-b3,n4c6-b3,5970,1330,23880,64,row-major,N,N,1.0,0.0,20260922,main,pass,pass,0,0,3056640.0,0.06678,0.0154111996293,0.0821911996293,0.0187501996293,198.33887520272407,37.189382972703946,163.01906435297582,2.0447306721930314,0.3833957007495252,1.6806089108554207,cuSPARSE 12.8.6,CUDA,13040,13000,2026-10-08T01:17:01.555091+00:00,derived,csr-alg3,0,0,,,,5,20,4,true
3,A100-SXM4-80GB-suitesparse_all-fp64-n64-row-major-cuSPARSE-SpMM-CSR-solve-only,cuSPARSE-SpMM-CSR-best-solve-only,cuSPARSE CUDA 13.4.1 CSR PER MATRIX BEST,per-matrix-best,cuSPARSE-SpMM-CSR,best,solve-only,"csr-alg1,csr-alg2,csr-alg3,csr-default",manual-selection,csr,CUSPARSE_SPMM_CSR_ALG2,library-preprocess,spmm.csr.fp64,fp64,A100-SXM4-80GB,A100-SXM4-80GB,,9700.0,df7f742d-c1c4-51c9-b7da-d151d8293f2c,suitesparse_all,JGD_Homology/n4c6-b4,n4c6-b4,20058,5970,100290,64,row-major,N,N,1.0,0.0,20260922,main,pass,pass,0,0,12837120.0,0.056011,0.0320511996746,0.0880621996746,0.0348517496746,400.51917339534674,145.7733289360775,368.33502248398474,4.129063643250997,1.502817824083273,3.7972682730307703,cuSPARSE 12.8.6,CUDA,13040,13000,2026-10-08T20:39:37.991134+00:00,derived,csr-alg2,0,0,,,,5,20,4,true
3,A100-SXM4-80GB-suitesparse_all-fp64-n64-row-major-cuSPARSE-SpMM-CSR-solve-only,cuSPARSE-SpMM-CSR-best-solve-only,cuSPARSE CUDA 13.4.1 CSR PER MATRIX BEST,per-matrix-best,cuSPARSE-SpMM-CSR,best,solve-only,"csr-alg1,csr-alg2,csr-alg3,csr-default",manual-selection,csr,CUSPARSE_SPMM_CSR_ALG2,library-preprocess,spmm.csr.fp64,fp64,A100-SXM4-80GB,A100-SXM4-80GB,,9700.0,0edb0287-e1df-52fd-b14b-f9e504b96222,suitesparse_all,JGD_Homology/n4c6-b6,n4c6-b6,104115,51813,728805,64,row-major,N,N,1.0,0.0,20260922,main,pass,pass,0,0,93287040.0,0.05586,0.199424004555,0.255284004555,0.202217004555,467.78240266593366,365.4245402590496,461.3214413164118,4.822498996556017,3.767263301639687,4.755891147591874,cuSPARSE 12.8.6,CUDA,13040,13000,2026-10-07T18:22:47.598546+00:00,derived,csr-alg2,0,0,,,,5,20,4,true
3,A100-SXM4-80GB-suitesparse_all-fp64-n64-row-major-cuSPARSE-SpMM-CSR-solve-only,cuSPARSE-SpMM-CSR-best-solve-only,cuSPARSE CUDA 13.4.1 CSR PER MATRIX BEST,per-matrix-best,cuSPARSE-SpMM-CSR,best,solve-only,"csr-alg1,csr-alg2,csr-alg3,csr-default",manual-selection,csr,CUSPARSE_SPMM_CSR_ALG2,library-preprocess,spmm.csr.fp64,fp64,A100-SXM4-80GB,A100-SXM4-80GB,,9700.0,1cb4d392-df77-5092-a407-ab8ee1286933,suitesparse_all,JGD_Homology/shar_te2-b2,shar_te2-b2,200200,17160,600600,64,row-major,N,N,1.0,0.0,20260922,main,pass,pass,0,0,76876800.0,0.07511,0.306585597992,0.381695597992,0.310341097992,250.75150464832336,201.40866283087516,247.71711029385395,2.5850670582301376,2.07637796732861,2.55378464220468,cuSPARSE 12.8.6,CUDA,13040,13000,2026-10-07T23:10:01.306512+00:00,derived,csr-alg2,0,0,,,,5,20,4,true
3,A100-SXM4-80GB-suitesparse_all-fp64-n64-row-major-cuSPARSE-SpMM-CSR-solve-only,cuSPARSE-SpMM-CSR-best-solve-only,cuSPARSE CUDA 13.4.1 CSR PER MATRIX BEST,per-matrix-best,cuSPARSE-SpMM-CSR,best,solve-only,"csr-alg1,csr-alg2,csr-alg3,csr-default",manual-selection,csr,CUSPARSE_SPMM_CSR_ALG2,library-preprocess,spmm.csr.fp64,fp64,A100-SXM4-80GB,A100-SXM4-80GB,,9700.0,df7f742d-c1c4-51c9-b7da-d151d8293f2c,suitesparse_all,JGD_Homology/shar_te2-b3,shar_te2-b3,200200,200200,800800,64,row-major,N,N,1.0,0.0,20260922,main,pass,pass,0,0,102502400.0,0.07047,0.296089601517,0.366559601517,0.299613101517,346.18709834737246,279.6336518694252,342.11588038376897,3.568939158220335,2.882821153293043,3.526967839007927,cuSPARSE 12.8.6,CUDA,13040,13000,2026-10-08T20:39:43.227107+00:00,derived,csr-alg2,0,0,,,,5,20,4,true
3,A100-SXM4-80GB-suitesparse_all-fp64-n64-row-major-cuSPARSE-SpMM-CSR-solve-only,cuSPARSE-SpMM-CSR-best-solve-only,cuSPARSE CUDA 13.4.1 CSR PER MATRIX BEST,per-matrix-best,cuSPARSE-SpMM-CSR,best,solve-only,"csr-alg1,csr-alg2,csr-alg3,csr-default",manual-selection,csr,CUSPARSE_SPMM_CSR_ALG2,library-preprocess,spmm.csr.fp64,fp64,A100-SXM4-80GB,A100-SXM4-80GB,,9700.0,0edb0287-e1df-52fd-b14b-f9e504b96222,suitesparse_all,JGD_Kocay/Trec11,Trec11,235,1138,35705,64,row-major,N,N,1.0,0.0,20260922,main,pass,pass,0,0,4570240.0,0.01591,0.0210431993008,0.0369531993008,0.0218386993008,217.1837055131751,123.67643631605827,209.27253665847132,2.239007273331702,1.275014807382044,2.1574488315306324,cuSPARSE 12.8.6,CUDA,13040,13000,2026-10-07T18:22:48.769346+00:00,derived,csr-alg2,0,0,,,,5,20,4,true
3,A100-SXM4-80GB-suitesparse_all-fp64-n64-row-major-cuSPARSE-SpMM-CSR-solve-only,cuSPARSE-SpMM-CSR-best-solve-only,cuSPARSE CUDA 13.4.1 CSR PER MATRIX BEST,per-matrix-best,cuSPARSE-SpMM-CSR,best,solve-only,"csr-alg1,csr-alg2,csr-alg3,csr-default",manual-selection,csr,CUSPARSE_SPMM_CSR_ALG3,library-preprocess,spmm.csr.fp64,fp64,A100-SXM4-80GB,A100-SXM4-80GB,,9700.0,0edb0287-e1df-52fd-b14b-f9e504b96222,suitesparse_all,JGD_Kocay/Trec3,Trec3,1,2,1,64,row-major,N,N,1.0,0.0,20260922,main,pass,pass,0,0,128.0,0.05034,0.00535999983549,0.0556999998355,0.00787699983549,0.0238805977478726,0.002298025141436717,0.01624984164951904,0.00024619172935951136,2.369098083955378e-05,0.00016752414071669112,cuSPARSE 12.8.6,CUDA,13040,13000,2026-10-07T20:40:06.916627+00:00,derived,csr-alg3,0,0,,,,5,20,4,true
3,A100-SXM4-80GB-suitesparse_all-fp64-n64-row-major-cuSPARSE-SpMM-CSR-solve-only,cuSPARSE-SpMM-CSR-best-solve-only,cuSPARSE CUDA 13.4.1 CSR PER MATRIX BEST,per-matrix-best,cuSPARSE-SpMM-CSR,best,solve-only,"csr-alg1,csr-alg2,csr-alg3,csr-default",manual-selection,csr,CUSPARSE_SPMM_CSR_ALG3,library-preprocess,spmm.csr.fp64,fp64,A100-SXM4-80GB,A100-SXM4-80GB,,9700.0,1cb4d392-df77-5092-a407-ab8ee1286933,suitesparse_all,JGD_Kocay/Trec8,Trec8,23,84,549,64,row-major,N,N,1.0,0.0,20260922,main,pass,pass,0,0,70272.0,0.05587,0.00721919983625,0.0630891998363,0.0100126998363,9.734042773984584,1.113851502037393,7.018286890538373,0.10035095643283076,0.011483005175643225,0.07235347309833375,cuSPARSE 12.8.6,CUDA,13040,13000,2026-10-08T01:17:06.387914+00:00,derived,csr-alg3,0,0,,,,5,20,4,true
3,A100-SXM4-80GB-suitesparse_all-fp64-n64-row-major-cuSPARSE-SpMM-CSR-solve-only,cuSPARSE-SpMM-CSR-best-solve-only,cuSPARSE CUDA 13.4.1 CSR PER MATRIX BEST,per-matrix-best,cuSPARSE-SpMM-CSR,best,solve-only,"csr-alg1,csr-alg2,csr-alg3,csr-default",manual-selection,csr,CUSPARSE_SPMM_CSR_ALG3,library-preprocess,spmm.csr.fp64,fp64,A100-SXM4-80GB,A100-SXM4-80GB,,9700.0,df7f742d-c1c4-51c9-b7da-d151d8293f2c,suitesparse_all,JGD_Kocay/Trec9,Trec9,47,201,2147,64,row-major,N,N,1.0,0.0,20260922,main,pass,pass,0,0,274816.0,0.05586,0.0101888000965,0.0660488000965,0.0129818000965,26.972361553585024,4.16080230978432,21.169329211446772,0.27806558302664974,0.04289486917303423,0.21824050733450281,cuSPARSE 12.8.6,CUDA,13040,13000,2026-10-08T23:14:43.858233+00:00,derived,csr-alg3,0,0,,,,5,20,4,true
3,A100-SXM4-80GB-suitesparse_all-fp64-n64-row-major-cuSPARSE-SpMM-CSR-solve-only,cuSPARSE-SpMM-CSR-best-solve-only,cuSPARSE CUDA 13.4.1 CSR PER MATRIX BEST,per-matrix-best,cuSPARSE-SpMM-CSR,best,solve-only,"csr-alg1,csr-alg2,csr-alg3,csr-default",manual-selection,csr,CUSPARSE_SPMM_CSR_ALG3,library-preprocess,spmm.csr.fp64,fp64,A100-SXM4-80GB,A100-SXM4-80GB,,9700.0,1cb4d392-df77-5092-a407-ab8ee1286933,suitesparse_all,JGD_Margulies/cat_ears_2_4,cat_ears_2_4,1009,2689,7982,64,row-major,N,N,1.0,0.0,20260922,main,pass,pass,0,0,1021696.0,0.052441,0.00752639994025,0.0599673999403,0.0101484499403,135.74830039739598,17.037523738183413,100.67507905249593,1.399467014406144,0.17564457462044755,1.0378874129123292,cuSPARSE 12.8.6,CUDA,13040,13000,2026-10-08T01:17:07.026208+00:00,derived,csr-alg3,0,0,,,,5,20,4,true
3,A100-SXM4-80GB-suitesparse_all-fp64-n64-row-major-cuSPARSE-SpMM-CSR-solve-only,cuSPARSE-SpMM-CSR-best-solve-only,cuSPARSE CUDA 13.4.1 CSR PER MATRIX BEST,per-matrix-best,cuSPARSE-SpMM-CSR,best,solve-only,"csr-alg1,csr-alg2,csr-alg3,csr-default",manual-selection,csr,CUSPARSE_SPMM_CSR_ALG3,library-preprocess,spmm.csr.fp64,fp64,A100-SXM4-80GB,A100-SXM4-80GB,,9700.0,df7f742d-c1c4-51c9-b7da-d151d8293f2c,suitesparse_all,JGD_Margulies/cat_ears_3_1,cat_ears_3_1,204,181,542,64,row-major,N,N,1.0,0.0,20260922,main,pass,pass,0,0,69376.0,0.0489,0.00568320006132,0.0545832000613,0.00812820006132,12.207207075495155,1.2710137903619951,8.535222986223287,0.12584749562366138,0.013103234952185518,0.08799198954869368,cuSPARSE 12.8.6,CUDA,13040,13000,2026-10-08T23:14:44.477503+00:00,derived,csr-alg3,0,0,,,,5,20,4,true
3,A100-SXM4-80GB-suitesparse_all-fp64-n64-row-major-cuSPARSE-SpMM-CSR-solve-only,cuSPARSE-SpMM-CSR-best-solve-only,cuSPARSE CUDA 13.4.1 CSR PER MATRIX BEST,per-matrix-best,cuSPARSE-SpMM-CSR,best,solve-only,"csr-alg1,csr-alg2,csr-alg3,csr-default",manual-selection,csr,CUSPARSE_SPMM_CSR_ALG3,library-preprocess,spmm.csr.fp64,fp64,A100-SXM4-80GB,A100-SXM4-80GB,,9700.0,0edb0287-e1df-52fd-b14b-f9e504b96222,suitesparse_all,JGD_Margulies/cat_ears_4_1,cat_ears_4_1,377,313,938,64,row-major,N,N,1.0,0.0,20260922,main,pass,pass,0,0,120064.0,0.05988,0.00578560009599,0.065665600096,0.00877960009599,20.752212045076597,1.8284154842790152,13.675338134687719,0.21394033036161442,0.0188496441678249,0.14098286736791463,cuSPARSE 12.8.6,CUDA,13040,13000,2026-10-07T20:40:09.489908+00:00,derived,csr-alg3,0,0,,,,5,20,4,true
3,A100-SXM4-80GB-suitesparse_all-fp64-n64-row-major-cuSPARSE-SpMM-CSR-solve-only,cuSPARSE-SpMM-CSR-best-solve-only,cuSPARSE CUDA 13.4.1 CSR PER MATRIX BEST,per-matrix-best,cuSPARSE-SpMM-CSR,best,solve-only,"csr-alg1,csr-alg2,csr-alg3,csr-default",manual-selection,csr,CUSPARSE_SPMM_CSR_ALG3,library-preprocess,spmm.csr.fp64,fp64,A100-SXM4-80GB,A100-SXM4-80GB,,9700.0,1cb4d392-df77-5092-a407-ab8ee1286933,suitesparse_all,JGD_Margulies/flower_5_4,flower_5_4,5226,14721,43942,64,row-major,N,N,1.0,0.0,20260922,main,pass,pass,0,0,5624576.0,0.09051,0.0165375992656,0.107047599266,0.0210630992656,340.1083742366238,52.54275704047904,267.03458636716346,3.506271899346637,0.5416779076338045,2.75293388007385,cuSPARSE 12.8.6,CUDA,13040,13000,2026-10-08T01:17:07.789605+00:00,derived,csr-alg3,0,0,,,,5,20,4,true
3,A100-SXM4-80GB-suitesparse_all-fp64-n64-row-major-cuSPARSE-SpMM-CSR-solve-only,cuSPARSE-SpMM-CSR-best-solve-only,cuSPARSE CUDA 13.4.1 CSR PER MATRIX BEST,per-matrix-best,cuSPARSE-SpMM-CSR,best,solve-only,"csr-alg1,csr-alg2,csr-alg3,csr-default",manual-selection,csr,CUSPARSE_SPMM_CSR_ALG3,library-preprocess,spmm.csr.fp64,fp64,A100-SXM4-80GB,A100-SXM4-80GB,,9700.0,df7f742d-c1c4-51c9-b7da-d151d8293f2c,suitesparse_all,JGD_Margulies/flower_7_1,flower_7_1,463,393,1178,64,row-major,N,N,1.0,0.0,20260922,main,pass,pass,0,0,150784.0,0.05707,0.00593920014799,0.063009200148,0.00879270014799,25.38793040187907,2.393047358890908,17.148770851064338,0.2617312412564853,0.024670591328772248,0.17679145207282823,cuSPARSE 12.8.6,CUDA,13040,13000,2026-10-08T23:14:45.088453+00:00,derived,csr-alg3,0,0,,,,5,20,4,true
3,A100-SXM4-80GB-suitesparse_all-fp64-n64-row-major-cuSPARSE-SpMM-CSR-solve-only,cuSPARSE-SpMM-CSR-best-solve-only,cuSPARSE CUDA 13.4.1 CSR PER MATRIX BEST,per-matrix-best,cuSPARSE-SpMM-CSR,best,solve-only,"csr-alg1,csr-alg2,csr-alg3,csr-default",manual-selection,csr,CUSPARSE_SPMM_CSR_ALG3,library-preprocess,spmm.csr.fp64,fp64,A100-SXM4-80GB,A100-SXM4-80GB,,9700.0,0edb0287-e1df-52fd-b14b-f9e504b96222,suitesparse_all,JGD_Margulies/flower_8_1,flower_8_1,625,513,1538,64,row-major,N,N,1.0,0.0,20260922,main,pass,pass,0,0,196864.0,0.05341,0.00609279982746,0.0595027998275,0.00876329982746,32.31092528475037,3.3084829717376882,22.464597112508027,0.3331023225231997,0.03410807187358441,0.2315937846650312,cuSPARSE 12.8.6,CUDA,13040,13000,2026-10-07T20:40:10.230775+00:00,derived,csr-alg3,0,0,,,,5,20,4,true
3,A100-SXM4-80GB-suitesparse_all-fp64-n64-row-major-cuSPARSE-SpMM-CSR-solve-only,cuSPARSE-SpMM-CSR-best-solve-only,cuSPARSE CUDA 13.4.1 CSR PER MATRIX BEST,per-matrix-best,cuSPARSE-SpMM-CSR,best,solve-only,"csr-alg1,csr-alg2,csr-alg3,csr-default",manual-selection,csr,CUSPARSE_SPMM_CSR_ALG3,library-preprocess,spmm.csr.fp64,fp64,A100-SXM4-80GB,A100-SXM4-80GB,,9700.0,1cb4d392-df77-5092-a407-ab8ee1286933,suitesparse_all,JGD_Margulies/wheel_3_1,wheel_3_1,21,25,74,64,row-major,N,N,1.0,0.0,20260922,main,pass,pass,0,0,9472.0,0.04721,0.00558080002666,0.0527908000267,0.00794130002666,1.6972476983141085,0.17942520278551086,1.1927518124489989,0.017497398951691837,0.0018497443586135138,0.012296410437618545,cuSPARSE 12.8.6,CUDA,13040,13000,2026-10-08T01:17:08.382044+00:00,derived,csr-alg3,0,0,,,,5,20,4,true
3,A100-SXM4-80GB-suitesparse_all-fp64-n64-row-major-cuSPARSE-SpMM-CSR-solve-only,cuSPARSE-SpMM-CSR-best-solve-only,cuSPARSE CUDA 13.4.1 CSR PER MATRIX BEST,per-matrix-best,cuSPARSE-SpMM-CSR,best,solve-only,"csr-alg1,csr-alg2,csr-alg3,csr-default",manual-selection,csr,CUSPARSE_SPMM_CSR_ALG3,library-preprocess,spmm.csr.fp64,fp64,A100-SXM4-80GB,A100-SXM4-80GB,,9700.0,df7f742d-c1c4-51c9-b7da-d151d8293f2c,suitesparse_all,JGD_Margulies/wheel_4_1,wheel_4_1,36,41,122,64,row-major,N,N,1.0,0.0,20260922,main,pass,pass,0,0,15616.0,0.04754,0.00552960000932,0.0530696000093,0.00790660000932,2.824074069314169,0.29425509137554134,1.9750588092976062,0.029114165663032668,0.003033557643046818,0.020361431023686663,cuSPARSE 12.8.6,CUDA,13040,13000,2026-10-08T23:14:45.694779+00:00,derived,csr-alg3,0,0,,,,5,20,4,true
3,A100-SXM4-80GB-suitesparse_all-fp64-n64-row-major-cuSPARSE-SpMM-CSR-solve-only,cuSPARSE-SpMM-CSR-best-solve-only,cuSPARSE CUDA 13.4.1 CSR PER MATRIX BEST,per-matrix-best,cuSPARSE-SpMM-CSR,best,solve-only,"csr-alg1,csr-alg2,csr-alg3,csr-default",manual-selection,csr,CUSPARSE_SPMM_CSR_ALG2,library-preprocess,spmm.csr.fp64,fp64,A100-SXM4-80GB,A100-SXM4-80GB,,9700.0,0edb0287-e1df-52fd-b14b-f9e504b96222,suitesparse_all,JGD_Margulies/wheel_601,wheel_601,902103,723605,2170814,64,row-major,N,N,1.0,0.0,20260922,main,pass,pass,0,0,277864192.0,0.39703,0.970649623871,1.36767962387,0.990501123871,286.26621302531754,203.1646791766574,280.5289012839002,2.9511980724259543,2.094481228625334,2.8920505287000022,cuSPARSE 12.8.6,CUDA,13040,13000,2026-10-07T18:23:08.209292+00:00,derived,csr-alg2,0,0,,,,5,20,4,true
3,A100-SXM4-80GB-suitesparse_all-fp64-n64-row-major-cuSPARSE-SpMM-CSR-solve-only,cuSPARSE-SpMM-CSR-best-solve-only,cuSPARSE CUDA 13.4.1 CSR PER MATRIX BEST,per-matrix-best,cuSPARSE-SpMM-CSR,best,solve-only,"csr-alg1,csr-alg2,csr-alg3,csr-default",manual-selection,csr,CUSPARSE_SPMM_CSR_ALG3,library-preprocess,spmm.csr.fp64,fp64,A100-SXM4-80GB,A100-SXM4-80GB,,9700.0,1cb4d392-df77-5092-a407-ab8ee1286933,suitesparse_all,JGD_Relat/rel5,rel5,340,35,656,64,row-major,N,N,1.0,0.0,20260922,main,pass,pass,0,0,83968.0,0.05618,0.00599040016532,0.0621704001653,0.00879940016532,14.017093630257428,1.3506105763634153,9.54246862541072,0.1445061198995611,0.01392382037488057,0.0983759652104198,cuSPARSE 12.8.6,CUDA,13040,13000,2026-10-08T01:17:08.970540+00:00,derived,csr-alg3,0,0,,,,5,20,4,true
3,A100-SXM4-80GB-suitesparse_all-fp64-n64-row-major-cuSPARSE-SpMM-CSR-solve-only,cuSPARSE-SpMM-CSR-best-solve-only,cuSPARSE CUDA 13.4.1 CSR PER MATRIX BEST,per-matrix-best,cuSPARSE-SpMM-CSR,best,solve-only,"csr-alg1,csr-alg2,csr-alg3,csr-default",manual-selection,csr,CUSPARSE_SPMM_CSR_ALG3,library-preprocess,spmm.csr.fp64,fp64,A100-SXM4-80GB,A100-SXM4-80GB,,9700.0,df7f742d-c1c4-51c9-b7da-d151d8293f2c,suitesparse_all,JGD_Relat/rel6,rel6,2340,157,5101,64,row-major,N,N,1.0,0.0,20260922,main,pass,pass,0,0,652928.0,0.0567,0.00706560015678,0.0637656001568,0.00990060015678,92.40941823936417,10.239502151543249,65.94832531974038,0.9526744148388059,0.10556187785096133,0.6798796424715503,cuSPARSE 12.8.6,CUDA,13040,13000,2026-10-08T23:14:46.375551+00:00,derived,csr-alg3,0,0,,,,5,20,4,true
3,A100-SXM4-80GB-suitesparse_all-fp64-n64-row-major-cuSPARSE-SpMM-CSR-solve-only,cuSPARSE-SpMM-CSR-best-solve-only,cuSPARSE CUDA 13.4.1 CSR PER MATRIX BEST,per-matrix-best,cuSPARSE-SpMM-CSR,best,solve-only,"csr-alg1,csr-alg2,csr-alg3,csr-default",manual-selection,csr,CUSPARSE_SPMM_CSR_ALG2,library-preprocess,spmm.csr.fp64,fp64,A100-SXM4-80GB,A100-SXM4-80GB,,9700.0,0edb0287-e1df-52fd-b14b-f9e504b96222,suitesparse_all,JGD_Relat/rel8,rel8,345688,12347,821839,64,row-major,N,N,1.0,0.0,20260922,main,pass,pass,0,0,105195392.0,0.06482,0.250214409828,0.315034409828,0.253455409828,420.4209984241612,333.9171491058191,415.04496617920967,4.334237097156301,3.442444836142465,4.278814084321749,cuSPARSE 12.8.6,CUDA,13040,13000,2026-10-07T18:23:15.303822+00:00,derived,csr-alg2,0,0,,,,5,20,4,true
3,A100-SXM4-80GB-suitesparse_all-fp64-n64-row-major-cuSPARSE-SpMM-CSR-solve-only,cuSPARSE-SpMM-CSR-best-solve-only,cuSPARSE CUDA 13.4.1 CSR PER MATRIX BEST,per-matrix-best,cuSPARSE-SpMM-CSR,best,solve-only,"csr-alg1,csr-alg2,csr-alg3,csr-default",manual-selection,csr,CUSPARSE_SPMM_CSR_ALG3,library-preprocess,spmm.csr.fp64,fp64,A100-SXM4-80GB,A100-SXM4-80GB,,9700.0,1cb4d392-df77-5092-a407-ab8ee1286933,suitesparse_all,JGD_Relat/relat6,relat6,2340,157,8108,64,row-major,N,N,1.0,0.0,20260922,main,pass,pass,0,0,1037824.0,0.057571,0.00906239971519,0.0666333997152,0.0119409497152,114.51977761038773,15.575132057433622,86.91301988140208,1.1806162640246158,0.16056837172611982,0.8960105142412584,cuSPARSE 12.8.6,CUDA,13040,13000,2026-10-08T01:17:09.603479+00:00,derived,csr-alg3,0,0,,,,5,20,4,true
3,A100-SXM4-80GB-suitesparse_all-fp64-n64-row-major-cuSPARSE-SpMM-CSR-solve-only,cuSPARSE-SpMM-CSR-best-solve-only,cuSPARSE CUDA 13.4.1 CSR PER MATRIX BEST,per-matrix-best,cuSPARSE-SpMM-CSR,best,solve-only,"csr-alg1,csr-alg2,csr-alg3,csr-default",manual-selection,csr,CUSPARSE_SPMM_CSR_ALG2,library-preprocess,spmm.csr.fp64,fp64,A100-SXM4-80GB,A100-SXM4-80GB,,9700.0,df7f742d-c1c4-51c9-b7da-d151d8293f2c,suitesparse_all,JGD_Relat/relat7b,relat7b,21924,1045,81355,64,row-major,N,N,1.0,0.0,20260922,main,pass,pass,0,0,10413440.0,0.0421,0.0329728007317,0.0750728007317,0.0350778007317,315.8190923705348,138.71122295298693,296.86695809835413,3.2558669316549977,1.430012607762752,3.0604841041067434,cuSPARSE 12.8.6,CUDA,13040,13000,2026-10-08T20:39:47.870788+00:00,derived,csr-alg2,0,0,,,,5,20,4,true
3,A100-SXM4-80GB-suitesparse_all-fp64-n64-row-major-cuSPARSE-SpMM-CSR-solve-only,cuSPARSE-SpMM-CSR-best-solve-only,cuSPARSE CUDA 13.4.1 CSR PER MATRIX BEST,per-matrix-best,cuSPARSE-SpMM-CSR,best,solve-only,"csr-alg1,csr-alg2,csr-alg3,csr-default",manual-selection,csr,CUSPARSE_SPMM_CSR_ALG2,library-preprocess,spmm.csr.fp64,fp64,A100-SXM4-80GB,A100-SXM4-80GB,,9700.0,0edb0287-e1df-52fd-b14b-f9e504b96222,suitesparse_all,JGD_Relat/relat8,relat8,345688,12347,1334038,64,row-major,N,N,1.0,0.0,20260922,main,pass,pass,0,0,170756864.0,0.09052,0.339916801453,0.430436801453,0.344442801453,502.3489961957953,396.7060052104889,495.7480988996664,5.178855630884487,4.089752631035968,5.11080514329553,cuSPARSE 12.8.6,CUDA,13040,13000,2026-10-07T18:23:24.159709+00:00,derived,csr-alg2,0,0,,,,5,20,4,true
3,A100-SXM4-80GB-suitesparse_all-fp64-n64-row-major-cuSPARSE-SpMM-CSR-solve-only,cuSPARSE-SpMM-CSR-best-solve-only,cuSPARSE CUDA 13.4.1 CSR PER MATRIX BEST,per-matrix-best,cuSPARSE-SpMM-CSR,best,solve-only,"csr-alg1,csr-alg2,csr-alg3,csr-default",manual-selection,csr,CUSPARSE_SPMM_CSR_ALG3,library-preprocess,spmm.csr.fp64,fp64,A100-SXM4-80GB,A100-SXM4-80GB,,9700.0,0edb0287-e1df-52fd-b14b-f9e504b96222,suitesparse_all,JGD_SL6/D_11,D_11,169,461,2952,64,row-major,N,N,1.0,0.0,20260922,main,pass,pass,0,0,377856.0,0.05323,0.00860159993172,0.0618315999317,0.0112630999317,43.92857177727898,6.111050020012174,33.548135263944886,0.45287187399256684,0.06300051567022859,0.3458570645767514,cuSPARSE 12.8.6,CUDA,13040,13000,2026-10-07T20:40:46.395362+00:00,derived,csr-alg3,0,0,,,,5,20,4,true
3,A100-SXM4-80GB-suitesparse_all-fp64-n64-row-major-cuSPARSE-SpMM-CSR-solve-only,cuSPARSE-SpMM-CSR-best-solve-only,cuSPARSE CUDA 13.4.1 CSR PER MATRIX BEST,per-matrix-best,cuSPARSE-SpMM-CSR,best,solve-only,"csr-alg1,csr-alg2,csr-alg3,csr-default",manual-selection,csr,CUSPARSE_SPMM_CSR_ALG3,library-preprocess,spmm.csr.fp64,fp64,A100-SXM4-80GB,A100-SXM4-80GB,,9700.0,1cb4d392-df77-5092-a407-ab8ee1286933,suitesparse_all,JGD_SL6/D_8,D_8,1132,1271,14966,64,row-major,N,N,1.0,0.0,20260922,main,pass,pass,0,0,1915648.0,0.05337,0.00885759964585,0.0622275996459,0.0115260996459,216.27168494768532,30.784539511419457,166.20088831883592,2.229604999460673,0.3173663867156645,1.7134112197818137,cuSPARSE 12.8.6,CUDA,13040,13000,2026-10-08T01:17:10.258529+00:00,derived,csr-alg3,0,0,,,,5,20,4,true
3,A100-SXM4-80GB-suitesparse_all-fp64-n64-row-major-cuSPARSE-SpMM-CSR-solve-only,cuSPARSE-SpMM-CSR-best-solve-only,cuSPARSE CUDA 13.4.1 CSR PER MATRIX BEST,per-matrix-best,cuSPARSE-SpMM-CSR,best,solve-only,"csr-alg1,csr-alg2,csr-alg3,csr-default",manual-selection,csr,CUSPARSE_SPMM_CSR_ALG3,library-preprocess,spmm.csr.fp64,fp64,A100-SXM4-80GB,A100-SXM4-80GB,,9700.0,df7f742d-c1c4-51c9-b7da-d151d8293f2c,suitesparse_all,JGD_SL6/D_9,D_9,815,1133,12395,64,row-major,N,N,1.0,0.0,20260922,main,pass,pass,0,0,1586560.0,0.05139,0.00890880003572,0.0602988000357,0.0114783000357,178.08907974571864,26.311634710154674,138.22255865985858,1.8359698942857592,0.2712539660840688,1.4249748315449338,cuSPARSE 12.8.6,CUDA,13040,13000,2026-10-08T23:14:48.050764+00:00,derived,csr-alg3,0,0,,,,5,20,4,true
3,A100-SXM4-80GB-suitesparse_all-fp64-n64-row-major-cuSPARSE-SpMM-CSR-solve-only,cuSPARSE-SpMM-CSR-best-solve-only,cuSPARSE CUDA 13.4.1 CSR PER MATRIX BEST,per-matrix-best,cuSPARSE-SpMM-CSR,best,solve-only,"csr-alg1,csr-alg2,csr-alg3,csr-default",manual-selection,csr,CUSPARSE_SPMM_CSR_ALG3,library-preprocess,spmm.csr.fp64,fp64,A100-SXM4-80GB,A100-SXM4-80GB,,9700.0,1cb4d392-df77-5092-a407-ab8ee1286933,suitesparse_all,JGD_SPG/EX4,EX4,2600,2600,71760,64,row-major,N,N,1.0,0.0,20260922,main,pass,pass,0,0,9185280.0,0.06204,0.0163839995861,0.0784239995861,0.0194859995861,560.625014162762,117.12333021112603,471.37843554878043,5.779639321265587,1.2074570124858355,4.859571500502891,cuSPARSE 12.8.6,CUDA,13040,13000,2026-10-08T01:17:10.994997+00:00,derived,csr-alg3,0,0,,,,5,20,4,true
3,A100-SXM4-80GB-suitesparse_all-fp64-n64-row-major-cuSPARSE-SpMM-CSR-solve-only,cuSPARSE-SpMM-CSR-best-solve-only,cuSPARSE CUDA 13.4.1 CSR PER MATRIX BEST,per-matrix-best,cuSPARSE-SpMM-CSR,best,solve-only,"csr-alg1,csr-alg2,csr-alg3,csr-default",manual-selection,csr,CUSPARSE_SPMM_CSR_ALG3,library-preprocess,spmm.csr.fp64,fp64,A100-SXM4-80GB,A100-SXM4-80GB,,9700.0,df7f742d-c1c4-51c9-b7da-d151d8293f2c,suitesparse_all,JGD_SPG/EX5,EX5,6545,6545,295680,64,row-major,N,N,1.0,0.0,20260922,main,pass,pass,0,0,37847040.0,0.09818,0.0408064007759,0.138986400776,0.0457154007759,927.4780250247462,272.30750482557556,827.8838062807052,9.561629123966457,2.8072938641811915,8.534884600832013,cuSPARSE 12.8.6,CUDA,13040,13000,2026-10-08T23:14:49.255617+00:00,derived,csr-alg3,0,0,,,,5,20,4,true
3,A100-SXM4-80GB-suitesparse_all-fp64-n64-row-major-cuSPARSE-SpMM-CSR-solve-only,cuSPARSE-SpMM-CSR-best-solve-only,cuSPARSE CUDA 13.4.1 CSR PER MATRIX BEST,per-matrix-best,cuSPARSE-SpMM-CSR,best,solve-only,"csr-alg1,csr-alg2,csr-alg3,csr-default",manual-selection,csr,CUSPARSE_SPMM_CSR_ALG2,library-preprocess,spmm.csr.fp64,fp64,A100-SXM4-80GB,A100-SXM4-80GB,,9700.0,0edb0287-e1df-52fd-b14b-f9e504b96222,suitesparse_all,JGD_Taha/abtaha2,abtaha2,37932,331,137228,64,row-major,N,N,1.0,0.0,20260922,main,pass,pass,0,0,17565184.0,0.04746,0.0448511987925,0.0923111987925,0.0472241987925,391.63243063499215,190.28226509638955,371.95303359576843,4.037447738505074,1.9616728360452533,3.834567356657406,cuSPARSE 12.8.6,CUDA,13040,13000,2026-10-07T18:23:26.347402+00:00,derived,csr-alg2,0,0,,,,5,20,4,true
3,A100-SXM4-80GB-suitesparse_all-fp64-n64-row-major-cuSPARSE-SpMM-CSR-solve-only,cuSPARSE-SpMM-CSR-best-solve-only,cuSPARSE CUDA 13.4.1 CSR PER MATRIX BEST,per-matrix-best,cuSPARSE-SpMM-CSR,best,solve-only,"csr-alg1,csr-alg2,csr-alg3,csr-default",manual-selection,csr,CUSPARSE_SPMM_CSR_ALG3,library-preprocess,spmm.csr.fp64,fp64,A100-SXM4-80GB,A100-SXM4-80GB,,9700.0,df7f742d-c1c4-51c9-b7da-d151d8293f2c,suitesparse_all,JGD_Trefethen/Trefethen_200,Trefethen_200,200,200,2890,64,row-major,N,N,1.0,0.0,20260922,main,pass,pass,0,0,369920.0,0.05604,0.00624639987946,0.0622863998795,0.00904839987946,59.22131261823402,5.939017196621599,40.88236648777248,0.6105289960642682,0.06122698140847009,0.42146769575023174,cuSPARSE 12.8.6,CUDA,13040,13000,2026-10-08T23:14:49.880794+00:00,derived,csr-alg3,0,0,,,,5,20,4,true
3,A100-SXM4-80GB-suitesparse_all-fp64-n64-row-major-cuSPARSE-SpMM-CSR-solve-only,cuSPARSE-SpMM-CSR-best-solve-only,cuSPARSE CUDA 13.4.1 CSR PER MATRIX BEST,per-matrix-best,cuSPARSE-SpMM-CSR,best,solve-only,"csr-alg1,csr-alg2,csr-alg3,csr-default",manual-selection,csr,CUSPARSE_SPMM_CSR_ALG3,library-preprocess,spmm.csr.fp64,fp64,A100-SXM4-80GB,A100-SXM4-80GB,,9700.0,1cb4d392-df77-5092-a407-ab8ee1286933,suitesparse_all,JGD_Trefethen/Trefethen_200b,Trefethen_200b,199,199,2873,64,row-major,N,N,1.0,0.0,20260922,main,pass,pass,0,0,367744.0,0.05636,0.00624639987946,0.0626063998795,0.00906439987946,58.87295195577382,5.873904276684261,40.570143075142866,0.606937649028596,0.06055571419262125,0.4182488976818852,cuSPARSE 12.8.6,CUDA,13040,13000,2026-10-08T01:17:11.638460+00:00,derived,csr-alg3,0,0,,,,5,20,4,true
3,A100-SXM4-80GB-suitesparse_all-fp64-n64-row-major-cuSPARSE-SpMM-CSR-solve-only,cuSPARSE-SpMM-CSR-best-solve-only,cuSPARSE CUDA 13.4.1 CSR PER MATRIX BEST,per-matrix-best,cuSPARSE-SpMM-CSR,best,solve-only,"csr-alg1,csr-alg2,csr-alg3,csr-default",manual-selection,csr,CUSPARSE_SPMM_CSR_ALG3,library-preprocess,spmm.csr.fp64,fp64,A100-SXM4-80GB,A100-SXM4-80GB,,9700.0,0edb0287-e1df-52fd-b14b-f9e504b96222,suitesparse_all,JGD_Trefethen/Trefethen_500,Trefethen_500,500,500,8478,64,row-major,N,N,1.0,0.0,20260922,main,pass,pass,0,0,1085184.0,0.0499,0.00732159987092,0.0572215998709,0.00981659987092,148.21678582984904,18.96458684217722,110.54581161188736,1.52800810133865,0.19551120455852805,1.1396475423905914,cuSPARSE 12.8.6,CUDA,13040,13000,2026-10-07T20:40:48.617676+00:00,derived,csr-alg3,0,0,,,,5,20,4,true
3,A100-SXM4-80GB-suitesparse_all-fp64-n64-row-major-cuSPARSE-SpMM-CSR-solve-only,cuSPARSE-SpMM-CSR-best-solve-only,cuSPARSE CUDA 13.4.1 CSR PER MATRIX BEST,per-matrix-best,cuSPARSE-SpMM-CSR,best,solve-only,"csr-alg1,csr-alg2,csr-alg3,csr-default",manual-selection,csr,CUSPARSE_SPMM_CSR_ALG2,library-preprocess,spmm.csr.fp64,fp64,A100-SXM4-80GB,A100-SXM4-80GB,,9700.0,0edb0287-e1df-52fd-b14b-f9e504b96222,suitesparse_all,Kemelmacher/Kemelmacher,Kemelmacher,28452,9693,100875,64,row-major,N,N,1.0,0.0,20260922,main,pass,pass,0,0,12912000.0,0.04597,0.0433151990175,0.0892851990175,0.0456136990175,298.0939783927428,144.6152345750972,283.0728548247364,3.0731337978633277,1.4908787069597649,2.918276853863262,cuSPARSE 12.8.6,CUDA,13040,13000,2026-10-07T17:52:59.909397+00:00,derived,csr-alg2,0,0,,,,5,20,4,true
3,A100-SXM4-80GB-suitesparse_all-fp64-n64-row-major-cuSPARSE-SpMM-CSR-solve-only,cuSPARSE-SpMM-CSR-best-solve-only,cuSPARSE CUDA 13.4.1 CSR PER MATRIX BEST,per-matrix-best,cuSPARSE-SpMM-CSR,best,solve-only,"csr-alg1,csr-alg2,csr-alg3,csr-default",manual-selection,csr,CUSPARSE_SPMM_CSR_ALG3,library-preprocess,spmm.csr.fp64,fp64,A100-SXM4-80GB,A100-SXM4-80GB,,9700.0,1cb4d392-df77-5092-a407-ab8ee1286933,suitesparse_all,Kim/kim1,kim1,38415,38415,933195,64,row-major,N,N,1.0,0.0,20260922,main,pass,pass,0,0,119448960.0,0.14819,0.169676804543,0.317866804543,0.177086304543,703.9793112660186,375.7830584786381,674.5239859641176,7.257518672845553,3.8740521492643105,6.953855525403274,cuSPARSE 12.8.6,CUDA,13040,13000,2026-10-08T00:57:23.812266+00:00,derived,csr-alg3,0,0,,,,5,20,4,true
3,A100-SXM4-80GB-suitesparse_all-fp64-n64-row-major-cuSPARSE-SpMM-CSR-solve-only,cuSPARSE-SpMM-CSR-best-solve-only,cuSPARSE CUDA 13.4.1 CSR PER MATRIX BEST,per-matrix-best,cuSPARSE-SpMM-CSR,best,solve-only,"csr-alg1,csr-alg2,csr-alg3,csr-default",manual-selection,csr,CUSPARSE_SPMM_CSR_ALG3,library-preprocess,spmm.csr.fp64,fp64,A100-SXM4-80GB,A100-SXM4-80GB,,9700.0,df7f742d-c1c4-51c9-b7da-d151d8293f2c,suitesparse_all,Kim/kim2,kim2,456976,456976,11330020,64,row-major,N,N,1.0,0.0,20260922,main,pass,pass,0,0,1450242560.0,41.806517,2.03842887878,43.8449458788,4.12875472878,711.4511450936519,33.07661877400616,351.2542292451773,7.3345478875634225,0.340996069835115,3.6211776210843025,cuSPARSE 12.8.6,CUDA,13040,13000,2026-10-08T22:50:01.818701+00:00,derived,csr-alg3,0,0,,,,5,20,4,true
3,A100-SXM4-80GB-suitesparse_all-fp64-n64-row-major-cuSPARSE-SpMM-CSR-solve-only,cuSPARSE-SpMM-CSR-best-solve-only,cuSPARSE CUDA 13.4.1 CSR PER MATRIX BEST,per-matrix-best,cuSPARSE-SpMM-CSR,best,solve-only,"csr-alg1,csr-alg2,csr-alg3,csr-default",manual-selection,csr,CUSPARSE_SPMM_CSR_ALG2,library-preprocess,spmm.csr.fp64,fp64,A100-SXM4-80GB,A100-SXM4-80GB,,9700.0,0edb0287-e1df-52fd-b14b-f9e504b96222,suitesparse_all,LAW/cnr-2000,cnr-2000,325557,325557,3216152,64,row-major,N,N,1.0,0.0,20260922,main,pass,pass,0,0,411667456.0,0.09888,0.648943996429,0.747823996429,0.653887996429,634.3651505604765,550.487090499622,629.5687613906206,6.539846912994604,5.675124644326,6.49039960196516,cuSPARSE 12.8.6,CUDA,13040,13000,2026-10-07T18:32:07.467016+00:00,derived,csr-alg2,0,0,,,,5,20,4,true
3,A100-SXM4-80GB-suitesparse_all-fp64-n64-row-major-cuSPARSE-SpMM-CSR-solve-only,cuSPARSE-SpMM-CSR-best-solve-only,cuSPARSE CUDA 13.4.1 CSR PER MATRIX BEST,per-matrix-best,cuSPARSE-SpMM-CSR,best,solve-only,"csr-alg1,csr-alg2,csr-alg3,csr-default",manual-selection,csr,CUSPARSE_SPMM_CSR_ALG2,library-preprocess,spmm.csr.fp64,fp64,A100-SXM4-80GB,A100-SXM4-80GB,,9700.0,df7f742d-c1c4-51c9-b7da-d151d8293f2c,suitesparse_all,LAW/hollywood-2009,hollywood-2009,1139905,1139905,113891327,64,row-major,N,N,1.0,0.0,20260922,main,pass,pass,0,0,14578089856.0,0.65255,18.9811889648,19.6337389648,19.0138164648,768.0282769975366,742.5019698049398,766.7103489185458,7.917817288634399,7.654659482525153,7.904230401222121,cuSPARSE 12.8.6,CUDA,13040,13000,2026-10-08T20:47:35.867533+00:00,derived,csr-alg2,0,0,,,,5,20,4,true
3,A100-SXM4-80GB-suitesparse_all-fp64-n64-row-major-cuSPARSE-SpMM-CSR-solve-only,cuSPARSE-SpMM-CSR-best-solve-only,cuSPARSE CUDA 13.4.1 CSR PER MATRIX BEST,per-matrix-best,cuSPARSE-SpMM-CSR,best,solve-only,"csr-alg1,csr-alg2,csr-alg3,csr-default",manual-selection,csr,CUSPARSE_SPMM_CSR_ALG2,library-preprocess,spmm.csr.fp64,fp64,A100-SXM4-80GB,A100-SXM4-80GB,,9700.0,1cb4d392-df77-5092-a407-ab8ee1286933,suitesparse_all,LAW/ljournal-2008,ljournal-2008,5363260,5363260,79023142,64,row-major,N,N,1.0,0.0,20260922,main,pass,pass,0,0,10114962176.0,0.663331,17.4955001831,18.1588311831,17.5286667331,578.1464988220614,557.0271607246264,577.0525693719511,5.960273183732592,5.742548048707488,5.948995560535578,cuSPARSE 12.8.6,CUDA,13040,13000,2026-10-07T23:18:52.207230+00:00,derived,csr-alg2,0,0,,,,5,20,4,true
3,A100-SXM4-80GB-suitesparse_all-fp64-n64-row-major-cuSPARSE-SpMM-CSR-solve-only,cuSPARSE-SpMM-CSR-best-solve-only,cuSPARSE CUDA 13.4.1 CSR PER MATRIX BEST,per-matrix-best,cuSPARSE-SpMM-CSR,best,solve-only,"csr-alg1,csr-alg2,csr-alg3,csr-default",manual-selection,csr,CUSPARSE_SPMM_CSR_ALG2,library-preprocess,spmm.csr.fp64,fp64,A100-SXM4-80GB,A100-SXM4-80GB,,9700.0,1cb4d392-df77-5092-a407-ab8ee1286933,suitesparse_all,Lee/fem_filter,fem_filter,74062,74062,1731206,64,row-major,N,N,1.0,0.0,20260922,main,pass,pass,0,0,221594368.0,0.06433,0.318208003044,0.382538003044,0.321424503044,696.3821333222696,579.2741276335672,689.4134264856149,7.179197250745048,5.971898223026466,7.107354912222834,cuSPARSE 12.8.6,CUDA,13040,13000,2026-10-07T23:03:18.262486+00:00,derived,csr-alg2,0,0,,,,5,20,4,true
3,A100-SXM4-80GB-suitesparse_all-fp64-n64-row-major-cuSPARSE-SpMM-CSR-solve-only,cuSPARSE-SpMM-CSR-best-solve-only,cuSPARSE CUDA 13.4.1 CSR PER MATRIX BEST,per-matrix-best,cuSPARSE-SpMM-CSR,best,solve-only,"csr-alg1,csr-alg2,csr-alg3,csr-default",manual-selection,csr,CUSPARSE_SPMM_CSR_ALG3,library-preprocess,spmm.csr.fp64,fp64,A100-SXM4-80GB,A100-SXM4-80GB,,9700.0,1cb4d392-df77-5092-a407-ab8ee1286933,suitesparse_all,Lee/fem_hifreq_circuit,fem_hifreq_circuit,491100,491100,20239237,64,row-major,N,N,1.0,0.0,20260922,main,pass,pass,0,0,2590622336.0,0.65116,3.56439056396,4.21555056396,3.59694856396,726.806529619427,614.5395000472782,720.227795848128,7.492850820818835,6.335458763374002,7.425028823176577,cuSPARSE 12.8.6,CUDA,13040,13000,2026-10-08T01:18:25.143335+00:00,derived,csr-alg3,0,0,,,,5,20,4,true
3,A100-SXM4-80GB-suitesparse_all-fp64-n64-row-major-cuSPARSE-SpMM-CSR-solve-only,cuSPARSE-SpMM-CSR-best-solve-only,cuSPARSE CUDA 13.4.1 CSR PER MATRIX BEST,per-matrix-best,cuSPARSE-SpMM-CSR,best,solve-only,"csr-alg1,csr-alg2,csr-alg3,csr-default",manual-selection,csr,CUSPARSE_SPMM_CSR_ALG3,library-preprocess,spmm.csr.fp64,fp64,A100-SXM4-80GB,A100-SXM4-80GB,,9700.0,df7f742d-c1c4-51c9-b7da-d151d8293f2c,suitesparse_all,LeGresley/LeGresley_2508,LeGresley_2508,2508,2508,16727,64,row-major,N,N,1.0,0.0,20260922,main,pass,pass,0,0,2141056.0,0.06145,0.0111103996634,0.0725603996634,0.0141828996634,192.7073791101404,29.50722446309739,150.9603854510196,1.9866740114447465,0.3041981903412102,1.556292633515666,cuSPARSE 12.8.6,CUDA,13040,13000,2026-10-09T00:21:59.452744+00:00,derived,csr-alg3,0,0,,,,5,20,4,true
3,A100-SXM4-80GB-suitesparse_all-fp64-n64-row-major-cuSPARSE-SpMM-CSR-solve-only,cuSPARSE-SpMM-CSR-best-solve-only,cuSPARSE CUDA 13.4.1 CSR PER MATRIX BEST,per-matrix-best,cuSPARSE-SpMM-CSR,best,solve-only,"csr-alg1,csr-alg2,csr-alg3,csr-default",manual-selection,csr,CUSPARSE_SPMM_CSR_ALG2,library-preprocess,spmm.csr.fp64,fp64,A100-SXM4-80GB,A100-SXM4-80GB,,9700.0,0edb0287-e1df-52fd-b14b-f9e504b96222,suitesparse_all,LeGresley/LeGresley_87936,LeGresley_87936,87936,87936,593276,64,row-major,N,N,1.0,0.0,20260922,main,pass,pass,0,0,75939328.0,0.06513,0.200182390213,0.265312390213,0.203438890213,379.35069073357704,286.22608970140385,373.27832412225473,3.910831863232753,2.95078442991138,3.848230145590255,cuSPARSE 12.8.6,CUDA,13040,13000,2026-10-07T19:14:59.299122+00:00,derived,csr-alg2,0,0,,,,5,20,4,true
3,A100-SXM4-80GB-suitesparse_all-fp64-n64-row-major-cuSPARSE-SpMM-CSR-solve-only,cuSPARSE-SpMM-CSR-best-solve-only,cuSPARSE CUDA 13.4.1 CSR PER MATRIX BEST,per-matrix-best,cuSPARSE-SpMM-CSR,best,solve-only,"csr-alg1,csr-alg2,csr-alg3,csr-default",manual-selection,csr,CUSPARSE_SPMM_CSR_ALG3,library-preprocess,spmm.csr.fp64,fp64,A100-SXM4-80GB,A100-SXM4-80GB,,9700.0,1cb4d392-df77-5092-a407-ab8ee1286933,suitesparse_all,LPnetlib/lp_agg,lp_agg,488,615,2862,64,row-major,N,N,1.0,0.0,20260922,main,pass,pass,0,0,366336.0,0.0517,0.00660479962826,0.0583047996283,0.00918979962826,55.46511940083023,6.283119097148697,39.8633283443376,0.5718053546477343,0.06477442368194533,0.4109621478797691,cuSPARSE 12.8.6,CUDA,13040,13000,2026-10-08T00:56:12.559449+00:00,derived,csr-alg3,0,0,,,,5,20,4,true
3,A100-SXM4-80GB-suitesparse_all-fp64-n64-row-major-cuSPARSE-SpMM-CSR-solve-only,cuSPARSE-SpMM-CSR-best-solve-only,cuSPARSE CUDA 13.4.1 CSR PER MATRIX BEST,per-matrix-best,cuSPARSE-SpMM-CSR,best,solve-only,"csr-alg1,csr-alg2,csr-alg3,csr-default",manual-selection,csr,CUSPARSE_SPMM_CSR_ALG3,library-preprocess,spmm.csr.fp64,fp64,A100-SXM4-80GB,A100-SXM4-80GB,,9700.0,df7f742d-c1c4-51c9-b7da-d151d8293f2c,suitesparse_all,LPnetlib/lp_agg2,lp_agg2,516,758,4740,64,row-major,N,N,1.0,0.0,20260922,main,pass,pass,0,0,606720.0,0.07858,0.010035199672,0.088615199672,0.013964199672,60.459185649574785,6.846680955927553,43.44824725018441,0.6232905737069565,0.07058433975183044,0.44792007474416917,cuSPARSE 12.8.6,CUDA,13040,13000,2026-10-08T22:48:38.467160+00:00,derived,csr-alg3,0,0,,,,5,20,4,true
3,A100-SXM4-80GB-suitesparse_all-fp64-n64-row-major-cuSPARSE-SpMM-CSR-solve-only,cuSPARSE-SpMM-CSR-best-solve-only,cuSPARSE CUDA 13.4.1 CSR PER MATRIX BEST,per-matrix-best,cuSPARSE-SpMM-CSR,best,solve-only,"csr-alg1,csr-alg2,csr-alg3,csr-default",manual-selection,csr,CUSPARSE_SPMM_CSR_ALG3,library-preprocess,spmm.csr.fp64,fp64,A100-SXM4-80GB,A100-SXM4-80GB,,9700.0,0edb0287-e1df-52fd-b14b-f9e504b96222,suitesparse_all,LPnetlib/lp_bandm,lp_bandm,305,472,2494,64,row-major,N,N,1.0,0.0,20260922,main,pass,pass,0,0,319232.0,0.05203,0.00977919995785,0.0618091999578,0.0123806999578,32.643979198292676,5.164797477041516,25.784648774957166,0.33653586802363583,0.05324533481486099,0.265821121391311,cuSPARSE 12.8.6,CUDA,13040,13000,2026-10-07T20:03:00.945458+00:00,derived,csr-alg3,0,0,,,,5,20,4,true
3,A100-SXM4-80GB-suitesparse_all-fp64-n64-row-major-cuSPARSE-SpMM-CSR-solve-only,cuSPARSE-SpMM-CSR-best-solve-only,cuSPARSE CUDA 13.4.1 CSR PER MATRIX BEST,per-matrix-best,cuSPARSE-SpMM-CSR,best,solve-only,"csr-alg1,csr-alg2,csr-alg3,csr-default",manual-selection,csr,CUSPARSE_SPMM_CSR_ALG3,library-preprocess,spmm.csr.fp64,fp64,A100-SXM4-80GB,A100-SXM4-80GB,,9700.0,1cb4d392-df77-5092-a407-ab8ee1286933,suitesparse_all,LPnetlib/lp_bore3d,lp_bore3d,233,334,1448,64,row-major,N,N,1.0,0.0,20260922,main,pass,pass,0,0,185344.0,0.05665,0.0113151997328,0.0679651997328,0.0141476997328,16.380090884541172,2.7270426737310536,13.100645582002198,0.16886691633547599,0.028113841997227353,0.13505820187631132,cuSPARSE 12.8.6,CUDA,13040,13000,2026-10-08T00:56:13.207958+00:00,derived,csr-alg3,0,0,,,,5,20,4,true
3,A100-SXM4-80GB-suitesparse_all-fp64-n64-row-major-cuSPARSE-SpMM-CSR-solve-only,cuSPARSE-SpMM-CSR-best-solve-only,cuSPARSE CUDA 13.4.1 CSR PER MATRIX BEST,per-matrix-best,cuSPARSE-SpMM-CSR,best,solve-only,"csr-alg1,csr-alg2,csr-alg3,csr-default",manual-selection,csr,CUSPARSE_SPMM_CSR_ALG3,library-preprocess,spmm.csr.fp64,fp64,A100-SXM4-80GB,A100-SXM4-80GB,,9700.0,df7f742d-c1c4-51c9-b7da-d151d8293f2c,suitesparse_all,LPnetlib/lp_brandy,lp_brandy,220,303,2202,64,row-major,N,N,1.0,0.0,20260922,main,pass,pass,0,0,281856.0,0.05543,0.0135680004954,0.0689980004954,0.0163395004954,20.773584147167334,4.084987941335937,17.24997652647643,0.21416066131100345,0.04211327774573131,0.1778348095513034,cuSPARSE 12.8.6,CUDA,13040,13000,2026-10-08T22:48:39.055145+00:00,derived,csr-alg3,0,0,,,,5,20,4,true
3,A100-SXM4-80GB-suitesparse_all-fp64-n64-row-major-cuSPARSE-SpMM-CSR-solve-only,cuSPARSE-SpMM-CSR-best-solve-only,cuSPARSE CUDA 13.4.1 CSR PER MATRIX BEST,per-matrix-best,cuSPARSE-SpMM-CSR,best,solve-only,"csr-alg1,csr-alg2,csr-alg3,csr-default",manual-selection,csr,CUSPARSE_SPMM_CSR_ALG2,library-preprocess,spmm.csr.fp64,fp64,A100-SXM4-80GB,A100-SXM4-80GB,,9700.0,0edb0287-e1df-52fd-b14b-f9e504b96222,suitesparse_all,LPnetlib/lp_cre_a,lp_cre_a,3516,7248,18168,64,row-major,N,N,1.0,0.0,20260922,main,pass,pass,0,0,2325504.0,0.03764,0.0261119991541,0.0637519991541,0.0279939991541,89.05882641447845,36.47735021420804,83.07151783490023,0.9181322310770974,0.3760551568475055,0.8564074003597962,cuSPARSE 12.8.6,CUDA,13040,13000,2026-10-07T17:47:04.659457+00:00,derived,csr-alg2,0,0,,,,5,20,4,true
3,A100-SXM4-80GB-suitesparse_all-fp64-n64-row-major-cuSPARSE-SpMM-CSR-solve-only,cuSPARSE-SpMM-CSR-best-solve-only,cuSPARSE CUDA 13.4.1 CSR PER MATRIX BEST,per-matrix-best,cuSPARSE-SpMM-CSR,best,solve-only,"csr-alg1,csr-alg2,csr-alg3,csr-default",manual-selection,csr,CUSPARSE_SPMM_CSR_ALG2,library-preprocess,spmm.csr.fp64,fp64,A100-SXM4-80GB,A100-SXM4-80GB,,9700.0,1cb4d392-df77-5092-a407-ab8ee1286933,suitesparse_all,LPnetlib/lp_czprob,lp_czprob,929,3562,10708,64,row-major,N,N,1.0,0.0,20260922,main,pass,pass,0,0,1370624.0,0.01535,0.0247807994485,0.0401307994485,0.0255482994485,55.30991858630149,34.15391716177812,53.64834566632858,0.5702053462505309,0.3521022387812177,0.5530757285188513,cuSPARSE 12.8.6,CUDA,13040,13000,2026-10-07T22:49:30.849348+00:00,derived,csr-alg2,0,0,,,,5,20,4,true
3,A100-SXM4-80GB-suitesparse_all-fp64-n64-row-major-cuSPARSE-SpMM-CSR-solve-only,cuSPARSE-SpMM-CSR-best-solve-only,cuSPARSE CUDA 13.4.1 CSR PER MATRIX BEST,per-matrix-best,cuSPARSE-SpMM-CSR,best,solve-only,"csr-alg1,csr-alg2,csr-alg3,csr-default",manual-selection,csr,CUSPARSE_SPMM_CSR_ALG3,library-preprocess,spmm.csr.fp64,fp64,A100-SXM4-80GB,A100-SXM4-80GB,,9700.0,df7f742d-c1c4-51c9-b7da-d151d8293f2c,suitesparse_all,LPnetlib/lp_d2q06c,lp_d2q06c,2171,5831,33081,64,row-major,N,N,1.0,0.0,20260922,main,pass,pass,0,0,4234368.0,0.06922,0.0217087998986,0.0909287998986,0.0251697998986,195.0530669488125,46.567952119922296,168.23208833835525,2.010856360297036,0.48008198061775564,1.7343514261686108,cuSPARSE 12.8.6,CUDA,13040,13000,2026-10-08T22:48:39.747438+00:00,derived,csr-alg3,0,0,,,,5,20,4,true
3,A100-SXM4-80GB-suitesparse_all-fp64-n64-row-major-cuSPARSE-SpMM-CSR-solve-only,cuSPARSE-SpMM-CSR-best-solve-only,cuSPARSE CUDA 13.4.1 CSR PER MATRIX BEST,per-matrix-best,cuSPARSE-SpMM-CSR,best,solve-only,"csr-alg1,csr-alg2,csr-alg3,csr-default",manual-selection,csr,CUSPARSE_SPMM_CSR_ALG3,library-preprocess,spmm.csr.fp64,fp64,A100-SXM4-80GB,A100-SXM4-80GB,,9700.0,0edb0287-e1df-52fd-b14b-f9e504b96222,suitesparse_all,LPnetlib/lp_degen2,lp_degen2,444,757,4201,64,row-major,N,N,1.0,0.0,20260922,main,pass,pass,0,0,537728.0,0.05519,0.0126975998282,0.0678875998282,0.0154570998282,42.3487908955647,7.920857437305241,34.78841477228262,0.43658547315015156,0.08165832409593031,0.35864345126064556,cuSPARSE 12.8.6,CUDA,13040,13000,2026-10-07T20:03:02.263209+00:00,derived,csr-alg3,0,0,,,,5,20,4,true
3,A100-SXM4-80GB-suitesparse_all-fp64-n64-row-major-cuSPARSE-SpMM-CSR-solve-only,cuSPARSE-SpMM-CSR-best-solve-only,cuSPARSE CUDA 13.4.1 CSR PER MATRIX BEST,per-matrix-best,cuSPARSE-SpMM-CSR,best,solve-only,"csr-alg1,csr-alg2,csr-alg3,csr-default",manual-selection,csr,CUSPARSE_SPMM_CSR_ALG1,library-preprocess,spmm.csr.fp64,fp64,A100-SXM4-80GB,A100-SXM4-80GB,,9700.0,1cb4d392-df77-5092-a407-ab8ee1286933,suitesparse_all,LPnetlib/lp_fffff800,lp_fffff800,524,1028,6401,64,row-major,N,N,1.0,0.0,20260922,main,pass,pass,0,0,819328.0,0.02788,0.0214016005397,0.0492816005397,0.0227956005397,38.28349185754333,16.625434057077147,35.94237399331014,0.3946751737891065,0.1713962273925479,0.3705399380753623,cuSPARSE 12.8.6,CUDA,13040,13000,2026-10-07T20:40:34.682385+00:00,derived,csr-alg1,0,0,,,,5,20,4,true
3,A100-SXM4-80GB-suitesparse_all-fp64-n64-row-major-cuSPARSE-SpMM-CSR-solve-only,cuSPARSE-SpMM-CSR-best-solve-only,cuSPARSE CUDA 13.4.1 CSR PER MATRIX BEST,per-matrix-best,cuSPARSE-SpMM-CSR,best,solve-only,"csr-alg1,csr-alg2,csr-alg3,csr-default",manual-selection,csr,CUSPARSE_SPMM_CSR_ALG3,library-preprocess,spmm.csr.fp64,fp64,A100-SXM4-80GB,A100-SXM4-80GB,,9700.0,df7f742d-c1c4-51c9-b7da-d151d8293f2c,suitesparse_all,LPnetlib/lp_finnis,lp_finnis,497,1064,2760,64,row-major,N,N,1.0,0.0,20260922,main,pass,pass,0,0,353280.0,0.05112,0.00870399996638,0.0598239999664,0.0112599999664,40.588235450893436,5.90532228200085,31.374778068756,0.4184354170195199,0.06087961115464794,0.3234513202964536,cuSPARSE 12.8.6,CUDA,13040,13000,2026-10-08T22:48:40.452331+00:00,derived,csr-alg3,0,0,,,,5,20,4,true
3,A100-SXM4-80GB-suitesparse_all-fp64-n64-row-major-cuSPARSE-SpMM-CSR-solve-only,cuSPARSE-SpMM-CSR-best-solve-only,cuSPARSE CUDA 13.4.1 CSR PER MATRIX BEST,per-matrix-best,cuSPARSE-SpMM-CSR,best,solve-only,"csr-alg1,csr-alg2,csr-alg3,csr-default",manual-selection,csr,CUSPARSE_SPMM_CSR_ALG3,library-preprocess,spmm.csr.fp64,fp64,A100-SXM4-80GB,A100-SXM4-80GB,,9700.0,0edb0287-e1df-52fd-b14b-f9e504b96222,suitesparse_all,LPnetlib/lp_fit1p,lp_fit1p,627,1677,9868,64,row-major,N,N,1.0,0.0,20260922,main,pass,pass,0,0,1263104.0,0.05463,0.00706560015678,0.0616956001568,0.00979710015678,178.7681119753079,20.473161729358466,128.92631286675984,1.842970226549566,0.21106352298307698,1.3291372460490705,cuSPARSE 12.8.6,CUDA,13040,13000,2026-10-07T20:03:02.899068+00:00,derived,csr-alg3,0,0,,,,5,20,4,true
3,A100-SXM4-80GB-suitesparse_all-fp64-n64-row-major-cuSPARSE-SpMM-CSR-solve-only,cuSPARSE-SpMM-CSR-best-solve-only,cuSPARSE CUDA 13.4.1 CSR PER MATRIX BEST,per-matrix-best,cuSPARSE-SpMM-CSR,best,solve-only,"csr-alg1,csr-alg2,csr-alg3,csr-default",manual-selection,csr,CUSPARSE_SPMM_CSR_ALG3,library-preprocess,spmm.csr.fp64,fp64,A100-SXM4-80GB,A100-SXM4-80GB,,9700.0,1cb4d392-df77-5092-a407-ab8ee1286933,suitesparse_all,LPnetlib/lp_greenbea,lp_greenbea,2392,5598,31070,64,row-major,N,N,1.0,0.0,20260922,main,pass,pass,0,0,3976960.0,0.06017,0.0198655992746,0.0800355992746,0.0228740992746,200.1933062792075,49.68988845020272,173.86302088913817,2.063848518342345,0.5122668912392033,1.7924022772076098,cuSPARSE 12.8.6,CUDA,13040,13000,2026-10-08T00:56:15.180776+00:00,derived,csr-alg3,0,0,,,,5,20,4,true
3,A100-SXM4-80GB-suitesparse_all-fp64-n64-row-major-cuSPARSE-SpMM-CSR-solve-only,cuSPARSE-SpMM-CSR-best-solve-only,cuSPARSE CUDA 13.4.1 CSR PER MATRIX BEST,per-matrix-best,cuSPARSE-SpMM-CSR,best,solve-only,"csr-alg1,csr-alg2,csr-alg3,csr-default",manual-selection,csr,CUSPARSE_SPMM_CSR_ALG3,library-preprocess,spmm.csr.fp64,fp64,A100-SXM4-80GB,A100-SXM4-80GB,,9700.0,df7f742d-c1c4-51c9-b7da-d151d8293f2c,suitesparse_all,LPnetlib/lp_greenbeb,lp_greenbeb,2392,5598,31070,64,row-major,N,N,1.0,0.0,20260922,main,pass,pass,0,0,3976960.0,0.06319,0.0197119995952,0.0829019995952,0.0228714995952,201.75325089639384,47.971822385696285,173.8827829564196,2.0799304216123073,0.49455486995563186,1.7926060098599959,cuSPARSE 12.8.6,CUDA,13040,13000,2026-10-08T22:48:41.182185+00:00,derived,csr-alg3,0,0,,,,5,20,4,true
3,A100-SXM4-80GB-suitesparse_all-fp64-n64-row-major-cuSPARSE-SpMM-CSR-solve-only,cuSPARSE-SpMM-CSR-best-solve-only,cuSPARSE CUDA 13.4.1 CSR PER MATRIX BEST,per-matrix-best,cuSPARSE-SpMM-CSR,best,solve-only,"csr-alg1,csr-alg2,csr-alg3,csr-default",manual-selection,csr,CUSPARSE_SPMM_CSR_ALG3,library-preprocess,spmm.csr.fp64,fp64,A100-SXM4-80GB,A100-SXM4-80GB,,9700.0,0edb0287-e1df-52fd-b14b-f9e504b96222,suitesparse_all,LPnetlib/lp_grow22,lp_grow22,440,946,8252,64,row-major,N,N,1.0,0.0,20260922,main,pass,pass,0,0,1056256.0,0.05346,0.00727040022612,0.0607304002261,0.00994340022612,145.28168562237363,17.392541397184054,106.22684152100757,1.4977493363131302,0.17930455048643354,1.0951220775361605,cuSPARSE 12.8.6,CUDA,13040,13000,2026-10-07T20:03:03.527128+00:00,derived,csr-alg3,0,0,,,,5,20,4,true
3,A100-SXM4-80GB-suitesparse_all-fp64-n64-row-major-cuSPARSE-SpMM-CSR-solve-only,cuSPARSE-SpMM-CSR-best-solve-only,cuSPARSE CUDA 13.4.1 CSR PER MATRIX BEST,per-matrix-best,cuSPARSE-SpMM-CSR,best,solve-only,"csr-alg1,csr-alg2,csr-alg3,csr-default",manual-selection,csr,CUSPARSE_SPMM_CSR_ALG3,library-preprocess,spmm.csr.fp64,fp64,A100-SXM4-80GB,A100-SXM4-80GB,,9700.0,1cb4d392-df77-5092-a407-ab8ee1286933,suitesparse_all,LPnetlib/lp_ken_11,lp_ken_11,14694,21349,49058,64,row-major,N,N,1.0,0.0,20260922,main,pass,pass,0,0,6279424.0,0.15379,0.0300543993711,0.183844399371,0.0377438993711,208.93526842656618,34.15618871983178,166.36924389449996,2.153971839449136,0.35212565690548225,1.7151468442731954,cuSPARSE 12.8.6,CUDA,13040,13000,2026-10-08T00:56:16.076076+00:00,derived,csr-alg3,0,0,,,,5,20,4,true
3,A100-SXM4-80GB-suitesparse_all-fp64-n64-row-major-cuSPARSE-SpMM-CSR-solve-only,cuSPARSE-SpMM-CSR-best-solve-only,cuSPARSE CUDA 13.4.1 CSR PER MATRIX BEST,per-matrix-best,cuSPARSE-SpMM-CSR,best,solve-only,"csr-alg1,csr-alg2,csr-alg3,csr-default",manual-selection,csr,CUSPARSE_SPMM_CSR_ALG2,library-preprocess,spmm.csr.fp64,fp64,A100-SXM4-80GB,A100-SXM4-80GB,,9700.0,df7f742d-c1c4-51c9-b7da-d151d8293f2c,suitesparse_all,LPnetlib/lp_ken_13,lp_ken_13,28632,42659,97246,64,row-major,N,N,1.0,0.0,20260922,main,pass,pass,0,0,12447488.0,0.0654,0.0678399980068,0.133239998007,0.0711099980068,183.48302425882022,93.42155648595887,175.04553999297949,1.891577569678559,0.9631088297521533,1.804593195803912,cuSPARSE 12.8.6,CUDA,13040,13000,2026-10-08T20:13:22.244800+00:00,derived,csr-alg2,0,0,,,,5,20,4,true
3,A100-SXM4-80GB-suitesparse_all-fp64-n64-row-major-cuSPARSE-SpMM-CSR-solve-only,cuSPARSE-SpMM-CSR-best-solve-only,cuSPARSE CUDA 13.4.1 CSR PER MATRIX BEST,per-matrix-best,cuSPARSE-SpMM-CSR,best,solve-only,"csr-alg1,csr-alg2,csr-alg3,csr-default",manual-selection,csr,CUSPARSE_SPMM_CSR_ALG3,library-preprocess,spmm.csr.fp64,fp64,A100-SXM4-80GB,A100-SXM4-80GB,,9700.0,0edb0287-e1df-52fd-b14b-f9e504b96222,suitesparse_all,LPnetlib/lp_lotfi,lp_lotfi,153,366,1136,64,row-major,N,N,1.0,0.0,20260922,main,pass,pass,0,0,145408.0,0.05945,0.0158720001578,0.0753220001578,0.0188445001578,9.161290231498766,1.930485113185649,7.716203602238483,0.09444629104637903,0.019901908383357206,0.07954849074472664,cuSPARSE 12.8.6,CUDA,13040,13000,2026-10-07T20:03:04.225131+00:00,derived,csr-alg3,0,0,,,,5,20,4,true
3,A100-SXM4-80GB-suitesparse_all-fp64-n64-row-major-cuSPARSE-SpMM-CSR-solve-only,cuSPARSE-SpMM-CSR-best-solve-only,cuSPARSE CUDA 13.4.1 CSR PER MATRIX BEST,per-matrix-best,cuSPARSE-SpMM-CSR,best,solve-only,"csr-alg1,csr-alg2,csr-alg3,csr-default",manual-selection,csr,CUSPARSE_SPMM_CSR_ALG2,library-preprocess,spmm.csr.fp64,fp64,A100-SXM4-80GB,A100-SXM4-80GB,,9700.0,1cb4d392-df77-5092-a407-ab8ee1286933,suitesparse_all,LPnetlib/lp_osa_14,lp_osa_14,2337,54797,317097,64,row-major,N,N,1.0,0.0,20260922,main,pass,pass,0,0,40588416.0,0.053609,0.127590405941,0.181199405941,0.130270855941,318.1149530848643,223.9986151677336,311.5694274579926,3.279535598813034,2.3092640738941608,3.2120559531751818,cuSPARSE 12.8.6,CUDA,13040,13000,2026-10-07T22:49:34.510644+00:00,derived,csr-alg2,0,0,,,,5,20,4,true
3,A100-SXM4-80GB-suitesparse_all-fp64-n64-row-major-cuSPARSE-SpMM-CSR-solve-only,cuSPARSE-SpMM-CSR-best-solve-only,cuSPARSE CUDA 13.4.1 CSR PER MATRIX BEST,per-matrix-best,cuSPARSE-SpMM-CSR,best,solve-only,"csr-alg1,csr-alg2,csr-alg3,csr-default",manual-selection,csr,CUSPARSE_SPMM_CSR_ALG2,library-preprocess,spmm.csr.fp64,fp64,A100-SXM4-80GB,A100-SXM4-80GB,,9700.0,df7f742d-c1c4-51c9-b7da-d151d8293f2c,suitesparse_all,LPnetlib/lp_osa_30,lp_osa_30,4350,104374,604488,64,row-major,N,N,1.0,0.0,20260922,main,pass,pass,0,0,77374464.0,0.061951,0.284211206436,0.346162206436,0.287308756436,272.2428329631103,223.52083087471692,269.3077125800574,2.8066271439495907,2.3043384626259473,2.7763681709284267,cuSPARSE 12.8.6,CUDA,13040,13000,2026-10-08T20:13:24.506511+00:00,derived,csr-alg2,0,0,,,,5,20,4,true
3,A100-SXM4-80GB-suitesparse_all-fp64-n64-row-major-cuSPARSE-SpMM-CSR-solve-only,cuSPARSE-SpMM-CSR-best-solve-only,cuSPARSE CUDA 13.4.1 CSR PER MATRIX BEST,per-matrix-best,cuSPARSE-SpMM-CSR,best,solve-only,"csr-alg1,csr-alg2,csr-alg3,csr-default",manual-selection,csr,CUSPARSE_SPMM_CSR_ALG3,library-preprocess,spmm.csr.fp64,fp64,A100-SXM4-80GB,A100-SXM4-80GB,,9700.0,0edb0287-e1df-52fd-b14b-f9e504b96222,suitesparse_all,LPnetlib/lp_pds_02,lp_pds_02,2953,7716,16571,64,row-major,N,N,1.0,0.0,20260922,main,pass,pass,0,0,2121088.0,0.05971,0.0184832006693,0.0781932006693,0.0214687006693,114.75761357301383,27.126246039865404,98.79908582605243,1.1830681811650912,0.27965202102954023,1.0185472765572416,cuSPARSE 12.8.6,CUDA,13040,13000,2026-10-07T20:03:04.925562+00:00,derived,csr-alg3,0,0,,,,5,20,4,true
3,A100-SXM4-80GB-suitesparse_all-fp64-n64-row-major-cuSPARSE-SpMM-CSR-solve-only,cuSPARSE-SpMM-CSR-best-solve-only,cuSPARSE CUDA 13.4.1 CSR PER MATRIX BEST,per-matrix-best,cuSPARSE-SpMM-CSR,best,solve-only,"csr-alg1,csr-alg2,csr-alg3,csr-default",manual-selection,csr,CUSPARSE_SPMM_CSR_ALG2,library-preprocess,spmm.csr.fp64,fp64,A100-SXM4-80GB,A100-SXM4-80GB,,9700.0,1cb4d392-df77-5092-a407-ab8ee1286933,suitesparse_all,LPnetlib/lp_pilot,lp_pilot,1441,4860,44375,64,row-major,N,N,1.0,0.0,20260922,main,pass,pass,0,0,5680000.0,0.01828,0.024012799561,0.042292799561,0.024926799561,236.5405160514928,134.30182108913337,227.86719916048995,2.4385620211494103,1.3845548565890038,2.3491463830978345,cuSPARSE 12.8.6,CUDA,13040,13000,2026-10-07T22:49:35.217618+00:00,derived,csr-alg2,0,0,,,,5,20,4,true
3,A100-SXM4-80GB-suitesparse_all-fp64-n64-row-major-cuSPARSE-SpMM-CSR-solve-only,cuSPARSE-SpMM-CSR-best-solve-only,cuSPARSE CUDA 13.4.1 CSR PER MATRIX BEST,per-matrix-best,cuSPARSE-SpMM-CSR,best,solve-only,"csr-alg1,csr-alg2,csr-alg3,csr-default",manual-selection,csr,CUSPARSE_SPMM_CSR_ALG2,library-preprocess,spmm.csr.fp64,fp64,A100-SXM4-80GB,A100-SXM4-80GB,,9700.0,0edb0287-e1df-52fd-b14b-f9e504b96222,suitesparse_all,LPnetlib/lp_pilot_ja,lp_pilot_ja,940,2267,14977,64,row-major,N,N,1.0,0.0,20260922,main,pass,pass,0,0,1917056.0,0.01493,0.0211968004704,0.0361268004704,0.0219433004704,90.44081924897337,53.064649374934646,87.36406825335945,0.9323795798863234,0.5470582409787077,0.9006604974573139,cuSPARSE 12.8.6,CUDA,13040,13000,2026-10-07T17:47:09.660474+00:00,derived,csr-alg2,0,0,,,,5,20,4,true
3,A100-SXM4-80GB-suitesparse_all-fp64-n64-row-major-cuSPARSE-SpMM-CSR-solve-only,cuSPARSE-SpMM-CSR-best-solve-only,cuSPARSE CUDA 13.4.1 CSR PER MATRIX BEST,per-matrix-best,cuSPARSE-SpMM-CSR,best,solve-only,"csr-alg1,csr-alg2,csr-alg3,csr-default",manual-selection,csr,CUSPARSE_SPMM_CSR_ALG3,library-preprocess,spmm.csr.fp64,fp64,A100-SXM4-80GB,A100-SXM4-80GB,,9700.0,df7f742d-c1c4-51c9-b7da-d151d8293f2c,suitesparse_all,LPnetlib/lp_pilot4,lp_pilot4,410,1123,5264,64,row-major,N,N,1.0,0.0,20260922,main,pass,pass,0,0,673792.0,0.05546,0.00998400002718,0.0654440000272,0.0127570000272,67.48717930345538,10.295703192346998,52.817433453270034,0.6957441165304677,0.10614127002419586,0.544509623229588,cuSPARSE 12.8.6,CUDA,13040,13000,2026-10-08T22:48:45.385736+00:00,derived,csr-alg3,0,0,,,,5,20,4,true
3,A100-SXM4-80GB-suitesparse_all-fp64-n64-row-major-cuSPARSE-SpMM-CSR-solve-only,cuSPARSE-SpMM-CSR-best-solve-only,cuSPARSE CUDA 13.4.1 CSR PER MATRIX BEST,per-matrix-best,cuSPARSE-SpMM-CSR,best,solve-only,"csr-alg1,csr-alg2,csr-alg3,csr-default",manual-selection,csr,CUSPARSE_SPMM_CSR_ALG3,library-preprocess,spmm.csr.fp64,fp64,A100-SXM4-80GB,A100-SXM4-80GB,,9700.0,1cb4d392-df77-5092-a407-ab8ee1286933,suitesparse_all,LPnetlib/lp_qap8,lp_qap8,912,1632,7296,64,row-major,N,N,1.0,0.0,20260922,main,pass,pass,0,0,933888.0,0.05087,0.00686080008745,0.0577308000875,0.00940430008745,136.11940125005225,16.176598948646955,99.30435984771155,1.4032927963922912,0.16676906132625727,1.0237562870898098,cuSPARSE 12.8.6,CUDA,13040,13000,2026-10-08T00:56:18.807566+00:00,derived,csr-alg3,0,0,,,,5,20,4,true
3,A100-SXM4-80GB-suitesparse_all-fp64-n64-row-major-cuSPARSE-SpMM-CSR-solve-only,cuSPARSE-SpMM-CSR-best-solve-only,cuSPARSE CUDA 13.4.1 CSR PER MATRIX BEST,per-matrix-best,cuSPARSE-SpMM-CSR,best,solve-only,"csr-alg1,csr-alg2,csr-alg3,csr-default",manual-selection,csr,CUSPARSE_SPMM_CSR_ALG3,library-preprocess,spmm.csr.fp64,fp64,A100-SXM4-80GB,A100-SXM4-80GB,,9700.0,df7f742d-c1c4-51c9-b7da-d151d8293f2c,suitesparse_all,LPnetlib/lp_recipe,lp_recipe,91,204,687,64,row-major,N,N,1.0,0.0,20260922,main,pass,pass,0,0,87936.0,0.05201,0.00604160018265,0.0580516001827,0.00864210018265,14.555084305732562,1.5147902852504982,10.175304398407867,0.1500524155230161,0.015616394693304106,0.104900045344411,cuSPARSE 12.8.6,CUDA,13040,13000,2026-10-08T22:48:46.014405+00:00,derived,csr-alg3,0,0,,,,5,20,4,true
3,A100-SXM4-80GB-suitesparse_all-fp64-n64-row-major-cuSPARSE-SpMM-CSR-solve-only,cuSPARSE-SpMM-CSR-best-solve-only,cuSPARSE CUDA 13.4.1 CSR PER MATRIX BEST,per-matrix-best,cuSPARSE-SpMM-CSR,best,solve-only,"csr-alg1,csr-alg2,csr-alg3,csr-default",manual-selection,csr,CUSPARSE_SPMM_CSR_ALG3,library-preprocess,spmm.csr.fp64,fp64,A100-SXM4-80GB,A100-SXM4-80GB,,9700.0,0edb0287-e1df-52fd-b14b-f9e504b96222,suitesparse_all,LPnetlib/lp_sc205,lp_sc205,205,317,665,64,row-major,N,N,1.0,0.0,20260922,main,pass,pass,0,0,85120.0,0.05077,0.00568320006132,0.0564532000613,0.00822170006132,14.977477315875051,1.5077976077099617,10.353089916337074,0.15440698263788713,0.015544305234123316,0.10673288573543374,cuSPARSE 12.8.6,CUDA,13040,13000,2026-10-07T20:03:06.242639+00:00,derived,csr-alg3,0,0,,,,5,20,4,true
3,A100-SXM4-80GB-suitesparse_all-fp64-n64-row-major-cuSPARSE-SpMM-CSR-solve-only,cuSPARSE-SpMM-CSR-best-solve-only,cuSPARSE CUDA 13.4.1 CSR PER MATRIX BEST,per-matrix-best,cuSPARSE-SpMM-CSR,best,solve-only,"csr-alg1,csr-alg2,csr-alg3,csr-default",manual-selection,csr,CUSPARSE_SPMM_CSR_ALG3,library-preprocess,spmm.csr.fp64,fp64,A100-SXM4-80GB,A100-SXM4-80GB,,9700.0,1cb4d392-df77-5092-a407-ab8ee1286933,suitesparse_all,LPnetlib/lp_scfxm1,lp_scfxm1,330,600,2732,64,row-major,N,N,1.0,0.0,20260922,main,pass,pass,0,0,349696.0,0.05587,0.00998400002718,0.0658540000272,0.0127775000272,35.02564093028877,5.310170982105314,27.368107944088237,0.3610890817555544,0.054744030743353746,0.28214544272255915,cuSPARSE 12.8.6,CUDA,13040,13000,2026-10-08T00:56:19.411345+00:00,derived,csr-alg3,0,0,,,,5,20,4,true
3,A100-SXM4-80GB-suitesparse_all-fp64-n64-row-major-cuSPARSE-SpMM-CSR-solve-only,cuSPARSE-SpMM-CSR-best-solve-only,cuSPARSE CUDA 13.4.1 CSR PER MATRIX BEST,per-matrix-best,cuSPARSE-SpMM-CSR,best,solve-only,"csr-alg1,csr-alg2,csr-alg3,csr-default",manual-selection,csr,CUSPARSE_SPMM_CSR_ALG3,library-preprocess,spmm.csr.fp64,fp64,A100-SXM4-80GB,A100-SXM4-80GB,,9700.0,df7f742d-c1c4-51c9-b7da-d151d8293f2c,suitesparse_all,LPnetlib/lp_scfxm2,lp_scfxm2,660,1200,5469,64,row-major,N,N,1.0,0.0,20260922,main,pass,pass,0,0,700032.0,0.05538,0.0103936001658,0.0657736001658,0.0131626001658,67.35221567435755,10.643054329326379,53.18341294137861,0.6943527389109025,0.10972220958068432,0.5482826076430785,cuSPARSE 12.8.6,CUDA,13040,13000,2026-10-08T22:48:46.628152+00:00,derived,csr-alg3,0,0,,,,5,20,4,true
3,A100-SXM4-80GB-suitesparse_all-fp64-n64-row-major-cuSPARSE-SpMM-CSR-solve-only,cuSPARSE-SpMM-CSR-best-solve-only,cuSPARSE CUDA 13.4.1 CSR PER MATRIX BEST,per-matrix-best,cuSPARSE-SpMM-CSR,best,solve-only,"csr-alg1,csr-alg2,csr-alg3,csr-default",manual-selection,csr,CUSPARSE_SPMM_CSR_ALG3,library-preprocess,spmm.csr.fp64,fp64,A100-SXM4-80GB,A100-SXM4-80GB,,9700.0,0edb0287-e1df-52fd-b14b-f9e504b96222,suitesparse_all,LPnetlib/lp_scorpion,lp_scorpion,388,466,1534,64,row-major,N,N,1.0,0.0,20260922,main,pass,pass,0,0,196352.0,0.05079,0.00680959969759,0.0575995996976,0.00934909969759,28.834587746691096,3.408912579789706,21.002236188647704,0.297263791203001,0.03514342865762583,0.21651789885203818,cuSPARSE 12.8.6,CUDA,13040,13000,2026-10-07T20:03:06.870989+00:00,derived,csr-alg3,0,0,,,,5,20,4,true
3,A100-SXM4-80GB-suitesparse_all-fp64-n64-row-major-cuSPARSE-SpMM-CSR-solve-only,cuSPARSE-SpMM-CSR-best-solve-only,cuSPARSE CUDA 13.4.1 CSR PER MATRIX BEST,per-matrix-best,cuSPARSE-SpMM-CSR,best,solve-only,"csr-alg1,csr-alg2,csr-alg3,csr-default",manual-selection,csr,CUSPARSE_SPMM_CSR_ALG3,library-preprocess,spmm.csr.fp64,fp64,A100-SXM4-80GB,A100-SXM4-80GB,,9700.0,1cb4d392-df77-5092-a407-ab8ee1286933,suitesparse_all,LPnetlib/lp_sctap1,lp_sctap1,300,660,1872,64,row-major,N,N,1.0,0.0,20260922,main,pass,pass,0,0,239616.0,0.05721,0.00747520029545,0.0646852002954,0.0103357002954,32.05479325361346,3.704340388616529,23.18333476703493,0.3304617861197264,0.038189076171304424,0.23900345120654565,cuSPARSE 12.8.6,CUDA,13040,13000,2026-10-08T00:56:20.010667+00:00,derived,csr-alg3,0,0,,,,5,20,4,true
3,A100-SXM4-80GB-suitesparse_all-fp64-n64-row-major-cuSPARSE-SpMM-CSR-solve-only,cuSPARSE-SpMM-CSR-best-solve-only,cuSPARSE CUDA 13.4.1 CSR PER MATRIX BEST,per-matrix-best,cuSPARSE-SpMM-CSR,best,solve-only,"csr-alg1,csr-alg2,csr-alg3,csr-default",manual-selection,csr,CUSPARSE_SPMM_CSR_ALG3,library-preprocess,spmm.csr.fp64,fp64,A100-SXM4-80GB,A100-SXM4-80GB,,9700.0,df7f742d-c1c4-51c9-b7da-d151d8293f2c,suitesparse_all,LPnetlib/lp_sctap2,lp_sctap2,1090,2500,7334,64,row-major,N,N,1.0,0.0,20260922,main,pass,pass,0,0,938752.0,0.05641,0.00906239971519,0.0654723997152,0.0118828997152,103.58757387698368,14.338133382669652,79.0002459415858,1.0679131327524092,0.1478158080687593,0.8144355251709876,cuSPARSE 12.8.6,CUDA,13040,13000,2026-10-08T22:48:47.241793+00:00,derived,csr-alg3,0,0,,,,5,20,4,true
3,A100-SXM4-80GB-suitesparse_all-fp64-n64-row-major-cuSPARSE-SpMM-CSR-solve-only,cuSPARSE-SpMM-CSR-best-solve-only,cuSPARSE CUDA 13.4.1 CSR PER MATRIX BEST,per-matrix-best,cuSPARSE-SpMM-CSR,best,solve-only,"csr-alg1,csr-alg2,csr-alg3,csr-default",manual-selection,csr,CUSPARSE_SPMM_CSR_ALG3,library-preprocess,spmm.csr.fp64,fp64,A100-SXM4-80GB,A100-SXM4-80GB,,9700.0,0edb0287-e1df-52fd-b14b-f9e504b96222,suitesparse_all,LPnetlib/lp_share1b,lp_share1b,117,253,1179,64,row-major,N,N,1.0,0.0,20260922,main,pass,pass,0,0,150912.0,0.05468,0.00783360004425,0.0625136000443,0.0105676000443,19.26470577353155,2.414066697375561,14.280631303925967,0.19860521416011906,0.024887285539954236,0.1472230031332574,cuSPARSE 12.8.6,CUDA,13040,13000,2026-10-07T20:03:07.474444+00:00,derived,csr-alg3,0,0,,,,5,20,4,true
3,A100-SXM4-80GB-suitesparse_all-fp64-n64-row-major-cuSPARSE-SpMM-CSR-solve-only,cuSPARSE-SpMM-CSR-best-solve-only,cuSPARSE CUDA 13.4.1 CSR PER MATRIX BEST,per-matrix-best,cuSPARSE-SpMM-CSR,best,solve-only,"csr-alg1,csr-alg2,csr-alg3,csr-default",manual-selection,csr,CUSPARSE_SPMM_CSR_ALG3,library-preprocess,spmm.csr.fp64,fp64,A100-SXM4-80GB,A100-SXM4-80GB,,9700.0,1cb4d392-df77-5092-a407-ab8ee1286933,suitesparse_all,LPnetlib/lp_ship08l,lp_ship08l,778,4363,12882,64,row-major,N,N,1.0,0.0,20260922,main,pass,pass,0,0,1648896.0,0.06032,0.0127488002181,0.0730688002181,0.0157648002181,129.33734718495268,22.56634836042578,104.5935233677657,1.333374713246935,0.23264276660232763,1.07828374605944,cuSPARSE 12.8.6,CUDA,13040,13000,2026-10-08T00:56:20.725016+00:00,derived,csr-alg3,0,0,,,,5,20,4,true
3,A100-SXM4-80GB-suitesparse_all-fp64-n64-row-major-cuSPARSE-SpMM-CSR-solve-only,cuSPARSE-SpMM-CSR-best-solve-only,cuSPARSE CUDA 13.4.1 CSR PER MATRIX BEST,per-matrix-best,cuSPARSE-SpMM-CSR,best,solve-only,"csr-alg1,csr-alg2,csr-alg3,csr-default",manual-selection,csr,CUSPARSE_SPMM_CSR_ALG3,library-preprocess,spmm.csr.fp64,fp64,A100-SXM4-80GB,A100-SXM4-80GB,,9700.0,df7f742d-c1c4-51c9-b7da-d151d8293f2c,suitesparse_all,LPnetlib/lp_ship08s,lp_ship08s,778,2467,7194,64,row-major,N,N,1.0,0.0,20260922,main,pass,pass,0,0,920832.0,0.0559,0.0102912001312,0.0661912001312,0.0130862001312,89.47761079957026,13.911698204214233,70.36664507403954,0.9224495958718583,0.14341956911561063,0.7254293306602014,cuSPARSE 12.8.6,CUDA,13040,13000,2026-10-08T22:48:47.830783+00:00,derived,csr-alg3,0,0,,,,5,20,4,true
3,A100-SXM4-80GB-suitesparse_all-fp64-n64-row-major-cuSPARSE-SpMM-CSR-solve-only,cuSPARSE-SpMM-CSR-best-solve-only,cuSPARSE CUDA 13.4.1 CSR PER MATRIX BEST,per-matrix-best,cuSPARSE-SpMM-CSR,best,solve-only,"csr-alg1,csr-alg2,csr-alg3,csr-default",manual-selection,csr,CUSPARSE_SPMM_CSR_ALG3,library-preprocess,spmm.csr.fp64,fp64,A100-SXM4-80GB,A100-SXM4-80GB,,9700.0,0edb0287-e1df-52fd-b14b-f9e504b96222,suitesparse_all,LPnetlib/lp_ship12s,lp_ship12s,1151,2869,8284,64,row-major,N,N,1.0,0.0,20260922,main,pass,pass,0,0,1060352.0,0.06089,0.0108032003045,0.0716932003045,0.0138477003045,98.1516560012608,14.790133450542095,76.57242550630765,1.0118727422810392,0.15247560258290818,0.7894064485186356,cuSPARSE 12.8.6,CUDA,13040,13000,2026-10-07T20:03:08.143256+00:00,derived,csr-alg3,0,0,,,,5,20,4,true
3,A100-SXM4-80GB-suitesparse_all-fp64-n64-row-major-cuSPARSE-SpMM-CSR-solve-only,cuSPARSE-SpMM-CSR-best-solve-only,cuSPARSE CUDA 13.4.1 CSR PER MATRIX BEST,per-matrix-best,cuSPARSE-SpMM-CSR,best,solve-only,"csr-alg1,csr-alg2,csr-alg3,csr-default",manual-selection,csr,CUSPARSE_SPMM_CSR_ALG3,library-preprocess,spmm.csr.fp64,fp64,A100-SXM4-80GB,A100-SXM4-80GB,,9700.0,1cb4d392-df77-5092-a407-ab8ee1286933,suitesparse_all,LPnetlib/lp_standmps,lp_standmps,467,1274,3878,64,row-major,N,N,1.0,0.0,20260922,main,pass,pass,0,0,496384.0,0.06019,0.0140287995338,0.0742187995338,0.0170382995338,35.38321285467423,6.688116799490157,29.133423732532126,0.3647753902543735,0.06894965772670264,0.30034457456218683,cuSPARSE 12.8.6,CUDA,13040,13000,2026-10-08T00:56:21.332341+00:00,derived,csr-alg3,0,0,,,,5,20,4,true
3,A100-SXM4-80GB-suitesparse_all-fp64-n64-row-major-cuSPARSE-SpMM-CSR-solve-only,cuSPARSE-SpMM-CSR-best-solve-only,cuSPARSE CUDA 13.4.1 CSR PER MATRIX BEST,per-matrix-best,cuSPARSE-SpMM-CSR,best,solve-only,"csr-alg1,csr-alg2,csr-alg3,csr-default",manual-selection,csr,CUSPARSE_SPMM_CSR_ALG3,library-preprocess,spmm.csr.fp64,fp64,A100-SXM4-80GB,A100-SXM4-80GB,,9700.0,df7f742d-c1c4-51c9-b7da-d151d8293f2c,suitesparse_all,LPnetlib/lp_stocfor1,lp_stocfor1,117,165,501,64,row-major,N,N,1.0,0.0,20260922,main,pass,pass,0,0,64128.0,0.0514,0.00588800013065,0.0572880001307,0.00845800013065,10.891304106156777,1.1193967297461047,7.581934146301762,0.11228148563048224,0.011540172471609326,0.0781642695495027,cuSPARSE 12.8.6,CUDA,13040,13000,2026-10-08T22:48:48.399520+00:00,derived,csr-alg3,0,0,,,,5,20,4,true
3,A100-SXM4-80GB-suitesparse_all-fp64-n64-row-major-cuSPARSE-SpMM-CSR-solve-only,cuSPARSE-SpMM-CSR-best-solve-only,cuSPARSE CUDA 13.4.1 CSR PER MATRIX BEST,per-matrix-best,cuSPARSE-SpMM-CSR,best,solve-only,"csr-alg1,csr-alg2,csr-alg3,csr-default",manual-selection,csr,CUSPARSE_SPMM_CSR_ALG2,library-preprocess,spmm.csr.fp64,fp64,A100-SXM4-80GB,A100-SXM4-80GB,,9700.0,0edb0287-e1df-52fd-b14b-f9e504b96222,suitesparse_all,LPnetlib/lp_stocfor3,lp_stocfor3,16675,23541,76473,64,row-major,N,N,1.0,0.0,20260922,main,pass,pass,0,0,9788544.0,0.05143,0.0313856005669,0.0828156005669,0.0339571005669,311.8800922459719,118.19686065178783,288.2620670370625,3.215258682948164,1.2185243366163694,2.9717738869800256,cuSPARSE 12.8.6,CUDA,13040,13000,2026-10-07T17:47:14.063995+00:00,derived,csr-alg2,0,0,,,,5,20,4,true
3,A100-SXM4-80GB-suitesparse_all-fp64-n64-row-major-cuSPARSE-SpMM-CSR-solve-only,cuSPARSE-SpMM-CSR-best-solve-only,cuSPARSE CUDA 13.4.1 CSR PER MATRIX BEST,per-matrix-best,cuSPARSE-SpMM-CSR,best,solve-only,"csr-alg1,csr-alg2,csr-alg3,csr-default",manual-selection,csr,CUSPARSE_SPMM_CSR_ALG2,library-preprocess,spmm.csr.fp64,fp64,A100-SXM4-80GB,A100-SXM4-80GB,,9700.0,1cb4d392-df77-5092-a407-ab8ee1286933,suitesparse_all,LPnetlib/lp_woodw,lp_woodw,1098,8418,37487,64,row-major,N,N,1.0,0.0,20260922,main,pass,pass,0,0,4798336.0,0.01588,0.0231935992837,0.0390735992837,0.0239875992837,206.88190484398748,122.80250829110797,200.0340235490158,2.1328031427215204,1.2660052401145152,2.062206428340369,cuSPARSE 12.8.6,CUDA,13040,13000,2026-10-07T22:49:38.885411+00:00,derived,csr-alg2,0,0,,,,5,20,4,true
3,A100-SXM4-80GB-suitesparse_all-fp64-n64-row-major-cuSPARSE-SpMM-CSR-solve-only,cuSPARSE-SpMM-CSR-best-solve-only,cuSPARSE CUDA 13.4.1 CSR PER MATRIX BEST,per-matrix-best,cuSPARSE-SpMM-CSR,best,solve-only,"csr-alg1,csr-alg2,csr-alg3,csr-default",manual-selection,csr,CUSPARSE_SPMM_CSR_ALG3,library-preprocess,spmm.csr.fp64,fp64,A100-SXM4-80GB,A100-SXM4-80GB,,9700.0,df7f742d-c1c4-51c9-b7da-d151d8293f2c,suitesparse_all,LPnetlib/lpi_bgdbg1,lpi_bgdbg1,348,629,1662,64,row-major,N,N,1.0,0.0,20260922,main,pass,pass,0,0,212736.0,0.05283,0.00808959975839,0.0609195997584,0.0107310997584,26.29746913985012,3.4920780970933176,19.824249591331615,0.2711079292768054,0.03600080512467338,0.20437370712713004,cuSPARSE 12.8.6,CUDA,13040,13000,2026-10-08T22:48:48.991808+00:00,derived,csr-alg3,0,0,,,,5,20,4,true
3,A100-SXM4-80GB-suitesparse_all-fp64-n64-row-major-cuSPARSE-SpMM-CSR-solve-only,cuSPARSE-SpMM-CSR-best-solve-only,cuSPARSE CUDA 13.4.1 CSR PER MATRIX BEST,per-matrix-best,cuSPARSE-SpMM-CSR,best,solve-only,"csr-alg1,csr-alg2,csr-alg3,csr-default",manual-selection,csr,CUSPARSE_SPMM_CSR_ALG2,library-preprocess,spmm.csr.fp64,fp64,A100-SXM4-80GB,A100-SXM4-80GB,,9700.0,0edb0287-e1df-52fd-b14b-f9e504b96222,suitesparse_all,LPnetlib/lpi_bgindy,lpi_bgindy,2671,10880,66266,64,row-major,N,N,1.0,0.0,20260922,main,pass,pass,0,0,8482048.0,0.081109,0.0278016000986,0.108910600099,0.0318570500986,305.0920799492807,77.88083062888091,266.25340305356,3.1452791747348523,0.8028951611224836,2.7448804438511343,cuSPARSE 12.8.6,CUDA,13040,13000,2026-10-07T17:47:14.821626+00:00,derived,csr-alg2,0,0,,,,5,20,4,true
3,A100-SXM4-80GB-suitesparse_all-fp64-n64-row-major-cuSPARSE-SpMM-CSR-solve-only,cuSPARSE-SpMM-CSR-best-solve-only,cuSPARSE CUDA 13.4.1 CSR PER MATRIX BEST,per-matrix-best,cuSPARSE-SpMM-CSR,best,solve-only,"csr-alg1,csr-alg2,csr-alg3,csr-default",manual-selection,csr,CUSPARSE_SPMM_CSR_ALG3,library-preprocess,spmm.csr.fp64,fp64,A100-SXM4-80GB,A100-SXM4-80GB,,9700.0,1cb4d392-df77-5092-a407-ab8ee1286933,suitesparse_all,LPnetlib/lpi_cplex1,lpi_cplex1,3005,5224,10947,64,row-major,N,N,1.0,0.0,20260922,main,pass,pass,0,0,1401216.0,0.06112,0.0128511995077,0.0739711995077,0.0159071995077,109.03386871867012,18.9427237806809,88.08690676958761,1.124060502254331,0.19528581217196803,0.9081124409235836,cuSPARSE 12.8.6,CUDA,13040,13000,2026-10-08T00:56:22.674952+00:00,derived,csr-alg3,0,0,,,,5,20,4,true
3,A100-SXM4-80GB-suitesparse_all-fp64-n64-row-major-cuSPARSE-SpMM-CSR-solve-only,cuSPARSE-SpMM-CSR-best-solve-only,cuSPARSE CUDA 13.4.1 CSR PER MATRIX BEST,per-matrix-best,cuSPARSE-SpMM-CSR,best,solve-only,"csr-alg1,csr-alg2,csr-alg3,csr-default",manual-selection,csr,CUSPARSE_SPMM_CSR_ALG3,library-preprocess,spmm.csr.fp64,fp64,A100-SXM4-80GB,A100-SXM4-80GB,,9700.0,df7f742d-c1c4-51c9-b7da-d151d8293f2c,suitesparse_all,LPnetlib/lpi_cplex2,lpi_cplex2,224,378,1215,64,row-major,N,N,1.0,0.0,20260922,main,pass,pass,0,0,155520.0,0.05296,0.0164864003658,0.0694464003658,0.0191344003658,9.433229604360237,2.2394249259978682,8.12776972504295,0.09724978973567255,0.023086854907194518,0.08379144046436032,cuSPARSE 12.8.6,CUDA,13040,13000,2026-10-08T22:48:49.588485+00:00,derived,csr-alg3,0,0,,,,5,20,4,true
3,A100-SXM4-80GB-suitesparse_all-fp64-n64-row-major-cuSPARSE-SpMM-CSR-solve-only,cuSPARSE-SpMM-CSR-best-solve-only,cuSPARSE CUDA 13.4.1 CSR PER MATRIX BEST,per-matrix-best,cuSPARSE-SpMM-CSR,best,solve-only,"csr-alg1,csr-alg2,csr-alg3,csr-default",manual-selection,csr,CUSPARSE_SPMM_CSR_ALG3,library-preprocess,spmm.csr.fp64,fp64,A100-SXM4-80GB,A100-SXM4-80GB,,9700.0,0edb0287-e1df-52fd-b14b-f9e504b96222,suitesparse_all,LPnetlib/lpi_ex73a,lpi_ex73a,193,211,457,64,row-major,N,N,1.0,0.0,20260922,main,pass,pass,0,0,58496.0,0.05587,0.00568320006132,0.0615532000613,0.00847670006132,10.292792681736689,0.9503323944448805,6.900798609935828,0.10611126476017205,0.009797241179844129,0.07114225371067864,cuSPARSE 12.8.6,CUDA,13040,13000,2026-10-07T20:03:10.539409+00:00,derived,csr-alg3,0,0,,,,5,20,4,true
3,A100-SXM4-80GB-suitesparse_all-fp64-n64-row-major-cuSPARSE-SpMM-CSR-solve-only,cuSPARSE-SpMM-CSR-best-solve-only,cuSPARSE CUDA 13.4.1 CSR PER MATRIX BEST,per-matrix-best,cuSPARSE-SpMM-CSR,best,solve-only,"csr-alg1,csr-alg2,csr-alg3,csr-default",manual-selection,csr,CUSPARSE_SPMM_CSR_ALG3,library-preprocess,spmm.csr.fp64,fp64,A100-SXM4-80GB,A100-SXM4-80GB,,9700.0,1cb4d392-df77-5092-a407-ab8ee1286933,suitesparse_all,LPnetlib/lpi_greenbea,lpi_greenbea,2393,5596,31074,64,row-major,N,N,1.0,0.0,20260922,main,pass,pass,0,0,3977472.0,0.061929,0.0199680000544,0.0818970000544,0.0230644500544,199.19230714963632,48.56676065494424,172.4503289962996,2.0535289396869723,0.5006882541746829,1.7778384432608203,cuSPARSE 12.8.6,CUDA,13040,13000,2026-10-08T00:56:23.379132+00:00,derived,csr-alg3,0,0,,,,5,20,4,true
3,A100-SXM4-80GB-suitesparse_all-fp64-n64-row-major-cuSPARSE-SpMM-CSR-solve-only,cuSPARSE-SpMM-CSR-best-solve-only,cuSPARSE CUDA 13.4.1 CSR PER MATRIX BEST,per-matrix-best,cuSPARSE-SpMM-CSR,best,solve-only,"csr-alg1,csr-alg2,csr-alg3,csr-default",manual-selection,csr,CUSPARSE_SPMM_CSR_ALG3,library-preprocess,spmm.csr.fp64,fp64,A100-SXM4-80GB,A100-SXM4-80GB,,9700.0,df7f742d-c1c4-51c9-b7da-d151d8293f2c,suitesparse_all,LPnetlib/lpi_itest2,lpi_itest2,9,13,26,64,row-major,N,N,1.0,0.0,20260922,main,pass,pass,0,0,3328.0,0.05437,0.00563200004399,0.060002000044,0.00835050004399,0.5909090862936629,0.05546481779873251,0.3985390075406586,0.006091846250450133,0.0005718022453477579,0.004108649562274831,cuSPARSE 12.8.6,CUDA,13040,13000,2026-10-08T22:48:50.304612+00:00,derived,csr-alg3,0,0,,,,5,20,4,true
3,A100-SXM4-80GB-suitesparse_all-fp64-n64-row-major-cuSPARSE-SpMM-CSR-solve-only,cuSPARSE-SpMM-CSR-best-solve-only,cuSPARSE CUDA 13.4.1 CSR PER MATRIX BEST,per-matrix-best,cuSPARSE-SpMM-CSR,best,solve-only,"csr-alg1,csr-alg2,csr-alg3,csr-default",manual-selection,csr,CUSPARSE_SPMM_CSR_ALG3,library-preprocess,spmm.csr.fp64,fp64,A100-SXM4-80GB,A100-SXM4-80GB,,9700.0,0edb0287-e1df-52fd-b14b-f9e504b96222,suitesparse_all,LPnetlib/lpi_klein1,lpi_klein1,54,108,750,64,row-major,N,N,1.0,0.0,20260922,main,pass,pass,0,0,96000.0,0.04667,0.00711679980159,0.0537867998016,0.00945029980159,13.489209009160572,1.78482453602202,10.158407882874588,0.13906401040371724,0.01840025294868062,0.10472585446262461,cuSPARSE 12.8.6,CUDA,13040,13000,2026-10-07T20:03:11.133932+00:00,derived,csr-alg3,0,0,,,,5,20,4,true
3,A100-SXM4-80GB-suitesparse_all-fp64-n64-row-major-cuSPARSE-SpMM-CSR-solve-only,cuSPARSE-SpMM-CSR-best-solve-only,cuSPARSE CUDA 13.4.1 CSR PER MATRIX BEST,per-matrix-best,cuSPARSE-SpMM-CSR,best,solve-only,"csr-alg1,csr-alg2,csr-alg3,csr-default",manual-selection,csr,CUSPARSE_SPMM_CSR_ALG3,library-preprocess,spmm.csr.fp64,fp64,A100-SXM4-80GB,A100-SXM4-80GB,,9700.0,1cb4d392-df77-5092-a407-ab8ee1286933,suitesparse_all,LPnetlib/lpi_pilot4i,lpi_pilot4i,410,1123,5264,64,row-major,N,N,1.0,0.0,20260922,main,pass,pass,0,0,673792.0,0.05056,0.00998400002718,0.0605440000272,0.0125120000272,67.48717930345538,11.128964054196818,53.85166228702324,0.6957441165304677,0.11473158818759606,0.5551717761548788,cuSPARSE 12.8.6,CUDA,13040,13000,2026-10-08T00:56:23.989377+00:00,derived,csr-alg3,0,0,,,,5,20,4,true
3,A100-SXM4-80GB-suitesparse_all-fp64-n64-row-major-cuSPARSE-SpMM-CSR-solve-only,cuSPARSE-SpMM-CSR-best-solve-only,cuSPARSE CUDA 13.4.1 CSR PER MATRIX BEST,per-matrix-best,cuSPARSE-SpMM-CSR,best,solve-only,"csr-alg1,csr-alg2,csr-alg3,csr-default",manual-selection,csr,CUSPARSE_SPMM_CSR_ALG3,library-preprocess,spmm.csr.fp64,fp64,A100-SXM4-80GB,A100-SXM4-80GB,,9700.0,df7f742d-c1c4-51c9-b7da-d151d8293f2c,suitesparse_all,LPnetlib/lpi_qual,lpi_qual,323,464,1646,64,row-major,N,N,1.0,0.0,20260922,main,pass,pass,0,0,210688.0,0.05183,0.00624639987946,0.0580763998795,0.00883789987946,33.729508847617026,3.6277730788607188,23.839147633891635,0.347726895336258,0.03739972246248163,0.24576440859682097,cuSPARSE 12.8.6,CUDA,13040,13000,2026-10-08T22:48:51.077178+00:00,derived,csr-alg3,0,0,,,,5,20,4,true
3,A100-SXM4-80GB-suitesparse_all-fp64-n64-row-major-cuSPARSE-SpMM-CSR-solve-only,cuSPARSE-SpMM-CSR-best-solve-only,cuSPARSE CUDA 13.4.1 CSR PER MATRIX BEST,per-matrix-best,cuSPARSE-SpMM-CSR,best,solve-only,"csr-alg1,csr-alg2,csr-alg3,csr-default",manual-selection,csr,CUSPARSE_SPMM_CSR_ALG3,library-preprocess,spmm.csr.fp64,fp64,A100-SXM4-80GB,A100-SXM4-80GB,,9700.0,0edb0287-e1df-52fd-b14b-f9e504b96222,suitesparse_all,LPnetlib/lpi_refinery,lpi_refinery,323,464,1626,64,row-major,N,N,1.0,0.0,20260922,main,pass,pass,0,0,208128.0,0.05649,0.00588800013065,0.0623780001307,0.00871250013065,35.34782530261661,3.3365609600165356,23.888435796726068,0.36441057013006817,0.03439753567027356,0.2462725339868667,cuSPARSE 12.8.6,CUDA,13040,13000,2026-10-07T20:03:11.725888+00:00,derived,csr-alg3,0,0,,,,5,20,4,true
3,A100-SXM4-80GB-suitesparse_all-fp64-n64-row-major-cuSPARSE-SpMM-CSR-solve-only,cuSPARSE-SpMM-CSR-best-solve-only,cuSPARSE CUDA 13.4.1 CSR PER MATRIX BEST,per-matrix-best,cuSPARSE-SpMM-CSR,best,solve-only,"csr-alg1,csr-alg2,csr-alg3,csr-default",manual-selection,csr,CUSPARSE_SPMM_CSR_ALG3,library-preprocess,spmm.csr.fp64,fp64,A100-SXM4-80GB,A100-SXM4-80GB,,9700.0,1cb4d392-df77-5092-a407-ab8ee1286933,suitesparse_all,Lucifora/cell1,cell1,7055,7055,34855,64,row-major,N,N,1.0,0.0,20260922,main,pass,pass,0,0,4461440.0,0.07402,0.0174079999328,0.0914279999328,0.0211089999328,256.28676569522463,48.79730501902239,211.35250434425544,2.6421316051054085,0.5030650001961071,2.178891797363458,cuSPARSE 12.8.6,CUDA,13040,13000,2026-10-08T00:57:33.499002+00:00,derived,csr-alg3,0,0,,,,5,20,4,true
3,A100-SXM4-80GB-suitesparse_all-fp64-n64-row-major-cuSPARSE-SpMM-CSR-solve-only,cuSPARSE-SpMM-CSR-best-solve-only,cuSPARSE CUDA 13.4.1 CSR PER MATRIX BEST,per-matrix-best,cuSPARSE-SpMM-CSR,best,solve-only,"csr-alg1,csr-alg2,csr-alg3,csr-default",manual-selection,csr,CUSPARSE_SPMM_CSR_ALG3,library-preprocess,spmm.csr.fp64,fp64,A100-SXM4-80GB,A100-SXM4-80GB,,9700.0,df7f742d-c1c4-51c9-b7da-d151d8293f2c,suitesparse_all,Lucifora/cell2,cell2,7055,7055,34855,64,row-major,N,N,1.0,0.0,20260922,main,pass,pass,0,0,4461440.0,0.07138,0.0173056006432,0.0886856006432,0.0208746006432,257.8032448560554,50.30625002980213,213.7257654054012,2.657765410887169,0.5186211343278571,2.2033584062412492,cuSPARSE 12.8.6,CUDA,13040,13000,2026-10-08T22:50:26.279486+00:00,derived,csr-alg3,0,0,,,,5,20,4,true
3,A100-SXM4-80GB-suitesparse_all-fp64-n64-row-major-cuSPARSE-SpMM-CSR-solve-only,cuSPARSE-SpMM-CSR-best-solve-only,cuSPARSE CUDA 13.4.1 CSR PER MATRIX BEST,per-matrix-best,cuSPARSE-SpMM-CSR,best,solve-only,"csr-alg1,csr-alg2,csr-alg3,csr-default",manual-selection,csr,CUSPARSE_SPMM_CSR_ALG3,library-preprocess,spmm.csr.fp64,fp64,A100-SXM4-80GB,A100-SXM4-80GB,,9700.0,df7f742d-c1c4-51c9-b7da-d151d8293f2c,suitesparse_all,Luong/photogrammetry,photogrammetry,1388,390,11816,64,row-major,N,N,1.0,0.0,20260922,main,pass,pass,0,0,1512448.0,0.05731,0.00701439976692,0.0643243997669,0.00987989976692,215.6204451210101,23.512819481889267,153.08333441438307,2.2228911868145373,0.24240020084421923,1.5781787053029184,cuSPARSE 12.8.6,CUDA,13040,13000,2026-10-08T23:00:21.604390+00:00,derived,csr-alg3,0,0,,,,5,20,4,true
3,A100-SXM4-80GB-suitesparse_all-fp64-n64-row-major-cuSPARSE-SpMM-CSR-solve-only,cuSPARSE-SpMM-CSR-best-solve-only,cuSPARSE CUDA 13.4.1 CSR PER MATRIX BEST,per-matrix-best,cuSPARSE-SpMM-CSR,best,solve-only,"csr-alg1,csr-alg2,csr-alg3,csr-default",manual-selection,csr,CUSPARSE_SPMM_CSR_ALG3,library-preprocess,spmm.csr.fp64,fp64,A100-SXM4-80GB,A100-SXM4-80GB,,9700.0,1cb4d392-df77-5092-a407-ab8ee1286933,suitesparse_all,Luong/photogrammetry2,photogrammetry2,4472,936,37056,64,row-major,N,N,1.0,0.0,20260922,main,pass,pass,0,0,4743168.0,0.06051,0.013055999577,0.073565999577,0.016081499577,363.2941294173879,64.47500240971273,294.9456285024408,3.74530030327204,0.6646907464918839,3.04067658249939,cuSPARSE 12.8.6,CUDA,13040,13000,2026-10-08T01:14:54.681004+00:00,derived,csr-alg3,0,0,,,,5,20,4,true
3,A100-SXM4-80GB-suitesparse_all-fp64-n64-row-major-cuSPARSE-SpMM-CSR-solve-only,cuSPARSE-SpMM-CSR-best-solve-only,cuSPARSE CUDA 13.4.1 CSR PER MATRIX BEST,per-matrix-best,cuSPARSE-SpMM-CSR,best,solve-only,"csr-alg1,csr-alg2,csr-alg3,csr-default",manual-selection,csr,CUSPARSE_SPMM_CSR_ALG3,library-preprocess,spmm.csr.fp64,fp64,A100-SXM4-80GB,A100-SXM4-80GB,,9700.0,1cb4d392-df77-5092-a407-ab8ee1286933,suitesparse_all,Mallya/lhr01,lhr01,1477,1477,18592,64,row-major,N,N,1.0,0.0,20260922,main,pass,pass,0,0,2379776.0,0.05195,0.0101888000965,0.0621388000965,0.0127863000965,233.5678369838159,38.297746276147386,186.1192043076963,2.4079158451939784,0.39482212655822047,1.918754683584498,cuSPARSE 12.8.6,CUDA,13040,13000,2026-10-08T00:56:24.638976+00:00,derived,csr-alg3,0,0,,,,5,20,4,true
3,A100-SXM4-80GB-suitesparse_all-fp64-n64-row-major-cuSPARSE-SpMM-CSR-solve-only,cuSPARSE-SpMM-CSR-best-solve-only,cuSPARSE CUDA 13.4.1 CSR PER MATRIX BEST,per-matrix-best,cuSPARSE-SpMM-CSR,best,solve-only,"csr-alg1,csr-alg2,csr-alg3,csr-default",manual-selection,csr,CUSPARSE_SPMM_CSR_ALG3,library-preprocess,spmm.csr.fp64,fp64,A100-SXM4-80GB,A100-SXM4-80GB,,9700.0,df7f742d-c1c4-51c9-b7da-d151d8293f2c,suitesparse_all,Mallya/lhr02,lhr02,2954,2954,37206,64,row-major,N,N,1.0,0.0,20260922,main,pass,pass,0,0,4762368.0,0.067911,0.0133120000362,0.0812230000362,0.0167075500362,357.74999902715217,58.63324425196652,285.0428692226837,3.688144319867548,0.6044664355872836,2.9385862806462235,cuSPARSE 12.8.6,CUDA,13040,13000,2026-10-08T22:48:51.778984+00:00,derived,csr-alg3,0,0,,,,5,20,4,true
3,A100-SXM4-80GB-suitesparse_all-fp64-n64-row-major-cuSPARSE-SpMM-CSR-solve-only,cuSPARSE-SpMM-CSR-best-solve-only,cuSPARSE CUDA 13.4.1 CSR PER MATRIX BEST,per-matrix-best,cuSPARSE-SpMM-CSR,best,solve-only,"csr-alg1,csr-alg2,csr-alg3,csr-default",manual-selection,csr,CUSPARSE_SPMM_CSR_ALG3,library-preprocess,spmm.csr.fp64,fp64,A100-SXM4-80GB,A100-SXM4-80GB,,9700.0,0edb0287-e1df-52fd-b14b-f9e504b96222,suitesparse_all,Mallya/lhr04c,lhr04c,4101,4101,82682,64,row-major,N,N,1.0,0.0,20260922,main,pass,pass,0,0,10583296.0,0.05597,0.0160768002272,0.0720468002272,0.0188753002272,658.2961690407985,146.8947401775723,560.6955053752778,6.786558443719573,1.5143787647172402,5.780366034796678,cuSPARSE 12.8.6,CUDA,13040,13000,2026-10-07T20:03:12.566381+00:00,derived,csr-alg3,0,0,,,,5,20,4,true
3,A100-SXM4-80GB-suitesparse_all-fp64-n64-row-major-cuSPARSE-SpMM-CSR-solve-only,cuSPARSE-SpMM-CSR-best-solve-only,cuSPARSE CUDA 13.4.1 CSR PER MATRIX BEST,per-matrix-best,cuSPARSE-SpMM-CSR,best,solve-only,"csr-alg1,csr-alg2,csr-alg3,csr-default",manual-selection,csr,CUSPARSE_SPMM_CSR_ALG3,library-preprocess,spmm.csr.fp64,fp64,A100-SXM4-80GB,A100-SXM4-80GB,,9700.0,1cb4d392-df77-5092-a407-ab8ee1286933,suitesparse_all,Mallya/lhr11,lhr11,10964,10964,233741,64,row-major,N,N,1.0,0.0,20260922,main,pass,pass,0,0,29918848.0,0.129,0.0359935998917,0.164993599892,0.0424435998917,831.2268872805687,181.3333851712067,704.9083507605759,8.569349353407924,1.8694163419712029,7.267096399593566,cuSPARSE 12.8.6,CUDA,13040,13000,2026-10-08T00:56:25.887537+00:00,derived,csr-alg3,0,0,,,,5,20,4,true
3,A100-SXM4-80GB-suitesparse_all-fp64-n64-row-major-cuSPARSE-SpMM-CSR-solve-only,cuSPARSE-SpMM-CSR-best-solve-only,cuSPARSE CUDA 13.4.1 CSR PER MATRIX BEST,per-matrix-best,cuSPARSE-SpMM-CSR,best,solve-only,"csr-alg1,csr-alg2,csr-alg3,csr-default",manual-selection,csr,CUSPARSE_SPMM_CSR_ALG3,library-preprocess,spmm.csr.fp64,fp64,A100-SXM4-80GB,A100-SXM4-80GB,,9700.0,df7f742d-c1c4-51c9-b7da-d151d8293f2c,suitesparse_all,Mallya/lhr11c,lhr11c,10964,10964,233741,64,row-major,N,N,1.0,0.0,20260922,main,pass,pass,0,0,29918848.0,0.12968,0.035583999753,0.165263999753,0.042067999753,840.7949698650054,181.03669307723442,711.2020579934133,8.667989380051603,1.8663576605900456,7.331979979313539,cuSPARSE 12.8.6,CUDA,13040,13000,2026-10-08T22:48:53.195887+00:00,derived,csr-alg3,0,0,,,,5,20,4,true
3,A100-SXM4-80GB-suitesparse_all-fp64-n64-row-major-cuSPARSE-SpMM-CSR-solve-only,cuSPARSE-SpMM-CSR-best-solve-only,cuSPARSE CUDA 13.4.1 CSR PER MATRIX BEST,per-matrix-best,cuSPARSE-SpMM-CSR,best,solve-only,"csr-alg1,csr-alg2,csr-alg3,csr-default",manual-selection,csr,CUSPARSE_SPMM_CSR_ALG3,library-preprocess,spmm.csr.fp64,fp64,A100-SXM4-80GB,A100-SXM4-80GB,,9700.0,0edb0287-e1df-52fd-b14b-f9e504b96222,suitesparse_all,Mallya/lhr14c,lhr14c,14270,14270,307858,64,row-major,N,N,1.0,0.0,20260922,main,pass,pass,0,0,39405824.0,0.119231,0.044748800993,0.163979800993,0.050710350993,880.6006669578522,240.30901221597512,777.0765381892058,9.078357391318065,2.4774124970719082,8.011098331847483,cuSPARSE 12.8.6,CUDA,13040,13000,2026-10-07T20:03:14.046052+00:00,derived,csr-alg3,0,0,,,,5,20,4,true
3,A100-SXM4-80GB-suitesparse_all-fp64-n64-row-major-cuSPARSE-SpMM-CSR-solve-only,cuSPARSE-SpMM-CSR-best-solve-only,cuSPARSE CUDA 13.4.1 CSR PER MATRIX BEST,per-matrix-best,cuSPARSE-SpMM-CSR,best,solve-only,"csr-alg1,csr-alg2,csr-alg3,csr-default",manual-selection,csr,CUSPARSE_SPMM_CSR_ALG2,library-preprocess,spmm.csr.fp64,fp64,A100-SXM4-80GB,A100-SXM4-80GB,,9700.0,1cb4d392-df77-5092-a407-ab8ee1286933,suitesparse_all,Mallya/lhr71,lhr71,70304,70304,1528092,64,row-major,N,N,1.0,0.0,20260922,main,pass,pass,0,0,195595776.0,0.06178,0.268646407127,0.330426407127,0.271735407127,728.0788829144251,591.9495893220859,719.8023182477104,7.5059678650971655,6.1025730857947,7.420642456161963,cuSPARSE 12.8.6,CUDA,13040,13000,2026-10-07T22:49:47.910860+00:00,derived,csr-alg2,0,0,,,,5,20,4,true
3,A100-SXM4-80GB-suitesparse_all-fp64-n64-row-major-cuSPARSE-SpMM-CSR-solve-only,cuSPARSE-SpMM-CSR-best-solve-only,cuSPARSE CUDA 13.4.1 CSR PER MATRIX BEST,per-matrix-best,cuSPARSE-SpMM-CSR,best,solve-only,"csr-alg1,csr-alg2,csr-alg3,csr-default",manual-selection,csr,CUSPARSE_SPMM_CSR_ALG2,library-preprocess,spmm.csr.fp64,fp64,A100-SXM4-80GB,A100-SXM4-80GB,,9700.0,df7f742d-c1c4-51c9-b7da-d151d8293f2c,suitesparse_all,Mallya/lhr71c,lhr71c,70304,70304,1528092,64,row-major,N,N,1.0,0.0,20260922,main,pass,pass,0,0,195595776.0,0.08278,0.229508805275,0.312288805275,0.233647805275,852.2364785335141,626.329771340216,837.1393678180998,8.785943077665094,6.45700795196099,8.630302761011338,cuSPARSE 12.8.6,CUDA,13040,13000,2026-10-08T20:13:43.284180+00:00,derived,csr-alg2,0,0,,,,5,20,4,true
3,A100-SXM4-80GB-suitesparse_all-fp64-n64-row-major-cuSPARSE-SpMM-CSR-solve-only,cuSPARSE-SpMM-CSR-best-solve-only,cuSPARSE CUDA 13.4.1 CSR PER MATRIX BEST,per-matrix-best,cuSPARSE-SpMM-CSR,best,solve-only,"csr-alg1,csr-alg2,csr-alg3,csr-default",manual-selection,csr,CUSPARSE_SPMM_CSR_ALG2,library-preprocess,spmm.csr.fp64,fp64,A100-SXM4-80GB,A100-SXM4-80GB,,9700.0,df7f742d-c1c4-51c9-b7da-d151d8293f2c,suitesparse_all,Mancktelow/viscorocks,viscorocks,37762,37762,1162244,64,row-major,N,N,1.0,0.0,20260922,main,pass,pass,0,0,148767232.0,0.0908,0.182323205471,0.273123205471,0.186863205471,815.9533593964958,544.6890964224422,796.1290807627066,8.411890303056657,5.615351509509713,8.20751629652275,cuSPARSE 12.8.6,CUDA,13040,13000,2026-10-08T20:25:14.706361+00:00,derived,csr-alg2,0,0,,,,5,20,4,true
3,A100-SXM4-80GB-suitesparse_all-fp64-n64-row-major-cuSPARSE-SpMM-CSR-solve-only,cuSPARSE-SpMM-CSR-best-solve-only,cuSPARSE CUDA 13.4.1 CSR PER MATRIX BEST,per-matrix-best,cuSPARSE-SpMM-CSR,best,solve-only,"csr-alg1,csr-alg2,csr-alg3,csr-default",manual-selection,csr,CUSPARSE_SPMM_CSR_ALG2,library-preprocess,spmm.csr.fp64,fp64,A100-SXM4-80GB,A100-SXM4-80GB,,9700.0,0edb0287-e1df-52fd-b14b-f9e504b96222,suitesparse_all,Martin/marine1,marine1,400320,400320,6226538,64,row-major,N,N,1.0,0.0,20260922,main,pass,pass,0,0,796996864.0,0.29611,1.47619838715,1.77230838715,1.49100388715,539.8982080848293,449.6942348061832,534.537079929034,5.565960908091024,4.636023039239002,5.510691545660144,cuSPARSE 12.8.6,CUDA,13040,13000,2026-10-07T19:51:23.388848+00:00,derived,csr-alg2,0,0,,,,5,20,4,true
3,A100-SXM4-80GB-suitesparse_all-fp64-n64-row-major-cuSPARSE-SpMM-CSR-solve-only,cuSPARSE-SpMM-CSR-best-solve-only,cuSPARSE CUDA 13.4.1 CSR PER MATRIX BEST,per-matrix-best,cuSPARSE-SpMM-CSR,best,solve-only,"csr-alg1,csr-alg2,csr-alg3,csr-default",manual-selection,csr,CUSPARSE_SPMM_CSR_ALG3,library-preprocess,spmm.csr.fp64,fp64,A100-SXM4-80GB,A100-SXM4-80GB,,9700.0,1cb4d392-df77-5092-a407-ab8ee1286933,suitesparse_all,MathWorks/QRpivot,QRpivot,660,749,3808,64,row-major,N,N,1.0,0.0,20260922,main,pass,pass,0,0,487424.0,0.0511,0.00530400015414,0.0564040001541,0.00785900015414,91.8974332267967,8.641656596488204,62.02112106375676,0.9473962188329556,0.08908924326276499,0.6393930006572862,cuSPARSE 12.8.6,CUDA,13040,13000,2026-10-08T01:10:10.050063+00:00,derived,csr-alg3,0,0,,,,5,20,4,true
3,A100-SXM4-80GB-suitesparse_all-fp64-n64-row-major-cuSPARSE-SpMM-CSR-solve-only,cuSPARSE-SpMM-CSR-best-solve-only,cuSPARSE CUDA 13.4.1 CSR PER MATRIX BEST,per-matrix-best,cuSPARSE-SpMM-CSR,best,solve-only,"csr-alg1,csr-alg2,csr-alg3,csr-default",manual-selection,csr,CUSPARSE_SPMM_CSR_ALG2,library-preprocess,spmm.csr.fp64,fp64,A100-SXM4-80GB,A100-SXM4-80GB,,9700.0,0edb0287-e1df-52fd-b14b-f9e504b96222,suitesparse_all,MAWI/mawi_201512020000,mawi_201512020000,35991342,35991342,74485420,64,row-major,N,N,1.0,0.0,20260922,main,pass,pass,0,0,9534133760.0,0.68734,42.3583221436,43.0456621436,42.3926891436,225.08289463586627,221.48883964647132,224.90042393169017,2.3204422127408897,2.283390099448158,2.3185610714607234,cuSPARSE 12.8.6,CUDA,13040,13000,2026-10-07T19:28:39.357097+00:00,derived,csr-alg2,0,0,,,,5,20,4,true
3,A100-SXM4-80GB-suitesparse_all-fp64-n64-row-major-cuSPARSE-SpMM-CSR-solve-only,cuSPARSE-SpMM-CSR-best-solve-only,cuSPARSE CUDA 13.4.1 CSR PER MATRIX BEST,per-matrix-best,cuSPARSE-SpMM-CSR,best,solve-only,"csr-alg1,csr-alg2,csr-alg3,csr-default",manual-selection,csr,CUSPARSE_SPMM_CSR_ALG2,library-preprocess,spmm.csr.fp64,fp64,A100-SXM4-80GB,A100-SXM4-80GB,,9700.0,1cb4d392-df77-5092-a407-ab8ee1286933,suitesparse_all,MaxPlanck/shallow_water2,shallow_water2,81920,81920,327680,64,row-major,N,N,1.0,0.0,20260922,main,pass,pass,0,0,41943040.0,0.04198,0.113152003288,0.155132003288,0.115251003288,370.67872226039634,270.3700017470505,363.927764647643,3.821430126395839,2.7873196056396954,3.7518326252334333,cuSPARSE 12.8.6,CUDA,13040,13000,2026-10-07T23:11:31.468814+00:00,derived,csr-alg2,0,0,,,,5,20,4,true
3,A100-SXM4-80GB-suitesparse_all-fp64-n64-row-major-cuSPARSE-SpMM-CSR-solve-only,cuSPARSE-SpMM-CSR-best-solve-only,cuSPARSE CUDA 13.4.1 CSR PER MATRIX BEST,per-matrix-best,cuSPARSE-SpMM-CSR,best,solve-only,"csr-alg1,csr-alg2,csr-alg3,csr-default",manual-selection,csr,CUSPARSE_SPMM_CSR_ALG2,library-preprocess,spmm.csr.fp64,fp64,A100-SXM4-80GB,A100-SXM4-80GB,,9700.0,df7f742d-c1c4-51c9-b7da-d151d8293f2c,suitesparse_all,Meszaros/aa01,aa01,823,8904,72965,64,row-major,N,N,1.0,0.0,20260922,main,pass,pass,0,0,9339520.0,0.02342,0.0244736000896,0.0478936000896,0.0256446000896,381.61610738948076,195.00559537239835,364.1905105701992,3.9341866741183584,2.0103669626020446,3.754541346084528,cuSPARSE 12.8.6,CUDA,13040,13000,2026-10-08T20:24:30.868379+00:00,derived,csr-alg2,0,0,,,,5,20,4,true
3,A100-SXM4-80GB-suitesparse_all-fp64-n64-row-major-cuSPARSE-SpMM-CSR-solve-only,cuSPARSE-SpMM-CSR-best-solve-only,cuSPARSE CUDA 13.4.1 CSR PER MATRIX BEST,per-matrix-best,cuSPARSE-SpMM-CSR,best,solve-only,"csr-alg1,csr-alg2,csr-alg3,csr-default",manual-selection,csr,CUSPARSE_SPMM_CSR_ALG2,library-preprocess,spmm.csr.fp64,fp64,A100-SXM4-80GB,A100-SXM4-80GB,,9700.0,0edb0287-e1df-52fd-b14b-f9e504b96222,suitesparse_all,Meszaros/aa3,aa3,825,8627,70806,64,row-major,N,N,1.0,0.0,20260922,main,pass,pass,0,0,9063168.0,0.01348,0.024627199769,0.038107199769,0.025301199769,368.01455646648265,237.8334817288999,358.2109972154183,3.7939644996544604,2.451891564215463,3.692896878509467,cuSPARSE 12.8.6,CUDA,13040,13000,2026-10-07T17:56:55.540991+00:00,derived,csr-alg2,0,0,,,,5,20,4,true
3,A100-SXM4-80GB-suitesparse_all-fp64-n64-row-major-cuSPARSE-SpMM-CSR-solve-only,cuSPARSE-SpMM-CSR-best-solve-only,cuSPARSE CUDA 13.4.1 CSR PER MATRIX BEST,per-matrix-best,cuSPARSE-SpMM-CSR,best,solve-only,"csr-alg1,csr-alg2,csr-alg3,csr-default",manual-selection,csr,CUSPARSE_SPMM_CSR_ALG3,library-preprocess,spmm.csr.fp64,fp64,A100-SXM4-80GB,A100-SXM4-80GB,,9700.0,1cb4d392-df77-5092-a407-ab8ee1286933,suitesparse_all,Meszaros/air03,air03,124,10757,91028,64,row-major,N,N,1.0,0.0,20260922,main,pass,pass,0,0,11651584.0,0.06174,0.0263680011034,0.0881080011034,0.0294550011034,441.88347665449686,132.2420648985802,395.5723498056517,4.55549975932471,1.3633202566863938,4.078065461913935,cuSPARSE 12.8.6,CUDA,13040,13000,2026-10-08T01:06:02.145687+00:00,derived,csr-alg3,0,0,,,,5,20,4,true
3,A100-SXM4-80GB-suitesparse_all-fp64-n64-row-major-cuSPARSE-SpMM-CSR-solve-only,cuSPARSE-SpMM-CSR-best-solve-only,cuSPARSE CUDA 13.4.1 CSR PER MATRIX BEST,per-matrix-best,cuSPARSE-SpMM-CSR,best,solve-only,"csr-alg1,csr-alg2,csr-alg3,csr-default",manual-selection,csr,CUSPARSE_SPMM_CSR_ALG2,library-preprocess,spmm.csr.fp64,fp64,A100-SXM4-80GB,A100-SXM4-80GB,,9700.0,df7f742d-c1c4-51c9-b7da-d151d8293f2c,suitesparse_all,Meszaros/air04,air04,823,8904,72965,64,row-major,N,N,1.0,0.0,20260922,main,pass,pass,0,0,9339520.0,0.01306,0.0245248004794,0.0375848004794,0.0251778004794,380.81940800476156,248.49194038209498,370.9426487687603,3.9259732783996033,2.5617725812587113,3.8241510182346423,cuSPARSE 12.8.6,CUDA,13040,13000,2026-10-08T20:24:31.609439+00:00,derived,csr-alg2,0,0,,,,5,20,4,true
3,A100-SXM4-80GB-suitesparse_all-fp64-n64-row-major-cuSPARSE-SpMM-CSR-solve-only,cuSPARSE-SpMM-CSR-best-solve-only,cuSPARSE CUDA 13.4.1 CSR PER MATRIX BEST,per-matrix-best,cuSPARSE-SpMM-CSR,best,solve-only,"csr-alg1,csr-alg2,csr-alg3,csr-default",manual-selection,csr,CUSPARSE_SPMM_CSR_ALG2,library-preprocess,spmm.csr.fp64,fp64,A100-SXM4-80GB,A100-SXM4-80GB,,9700.0,0edb0287-e1df-52fd-b14b-f9e504b96222,suitesparse_all,Meszaros/air06,air06,825,8627,70806,64,row-major,N,N,1.0,0.0,20260922,main,pass,pass,0,0,9063168.0,0.0161,0.0245248004794,0.0406248004794,0.0253298004794,369.5511410016466,223.09446183239092,357.80652940282005,3.809805577336563,2.299942905488566,3.688727107245567,cuSPARSE 12.8.6,CUDA,13040,13000,2026-10-07T17:56:56.312087+00:00,derived,csr-alg2,0,0,,,,5,20,4,true
3,A100-SXM4-80GB-suitesparse_all-fp64-n64-row-major-cuSPARSE-SpMM-CSR-solve-only,cuSPARSE-SpMM-CSR-best-solve-only,cuSPARSE CUDA 13.4.1 CSR PER MATRIX BEST,per-matrix-best,cuSPARSE-SpMM-CSR,best,solve-only,"csr-alg1,csr-alg2,csr-alg3,csr-default",manual-selection,csr,CUSPARSE_SPMM_CSR_ALG2,library-preprocess,spmm.csr.fp64,fp64,A100-SXM4-80GB,A100-SXM4-80GB,,9700.0,1cb4d392-df77-5092-a407-ab8ee1286933,suitesparse_all,Meszaros/cari,cari,400,1200,152800,64,row-major,N,N,1.0,0.0,20260922,main,pass,pass,0,0,19558400.0,0.014549,0.0337408006191,0.0482898006191,0.0344682506191,579.666150213649,405.0213450718637,567.4323369681559,5.975939692924216,4.175477784246018,5.849817906888206,cuSPARSE 12.8.6,CUDA,13040,13000,2026-10-07T22:59:09.343343+00:00,derived,csr-alg2,0,0,,,,5,20,4,true
3,A100-SXM4-80GB-suitesparse_all-fp64-n64-row-major-cuSPARSE-SpMM-CSR-solve-only,cuSPARSE-SpMM-CSR-best-solve-only,cuSPARSE CUDA 13.4.1 CSR PER MATRIX BEST,per-matrix-best,cuSPARSE-SpMM-CSR,best,solve-only,"csr-alg1,csr-alg2,csr-alg3,csr-default",manual-selection,csr,CUSPARSE_SPMM_CSR_ALG3,library-preprocess,spmm.csr.fp64,fp64,A100-SXM4-80GB,A100-SXM4-80GB,,9700.0,0edb0287-e1df-52fd-b14b-f9e504b96222,suitesparse_all,Meszaros/cep1,cep1,1521,4769,8233,64,row-major,N,N,1.0,0.0,20260922,main,pass,pass,0,0,1053824.0,0.07297,0.00727040022612,0.0802404002261,0.0109189002261,144.94717859052375,13.133334293330456,96.51374938668192,1.4943008102115851,0.13539519890031398,0.9949871070791951,cuSPARSE 12.8.6,CUDA,13040,13000,2026-10-07T20:14:14.727970+00:00,derived,csr-alg3,0,0,,,,5,20,4,true
3,A100-SXM4-80GB-suitesparse_all-fp64-n64-row-major-cuSPARSE-SpMM-CSR-solve-only,cuSPARSE-SpMM-CSR-best-solve-only,cuSPARSE CUDA 13.4.1 CSR PER MATRIX BEST,per-matrix-best,cuSPARSE-SpMM-CSR,best,solve-only,"csr-alg1,csr-alg2,csr-alg3,csr-default",manual-selection,csr,CUSPARSE_SPMM_CSR_ALG3,library-preprocess,spmm.csr.fp64,fp64,A100-SXM4-80GB,A100-SXM4-80GB,,9700.0,df7f742d-c1c4-51c9-b7da-d151d8293f2c,suitesparse_all,Meszaros/ch,ch,3700,8291,24102,64,row-major,N,N,1.0,0.0,20260922,main,pass,pass,0,0,3085056.0,0.10232,0.0150015994906,0.117321599491,0.0201175994906,205.64847114689974,26.29572059522306,153.3510994411386,2.1200873314113378,0.2710899030435367,1.580939169496274,cuSPARSE 12.8.6,CUDA,13040,13000,2026-10-08T22:59:34.831357+00:00,derived,csr-alg3,0,0,,,,5,20,4,true
3,A100-SXM4-80GB-suitesparse_all-fp64-n64-row-major-cuSPARSE-SpMM-CSR-solve-only,cuSPARSE-SpMM-CSR-best-solve-only,cuSPARSE CUDA 13.4.1 CSR PER MATRIX BEST,per-matrix-best,cuSPARSE-SpMM-CSR,best,solve-only,"csr-alg1,csr-alg2,csr-alg3,csr-default",manual-selection,csr,CUSPARSE_SPMM_CSR_ALG3,library-preprocess,spmm.csr.fp64,fp64,A100-SXM4-80GB,A100-SXM4-80GB,,9700.0,0edb0287-e1df-52fd-b14b-f9e504b96222,suitesparse_all,Meszaros/co9,co9,10789,22924,109651,64,row-major,N,N,1.0,0.0,20260922,main,pass,pass,0,0,14035328.0,0.11415,0.0366591989994,0.150809198999,0.0423666989994,382.85964732152814,93.0667896465193,331.2820760522024,3.947006673417816,0.9594514396548381,3.415279134558788,cuSPARSE 12.8.6,CUDA,13040,13000,2026-10-07T20:13:57.448559+00:00,derived,csr-alg3,0,0,,,,5,20,4,true
3,A100-SXM4-80GB-suitesparse_all-fp64-n64-row-major-cuSPARSE-SpMM-CSR-solve-only,cuSPARSE-SpMM-CSR-best-solve-only,cuSPARSE CUDA 13.4.1 CSR PER MATRIX BEST,per-matrix-best,cuSPARSE-SpMM-CSR,best,solve-only,"csr-alg1,csr-alg2,csr-alg3,csr-default",manual-selection,csr,CUSPARSE_SPMM_CSR_ALG3,library-preprocess,spmm.csr.fp64,fp64,A100-SXM4-80GB,A100-SXM4-80GB,,9700.0,1cb4d392-df77-5092-a407-ab8ee1286933,suitesparse_all,Meszaros/crew1,crew1,135,6469,46950,64,row-major,N,N,1.0,0.0,20260922,main,pass,pass,0,0,6009600.0,0.06202,0.0174079999328,0.0794279999328,0.0205089999328,345.2205895679471,75.66097604225736,293.0225764147992,3.5589751501850215,0.780010062291313,3.0208513032453523,cuSPARSE 12.8.6,CUDA,13040,13000,2026-10-08T01:06:03.856520+00:00,derived,csr-alg3,0,0,,,,5,20,4,true
3,A100-SXM4-80GB-suitesparse_all-fp64-n64-row-major-cuSPARSE-SpMM-CSR-solve-only,cuSPARSE-SpMM-CSR-best-solve-only,cuSPARSE CUDA 13.4.1 CSR PER MATRIX BEST,per-matrix-best,cuSPARSE-SpMM-CSR,best,solve-only,"csr-alg1,csr-alg2,csr-alg3,csr-default",manual-selection,csr,CUSPARSE_SPMM_CSR_ALG3,library-preprocess,spmm.csr.fp64,fp64,A100-SXM4-80GB,A100-SXM4-80GB,,9700.0,df7f742d-c1c4-51c9-b7da-d151d8293f2c,suitesparse_all,Meszaros/dano3mip,dano3mip,3202,15851,81633,64,row-major,N,N,1.0,0.0,20260922,main,pass,pass,0,0,10449024.0,0.09482,0.0192543998361,0.114074399836,0.0239953998361,542.6824044865405,91.59832543517324,435.4594660381493,5.594663963778768,0.9443126333523014,4.489272845754116,cuSPARSE 12.8.6,CUDA,13040,13000,2026-10-08T22:59:35.725248+00:00,derived,csr-alg3,0,0,,,,5,20,4,true
3,A100-SXM4-80GB-suitesparse_all-fp64-n64-row-major-cuSPARSE-SpMM-CSR-solve-only,cuSPARSE-SpMM-CSR-best-solve-only,cuSPARSE CUDA 13.4.1 CSR PER MATRIX BEST,per-matrix-best,cuSPARSE-SpMM-CSR,best,solve-only,"csr-alg1,csr-alg2,csr-alg3,csr-default",manual-selection,csr,CUSPARSE_SPMM_CSR_ALG2,library-preprocess,spmm.csr.fp64,fp64,A100-SXM4-80GB,A100-SXM4-80GB,,9700.0,0edb0287-e1df-52fd-b14b-f9e504b96222,suitesparse_all,Meszaros/dbir1,dbir1,18804,45775,1077025,64,row-major,N,N,1.0,0.0,20260922,main,pass,pass,0,0,137859200.0,0.075829,0.22190079689,0.29772979689,0.22569224689,621.2650063998606,463.03460869566175,610.8282490855395,6.404793880410933,4.7735526669655854,6.29719844418082,cuSPARSE 12.8.6,CUDA,13040,13000,2026-10-07T17:57:00.800116+00:00,derived,csr-alg2,0,0,,,,5,20,4,true
3,A100-SXM4-80GB-suitesparse_all-fp64-n64-row-major-cuSPARSE-SpMM-CSR-solve-only,cuSPARSE-SpMM-CSR-best-solve-only,cuSPARSE CUDA 13.4.1 CSR PER MATRIX BEST,per-matrix-best,cuSPARSE-SpMM-CSR,best,solve-only,"csr-alg1,csr-alg2,csr-alg3,csr-default",manual-selection,csr,CUSPARSE_SPMM_CSR_ALG3,library-preprocess,spmm.csr.fp64,fp64,A100-SXM4-80GB,A100-SXM4-80GB,,9700.0,df7f742d-c1c4-51c9-b7da-d151d8293f2c,suitesparse_all,Meszaros/de063155,de063155,852,1848,4913,64,row-major,N,N,1.0,0.0,20260922,main,pass,pass,0,0,628864.0,0.05514,0.00702399984002,0.06216399984,0.00978099984002,89.53075374759823,10.116208764213908,64.29444947201983,0.9229974613154456,0.10429081200220523,0.6628293760002045,cuSPARSE 12.8.6,CUDA,13040,13000,2026-10-08T22:59:48.285685+00:00,derived,csr-alg3,0,0,,,,5,20,4,true
3,A100-SXM4-80GB-suitesparse_all-fp64-n64-row-major-cuSPARSE-SpMM-CSR-solve-only,cuSPARSE-SpMM-CSR-best-solve-only,cuSPARSE CUDA 13.4.1 CSR PER MATRIX BEST,per-matrix-best,cuSPARSE-SpMM-CSR,best,solve-only,"csr-alg1,csr-alg2,csr-alg3,csr-default",manual-selection,csr,CUSPARSE_SPMM_CSR_ALG3,library-preprocess,spmm.csr.fp64,fp64,A100-SXM4-80GB,A100-SXM4-80GB,,9700.0,0edb0287-e1df-52fd-b14b-f9e504b96222,suitesparse_all,Meszaros/de080285,de080285,936,1908,5082,64,row-major,N,N,1.0,0.0,20260922,main,pass,pass,0,0,650496.0,0.07571,0.00911360010505,0.084823600105,0.012899100105,71.37640367164555,7.66880914267698,50.42956444286003,0.735839213109748,0.07905988806883484,0.5198924169367013,cuSPARSE 12.8.6,CUDA,13040,13000,2026-10-07T20:14:13.767012+00:00,derived,csr-alg3,0,0,,,,5,20,4,true
3,A100-SXM4-80GB-suitesparse_all-fp64-n64-row-major-cuSPARSE-SpMM-CSR-solve-only,cuSPARSE-SpMM-CSR-best-solve-only,cuSPARSE CUDA 13.4.1 CSR PER MATRIX BEST,per-matrix-best,cuSPARSE-SpMM-CSR,best,solve-only,"csr-alg1,csr-alg2,csr-alg3,csr-default",manual-selection,csr,CUSPARSE_SPMM_CSR_ALG3,library-preprocess,spmm.csr.fp64,fp64,A100-SXM4-80GB,A100-SXM4-80GB,,9700.0,1cb4d392-df77-5092-a407-ab8ee1286933,suitesparse_all,Meszaros/deter4,deter4,3235,9133,19231,64,row-major,N,N,1.0,0.0,20260922,main,pass,pass,0,0,2461568.0,0.06334,0.0117247998714,0.0750647998714,0.0148917998714,209.94541714988577,32.792573939011696,165.2968762175948,2.164385743813255,0.3380677725671309,1.7040915073978844,cuSPARSE 12.8.6,CUDA,13040,13000,2026-10-08T01:06:23.928229+00:00,derived,csr-alg3,0,0,,,,5,20,4,true
3,A100-SXM4-80GB-suitesparse_all-fp64-n64-row-major-cuSPARSE-SpMM-CSR-solve-only,cuSPARSE-SpMM-CSR-best-solve-only,cuSPARSE CUDA 13.4.1 CSR PER MATRIX BEST,per-matrix-best,cuSPARSE-SpMM-CSR,best,solve-only,"csr-alg1,csr-alg2,csr-alg3,csr-default",manual-selection,csr,CUSPARSE_SPMM_CSR_ALG3,library-preprocess,spmm.csr.fp64,fp64,A100-SXM4-80GB,A100-SXM4-80GB,,9700.0,df7f742d-c1c4-51c9-b7da-d151d8293f2c,suitesparse_all,Meszaros/deter5,deter5,5103,14529,29715,64,row-major,N,N,1.0,0.0,20260922,main,pass,pass,0,0,3803520.0,0.1301,0.0148479998112,0.144947999811,0.0213529998112,256.16379636070343,26.240582863919954,178.12579186204044,2.6408638800072515,0.27052147282391703,1.8363483697117573,cuSPARSE 12.8.6,CUDA,13040,13000,2026-10-08T22:59:49.881845+00:00,derived,csr-alg3,0,0,,,,5,20,4,true
3,A100-SXM4-80GB-suitesparse_all-fp64-n64-row-major-cuSPARSE-SpMM-CSR-solve-only,cuSPARSE-SpMM-CSR-best-solve-only,cuSPARSE CUDA 13.4.1 CSR PER MATRIX BEST,per-matrix-best,cuSPARSE-SpMM-CSR,best,solve-only,"csr-alg1,csr-alg2,csr-alg3,csr-default",manual-selection,csr,CUSPARSE_SPMM_CSR_ALG3,library-preprocess,spmm.csr.fp64,fp64,A100-SXM4-80GB,A100-SXM4-80GB,,9700.0,0edb0287-e1df-52fd-b14b-f9e504b96222,suitesparse_all,Meszaros/deter7,deter7,6375,18153,37131,64,row-major,N,N,1.0,0.0,20260922,main,pass,pass,0,0,4752768.0,0.12644,0.0168448001146,0.143284800115,0.0231668001146,282.1504540075013,33.170078027714325,205.15427147855206,2.9087675670876423,0.34195956729602395,2.114992489469609,cuSPARSE 12.8.6,CUDA,13040,13000,2026-10-07T20:14:15.819688+00:00,derived,csr-alg3,0,0,,,,5,20,4,true
3,A100-SXM4-80GB-suitesparse_all-fp64-n64-row-major-cuSPARSE-SpMM-CSR-solve-only,cuSPARSE-SpMM-CSR-best-solve-only,cuSPARSE CUDA 13.4.1 CSR PER MATRIX BEST,per-matrix-best,cuSPARSE-SpMM-CSR,best,solve-only,"csr-alg1,csr-alg2,csr-alg3,csr-default",manual-selection,csr,CUSPARSE_SPMM_CSR_ALG3,library-preprocess,spmm.csr.fp64,fp64,A100-SXM4-80GB,A100-SXM4-80GB,,9700.0,1cb4d392-df77-5092-a407-ab8ee1286933,suitesparse_all,Meszaros/farm,farm,7,17,41,64,row-major,N,N,1.0,0.0,20260922,main,pass,pass,0,0,5248.0,0.0553,0.00563200004399,0.060932000044,0.00839700004399,0.9318181745400069,0.08612879925507669,0.6249851104569375,0.009606372933402134,0.0008879257655162545,0.006443145468628222,cuSPARSE 12.8.6,CUDA,13040,13000,2026-10-08T01:06:04.459299+00:00,derived,csr-alg3,0,0,,,,5,20,4,true
3,A100-SXM4-80GB-suitesparse_all-fp64-n64-row-major-cuSPARSE-SpMM-CSR-solve-only,cuSPARSE-SpMM-CSR-best-solve-only,cuSPARSE CUDA 13.4.1 CSR PER MATRIX BEST,per-matrix-best,cuSPARSE-SpMM-CSR,best,solve-only,"csr-alg1,csr-alg2,csr-alg3,csr-default",manual-selection,csr,CUSPARSE_SPMM_CSR_ALG2,library-preprocess,spmm.csr.fp64,fp64,A100-SXM4-80GB,A100-SXM4-80GB,,9700.0,1cb4d392-df77-5092-a407-ab8ee1286933,suitesparse_all,Meszaros/fxm3_16,fxm3_16,41340,85575,392252,64,row-major,N,N,1.0,0.0,20260922,main,pass,pass,0,0,50208256.0,0.059731,0.100812804699,0.160543804699,0.103799354699,498.03451208314647,312.738670259711,483.70489532998715,5.134376413228314,3.224110002677433,4.986648405463785,cuSPARSE 12.8.6,CUDA,13040,13000,2026-10-07T22:59:34.783256+00:00,derived,csr-alg2,0,0,,,,5,20,4,true
3,A100-SXM4-80GB-suitesparse_all-fp64-n64-row-major-cuSPARSE-SpMM-CSR-solve-only,cuSPARSE-SpMM-CSR-best-solve-only,cuSPARSE CUDA 13.4.1 CSR PER MATRIX BEST,per-matrix-best,cuSPARSE-SpMM-CSR,best,solve-only,"csr-alg1,csr-alg2,csr-alg3,csr-default",manual-selection,csr,CUSPARSE_SPMM_CSR_ALG2,library-preprocess,spmm.csr.fp64,fp64,A100-SXM4-80GB,A100-SXM4-80GB,,9700.0,df7f742d-c1c4-51c9-b7da-d151d8293f2c,suitesparse_all,Meszaros/fxm4_6,fxm4_6,22400,47185,265442,64,row-major,N,N,1.0,0.0,20260922,main,pass,pass,0,0,33976576.0,0.049331,0.0666112005711,0.115942200571,0.0690777505711,510.0730163800878,293.0475343116644,491.8599074101112,5.258484704949359,3.0211086011511794,5.0707206949496,cuSPARSE 12.8.6,CUDA,13040,13000,2026-10-08T20:24:48.466785+00:00,derived,csr-alg2,0,0,,,,5,20,4,true
3,A100-SXM4-80GB-suitesparse_all-fp64-n64-row-major-cuSPARSE-SpMM-CSR-solve-only,cuSPARSE-SpMM-CSR-best-solve-only,cuSPARSE CUDA 13.4.1 CSR PER MATRIX BEST,per-matrix-best,cuSPARSE-SpMM-CSR,best,solve-only,"csr-alg1,csr-alg2,csr-alg3,csr-default",manual-selection,csr,CUSPARSE_SPMM_CSR_ALG3,library-preprocess,spmm.csr.fp64,fp64,A100-SXM4-80GB,A100-SXM4-80GB,,9700.0,df7f742d-c1c4-51c9-b7da-d151d8293f2c,suitesparse_all,Meszaros/gams10a,gams10a,114,171,407,64,row-major,N,N,1.0,0.0,20260922,main,pass,pass,0,0,52096.0,2.720981,0.00558080002666,2.72656180003,0.141629850027,9.334862340727597,0.01910684731203481,0.36783206358030135,0.09623569423430511,0.00019697780734056507,0.0037920831296938285,cuSPARSE 12.8.6,CUDA,13040,13000,2026-10-08T22:59:36.610732+00:00,derived,csr-alg3,0,0,,,,5,20,4,true
3,A100-SXM4-80GB-suitesparse_all-fp64-n64-row-major-cuSPARSE-SpMM-CSR-solve-only,cuSPARSE-SpMM-CSR-best-solve-only,cuSPARSE CUDA 13.4.1 CSR PER MATRIX BEST,per-matrix-best,cuSPARSE-SpMM-CSR,best,solve-only,"csr-alg1,csr-alg2,csr-alg3,csr-default",manual-selection,csr,CUSPARSE_SPMM_CSR_ALG3,library-preprocess,spmm.csr.fp64,fp64,A100-SXM4-80GB,A100-SXM4-80GB,,9700.0,1cb4d392-df77-5092-a407-ab8ee1286933,suitesparse_all,Meszaros/gas11,gas11,459,862,2166,64,row-major,N,N,1.0,0.0,20260922,main,pass,pass,0,0,277248.0,0.06608,0.00619519986212,0.0722751998621,0.00949919986212,44.752067111701805,3.836004611941372,29.186458230611933,0.46136151661548247,0.03954643929836466,0.3008913219650715,cuSPARSE 12.8.6,CUDA,13040,13000,2026-10-08T01:06:01.370642+00:00,derived,csr-alg3,0,0,,,,5,20,4,true
3,A100-SXM4-80GB-suitesparse_all-fp64-n64-row-major-cuSPARSE-SpMM-CSR-solve-only,cuSPARSE-SpMM-CSR-best-solve-only,cuSPARSE CUDA 13.4.1 CSR PER MATRIX BEST,per-matrix-best,cuSPARSE-SpMM-CSR,best,solve-only,"csr-alg1,csr-alg2,csr-alg3,csr-default",manual-selection,csr,CUSPARSE_SPMM_CSR_ALG3,library-preprocess,spmm.csr.fp64,fp64,A100-SXM4-80GB,A100-SXM4-80GB,,9700.0,0edb0287-e1df-52fd-b14b-f9e504b96222,suitesparse_all,Meszaros/ge,ge,10099,16369,44825,64,row-major,N,N,1.0,0.0,20260922,main,pass,pass,0,0,5737600.0,0.11063,0.0224255993962,0.133055599396,0.0279570993962,255.85046350967244,43.12182295255202,205.22872987245125,2.637633644429613,0.44455487579950537,2.115760101777848,cuSPARSE 12.8.6,CUDA,13040,13000,2026-10-07T20:14:01.894137+00:00,derived,csr-alg3,0,0,,,,5,20,4,true
3,A100-SXM4-80GB-suitesparse_all-fp64-n64-row-major-cuSPARSE-SpMM-CSR-solve-only,cuSPARSE-SpMM-CSR-best-solve-only,cuSPARSE CUDA 13.4.1 CSR PER MATRIX BEST,per-matrix-best,cuSPARSE-SpMM-CSR,best,solve-only,"csr-alg1,csr-alg2,csr-alg3,csr-default",manual-selection,csr,CUSPARSE_SPMM_CSR_ALG3,library-preprocess,spmm.csr.fp64,fp64,A100-SXM4-80GB,A100-SXM4-80GB,,9700.0,1cb4d392-df77-5092-a407-ab8ee1286933,suitesparse_all,Meszaros/iprob,iprob,3001,3001,9000,64,row-major,N,N,1.0,0.0,20260922,main,pass,pass,0,0,1152000.0,0.052411,0.0180224001408,0.0704334001408,0.0206429501408,63.920454046075996,16.35587658265954,55.805976962716976,0.6589737530523299,0.16861728435731485,0.5753193501311028,cuSPARSE 12.8.6,CUDA,13040,13000,2026-10-08T01:06:23.227141+00:00,derived,csr-alg3,0,0,,,,5,20,4,true
3,A100-SXM4-80GB-suitesparse_all-fp64-n64-row-major-cuSPARSE-SpMM-CSR-solve-only,cuSPARSE-SpMM-CSR-best-solve-only,cuSPARSE CUDA 13.4.1 CSR PER MATRIX BEST,per-matrix-best,cuSPARSE-SpMM-CSR,best,solve-only,"csr-alg1,csr-alg2,csr-alg3,csr-default",manual-selection,csr,CUSPARSE_SPMM_CSR_ALG3,library-preprocess,spmm.csr.fp64,fp64,A100-SXM4-80GB,A100-SXM4-80GB,,9700.0,0edb0287-e1df-52fd-b14b-f9e504b96222,suitesparse_all,Meszaros/kleemin,kleemin,8,16,44,64,row-major,N,N,1.0,0.0,20260922,main,pass,pass,0,0,5632.0,0.05057,0.00568320006132,0.0562532000613,0.00821170006132,0.9909909802984996,0.10011874869096728,0.6858506713522945,0.010216401858747419,0.0010321520483604872,0.007070625477858706,cuSPARSE 12.8.6,CUDA,13040,13000,2026-10-07T20:14:19.652451+00:00,derived,csr-alg3,0,0,,,,5,20,4,true
3,A100-SXM4-80GB-suitesparse_all-fp64-n64-row-major-cuSPARSE-SpMM-CSR-solve-only,cuSPARSE-SpMM-CSR-best-solve-only,cuSPARSE CUDA 13.4.1 CSR PER MATRIX BEST,per-matrix-best,cuSPARSE-SpMM-CSR,best,solve-only,"csr-alg1,csr-alg2,csr-alg3,csr-default",manual-selection,csr,CUSPARSE_SPMM_CSR_ALG3,library-preprocess,spmm.csr.fp64,fp64,A100-SXM4-80GB,A100-SXM4-80GB,,9700.0,df7f742d-c1c4-51c9-b7da-d151d8293f2c,suitesparse_all,Meszaros/l30,l30,2701,16281,52070,64,row-major,N,N,1.0,0.0,20260922,main,pass,pass,0,0,6664960.0,0.116541,0.0114688001573,0.128009800157,0.0172958501573,581.1383848865559,52.06601363196908,385.35023947272947,5.991117369964493,0.5367630271337018,3.9726828811621595,cuSPARSE 12.8.6,CUDA,13040,13000,2026-10-08T22:59:49.092836+00:00,derived,csr-alg3,0,0,,,,5,20,4,true
3,A100-SXM4-80GB-suitesparse_all-fp64-n64-row-major-cuSPARSE-SpMM-CSR-solve-only,cuSPARSE-SpMM-CSR-best-solve-only,cuSPARSE CUDA 13.4.1 CSR PER MATRIX BEST,per-matrix-best,cuSPARSE-SpMM-CSR,best,solve-only,"csr-alg1,csr-alg2,csr-alg3,csr-default",manual-selection,csr,CUSPARSE_SPMM_CSR_ALG3,library-preprocess,spmm.csr.fp64,fp64,A100-SXM4-80GB,A100-SXM4-80GB,,9700.0,1cb4d392-df77-5092-a407-ab8ee1286933,suitesparse_all,Meszaros/lp22,lp22,2958,16392,68518,64,row-major,N,N,1.0,0.0,20260922,main,pass,pass,0,0,8770304.0,0.25268,0.0184832006693,0.271163200669,0.0311172006693,474.5013678592578,32.343267738256344,281.8474609334868,4.891766678961421,0.3334357498789314,2.9056439271493484,cuSPARSE 12.8.6,CUDA,13040,13000,2026-10-08T01:06:05.245460+00:00,derived,csr-alg3,0,0,,,,5,20,4,true
3,A100-SXM4-80GB-suitesparse_all-fp64-n64-row-major-cuSPARSE-SpMM-CSR-solve-only,cuSPARSE-SpMM-CSR-best-solve-only,cuSPARSE CUDA 13.4.1 CSR PER MATRIX BEST,per-matrix-best,cuSPARSE-SpMM-CSR,best,solve-only,"csr-alg1,csr-alg2,csr-alg3,csr-default",manual-selection,csr,CUSPARSE_SPMM_CSR_ALG3,library-preprocess,spmm.csr.fp64,fp64,A100-SXM4-80GB,A100-SXM4-80GB,,9700.0,df7f742d-c1c4-51c9-b7da-d151d8293f2c,suitesparse_all,Meszaros/lpl2,lpl2,3294,10881,32232,64,row-major,N,N,1.0,0.0,20260922,main,pass,pass,0,0,4125696.0,0.26814,0.0184320002794,0.286572000279,0.0318390002794,223.8333299403737,14.396717041383374,129.57994798188895,2.3075601024780794,0.14841976331323065,1.3358757523906077,cuSPARSE 12.8.6,CUDA,13040,13000,2026-10-08T22:59:37.367439+00:00,derived,csr-alg3,0,0,,,,5,20,4,true
3,A100-SXM4-80GB-suitesparse_all-fp64-n64-row-major-cuSPARSE-SpMM-CSR-solve-only,cuSPARSE-SpMM-CSR-best-solve-only,cuSPARSE CUDA 13.4.1 CSR PER MATRIX BEST,per-matrix-best,cuSPARSE-SpMM-CSR,best,solve-only,"csr-alg1,csr-alg2,csr-alg3,csr-default",manual-selection,csr,CUSPARSE_SPMM_CSR_ALG2,library-preprocess,spmm.csr.fp64,fp64,A100-SXM4-80GB,A100-SXM4-80GB,,9700.0,0edb0287-e1df-52fd-b14b-f9e504b96222,suitesparse_all,Meszaros/mod2,mod2,34774,66409,199810,64,row-major,N,N,1.0,0.0,20260922,main,pass,pass,0,0,25575680.0,0.04293,0.0880639970303,0.13099399703,0.0902104970303,290.4215214215206,195.2431453339248,283.51113054403874,2.9940363033146453,2.0128159312775753,2.922795160247822,cuSPARSE 12.8.6,CUDA,13040,13000,2026-10-07T17:57:03.338900+00:00,derived,csr-alg2,0,0,,,,5,20,4,true
3,A100-SXM4-80GB-suitesparse_all-fp64-n64-row-major-cuSPARSE-SpMM-CSR-solve-only,cuSPARSE-SpMM-CSR-best-solve-only,cuSPARSE CUDA 13.4.1 CSR PER MATRIX BEST,per-matrix-best,cuSPARSE-SpMM-CSR,best,solve-only,"csr-alg1,csr-alg2,csr-alg3,csr-default",manual-selection,csr,CUSPARSE_SPMM_CSR_ALG2,library-preprocess,spmm.csr.fp64,fp64,A100-SXM4-80GB,A100-SXM4-80GB,,9700.0,1cb4d392-df77-5092-a407-ab8ee1286933,suitesparse_all,Meszaros/model5,model5,1888,11802,89925,64,row-major,N,N,1.0,0.0,20260922,main,pass,pass,0,0,11510400.0,0.0188,0.0334847986698,0.0522847986698,0.0344247986698,343.7500136556368,220.14811748043456,334.3636112561431,3.5438145737694513,2.2695682214477793,3.4470475387231247,cuSPARSE 12.8.6,CUDA,13040,13000,2026-10-07T22:59:12.770820+00:00,derived,csr-alg2,0,0,,,,5,20,4,true
3,A100-SXM4-80GB-suitesparse_all-fp64-n64-row-major-cuSPARSE-SpMM-CSR-solve-only,cuSPARSE-SpMM-CSR-best-solve-only,cuSPARSE CUDA 13.4.1 CSR PER MATRIX BEST,per-matrix-best,cuSPARSE-SpMM-CSR,best,solve-only,"csr-alg1,csr-alg2,csr-alg3,csr-default",manual-selection,csr,CUSPARSE_SPMM_CSR_ALG3,library-preprocess,spmm.csr.fp64,fp64,A100-SXM4-80GB,A100-SXM4-80GB,,9700.0,df7f742d-c1c4-51c9-b7da-d151d8293f2c,suitesparse_all,Meszaros/model6,model6,2096,5289,27628,64,row-major,N,N,1.0,0.0,20260922,main,pass,pass,0,0,3536384.0,0.10437,0.0233615994453,0.127731599445,0.0285800994453,151.37593674954766,27.686054315187157,123.73588856009243,1.56057666752111,0.2854232403627542,1.275627717114355,cuSPARSE 12.8.6,CUDA,13040,13000,2026-10-08T22:59:38.420098+00:00,derived,csr-alg3,0,0,,,,5,20,4,true
3,A100-SXM4-80GB-suitesparse_all-fp64-n64-row-major-cuSPARSE-SpMM-CSR-solve-only,cuSPARSE-SpMM-CSR-best-solve-only,cuSPARSE CUDA 13.4.1 CSR PER MATRIX BEST,per-matrix-best,cuSPARSE-SpMM-CSR,best,solve-only,"csr-alg1,csr-alg2,csr-alg3,csr-default",manual-selection,csr,CUSPARSE_SPMM_CSR_ALG3,library-preprocess,spmm.csr.fp64,fp64,A100-SXM4-80GB,A100-SXM4-80GB,,9700.0,0edb0287-e1df-52fd-b14b-f9e504b96222,suitesparse_all,Meszaros/model8,model8,2896,6464,25277,64,row-major,N,N,1.0,0.0,20260922,main,pass,pass,0,0,3235456.0,0.07289,0.0140799999237,0.0869699999237,0.0177244999237,229.79091033615387,37.20197772609533,182.5414547055157,2.368978457073751,0.3835255435679931,1.881870667067172,cuSPARSE 12.8.6,CUDA,13040,13000,2026-10-07T20:14:04.807344+00:00,derived,csr-alg3,0,0,,,,5,20,4,true
3,A100-SXM4-80GB-suitesparse_all-fp64-n64-row-major-cuSPARSE-SpMM-CSR-solve-only,cuSPARSE-SpMM-CSR-best-solve-only,cuSPARSE CUDA 13.4.1 CSR PER MATRIX BEST,per-matrix-best,cuSPARSE-SpMM-CSR,best,solve-only,"csr-alg1,csr-alg2,csr-alg3,csr-default",manual-selection,csr,CUSPARSE_SPMM_CSR_ALG3,library-preprocess,spmm.csr.fp64,fp64,A100-SXM4-80GB,A100-SXM4-80GB,,9700.0,1cb4d392-df77-5092-a407-ab8ee1286933,suitesparse_all,Meszaros/nemsemm1,nemsemm1,3945,75352,1053986,64,row-major,N,N,1.0,0.0,20260922,main,pass,pass,0,0,134910208.0,0.3467,0.203263998032,0.549963998032,0.220598998032,663.7191500029484,245.30734463122104,611.5631041099741,6.842465463947921,2.528941697229083,6.304774269174991,cuSPARSE 12.8.6,CUDA,13040,13000,2026-10-08T01:06:08.864789+00:00,derived,csr-alg3,0,0,,,,5,20,4,true
3,A100-SXM4-80GB-suitesparse_all-fp64-n64-row-major-cuSPARSE-SpMM-CSR-solve-only,cuSPARSE-SpMM-CSR-best-solve-only,cuSPARSE CUDA 13.4.1 CSR PER MATRIX BEST,per-matrix-best,cuSPARSE-SpMM-CSR,best,solve-only,"csr-alg1,csr-alg2,csr-alg3,csr-default",manual-selection,csr,CUSPARSE_SPMM_CSR_ALG3,library-preprocess,spmm.csr.fp64,fp64,A100-SXM4-80GB,A100-SXM4-80GB,,9700.0,df7f742d-c1c4-51c9-b7da-d151d8293f2c,suitesparse_all,Meszaros/nemsemm2,nemsemm2,6943,48878,182012,64,row-major,N,N,1.0,0.0,20260922,main,pass,pass,0,0,23297536.0,0.1547,0.0479743987322,0.202674398732,0.0557093987322,485.6243458109855,114.9505618161806,418.19758479163113,5.006436554752428,1.1850573383111402,4.311315307130218,cuSPARSE 12.8.6,CUDA,13040,13000,2026-10-08T22:59:40.058398+00:00,derived,csr-alg3,0,0,,,,5,20,4,true
3,A100-SXM4-80GB-suitesparse_all-fp64-n64-row-major-cuSPARSE-SpMM-CSR-solve-only,cuSPARSE-SpMM-CSR-best-solve-only,cuSPARSE CUDA 13.4.1 CSR PER MATRIX BEST,per-matrix-best,cuSPARSE-SpMM-CSR,best,solve-only,"csr-alg1,csr-alg2,csr-alg3,csr-default",manual-selection,csr,CUSPARSE_SPMM_CSR_ALG2,library-preprocess,spmm.csr.fp64,fp64,A100-SXM4-80GB,A100-SXM4-80GB,,9700.0,0edb0287-e1df-52fd-b14b-f9e504b96222,suitesparse_all,Meszaros/nemspmm2,nemspmm2,2301,8734,68225,64,row-major,N,N,1.0,0.0,20260922,main,pass,pass,0,0,8732800.0,0.013851,0.0278016000986,0.0416526000986,0.0284941500986,314.11141693386764,209.65798003792617,306.47694245244634,3.2382620302460587,2.1614224746177952,3.159556107757179,cuSPARSE 12.8.6,CUDA,13040,13000,2026-10-07T17:57:04.754934+00:00,derived,csr-alg2,0,0,,,,5,20,4,true
3,A100-SXM4-80GB-suitesparse_all-fp64-n64-row-major-cuSPARSE-SpMM-CSR-solve-only,cuSPARSE-SpMM-CSR-best-solve-only,cuSPARSE CUDA 13.4.1 CSR PER MATRIX BEST,per-matrix-best,cuSPARSE-SpMM-CSR,best,solve-only,"csr-alg1,csr-alg2,csr-alg3,csr-default",manual-selection,csr,CUSPARSE_SPMM_CSR_ALG3,library-preprocess,spmm.csr.fp64,fp64,A100-SXM4-80GB,A100-SXM4-80GB,,9700.0,1cb4d392-df77-5092-a407-ab8ee1286933,suitesparse_all,Meszaros/p0040,p0040,23,63,133,64,row-major,N,N,1.0,0.0,20260922,main,pass,pass,0,0,17024.0,0.05047,0.00558080002666,0.0560508000267,0.00810430002666,3.0504587010240054,0.30372447836410105,2.1006132477817516,0.0314480278456083,0.0031311801893206294,0.021655806678162387,cuSPARSE 12.8.6,CUDA,13040,13000,2026-10-08T01:06:09.459181+00:00,derived,csr-alg3,0,0,,,,5,20,4,true
3,A100-SXM4-80GB-suitesparse_all-fp64-n64-row-major-cuSPARSE-SpMM-CSR-solve-only,cuSPARSE-SpMM-CSR-best-solve-only,cuSPARSE CUDA 13.4.1 CSR PER MATRIX BEST,per-matrix-best,cuSPARSE-SpMM-CSR,best,solve-only,"csr-alg1,csr-alg2,csr-alg3,csr-default",manual-selection,csr,CUSPARSE_SPMM_CSR_ALG3,library-preprocess,spmm.csr.fp64,fp64,A100-SXM4-80GB,A100-SXM4-80GB,,9700.0,df7f742d-c1c4-51c9-b7da-d151d8293f2c,suitesparse_all,Meszaros/p010,p010,10090,19090,118000,64,row-major,N,N,1.0,0.0,20260922,main,pass,pass,0,0,15104000.0,0.15141,0.036812800169,0.188222800169,0.044383300169,410.2920704391038,80.24532621148204,340.30817768142333,4.2298151591660185,0.8272714042420829,3.508331728674467,cuSPARSE 12.8.6,CUDA,13040,13000,2026-10-08T22:59:41.440078+00:00,derived,csr-alg3,0,0,,,,5,20,4,true
3,A100-SXM4-80GB-suitesparse_all-fp64-n64-row-major-cuSPARSE-SpMM-CSR-solve-only,cuSPARSE-SpMM-CSR-best-solve-only,cuSPARSE CUDA 13.4.1 CSR PER MATRIX BEST,per-matrix-best,cuSPARSE-SpMM-CSR,best,solve-only,"csr-alg1,csr-alg2,csr-alg3,csr-default",manual-selection,csr,CUSPARSE_SPMM_CSR_ALG3,library-preprocess,spmm.csr.fp64,fp64,A100-SXM4-80GB,A100-SXM4-80GB,,9700.0,0edb0287-e1df-52fd-b14b-f9e504b96222,suitesparse_all,Meszaros/p0282,p0282,241,523,2207,64,row-major,N,N,1.0,0.0,20260922,main,pass,pass,0,0,282496.0,0.05219,0.0110079996288,0.0631979996288,0.0136174996288,25.662791563047623,4.47001490014351,20.74507124659963,0.26456486147471775,0.04608262783653103,0.2138667138824704,cuSPARSE 12.8.6,CUDA,13040,13000,2026-10-07T20:14:06.668563+00:00,derived,csr-alg3,0,0,,,,5,20,4,true
3,A100-SXM4-80GB-suitesparse_all-fp64-n64-row-major-cuSPARSE-SpMM-CSR-solve-only,cuSPARSE-SpMM-CSR-best-solve-only,cuSPARSE CUDA 13.4.1 CSR PER MATRIX BEST,per-matrix-best,cuSPARSE-SpMM-CSR,best,solve-only,"csr-alg1,csr-alg2,csr-alg3,csr-default",manual-selection,csr,CUSPARSE_SPMM_CSR_ALG2,library-preprocess,spmm.csr.fp64,fp64,A100-SXM4-80GB,A100-SXM4-80GB,,9700.0,1cb4d392-df77-5092-a407-ab8ee1286933,suitesparse_all,Meszaros/p6000,p6000,2095,7967,19826,64,row-major,N,N,1.0,0.0,20260922,main,pass,pass,0,0,2537728.0,0.01386,0.0280575990677,0.0419175990677,0.0287505990677,90.44708329735315,60.54087200703893,88.26696076921134,0.9324441577046715,0.6241327011034941,0.9099686677238282,cuSPARSE 12.8.6,CUDA,13040,13000,2026-10-07T22:59:16.871773+00:00,derived,csr-alg2,0,0,,,,5,20,4,true
3,A100-SXM4-80GB-suitesparse_all-fp64-n64-row-major-cuSPARSE-SpMM-CSR-solve-only,cuSPARSE-SpMM-CSR-best-solve-only,cuSPARSE CUDA 13.4.1 CSR PER MATRIX BEST,per-matrix-best,cuSPARSE-SpMM-CSR,best,solve-only,"csr-alg1,csr-alg2,csr-alg3,csr-default",manual-selection,csr,CUSPARSE_SPMM_CSR_ALG2,library-preprocess,spmm.csr.fp64,fp64,A100-SXM4-80GB,A100-SXM4-80GB,,9700.0,df7f742d-c1c4-51c9-b7da-d151d8293f2c,suitesparse_all,Meszaros/pcb1000,pcb1000,1565,2820,20463,64,row-major,N,N,1.0,0.0,20260922,main,pass,pass,0,0,2619264.0,0.01465,0.0181247994304,0.0327747994304,0.0188572994304,144.5127164059434,79.91701079856259,138.8992103385421,1.489821818617973,0.8238867092635318,1.4319506220468257,cuSPARSE 12.8.6,CUDA,13040,13000,2026-10-08T20:24:40.098842+00:00,derived,csr-alg2,0,0,,,,5,20,4,true
3,A100-SXM4-80GB-suitesparse_all-fp64-n64-row-major-cuSPARSE-SpMM-CSR-solve-only,cuSPARSE-SpMM-CSR-best-solve-only,cuSPARSE CUDA 13.4.1 CSR PER MATRIX BEST,per-matrix-best,cuSPARSE-SpMM-CSR,best,solve-only,"csr-alg1,csr-alg2,csr-alg3,csr-default",manual-selection,csr,CUSPARSE_SPMM_CSR_ALG3,library-preprocess,spmm.csr.fp64,fp64,A100-SXM4-80GB,A100-SXM4-80GB,,9700.0,0edb0287-e1df-52fd-b14b-f9e504b96222,suitesparse_all,Meszaros/pf2177,pf2177,9728,10178,30984,64,row-major,N,N,1.0,0.0,20260922,main,pass,pass,0,0,3965952.0,0.14263,0.0208895996213,0.163519599621,0.0280210996213,189.85294461824594,24.253679737426857,141.53448842476243,1.9572468517344943,0.2500379354373903,1.459118437368685,cuSPARSE 12.8.6,CUDA,13040,13000,2026-10-07T20:14:08.103512+00:00,derived,csr-alg3,0,0,,,,5,20,4,true
3,A100-SXM4-80GB-suitesparse_all-fp64-n64-row-major-cuSPARSE-SpMM-CSR-solve-only,cuSPARSE-SpMM-CSR-best-solve-only,cuSPARSE CUDA 13.4.1 CSR PER MATRIX BEST,per-matrix-best,cuSPARSE-SpMM-CSR,best,solve-only,"csr-alg1,csr-alg2,csr-alg3,csr-default",manual-selection,csr,CUSPARSE_SPMM_CSR_ALG3,library-preprocess,spmm.csr.fp64,fp64,A100-SXM4-80GB,A100-SXM4-80GB,,9700.0,1cb4d392-df77-5092-a407-ab8ee1286933,suitesparse_all,Meszaros/plddb,plddb,3069,5049,10839,64,row-major,N,N,1.0,0.0,20260922,main,pass,pass,0,0,1387392.0,0.05177,0.00819199979305,0.0599619997931,0.0107804997931,169.359379278433,23.137854054021247,128.69458991947596,1.7459729822518866,0.23853457787650767,1.3267483496853192,cuSPARSE 12.8.6,CUDA,13040,13000,2026-10-08T01:06:57.595032+00:00,derived,csr-alg3,0,0,,,,5,20,4,true
3,A100-SXM4-80GB-suitesparse_all-fp64-n64-row-major-cuSPARSE-SpMM-CSR-solve-only,cuSPARSE-SpMM-CSR-best-solve-only,cuSPARSE CUDA 13.4.1 CSR PER MATRIX BEST,per-matrix-best,cuSPARSE-SpMM-CSR,best,solve-only,"csr-alg1,csr-alg2,csr-alg3,csr-default",manual-selection,csr,CUSPARSE_SPMM_CSR_ALG2,library-preprocess,spmm.csr.fp64,fp64,A100-SXM4-80GB,A100-SXM4-80GB,,9700.0,0edb0287-e1df-52fd-b14b-f9e504b96222,suitesparse_all,Meszaros/pltexpa,pltexpa,26894,70364,143059,64,row-major,N,N,1.0,0.0,20260922,main,pass,pass,0,0,18311552.0,0.04281,0.0725503981113,0.115360398111,0.0746908981113,252.3976777068561,158.73343278843913,245.16443720777326,2.602037914503671,1.636427142148857,2.5274684248224046,cuSPARSE 12.8.6,CUDA,13040,13000,2026-10-07T17:57:16.094971+00:00,derived,csr-alg2,0,0,,,,5,20,4,true
3,A100-SXM4-80GB-suitesparse_all-fp64-n64-row-major-cuSPARSE-SpMM-CSR-solve-only,cuSPARSE-SpMM-CSR-best-solve-only,cuSPARSE CUDA 13.4.1 CSR PER MATRIX BEST,per-matrix-best,cuSPARSE-SpMM-CSR,best,solve-only,"csr-alg1,csr-alg2,csr-alg3,csr-default",manual-selection,csr,CUSPARSE_SPMM_CSR_ALG3,library-preprocess,spmm.csr.fp64,fp64,A100-SXM4-80GB,A100-SXM4-80GB,,9700.0,1cb4d392-df77-5092-a407-ab8ee1286933,suitesparse_all,Meszaros/r05,r05,5190,9690,104145,64,row-major,N,N,1.0,0.0,20260922,main,pass,pass,0,0,13330560.0,0.08692,0.0322048008442,0.119124800844,0.0365508008442,413.9308317567441,111.90415350584341,364.7132126276061,4.267328162440661,1.1536510670705507,3.7599300270887226,cuSPARSE 12.8.6,CUDA,13040,13000,2026-10-08T01:06:11.035565+00:00,derived,csr-alg3,0,0,,,,5,20,4,true
3,A100-SXM4-80GB-suitesparse_all-fp64-n64-row-major-cuSPARSE-SpMM-CSR-solve-only,cuSPARSE-SpMM-CSR-best-solve-only,cuSPARSE CUDA 13.4.1 CSR PER MATRIX BEST,per-matrix-best,cuSPARSE-SpMM-CSR,best,solve-only,"csr-alg1,csr-alg2,csr-alg3,csr-default",manual-selection,csr,CUSPARSE_SPMM_CSR_ALG3,library-preprocess,spmm.csr.fp64,fp64,A100-SXM4-80GB,A100-SXM4-80GB,,9700.0,df7f742d-c1c4-51c9-b7da-d151d8293f2c,suitesparse_all,Meszaros/rat,rat,3136,9408,268908,64,row-major,N,N,1.0,0.0,20260922,main,pass,pass,0,0,34420224.0,0.15982,0.0319487988949,0.191768798895,0.0399397988949,1077.3558064962033,179.48813466181352,861.802636777803,11.106760891713435,1.8503931408434384,8.884563265750547,cuSPARSE 12.8.6,CUDA,13040,13000,2026-10-08T22:59:57.650708+00:00,derived,csr-alg3,0,0,,,,5,20,4,true
3,A100-SXM4-80GB-suitesparse_all-fp64-n64-row-major-cuSPARSE-SpMM-CSR-solve-only,cuSPARSE-SpMM-CSR-best-solve-only,cuSPARSE CUDA 13.4.1 CSR PER MATRIX BEST,per-matrix-best,cuSPARSE-SpMM-CSR,best,solve-only,"csr-alg1,csr-alg2,csr-alg3,csr-default",manual-selection,csr,CUSPARSE_SPMM_CSR_ALG3,library-preprocess,spmm.csr.fp64,fp64,A100-SXM4-80GB,A100-SXM4-80GB,,9700.0,df7f742d-c1c4-51c9-b7da-d151d8293f2c,suitesparse_all,Meszaros/refine,refine,29,62,153,64,row-major,N,N,1.0,0.0,20260922,main,pass,pass,0,0,19584.0,0.05219,0.00716800019145,0.0593580001915,0.00977750019145,2.7321427841700983,0.32993025265033116,2.002965954132669,0.02816642045536184,0.003401342810828156,0.020649133547759473,cuSPARSE 12.8.6,CUDA,13040,13000,2026-10-08T22:59:43.562584+00:00,derived,csr-alg3,0,0,,,,5,20,4,true
3,A100-SXM4-80GB-suitesparse_all-fp64-n64-row-major-cuSPARSE-SpMM-CSR-solve-only,cuSPARSE-SpMM-CSR-best-solve-only,cuSPARSE CUDA 13.4.1 CSR PER MATRIX BEST,per-matrix-best,cuSPARSE-SpMM-CSR,best,solve-only,"csr-alg1,csr-alg2,csr-alg3,csr-default",manual-selection,csr,CUSPARSE_SPMM_CSR_ALG3,library-preprocess,spmm.csr.fp64,fp64,A100-SXM4-80GB,A100-SXM4-80GB,,9700.0,0edb0287-e1df-52fd-b14b-f9e504b96222,suitesparse_all,Meszaros/rlfdual,rlfdual,8052,74970,282031,64,row-major,N,N,1.0,0.0,20260922,main,pass,pass,0,0,36099968.0,0.33766,0.0606719970703,0.39833199707,0.0775549970703,595.0021384358149,90.62783875144244,465.47571869904215,6.134042664286752,0.9343076159942519,4.798718749474661,cuSPARSE 12.8.6,CUDA,13040,13000,2026-10-07T20:14:10.177063+00:00,derived,csr-alg3,0,0,,,,5,20,4,true
3,A100-SXM4-80GB-suitesparse_all-fp64-n64-row-major-cuSPARSE-SpMM-CSR-solve-only,cuSPARSE-SpMM-CSR-best-solve-only,cuSPARSE CUDA 13.4.1 CSR PER MATRIX BEST,per-matrix-best,cuSPARSE-SpMM-CSR,best,solve-only,"csr-alg1,csr-alg2,csr-alg3,csr-default",manual-selection,csr,CUSPARSE_SPMM_CSR_ALG2,library-preprocess,spmm.csr.fp64,fp64,A100-SXM4-80GB,A100-SXM4-80GB,,9700.0,df7f742d-c1c4-51c9-b7da-d151d8293f2c,suitesparse_all,Meszaros/rosen10,rosen10,2056,6152,64192,64,row-major,N,N,1.0,0.0,20260922,main,pass,pass,0,0,8216576.0,0.01448,0.0244576007128,0.0389376007128,0.0251816007128,335.95184157617786,211.01906254072185,326.292839510534,3.4634210471770914,2.1754542529971324,3.363843706294165,cuSPARSE 12.8.6,CUDA,13040,13000,2026-10-08T20:24:41.479211+00:00,derived,csr-alg2,0,0,,,,5,20,4,true
3,A100-SXM4-80GB-suitesparse_all-fp64-n64-row-major-cuSPARSE-SpMM-CSR-solve-only,cuSPARSE-SpMM-CSR-best-solve-only,cuSPARSE CUDA 13.4.1 CSR PER MATRIX BEST,per-matrix-best,cuSPARSE-SpMM-CSR,best,solve-only,"csr-alg1,csr-alg2,csr-alg3,csr-default",manual-selection,csr,CUSPARSE_SPMM_CSR_ALG3,library-preprocess,spmm.csr.fp64,fp64,A100-SXM4-80GB,A100-SXM4-80GB,,9700.0,1cb4d392-df77-5092-a407-ab8ee1286933,suitesparse_all,Meszaros/rosen8,rosen8,520,1544,16058,64,row-major,N,N,1.0,0.0,20260922,main,pass,pass,0,0,2055424.0,0.051531,0.00936959981918,0.0609005998192,0.0119461498192,219.37158893301432,33.7504721809323,172.0574437042885,2.2615627725053025,0.3479430121745598,1.7737880794256544,cuSPARSE 12.8.6,CUDA,13040,13000,2026-10-08T01:06:11.712874+00:00,derived,csr-alg3,0,0,,,,5,20,4,true
3,A100-SXM4-80GB-suitesparse_all-fp64-n64-row-major-cuSPARSE-SpMM-CSR-solve-only,cuSPARSE-SpMM-CSR-best-solve-only,cuSPARSE CUDA 13.4.1 CSR PER MATRIX BEST,per-matrix-best,cuSPARSE-SpMM-CSR,best,solve-only,"csr-alg1,csr-alg2,csr-alg3,csr-default",manual-selection,csr,CUSPARSE_SPMM_CSR_ALG2,library-preprocess,spmm.csr.fp64,fp64,A100-SXM4-80GB,A100-SXM4-80GB,,9700.0,1cb4d392-df77-5092-a407-ab8ee1286933,suitesparse_all,Meszaros/scfxm1-2b,scfxm1-2b,19036,33047,111052,64,row-major,N,N,1.0,0.0,20260922,main,pass,pass,0,0,14214656.0,0.04411,0.0500223994255,0.0941323994255,0.0522278994255,284.1658169790586,151.00705056658018,272.1659526107567,2.9295445049387485,1.5567737171812388,2.8058345629974912,cuSPARSE 12.8.6,CUDA,13040,13000,2026-10-07T23:00:08.833545+00:00,derived,csr-alg2,0,0,,,,5,20,4,true
3,A100-SXM4-80GB-suitesparse_all-fp64-n64-row-major-cuSPARSE-SpMM-CSR-solve-only,cuSPARSE-SpMM-CSR-best-solve-only,cuSPARSE CUDA 13.4.1 CSR PER MATRIX BEST,per-matrix-best,cuSPARSE-SpMM-CSR,best,solve-only,"csr-alg1,csr-alg2,csr-alg3,csr-default",manual-selection,csr,CUSPARSE_SPMM_CSR_ALG2,library-preprocess,spmm.csr.fp64,fp64,A100-SXM4-80GB,A100-SXM4-80GB,,9700.0,df7f742d-c1c4-51c9-b7da-d151d8293f2c,suitesparse_all,Meszaros/scfxm1-2r,scfxm1-2r,37980,65943,221388,64,row-major,N,N,1.0,0.0,20260922,main,pass,pass,0,0,28337664.0,0.051989,0.0767488002777,0.128737800278,0.0793482502777,369.22614943120806,220.1192185885331,357.13029462937016,3.806455148775341,2.2692702947271455,3.6817556147357746,cuSPARSE 12.8.6,CUDA,13040,13000,2026-10-08T20:24:55.082523+00:00,derived,csr-alg2,0,0,,,,5,20,4,true
3,A100-SXM4-80GB-suitesparse_all-fp64-n64-row-major-cuSPARSE-SpMM-CSR-solve-only,cuSPARSE-SpMM-CSR-best-solve-only,cuSPARSE CUDA 13.4.1 CSR PER MATRIX BEST,per-matrix-best,cuSPARSE-SpMM-CSR,best,solve-only,"csr-alg1,csr-alg2,csr-alg3,csr-default",manual-selection,csr,CUSPARSE_SPMM_CSR_ALG3,library-preprocess,spmm.csr.fp64,fp64,A100-SXM4-80GB,A100-SXM4-80GB,,9700.0,0edb0287-e1df-52fd-b14b-f9e504b96222,suitesparse_all,Meszaros/scrs8-2c,scrs8-2c,1820,3499,7367,64,row-major,N,N,1.0,0.0,20260922,main,pass,pass,0,0,942976.0,0.06376,0.00834560021758,0.0721056002176,0.0115336002176,112.99079460020404,13.077708210656185,81.7590329306751,1.164853552579423,0.13482173413047616,0.8428766281512897,cuSPARSE 12.8.6,CUDA,13040,13000,2026-10-07T20:14:22.219517+00:00,derived,csr-alg3,0,0,,,,5,20,4,true
3,A100-SXM4-80GB-suitesparse_all-fp64-n64-row-major-cuSPARSE-SpMM-CSR-solve-only,cuSPARSE-SpMM-CSR-best-solve-only,cuSPARSE CUDA 13.4.1 CSR PER MATRIX BEST,per-matrix-best,cuSPARSE-SpMM-CSR,best,solve-only,"csr-alg1,csr-alg2,csr-alg3,csr-default",manual-selection,csr,CUSPARSE_SPMM_CSR_ALG2,library-preprocess,spmm.csr.fp64,fp64,A100-SXM4-80GB,A100-SXM4-80GB,,9700.0,1cb4d392-df77-5092-a407-ab8ee1286933,suitesparse_all,Meszaros/sctap1-2b,sctap1-2b,15390,33858,99454,64,row-major,N,N,1.0,0.0,20260922,main,pass,pass,0,0,12730112.0,0.046371,0.043212801218,0.089583801218,0.045531351218,294.5912239241125,142.10283362526204,279.59003322895853,3.0370229270527065,1.4649776662398148,2.8823714765872013,cuSPARSE 12.8.6,CUDA,13040,13000,2026-10-07T23:00:09.966629+00:00,derived,csr-alg2,0,0,,,,5,20,4,true
3,A100-SXM4-80GB-suitesparse_all-fp64-n64-row-major-cuSPARSE-SpMM-CSR-solve-only,cuSPARSE-SpMM-CSR-best-solve-only,cuSPARSE CUDA 13.4.1 CSR PER MATRIX BEST,per-matrix-best,cuSPARSE-SpMM-CSR,best,solve-only,"csr-alg1,csr-alg2,csr-alg3,csr-default",manual-selection,csr,CUSPARSE_SPMM_CSR_ALG3,library-preprocess,spmm.csr.fp64,fp64,A100-SXM4-80GB,A100-SXM4-80GB,,9700.0,df7f742d-c1c4-51c9-b7da-d151d8293f2c,suitesparse_all,Meszaros/sctap1-2c,sctap1-2c,3390,7458,21854,64,row-major,N,N,1.0,0.0,20260922,main,pass,pass,0,0,2797312.0,0.10215,0.0114688001573,0.113618800157,0.0165763001573,243.9062466547108,24.62015085650118,168.7537009739835,2.5144973881928947,0.2538159882113524,1.7397288760204486,cuSPARSE 12.8.6,CUDA,13040,13000,2026-10-08T23:00:01.634566+00:00,derived,csr-alg3,0,0,,,,5,20,4,true
3,A100-SXM4-80GB-suitesparse_all-fp64-n64-row-major-cuSPARSE-SpMM-CSR-solve-only,cuSPARSE-SpMM-CSR-best-solve-only,cuSPARSE CUDA 13.4.1 CSR PER MATRIX BEST,per-matrix-best,cuSPARSE-SpMM-CSR,best,solve-only,"csr-alg1,csr-alg2,csr-alg3,csr-default",manual-selection,csr,CUSPARSE_SPMM_CSR_ALG3,library-preprocess,spmm.csr.fp64,fp64,A100-SXM4-80GB,A100-SXM4-80GB,,9700.0,0edb0287-e1df-52fd-b14b-f9e504b96222,suitesparse_all,Meszaros/seymourl,seymourl,4944,6316,38493,64,row-major,N,N,1.0,0.0,20260922,main,pass,pass,0,0,4927104.0,0.115911,0.0139264002442,0.129837400244,0.0197219502442,353.7959496785263,37.948264450309566,249.82843679209694,3.6473809245208897,0.391219221137212,2.575550894763886,cuSPARSE 12.8.6,CUDA,13040,13000,2026-10-07T20:14:10.948342+00:00,derived,csr-alg3,0,0,,,,5,20,4,true
3,A100-SXM4-80GB-suitesparse_all-fp64-n64-row-major-cuSPARSE-SpMM-CSR-solve-only,cuSPARSE-SpMM-CSR-best-solve-only,cuSPARSE CUDA 13.4.1 CSR PER MATRIX BEST,per-matrix-best,cuSPARSE-SpMM-CSR,best,solve-only,"csr-alg1,csr-alg2,csr-alg3,csr-default",manual-selection,csr,CUSPARSE_SPMM_CSR_ALG2,library-preprocess,spmm.csr.fp64,fp64,A100-SXM4-80GB,A100-SXM4-80GB,,9700.0,1cb4d392-df77-5092-a407-ab8ee1286933,suitesparse_all,Meszaros/stat96v3,stat96v3,33841,1113780,3317736,64,row-major,N,N,1.0,0.0,20260922,main,pass,pass,0,0,424670208.0,0.08431,0.788891220093,0.873201220093,0.793106720093,538.312757429265,486.3371674569701,535.4515316049813,5.549616055971804,5.013785231515156,5.52011888252558,cuSPARSE 12.8.6,CUDA,13040,13000,2026-10-07T22:59:29.755860+00:00,derived,csr-alg2,0,0,,,,5,20,4,true
3,A100-SXM4-80GB-suitesparse_all-fp64-n64-row-major-cuSPARSE-SpMM-CSR-solve-only,cuSPARSE-SpMM-CSR-best-solve-only,cuSPARSE CUDA 13.4.1 CSR PER MATRIX BEST,per-matrix-best,cuSPARSE-SpMM-CSR,best,solve-only,"csr-alg1,csr-alg2,csr-alg3,csr-default",manual-selection,csr,CUSPARSE_SPMM_CSR_ALG2,library-preprocess,spmm.csr.fp64,fp64,A100-SXM4-80GB,A100-SXM4-80GB,,9700.0,df7f742d-c1c4-51c9-b7da-d151d8293f2c,suitesparse_all,Meszaros/stat96v4,stat96v4,3173,63076,491336,64,row-major,N,N,1.0,0.0,20260922,main,pass,pass,0,0,62891008.0,0.06035,0.171724796295,0.232074796295,0.174742296295,366.23137343521284,270.9945629772593,359.9071852290838,3.775581169435184,2.793758381208859,3.710383352877152,cuSPARSE 12.8.6,CUDA,13040,13000,2026-10-08T20:24:43.856499+00:00,derived,csr-alg2,0,0,,,,5,20,4,true
3,A100-SXM4-80GB-suitesparse_all-fp64-n64-row-major-cuSPARSE-SpMM-CSR-solve-only,cuSPARSE-SpMM-CSR-best-solve-only,cuSPARSE CUDA 13.4.1 CSR PER MATRIX BEST,per-matrix-best,cuSPARSE-SpMM-CSR,best,solve-only,"csr-alg1,csr-alg2,csr-alg3,csr-default",manual-selection,csr,CUSPARSE_SPMM_CSR_ALG2,library-preprocess,spmm.csr.fp64,fp64,A100-SXM4-80GB,A100-SXM4-80GB,,9700.0,0edb0287-e1df-52fd-b14b-f9e504b96222,suitesparse_all,Meszaros/stormg2-125,stormg2-125,66185,172431,433256,64,row-major,N,N,1.0,0.0,20260922,main,pass,pass,0,0,55456768.0,0.04612,0.169830405712,0.215950405712,0.172136405712,326.5420450919967,256.80325914256133,322.16757269106836,3.3664128359999665,2.64745627982022,3.321315182382148,cuSPARSE 12.8.6,CUDA,13040,13000,2026-10-07T17:57:14.214942+00:00,derived,csr-alg2,0,0,,,,5,20,4,true
3,A100-SXM4-80GB-suitesparse_all-fp64-n64-row-major-cuSPARSE-SpMM-CSR-solve-only,cuSPARSE-SpMM-CSR-best-solve-only,cuSPARSE CUDA 13.4.1 CSR PER MATRIX BEST,per-matrix-best,cuSPARSE-SpMM-CSR,best,solve-only,"csr-alg1,csr-alg2,csr-alg3,csr-default",manual-selection,csr,CUSPARSE_SPMM_CSR_ALG3,library-preprocess,spmm.csr.fp64,fp64,A100-SXM4-80GB,A100-SXM4-80GB,,9700.0,0edb0287-e1df-52fd-b14b-f9e504b96222,suitesparse_all,Meszaros/t0331-4l,t0331-4l,664,46915,430982,64,row-major,N,N,1.0,0.0,20260922,main,pass,pass,0,0,55165696.0,8.477723,0.0987648010254,8.57648780103,0.522650951025,558.5562409609136,6.432201301956592,105.54978593612327,5.758311762483645,0.06631135362841849,1.0881421230528172,cuSPARSE 12.8.6,CUDA,13040,13000,2026-10-07T20:14:12.849087+00:00,derived,csr-alg3,0,0,,,,5,20,4,true
3,A100-SXM4-80GB-suitesparse_all-fp64-n64-row-major-cuSPARSE-SpMM-CSR-solve-only,cuSPARSE-SpMM-CSR-best-solve-only,cuSPARSE CUDA 13.4.1 CSR PER MATRIX BEST,per-matrix-best,cuSPARSE-SpMM-CSR,best,solve-only,"csr-alg1,csr-alg2,csr-alg3,csr-default",manual-selection,csr,CUSPARSE_SPMM_CSR_ALG2,library-preprocess,spmm.csr.fp64,fp64,A100-SXM4-80GB,A100-SXM4-80GB,,9700.0,1cb4d392-df77-5092-a407-ab8ee1286933,suitesparse_all,Meszaros/tp-6,tp-6,142752,1014301,11537419,64,row-major,N,N,1.0,0.0,20260922,main,pass,pass,0,0,1476789632.0,3.619392,2.98261928558,6.60201128558,3.16358888558,495.13179209287637,223.6878381631335,466.808326053798,5.104451464875014,2.306060187248799,4.812456969626783,cuSPARSE 12.8.6,CUDA,13040,13000,2026-10-07T23:00:07.103028+00:00,derived,csr-alg2,0,0,,,,5,20,4,true
3,A100-SXM4-80GB-suitesparse_all-fp64-n64-row-major-cuSPARSE-SpMM-CSR-solve-only,cuSPARSE-SpMM-CSR-best-solve-only,cuSPARSE CUDA 13.4.1 CSR PER MATRIX BEST,per-matrix-best,cuSPARSE-SpMM-CSR,best,solve-only,"csr-alg1,csr-alg2,csr-alg3,csr-default",manual-selection,csr,CUSPARSE_SPMM_CSR_ALG2,library-preprocess,spmm.csr.fp64,fp64,A100-SXM4-80GB,A100-SXM4-80GB,,9700.0,df7f742d-c1c4-51c9-b7da-d151d8293f2c,suitesparse_all,Meszaros/ts-palko,ts-palko,22002,47235,1076903,64,row-major,N,N,1.0,0.0,20260922,main,pass,pass,0,0,137843584.0,0.06494,0.260403203964,0.325343203964,0.263650203964,529.3467280804136,423.6866863069705,522.8275265010672,5.457182763715605,4.367903982546087,5.389974500011001,cuSPARSE 12.8.6,CUDA,13040,13000,2026-10-08T20:24:51.887039+00:00,derived,csr-alg2,0,0,,,,5,20,4,true
3,A100-SXM4-80GB-suitesparse_all-fp64-n64-row-major-cuSPARSE-SpMM-CSR-solve-only,cuSPARSE-SpMM-CSR-best-solve-only,cuSPARSE CUDA 13.4.1 CSR PER MATRIX BEST,per-matrix-best,cuSPARSE-SpMM-CSR,best,solve-only,"csr-alg1,csr-alg2,csr-alg3,csr-default",manual-selection,csr,CUSPARSE_SPMM_CSR_ALG3,library-preprocess,spmm.csr.fp64,fp64,A100-SXM4-80GB,A100-SXM4-80GB,,9700.0,1cb4d392-df77-5092-a407-ab8ee1286933,suitesparse_all,Meszaros/zed,zed,116,142,666,64,row-major,N,N,1.0,0.0,20260922,main,pass,pass,0,0,85248.0,0.054751,0.00522239990532,0.0599733999053,0.00795994990532,16.323529707703695,1.4214301696186882,10.709615137530557,0.16828381141962573,0.014653919274419466,0.11040840347969645,cuSPARSE 12.8.6,CUDA,13040,13000,2026-10-08T01:06:22.587861+00:00,derived,csr-alg3,0,0,,,,5,20,4,true
3,A100-SXM4-80GB-suitesparse_all-fp64-n64-row-major-cuSPARSE-SpMM-CSR-solve-only,cuSPARSE-SpMM-CSR-best-solve-only,cuSPARSE CUDA 13.4.1 CSR PER MATRIX BEST,per-matrix-best,cuSPARSE-SpMM-CSR,best,solve-only,"csr-alg1,csr-alg2,csr-alg3,csr-default",manual-selection,csr,CUSPARSE_SPMM_CSR_ALG2,library-preprocess,spmm.csr.fp64,fp64,A100-SXM4-80GB,A100-SXM4-80GB,,9700.0,df7f742d-c1c4-51c9-b7da-d151d8293f2c,suitesparse_all,Mittelmann/cont11_l,cont11_l,1468599,1961394,5382999,64,row-major,N,N,1.0,0.0,20260922,main,pass,pass,0,0,689023872.0,0.45368,2.27444801331,2.72812801331,2.29713201331,302.9411391106121,252.5628814477869,299.9496189194485,3.1231045269135267,2.6037410458534733,3.092264112571634,cuSPARSE 12.8.6,CUDA,13040,13000,2026-10-08T20:24:25.853402+00:00,derived,csr-alg2,0,0,,,,5,20,4,true
3,A100-SXM4-80GB-suitesparse_all-fp64-n64-row-major-cuSPARSE-SpMM-CSR-solve-only,cuSPARSE-SpMM-CSR-best-solve-only,cuSPARSE CUDA 13.4.1 CSR PER MATRIX BEST,per-matrix-best,cuSPARSE-SpMM-CSR,best,solve-only,"csr-alg1,csr-alg2,csr-alg3,csr-default",manual-selection,csr,CUSPARSE_SPMM_CSR_ALG2,library-preprocess,spmm.csr.fp64,fp64,A100-SXM4-80GB,A100-SXM4-80GB,,9700.0,0edb0287-e1df-52fd-b14b-f9e504b96222,suitesparse_all,Mittelmann/fome11,fome11,12142,24460,71264,64,row-major,N,N,1.0,0.0,20260922,main,pass,pass,0,0,9121792.0,0.04557,0.0249855995178,0.0705555995178,0.0272640995178,365.0819742588742,129.28516038898832,334.5715487153583,3.7637316933904557,1.3328367050411167,3.449191223869673,cuSPARSE 12.8.6,CUDA,13040,13000,2026-10-07T17:56:43.020380+00:00,derived,csr-alg2,0,0,,,,5,20,4,true
3,A100-SXM4-80GB-suitesparse_all-fp64-n64-row-major-cuSPARSE-SpMM-CSR-solve-only,cuSPARSE-SpMM-CSR-best-solve-only,cuSPARSE CUDA 13.4.1 CSR PER MATRIX BEST,per-matrix-best,cuSPARSE-SpMM-CSR,best,solve-only,"csr-alg1,csr-alg2,csr-alg3,csr-default",manual-selection,csr,CUSPARSE_SPMM_CSR_ALG2,library-preprocess,spmm.csr.fp64,fp64,A100-SXM4-80GB,A100-SXM4-80GB,,9700.0,1cb4d392-df77-5092-a407-ab8ee1286933,suitesparse_all,Mittelmann/neos,neos,479119,515905,1526794,64,row-major,N,N,1.0,0.0,20260922,main,pass,pass,0,0,195429632.0,2.207431,0.568064022064,2.77549502206,0.678435572064,344.0274764980315,70.41253197959267,288.05923516870695,3.5466750154436233,0.7259023915421925,2.9696828367907933,cuSPARSE 12.8.6,CUDA,13040,13000,2026-10-07T22:59:06.677762+00:00,derived,csr-alg2,0,0,,,,5,20,4,true
3,A100-SXM4-80GB-suitesparse_all-fp64-n64-row-major-cuSPARSE-SpMM-CSR-solve-only,cuSPARSE-SpMM-CSR-best-solve-only,cuSPARSE CUDA 13.4.1 CSR PER MATRIX BEST,per-matrix-best,cuSPARSE-SpMM-CSR,best,solve-only,"csr-alg1,csr-alg2,csr-alg3,csr-default",manual-selection,csr,CUSPARSE_SPMM_CSR_ALG2,library-preprocess,spmm.csr.fp64,fp64,A100-SXM4-80GB,A100-SXM4-80GB,,9700.0,df7f742d-c1c4-51c9-b7da-d151d8293f2c,suitesparse_all,Mittelmann/neos1,neos1,131581,133473,599590,64,row-major,N,N,1.0,0.0,20260922,main,pass,pass,0,0,76747520.0,0.04989,0.190412795544,0.240302795544,0.192907295544,403.0586273403324,319.37839019416384,397.8466432986447,4.155243580828169,3.2925607236511736,4.101511786583966,cuSPARSE 12.8.6,CUDA,13040,13000,2026-10-08T20:24:30.021852+00:00,derived,csr-alg2,0,0,,,,5,20,4,true
3,A100-SXM4-80GB-suitesparse_all-fp64-n64-row-major-cuSPARSE-SpMM-CSR-solve-only,cuSPARSE-SpMM-CSR-best-solve-only,cuSPARSE CUDA 13.4.1 CSR PER MATRIX BEST,per-matrix-best,cuSPARSE-SpMM-CSR,best,solve-only,"csr-alg1,csr-alg2,csr-alg3,csr-default",manual-selection,csr,CUSPARSE_SPMM_CSR_ALG2,library-preprocess,spmm.csr.fp64,fp64,A100-SXM4-80GB,A100-SXM4-80GB,,9700.0,0edb0287-e1df-52fd-b14b-f9e504b96222,suitesparse_all,Mittelmann/neos3,neos3,512209,518832,2055024,64,row-major,N,N,1.0,0.0,20260922,main,pass,pass,0,0,263043072.0,0.45055,0.642611217499,1.0931612175,0.665138717499,409.33470321876126,240.62605568972262,395.47099737190604,4.219945394007848,2.480680986491986,4.077020591462949,cuSPARSE 12.8.6,CUDA,13040,13000,2026-10-07T17:56:54.793168+00:00,derived,csr-alg2,0,0,,,,5,20,4,true
3,A100-SXM4-80GB-suitesparse_all-fp64-n64-row-major-cuSPARSE-SpMM-CSR-solve-only,cuSPARSE-SpMM-CSR-best-solve-only,cuSPARSE CUDA 13.4.1 CSR PER MATRIX BEST,per-matrix-best,cuSPARSE-SpMM-CSR,best,solve-only,"csr-alg1,csr-alg2,csr-alg3,csr-default",manual-selection,csr,CUSPARSE_SPMM_CSR_ALG2,library-preprocess,spmm.csr.fp64,fp64,A100-SXM4-80GB,A100-SXM4-80GB,,9700.0,1cb4d392-df77-5092-a407-ab8ee1286933,suitesparse_all,Mittelmann/pds-30,pds-30,49944,158489,340635,64,row-major,N,N,1.0,0.0,20260922,main,pass,pass,0,0,43601280.0,0.04683,0.154163205624,0.200993205624,0.156504705624,282.82546294699125,216.9291238708106,278.59405138112174,2.9157264221339303,2.236382720317635,2.872103622485791,cuSPARSE 12.8.6,CUDA,13040,13000,2026-10-07T22:58:42.827002+00:00,derived,csr-alg2,0,0,,,,5,20,4,true
3,A100-SXM4-80GB-suitesparse_all-fp64-n64-row-major-cuSPARSE-SpMM-CSR-solve-only,cuSPARSE-SpMM-CSR-best-solve-only,cuSPARSE CUDA 13.4.1 CSR PER MATRIX BEST,per-matrix-best,cuSPARSE-SpMM-CSR,best,solve-only,"csr-alg1,csr-alg2,csr-alg3,csr-default",manual-selection,csr,CUSPARSE_SPMM_CSR_ALG2,library-preprocess,spmm.csr.fp64,fp64,A100-SXM4-80GB,A100-SXM4-80GB,,9700.0,df7f742d-c1c4-51c9-b7da-d151d8293f2c,suitesparse_all,Mittelmann/pds-40,pds-40,66844,217531,466800,64,row-major,N,N,1.0,0.0,20260922,main,pass,pass,0,0,59750400.0,0.06088,0.192921602726,0.253801602726,0.195965602726,309.71337141989983,235.42168118026242,304.902488849246,3.1929213548443283,2.427027641033633,3.1433246273118143,cuSPARSE 12.8.6,CUDA,13040,13000,2026-10-08T20:23:48.245187+00:00,derived,csr-alg2,0,0,,,,5,20,4,true
3,A100-SXM4-80GB-suitesparse_all-fp64-n64-row-major-cuSPARSE-SpMM-CSR-solve-only,cuSPARSE-SpMM-CSR-best-solve-only,cuSPARSE CUDA 13.4.1 CSR PER MATRIX BEST,per-matrix-best,cuSPARSE-SpMM-CSR,best,solve-only,"csr-alg1,csr-alg2,csr-alg3,csr-default",manual-selection,csr,CUSPARSE_SPMM_CSR_ALG2,library-preprocess,spmm.csr.fp64,fp64,A100-SXM4-80GB,A100-SXM4-80GB,,9700.0,0edb0287-e1df-52fd-b14b-f9e504b96222,suitesparse_all,Mittelmann/pds-60,pds-60,99431,336421,719557,64,row-major,N,N,1.0,0.0,20260922,main,pass,pass,0,0,92103296.0,0.05134,0.277708792686,0.329048792686,0.280275792686,331.65423071115873,279.9077159595933,328.616664027013,3.4191157805274095,2.8856465562844673,3.3878006600722985,cuSPARSE 12.8.6,CUDA,13040,13000,2026-10-07T17:56:22.185227+00:00,derived,csr-alg2,0,0,,,,5,20,4,true
3,A100-SXM4-80GB-suitesparse_all-fp64-n64-row-major-cuSPARSE-SpMM-CSR-solve-only,cuSPARSE-SpMM-CSR-best-solve-only,cuSPARSE CUDA 13.4.1 CSR PER MATRIX BEST,per-matrix-best,cuSPARSE-SpMM-CSR,best,solve-only,"csr-alg1,csr-alg2,csr-alg3,csr-default",manual-selection,csr,CUSPARSE_SPMM_CSR_ALG2,library-preprocess,spmm.csr.fp64,fp64,A100-SXM4-80GB,A100-SXM4-80GB,,9700.0,0edb0287-e1df-52fd-b14b-f9e504b96222,suitesparse_all,Mittelmann/rail2586,rail2586,2586,923269,8011362,64,row-major,N,N,1.0,0.0,20260922,main,pass,pass,0,0,1025454336.0,0.45241,3.10568962097,3.55809962097,3.12831012097,330.1857111142098,288.2028175817189,327.7981710080699,3.4039764032392763,2.971163067852772,3.379362587712061,cuSPARSE 12.8.6,CUDA,13040,13000,2026-10-07T17:56:42.099656+00:00,derived,csr-alg2,0,0,,,,5,20,4,true
3,A100-SXM4-80GB-suitesparse_all-fp64-n64-row-major-cuSPARSE-SpMM-CSR-solve-only,cuSPARSE-SpMM-CSR-best-solve-only,cuSPARSE CUDA 13.4.1 CSR PER MATRIX BEST,per-matrix-best,cuSPARSE-SpMM-CSR,best,solve-only,"csr-alg1,csr-alg2,csr-alg3,csr-default",manual-selection,csr,CUSPARSE_SPMM_CSR_ALG3,library-preprocess,spmm.csr.fp64,fp64,A100-SXM4-80GB,A100-SXM4-80GB,,9700.0,1cb4d392-df77-5092-a407-ab8ee1286933,suitesparse_all,Mittelmann/rail507,rail507,507,63516,409856,64,row-major,N,N,1.0,0.0,20260922,main,pass,pass,0,0,52461568.0,0.40352,0.0971776008606,0.500697600861,0.117353600861,539.8524715099257,104.77695101751445,447.03841735660365,5.565489397009544,1.0801747527578809,4.60864347790313,cuSPARSE 12.8.6,CUDA,13040,13000,2026-10-08T01:05:40.814593+00:00,derived,csr-alg3,0,0,,,,5,20,4,true
3,A100-SXM4-80GB-suitesparse_all-fp64-n64-row-major-cuSPARSE-SpMM-CSR-solve-only,cuSPARSE-SpMM-CSR-best-solve-only,cuSPARSE CUDA 13.4.1 CSR PER MATRIX BEST,per-matrix-best,cuSPARSE-SpMM-CSR,best,solve-only,"csr-alg1,csr-alg2,csr-alg3,csr-default",manual-selection,csr,CUSPARSE_SPMM_CSR_ALG3,library-preprocess,spmm.csr.fp64,fp64,A100-SXM4-80GB,A100-SXM4-80GB,,9700.0,df7f742d-c1c4-51c9-b7da-d151d8293f2c,suitesparse_all,Mittelmann/rail516,rail516,516,47827,315412,64,row-major,N,N,1.0,0.0,20260922,main,pass,pass,0,0,40372736.0,0.20526,0.07691360116,0.28217360116,0.08717660116,524.9102290245696,143.07765090011938,463.1143616840682,5.411445660047109,1.4750273288672102,4.774374862722352,cuSPARSE 12.8.6,CUDA,13040,13000,2026-10-08T22:58:48.485157+00:00,derived,csr-alg3,0,0,,,,5,20,4,true
3,A100-SXM4-80GB-suitesparse_all-fp64-n64-row-major-cuSPARSE-SpMM-CSR-solve-only,cuSPARSE-SpMM-CSR-best-solve-only,cuSPARSE CUDA 13.4.1 CSR PER MATRIX BEST,per-matrix-best,cuSPARSE-SpMM-CSR,best,solve-only,"csr-alg1,csr-alg2,csr-alg3,csr-default",manual-selection,csr,CUSPARSE_SPMM_CSR_ALG2,library-preprocess,spmm.csr.fp64,fp64,A100-SXM4-80GB,A100-SXM4-80GB,,9700.0,1cb4d392-df77-5092-a407-ab8ee1286933,suitesparse_all,Mittelmann/watson_2,watson_2,352013,677224,1846391,64,row-major,N,N,1.0,0.0,20260922,main,pass,pass,0,0,236338048.0,0.08526,0.640000009537,0.725260009537,0.644263009537,369.27819449717794,325.8666476742269,366.8347313154677,3.806991695847195,3.3594499760229573,3.781801353767708,cuSPARSE 12.8.6,CUDA,13040,13000,2026-10-07T22:58:55.696415+00:00,derived,csr-alg2,0,0,,,,5,20,4,true
3,A100-SXM4-80GB-suitesparse_all-fp64-n64-row-major-cuSPARSE-SpMM-CSR-solve-only,cuSPARSE-SpMM-CSR-best-solve-only,cuSPARSE CUDA 13.4.1 CSR PER MATRIX BEST,per-matrix-best,cuSPARSE-SpMM-CSR,best,solve-only,"csr-alg1,csr-alg2,csr-alg3,csr-default",manual-selection,csr,CUSPARSE_SPMM_CSR_ALG3,library-preprocess,spmm.csr.fp64,fp64,A100-SXM4-80GB,A100-SXM4-80GB,,9700.0,0edb0287-e1df-52fd-b14b-f9e504b96222,suitesparse_all,ML_Graph/Binaryalphadigs_10NN,Binaryalphadigs_10NN,1404,1404,19392,64,row-major,N,N,1.0,0.0,20260922,main,pass,pass,0,0,2482176.0,0.08302,0.00926719978452,0.0922871997845,0.0134181997845,267.8453100953154,26.89621102163825,184.9857685728662,2.7612918566527362,0.2772805259962706,1.9070697791017135,cuSPARSE 12.8.6,CUDA,13040,13000,2026-10-07T22:08:51.796595+00:00,derived,csr-alg3,0,0,,,,5,20,4,true
3,A100-SXM4-80GB-suitesparse_all-fp64-n64-row-major-cuSPARSE-SpMM-CSR-solve-only,cuSPARSE-SpMM-CSR-best-solve-only,cuSPARSE CUDA 13.4.1 CSR PER MATRIX BEST,per-matrix-best,cuSPARSE-SpMM-CSR,best,solve-only,"csr-alg1,csr-alg2,csr-alg3,csr-default",manual-selection,csr,CUSPARSE_SPMM_CSR_ALG3,library-preprocess,spmm.csr.fp64,fp64,A100-SXM4-80GB,A100-SXM4-80GB,,9700.0,1cb4d392-df77-5092-a407-ab8ee1286933,suitesparse_all,ML_Graph/dataset16mfeatkarhunen_10NN,dataset16mfeatkarhunen_10NN,2000,2000,27668,64,row-major,N,N,1.0,0.0,20260922,main,pass,pass,0,0,3541504.0,0.06127,0.0115199998021,0.0727899998021,0.0145834998021,307.4222275033731,48.653716302082294,242.84321651583448,3.1693013144677638,0.5015847041451783,2.5035383145962316,cuSPARSE 12.8.6,CUDA,13040,13000,2026-10-08T03:02:54.247429+00:00,derived,csr-alg3,0,0,,,,5,20,4,true
3,A100-SXM4-80GB-suitesparse_all-fp64-n64-row-major-cuSPARSE-SpMM-CSR-solve-only,cuSPARSE-SpMM-CSR-best-solve-only,cuSPARSE CUDA 13.4.1 CSR PER MATRIX BEST,per-matrix-best,cuSPARSE-SpMM-CSR,best,solve-only,"csr-alg1,csr-alg2,csr-alg3,csr-default",manual-selection,csr,CUSPARSE_SPMM_CSR_ALG3,library-preprocess,spmm.csr.fp64,fp64,A100-SXM4-80GB,A100-SXM4-80GB,,9700.0,df7f742d-c1c4-51c9-b7da-d151d8293f2c,suitesparse_all,ML_Graph/dataset18mfeatmorphological_10NN,dataset18mfeatmorphological_10NN,2000,2000,22832,64,row-major,N,N,1.0,0.0,20260922,main,pass,pass,0,0,2922496.0,0.0737,0.0108032003045,0.0845032003045,0.0144882003045,270.5213193892789,34.5844416479972,201.7155988029983,2.7888795813327723,0.3565406355463629,2.0795422557010133,cuSPARSE 12.8.6,CUDA,13040,13000,2026-10-09T01:24:22.139584+00:00,derived,csr-alg3,0,0,,,,5,20,4,true
3,A100-SXM4-80GB-suitesparse_all-fp64-n64-row-major-cuSPARSE-SpMM-CSR-solve-only,cuSPARSE-SpMM-CSR-best-solve-only,cuSPARSE CUDA 13.4.1 CSR PER MATRIX BEST,per-matrix-best,cuSPARSE-SpMM-CSR,best,solve-only,"csr-alg1,csr-alg2,csr-alg3,csr-default",manual-selection,csr,CUSPARSE_SPMM_CSR_ALG3,library-preprocess,spmm.csr.fp64,fp64,A100-SXM4-80GB,A100-SXM4-80GB,,9700.0,0edb0287-e1df-52fd-b14b-f9e504b96222,suitesparse_all,ML_Graph/dataset22mfeatzernike_10NN,dataset22mfeatzernike_10NN,2000,2000,27414,64,row-major,N,N,1.0,0.0,20260922,main,pass,pass,0,0,3508992.0,0.087389,0.0110592000186,0.0984482000186,0.0154286500186,317.29166613302726,35.643028509785246,227.43350816628393,3.2710481044641986,0.3674539021627345,2.344675341920453,cuSPARSE 12.8.6,CUDA,13040,13000,2026-10-07T22:08:52.499106+00:00,derived,csr-alg3,0,0,,,,5,20,4,true
3,A100-SXM4-80GB-suitesparse_all-fp64-n64-row-major-cuSPARSE-SpMM-CSR-solve-only,cuSPARSE-SpMM-CSR-best-solve-only,cuSPARSE CUDA 13.4.1 CSR PER MATRIX BEST,per-matrix-best,cuSPARSE-SpMM-CSR,best,solve-only,"csr-alg1,csr-alg2,csr-alg3,csr-default",manual-selection,csr,CUSPARSE_SPMM_CSR_ALG3,library-preprocess,spmm.csr.fp64,fp64,A100-SXM4-80GB,A100-SXM4-80GB,,9700.0,1cb4d392-df77-5092-a407-ab8ee1286933,suitesparse_all,ML_Graph/har_10NN,har_10NN,10299,10299,151736,64,row-major,N,N,1.0,0.0,20260922,main,pass,pass,0,0,19422208.0,0.12589,0.0315903991461,0.157480399146,0.0378848991461,614.8136308811969,123.3309548700958,512.6635793617888,6.338284854445329,1.2714531429906784,5.285191539812256,cuSPARSE 12.8.6,CUDA,13040,13000,2026-10-08T03:02:55.370299+00:00,derived,csr-alg3,0,0,,,,5,20,4,true
3,A100-SXM4-80GB-suitesparse_all-fp64-n64-row-major-cuSPARSE-SpMM-CSR-solve-only,cuSPARSE-SpMM-CSR-best-solve-only,cuSPARSE CUDA 13.4.1 CSR PER MATRIX BEST,per-matrix-best,cuSPARSE-SpMM-CSR,best,solve-only,"csr-alg1,csr-alg2,csr-alg3,csr-default",manual-selection,csr,CUSPARSE_SPMM_CSR_ALG3,library-preprocess,spmm.csr.fp64,fp64,A100-SXM4-80GB,A100-SXM4-80GB,,9700.0,df7f742d-c1c4-51c9-b7da-d151d8293f2c,suitesparse_all,ML_Graph/indianpines_10NN,indianpines_10NN,9144,9144,124656,64,row-major,N,N,1.0,0.0,20260922,main,pass,pass,0,0,15955968.0,0.13221,0.0282624006271,0.160472400627,0.0348729006271,564.5652048644546,99.43122890700594,457.5463386489993,5.820259843963449,1.0250642155361438,4.716972563391746,cuSPARSE 12.8.6,CUDA,13040,13000,2026-10-09T01:24:23.414976+00:00,derived,csr-alg3,0,0,,,,5,20,4,true
3,A100-SXM4-80GB-suitesparse_all-fp64-n64-row-major-cuSPARSE-SpMM-CSR-solve-only,cuSPARSE-SpMM-CSR-best-solve-only,cuSPARSE CUDA 13.4.1 CSR PER MATRIX BEST,per-matrix-best,cuSPARSE-SpMM-CSR,best,solve-only,"csr-alg1,csr-alg2,csr-alg3,csr-default",manual-selection,csr,CUSPARSE_SPMM_CSR_ALG3,library-preprocess,spmm.csr.fp64,fp64,A100-SXM4-80GB,A100-SXM4-80GB,,9700.0,0edb0287-e1df-52fd-b14b-f9e504b96222,suitesparse_all,ML_Graph/JapaneseVowelsSmall_10NN,JapaneseVowelsSmall_10NN,9961,9961,131144,64,row-major,N,N,1.0,0.0,20260922,main,pass,pass,0,0,16786432.0,0.11896,0.0290607988834,0.148020798883,0.0350087988834,577.6314707435205,113.4059005671797,479.4918002159613,5.954963615912582,1.169132995537935,4.943214435216095,cuSPARSE 12.8.6,CUDA,13040,13000,2026-10-07T22:08:53.689509+00:00,derived,csr-alg3,0,0,,,,5,20,4,true
3,A100-SXM4-80GB-suitesparse_all-fp64-n64-row-major-cuSPARSE-SpMM-CSR-solve-only,cuSPARSE-SpMM-CSR-best-solve-only,cuSPARSE CUDA 13.4.1 CSR PER MATRIX BEST,per-matrix-best,cuSPARSE-SpMM-CSR,best,solve-only,"csr-alg1,csr-alg2,csr-alg3,csr-default",manual-selection,csr,CUSPARSE_SPMM_CSR_ALG3,library-preprocess,spmm.csr.fp64,fp64,A100-SXM4-80GB,A100-SXM4-80GB,,9700.0,1cb4d392-df77-5092-a407-ab8ee1286933,suitesparse_all,ML_Graph/mnist_test_norm_10NN,mnist_test_norm_10NN,10000,10000,145600,64,row-major,N,N,1.0,0.0,20260922,main,pass,pass,0,0,18636800.0,0.12471,0.0322048008442,0.156914800844,0.0384403008442,578.696328232579,118.77018547490717,484.8245094526096,5.965941528170918,1.2244349018031666,4.998190819099068,cuSPARSE 12.8.6,CUDA,13040,13000,2026-10-08T03:02:56.385887+00:00,derived,csr-alg3,0,0,,,,5,20,4,true
3,A100-SXM4-80GB-suitesparse_all-fp64-n64-row-major-cuSPARSE-SpMM-CSR-solve-only,cuSPARSE-SpMM-CSR-best-solve-only,cuSPARSE CUDA 13.4.1 CSR PER MATRIX BEST,per-matrix-best,cuSPARSE-SpMM-CSR,best,solve-only,"csr-alg1,csr-alg2,csr-alg3,csr-default",manual-selection,csr,CUSPARSE_SPMM_CSR_ALG3,library-preprocess,spmm.csr.fp64,fp64,A100-SXM4-80GB,A100-SXM4-80GB,,9700.0,df7f742d-c1c4-51c9-b7da-d151d8293f2c,suitesparse_all,ML_Graph/Olivetti_norm_10NN,Olivetti_norm_10NN,400,400,5656,64,row-major,N,N,1.0,0.0,20260922,main,pass,pass,0,0,723968.0,0.05825,0.00988159999251,0.0681315999925,0.0127940999925,73.26424876019564,10.626023755198691,56.58608268064152,0.7553015336102644,0.1095466366515329,0.5833616771200156,cuSPARSE 12.8.6,CUDA,13040,13000,2026-10-09T01:24:24.633657+00:00,derived,csr-alg3,0,0,,,,5,20,4,true
3,A100-SXM4-80GB-suitesparse_all-fp64-n64-row-major-cuSPARSE-SpMM-CSR-solve-only,cuSPARSE-SpMM-CSR-best-solve-only,cuSPARSE CUDA 13.4.1 CSR PER MATRIX BEST,per-matrix-best,cuSPARSE-SpMM-CSR,best,solve-only,"csr-alg1,csr-alg2,csr-alg3,csr-default",manual-selection,csr,CUSPARSE_SPMM_CSR_ALG3,library-preprocess,spmm.csr.fp64,fp64,A100-SXM4-80GB,A100-SXM4-80GB,,9700.0,0edb0287-e1df-52fd-b14b-f9e504b96222,suitesparse_all,ML_Graph/Plants_10NN,Plants_10NN,1600,1600,21930,64,row-major,N,N,1.0,0.0,20260922,main,pass,pass,0,0,2807040.0,0.10729,0.00983040034771,0.117120400348,0.0151949003477,285.54686489995316,23.967131188584037,184.7356636613212,2.943782112370651,0.2470838266864334,1.9044913779517652,cuSPARSE 12.8.6,CUDA,13040,13000,2026-10-07T22:08:54.614696+00:00,derived,csr-alg3,0,0,,,,5,20,4,true
3,A100-SXM4-80GB-suitesparse_all-fp64-n64-row-major-cuSPARSE-SpMM-CSR-solve-only,cuSPARSE-SpMM-CSR-best-solve-only,cuSPARSE CUDA 13.4.1 CSR PER MATRIX BEST,per-matrix-best,cuSPARSE-SpMM-CSR,best,solve-only,"csr-alg1,csr-alg2,csr-alg3,csr-default",manual-selection,csr,CUSPARSE_SPMM_CSR_ALG3,library-preprocess,spmm.csr.fp64,fp64,A100-SXM4-80GB,A100-SXM4-80GB,,9700.0,1cb4d392-df77-5092-a407-ab8ee1286933,suitesparse_all,ML_Graph/umistfacesnorm_10NN,umistfacesnorm_10NN,575,575,6990,64,row-major,N,N,1.0,0.0,20260922,main,pass,pass,0,0,894720.0,0.05774,0.00752639994025,0.0652663999403,0.0104133999403,118.87755196414405,13.70873835263492,85.92006502481686,1.2255417728262272,0.1413271995117002,0.8857738662352254,cuSPARSE 12.8.6,CUDA,13040,13000,2026-10-08T03:02:57.018877+00:00,derived,csr-alg3,0,0,,,,5,20,4,true
3,A100-SXM4-80GB-suitesparse_all-fp64-n64-row-major-cuSPARSE-SpMM-CSR-solve-only,cuSPARSE-SpMM-CSR-best-solve-only,cuSPARSE CUDA 13.4.1 CSR PER MATRIX BEST,per-matrix-best,cuSPARSE-SpMM-CSR,best,solve-only,"csr-alg1,csr-alg2,csr-alg3,csr-default",manual-selection,csr,CUSPARSE_SPMM_CSR_ALG3,library-preprocess,spmm.csr.fp64,fp64,A100-SXM4-80GB,A100-SXM4-80GB,,9700.0,df7f742d-c1c4-51c9-b7da-d151d8293f2c,suitesparse_all,ML_Graph/usps_norm_5NN,usps_norm_5NN,11000,11000,81112,64,row-major,N,N,1.0,0.0,20260922,main,pass,pass,0,0,10382336.0,0.12521,0.0263680011034,0.151578001103,0.0326285011034,393.747556338704,68.49500537314128,318.1983740870685,4.059253158130969,0.7061340760117658,3.2803956091450357,cuSPARSE 12.8.6,CUDA,13040,13000,2026-10-09T01:24:25.891110+00:00,derived,csr-alg3,0,0,,,,5,20,4,true
3,A100-SXM4-80GB-suitesparse_all-fp64-n64-row-major-cuSPARSE-SpMM-CSR-solve-only,cuSPARSE-SpMM-CSR-best-solve-only,cuSPARSE CUDA 13.4.1 CSR PER MATRIX BEST,per-matrix-best,cuSPARSE-SpMM-CSR,best,solve-only,"csr-alg1,csr-alg2,csr-alg3,csr-default",manual-selection,csr,CUSPARSE_SPMM_CSR_ALG3,library-preprocess,spmm.csr.fp64,fp64,A100-SXM4-80GB,A100-SXM4-80GB,,9700.0,0edb0287-e1df-52fd-b14b-f9e504b96222,suitesparse_all,ML_Graph/worms20_10NN,worms20_10NN,20055,20055,240826,64,row-major,N,N,1.0,0.0,20260922,main,pass,pass,0,0,30825728.0,0.12303,0.0557744026184,0.178804402618,0.0619259026184,552.685937506224,172.39915543833936,497.7840725221948,5.697793170167258,1.7773108808076223,5.131794562084482,cuSPARSE 12.8.6,CUDA,13040,13000,2026-10-07T22:08:56.085368+00:00,derived,csr-alg3,0,0,,,,5,20,4,true
3,A100-SXM4-80GB-suitesparse_all-fp64-n64-row-major-cuSPARSE-SpMM-CSR-solve-only,cuSPARSE-SpMM-CSR-best-solve-only,cuSPARSE CUDA 13.4.1 CSR PER MATRIX BEST,per-matrix-best,cuSPARSE-SpMM-CSR,best,solve-only,"csr-alg1,csr-alg2,csr-alg3,csr-default",manual-selection,csr,CUSPARSE_SPMM_CSR_ALG3,library-preprocess,spmm.csr.fp64,fp64,A100-SXM4-80GB,A100-SXM4-80GB,,9700.0,df7f742d-c1c4-51c9-b7da-d151d8293f2c,suitesparse_all,Moqri/MISKnowledgeMap,MISKnowledgeMap,2427,2427,57022,64,row-major,N,N,1.0,0.0,20260922,main,pass,pass,0,0,7298816.0,0.06112,0.0167423993349,0.0778623993349,0.0197983993349,435.9480295506638,93.73993175584658,368.6568735450181,4.494309582996534,0.9663910490293461,3.8005863252063716,cuSPARSE 12.8.6,CUDA,13040,13000,2026-10-09T00:22:00.250857+00:00,derived,csr-alg3,0,0,,,,5,20,4,true
3,A100-SXM4-80GB-suitesparse_all-fp64-n64-row-major-cuSPARSE-SpMM-CSR-solve-only,cuSPARSE-SpMM-CSR-best-solve-only,cuSPARSE CUDA 13.4.1 CSR PER MATRIX BEST,per-matrix-best,cuSPARSE-SpMM-CSR,best,solve-only,"csr-alg1,csr-alg2,csr-alg3,csr-default",manual-selection,csr,CUSPARSE_SPMM_CSR_ALG3,library-preprocess,spmm.csr.fp64,fp64,A100-SXM4-80GB,A100-SXM4-80GB,,9700.0,1cb4d392-df77-5092-a407-ab8ee1286933,suitesparse_all,Morandini/rotor1,rotor1,100,100,708,64,row-major,N,N,1.0,0.0,20260922,main,pass,pass,0,0,90624.0,0.06901,0.00706560015678,0.0760756001568,0.0105161001568,12.826086671921159,1.191236083753716,8.617643294448847,0.13222769764867176,0.01228078436859501,0.08884168344792626,cuSPARSE 12.8.6,CUDA,13040,13000,2026-10-08T01:00:58.448573+00:00,derived,csr-alg3,0,0,,,,5,20,4,true
3,A100-SXM4-80GB-suitesparse_all-fp64-n64-row-major-cuSPARSE-SpMM-CSR-solve-only,cuSPARSE-SpMM-CSR-best-solve-only,cuSPARSE CUDA 13.4.1 CSR PER MATRIX BEST,per-matrix-best,cuSPARSE-SpMM-CSR,best,solve-only,"csr-alg1,csr-alg2,csr-alg3,csr-default",manual-selection,csr,CUSPARSE_SPMM_CSR_ALG3,library-preprocess,spmm.csr.fp64,fp64,A100-SXM4-80GB,A100-SXM4-80GB,,9700.0,df7f742d-c1c4-51c9-b7da-d151d8293f2c,suitesparse_all,Morandini/rotor2,rotor2,791,791,10685,64,row-major,N,N,1.0,0.0,20260922,main,pass,pass,0,0,1367680.0,0.056351,0.00931840017438,0.0656694001744,0.0121359501744,146.77197527535876,20.82674725774585,112.69657343229972,1.513113147168647,0.21470873461593662,1.1618203446628836,cuSPARSE 12.8.6,CUDA,13040,13000,2026-10-08T22:53:15.602501+00:00,derived,csr-alg3,0,0,,,,5,20,4,true
3,A100-SXM4-80GB-suitesparse_all-fp64-n64-row-major-cuSPARSE-SpMM-CSR-solve-only,cuSPARSE-SpMM-CSR-best-solve-only,cuSPARSE CUDA 13.4.1 CSR PER MATRIX BEST,per-matrix-best,cuSPARSE-SpMM-CSR,best,solve-only,"csr-alg1,csr-alg2,csr-alg3,csr-default",manual-selection,csr,CUSPARSE_SPMM_CSR_ALG3,library-preprocess,spmm.csr.fp64,fp64,A100-SXM4-80GB,A100-SXM4-80GB,,9700.0,0edb0287-e1df-52fd-b14b-f9e504b96222,suitesparse_all,Muite/Chebyshev2,Chebyshev2,2053,2053,18447,64,row-major,N,N,1.0,0.0,20260922,main,pass,pass,0,0,2361216.0,0.0602,0.0146175995469,0.0748175995469,0.0176275995469,161.53240430647526,31.559633218650024,133.9499455792462,1.665282518623456,0.3253570434912374,1.3809272740128473,cuSPARSE 12.8.6,CUDA,13040,13000,2026-10-07T20:15:15.858047+00:00,derived,csr-alg3,0,0,,,,5,20,4,true
3,A100-SXM4-80GB-suitesparse_all-fp64-n64-row-major-cuSPARSE-SpMM-CSR-solve-only,cuSPARSE-SpMM-CSR-best-solve-only,cuSPARSE CUDA 13.4.1 CSR PER MATRIX BEST,per-matrix-best,cuSPARSE-SpMM-CSR,best,solve-only,"csr-alg1,csr-alg2,csr-alg3,csr-default",manual-selection,csr,CUSPARSE_SPMM_CSR_ALG2,library-preprocess,spmm.csr.fp64,fp64,A100-SXM4-80GB,A100-SXM4-80GB,,9700.0,0edb0287-e1df-52fd-b14b-f9e504b96222,suitesparse_all,Mulvey/pfinan512,pfinan512,74752,74752,596992,64,row-major,N,N,1.0,0.0,20260922,main,pass,pass,0,0,76414976.0,0.03994,0.171366405487,0.211306405487,0.173363405487,445.9157311658551,361.6311385539195,440.77915858505753,4.597069393462424,3.728156067566181,4.544115036959355,cuSPARSE 12.8.6,CUDA,13040,13000,2026-10-07T17:47:23.403349+00:00,derived,csr-alg2,0,0,,,,5,20,4,true
3,A100-SXM4-80GB-suitesparse_all-fp64-n64-row-major-cuSPARSE-SpMM-CSR-solve-only,cuSPARSE-SpMM-CSR-best-solve-only,cuSPARSE CUDA 13.4.1 CSR PER MATRIX BEST,per-matrix-best,cuSPARSE-SpMM-CSR,best,solve-only,"csr-alg1,csr-alg2,csr-alg3,csr-default",manual-selection,csr,CUSPARSE_SPMM_CSR_ALG3,library-preprocess,spmm.csr.fp64,fp64,A100-SXM4-80GB,A100-SXM4-80GB,,9700.0,1cb4d392-df77-5092-a407-ab8ee1286933,suitesparse_all,Mycielski/mycielskian10,mycielskian10,767,767,44392,64,row-major,N,N,1.0,0.0,20260922,main,pass,pass,0,0,5682176.0,2.354131,0.0163328006864,2.37046380069,0.134039350686,347.89967189959253,2.3970735171513775,42.391849639073826,3.586594555665902,0.024712098114962652,0.4370293777224105,cuSPARSE 12.8.6,CUDA,13040,13000,2026-10-08T02:10:50.179147+00:00,derived,csr-alg3,0,0,,,,5,20,4,true
3,A100-SXM4-80GB-suitesparse_all-fp64-n64-row-major-cuSPARSE-SpMM-CSR-solve-only,cuSPARSE-SpMM-CSR-best-solve-only,cuSPARSE CUDA 13.4.1 CSR PER MATRIX BEST,per-matrix-best,cuSPARSE-SpMM-CSR,best,solve-only,"csr-alg1,csr-alg2,csr-alg3,csr-default",manual-selection,csr,CUSPARSE_SPMM_CSR_ALG2,library-preprocess,spmm.csr.fp64,fp64,A100-SXM4-80GB,A100-SXM4-80GB,,9700.0,df7f742d-c1c4-51c9-b7da-d151d8293f2c,suitesparse_all,Mycielski/mycielskian11,mycielskian11,1535,1535,134710,64,row-major,N,N,1.0,0.0,20260922,main,pass,pass,0,0,17242880.0,0.04934,0.0345088005066,0.0838488005066,0.0369758005066,499.6661647715691,205.64253627746004,466.328781629007,5.1511975749646295,2.12002614719031,4.807513212670175,cuSPARSE 12.8.6,CUDA,13040,13000,2026-10-08T21:45:25.755323+00:00,derived,csr-alg2,0,0,,,,5,20,4,true
3,A100-SXM4-80GB-suitesparse_all-fp64-n64-row-major-cuSPARSE-SpMM-CSR-solve-only,cuSPARSE-SpMM-CSR-best-solve-only,cuSPARSE CUDA 13.4.1 CSR PER MATRIX BEST,per-matrix-best,cuSPARSE-SpMM-CSR,best,solve-only,"csr-alg1,csr-alg2,csr-alg3,csr-default",manual-selection,csr,CUSPARSE_SPMM_CSR_ALG3,library-preprocess,spmm.csr.fp64,fp64,A100-SXM4-80GB,A100-SXM4-80GB,,9700.0,0edb0287-e1df-52fd-b14b-f9e504b96222,suitesparse_all,Mycielski/mycielskian13,mycielskian13,6143,6143,1227742,64,row-major,N,N,1.0,0.0,20260922,main,pass,pass,0,0,157150976.0,0.113611,0.144206404686,0.257817404686,0.149886954686,1089.764191418446,609.543704744824,1048.4633324442243,11.234682385757175,6.283955719018805,10.808900334476538,cuSPARSE 12.8.6,CUDA,13040,13000,2026-10-07T21:30:56.240912+00:00,derived,csr-alg3,0,0,,,,5,20,4,true
3,A100-SXM4-80GB-suitesparse_all-fp64-n64-row-major-cuSPARSE-SpMM-CSR-solve-only,cuSPARSE-SpMM-CSR-best-solve-only,cuSPARSE CUDA 13.4.1 CSR PER MATRIX BEST,per-matrix-best,cuSPARSE-SpMM-CSR,best,solve-only,"csr-alg1,csr-alg2,csr-alg3,csr-default",manual-selection,csr,CUSPARSE_SPMM_CSR_ALG3,library-preprocess,spmm.csr.fp64,fp64,A100-SXM4-80GB,A100-SXM4-80GB,,9700.0,1cb4d392-df77-5092-a407-ab8ee1286933,suitesparse_all,Mycielski/mycielskian18,mycielskian18,196607,196607,300933832,64,row-major,N,N,1.0,0.0,20260922,main,pass,pass,0,0,38519530496.0,0.68824,30.6185211182,31.3067611182,30.6529331182,1258.046734109034,1230.3901496091494,1256.634409094419,12.969553959886952,12.684434532053087,12.954993908189886,cuSPARSE 12.8.6,CUDA,13040,13000,2026-10-08T02:21:06.871625+00:00,derived,csr-alg3,0,0,,,,5,20,4,true
3,A100-SXM4-80GB-suitesparse_all-fp64-n64-row-major-cuSPARSE-SpMM-CSR-solve-only,cuSPARSE-SpMM-CSR-best-solve-only,cuSPARSE CUDA 13.4.1 CSR PER MATRIX BEST,per-matrix-best,cuSPARSE-SpMM-CSR,best,solve-only,"csr-alg1,csr-alg2,csr-alg3,csr-default",manual-selection,csr,CUSPARSE_SPMM_CSR_ALG3,library-preprocess,spmm.csr.fp64,fp64,A100-SXM4-80GB,A100-SXM4-80GB,,9700.0,1cb4d392-df77-5092-a407-ab8ee1286933,suitesparse_all,Mycielski/mycielskian2,mycielskian2,2,2,2,64,row-major,N,N,1.0,0.0,20260922,main,pass,pass,0,0,256.0,2.439371,0.00455680005252,2.44392780005,0.126525350053,0.05617977463339146,0.00010474941198948778,0.0020233099524543073,0.0005791729343648604,1.0798908452524514e-06,2.0858865489219663e-05,cuSPARSE 12.8.6,CUDA,13040,13000,2026-10-08T02:10:49.277583+00:00,derived,csr-alg3,0,0,,,,5,20,4,true
3,A100-SXM4-80GB-suitesparse_all-fp64-n64-row-major-cuSPARSE-SpMM-CSR-solve-only,cuSPARSE-SpMM-CSR-best-solve-only,cuSPARSE CUDA 13.4.1 CSR PER MATRIX BEST,per-matrix-best,cuSPARSE-SpMM-CSR,best,solve-only,"csr-alg1,csr-alg2,csr-alg3,csr-default",manual-selection,csr,CUSPARSE_SPMM_CSR_ALG3,library-preprocess,spmm.csr.fp64,fp64,A100-SXM4-80GB,A100-SXM4-80GB,,9700.0,df7f742d-c1c4-51c9-b7da-d151d8293f2c,suitesparse_all,Mycielski/mycielskian3,mycielskian3,5,5,10,64,row-major,N,N,1.0,0.0,20260922,main,pass,pass,0,0,1280.0,0.05133,0.00542719997466,0.0567571999747,0.00799369997466,0.23584905770497033,0.022552204840453206,0.16012609981080042,0.002431433584587323,0.00023249695711807428,0.0016507845341319632,cuSPARSE 12.8.6,CUDA,13040,13000,2026-10-09T00:22:13.494566+00:00,derived,csr-alg3,0,0,,,,5,20,4,true
3,A100-SXM4-80GB-suitesparse_all-fp64-n64-row-major-cuSPARSE-SpMM-CSR-solve-only,cuSPARSE-SpMM-CSR-best-solve-only,cuSPARSE CUDA 13.4.1 CSR PER MATRIX BEST,per-matrix-best,cuSPARSE-SpMM-CSR,best,solve-only,"csr-alg1,csr-alg2,csr-alg3,csr-default",manual-selection,csr,CUSPARSE_SPMM_CSR_ALG3,library-preprocess,spmm.csr.fp64,fp64,A100-SXM4-80GB,A100-SXM4-80GB,,9700.0,0edb0287-e1df-52fd-b14b-f9e504b96222,suitesparse_all,Mycielski/mycielskian5,mycielskian5,23,23,142,64,row-major,N,N,1.0,0.0,20260922,main,pass,pass,0,0,18176.0,0.05122,0.00562239997089,0.0568423999709,0.00818339997089,3.232783169839627,0.319761305105081,2.221081709882896,0.03332766154473843,0.0032965083000523815,0.022897749586421608,cuSPARSE 12.8.6,CUDA,13040,13000,2026-10-07T21:30:53.238956+00:00,derived,csr-alg3,0,0,,,,5,20,4,true
3,A100-SXM4-80GB-suitesparse_all-fp64-n64-row-major-cuSPARSE-SpMM-CSR-solve-only,cuSPARSE-SpMM-CSR-best-solve-only,cuSPARSE CUDA 13.4.1 CSR PER MATRIX BEST,per-matrix-best,cuSPARSE-SpMM-CSR,best,solve-only,"csr-alg1,csr-alg2,csr-alg3,csr-default",manual-selection,csr,CUSPARSE_SPMM_CSR_ALG3,library-preprocess,spmm.csr.fp64,fp64,A100-SXM4-80GB,A100-SXM4-80GB,,9700.0,1cb4d392-df77-5092-a407-ab8ee1286933,suitesparse_all,Nasa/nasa2146,nasa2146,2146,2146,72250,64,row-major,N,N,1.0,0.0,20260922,main,pass,pass,0,0,9248000.0,0.061,0.0166400000453,0.0776400000453,0.0196900000453,555.7692292562292,119.1138587661533,469.68003954918714,5.72957968305391,1.2279779254242609,4.842062263393681,cuSPARSE 12.8.6,CUDA,13040,13000,2026-10-08T00:56:31.483274+00:00,derived,csr-alg3,0,0,,,,5,20,4,true
3,A100-SXM4-80GB-suitesparse_all-fp64-n64-row-major-cuSPARSE-SpMM-CSR-solve-only,cuSPARSE-SpMM-CSR-best-solve-only,cuSPARSE CUDA 13.4.1 CSR PER MATRIX BEST,per-matrix-best,cuSPARSE-SpMM-CSR,best,solve-only,"csr-alg1,csr-alg2,csr-alg3,csr-default",manual-selection,csr,CUSPARSE_SPMM_CSR_ALG3,library-preprocess,spmm.csr.fp64,fp64,A100-SXM4-80GB,A100-SXM4-80GB,,9700.0,df7f742d-c1c4-51c9-b7da-d151d8293f2c,suitesparse_all,Nasa/nasa2910,nasa2910,2910,2910,174296,64,row-major,N,N,1.0,0.0,20260922,main,pass,pass,0,0,22309888.0,0.11567,0.0333312004805,0.14900120048,0.0391147004805,669.3394680774286,149.7295855881013,570.3709277058693,6.900406887396171,1.543603975135065,5.88011265676154,cuSPARSE 12.8.6,CUDA,13040,13000,2026-10-08T22:48:59.737564+00:00,derived,csr-alg3,0,0,,,,5,20,4,true
3,A100-SXM4-80GB-suitesparse_all-fp64-n64-row-major-cuSPARSE-SpMM-CSR-solve-only,cuSPARSE-SpMM-CSR-best-solve-only,cuSPARSE CUDA 13.4.1 CSR PER MATRIX BEST,per-matrix-best,cuSPARSE-SpMM-CSR,best,solve-only,"csr-alg1,csr-alg2,csr-alg3,csr-default",manual-selection,csr,CUSPARSE_SPMM_CSR_ALG3,library-preprocess,spmm.csr.fp64,fp64,A100-SXM4-80GB,A100-SXM4-80GB,,9700.0,0edb0287-e1df-52fd-b14b-f9e504b96222,suitesparse_all,Nasa/nasasrb,nasasrb,54870,54870,2677324,64,row-major,N,N,1.0,0.0,20260922,main,pass,pass,0,0,342697472.0,0.14777,0.397363209724,0.545133209724,0.404751709724,862.4287896155015,628.6490455672423,846.6856686873175,8.891018449644346,6.48091799553858,8.72871823388987,cuSPARSE 12.8.6,CUDA,13040,13000,2026-10-07T20:03:23.787380+00:00,derived,csr-alg3,0,0,,,,5,20,4,true
3,A100-SXM4-80GB-suitesparse_all-fp64-n64-row-major-cuSPARSE-SpMM-CSR-solve-only,cuSPARSE-SpMM-CSR-best-solve-only,cuSPARSE CUDA 13.4.1 CSR PER MATRIX BEST,per-matrix-best,cuSPARSE-SpMM-CSR,best,solve-only,"csr-alg1,csr-alg2,csr-alg3,csr-default",manual-selection,csr,CUSPARSE_SPMM_CSR_ALG3,library-preprocess,spmm.csr.fp64,fp64,A100-SXM4-80GB,A100-SXM4-80GB,,9700.0,0edb0287-e1df-52fd-b14b-f9e504b96222,suitesparse_all,ND/nd6k,nd6k,18000,18000,6897316,64,row-major,N,N,1.0,0.0,20260922,main,pass,pass,0,0,882856448.0,0.31114,0.820019245148,1.13115924515,0.835576245148,1076.6289367277702,780.48820427837,1056.5839480556626,11.099267388946085,8.04627014719969,10.892618021192398,cuSPARSE 12.8.6,CUDA,13040,13000,2026-10-07T20:04:44.244167+00:00,derived,csr-alg3,0,0,,,,5,20,4,true
3,A100-SXM4-80GB-suitesparse_all-fp64-n64-row-major-cuSPARSE-SpMM-CSR-solve-only,cuSPARSE-SpMM-CSR-best-solve-only,cuSPARSE CUDA 13.4.1 CSR PER MATRIX BEST,per-matrix-best,cuSPARSE-SpMM-CSR,best,solve-only,"csr-alg1,csr-alg2,csr-alg3,csr-default",manual-selection,csr,CUSPARSE_SPMM_CSR_ALG3,library-preprocess,spmm.csr.fp64,fp64,A100-SXM4-80GB,A100-SXM4-80GB,,9700.0,1cb4d392-df77-5092-a407-ab8ee1286933,suitesparse_all,Nemeth/nemeth02,nemeth02,9506,9506,394808,64,row-major,N,N,1.0,0.0,20260922,main,pass,pass,0,0,50535424.0,0.120989,0.0546815991402,0.17567059914,0.0607310491402,924.1760444940631,287.6714956708606,832.118409206747,9.527588087567661,2.9656855223800065,8.578540301100485,cuSPARSE 12.8.6,CUDA,13040,13000,2026-10-08T00:56:32.979012+00:00,derived,csr-alg3,0,0,,,,5,20,4,true
3,A100-SXM4-80GB-suitesparse_all-fp64-n64-row-major-cuSPARSE-SpMM-CSR-solve-only,cuSPARSE-SpMM-CSR-best-solve-only,cuSPARSE CUDA 13.4.1 CSR PER MATRIX BEST,per-matrix-best,cuSPARSE-SpMM-CSR,best,solve-only,"csr-alg1,csr-alg2,csr-alg3,csr-default",manual-selection,csr,CUSPARSE_SPMM_CSR_ALG3,library-preprocess,spmm.csr.fp64,fp64,A100-SXM4-80GB,A100-SXM4-80GB,,9700.0,df7f742d-c1c4-51c9-b7da-d151d8293f2c,suitesparse_all,Nemeth/nemeth03,nemeth03,9506,9506,394808,64,row-major,N,N,1.0,0.0,20260922,main,pass,pass,0,0,50535424.0,0.12087,0.0545791983604,0.17544919836,0.0606226983604,925.90997152985,288.0345106867207,833.6056521200776,9.545463624019073,2.9694279452239245,8.593872702268841,cuSPARSE 12.8.6,CUDA,13040,13000,2026-10-08T22:49:01.310347+00:00,derived,csr-alg3,0,0,,,,5,20,4,true
3,A100-SXM4-80GB-suitesparse_all-fp64-n64-row-major-cuSPARSE-SpMM-CSR-solve-only,cuSPARSE-SpMM-CSR-best-solve-only,cuSPARSE CUDA 13.4.1 CSR PER MATRIX BEST,per-matrix-best,cuSPARSE-SpMM-CSR,best,solve-only,"csr-alg1,csr-alg2,csr-alg3,csr-default",manual-selection,csr,CUSPARSE_SPMM_CSR_ALG3,library-preprocess,spmm.csr.fp64,fp64,A100-SXM4-80GB,A100-SXM4-80GB,,9700.0,0edb0287-e1df-52fd-b14b-f9e504b96222,suitesparse_all,Nemeth/nemeth05,nemeth05,9506,9506,394808,64,row-major,N,N,1.0,0.0,20260922,main,pass,pass,0,0,50535424.0,0.12244,0.0545791983604,0.17701919836,0.0607011983604,925.90997152985,285.47990538985067,832.527616670054,9.545463624019073,2.9430918081427904,8.582758934742825,cuSPARSE 12.8.6,CUDA,13040,13000,2026-10-07T20:03:25.286327+00:00,derived,csr-alg3,0,0,,,,5,20,4,true
3,A100-SXM4-80GB-suitesparse_all-fp64-n64-row-major-cuSPARSE-SpMM-CSR-solve-only,cuSPARSE-SpMM-CSR-best-solve-only,cuSPARSE CUDA 13.4.1 CSR PER MATRIX BEST,per-matrix-best,cuSPARSE-SpMM-CSR,best,solve-only,"csr-alg1,csr-alg2,csr-alg3,csr-default",manual-selection,csr,CUSPARSE_SPMM_CSR_ALG3,library-preprocess,spmm.csr.fp64,fp64,A100-SXM4-80GB,A100-SXM4-80GB,,9700.0,1cb4d392-df77-5092-a407-ab8ee1286933,suitesparse_all,Nemeth/nemeth10,nemeth10,9506,9506,401448,64,row-major,N,N,1.0,0.0,20260922,main,pass,pass,0,0,51385344.0,0.1399,0.0549376010895,0.194837601089,0.0619326010895,935.3401492046778,263.73422641622267,829.6978182095411,9.64268195056369,2.718909550682708,8.553585754737538,cuSPARSE 12.8.6,CUDA,13040,13000,2026-10-08T00:56:34.471395+00:00,derived,csr-alg3,0,0,,,,5,20,4,true
3,A100-SXM4-80GB-suitesparse_all-fp64-n64-row-major-cuSPARSE-SpMM-CSR-solve-only,cuSPARSE-SpMM-CSR-best-solve-only,cuSPARSE CUDA 13.4.1 CSR PER MATRIX BEST,per-matrix-best,cuSPARSE-SpMM-CSR,best,solve-only,"csr-alg1,csr-alg2,csr-alg3,csr-default",manual-selection,csr,CUSPARSE_SPMM_CSR_ALG2,library-preprocess,spmm.csr.fp64,fp64,A100-SXM4-80GB,A100-SXM4-80GB,,9700.0,df7f742d-c1c4-51c9-b7da-d151d8293f2c,suitesparse_all,Nemeth/nemeth11,nemeth11,9506,9506,408264,64,row-major,N,N,1.0,0.0,20260922,main,pass,pass,0,0,52257792.0,0.04219,0.0507391989231,0.0929291989231,0.0528486989231,1029.9293861379556,562.3398523347213,988.8188936503466,10.617828723071707,5.797318065306405,10.19400921289017,cuSPARSE 12.8.6,CUDA,13040,13000,2026-10-08T20:13:48.438699+00:00,derived,csr-alg2,0,0,,,,5,20,4,true
3,A100-SXM4-80GB-suitesparse_all-fp64-n64-row-major-cuSPARSE-SpMM-CSR-solve-only,cuSPARSE-SpMM-CSR-best-solve-only,cuSPARSE CUDA 13.4.1 CSR PER MATRIX BEST,per-matrix-best,cuSPARSE-SpMM-CSR,best,solve-only,"csr-alg1,csr-alg2,csr-alg3,csr-default",manual-selection,csr,CUSPARSE_SPMM_CSR_ALG3,library-preprocess,spmm.csr.fp64,fp64,A100-SXM4-80GB,A100-SXM4-80GB,,9700.0,0edb0287-e1df-52fd-b14b-f9e504b96222,suitesparse_all,Nemeth/nemeth13,nemeth13,9506,9506,474472,64,row-major,N,N,1.0,0.0,20260922,main,pass,pass,0,0,60732416.0,0.10741,0.0614400029182,0.168850002918,0.0668105029182,988.483286383595,359.68264702662736,909.0249788174509,10.190549344160774,3.7080685260477044,9.371391534200525,cuSPARSE 12.8.6,CUDA,13040,13000,2026-10-07T20:03:26.951661+00:00,derived,csr-alg3,0,0,,,,5,20,4,true
3,A100-SXM4-80GB-suitesparse_all-fp64-n64-row-major-cuSPARSE-SpMM-CSR-solve-only,cuSPARSE-SpMM-CSR-best-solve-only,cuSPARSE CUDA 13.4.1 CSR PER MATRIX BEST,per-matrix-best,cuSPARSE-SpMM-CSR,best,solve-only,"csr-alg1,csr-alg2,csr-alg3,csr-default",manual-selection,csr,CUSPARSE_SPMM_CSR_ALG3,library-preprocess,spmm.csr.fp64,fp64,A100-SXM4-80GB,A100-SXM4-80GB,,9700.0,1cb4d392-df77-5092-a407-ab8ee1286933,suitesparse_all,Nemeth/nemeth18,nemeth18,9506,9506,695234,64,row-major,N,N,1.0,0.0,20260922,main,pass,pass,0,0,88989952.0,0.12529,0.0850943982601,0.21038439826,0.0913588982601,1045.7792030915223,422.987411309955,974.0698902327437,10.781228897850745,4.360694961958298,10.041957631265399,cuSPARSE 12.8.6,CUDA,13040,13000,2026-10-08T00:56:36.524646+00:00,derived,csr-alg3,0,0,,,,5,20,4,true
3,A100-SXM4-80GB-suitesparse_all-fp64-n64-row-major-cuSPARSE-SpMM-CSR-solve-only,cuSPARSE-SpMM-CSR-best-solve-only,cuSPARSE CUDA 13.4.1 CSR PER MATRIX BEST,per-matrix-best,cuSPARSE-SpMM-CSR,best,solve-only,"csr-alg1,csr-alg2,csr-alg3,csr-default",manual-selection,csr,CUSPARSE_SPMM_CSR_ALG3,library-preprocess,spmm.csr.fp64,fp64,A100-SXM4-80GB,A100-SXM4-80GB,,9700.0,df7f742d-c1c4-51c9-b7da-d151d8293f2c,suitesparse_all,Nemeth/nemeth19,nemeth19,9506,9506,818302,64,row-major,N,N,1.0,0.0,20260922,main,pass,pass,0,0,104742656.0,0.14927,0.106035196781,0.255305196781,0.113498696781,987.8102665884653,410.26448862240716,922.8533804410539,10.183610995757373,4.22953081054028,9.513952375680967,cuSPARSE 12.8.6,CUDA,13040,13000,2026-10-08T22:49:05.678463+00:00,derived,csr-alg3,0,0,,,,5,20,4,true
3,A100-SXM4-80GB-suitesparse_all-fp64-n64-row-major-cuSPARSE-SpMM-CSR-solve-only,cuSPARSE-SpMM-CSR-best-solve-only,cuSPARSE CUDA 13.4.1 CSR PER MATRIX BEST,per-matrix-best,cuSPARSE-SpMM-CSR,best,solve-only,"csr-alg1,csr-alg2,csr-alg3,csr-default",manual-selection,csr,CUSPARSE_SPMM_CSR_ALG3,library-preprocess,spmm.csr.fp64,fp64,A100-SXM4-80GB,A100-SXM4-80GB,,9700.0,0edb0287-e1df-52fd-b14b-f9e504b96222,suitesparse_all,Nemeth/nemeth21,nemeth21,9506,9506,1173746,64,row-major,N,N,1.0,0.0,20260922,main,pass,pass,0,0,150239488.0,0.13204,0.15508480072,0.28712480072,0.16168680072,968.7570110191002,523.2550013905326,929.2006974655661,9.987185680609281,5.394381457634356,9.57938863366563,cuSPARSE 12.8.6,CUDA,13040,13000,2026-10-07T20:03:29.847665+00:00,derived,csr-alg3,0,0,,,,5,20,4,true
3,A100-SXM4-80GB-suitesparse_all-fp64-n64-row-major-cuSPARSE-SpMM-CSR-solve-only,cuSPARSE-SpMM-CSR-best-solve-only,cuSPARSE CUDA 13.4.1 CSR PER MATRIX BEST,per-matrix-best,cuSPARSE-SpMM-CSR,best,solve-only,"csr-alg1,csr-alg2,csr-alg3,csr-default",manual-selection,csr,CUSPARSE_SPMM_CSR_ALG3,library-preprocess,spmm.csr.fp64,fp64,A100-SXM4-80GB,A100-SXM4-80GB,,9700.0,1cb4d392-df77-5092-a407-ab8ee1286933,suitesparse_all,Nemeth/nemeth26,nemeth26,9506,9506,1511760,64,row-major,N,N,1.0,0.0,20260922,main,pass,pass,0,0,193505280.0,0.15102,0.20070400238,0.35172400238,0.20825500238,964.13264162829,550.1622826153853,929.1747030734639,9.939511769363813,5.671776109436961,9.579120650241896,cuSPARSE 12.8.6,CUDA,13040,13000,2026-10-08T00:56:40.071006+00:00,derived,csr-alg3,0,0,,,,5,20,4,true
3,A100-SXM4-80GB-suitesparse_all-fp64-n64-row-major-cuSPARSE-SpMM-CSR-solve-only,cuSPARSE-SpMM-CSR-best-solve-only,cuSPARSE CUDA 13.4.1 CSR PER MATRIX BEST,per-matrix-best,cuSPARSE-SpMM-CSR,best,solve-only,"csr-alg1,csr-alg2,csr-alg3,csr-default",manual-selection,csr,CUSPARSE_SPMM_CSR_ALG2,library-preprocess,spmm.csr.fp64,fp64,A100-SXM4-80GB,A100-SXM4-80GB,,9700.0,1cb4d392-df77-5092-a407-ab8ee1286933,suitesparse_all,Newman/as-22july06,as-22july06,22963,22963,96872,64,row-major,N,N,1.0,0.0,20260922,main,pass,pass,0,0,12399616.0,0.04609,0.0400384008884,0.0861284008884,0.0423429008884,309.69308775746936,143.96663437495693,292.8381320089697,3.192712244922365,1.4841921069583188,3.018949814525461,cuSPARSE 12.8.6,CUDA,13040,13000,2026-10-07T23:14:22.180939+00:00,derived,csr-alg2,0,0,,,,5,20,4,true
3,A100-SXM4-80GB-suitesparse_all-fp64-n64-row-major-cuSPARSE-SpMM-CSR-solve-only,cuSPARSE-SpMM-CSR-best-solve-only,cuSPARSE CUDA 13.4.1 CSR PER MATRIX BEST,per-matrix-best,cuSPARSE-SpMM-CSR,best,solve-only,"csr-alg1,csr-alg2,csr-alg3,csr-default",manual-selection,csr,CUSPARSE_SPMM_CSR_ALG3,library-preprocess,spmm.csr.fp64,fp64,A100-SXM4-80GB,A100-SXM4-80GB,,9700.0,df7f742d-c1c4-51c9-b7da-d151d8293f2c,suitesparse_all,Newman/astro-ph,astro-ph,16706,16706,242502,64,row-major,N,N,1.0,0.0,20260922,main,pass,pass,0,0,31040256.0,0.1615,0.0516095995903,0.21310959959,0.0596845995903,601.4434571554785,145.65395486509345,520.071445784562,6.20044801191215,1.5015871635576645,5.361561296748062,cuSPARSE 12.8.6,CUDA,13040,13000,2026-10-08T23:17:44.349473+00:00,derived,csr-alg3,0,0,,,,5,20,4,true
3,A100-SXM4-80GB-suitesparse_all-fp64-n64-row-major-cuSPARSE-SpMM-CSR-solve-only,cuSPARSE-SpMM-CSR-best-solve-only,cuSPARSE CUDA 13.4.1 CSR PER MATRIX BEST,per-matrix-best,cuSPARSE-SpMM-CSR,best,solve-only,"csr-alg1,csr-alg2,csr-alg3,csr-default",manual-selection,csr,CUSPARSE_SPMM_CSR_ALG3,library-preprocess,spmm.csr.fp64,fp64,A100-SXM4-80GB,A100-SXM4-80GB,,9700.0,0edb0287-e1df-52fd-b14b-f9e504b96222,suitesparse_all,Newman/cond-mat,cond-mat,16726,16726,95188,64,row-major,N,N,1.0,0.0,20260922,main,pass,pass,0,0,12184064.0,0.12501,0.0349184006453,0.159928400645,0.0411689006453,348.92961232002955,76.18449225316456,295.9531055972217,3.5972124981446343,0.7854071366305625,3.0510629443012545,cuSPARSE 12.8.6,CUDA,13040,13000,2026-10-07T20:49:15.083638+00:00,derived,csr-alg3,0,0,,,,5,20,4,true
3,A100-SXM4-80GB-suitesparse_all-fp64-n64-row-major-cuSPARSE-SpMM-CSR-solve-only,cuSPARSE-SpMM-CSR-best-solve-only,cuSPARSE CUDA 13.4.1 CSR PER MATRIX BEST,per-matrix-best,cuSPARSE-SpMM-CSR,best,solve-only,"csr-alg1,csr-alg2,csr-alg3,csr-default",manual-selection,csr,CUSPARSE_SPMM_CSR_ALG3,library-preprocess,spmm.csr.fp64,fp64,A100-SXM4-80GB,A100-SXM4-80GB,,9700.0,1cb4d392-df77-5092-a407-ab8ee1286933,suitesparse_all,Newman/hep-th,hep-th,8361,8361,31502,64,row-major,N,N,1.0,0.0,20260922,main,pass,pass,0,0,4032256.0,0.1242,0.0186368003488,0.142836800349,0.0248468003488,216.3598860605722,28.2298118562429,162.28471849071468,2.2305142892842493,0.2910289882086897,1.6730383349558213,cuSPARSE 12.8.6,CUDA,13040,13000,2026-10-08T01:21:31.557117+00:00,derived,csr-alg3,0,0,,,,5,20,4,true
3,A100-SXM4-80GB-suitesparse_all-fp64-n64-row-major-cuSPARSE-SpMM-CSR-solve-only,cuSPARSE-SpMM-CSR-best-solve-only,cuSPARSE CUDA 13.4.1 CSR PER MATRIX BEST,per-matrix-best,cuSPARSE-SpMM-CSR,best,solve-only,"csr-alg1,csr-alg2,csr-alg3,csr-default",manual-selection,csr,CUSPARSE_SPMM_CSR_ALG3,library-preprocess,spmm.csr.fp64,fp64,A100-SXM4-80GB,A100-SXM4-80GB,,9700.0,df7f742d-c1c4-51c9-b7da-d151d8293f2c,suitesparse_all,Newman/karate,karate,34,34,156,64,row-major,N,N,1.0,0.0,20260922,main,pass,pass,0,0,19968.0,0.05168,0.00660479962826,0.0582847996283,0.00918879962826,3.0232559841123394,0.3425936114963429,2.173080359548678,0.031167587465075662,0.003531892902024153,0.02240289030462555,cuSPARSE 12.8.6,CUDA,13040,13000,2026-10-08T23:17:45.011151+00:00,derived,csr-alg3,0,0,,,,5,20,4,true
3,A100-SXM4-80GB-suitesparse_all-fp64-n64-row-major-cuSPARSE-SpMM-CSR-solve-only,cuSPARSE-SpMM-CSR-best-solve-only,cuSPARSE CUDA 13.4.1 CSR PER MATRIX BEST,per-matrix-best,cuSPARSE-SpMM-CSR,best,solve-only,"csr-alg1,csr-alg2,csr-alg3,csr-default",manual-selection,csr,CUSPARSE_SPMM_CSR_ALG3,library-preprocess,spmm.csr.fp64,fp64,A100-SXM4-80GB,A100-SXM4-80GB,,9700.0,0edb0287-e1df-52fd-b14b-f9e504b96222,suitesparse_all,Newman/netscience,netscience,1589,1589,5484,64,row-major,N,N,1.0,0.0,20260922,main,pass,pass,0,0,701952.0,0.05707,0.00957439988852,0.0666443998885,0.0124278998885,73.31550887504314,10.532797972138798,56.481948382086856,0.7558299884025066,0.10858554610452369,0.58228812765038,cuSPARSE 12.8.6,CUDA,13040,13000,2026-10-07T20:49:15.924490+00:00,derived,csr-alg3,0,0,,,,5,20,4,true
3,A100-SXM4-80GB-suitesparse_all-fp64-n64-row-major-cuSPARSE-SpMM-CSR-solve-only,cuSPARSE-SpMM-CSR-best-solve-only,cuSPARSE CUDA 13.4.1 CSR PER MATRIX BEST,per-matrix-best,cuSPARSE-SpMM-CSR,best,solve-only,"csr-alg1,csr-alg2,csr-alg3,csr-default",manual-selection,csr,CUSPARSE_SPMM_CSR_ALG3,library-preprocess,spmm.csr.fp64,fp64,A100-SXM4-80GB,A100-SXM4-80GB,,9700.0,df7f742d-c1c4-51c9-b7da-d151d8293f2c,suitesparse_all,Norris/fv1,fv1,9604,9604,85264,64,row-major,N,N,1.0,0.0,20260922,main,pass,pass,0,0,10913792.0,0.131189,0.0183535993099,0.14954259931,0.0249130493099,594.6404198828216,72.98115754545528,438.0753180488048,6.1303136070393975,0.7523830674789204,4.516240392255719,cuSPARSE 12.8.6,CUDA,13040,13000,2026-10-08T22:50:06.670432+00:00,derived,csr-alg3,0,0,,,,5,20,4,true
3,A100-SXM4-80GB-suitesparse_all-fp64-n64-row-major-cuSPARSE-SpMM-CSR-solve-only,cuSPARSE-SpMM-CSR-best-solve-only,cuSPARSE CUDA 13.4.1 CSR PER MATRIX BEST,per-matrix-best,cuSPARSE-SpMM-CSR,best,solve-only,"csr-alg1,csr-alg2,csr-alg3,csr-default",manual-selection,csr,CUSPARSE_SPMM_CSR_ALG3,library-preprocess,spmm.csr.fp64,fp64,A100-SXM4-80GB,A100-SXM4-80GB,,9700.0,0edb0287-e1df-52fd-b14b-f9e504b96222,suitesparse_all,Norris/fv3,fv3,9801,9801,87025,64,row-major,N,N,1.0,0.0,20260922,main,pass,pass,0,0,11139200.0,0.10962,0.0224255993962,0.132045599396,0.0279065993962,496.71804990360835,84.35873706471611,399.16006396382386,5.1208046381815295,0.8696777016981042,4.115052205812617,cuSPARSE 12.8.6,CUDA,13040,13000,2026-10-07T20:04:06.243320+00:00,derived,csr-alg3,0,0,,,,5,20,4,true
3,A100-SXM4-80GB-suitesparse_all-fp64-n64-row-major-cuSPARSE-SpMM-CSR-solve-only,cuSPARSE-SpMM-CSR-best-solve-only,cuSPARSE CUDA 13.4.1 CSR PER MATRIX BEST,per-matrix-best,cuSPARSE-SpMM-CSR,best,solve-only,"csr-alg1,csr-alg2,csr-alg3,csr-default",manual-selection,csr,CUSPARSE_SPMM_CSR_ALG2,library-preprocess,spmm.csr.fp64,fp64,A100-SXM4-80GB,A100-SXM4-80GB,,9700.0,1cb4d392-df77-5092-a407-ab8ee1286933,suitesparse_all,Norris/lung2,lung2,109460,109460,492564,64,row-major,N,N,1.0,0.0,20260922,main,pass,pass,0,0,63048192.0,0.04902,0.17018879652,0.21920879652,0.17263979652,370.4602963837916,287.6170710341346,365.20080115302954,3.819178313234965,2.9651244436508724,3.7649567129178303,cuSPARSE 12.8.6,CUDA,13040,13000,2026-10-07T22:50:48.978425+00:00,derived,csr-alg2,0,0,,,,5,20,4,true
3,A100-SXM4-80GB-suitesparse_all-fp64-n64-row-major-cuSPARSE-SpMM-CSR-solve-only,cuSPARSE-SpMM-CSR-best-solve-only,cuSPARSE CUDA 13.4.1 CSR PER MATRIX BEST,per-matrix-best,cuSPARSE-SpMM-CSR,best,solve-only,"csr-alg1,csr-alg2,csr-alg3,csr-default",manual-selection,csr,CUSPARSE_SPMM_CSR_ALG2,library-preprocess,spmm.csr.fp64,fp64,A100-SXM4-80GB,A100-SXM4-80GB,,9700.0,df7f742d-c1c4-51c9-b7da-d151d8293f2c,suitesparse_all,Norris/stomach,stomach,213360,213360,3021648,64,row-major,N,N,1.0,0.0,20260922,main,pass,pass,0,0,386770944.0,0.09642,0.590848016739,0.687268016739,0.595669016739,654.6031010388436,562.7658127249676,649.3051226961309,6.748485577720037,5.801709409535749,6.693867244290008,cuSPARSE 12.8.6,CUDA,13040,13000,2026-10-08T20:15:00.354571+00:00,derived,csr-alg2,0,0,,,,5,20,4,true
3,A100-SXM4-80GB-suitesparse_all-fp64-n64-row-major-cuSPARSE-SpMM-CSR-solve-only,cuSPARSE-SpMM-CSR-best-solve-only,cuSPARSE CUDA 13.4.1 CSR PER MATRIX BEST,per-matrix-best,cuSPARSE-SpMM-CSR,best,solve-only,"csr-alg1,csr-alg2,csr-alg3,csr-default",manual-selection,csr,CUSPARSE_SPMM_CSR_ALG2,library-preprocess,spmm.csr.fp64,fp64,A100-SXM4-80GB,A100-SXM4-80GB,,9700.0,0edb0287-e1df-52fd-b14b-f9e504b96222,suitesparse_all,Norris/torso2,torso2,115967,115967,1033473,64,row-major,N,N,1.0,0.0,20260922,main,pass,pass,0,0,132284544.0,0.067,0.250209593773,0.317209593773,0.253559593773,528.6949313382993,417.0256719746781,521.7098751089976,5.450463209673188,4.299233731697712,5.3784523207113155,cuSPARSE 12.8.6,CUDA,13040,13000,2026-10-07T17:48:22.643493+00:00,derived,csr-alg2,0,0,,,,5,20,4,true
3,A100-SXM4-80GB-suitesparse_all-fp64-n64-row-major-cuSPARSE-SpMM-CSR-solve-only,cuSPARSE-SpMM-CSR-best-solve-only,cuSPARSE CUDA 13.4.1 CSR PER MATRIX BEST,per-matrix-best,cuSPARSE-SpMM-CSR,best,solve-only,"csr-alg1,csr-alg2,csr-alg3,csr-default",manual-selection,csr,CUSPARSE_SPMM_CSR_ALG3,library-preprocess,spmm.csr.fp64,fp64,A100-SXM4-80GB,A100-SXM4-80GB,,9700.0,1cb4d392-df77-5092-a407-ab8ee1286933,suitesparse_all,NYPA/Maragal_3,Maragal_3,1690,860,18391,64,row-major,N,N,1.0,0.0,20260922,main,pass,pass,0,0,2354048.0,0.05233,0.0182784006,0.0706084006,0.0208949006,128.7885111785984,33.3394890692369,112.6613638927768,1.3277166100886435,0.3437060728787309,1.1614573597193485,cuSPARSE 12.8.6,CUDA,13040,13000,2026-10-08T01:10:09.040677+00:00,derived,csr-alg3,0,0,,,,5,20,4,true
3,A100-SXM4-80GB-suitesparse_all-fp64-n64-row-major-cuSPARSE-SpMM-CSR-solve-only,cuSPARSE-SpMM-CSR-best-solve-only,cuSPARSE CUDA 13.4.1 CSR PER MATRIX BEST,per-matrix-best,cuSPARSE-SpMM-CSR,best,solve-only,"csr-alg1,csr-alg2,csr-alg3,csr-default",manual-selection,csr,CUSPARSE_SPMM_CSR_ALG3,library-preprocess,spmm.csr.fp64,fp64,A100-SXM4-80GB,A100-SXM4-80GB,,9700.0,df7f742d-c1c4-51c9-b7da-d151d8293f2c,suitesparse_all,NYPA/Maragal_4,Maragal_4,1964,1034,26719,64,row-major,N,N,1.0,0.0,20260922,main,pass,pass,0,0,3420032.0,0.05052,0.0179711997509,0.0684911997509,0.0204971997509,190.3062704441157,49.9338894987755,166.85362105864397,1.961920313856863,0.5147823659667577,1.7201404232849893,cuSPARSE 12.8.6,CUDA,13040,13000,2026-10-08T23:00:20.982417+00:00,derived,csr-alg3,0,0,,,,5,20,4,true
3,A100-SXM4-80GB-suitesparse_all-fp64-n64-row-major-cuSPARSE-SpMM-CSR-solve-only,cuSPARSE-SpMM-CSR-best-solve-only,cuSPARSE CUDA 13.4.1 CSR PER MATRIX BEST,per-matrix-best,cuSPARSE-SpMM-CSR,best,solve-only,"csr-alg1,csr-alg2,csr-alg3,csr-default",manual-selection,csr,CUSPARSE_SPMM_CSR_ALG3,library-preprocess,spmm.csr.fp64,fp64,A100-SXM4-80GB,A100-SXM4-80GB,,9700.0,0edb0287-e1df-52fd-b14b-f9e504b96222,suitesparse_all,NYPA/Maragal_6,Maragal_6,21255,10152,537694,64,row-major,N,N,1.0,0.0,20260922,main,pass,pass,0,0,68824832.0,0.12686,0.0999423980713,0.226802398071,0.106285398071,688.6449927977476,303.457249946954,647.5473889087204,7.099432915440697,3.128425257185093,6.675746277409489,cuSPARSE 12.8.6,CUDA,13040,13000,2026-10-07T20:16:04.506179+00:00,derived,csr-alg3,0,0,,,,5,20,4,true
3,A100-SXM4-80GB-suitesparse_all-fp64-n64-row-major-cuSPARSE-SpMM-CSR-solve-only,cuSPARSE-SpMM-CSR-best-solve-only,cuSPARSE CUDA 13.4.1 CSR PER MATRIX BEST,per-matrix-best,cuSPARSE-SpMM-CSR,best,solve-only,"csr-alg1,csr-alg2,csr-alg3,csr-default",manual-selection,csr,CUSPARSE_SPMM_CSR_ALG3,library-preprocess,spmm.csr.fp64,fp64,A100-SXM4-80GB,A100-SXM4-80GB,,9700.0,0edb0287-e1df-52fd-b14b-f9e504b96222,suitesparse_all,NYPA/Maragal_8,Maragal_8,33212,75077,1308415,64,row-major,N,N,1.0,0.0,20260922,main,pass,pass,0,0,167477120.0,0.24132,0.259071993828,0.500391993828,0.271137993828,646.450114214929,334.6918457243882,617.6822275458795,6.664434167164217,3.450431399220497,6.367858015936903,cuSPARSE 12.8.6,CUDA,13040,13000,2026-10-07T20:40:53.080992+00:00,derived,csr-alg3,0,0,,,,5,20,4,true
3,A100-SXM4-80GB-suitesparse_all-fp64-n64-row-major-cuSPARSE-SpMM-CSR-solve-only,cuSPARSE-SpMM-CSR-best-solve-only,cuSPARSE CUDA 13.4.1 CSR PER MATRIX BEST,per-matrix-best,cuSPARSE-SpMM-CSR,best,solve-only,"csr-alg1,csr-alg2,csr-alg3,csr-default",manual-selection,csr,CUSPARSE_SPMM_CSR_ALG2,library-preprocess,spmm.csr.fp64,fp64,A100-SXM4-80GB,A100-SXM4-80GB,,9700.0,1cb4d392-df77-5092-a407-ab8ee1286933,suitesparse_all,Oberwolfach/boneS01,boneS01,127224,127224,6715152,64,row-major,N,N,1.0,0.0,20260922,main,pass,pass,0,0,859539456.0,0.134061,1.04647684097,1.18053784097,1.05317989097,821.3650052716656,728.0914056035267,816.1373601696351,8.467680466718203,7.5060969649848115,8.41378721824366,cuSPARSE 12.8.6,CUDA,13040,13000,2026-10-07T22:57:12.546965+00:00,derived,csr-alg2,0,0,,,,5,20,4,true
3,A100-SXM4-80GB-suitesparse_all-fp64-n64-row-major-cuSPARSE-SpMM-CSR-solve-only,cuSPARSE-SpMM-CSR-best-solve-only,cuSPARSE CUDA 13.4.1 CSR PER MATRIX BEST,per-matrix-best,cuSPARSE-SpMM-CSR,best,solve-only,"csr-alg1,csr-alg2,csr-alg3,csr-default",manual-selection,csr,CUSPARSE_SPMM_CSR_ALG2,library-preprocess,spmm.csr.fp64,fp64,A100-SXM4-80GB,A100-SXM4-80GB,,9700.0,df7f742d-c1c4-51c9-b7da-d151d8293f2c,suitesparse_all,Oberwolfach/boneS10,boneS10,914898,914898,55468422,64,row-major,N,N,1.0,0.0,20260922,main,pass,pass,0,0,7099958016.0,0.64233,6.86033935547,7.50266935547,6.89245585547,1034.9281060475446,946.3242586884902,1030.105693076775,10.669361918015923,9.755920192664847,10.619646320379124,cuSPARSE 12.8.6,CUDA,13040,13000,2026-10-08T20:22:24.646903+00:00,derived,csr-alg2,0,0,,,,5,20,4,true
3,A100-SXM4-80GB-suitesparse_all-fp64-n64-row-major-cuSPARSE-SpMM-CSR-solve-only,cuSPARSE-SpMM-CSR-best-solve-only,cuSPARSE CUDA 13.4.1 CSR PER MATRIX BEST,per-matrix-best,cuSPARSE-SpMM-CSR,best,solve-only,"csr-alg1,csr-alg2,csr-alg3,csr-default",manual-selection,csr,CUSPARSE_SPMM_CSR_ALG3,library-preprocess,spmm.csr.fp64,fp64,A100-SXM4-80GB,A100-SXM4-80GB,,9700.0,1cb4d392-df77-5092-a407-ab8ee1286933,suitesparse_all,Oberwolfach/filter2D,filter2D,1668,1668,10750,64,row-major,N,N,1.0,0.0,20260922,main,pass,pass,0,0,1376000.0,0.054231,0.00609279982746,0.0603237998275,0.00880434982746,225.84034252995218,22.810234168516658,156.28638422662127,2.3282509539170326,0.2351570532836769,1.6111998373878482,cuSPARSE 12.8.6,CUDA,13040,13000,2026-10-08T01:03:58.744493+00:00,derived,csr-alg3,0,0,,,,5,20,4,true
3,A100-SXM4-80GB-suitesparse_all-fp64-n64-row-major-cuSPARSE-SpMM-CSR-solve-only,cuSPARSE-SpMM-CSR-best-solve-only,cuSPARSE CUDA 13.4.1 CSR PER MATRIX BEST,per-matrix-best,cuSPARSE-SpMM-CSR,best,solve-only,"csr-alg1,csr-alg2,csr-alg3,csr-default",manual-selection,csr,CUSPARSE_SPMM_CSR_ALG3,library-preprocess,spmm.csr.fp64,fp64,A100-SXM4-80GB,A100-SXM4-80GB,,9700.0,df7f742d-c1c4-51c9-b7da-d151d8293f2c,suitesparse_all,Oberwolfach/filter3D,filter3D,106437,106437,2707179,64,row-major,N,N,1.0,0.0,20260922,main,pass,pass,0,0,346518912.0,0.52645,0.661555194855,1.18800519485,0.687877694855,523.7944085314758,291.6813104034888,503.75076062474136,5.399942355994596,3.007023818592668,5.193306810564343,cuSPARSE 12.8.6,CUDA,13040,13000,2026-10-08T22:55:15.316494+00:00,derived,csr-alg3,0,0,,,,5,20,4,true
3,A100-SXM4-80GB-suitesparse_all-fp64-n64-row-major-cuSPARSE-SpMM-CSR-solve-only,cuSPARSE-SpMM-CSR-best-solve-only,cuSPARSE CUDA 13.4.1 CSR PER MATRIX BEST,per-matrix-best,cuSPARSE-SpMM-CSR,best,solve-only,"csr-alg1,csr-alg2,csr-alg3,csr-default",manual-selection,csr,CUSPARSE_SPMM_CSR_ALG3,library-preprocess,spmm.csr.fp64,fp64,A100-SXM4-80GB,A100-SXM4-80GB,,9700.0,0edb0287-e1df-52fd-b14b-f9e504b96222,suitesparse_all,Oberwolfach/flowmeter5,flowmeter5,9669,9669,67391,64,row-major,N,N,1.0,0.0,20260922,main,pass,pass,0,0,8626048.0,0.10149,0.0219648003578,0.123454800358,0.0270393003578,392.7214388241308,69.8721149358776,319.01890529174335,4.048674627052895,0.7203310818131712,3.288854693729313,cuSPARSE 12.8.6,CUDA,13040,13000,2026-10-07T20:11:40.126237+00:00,derived,csr-alg3,0,0,,,,5,20,4,true
3,A100-SXM4-80GB-suitesparse_all-fp64-n64-row-major-cuSPARSE-SpMM-CSR-solve-only,cuSPARSE-SpMM-CSR-best-solve-only,cuSPARSE CUDA 13.4.1 CSR PER MATRIX BEST,per-matrix-best,cuSPARSE-SpMM-CSR,best,solve-only,"csr-alg1,csr-alg2,csr-alg3,csr-default",manual-selection,csr,CUSPARSE_SPMM_CSR_ALG3,library-preprocess,spmm.csr.fp64,fp64,A100-SXM4-80GB,A100-SXM4-80GB,,9700.0,1cb4d392-df77-5092-a407-ab8ee1286933,suitesparse_all,Oberwolfach/LF10,LF10,18,18,82,64,row-major,N,N,1.0,0.0,20260922,main,pass,pass,0,0,10496.0,0.69745,0.00443839989603,0.701888399896,0.039310899896,2.364816205360026,0.014953944247483232,0.26699973869252475,0.02437954850886625,0.00015416437368539413,0.0027525746256961314,cuSPARSE 12.8.6,CUDA,13040,13000,2026-10-08T01:03:59.700898+00:00,derived,csr-alg3,0,0,,,,5,20,4,true
3,A100-SXM4-80GB-suitesparse_all-fp64-n64-row-major-cuSPARSE-SpMM-CSR-solve-only,cuSPARSE-SpMM-CSR-best-solve-only,cuSPARSE CUDA 13.4.1 CSR PER MATRIX BEST,per-matrix-best,cuSPARSE-SpMM-CSR,best,solve-only,"csr-alg1,csr-alg2,csr-alg3,csr-default",manual-selection,csr,CUSPARSE_SPMM_CSR_ALG2,library-preprocess,spmm.csr.fp64,fp64,A100-SXM4-80GB,A100-SXM4-80GB,,9700.0,df7f742d-c1c4-51c9-b7da-d151d8293f2c,suitesparse_all,Oberwolfach/LFAT5000,LFAT5000,19994,19994,79966,64,row-major,N,N,1.0,0.0,20260922,main,pass,pass,0,0,10235648.0,0.05226,0.0331775993109,0.0854375993109,0.0357905993109,308.5108088769169,119.80261714462934,285.9870523845277,3.1805238028548137,1.23507852726422,2.9483201276755433,cuSPARSE 12.8.6,CUDA,13040,13000,2026-10-08T20:20:13.115467+00:00,derived,csr-alg2,0,0,,,,5,20,4,true
3,A100-SXM4-80GB-suitesparse_all-fp64-n64-row-major-cuSPARSE-SpMM-CSR-solve-only,cuSPARSE-SpMM-CSR-best-solve-only,cuSPARSE CUDA 13.4.1 CSR PER MATRIX BEST,per-matrix-best,cuSPARSE-SpMM-CSR,best,solve-only,"csr-alg1,csr-alg2,csr-alg3,csr-default",manual-selection,csr,CUSPARSE_SPMM_CSR_ALG3,library-preprocess,spmm.csr.fp64,fp64,A100-SXM4-80GB,A100-SXM4-80GB,,9700.0,0edb0287-e1df-52fd-b14b-f9e504b96222,suitesparse_all,Oberwolfach/piston,piston,2025,2025,100015,64,row-major,N,N,1.0,0.0,20260922,main,pass,pass,0,0,12801920.0,0.05799,0.0144896000624,0.0724796000624,0.0173891000624,883.5247311774001,176.62790618295935,736.203711178893,9.108502383272166,1.8209062493088592,7.589728981225701,cuSPARSE 12.8.6,CUDA,13040,13000,2026-10-07T20:11:41.330591+00:00,derived,csr-alg3,0,0,,,,5,20,4,true
3,A100-SXM4-80GB-suitesparse_all-fp64-n64-row-major-cuSPARSE-SpMM-CSR-solve-only,cuSPARSE-SpMM-CSR-best-solve-only,cuSPARSE CUDA 13.4.1 CSR PER MATRIX BEST,per-matrix-best,cuSPARSE-SpMM-CSR,best,solve-only,"csr-alg1,csr-alg2,csr-alg3,csr-default",manual-selection,csr,CUSPARSE_SPMM_CSR_ALG3,library-preprocess,spmm.csr.fp64,fp64,A100-SXM4-80GB,A100-SXM4-80GB,,9700.0,1cb4d392-df77-5092-a407-ab8ee1286933,suitesparse_all,Oberwolfach/spiral,spiral,1434,1434,18228,64,row-major,N,N,1.0,0.0,20260922,main,pass,pass,0,0,2333184.0,0.08007,0.0104592002928,0.0905292002928,0.0144627002928,223.07479871153615,25.772722971745544,161.3242307981404,2.2997401929024344,0.2656981749664489,1.6631363999808289,cuSPARSE 12.8.6,CUDA,13040,13000,2026-10-08T01:04:00.599811+00:00,derived,csr-alg3,0,0,,,,5,20,4,true
3,A100-SXM4-80GB-suitesparse_all-fp64-n64-row-major-cuSPARSE-SpMM-CSR-solve-only,cuSPARSE-SpMM-CSR-best-solve-only,cuSPARSE CUDA 13.4.1 CSR PER MATRIX BEST,per-matrix-best,cuSPARSE-SpMM-CSR,best,solve-only,"csr-alg1,csr-alg2,csr-alg3,csr-default",manual-selection,csr,CUSPARSE_SPMM_CSR_ALG3,library-preprocess,spmm.csr.fp64,fp64,A100-SXM4-80GB,A100-SXM4-80GB,,9700.0,df7f742d-c1c4-51c9-b7da-d151d8293f2c,suitesparse_all,Oberwolfach/t2dah,t2dah,11445,11445,176117,64,row-major,N,N,1.0,0.0,20260922,main,pass,pass,0,0,22542976.0,0.12392,0.0309248000383,0.154844800038,0.0371208000383,728.9610918124221,145.58432698074327,607.2869112934235,7.515062802189918,1.5008693503169408,6.2606898071486965,cuSPARSE 12.8.6,CUDA,13040,13000,2026-10-08T22:55:17.449223+00:00,derived,csr-alg3,0,0,,,,5,20,4,true
3,A100-SXM4-80GB-suitesparse_all-fp64-n64-row-major-cuSPARSE-SpMM-CSR-solve-only,cuSPARSE-SpMM-CSR-best-solve-only,cuSPARSE CUDA 13.4.1 CSR PER MATRIX BEST,per-matrix-best,cuSPARSE-SpMM-CSR,best,solve-only,"csr-alg1,csr-alg2,csr-alg3,csr-default",manual-selection,csr,CUSPARSE_SPMM_CSR_ALG3,library-preprocess,spmm.csr.fp64,fp64,A100-SXM4-80GB,A100-SXM4-80GB,,9700.0,0edb0287-e1df-52fd-b14b-f9e504b96222,suitesparse_all,Oberwolfach/t2dal,t2dal,4257,4257,37465,64,row-major,N,N,1.0,0.0,20260922,main,pass,pass,0,0,4795520.0,0.137261,0.0131071999669,0.150368199967,0.0199702499669,365.86914154894015,31.89184948049143,240.13319853023418,3.7718468200921667,0.3287819534071282,2.475599984847775,cuSPARSE 12.8.6,CUDA,13040,13000,2026-10-07T20:11:43.043967+00:00,derived,csr-alg3,0,0,,,,5,20,4,true
3,A100-SXM4-80GB-suitesparse_all-fp64-n64-row-major-cuSPARSE-SpMM-CSR-solve-only,cuSPARSE-SpMM-CSR-best-solve-only,cuSPARSE CUDA 13.4.1 CSR PER MATRIX BEST,per-matrix-best,cuSPARSE-SpMM-CSR,best,solve-only,"csr-alg1,csr-alg2,csr-alg3,csr-default",manual-selection,csr,CUSPARSE_SPMM_CSR_ALG3,library-preprocess,spmm.csr.fp64,fp64,A100-SXM4-80GB,A100-SXM4-80GB,,9700.0,1cb4d392-df77-5092-a407-ab8ee1286933,suitesparse_all,Oberwolfach/t2dal_a,t2dal_a,4257,4257,37465,64,row-major,N,N,1.0,0.0,20260922,main,pass,pass,0,0,4795520.0,0.07193,0.010956799984,0.082886799984,0.014553299984,437.6752342839884,57.85625697850201,329.51426860383754,4.512115817360705,0.5964562575103299,3.3970543155034796,cuSPARSE 12.8.6,CUDA,13040,13000,2026-10-08T00:59:31.075416+00:00,derived,csr-alg3,0,0,,,,5,20,4,true
3,A100-SXM4-80GB-suitesparse_all-fp64-n64-row-major-cuSPARSE-SpMM-CSR-solve-only,cuSPARSE-SpMM-CSR-best-solve-only,cuSPARSE CUDA 13.4.1 CSR PER MATRIX BEST,per-matrix-best,cuSPARSE-SpMM-CSR,best,solve-only,"csr-alg1,csr-alg2,csr-alg3,csr-default",manual-selection,csr,CUSPARSE_SPMM_CSR_ALG3,library-preprocess,spmm.csr.fp64,fp64,A100-SXM4-80GB,A100-SXM4-80GB,,9700.0,df7f742d-c1c4-51c9-b7da-d151d8293f2c,suitesparse_all,Oberwolfach/t2dal_e,t2dal_e,4257,4257,4257,64,row-major,N,N,1.0,0.0,20260922,main,pass,pass,0,0,544896.0,0.05954,0.0116223998368,0.0711623998368,0.0145993998368,46.883260570222,7.657077350533919,37.32317808205424,0.48333258319816497,0.07893894175808164,0.38477503177375505,cuSPARSE 12.8.6,CUDA,13040,13000,2026-10-08T22:52:17.151053+00:00,derived,csr-alg3,0,0,,,,5,20,4,true
3,A100-SXM4-80GB-suitesparse_all-fp64-n64-row-major-cuSPARSE-SpMM-CSR-solve-only,cuSPARSE-SpMM-CSR-best-solve-only,cuSPARSE CUDA 13.4.1 CSR PER MATRIX BEST,per-matrix-best,cuSPARSE-SpMM-CSR,best,solve-only,"csr-alg1,csr-alg2,csr-alg3,csr-default",manual-selection,csr,CUSPARSE_SPMM_CSR_ALG3,library-preprocess,spmm.csr.fp64,fp64,A100-SXM4-80GB,A100-SXM4-80GB,,9700.0,0edb0287-e1df-52fd-b14b-f9e504b96222,suitesparse_all,Oberwolfach/t3dh_e,t3dh_e,79171,79171,4352105,64,row-major,N,N,1.0,0.0,20260922,main,pass,pass,0,0,557069440.0,0.22512,0.646384000778,0.871504000778,0.657640000778,861.8243015444391,639.2046846631785,847.0735346709093,8.884786613860198,6.58973901714617,8.732716852277415,cuSPARSE 12.8.6,CUDA,13040,13000,2026-10-07T20:07:18.529149+00:00,derived,csr-alg3,0,0,,,,5,20,4,true
3,A100-SXM4-80GB-suitesparse_all-fp64-n64-row-major-cuSPARSE-SpMM-CSR-solve-only,cuSPARSE-SpMM-CSR-best-solve-only,cuSPARSE CUDA 13.4.1 CSR PER MATRIX BEST,per-matrix-best,cuSPARSE-SpMM-CSR,best,solve-only,"csr-alg1,csr-alg2,csr-alg3,csr-default",manual-selection,csr,CUSPARSE_SPMM_CSR_ALG3,library-preprocess,spmm.csr.fp64,fp64,A100-SXM4-80GB,A100-SXM4-80GB,,9700.0,df7f742d-c1c4-51c9-b7da-d151d8293f2c,suitesparse_all,Okunbor/aft01,aft01,8205,8205,125567,64,row-major,N,N,1.0,0.0,20260922,main,pass,pass,0,0,16072576.0,0.11743,0.0233472004533,0.140777200453,0.0292187004533,688.4155568094344,114.17030561966605,550.0784001563883,7.097067595973551,1.1770134599965572,5.670911341818436,cuSPARSE 12.8.6,CUDA,13040,13000,2026-10-08T22:49:06.678253+00:00,derived,csr-alg3,0,0,,,,5,20,4,true
3,A100-SXM4-80GB-suitesparse_all-fp64-n64-row-major-cuSPARSE-SpMM-CSR-solve-only,cuSPARSE-SpMM-CSR-best-solve-only,cuSPARSE CUDA 13.4.1 CSR PER MATRIX BEST,per-matrix-best,cuSPARSE-SpMM-CSR,best,solve-only,"csr-alg1,csr-alg2,csr-alg3,csr-default",manual-selection,csr,CUSPARSE_SPMM_CSR_ALG3,library-preprocess,spmm.csr.fp64,fp64,A100-SXM4-80GB,A100-SXM4-80GB,,9700.0,0edb0287-e1df-52fd-b14b-f9e504b96222,suitesparse_all,Pajek/Cities,Cities,55,46,1342,64,row-major,N,N,1.0,0.0,20260922,main,pass,pass,0,0,171776.0,0.05034,0.00793600007892,0.0582760000789,0.0104530000789,21.645161075071055,2.9476285223322143,16.433176954311904,0.22314599046465003,0.030387922910641386,0.16941419540527736,cuSPARSE 12.8.6,CUDA,13040,13000,2026-10-07T20:11:44.240026+00:00,derived,csr-alg3,0,0,,,,5,20,4,true
3,A100-SXM4-80GB-suitesparse_all-fp64-n64-row-major-cuSPARSE-SpMM-CSR-solve-only,cuSPARSE-SpMM-CSR-best-solve-only,cuSPARSE CUDA 13.4.1 CSR PER MATRIX BEST,per-matrix-best,cuSPARSE-SpMM-CSR,best,solve-only,"csr-alg1,csr-alg2,csr-alg3,csr-default",manual-selection,csr,CUSPARSE_SPMM_CSR_ALG2,library-preprocess,spmm.csr.fp64,fp64,A100-SXM4-80GB,A100-SXM4-80GB,,9700.0,1cb4d392-df77-5092-a407-ab8ee1286933,suitesparse_all,Pajek/EAT_SR,EAT_SR,23219,23219,325589,64,row-major,N,N,1.0,0.0,20260922,main,pass,pass,0,0,41675392.0,0.07216,0.0657407999039,0.137900799904,0.0693487999039,633.9349697740391,302.21283726426844,600.9533266293233,6.535412059526177,3.1155962604563756,6.195395119889931,cuSPARSE 12.8.6,CUDA,13040,13000,2026-10-07T22:57:14.484210+00:00,derived,csr-alg2,0,0,,,,5,20,4,true
3,A100-SXM4-80GB-suitesparse_all-fp64-n64-row-major-cuSPARSE-SpMM-CSR-solve-only,cuSPARSE-SpMM-CSR-best-solve-only,cuSPARSE CUDA 13.4.1 CSR PER MATRIX BEST,per-matrix-best,cuSPARSE-SpMM-CSR,best,solve-only,"csr-alg1,csr-alg2,csr-alg3,csr-default",manual-selection,csr,CUSPARSE_SPMM_CSR_ALG3,library-preprocess,spmm.csr.fp64,fp64,A100-SXM4-80GB,A100-SXM4-80GB,,9700.0,df7f742d-c1c4-51c9-b7da-d151d8293f2c,suitesparse_all,Pajek/EPA,EPA,4772,4772,8965,64,row-major,N,N,1.0,0.0,20260922,main,pass,pass,0,0,1147520.0,0.12669,0.0231424003839,0.149832400384,0.0294769003839,49.585176168601826,7.658690624051024,38.92946629581055,0.5111873831814621,0.07895557344382499,0.40133470408052113,cuSPARSE 12.8.6,CUDA,13040,13000,2026-10-08T22:57:27.116604+00:00,derived,csr-alg3,0,0,,,,5,20,4,true
3,A100-SXM4-80GB-suitesparse_all-fp64-n64-row-major-cuSPARSE-SpMM-CSR-solve-only,cuSPARSE-SpMM-CSR-best-solve-only,cuSPARSE CUDA 13.4.1 CSR PER MATRIX BEST,per-matrix-best,cuSPARSE-SpMM-CSR,best,solve-only,"csr-alg1,csr-alg2,csr-alg3,csr-default",manual-selection,csr,CUSPARSE_SPMM_CSR_ALG3,library-preprocess,spmm.csr.fp64,fp64,A100-SXM4-80GB,A100-SXM4-80GB,,9700.0,0edb0287-e1df-52fd-b14b-f9e504b96222,suitesparse_all,Pajek/Erdos971,Erdos971,472,472,2628,64,row-major,N,N,1.0,0.0,20260922,main,pass,pass,0,0,336384.0,0.0598,0.00839679986238,0.0681967998624,0.0113867998624,40.06097626633854,4.932548164704482,29.54157481161702,0.4129997553230778,0.0508510120072627,0.3045523176455363,cuSPARSE 12.8.6,CUDA,13040,13000,2026-10-07T20:11:45.308375+00:00,derived,csr-alg3,0,0,,,,5,20,4,true
3,A100-SXM4-80GB-suitesparse_all-fp64-n64-row-major-cuSPARSE-SpMM-CSR-solve-only,cuSPARSE-SpMM-CSR-best-solve-only,cuSPARSE CUDA 13.4.1 CSR PER MATRIX BEST,per-matrix-best,cuSPARSE-SpMM-CSR,best,solve-only,"csr-alg1,csr-alg2,csr-alg3,csr-default",manual-selection,csr,CUSPARSE_SPMM_CSR_ALG3,library-preprocess,spmm.csr.fp64,fp64,A100-SXM4-80GB,A100-SXM4-80GB,,9700.0,1cb4d392-df77-5092-a407-ab8ee1286933,suitesparse_all,Pajek/Erdos992,Erdos992,6100,6100,15030,64,row-major,N,N,1.0,0.0,20260922,main,pass,pass,0,0,1923840.0,0.06638,0.0143360003829,0.0807160003829,0.0176550003829,134.19642498717835,23.834679504357265,108.96856178283419,1.38346829883689,0.245718345405745,1.1233872348745793,cuSPARSE 12.8.6,CUDA,13040,13000,2026-10-08T01:04:19.402667+00:00,derived,csr-alg3,0,0,,,,5,20,4,true
3,A100-SXM4-80GB-suitesparse_all-fp64-n64-row-major-cuSPARSE-SpMM-CSR-solve-only,cuSPARSE-SpMM-CSR-best-solve-only,cuSPARSE CUDA 13.4.1 CSR PER MATRIX BEST,per-matrix-best,cuSPARSE-SpMM-CSR,best,solve-only,"csr-alg1,csr-alg2,csr-alg3,csr-default",manual-selection,csr,CUSPARSE_SPMM_CSR_ALG3,library-preprocess,spmm.csr.fp64,fp64,A100-SXM4-80GB,A100-SXM4-80GB,,9700.0,df7f742d-c1c4-51c9-b7da-d151d8293f2c,suitesparse_all,Pajek/EVA,EVA,8497,8497,6726,64,row-major,N,N,1.0,0.0,20260922,main,pass,pass,0,0,860928.0,0.12851,0.0282624006271,0.156772400627,0.0346879006271,30.461955845834307,5.491578852889794,24.819259293178387,0.31404078191581764,0.0566142149782453,0.2558686525069937,cuSPARSE 12.8.6,CUDA,13040,13000,2026-10-08T22:57:27.840310+00:00,derived,csr-alg3,0,0,,,,5,20,4,true
3,A100-SXM4-80GB-suitesparse_all-fp64-n64-row-major-cuSPARSE-SpMM-CSR-solve-only,cuSPARSE-SpMM-CSR-best-solve-only,cuSPARSE CUDA 13.4.1 CSR PER MATRIX BEST,per-matrix-best,cuSPARSE-SpMM-CSR,best,solve-only,"csr-alg1,csr-alg2,csr-alg3,csr-default",manual-selection,csr,CUSPARSE_SPMM_CSR_ALG3,library-preprocess,spmm.csr.fp64,fp64,A100-SXM4-80GB,A100-SXM4-80GB,,9700.0,0edb0287-e1df-52fd-b14b-f9e504b96222,suitesparse_all,Pajek/foldoc,foldoc,13356,13356,120238,64,row-major,N,N,1.0,0.0,20260922,main,pass,pass,0,0,15390464.0,0.12799,0.0309248000383,0.158914800038,0.0373243000383,497.6738404432395,96.84726656245866,412.3443436101203,5.130658148899377,0.9984254284789553,4.250972614537322,cuSPARSE 12.8.6,CUDA,13040,13000,2026-10-07T20:11:46.748290+00:00,derived,csr-alg3,0,0,,,,5,20,4,true
3,A100-SXM4-80GB-suitesparse_all-fp64-n64-row-major-cuSPARSE-SpMM-CSR-solve-only,cuSPARSE-SpMM-CSR-best-solve-only,cuSPARSE CUDA 13.4.1 CSR PER MATRIX BEST,per-matrix-best,cuSPARSE-SpMM-CSR,best,solve-only,"csr-alg1,csr-alg2,csr-alg3,csr-default",manual-selection,csr,CUSPARSE_SPMM_CSR_ALG3,library-preprocess,spmm.csr.fp64,fp64,A100-SXM4-80GB,A100-SXM4-80GB,,9700.0,1cb4d392-df77-5092-a407-ab8ee1286933,suitesparse_all,Pajek/GD01_Acap,GD01_Acap,953,953,645,64,row-major,N,N,1.0,0.0,20260922,main,pass,pass,0,0,82560.0,0.0612,0.00629760026932,0.0674976002693,0.00935760026932,13.109755536915753,1.2231545961723744,8.822774816603648,0.1351521189372758,0.012609841197653345,0.09095644140828503,cuSPARSE 12.8.6,CUDA,13040,13000,2026-10-08T01:04:20.000576+00:00,derived,csr-alg3,0,0,,,,5,20,4,true
3,A100-SXM4-80GB-suitesparse_all-fp64-n64-row-major-cuSPARSE-SpMM-CSR-solve-only,cuSPARSE-SpMM-CSR-best-solve-only,cuSPARSE CUDA 13.4.1 CSR PER MATRIX BEST,per-matrix-best,cuSPARSE-SpMM-CSR,best,solve-only,"csr-alg1,csr-alg2,csr-alg3,csr-default",manual-selection,csr,CUSPARSE_SPMM_CSR_ALG3,library-preprocess,spmm.csr.fp64,fp64,A100-SXM4-80GB,A100-SXM4-80GB,,9700.0,df7f742d-c1c4-51c9-b7da-d151d8293f2c,suitesparse_all,Pajek/GD01_b,GD01_b,18,18,37,64,row-major,N,N,1.0,0.0,20260922,main,pass,pass,0,0,4736.0,0.058071,0.00558080002666,0.0636518000267,0.00848435002666,0.8486238491570542,0.07440480863091684,0.5582042213155133,0.008748699475845919,0.0007670598827929571,0.005754682693974364,cuSPARSE 12.8.6,CUDA,13040,13000,2026-10-08T22:57:28.478602+00:00,derived,csr-alg3,0,0,,,,5,20,4,true
3,A100-SXM4-80GB-suitesparse_all-fp64-n64-row-major-cuSPARSE-SpMM-CSR-solve-only,cuSPARSE-SpMM-CSR-best-solve-only,cuSPARSE CUDA 13.4.1 CSR PER MATRIX BEST,per-matrix-best,cuSPARSE-SpMM-CSR,best,solve-only,"csr-alg1,csr-alg2,csr-alg3,csr-default",manual-selection,csr,CUSPARSE_SPMM_CSR_ALG3,library-preprocess,spmm.csr.fp64,fp64,A100-SXM4-80GB,A100-SXM4-80GB,,9700.0,0edb0287-e1df-52fd-b14b-f9e504b96222,suitesparse_all,Pajek/GD02_a,GD02_a,23,23,87,64,row-major,N,N,1.0,0.0,20260922,main,pass,pass,0,0,11136.0,0.0476,0.00563200004399,0.053232000044,0.00801200004399,1.9772727118287952,0.20919747502996902,1.3899151196776878,0.0203842547611216,0.0021566750003089593,0.014329021852347296,cuSPARSE 12.8.6,CUDA,13040,13000,2026-10-07T20:11:47.554293+00:00,derived,csr-alg3,0,0,,,,5,20,4,true
3,A100-SXM4-80GB-suitesparse_all-fp64-n64-row-major-cuSPARSE-SpMM-CSR-solve-only,cuSPARSE-SpMM-CSR-best-solve-only,cuSPARSE CUDA 13.4.1 CSR PER MATRIX BEST,per-matrix-best,cuSPARSE-SpMM-CSR,best,solve-only,"csr-alg1,csr-alg2,csr-alg3,csr-default",manual-selection,csr,CUSPARSE_SPMM_CSR_ALG3,library-preprocess,spmm.csr.fp64,fp64,A100-SXM4-80GB,A100-SXM4-80GB,,9700.0,1cb4d392-df77-5092-a407-ab8ee1286933,suitesparse_all,Pajek/GD95_b,GD95_b,73,73,96,64,row-major,N,N,1.0,0.0,20260922,main,pass,pass,0,0,12288.0,0.05532,0.00680959969759,0.0621295996976,0.00957559969759,1.8045113583326893,0.19778012509027434,1.2832616638196208,0.018603209879718446,0.0020389703617554058,0.013229501688862071,cuSPARSE 12.8.6,CUDA,13040,13000,2026-10-08T01:04:20.637035+00:00,derived,csr-alg3,0,0,,,,5,20,4,true
3,A100-SXM4-80GB-suitesparse_all-fp64-n64-row-major-cuSPARSE-SpMM-CSR-solve-only,cuSPARSE-SpMM-CSR-best-solve-only,cuSPARSE CUDA 13.4.1 CSR PER MATRIX BEST,per-matrix-best,cuSPARSE-SpMM-CSR,best,solve-only,"csr-alg1,csr-alg2,csr-alg3,csr-default",manual-selection,csr,CUSPARSE_SPMM_CSR_ALG3,library-preprocess,spmm.csr.fp64,fp64,A100-SXM4-80GB,A100-SXM4-80GB,,9700.0,df7f742d-c1c4-51c9-b7da-d151d8293f2c,suitesparse_all,Pajek/GD95_c,GD95_c,62,62,287,64,row-major,N,N,1.0,0.0,20260922,main,pass,pass,0,0,36736.0,0.05181,0.00583680011332,0.0576468001133,0.00842730011332,6.293859526929112,0.6372600027720262,4.3591659850746165,0.0648851497621558,0.0065696907502270745,0.044939855516233154,cuSPARSE 12.8.6,CUDA,13040,13000,2026-10-08T22:57:29.098115+00:00,derived,csr-alg3,0,0,,,,5,20,4,true
3,A100-SXM4-80GB-suitesparse_all-fp64-n64-row-major-cuSPARSE-SpMM-CSR-solve-only,cuSPARSE-SpMM-CSR-best-solve-only,cuSPARSE CUDA 13.4.1 CSR PER MATRIX BEST,per-matrix-best,cuSPARSE-SpMM-CSR,best,solve-only,"csr-alg1,csr-alg2,csr-alg3,csr-default",manual-selection,csr,CUSPARSE_SPMM_CSR_ALG3,library-preprocess,spmm.csr.fp64,fp64,A100-SXM4-80GB,A100-SXM4-80GB,,9700.0,0edb0287-e1df-52fd-b14b-f9e504b96222,suitesparse_all,Pajek/GD96_b,GD96_b,111,111,193,64,row-major,N,N,1.0,0.0,20260922,main,pass,pass,0,0,24704.0,0.051051,0.00563200004399,0.056683000044,0.00818455004399,4.38636360210296,0.43582732002229235,3.018369961356691,0.04522024332064907,0.004493065154868993,0.031117216096460735,cuSPARSE 12.8.6,CUDA,13040,13000,2026-10-07T20:11:48.608177+00:00,derived,csr-alg3,0,0,,,,5,20,4,true
3,A100-SXM4-80GB-suitesparse_all-fp64-n64-row-major-cuSPARSE-SpMM-CSR-solve-only,cuSPARSE-SpMM-CSR-best-solve-only,cuSPARSE CUDA 13.4.1 CSR PER MATRIX BEST,per-matrix-best,cuSPARSE-SpMM-CSR,best,solve-only,"csr-alg1,csr-alg2,csr-alg3,csr-default",manual-selection,csr,CUSPARSE_SPMM_CSR_ALG3,library-preprocess,spmm.csr.fp64,fp64,A100-SXM4-80GB,A100-SXM4-80GB,,9700.0,1cb4d392-df77-5092-a407-ab8ee1286933,suitesparse_all,Pajek/GD97_c,GD97_c,452,452,460,64,row-major,N,N,1.0,0.0,20260922,main,pass,pass,0,0,58880.0,0.05651,0.0121344000101,0.0686444000101,0.0149599000101,4.852320671066683,0.8577538734599863,3.9358551835405224,0.050023924443986414,0.008842823437731817,0.04057582663443838,cuSPARSE 12.8.6,CUDA,13040,13000,2026-10-08T01:04:21.262879+00:00,derived,csr-alg3,0,0,,,,5,20,4,true
3,A100-SXM4-80GB-suitesparse_all-fp64-n64-row-major-cuSPARSE-SpMM-CSR-solve-only,cuSPARSE-SpMM-CSR-best-solve-only,cuSPARSE CUDA 13.4.1 CSR PER MATRIX BEST,per-matrix-best,cuSPARSE-SpMM-CSR,best,solve-only,"csr-alg1,csr-alg2,csr-alg3,csr-default",manual-selection,csr,CUSPARSE_SPMM_CSR_ALG3,library-preprocess,spmm.csr.fp64,fp64,A100-SXM4-80GB,A100-SXM4-80GB,,9700.0,df7f742d-c1c4-51c9-b7da-d151d8293f2c,suitesparse_all,Pajek/GD98_a,GD98_a,38,38,50,64,row-major,N,N,1.0,0.0,20260922,main,pass,pass,0,0,6400.0,0.07348,0.00568320006132,0.0791632000613,0.00935720006132,1.1261261139755678,0.08084564538881907,0.6839652842794051,0.011609547566758431,0.0008334602617404028,0.007051188497725826,cuSPARSE 12.8.6,CUDA,13040,13000,2026-10-08T22:57:29.758176+00:00,derived,csr-alg3,0,0,,,,5,20,4,true
3,A100-SXM4-80GB-suitesparse_all-fp64-n64-row-major-cuSPARSE-SpMM-CSR-solve-only,cuSPARSE-SpMM-CSR-best-solve-only,cuSPARSE CUDA 13.4.1 CSR PER MATRIX BEST,per-matrix-best,cuSPARSE-SpMM-CSR,best,solve-only,"csr-alg1,csr-alg2,csr-alg3,csr-default",manual-selection,csr,CUSPARSE_SPMM_CSR_ALG3,library-preprocess,spmm.csr.fp64,fp64,A100-SXM4-80GB,A100-SXM4-80GB,,9700.0,0edb0287-e1df-52fd-b14b-f9e504b96222,suitesparse_all,Pajek/GD98_c,GD98_c,112,112,336,64,row-major,N,N,1.0,0.0,20260922,main,pass,pass,0,0,43008.0,0.05242,0.00568320006132,0.0581032000613,0.00830420006132,7.5675674859158155,0.740200194733263,5.1790659765443605,0.07801615964861666,0.007630929842610959,0.05339243274788,cuSPARSE 12.8.6,CUDA,13040,13000,2026-10-07T20:11:49.668091+00:00,derived,csr-alg3,0,0,,,,5,20,4,true
3,A100-SXM4-80GB-suitesparse_all-fp64-n64-row-major-cuSPARSE-SpMM-CSR-solve-only,cuSPARSE-SpMM-CSR-best-solve-only,cuSPARSE CUDA 13.4.1 CSR PER MATRIX BEST,per-matrix-best,cuSPARSE-SpMM-CSR,best,solve-only,"csr-alg1,csr-alg2,csr-alg3,csr-default",manual-selection,csr,CUSPARSE_SPMM_CSR_ALG2,library-preprocess,spmm.csr.fp64,fp64,A100-SXM4-80GB,A100-SXM4-80GB,,9700.0,1cb4d392-df77-5092-a407-ab8ee1286933,suitesparse_all,Pajek/HEP-th,HEP-th,27240,27240,342437,64,row-major,N,N,1.0,0.0,20260922,main,pass,pass,0,0,43831936.0,0.089,0.0779263973236,0.166926397324,0.0823763973236,562.478665836198,262.5824117854967,532.0933838343838,5.798749132331939,2.7070351730463575,5.485498802416328,cuSPARSE 12.8.6,CUDA,13040,13000,2026-10-07T22:57:19.636638+00:00,derived,csr-alg2,0,0,,,,5,20,4,true
3,A100-SXM4-80GB-suitesparse_all-fp64-n64-row-major-cuSPARSE-SpMM-CSR-solve-only,cuSPARSE-SpMM-CSR-best-solve-only,cuSPARSE CUDA 13.4.1 CSR PER MATRIX BEST,per-matrix-best,cuSPARSE-SpMM-CSR,best,solve-only,"csr-alg1,csr-alg2,csr-alg3,csr-default",manual-selection,csr,CUSPARSE_SPMM_CSR_ALG2,library-preprocess,spmm.csr.fp64,fp64,A100-SXM4-80GB,A100-SXM4-80GB,,9700.0,df7f742d-c1c4-51c9-b7da-d151d8293f2c,suitesparse_all,Pajek/HEP-th-new,HEP-th-new,27770,27770,352807,64,row-major,N,N,1.0,0.0,20260922,main,pass,pass,0,0,45159296.0,0.0487,0.0942080020905,0.14290800209,0.0966430020905,479.35732631945814,316.0025704617979,467.2795238470676,4.941828106386166,3.2577584583690506,4.817314678835748,cuSPARSE 12.8.6,CUDA,13040,13000,2026-10-08T20:22:31.097119+00:00,derived,csr-alg2,0,0,,,,5,20,4,true
3,A100-SXM4-80GB-suitesparse_all-fp64-n64-row-major-cuSPARSE-SpMM-CSR-solve-only,cuSPARSE-SpMM-CSR-best-solve-only,cuSPARSE CUDA 13.4.1 CSR PER MATRIX BEST,per-matrix-best,cuSPARSE-SpMM-CSR,best,solve-only,"csr-alg1,csr-alg2,csr-alg3,csr-default",manual-selection,csr,CUSPARSE_SPMM_CSR_ALG2,library-preprocess,spmm.csr.fp64,fp64,A100-SXM4-80GB,A100-SXM4-80GB,,9700.0,0edb0287-e1df-52fd-b14b-f9e504b96222,suitesparse_all,Pajek/internet,internet,124651,124651,207214,64,row-major,N,N,1.0,0.0,20260922,main,pass,pass,0,0,26523392.0,0.04898,0.150015997887,0.198995997887,0.152464997887,176.80375675652155,133.2860574163975,173.96381049805223,1.8227191418198099,1.374083066148428,1.7934413453407447,cuSPARSE 12.8.6,CUDA,13040,13000,2026-10-07T17:55:10.966245+00:00,derived,csr-alg2,0,0,,,,5,20,4,true
3,A100-SXM4-80GB-suitesparse_all-fp64-n64-row-major-cuSPARSE-SpMM-CSR-solve-only,cuSPARSE-SpMM-CSR-best-solve-only,cuSPARSE CUDA 13.4.1 CSR PER MATRIX BEST,per-matrix-best,cuSPARSE-SpMM-CSR,best,solve-only,"csr-alg1,csr-alg2,csr-alg3,csr-default",manual-selection,csr,CUSPARSE_SPMM_CSR_ALG2,library-preprocess,spmm.csr.fp64,fp64,A100-SXM4-80GB,A100-SXM4-80GB,,9700.0,0edb0287-e1df-52fd-b14b-f9e504b96222,suitesparse_all,Pajek/patents_main,patents_main,240547,240547,560943,64,row-major,N,N,1.0,0.0,20260922,main,pass,pass,0,0,71800704.0,0.09351,0.269004797935,0.362514797935,0.273680297935,266.91235454227586,198.06282228753065,262.3524767466196,2.7516737581677924,2.0418847658508312,2.704664708728037,cuSPARSE 12.8.6,CUDA,13040,13000,2026-10-07T17:55:16.123045+00:00,derived,csr-alg2,0,0,,,,5,20,4,true
3,A100-SXM4-80GB-suitesparse_all-fp64-n64-row-major-cuSPARSE-SpMM-CSR-solve-only,cuSPARSE-SpMM-CSR-best-solve-only,cuSPARSE CUDA 13.4.1 CSR PER MATRIX BEST,per-matrix-best,cuSPARSE-SpMM-CSR,best,solve-only,"csr-alg1,csr-alg2,csr-alg3,csr-default",manual-selection,csr,CUSPARSE_SPMM_CSR_ALG3,library-preprocess,spmm.csr.fp64,fp64,A100-SXM4-80GB,A100-SXM4-80GB,,9700.0,1cb4d392-df77-5092-a407-ab8ee1286933,suitesparse_all,Pajek/Roget,Roget,1022,1022,5075,64,row-major,N,N,1.0,0.0,20260922,main,pass,pass,0,0,649600.0,0.05692,0.00814080014825,0.0650608001482,0.0109868001482,79.79559603113981,9.984506777050022,59.125495252266504,0.8226350106303073,0.10293305955721672,0.6095411881676959,cuSPARSE 12.8.6,CUDA,13040,13000,2026-10-08T01:04:30.363163+00:00,derived,csr-alg3,0,0,,,,5,20,4,true
3,A100-SXM4-80GB-suitesparse_all-fp64-n64-row-major-cuSPARSE-SpMM-CSR-solve-only,cuSPARSE-SpMM-CSR-best-solve-only,cuSPARSE CUDA 13.4.1 CSR PER MATRIX BEST,per-matrix-best,cuSPARSE-SpMM-CSR,best,solve-only,"csr-alg1,csr-alg2,csr-alg3,csr-default",manual-selection,csr,CUSPARSE_SPMM_CSR_ALG3,library-preprocess,spmm.csr.fp64,fp64,A100-SXM4-80GB,A100-SXM4-80GB,,9700.0,df7f742d-c1c4-51c9-b7da-d151d8293f2c,suitesparse_all,Pajek/Sandi_authors,Sandi_authors,86,86,248,64,row-major,N,N,1.0,0.0,20260922,main,pass,pass,0,0,31744.0,0.063721,0.00588800013065,0.0696090001307,0.00907405013065,5.3913042281973675,0.4560329833842821,3.4983275982547486,0.05558045596079761,0.004701370962724558,0.03606523297169844,cuSPARSE 12.8.6,CUDA,13040,13000,2026-10-08T22:57:33.019981+00:00,derived,csr-alg3,0,0,,,,5,20,4,true
3,A100-SXM4-80GB-suitesparse_all-fp64-n64-row-major-cuSPARSE-SpMM-CSR-solve-only,cuSPARSE-SpMM-CSR-best-solve-only,cuSPARSE CUDA 13.4.1 CSR PER MATRIX BEST,per-matrix-best,cuSPARSE-SpMM-CSR,best,solve-only,"csr-alg1,csr-alg2,csr-alg3,csr-default",manual-selection,csr,CUSPARSE_SPMM_CSR_ALG3,library-preprocess,spmm.csr.fp64,fp64,A100-SXM4-80GB,A100-SXM4-80GB,,9700.0,0edb0287-e1df-52fd-b14b-f9e504b96222,suitesparse_all,Pajek/SciMet,SciMet,3084,3084,10413,64,row-major,N,N,1.0,0.0,20260922,main,pass,pass,0,0,1332864.0,0.06391,0.0164864003658,0.0803964003658,0.0196819003658,80.84627149810959,16.578652700065287,67.72028997342319,0.8334667164753565,0.17091394536149782,0.6981473193136412,cuSPARSE 12.8.6,CUDA,13040,13000,2026-10-07T20:11:59.452002+00:00,derived,csr-alg3,0,0,,,,5,20,4,true
3,A100-SXM4-80GB-suitesparse_all-fp64-n64-row-major-cuSPARSE-SpMM-CSR-solve-only,cuSPARSE-SpMM-CSR-best-solve-only,cuSPARSE CUDA 13.4.1 CSR PER MATRIX BEST,per-matrix-best,cuSPARSE-SpMM-CSR,best,solve-only,"csr-alg1,csr-alg2,csr-alg3,csr-default",manual-selection,csr,CUSPARSE_SPMM_CSR_ALG3,library-preprocess,spmm.csr.fp64,fp64,A100-SXM4-80GB,A100-SXM4-80GB,,9700.0,1cb4d392-df77-5092-a407-ab8ee1286933,suitesparse_all,Pajek/Tina_AskCog,Tina_AskCog,11,11,36,64,row-major,N,N,1.0,0.0,20260922,main,pass,pass,0,0,4608.0,0.05715,0.00558080002666,0.0627308000267,0.00843830002666,0.8256880694501068,0.07345673892312396,0.5460815549863677,0.008512248138660895,0.0007572859682796285,0.00562970675243678,cuSPARSE 12.8.6,CUDA,13040,13000,2026-10-08T01:04:30.946755+00:00,derived,csr-alg3,0,0,,,,5,20,4,true
3,A100-SXM4-80GB-suitesparse_all-fp64-n64-row-major-cuSPARSE-SpMM-CSR-solve-only,cuSPARSE-SpMM-CSR-best-solve-only,cuSPARSE CUDA 13.4.1 CSR PER MATRIX BEST,per-matrix-best,cuSPARSE-SpMM-CSR,best,solve-only,"csr-alg1,csr-alg2,csr-alg3,csr-default",manual-selection,csr,CUSPARSE_SPMM_CSR_ALG3,library-preprocess,spmm.csr.fp64,fp64,A100-SXM4-80GB,A100-SXM4-80GB,,9700.0,df7f742d-c1c4-51c9-b7da-d151d8293f2c,suitesparse_all,Pajek/Tina_DisCal,Tina_DisCal,11,11,41,64,row-major,N,N,1.0,0.0,20260922,main,pass,pass,0,0,5248.0,0.05582,0.00558080002666,0.0614008000267,0.00837180002666,0.9403669679848439,0.08547119903515783,0.6268663827716552,0.009694504824586019,0.0008811463818057507,0.006462540028573765,cuSPARSE 12.8.6,CUDA,13040,13000,2026-10-08T22:57:33.641444+00:00,derived,csr-alg3,0,0,,,,5,20,4,true
3,A100-SXM4-80GB-suitesparse_all-fp64-n64-row-major-cuSPARSE-SpMM-CSR-solve-only,cuSPARSE-SpMM-CSR-best-solve-only,cuSPARSE CUDA 13.4.1 CSR PER MATRIX BEST,per-matrix-best,cuSPARSE-SpMM-CSR,best,solve-only,"csr-alg1,csr-alg2,csr-alg3,csr-default",manual-selection,csr,CUSPARSE_SPMM_CSR_ALG3,library-preprocess,spmm.csr.fp64,fp64,A100-SXM4-80GB,A100-SXM4-80GB,,9700.0,0edb0287-e1df-52fd-b14b-f9e504b96222,suitesparse_all,Pajek/USAir97,USAir97,332,332,4252,64,row-major,N,N,1.0,0.0,20260922,main,pass,pass,0,0,544256.0,0.05585,0.0157695993781,0.0716195993781,0.0185620993781,34.51298837406323,7.59926060360544,29.32082136367215,0.35580400385632194,0.07834289282067465,0.30227650890383656,cuSPARSE 12.8.6,CUDA,13040,13000,2026-10-07T20:12:00.355521+00:00,derived,csr-alg3,0,0,,,,5,20,4,true
3,A100-SXM4-80GB-suitesparse_all-fp64-n64-row-major-cuSPARSE-SpMM-CSR-solve-only,cuSPARSE-SpMM-CSR-best-solve-only,cuSPARSE CUDA 13.4.1 CSR PER MATRIX BEST,per-matrix-best,cuSPARSE-SpMM-CSR,best,solve-only,"csr-alg1,csr-alg2,csr-alg3,csr-default",manual-selection,csr,CUSPARSE_SPMM_CSR_ALG3,library-preprocess,spmm.csr.fp64,fp64,A100-SXM4-80GB,A100-SXM4-80GB,,9700.0,1cb4d392-df77-5092-a407-ab8ee1286933,suitesparse_all,Pajek/Zewail,Zewail,6752,6752,54233,64,row-major,N,N,1.0,0.0,20260922,main,pass,pass,0,0,6941824.0,0.06948,0.0327679991722,0.102247999172,0.0362419991722,211.84766160179117,67.89202777770322,191.54086856568432,2.183996511358672,0.6999178121412702,1.9746481295431373,cuSPARSE 12.8.6,CUDA,13040,13000,2026-10-08T01:04:31.734586+00:00,derived,csr-alg3,0,0,,,,5,20,4,true
3,A100-SXM4-80GB-suitesparse_all-fp64-n64-row-major-cuSPARSE-SpMM-CSR-solve-only,cuSPARSE-SpMM-CSR-best-solve-only,cuSPARSE CUDA 13.4.1 CSR PER MATRIX BEST,per-matrix-best,cuSPARSE-SpMM-CSR,best,solve-only,"csr-alg1,csr-alg2,csr-alg3,csr-default",manual-selection,csr,CUSPARSE_SPMM_CSR_ALG2,library-preprocess,spmm.csr.fp64,fp64,A100-SXM4-80GB,A100-SXM4-80GB,,9700.0,1cb4d392-df77-5092-a407-ab8ee1286933,suitesparse_all,PARSEC/Ga10As10H30,Ga10As10H30,113081,113081,6115633,64,row-major,N,N,1.0,0.0,20260922,main,pass,pass,0,0,782801024.0,0.05903,1.10044164658,1.15947164658,1.10339314658,711.3516890539565,675.1359779335398,709.4488727126095,7.333522567566562,6.960164720964328,7.313905904253707,cuSPARSE 12.8.6,CUDA,13040,13000,2026-10-07T22:54:22.949286+00:00,derived,csr-alg2,0,0,,,,5,20,4,true
3,A100-SXM4-80GB-suitesparse_all-fp64-n64-row-major-cuSPARSE-SpMM-CSR-solve-only,cuSPARSE-SpMM-CSR-best-solve-only,cuSPARSE CUDA 13.4.1 CSR PER MATRIX BEST,per-matrix-best,cuSPARSE-SpMM-CSR,best,solve-only,"csr-alg1,csr-alg2,csr-alg3,csr-default",manual-selection,csr,CUSPARSE_SPMM_CSR_ALG2,library-preprocess,spmm.csr.fp64,fp64,A100-SXM4-80GB,A100-SXM4-80GB,,9700.0,df7f742d-c1c4-51c9-b7da-d151d8293f2c,suitesparse_all,PARSEC/Ga19As19H42,Ga19As19H42,133123,133123,8884839,64,row-major,N,N,1.0,0.0,20260922,main,pass,pass,0,0,1137259392.0,0.09654,1.58714876175,1.68368876175,1.59197576175,716.5424057326868,675.4570190383347,714.3697908753666,7.387035110646256,6.963474423075615,7.364637019333675,cuSPARSE 12.8.6,CUDA,13040,13000,2026-10-08T20:18:34.105160+00:00,derived,csr-alg2,0,0,,,,5,20,4,true
3,A100-SXM4-80GB-suitesparse_all-fp64-n64-row-major-cuSPARSE-SpMM-CSR-solve-only,cuSPARSE-SpMM-CSR-best-solve-only,cuSPARSE CUDA 13.4.1 CSR PER MATRIX BEST,per-matrix-best,cuSPARSE-SpMM-CSR,best,solve-only,"csr-alg1,csr-alg2,csr-alg3,csr-default",manual-selection,csr,CUSPARSE_SPMM_CSR_ALG2,library-preprocess,spmm.csr.fp64,fp64,A100-SXM4-80GB,A100-SXM4-80GB,,9700.0,0edb0287-e1df-52fd-b14b-f9e504b96222,suitesparse_all,PARSEC/Ga41As41H72,Ga41As41H72,268096,268096,18488476,64,row-major,N,N,1.0,0.0,20260922,main,pass,pass,0,0,2366524928.0,0.46418,3.4261505127,3.8903305127,3.4493595127,690.7241579807435,608.309479175219,686.0766235838355,7.1208676080489015,6.271231744074424,7.072954882307582,cuSPARSE 12.8.6,CUDA,13040,13000,2026-10-07T17:53:49.211875+00:00,derived,csr-alg2,0,0,,,,5,20,4,true
3,A100-SXM4-80GB-suitesparse_all-fp64-n64-row-major-cuSPARSE-SpMM-CSR-solve-only,cuSPARSE-SpMM-CSR-best-solve-only,cuSPARSE CUDA 13.4.1 CSR PER MATRIX BEST,per-matrix-best,cuSPARSE-SpMM-CSR,best,solve-only,"csr-alg1,csr-alg2,csr-alg3,csr-default",manual-selection,csr,CUSPARSE_SPMM_CSR_ALG3,library-preprocess,spmm.csr.fp64,fp64,A100-SXM4-80GB,A100-SXM4-80GB,,9700.0,1cb4d392-df77-5092-a407-ab8ee1286933,suitesparse_all,PARSEC/Na5,Na5,5832,5832,305630,64,row-major,N,N,1.0,0.0,20260922,main,pass,pass,0,0,39120640.0,0.13055,0.0384512007236,0.169001200724,0.0449787007236,1017.4101006939198,231.48143227626457,869.7592276042263,10.488763924679587,2.386406518312006,8.966589975301302,cuSPARSE 12.8.6,CUDA,13040,13000,2026-10-08T01:01:26.342552+00:00,derived,csr-alg3,0,0,,,,5,20,4,true
3,A100-SXM4-80GB-suitesparse_all-fp64-n64-row-major-cuSPARSE-SpMM-CSR-solve-only,cuSPARSE-SpMM-CSR-best-solve-only,cuSPARSE CUDA 13.4.1 CSR PER MATRIX BEST,per-matrix-best,cuSPARSE-SpMM-CSR,best,solve-only,"csr-alg1,csr-alg2,csr-alg3,csr-default",manual-selection,csr,CUSPARSE_SPMM_CSR_ALG3,library-preprocess,spmm.csr.fp64,fp64,A100-SXM4-80GB,A100-SXM4-80GB,,9700.0,df7f742d-c1c4-51c9-b7da-d151d8293f2c,suitesparse_all,PARSEC/Si10H16,Si10H16,17077,17077,875923,64,row-major,N,N,1.0,0.0,20260922,main,pass,pass,0,0,112118144.0,0.12185,0.131532800198,0.253382800198,0.137625300198,852.3968457390507,442.4852196454847,814.6623029246574,8.787596347825264,4.561703295314275,8.398580442522242,cuSPARSE 12.8.6,CUDA,13040,13000,2026-10-08T22:53:48.352178+00:00,derived,csr-alg3,0,0,,,,5,20,4,true
3,A100-SXM4-80GB-suitesparse_all-fp64-n64-row-major-cuSPARSE-SpMM-CSR-solve-only,cuSPARSE-SpMM-CSR-best-solve-only,cuSPARSE CUDA 13.4.1 CSR PER MATRIX BEST,per-matrix-best,cuSPARSE-SpMM-CSR,best,solve-only,"csr-alg1,csr-alg2,csr-alg3,csr-default",manual-selection,csr,CUSPARSE_SPMM_CSR_ALG2,library-preprocess,spmm.csr.fp64,fp64,A100-SXM4-80GB,A100-SXM4-80GB,,9700.0,0edb0287-e1df-52fd-b14b-f9e504b96222,suitesparse_all,PARSEC/Si34H36,Si34H36,97569,97569,5156379,64,row-major,N,N,1.0,0.0,20260922,main,pass,pass,0,0,660016512.0,0.10342,0.914943981171,1.01836398117,0.920114981171,721.3736858023499,648.1145486329023,717.3196019045563,7.436842121673711,6.681593284875281,7.395047442315013,cuSPARSE 12.8.6,CUDA,13040,13000,2026-10-07T17:54:01.974139+00:00,derived,csr-alg2,0,0,,,,5,20,4,true
3,A100-SXM4-80GB-suitesparse_all-fp64-n64-row-major-cuSPARSE-SpMM-CSR-solve-only,cuSPARSE-SpMM-CSR-best-solve-only,cuSPARSE CUDA 13.4.1 CSR PER MATRIX BEST,per-matrix-best,cuSPARSE-SpMM-CSR,best,solve-only,"csr-alg1,csr-alg2,csr-alg3,csr-default",manual-selection,csr,CUSPARSE_SPMM_CSR_ALG3,library-preprocess,spmm.csr.fp64,fp64,A100-SXM4-80GB,A100-SXM4-80GB,,9700.0,1cb4d392-df77-5092-a407-ab8ee1286933,suitesparse_all,PARSEC/SiNa,SiNa,5743,5743,198787,64,row-major,N,N,1.0,0.0,20260922,main,pass,pass,0,0,25444736.0,2.082931,0.0344576001167,2.11738860012,0.138604150117,738.4361044827413,12.017036456396315,183.57845691143677,7.6127433451829,0.1238869737772816,1.8925614114581113,cuSPARSE 12.8.6,CUDA,13040,13000,2026-10-08T01:01:27.597420+00:00,derived,csr-alg3,0,0,,,,5,20,4,true
3,A100-SXM4-80GB-suitesparse_all-fp64-n64-row-major-cuSPARSE-SpMM-CSR-solve-only,cuSPARSE-SpMM-CSR-best-solve-only,cuSPARSE CUDA 13.4.1 CSR PER MATRIX BEST,per-matrix-best,cuSPARSE-SpMM-CSR,best,solve-only,"csr-alg1,csr-alg2,csr-alg3,csr-default",manual-selection,csr,CUSPARSE_SPMM_CSR_ALG3,library-preprocess,spmm.csr.fp64,fp64,A100-SXM4-80GB,A100-SXM4-80GB,,9700.0,df7f742d-c1c4-51c9-b7da-d151d8293f2c,suitesparse_all,PARSEC/SiO2,SiO2,155331,155331,11283503,64,row-major,N,N,1.0,0.0,20260922,main,pass,pass,0,0,1444288384.0,0.42263,1.95635204315,2.37898204315,1.97748354315,738.2558722276252,607.1035248705045,730.3668285903126,7.610885280697167,6.25879922546912,7.529554933920749,cuSPARSE 12.8.6,CUDA,13040,13000,2026-10-08T22:54:14.680966+00:00,derived,csr-alg3,0,0,,,,5,20,4,true
3,A100-SXM4-80GB-suitesparse_all-fp64-n64-row-major-cuSPARSE-SpMM-CSR-solve-only,cuSPARSE-SpMM-CSR-best-solve-only,cuSPARSE CUDA 13.4.1 CSR PER MATRIX BEST,per-matrix-best,cuSPARSE-SpMM-CSR,best,solve-only,"csr-alg1,csr-alg2,csr-alg3,csr-default",manual-selection,csr,CUSPARSE_SPMM_CSR_ALG2,library-preprocess,spmm.csr.fp64,fp64,A100-SXM4-80GB,A100-SXM4-80GB,,9700.0,df7f742d-c1c4-51c9-b7da-d151d8293f2c,suitesparse_all,Pereyra/landmark,landmark,71952,2704,1151232,64,row-major,N,N,1.0,0.0,20260922,main,pass,pass,0,0,147357696.0,0.07546,0.171110403538,0.246570403538,0.174883403538,861.1849014035839,597.6292932387162,842.6053760326148,8.878194859830762,6.161126734419755,8.686653361160976,cuSPARSE 12.8.6,CUDA,13040,13000,2026-10-08T20:15:04.806347+00:00,derived,csr-alg2,0,0,,,,5,20,4,true
3,A100-SXM4-80GB-suitesparse_all-fp64-n64-row-major-cuSPARSE-SpMM-CSR-solve-only,cuSPARSE-SpMM-CSR-best-solve-only,cuSPARSE CUDA 13.4.1 CSR PER MATRIX BEST,per-matrix-best,cuSPARSE-SpMM-CSR,best,solve-only,"csr-alg1,csr-alg2,csr-alg3,csr-default",manual-selection,csr,CUSPARSE_SPMM_CSR_ALG3,library-preprocess,spmm.csr.fp64,fp64,A100-SXM4-80GB,A100-SXM4-80GB,,9700.0,0edb0287-e1df-52fd-b14b-f9e504b96222,suitesparse_all,Pothen/barth,barth,6691,6691,46187,64,row-major,N,N,1.0,0.0,20260922,main,pass,pass,0,0,5911936.0,0.06853,0.0172031998634,0.0857331998634,0.0206296998634,343.6532765382625,68.95737018354123,286.5740189700292,3.542817283899614,0.7109007235416621,2.95437132958793,cuSPARSE 12.8.6,CUDA,13040,13000,2026-10-07T20:04:03.762938+00:00,derived,csr-alg3,0,0,,,,5,20,4,true
3,A100-SXM4-80GB-suitesparse_all-fp64-n64-row-major-cuSPARSE-SpMM-CSR-solve-only,cuSPARSE-SpMM-CSR-best-solve-only,cuSPARSE CUDA 13.4.1 CSR PER MATRIX BEST,per-matrix-best,cuSPARSE-SpMM-CSR,best,solve-only,"csr-alg1,csr-alg2,csr-alg3,csr-default",manual-selection,csr,CUSPARSE_SPMM_CSR_ALG3,library-preprocess,spmm.csr.fp64,fp64,A100-SXM4-80GB,A100-SXM4-80GB,,9700.0,1cb4d392-df77-5092-a407-ab8ee1286933,suitesparse_all,Pothen/bodyy6,bodyy6,19366,19366,134748,64,row-major,N,N,1.0,0.0,20260922,main,pass,pass,0,0,17247744.0,0.14598,0.0408576011658,0.186837601166,0.0481566011658,422.14284509775104,92.31409465954265,358.1594959456785,4.351988093791248,0.9516916975210583,3.6923659375843148,cuSPARSE 12.8.6,CUDA,13040,13000,2026-10-08T00:57:24.902943+00:00,derived,csr-alg3,0,0,,,,5,20,4,true
3,A100-SXM4-80GB-suitesparse_all-fp64-n64-row-major-cuSPARSE-SpMM-CSR-solve-only,cuSPARSE-SpMM-CSR-best-solve-only,cuSPARSE CUDA 13.4.1 CSR PER MATRIX BEST,per-matrix-best,cuSPARSE-SpMM-CSR,best,solve-only,"csr-alg1,csr-alg2,csr-alg3,csr-default",manual-selection,csr,CUSPARSE_SPMM_CSR_ALG3,library-preprocess,spmm.csr.fp64,fp64,A100-SXM4-80GB,A100-SXM4-80GB,,9700.0,df7f742d-c1c4-51c9-b7da-d151d8293f2c,suitesparse_all,Pothen/commanche_dual,commanche_dual,7920,7920,31680,64,row-major,N,N,1.0,0.0,20260922,main,pass,pass,0,0,4055040.0,1.966621,0.0150831997395,1.98170419974,0.113414249739,268.84481211109534,2.0462387880754465,35.75423731437501,2.771596001145313,0.021095245237891202,0.36860038468427847,cuSPARSE 12.8.6,CUDA,13040,13000,2026-10-08T22:50:02.846836+00:00,derived,csr-alg3,0,0,,,,5,20,4,true
3,A100-SXM4-80GB-suitesparse_all-fp64-n64-row-major-cuSPARSE-SpMM-CSR-solve-only,cuSPARSE-SpMM-CSR-best-solve-only,cuSPARSE CUDA 13.4.1 CSR PER MATRIX BEST,per-matrix-best,cuSPARSE-SpMM-CSR,best,solve-only,"csr-alg1,csr-alg2,csr-alg3,csr-default",manual-selection,csr,CUSPARSE_SPMM_CSR_ALG3,library-preprocess,spmm.csr.fp64,fp64,A100-SXM4-80GB,A100-SXM4-80GB,,9700.0,0edb0287-e1df-52fd-b14b-f9e504b96222,suitesparse_all,Pothen/mesh1em1,mesh1em1,48,48,306,64,row-major,N,N,1.0,0.0,20260922,main,pass,pass,0,0,39168.0,0.05116,0.00563200004399,0.056792000044,0.00819000004399,6.954545400225418,0.6896746015222974,4.782417556730335,0.0716963443322208,0.0071100474383742,0.049303273780725104,cuSPARSE 12.8.6,CUDA,13040,13000,2026-10-07T20:04:04.375669+00:00,derived,csr-alg3,0,0,,,,5,20,4,true
3,A100-SXM4-80GB-suitesparse_all-fp64-n64-row-major-cuSPARSE-SpMM-CSR-solve-only,cuSPARSE-SpMM-CSR-best-solve-only,cuSPARSE CUDA 13.4.1 CSR PER MATRIX BEST,per-matrix-best,cuSPARSE-SpMM-CSR,best,solve-only,"csr-alg1,csr-alg2,csr-alg3,csr-default",manual-selection,csr,CUSPARSE_SPMM_CSR_ALG3,library-preprocess,spmm.csr.fp64,fp64,A100-SXM4-80GB,A100-SXM4-80GB,,9700.0,1cb4d392-df77-5092-a407-ab8ee1286933,suitesparse_all,Pothen/mesh3em5,mesh3em5,289,289,1889,64,row-major,N,N,1.0,0.0,20260922,main,pass,pass,0,0,241792.0,0.05644,0.00588800013065,0.0623280001307,0.00871000013065,41.065216480100105,3.8793479574664556,27.760275128946045,0.42335274721752686,0.03999327791202532,0.28618840339119633,cuSPARSE 12.8.6,CUDA,13040,13000,2026-10-08T00:57:25.487163+00:00,derived,csr-alg3,0,0,,,,5,20,4,true
3,A100-SXM4-80GB-suitesparse_all-fp64-n64-row-major-cuSPARSE-SpMM-CSR-solve-only,cuSPARSE-SpMM-CSR-best-solve-only,cuSPARSE CUDA 13.4.1 CSR PER MATRIX BEST,per-matrix-best,cuSPARSE-SpMM-CSR,best,solve-only,"csr-alg1,csr-alg2,csr-alg3,csr-default",manual-selection,csr,CUSPARSE_SPMM_CSR_ALG2,library-preprocess,spmm.csr.fp64,fp64,A100-SXM4-80GB,A100-SXM4-80GB,,9700.0,df7f742d-c1c4-51c9-b7da-d151d8293f2c,suitesparse_all,Pothen/onera_dual,onera_dual,85567,85567,419201,64,row-major,N,N,1.0,0.0,20260922,main,pass,pass,0,0,53657728.0,0.04443,0.148633599281,0.193063599281,0.150855099281,361.0067189354482,277.92773055008837,355.69051530734777,3.7217187519118373,2.865234335567921,3.6669125289417295,cuSPARSE 12.8.6,CUDA,13040,13000,2026-10-08T20:14:48.188843+00:00,derived,csr-alg2,0,0,,,,5,20,4,true
3,A100-SXM4-80GB-suitesparse_all-fp64-n64-row-major-cuSPARSE-SpMM-CSR-solve-only,cuSPARSE-SpMM-CSR-best-solve-only,cuSPARSE CUDA 13.4.1 CSR PER MATRIX BEST,per-matrix-best,cuSPARSE-SpMM-CSR,best,solve-only,"csr-alg1,csr-alg2,csr-alg3,csr-default",manual-selection,csr,CUSPARSE_SPMM_CSR_ALG3,library-preprocess,spmm.csr.fp64,fp64,A100-SXM4-80GB,A100-SXM4-80GB,,9700.0,0edb0287-e1df-52fd-b14b-f9e504b96222,suitesparse_all,Pothen/shuttle_eddy,shuttle_eddy,10429,10429,103599,64,row-major,N,N,1.0,0.0,20260922,main,pass,pass,0,0,13260672.0,0.10273,0.0245759993792,0.127305999379,0.0297124993792,539.5781386299686,104.16376341009612,446.29944558898427,5.562661222989367,1.0738532310319187,4.60102521225757,cuSPARSE 12.8.6,CUDA,13040,13000,2026-10-07T20:04:05.341675+00:00,derived,csr-alg3,0,0,,,,5,20,4,true
3,A100-SXM4-80GB-suitesparse_all-fp64-n64-row-major-cuSPARSE-SpMM-CSR-solve-only,cuSPARSE-SpMM-CSR-best-solve-only,cuSPARSE CUDA 13.4.1 CSR PER MATRIX BEST,per-matrix-best,cuSPARSE-SpMM-CSR,best,solve-only,"csr-alg1,csr-alg2,csr-alg3,csr-default",manual-selection,csr,CUSPARSE_SPMM_CSR_ALG3,library-preprocess,spmm.csr.fp64,fp64,A100-SXM4-80GB,A100-SXM4-80GB,,9700.0,1cb4d392-df77-5092-a407-ab8ee1286933,suitesparse_all,Pothen/tandem_vtx,tandem_vtx,18454,18454,253350,64,row-major,N,N,1.0,0.0,20260922,main,pass,pass,0,0,32428800.0,0.14419,0.055295997858,0.199485997858,0.062505497858,586.4583560509585,162.5617855298484,518.8151620465732,6.045962433515037,1.6758946961840042,5.348609918005909,cuSPARSE 12.8.6,CUDA,13040,13000,2026-10-08T00:57:26.744199+00:00,derived,csr-alg3,0,0,,,,5,20,4,true
3,A100-SXM4-80GB-suitesparse_all-fp64-n64-row-major-cuSPARSE-SpMM-CSR-solve-only,cuSPARSE-SpMM-CSR-best-solve-only,cuSPARSE CUDA 13.4.1 CSR PER MATRIX BEST,per-matrix-best,cuSPARSE-SpMM-CSR,best,solve-only,"csr-alg1,csr-alg2,csr-alg3,csr-default",manual-selection,csr,CUSPARSE_SPMM_CSR_ALG3,library-preprocess,spmm.csr.fp64,fp64,A100-SXM4-80GB,A100-SXM4-80GB,,9700.0,1cb4d392-df77-5092-a407-ab8ee1286933,suitesparse_all,Priebel/192bit,192bit,13691,13682,154303,64,row-major,N,N,1.0,0.0,20260922,main,pass,pass,0,0,19750784.0,0.13072,0.0334336012602,0.16415360126,0.0399696012602,590.7465320976868,120.31891989208985,494.1451347343557,6.090170433996771,1.2404012360009262,5.09427973952944,cuSPARSE 12.8.6,CUDA,13040,13000,2026-10-08T01:18:26.271588+00:00,derived,csr-alg3,0,0,,,,5,20,4,true
3,A100-SXM4-80GB-suitesparse_all-fp64-n64-row-major-cuSPARSE-SpMM-CSR-solve-only,cuSPARSE-SpMM-CSR-best-solve-only,cuSPARSE CUDA 13.4.1 CSR PER MATRIX BEST,per-matrix-best,cuSPARSE-SpMM-CSR,best,solve-only,"csr-alg1,csr-alg2,csr-alg3,csr-default",manual-selection,csr,CUSPARSE_SPMM_CSR_ALG2,library-preprocess,spmm.csr.fp64,fp64,A100-SXM4-80GB,A100-SXM4-80GB,,9700.0,df7f742d-c1c4-51c9-b7da-d151d8293f2c,suitesparse_all,Priebel/208bit,208bit,24430,24421,299756,64,row-major,N,N,1.0,0.0,20260922,main,pass,pass,0,0,38368768.0,0.044909,0.0723071992397,0.11721619924,0.0745526492397,530.6355162894178,327.3333229431881,514.6533140175555,5.47046924009709,3.374570339620496,5.305704268222222,cuSPARSE 12.8.6,CUDA,13040,13000,2026-10-08T20:40:31.359609+00:00,derived,csr-alg2,0,0,,,,5,20,4,true
3,A100-SXM4-80GB-suitesparse_all-fp64-n64-row-major-cuSPARSE-SpMM-CSR-solve-only,cuSPARSE-SpMM-CSR-best-solve-only,cuSPARSE CUDA 13.4.1 CSR PER MATRIX BEST,per-matrix-best,cuSPARSE-SpMM-CSR,best,solve-only,"csr-alg1,csr-alg2,csr-alg3,csr-default",manual-selection,csr,CUSPARSE_SPMM_CSR_ALG2,library-preprocess,spmm.csr.fp64,fp64,A100-SXM4-80GB,A100-SXM4-80GB,,9700.0,1cb4d392-df77-5092-a407-ab8ee1286933,suitesparse_all,Puri/ABACUS_shell_ld,ABACUS_shell_ld,23412,23412,218484,64,row-major,N,N,1.0,0.0,20260922,main,pass,pass,0,0,27965952.0,0.05957,0.0530943989754,0.112664398975,0.0560728989754,526.7213216399218,248.22350497964837,498.7427529343377,5.430116717937338,2.5590052059757564,5.141677865302451,cuSPARSE 12.8.6,CUDA,13040,13000,2026-10-07T23:11:33.343107+00:00,derived,csr-alg2,0,0,,,,5,20,4,true
3,A100-SXM4-80GB-suitesparse_all-fp64-n64-row-major-cuSPARSE-SpMM-CSR-solve-only,cuSPARSE-SpMM-CSR-best-solve-only,cuSPARSE CUDA 13.4.1 CSR PER MATRIX BEST,per-matrix-best,cuSPARSE-SpMM-CSR,best,solve-only,"csr-alg1,csr-alg2,csr-alg3,csr-default",manual-selection,csr,CUSPARSE_SPMM_CSR_ALG2,library-preprocess,spmm.csr.fp64,fp64,A100-SXM4-80GB,A100-SXM4-80GB,,9700.0,df7f742d-c1c4-51c9-b7da-d151d8293f2c,suitesparse_all,Puri/ABACUS_shell_md,ABACUS_shell_md,23412,23412,218484,64,row-major,N,N,1.0,0.0,20260922,main,pass,pass,0,0,27965952.0,0.0434,0.0533504009247,0.0967504009247,0.0555204009247,524.1938488798199,289.0525696298216,503.7058726922569,5.404060297730102,2.9799233982455835,5.192844048373782,cuSPARSE 12.8.6,CUDA,13040,13000,2026-10-08T20:41:20.780261+00:00,derived,csr-alg2,0,0,,,,5,20,4,true
3,A100-SXM4-80GB-suitesparse_all-fp64-n64-row-major-cuSPARSE-SpMM-CSR-solve-only,cuSPARSE-SpMM-CSR-best-solve-only,cuSPARSE CUDA 13.4.1 CSR PER MATRIX BEST,per-matrix-best,cuSPARSE-SpMM-CSR,best,solve-only,"csr-alg1,csr-alg2,csr-alg3,csr-default",manual-selection,csr,CUSPARSE_SPMM_CSR_ALG3,library-preprocess,spmm.csr.fp64,fp64,A100-SXM4-80GB,A100-SXM4-80GB,,9700.0,0edb0287-e1df-52fd-b14b-f9e504b96222,suitesparse_all,Qaplib/lp_nug05,lp_nug05,210,225,1050,64,row-major,N,N,1.0,0.0,20260922,main,pass,pass,0,0,134400.0,0.05112,0.00583680011332,0.0569568001133,0.00839280011332,23.02631534242358,2.3596831235716875,16.013725834682656,0.23738469425178946,0.024326630139914304,0.1650899570585841,cuSPARSE 12.8.6,CUDA,13040,13000,2026-10-07T20:03:30.453947+00:00,derived,csr-alg3,0,0,,,,5,20,4,true
3,A100-SXM4-80GB-suitesparse_all-fp64-n64-row-major-cuSPARSE-SpMM-CSR-solve-only,cuSPARSE-SpMM-CSR-best-solve-only,cuSPARSE CUDA 13.4.1 CSR PER MATRIX BEST,per-matrix-best,cuSPARSE-SpMM-CSR,best,solve-only,"csr-alg1,csr-alg2,csr-alg3,csr-default",manual-selection,csr,CUSPARSE_SPMM_CSR_ALG3,library-preprocess,spmm.csr.fp64,fp64,A100-SXM4-80GB,A100-SXM4-80GB,,9700.0,1cb4d392-df77-5092-a407-ab8ee1286933,suitesparse_all,Qaplib/lp_nug15,lp_nug15,6330,22275,94950,64,row-major,N,N,1.0,0.0,20260922,main,pass,pass,0,0,12153600.0,0.13657,0.0227840006351,0.159354000635,0.0296125006351,533.4269514229522,76.26793147062429,410.4212659971787,5.4992469218861055,0.7862673347487039,4.231147072135863,cuSPARSE 12.8.6,CUDA,13040,13000,2026-10-08T00:56:40.965241+00:00,derived,csr-alg3,0,0,,,,5,20,4,true
3,A100-SXM4-80GB-suitesparse_all-fp64-n64-row-major-cuSPARSE-SpMM-CSR-solve-only,cuSPARSE-SpMM-CSR-best-solve-only,cuSPARSE CUDA 13.4.1 CSR PER MATRIX BEST,per-matrix-best,cuSPARSE-SpMM-CSR,best,solve-only,"csr-alg1,csr-alg2,csr-alg3,csr-default",manual-selection,csr,CUSPARSE_SPMM_CSR_ALG3,library-preprocess,spmm.csr.fp64,fp64,A100-SXM4-80GB,A100-SXM4-80GB,,9700.0,df7f742d-c1c4-51c9-b7da-d151d8293f2c,suitesparse_all,Qaplib/lp_nug20,lp_nug20,15240,72600,304800,64,row-major,N,N,1.0,0.0,20260922,main,pass,pass,0,0,39014400.0,0.15133,0.0883199989796,0.23964999898,0.0958864989796,441.7391355383901,162.79741358670296,406.8810564071212,4.554011706581341,1.678323851409309,4.1946500660527954,cuSPARSE 12.8.6,CUDA,13040,13000,2026-10-08T22:49:08.271358+00:00,derived,csr-alg3,0,0,,,,5,20,4,true
3,A100-SXM4-80GB-suitesparse_all-fp64-n64-row-major-cuSPARSE-SpMM-CSR-solve-only,cuSPARSE-SpMM-CSR-best-solve-only,cuSPARSE CUDA 13.4.1 CSR PER MATRIX BEST,per-matrix-best,cuSPARSE-SpMM-CSR,best,solve-only,"csr-alg1,csr-alg2,csr-alg3,csr-default",manual-selection,csr,CUSPARSE_SPMM_CSR_ALG3,library-preprocess,spmm.csr.fp64,fp64,A100-SXM4-80GB,A100-SXM4-80GB,,9700.0,df7f742d-c1c4-51c9-b7da-d151d8293f2c,suitesparse_all,QCD/conf5_0-4x4-10,conf5_0-4x4-10,3072,3072,119808,64,row-major,N,N,1.0,0.0,20260922,main,pass,pass,0,0,15335424.0,0.28844,0.0143343999982,0.302774399998,0.0287563999982,1069.8336869297425,50.64967183520568,533.2873378086241,11.029213267316933,0.5221615653113988,5.497807606274476,cuSPARSE 12.8.6,CUDA,13040,13000,2026-10-08T22:58:31.432447+00:00,derived,csr-alg3,0,0,,,,5,20,4,true
3,A100-SXM4-80GB-suitesparse_all-fp64-n64-row-major-cuSPARSE-SpMM-CSR-solve-only,cuSPARSE-SpMM-CSR-best-solve-only,cuSPARSE CUDA 13.4.1 CSR PER MATRIX BEST,per-matrix-best,cuSPARSE-SpMM-CSR,best,solve-only,"csr-alg1,csr-alg2,csr-alg3,csr-default",manual-selection,csr,CUSPARSE_SPMM_CSR_ALG3,library-preprocess,spmm.csr.fp64,fp64,A100-SXM4-80GB,A100-SXM4-80GB,,9700.0,0edb0287-e1df-52fd-b14b-f9e504b96222,suitesparse_all,QCD/conf5_0-4x4-18,conf5_0-4x4-18,3072,3072,119808,64,row-major,N,N,1.0,0.0,20260922,main,pass,pass,0,0,15335424.0,0.07731,0.0172544002533,0.0945644002533,0.0211199002533,888.7833697416992,162.16910337212065,726.1125202333202,9.16271515197628,1.671846426516708,7.4856960848795895,cuSPARSE 12.8.6,CUDA,13040,13000,2026-10-07T20:12:59.923001+00:00,derived,csr-alg3,0,0,,,,5,20,4,true
3,A100-SXM4-80GB-suitesparse_all-fp64-n64-row-major-cuSPARSE-SpMM-CSR-solve-only,cuSPARSE-SpMM-CSR-best-solve-only,cuSPARSE CUDA 13.4.1 CSR PER MATRIX BEST,per-matrix-best,cuSPARSE-SpMM-CSR,best,solve-only,"csr-alg1,csr-alg2,csr-alg3,csr-default",manual-selection,csr,CUSPARSE_SPMM_CSR_ALG3,library-preprocess,spmm.csr.fp64,fp64,A100-SXM4-80GB,A100-SXM4-80GB,,9700.0,1cb4d392-df77-5092-a407-ab8ee1286933,suitesparse_all,QCD/conf5_4-8x8-05,conf5_4-8x8-05,49152,49152,1916928,64,row-major,N,N,1.0,0.0,20260922,main,pass,pass,0,0,245366784.0,0.21298,0.284364795685,0.497344795685,0.295013795685,862.8592136693342,493.3534765595624,831.7129150868237,8.895455811024064,5.086118315047035,8.574359949348697,cuSPARSE 12.8.6,CUDA,13040,13000,2026-10-08T01:05:32.903748+00:00,derived,csr-alg3,0,0,,,,5,20,4,true
3,A100-SXM4-80GB-suitesparse_all-fp64-n64-row-major-cuSPARSE-SpMM-CSR-solve-only,cuSPARSE-SpMM-CSR-best-solve-only,cuSPARSE CUDA 13.4.1 CSR PER MATRIX BEST,per-matrix-best,cuSPARSE-SpMM-CSR,best,solve-only,"csr-alg1,csr-alg2,csr-alg3,csr-default",manual-selection,csr,CUSPARSE_SPMM_CSR_ALG2,library-preprocess,spmm.csr.fp64,fp64,A100-SXM4-80GB,A100-SXM4-80GB,,9700.0,df7f742d-c1c4-51c9-b7da-d151d8293f2c,suitesparse_all,QCD/conf5_4-8x8-10,conf5_4-8x8-10,49152,49152,1916928,64,row-major,N,N,1.0,0.0,20260922,main,pass,pass,0,0,245366784.0,0.05576,0.315238404274,0.370998404274,0.318026404274,778.3530834863992,661.3688392545887,771.5295984939694,8.02425859264329,6.818235456232872,7.953913386535767,cuSPARSE 12.8.6,CUDA,13040,13000,2026-10-08T20:23:39.775887+00:00,derived,csr-alg2,0,0,,,,5,20,4,true
3,A100-SXM4-80GB-suitesparse_all-fp64-n64-row-major-cuSPARSE-SpMM-CSR-solve-only,cuSPARSE-SpMM-CSR-best-solve-only,cuSPARSE CUDA 13.4.1 CSR PER MATRIX BEST,per-matrix-best,cuSPARSE-SpMM-CSR,best,solve-only,"csr-alg1,csr-alg2,csr-alg3,csr-default",manual-selection,csr,CUSPARSE_SPMM_CSR_ALG3,library-preprocess,spmm.csr.fp64,fp64,A100-SXM4-80GB,A100-SXM4-80GB,,9700.0,0edb0287-e1df-52fd-b14b-f9e504b96222,suitesparse_all,QCD/conf5_4-8x8-20,conf5_4-8x8-20,49152,49152,1916928,64,row-major,N,N,1.0,0.0,20260922,main,pass,pass,0,0,245366784.0,0.17897,0.279654407501,0.458624407501,0.288602907501,877.3928728411784,535.0059438331681,850.1881915349375,9.045287348878126,5.515525194156372,8.764826716855026,cuSPARSE 12.8.6,CUDA,13040,13000,2026-10-07T20:13:07.194302+00:00,derived,csr-alg3,0,0,,,,5,20,4,true
3,A100-SXM4-80GB-suitesparse_all-fp64-n64-row-major-cuSPARSE-SpMM-CSR-solve-only,cuSPARSE-SpMM-CSR-best-solve-only,cuSPARSE CUDA 13.4.1 CSR PER MATRIX BEST,per-matrix-best,cuSPARSE-SpMM-CSR,best,solve-only,"csr-alg1,csr-alg2,csr-alg3,csr-default",manual-selection,csr,CUSPARSE_SPMM_CSR_ALG3,library-preprocess,spmm.csr.fp64,fp64,A100-SXM4-80GB,A100-SXM4-80GB,,9700.0,1cb4d392-df77-5092-a407-ab8ee1286933,suitesparse_all,QY/case9,case9,14454,14454,147972,64,row-major,N,N,1.0,0.0,20260922,main,pass,pass,0,0,18940416.0,0.15269,0.035583999753,0.188273999753,0.043218499753,532.2733849896449,100.60027420062393,438.2478824634641,5.487354484429329,1.0371162288724116,4.518019406839836,cuSPARSE 12.8.6,CUDA,13040,13000,2026-10-08T01:17:12.687667+00:00,derived,csr-alg3,0,0,,,,5,20,4,true
3,A100-SXM4-80GB-suitesparse_all-fp64-n64-row-major-cuSPARSE-SpMM-CSR-solve-only,cuSPARSE-SpMM-CSR-best-solve-only,cuSPARSE CUDA 13.4.1 CSR PER MATRIX BEST,per-matrix-best,cuSPARSE-SpMM-CSR,best,solve-only,"csr-alg1,csr-alg2,csr-alg3,csr-default",manual-selection,csr,CUSPARSE_SPMM_CSR_ALG2,library-preprocess,spmm.csr.fp64,fp64,A100-SXM4-80GB,A100-SXM4-80GB,,9700.0,df7f742d-c1c4-51c9-b7da-d151d8293f2c,suitesparse_all,Rajat/Raj1,Raj1,263743,263743,1302464,64,row-major,N,N,1.0,0.0,20260922,main,pass,pass,0,0,166715392.0,0.08398,0.779731178284,0.863711178284,0.783930178284,213.81137069175603,193.02215392328952,212.66612335927041,2.204240934966557,1.989919112611232,2.1924342614357775,cuSPARSE 12.8.6,CUDA,13040,13000,2026-10-08T20:25:09.330614+00:00,derived,csr-alg2,0,0,,,,5,20,4,true
3,A100-SXM4-80GB-suitesparse_all-fp64-n64-row-major-cuSPARSE-SpMM-CSR-solve-only,cuSPARSE-SpMM-CSR-best-solve-only,cuSPARSE CUDA 13.4.1 CSR PER MATRIX BEST,per-matrix-best,cuSPARSE-SpMM-CSR,best,solve-only,"csr-alg1,csr-alg2,csr-alg3,csr-default",manual-selection,csr,CUSPARSE_SPMM_CSR_ALG2,library-preprocess,spmm.csr.fp64,fp64,A100-SXM4-80GB,A100-SXM4-80GB,,9700.0,0edb0287-e1df-52fd-b14b-f9e504b96222,suitesparse_all,Rajat/rajat01,rajat01,6833,6833,43250,64,row-major,N,N,1.0,0.0,20260922,main,pass,pass,0,0,5536000.0,0.02343,0.028313601017,0.051743601017,0.029485101017,195.52440527349682,106.9890748071667,187.7558430886213,2.0157155182834723,1.102980152651203,1.935627248336302,cuSPARSE 12.8.6,CUDA,13040,13000,2026-10-07T17:50:25.036205+00:00,derived,csr-alg2,0,0,,,,5,20,4,true
3,A100-SXM4-80GB-suitesparse_all-fp64-n64-row-major-cuSPARSE-SpMM-CSR-solve-only,cuSPARSE-SpMM-CSR-best-solve-only,cuSPARSE CUDA 13.4.1 CSR PER MATRIX BEST,per-matrix-best,cuSPARSE-SpMM-CSR,best,solve-only,"csr-alg1,csr-alg2,csr-alg3,csr-default",manual-selection,csr,CUSPARSE_SPMM_CSR_ALG3,library-preprocess,spmm.csr.fp64,fp64,A100-SXM4-80GB,A100-SXM4-80GB,,9700.0,1cb4d392-df77-5092-a407-ab8ee1286933,suitesparse_all,Rajat/rajat06,rajat06,10922,10922,46983,64,row-major,N,N,1.0,0.0,20260922,main,pass,pass,0,0,6013824.0,0.31206,0.0236543998122,0.335714399812,0.0392573998122,254.23701500548358,17.91351220968698,153.18956499332612,2.621000154695707,0.18467538360502045,1.5792738659105785,cuSPARSE 12.8.6,CUDA,13040,13000,2026-10-08T00:59:28.272901+00:00,derived,csr-alg3,0,0,,,,5,20,4,true
3,A100-SXM4-80GB-suitesparse_all-fp64-n64-row-major-cuSPARSE-SpMM-CSR-solve-only,cuSPARSE-SpMM-CSR-best-solve-only,cuSPARSE CUDA 13.4.1 CSR PER MATRIX BEST,per-matrix-best,cuSPARSE-SpMM-CSR,best,solve-only,"csr-alg1,csr-alg2,csr-alg3,csr-default",manual-selection,csr,CUSPARSE_SPMM_CSR_ALG3,library-preprocess,spmm.csr.fp64,fp64,A100-SXM4-80GB,A100-SXM4-80GB,,9700.0,df7f742d-c1c4-51c9-b7da-d151d8293f2c,suitesparse_all,Rajat/rajat07,rajat07,14842,14842,63913,64,row-major,N,N,1.0,0.0,20260922,main,pass,pass,0,0,8180864.0,0.15716,0.0296959996223,0.186855999622,0.0375539996223,275.4870724694055,43.78165012924104,217.84268206527085,2.8400729120557267,0.45135721782722715,2.24580084603372,cuSPARSE 12.8.6,CUDA,13040,13000,2026-10-08T22:52:15.801967+00:00,derived,csr-alg3,0,0,,,,5,20,4,true
3,A100-SXM4-80GB-suitesparse_all-fp64-n64-row-major-cuSPARSE-SpMM-CSR-solve-only,cuSPARSE-SpMM-CSR-best-solve-only,cuSPARSE CUDA 13.4.1 CSR PER MATRIX BEST,per-matrix-best,cuSPARSE-SpMM-CSR,best,solve-only,"csr-alg1,csr-alg2,csr-alg3,csr-default",manual-selection,csr,CUSPARSE_SPMM_CSR_ALG2,library-preprocess,spmm.csr.fp64,fp64,A100-SXM4-80GB,A100-SXM4-80GB,,9700.0,0edb0287-e1df-52fd-b14b-f9e504b96222,suitesparse_all,Rajat/rajat09,rajat09,24482,24482,105573,64,row-major,N,N,1.0,0.0,20260922,main,pass,pass,0,0,13513344.0,0.04529,0.0544255971909,0.0997155971909,0.0566900971909,248.29022918391496,135.51885944311653,238.37221436567208,2.559693084370257,1.3971016437434693,2.4574455089244545,cuSPARSE 12.8.6,CUDA,13040,13000,2026-10-07T17:50:26.572100+00:00,derived,csr-alg2,0,0,,,,5,20,4,true
3,A100-SXM4-80GB-suitesparse_all-fp64-n64-row-major-cuSPARSE-SpMM-CSR-solve-only,cuSPARSE-SpMM-CSR-best-solve-only,cuSPARSE CUDA 13.4.1 CSR PER MATRIX BEST,per-matrix-best,cuSPARSE-SpMM-CSR,best,solve-only,"csr-alg1,csr-alg2,csr-alg3,csr-default",manual-selection,csr,CUSPARSE_SPMM_CSR_ALG3,library-preprocess,spmm.csr.fp64,fp64,A100-SXM4-80GB,A100-SXM4-80GB,,9700.0,1cb4d392-df77-5092-a407-ab8ee1286933,suitesparse_all,Rajat/rajat14,rajat14,180,180,1503,64,row-major,N,N,1.0,0.0,20260922,main,pass,pass,0,0,192384.0,0.0525,0.0162272006273,0.0687272006273,0.0188522006273,11.855649314912688,2.799241031848178,10.204856388033948,0.12222318881353286,0.028858154967506995,0.1052047050312778,cuSPARSE 12.8.6,CUDA,13040,13000,2026-10-08T00:59:29.763287+00:00,derived,csr-alg3,0,0,,,,5,20,4,true
3,A100-SXM4-80GB-suitesparse_all-fp64-n64-row-major-cuSPARSE-SpMM-CSR-solve-only,cuSPARSE-SpMM-CSR-best-solve-only,cuSPARSE CUDA 13.4.1 CSR PER MATRIX BEST,per-matrix-best,cuSPARSE-SpMM-CSR,best,solve-only,"csr-alg1,csr-alg2,csr-alg3,csr-default",manual-selection,csr,CUSPARSE_SPMM_CSR_ALG2,library-preprocess,spmm.csr.fp64,fp64,A100-SXM4-80GB,A100-SXM4-80GB,,9700.0,df7f742d-c1c4-51c9-b7da-d151d8293f2c,suitesparse_all,Rajat/rajat16,rajat16,94294,94294,641159,64,row-major,N,N,1.0,0.0,20260922,main,pass,pass,0,0,82068352.0,0.06438,0.188057601452,0.252437601452,0.191276601452,436.4000783076413,325.1035167817698,429.0558875315164,4.49896987946022,3.35158264723474,4.42325657248986,cuSPARSE 12.8.6,CUDA,13040,13000,2026-10-08T20:18:10.359009+00:00,derived,csr-alg2,0,0,,,,5,20,4,true
3,A100-SXM4-80GB-suitesparse_all-fp64-n64-row-major-cuSPARSE-SpMM-CSR-solve-only,cuSPARSE-SpMM-CSR-best-solve-only,cuSPARSE CUDA 13.4.1 CSR PER MATRIX BEST,per-matrix-best,cuSPARSE-SpMM-CSR,best,solve-only,"csr-alg1,csr-alg2,csr-alg3,csr-default",manual-selection,csr,CUSPARSE_SPMM_CSR_ALG2,library-preprocess,spmm.csr.fp64,fp64,A100-SXM4-80GB,A100-SXM4-80GB,,9700.0,0edb0287-e1df-52fd-b14b-f9e504b96222,suitesparse_all,Rajat/rajat18,rajat18,94294,94294,485143,64,row-major,N,N,1.0,0.0,20260922,main,pass,pass,0,0,62098304.0,0.04686,0.165068805218,0.211928805218,0.167411805218,376.1964831452507,293.01492987761975,370.93145205104827,3.8783142592293887,3.020772472965152,3.824035588155137,cuSPARSE 12.8.6,CUDA,13040,13000,2026-10-07T17:53:05.517815+00:00,derived,csr-alg2,0,0,,,,5,20,4,true
3,A100-SXM4-80GB-suitesparse_all-fp64-n64-row-major-cuSPARSE-SpMM-CSR-solve-only,cuSPARSE-SpMM-CSR-best-solve-only,cuSPARSE CUDA 13.4.1 CSR PER MATRIX BEST,per-matrix-best,cuSPARSE-SpMM-CSR,best,solve-only,"csr-alg1,csr-alg2,csr-alg3,csr-default",manual-selection,csr,CUSPARSE_SPMM_CSR_ALG2,library-preprocess,spmm.csr.fp64,fp64,A100-SXM4-80GB,A100-SXM4-80GB,,9700.0,0edb0287-e1df-52fd-b14b-f9e504b96222,suitesparse_all,Rajat/rajat20,rajat20,86916,86916,605045,64,row-major,N,N,1.0,0.0,20260922,main,pass,pass,0,0,77445760.0,0.04814,0.179814398289,0.227954398289,0.182221398289,430.6983241438107,339.7423369818663,425.00914122704927,4.440188908699079,3.5024983194006833,4.3815375384231885,cuSPARSE 12.8.6,CUDA,13040,13000,2026-10-07T17:54:05.149969+00:00,derived,csr-alg2,0,0,,,,5,20,4,true
3,A100-SXM4-80GB-suitesparse_all-fp64-n64-row-major-cuSPARSE-SpMM-CSR-solve-only,cuSPARSE-SpMM-CSR-best-solve-only,cuSPARSE CUDA 13.4.1 CSR PER MATRIX BEST,per-matrix-best,cuSPARSE-SpMM-CSR,best,solve-only,"csr-alg1,csr-alg2,csr-alg3,csr-default",manual-selection,csr,CUSPARSE_SPMM_CSR_ALG2,library-preprocess,spmm.csr.fp64,fp64,A100-SXM4-80GB,A100-SXM4-80GB,,9700.0,1cb4d392-df77-5092-a407-ab8ee1286933,suitesparse_all,Rajat/rajat25,rajat25,87190,87190,607235,64,row-major,N,N,1.0,0.0,20260922,main,pass,pass,0,0,77726080.0,0.05738,0.180838394165,0.238218394165,0.183707394165,429.80961182989387,326.2807654817943,423.09717773356994,4.43102692608138,3.363719231771075,4.361826574572886,cuSPARSE 12.8.6,CUDA,13040,13000,2026-10-07T22:54:28.261524+00:00,derived,csr-alg2,0,0,,,,5,20,4,true
3,A100-SXM4-80GB-suitesparse_all-fp64-n64-row-major-cuSPARSE-SpMM-CSR-solve-only,cuSPARSE-SpMM-CSR-best-solve-only,cuSPARSE CUDA 13.4.1 CSR PER MATRIX BEST,per-matrix-best,cuSPARSE-SpMM-CSR,best,solve-only,"csr-alg1,csr-alg2,csr-alg3,csr-default",manual-selection,csr,CUSPARSE_SPMM_CSR_ALG2,library-preprocess,spmm.csr.fp64,fp64,A100-SXM4-80GB,A100-SXM4-80GB,,9700.0,df7f742d-c1c4-51c9-b7da-d151d8293f2c,suitesparse_all,Rajat/rajat26,rajat26,51032,51032,249302,64,row-major,N,N,1.0,0.0,20260922,main,pass,pass,0,0,31910656.0,0.09069,0.0997968018055,0.190486801805,0.104331301805,319.7562990264217,167.52161145876508,305.8588884440691,3.296456690994038,1.7270269222553103,3.153184416949166,cuSPARSE 12.8.6,CUDA,13040,13000,2026-10-08T20:19:09.120835+00:00,derived,csr-alg2,0,0,,,,5,20,4,true
3,A100-SXM4-80GB-suitesparse_all-fp64-n64-row-major-cuSPARSE-SpMM-CSR-solve-only,cuSPARSE-SpMM-CSR-best-solve-only,cuSPARSE CUDA 13.4.1 CSR PER MATRIX BEST,per-matrix-best,cuSPARSE-SpMM-CSR,best,solve-only,"csr-alg1,csr-alg2,csr-alg3,csr-default",manual-selection,csr,CUSPARSE_SPMM_CSR_ALG2,library-preprocess,spmm.csr.fp64,fp64,A100-SXM4-80GB,A100-SXM4-80GB,,9700.0,0edb0287-e1df-52fd-b14b-f9e504b96222,suitesparse_all,Rajat/rajat28,rajat28,87190,87190,607235,64,row-major,N,N,1.0,0.0,20260922,main,pass,pass,0,0,77726080.0,0.04856,0.179200005531,0.227760005531,0.181628005531,433.73927232694246,341.2630756606688,427.94105332359567,4.471538889968478,3.518176037738854,4.411763436325729,cuSPARSE 12.8.6,CUDA,13040,13000,2026-10-07T17:54:08.331031+00:00,derived,csr-alg2,0,0,,,,5,20,4,true
3,A100-SXM4-80GB-suitesparse_all-fp64-n64-row-major-cuSPARSE-SpMM-CSR-solve-only,cuSPARSE-SpMM-CSR-best-solve-only,cuSPARSE CUDA 13.4.1 CSR PER MATRIX BEST,per-matrix-best,cuSPARSE-SpMM-CSR,best,solve-only,"csr-alg1,csr-alg2,csr-alg3,csr-default",manual-selection,csr,CUSPARSE_SPMM_CSR_ALG2,library-preprocess,spmm.csr.fp64,fp64,A100-SXM4-80GB,A100-SXM4-80GB,,9700.0,1cb4d392-df77-5092-a407-ab8ee1286933,suitesparse_all,Rajat/rajat31,rajat31,4690002,4690002,20316253,64,row-major,N,N,1.0,0.0,20260922,main,pass,pass,0,0,2600480384.0,0.44633,5.75979537964,6.20612537964,5.78211187964,451.48832772641583,419.01834476809205,449.7457742311808,4.654518842540369,4.319776750186516,4.636554373517328,cuSPARSE 12.8.6,CUDA,13040,13000,2026-10-07T22:56:45.957177+00:00,derived,csr-alg2,0,0,,,,5,20,4,true
3,A100-SXM4-80GB-suitesparse_all-fp64-n64-row-major-cuSPARSE-SpMM-CSR-solve-only,cuSPARSE-SpMM-CSR-best-solve-only,cuSPARSE CUDA 13.4.1 CSR PER MATRIX BEST,per-matrix-best,cuSPARSE-SpMM-CSR,best,solve-only,"csr-alg1,csr-alg2,csr-alg3,csr-default",manual-selection,csr,CUSPARSE_SPMM_CSR_ALG3,library-preprocess,spmm.csr.fp64,fp64,A100-SXM4-80GB,A100-SXM4-80GB,,9700.0,df7f742d-c1c4-51c9-b7da-d151d8293f2c,suitesparse_all,Raju/laminar_duct3D,laminar_duct3D,67173,67173,3833077,64,row-major,N,N,1.0,0.0,20260922,main,pass,pass,0,0,490633856.0,0.2937,0.477644777298,0.771344777298,0.492329777298,1027.1940138767523,636.0759422247951,996.5553143925042,10.589629009038683,6.557483940461804,10.273766127757776,cuSPARSE 12.8.6,CUDA,13040,13000,2026-10-08T22:54:39.591139+00:00,derived,csr-alg3,0,0,,,,5,20,4,true
3,A100-SXM4-80GB-suitesparse_all-fp64-n64-row-major-cuSPARSE-SpMM-CSR-solve-only,cuSPARSE-SpMM-CSR-best-solve-only,cuSPARSE CUDA 13.4.1 CSR PER MATRIX BEST,per-matrix-best,cuSPARSE-SpMM-CSR,best,solve-only,"csr-alg1,csr-alg2,csr-alg3,csr-default",manual-selection,csr,CUSPARSE_SPMM_CSR_ALG2,library-preprocess,spmm.csr.fp64,fp64,A100-SXM4-80GB,A100-SXM4-80GB,,9700.0,0edb0287-e1df-52fd-b14b-f9e504b96222,suitesparse_all,Rommes/bauru5727,bauru5727,40366,40366,145019,64,row-major,N,N,1.0,0.0,20260922,main,pass,pass,0,0,18562432.0,0.04752,0.0701439976692,0.117663997669,0.0725199976692,264.63322047227285,157.75795797978822,255.96294258960873,2.728177530641988,1.626370700822559,2.6387932225732857,cuSPARSE 12.8.6,CUDA,13040,13000,2026-10-07T18:30:15.705120+00:00,derived,csr-alg2,0,0,,,,5,20,4,true
3,A100-SXM4-80GB-suitesparse_all-fp64-n64-row-major-cuSPARSE-SpMM-CSR-solve-only,cuSPARSE-SpMM-CSR-best-solve-only,cuSPARSE CUDA 13.4.1 CSR PER MATRIX BEST,per-matrix-best,cuSPARSE-SpMM-CSR,best,solve-only,"csr-alg1,csr-alg2,csr-alg3,csr-default",manual-selection,csr,CUSPARSE_SPMM_CSR_ALG3,library-preprocess,spmm.csr.fp64,fp64,A100-SXM4-80GB,A100-SXM4-80GB,,9700.0,0edb0287-e1df-52fd-b14b-f9e504b96222,suitesparse_all,Rommes/bips07_1693,bips07_1693,13275,13275,49044,64,row-major,N,N,1.0,0.0,20260922,main,pass,pass,0,0,6277632.0,0.12201,0.0268799990416,0.148889999042,0.0329804990416,233.5428654697724,42.162885622889675,190.34375411001815,2.4076584069048703,0.43466892394731627,1.962306743402249,cuSPARSE 12.8.6,CUDA,13040,13000,2026-10-07T20:47:47.279781+00:00,derived,csr-alg3,0,0,,,,5,20,4,true
3,A100-SXM4-80GB-suitesparse_all-fp64-n64-row-major-cuSPARSE-SpMM-CSR-solve-only,cuSPARSE-SpMM-CSR-best-solve-only,cuSPARSE CUDA 13.4.1 CSR PER MATRIX BEST,per-matrix-best,cuSPARSE-SpMM-CSR,best,solve-only,"csr-alg1,csr-alg2,csr-alg3,csr-default",manual-selection,csr,CUSPARSE_SPMM_CSR_ALG3,library-preprocess,spmm.csr.fp64,fp64,A100-SXM4-80GB,A100-SXM4-80GB,,9700.0,df7f742d-c1c4-51c9-b7da-d151d8293f2c,suitesparse_all,Rommes/bips98_1142,bips98_1142,9735,9735,40983,64,row-major,N,N,1.0,0.0,20260922,main,pass,pass,0,0,5245824.0,0.14848,0.0173567995429,0.165836799543,0.0247807995429,302.23452123383345,31.632448373678393,211.68905349153644,3.1158198065343656,0.32610771519256077,2.1823613762014067,cuSPARSE 12.8.6,CUDA,13040,13000,2026-10-08T23:17:27.765508+00:00,derived,csr-alg3,0,0,,,,5,20,4,true
3,A100-SXM4-80GB-suitesparse_all-fp64-n64-row-major-cuSPARSE-SpMM-CSR-solve-only,cuSPARSE-SpMM-CSR-best-solve-only,cuSPARSE CUDA 13.4.1 CSR PER MATRIX BEST,per-matrix-best,cuSPARSE-SpMM-CSR,best,solve-only,"csr-alg1,csr-alg2,csr-alg3,csr-default",manual-selection,csr,CUSPARSE_SPMM_CSR_ALG3,library-preprocess,spmm.csr.fp64,fp64,A100-SXM4-80GB,A100-SXM4-80GB,,9700.0,1cb4d392-df77-5092-a407-ab8ee1286933,suitesparse_all,Rommes/bips98_606,bips98_606,7135,7135,34738,64,row-major,N,N,1.0,0.0,20260922,main,pass,pass,0,0,4446464.0,1.966341,0.0147967994213,1.98113779942,0.113113849421,300.5017418563715,2.244399153507521,39.309633813721994,3.0979561016120774,0.02313813560317032,0.40525395684249477,cuSPARSE 12.8.6,CUDA,13040,13000,2026-10-08T01:21:05.690819+00:00,derived,csr-alg3,0,0,,,,5,20,4,true
3,A100-SXM4-80GB-suitesparse_all-fp64-n64-row-major-cuSPARSE-SpMM-CSR-solve-only,cuSPARSE-SpMM-CSR-best-solve-only,cuSPARSE CUDA 13.4.1 CSR PER MATRIX BEST,per-matrix-best,cuSPARSE-SpMM-CSR,best,solve-only,"csr-alg1,csr-alg2,csr-alg3,csr-default",manual-selection,csr,CUSPARSE_SPMM_CSR_ALG3,library-preprocess,spmm.csr.fp64,fp64,A100-SXM4-80GB,A100-SXM4-80GB,,9700.0,0edb0287-e1df-52fd-b14b-f9e504b96222,suitesparse_all,Rommes/M10PI_n,M10PI_n,682,682,1633,64,row-major,N,N,1.0,0.0,20260922,main,pass,pass,0,0,209024.0,0.05126,0.00593920014799,0.057199200148,0.00850220014799,35.19396464029586,3.6543168341368606,24.58469529788889,0.36282437773500886,0.03767336942409135,0.25345046698854523,cuSPARSE 12.8.6,CUDA,13040,13000,2026-10-07T20:47:47.888221+00:00,derived,csr-alg3,0,0,,,,5,20,4,true
3,A100-SXM4-80GB-suitesparse_all-fp64-n64-row-major-cuSPARSE-SpMM-CSR-solve-only,cuSPARSE-SpMM-CSR-best-solve-only,cuSPARSE CUDA 13.4.1 CSR PER MATRIX BEST,per-matrix-best,cuSPARSE-SpMM-CSR,best,solve-only,"csr-alg1,csr-alg2,csr-alg3,csr-default",manual-selection,csr,CUSPARSE_SPMM_CSR_ALG3,library-preprocess,spmm.csr.fp64,fp64,A100-SXM4-80GB,A100-SXM4-80GB,,9700.0,1cb4d392-df77-5092-a407-ab8ee1286933,suitesparse_all,Rommes/M20PI_n1,M20PI_n1,1028,1028,2547,64,row-major,N,N,1.0,0.0,20260922,main,pass,pass,0,0,326016.0,2.457501,0.00568320006132,2.46318420006,0.128558250061,57.36486424591542,0.13235550958473127,2.5359399326399332,0.5913903530506744,0.0013644897895333122,0.026143710645772505,cuSPARSE 12.8.6,CUDA,13040,13000,2026-10-08T01:21:07.079118+00:00,derived,csr-alg3,0,0,,,,5,20,4,true
3,A100-SXM4-80GB-suitesparse_all-fp64-n64-row-major-cuSPARSE-SpMM-CSR-solve-only,cuSPARSE-SpMM-CSR-best-solve-only,cuSPARSE CUDA 13.4.1 CSR PER MATRIX BEST,per-matrix-best,cuSPARSE-SpMM-CSR,best,solve-only,"csr-alg1,csr-alg2,csr-alg3,csr-default",manual-selection,csr,CUSPARSE_SPMM_CSR_ALG3,library-preprocess,spmm.csr.fp64,fp64,A100-SXM4-80GB,A100-SXM4-80GB,,9700.0,df7f742d-c1c4-51c9-b7da-d151d8293f2c,suitesparse_all,Rommes/M40PI_n1,M40PI_n1,2028,2028,5007,64,row-major,N,N,1.0,0.0,20260922,main,pass,pass,0,0,640896.0,0.05616,0.00706560015678,0.0632256001568,0.00987360015678,90.70651972642548,10.136653482301043,64.9100621681454,0.9351187600662422,0.10450158229176332,0.6691758986406743,cuSPARSE 12.8.6,CUDA,13040,13000,2026-10-08T23:17:28.552610+00:00,derived,csr-alg3,0,0,,,,5,20,4,true
3,A100-SXM4-80GB-suitesparse_all-fp64-n64-row-major-cuSPARSE-SpMM-CSR-solve-only,cuSPARSE-SpMM-CSR-best-solve-only,cuSPARSE CUDA 13.4.1 CSR PER MATRIX BEST,per-matrix-best,cuSPARSE-SpMM-CSR,best,solve-only,"csr-alg1,csr-alg2,csr-alg3,csr-default",manual-selection,csr,CUSPARSE_SPMM_CSR_ALG3,library-preprocess,spmm.csr.fp64,fp64,A100-SXM4-80GB,A100-SXM4-80GB,,9700.0,1cb4d392-df77-5092-a407-ab8ee1286933,suitesparse_all,Rommes/mimo28x28_system,mimo28x28_system,13251,13251,48737,64,row-major,N,N,1.0,0.0,20260922,main,pass,pass,0,0,6238336.0,1.585041,0.0228863999248,1.60792739992,0.102138449925,272.57830067192253,3.8797373564940676,61.077253517953274,2.8100855739373456,0.039997292334990386,0.6296624074015801,cuSPARSE 12.8.6,CUDA,13040,13000,2026-10-08T01:21:04.513587+00:00,derived,csr-alg3,0,0,,,,5,20,4,true
3,A100-SXM4-80GB-suitesparse_all-fp64-n64-row-major-cuSPARSE-SpMM-CSR-solve-only,cuSPARSE-SpMM-CSR-best-solve-only,cuSPARSE CUDA 13.4.1 CSR PER MATRIX BEST,per-matrix-best,cuSPARSE-SpMM-CSR,best,solve-only,"csr-alg1,csr-alg2,csr-alg3,csr-default",manual-selection,csr,CUSPARSE_SPMM_CSR_ALG3,library-preprocess,spmm.csr.fp64,fp64,A100-SXM4-80GB,A100-SXM4-80GB,,9700.0,df7f742d-c1c4-51c9-b7da-d151d8293f2c,suitesparse_all,Rommes/mimo46x46_system,mimo46x46_system,13250,13250,48735,64,row-major,N,N,1.0,0.0,20260922,main,pass,pass,0,0,6238080.0,1.570421,0.0226815998554,1.59310259986,0.101202649855,275.02821845765203,3.915680007394499,61.63949273005921,2.8353424583263096,0.040367835127778334,0.6354586879387548,cuSPARSE 12.8.6,CUDA,13040,13000,2026-10-08T23:17:26.721283+00:00,derived,csr-alg3,0,0,,,,5,20,4,true
3,A100-SXM4-80GB-suitesparse_all-fp64-n64-row-major-cuSPARSE-SpMM-CSR-solve-only,cuSPARSE-SpMM-CSR-best-solve-only,cuSPARSE CUDA 13.4.1 CSR PER MATRIX BEST,per-matrix-best,cuSPARSE-SpMM-CSR,best,solve-only,"csr-alg1,csr-alg2,csr-alg3,csr-default",manual-selection,csr,CUSPARSE_SPMM_CSR_ALG3,library-preprocess,spmm.csr.fp64,fp64,A100-SXM4-80GB,A100-SXM4-80GB,,9700.0,0edb0287-e1df-52fd-b14b-f9e504b96222,suitesparse_all,Rommes/S10PI_n,S10PI_n,682,682,1633,64,row-major,N,N,1.0,0.0,20260922,main,pass,pass,0,0,209024.0,0.05179,0.00593920014799,0.057729200148,0.00852870014799,35.19396464029586,3.620767297383758,24.50830681968127,0.36282437773500886,0.03732749791117276,0.2526629569039306,cuSPARSE 12.8.6,CUDA,13040,13000,2026-10-07T20:47:48.548758+00:00,derived,csr-alg3,0,0,,,,5,20,4,true
3,A100-SXM4-80GB-suitesparse_all-fp64-n64-row-major-cuSPARSE-SpMM-CSR-solve-only,cuSPARSE-SpMM-CSR-best-solve-only,cuSPARSE CUDA 13.4.1 CSR PER MATRIX BEST,per-matrix-best,cuSPARSE-SpMM-CSR,best,solve-only,"csr-alg1,csr-alg2,csr-alg3,csr-default",manual-selection,csr,CUSPARSE_SPMM_CSR_ALG3,library-preprocess,spmm.csr.fp64,fp64,A100-SXM4-80GB,A100-SXM4-80GB,,9700.0,1cb4d392-df77-5092-a407-ab8ee1286933,suitesparse_all,Rommes/S20PI_n1,S20PI_n1,1028,1028,2547,64,row-major,N,N,1.0,0.0,20260922,main,pass,pass,0,0,326016.0,0.05586,0.00563200004399,0.061492000044,0.00842500004399,57.88636318422921,5.301762827143733,38.69626092554914,0.5967666307652496,0.054657348733440546,0.3989305250056612,cuSPARSE 12.8.6,CUDA,13040,13000,2026-10-08T01:21:08.206232+00:00,derived,csr-alg3,0,0,,,,5,20,4,true
3,A100-SXM4-80GB-suitesparse_all-fp64-n64-row-major-cuSPARSE-SpMM-CSR-solve-only,cuSPARSE-SpMM-CSR-best-solve-only,cuSPARSE CUDA 13.4.1 CSR PER MATRIX BEST,per-matrix-best,cuSPARSE-SpMM-CSR,best,solve-only,"csr-alg1,csr-alg2,csr-alg3,csr-default",manual-selection,csr,CUSPARSE_SPMM_CSR_ALG3,library-preprocess,spmm.csr.fp64,fp64,A100-SXM4-80GB,A100-SXM4-80GB,,9700.0,df7f742d-c1c4-51c9-b7da-d151d8293f2c,suitesparse_all,Rommes/S40PI_n1,S40PI_n1,2028,2028,5007,64,row-major,N,N,1.0,0.0,20260922,main,pass,pass,0,0,640896.0,0.05754,0.00860159993172,0.0661415999317,0.0114785999317,74.50892916288477,9.68975653237615,55.83398705534311,0.7681332903390182,0.09989439724099124,0.5756081139726094,cuSPARSE 12.8.6,CUDA,13040,13000,2026-10-08T23:17:29.210307+00:00,derived,csr-alg3,0,0,,,,5,20,4,true
3,A100-SXM4-80GB-suitesparse_all-fp64-n64-row-major-cuSPARSE-SpMM-CSR-solve-only,cuSPARSE-SpMM-CSR-best-solve-only,cuSPARSE CUDA 13.4.1 CSR PER MATRIX BEST,per-matrix-best,cuSPARSE-SpMM-CSR,best,solve-only,"csr-alg1,csr-alg2,csr-alg3,csr-default",manual-selection,csr,CUSPARSE_SPMM_CSR_ALG2,library-preprocess,spmm.csr.fp64,fp64,A100-SXM4-80GB,A100-SXM4-80GB,,9700.0,0edb0287-e1df-52fd-b14b-f9e504b96222,suitesparse_all,Ronis/xenon1,xenon1,48600,48600,1181120,64,row-major,N,N,1.0,0.0,20260922,main,pass,pass,0,0,151183360.0,0.0935,0.216166400909,0.309666400909,0.220841400909,699.3841751736616,488.21363750220814,684.5788850175636,7.210146135810944,5.033130283527918,7.057514278531583,cuSPARSE 12.8.6,CUDA,13040,13000,2026-10-07T17:47:43.256415+00:00,derived,csr-alg2,0,0,,,,5,20,4,true
3,A100-SXM4-80GB-suitesparse_all-fp64-n64-row-major-cuSPARSE-SpMM-CSR-solve-only,cuSPARSE-SpMM-CSR-best-solve-only,cuSPARSE CUDA 13.4.1 CSR PER MATRIX BEST,per-matrix-best,cuSPARSE-SpMM-CSR,best,solve-only,"csr-alg1,csr-alg2,csr-alg3,csr-default",manual-selection,csr,CUSPARSE_SPMM_CSR_ALG3,library-preprocess,spmm.csr.fp64,fp64,A100-SXM4-80GB,A100-SXM4-80GB,,9700.0,1cb4d392-df77-5092-a407-ab8ee1286933,suitesparse_all,Rothberg/gearbox,gearbox,153746,153746,9080404,64,row-major,N,N,1.0,0.0,20260922,main,pass,pass,0,0,1162291712.0,0.29335,1.29909763336,1.59244763336,1.31376513336,894.691578333367,729.8775090943566,884.702815203657,9.223624518900692,7.524510403034604,9.120647579419144,cuSPARSE 12.8.6,CUDA,13040,13000,2026-10-08T00:57:00.714652+00:00,derived,csr-alg3,0,0,,,,5,20,4,true
3,A100-SXM4-80GB-suitesparse_all-fp64-n64-row-major-cuSPARSE-SpMM-CSR-solve-only,cuSPARSE-SpMM-CSR-best-solve-only,cuSPARSE CUDA 13.4.1 CSR PER MATRIX BEST,per-matrix-best,cuSPARSE-SpMM-CSR,best,solve-only,"csr-alg1,csr-alg2,csr-alg3,csr-default",manual-selection,csr,CUSPARSE_SPMM_CSR_ALG2,library-preprocess,spmm.csr.fp64,fp64,A100-SXM4-80GB,A100-SXM4-80GB,,9700.0,df7f742d-c1c4-51c9-b7da-d151d8293f2c,suitesparse_all,Rothberg/struct3,struct3,53570,53570,1173694,64,row-major,N,N,1.0,0.0,20260922,main,pass,pass,0,0,150232832.0,0.05957,0.169849598408,0.229419598408,0.172828098408,884.5050763035772,654.8387018480688,869.2616153499603,9.118609034057497,6.750914452041947,8.961459952061446,cuSPARSE 12.8.6,CUDA,13040,13000,2026-10-08T20:13:57.528872+00:00,derived,csr-alg2,0,0,,,,5,20,4,true
3,A100-SXM4-80GB-suitesparse_all-fp64-n64-row-major-cuSPARSE-SpMM-CSR-solve-only,cuSPARSE-SpMM-CSR-best-solve-only,cuSPARSE CUDA 13.4.1 CSR PER MATRIX BEST,per-matrix-best,cuSPARSE-SpMM-CSR,best,solve-only,"csr-alg1,csr-alg2,csr-alg3,csr-default",manual-selection,csr,CUSPARSE_SPMM_CSR_ALG2,library-preprocess,spmm.csr.fp64,fp64,A100-SXM4-80GB,A100-SXM4-80GB,,9700.0,0edb0287-e1df-52fd-b14b-f9e504b96222,suitesparse_all,Rucci/Rucci1,Rucci1,1977885,109900,7791168,64,row-major,N,N,1.0,0.0,20260922,main,pass,pass,0,0,997269504.0,0.47608,1.70613765717,2.18221765717,1.72994165717,584.5187812419474,456.9981828913001,576.4758018668829,6.025966816927293,4.711321473106186,5.943049503782297,cuSPARSE 12.8.6,CUDA,13040,13000,2026-10-07T17:58:49.416850+00:00,derived,csr-alg2,0,0,,,,5,20,4,true
3,A100-SXM4-80GB-suitesparse_all-fp64-n64-row-major-cuSPARSE-SpMM-CSR-solve-only,cuSPARSE-SpMM-CSR-best-solve-only,cuSPARSE CUDA 13.4.1 CSR PER MATRIX BEST,per-matrix-best,cuSPARSE-SpMM-CSR,best,solve-only,"csr-alg1,csr-alg2,csr-alg3,csr-default",manual-selection,csr,CUSPARSE_SPMM_CSR_ALG3,library-preprocess,spmm.csr.fp64,fp64,A100-SXM4-80GB,A100-SXM4-80GB,,9700.0,0edb0287-e1df-52fd-b14b-f9e504b96222,suitesparse_all,Sandia/adder_dcop_02,adder_dcop_02,1813,1813,11246,64,row-major,N,N,1.0,0.0,20260922,main,pass,pass,0,0,1439488.0,0.051,0.017919999361,0.068919999361,0.020469999361,80.32857429296647,20.886361191909238,70.32183902958745,0.8281296318862522,0.21532331125679627,0.7249674126761593,cuSPARSE 12.8.6,CUDA,13040,13000,2026-10-07T20:06:09.359527+00:00,derived,csr-alg3,0,0,,,,5,20,4,true
3,A100-SXM4-80GB-suitesparse_all-fp64-n64-row-major-cuSPARSE-SpMM-CSR-solve-only,cuSPARSE-SpMM-CSR-best-solve-only,cuSPARSE CUDA 13.4.1 CSR PER MATRIX BEST,per-matrix-best,cuSPARSE-SpMM-CSR,best,solve-only,"csr-alg1,csr-alg2,csr-alg3,csr-default",manual-selection,csr,CUSPARSE_SPMM_CSR_ALG3,library-preprocess,spmm.csr.fp64,fp64,A100-SXM4-80GB,A100-SXM4-80GB,,9700.0,1cb4d392-df77-5092-a407-ab8ee1286933,suitesparse_all,Sandia/adder_dcop_07,adder_dcop_07,1813,1813,11226,64,row-major,N,N,1.0,0.0,20260922,main,pass,pass,0,0,1436928.0,0.05183,0.0180736005306,0.0699036005306,0.0206651005306,79.5042469577199,20.5558510447683,69.53404353742476,0.8196314119352568,0.21191599015225054,0.7168458096641729,cuSPARSE 12.8.6,CUDA,13040,13000,2026-10-08T00:59:05.690154+00:00,derived,csr-alg3,0,0,,,,5,20,4,true
3,A100-SXM4-80GB-suitesparse_all-fp64-n64-row-major-cuSPARSE-SpMM-CSR-solve-only,cuSPARSE-SpMM-CSR-best-solve-only,cuSPARSE CUDA 13.4.1 CSR PER MATRIX BEST,per-matrix-best,cuSPARSE-SpMM-CSR,best,solve-only,"csr-alg1,csr-alg2,csr-alg3,csr-default",manual-selection,csr,CUSPARSE_SPMM_CSR_ALG2,library-preprocess,spmm.csr.fp64,fp64,A100-SXM4-80GB,A100-SXM4-80GB,,9700.0,df7f742d-c1c4-51c9-b7da-d151d8293f2c,suitesparse_all,Sandia/adder_dcop_08,adder_dcop_08,1813,1813,11242,64,row-major,N,N,1.0,0.0,20260922,main,pass,pass,0,0,1438976.0,0.01634,0.0220159992576,0.0383559992576,0.0228329992576,65.36046732029483,37.51632151037953,63.02176879023173,0.673819250724689,0.3867662011379333,0.6497089566003271,cuSPARSE 12.8.6,CUDA,13040,13000,2026-10-08T20:16:41.009997+00:00,derived,csr-alg2,0,0,,,,5,20,4,true
3,A100-SXM4-80GB-suitesparse_all-fp64-n64-row-major-cuSPARSE-SpMM-CSR-solve-only,cuSPARSE-SpMM-CSR-best-solve-only,cuSPARSE CUDA 13.4.1 CSR PER MATRIX BEST,per-matrix-best,cuSPARSE-SpMM-CSR,best,solve-only,"csr-alg1,csr-alg2,csr-alg3,csr-default",manual-selection,csr,CUSPARSE_SPMM_CSR_ALG3,library-preprocess,spmm.csr.fp64,fp64,A100-SXM4-80GB,A100-SXM4-80GB,,9700.0,0edb0287-e1df-52fd-b14b-f9e504b96222,suitesparse_all,Sandia/adder_dcop_10,adder_dcop_10,1813,1813,11232,64,row-major,N,N,1.0,0.0,20260922,main,pass,pass,0,0,1437696.0,0.05612,0.0220671996474,0.0781871996474,0.0248731996474,65.15081310597523,18.38786919704968,57.801007525394205,0.6716578670719096,0.18956566182525444,0.5958866755195279,cuSPARSE 12.8.6,CUDA,13040,13000,2026-10-07T20:06:10.094466+00:00,derived,csr-alg3,0,0,,,,5,20,4,true
3,A100-SXM4-80GB-suitesparse_all-fp64-n64-row-major-cuSPARSE-SpMM-CSR-solve-only,cuSPARSE-SpMM-CSR-best-solve-only,cuSPARSE CUDA 13.4.1 CSR PER MATRIX BEST,per-matrix-best,cuSPARSE-SpMM-CSR,best,solve-only,"csr-alg1,csr-alg2,csr-alg3,csr-default",manual-selection,csr,CUSPARSE_SPMM_CSR_ALG3,library-preprocess,spmm.csr.fp64,fp64,A100-SXM4-80GB,A100-SXM4-80GB,,9700.0,1cb4d392-df77-5092-a407-ab8ee1286933,suitesparse_all,Sandia/adder_dcop_15,adder_dcop_15,1813,1813,11246,64,row-major,N,N,1.0,0.0,20260922,main,pass,pass,0,0,1439488.0,1.780111,0.0182943999767,1.79840539998,0.107299949977,78.68462490343228,0.8004246428619535,13.415551454670368,0.8111817000353844,0.00825180044187581,0.13830465417185947,cuSPARSE 12.8.6,CUDA,13040,13000,2026-10-08T00:59:06.496736+00:00,derived,csr-alg3,0,0,,,,5,20,4,true
3,A100-SXM4-80GB-suitesparse_all-fp64-n64-row-major-cuSPARSE-SpMM-CSR-solve-only,cuSPARSE-SpMM-CSR-best-solve-only,cuSPARSE CUDA 13.4.1 CSR PER MATRIX BEST,per-matrix-best,cuSPARSE-SpMM-CSR,best,solve-only,"csr-alg1,csr-alg2,csr-alg3,csr-default",manual-selection,csr,CUSPARSE_SPMM_CSR_ALG3,library-preprocess,spmm.csr.fp64,fp64,A100-SXM4-80GB,A100-SXM4-80GB,,9700.0,df7f742d-c1c4-51c9-b7da-d151d8293f2c,suitesparse_all,Sandia/adder_dcop_16,adder_dcop_16,1813,1813,11246,64,row-major,N,N,1.0,0.0,20260922,main,pass,pass,0,0,1439488.0,0.05311,0.0219648003578,0.0750748003578,0.0246203003578,65.53612946856664,19.174050322338854,58.46752391645593,0.6756302007068726,0.19767062187978202,0.6027579785201642,cuSPARSE 12.8.6,CUDA,13040,13000,2026-10-08T22:51:54.211826+00:00,derived,csr-alg3,0,0,,,,5,20,4,true
3,A100-SXM4-80GB-suitesparse_all-fp64-n64-row-major-cuSPARSE-SpMM-CSR-solve-only,cuSPARSE-SpMM-CSR-best-solve-only,cuSPARSE CUDA 13.4.1 CSR PER MATRIX BEST,per-matrix-best,cuSPARSE-SpMM-CSR,best,solve-only,"csr-alg1,csr-alg2,csr-alg3,csr-default",manual-selection,csr,CUSPARSE_SPMM_CSR_ALG3,library-preprocess,spmm.csr.fp64,fp64,A100-SXM4-80GB,A100-SXM4-80GB,,9700.0,0edb0287-e1df-52fd-b14b-f9e504b96222,suitesparse_all,Sandia/adder_dcop_18,adder_dcop_18,1813,1813,11246,64,row-major,N,N,1.0,0.0,20260922,main,pass,pass,0,0,1439488.0,0.05177,0.0220671996474,0.0738371996474,0.0246556996474,65.23201960379251,19.495430580711197,58.38357948004113,0.6724950474617785,0.20098382041970309,0.6018925719591869,cuSPARSE 12.8.6,CUDA,13040,13000,2026-10-07T20:06:10.845334+00:00,derived,csr-alg3,0,0,,,,5,20,4,true
3,A100-SXM4-80GB-suitesparse_all-fp64-n64-row-major-cuSPARSE-SpMM-CSR-solve-only,cuSPARSE-SpMM-CSR-best-solve-only,cuSPARSE CUDA 13.4.1 CSR PER MATRIX BEST,per-matrix-best,cuSPARSE-SpMM-CSR,best,solve-only,"csr-alg1,csr-alg2,csr-alg3,csr-default",manual-selection,csr,CUSPARSE_SPMM_CSR_ALG3,library-preprocess,spmm.csr.fp64,fp64,A100-SXM4-80GB,A100-SXM4-80GB,,9700.0,1cb4d392-df77-5092-a407-ab8ee1286933,suitesparse_all,Sandia/adder_dcop_23,adder_dcop_23,1813,1813,11246,64,row-major,N,N,1.0,0.0,20260922,main,pass,pass,0,0,1439488.0,0.051091,0.0180639997125,0.0691549997125,0.0206185497125,79.68822093170745,20.815385814249492,69.81519166342287,0.8215280508423448,0.214591606332469,0.719744243952813,cuSPARSE 12.8.6,CUDA,13040,13000,2026-10-08T00:59:07.377056+00:00,derived,csr-alg3,0,0,,,,5,20,4,true
3,A100-SXM4-80GB-suitesparse_all-fp64-n64-row-major-cuSPARSE-SpMM-CSR-solve-only,cuSPARSE-SpMM-CSR-best-solve-only,cuSPARSE CUDA 13.4.1 CSR PER MATRIX BEST,per-matrix-best,cuSPARSE-SpMM-CSR,best,solve-only,"csr-alg1,csr-alg2,csr-alg3,csr-default",manual-selection,csr,CUSPARSE_SPMM_CSR_ALG1,library-preprocess,spmm.csr.fp64,fp64,A100-SXM4-80GB,A100-SXM4-80GB,,9700.0,df7f742d-c1c4-51c9-b7da-d151d8293f2c,suitesparse_all,Sandia/adder_dcop_24,adder_dcop_24,1813,1813,11246,64,row-major,N,N,1.0,0.0,20260922,main,pass,pass,0,0,1439488.0,2.685242,0.0211456000805,2.70638760008,0.15540770008,68.07506027353008,0.5318853810730766,9.262655577934606,0.701804745087939,0.005483354444052336,0.09549129461788253,cuSPARSE 12.8.6,CUDA,13040,13000,2026-10-08T17:41:11.472166+00:00,derived,csr-alg1,0,0,,,,5,20,4,true
3,A100-SXM4-80GB-suitesparse_all-fp64-n64-row-major-cuSPARSE-SpMM-CSR-solve-only,cuSPARSE-SpMM-CSR-best-solve-only,cuSPARSE CUDA 13.4.1 CSR PER MATRIX BEST,per-matrix-best,cuSPARSE-SpMM-CSR,best,solve-only,"csr-alg1,csr-alg2,csr-alg3,csr-default",manual-selection,csr,CUSPARSE_SPMM_CSR_ALG3,library-preprocess,spmm.csr.fp64,fp64,A100-SXM4-80GB,A100-SXM4-80GB,,9700.0,0edb0287-e1df-52fd-b14b-f9e504b96222,suitesparse_all,Sandia/adder_dcop_26,adder_dcop_26,1813,1813,11246,64,row-major,N,N,1.0,0.0,20260922,main,pass,pass,0,0,1439488.0,0.05497,0.0220159992576,0.0769859992576,0.0247644992576,65.38372313503253,18.698049176232455,58.12707880851797,0.6740590013920879,0.19276339356940675,0.5992482351393605,cuSPARSE 12.8.6,CUDA,13040,13000,2026-10-07T20:06:12.058837+00:00,derived,csr-alg3,0,0,,,,5,20,4,true
3,A100-SXM4-80GB-suitesparse_all-fp64-n64-row-major-cuSPARSE-SpMM-CSR-solve-only,cuSPARSE-SpMM-CSR-best-solve-only,cuSPARSE CUDA 13.4.1 CSR PER MATRIX BEST,per-matrix-best,cuSPARSE-SpMM-CSR,best,solve-only,"csr-alg1,csr-alg2,csr-alg3,csr-default",manual-selection,csr,CUSPARSE_SPMM_CSR_ALG3,library-preprocess,spmm.csr.fp64,fp64,A100-SXM4-80GB,A100-SXM4-80GB,,9700.0,1cb4d392-df77-5092-a407-ab8ee1286933,suitesparse_all,Sandia/adder_dcop_31,adder_dcop_31,1813,1813,11246,64,row-major,N,N,1.0,0.0,20260922,main,pass,pass,0,0,1439488.0,0.05054,0.0180736005306,0.0686136005306,0.0206006005306,79.64589001305167,20.979630698115358,69.87602122869154,0.8210916496190894,0.21628485255789026,0.7203713528731087,cuSPARSE 12.8.6,CUDA,13040,13000,2026-10-08T00:59:08.497998+00:00,derived,csr-alg3,0,0,,,,5,20,4,true
3,A100-SXM4-80GB-suitesparse_all-fp64-n64-row-major-cuSPARSE-SpMM-CSR-solve-only,cuSPARSE-SpMM-CSR-best-solve-only,cuSPARSE CUDA 13.4.1 CSR PER MATRIX BEST,per-matrix-best,cuSPARSE-SpMM-CSR,best,solve-only,"csr-alg1,csr-alg2,csr-alg3,csr-default",manual-selection,csr,CUSPARSE_SPMM_CSR_ALG1,library-preprocess,spmm.csr.fp64,fp64,A100-SXM4-80GB,A100-SXM4-80GB,,9700.0,df7f742d-c1c4-51c9-b7da-d151d8293f2c,suitesparse_all,Sandia/adder_dcop_32,adder_dcop_32,1813,1813,11246,64,row-major,N,N,1.0,0.0,20260922,main,pass,pass,0,0,1439488.0,0.03489,0.0210976004601,0.0559876004601,0.0228421004601,68.22993935838223,25.710835759533264,63.019073158988206,0.7034014366843528,0.2650601624694151,0.6496811665875073,cuSPARSE 12.8.6,CUDA,13040,13000,2026-10-08T17:41:12.102816+00:00,derived,csr-alg1,0,0,,,,5,20,4,true
3,A100-SXM4-80GB-suitesparse_all-fp64-n64-row-major-cuSPARSE-SpMM-CSR-solve-only,cuSPARSE-SpMM-CSR-best-solve-only,cuSPARSE CUDA 13.4.1 CSR PER MATRIX BEST,per-matrix-best,cuSPARSE-SpMM-CSR,best,solve-only,"csr-alg1,csr-alg2,csr-alg3,csr-default",manual-selection,csr,CUSPARSE_SPMM_CSR_ALG3,library-preprocess,spmm.csr.fp64,fp64,A100-SXM4-80GB,A100-SXM4-80GB,,9700.0,0edb0287-e1df-52fd-b14b-f9e504b96222,suitesparse_all,Sandia/adder_dcop_34,adder_dcop_34,1813,1813,11246,64,row-major,N,N,1.0,0.0,20260922,main,pass,pass,0,0,1439488.0,0.05711,0.0220159992576,0.0791259992576,0.0248714992576,65.38372313503253,18.19235161016609,57.877009547791324,0.6740590013920879,0.1875500165996504,0.5966702015236219,cuSPARSE 12.8.6,CUDA,13040,13000,2026-10-07T20:06:13.045133+00:00,derived,csr-alg3,0,0,,,,5,20,4,true
3,A100-SXM4-80GB-suitesparse_all-fp64-n64-row-major-cuSPARSE-SpMM-CSR-solve-only,cuSPARSE-SpMM-CSR-best-solve-only,cuSPARSE CUDA 13.4.1 CSR PER MATRIX BEST,per-matrix-best,cuSPARSE-SpMM-CSR,best,solve-only,"csr-alg1,csr-alg2,csr-alg3,csr-default",manual-selection,csr,CUSPARSE_SPMM_CSR_ALG2,library-preprocess,spmm.csr.fp64,fp64,A100-SXM4-80GB,A100-SXM4-80GB,,9700.0,1cb4d392-df77-5092-a407-ab8ee1286933,suitesparse_all,Sandia/adder_dcop_39,adder_dcop_39,1813,1813,11246,64,row-major,N,N,1.0,0.0,20260922,main,pass,pass,0,0,1439488.0,0.01274,0.0218623995781,0.0346023995781,0.0224993995781,65.84309260553282,41.600814323612916,63.97895174950086,0.6787947691292042,0.42887437447023624,0.6595768221598026,cuSPARSE 12.8.6,CUDA,13040,13000,2026-10-07T22:52:24.659243+00:00,derived,csr-alg2,0,0,,,,5,20,4,true
3,A100-SXM4-80GB-suitesparse_all-fp64-n64-row-major-cuSPARSE-SpMM-CSR-solve-only,cuSPARSE-SpMM-CSR-best-solve-only,cuSPARSE CUDA 13.4.1 CSR PER MATRIX BEST,per-matrix-best,cuSPARSE-SpMM-CSR,best,solve-only,"csr-alg1,csr-alg2,csr-alg3,csr-default",manual-selection,csr,CUSPARSE_SPMM_CSR_ALG1,library-preprocess,spmm.csr.fp64,fp64,A100-SXM4-80GB,A100-SXM4-80GB,,9700.0,df7f742d-c1c4-51c9-b7da-d151d8293f2c,suitesparse_all,Sandia/adder_dcop_40,adder_dcop_40,1813,1813,11246,64,row-major,N,N,1.0,0.0,20260922,main,pass,pass,0,0,1439488.0,2.436571,0.0211152002215,2.45768620022,0.142943750222,68.17306892189822,0.5857086229605488,10.070310858392837,0.702815143524724,0.006038233226397411,0.10381763771539008,cuSPARSE 12.8.6,CUDA,13040,13000,2026-10-08T17:41:12.765026+00:00,derived,csr-alg1,0,0,,,,5,20,4,true
3,A100-SXM4-80GB-suitesparse_all-fp64-n64-row-major-cuSPARSE-SpMM-CSR-solve-only,cuSPARSE-SpMM-CSR-best-solve-only,cuSPARSE CUDA 13.4.1 CSR PER MATRIX BEST,per-matrix-best,cuSPARSE-SpMM-CSR,best,solve-only,"csr-alg1,csr-alg2,csr-alg3,csr-default",manual-selection,csr,CUSPARSE_SPMM_CSR_ALG3,library-preprocess,spmm.csr.fp64,fp64,A100-SXM4-80GB,A100-SXM4-80GB,,9700.0,0edb0287-e1df-52fd-b14b-f9e504b96222,suitesparse_all,Sandia/adder_dcop_42,adder_dcop_42,1813,1813,11246,64,row-major,N,N,1.0,0.0,20260922,main,pass,pass,0,0,1439488.0,0.05055,0.0220159992576,0.0725659992576,0.0245434992576,65.38372313503253,19.836948636096114,58.65047949730543,0.6740590013920879,0.20450462511439294,0.604644118528922,cuSPARSE 12.8.6,CUDA,13040,13000,2026-10-07T20:06:13.852601+00:00,derived,csr-alg3,0,0,,,,5,20,4,true
3,A100-SXM4-80GB-suitesparse_all-fp64-n64-row-major-cuSPARSE-SpMM-CSR-solve-only,cuSPARSE-SpMM-CSR-best-solve-only,cuSPARSE CUDA 13.4.1 CSR PER MATRIX BEST,per-matrix-best,cuSPARSE-SpMM-CSR,best,solve-only,"csr-alg1,csr-alg2,csr-alg3,csr-default",manual-selection,csr,CUSPARSE_SPMM_CSR_ALG2,library-preprocess,spmm.csr.fp64,fp64,A100-SXM4-80GB,A100-SXM4-80GB,,9700.0,1cb4d392-df77-5092-a407-ab8ee1286933,suitesparse_all,Sandia/adder_dcop_47,adder_dcop_47,1813,1813,11246,64,row-major,N,N,1.0,0.0,20260922,main,pass,pass,0,0,1439488.0,0.01266,0.0220159992576,0.0346759992576,0.0226489992576,65.38372313503253,41.51251674988154,63.55636218748039,0.6740590013920879,0.42796409020496434,0.6552202287369112,cuSPARSE 12.8.6,CUDA,13040,13000,2026-10-07T22:52:25.286486+00:00,derived,csr-alg2,0,0,,,,5,20,4,true
3,A100-SXM4-80GB-suitesparse_all-fp64-n64-row-major-cuSPARSE-SpMM-CSR-solve-only,cuSPARSE-SpMM-CSR-best-solve-only,cuSPARSE CUDA 13.4.1 CSR PER MATRIX BEST,per-matrix-best,cuSPARSE-SpMM-CSR,best,solve-only,"csr-alg1,csr-alg2,csr-alg3,csr-default",manual-selection,csr,CUSPARSE_SPMM_CSR_ALG2,library-preprocess,spmm.csr.fp64,fp64,A100-SXM4-80GB,A100-SXM4-80GB,,9700.0,df7f742d-c1c4-51c9-b7da-d151d8293f2c,suitesparse_all,Sandia/adder_dcop_48,adder_dcop_48,1813,1813,11246,64,row-major,N,N,1.0,0.0,20260922,main,pass,pass,0,0,1439488.0,0.02166,0.0178463995457,0.0395063995457,0.0189293995457,80.65985502083177,36.436830907226486,76.04509570019584,0.8315448971219771,0.3756374320332627,0.7839700587649056,cuSPARSE 12.8.6,CUDA,13040,13000,2026-10-08T20:16:44.664717+00:00,derived,csr-alg2,0,0,,,,5,20,4,true
3,A100-SXM4-80GB-suitesparse_all-fp64-n64-row-major-cuSPARSE-SpMM-CSR-solve-only,cuSPARSE-SpMM-CSR-best-solve-only,cuSPARSE CUDA 13.4.1 CSR PER MATRIX BEST,per-matrix-best,cuSPARSE-SpMM-CSR,best,solve-only,"csr-alg1,csr-alg2,csr-alg3,csr-default",manual-selection,csr,CUSPARSE_SPMM_CSR_ALG3,library-preprocess,spmm.csr.fp64,fp64,A100-SXM4-80GB,A100-SXM4-80GB,,9700.0,0edb0287-e1df-52fd-b14b-f9e504b96222,suitesparse_all,Sandia/adder_dcop_50,adder_dcop_50,1813,1813,11246,64,row-major,N,N,1.0,0.0,20260922,main,pass,pass,0,0,1439488.0,0.05532,0.0220159992576,0.0773359992576,0.0247819992576,65.38372313503253,18.61342730188539,58.08603192329392,0.6740590013920879,0.19189100311222054,0.5988250713741642,cuSPARSE 12.8.6,CUDA,13040,13000,2026-10-07T20:06:14.631975+00:00,derived,csr-alg3,0,0,,,,5,20,4,true
3,A100-SXM4-80GB-suitesparse_all-fp64-n64-row-major-cuSPARSE-SpMM-CSR-solve-only,cuSPARSE-SpMM-CSR-best-solve-only,cuSPARSE CUDA 13.4.1 CSR PER MATRIX BEST,per-matrix-best,cuSPARSE-SpMM-CSR,best,solve-only,"csr-alg1,csr-alg2,csr-alg3,csr-default",manual-selection,csr,CUSPARSE_SPMM_CSR_ALG2,library-preprocess,spmm.csr.fp64,fp64,A100-SXM4-80GB,A100-SXM4-80GB,,9700.0,1cb4d392-df77-5092-a407-ab8ee1286933,suitesparse_all,Sandia/adder_dcop_55,adder_dcop_55,1813,1813,11246,64,row-major,N,N,1.0,0.0,20260922,main,pass,pass,0,0,1439488.0,0.01283,0.021913599968,0.034743599968,0.022555099968,65.68925243237332,41.431745740965695,63.8209541098142,0.6772087879626115,0.4271313993913989,0.6579479805135484,cuSPARSE 12.8.6,CUDA,13040,13000,2026-10-07T22:52:25.893406+00:00,derived,csr-alg2,0,0,,,,5,20,4,true
3,A100-SXM4-80GB-suitesparse_all-fp64-n64-row-major-cuSPARSE-SpMM-CSR-solve-only,cuSPARSE-SpMM-CSR-best-solve-only,cuSPARSE CUDA 13.4.1 CSR PER MATRIX BEST,per-matrix-best,cuSPARSE-SpMM-CSR,best,solve-only,"csr-alg1,csr-alg2,csr-alg3,csr-default",manual-selection,csr,CUSPARSE_SPMM_CSR_ALG2,library-preprocess,spmm.csr.fp64,fp64,A100-SXM4-80GB,A100-SXM4-80GB,,9700.0,df7f742d-c1c4-51c9-b7da-d151d8293f2c,suitesparse_all,Sandia/adder_dcop_56,adder_dcop_56,1813,1813,11246,64,row-major,N,N,1.0,0.0,20260922,main,pass,pass,0,0,1439488.0,0.01527,0.0178688004613,0.0331388004613,0.0186323004613,80.55873717531422,43.43814440963414,77.25766353917874,0.8305024451063322,0.4478159217488056,0.7964707581358633,cuSPARSE 12.8.6,CUDA,13040,13000,2026-10-08T20:16:45.341687+00:00,derived,csr-alg2,0,0,,,,5,20,4,true
3,A100-SXM4-80GB-suitesparse_all-fp64-n64-row-major-cuSPARSE-SpMM-CSR-solve-only,cuSPARSE-SpMM-CSR-best-solve-only,cuSPARSE CUDA 13.4.1 CSR PER MATRIX BEST,per-matrix-best,cuSPARSE-SpMM-CSR,best,solve-only,"csr-alg1,csr-alg2,csr-alg3,csr-default",manual-selection,csr,CUSPARSE_SPMM_CSR_ALG3,library-preprocess,spmm.csr.fp64,fp64,A100-SXM4-80GB,A100-SXM4-80GB,,9700.0,0edb0287-e1df-52fd-b14b-f9e504b96222,suitesparse_all,Sandia/adder_dcop_58,adder_dcop_58,1813,1813,11246,64,row-major,N,N,1.0,0.0,20260922,main,pass,pass,0,0,1439488.0,0.05052,0.0220671996474,0.0725871996474,0.0245931996474,65.23201960379251,19.83115490048473,58.53195276085936,0.6724950474617785,0.2044448958812859,0.6034221934109213,cuSPARSE 12.8.6,CUDA,13040,13000,2026-10-07T20:06:15.305191+00:00,derived,csr-alg3,0,0,,,,5,20,4,true
3,A100-SXM4-80GB-suitesparse_all-fp64-n64-row-major-cuSPARSE-SpMM-CSR-solve-only,cuSPARSE-SpMM-CSR-best-solve-only,cuSPARSE CUDA 13.4.1 CSR PER MATRIX BEST,per-matrix-best,cuSPARSE-SpMM-CSR,best,solve-only,"csr-alg1,csr-alg2,csr-alg3,csr-default",manual-selection,csr,CUSPARSE_SPMM_CSR_ALG2,library-preprocess,spmm.csr.fp64,fp64,A100-SXM4-80GB,A100-SXM4-80GB,,9700.0,1cb4d392-df77-5092-a407-ab8ee1286933,suitesparse_all,Sandia/adder_dcop_63,adder_dcop_63,1813,1813,11246,64,row-major,N,N,1.0,0.0,20260922,main,pass,pass,0,0,1439488.0,0.01296,0.021913599968,0.034873599968,0.022561599968,65.68925243237332,41.27729862477271,63.80256728430971,0.6772087879626115,0.42553916108013107,0.6577584256114403,cuSPARSE 12.8.6,CUDA,13040,13000,2026-10-07T22:52:26.542846+00:00,derived,csr-alg2,0,0,,,,5,20,4,true
3,A100-SXM4-80GB-suitesparse_all-fp64-n64-row-major-cuSPARSE-SpMM-CSR-solve-only,cuSPARSE-SpMM-CSR-best-solve-only,cuSPARSE CUDA 13.4.1 CSR PER MATRIX BEST,per-matrix-best,cuSPARSE-SpMM-CSR,best,solve-only,"csr-alg1,csr-alg2,csr-alg3,csr-default",manual-selection,csr,CUSPARSE_SPMM_CSR_ALG2,library-preprocess,spmm.csr.fp64,fp64,A100-SXM4-80GB,A100-SXM4-80GB,,9700.0,df7f742d-c1c4-51c9-b7da-d151d8293f2c,suitesparse_all,Sandia/adder_dcop_64,adder_dcop_64,1813,1813,11246,64,row-major,N,N,1.0,0.0,20260922,main,pass,pass,0,0,1439488.0,0.01585,0.0178688004613,0.0337188004613,0.0186613004613,80.55873717531422,42.690961134638826,77.13760372623683,0.8305024451063322,0.44011300138802917,0.7952330281055344,cuSPARSE 12.8.6,CUDA,13040,13000,2026-10-08T20:16:45.930522+00:00,derived,csr-alg2,0,0,,,,5,20,4,true
3,A100-SXM4-80GB-suitesparse_all-fp64-n64-row-major-cuSPARSE-SpMM-CSR-solve-only,cuSPARSE-SpMM-CSR-best-solve-only,cuSPARSE CUDA 13.4.1 CSR PER MATRIX BEST,per-matrix-best,cuSPARSE-SpMM-CSR,best,solve-only,"csr-alg1,csr-alg2,csr-alg3,csr-default",manual-selection,csr,CUSPARSE_SPMM_CSR_ALG3,library-preprocess,spmm.csr.fp64,fp64,A100-SXM4-80GB,A100-SXM4-80GB,,9700.0,0edb0287-e1df-52fd-b14b-f9e504b96222,suitesparse_all,Sandia/adder_dcop_66,adder_dcop_66,1813,1813,11246,64,row-major,N,N,1.0,0.0,20260922,main,pass,pass,0,0,1439488.0,0.05665,0.0219648003578,0.0786148003578,0.0247973003578,65.53612946856664,18.310648802114233,58.05019011060244,0.6756302007068726,0.18876957527952817,0.5984555681505407,cuSPARSE 12.8.6,CUDA,13040,13000,2026-10-07T20:06:16.275404+00:00,derived,csr-alg3,0,0,,,,5,20,4,true
3,A100-SXM4-80GB-suitesparse_all-fp64-n64-row-major-cuSPARSE-SpMM-CSR-solve-only,cuSPARSE-SpMM-CSR-best-solve-only,cuSPARSE CUDA 13.4.1 CSR PER MATRIX BEST,per-matrix-best,cuSPARSE-SpMM-CSR,best,solve-only,"csr-alg1,csr-alg2,csr-alg3,csr-default",manual-selection,csr,CUSPARSE_SPMM_CSR_ALG2,library-preprocess,spmm.csr.fp64,fp64,A100-SXM4-80GB,A100-SXM4-80GB,,9700.0,1cb4d392-df77-5092-a407-ab8ee1286933,suitesparse_all,Sandia/adder_trans_02,adder_trans_02,1814,1814,14579,64,row-major,N,N,1.0,0.0,20260922,main,pass,pass,0,0,1866112.0,0.01246,0.0220671996474,0.0345271996474,0.0226901996474,84.5649665484342,54.04759201606793,82.24308419489081,0.8718037788498371,0.5571916702687416,0.8478668473700084,cuSPARSE 12.8.6,CUDA,13040,13000,2026-10-07T22:52:27.151113+00:00,derived,csr-alg2,0,0,,,,5,20,4,true
3,A100-SXM4-80GB-suitesparse_all-fp64-n64-row-major-cuSPARSE-SpMM-CSR-solve-only,cuSPARSE-SpMM-CSR-best-solve-only,cuSPARSE CUDA 13.4.1 CSR PER MATRIX BEST,per-matrix-best,cuSPARSE-SpMM-CSR,best,solve-only,"csr-alg1,csr-alg2,csr-alg3,csr-default",manual-selection,csr,CUSPARSE_SPMM_CSR_ALG2,library-preprocess,spmm.csr.fp64,fp64,A100-SXM4-80GB,A100-SXM4-80GB,,9700.0,df7f742d-c1c4-51c9-b7da-d151d8293f2c,suitesparse_all,Sandia/ASIC_100k,ASIC_100k,99340,99340,954163,64,row-major,N,N,1.0,0.0,20260922,main,pass,pass,0,0,122132864.0,0.05529,0.290764808655,0.346054808655,0.293529308655,420.04004736664615,352.92924977603934,416.08405157097616,4.3303097666664545,3.638445873979787,4.289526304855424,cuSPARSE 12.8.6,CUDA,13040,13000,2026-10-08T20:19:43.295553+00:00,derived,csr-alg2,0,0,,,,5,20,4,true
3,A100-SXM4-80GB-suitesparse_all-fp64-n64-row-major-cuSPARSE-SpMM-CSR-solve-only,cuSPARSE-SpMM-CSR-best-solve-only,cuSPARSE CUDA 13.4.1 CSR PER MATRIX BEST,per-matrix-best,cuSPARSE-SpMM-CSR,best,solve-only,"csr-alg1,csr-alg2,csr-alg3,csr-default",manual-selection,csr,CUSPARSE_SPMM_CSR_ALG2,library-preprocess,spmm.csr.fp64,fp64,A100-SXM4-80GB,A100-SXM4-80GB,,9700.0,0edb0287-e1df-52fd-b14b-f9e504b96222,suitesparse_all,Sandia/ASIC_320k,ASIC_320k,321821,321821,2635364,64,row-major,N,N,1.0,0.0,20260922,main,pass,pass,0,0,337326592.0,0.07648,0.847155189514,0.923635189514,0.850979189514,398.1874822646357,365.2162626864564,396.3981683178992,4.105025590357069,3.7651161101696538,4.086579054823703,cuSPARSE 12.8.6,CUDA,13040,13000,2026-10-07T17:55:01.298016+00:00,derived,csr-alg2,0,0,,,,5,20,4,true
3,A100-SXM4-80GB-suitesparse_all-fp64-n64-row-major-cuSPARSE-SpMM-CSR-solve-only,cuSPARSE-SpMM-CSR-best-solve-only,cuSPARSE CUDA 13.4.1 CSR PER MATRIX BEST,per-matrix-best,cuSPARSE-SpMM-CSR,best,solve-only,"csr-alg1,csr-alg2,csr-alg3,csr-default",manual-selection,csr,CUSPARSE_SPMM_CSR_ALG3,library-preprocess,spmm.csr.fp64,fp64,A100-SXM4-80GB,A100-SXM4-80GB,,9700.0,df7f742d-c1c4-51c9-b7da-d151d8293f2c,suitesparse_all,Sandia/fpga_dcop_01,fpga_dcop_01,1220,1220,5892,64,row-major,N,N,1.0,0.0,20260922,main,pass,pass,0,0,754176.0,0.05194,0.00895999968052,0.0608999996805,0.0115569996805,84.1714315726662,12.38384242950144,65.25707543909627,0.8677467172439813,0.12766847865465403,0.6727533550422296,cuSPARSE 12.8.6,CUDA,13040,13000,2026-10-08T22:52:01.463601+00:00,derived,csr-alg3,0,0,,,,5,20,4,true
3,A100-SXM4-80GB-suitesparse_all-fp64-n64-row-major-cuSPARSE-SpMM-CSR-solve-only,cuSPARSE-SpMM-CSR-best-solve-only,cuSPARSE CUDA 13.4.1 CSR PER MATRIX BEST,per-matrix-best,cuSPARSE-SpMM-CSR,best,solve-only,"csr-alg1,csr-alg2,csr-alg3,csr-default",manual-selection,csr,CUSPARSE_SPMM_CSR_ALG3,library-preprocess,spmm.csr.fp64,fp64,A100-SXM4-80GB,A100-SXM4-80GB,,9700.0,0edb0287-e1df-52fd-b14b-f9e504b96222,suitesparse_all,Sandia/fpga_dcop_03,fpga_dcop_03,1220,1220,5892,64,row-major,N,N,1.0,0.0,20260922,main,pass,pass,0,0,754176.0,0.05132,0.00906239971519,0.0603823997152,0.0116283997152,83.22034159847121,12.48999714415378,64.856387677677,0.8579416659636206,0.12876285715622454,0.6686225533781134,cuSPARSE 12.8.6,CUDA,13040,13000,2026-10-07T20:06:17.381801+00:00,derived,csr-alg3,0,0,,,,5,20,4,true
3,A100-SXM4-80GB-suitesparse_all-fp64-n64-row-major-cuSPARSE-SpMM-CSR-solve-only,cuSPARSE-SpMM-CSR-best-solve-only,cuSPARSE CUDA 13.4.1 CSR PER MATRIX BEST,per-matrix-best,cuSPARSE-SpMM-CSR,best,solve-only,"csr-alg1,csr-alg2,csr-alg3,csr-default",manual-selection,csr,CUSPARSE_SPMM_CSR_ALG3,library-preprocess,spmm.csr.fp64,fp64,A100-SXM4-80GB,A100-SXM4-80GB,,9700.0,1cb4d392-df77-5092-a407-ab8ee1286933,suitesparse_all,Sandia/fpga_dcop_08,fpga_dcop_08,1220,1220,5888,64,row-major,N,N,1.0,0.0,20260922,main,pass,pass,0,0,753664.0,2.454191,0.00747520029545,2.4616662003,0.130184750295,100.82191382333122,0.306160112166366,5.789188044622658,1.0394011734364044,0.0031562898161481036,0.05968235097549132,cuSPARSE 12.8.6,CUDA,13040,13000,2026-10-08T00:59:13.285815+00:00,derived,csr-alg3,0,0,,,,5,20,4,true
3,A100-SXM4-80GB-suitesparse_all-fp64-n64-row-major-cuSPARSE-SpMM-CSR-solve-only,cuSPARSE-SpMM-CSR-best-solve-only,cuSPARSE CUDA 13.4.1 CSR PER MATRIX BEST,per-matrix-best,cuSPARSE-SpMM-CSR,best,solve-only,"csr-alg1,csr-alg2,csr-alg3,csr-default",manual-selection,csr,CUSPARSE_SPMM_CSR_ALG3,library-preprocess,spmm.csr.fp64,fp64,A100-SXM4-80GB,A100-SXM4-80GB,,9700.0,df7f742d-c1c4-51c9-b7da-d151d8293f2c,suitesparse_all,Sandia/fpga_dcop_09,fpga_dcop_09,1220,1220,5888,64,row-major,N,N,1.0,0.0,20260922,main,pass,pass,0,0,753664.0,2.465471,0.00752639994025,2.47299739994,0.13079994994,100.13605521672106,0.30475729574899085,5.761959391771309,1.0323304661517636,0.0031418277912267094,0.0594016432141372,cuSPARSE 12.8.6,CUDA,13040,13000,2026-10-08T22:52:02.871324+00:00,derived,csr-alg3,0,0,,,,5,20,4,true
3,A100-SXM4-80GB-suitesparse_all-fp64-n64-row-major-cuSPARSE-SpMM-CSR-solve-only,cuSPARSE-SpMM-CSR-best-solve-only,cuSPARSE CUDA 13.4.1 CSR PER MATRIX BEST,per-matrix-best,cuSPARSE-SpMM-CSR,best,solve-only,"csr-alg1,csr-alg2,csr-alg3,csr-default",manual-selection,csr,CUSPARSE_SPMM_CSR_ALG3,library-preprocess,spmm.csr.fp64,fp64,A100-SXM4-80GB,A100-SXM4-80GB,,9700.0,0edb0287-e1df-52fd-b14b-f9e504b96222,suitesparse_all,Sandia/fpga_dcop_11,fpga_dcop_11,1220,1220,5892,64,row-major,N,N,1.0,0.0,20260922,main,pass,pass,0,0,754176.0,0.05542,0.00916479974985,0.0645847997499,0.0119357997499,82.29050503938656,11.677298728501015,63.18604666656867,0.8483557220555314,0.12038452297423727,0.6514025429543162,cuSPARSE 12.8.6,CUDA,13040,13000,2026-10-07T20:06:18.962668+00:00,derived,csr-alg3,0,0,,,,5,20,4,true
3,A100-SXM4-80GB-suitesparse_all-fp64-n64-row-major-cuSPARSE-SpMM-CSR-solve-only,cuSPARSE-SpMM-CSR-best-solve-only,cuSPARSE CUDA 13.4.1 CSR PER MATRIX BEST,per-matrix-best,cuSPARSE-SpMM-CSR,best,solve-only,"csr-alg1,csr-alg2,csr-alg3,csr-default",manual-selection,csr,CUSPARSE_SPMM_CSR_ALG3,library-preprocess,spmm.csr.fp64,fp64,A100-SXM4-80GB,A100-SXM4-80GB,,9700.0,1cb4d392-df77-5092-a407-ab8ee1286933,suitesparse_all,Sandia/fpga_dcop_16,fpga_dcop_16,1220,1220,5892,64,row-major,N,N,1.0,0.0,20260922,main,pass,pass,0,0,754176.0,0.0505,0.00742399990559,0.0579239999056,0.00994899990559,101.58620818840973,13.02009531850523,75.80420214661521,1.0472804967877292,0.13422778678871372,0.781486620068198,cuSPARSE 12.8.6,CUDA,13040,13000,2026-10-08T00:59:13.902350+00:00,derived,csr-alg3,0,0,,,,5,20,4,true
3,A100-SXM4-80GB-suitesparse_all-fp64-n64-row-major-cuSPARSE-SpMM-CSR-solve-only,cuSPARSE-SpMM-CSR-best-solve-only,cuSPARSE CUDA 13.4.1 CSR PER MATRIX BEST,per-matrix-best,cuSPARSE-SpMM-CSR,best,solve-only,"csr-alg1,csr-alg2,csr-alg3,csr-default",manual-selection,csr,CUSPARSE_SPMM_CSR_ALG3,library-preprocess,spmm.csr.fp64,fp64,A100-SXM4-80GB,A100-SXM4-80GB,,9700.0,df7f742d-c1c4-51c9-b7da-d151d8293f2c,suitesparse_all,Sandia/fpga_dcop_17,fpga_dcop_17,1220,1220,5892,64,row-major,N,N,1.0,0.0,20260922,main,pass,pass,0,0,754176.0,0.04994,0.00721919983625,0.0571591998363,0.00971619983625,104.46808747598756,13.19430646614907,77.62047021575843,1.0769905925359542,0.1360237780015368,0.8002110331521487,cuSPARSE 12.8.6,CUDA,13040,13000,2026-10-08T22:52:03.766983+00:00,derived,csr-alg3,0,0,,,,5,20,4,true
3,A100-SXM4-80GB-suitesparse_all-fp64-n64-row-major-cuSPARSE-SpMM-CSR-solve-only,cuSPARSE-SpMM-CSR-best-solve-only,cuSPARSE CUDA 13.4.1 CSR PER MATRIX BEST,per-matrix-best,cuSPARSE-SpMM-CSR,best,solve-only,"csr-alg1,csr-alg2,csr-alg3,csr-default",manual-selection,csr,CUSPARSE_SPMM_CSR_ALG3,library-preprocess,spmm.csr.fp64,fp64,A100-SXM4-80GB,A100-SXM4-80GB,,9700.0,0edb0287-e1df-52fd-b14b-f9e504b96222,suitesparse_all,Sandia/fpga_dcop_19,fpga_dcop_19,1220,1220,5892,64,row-major,N,N,1.0,0.0,20260922,main,pass,pass,0,0,754176.0,0.05459,0.00916479974985,0.0637547997499,0.0118942997499,82.29050503938656,11.829321132816872,63.406506970394844,0.8483557220555314,0.12195176425584406,0.6536753295916994,cuSPARSE 12.8.6,CUDA,13040,13000,2026-10-07T20:06:20.081073+00:00,derived,csr-alg3,0,0,,,,5,20,4,true
3,A100-SXM4-80GB-suitesparse_all-fp64-n64-row-major-cuSPARSE-SpMM-CSR-solve-only,cuSPARSE-SpMM-CSR-best-solve-only,cuSPARSE CUDA 13.4.1 CSR PER MATRIX BEST,per-matrix-best,cuSPARSE-SpMM-CSR,best,solve-only,"csr-alg1,csr-alg2,csr-alg3,csr-default",manual-selection,csr,CUSPARSE_SPMM_CSR_ALG3,library-preprocess,spmm.csr.fp64,fp64,A100-SXM4-80GB,A100-SXM4-80GB,,9700.0,1cb4d392-df77-5092-a407-ab8ee1286933,suitesparse_all,Sandia/fpga_dcop_24,fpga_dcop_24,1220,1220,5892,64,row-major,N,N,1.0,0.0,20260922,main,pass,pass,0,0,754176.0,0.05677,0.00750079974532,0.0642707997453,0.0103392997453,100.54607849923678,11.734349082145215,72.94265748923958,1.0365575103014102,0.12097267094995066,0.7519861596828823,cuSPARSE 12.8.6,CUDA,13040,13000,2026-10-08T00:59:14.672405+00:00,derived,csr-alg3,0,0,,,,5,20,4,true
3,A100-SXM4-80GB-suitesparse_all-fp64-n64-row-major-cuSPARSE-SpMM-CSR-solve-only,cuSPARSE-SpMM-CSR-best-solve-only,cuSPARSE CUDA 13.4.1 CSR PER MATRIX BEST,per-matrix-best,cuSPARSE-SpMM-CSR,best,solve-only,"csr-alg1,csr-alg2,csr-alg3,csr-default",manual-selection,csr,CUSPARSE_SPMM_CSR_ALG3,library-preprocess,spmm.csr.fp64,fp64,A100-SXM4-80GB,A100-SXM4-80GB,,9700.0,df7f742d-c1c4-51c9-b7da-d151d8293f2c,suitesparse_all,Sandia/fpga_dcop_25,fpga_dcop_25,1220,1220,5892,64,row-major,N,N,1.0,0.0,20260922,main,pass,pass,0,0,754176.0,0.05143,0.00742399990559,0.0588539999056,0.00999549990559,101.58620818840973,12.814354185096596,75.45155391159834,1.0472804967877292,0.13210674417625357,0.7778510712535911,cuSPARSE 12.8.6,CUDA,13040,13000,2026-10-08T22:52:04.520883+00:00,derived,csr-alg3,0,0,,,,5,20,4,true
3,A100-SXM4-80GB-suitesparse_all-fp64-n64-row-major-cuSPARSE-SpMM-CSR-solve-only,cuSPARSE-SpMM-CSR-best-solve-only,cuSPARSE CUDA 13.4.1 CSR PER MATRIX BEST,per-matrix-best,cuSPARSE-SpMM-CSR,best,solve-only,"csr-alg1,csr-alg2,csr-alg3,csr-default",manual-selection,csr,CUSPARSE_SPMM_CSR_ALG3,library-preprocess,spmm.csr.fp64,fp64,A100-SXM4-80GB,A100-SXM4-80GB,,9700.0,0edb0287-e1df-52fd-b14b-f9e504b96222,suitesparse_all,Sandia/fpga_dcop_27,fpga_dcop_27,1220,1220,5892,64,row-major,N,N,1.0,0.0,20260922,main,pass,pass,0,0,754176.0,0.051041,0.00906239971519,0.0601033997152,0.0116144497152,83.22034159847121,12.547975714745979,64.93428603965617,0.8579416659636206,0.1293605743788245,0.669425629274806,cuSPARSE 12.8.6,CUDA,13040,13000,2026-10-07T20:06:21.609711+00:00,derived,csr-alg3,0,0,,,,5,20,4,true
3,A100-SXM4-80GB-suitesparse_all-fp64-n64-row-major-cuSPARSE-SpMM-CSR-solve-only,cuSPARSE-SpMM-CSR-best-solve-only,cuSPARSE CUDA 13.4.1 CSR PER MATRIX BEST,per-matrix-best,cuSPARSE-SpMM-CSR,best,solve-only,"csr-alg1,csr-alg2,csr-alg3,csr-default",manual-selection,csr,CUSPARSE_SPMM_CSR_ALG3,library-preprocess,spmm.csr.fp64,fp64,A100-SXM4-80GB,A100-SXM4-80GB,,9700.0,1cb4d392-df77-5092-a407-ab8ee1286933,suitesparse_all,Sandia/fpga_dcop_32,fpga_dcop_32,1220,1220,5892,64,row-major,N,N,1.0,0.0,20260922,main,pass,pass,0,0,754176.0,0.05122,0.00742399990559,0.0586439999056,0.00998499990559,101.58620818840973,12.860241477627836,75.53089705867521,1.0472804967877292,0.13257980904770966,0.7786690418420125,cuSPARSE 12.8.6,CUDA,13040,13000,2026-10-08T00:59:16.033363+00:00,derived,csr-alg3,0,0,,,,5,20,4,true
3,A100-SXM4-80GB-suitesparse_all-fp64-n64-row-major-cuSPARSE-SpMM-CSR-solve-only,cuSPARSE-SpMM-CSR-best-solve-only,cuSPARSE CUDA 13.4.1 CSR PER MATRIX BEST,per-matrix-best,cuSPARSE-SpMM-CSR,best,solve-only,"csr-alg1,csr-alg2,csr-alg3,csr-default",manual-selection,csr,CUSPARSE_SPMM_CSR_ALG3,library-preprocess,spmm.csr.fp64,fp64,A100-SXM4-80GB,A100-SXM4-80GB,,9700.0,df7f742d-c1c4-51c9-b7da-d151d8293f2c,suitesparse_all,Sandia/fpga_dcop_33,fpga_dcop_33,1220,1220,5892,64,row-major,N,N,1.0,0.0,20260922,main,pass,pass,0,0,754176.0,0.05114,0.00911360010505,0.060253600105,0.011670600105,82.75280803489483,12.516696076014494,64.6218697594557,0.8531217323185033,0.12903810387643808,0.6662048428809866,cuSPARSE 12.8.6,CUDA,13040,13000,2026-10-08T22:52:05.234547+00:00,derived,csr-alg3,0,0,,,,5,20,4,true
3,A100-SXM4-80GB-suitesparse_all-fp64-n64-row-major-cuSPARSE-SpMM-CSR-solve-only,cuSPARSE-SpMM-CSR-best-solve-only,cuSPARSE CUDA 13.4.1 CSR PER MATRIX BEST,per-matrix-best,cuSPARSE-SpMM-CSR,best,solve-only,"csr-alg1,csr-alg2,csr-alg3,csr-default",manual-selection,csr,CUSPARSE_SPMM_CSR_ALG3,library-preprocess,spmm.csr.fp64,fp64,A100-SXM4-80GB,A100-SXM4-80GB,,9700.0,0edb0287-e1df-52fd-b14b-f9e504b96222,suitesparse_all,Sandia/fpga_dcop_35,fpga_dcop_35,1220,1220,5892,64,row-major,N,N,1.0,0.0,20260922,main,pass,pass,0,0,754176.0,0.05074,0.00916479974985,0.0599047997499,0.0117017997499,82.29050503938656,12.589575512290383,64.44957323820593,0.8483557220555314,0.12978943827103487,0.6644285900845972,cuSPARSE 12.8.6,CUDA,13040,13000,2026-10-07T20:06:22.418828+00:00,derived,csr-alg3,0,0,,,,5,20,4,true
3,A100-SXM4-80GB-suitesparse_all-fp64-n64-row-major-cuSPARSE-SpMM-CSR-solve-only,cuSPARSE-SpMM-CSR-best-solve-only,cuSPARSE CUDA 13.4.1 CSR PER MATRIX BEST,per-matrix-best,cuSPARSE-SpMM-CSR,best,solve-only,"csr-alg1,csr-alg2,csr-alg3,csr-default",manual-selection,csr,CUSPARSE_SPMM_CSR_ALG3,library-preprocess,spmm.csr.fp64,fp64,A100-SXM4-80GB,A100-SXM4-80GB,,9700.0,1cb4d392-df77-5092-a407-ab8ee1286933,suitesparse_all,Sandia/fpga_dcop_40,fpga_dcop_40,1220,1220,5892,64,row-major,N,N,1.0,0.0,20260922,main,pass,pass,0,0,754176.0,0.05925,0.00931840017438,0.0685684001744,0.0122809001744,80.93406441950526,10.998885756147065,61.41048207297608,0.8343717981392295,0.11339057480563984,0.6330977533296503,cuSPARSE 12.8.6,CUDA,13040,13000,2026-10-08T00:59:17.005034+00:00,derived,csr-alg3,0,0,,,,5,20,4,true
3,A100-SXM4-80GB-suitesparse_all-fp64-n64-row-major-cuSPARSE-SpMM-CSR-solve-only,cuSPARSE-SpMM-CSR-best-solve-only,cuSPARSE CUDA 13.4.1 CSR PER MATRIX BEST,per-matrix-best,cuSPARSE-SpMM-CSR,best,solve-only,"csr-alg1,csr-alg2,csr-alg3,csr-default",manual-selection,csr,CUSPARSE_SPMM_CSR_ALG3,library-preprocess,spmm.csr.fp64,fp64,A100-SXM4-80GB,A100-SXM4-80GB,,9700.0,df7f742d-c1c4-51c9-b7da-d151d8293f2c,suitesparse_all,Sandia/fpga_dcop_41,fpga_dcop_41,1220,1220,5892,64,row-major,N,N,1.0,0.0,20260922,main,pass,pass,0,0,754176.0,0.052981,0.00911360010505,0.062094600105,0.011762650105,82.75280803489483,12.145597181151215,64.1161637273746,0.8531217323185033,0.12521234207372386,0.6609913786327278,cuSPARSE 12.8.6,CUDA,13040,13000,2026-10-08T22:52:05.966764+00:00,derived,csr-alg3,0,0,,,,5,20,4,true
3,A100-SXM4-80GB-suitesparse_all-fp64-n64-row-major-cuSPARSE-SpMM-CSR-solve-only,cuSPARSE-SpMM-CSR-best-solve-only,cuSPARSE CUDA 13.4.1 CSR PER MATRIX BEST,per-matrix-best,cuSPARSE-SpMM-CSR,best,solve-only,"csr-alg1,csr-alg2,csr-alg3,csr-default",manual-selection,csr,CUSPARSE_SPMM_CSR_ALG3,library-preprocess,spmm.csr.fp64,fp64,A100-SXM4-80GB,A100-SXM4-80GB,,9700.0,0edb0287-e1df-52fd-b14b-f9e504b96222,suitesparse_all,Sandia/fpga_dcop_43,fpga_dcop_43,1220,1220,5892,64,row-major,N,N,1.0,0.0,20260922,main,pass,pass,0,0,754176.0,0.05533,0.00906239971519,0.0643923997152,0.0118288997152,83.22034159847121,11.712189689088023,63.757071085055564,0.8579416659636206,0.1207442235988456,0.6572893926294389,cuSPARSE 12.8.6,CUDA,13040,13000,2026-10-07T20:06:23.562256+00:00,derived,csr-alg3,0,0,,,,5,20,4,true
3,A100-SXM4-80GB-suitesparse_all-fp64-n64-row-major-cuSPARSE-SpMM-CSR-solve-only,cuSPARSE-SpMM-CSR-best-solve-only,cuSPARSE CUDA 13.4.1 CSR PER MATRIX BEST,per-matrix-best,cuSPARSE-SpMM-CSR,best,solve-only,"csr-alg1,csr-alg2,csr-alg3,csr-default",manual-selection,csr,CUSPARSE_SPMM_CSR_ALG3,library-preprocess,spmm.csr.fp64,fp64,A100-SXM4-80GB,A100-SXM4-80GB,,9700.0,1cb4d392-df77-5092-a407-ab8ee1286933,suitesparse_all,Sandia/fpga_dcop_48,fpga_dcop_48,1220,1220,5892,64,row-major,N,N,1.0,0.0,20260922,main,pass,pass,0,0,754176.0,0.06304,0.00926719978452,0.0723071997845,0.0124191997845,81.38121736188111,10.430164661993556,60.72661790506523,0.8389816222874342,0.10752747074220162,0.6260476072687138,cuSPARSE 12.8.6,CUDA,13040,13000,2026-10-08T00:59:17.640401+00:00,derived,csr-alg3,0,0,,,,5,20,4,true
3,A100-SXM4-80GB-suitesparse_all-fp64-n64-row-major-cuSPARSE-SpMM-CSR-solve-only,cuSPARSE-SpMM-CSR-best-solve-only,cuSPARSE CUDA 13.4.1 CSR PER MATRIX BEST,per-matrix-best,cuSPARSE-SpMM-CSR,best,solve-only,"csr-alg1,csr-alg2,csr-alg3,csr-default",manual-selection,csr,CUSPARSE_SPMM_CSR_ALG3,library-preprocess,spmm.csr.fp64,fp64,A100-SXM4-80GB,A100-SXM4-80GB,,9700.0,df7f742d-c1c4-51c9-b7da-d151d8293f2c,suitesparse_all,Sandia/fpga_dcop_49,fpga_dcop_49,1220,1220,5892,64,row-major,N,N,1.0,0.0,20260922,main,pass,pass,0,0,754176.0,0.05105,0.00906239971519,0.0601123997152,0.0116148997152,83.22034159847121,12.546097037768055,64.9317702685833,0.8579416659636206,0.1293412065749284,0.6693996934905496,cuSPARSE 12.8.6,CUDA,13040,13000,2026-10-08T22:52:06.585961+00:00,derived,csr-alg3,0,0,,,,5,20,4,true
3,A100-SXM4-80GB-suitesparse_all-fp64-n64-row-major-cuSPARSE-SpMM-CSR-solve-only,cuSPARSE-SpMM-CSR-best-solve-only,cuSPARSE CUDA 13.4.1 CSR PER MATRIX BEST,per-matrix-best,cuSPARSE-SpMM-CSR,best,solve-only,"csr-alg1,csr-alg2,csr-alg3,csr-default",manual-selection,csr,CUSPARSE_SPMM_CSR_ALG3,library-preprocess,spmm.csr.fp64,fp64,A100-SXM4-80GB,A100-SXM4-80GB,,9700.0,0edb0287-e1df-52fd-b14b-f9e504b96222,suitesparse_all,Sandia/fpga_dcop_51,fpga_dcop_51,1220,1220,5892,64,row-major,N,N,1.0,0.0,20260922,main,pass,pass,0,0,754176.0,0.054611,0.00906239971519,0.0636733997152,0.0117929497152,83.22034159847121,11.844443729615469,63.95143015219833,0.8579416659636206,0.12210766731562339,0.6592930943525601,cuSPARSE 12.8.6,CUDA,13040,13000,2026-10-07T20:06:24.215226+00:00,derived,csr-alg3,0,0,,,,5,20,4,true
3,A100-SXM4-80GB-suitesparse_all-fp64-n64-row-major-cuSPARSE-SpMM-CSR-solve-only,cuSPARSE-SpMM-CSR-best-solve-only,cuSPARSE CUDA 13.4.1 CSR PER MATRIX BEST,per-matrix-best,cuSPARSE-SpMM-CSR,best,solve-only,"csr-alg1,csr-alg2,csr-alg3,csr-default",manual-selection,csr,CUSPARSE_SPMM_CSR_ALG2,library-preprocess,spmm.csr.fp64,fp64,A100-SXM4-80GB,A100-SXM4-80GB,,9700.0,1cb4d392-df77-5092-a407-ab8ee1286933,suitesparse_all,Sandia/mult_dcop_02,mult_dcop_02,25187,25187,193276,64,row-major,N,N,1.0,0.0,20260922,main,pass,pass,0,0,24739328.0,0.05628,0.0763903975487,0.132670397549,0.0792043975487,323.8538977916474,186.47210272255998,312.34790953101634,3.3386999772334782,1.9223928115727835,3.22008154155687,cuSPARSE 12.8.6,CUDA,13040,13000,2026-10-07T22:52:32.057097+00:00,derived,csr-alg2,0,0,,,,5,20,4,true
3,A100-SXM4-80GB-suitesparse_all-fp64-n64-row-major-cuSPARSE-SpMM-CSR-solve-only,cuSPARSE-SpMM-CSR-best-solve-only,cuSPARSE CUDA 13.4.1 CSR PER MATRIX BEST,per-matrix-best,cuSPARSE-SpMM-CSR,best,solve-only,"csr-alg1,csr-alg2,csr-alg3,csr-default",manual-selection,csr,CUSPARSE_SPMM_CSR_ALG2,library-preprocess,spmm.csr.fp64,fp64,A100-SXM4-80GB,A100-SXM4-80GB,,9700.0,df7f742d-c1c4-51c9-b7da-d151d8293f2c,suitesparse_all,Sandia/mult_dcop_03,mult_dcop_03,25187,25187,193216,64,row-major,N,N,1.0,0.0,20260922,main,pass,pass,0,0,24731648.0,0.045291,0.077073597908,0.122364597908,0.079338147908,320.88352783947215,202.11440582344352,311.7245442719265,3.3080776065924966,2.083653668282923,3.213655095586871,cuSPARSE 12.8.6,CUDA,13040,13000,2026-10-08T20:16:53.724901+00:00,derived,csr-alg2,0,0,,,,5,20,4,true
3,A100-SXM4-80GB-suitesparse_all-fp64-n64-row-major-cuSPARSE-SpMM-CSR-solve-only,cuSPARSE-SpMM-CSR-best-solve-only,cuSPARSE CUDA 13.4.1 CSR PER MATRIX BEST,per-matrix-best,cuSPARSE-SpMM-CSR,best,solve-only,"csr-alg1,csr-alg2,csr-alg3,csr-default",manual-selection,csr,CUSPARSE_SPMM_CSR_ALG3,library-preprocess,spmm.csr.fp64,fp64,A100-SXM4-80GB,A100-SXM4-80GB,,9700.0,0edb0287-e1df-52fd-b14b-f9e504b96222,suitesparse_all,Sandia/oscil_dcop_02,oscil_dcop_02,430,430,1544,64,row-major,N,N,1.0,0.0,20260922,main,pass,pass,0,0,197632.0,0.05548,0.00588800013065,0.0613680001307,0.00866200013065,33.56521664651909,3.220440613660025,22.815977490082258,0.34603316130432055,0.03320041869752603,0.23521626278435315,cuSPARSE 12.8.6,CUDA,13040,13000,2026-10-07T20:06:24.896448+00:00,derived,csr-alg3,0,0,,,,5,20,4,true
3,A100-SXM4-80GB-suitesparse_all-fp64-n64-row-major-cuSPARSE-SpMM-CSR-solve-only,cuSPARSE-SpMM-CSR-best-solve-only,cuSPARSE CUDA 13.4.1 CSR PER MATRIX BEST,per-matrix-best,cuSPARSE-SpMM-CSR,best,solve-only,"csr-alg1,csr-alg2,csr-alg3,csr-default",manual-selection,csr,CUSPARSE_SPMM_CSR_ALG3,library-preprocess,spmm.csr.fp64,fp64,A100-SXM4-80GB,A100-SXM4-80GB,,9700.0,1cb4d392-df77-5092-a407-ab8ee1286933,suitesparse_all,Sandia/oscil_dcop_07,oscil_dcop_07,430,430,1544,64,row-major,N,N,1.0,0.0,20260922,main,pass,pass,0,0,197632.0,0.3868,0.00629760026932,0.393097600269,0.0256376002693,31.382112479066546,0.5027555494227356,7.7086777983919355,0.3235269327738819,0.005183046901265315,0.0794709051380612,cuSPARSE 12.8.6,CUDA,13040,13000,2026-10-08T00:59:20.079820+00:00,derived,csr-alg3,0,0,,,,5,20,4,true
3,A100-SXM4-80GB-suitesparse_all-fp64-n64-row-major-cuSPARSE-SpMM-CSR-solve-only,cuSPARSE-SpMM-CSR-best-solve-only,cuSPARSE CUDA 13.4.1 CSR PER MATRIX BEST,per-matrix-best,cuSPARSE-SpMM-CSR,best,solve-only,"csr-alg1,csr-alg2,csr-alg3,csr-default",manual-selection,csr,CUSPARSE_SPMM_CSR_ALG3,library-preprocess,spmm.csr.fp64,fp64,A100-SXM4-80GB,A100-SXM4-80GB,,9700.0,df7f742d-c1c4-51c9-b7da-d151d8293f2c,suitesparse_all,Sandia/oscil_dcop_08,oscil_dcop_08,430,430,1544,64,row-major,N,N,1.0,0.0,20260922,main,pass,pass,0,0,197632.0,0.0477,0.00547839999199,0.053178399992,0.00786339999199,36.07476640788531,3.716396131318941,25.133148536424002,0.3719048083287146,0.038313362178545786,0.25910462408684537,cuSPARSE 12.8.6,CUDA,13040,13000,2026-10-08T22:52:08.734973+00:00,derived,csr-alg3,0,0,,,,5,20,4,true
3,A100-SXM4-80GB-suitesparse_all-fp64-n64-row-major-cuSPARSE-SpMM-CSR-solve-only,cuSPARSE-SpMM-CSR-best-solve-only,cuSPARSE CUDA 13.4.1 CSR PER MATRIX BEST,per-matrix-best,cuSPARSE-SpMM-CSR,best,solve-only,"csr-alg1,csr-alg2,csr-alg3,csr-default",manual-selection,csr,CUSPARSE_SPMM_CSR_ALG3,library-preprocess,spmm.csr.fp64,fp64,A100-SXM4-80GB,A100-SXM4-80GB,,9700.0,0edb0287-e1df-52fd-b14b-f9e504b96222,suitesparse_all,Sandia/oscil_dcop_10,oscil_dcop_10,430,430,1544,64,row-major,N,N,1.0,0.0,20260922,main,pass,pass,0,0,197632.0,0.05216,0.00599040016532,0.0581504001653,0.00859840016532,32.99145208097175,3.3986352533809843,22.98474090530362,0.3401180626904304,0.03503747683897922,0.23695609180725383,cuSPARSE 12.8.6,CUDA,13040,13000,2026-10-07T20:06:26.105627+00:00,derived,csr-alg3,0,0,,,,5,20,4,true
3,A100-SXM4-80GB-suitesparse_all-fp64-n64-row-major-cuSPARSE-SpMM-CSR-solve-only,cuSPARSE-SpMM-CSR-best-solve-only,cuSPARSE CUDA 13.4.1 CSR PER MATRIX BEST,per-matrix-best,cuSPARSE-SpMM-CSR,best,solve-only,"csr-alg1,csr-alg2,csr-alg3,csr-default",manual-selection,csr,CUSPARSE_SPMM_CSR_ALG3,library-preprocess,spmm.csr.fp64,fp64,A100-SXM4-80GB,A100-SXM4-80GB,,9700.0,1cb4d392-df77-5092-a407-ab8ee1286933,suitesparse_all,Sandia/oscil_dcop_15,oscil_dcop_15,430,430,1544,64,row-major,N,N,1.0,0.0,20260922,main,pass,pass,0,0,197632.0,2.486411,0.00619519986212,2.49260619986,0.130515749862,31.90082715626389,0.07928729376148555,1.5142387045928551,0.32887450676560714,0.0008173947810462428,0.015610708294771703,cuSPARSE 12.8.6,CUDA,13040,13000,2026-10-08T00:59:20.782143+00:00,derived,csr-alg3,0,0,,,,5,20,4,true
3,A100-SXM4-80GB-suitesparse_all-fp64-n64-row-major-cuSPARSE-SpMM-CSR-solve-only,cuSPARSE-SpMM-CSR-best-solve-only,cuSPARSE CUDA 13.4.1 CSR PER MATRIX BEST,per-matrix-best,cuSPARSE-SpMM-CSR,best,solve-only,"csr-alg1,csr-alg2,csr-alg3,csr-default",manual-selection,csr,CUSPARSE_SPMM_CSR_ALG3,library-preprocess,spmm.csr.fp64,fp64,A100-SXM4-80GB,A100-SXM4-80GB,,9700.0,df7f742d-c1c4-51c9-b7da-d151d8293f2c,suitesparse_all,Sandia/oscil_dcop_16,oscil_dcop_16,430,430,1544,64,row-major,N,N,1.0,0.0,20260922,main,pass,pass,0,0,197632.0,0.05155,0.00552960000932,0.0570796000093,0.00810710000932,35.74074068050063,3.46239286834175,24.37764425908159,0.3684612441288725,0.03569477183857474,0.2513159201967174,cuSPARSE 12.8.6,CUDA,13040,13000,2026-10-08T22:52:09.332658+00:00,derived,csr-alg3,0,0,,,,5,20,4,true
3,A100-SXM4-80GB-suitesparse_all-fp64-n64-row-major-cuSPARSE-SpMM-CSR-solve-only,cuSPARSE-SpMM-CSR-best-solve-only,cuSPARSE CUDA 13.4.1 CSR PER MATRIX BEST,per-matrix-best,cuSPARSE-SpMM-CSR,best,solve-only,"csr-alg1,csr-alg2,csr-alg3,csr-default",manual-selection,csr,CUSPARSE_SPMM_CSR_ALG3,library-preprocess,spmm.csr.fp64,fp64,A100-SXM4-80GB,A100-SXM4-80GB,,9700.0,0edb0287-e1df-52fd-b14b-f9e504b96222,suitesparse_all,Sandia/oscil_dcop_18,oscil_dcop_18,430,430,1544,64,row-major,N,N,1.0,0.0,20260922,main,pass,pass,0,0,197632.0,0.05172,0.00593920014799,0.057659200148,0.00852520014799,33.27586123981433,3.427588303214698,23.182095032290356,0.34305011587437456,0.03533596188881132,0.23899067043598307,cuSPARSE 12.8.6,CUDA,13040,13000,2026-10-07T20:06:26.721075+00:00,derived,csr-alg3,0,0,,,,5,20,4,true
3,A100-SXM4-80GB-suitesparse_all-fp64-n64-row-major-cuSPARSE-SpMM-CSR-solve-only,cuSPARSE-SpMM-CSR-best-solve-only,cuSPARSE CUDA 13.4.1 CSR PER MATRIX BEST,per-matrix-best,cuSPARSE-SpMM-CSR,best,solve-only,"csr-alg1,csr-alg2,csr-alg3,csr-default",manual-selection,csr,CUSPARSE_SPMM_CSR_ALG3,library-preprocess,spmm.csr.fp64,fp64,A100-SXM4-80GB,A100-SXM4-80GB,,9700.0,1cb4d392-df77-5092-a407-ab8ee1286933,suitesparse_all,Sandia/oscil_dcop_23,oscil_dcop_23,430,430,1544,64,row-major,N,N,1.0,0.0,20260922,main,pass,pass,0,0,197632.0,2.420691,0.00511999987066,2.42581099987,0.126154549871,38.60000097510237,0.08147048554507798,1.5665863831474145,0.39793815438249863,0.0008399019128358554,0.016150375083993963,cuSPARSE 12.8.6,CUDA,13040,13000,2026-10-08T00:59:21.526005+00:00,derived,csr-alg3,0,0,,,,5,20,4,true
3,A100-SXM4-80GB-suitesparse_all-fp64-n64-row-major-cuSPARSE-SpMM-CSR-solve-only,cuSPARSE-SpMM-CSR-best-solve-only,cuSPARSE CUDA 13.4.1 CSR PER MATRIX BEST,per-matrix-best,cuSPARSE-SpMM-CSR,best,solve-only,"csr-alg1,csr-alg2,csr-alg3,csr-default",manual-selection,csr,CUSPARSE_SPMM_CSR_ALG3,library-preprocess,spmm.csr.fp64,fp64,A100-SXM4-80GB,A100-SXM4-80GB,,9700.0,df7f742d-c1c4-51c9-b7da-d151d8293f2c,suitesparse_all,Sandia/oscil_dcop_24,oscil_dcop_24,430,430,1544,64,row-major,N,N,1.0,0.0,20260922,main,pass,pass,0,0,197632.0,0.05207,0.00558080002666,0.0576508000267,0.00818430002666,35.4128438675268,3.4280877265965097,24.147697342011213,0.3650808646136784,0.03534111058346917,0.24894533342279598,cuSPARSE 12.8.6,CUDA,13040,13000,2026-10-08T22:52:09.950234+00:00,derived,csr-alg3,0,0,,,,5,20,4,true
3,A100-SXM4-80GB-suitesparse_all-fp64-n64-row-major-cuSPARSE-SpMM-CSR-solve-only,cuSPARSE-SpMM-CSR-best-solve-only,cuSPARSE CUDA 13.4.1 CSR PER MATRIX BEST,per-matrix-best,cuSPARSE-SpMM-CSR,best,solve-only,"csr-alg1,csr-alg2,csr-alg3,csr-default",manual-selection,csr,CUSPARSE_SPMM_CSR_ALG3,library-preprocess,spmm.csr.fp64,fp64,A100-SXM4-80GB,A100-SXM4-80GB,,9700.0,0edb0287-e1df-52fd-b14b-f9e504b96222,suitesparse_all,Sandia/oscil_dcop_26,oscil_dcop_26,430,430,1544,64,row-major,N,N,1.0,0.0,20260922,main,pass,pass,0,0,197632.0,0.05215,0.00593920014799,0.058089200148,0.00854670014799,33.27586123981433,3.4022158937715106,23.123778368014797,0.34305011587437456,0.035074390657438254,0.23838946771149278,cuSPARSE 12.8.6,CUDA,13040,13000,2026-10-07T20:06:27.373257+00:00,derived,csr-alg3,0,0,,,,5,20,4,true
3,A100-SXM4-80GB-suitesparse_all-fp64-n64-row-major-cuSPARSE-SpMM-CSR-solve-only,cuSPARSE-SpMM-CSR-best-solve-only,cuSPARSE CUDA 13.4.1 CSR PER MATRIX BEST,per-matrix-best,cuSPARSE-SpMM-CSR,best,solve-only,"csr-alg1,csr-alg2,csr-alg3,csr-default",manual-selection,csr,CUSPARSE_SPMM_CSR_ALG3,library-preprocess,spmm.csr.fp64,fp64,A100-SXM4-80GB,A100-SXM4-80GB,,9700.0,1cb4d392-df77-5092-a407-ab8ee1286933,suitesparse_all,Sandia/oscil_dcop_31,oscil_dcop_31,430,430,1544,64,row-major,N,N,1.0,0.0,20260922,main,pass,pass,0,0,197632.0,0.05094,0.00506879985332,0.0560087998533,0.00761579985332,38.989900118181524,3.5285883739277386,25.95026179867964,0.4019577331771291,0.036377199731213804,0.2675284721513365,cuSPARSE 12.8.6,CUDA,13040,13000,2026-10-08T00:59:22.430983+00:00,derived,csr-alg3,0,0,,,,5,20,4,true
3,A100-SXM4-80GB-suitesparse_all-fp64-n64-row-major-cuSPARSE-SpMM-CSR-solve-only,cuSPARSE-SpMM-CSR-best-solve-only,cuSPARSE CUDA 13.4.1 CSR PER MATRIX BEST,per-matrix-best,cuSPARSE-SpMM-CSR,best,solve-only,"csr-alg1,csr-alg2,csr-alg3,csr-default",manual-selection,csr,CUSPARSE_SPMM_CSR_ALG3,library-preprocess,spmm.csr.fp64,fp64,A100-SXM4-80GB,A100-SXM4-80GB,,9700.0,df7f742d-c1c4-51c9-b7da-d151d8293f2c,suitesparse_all,Sandia/oscil_dcop_32,oscil_dcop_32,430,430,1544,64,row-major,N,N,1.0,0.0,20260922,main,pass,pass,0,0,197632.0,0.05299,0.00599040016532,0.0589804001653,0.00863990016532,32.99145208097175,3.3508080556610573,22.874338385677426,0.3401180626904304,0.03454441294495936,0.23581792150182912,cuSPARSE 12.8.6,CUDA,13040,13000,2026-10-08T22:52:10.547830+00:00,derived,csr-alg3,0,0,,,,5,20,4,true
3,A100-SXM4-80GB-suitesparse_all-fp64-n64-row-major-cuSPARSE-SpMM-CSR-solve-only,cuSPARSE-SpMM-CSR-best-solve-only,cuSPARSE CUDA 13.4.1 CSR PER MATRIX BEST,per-matrix-best,cuSPARSE-SpMM-CSR,best,solve-only,"csr-alg1,csr-alg2,csr-alg3,csr-default",manual-selection,csr,CUSPARSE_SPMM_CSR_ALG3,library-preprocess,spmm.csr.fp64,fp64,A100-SXM4-80GB,A100-SXM4-80GB,,9700.0,0edb0287-e1df-52fd-b14b-f9e504b96222,suitesparse_all,Sandia/oscil_dcop_34,oscil_dcop_34,430,430,1544,64,row-major,N,N,1.0,0.0,20260922,main,pass,pass,0,0,197632.0,0.05584,0.00593920014799,0.061779200148,0.00873120014799,33.27586123981433,3.1990054828574532,22.635147133294915,0.34305011587437456,0.03297943796760261,0.2333520323020094,cuSPARSE 12.8.6,CUDA,13040,13000,2026-10-07T20:06:28.015248+00:00,derived,csr-alg3,0,0,,,,5,20,4,true
3,A100-SXM4-80GB-suitesparse_all-fp64-n64-row-major-cuSPARSE-SpMM-CSR-solve-only,cuSPARSE-SpMM-CSR-best-solve-only,cuSPARSE CUDA 13.4.1 CSR PER MATRIX BEST,per-matrix-best,cuSPARSE-SpMM-CSR,best,solve-only,"csr-alg1,csr-alg2,csr-alg3,csr-default",manual-selection,csr,CUSPARSE_SPMM_CSR_ALG3,library-preprocess,spmm.csr.fp64,fp64,A100-SXM4-80GB,A100-SXM4-80GB,,9700.0,1cb4d392-df77-5092-a407-ab8ee1286933,suitesparse_all,Sandia/oscil_dcop_39,oscil_dcop_39,430,430,1544,64,row-major,N,N,1.0,0.0,20260922,main,pass,pass,0,0,197632.0,0.046631,0.00491520017385,0.0515462001739,0.00724675017385,40.208331911169736,3.83407504982432,27.271810847455157,0.4145188856821623,0.039526546905405364,0.28115268914902225,cuSPARSE 12.8.6,CUDA,13040,13000,2026-10-08T00:59:23.317321+00:00,derived,csr-alg3,0,0,,,,5,20,4,true
3,A100-SXM4-80GB-suitesparse_all-fp64-n64-row-major-cuSPARSE-SpMM-CSR-solve-only,cuSPARSE-SpMM-CSR-best-solve-only,cuSPARSE CUDA 13.4.1 CSR PER MATRIX BEST,per-matrix-best,cuSPARSE-SpMM-CSR,best,solve-only,"csr-alg1,csr-alg2,csr-alg3,csr-default",manual-selection,csr,CUSPARSE_SPMM_CSR_ALG3,library-preprocess,spmm.csr.fp64,fp64,A100-SXM4-80GB,A100-SXM4-80GB,,9700.0,df7f742d-c1c4-51c9-b7da-d151d8293f2c,suitesparse_all,Sandia/oscil_dcop_40,oscil_dcop_40,430,430,1544,64,row-major,N,N,1.0,0.0,20260922,main,pass,pass,0,0,197632.0,0.052209,0.00593920014799,0.058148200148,0.00854965014799,33.27586123981433,3.398763839585455,23.11579966186836,0.34305011587437456,0.03503880246995315,0.23830721300895216,cuSPARSE 12.8.6,CUDA,13040,13000,2026-10-08T22:52:11.323562+00:00,derived,csr-alg3,0,0,,,,5,20,4,true
3,A100-SXM4-80GB-suitesparse_all-fp64-n64-row-major-cuSPARSE-SpMM-CSR-solve-only,cuSPARSE-SpMM-CSR-best-solve-only,cuSPARSE CUDA 13.4.1 CSR PER MATRIX BEST,per-matrix-best,cuSPARSE-SpMM-CSR,best,solve-only,"csr-alg1,csr-alg2,csr-alg3,csr-default",manual-selection,csr,CUSPARSE_SPMM_CSR_ALG3,library-preprocess,spmm.csr.fp64,fp64,A100-SXM4-80GB,A100-SXM4-80GB,,9700.0,0edb0287-e1df-52fd-b14b-f9e504b96222,suitesparse_all,Sandia/oscil_dcop_42,oscil_dcop_42,430,430,1544,64,row-major,N,N,1.0,0.0,20260922,main,pass,pass,0,0,197632.0,0.05275,0.00599040016532,0.0587404001653,0.00862790016532,32.99145208097175,3.3644987001084155,22.906152854478474,0.3401180626904304,0.03468555360936511,0.23614590571627292,cuSPARSE 12.8.6,CUDA,13040,13000,2026-10-07T20:06:28.674745+00:00,derived,csr-alg3,0,0,,,,5,20,4,true
3,A100-SXM4-80GB-suitesparse_all-fp64-n64-row-major-cuSPARSE-SpMM-CSR-solve-only,cuSPARSE-SpMM-CSR-best-solve-only,cuSPARSE CUDA 13.4.1 CSR PER MATRIX BEST,per-matrix-best,cuSPARSE-SpMM-CSR,best,solve-only,"csr-alg1,csr-alg2,csr-alg3,csr-default",manual-selection,csr,CUSPARSE_SPMM_CSR_ALG3,library-preprocess,spmm.csr.fp64,fp64,A100-SXM4-80GB,A100-SXM4-80GB,,9700.0,1cb4d392-df77-5092-a407-ab8ee1286933,suitesparse_all,Sandia/oscil_dcop_47,oscil_dcop_47,430,430,1544,64,row-major,N,N,1.0,0.0,20260922,main,pass,pass,0,0,197632.0,0.05306,0.00491520017385,0.0579752001739,0.00756820017385,40.208331911169736,3.408905866770468,26.113474202607293,0.4145188856821623,0.03514335945124194,0.2692110742536834,cuSPARSE 12.8.6,CUDA,13040,13000,2026-10-08T00:59:24.128196+00:00,derived,csr-alg3,0,0,,,,5,20,4,true
3,A100-SXM4-80GB-suitesparse_all-fp64-n64-row-major-cuSPARSE-SpMM-CSR-solve-only,cuSPARSE-SpMM-CSR-best-solve-only,cuSPARSE CUDA 13.4.1 CSR PER MATRIX BEST,per-matrix-best,cuSPARSE-SpMM-CSR,best,solve-only,"csr-alg1,csr-alg2,csr-alg3,csr-default",manual-selection,csr,CUSPARSE_SPMM_CSR_ALG3,library-preprocess,spmm.csr.fp64,fp64,A100-SXM4-80GB,A100-SXM4-80GB,,9700.0,df7f742d-c1c4-51c9-b7da-d151d8293f2c,suitesparse_all,Sandia/oscil_dcop_48,oscil_dcop_48,430,430,1544,64,row-major,N,N,1.0,0.0,20260922,main,pass,pass,0,0,197632.0,0.05284,0.00593920014799,0.058779200148,0.00858120014799,33.27586123981433,3.362277804093674,23.03081114432367,0.34305011587437456,0.03466265777416159,0.23743104272498627,cuSPARSE 12.8.6,CUDA,13040,13000,2026-10-08T22:52:11.947585+00:00,derived,csr-alg3,0,0,,,,5,20,4,true
3,A100-SXM4-80GB-suitesparse_all-fp64-n64-row-major-cuSPARSE-SpMM-CSR-solve-only,cuSPARSE-SpMM-CSR-best-solve-only,cuSPARSE CUDA 13.4.1 CSR PER MATRIX BEST,per-matrix-best,cuSPARSE-SpMM-CSR,best,solve-only,"csr-alg1,csr-alg2,csr-alg3,csr-default",manual-selection,csr,CUSPARSE_SPMM_CSR_ALG3,library-preprocess,spmm.csr.fp64,fp64,A100-SXM4-80GB,A100-SXM4-80GB,,9700.0,0edb0287-e1df-52fd-b14b-f9e504b96222,suitesparse_all,Sandia/oscil_dcop_50,oscil_dcop_50,430,430,1544,64,row-major,N,N,1.0,0.0,20260922,main,pass,pass,0,0,197632.0,0.05453,0.00604160018265,0.0605716001827,0.00876810018265,32.71186341783272,3.262783208696642,22.539888445967698,0.3372357053384816,0.03363694029584167,0.23236998397904843,cuSPARSE 12.8.6,CUDA,13040,13000,2026-10-07T20:06:29.587640+00:00,derived,csr-alg3,0,0,,,,5,20,4,true
3,A100-SXM4-80GB-suitesparse_all-fp64-n64-row-major-cuSPARSE-SpMM-CSR-solve-only,cuSPARSE-SpMM-CSR-best-solve-only,cuSPARSE CUDA 13.4.1 CSR PER MATRIX BEST,per-matrix-best,cuSPARSE-SpMM-CSR,best,solve-only,"csr-alg1,csr-alg2,csr-alg3,csr-default",manual-selection,csr,CUSPARSE_SPMM_CSR_ALG3,library-preprocess,spmm.csr.fp64,fp64,A100-SXM4-80GB,A100-SXM4-80GB,,9700.0,1cb4d392-df77-5092-a407-ab8ee1286933,suitesparse_all,Sandia/oscil_dcop_55,oscil_dcop_55,430,430,1544,64,row-major,N,N,1.0,0.0,20260922,main,pass,pass,0,0,197632.0,0.05581,0.00599040016532,0.0618004001653,0.00878090016532,32.99145208097175,3.197908095601093,22.50703188501606,0.3401180626904304,0.03296812469691848,0.2320312565465573,cuSPARSE 12.8.6,CUDA,13040,13000,2026-10-08T00:59:24.863751+00:00,derived,csr-alg3,0,0,,,,5,20,4,true
3,A100-SXM4-80GB-suitesparse_all-fp64-n64-row-major-cuSPARSE-SpMM-CSR-solve-only,cuSPARSE-SpMM-CSR-best-solve-only,cuSPARSE CUDA 13.4.1 CSR PER MATRIX BEST,per-matrix-best,cuSPARSE-SpMM-CSR,best,solve-only,"csr-alg1,csr-alg2,csr-alg3,csr-default",manual-selection,csr,CUSPARSE_SPMM_CSR_ALG3,library-preprocess,spmm.csr.fp64,fp64,A100-SXM4-80GB,A100-SXM4-80GB,,9700.0,df7f742d-c1c4-51c9-b7da-d151d8293f2c,suitesparse_all,Sandia/oscil_dcop_56,oscil_dcop_56,430,430,1544,64,row-major,N,N,1.0,0.0,20260922,main,pass,pass,0,0,197632.0,0.0532,0.00593920014799,0.059139200148,0.00859920014799,33.27586123981433,3.341810499726274,22.982602637315637,0.34305011587437456,0.03445165463635334,0.2369340478073777,cuSPARSE 12.8.6,CUDA,13040,13000,2026-10-08T22:52:12.684215+00:00,derived,csr-alg3,0,0,,,,5,20,4,true
3,A100-SXM4-80GB-suitesparse_all-fp64-n64-row-major-cuSPARSE-SpMM-CSR-solve-only,cuSPARSE-SpMM-CSR-best-solve-only,cuSPARSE CUDA 13.4.1 CSR PER MATRIX BEST,per-matrix-best,cuSPARSE-SpMM-CSR,best,solve-only,"csr-alg1,csr-alg2,csr-alg3,csr-default",manual-selection,csr,CUSPARSE_SPMM_CSR_ALG3,library-preprocess,spmm.csr.fp64,fp64,A100-SXM4-80GB,A100-SXM4-80GB,,9700.0,0edb0287-e1df-52fd-b14b-f9e504b96222,suitesparse_all,Sandia/oscil_trans_01,oscil_trans_01,430,430,1614,64,row-major,N,N,1.0,0.0,20260922,main,pass,pass,0,0,206592.0,0.05044,0.00593920014799,0.056379200148,0.00846120014799,34.78448189187846,3.664330097938232,24.41639441055852,0.35860290610183976,0.03777659894781683,0.25171540629441774,cuSPARSE 12.8.6,CUDA,13040,13000,2026-10-07T20:06:30.250509+00:00,derived,csr-alg3,0,0,,,,5,20,4,true
3,A100-SXM4-80GB-suitesparse_all-fp64-n64-row-major-cuSPARSE-SpMM-CSR-solve-only,cuSPARSE-SpMM-CSR-best-solve-only,cuSPARSE CUDA 13.4.1 CSR PER MATRIX BEST,per-matrix-best,cuSPARSE-SpMM-CSR,best,solve-only,"csr-alg1,csr-alg2,csr-alg3,csr-default",manual-selection,csr,CUSPARSE_SPMM_CSR_ALG2,library-preprocess,spmm.csr.fp64,fp64,A100-SXM4-80GB,A100-SXM4-80GB,,9700.0,df7f742d-c1c4-51c9-b7da-d151d8293f2c,suitesparse_all,Sanghavi/ecl32,ecl32,51993,51993,380415,64,row-major,N,N,1.0,0.0,20260922,main,pass,pass,0,0,48693120.0,0.04943,0.104140794277,0.153570794277,0.106612294277,467.57008469210524,317.0727886721146,456.7308144920469,4.820310151465002,3.268791635794996,4.708565097856153,cuSPARSE 12.8.6,CUDA,13040,13000,2026-10-08T20:16:40.191458+00:00,derived,csr-alg2,0,0,,,,5,20,4,true
3,A100-SXM4-80GB-suitesparse_all-fp64-n64-row-major-cuSPARSE-SpMM-CSR-solve-only,cuSPARSE-SpMM-CSR-best-solve-only,cuSPARSE CUDA 13.4.1 CSR PER MATRIX BEST,per-matrix-best,cuSPARSE-SpMM-CSR,best,solve-only,"csr-alg1,csr-alg2,csr-alg3,csr-default",manual-selection,csr,CUSPARSE_SPMM_CSR_ALG2,library-preprocess,spmm.csr.fp64,fp64,A100-SXM4-80GB,A100-SXM4-80GB,,9700.0,1cb4d392-df77-5092-a407-ab8ee1286933,suitesparse_all,Schenk_AFE/af_2_k101,af_2_k101,503625,503625,17550675,64,row-major,N,N,1.0,0.0,20260922,main,pass,pass,0,0,2246486400.0,0.49019,2.3460351944,2.8362251944,2.3705446944,957.5672203734948,792.0691221682915,947.6667557911622,9.87182701415974,8.165661053281356,9.769760368981053,cuSPARSE 12.8.6,CUDA,13040,13000,2026-10-07T22:58:23.380801+00:00,derived,csr-alg2,0,0,,,,5,20,4,true
3,A100-SXM4-80GB-suitesparse_all-fp64-n64-row-major-cuSPARSE-SpMM-CSR-solve-only,cuSPARSE-SpMM-CSR-best-solve-only,cuSPARSE CUDA 13.4.1 CSR PER MATRIX BEST,per-matrix-best,cuSPARSE-SpMM-CSR,best,solve-only,"csr-alg1,csr-alg2,csr-alg3,csr-default",manual-selection,csr,CUSPARSE_SPMM_CSR_ALG2,library-preprocess,spmm.csr.fp64,fp64,A100-SXM4-80GB,A100-SXM4-80GB,,9700.0,df7f742d-c1c4-51c9-b7da-d151d8293f2c,suitesparse_all,Schenk_AFE/af_3_k101,af_3_k101,503625,503625,17550675,64,row-major,N,N,1.0,0.0,20260922,main,pass,pass,0,0,2246486400.0,0.62579,2.34915847778,2.97494847778,2.38044797778,956.2941032922447,755.1345567088271,943.7242153449906,9.858702095796337,7.784892337204402,9.729115622113307,cuSPARSE 12.8.6,CUDA,13040,13000,2026-10-08T20:23:31.751265+00:00,derived,csr-alg2,0,0,,,,5,20,4,true
3,A100-SXM4-80GB-suitesparse_all-fp64-n64-row-major-cuSPARSE-SpMM-CSR-solve-only,cuSPARSE-SpMM-CSR-best-solve-only,cuSPARSE CUDA 13.4.1 CSR PER MATRIX BEST,per-matrix-best,cuSPARSE-SpMM-CSR,best,solve-only,"csr-alg1,csr-alg2,csr-alg3,csr-default",manual-selection,csr,CUSPARSE_SPMM_CSR_ALG2,library-preprocess,spmm.csr.fp64,fp64,A100-SXM4-80GB,A100-SXM4-80GB,,9700.0,0edb0287-e1df-52fd-b14b-f9e504b96222,suitesparse_all,Schenk_AFE/af_5_k101,af_5_k101,503625,503625,17550675,64,row-major,N,N,1.0,0.0,20260922,main,pass,pass,0,0,2246486400.0,0.463301,2.34496002197,2.80826102197,2.36812507197,958.0062683169872,799.9564080493079,948.63503055233,9.876353281618425,8.246973278858844,9.779742583013713,cuSPARSE 12.8.6,CUDA,13040,13000,2026-10-07T17:56:07.577129+00:00,derived,csr-alg2,0,0,,,,5,20,4,true
3,A100-SXM4-80GB-suitesparse_all-fp64-n64-row-major-cuSPARSE-SpMM-CSR-solve-only,cuSPARSE-SpMM-CSR-best-solve-only,cuSPARSE CUDA 13.4.1 CSR PER MATRIX BEST,per-matrix-best,cuSPARSE-SpMM-CSR,best,solve-only,"csr-alg1,csr-alg2,csr-alg3,csr-default",manual-selection,csr,CUSPARSE_SPMM_CSR_ALG2,library-preprocess,spmm.csr.fp64,fp64,A100-SXM4-80GB,A100-SXM4-80GB,,9700.0,1cb4d392-df77-5092-a407-ab8ee1286933,suitesparse_all,Schenk_AFE/af_shell3,af_shell3,504855,504855,17588875,64,row-major,N,N,1.0,0.0,20260922,main,pass,pass,0,0,2251376000.0,0.41532,2.35637760162,2.77169760162,2.37714360162,955.4393992084239,812.2733153444001,947.0929726187805,9.849890713488906,8.373951704581446,9.76384507854413,cuSPARSE 12.8.6,CUDA,13040,13000,2026-10-07T22:51:38.545180+00:00,derived,csr-alg2,0,0,,,,5,20,4,true
3,A100-SXM4-80GB-suitesparse_all-fp64-n64-row-major-cuSPARSE-SpMM-CSR-solve-only,cuSPARSE-SpMM-CSR-best-solve-only,cuSPARSE CUDA 13.4.1 CSR PER MATRIX BEST,per-matrix-best,cuSPARSE-SpMM-CSR,best,solve-only,"csr-alg1,csr-alg2,csr-alg3,csr-default",manual-selection,csr,CUSPARSE_SPMM_CSR_ALG2,library-preprocess,spmm.csr.fp64,fp64,A100-SXM4-80GB,A100-SXM4-80GB,,9700.0,df7f742d-c1c4-51c9-b7da-d151d8293f2c,suitesparse_all,Schenk_AFE/af_shell4,af_shell4,504855,504855,17588875,64,row-major,N,N,1.0,0.0,20260922,main,pass,pass,0,0,2251376000.0,0.638001,2.01103363037,2.64903463037,2.04293368037,1119.5118599711236,849.8854541911151,1102.0308792364951,11.541359381145604,8.761705713310466,11.361143084912321,cuSPARSE 12.8.6,CUDA,13040,13000,2026-10-08T20:15:58.955732+00:00,derived,csr-alg2,0,0,,,,5,20,4,true
3,A100-SXM4-80GB-suitesparse_all-fp64-n64-row-major-cuSPARSE-SpMM-CSR-solve-only,cuSPARSE-SpMM-CSR-best-solve-only,cuSPARSE CUDA 13.4.1 CSR PER MATRIX BEST,per-matrix-best,cuSPARSE-SpMM-CSR,best,solve-only,"csr-alg1,csr-alg2,csr-alg3,csr-default",manual-selection,csr,CUSPARSE_SPMM_CSR_ALG2,library-preprocess,spmm.csr.fp64,fp64,A100-SXM4-80GB,A100-SXM4-80GB,,9700.0,0edb0287-e1df-52fd-b14b-f9e504b96222,suitesparse_all,Schenk_AFE/af_shell6,af_shell6,504855,504855,17588875,64,row-major,N,N,1.0,0.0,20260922,main,pass,pass,0,0,2251376000.0,0.44162,2.35555839539,2.79717839539,2.37763939539,955.7716779198119,804.8739414370098,946.8954814448264,9.853316267214556,8.297669499350615,9.761809087060065,cuSPARSE 12.8.6,CUDA,13040,13000,2026-10-07T17:49:34.952037+00:00,derived,csr-alg2,0,0,,,,5,20,4,true
3,A100-SXM4-80GB-suitesparse_all-fp64-n64-row-major-cuSPARSE-SpMM-CSR-solve-only,cuSPARSE-SpMM-CSR-best-solve-only,cuSPARSE CUDA 13.4.1 CSR PER MATRIX BEST,per-matrix-best,cuSPARSE-SpMM-CSR,best,solve-only,"csr-alg1,csr-alg2,csr-alg3,csr-default",manual-selection,csr,CUSPARSE_SPMM_CSR_ALG3,library-preprocess,spmm.csr.fp64,fp64,A100-SXM4-80GB,A100-SXM4-80GB,,9700.0,0edb0287-e1df-52fd-b14b-f9e504b96222,suitesparse_all,Schenk_IBMNA/c-18,c-18,2169,2169,15145,64,row-major,N,N,1.0,0.0,20260922,main,pass,pass,0,0,1938560.0,0.06423,0.0228863999248,0.0871163999248,0.0260978999248,84.70357969666304,22.252526523977,74.28030629230241,0.8732327803779696,0.22940748993790722,0.7657763535288908,cuSPARSE 12.8.6,CUDA,13040,13000,2026-10-07T20:12:01.489833+00:00,derived,csr-alg3,0,0,,,,5,20,4,true
3,A100-SXM4-80GB-suitesparse_all-fp64-n64-row-major-cuSPARSE-SpMM-CSR-solve-only,cuSPARSE-SpMM-CSR-best-solve-only,cuSPARSE CUDA 13.4.1 CSR PER MATRIX BEST,per-matrix-best,cuSPARSE-SpMM-CSR,best,solve-only,"csr-alg1,csr-alg2,csr-alg3,csr-default",manual-selection,csr,CUSPARSE_SPMM_CSR_ALG3,library-preprocess,spmm.csr.fp64,fp64,A100-SXM4-80GB,A100-SXM4-80GB,,9700.0,1cb4d392-df77-5092-a407-ab8ee1286933,suitesparse_all,Schenk_IBMNA/c-23,c-23,3969,3969,31079,64,row-major,N,N,1.0,0.0,20260922,main,pass,pass,0,0,3978112.0,0.06022,0.0194560006261,0.0796760006261,0.0224670006261,204.46709868334446,49.92861048169708,177.06466769661333,2.107908233848912,0.5147279431102791,1.8254089453259106,cuSPARSE 12.8.6,CUDA,13040,13000,2026-10-08T01:04:32.447132+00:00,derived,csr-alg3,0,0,,,,5,20,4,true
3,A100-SXM4-80GB-suitesparse_all-fp64-n64-row-major-cuSPARSE-SpMM-CSR-solve-only,cuSPARSE-SpMM-CSR-best-solve-only,cuSPARSE CUDA 13.4.1 CSR PER MATRIX BEST,per-matrix-best,cuSPARSE-SpMM-CSR,best,solve-only,"csr-alg1,csr-alg2,csr-alg3,csr-default",manual-selection,csr,CUSPARSE_SPMM_CSR_ALG2,library-preprocess,spmm.csr.fp64,fp64,A100-SXM4-80GB,A100-SXM4-80GB,,9700.0,df7f742d-c1c4-51c9-b7da-d151d8293f2c,suitesparse_all,Schenk_IBMNA/c-24,c-24,4119,4119,35699,64,row-major,N,N,1.0,0.0,20260922,main,pass,pass,0,0,4569472.0,0.02658,0.0208895996213,0.0474695996213,0.0222185996213,218.7438765145482,96.26101834551056,205.6597660466165,2.2550915104592595,0.9923816324279441,2.120203773676459,cuSPARSE 12.8.6,CUDA,13040,13000,2026-10-08T20:22:36.109484+00:00,derived,csr-alg2,0,0,,,,5,20,4,true
3,A100-SXM4-80GB-suitesparse_all-fp64-n64-row-major-cuSPARSE-SpMM-CSR-solve-only,cuSPARSE-SpMM-CSR-best-solve-only,cuSPARSE CUDA 13.4.1 CSR PER MATRIX BEST,per-matrix-best,cuSPARSE-SpMM-CSR,best,solve-only,"csr-alg1,csr-alg2,csr-alg3,csr-default",manual-selection,csr,CUSPARSE_SPMM_CSR_ALG3,library-preprocess,spmm.csr.fp64,fp64,A100-SXM4-80GB,A100-SXM4-80GB,,9700.0,0edb0287-e1df-52fd-b14b-f9e504b96222,suitesparse_all,Schenk_IBMNA/c-26,c-26,4307,4307,34537,64,row-major,N,N,1.0,0.0,20260922,main,pass,pass,0,0,4420736.0,0.10083,0.015302400291,0.116132400291,0.020343900291,288.8916716287983,38.06634486949976,217.30031787246335,2.978264655966993,0.39243654504638925,2.240209462602715,cuSPARSE 12.8.6,CUDA,13040,13000,2026-10-07T20:12:02.520612+00:00,derived,csr-alg3,0,0,,,,5,20,4,true
3,A100-SXM4-80GB-suitesparse_all-fp64-n64-row-major-cuSPARSE-SpMM-CSR-solve-only,cuSPARSE-SpMM-CSR-best-solve-only,cuSPARSE CUDA 13.4.1 CSR PER MATRIX BEST,per-matrix-best,cuSPARSE-SpMM-CSR,best,solve-only,"csr-alg1,csr-alg2,csr-alg3,csr-default",manual-selection,csr,CUSPARSE_SPMM_CSR_ALG2,library-preprocess,spmm.csr.fp64,fp64,A100-SXM4-80GB,A100-SXM4-80GB,,9700.0,1cb4d392-df77-5092-a407-ab8ee1286933,suitesparse_all,Schenk_IBMNA/c-31,c-31,5339,5339,78571,64,row-major,N,N,1.0,0.0,20260922,main,pass,pass,0,0,10057088.0,0.02106,0.0281087994576,0.0491687994576,0.0291617994576,357.7914458840676,204.54206958363065,344.8719964837071,3.6885716070522436,2.1086811297281507,3.5553814070485266,cuSPARSE 12.8.6,CUDA,13040,13000,2026-10-07T22:57:30.367060+00:00,derived,csr-alg2,0,0,,,,5,20,4,true
3,A100-SXM4-80GB-suitesparse_all-fp64-n64-row-major-cuSPARSE-SpMM-CSR-solve-only,cuSPARSE-SpMM-CSR-best-solve-only,cuSPARSE CUDA 13.4.1 CSR PER MATRIX BEST,per-matrix-best,cuSPARSE-SpMM-CSR,best,solve-only,"csr-alg1,csr-alg2,csr-alg3,csr-default",manual-selection,csr,CUSPARSE_SPMM_CSR_ALG3,library-preprocess,spmm.csr.fp64,fp64,A100-SXM4-80GB,A100-SXM4-80GB,,9700.0,df7f742d-c1c4-51c9-b7da-d151d8293f2c,suitesparse_all,Schenk_IBMNA/c-32,c-32,5975,5975,54471,64,row-major,N,N,1.0,0.0,20260922,main,pass,pass,0,0,6972288.0,0.124111,0.0187391996384,0.142850199638,0.0249447496384,372.06967931077077,48.80838821134753,279.5092394620327,3.8357698898017607,0.5031792599107993,2.8815385511549767,cuSPARSE 12.8.6,CUDA,13040,13000,2026-10-08T22:57:35.933241+00:00,derived,csr-alg3,0,0,,,,5,20,4,true
3,A100-SXM4-80GB-suitesparse_all-fp64-n64-row-major-cuSPARSE-SpMM-CSR-solve-only,cuSPARSE-SpMM-CSR-best-solve-only,cuSPARSE CUDA 13.4.1 CSR PER MATRIX BEST,per-matrix-best,cuSPARSE-SpMM-CSR,best,solve-only,"csr-alg1,csr-alg2,csr-alg3,csr-default",manual-selection,csr,CUSPARSE_SPMM_CSR_ALG2,library-preprocess,spmm.csr.fp64,fp64,A100-SXM4-80GB,A100-SXM4-80GB,,9700.0,0edb0287-e1df-52fd-b14b-f9e504b96222,suitesparse_all,Schenk_IBMNA/c-34,c-34,6611,6611,64333,64,row-major,N,N,1.0,0.0,20260922,main,pass,pass,0,0,8234624.0,0.02386,0.0279040008783,0.0517640008783,0.0290970008783,295.105495298482,159.08013021172863,283.00593708753087,3.0423246937987836,1.640001342388955,2.9175869802838235,cuSPARSE 12.8.6,CUDA,13040,13000,2026-10-07T17:55:19.427206+00:00,derived,csr-alg2,0,0,,,,5,20,4,true
3,A100-SXM4-80GB-suitesparse_all-fp64-n64-row-major-cuSPARSE-SpMM-CSR-solve-only,cuSPARSE-SpMM-CSR-best-solve-only,cuSPARSE CUDA 13.4.1 CSR PER MATRIX BEST,per-matrix-best,cuSPARSE-SpMM-CSR,best,solve-only,"csr-alg1,csr-alg2,csr-alg3,csr-default",manual-selection,csr,CUSPARSE_SPMM_CSR_ALG3,library-preprocess,spmm.csr.fp64,fp64,A100-SXM4-80GB,A100-SXM4-80GB,,9700.0,1cb4d392-df77-5092-a407-ab8ee1286933,suitesparse_all,Schenk_IBMNA/c-39,c-39,9271,9271,136811,64,row-major,N,N,1.0,0.0,20260922,main,pass,pass,0,0,17511808.0,0.13677,0.033792001009,0.170562001009,0.040630501009,518.2234693747787,102.6712157245151,431.0015275499799,5.34250999355442,1.0584661414898464,4.443314717010102,cuSPARSE 12.8.6,CUDA,13040,13000,2026-10-08T01:04:34.228275+00:00,derived,csr-alg3,0,0,,,,5,20,4,true
3,A100-SXM4-80GB-suitesparse_all-fp64-n64-row-major-cuSPARSE-SpMM-CSR-solve-only,cuSPARSE-SpMM-CSR-best-solve-only,cuSPARSE CUDA 13.4.1 CSR PER MATRIX BEST,per-matrix-best,cuSPARSE-SpMM-CSR,best,solve-only,"csr-alg1,csr-alg2,csr-alg3,csr-default",manual-selection,csr,CUSPARSE_SPMM_CSR_ALG2,library-preprocess,spmm.csr.fp64,fp64,A100-SXM4-80GB,A100-SXM4-80GB,,9700.0,df7f742d-c1c4-51c9-b7da-d151d8293f2c,suitesparse_all,Schenk_IBMNA/c-40,c-40,9941,9941,81501,64,row-major,N,N,1.0,0.0,20260922,main,pass,pass,0,0,10432128.0,0.04936,0.0311295986176,0.0804895986176,0.0335975986176,335.1192583029934,129.60839883874004,310.5021915029118,3.4548377144638494,1.3361690601931964,3.2010535206485753,cuSPARSE 12.8.6,CUDA,13040,13000,2026-10-08T20:22:37.952981+00:00,derived,csr-alg2,0,0,,,,5,20,4,true
3,A100-SXM4-80GB-suitesparse_all-fp64-n64-row-major-cuSPARSE-SpMM-CSR-solve-only,cuSPARSE-SpMM-CSR-best-solve-only,cuSPARSE CUDA 13.4.1 CSR PER MATRIX BEST,per-matrix-best,cuSPARSE-SpMM-CSR,best,solve-only,"csr-alg1,csr-alg2,csr-alg3,csr-default",manual-selection,csr,CUSPARSE_SPMM_CSR_ALG2,library-preprocess,spmm.csr.fp64,fp64,A100-SXM4-80GB,A100-SXM4-80GB,,9700.0,0edb0287-e1df-52fd-b14b-f9e504b96222,suitesparse_all,Schenk_IBMNA/c-42,c-42,10471,10471,110285,64,row-major,N,N,1.0,0.0,20260922,main,pass,pass,0,0,14116480.0,0.04105,0.0375808000565,0.0786308000565,0.0396333000565,375.6301084270931,179.5286324170253,356.17725447732045,3.8724753446092075,1.8508106434744875,3.6719304585290766,cuSPARSE 12.8.6,CUDA,13040,13000,2026-10-07T17:55:20.375725+00:00,derived,csr-alg2,0,0,,,,5,20,4,true
3,A100-SXM4-80GB-suitesparse_all-fp64-n64-row-major-cuSPARSE-SpMM-CSR-solve-only,cuSPARSE-SpMM-CSR-best-solve-only,cuSPARSE CUDA 13.4.1 CSR PER MATRIX BEST,per-matrix-best,cuSPARSE-SpMM-CSR,best,solve-only,"csr-alg1,csr-alg2,csr-alg3,csr-default",manual-selection,csr,CUSPARSE_SPMM_CSR_ALG3,library-preprocess,spmm.csr.fp64,fp64,A100-SXM4-80GB,A100-SXM4-80GB,,9700.0,1cb4d392-df77-5092-a407-ab8ee1286933,suitesparse_all,Schenk_IBMNA/c-47,c-47,15343,15343,211401,64,row-major,N,N,1.0,0.0,20260922,main,pass,pass,0,0,27059328.0,0.14725,0.0445951998234,0.191845199823,0.0519576998234,606.7766958586745,141.0477198541608,520.7953410557523,6.255429854213139,1.45410020468207,5.369024134595384,cuSPARSE 12.8.6,CUDA,13040,13000,2026-10-08T01:04:35.422975+00:00,derived,csr-alg3,0,0,,,,5,20,4,true
3,A100-SXM4-80GB-suitesparse_all-fp64-n64-row-major-cuSPARSE-SpMM-CSR-solve-only,cuSPARSE-SpMM-CSR-best-solve-only,cuSPARSE CUDA 13.4.1 CSR PER MATRIX BEST,per-matrix-best,cuSPARSE-SpMM-CSR,best,solve-only,"csr-alg1,csr-alg2,csr-alg3,csr-default",manual-selection,csr,CUSPARSE_SPMM_CSR_ALG3,library-preprocess,spmm.csr.fp64,fp64,A100-SXM4-80GB,A100-SXM4-80GB,,9700.0,df7f742d-c1c4-51c9-b7da-d151d8293f2c,suitesparse_all,Schenk_IBMNA/c-48,c-48,18354,18354,166080,64,row-major,N,N,1.0,0.0,20260922,main,pass,pass,0,0,21258240.0,0.320371,0.0458752006292,0.366246200629,0.0618937506292,463.3928507872057,58.043578236417446,343.4634318310461,4.7772458844041825,0.5983874044991488,3.5408601219695477,cuSPARSE 12.8.6,CUDA,13040,13000,2026-10-08T22:57:38.212817+00:00,derived,csr-alg3,0,0,,,,5,20,4,true
3,A100-SXM4-80GB-suitesparse_all-fp64-n64-row-major-cuSPARSE-SpMM-CSR-solve-only,cuSPARSE-SpMM-CSR-best-solve-only,cuSPARSE CUDA 13.4.1 CSR PER MATRIX BEST,per-matrix-best,cuSPARSE-SpMM-CSR,best,solve-only,"csr-alg1,csr-alg2,csr-alg3,csr-default",manual-selection,csr,CUSPARSE_SPMM_CSR_ALG2,library-preprocess,spmm.csr.fp64,fp64,A100-SXM4-80GB,A100-SXM4-80GB,,9700.0,0edb0287-e1df-52fd-b14b-f9e504b96222,suitesparse_all,Schenk_IBMNA/c-50,c-50,22401,22401,193625,64,row-major,N,N,1.0,0.0,20260922,main,pass,pass,0,0,24784000.0,0.04305,0.0593407988548,0.102390798855,0.0614932988548,417.6553143587357,242.05299965573747,403.0357853872955,4.305724890296244,2.4953917490282214,4.155008096776243,cuSPARSE 12.8.6,CUDA,13040,13000,2026-10-07T17:55:21.604380+00:00,derived,csr-alg2,0,0,,,,5,20,4,true
3,A100-SXM4-80GB-suitesparse_all-fp64-n64-row-major-cuSPARSE-SpMM-CSR-solve-only,cuSPARSE-SpMM-CSR-best-solve-only,cuSPARSE CUDA 13.4.1 CSR PER MATRIX BEST,per-matrix-best,cuSPARSE-SpMM-CSR,best,solve-only,"csr-alg1,csr-alg2,csr-alg3,csr-default",manual-selection,csr,CUSPARSE_SPMM_CSR_ALG2,library-preprocess,spmm.csr.fp64,fp64,A100-SXM4-80GB,A100-SXM4-80GB,,9700.0,1cb4d392-df77-5092-a407-ab8ee1286933,suitesparse_all,Schenk_IBMNA/c-56,c-56,35910,35910,380900,64,row-major,N,N,1.0,0.0,20260922,main,pass,pass,0,0,48755200.0,0.04235,0.107417595387,0.149767595387,0.109535095387,453.8846715414419,325.53904517206405,445.1103075935828,4.6792234179530094,3.3560726306398356,4.588766057665802,cuSPARSE 12.8.6,CUDA,13040,13000,2026-10-07T22:57:34.847303+00:00,derived,csr-alg2,0,0,,,,5,20,4,true
3,A100-SXM4-80GB-suitesparse_all-fp64-n64-row-major-cuSPARSE-SpMM-CSR-solve-only,cuSPARSE-SpMM-CSR-best-solve-only,cuSPARSE CUDA 13.4.1 CSR PER MATRIX BEST,per-matrix-best,cuSPARSE-SpMM-CSR,best,solve-only,"csr-alg1,csr-alg2,csr-alg3,csr-default",manual-selection,csr,CUSPARSE_SPMM_CSR_ALG2,library-preprocess,spmm.csr.fp64,fp64,A100-SXM4-80GB,A100-SXM4-80GB,,9700.0,df7f742d-c1c4-51c9-b7da-d151d8293f2c,suitesparse_all,Schenk_IBMNA/c-57,c-57,37833,37833,405197,64,row-major,N,N,1.0,0.0,20260922,main,pass,pass,0,0,51865216.0,0.06106,0.103731203079,0.164791203079,0.106784203079,499.99628328324985,314.7329167512425,485.7012039658114,5.154600858590205,3.2446692448581698,5.007228906864035,cuSPARSE 12.8.6,CUDA,13040,13000,2026-10-08T20:22:42.244379+00:00,derived,csr-alg2,0,0,,,,5,20,4,true
3,A100-SXM4-80GB-suitesparse_all-fp64-n64-row-major-cuSPARSE-SpMM-CSR-solve-only,cuSPARSE-SpMM-CSR-best-solve-only,cuSPARSE CUDA 13.4.1 CSR PER MATRIX BEST,per-matrix-best,cuSPARSE-SpMM-CSR,best,solve-only,"csr-alg1,csr-alg2,csr-alg3,csr-default",manual-selection,csr,CUSPARSE_SPMM_CSR_ALG2,library-preprocess,spmm.csr.fp64,fp64,A100-SXM4-80GB,A100-SXM4-80GB,,9700.0,0edb0287-e1df-52fd-b14b-f9e504b96222,suitesparse_all,Schenk_IBMNA/c-61,c-61,43618,43618,310016,64,row-major,N,N,1.0,0.0,20260922,main,pass,pass,0,0,39682048.0,0.04603,0.111974394321,0.158004394321,0.114275894321,354.38502025956404,251.14521764111436,347.2477571563209,3.653453817108908,2.5891259550630346,3.5798737851167104,cuSPARSE 12.8.6,CUDA,13040,13000,2026-10-07T17:55:23.352702+00:00,derived,csr-alg2,0,0,,,,5,20,4,true
3,A100-SXM4-80GB-suitesparse_all-fp64-n64-row-major-cuSPARSE-SpMM-CSR-solve-only,cuSPARSE-SpMM-CSR-best-solve-only,cuSPARSE CUDA 13.4.1 CSR PER MATRIX BEST,per-matrix-best,cuSPARSE-SpMM-CSR,best,solve-only,"csr-alg1,csr-alg2,csr-alg3,csr-default",manual-selection,csr,CUSPARSE_SPMM_CSR_ALG2,library-preprocess,spmm.csr.fp64,fp64,A100-SXM4-80GB,A100-SXM4-80GB,,9700.0,1cb4d392-df77-5092-a407-ab8ee1286933,suitesparse_all,Schenk_IBMNA/c-64,c-64,51035,51035,717841,64,row-major,N,N,1.0,0.0,20260922,main,pass,pass,0,0,91883648.0,0.05839,0.180121600628,0.238511600628,0.183041100628,510.1200948672706,385.2376478044286,501.98369483550005,5.258970050178047,3.971522142313697,5.175089637479382,cuSPARSE 12.8.6,CUDA,13040,13000,2026-10-07T22:51:41.199208+00:00,derived,csr-alg2,0,0,,,,5,20,4,true
3,A100-SXM4-80GB-suitesparse_all-fp64-n64-row-major-cuSPARSE-SpMM-CSR-solve-only,cuSPARSE-SpMM-CSR-best-solve-only,cuSPARSE CUDA 13.4.1 CSR PER MATRIX BEST,per-matrix-best,cuSPARSE-SpMM-CSR,best,solve-only,"csr-alg1,csr-alg2,csr-alg3,csr-default",manual-selection,csr,CUSPARSE_SPMM_CSR_ALG2,library-preprocess,spmm.csr.fp64,fp64,A100-SXM4-80GB,A100-SXM4-80GB,,9700.0,df7f742d-c1c4-51c9-b7da-d151d8293f2c,suitesparse_all,Schenk_IBMNA/c-66,c-66,49989,49989,499007,64,row-major,N,N,1.0,0.0,20260922,main,pass,pass,0,0,63872896.0,0.075421,0.14320640564,0.21862740564,0.14697745564,446.01982512267733,292.15411404174773,434.57614449693165,4.59814252703791,3.011898082904616,4.480166438112698,cuSPARSE 12.8.6,CUDA,13040,13000,2026-10-08T20:16:01.464411+00:00,derived,csr-alg2,0,0,,,,5,20,4,true
3,A100-SXM4-80GB-suitesparse_all-fp64-n64-row-major-cuSPARSE-SpMM-CSR-solve-only,cuSPARSE-SpMM-CSR-best-solve-only,cuSPARSE CUDA 13.4.1 CSR PER MATRIX BEST,per-matrix-best,cuSPARSE-SpMM-CSR,best,solve-only,"csr-alg1,csr-alg2,csr-alg3,csr-default",manual-selection,csr,CUSPARSE_SPMM_CSR_ALG2,library-preprocess,spmm.csr.fp64,fp64,A100-SXM4-80GB,A100-SXM4-80GB,,9700.0,0edb0287-e1df-52fd-b14b-f9e504b96222,suitesparse_all,Schenk_IBMNA/c-73,c-73,169422,169422,1279274,64,row-major,N,N,1.0,0.0,20260922,main,pass,pass,0,0,163747072.0,0.06839,0.415795183182,0.484185183182,0.419214683182,393.8166641250516,338.1910014756673,390.6043336962747,4.059965609536614,3.48650516985224,4.026848800992522,cuSPARSE 12.8.6,CUDA,13040,13000,2026-10-07T17:49:40.394353+00:00,derived,csr-alg2,0,0,,,,5,20,4,true
3,A100-SXM4-80GB-suitesparse_all-fp64-n64-row-major-cuSPARSE-SpMM-CSR-solve-only,cuSPARSE-SpMM-CSR-best-solve-only,cuSPARSE CUDA 13.4.1 CSR PER MATRIX BEST,per-matrix-best,cuSPARSE-SpMM-CSR,best,solve-only,"csr-alg1,csr-alg2,csr-alg3,csr-default",manual-selection,csr,CUSPARSE_SPMM_CSR_ALG2,library-preprocess,spmm.csr.fp64,fp64,A100-SXM4-80GB,A100-SXM4-80GB,,9700.0,1cb4d392-df77-5092-a407-ab8ee1286933,suitesparse_all,Schenk_IBMNA/c-73b,c-73b,169422,169422,1279274,64,row-major,N,N,1.0,0.0,20260922,main,pass,pass,0,0,163747072.0,0.09035,0.370206403732,0.460556403732,0.374723903732,442.31291071490995,355.5418417225726,436.98058855917236,4.5599269145867005,3.6653798115729135,4.504954521228581,cuSPARSE 12.8.6,CUDA,13040,13000,2026-10-07T22:58:29.411248+00:00,derived,csr-alg2,0,0,,,,5,20,4,true
3,A100-SXM4-80GB-suitesparse_all-fp64-n64-row-major-cuSPARSE-SpMM-CSR-solve-only,cuSPARSE-SpMM-CSR-best-solve-only,cuSPARSE CUDA 13.4.1 CSR PER MATRIX BEST,per-matrix-best,cuSPARSE-SpMM-CSR,best,solve-only,"csr-alg1,csr-alg2,csr-alg3,csr-default",manual-selection,csr,CUSPARSE_SPMM_CSR_ALG2,library-preprocess,spmm.csr.fp64,fp64,A100-SXM4-80GB,A100-SXM4-80GB,,9700.0,1cb4d392-df77-5092-a407-ab8ee1286933,suitesparse_all,Schenk_IBMSDS/ibm_matrix_2,ibm_matrix_2,51448,51448,1056610,64,row-major,N,N,1.0,0.0,20260922,main,pass,pass,0,0,135246080.0,0.05875,0.205516791344,0.264266791344,0.208454291344,658.0780047972877,511.7785678335504,648.8044891184862,6.784309327807089,5.276067709624231,6.688706073386457,cuSPARSE 12.8.6,CUDA,13040,13000,2026-10-07T22:51:44.741872+00:00,derived,csr-alg2,0,0,,,,5,20,4,true
3,A100-SXM4-80GB-suitesparse_all-fp64-n64-row-major-cuSPARSE-SpMM-CSR-solve-only,cuSPARSE-SpMM-CSR-best-solve-only,cuSPARSE CUDA 13.4.1 CSR PER MATRIX BEST,per-matrix-best,cuSPARSE-SpMM-CSR,best,solve-only,"csr-alg1,csr-alg2,csr-alg3,csr-default",manual-selection,csr,CUSPARSE_SPMM_CSR_ALG2,library-preprocess,spmm.csr.fp64,fp64,A100-SXM4-80GB,A100-SXM4-80GB,,9700.0,df7f742d-c1c4-51c9-b7da-d151d8293f2c,suitesparse_all,Schenk_IBMSDS/matrix_9,matrix_9,103430,103430,2121550,64,row-major,N,N,1.0,0.0,20260922,main,pass,pass,0,0,271558400.0,0.17466,0.377702403069,0.552362403069,0.386435403069,718.9745095436705,491.63085411169357,702.726504464478,7.412108345811036,5.068359320739109,7.244603138809051,cuSPARSE 12.8.6,CUDA,13040,13000,2026-10-08T20:16:08.938461+00:00,derived,csr-alg2,0,0,,,,5,20,4,true
3,A100-SXM4-80GB-suitesparse_all-fp64-n64-row-major-cuSPARSE-SpMM-CSR-solve-only,cuSPARSE-SpMM-CSR-best-solve-only,cuSPARSE CUDA 13.4.1 CSR PER MATRIX BEST,per-matrix-best,cuSPARSE-SpMM-CSR,best,solve-only,"csr-alg1,csr-alg2,csr-alg3,csr-default",manual-selection,csr,CUSPARSE_SPMM_CSR_ALG3,library-preprocess,spmm.csr.fp64,fp64,A100-SXM4-80GB,A100-SXM4-80GB,,9700.0,0edb0287-e1df-52fd-b14b-f9e504b96222,suitesparse_all,Schenk_ISEI/barrier2-10,barrier2-10,115625,115625,3897557,64,row-major,N,N,1.0,0.0,20260922,main,pass,pass,0,0,498887296.0,0.2047,0.78197760582,0.98667760582,0.79221260582,637.9815640332247,505.62341037971447,629.7391537762946,6.577129526115718,5.212612478141386,6.492156224497883,cuSPARSE 12.8.6,CUDA,13040,13000,2026-10-07T20:05:50.205614+00:00,derived,csr-alg3,0,0,,,,5,20,4,true
3,A100-SXM4-80GB-suitesparse_all-fp64-n64-row-major-cuSPARSE-SpMM-CSR-solve-only,cuSPARSE-SpMM-CSR-best-solve-only,cuSPARSE CUDA 13.4.1 CSR PER MATRIX BEST,per-matrix-best,cuSPARSE-SpMM-CSR,best,solve-only,"csr-alg1,csr-alg2,csr-alg3,csr-default",manual-selection,csr,CUSPARSE_SPMM_CSR_ALG3,library-preprocess,spmm.csr.fp64,fp64,A100-SXM4-80GB,A100-SXM4-80GB,,9700.0,1cb4d392-df77-5092-a407-ab8ee1286933,suitesparse_all,Schenk_ISEI/barrier2-3,barrier2-3,113076,113076,3805068,64,row-major,N,N,1.0,0.0,20260922,main,pass,pass,0,0,487048704.0,0.32937,0.680857610703,1.0102276107,0.697326110703,715.3459054340478,482.1177909228967,698.4518384217513,7.374700056021112,4.97028650435976,7.200534416719086,cuSPARSE 12.8.6,CUDA,13040,13000,2026-10-08T00:58:38.856837+00:00,derived,csr-alg3,0,0,,,,5,20,4,true
3,A100-SXM4-80GB-suitesparse_all-fp64-n64-row-major-cuSPARSE-SpMM-CSR-solve-only,cuSPARSE-SpMM-CSR-best-solve-only,cuSPARSE CUDA 13.4.1 CSR PER MATRIX BEST,per-matrix-best,cuSPARSE-SpMM-CSR,best,solve-only,"csr-alg1,csr-alg2,csr-alg3,csr-default",manual-selection,csr,CUSPARSE_SPMM_CSR_ALG2,library-preprocess,spmm.csr.fp64,fp64,A100-SXM4-80GB,A100-SXM4-80GB,,9700.0,df7f742d-c1c4-51c9-b7da-d151d8293f2c,suitesparse_all,Schenk_ISEI/barrier2-4,barrier2-4,113076,113076,3805068,64,row-major,N,N,1.0,0.0,20260922,main,pass,pass,0,0,487048704.0,0.09935,0.66662402153,0.76597402153,0.67159152153,730.6197920713264,635.8553819190124,725.215683024735,7.532162804859036,6.555210122876416,7.476450340461185,cuSPARSE 12.8.6,CUDA,13040,13000,2026-10-08T20:16:21.391442+00:00,derived,csr-alg2,0,0,,,,5,20,4,true
3,A100-SXM4-80GB-suitesparse_all-fp64-n64-row-major-cuSPARSE-SpMM-CSR-solve-only,cuSPARSE-SpMM-CSR-best-solve-only,cuSPARSE CUDA 13.4.1 CSR PER MATRIX BEST,per-matrix-best,cuSPARSE-SpMM-CSR,best,solve-only,"csr-alg1,csr-alg2,csr-alg3,csr-default",manual-selection,csr,CUSPARSE_SPMM_CSR_ALG3,library-preprocess,spmm.csr.fp64,fp64,A100-SXM4-80GB,A100-SXM4-80GB,,9700.0,0edb0287-e1df-52fd-b14b-f9e504b96222,suitesparse_all,Schenk_ISEI/igbt3,igbt3,10938,10938,234006,64,row-major,N,N,1.0,0.0,20260922,main,pass,pass,0,0,29952768.0,0.142611,0.0385104000568,0.181121400057,0.0456409500568,777.7838702226378,165.3739866772987,656.2695991806456,8.018390414666369,1.7048864605907081,6.765665970934491,cuSPARSE 12.8.6,CUDA,13040,13000,2026-10-07T20:05:51.678761+00:00,derived,csr-alg3,0,0,,,,5,20,4,true
3,A100-SXM4-80GB-suitesparse_all-fp64-n64-row-major-cuSPARSE-SpMM-CSR-solve-only,cuSPARSE-SpMM-CSR-best-solve-only,cuSPARSE CUDA 13.4.1 CSR PER MATRIX BEST,per-matrix-best,cuSPARSE-SpMM-CSR,best,solve-only,"csr-alg1,csr-alg2,csr-alg3,csr-default",manual-selection,csr,CUSPARSE_SPMM_CSR_ALG3,library-preprocess,spmm.csr.fp64,fp64,A100-SXM4-80GB,A100-SXM4-80GB,,9700.0,1cb4d392-df77-5092-a407-ab8ee1286933,suitesparse_all,Schenk_ISEI/para-5,para-5,155924,155924,5416358,64,row-major,N,N,1.0,0.0,20260922,main,pass,pass,0,0,693293824.0,0.33645,1.05724477768,1.39369477768,1.07406727768,655.755259932664,497.45025604105706,645.4845412454275,6.760363504460454,5.128353155062444,6.6544798066538915,cuSPARSE 12.8.6,CUDA,13040,13000,2026-10-08T00:58:55.569674+00:00,derived,csr-alg3,0,0,,,,5,20,4,true
3,A100-SXM4-80GB-suitesparse_all-fp64-n64-row-major-cuSPARSE-SpMM-CSR-solve-only,cuSPARSE-SpMM-CSR-best-solve-only,cuSPARSE CUDA 13.4.1 CSR PER MATRIX BEST,per-matrix-best,cuSPARSE-SpMM-CSR,best,solve-only,"csr-alg1,csr-alg2,csr-alg3,csr-default",manual-selection,csr,CUSPARSE_SPMM_CSR_ALG3,library-preprocess,spmm.csr.fp64,fp64,A100-SXM4-80GB,A100-SXM4-80GB,,9700.0,df7f742d-c1c4-51c9-b7da-d151d8293f2c,suitesparse_all,Schenk_ISEI/para-6,para-6,155924,155924,5416358,64,row-major,N,N,1.0,0.0,20260922,main,pass,pass,0,0,693293824.0,0.28851,1.05277442932,1.34128442932,1.06719992932,658.5397637818834,516.8879984325799,649.6381839546727,6.789069729710138,5.328742251882267,6.697300865512091,cuSPARSE 12.8.6,CUDA,13040,13000,2026-10-08T22:51:49.363338+00:00,derived,csr-alg3,0,0,,,,5,20,4,true
3,A100-SXM4-80GB-suitesparse_all-fp64-n64-row-major-cuSPARSE-SpMM-CSR-solve-only,cuSPARSE-SpMM-CSR-best-solve-only,cuSPARSE CUDA 13.4.1 CSR PER MATRIX BEST,per-matrix-best,cuSPARSE-SpMM-CSR,best,solve-only,"csr-alg1,csr-alg2,csr-alg3,csr-default",manual-selection,csr,CUSPARSE_SPMM_CSR_ALG2,library-preprocess,spmm.csr.fp64,fp64,A100-SXM4-80GB,A100-SXM4-80GB,,9700.0,0edb0287-e1df-52fd-b14b-f9e504b96222,suitesparse_all,Schenk_ISEI/para-8,para-8,155924,155924,5416358,64,row-major,N,N,1.0,0.0,20260922,main,pass,pass,0,0,693293824.0,0.093611,1.0718208313,1.1654318313,1.0765013813,646.8374225933932,594.8814897450108,644.0250203513604,6.668427037045291,6.132798863350626,6.639433199498561,cuSPARSE 12.8.6,CUDA,13040,13000,2026-10-07T17:50:07.887738+00:00,derived,csr-alg2,0,0,,,,5,20,4,true
3,A100-SXM4-80GB-suitesparse_all-fp64-n64-row-major-cuSPARSE-SpMM-CSR-solve-only,cuSPARSE-SpMM-CSR-best-solve-only,cuSPARSE CUDA 13.4.1 CSR PER MATRIX BEST,per-matrix-best,cuSPARSE-SpMM-CSR,best,solve-only,"csr-alg1,csr-alg2,csr-alg3,csr-default",manual-selection,csr,CUSPARSE_SPMM_CSR_ALG2,library-preprocess,spmm.csr.fp64,fp64,A100-SXM4-80GB,A100-SXM4-80GB,,9700.0,1cb4d392-df77-5092-a407-ab8ee1286933,suitesparse_all,Schenk/nlpkkt120,nlpkkt120,3542400,3542400,96845792,64,row-major,N,N,1.0,0.0,20260922,main,pass,pass,0,0,12396261376.0,0.41002,14.839654541,15.249674541,14.860155541,835.3470319508297,812.8869467129699,834.1945911533713,8.611825071658037,8.380277801164638,8.59994423869455,cuSPARSE 12.8.6,CUDA,13040,13000,2026-10-07T23:07:15.202194+00:00,derived,csr-alg2,0,0,,,,5,20,4,true
3,A100-SXM4-80GB-suitesparse_all-fp64-n64-row-major-cuSPARSE-SpMM-CSR-solve-only,cuSPARSE-SpMM-CSR-best-solve-only,cuSPARSE CUDA 13.4.1 CSR PER MATRIX BEST,per-matrix-best,cuSPARSE-SpMM-CSR,best,solve-only,"csr-alg1,csr-alg2,csr-alg3,csr-default",manual-selection,csr,CUSPARSE_SPMM_CSR_ALG2,library-preprocess,spmm.csr.fp64,fp64,A100-SXM4-80GB,A100-SXM4-80GB,,9700.0,df7f742d-c1c4-51c9-b7da-d151d8293f2c,suitesparse_all,Schenk/nlpkkt160,nlpkkt160,8345600,8345600,229518112,64,row-major,N,N,1.0,0.0,20260922,main,pass,pass,0,0,29378318336.0,0.63986,34.5550842285,35.1949442285,34.5870772285,850.1880111688351,834.7312087004292,849.4015883999604,8.764824857410671,8.60547637835494,8.756717406185158,cuSPARSE 12.8.6,CUDA,13040,13000,2026-10-08T20:36:28.913349+00:00,derived,csr-alg2,0,0,,,,5,20,4,true
3,A100-SXM4-80GB-suitesparse_all-fp64-n64-row-major-cuSPARSE-SpMM-CSR-solve-only,cuSPARSE-SpMM-CSR-best-solve-only,cuSPARSE CUDA 13.4.1 CSR PER MATRIX BEST,per-matrix-best,cuSPARSE-SpMM-CSR,best,solve-only,"csr-alg1,csr-alg2,csr-alg3,csr-default",manual-selection,csr,CUSPARSE_SPMM_CSR_ALG2,library-preprocess,spmm.csr.fp64,fp64,A100-SXM4-80GB,A100-SXM4-80GB,,9700.0,0edb0287-e1df-52fd-b14b-f9e504b96222,suitesparse_all,Schulthess/N_pid,N_pid,3625,3923,8054,64,row-major,N,N,1.0,0.0,20260922,main,pass,pass,0,0,1030912.0,0.01359,0.0227328002453,0.0363228002453,0.0234123002453,45.34909860975621,28.381952741471114,44.03292240398099,0.46751648051295064,0.29259745094300116,0.4539476536492886,cuSPARSE 12.8.6,CUDA,13040,13000,2026-10-07T19:10:59.367139+00:00,derived,csr-alg2,0,0,,,,5,20,4,true
3,A100-SXM4-80GB-suitesparse_all-fp64-n64-row-major-cuSPARSE-SpMM-CSR-solve-only,cuSPARSE-SpMM-CSR-best-solve-only,cuSPARSE CUDA 13.4.1 CSR PER MATRIX BEST,per-matrix-best,cuSPARSE-SpMM-CSR,best,solve-only,"csr-alg1,csr-alg2,csr-alg3,csr-default",manual-selection,csr,CUSPARSE_SPMM_CSR_ALG2,library-preprocess,spmm.csr.fp64,fp64,A100-SXM4-80GB,A100-SXM4-80GB,,9700.0,1cb4d392-df77-5092-a407-ab8ee1286933,suitesparse_all,Shen/shermanACd,shermanACd,6136,6136,53329,64,row-major,N,N,1.0,0.0,20260922,main,pass,pass,0,0,6826112.0,0.04873,0.0220159992576,0.0707459992576,0.0244524992576,310.0523360366485,96.487604551952,279.1580495755827,3.196415835429366,0.9947175727005362,2.8779180368616775,cuSPARSE 12.8.6,CUDA,13040,13000,2026-10-07T22:50:49.992773+00:00,derived,csr-alg2,0,0,,,,5,20,4,true
3,A100-SXM4-80GB-suitesparse_all-fp64-n64-row-major-cuSPARSE-SpMM-CSR-solve-only,cuSPARSE-SpMM-CSR-best-solve-only,cuSPARSE CUDA 13.4.1 CSR PER MATRIX BEST,per-matrix-best,cuSPARSE-SpMM-CSR,best,solve-only,"csr-alg1,csr-alg2,csr-alg3,csr-default",manual-selection,csr,CUSPARSE_SPMM_CSR_ALG2,library-preprocess,spmm.csr.fp64,fp64,A100-SXM4-80GB,A100-SXM4-80GB,,9700.0,0edb0287-e1df-52fd-b14b-f9e504b96222,suitesparse_all,Shyy/shyy161,shyy161,76480,76480,329762,64,row-major,N,N,1.0,0.0,20260922,main,pass,pass,0,0,42209536.0,0.03984,0.12382080555,0.16366080555,0.12581280555,340.8921126987451,257.90864133993625,335.4947520284433,3.5143516773066508,2.6588519725766626,3.4587087837983845,cuSPARSE 12.8.6,CUDA,13040,13000,2026-10-07T17:47:46.030466+00:00,derived,csr-alg2,0,0,,,,5,20,4,true
3,A100-SXM4-80GB-suitesparse_all-fp64-n64-row-major-cuSPARSE-SpMM-CSR-solve-only,cuSPARSE-SpMM-CSR-best-solve-only,cuSPARSE CUDA 13.4.1 CSR PER MATRIX BEST,per-matrix-best,cuSPARSE-SpMM-CSR,best,solve-only,"csr-alg1,csr-alg2,csr-alg3,csr-default",manual-selection,csr,CUSPARSE_SPMM_CSR_ALG3,library-preprocess,spmm.csr.fp64,fp64,A100-SXM4-80GB,A100-SXM4-80GB,,9700.0,1cb4d392-df77-5092-a407-ab8ee1286933,suitesparse_all,Simon/raefsky1,raefsky1,3242,3242,294276,64,row-major,N,N,1.0,0.0,20260922,main,pass,pass,0,0,37667328.0,0.0526,0.029542401433,0.082142401433,0.032172401433,1275.0259346866821,458.56131964590304,1170.7962825977834,13.144597264811155,4.72743628500931,12.070064769049313,cuSPARSE 12.8.6,CUDA,13040,13000,2026-10-08T00:57:01.974903+00:00,derived,csr-alg3,0,0,,,,5,20,4,true
3,A100-SXM4-80GB-suitesparse_all-fp64-n64-row-major-cuSPARSE-SpMM-CSR-solve-only,cuSPARSE-SpMM-CSR-best-solve-only,cuSPARSE CUDA 13.4.1 CSR PER MATRIX BEST,per-matrix-best,cuSPARSE-SpMM-CSR,best,solve-only,"csr-alg1,csr-alg2,csr-alg3,csr-default",manual-selection,csr,CUSPARSE_SPMM_CSR_ALG3,library-preprocess,spmm.csr.fp64,fp64,A100-SXM4-80GB,A100-SXM4-80GB,,9700.0,df7f742d-c1c4-51c9-b7da-d151d8293f2c,suitesparse_all,Simon/raefsky2,raefsky2,3242,3242,294276,64,row-major,N,N,1.0,0.0,20260922,main,pass,pass,0,0,37667328.0,0.11834,0.035987201333,0.154327201333,0.041904201333,1046.6867832108783,244.07445787034786,898.8914429049524,10.79058539392658,2.516231524436576,9.266922091803634,cuSPARSE 12.8.6,CUDA,13040,13000,2026-10-08T22:49:13.570709+00:00,derived,csr-alg3,0,0,,,,5,20,4,true
3,A100-SXM4-80GB-suitesparse_all-fp64-n64-row-major-cuSPARSE-SpMM-CSR-solve-only,cuSPARSE-SpMM-CSR-best-solve-only,cuSPARSE CUDA 13.4.1 CSR PER MATRIX BEST,per-matrix-best,cuSPARSE-SpMM-CSR,best,solve-only,"csr-alg1,csr-alg2,csr-alg3,csr-default",manual-selection,csr,CUSPARSE_SPMM_CSR_ALG3,library-preprocess,spmm.csr.fp64,fp64,A100-SXM4-80GB,A100-SXM4-80GB,,9700.0,0edb0287-e1df-52fd-b14b-f9e504b96222,suitesparse_all,Simon/raefsky4,raefsky4,19779,19779,1328611,64,row-major,N,N,1.0,0.0,20260922,main,pass,pass,0,0,170062208.0,0.12983,0.180224001408,0.310054001408,0.186715501408,943.6157596734565,548.4922214444031,910.809261778377,9.727997522406769,5.654558983962919,9.389786203900794,cuSPARSE 12.8.6,CUDA,13040,13000,2026-10-07T20:03:40.469378+00:00,derived,csr-alg3,0,0,,,,5,20,4,true
3,A100-SXM4-80GB-suitesparse_all-fp64-n64-row-major-cuSPARSE-SpMM-CSR-solve-only,cuSPARSE-SpMM-CSR-best-solve-only,cuSPARSE CUDA 13.4.1 CSR PER MATRIX BEST,per-matrix-best,cuSPARSE-SpMM-CSR,best,solve-only,"csr-alg1,csr-alg2,csr-alg3,csr-default",manual-selection,csr,CUSPARSE_SPMM_CSR_ALG2,library-preprocess,spmm.csr.fp64,fp64,A100-SXM4-80GB,A100-SXM4-80GB,,9700.0,1cb4d392-df77-5092-a407-ab8ee1286933,suitesparse_all,Simon/venkat50,venkat50,62424,62424,1717792,64,row-major,N,N,1.0,0.0,20260922,main,pass,pass,0,0,219877376.0,0.10097,0.289023995399,0.389993995399,0.294072495399,760.758205201812,563.7968240383934,747.6978617183105,7.84286809486404,5.812338392148385,7.708225378539284,cuSPARSE 12.8.6,CUDA,13040,13000,2026-10-07T22:50:24.791973+00:00,derived,csr-alg2,0,0,,,,5,20,4,true
3,A100-SXM4-80GB-suitesparse_all-fp64-n64-row-major-cuSPARSE-SpMM-CSR-solve-only,cuSPARSE-SpMM-CSR-best-solve-only,cuSPARSE CUDA 13.4.1 CSR PER MATRIX BEST,per-matrix-best,cuSPARSE-SpMM-CSR,best,solve-only,"csr-alg1,csr-alg2,csr-alg3,csr-default",manual-selection,csr,CUSPARSE_SPMM_CSR_ALG3,library-preprocess,spmm.csr.fp64,fp64,A100-SXM4-80GB,A100-SXM4-80GB,,9700.0,0edb0287-e1df-52fd-b14b-f9e504b96222,suitesparse_all,Sinclair/3Dspectralwave2,3Dspectralwave2,292008,292008,14322744,64,row-major,N,N,1.0,0.0,20260922,main,pass,pass,0,0,1833311232.0,2.671171,2.54636154175,5.21753254175,2.67992009175,719.9728718570135,351.3751408985163,684.0917524532754,7.422400740793954,3.6224241329743947,7.052492293332737,cuSPARSE 12.8.6,CUDA,13040,13000,2026-10-07T20:15:15.187131+00:00,derived,csr-alg3,0,0,,,,5,20,4,true
3,A100-SXM4-80GB-suitesparse_all-fp64-n64-row-major-cuSPARSE-SpMM-CSR-solve-only,cuSPARSE-SpMM-CSR-best-solve-only,cuSPARSE CUDA 13.4.1 CSR PER MATRIX BEST,per-matrix-best,cuSPARSE-SpMM-CSR,best,solve-only,"csr-alg1,csr-alg2,csr-alg3,csr-default",manual-selection,csr,CUSPARSE_SPMM_CSR_ALG2,library-preprocess,spmm.csr.fp64,fp64,A100-SXM4-80GB,A100-SXM4-80GB,,9700.0,0edb0287-e1df-52fd-b14b-f9e504b96222,suitesparse_all,SNAP/amazon0312,amazon0312,400727,400727,3200440,64,row-major,N,N,1.0,0.0,20260922,main,pass,pass,0,0,409656320.0,62.864685,1.00474882126,63.8694338213,4.14798307126,407.72012997862754,6.413965108038621,98.76036448614579,4.203300309058016,0.06612335162926414,1.0181480874860391,cuSPARSE 12.8.6,CUDA,13040,13000,2026-10-07T18:26:26.797207+00:00,derived,csr-alg2,0,0,,,,5,20,4,true
3,A100-SXM4-80GB-suitesparse_all-fp64-n64-row-major-cuSPARSE-SpMM-CSR-solve-only,cuSPARSE-SpMM-CSR-best-solve-only,cuSPARSE CUDA 13.4.1 CSR PER MATRIX BEST,per-matrix-best,cuSPARSE-SpMM-CSR,best,solve-only,"csr-alg1,csr-alg2,csr-alg3,csr-default",manual-selection,csr,CUSPARSE_SPMM_CSR_ALG2,library-preprocess,spmm.csr.fp64,fp64,A100-SXM4-80GB,A100-SXM4-80GB,,9700.0,0edb0287-e1df-52fd-b14b-f9e504b96222,suitesparse_all,SNAP/as-Skitter,as-Skitter,1696415,1696415,22190596,64,row-major,N,N,1.0,0.0,20260922,main,pass,pass,0,0,2840396288.0,0.50268,5.32981758118,5.83249758118,5.35495158118,532.9256104429652,486.99485057057603,530.424270871577,5.494078458174899,5.020565469799753,5.4682914522843,cuSPARSE 12.8.6,CUDA,13040,13000,2026-10-07T18:27:39.403381+00:00,derived,csr-alg2,0,0,,,,5,20,4,true
3,A100-SXM4-80GB-suitesparse_all-fp64-n64-row-major-cuSPARSE-SpMM-CSR-solve-only,cuSPARSE-SpMM-CSR-best-solve-only,cuSPARSE CUDA 13.4.1 CSR PER MATRIX BEST,per-matrix-best,cuSPARSE-SpMM-CSR,best,solve-only,"csr-alg1,csr-alg2,csr-alg3,csr-default",manual-selection,csr,CUSPARSE_SPMM_CSR_ALG3,library-preprocess,spmm.csr.fp64,fp64,A100-SXM4-80GB,A100-SXM4-80GB,,9700.0,df7f742d-c1c4-51c9-b7da-d151d8293f2c,suitesparse_all,SNAP/ca-AstroPh,ca-AstroPh,18772,18772,396160,64,row-major,N,N,1.0,0.0,20260922,main,pass,pass,0,0,50708480.0,0.12625,0.0783360004425,0.204586000443,0.0846485004425,647.3202577813622,247.8589927472968,599.047587788578,6.673404719395487,2.555247347910276,6.175748327717299,cuSPARSE 12.8.6,CUDA,13040,13000,2026-10-08T23:16:37.998078+00:00,derived,csr-alg3,0,0,,,,5,20,4,true
3,A100-SXM4-80GB-suitesparse_all-fp64-n64-row-major-cuSPARSE-SpMM-CSR-solve-only,cuSPARSE-SpMM-CSR-best-solve-only,cuSPARSE CUDA 13.4.1 CSR PER MATRIX BEST,per-matrix-best,cuSPARSE-SpMM-CSR,best,solve-only,"csr-alg1,csr-alg2,csr-alg3,csr-default",manual-selection,csr,CUSPARSE_SPMM_CSR_ALG3,library-preprocess,spmm.csr.fp64,fp64,A100-SXM4-80GB,A100-SXM4-80GB,,9700.0,0edb0287-e1df-52fd-b14b-f9e504b96222,suitesparse_all,SNAP/ca-GrQc,ca-GrQc,5242,5242,28980,64,row-major,N,N,1.0,0.0,20260922,main,pass,pass,0,0,3709440.0,0.06772,0.0152575999498,0.0829775999498,0.0186435999498,243.12080616903475,44.70411294426624,198.96586549744077,2.5064000635982966,0.4608671437553221,2.0511944896643377,cuSPARSE 12.8.6,CUDA,13040,13000,2026-10-07T20:43:32.734756+00:00,derived,csr-alg3,0,0,,,,5,20,4,true
3,A100-SXM4-80GB-suitesparse_all-fp64-n64-row-major-cuSPARSE-SpMM-CSR-solve-only,cuSPARSE-SpMM-CSR-best-solve-only,cuSPARSE CUDA 13.4.1 CSR PER MATRIX BEST,per-matrix-best,cuSPARSE-SpMM-CSR,best,solve-only,"csr-alg1,csr-alg2,csr-alg3,csr-default",manual-selection,csr,CUSPARSE_SPMM_CSR_ALG3,library-preprocess,spmm.csr.fp64,fp64,A100-SXM4-80GB,A100-SXM4-80GB,,9700.0,1cb4d392-df77-5092-a407-ab8ee1286933,suitesparse_all,SNAP/cit-Patents,cit-Patents,3774768,3774768,16518948,64,row-major,N,N,1.0,0.0,20260922,main,pass,pass,0,0,2114425344.0,58.663113,12.7448928833,71.4080058833,15.6780485333,165.903735979656,29.61048019539354,134.8653398737084,1.710347793604701,0.3052626824267375,1.3903643285949319,cuSPARSE 12.8.6,CUDA,13040,13000,2026-10-08T01:20:23.458415+00:00,derived,csr-alg3,0,0,,,,5,20,4,true
3,A100-SXM4-80GB-suitesparse_all-fp64-n64-row-major-cuSPARSE-SpMM-CSR-solve-only,cuSPARSE-SpMM-CSR-best-solve-only,cuSPARSE CUDA 13.4.1 CSR PER MATRIX BEST,per-matrix-best,cuSPARSE-SpMM-CSR,best,solve-only,"csr-alg1,csr-alg2,csr-alg3,csr-default",manual-selection,csr,CUSPARSE_SPMM_CSR_ALG2,library-preprocess,spmm.csr.fp64,fp64,A100-SXM4-80GB,A100-SXM4-80GB,,9700.0,0edb0287-e1df-52fd-b14b-f9e504b96222,suitesparse_all,SNAP/CollegeMsg,CollegeMsg,1899,1899,20296,64,row-major,N,N,1.0,0.0,20260922,main,pass,pass,0,0,2597888.0,0.0152,0.023398399353,0.038598399353,0.024158399353,111.02844945959582,67.30558892458536,107.5356012639717,1.1446231903051116,0.6938720507689212,1.1086144460203269,cuSPARSE 12.8.6,CUDA,13040,13000,2026-10-07T19:15:18.515283+00:00,derived,csr-alg2,0,0,,,,5,20,4,true
3,A100-SXM4-80GB-suitesparse_all-fp64-n64-row-major-cuSPARSE-SpMM-CSR-solve-only,cuSPARSE-SpMM-CSR-best-solve-only,cuSPARSE CUDA 13.4.1 CSR PER MATRIX BEST,per-matrix-best,cuSPARSE-SpMM-CSR,best,solve-only,"csr-alg1,csr-alg2,csr-alg3,csr-default",manual-selection,csr,CUSPARSE_SPMM_CSR_ALG2,library-preprocess,spmm.csr.fp64,fp64,A100-SXM4-80GB,A100-SXM4-80GB,,9700.0,1cb4d392-df77-5092-a407-ab8ee1286933,suitesparse_all,SNAP/com-Orkut,com-Orkut,3072441,3072441,234370166,64,row-major,N,N,1.0,0.0,20260922,main,pass,pass,0,0,29999381248.0,0.76125,58.8608520508,59.6221020508,58.8989145508,509.66610578638864,503.1587316804016,509.33674205703215,5.254289750375141,5.187203419385584,5.250894248010641,cuSPARSE 12.8.6,CUDA,13040,13000,2026-10-08T00:24:15.800557+00:00,derived,csr-alg2,0,0,,,,5,20,4,true
3,A100-SXM4-80GB-suitesparse_all-fp64-n64-row-major-cuSPARSE-SpMM-CSR-solve-only,cuSPARSE-SpMM-CSR-best-solve-only,cuSPARSE CUDA 13.4.1 CSR PER MATRIX BEST,per-matrix-best,cuSPARSE-SpMM-CSR,best,solve-only,"csr-alg1,csr-alg2,csr-alg3,csr-default",manual-selection,csr,CUSPARSE_SPMM_CSR_ALG2,library-preprocess,spmm.csr.fp64,fp64,A100-SXM4-80GB,A100-SXM4-80GB,,9700.0,df7f742d-c1c4-51c9-b7da-d151d8293f2c,suitesparse_all,SNAP/com-Youtube,com-Youtube,1134890,1134890,5975248,64,row-major,N,N,1.0,0.0,20260922,main,pass,pass,0,0,764831744.0,0.49542,1.94877433777,2.44419433777,1.97354533777,392.4680909310433,312.91773005979815,387.542018601011,4.046062793103539,3.2259559799979187,3.995278542278464,cuSPARSE 12.8.6,CUDA,13040,13000,2026-10-08T22:06:01.739206+00:00,derived,csr-alg2,0,0,,,,5,20,4,true
3,A100-SXM4-80GB-suitesparse_all-fp64-n64-row-major-cuSPARSE-SpMM-CSR-solve-only,cuSPARSE-SpMM-CSR-best-solve-only,cuSPARSE CUDA 13.4.1 CSR PER MATRIX BEST,per-matrix-best,cuSPARSE-SpMM-CSR,best,solve-only,"csr-alg1,csr-alg2,csr-alg3,csr-default",manual-selection,csr,CUSPARSE_SPMM_CSR_ALG2,library-preprocess,spmm.csr.fp64,fp64,A100-SXM4-80GB,A100-SXM4-80GB,,9700.0,0edb0287-e1df-52fd-b14b-f9e504b96222,suitesparse_all,SNAP/email-Eu-core-temporal,email-Eu-core-temporal,1005,1005,24929,64,row-major,N,N,1.0,0.0,20260922,main,pass,pass,0,0,3190912.0,0.0155,0.0216575995088,0.0371575995088,0.0224325995088,147.33451870801545,85.87508456363817,142.24441526485816,1.5189125640001593,0.8853101501405997,1.4664372707717337,cuSPARSE 12.8.6,CUDA,13040,13000,2026-10-07T19:15:19.994281+00:00,derived,csr-alg2,0,0,,,,5,20,4,true
3,A100-SXM4-80GB-suitesparse_all-fp64-n64-row-major-cuSPARSE-SpMM-CSR-solve-only,cuSPARSE-SpMM-CSR-best-solve-only,cuSPARSE CUDA 13.4.1 CSR PER MATRIX BEST,per-matrix-best,cuSPARSE-SpMM-CSR,best,solve-only,"csr-alg1,csr-alg2,csr-alg3,csr-default",manual-selection,csr,CUSPARSE_SPMM_CSR_ALG2,library-preprocess,spmm.csr.fp64,fp64,A100-SXM4-80GB,A100-SXM4-80GB,,9700.0,0edb0287-e1df-52fd-b14b-f9e504b96222,suitesparse_all,SNAP/email-EuAll,email-EuAll,265214,265214,420045,64,row-major,N,N,1.0,0.0,20260922,main,pass,pass,0,0,53765760.0,0.0806,0.229273605347,0.309873605347,0.233303605347,234.50479578155904,173.50867925582912,230.45404686323832,2.417575214242877,1.788749270678651,2.375814916115859,cuSPARSE 12.8.6,CUDA,13040,13000,2026-10-07T18:26:11.884063+00:00,derived,csr-alg2,0,0,,,,5,20,4,true
3,A100-SXM4-80GB-suitesparse_all-fp64-n64-row-major-cuSPARSE-SpMM-CSR-solve-only,cuSPARSE-SpMM-CSR-best-solve-only,cuSPARSE CUDA 13.4.1 CSR PER MATRIX BEST,per-matrix-best,cuSPARSE-SpMM-CSR,best,solve-only,"csr-alg1,csr-alg2,csr-alg3,csr-default",manual-selection,csr,CUSPARSE_SPMM_CSR_ALG3,library-preprocess,spmm.csr.fp64,fp64,A100-SXM4-80GB,A100-SXM4-80GB,,9700.0,1cb4d392-df77-5092-a407-ab8ee1286933,suitesparse_all,SNAP/p2p-Gnutella06,p2p-Gnutella06,8717,8717,31525,64,row-major,N,N,1.0,0.0,20260922,main,pass,pass,0,0,4035200.0,1.911831,0.0162303999066,1.92806139991,0.111821949907,248.6198752477509,2.0928794073613837,36.08593843477056,2.5630914973994936,0.021576076364550348,0.37201998386361407,cuSPARSE 12.8.6,CUDA,13040,13000,2026-10-08T01:20:34.450969+00:00,derived,csr-alg3,0,0,,,,5,20,4,true
3,A100-SXM4-80GB-suitesparse_all-fp64-n64-row-major-cuSPARSE-SpMM-CSR-solve-only,cuSPARSE-SpMM-CSR-best-solve-only,cuSPARSE CUDA 13.4.1 CSR PER MATRIX BEST,per-matrix-best,cuSPARSE-SpMM-CSR,best,solve-only,"csr-alg1,csr-alg2,csr-alg3,csr-default",manual-selection,csr,CUSPARSE_SPMM_CSR_ALG3,library-preprocess,spmm.csr.fp64,fp64,A100-SXM4-80GB,A100-SXM4-80GB,,9700.0,df7f742d-c1c4-51c9-b7da-d151d8293f2c,suitesparse_all,SNAP/p2p-Gnutella08,p2p-Gnutella08,6301,6301,20777,64,row-major,N,N,1.0,0.0,20260922,main,pass,pass,0,0,2659456.0,0.116051,0.0104960002005,0.126547000201,0.0162985502005,253.37804394032983,21.01555940303502,163.1713230492375,2.6121447828899984,0.21665525157768062,1.6821785881364688,cuSPARSE 12.8.6,CUDA,13040,13000,2026-10-08T23:16:49.910029+00:00,derived,csr-alg3,0,0,,,,5,20,4,true
3,A100-SXM4-80GB-suitesparse_all-fp64-n64-row-major-cuSPARSE-SpMM-CSR-solve-only,cuSPARSE-SpMM-CSR-best-solve-only,cuSPARSE CUDA 13.4.1 CSR PER MATRIX BEST,per-matrix-best,cuSPARSE-SpMM-CSR,best,solve-only,"csr-alg1,csr-alg2,csr-alg3,csr-default",manual-selection,csr,CUSPARSE_SPMM_CSR_ALG2,library-preprocess,spmm.csr.fp64,fp64,A100-SXM4-80GB,A100-SXM4-80GB,,9700.0,0edb0287-e1df-52fd-b14b-f9e504b96222,suitesparse_all,SNAP/p2p-Gnutella24,p2p-Gnutella24,26518,26518,65369,64,row-major,N,N,1.0,0.0,20260922,main,pass,pass,0,0,8367232.0,0.05523,0.0427008002996,0.0979308002996,0.0454623002996,195.95023843331526,85.44024938428055,184.04770424855997,2.0201055508589203,0.8808273132400056,1.8973990128717522,cuSPARSE 12.8.6,CUDA,13040,13000,2026-10-07T18:26:27.847074+00:00,derived,csr-alg2,0,0,,,,5,20,4,true
3,A100-SXM4-80GB-suitesparse_all-fp64-n64-row-major-cuSPARSE-SpMM-CSR-solve-only,cuSPARSE-SpMM-CSR-best-solve-only,cuSPARSE CUDA 13.4.1 CSR PER MATRIX BEST,per-matrix-best,cuSPARSE-SpMM-CSR,best,solve-only,"csr-alg1,csr-alg2,csr-alg3,csr-default",manual-selection,csr,CUSPARSE_SPMM_CSR_ALG2,library-preprocess,spmm.csr.fp64,fp64,A100-SXM4-80GB,A100-SXM4-80GB,,9700.0,1cb4d392-df77-5092-a407-ab8ee1286933,suitesparse_all,SNAP/roadNet-PA,roadNet-PA,1090920,1090920,3083796,64,row-major,N,N,1.0,0.0,20260922,main,pass,pass,0,0,394725888.0,2.989771,1.25327358246,4.24304458246,1.40276213246,314.95588315618085,93.02892777316728,281.3918902328622,3.2469678675894933,0.9590611110635802,2.9009473219882698,cuSPARSE 12.8.6,CUDA,13040,13000,2026-10-07T23:13:55.924578+00:00,derived,csr-alg2,0,0,,,,5,20,4,true
3,A100-SXM4-80GB-suitesparse_all-fp64-n64-row-major-cuSPARSE-SpMM-CSR-solve-only,cuSPARSE-SpMM-CSR-best-solve-only,cuSPARSE CUDA 13.4.1 CSR PER MATRIX BEST,per-matrix-best,cuSPARSE-SpMM-CSR,best,solve-only,"csr-alg1,csr-alg2,csr-alg3,csr-default",manual-selection,csr,CUSPARSE_SPMM_CSR_ALG2,library-preprocess,spmm.csr.fp64,fp64,A100-SXM4-80GB,A100-SXM4-80GB,,9700.0,df7f742d-c1c4-51c9-b7da-d151d8293f2c,suitesparse_all,SNAP/roadNet-TX,roadNet-TX,1393383,1393383,3843320,64,row-major,N,N,1.0,0.0,20260922,main,pass,pass,0,0,491944960.0,0.65382,1.57352962494,2.22734962494,1.60622062494,312.63787614977906,220.86562185460755,306.2748369442563,3.2230708881420522,2.2769651737588408,3.157472545817076,cuSPARSE 12.8.6,CUDA,13040,13000,2026-10-08T20:42:10.082281+00:00,derived,csr-alg2,0,0,,,,5,20,4,true
3,A100-SXM4-80GB-suitesparse_all-fp64-n64-row-major-cuSPARSE-SpMM-CSR-solve-only,cuSPARSE-SpMM-CSR-best-solve-only,cuSPARSE CUDA 13.4.1 CSR PER MATRIX BEST,per-matrix-best,cuSPARSE-SpMM-CSR,best,solve-only,"csr-alg1,csr-alg2,csr-alg3,csr-default",manual-selection,csr,CUSPARSE_SPMM_CSR_ALG2,library-preprocess,spmm.csr.fp64,fp64,A100-SXM4-80GB,A100-SXM4-80GB,,9700.0,1cb4d392-df77-5092-a407-ab8ee1286933,suitesparse_all,SNAP/soc-sign-bitcoin-alpha,soc-sign-bitcoin-alpha,3783,3783,24186,64,row-major,N,N,1.0,0.0,20260922,main,pass,pass,0,0,3095808.0,0.04972,0.0231424003839,0.0728624003839,0.0256284003839,133.7721216747132,42.48841629823745,120.7959901369738,1.3790940378836412,0.43802491029110774,1.2453194859481835,cuSPARSE 12.8.6,CUDA,13040,13000,2026-10-08T00:24:16.587204+00:00,derived,csr-alg2,0,0,,,,5,20,4,true
3,A100-SXM4-80GB-suitesparse_all-fp64-n64-row-major-cuSPARSE-SpMM-CSR-solve-only,cuSPARSE-SpMM-CSR-best-solve-only,cuSPARSE CUDA 13.4.1 CSR PER MATRIX BEST,per-matrix-best,cuSPARSE-SpMM-CSR,best,solve-only,"csr-alg1,csr-alg2,csr-alg3,csr-default",manual-selection,csr,CUSPARSE_SPMM_CSR_ALG2,library-preprocess,spmm.csr.fp64,fp64,A100-SXM4-80GB,A100-SXM4-80GB,,9700.0,df7f742d-c1c4-51c9-b7da-d151d8293f2c,suitesparse_all,SNAP/soc-sign-bitcoin-otc,soc-sign-bitcoin-otc,5881,5881,35592,64,row-major,N,N,1.0,0.0,20260922,main,pass,pass,0,0,4555776.0,0.02839,0.0225152000785,0.0509052000785,0.0239347000785,202.3422392035662,89.49529700255806,190.3418879308352,2.0860024660161467,0.9226319278614232,1.9622875044416,cuSPARSE 12.8.6,CUDA,13040,13000,2026-10-08T22:06:02.487574+00:00,derived,csr-alg2,0,0,,,,5,20,4,true
3,A100-SXM4-80GB-suitesparse_all-fp64-n64-row-major-cuSPARSE-SpMM-CSR-solve-only,cuSPARSE-SpMM-CSR-best-solve-only,cuSPARSE CUDA 13.4.1 CSR PER MATRIX BEST,per-matrix-best,cuSPARSE-SpMM-CSR,best,solve-only,"csr-alg1,csr-alg2,csr-alg3,csr-default",manual-selection,csr,CUSPARSE_SPMM_CSR_ALG2,library-preprocess,spmm.csr.fp64,fp64,A100-SXM4-80GB,A100-SXM4-80GB,,9700.0,1cb4d392-df77-5092-a407-ab8ee1286933,suitesparse_all,SNAP/soc-sign-Slashdot081106,soc-sign-Slashdot081106,77357,77357,516575,64,row-major,N,N,1.0,0.0,20260922,main,pass,pass,0,0,66121600.0,0.05904,0.174131202698,0.233171202698,0.177083202698,379.7228697413657,283.57532677669354,373.3928401598013,3.9146687602202648,2.923456977079315,3.849410723296921,cuSPARSE 12.8.6,CUDA,13040,13000,2026-10-07T23:13:58.751066+00:00,derived,csr-alg2,0,0,,,,5,20,4,true
3,A100-SXM4-80GB-suitesparse_all-fp64-n64-row-major-cuSPARSE-SpMM-CSR-solve-only,cuSPARSE-SpMM-CSR-best-solve-only,cuSPARSE CUDA 13.4.1 CSR PER MATRIX BEST,per-matrix-best,cuSPARSE-SpMM-CSR,best,solve-only,"csr-alg1,csr-alg2,csr-alg3,csr-default",manual-selection,csr,CUSPARSE_SPMM_CSR_ALG3,library-preprocess,spmm.csr.fp64,fp64,A100-SXM4-80GB,A100-SXM4-80GB,,9700.0,df7f742d-c1c4-51c9-b7da-d151d8293f2c,suitesparse_all,SNAP/soc-sign-Slashdot090216,soc-sign-Slashdot090216,81871,81871,545671,64,row-major,N,N,1.0,0.0,20260922,main,pass,pass,0,0,69845888.0,0.17581,0.223487997055,0.399297997055,0.232278497055,312.5263500518601,174.92170888695767,300.6988975973164,3.221921134555259,1.8033165864634813,3.09998863502388,cuSPARSE 12.8.6,CUDA,13040,13000,2026-10-08T23:17:23.717104+00:00,derived,csr-alg3,0,0,,,,5,20,4,true
3,A100-SXM4-80GB-suitesparse_all-fp64-n64-row-major-cuSPARSE-SpMM-CSR-solve-only,cuSPARSE-SpMM-CSR-best-solve-only,cuSPARSE CUDA 13.4.1 CSR PER MATRIX BEST,per-matrix-best,cuSPARSE-SpMM-CSR,best,solve-only,"csr-alg1,csr-alg2,csr-alg3,csr-default",manual-selection,csr,CUSPARSE_SPMM_CSR_ALG2,library-preprocess,spmm.csr.fp64,fp64,A100-SXM4-80GB,A100-SXM4-80GB,,9700.0,1cb4d392-df77-5092-a407-ab8ee1286933,suitesparse_all,SNAP/soc-Slashdot0811,soc-Slashdot0811,77360,77360,905468,64,row-major,N,N,1.0,0.0,20260922,main,pass,pass,0,0,115899904.0,0.0534,0.226252794266,0.279652794266,0.228922794266,512.2584424912748,414.442145318807,506.28380791704166,5.28101487104407,4.27259943627636,5.219420700175688,cuSPARSE 12.8.6,CUDA,13040,13000,2026-10-07T23:11:38.521204+00:00,derived,csr-alg2,0,0,,,,5,20,4,true
3,A100-SXM4-80GB-suitesparse_all-fp64-n64-row-major-cuSPARSE-SpMM-CSR-solve-only,cuSPARSE-SpMM-CSR-best-solve-only,cuSPARSE CUDA 13.4.1 CSR PER MATRIX BEST,per-matrix-best,cuSPARSE-SpMM-CSR,best,solve-only,"csr-alg1,csr-alg2,csr-alg3,csr-default",manual-selection,csr,CUSPARSE_SPMM_CSR_ALG2,library-preprocess,spmm.csr.fp64,fp64,A100-SXM4-80GB,A100-SXM4-80GB,,9700.0,df7f742d-c1c4-51c9-b7da-d151d8293f2c,suitesparse_all,SNAP/soc-Slashdot0902,soc-Slashdot0902,82168,82168,948464,64,row-major,N,N,1.0,0.0,20260922,main,pass,pass,0,0,121403392.0,0.10396,0.268902397156,0.372862397156,0.274100397156,451.477537143596,325.59837872094846,442.9157829016393,4.654407599418516,3.356684316710809,4.5661420917694775,cuSPARSE 12.8.6,CUDA,13040,13000,2026-10-08T20:41:26.282265+00:00,derived,csr-alg2,0,0,,,,5,20,4,true
3,A100-SXM4-80GB-suitesparse_all-fp64-n64-row-major-cuSPARSE-SpMM-CSR-solve-only,cuSPARSE-SpMM-CSR-best-solve-only,cuSPARSE CUDA 13.4.1 CSR PER MATRIX BEST,per-matrix-best,cuSPARSE-SpMM-CSR,best,solve-only,"csr-alg1,csr-alg2,csr-alg3,csr-default",manual-selection,csr,CUSPARSE_SPMM_CSR_ALG2,library-preprocess,spmm.csr.fp64,fp64,A100-SXM4-80GB,A100-SXM4-80GB,,9700.0,0edb0287-e1df-52fd-b14b-f9e504b96222,suitesparse_all,SNAP/sx-mathoverflow,sx-mathoverflow,24818,24818,239978,64,row-major,N,N,1.0,0.0,20260922,main,pass,pass,0,0,30717184.0,0.0807,0.0712191998959,0.151919199896,0.0752541998959,431.30481730907997,202.19421917063937,408.17899921189024,4.446441415557525,2.084476486295251,4.208030919710208,cuSPARSE 12.8.6,CUDA,13040,13000,2026-10-07T19:15:22.072742+00:00,derived,csr-alg2,0,0,,,,5,20,4,true
3,A100-SXM4-80GB-suitesparse_all-fp64-n64-row-major-cuSPARSE-SpMM-CSR-solve-only,cuSPARSE-SpMM-CSR-best-solve-only,cuSPARSE CUDA 13.4.1 CSR PER MATRIX BEST,per-matrix-best,cuSPARSE-SpMM-CSR,best,solve-only,"csr-alg1,csr-alg2,csr-alg3,csr-default",manual-selection,csr,CUSPARSE_SPMM_CSR_ALG1,library-preprocess,spmm.csr.fp64,fp64,A100-SXM4-80GB,A100-SXM4-80GB,,9700.0,1cb4d392-df77-5092-a407-ab8ee1286933,suitesparse_all,SNAP/web-NotreDame,web-NotreDame,325729,325729,1497134,64,row-major,N,N,1.0,0.0,20260922,main,pass,pass,0,0,191633152.0,0.18019,1.03272476196,1.21291476196,1.04173426196,185.56072155789215,157.99391516212725,183.95588874982997,1.9129971294628056,1.6288032490940956,1.8964524613384535,cuSPARSE 12.8.6,CUDA,13040,13000,2026-10-07T21:05:24.178007+00:00,derived,csr-alg1,0,0,,,,5,20,4,true
3,A100-SXM4-80GB-suitesparse_all-fp64-n64-row-major-cuSPARSE-SpMM-CSR-solve-only,cuSPARSE-SpMM-CSR-best-solve-only,cuSPARSE CUDA 13.4.1 CSR PER MATRIX BEST,per-matrix-best,cuSPARSE-SpMM-CSR,best,solve-only,"csr-alg1,csr-alg2,csr-alg3,csr-default",manual-selection,csr,CUSPARSE_SPMM_CSR_ALG2,library-preprocess,spmm.csr.fp64,fp64,A100-SXM4-80GB,A100-SXM4-80GB,,9700.0,df7f742d-c1c4-51c9-b7da-d151d8293f2c,suitesparse_all,SNAP/web-Stanford,web-Stanford,281903,281903,2312497,64,row-major,N,N,1.0,0.0,20260922,main,pass,pass,0,0,295999616.0,0.09009,0.6811647892,0.7712547892,0.6856692892,434.5492026204692,383.7896634742868,431.69443441947874,4.479888686808961,3.95659446880708,4.45045808679875,cuSPARSE 12.8.6,CUDA,13040,13000,2026-10-08T20:41:39.095602+00:00,derived,csr-alg2,0,0,,,,5,20,4,true
3,A100-SXM4-80GB-suitesparse_all-fp64-n64-row-major-cuSPARSE-SpMM-CSR-solve-only,cuSPARSE-SpMM-CSR-best-solve-only,cuSPARSE CUDA 13.4.1 CSR PER MATRIX BEST,per-matrix-best,cuSPARSE-SpMM-CSR,best,solve-only,"csr-alg1,csr-alg2,csr-alg3,csr-default",manual-selection,csr,CUSPARSE_SPMM_CSR_ALG3,library-preprocess,spmm.csr.fp64,fp64,A100-SXM4-80GB,A100-SXM4-80GB,,9700.0,1cb4d392-df77-5092-a407-ab8ee1286933,suitesparse_all,SNAP/wiki-talk-temporal,wiki-talk-temporal,1140149,1140149,3309592,64,row-major,N,N,1.0,0.0,20260922,main,pass,pass,0,0,423627776.0,47.611679,2.30338554382,49.9150645438,4.68396949382,183.91527077896114,8.486972417480711,90.4420442018104,1.8960337193707335,0.08749456100495578,0.9323922082660866,cuSPARSE 12.8.6,CUDA,13040,13000,2026-10-08T02:32:52.391961+00:00,derived,csr-alg3,0,0,,,,5,20,4,true
3,A100-SXM4-80GB-suitesparse_all-fp64-n64-row-major-cuSPARSE-SpMM-CSR-solve-only,cuSPARSE-SpMM-CSR-best-solve-only,cuSPARSE CUDA 13.4.1 CSR PER MATRIX BEST,per-matrix-best,cuSPARSE-SpMM-CSR,best,solve-only,"csr-alg1,csr-alg2,csr-alg3,csr-default",manual-selection,csr,CUSPARSE_SPMM_CSR_ALG2,library-preprocess,spmm.csr.fp64,fp64,A100-SXM4-80GB,A100-SXM4-80GB,,9700.0,df7f742d-c1c4-51c9-b7da-d151d8293f2c,suitesparse_all,SNAP/wiki-topcats,wiki-topcats,1791489,1791489,28511807,64,row-major,N,N,1.0,0.0,20260922,main,pass,pass,0,0,3649511296.0,0.62932,6.16611824036,6.79543824036,6.19758424036,591.8652795388057,537.0531181233516,588.8602969256308,6.1017039127711925,5.536630083745893,6.070724710573513,cuSPARSE 12.8.6,CUDA,13040,13000,2026-10-08T22:07:41.832001+00:00,derived,csr-alg2,0,0,,,,5,20,4,true
3,A100-SXM4-80GB-suitesparse_all-fp64-n64-row-major-cuSPARSE-SpMM-CSR-solve-only,cuSPARSE-SpMM-CSR-best-solve-only,cuSPARSE CUDA 13.4.1 CSR PER MATRIX BEST,per-matrix-best,cuSPARSE-SpMM-CSR,best,solve-only,"csr-alg1,csr-alg2,csr-alg3,csr-default",manual-selection,csr,CUSPARSE_SPMM_CSR_ALG2,library-preprocess,spmm.csr.fp64,fp64,A100-SXM4-80GB,A100-SXM4-80GB,,9700.0,1cb4d392-df77-5092-a407-ab8ee1286933,suitesparse_all,Sorensen/Linux_call_graph,Linux_call_graph,324085,324085,1208908,64,row-major,N,N,1.0,0.0,20260922,main,pass,pass,0,0,154740224.0,0.08114,0.745881605148,0.827021605148,0.749938605148,207.45949884270976,187.10541905650504,206.33718938827278,2.1387577200279355,1.9289218459433508,2.1271875194667293,cuSPARSE 12.8.6,CUDA,13040,13000,2026-10-08T00:01:27.199645+00:00,derived,csr-alg2,0,0,,,,5,20,4,true
3,A100-SXM4-80GB-suitesparse_all-fp64-n64-row-major-cuSPARSE-SpMM-CSR-solve-only,cuSPARSE-SpMM-CSR-best-solve-only,cuSPARSE CUDA 13.4.1 CSR PER MATRIX BEST,per-matrix-best,cuSPARSE-SpMM-CSR,best,solve-only,"csr-alg1,csr-alg2,csr-alg3,csr-default",manual-selection,csr,CUSPARSE_SPMM_CSR_ALG2,library-preprocess,spmm.csr.fp64,fp64,A100-SXM4-80GB,A100-SXM4-80GB,,9700.0,0edb0287-e1df-52fd-b14b-f9e504b96222,suitesparse_all,Stevenson/LargeRegFile,LargeRegFile,2111154,801374,4944201,64,row-major,N,N,1.0,0.0,20260922,main,pass,pass,0,0,632857728.0,0.46776,1.70849285126,2.17625285126,1.73188085126,370.41871584845813,290.80156179167784,365.4164358590692,3.818749647922249,2.997954245275029,3.767179751124425,cuSPARSE 12.8.6,CUDA,13040,13000,2026-10-07T18:25:25.197067+00:00,derived,csr-alg2,0,0,,,,5,20,4,true
3,A100-SXM4-80GB-suitesparse_all-fp64-n64-row-major-cuSPARSE-SpMM-CSR-solve-only,cuSPARSE-SpMM-CSR-best-solve-only,cuSPARSE CUDA 13.4.1 CSR PER MATRIX BEST,per-matrix-best,cuSPARSE-SpMM-CSR,best,solve-only,"csr-alg1,csr-alg2,csr-alg3,csr-default",manual-selection,csr,CUSPARSE_SPMM_CSR_ALG3,library-preprocess,spmm.csr.fp64,fp64,A100-SXM4-80GB,A100-SXM4-80GB,,9700.0,1cb4d392-df77-5092-a407-ab8ee1286933,suitesparse_all,Szczerba/Ill_Stokes,Ill_Stokes,20896,20896,191368,64,row-major,N,N,1.0,0.0,20260922,main,pass,pass,0,0,24495104.0,0.15238,0.056627202034,0.209007202034,0.064246202034,432.5677963974398,117.19741598193966,381.26929257291886,4.459461818530308,1.2082207833189655,3.9306112636383386,cuSPARSE 12.8.6,CUDA,13040,13000,2026-10-08T01:09:59.872346+00:00,derived,csr-alg3,0,0,,,,5,20,4,true
3,A100-SXM4-80GB-suitesparse_all-fp64-n64-row-major-cuSPARSE-SpMM-CSR-solve-only,cuSPARSE-SpMM-CSR-best-solve-only,cuSPARSE CUDA 13.4.1 CSR PER MATRIX BEST,per-matrix-best,cuSPARSE-SpMM-CSR,best,solve-only,"csr-alg1,csr-alg2,csr-alg3,csr-default",manual-selection,csr,CUSPARSE_SPMM_CSR_ALG3,library-preprocess,spmm.csr.fp64,fp64,A100-SXM4-80GB,A100-SXM4-80GB,,9700.0,0edb0287-e1df-52fd-b14b-f9e504b96222,suitesparse_all,TKK/cyl6,cyl6,13681,13681,714241,64,row-major,N,N,1.0,0.0,20260922,main,pass,pass,0,0,91422848.0,0.12732,0.0707584023476,0.198078402348,0.0771244023476,1292.042287089611,461.5487954076943,1185.3945731463416,13.320023578243411,4.758235004203034,12.220562609756099,cuSPARSE 12.8.6,CUDA,13040,13000,2026-10-07T20:36:41.522380+00:00,derived,csr-alg3,0,0,,,,5,20,4,true
3,A100-SXM4-80GB-suitesparse_all-fp64-n64-row-major-cuSPARSE-SpMM-CSR-solve-only,cuSPARSE-SpMM-CSR-best-solve-only,cuSPARSE CUDA 13.4.1 CSR PER MATRIX BEST,per-matrix-best,cuSPARSE-SpMM-CSR,best,solve-only,"csr-alg1,csr-alg2,csr-alg3,csr-default",manual-selection,csr,CUSPARSE_SPMM_CSR_ALG2,library-preprocess,spmm.csr.fp64,fp64,A100-SXM4-80GB,A100-SXM4-80GB,,9700.0,1cb4d392-df77-5092-a407-ab8ee1286933,suitesparse_all,TKK/engine,engine,143571,143571,4706073,64,row-major,N,N,1.0,0.0,20260922,main,pass,pass,0,0,602377344.0,0.12124,0.829900836945,0.951140836945,0.835962836945,725.8425551388151,633.3208717384013,720.5790944025325,7.482912939575413,6.529081151942282,7.428650457758066,cuSPARSE 12.8.6,CUDA,13040,13000,2026-10-07T23:07:29.699226+00:00,derived,csr-alg2,0,0,,,,5,20,4,true
3,A100-SXM4-80GB-suitesparse_all-fp64-n64-row-major-cuSPARSE-SpMM-CSR-solve-only,cuSPARSE-SpMM-CSR-best-solve-only,cuSPARSE CUDA 13.4.1 CSR PER MATRIX BEST,per-matrix-best,cuSPARSE-SpMM-CSR,best,solve-only,"csr-alg1,csr-alg2,csr-alg3,csr-default",manual-selection,csr,CUSPARSE_SPMM_CSR_ALG3,library-preprocess,spmm.csr.fp64,fp64,A100-SXM4-80GB,A100-SXM4-80GB,,9700.0,df7f742d-c1c4-51c9-b7da-d151d8293f2c,suitesparse_all,TKK/plbuckle,plbuckle,1282,1282,30644,64,row-major,N,N,1.0,0.0,20260922,main,pass,pass,0,0,3922432.0,0.05201,0.0108543999493,0.0628643999493,0.0134548999493,361.3679262162214,62.39512352242975,291.5244271440359,3.725442538311561,0.6432486961075232,3.005406465402432,cuSPARSE 12.8.6,CUDA,13040,13000,2026-10-08T23:11:37.236709+00:00,derived,csr-alg3,0,0,,,,5,20,4,true
3,A100-SXM4-80GB-suitesparse_all-fp64-n64-row-major-cuSPARSE-SpMM-CSR-solve-only,cuSPARSE-SpMM-CSR-best-solve-only,cuSPARSE CUDA 13.4.1 CSR PER MATRIX BEST,per-matrix-best,cuSPARSE-SpMM-CSR,best,solve-only,"csr-alg1,csr-alg2,csr-alg3,csr-default",manual-selection,csr,CUSPARSE_SPMM_CSR_ALG3,library-preprocess,spmm.csr.fp64,fp64,A100-SXM4-80GB,A100-SXM4-80GB,,9700.0,df7f742d-c1c4-51c9-b7da-d151d8293f2c,suitesparse_all,TOKAMAK/utm1700b,utm1700b,1700,1700,21509,64,row-major,N,N,1.0,0.0,20260922,main,pass,pass,0,0,2753152.0,0.08759,0.00958560034633,0.0971756003463,0.0139651003463,287.21748252878996,28.33172103067771,197.14516413979345,2.9610049745236076,0.2920795982544094,2.03242437257519,cuSPARSE 12.8.6,CUDA,13040,13000,2026-10-08T22:49:14.370771+00:00,derived,csr-alg3,0,0,,,,5,20,4,true
3,A100-SXM4-80GB-suitesparse_all-fp64-n64-row-major-cuSPARSE-SpMM-CSR-solve-only,cuSPARSE-SpMM-CSR-best-solve-only,cuSPARSE CUDA 13.4.1 CSR PER MATRIX BEST,per-matrix-best,cuSPARSE-SpMM-CSR,best,solve-only,"csr-alg1,csr-alg2,csr-alg3,csr-default",manual-selection,csr,CUSPARSE_SPMM_CSR_ALG3,library-preprocess,spmm.csr.fp64,fp64,A100-SXM4-80GB,A100-SXM4-80GB,,9700.0,0edb0287-e1df-52fd-b14b-f9e504b96222,suitesparse_all,TOKAMAK/utm3060,utm3060,3060,3060,42211,64,row-major,N,N,1.0,0.0,20260922,main,pass,pass,0,0,5403008.0,0.05588,0.0130048006773,0.0688848006773,0.0157988006773,415.4625767875859,78.4354160406315,341.98849079494613,4.283119348325628,0.8086125365013556,3.5256545442777956,cuSPARSE 12.8.6,CUDA,13040,13000,2026-10-07T20:03:41.352940+00:00,derived,csr-alg3,0,0,,,,5,20,4,true
3,A100-SXM4-80GB-suitesparse_all-fp64-n64-row-major-cuSPARSE-SpMM-CSR-solve-only,cuSPARSE-SpMM-CSR-best-solve-only,cuSPARSE CUDA 13.4.1 CSR PER MATRIX BEST,per-matrix-best,cuSPARSE-SpMM-CSR,best,solve-only,"csr-alg1,csr-alg2,csr-alg3,csr-default",manual-selection,csr,CUSPARSE_SPMM_CSR_ALG2,library-preprocess,spmm.csr.fp64,fp64,A100-SXM4-80GB,A100-SXM4-80GB,,9700.0,1cb4d392-df77-5092-a407-ab8ee1286933,suitesparse_all,Tromble/language,language,399130,399130,1216334,64,row-major,N,N,1.0,0.0,20260922,main,pass,pass,0,0,155690752.0,0.29959,0.577536010742,0.877126010742,0.592515510742,269.5775659079223,177.50100908339755,262.7623229728287,2.779150163999199,1.8299073101381191,2.708889927554935,cuSPARSE 12.8.6,CUDA,13040,13000,2026-10-07T22:52:21.619987+00:00,derived,csr-alg2,0,0,,,,5,20,4,true
3,A100-SXM4-80GB-suitesparse_all-fp64-n64-row-major-cuSPARSE-SpMM-CSR-solve-only,cuSPARSE-SpMM-CSR-best-solve-only,cuSPARSE CUDA 13.4.1 CSR PER MATRIX BEST,per-matrix-best,cuSPARSE-SpMM-CSR,best,solve-only,"csr-alg1,csr-alg2,csr-alg3,csr-default",manual-selection,csr,CUSPARSE_SPMM_CSR_ALG3,library-preprocess,spmm.csr.fp64,fp64,A100-SXM4-80GB,A100-SXM4-80GB,,9700.0,1cb4d392-df77-5092-a407-ab8ee1286933,suitesparse_all,TSOPF/TSOPF_FS_b162_c3,TSOPF_FS_b162_c3,30798,30798,1801300,64,row-major,N,N,1.0,0.0,20260922,main,pass,pass,0,0,230566400.0,0.22267,0.239257597923,0.461927597923,0.250391097923,963.6743075310943,499.13969426532026,920.825068912408,9.934786675578291,5.145770043972374,9.493041947550598,cuSPARSE 12.8.6,CUDA,13040,13000,2026-10-08T01:17:16.965592+00:00,derived,csr-alg3,0,0,,,,5,20,4,true
3,A100-SXM4-80GB-suitesparse_all-fp64-n64-row-major-cuSPARSE-SpMM-CSR-solve-only,cuSPARSE-SpMM-CSR-best-solve-only,cuSPARSE CUDA 13.4.1 CSR PER MATRIX BEST,per-matrix-best,cuSPARSE-SpMM-CSR,best,solve-only,"csr-alg1,csr-alg2,csr-alg3,csr-default",manual-selection,csr,CUSPARSE_SPMM_CSR_ALG3,library-preprocess,spmm.csr.fp64,fp64,A100-SXM4-80GB,A100-SXM4-80GB,,9700.0,df7f742d-c1c4-51c9-b7da-d151d8293f2c,suitesparse_all,TSOPF/TSOPF_FS_b162_c4,TSOPF_FS_b162_c4,40798,40798,2398220,64,row-major,N,N,1.0,0.0,20260922,main,pass,pass,0,0,306972160.0,0.15894,0.316006398201,0.474946398201,0.323953398201,971.4112174549907,646.3301146460904,947.5812314508773,10.014548633556606,6.663197058207117,9.768878674751313,cuSPARSE 12.8.6,CUDA,13040,13000,2026-10-08T23:15:12.248711+00:00,derived,csr-alg3,0,0,,,,5,20,4,true
3,A100-SXM4-80GB-suitesparse_all-fp64-n64-row-major-cuSPARSE-SpMM-CSR-solve-only,cuSPARSE-SpMM-CSR-best-solve-only,cuSPARSE CUDA 13.4.1 CSR PER MATRIX BEST,per-matrix-best,cuSPARSE-SpMM-CSR,best,solve-only,"csr-alg1,csr-alg2,csr-alg3,csr-default",manual-selection,csr,CUSPARSE_SPMM_CSR_ALG3,library-preprocess,spmm.csr.fp64,fp64,A100-SXM4-80GB,A100-SXM4-80GB,,9700.0,0edb0287-e1df-52fd-b14b-f9e504b96222,suitesparse_all,TSOPF/TSOPF_FS_b300_c2,TSOPF_FS_b300_c2,56814,56814,8767466,64,row-major,N,N,1.0,0.0,20260922,main,pass,pass,0,0,1122235648.0,0.23017,1.00761604309,1.23778604309,1.01912454309,1113.7532552166422,906.6475214072209,1101.176157133225,11.481992321821053,9.346881663991969,11.35233151683737,cuSPARSE 12.8.6,CUDA,13040,13000,2026-10-07T20:41:14.301958+00:00,derived,csr-alg3,0,0,,,,5,20,4,true
3,A100-SXM4-80GB-suitesparse_all-fp64-n64-row-major-cuSPARSE-SpMM-CSR-solve-only,cuSPARSE-SpMM-CSR-best-solve-only,cuSPARSE CUDA 13.4.1 CSR PER MATRIX BEST,per-matrix-best,cuSPARSE-SpMM-CSR,best,solve-only,"csr-alg1,csr-alg2,csr-alg3,csr-default",manual-selection,csr,CUSPARSE_SPMM_CSR_ALG2,library-preprocess,spmm.csr.fp64,fp64,A100-SXM4-80GB,A100-SXM4-80GB,,9700.0,1cb4d392-df77-5092-a407-ab8ee1286933,suitesparse_all,TSOPF/TSOPF_FS_b9_c1,TSOPF_FS_b9_c1,2454,2454,25032,64,row-major,N,N,1.0,0.0,20260922,main,pass,pass,0,0,3204096.0,0.03362,0.0185855999589,0.0522055999589,0.0202665999589,172.39669459611227,61.37456522906536,158.09736248299177,1.7772855113001265,0.6327274765883028,1.6298697163195028,cuSPARSE 12.8.6,CUDA,13040,13000,2026-10-07T23:10:15.119633+00:00,derived,csr-alg2,0,0,,,,5,20,4,true
3,A100-SXM4-80GB-suitesparse_all-fp64-n64-row-major-cuSPARSE-SpMM-CSR-solve-only,cuSPARSE-SpMM-CSR-best-solve-only,cuSPARSE CUDA 13.4.1 CSR PER MATRIX BEST,per-matrix-best,cuSPARSE-SpMM-CSR,best,solve-only,"csr-alg1,csr-alg2,csr-alg3,csr-default",manual-selection,csr,CUSPARSE_SPMM_CSR_ALG3,library-preprocess,spmm.csr.fp64,fp64,A100-SXM4-80GB,A100-SXM4-80GB,,9700.0,df7f742d-c1c4-51c9-b7da-d151d8293f2c,suitesparse_all,TSOPF/TSOPF_FS_b9_c6,TSOPF_FS_b9_c6,14454,14454,147972,64,row-major,N,N,1.0,0.0,20260922,main,pass,pass,0,0,18940416.0,0.14239,0.0351231992245,0.177513199224,0.0422426992245,539.256571673238,106.69863470884499,448.37134813144,5.559346099724103,1.0999859248334536,4.622385032282886,cuSPARSE 12.8.6,CUDA,13040,13000,2026-10-08T23:15:13.323341+00:00,derived,csr-alg3,0,0,,,,5,20,4,true
3,A100-SXM4-80GB-suitesparse_all-fp64-n64-row-major-cuSPARSE-SpMM-CSR-solve-only,cuSPARSE-SpMM-CSR-best-solve-only,cuSPARSE CUDA 13.4.1 CSR PER MATRIX BEST,per-matrix-best,cuSPARSE-SpMM-CSR,best,solve-only,"csr-alg1,csr-alg2,csr-alg3,csr-default",manual-selection,csr,CUSPARSE_SPMM_CSR_ALG2,library-preprocess,spmm.csr.fp64,fp64,A100-SXM4-80GB,A100-SXM4-80GB,,9700.0,0edb0287-e1df-52fd-b14b-f9e504b96222,suitesparse_all,TSOPF/TSOPF_RS_b162_c3,TSOPF_RS_b162_c3,15374,15374,610299,64,row-major,N,N,1.0,0.0,20260922,main,pass,pass,0,0,78118272.0,0.04331,0.0757247984409,0.119034798441,0.0778902984409,1031.6075263107898,656.264159918913,1002.9268543536649,10.635129137224638,6.765609896071269,10.339452106738815,cuSPARSE 12.8.6,CUDA,13040,13000,2026-10-07T18:23:54.428079+00:00,derived,csr-alg2,0,0,,,,5,20,4,true
3,A100-SXM4-80GB-suitesparse_all-fp64-n64-row-major-cuSPARSE-SpMM-CSR-solve-only,cuSPARSE-SpMM-CSR-best-solve-only,cuSPARSE CUDA 13.4.1 CSR PER MATRIX BEST,per-matrix-best,cuSPARSE-SpMM-CSR,best,solve-only,"csr-alg1,csr-alg2,csr-alg3,csr-default",manual-selection,csr,CUSPARSE_SPMM_CSR_ALG3,library-preprocess,spmm.csr.fp64,fp64,A100-SXM4-80GB,A100-SXM4-80GB,,9700.0,1cb4d392-df77-5092-a407-ab8ee1286933,suitesparse_all,TSOPF/TSOPF_RS_b300_c2,TSOPF_RS_b300_c2,28338,28338,2943887,64,row-major,N,N,1.0,0.0,20260922,main,pass,pass,0,0,376817536.0,0.15616,0.330393600464,0.486553600464,0.338201600464,1140.5110010327164,774.4625374072855,1114.1802270687672,11.757845371471303,7.9841498701782,11.486394093492445,cuSPARSE 12.8.6,CUDA,13040,13000,2026-10-08T01:17:25.369955+00:00,derived,csr-alg3,0,0,,,,5,20,4,true
3,A100-SXM4-80GB-suitesparse_all-fp64-n64-row-major-cuSPARSE-SpMM-CSR-solve-only,cuSPARSE-SpMM-CSR-best-solve-only,cuSPARSE CUDA 13.4.1 CSR PER MATRIX BEST,per-matrix-best,cuSPARSE-SpMM-CSR,best,solve-only,"csr-alg1,csr-alg2,csr-alg3,csr-default",manual-selection,csr,CUSPARSE_SPMM_CSR_ALG3,library-preprocess,spmm.csr.fp64,fp64,A100-SXM4-80GB,A100-SXM4-80GB,,9700.0,df7f742d-c1c4-51c9-b7da-d151d8293f2c,suitesparse_all,TSOPF/TSOPF_RS_b300_c3,TSOPF_RS_b300_c3,42138,42138,4413449,64,row-major,N,N,1.0,0.0,20260922,main,pass,pass,0,0,564921472.0,0.13917,0.49008641243,0.62925641243,0.49704491243,1152.697682841164,897.7603737376984,1136.5602139214316,11.883481266403752,9.255261584924726,11.717115607437439,cuSPARSE 12.8.6,CUDA,13040,13000,2026-10-08T23:15:25.685765+00:00,derived,csr-alg3,0,0,,,,5,20,4,true
3,A100-SXM4-80GB-suitesparse_all-fp64-n64-row-major-cuSPARSE-SpMM-CSR-solve-only,cuSPARSE-SpMM-CSR-best-solve-only,cuSPARSE CUDA 13.4.1 CSR PER MATRIX BEST,per-matrix-best,cuSPARSE-SpMM-CSR,best,solve-only,"csr-alg1,csr-alg2,csr-alg3,csr-default",manual-selection,csr,CUSPARSE_SPMM_CSR_ALG2,library-preprocess,spmm.csr.fp64,fp64,A100-SXM4-80GB,A100-SXM4-80GB,,9700.0,0edb0287-e1df-52fd-b14b-f9e504b96222,suitesparse_all,TSOPF/TSOPF_RS_b39_c30,TSOPF_RS_b39_c30,60098,60098,1079986,64,row-major,N,N,1.0,0.0,20260922,main,pass,pass,0,0,138238208.0,0.07448,0.209766411781,0.284246411781,0.213490411781,659.0102143918218,486.332288713311,647.5148314473521,6.793919735998164,5.013734935188773,6.675410633477856,cuSPARSE 12.8.6,CUDA,13040,13000,2026-10-07T18:23:58.502388+00:00,derived,csr-alg2,0,0,,,,5,20,4,true
3,A100-SXM4-80GB-suitesparse_all-fp64-n64-row-major-cuSPARSE-SpMM-CSR-solve-only,cuSPARSE-SpMM-CSR-best-solve-only,cuSPARSE CUDA 13.4.1 CSR PER MATRIX BEST,per-matrix-best,cuSPARSE-SpMM-CSR,best,solve-only,"csr-alg1,csr-alg2,csr-alg3,csr-default",manual-selection,csr,CUSPARSE_SPMM_CSR_ALG2,library-preprocess,spmm.csr.fp64,fp64,A100-SXM4-80GB,A100-SXM4-80GB,,9700.0,df7f742d-c1c4-51c9-b7da-d151d8293f2c,suitesparse_all,Um/2cubes_sphere,2cubes_sphere,101492,101492,1647264,64,row-major,N,N,1.0,0.0,20260922,main,pass,pass,0,0,210849792.0,0.0805,0.348979210854,0.429479210854,0.353004210854,604.1901220534645,490.94295293300627,597.3010675705677,6.228764144881077,5.061267556010374,6.157742964645029,cuSPARSE 12.8.6,CUDA,13040,13000,2026-10-08T20:36:35.866285+00:00,derived,csr-alg2,0,0,,,,5,20,4,true
3,A100-SXM4-80GB-suitesparse_all-fp64-n64-row-major-cuSPARSE-SpMM-CSR-solve-only,cuSPARSE-SpMM-CSR-best-solve-only,cuSPARSE CUDA 13.4.1 CSR PER MATRIX BEST,per-matrix-best,cuSPARSE-SpMM-CSR,best,solve-only,"csr-alg1,csr-alg2,csr-alg3,csr-default",manual-selection,csr,CUSPARSE_SPMM_CSR_ALG3,library-preprocess,spmm.csr.fp64,fp64,A100-SXM4-80GB,A100-SXM4-80GB,,9700.0,df7f742d-c1c4-51c9-b7da-d151d8293f2c,suitesparse_all,UTEP/Dubcova1,Dubcova1,16129,16129,253009,64,row-major,N,N,1.0,0.0,20260922,main,pass,pass,0,0,32385152.0,0.13941,0.0421375989914,0.181547598991,0.0491080989914,768.557126537029,178.3838077726682,659.4666188498034,7.923269345742567,1.8390083275532807,6.798624936595911,cuSPARSE 12.8.6,CUDA,13040,13000,2026-10-08T23:00:03.140328+00:00,derived,csr-alg3,0,0,,,,5,20,4,true
3,A100-SXM4-80GB-suitesparse_all-fp64-n64-row-major-cuSPARSE-SpMM-CSR-solve-only,cuSPARSE-SpMM-CSR-best-solve-only,cuSPARSE CUDA 13.4.1 CSR PER MATRIX BEST,per-matrix-best,cuSPARSE-SpMM-CSR,best,solve-only,"csr-alg1,csr-alg2,csr-alg3,csr-default",manual-selection,csr,CUSPARSE_SPMM_CSR_ALG2,library-preprocess,spmm.csr.fp64,fp64,A100-SXM4-80GB,A100-SXM4-80GB,,9700.0,0edb0287-e1df-52fd-b14b-f9e504b96222,suitesparse_all,UTEP/Dubcova3,Dubcova3,146689,146689,3636649,64,row-major,N,N,1.0,0.0,20260922,main,pass,pass,0,0,465491072.0,0.07632,0.695398378372,0.771718378372,0.699214378372,669.3876294186406,603.1877496321775,665.7344105019918,6.90090339606846,6.21843040857915,6.8632413453813585,cuSPARSE 12.8.6,CUDA,13040,13000,2026-10-07T17:57:27.850540+00:00,derived,csr-alg2,0,0,,,,5,20,4,true
3,A100-SXM4-80GB-suitesparse_all-fp64-n64-row-major-cuSPARSE-SpMM-CSR-solve-only,cuSPARSE-SpMM-CSR-best-solve-only,cuSPARSE CUDA 13.4.1 CSR PER MATRIX BEST,per-matrix-best,cuSPARSE-SpMM-CSR,best,solve-only,"csr-alg1,csr-alg2,csr-alg3,csr-default",manual-selection,csr,CUSPARSE_SPMM_CSR_ALG3,library-preprocess,spmm.csr.fp64,fp64,A100-SXM4-80GB,A100-SXM4-80GB,,9700.0,df7f742d-c1c4-51c9-b7da-d151d8293f2c,suitesparse_all,vanHeukelum/cage10,cage10,11397,11397,150645,64,row-major,N,N,1.0,0.0,20260922,main,pass,pass,0,0,19282560.0,0.139901,0.0313856005669,0.171286600567,0.0383806505669,614.3760084787367,112.57483034965998,502.4031566736793,6.333773283285946,1.1605652613367008,5.1794139863265904,cuSPARSE 12.8.6,CUDA,13040,13000,2026-10-08T22:50:22.723460+00:00,derived,csr-alg3,0,0,,,,5,20,4,true
3,A100-SXM4-80GB-suitesparse_all-fp64-n64-row-major-cuSPARSE-SpMM-CSR-solve-only,cuSPARSE-SpMM-CSR-best-solve-only,cuSPARSE CUDA 13.4.1 CSR PER MATRIX BEST,per-matrix-best,cuSPARSE-SpMM-CSR,best,solve-only,"csr-alg1,csr-alg2,csr-alg3,csr-default",manual-selection,csr,CUSPARSE_SPMM_CSR_ALG2,library-preprocess,spmm.csr.fp64,fp64,A100-SXM4-80GB,A100-SXM4-80GB,,9700.0,0edb0287-e1df-52fd-b14b-f9e504b96222,suitesparse_all,vanHeukelum/cage12,cage12,130228,130228,2032536,64,row-major,N,N,1.0,0.0,20260922,main,pass,pass,0,0,260164608.0,0.104571,0.481484794617,0.586055794617,0.486713344617,540.3381600180116,443.92464060529113,534.5335419244079,5.570496495031048,4.576542686652486,5.510655071385648,cuSPARSE 12.8.6,CUDA,13040,13000,2026-10-07T17:48:30.944377+00:00,derived,csr-alg2,0,0,,,,5,20,4,true
3,A100-SXM4-80GB-suitesparse_all-fp64-n64-row-major-cuSPARSE-SpMM-CSR-solve-only,cuSPARSE-SpMM-CSR-best-solve-only,cuSPARSE CUDA 13.4.1 CSR PER MATRIX BEST,per-matrix-best,cuSPARSE-SpMM-CSR,best,solve-only,"csr-alg1,csr-alg2,csr-alg3,csr-default",manual-selection,csr,CUSPARSE_SPMM_CSR_ALG3,library-preprocess,spmm.csr.fp64,fp64,A100-SXM4-80GB,A100-SXM4-80GB,,9700.0,0edb0287-e1df-52fd-b14b-f9e504b96222,suitesparse_all,vanHeukelum/cage4,cage4,9,9,49,64,row-major,N,N,1.0,0.0,20260922,main,pass,pass,0,0,6272.0,0.0578,0.00552960000932,0.0633296000093,0.00841960000932,1.134259257347494,0.09903741692792867,0.7449284993416868,0.01169339440564427,0.0010210042982260687,0.007679675250945225,cuSPARSE 12.8.6,CUDA,13040,13000,2026-10-07T20:04:11.856200+00:00,derived,csr-alg3,0,0,,,,5,20,4,true
3,A100-SXM4-80GB-suitesparse_all-fp64-n64-row-major-cuSPARSE-SpMM-CSR-solve-only,cuSPARSE-SpMM-CSR-best-solve-only,cuSPARSE CUDA 13.4.1 CSR PER MATRIX BEST,per-matrix-best,cuSPARSE-SpMM-CSR,best,solve-only,"csr-alg1,csr-alg2,csr-alg3,csr-default",manual-selection,csr,CUSPARSE_SPMM_CSR_ALG3,library-preprocess,spmm.csr.fp64,fp64,A100-SXM4-80GB,A100-SXM4-80GB,,9700.0,1cb4d392-df77-5092-a407-ab8ee1286933,suitesparse_all,vanHeukelum/cage9,cage9,3534,3534,41594,64,row-major,N,N,1.0,0.0,20260922,main,pass,pass,0,0,5324032.0,0.05578,0.013055999577,0.068835999577,0.015844999577,407.7843269372526,77.34371597298495,336.00707744594473,4.2039621333737385,0.7973578966287108,3.4639904891334505,cuSPARSE 12.8.6,CUDA,13040,13000,2026-10-08T00:57:31.293186+00:00,derived,csr-alg3,0,0,,,,5,20,4,true
3,A100-SXM4-80GB-suitesparse_all-fp64-n64-row-major-cuSPARSE-SpMM-CSR-solve-only,cuSPARSE-SpMM-CSR-best-solve-only,cuSPARSE CUDA 13.4.1 CSR PER MATRIX BEST,per-matrix-best,cuSPARSE-SpMM-CSR,best,solve-only,"csr-alg1,csr-alg2,csr-alg3,csr-default",manual-selection,csr,CUSPARSE_SPMM_CSR_ALG2,library-preprocess,spmm.csr.fp64,fp64,A100-SXM4-80GB,A100-SXM4-80GB,,9700.0,1cb4d392-df77-5092-a407-ab8ee1286933,suitesparse_all,VanVelzen/std1_Jac2,std1_Jac2,21982,21982,1248731,64,row-major,N,N,1.0,0.0,20260922,main,pass,pass,0,0,159837568.0,0.092971,0.221491193771,0.314462193771,0.226139743771,721.6429930178455,508.2886628858098,706.8088312767314,7.439618484720056,5.240089308101132,7.286688982234344,cuSPARSE 12.8.6,CUDA,13040,13000,2026-10-07T22:54:03.783083+00:00,derived,csr-alg2,0,0,,,,5,20,4,true
3,A100-SXM4-80GB-suitesparse_all-fp64-n64-row-major-cuSPARSE-SpMM-CSR-solve-only,cuSPARSE-SpMM-CSR-best-solve-only,cuSPARSE CUDA 13.4.1 CSR PER MATRIX BEST,per-matrix-best,cuSPARSE-SpMM-CSR,best,solve-only,"csr-alg1,csr-alg2,csr-alg3,csr-default",manual-selection,csr,CUSPARSE_SPMM_CSR_ALG3,library-preprocess,spmm.csr.fp64,fp64,A100-SXM4-80GB,A100-SXM4-80GB,,9700.0,df7f742d-c1c4-51c9-b7da-d151d8293f2c,suitesparse_all,VanVelzen/std1_Jac3_db,std1_Jac3_db,21982,21982,531826,64,row-major,N,N,1.0,0.0,20260922,main,pass,pass,0,0,68073728.0,0.143,0.101171195507,0.244171195507,0.108321195507,672.8568112580028,278.79508006114685,628.4432855580965,6.936668157298999,2.8741760831046066,6.478796758330891,cuSPARSE 12.8.6,CUDA,13040,13000,2026-10-08T22:53:18.237480+00:00,derived,csr-alg3,0,0,,,,5,20,4,true
3,A100-SXM4-80GB-suitesparse_all-fp64-n64-row-major-cuSPARSE-SpMM-CSR-solve-only,cuSPARSE-SpMM-CSR-best-solve-only,cuSPARSE CUDA 13.4.1 CSR PER MATRIX BEST,per-matrix-best,cuSPARSE-SpMM-CSR,best,solve-only,"csr-alg1,csr-alg2,csr-alg3,csr-default",manual-selection,csr,CUSPARSE_SPMM_CSR_ALG3,library-preprocess,spmm.csr.fp64,fp64,A100-SXM4-80GB,A100-SXM4-80GB,,9700.0,0edb0287-e1df-52fd-b14b-f9e504b96222,suitesparse_all,VanVelzen/Zd_Jac2_db,Zd_Jac2_db,22835,22835,676439,64,row-major,N,N,1.0,0.0,20260922,main,pass,pass,0,0,86584192.0,0.12241,0.120422399044,0.242832399044,0.126542899044,719.0040448236198,356.5594720509737,684.2279784493792,7.412412833233193,3.675870845886327,7.053896685045147,cuSPARSE 12.8.6,CUDA,13040,13000,2026-10-07T20:09:26.288876+00:00,derived,csr-alg3,0,0,,,,5,20,4,true
3,A100-SXM4-80GB-suitesparse_all-fp64-n64-row-major-cuSPARSE-SpMM-CSR-solve-only,cuSPARSE-SpMM-CSR-best-solve-only,cuSPARSE CUDA 13.4.1 CSR PER MATRIX BEST,per-matrix-best,cuSPARSE-SpMM-CSR,best,solve-only,"csr-alg1,csr-alg2,csr-alg3,csr-default",manual-selection,csr,CUSPARSE_SPMM_CSR_ALG3,library-preprocess,spmm.csr.fp64,fp64,A100-SXM4-80GB,A100-SXM4-80GB,,9700.0,1cb4d392-df77-5092-a407-ab8ee1286933,suitesparse_all,VanVelzen/Zd_Jac6,Zd_Jac6,22835,22835,1711983,64,row-major,N,N,1.0,0.0,20260922,main,pass,pass,0,0,219133824.0,0.30313,0.287641596794,0.590771596794,0.302798096794,761.8293961736588,370.92816443646865,723.6961735234465,7.853911300759369,3.8240016952213263,7.46078529405615,cuSPARSE 12.8.6,CUDA,13040,13000,2026-10-08T01:01:07.626957+00:00,derived,csr-alg3,0,0,,,,5,20,4,true
3,A100-SXM4-80GB-suitesparse_all-fp64-n64-row-major-cuSPARSE-SpMM-CSR-solve-only,cuSPARSE-SpMM-CSR-best-solve-only,cuSPARSE CUDA 13.4.1 CSR PER MATRIX BEST,per-matrix-best,cuSPARSE-SpMM-CSR,best,solve-only,"csr-alg1,csr-alg2,csr-alg3,csr-default",manual-selection,csr,CUSPARSE_SPMM_CSR_ALG1,library-preprocess,spmm.csr.fp64,fp64,A100-SXM4-80GB,A100-SXM4-80GB,,9700.0,0edb0287-e1df-52fd-b14b-f9e504b96222,suitesparse_all,VDOL/dynamicSoaringProblem_1,dynamicSoaringProblem_1,647,647,5367,64,row-major,N,N,1.0,0.0,20260922,main,pass,pass,0,0,686976.0,0.02744,0.0210943996906,0.0485343996906,0.0224663996906,32.56674805048505,14.154414278931556,30.577930129473863,0.33573967062355725,0.14592179669001604,0.3152363930873594,cuSPARSE 12.8.6,CUDA,13040,13000,2026-10-07T16:58:57.746684+00:00,derived,csr-alg1,0,0,,,,5,20,4,true
3,A100-SXM4-80GB-suitesparse_all-fp64-n64-row-major-cuSPARSE-SpMM-CSR-solve-only,cuSPARSE-SpMM-CSR-best-solve-only,cuSPARSE CUDA 13.4.1 CSR PER MATRIX BEST,per-matrix-best,cuSPARSE-SpMM-CSR,best,solve-only,"csr-alg1,csr-alg2,csr-alg3,csr-default",manual-selection,csr,CUSPARSE_SPMM_CSR_ALG3,library-preprocess,spmm.csr.fp64,fp64,A100-SXM4-80GB,A100-SXM4-80GB,,9700.0,1cb4d392-df77-5092-a407-ab8ee1286933,suitesparse_all,VDOL/dynamicSoaringProblem_6,dynamicSoaringProblem_6,3431,3431,36741,64,row-major,N,N,1.0,0.0,20260922,main,pass,pass,0,0,4702848.0,2.176391,0.0141552001238,2.19054620012,0.122974750124,332.2346529098388,2.146883731437563,38.242387118151846,3.4250995145344207,0.02213282197358312,0.3942514135891943,cuSPARSE 12.8.6,CUDA,13040,13000,2026-10-08T02:10:35.937210+00:00,derived,csr-alg3,0,0,,,,5,20,4,true
3,A100-SXM4-80GB-suitesparse_all-fp64-n64-row-major-cuSPARSE-SpMM-CSR-solve-only,cuSPARSE-SpMM-CSR-best-solve-only,cuSPARSE CUDA 13.4.1 CSR PER MATRIX BEST,per-matrix-best,cuSPARSE-SpMM-CSR,best,solve-only,"csr-alg1,csr-alg2,csr-alg3,csr-default",manual-selection,csr,CUSPARSE_SPMM_CSR_ALG3,library-preprocess,spmm.csr.fp64,fp64,A100-SXM4-80GB,A100-SXM4-80GB,,9700.0,df7f742d-c1c4-51c9-b7da-d151d8293f2c,suitesparse_all,VDOL/dynamicSoaringProblem_7,dynamicSoaringProblem_7,3511,3511,37680,64,row-major,N,N,1.0,0.0,20260922,main,pass,pass,0,0,4823040.0,0.06034,0.0141312003136,0.0744712003136,0.0171482003136,341.30434025185116,64.76382789172276,281.2563366299678,3.518601445895373,0.667668328780647,2.8995498621646165,cuSPARSE 12.8.6,CUDA,13040,13000,2026-10-09T00:22:01.684782+00:00,derived,csr-alg3,0,0,,,,5,20,4,true
3,A100-SXM4-80GB-suitesparse_all-fp64-n64-row-major-cuSPARSE-SpMM-CSR-solve-only,cuSPARSE-SpMM-CSR-best-solve-only,cuSPARSE CUDA 13.4.1 CSR PER MATRIX BEST,per-matrix-best,cuSPARSE-SpMM-CSR,best,solve-only,"csr-alg1,csr-alg2,csr-alg3,csr-default",manual-selection,csr,CUSPARSE_SPMM_CSR_ALG3,library-preprocess,spmm.csr.fp64,fp64,A100-SXM4-80GB,A100-SXM4-80GB,,9700.0,0edb0287-e1df-52fd-b14b-f9e504b96222,suitesparse_all,VDOL/freeFlyingRobot_1,freeFlyingRobot_1,798,798,5246,64,row-major,N,N,1.0,0.0,20260922,main,pass,pass,0,0,671488.0,0.06017,0.0196608006954,0.0798308006954,0.0226693006954,34.15364462532326,8.41139001676946,29.621028412943357,0.3520994291270439,0.0867153609976233,0.30537142693756036,cuSPARSE 12.8.6,CUDA,13040,13000,2026-10-07T21:30:40.263890+00:00,derived,csr-alg3,0,0,,,,5,20,4,true
3,A100-SXM4-80GB-suitesparse_all-fp64-n64-row-major-cuSPARSE-SpMM-CSR-solve-only,cuSPARSE-SpMM-CSR-best-solve-only,cuSPARSE CUDA 13.4.1 CSR PER MATRIX BEST,per-matrix-best,cuSPARSE-SpMM-CSR,best,solve-only,"csr-alg1,csr-alg2,csr-alg3,csr-default",manual-selection,csr,CUSPARSE_SPMM_CSR_ALG3,library-preprocess,spmm.csr.fp64,fp64,A100-SXM4-80GB,A100-SXM4-80GB,,9700.0,1cb4d392-df77-5092-a407-ab8ee1286933,suitesparse_all,VDOL/freeFlyingRobot_14,freeFlyingRobot_14,5958,5958,43298,64,row-major,N,N,1.0,0.0,20260922,main,pass,pass,0,0,5542144.0,2.078541,0.0138704001904,2.09241140019,0.11779745019,399.56626513457314,2.648687537974965,47.048081185635716,4.119239846748177,0.027306057092525413,0.4850317648003682,cuSPARSE 12.8.6,CUDA,13040,13000,2026-10-08T02:10:38.108793+00:00,derived,csr-alg3,0,0,,,,5,20,4,true
3,A100-SXM4-80GB-suitesparse_all-fp64-n64-row-major-cuSPARSE-SpMM-CSR-solve-only,cuSPARSE-SpMM-CSR-best-solve-only,cuSPARSE CUDA 13.4.1 CSR PER MATRIX BEST,per-matrix-best,cuSPARSE-SpMM-CSR,best,solve-only,"csr-alg1,csr-alg2,csr-alg3,csr-default",manual-selection,csr,CUSPARSE_SPMM_CSR_ALG3,library-preprocess,spmm.csr.fp64,fp64,A100-SXM4-80GB,A100-SXM4-80GB,,9700.0,df7f742d-c1c4-51c9-b7da-d151d8293f2c,suitesparse_all,VDOL/freeFlyingRobot_15,freeFlyingRobot_15,6038,6038,43378,64,row-major,N,N,1.0,0.0,20260922,main,pass,pass,0,0,5552384.0,0.06615,0.0167935997248,0.0829435997248,0.0201010997248,330.6250054180164,66.94168107512033,276.22289705620796,3.408505210495015,0.6901204234548488,2.8476587325382265,cuSPARSE 12.8.6,CUDA,13040,13000,2026-10-09T00:22:03.282834+00:00,derived,csr-alg3,0,0,,,,5,20,4,true
3,A100-SXM4-80GB-suitesparse_all-fp64-n64-row-major-cuSPARSE-SpMM-CSR-solve-only,cuSPARSE-SpMM-CSR-best-solve-only,cuSPARSE CUDA 13.4.1 CSR PER MATRIX BEST,per-matrix-best,cuSPARSE-SpMM-CSR,best,solve-only,"csr-alg1,csr-alg2,csr-alg3,csr-default",manual-selection,csr,CUSPARSE_SPMM_CSR_ALG3,library-preprocess,spmm.csr.fp64,fp64,A100-SXM4-80GB,A100-SXM4-80GB,,9700.0,1cb4d392-df77-5092-a407-ab8ee1286933,suitesparse_all,VDOL/freeFlyingRobot_6,freeFlyingRobot_6,3358,3358,27030,64,row-major,N,N,1.0,0.0,20260922,main,pass,pass,0,0,3459840.0,2.203551,0.0127471998334,2.21629819983,0.122924749833,271.4196094215598,1.561089568301497,28.145999928414593,2.7981403033150496,0.016093706889706152,0.29016494771561435,cuSPARSE 12.8.6,CUDA,13040,13000,2026-10-08T02:10:37.054931+00:00,derived,csr-alg3,0,0,,,,5,20,4,true
3,A100-SXM4-80GB-suitesparse_all-fp64-n64-row-major-cuSPARSE-SpMM-CSR-solve-only,cuSPARSE-SpMM-CSR-best-solve-only,cuSPARSE CUDA 13.4.1 CSR PER MATRIX BEST,per-matrix-best,cuSPARSE-SpMM-CSR,best,solve-only,"csr-alg1,csr-alg2,csr-alg3,csr-default",manual-selection,csr,CUSPARSE_SPMM_CSR_ALG3,library-preprocess,spmm.csr.fp64,fp64,A100-SXM4-80GB,A100-SXM4-80GB,,9700.0,df7f742d-c1c4-51c9-b7da-d151d8293f2c,suitesparse_all,VDOL/freeFlyingRobot_7,freeFlyingRobot_7,3918,3918,31046,64,row-major,N,N,1.0,0.0,20260922,main,pass,pass,0,0,3973888.0,0.05527,0.0133120000362,0.0685820000362,0.0160755000362,298.5192299574522,57.94360033102624,247.20151728103667,3.0775178346129093,0.5973567044435695,2.5484692503199655,cuSPARSE 12.8.6,CUDA,13040,13000,2026-10-09T00:22:02.382403+00:00,derived,csr-alg3,0,0,,,,5,20,4,true
3,A100-SXM4-80GB-suitesparse_all-fp64-n64-row-major-cuSPARSE-SpMM-CSR-solve-only,cuSPARSE-SpMM-CSR-best-solve-only,cuSPARSE CUDA 13.4.1 CSR PER MATRIX BEST,per-matrix-best,cuSPARSE-SpMM-CSR,best,solve-only,"csr-alg1,csr-alg2,csr-alg3,csr-default",manual-selection,csr,CUSPARSE_SPMM_CSR_ALG3,library-preprocess,spmm.csr.fp64,fp64,A100-SXM4-80GB,A100-SXM4-80GB,,9700.0,0edb0287-e1df-52fd-b14b-f9e504b96222,suitesparse_all,VDOL/freeFlyingRobot_9,freeFlyingRobot_9,4778,4778,39964,64,row-major,N,N,1.0,0.0,20260922,main,pass,pass,0,0,5115392.0,0.06271,0.0141824007034,0.0768924007034,0.0173179007034,360.6859026887929,66.52662621019985,295.38176061927084,3.7184113679257003,0.685841507321648,3.0451727898893903,cuSPARSE 12.8.6,CUDA,13040,13000,2026-10-07T21:30:41.470689+00:00,derived,csr-alg3,0,0,,,,5,20,4,true
3,A100-SXM4-80GB-suitesparse_all-fp64-n64-row-major-cuSPARSE-SpMM-CSR-solve-only,cuSPARSE-SpMM-CSR-best-solve-only,cuSPARSE CUDA 13.4.1 CSR PER MATRIX BEST,per-matrix-best,cuSPARSE-SpMM-CSR,best,solve-only,"csr-alg1,csr-alg2,csr-alg3,csr-default",manual-selection,csr,CUSPARSE_SPMM_CSR_ALG2,library-preprocess,spmm.csr.fp64,fp64,A100-SXM4-80GB,A100-SXM4-80GB,,9700.0,0edb0287-e1df-52fd-b14b-f9e504b96222,suitesparse_all,VDOL/goddardRocketProblem_1,goddardRocketProblem_1,831,831,8498,64,row-major,N,N,1.0,0.0,20260922,main,pass,pass,0,0,1087744.0,0.01975,0.0215552002192,0.0413052002192,0.0225427002192,50.46318238469002,26.33431127866513,48.2526045869851,0.5202389936565982,0.27148774514087765,0.4974495318245887,cuSPARSE 12.8.6,CUDA,13040,13000,2026-10-07T19:15:02.726078+00:00,derived,csr-alg2,0,0,,,,5,20,4,true
3,A100-SXM4-80GB-suitesparse_all-fp64-n64-row-major-cuSPARSE-SpMM-CSR-solve-only,cuSPARSE-SpMM-CSR-best-solve-only,cuSPARSE CUDA 13.4.1 CSR PER MATRIX BEST,per-matrix-best,cuSPARSE-SpMM-CSR,best,solve-only,"csr-alg1,csr-alg2,csr-alg3,csr-default",manual-selection,csr,CUSPARSE_SPMM_CSR_ALG2,library-preprocess,spmm.csr.fp64,fp64,A100-SXM4-80GB,A100-SXM4-80GB,,9700.0,1cb4d392-df77-5092-a407-ab8ee1286933,suitesparse_all,VDOL/hangGlider_4,hangGlider_4,15561,15561,149532,64,row-major,N,N,1.0,0.0,20260922,main,pass,pass,0,0,19140096.0,0.04231,0.0367103993893,0.0790203993893,0.0388258993893,521.3807618115637,242.21715086132207,492.9723792895524,5.375059400119214,2.4970840294981653,5.08218947721188,cuSPARSE 12.8.6,CUDA,13040,13000,2026-10-08T00:03:06.545731+00:00,derived,csr-alg2,0,0,,,,5,20,4,true
3,A100-SXM4-80GB-suitesparse_all-fp64-n64-row-major-cuSPARSE-SpMM-CSR-solve-only,cuSPARSE-SpMM-CSR-best-solve-only,cuSPARSE CUDA 13.4.1 CSR PER MATRIX BEST,per-matrix-best,cuSPARSE-SpMM-CSR,best,solve-only,"csr-alg1,csr-alg2,csr-alg3,csr-default",manual-selection,csr,CUSPARSE_SPMM_CSR_ALG2,library-preprocess,spmm.csr.fp64,fp64,A100-SXM4-80GB,A100-SXM4-80GB,,9700.0,df7f742d-c1c4-51c9-b7da-d151d8293f2c,suitesparse_all,VDOL/hangGlider_5,hangGlider_5,16011,16011,155246,64,row-major,N,N,1.0,0.0,20260922,main,pass,pass,0,0,19871488.0,0.05142,0.0459264010191,0.0973464010191,0.0484974010191,432.6811498191594,204.13171716642185,409.7433590755492,4.4606304105067975,2.104450692437339,4.224158340985044,cuSPARSE 12.8.6,CUDA,13040,13000,2026-10-08T21:45:17.317504+00:00,derived,csr-alg2,0,0,,,,5,20,4,true
3,A100-SXM4-80GB-suitesparse_all-fp64-n64-row-major-cuSPARSE-SpMM-CSR-solve-only,cuSPARSE-SpMM-CSR-best-solve-only,cuSPARSE CUDA 13.4.1 CSR PER MATRIX BEST,per-matrix-best,cuSPARSE-SpMM-CSR,best,solve-only,"csr-alg1,csr-alg2,csr-alg3,csr-default",manual-selection,csr,CUSPARSE_SPMM_CSR_ALG3,library-preprocess,spmm.csr.fp64,fp64,A100-SXM4-80GB,A100-SXM4-80GB,,9700.0,0edb0287-e1df-52fd-b14b-f9e504b96222,suitesparse_all,VDOL/kineticBatchReactor_2,kineticBatchReactor_2,4361,4361,44840,64,row-major,N,N,1.0,0.0,20260922,main,pass,pass,0,0,5739520.0,0.070891,0.0151040002704,0.0859950002704,0.0186485502704,379.99999319703403,66.74248481833632,307.7729859307123,3.9175257030622066,0.6880668537972817,3.1729173807289928,cuSPARSE 12.8.6,CUDA,13040,13000,2026-10-07T21:30:43.617427+00:00,derived,csr-alg3,0,0,,,,5,20,4,true
3,A100-SXM4-80GB-suitesparse_all-fp64-n64-row-major-cuSPARSE-SpMM-CSR-solve-only,cuSPARSE-SpMM-CSR-best-solve-only,cuSPARSE CUDA 13.4.1 CSR PER MATRIX BEST,per-matrix-best,cuSPARSE-SpMM-CSR,best,solve-only,"csr-alg1,csr-alg2,csr-alg3,csr-default",manual-selection,csr,CUSPARSE_SPMM_CSR_ALG3,library-preprocess,spmm.csr.fp64,fp64,A100-SXM4-80GB,A100-SXM4-80GB,,9700.0,1cb4d392-df77-5092-a407-ab8ee1286933,suitesparse_all,VDOL/kineticBatchReactor_7,kineticBatchReactor_7,7968,7968,84508,64,row-major,N,N,1.0,0.0,20260922,main,pass,pass,0,0,10817024.0,0.08376,0.0189536005259,0.102713600526,0.0231416005259,570.710772616453,105.31247998907288,467.4276521147975,5.883616212540753,1.085695669990442,4.818841774379356,cuSPARSE 12.8.6,CUDA,13040,13000,2026-10-08T02:10:40.964085+00:00,derived,csr-alg3,0,0,,,,5,20,4,true
3,A100-SXM4-80GB-suitesparse_all-fp64-n64-row-major-cuSPARSE-SpMM-CSR-solve-only,cuSPARSE-SpMM-CSR-best-solve-only,cuSPARSE CUDA 13.4.1 CSR PER MATRIX BEST,per-matrix-best,cuSPARSE-SpMM-CSR,best,solve-only,"csr-alg1,csr-alg2,csr-alg3,csr-default",manual-selection,csr,CUSPARSE_SPMM_CSR_ALG3,library-preprocess,spmm.csr.fp64,fp64,A100-SXM4-80GB,A100-SXM4-80GB,,9700.0,df7f742d-c1c4-51c9-b7da-d151d8293f2c,suitesparse_all,VDOL/kineticBatchReactor_8,kineticBatchReactor_8,8052,8052,85194,64,row-major,N,N,1.0,0.0,20260922,main,pass,pass,0,0,10904832.0,0.08441,0.0232960000634,0.107706000063,0.0275165000634,468.09889982497117,101.24628148498212,396.3015636027286,4.825761853865682,1.0437760977833208,4.085583129925037,cuSPARSE 12.8.6,CUDA,13040,13000,2026-10-09T00:22:06.259534+00:00,derived,csr-alg3,0,0,,,,5,20,4,true
3,A100-SXM4-80GB-suitesparse_all-fp64-n64-row-major-cuSPARSE-SpMM-CSR-solve-only,cuSPARSE-SpMM-CSR-best-solve-only,cuSPARSE CUDA 13.4.1 CSR PER MATRIX BEST,per-matrix-best,cuSPARSE-SpMM-CSR,best,solve-only,"csr-alg1,csr-alg2,csr-alg3,csr-default",manual-selection,csr,CUSPARSE_SPMM_CSR_ALG1,library-preprocess,spmm.csr.fp64,fp64,A100-SXM4-80GB,A100-SXM4-80GB,,9700.0,0edb0287-e1df-52fd-b14b-f9e504b96222,suitesparse_all,VDOL/lowThrust_1,lowThrust_1,584,584,6133,64,row-major,N,N,1.0,0.0,20260922,main,pass,pass,0,0,785024.0,0.02791,0.0211456000805,0.0490556000805,0.0225411000805,37.124697195230304,16.002739722106742,34.8263393178008,0.38272883706422994,0.1649766981660489,0.35903442595670926,cuSPARSE 12.8.6,CUDA,13040,13000,2026-10-07T16:59:01.195082+00:00,derived,csr-alg1,0,0,,,,5,20,4,true
3,A100-SXM4-80GB-suitesparse_all-fp64-n64-row-major-cuSPARSE-SpMM-CSR-solve-only,cuSPARSE-SpMM-CSR-best-solve-only,cuSPARSE CUDA 13.4.1 CSR PER MATRIX BEST,per-matrix-best,cuSPARSE-SpMM-CSR,best,solve-only,"csr-alg1,csr-alg2,csr-alg3,csr-default",manual-selection,csr,CUSPARSE_SPMM_CSR_ALG3,library-preprocess,spmm.csr.fp64,fp64,A100-SXM4-80GB,A100-SXM4-80GB,,9700.0,1cb4d392-df77-5092-a407-ab8ee1286933,suitesparse_all,VDOL/lowThrust_6,lowThrust_6,16928,16928,207349,64,row-major,N,N,1.0,0.0,20260922,main,pass,pass,0,0,26540672.0,0.166051,0.0448960006237,0.210947000624,0.0531985506237,591.1589369051625,125.81677824994114,498.89840397599306,6.094422029950128,1.297080188143723,5.143282515216423,cuSPARSE 12.8.6,CUDA,13040,13000,2026-10-08T02:10:42.304370+00:00,derived,csr-alg3,0,0,,,,5,20,4,true
3,A100-SXM4-80GB-suitesparse_all-fp64-n64-row-major-cuSPARSE-SpMM-CSR-solve-only,cuSPARSE-SpMM-CSR-best-solve-only,cuSPARSE CUDA 13.4.1 CSR PER MATRIX BEST,per-matrix-best,cuSPARSE-SpMM-CSR,best,solve-only,"csr-alg1,csr-alg2,csr-alg3,csr-default",manual-selection,csr,CUSPARSE_SPMM_CSR_ALG2,library-preprocess,spmm.csr.fp64,fp64,A100-SXM4-80GB,A100-SXM4-80GB,,9700.0,df7f742d-c1c4-51c9-b7da-d151d8293f2c,suitesparse_all,VDOL/lowThrust_7,lowThrust_7,17378,17378,211561,64,row-major,N,N,1.0,0.0,20260922,main,pass,pass,0,0,27079808.0,0.04674,0.0438271999359,0.0905671999359,0.0461641999359,617.8767532401316,299.00237634779535,586.5975807574031,6.369863435465274,3.0824987252350033,6.047397739767042,cuSPARSE 12.8.6,CUDA,13040,13000,2026-10-08T21:45:19.614291+00:00,derived,csr-alg2,0,0,,,,5,20,4,true
3,A100-SXM4-80GB-suitesparse_all-fp64-n64-row-major-cuSPARSE-SpMM-CSR-solve-only,cuSPARSE-SpMM-CSR-best-solve-only,cuSPARSE CUDA 13.4.1 CSR PER MATRIX BEST,per-matrix-best,cuSPARSE-SpMM-CSR,best,solve-only,"csr-alg1,csr-alg2,csr-alg3,csr-default",manual-selection,csr,CUSPARSE_SPMM_CSR_ALG3,library-preprocess,spmm.csr.fp64,fp64,A100-SXM4-80GB,A100-SXM4-80GB,,9700.0,0edb0287-e1df-52fd-b14b-f9e504b96222,suitesparse_all,VDOL/lowThrust_9,lowThrust_9,18044,18044,219589,64,row-major,N,N,1.0,0.0,20260922,main,pass,pass,0,0,28107392.0,0.21317,0.0493568003178,0.262526800318,0.0600153003178,569.4735440510995,107.06484810675853,468.33710489096063,5.870861278877314,1.1037613206882324,4.82821757619547,cuSPARSE 12.8.6,CUDA,13040,13000,2026-10-07T21:30:46.686030+00:00,derived,csr-alg3,0,0,,,,5,20,4,true
3,A100-SXM4-80GB-suitesparse_all-fp64-n64-row-major-cuSPARSE-SpMM-CSR-solve-only,cuSPARSE-SpMM-CSR-best-solve-only,cuSPARSE CUDA 13.4.1 CSR PER MATRIX BEST,per-matrix-best,cuSPARSE-SpMM-CSR,best,solve-only,"csr-alg1,csr-alg2,csr-alg3,csr-default",manual-selection,csr,CUSPARSE_SPMM_CSR_ALG3,library-preprocess,spmm.csr.fp64,fp64,A100-SXM4-80GB,A100-SXM4-80GB,,9700.0,1cb4d392-df77-5092-a407-ab8ee1286933,suitesparse_all,VDOL/orbitRaising_1,orbitRaising_1,442,442,2906,64,row-major,N,N,1.0,0.0,20260922,main,pass,pass,0,0,371968.0,0.049921,0.00624639987946,0.0561673998795,0.00874244987946,59.5491814770201,6.622489216129106,42.54734143502754,0.6139090873919598,0.0682730847023619,0.438632385928119,cuSPARSE 12.8.6,CUDA,13040,13000,2026-10-08T02:10:43.515667+00:00,derived,csr-alg3,0,0,,,,5,20,4,true
3,A100-SXM4-80GB-suitesparse_all-fp64-n64-row-major-cuSPARSE-SpMM-CSR-solve-only,cuSPARSE-SpMM-CSR-best-solve-only,cuSPARSE CUDA 13.4.1 CSR PER MATRIX BEST,per-matrix-best,cuSPARSE-SpMM-CSR,best,solve-only,"csr-alg1,csr-alg2,csr-alg3,csr-default",manual-selection,csr,CUSPARSE_SPMM_CSR_ALG3,library-preprocess,spmm.csr.fp64,fp64,A100-SXM4-80GB,A100-SXM4-80GB,,9700.0,df7f742d-c1c4-51c9-b7da-d151d8293f2c,suitesparse_all,VDOL/orbitRaising_2,orbitRaising_2,739,739,6526,64,row-major,N,N,1.0,0.0,20260922,main,pass,pass,0,0,835328.0,0.06294,0.00752639994025,0.0704663999403,0.0106733999403,110.98639543891332,11.854273819972358,78.26259717356017,1.1441896437001373,0.12220900845332328,0.8068308986964966,cuSPARSE 12.8.6,CUDA,13040,13000,2026-10-09T00:22:09.178039+00:00,derived,csr-alg3,0,0,,,,5,20,4,true
3,A100-SXM4-80GB-suitesparse_all-fp64-n64-row-major-cuSPARSE-SpMM-CSR-solve-only,cuSPARSE-SpMM-CSR-best-solve-only,cuSPARSE CUDA 13.4.1 CSR PER MATRIX BEST,per-matrix-best,cuSPARSE-SpMM-CSR,best,solve-only,"csr-alg1,csr-alg2,csr-alg3,csr-default",manual-selection,csr,CUSPARSE_SPMM_CSR_ALG3,library-preprocess,spmm.csr.fp64,fp64,A100-SXM4-80GB,A100-SXM4-80GB,,9700.0,0edb0287-e1df-52fd-b14b-f9e504b96222,suitesparse_all,VDOL/orbitRaising_4,orbitRaising_4,915,915,7790,64,row-major,N,N,1.0,0.0,20260922,main,pass,pass,0,0,997120.0,0.05675,0.00788479968905,0.0646347996891,0.0107222996891,126.4610439482373,15.42698368055984,92.9949757899087,1.3037221025591474,0.15904106887175093,0.9587110906176154,cuSPARSE 12.8.6,CUDA,13040,13000,2026-10-07T21:30:47.580385+00:00,derived,csr-alg3,0,0,,,,5,20,4,true
3,A100-SXM4-80GB-suitesparse_all-fp64-n64-row-major-cuSPARSE-SpMM-CSR-solve-only,cuSPARSE-SpMM-CSR-best-solve-only,cuSPARSE CUDA 13.4.1 CSR PER MATRIX BEST,per-matrix-best,cuSPARSE-SpMM-CSR,best,solve-only,"csr-alg1,csr-alg2,csr-alg3,csr-default",manual-selection,csr,CUSPARSE_SPMM_CSR_ALG3,library-preprocess,spmm.csr.fp64,fp64,A100-SXM4-80GB,A100-SXM4-80GB,,9700.0,1cb4d392-df77-5092-a407-ab8ee1286933,suitesparse_all,VDOL/reorientation_5,reorientation_5,2904,2904,35590,64,row-major,N,N,1.0,0.0,20260922,main,pass,pass,0,0,4555520.0,0.06584,0.0222719997168,0.0881119997168,0.0255639997168,204.54023248589235,51.70147102144834,178.20059656025697,2.1086621905762097,0.53300485589122,1.8371195521675976,cuSPARSE 12.8.6,CUDA,13040,13000,2026-10-08T02:10:45.275305+00:00,derived,csr-alg3,0,0,,,,5,20,4,true
3,A100-SXM4-80GB-suitesparse_all-fp64-n64-row-major-cuSPARSE-SpMM-CSR-solve-only,cuSPARSE-SpMM-CSR-best-solve-only,cuSPARSE CUDA 13.4.1 CSR PER MATRIX BEST,per-matrix-best,cuSPARSE-SpMM-CSR,best,solve-only,"csr-alg1,csr-alg2,csr-alg3,csr-default",manual-selection,csr,CUSPARSE_SPMM_CSR_ALG3,library-preprocess,spmm.csr.fp64,fp64,A100-SXM4-80GB,A100-SXM4-80GB,,9700.0,df7f742d-c1c4-51c9-b7da-d151d8293f2c,suitesparse_all,VDOL/reorientation_6,reorientation_6,3006,3006,37342,64,row-major,N,N,1.0,0.0,20260922,main,pass,pass,0,0,4779776.0,0.09843,0.0186880007386,0.117118000739,0.0236095007386,255.76711317906734,40.81162562407323,202.45137976108816,2.6367743626707973,0.4207384084956003,2.087127626402971,cuSPARSE 12.8.6,CUDA,13040,13000,2026-10-09T00:22:10.311767+00:00,derived,csr-alg3,0,0,,,,5,20,4,true
3,A100-SXM4-80GB-suitesparse_all-fp64-n64-row-major-cuSPARSE-SpMM-CSR-solve-only,cuSPARSE-SpMM-CSR-best-solve-only,cuSPARSE CUDA 13.4.1 CSR PER MATRIX BEST,per-matrix-best,cuSPARSE-SpMM-CSR,best,solve-only,"csr-alg1,csr-alg2,csr-alg3,csr-default",manual-selection,csr,CUSPARSE_SPMM_CSR_ALG3,library-preprocess,spmm.csr.fp64,fp64,A100-SXM4-80GB,A100-SXM4-80GB,,9700.0,0edb0287-e1df-52fd-b14b-f9e504b96222,suitesparse_all,VDOL/reorientation_8,reorientation_8,3108,3108,37894,64,row-major,N,N,1.0,0.0,20260922,main,pass,pass,0,0,4850432.0,0.06167,0.0230399996042,0.0847099996042,0.0261234996042,210.5222258387455,57.25926127568428,185.67313237083184,2.1703322251417063,0.5903016626359204,1.9141560038230088,cuSPARSE 12.8.6,CUDA,13040,13000,2026-10-07T21:30:48.883220+00:00,derived,csr-alg3,0,0,,,,5,20,4,true
3,A100-SXM4-80GB-suitesparse_all-fp64-n64-row-major-cuSPARSE-SpMM-CSR-solve-only,cuSPARSE-SpMM-CSR-best-solve-only,cuSPARSE CUDA 13.4.1 CSR PER MATRIX BEST,per-matrix-best,cuSPARSE-SpMM-CSR,best,solve-only,"csr-alg1,csr-alg2,csr-alg3,csr-default",manual-selection,csr,CUSPARSE_SPMM_CSR_ALG3,library-preprocess,spmm.csr.fp64,fp64,A100-SXM4-80GB,A100-SXM4-80GB,,9700.0,1cb4d392-df77-5092-a407-ab8ee1286933,suitesparse_all,VDOL/spaceStation_1,spaceStation_1,99,99,927,64,row-major,N,N,1.0,0.0,20260922,main,pass,pass,0,0,118656.0,2.437241,0.00542719997466,2.44266819997,0.127289249975,21.86320764925075,0.04857638872174997,0.9321761266038131,0.22539389329124482,0.0005007875125953605,0.009610063160864053,cuSPARSE 12.8.6,CUDA,13040,13000,2026-10-08T02:10:46.118632+00:00,derived,csr-alg3,0,0,,,,5,20,4,true
3,A100-SXM4-80GB-suitesparse_all-fp64-n64-row-major-cuSPARSE-SpMM-CSR-solve-only,cuSPARSE-SpMM-CSR-best-solve-only,cuSPARSE CUDA 13.4.1 CSR PER MATRIX BEST,per-matrix-best,cuSPARSE-SpMM-CSR,best,solve-only,"csr-alg1,csr-alg2,csr-alg3,csr-default",manual-selection,csr,CUSPARSE_SPMM_CSR_ALG3,library-preprocess,spmm.csr.fp64,fp64,A100-SXM4-80GB,A100-SXM4-80GB,,9700.0,df7f742d-c1c4-51c9-b7da-d151d8293f2c,suitesparse_all,VDOL/spaceStation_10,spaceStation_10,1272,1272,17478,64,row-major,N,N,1.0,0.0,20260922,main,pass,pass,0,0,2237184.0,0.05204,0.0217600002885,0.0738000002885,0.0243620002885,102.81176334277603,30.31414622295893,91.83088307638086,1.0599150860080004,0.3125169713707106,0.94671013480805,cuSPARSE 12.8.6,CUDA,13040,13000,2026-10-09T00:22:12.123078+00:00,derived,csr-alg3,0,0,,,,5,20,4,true
3,A100-SXM4-80GB-suitesparse_all-fp64-n64-row-major-cuSPARSE-SpMM-CSR-solve-only,cuSPARSE-SpMM-CSR-best-solve-only,cuSPARSE CUDA 13.4.1 CSR PER MATRIX BEST,per-matrix-best,cuSPARSE-SpMM-CSR,best,solve-only,"csr-alg1,csr-alg2,csr-alg3,csr-default",manual-selection,csr,CUSPARSE_SPMM_CSR_ALG2,library-preprocess,spmm.csr.fp64,fp64,A100-SXM4-80GB,A100-SXM4-80GB,,9700.0,0edb0287-e1df-52fd-b14b-f9e504b96222,suitesparse_all,VDOL/spaceStation_12,spaceStation_12,1410,1410,19728,64,row-major,N,N,1.0,0.0,20260922,main,pass,pass,0,0,2525184.0,0.016149,0.0224255993962,0.0385745993962,0.0232330493962,112.60274275780965,65.4623518980409,108.68930534848427,1.160853018121749,0.6748696071962978,1.1205083025616935,cuSPARSE 12.8.6,CUDA,13040,13000,2026-10-07T19:15:10.864445+00:00,derived,csr-alg2,0,0,,,,5,20,4,true
3,A100-SXM4-80GB-suitesparse_all-fp64-n64-row-major-cuSPARSE-SpMM-CSR-solve-only,cuSPARSE-SpMM-CSR-best-solve-only,cuSPARSE CUDA 13.4.1 CSR PER MATRIX BEST,per-matrix-best,cuSPARSE-SpMM-CSR,best,solve-only,"csr-alg1,csr-alg2,csr-alg3,csr-default",manual-selection,csr,CUSPARSE_SPMM_CSR_ALG3,library-preprocess,spmm.csr.fp64,fp64,A100-SXM4-80GB,A100-SXM4-80GB,,9700.0,df7f742d-c1c4-51c9-b7da-d151d8293f2c,suitesparse_all,VDOL/spaceStation_2,spaceStation_2,329,329,5817,64,row-major,N,N,1.0,0.0,20260922,main,pass,pass,0,0,744576.0,0.05163,0.00721919983625,0.0588491998363,0.00980069983625,103.13830021178201,12.652270584327002,75.97171757531287,1.0632814454822888,0.13043577921986602,0.783213583250648,cuSPARSE 12.8.6,CUDA,13040,13000,2026-10-09T00:22:11.239153+00:00,derived,csr-alg3,0,0,,,,5,20,4,true
3,A100-SXM4-80GB-suitesparse_all-fp64-n64-row-major-cuSPARSE-SpMM-CSR-solve-only,cuSPARSE-SpMM-CSR-best-solve-only,cuSPARSE CUDA 13.4.1 CSR PER MATRIX BEST,per-matrix-best,cuSPARSE-SpMM-CSR,best,solve-only,"csr-alg1,csr-alg2,csr-alg3,csr-default",manual-selection,csr,CUSPARSE_SPMM_CSR_ALG3,library-preprocess,spmm.csr.fp64,fp64,A100-SXM4-80GB,A100-SXM4-80GB,,9700.0,0edb0287-e1df-52fd-b14b-f9e504b96222,suitesparse_all,VDOL/spaceStation_4,spaceStation_4,950,950,13626,64,row-major,N,N,1.0,0.0,20260922,main,pass,pass,0,0,1744128.0,0.05252,0.0182272002101,0.0707472002101,0.0208532002101,95.68820114421902,24.652961457420407,83.63838559202306,0.9864763004558663,0.25415424182907637,0.8622513978559078,cuSPARSE 12.8.6,CUDA,13040,13000,2026-10-07T21:30:49.966025+00:00,derived,csr-alg3,0,0,,,,5,20,4,true
3,A100-SXM4-80GB-suitesparse_all-fp64-n64-row-major-cuSPARSE-SpMM-CSR-solve-only,cuSPARSE-SpMM-CSR-best-solve-only,cuSPARSE CUDA 13.4.1 CSR PER MATRIX BEST,per-matrix-best,cuSPARSE-SpMM-CSR,best,solve-only,"csr-alg1,csr-alg2,csr-alg3,csr-default",manual-selection,csr,CUSPARSE_SPMM_CSR_ALG3,library-preprocess,spmm.csr.fp64,fp64,A100-SXM4-80GB,A100-SXM4-80GB,,9700.0,1cb4d392-df77-5092-a407-ab8ee1286933,suitesparse_all,VDOL/spaceStation_9,spaceStation_9,1180,1180,19674,64,row-major,N,N,1.0,0.0,20260922,main,pass,pass,0,0,2518272.0,2.33811,0.0171519994736,2.35526199947,0.134057499474,146.82090002836532,1.0692109839867843,18.785013966998616,1.513617526065622,0.011022793649348292,0.19365993780410942,cuSPARSE 12.8.6,CUDA,13040,13000,2026-10-08T02:10:47.212057+00:00,derived,csr-alg3,0,0,,,,5,20,4,true
3,A100-SXM4-80GB-suitesparse_all-fp64-n64-row-major-cuSPARSE-SpMM-CSR-solve-only,cuSPARSE-SpMM-CSR-best-solve-only,cuSPARSE CUDA 13.4.1 CSR PER MATRIX BEST,per-matrix-best,cuSPARSE-SpMM-CSR,best,solve-only,"csr-alg1,csr-alg2,csr-alg3,csr-default",manual-selection,csr,CUSPARSE_SPMM_CSR_ALG2,library-preprocess,spmm.csr.fp64,fp64,A100-SXM4-80GB,A100-SXM4-80GB,,9700.0,1cb4d392-df77-5092-a407-ab8ee1286933,suitesparse_all,VDOL/tumorAntiAngiogenesis_3,tumorAntiAngiogenesis_3,410,410,3952,64,row-major,N,N,1.0,0.0,20260922,main,pass,pass,0,0,505856.0,0.0126,0.0168448001146,0.0294448001146,0.0174748001146,30.03039493247274,17.17980757319439,28.94774170134072,0.3095917003347705,0.1771114182803545,0.29843032681794557,cuSPARSE 12.8.6,CUDA,13040,13000,2026-10-08T00:03:12.521113+00:00,derived,csr-alg2,0,0,,,,5,20,4,true
3,A100-SXM4-80GB-suitesparse_all-fp64-n64-row-major-cuSPARSE-SpMM-CSR-solve-only,cuSPARSE-SpMM-CSR-best-solve-only,cuSPARSE CUDA 13.4.1 CSR PER MATRIX BEST,per-matrix-best,cuSPARSE-SpMM-CSR,best,solve-only,"csr-alg1,csr-alg2,csr-alg3,csr-default",manual-selection,csr,CUSPARSE_SPMM_CSR_ALG2,library-preprocess,spmm.csr.fp64,fp64,A100-SXM4-80GB,A100-SXM4-80GB,,9700.0,df7f742d-c1c4-51c9-b7da-d151d8293f2c,suitesparse_all,VDOL/tumorAntiAngiogenesis_4,tumorAntiAngiogenesis_4,455,455,4593,64,row-major,N,N,1.0,0.0,20260922,main,pass,pass,0,0,587904.0,0.02188,0.0198655992746,0.0417455992746,0.0209595992746,29.59407324558738,14.083017377060596,28.049391226312924,0.3050935386143029,0.14518574615526386,0.28916898171456623,cuSPARSE 12.8.6,CUDA,13040,13000,2026-10-08T21:45:23.489424+00:00,derived,csr-alg2,0,0,,,,5,20,4,true
3,A100-SXM4-80GB-suitesparse_all-fp64-n64-row-major-cuSPARSE-SpMM-CSR-solve-only,cuSPARSE-SpMM-CSR-best-solve-only,cuSPARSE CUDA 13.4.1 CSR PER MATRIX BEST,per-matrix-best,cuSPARSE-SpMM-CSR,best,solve-only,"csr-alg1,csr-alg2,csr-alg3,csr-default",manual-selection,csr,CUSPARSE_SPMM_CSR_ALG2,library-preprocess,spmm.csr.fp64,fp64,A100-SXM4-80GB,A100-SXM4-80GB,,9700.0,0edb0287-e1df-52fd-b14b-f9e504b96222,suitesparse_all,VDOL/tumorAntiAngiogenesis_6,tumorAntiAngiogenesis_6,465,465,4795,64,row-major,N,N,1.0,0.0,20260922,main,pass,pass,0,0,613760.0,0.01412,0.0198655992746,0.0339855992746,0.0205715992746,30.89561968486643,18.059413784082047,29.835307980056605,0.3185115431429529,0.18617952354723757,0.3075804946397588,cuSPARSE 12.8.6,CUDA,13040,13000,2026-10-07T19:15:12.204648+00:00,derived,csr-alg2,0,0,,,,5,20,4,true
3,A100-SXM4-80GB-suitesparse_all-fp64-n64-row-major-cuSPARSE-SpMM-CSR-solve-only,cuSPARSE-SpMM-CSR-best-solve-only,cuSPARSE CUDA 13.4.1 CSR PER MATRIX BEST,per-matrix-best,cuSPARSE-SpMM-CSR,best,solve-only,"csr-alg1,csr-alg2,csr-alg3,csr-default",manual-selection,csr,CUSPARSE_SPMM_CSR_ALG2,library-preprocess,spmm.csr.fp64,fp64,A100-SXM4-80GB,A100-SXM4-80GB,,9700.0,0edb0287-e1df-52fd-b14b-f9e504b96222,suitesparse_all,VLSI/dgreen,dgreen,1200611,1200611,38259877,64,row-major,N,N,1.0,0.0,20260922,main,pass,pass,0,0,4897264256.0,0.48145,7.7777923584,8.2592423584,7.8018648584,629.6470811169141,592.9435223582311,627.7043174783121,6.491207021823857,6.112819818126094,6.471178530704249,cuSPARSE 12.8.6,CUDA,13040,13000,2026-10-07T19:51:03.168713+00:00,derived,csr-alg2,0,0,,,,5,20,4,true
3,A100-SXM4-80GB-suitesparse_all-fp64-n64-row-major-cuSPARSE-SpMM-CSR-solve-only,cuSPARSE-SpMM-CSR-best-solve-only,cuSPARSE CUDA 13.4.1 CSR PER MATRIX BEST,per-matrix-best,cuSPARSE-SpMM-CSR,best,solve-only,"csr-alg1,csr-alg2,csr-alg3,csr-default",manual-selection,csr,CUSPARSE_SPMM_CSR_ALG2,library-preprocess,spmm.csr.fp64,fp64,A100-SXM4-80GB,A100-SXM4-80GB,,9700.0,1cb4d392-df77-5092-a407-ab8ee1286933,suitesparse_all,VLSI/power9,power9,155376,155376,2512300,64,row-major,N,N,1.0,0.0,20260922,main,pass,pass,0,0,321574400.0,0.10415,0.589670419693,0.693820419693,0.594877919693,545.3459920330092,463.4836203614322,540.5720894229116,5.62212362920628,4.778181653210641,5.572908138380532,cuSPARSE 12.8.6,CUDA,13040,13000,2026-10-08T00:45:33.846127+00:00,derived,csr-alg2,0,0,,,,5,20,4,true
3,A100-SXM4-80GB-suitesparse_all-fp64-n64-row-major-cuSPARSE-SpMM-CSR-solve-only,cuSPARSE-SpMM-CSR-best-solve-only,cuSPARSE CUDA 13.4.1 CSR PER MATRIX BEST,per-matrix-best,cuSPARSE-SpMM-CSR,best,solve-only,"csr-alg1,csr-alg2,csr-alg3,csr-default",manual-selection,csr,CUSPARSE_SPMM_CSR_ALG2,library-preprocess,spmm.csr.fp64,fp64,A100-SXM4-80GB,A100-SXM4-80GB,,9700.0,df7f742d-c1c4-51c9-b7da-d151d8293f2c,suitesparse_all,VLSI/radiation,radiation,223104,223104,7637688,64,row-major,N,N,1.0,0.0,20260922,main,pass,pass,0,0,977624064.0,0.336531,1.6313999176,1.9679309176,1.6482264676,599.2546974246579,496.7776334304795,593.1369767550989,6.177883478604721,5.12141890134515,6.114814193351535,cuSPARSE 12.8.6,CUDA,13040,13000,2026-10-08T22:28:05.612762+00:00,derived,csr-alg2,0,0,,,,5,20,4,true
3,A100-SXM4-80GB-suitesparse_all-fp64-n64-row-major-cuSPARSE-SpMM-CSR-solve-only,cuSPARSE-SpMM-CSR-best-solve-only,cuSPARSE CUDA 13.4.1 CSR PER MATRIX BEST,per-matrix-best,cuSPARSE-SpMM-CSR,best,solve-only,"csr-alg1,csr-alg2,csr-alg3,csr-default",manual-selection,csr,CUSPARSE_SPMM_CSR_ALG2,library-preprocess,spmm.csr.fp64,fp64,A100-SXM4-80GB,A100-SXM4-80GB,,9700.0,df7f742d-c1c4-51c9-b7da-d151d8293f2c,suitesparse_all,VLSI/ss,ss,1652680,1652680,34753577,64,row-major,N,N,1.0,0.0,20260922,main,pass,pass,0,0,4448457856.0,0.49372,6.78431167603,7.27803167603,6.80899767603,655.6977433270165,611.2171606302395,653.3205131880267,6.759770549763057,6.3012078415488615,6.735263022556976,cuSPARSE 12.8.6,CUDA,13040,13000,2026-10-08T22:30:17.635548+00:00,derived,csr-alg2,0,0,,,,5,20,4,true
3,A100-SXM4-80GB-suitesparse_all-fp64-n64-row-major-cuSPARSE-SpMM-CSR-solve-only,cuSPARSE-SpMM-CSR-best-solve-only,cuSPARSE CUDA 13.4.1 CSR PER MATRIX BEST,per-matrix-best,cuSPARSE-SpMM-CSR,best,solve-only,"csr-alg1,csr-alg2,csr-alg3,csr-default",manual-selection,csr,CUSPARSE_SPMM_CSR_ALG2,library-preprocess,spmm.csr.fp64,fp64,A100-SXM4-80GB,A100-SXM4-80GB,,9700.0,1cb4d392-df77-5092-a407-ab8ee1286933,suitesparse_all,VLSI/ss1,ss1,205282,205282,845089,64,row-major,N,N,1.0,0.0,20260922,main,pass,pass,0,0,108171392.0,0.10854,0.314828801155,0.423368801155,0.320255801155,343.58798052514857,255.50156673069836,337.7655974064505,3.542144129125243,2.634036770419571,3.4821195608912427,cuSPARSE 12.8.6,CUDA,13040,13000,2026-10-08T00:45:39.187337+00:00,derived,csr-alg2,0,0,,,,5,20,4,true
3,A100-SXM4-80GB-suitesparse_all-fp64-n64-row-major-cuSPARSE-SpMM-CSR-solve-only,cuSPARSE-SpMM-CSR-best-solve-only,cuSPARSE CUDA 13.4.1 CSR PER MATRIX BEST,per-matrix-best,cuSPARSE-SpMM-CSR,best,solve-only,"csr-alg1,csr-alg2,csr-alg3,csr-default",manual-selection,csr,CUSPARSE_SPMM_CSR_ALG3,library-preprocess,spmm.csr.fp64,fp64,A100-SXM4-80GB,A100-SXM4-80GB,,9700.0,1cb4d392-df77-5092-a407-ab8ee1286933,suitesparse_all,Wang/wang1,wang1,2903,2903,19093,64,row-major,N,N,1.0,0.0,20260922,main,pass,pass,0,0,2443904.0,0.05518,0.0102912001312,0.0654712001312,0.0130502001312,237.475121350597,37.32792426444874,187.2694652518924,2.4481971273257424,0.38482396148916226,1.9306130438339422,cuSPARSE 12.8.6,CUDA,13040,13000,2026-10-08T00:57:07.861885+00:00,derived,csr-alg3,0,0,,,,5,20,4,true
3,A100-SXM4-80GB-suitesparse_all-fp64-n64-row-major-cuSPARSE-SpMM-CSR-solve-only,cuSPARSE-SpMM-CSR-best-solve-only,cuSPARSE CUDA 13.4.1 CSR PER MATRIX BEST,per-matrix-best,cuSPARSE-SpMM-CSR,best,solve-only,"csr-alg1,csr-alg2,csr-alg3,csr-default",manual-selection,csr,CUSPARSE_SPMM_CSR_ALG3,library-preprocess,spmm.csr.fp64,fp64,A100-SXM4-80GB,A100-SXM4-80GB,,9700.0,df7f742d-c1c4-51c9-b7da-d151d8293f2c,suitesparse_all,Wang/wang2,wang2,2903,2903,19093,64,row-major,N,N,1.0,0.0,20260922,main,pass,pass,0,0,2443904.0,0.06922,0.0101792000234,0.0793992000234,0.0136402000234,240.08802208247604,30.779957471608643,179.16922008529494,2.4751342482729486,0.3173191491918417,1.8471053617040716,cuSPARSE 12.8.6,CUDA,13040,13000,2026-10-08T22:49:15.166091+00:00,derived,csr-alg3,0,0,,,,5,20,4,true
3,A100-SXM4-80GB-suitesparse_all-fp64-n64-row-major-cuSPARSE-SpMM-CSR-solve-only,cuSPARSE-SpMM-CSR-best-solve-only,cuSPARSE CUDA 13.4.1 CSR PER MATRIX BEST,per-matrix-best,cuSPARSE-SpMM-CSR,best,solve-only,"csr-alg1,csr-alg2,csr-alg3,csr-default",manual-selection,csr,CUSPARSE_SPMM_CSR_ALG2,library-preprocess,spmm.csr.fp64,fp64,A100-SXM4-80GB,A100-SXM4-80GB,,9700.0,0edb0287-e1df-52fd-b14b-f9e504b96222,suitesparse_all,Wang/wang4,wang4,26068,26068,177196,64,row-major,N,N,1.0,0.0,20260922,main,pass,pass,0,0,22681088.0,0.04853,0.0639999985695,0.112529998569,0.0664264985695,354.39200792121505,201.55592542812164,341.44638793913657,3.6535258548578873,2.077896138434244,3.520065855042645,cuSPARSE 12.8.6,CUDA,13040,13000,2026-10-07T17:47:51.984514+00:00,derived,csr-alg2,0,0,,,,5,20,4,true
3,A100-SXM4-80GB-suitesparse_all-fp64-n64-row-major-cuSPARSE-SpMM-CSR-solve-only,cuSPARSE-SpMM-CSR-best-solve-only,cuSPARSE CUDA 13.4.1 CSR PER MATRIX BEST,per-matrix-best,cuSPARSE-SpMM-CSR,best,solve-only,"csr-alg1,csr-alg2,csr-alg3,csr-default",manual-selection,csr,CUSPARSE_SPMM_CSR_ALG2,library-preprocess,spmm.csr.fp64,fp64,A100-SXM4-80GB,A100-SXM4-80GB,,9700.0,df7f742d-c1c4-51c9-b7da-d151d8293f2c,suitesparse_all,Watson/Baumann,Baumann,112211,112211,760631,64,row-major,N,N,1.0,0.0,20260922,main,pass,pass,0,0,97360768.0,0.08721,0.172031998634,0.259241998634,0.176392498634,565.9456890176351,375.55939436130774,551.9552631431093,5.834491639357063,3.8717463336217293,5.690260444774323,cuSPARSE 12.8.6,CUDA,13040,13000,2026-10-08T20:25:01.979850+00:00,derived,csr-alg2,0,0,,,,5,20,4,true
3,A100-SXM4-80GB-suitesparse_all-fp64-n64-row-major-cuSPARSE-SpMM-CSR-solve-only,cuSPARSE-SpMM-CSR-best-solve-only,cuSPARSE CUDA 13.4.1 CSR PER MATRIX BEST,per-matrix-best,cuSPARSE-SpMM-CSR,best,solve-only,"csr-alg1,csr-alg2,csr-alg3,csr-default",manual-selection,csr,CUSPARSE_SPMM_CSR_ALG2,library-preprocess,spmm.csr.fp64,fp64,A100-SXM4-80GB,A100-SXM4-80GB,,9700.0,1cb4d392-df77-5092-a407-ab8ee1286933,suitesparse_all,Watson/chem_master1,chem_master1,40401,40401,201201,64,row-major,N,N,1.0,0.0,20260922,main,pass,pass,0,0,25753728.0,0.04788,0.0788991987705,0.126779198771,0.0812931987705,326.41304856481236,203.13843477208513,316.8005243920309,3.365082974894973,2.094210667753455,3.265984787546711,cuSPARSE 12.8.6,CUDA,13040,13000,2026-10-07T23:03:09.806242+00:00,derived,csr-alg2,0,0,,,,5,20,4,true
3,A100-SXM4-80GB-suitesparse_all-fp64-n64-row-major-cuSPARSE-SpMM-CSR-solve-only,cuSPARSE-SpMM-CSR-best-solve-only,cuSPARSE CUDA 13.4.1 CSR PER MATRIX BEST,per-matrix-best,cuSPARSE-SpMM-CSR,best,solve-only,"csr-alg1,csr-alg2,csr-alg3,csr-default",manual-selection,csr,CUSPARSE_SPMM_CSR_ALG3,library-preprocess,spmm.csr.fp64,fp64,A100-SXM4-80GB,A100-SXM4-80GB,,9700.0,df7f742d-c1c4-51c9-b7da-d151d8293f2c,suitesparse_all,Williams/cant,cant,62451,62451,4007383,64,row-major,N,N,1.0,0.0,20260922,main,pass,pass,0,0,512945024.0,0.21475,0.578457593918,0.793207593918,0.589195093918,886.7461148287962,646.6718522780899,870.5860406763469,9.141712524008208,6.666720126578246,8.975113821405637,cuSPARSE 12.8.6,CUDA,13040,13000,2026-10-08T23:17:40.086946+00:00,derived,csr-alg3,0,0,,,,5,20,4,true
3,A100-SXM4-80GB-suitesparse_all-fp64-n64-row-major-cuSPARSE-SpMM-CSR-solve-only,cuSPARSE-SpMM-CSR-best-solve-only,cuSPARSE CUDA 13.4.1 CSR PER MATRIX BEST,per-matrix-best,cuSPARSE-SpMM-CSR,best,solve-only,"csr-alg1,csr-alg2,csr-alg3,csr-default",manual-selection,csr,CUSPARSE_SPMM_CSR_ALG3,library-preprocess,spmm.csr.fp64,fp64,A100-SXM4-80GB,A100-SXM4-80GB,,9700.0,1cb4d392-df77-5092-a407-ab8ee1286933,suitesparse_all,Williams/consph,consph,83334,83334,6010480,64,row-major,N,N,1.0,0.0,20260922,main,pass,pass,0,0,769341440.0,0.29639,0.760166406631,1.05655640663,0.774985906631,1012.0697695780362,728.159362976083,992.7166848032921,10.433708964722022,7.5067975564544644,10.234192626838063,cuSPARSE 12.8.6,CUDA,13040,13000,2026-10-08T01:21:24.215757+00:00,derived,csr-alg3,0,0,,,,5,20,4,true
3,A100-SXM4-80GB-suitesparse_all-fp64-n64-row-major-cuSPARSE-SpMM-CSR-solve-only,cuSPARSE-SpMM-CSR-best-solve-only,cuSPARSE CUDA 13.4.1 CSR PER MATRIX BEST,per-matrix-best,cuSPARSE-SpMM-CSR,best,solve-only,"csr-alg1,csr-alg2,csr-alg3,csr-default",manual-selection,csr,CUSPARSE_SPMM_CSR_ALG2,library-preprocess,spmm.csr.fp64,fp64,A100-SXM4-80GB,A100-SXM4-80GB,,9700.0,0edb0287-e1df-52fd-b14b-f9e504b96222,suitesparse_all,Williams/mc2depi,mc2depi,525825,525825,2100225,64,row-major,N,N,1.0,0.0,20260922,main,pass,pass,0,0,268828800.0,0.501471,0.700723218918,1.20219421892,0.725796768918,383.6447726323435,223.61511623430061,370.39128790937355,3.9551007487870464,2.305310476642274,3.8184668856636446,cuSPARSE 12.8.6,CUDA,13040,13000,2026-10-07T18:30:31.510197+00:00,derived,csr-alg2,0,0,,,,5,20,4,true
3,A100-SXM4-80GB-suitesparse_all-fp64-n64-row-major-cuSPARSE-SpMM-CSR-solve-only,cuSPARSE-SpMM-CSR-best-solve-only,cuSPARSE CUDA 13.4.1 CSR PER MATRIX BEST,per-matrix-best,cuSPARSE-SpMM-CSR,best,solve-only,"csr-alg1,csr-alg2,csr-alg3,csr-default",manual-selection,csr,CUSPARSE_SPMM_CSR_ALG2,library-preprocess,spmm.csr.fp64,fp64,A100-SXM4-80GB,A100-SXM4-80GB,,9700.0,1cb4d392-df77-5092-a407-ab8ee1286933,suitesparse_all,YCheng/psse0,psse0,26722,11028,102432,64,row-major,N,N,1.0,0.0,20260922,main,pass,pass,0,0,13111296.0,0.05356,0.0411648005247,0.0947248005247,0.0438428005247,318.50745862676695,138.41460660116311,299.0524292035908,3.2835820476986286,1.4269547072284858,3.0830147340576373,cuSPARSE 12.8.6,CUDA,13040,13000,2026-10-07T23:03:12.227680+00:00,derived,csr-alg2,0,0,,,,5,20,4,true
3,A100-SXM4-80GB-suitesparse_all-fp64-n64-row-major-cuSPARSE-SpMM-CSR-solve-only,cuSPARSE-SpMM-CSR-best-solve-only,cuSPARSE CUDA 13.4.1 CSR PER MATRIX BEST,per-matrix-best,cuSPARSE-SpMM-CSR,best,solve-only,"csr-alg1,csr-alg2,csr-alg3,csr-default",manual-selection,csr,CUSPARSE_SPMM_CSR_ALG3,library-preprocess,spmm.csr.fp64,fp64,A100-SXM4-80GB,A100-SXM4-80GB,,9700.0,df7f742d-c1c4-51c9-b7da-d151d8293f2c,suitesparse_all,YCheng/psse1,psse1,14318,11028,57376,64,row-major,N,N,1.0,0.0,20260922,main,pass,pass,0,0,7344128.0,0.13878,0.0286208003759,0.167400800376,0.0355598003759,256.601069975111,43.87152261819721,206.52894342391608,2.645371855413515,0.45228373833193,2.129164365195011,cuSPARSE 12.8.6,CUDA,13040,13000,2026-10-08T23:00:16.224618+00:00,derived,csr-alg3,0,0,,,,5,20,4,true
3,A100-SXM4-80GB-suitesparse_all-fp64-n64-row-major-cuSPARSE-SpMM-CSR-solve-only,cuSPARSE-SpMM-CSR-best-solve-only,cuSPARSE CUDA 13.4.1 CSR PER MATRIX BEST,per-matrix-best,cuSPARSE-SpMM-CSR,best,solve-only,"csr-alg1,csr-alg2,csr-alg3,csr-default",manual-selection,csr,CUSPARSE_SPMM_CSR_ALG2,library-preprocess,spmm.csr.fp64,fp64,A100-SXM4-80GB,A100-SXM4-80GB,,9700.0,0edb0287-e1df-52fd-b14b-f9e504b96222,suitesparse_all,Yoshiyasu/mesh_deform,mesh_deform,234023,9393,853829,64,row-major,N,N,1.0,0.0,20260922,main,pass,pass,0,0,109290112.0,0.06574,0.221337604523,0.287077604523,0.224624604523,493.7710979366964,380.6988433723116,486.5455956264553,5.090423690069034,3.9247303440444496,5.015933975530467,cuSPARSE 12.8.6,CUDA,13040,13000,2026-10-07T18:24:03.965819+00:00,derived,csr-alg2,0,0,,,,5,20,4,true
3,A100-SXM4-80GB-suitesparse_all-fp64-n64-row-major-cuSPARSE-SpMM-CSR-solve-only,cuSPARSE-SpMM-CSR-best-solve-only,cuSPARSE CUDA 13.4.1 CSR PER MATRIX BEST,per-matrix-best,cuSPARSE-SpMM-CSR,best,solve-only,"csr-alg1,csr-alg2,csr-alg3,csr-default",manual-selection,csr,CUSPARSE_SPMM_CSR_ALG3,library-preprocess,spmm.csr.fp64,fp64,A100-SXM4-80GB,A100-SXM4-80GB,,9700.0,df7f742d-c1c4-51c9-b7da-d151d8293f2c,suitesparse_all,Zitney/extr1b,extr1b,2836,2836,11404,64,row-major,N,N,1.0,0.0,20260922,main,pass,pass,0,0,1459712.0,0.120021,0.00998400002718,0.130005000027,0.0159850500272,146.20512780710584,11.228121992975968,91.31732446981204,1.5072693588361428,0.11575383497913368,0.9414157161836292,cuSPARSE 12.8.6,CUDA,13040,13000,2026-10-08T22:57:34.335952+00:00,derived,csr-alg3,0,0,,,,5,20,4,true
3,A100-SXM4-80GB-suitesparse_all-fp64-n64-row-major-cuSPARSE-SpMM-CSR-solve-only,cuSPARSE-SpMM-CSR-best-solve-only,cuSPARSE CUDA 13.4.1 CSR PER MATRIX BEST,per-matrix-best,cuSPARSE-SpMM-CSR,best,solve-only,"csr-alg1,csr-alg2,csr-alg3,csr-default",manual-selection,csr,CUSPARSE_SPMM_CSR_ALG3,library-preprocess,spmm.csr.fp64,fp64,A100-SXM4-80GB,A100-SXM4-80GB,,9700.0,1cb4d392-df77-5092-a407-ab8ee1286933,suitesparse_all,Zitney/radfr1,radfr1,1048,1048,13299,64,row-major,N,N,1.0,0.0,20260922,main,pass,pass,0,0,1702272.0,0.05149,0.00988159999251,0.0613715999925,0.0124560999925,172.26683950881218,27.73712922928567,136.66171602868977,1.7759467990599194,0.28594978586892444,1.4088836703988634,cuSPARSE 12.8.6,CUDA,13040,13000,2026-10-08T00:57:08.484503+00:00,derived,csr-alg3,0,0,,,,5,20,4,true
3,A100-SXM4-80GB-suitesparse_all-fp64-n64-row-major-cuSPARSE-SpMM-CSR-solve-only,cuSPARSE-SpMM-CSR-best-solve-only,cuSPARSE CUDA 13.4.1 CSR PER MATRIX BEST,per-matrix-best,cuSPARSE-SpMM-CSR,best,solve-only,"csr-alg1,csr-alg2,csr-alg3,csr-default",manual-selection,csr,CUSPARSE_SPMM_CSR_ALG3,library-preprocess,spmm.csr.fp64,fp64,A100-SXM4-80GB,A100-SXM4-80GB,,9700.0,df7f742d-c1c4-51c9-b7da-d151d8293f2c,suitesparse_all,Zitney/rdist1,rdist1,4134,4134,94408,64,row-major,N,N,1.0,0.0,20260922,main,pass,pass,0,0,12084224.0,0.12426,0.0164511993527,0.140711199353,0.0226641993527,734.5497274043254,85.87961765349249,533.1855677734496,7.572677602106448,0.8853568830256958,5.49675843065412,cuSPARSE 12.8.6,CUDA,13040,13000,2026-10-08T22:49:16.488231+00:00,derived,csr-alg3,0,0,,,,5,20,4,true
3,A100-SXM4-80GB-suitesparse_all-fp64-n64-row-major-cuSPARSE-SpMM-CSR-solve-only,cuSPARSE-SpMM-CSR-best-solve-only,cuSPARSE CUDA 13.4.1 CSR PER MATRIX BEST,per-matrix-best,cuSPARSE-SpMM-CSR,best,solve-only,"csr-alg1,csr-alg2,csr-alg3,csr-default",manual-selection,csr,CUSPARSE_SPMM_CSR_ALG3,library-preprocess,spmm.csr.fp64,fp64,A100-SXM4-80GB,A100-SXM4-80GB,,9700.0,0edb0287-e1df-52fd-b14b-f9e504b96222,suitesparse_all,Zitney/rdist3a,rdist3a,2398,2398,61896,64,row-major,N,N,1.0,0.0,20260922,main,pass,pass,0,0,7922688.0,0.05942,0.0177663996816,0.0771863996816,0.0207373996816,445.9366074154705,102.64357493913066,382.04828578530453,4.597284612530625,1.0581811849394913,3.938642121497985,cuSPARSE 12.8.6,CUDA,13040,13000,2026-10-07T20:03:43.604683+00:00,derived,csr-alg3,0,0,,,,5,20,4,true
