schema_version,submission_id,method_id,method_name,configuration_id,candidate_group,selection_role,selection_metric,selected_from,base_format,format,algorithm,preprocess_policy,operator_id,dtype,backend_id,hardware,cpu_model,peak_gflops,job_id,dataset_id,matrix_id,matrix_name,rows,cols,nnz,rhs_columns,dense_layout,op_a,op_b,alpha,beta,input_seed,ranking_scope,status,validation_status,failed_elements,invalid_elements,operations,preprocess_ms,solve_ms,pre_plus_solve_ms,pre_amortized_ms,solve_gflops,pre_plus_solve_gflops,pre_amortized_gflops,solve_only_efficiency_percent,pre_plus_solve_efficiency_percent,pre_amortized_efficiency_percent,library_version,gpu_runtime,runtime_version,driver_version,timestamp,source_kind,selected_configuration_id,nan_elements,inf_elements,error,error_type,failure_stage,warmup,iterations,validation_safety_factor,public_ranked
3,A100-SXM4-80GB-suitesparse_all-fp64-n4-row-major-cuSPARSE-SpMM-CSR-solve-only,cuSPARSE-SpMM-CSR-best-solve-only,cuSPARSE CUDA 13.4.1 CSR PER MATRIX BEST,per-matrix-best,cuSPARSE-SpMM-CSR,best,solve-only,"csr-alg1,csr-alg2,csr-alg3,csr-default",manual-selection,csr,CUSPARSE_SPMM_CSR_ALG3,library-preprocess,spmm.csr.fp64,fp64,A100-SXM4-80GB,A100-SXM4-80GB,,9700.0,0edb0287-e1df-52fd-b14b-f9e504b96222,suitesparse_all,AG-Monien/3elt,3elt,4720,4720,27444,4,row-major,N,N,1.0,0.0,20260922,main,pass,pass,0,0,219552.0,56.968543,0.00701439976692,56.9755573998,2.85544154977,31.30018352181894,0.003853441897187489,0.07688898412845624,0.32268230434864886,3.972620512564422e-05,0.000792669939468621,cuSPARSE 12.8.6,CUDA,13040,13000,2026-10-07T20:49:16.865772+00:00,derived,csr-alg3,0,0,,,,5,20,4,true
3,A100-SXM4-80GB-suitesparse_all-fp64-n4-row-major-cuSPARSE-SpMM-CSR-solve-only,cuSPARSE-SpMM-CSR-best-solve-only,cuSPARSE CUDA 13.4.1 CSR PER MATRIX BEST,per-matrix-best,cuSPARSE-SpMM-CSR,best,solve-only,"csr-alg1,csr-alg2,csr-alg3,csr-default",manual-selection,csr,CUSPARSE_SPMM_CSR_ALG3,library-preprocess,spmm.csr.fp64,fp64,A100-SXM4-80GB,A100-SXM4-80GB,,9700.0,0edb0287-e1df-52fd-b14b-f9e504b96222,suitesparse_all,AG-Monien/biplane-9,biplane-9,21701,21701,84076,4,row-major,N,N,1.0,0.0,20260922,main,pass,pass,0,0,672608.0,62.703205,0.0137728005648,62.7169778006,3.14893305056,48.835964540067906,0.010724496357883579,0.21359869809883214,0.5034635519594629,0.00011056181812251112,0.002202048434008579,cuSPARSE 12.8.6,CUDA,13040,13000,2026-10-07T20:49:19.965104+00:00,derived,csr-alg3,0,0,,,,5,20,4,true
3,A100-SXM4-80GB-suitesparse_all-fp64-n4-row-major-cuSPARSE-SpMM-CSR-solve-only,cuSPARSE-SpMM-CSR-best-solve-only,cuSPARSE CUDA 13.4.1 CSR PER MATRIX BEST,per-matrix-best,cuSPARSE-SpMM-CSR,best,solve-only,"csr-alg1,csr-alg2,csr-alg3,csr-default",manual-selection,csr,CUSPARSE_SPMM_CSR_ALG3,library-preprocess,spmm.csr.fp64,fp64,A100-SXM4-80GB,A100-SXM4-80GB,,9700.0,1cb4d392-df77-5092-a407-ab8ee1286933,suitesparse_all,AG-Monien/ccc,ccc,49152,49152,147456,4,row-major,N,N,1.0,0.0,20260922,main,pass,pass,0,0,1179648.0,59.154544,0.0248319998384,59.1793759998,2.98255919984,47.50515494832607,0.019933430862873355,0.3955153681654609,0.48974386544666054,0.00020549928724611708,0.004077478022324339,cuSPARSE 12.8.6,CUDA,13040,13000,2026-10-08T01:21:37.145761+00:00,derived,csr-alg3,0,0,,,,5,20,4,true
3,A100-SXM4-80GB-suitesparse_all-fp64-n4-row-major-cuSPARSE-SpMM-CSR-solve-only,cuSPARSE-SpMM-CSR-best-solve-only,cuSPARSE CUDA 13.4.1 CSR PER MATRIX BEST,per-matrix-best,cuSPARSE-SpMM-CSR,best,solve-only,"csr-alg1,csr-alg2,csr-alg3,csr-default",manual-selection,csr,CUSPARSE_SPMM_CSR_ALG3,library-preprocess,spmm.csr.fp64,fp64,A100-SXM4-80GB,A100-SXM4-80GB,,9700.0,1cb4d392-df77-5092-a407-ab8ee1286933,suitesparse_all,AG-Monien/crack,crack,10240,10240,60760,4,row-major,N,N,1.0,0.0,20260922,main,pass,pass,0,0,486080.0,62.221794,0.00965119972825,62.2314451997,3.12074089973,50.36472290353671,0.007810842226790247,0.15575788430306875,0.5192239474591414,8.05241466679407e-05,0.0016057513845677191,cuSPARSE 12.8.6,CUDA,13040,13000,2026-10-08T01:21:33.489502+00:00,derived,csr-alg3,0,0,,,,5,20,4,true
3,A100-SXM4-80GB-suitesparse_all-fp64-n4-row-major-cuSPARSE-SpMM-CSR-solve-only,cuSPARSE-SpMM-CSR-best-solve-only,cuSPARSE CUDA 13.4.1 CSR PER MATRIX BEST,per-matrix-best,cuSPARSE-SpMM-CSR,best,solve-only,"csr-alg1,csr-alg2,csr-alg3,csr-default",manual-selection,csr,CUSPARSE_SPMM_CSR_ALG3,library-preprocess,spmm.csr.fp64,fp64,A100-SXM4-80GB,A100-SXM4-80GB,,9700.0,df7f742d-c1c4-51c9-b7da-d151d8293f2c,suitesparse_all,AG-Monien/crack_dual,crack_dual,20141,20141,60086,4,row-major,N,N,1.0,0.0,20260922,main,pass,pass,0,0,480688.0,56.692352,0.0125440001488,56.7048960001,2.84716160015,38.32015260666146,0.008477010521263496,0.1688305995608663,0.3950531196563037,8.739186104395356e-05,0.0017405216449573845,cuSPARSE 12.8.6,CUDA,13040,13000,2026-10-08T23:17:46.741921+00:00,derived,csr-alg3,0,0,,,,5,20,4,true
3,A100-SXM4-80GB-suitesparse_all-fp64-n4-row-major-cuSPARSE-SpMM-CSR-solve-only,cuSPARSE-SpMM-CSR-best-solve-only,cuSPARSE CUDA 13.4.1 CSR PER MATRIX BEST,per-matrix-best,cuSPARSE-SpMM-CSR,best,solve-only,"csr-alg1,csr-alg2,csr-alg3,csr-default",manual-selection,csr,CUSPARSE_SPMM_CSR_ALG1,library-preprocess,spmm.csr.fp64,fp64,A100-SXM4-80GB,A100-SXM4-80GB,,9700.0,df7f742d-c1c4-51c9-b7da-d151d8293f2c,suitesparse_all,AG-Monien/debr,debr,1048576,1048576,4194298,4,row-major,N,N,1.0,0.0,20260922,main,pass,pass,0,0,33554384.0,0.3782,0.341350388527,0.719550388527,0.360260388527,98.2989477316676,46.6324312167902,93.13925446312354,1.013391213728532,0.48074671357515675,0.9601984996198302,cuSPARSE 12.8.6,CUDA,13040,13000,2026-10-08T18:08:02.539294+00:00,derived,csr-alg1,0,0,,,,5,20,4,true
3,A100-SXM4-80GB-suitesparse_all-fp64-n4-row-major-cuSPARSE-SpMM-CSR-solve-only,cuSPARSE-SpMM-CSR-best-solve-only,cuSPARSE CUDA 13.4.1 CSR PER MATRIX BEST,per-matrix-best,cuSPARSE-SpMM-CSR,best,solve-only,"csr-alg1,csr-alg2,csr-alg3,csr-default",manual-selection,csr,CUSPARSE_SPMM_CSR_ALG3,library-preprocess,spmm.csr.fp64,fp64,A100-SXM4-80GB,A100-SXM4-80GB,,9700.0,0edb0287-e1df-52fd-b14b-f9e504b96222,suitesparse_all,AG-Monien/grid1_dual,grid1_dual,224,224,840,4,row-major,N,N,1.0,0.0,20260922,main,pass,pass,0,0,6720.0,56.866303,0.00563200004399,56.871935,2.84894715004,1.193181808862204,0.00011816021382075359,0.002358766114669993,0.012300843390331998,1.2181465342345731e-06,2.4317176439896836e-05,cuSPARSE 12.8.6,CUDA,13040,13000,2026-10-07T20:49:17.481798+00:00,derived,csr-alg3,0,0,,,,5,20,4,true
3,A100-SXM4-80GB-suitesparse_all-fp64-n4-row-major-cuSPARSE-SpMM-CSR-solve-only,cuSPARSE-SpMM-CSR-best-solve-only,cuSPARSE CUDA 13.4.1 CSR PER MATRIX BEST,per-matrix-best,cuSPARSE-SpMM-CSR,best,solve-only,"csr-alg1,csr-alg2,csr-alg3,csr-default",manual-selection,csr,CUSPARSE_SPMM_CSR_ALG3,library-preprocess,spmm.csr.fp64,fp64,A100-SXM4-80GB,A100-SXM4-80GB,,9700.0,1cb4d392-df77-5092-a407-ab8ee1286933,suitesparse_all,AG-Monien/L-9,L-9,17983,17983,71192,4,row-major,N,N,1.0,0.0,20260922,main,pass,pass,0,0,569536.0,60.018544,0.012392000109,60.0309360001,3.01331920011,45.9599737726245,0.009487374976113171,0.1890061962168526,0.4738141626043763,9.780798944446568e-05,0.0019485174867716762,cuSPARSE 12.8.6,CUDA,13040,13000,2026-10-08T01:21:35.448608+00:00,derived,csr-alg3,0,0,,,,5,20,4,true
3,A100-SXM4-80GB-suitesparse_all-fp64-n4-row-major-cuSPARSE-SpMM-CSR-solve-only,cuSPARSE-SpMM-CSR-best-solve-only,cuSPARSE CUDA 13.4.1 CSR PER MATRIX BEST,per-matrix-best,cuSPARSE-SpMM-CSR,best,solve-only,"csr-alg1,csr-alg2,csr-alg3,csr-default",manual-selection,csr,CUSPARSE_SPMM_CSR_ALG3,library-preprocess,spmm.csr.fp64,fp64,A100-SXM4-80GB,A100-SXM4-80GB,,9700.0,df7f742d-c1c4-51c9-b7da-d151d8293f2c,suitesparse_all,AG-Monien/stufe,stufe,1036,1036,3736,4,row-major,N,N,1.0,0.0,20260922,main,pass,pass,0,0,29888.0,58.190303,0.00573440007865,58.1960374001,2.91524955008,5.2120534999428,0.0005135744860860345,0.010252295553627585,0.05373251030868866,5.294582330783861e-06,0.00010569376859409881,cuSPARSE 12.8.6,CUDA,13040,13000,2026-10-08T23:17:48.088921+00:00,derived,csr-alg3,0,0,,,,5,20,4,true
3,A100-SXM4-80GB-suitesparse_all-fp64-n4-row-major-cuSPARSE-SpMM-CSR-solve-only,cuSPARSE-SpMM-CSR-best-solve-only,cuSPARSE CUDA 13.4.1 CSR PER MATRIX BEST,per-matrix-best,cuSPARSE-SpMM-CSR,best,solve-only,"csr-alg1,csr-alg2,csr-alg3,csr-default",manual-selection,csr,CUSPARSE_SPMM_CSR_ALG3,library-preprocess,spmm.csr.fp64,fp64,A100-SXM4-80GB,A100-SXM4-80GB,,9700.0,1cb4d392-df77-5092-a407-ab8ee1286933,suitesparse_all,AG-Monien/ukerbe1,ukerbe1,5981,5981,15704,4,row-major,N,N,1.0,0.0,20260922,main,pass,pass,0,0,125632.0,61.976785,0.00695040002465,61.9837354,3.10578965002,18.075506381566353,0.0020268542899078007,0.04045090432933569,0.18634542661408612,2.0895405050595884e-05,0.00041701963226119276,cuSPARSE 12.8.6,CUDA,13040,13000,2026-10-08T01:21:34.423110+00:00,derived,csr-alg3,0,0,,,,5,20,4,true
3,A100-SXM4-80GB-suitesparse_all-fp64-n4-row-major-cuSPARSE-SpMM-CSR-solve-only,cuSPARSE-SpMM-CSR-best-solve-only,cuSPARSE CUDA 13.4.1 CSR PER MATRIX BEST,per-matrix-best,cuSPARSE-SpMM-CSR,best,solve-only,"csr-alg1,csr-alg2,csr-alg3,csr-default",manual-selection,csr,CUSPARSE_SPMM_CSR_ALG3,library-preprocess,spmm.csr.fp64,fp64,A100-SXM4-80GB,A100-SXM4-80GB,,9700.0,df7f742d-c1c4-51c9-b7da-d151d8293f2c,suitesparse_all,AG-Monien/ukerbe1_dual,ukerbe1_dual,1866,1866,7076,4,row-major,N,N,1.0,0.0,20260922,main,pass,pass,0,0,56608.0,57.813733,0.00583680011332,57.8195698001,2.89652345011,9.698464723987456,0.0009790456794422932,0.01954342886395421,0.0999841724122418,1.0093254427240137e-05,0.00020147864808200212,cuSPARSE 12.8.6,CUDA,13040,13000,2026-10-08T23:17:47.410644+00:00,derived,csr-alg3,0,0,,,,5,20,4,true
3,A100-SXM4-80GB-suitesparse_all-fp64-n4-row-major-cuSPARSE-SpMM-CSR-solve-only,cuSPARSE-SpMM-CSR-best-solve-only,cuSPARSE CUDA 13.4.1 CSR PER MATRIX BEST,per-matrix-best,cuSPARSE-SpMM-CSR,best,solve-only,"csr-alg1,csr-alg2,csr-alg3,csr-default",manual-selection,csr,CUSPARSE_SPMM_CSR_ALG3,library-preprocess,spmm.csr.fp64,fp64,A100-SXM4-80GB,A100-SXM4-80GB,,9700.0,0edb0287-e1df-52fd-b14b-f9e504b96222,suitesparse_all,AG-Monien/whitaker3_dual,whitaker3_dual,19190,19190,57162,4,row-major,N,N,1.0,0.0,20260922,main,pass,pass,0,0,457296.0,63.734106,0.0120832003653,63.7461892004,3.19878850037,37.845602669408876,0.007173699412248638,0.14295912341410041,0.3901608522619472,7.39556640438004e-05,0.0014738053960216537,cuSPARSE 12.8.6,CUDA,13040,13000,2026-10-07T20:49:18.779064+00:00,derived,csr-alg3,0,0,,,,5,20,4,true
3,A100-SXM4-80GB-suitesparse_all-fp64-n4-row-major-cuSPARSE-SpMM-CSR-solve-only,cuSPARSE-SpMM-CSR-best-solve-only,cuSPARSE CUDA 13.4.1 CSR PER MATRIX BEST,per-matrix-best,cuSPARSE-SpMM-CSR,best,solve-only,"csr-alg1,csr-alg2,csr-alg3,csr-default",manual-selection,csr,CUSPARSE_SPMM_CSR_ALG1,library-preprocess,spmm.csr.fp64,fp64,A100-SXM4-80GB,A100-SXM4-80GB,,9700.0,1cb4d392-df77-5092-a407-ab8ee1286933,suitesparse_all,Andrianov/ins2,ins2,309412,309412,2751484,4,row-major,N,N,1.0,0.0,20260922,main,pass,pass,0,0,22011872.0,0.13512,0.316774392128,0.451894392128,0.323530392128,69.48753607300931,48.71021279185313,68.03648910761784,0.7163663512681372,0.5021671421840529,0.7014071042022457,cuSPARSE 12.8.6,CUDA,13040,13000,2026-10-07T20:45:52.730334+00:00,derived,csr-alg1,0,0,,,,5,20,4,true
3,A100-SXM4-80GB-suitesparse_all-fp64-n4-row-major-cuSPARSE-SpMM-CSR-solve-only,cuSPARSE-SpMM-CSR-best-solve-only,cuSPARSE CUDA 13.4.1 CSR PER MATRIX BEST,per-matrix-best,cuSPARSE-SpMM-CSR,best,solve-only,"csr-alg1,csr-alg2,csr-alg3,csr-default",manual-selection,csr,CUSPARSE_SPMM_CSR_ALG1,library-preprocess,spmm.csr.fp64,fp64,A100-SXM4-80GB,A100-SXM4-80GB,,9700.0,df7f742d-c1c4-51c9-b7da-d151d8293f2c,suitesparse_all,Andrianov/lp1,lp1,534388,534388,1643420,4,row-major,N,N,1.0,0.0,20260922,main,pass,pass,0,0,13147360.0,62.238614,0.236083197594,62.4746971976,3.34801389759,55.68952019452882,0.21044295674481578,3.9269132094893213,0.5741187648920496,0.0021695150179877913,0.04048364133494146,cuSPARSE 12.8.6,CUDA,13040,13000,2026-10-08T17:43:52.583714+00:00,derived,csr-alg1,0,0,,,,5,20,4,true
3,A100-SXM4-80GB-suitesparse_all-fp64-n4-row-major-cuSPARSE-SpMM-CSR-solve-only,cuSPARSE-SpMM-CSR-best-solve-only,cuSPARSE CUDA 13.4.1 CSR PER MATRIX BEST,per-matrix-best,cuSPARSE-SpMM-CSR,best,solve-only,"csr-alg1,csr-alg2,csr-alg3,csr-default",manual-selection,csr,CUSPARSE_SPMM_CSR_ALG3,library-preprocess,spmm.csr.fp64,fp64,A100-SXM4-80GB,A100-SXM4-80GB,,9700.0,0edb0287-e1df-52fd-b14b-f9e504b96222,suitesparse_all,Andrianov/mip1,mip1,66463,66463,10352819,4,row-major,N,N,1.0,0.0,20260922,main,pass,pass,0,0,82822552.0,57.167523,0.389939188957,57.557462189,3.24831533896,212.39863636566452,1.4389542007261833,25.497078749293152,2.1896766635635516,0.014834579388929724,0.2628564819514758,cuSPARSE 12.8.6,CUDA,13040,13000,2026-10-07T20:11:03.921151+00:00,derived,csr-alg3,0,0,,,,5,20,4,true
3,A100-SXM4-80GB-suitesparse_all-fp64-n4-row-major-cuSPARSE-SpMM-CSR-solve-only,cuSPARSE-SpMM-CSR-best-solve-only,cuSPARSE CUDA 13.4.1 CSR PER MATRIX BEST,per-matrix-best,cuSPARSE-SpMM-CSR,best,solve-only,"csr-alg1,csr-alg2,csr-alg3,csr-default",manual-selection,csr,CUSPARSE_SPMM_CSR_ALG3,library-preprocess,spmm.csr.fp64,fp64,A100-SXM4-80GB,A100-SXM4-80GB,,9700.0,1cb4d392-df77-5092-a407-ab8ee1286933,suitesparse_all,Andrianov/net4-1,net4-1,88343,88343,2441727,4,row-major,N,N,1.0,0.0,20260922,main,pass,pass,0,0,19533816.0,53.850831,0.0918479979038,53.9426789979,2.7843895479,212.6754686635563,0.36212172555909683,7.015475264491097,2.192530604778931,0.003733213665557699,0.07232448726279482,cuSPARSE 12.8.6,CUDA,13040,13000,2026-10-08T01:01:50.883337+00:00,derived,csr-alg3,0,0,,,,5,20,4,true
3,A100-SXM4-80GB-suitesparse_all-fp64-n4-row-major-cuSPARSE-SpMM-CSR-solve-only,cuSPARSE-SpMM-CSR-best-solve-only,cuSPARSE CUDA 13.4.1 CSR PER MATRIX BEST,per-matrix-best,cuSPARSE-SpMM-CSR,best,solve-only,"csr-alg1,csr-alg2,csr-alg3,csr-default",manual-selection,csr,CUSPARSE_SPMM_CSR_ALG3,library-preprocess,spmm.csr.fp64,fp64,A100-SXM4-80GB,A100-SXM4-80GB,,9700.0,df7f742d-c1c4-51c9-b7da-d151d8293f2c,suitesparse_all,Andrianov/net50,net50,16320,16320,945200,4,row-major,N,N,1.0,0.0,20260922,main,pass,pass,0,0,7561600.0,45.435198,0.0262143999338,45.4614123999,2.29797429993,288.45214916593676,0.16633007205065703,3.2905502904146227,2.973733496556049,0.0017147430108315157,0.03392319887025384,cuSPARSE 12.8.6,CUDA,13040,13000,2026-10-08T22:54:29.327182+00:00,derived,csr-alg3,0,0,,,,5,20,4,true
3,A100-SXM4-80GB-suitesparse_all-fp64-n4-row-major-cuSPARSE-SpMM-CSR-solve-only,cuSPARSE-SpMM-CSR-best-solve-only,cuSPARSE CUDA 13.4.1 CSR PER MATRIX BEST,per-matrix-best,cuSPARSE-SpMM-CSR,best,solve-only,"csr-alg1,csr-alg2,csr-alg3,csr-default",manual-selection,csr,CUSPARSE_SPMM_CSR_ALG3,library-preprocess,spmm.csr.fp64,fp64,A100-SXM4-80GB,A100-SXM4-80GB,,9700.0,0edb0287-e1df-52fd-b14b-f9e504b96222,suitesparse_all,Andrianov/pattern1,pattern1,19242,19242,9323432,4,row-major,N,N,1.0,0.0,20260922,main,pass,pass,0,0,74587456.0,55.708392,0.302796792984,56.011188793,3.08821639298,246.3284213315339,1.331652793081256,24.152276430352803,2.539468261149834,0.013728379310116041,0.24899254051910105,cuSPARSE 12.8.6,CUDA,13040,13000,2026-10-07T20:11:23.379605+00:00,derived,csr-alg3,0,0,,,,5,20,4,true
3,A100-SXM4-80GB-suitesparse_all-fp64-n4-row-major-cuSPARSE-SpMM-CSR-solve-only,cuSPARSE-SpMM-CSR-best-solve-only,cuSPARSE CUDA 13.4.1 CSR PER MATRIX BEST,per-matrix-best,cuSPARSE-SpMM-CSR,best,solve-only,"csr-alg1,csr-alg2,csr-alg3,csr-default",manual-selection,csr,CUSPARSE_SPMM_CSR_ALG1,library-preprocess,spmm.csr.fp64,fp64,A100-SXM4-80GB,A100-SXM4-80GB,,9700.0,df7f742d-c1c4-51c9-b7da-d151d8293f2c,suitesparse_all,Arenas/celegans_metabolic,celegans_metabolic,453,453,4065,4,row-major,N,N,1.0,0.0,20260922,main,pass,pass,0,0,32520.0,0.08998,0.0157695993781,0.105749599378,0.0202685993781,2.062195698209181,0.30751889549725725,1.604452256091139,0.02125974946607403,0.003170297891724302,0.01654074490815607,cuSPARSE 12.8.6,CUDA,13040,13000,2026-10-08T18:07:33.849548+00:00,derived,csr-alg1,0,0,,,,5,20,4,true
3,A100-SXM4-80GB-suitesparse_all-fp64-n4-row-major-cuSPARSE-SpMM-CSR-solve-only,cuSPARSE-SpMM-CSR-best-solve-only,cuSPARSE CUDA 13.4.1 CSR PER MATRIX BEST,per-matrix-best,cuSPARSE-SpMM-CSR,best,solve-only,"csr-alg1,csr-alg2,csr-alg3,csr-default",manual-selection,csr,CUSPARSE_SPMM_CSR_ALG3,library-preprocess,spmm.csr.fp64,fp64,A100-SXM4-80GB,A100-SXM4-80GB,,9700.0,1cb4d392-df77-5092-a407-ab8ee1286933,suitesparse_all,Arenas/jazz,jazz,198,198,5484,4,row-major,N,N,1.0,0.0,20260922,main,pass,pass,0,0,43872.0,61.975484,0.0114688001573,61.9869528002,3.11024300016,3.825334768962301,0.0007077618437126732,0.014105650265186061,0.039436440917137126,7.2965138527079715e-06,0.00014541907489882538,cuSPARSE 12.8.6,CUDA,13040,13000,2026-10-08T01:21:32.403559+00:00,derived,csr-alg3,0,0,,,,5,20,4,true
3,A100-SXM4-80GB-suitesparse_all-fp64-n4-row-major-cuSPARSE-SpMM-CSR-solve-only,cuSPARSE-SpMM-CSR-best-solve-only,cuSPARSE CUDA 13.4.1 CSR PER MATRIX BEST,per-matrix-best,cuSPARSE-SpMM-CSR,best,solve-only,"csr-alg1,csr-alg2,csr-alg3,csr-default",manual-selection,csr,CUSPARSE_SPMM_CSR_ALG3,library-preprocess,spmm.csr.fp64,fp64,A100-SXM4-80GB,A100-SXM4-80GB,,9700.0,1cb4d392-df77-5092-a407-ab8ee1286933,suitesparse_all,ATandT/twotone,twotone,120750,120750,1224224,4,row-major,N,N,1.0,0.0,20260922,main,pass,pass,0,0,9793792.0,53.949132,0.0735231995583,54.0226551996,2.77097979956,133.2068253127918,0.18129045978607353,3.534414794923854,1.37326624033806,0.0018689738122275622,0.03643726592705004,cuSPARSE 12.8.6,CUDA,13040,13000,2026-10-08T00:55:24.228691+00:00,derived,csr-alg3,0,0,,,,5,20,4,true
3,A100-SXM4-80GB-suitesparse_all-fp64-n4-row-major-cuSPARSE-SpMM-CSR-solve-only,cuSPARSE-SpMM-CSR-best-solve-only,cuSPARSE CUDA 13.4.1 CSR PER MATRIX BEST,per-matrix-best,cuSPARSE-SpMM-CSR,best,solve-only,"csr-alg1,csr-alg2,csr-alg3,csr-default",manual-selection,csr,CUSPARSE_SPMM_CSR_ALG3,library-preprocess,spmm.csr.fp64,fp64,A100-SXM4-80GB,A100-SXM4-80GB,,9700.0,df7f742d-c1c4-51c9-b7da-d151d8293f2c,suitesparse_all,Averous/epb0,epb0,1794,1794,7764,4,row-major,N,N,1.0,0.0,20260922,main,pass,pass,0,0,62112.0,51.88754,0.00593920014799,51.8934792001,2.60031620015,10.457973877344498,0.001196913387913299,0.023886325823150683,0.1078141636839639,1.233931327745669e-05,0.00024625078168196584,cuSPARSE 12.8.6,CUDA,13040,13000,2026-10-08T22:47:45.601787+00:00,derived,csr-alg3,0,0,,,,5,20,4,true
3,A100-SXM4-80GB-suitesparse_all-fp64-n4-row-major-cuSPARSE-SpMM-CSR-solve-only,cuSPARSE-SpMM-CSR-best-solve-only,cuSPARSE CUDA 13.4.1 CSR PER MATRIX BEST,per-matrix-best,cuSPARSE-SpMM-CSR,best,solve-only,"csr-alg1,csr-alg2,csr-alg3,csr-default",manual-selection,csr,CUSPARSE_SPMM_CSR_ALG3,library-preprocess,spmm.csr.fp64,fp64,A100-SXM4-80GB,A100-SXM4-80GB,,9700.0,0edb0287-e1df-52fd-b14b-f9e504b96222,suitesparse_all,Averous/epb2,epb2,25228,25228,175027,4,row-major,N,N,1.0,0.0,20260922,main,pass,pass,0,0,1400216.0,51.874791,0.0159232005477,51.8907142005,2.60966275055,87.9355878113494,0.026983941569771422,0.5365505560842669,0.9065524516633958,0.0002781849646368188,0.005531449031796566,cuSPARSE 12.8.6,CUDA,13040,13000,2026-10-07T20:01:44.678938+00:00,derived,csr-alg3,0,0,,,,5,20,4,true
3,A100-SXM4-80GB-suitesparse_all-fp64-n4-row-major-cuSPARSE-SpMM-CSR-solve-only,cuSPARSE-SpMM-CSR-best-solve-only,cuSPARSE CUDA 13.4.1 CSR PER MATRIX BEST,per-matrix-best,cuSPARSE-SpMM-CSR,best,solve-only,"csr-alg1,csr-alg2,csr-alg3,csr-default",manual-selection,csr,CUSPARSE_SPMM_CSR_ALG3,library-preprocess,spmm.csr.fp64,fp64,A100-SXM4-80GB,A100-SXM4-80GB,,9700.0,1cb4d392-df77-5092-a407-ab8ee1286933,suitesparse_all,Bai/bfwa782,bfwa782,782,782,7514,4,row-major,N,N,1.0,0.0,20260922,main,pass,pass,0,0,60112.0,50.49427,0.00686080008745,50.5011308001,2.53157430009,8.761660336082208,0.001190309980145652,0.02374490845394621,0.09032639521734236,1.2271236908718061e-05,0.0002447928706592393,cuSPARSE 12.8.6,CUDA,13040,13000,2026-10-08T00:55:24.837717+00:00,derived,csr-alg3,0,0,,,,5,20,4,true
3,A100-SXM4-80GB-suitesparse_all-fp64-n4-row-major-cuSPARSE-SpMM-CSR-solve-only,cuSPARSE-SpMM-CSR-best-solve-only,cuSPARSE CUDA 13.4.1 CSR PER MATRIX BEST,per-matrix-best,cuSPARSE-SpMM-CSR,best,solve-only,"csr-alg1,csr-alg2,csr-alg3,csr-default",manual-selection,csr,CUSPARSE_SPMM_CSR_ALG3,library-preprocess,spmm.csr.fp64,fp64,A100-SXM4-80GB,A100-SXM4-80GB,,9700.0,df7f742d-c1c4-51c9-b7da-d151d8293f2c,suitesparse_all,Bai/bfwb398,bfwb398,398,398,2910,4,row-major,N,N,1.0,0.0,20260922,main,pass,pass,0,0,23280.0,53.730511,0.00588800013065,53.7363990001,2.69241355013,3.9538042600943393,0.0004332259033575487,0.008646517173736537,0.040760868660766385,4.466246426366482e-06,8.913935230656223e-05,cuSPARSE 12.8.6,CUDA,13040,13000,2026-10-08T22:47:46.388757+00:00,derived,csr-alg3,0,0,,,,5,20,4,true
3,A100-SXM4-80GB-suitesparse_all-fp64-n4-row-major-cuSPARSE-SpMM-CSR-solve-only,cuSPARSE-SpMM-CSR-best-solve-only,cuSPARSE CUDA 13.4.1 CSR PER MATRIX BEST,per-matrix-best,cuSPARSE-SpMM-CSR,best,solve-only,"csr-alg1,csr-alg2,csr-alg3,csr-default",manual-selection,csr,CUSPARSE_SPMM_CSR_ALG3,library-preprocess,spmm.csr.fp64,fp64,A100-SXM4-80GB,A100-SXM4-80GB,,9700.0,0edb0287-e1df-52fd-b14b-f9e504b96222,suitesparse_all,Bai/bfwb782,bfwb782,782,782,5982,4,row-major,N,N,1.0,0.0,20260922,main,pass,pass,0,0,47856.0,55.604402,0.00599040016532,55.6103924002,2.78621050017,7.988781830811731,0.0008605585742967692,0.01717601738888001,0.08235857557537866,8.871737879348136e-06,0.00017707234421525782,cuSPARSE 12.8.6,CUDA,13040,13000,2026-10-07T20:01:45.302051+00:00,derived,csr-alg3,0,0,,,,5,20,4,true
3,A100-SXM4-80GB-suitesparse_all-fp64-n4-row-major-cuSPARSE-SpMM-CSR-solve-only,cuSPARSE-SpMM-CSR-best-solve-only,cuSPARSE CUDA 13.4.1 CSR PER MATRIX BEST,per-matrix-best,cuSPARSE-SpMM-CSR,best,solve-only,"csr-alg1,csr-alg2,csr-alg3,csr-default",manual-selection,csr,CUSPARSE_SPMM_CSR_ALG3,library-preprocess,spmm.csr.fp64,fp64,A100-SXM4-80GB,A100-SXM4-80GB,,9700.0,1cb4d392-df77-5092-a407-ab8ee1286933,suitesparse_all,Bai/cdde3,cdde3,961,961,4681,4,row-major,N,N,1.0,0.0,20260922,main,pass,pass,0,0,37448.0,53.845302,0.00593920014799,53.8512412001,2.69820430015,6.305226135992993,0.0006953971564155974,0.013878860098888054,0.06500233129889683,7.169042849645335e-06,0.00014308103194729952,cuSPARSE 12.8.6,CUDA,13040,13000,2026-10-08T00:55:25.443154+00:00,derived,csr-alg3,0,0,,,,5,20,4,true
3,A100-SXM4-80GB-suitesparse_all-fp64-n4-row-major-cuSPARSE-SpMM-CSR-solve-only,cuSPARSE-SpMM-CSR-best-solve-only,cuSPARSE CUDA 13.4.1 CSR PER MATRIX BEST,per-matrix-best,cuSPARSE-SpMM-CSR,best,solve-only,"csr-alg1,csr-alg2,csr-alg3,csr-default",manual-selection,csr,CUSPARSE_SPMM_CSR_ALG3,library-preprocess,spmm.csr.fp64,fp64,A100-SXM4-80GB,A100-SXM4-80GB,,9700.0,df7f742d-c1c4-51c9-b7da-d151d8293f2c,suitesparse_all,Bai/cdde4,cdde4,961,961,4681,4,row-major,N,N,1.0,0.0,20260922,main,pass,pass,0,0,37448.0,54.054532,0.00568320006132,54.0602152001,2.70840980006,6.589245424399541,0.0006927090441906108,0.01382656346878172,0.06793036519999528,7.141330352480523e-06,0.00014254189143073938,cuSPARSE 12.8.6,CUDA,13040,13000,2026-10-08T22:47:46.994682+00:00,derived,csr-alg3,0,0,,,,5,20,4,true
3,A100-SXM4-80GB-suitesparse_all-fp64-n4-row-major-cuSPARSE-SpMM-CSR-solve-only,cuSPARSE-SpMM-CSR-best-solve-only,cuSPARSE CUDA 13.4.1 CSR PER MATRIX BEST,per-matrix-best,cuSPARSE-SpMM-CSR,best,solve-only,"csr-alg1,csr-alg2,csr-alg3,csr-default",manual-selection,csr,CUSPARSE_SPMM_CSR_ALG3,library-preprocess,spmm.csr.fp64,fp64,A100-SXM4-80GB,A100-SXM4-80GB,,9700.0,0edb0287-e1df-52fd-b14b-f9e504b96222,suitesparse_all,Bai/cdde6,cdde6,961,961,4681,4,row-major,N,N,1.0,0.0,20260922,main,pass,pass,0,0,37448.0,53.278412,0.00588800013065,53.2843000001,2.66980860013,6.360054206701582,0.0007027961331936372,0.01402647365739123,0.06556756914125342,7.245320960759146e-06,0.00014460282121021885,cuSPARSE 12.8.6,CUDA,13040,13000,2026-10-07T20:01:46.203953+00:00,derived,csr-alg3,0,0,,,,5,20,4,true
3,A100-SXM4-80GB-suitesparse_all-fp64-n4-row-major-cuSPARSE-SpMM-CSR-solve-only,cuSPARSE-SpMM-CSR-best-solve-only,cuSPARSE CUDA 13.4.1 CSR PER MATRIX BEST,per-matrix-best,cuSPARSE-SpMM-CSR,best,solve-only,"csr-alg1,csr-alg2,csr-alg3,csr-default",manual-selection,csr,CUSPARSE_SPMM_CSR_ALG3,library-preprocess,spmm.csr.fp64,fp64,A100-SXM4-80GB,A100-SXM4-80GB,,9700.0,1cb4d392-df77-5092-a407-ab8ee1286933,suitesparse_all,Bai/dw2048,dw2048,2048,2048,10114,4,row-major,N,N,1.0,0.0,20260922,main,pass,pass,0,0,80912.0,52.982511,0.00593920014799,52.9884502001,2.65506475015,13.623383281229039,0.001526974268816175,0.03047458635252824,0.14044725032194885,1.5742002771300773e-05,0.0003141709933250334,cuSPARSE 12.8.6,CUDA,13040,13000,2026-10-08T01:05:34.831395+00:00,derived,csr-alg3,0,0,,,,5,20,4,true
3,A100-SXM4-80GB-suitesparse_all-fp64-n4-row-major-cuSPARSE-SpMM-CSR-solve-only,cuSPARSE-SpMM-CSR-best-solve-only,cuSPARSE CUDA 13.4.1 CSR PER MATRIX BEST,per-matrix-best,cuSPARSE-SpMM-CSR,best,solve-only,"csr-alg1,csr-alg2,csr-alg3,csr-default",manual-selection,csr,CUSPARSE_SPMM_CSR_ALG3,library-preprocess,spmm.csr.fp64,fp64,A100-SXM4-80GB,A100-SXM4-80GB,,9700.0,1cb4d392-df77-5092-a407-ab8ee1286933,suitesparse_all,Bai/dw256A,dw256A,512,512,2480,4,row-major,N,N,1.0,0.0,20260922,main,pass,pass,0,0,19840.0,53.169592,0.00578560009599,53.1753776001,2.6642652001,3.4292034829284357,0.0003731050139258944,0.007446706130926955,0.035352613226066344,3.846443442534994e-06,7.677016629821603e-05,cuSPARSE 12.8.6,CUDA,13040,13000,2026-10-08T00:55:26.051709+00:00,derived,csr-alg3,0,0,,,,5,20,4,true
3,A100-SXM4-80GB-suitesparse_all-fp64-n4-row-major-cuSPARSE-SpMM-CSR-solve-only,cuSPARSE-SpMM-CSR-best-solve-only,cuSPARSE CUDA 13.4.1 CSR PER MATRIX BEST,per-matrix-best,cuSPARSE-SpMM-CSR,best,solve-only,"csr-alg1,csr-alg2,csr-alg3,csr-default",manual-selection,csr,CUSPARSE_SPMM_CSR_ALG3,library-preprocess,spmm.csr.fp64,fp64,A100-SXM4-80GB,A100-SXM4-80GB,,9700.0,df7f742d-c1c4-51c9-b7da-d151d8293f2c,suitesparse_all,Bai/dw256B,dw256B,512,512,2500,4,row-major,N,N,1.0,0.0,20260922,main,pass,pass,0,0,20000.0,52.358841,0.00568320006132,52.3645242001,2.62362525006,3.5191441061736493,0.00038193796860588696,0.007623039913776794,0.03627983614612009,3.9375048309885255e-06,7.858804034821437e-05,cuSPARSE 12.8.6,CUDA,13040,13000,2026-10-08T22:47:47.587771+00:00,derived,csr-alg3,0,0,,,,5,20,4,true
3,A100-SXM4-80GB-suitesparse_all-fp64-n4-row-major-cuSPARSE-SpMM-CSR-solve-only,cuSPARSE-SpMM-CSR-best-solve-only,cuSPARSE CUDA 13.4.1 CSR PER MATRIX BEST,per-matrix-best,cuSPARSE-SpMM-CSR,best,solve-only,"csr-alg1,csr-alg2,csr-alg3,csr-default",manual-selection,csr,CUSPARSE_SPMM_CSR_ALG3,library-preprocess,spmm.csr.fp64,fp64,A100-SXM4-80GB,A100-SXM4-80GB,,9700.0,df7f742d-c1c4-51c9-b7da-d151d8293f2c,suitesparse_all,Bai/dw8192,dw8192,8192,8192,41746,4,row-major,N,N,1.0,0.0,20260922,main,pass,pass,0,0,333968.0,56.549103,0.0086064003408,56.5577094003,2.83606155034,38.80460898580002,0.005904906749958098,0.11775766994900459,0.40004751531752597,6.087532731915565e-05,0.0012139965974124185,cuSPARSE 12.8.6,CUDA,13040,13000,2026-10-08T22:58:41.000176+00:00,derived,csr-alg3,0,0,,,,5,20,4,true
3,A100-SXM4-80GB-suitesparse_all-fp64-n4-row-major-cuSPARSE-SpMM-CSR-solve-only,cuSPARSE-SpMM-CSR-best-solve-only,cuSPARSE CUDA 13.4.1 CSR PER MATRIX BEST,per-matrix-best,cuSPARSE-SpMM-CSR,best,solve-only,"csr-alg1,csr-alg2,csr-alg3,csr-default",manual-selection,csr,CUSPARSE_SPMM_CSR_ALG3,library-preprocess,spmm.csr.fp64,fp64,A100-SXM4-80GB,A100-SXM4-80GB,,9700.0,0edb0287-e1df-52fd-b14b-f9e504b96222,suitesparse_all,Bai/dwb512,dwb512,512,512,2500,4,row-major,N,N,1.0,0.0,20260922,main,pass,pass,0,0,20000.0,58.674534,0.00563200004399,58.680166,2.93935870004,3.551136335899417,0.0003408306649984596,0.006804205284549936,0.036609652947416665,3.513718195860408e-06,7.014644623247357e-05,cuSPARSE 12.8.6,CUDA,13040,13000,2026-10-07T20:13:09.360933+00:00,derived,csr-alg3,0,0,,,,5,20,4,true
3,A100-SXM4-80GB-suitesparse_all-fp64-n4-row-major-cuSPARSE-SpMM-CSR-solve-only,cuSPARSE-SpMM-CSR-best-solve-only,cuSPARSE CUDA 13.4.1 CSR PER MATRIX BEST,per-matrix-best,cuSPARSE-SpMM-CSR,best,solve-only,"csr-alg1,csr-alg2,csr-alg3,csr-default",manual-selection,csr,CUSPARSE_SPMM_CSR_ALG3,library-preprocess,spmm.csr.fp64,fp64,A100-SXM4-80GB,A100-SXM4-80GB,,9700.0,0edb0287-e1df-52fd-b14b-f9e504b96222,suitesparse_all,Bai/lop163,lop163,163,163,935,4,row-major,N,N,1.0,0.0,20260922,main,pass,pass,0,0,7480.0,54.879262,0.00573440007865,54.8849964001,2.74969750008,1.30440846425228,0.00013628496839960386,0.002720299232836476,0.013447509940745154,1.4049996742227203e-06,2.8044321988004908e-05,cuSPARSE 12.8.6,CUDA,13040,13000,2026-10-07T20:01:46.900966+00:00,derived,csr-alg3,0,0,,,,5,20,4,true
3,A100-SXM4-80GB-suitesparse_all-fp64-n4-row-major-cuSPARSE-SpMM-CSR-solve-only,cuSPARSE-SpMM-CSR-best-solve-only,cuSPARSE CUDA 13.4.1 CSR PER MATRIX BEST,per-matrix-best,cuSPARSE-SpMM-CSR,best,solve-only,"csr-alg1,csr-alg2,csr-alg3,csr-default",manual-selection,csr,CUSPARSE_SPMM_CSR_ALG3,library-preprocess,spmm.csr.fp64,fp64,A100-SXM4-80GB,A100-SXM4-80GB,,9700.0,1cb4d392-df77-5092-a407-ab8ee1286933,suitesparse_all,Bai/mhd3200a,mhd3200a,3200,3200,68026,4,row-major,N,N,1.0,0.0,20260922,main,pass,pass,0,0,544208.0,51.682431,0.00834560021758,51.6907766002,2.59246715022,65.20897069256041,0.010528145170059107,0.209918956910917,0.6722574298202105,0.0001085375790727743,0.0021641129578445053,cuSPARSE 12.8.6,CUDA,13040,13000,2026-10-08T01:05:35.897997+00:00,derived,csr-alg3,0,0,,,,5,20,4,true
3,A100-SXM4-80GB-suitesparse_all-fp64-n4-row-major-cuSPARSE-SpMM-CSR-solve-only,cuSPARSE-SpMM-CSR-best-solve-only,cuSPARSE CUDA 13.4.1 CSR PER MATRIX BEST,per-matrix-best,cuSPARSE-SpMM-CSR,best,solve-only,"csr-alg1,csr-alg2,csr-alg3,csr-default",manual-selection,csr,CUSPARSE_SPMM_CSR_ALG3,library-preprocess,spmm.csr.fp64,fp64,A100-SXM4-80GB,A100-SXM4-80GB,,9700.0,df7f742d-c1c4-51c9-b7da-d151d8293f2c,suitesparse_all,Bai/mhd3200b,mhd3200b,3200,3200,18316,4,row-major,N,N,1.0,0.0,20260922,main,pass,pass,0,0,146528.0,60.607284,0.00624639987946,60.6135303999,3.03661059988,23.457992255959653,0.0024174140498544818,0.04825379981410539,0.24183497171092425,2.4921794328396716e-05,0.0004974618537536638,cuSPARSE 12.8.6,CUDA,13040,13000,2026-10-08T22:58:41.928777+00:00,derived,csr-alg3,0,0,,,,5,20,4,true
3,A100-SXM4-80GB-suitesparse_all-fp64-n4-row-major-cuSPARSE-SpMM-CSR-solve-only,cuSPARSE-SpMM-CSR-best-solve-only,cuSPARSE CUDA 13.4.1 CSR PER MATRIX BEST,per-matrix-best,cuSPARSE-SpMM-CSR,best,solve-only,"csr-alg1,csr-alg2,csr-alg3,csr-default",manual-selection,csr,CUSPARSE_SPMM_CSR_ALG3,library-preprocess,spmm.csr.fp64,fp64,A100-SXM4-80GB,A100-SXM4-80GB,,9700.0,0edb0287-e1df-52fd-b14b-f9e504b96222,suitesparse_all,Bai/mhd4800b,mhd4800b,4800,4800,27520,4,row-major,N,N,1.0,0.0,20260922,main,pass,pass,0,0,220160.0,58.621684,0.00706560015678,58.6287496002,2.93814980016,31.159419598452534,0.0037551542801323697,0.07493150961465986,0.3212311298809539,3.871293072301412e-05,0.0007724897898418543,cuSPARSE 12.8.6,CUDA,13040,13000,2026-10-07T20:13:10.465298+00:00,derived,csr-alg3,0,0,,,,5,20,4,true
3,A100-SXM4-80GB-suitesparse_all-fp64-n4-row-major-cuSPARSE-SpMM-CSR-solve-only,cuSPARSE-SpMM-CSR-best-solve-only,cuSPARSE CUDA 13.4.1 CSR PER MATRIX BEST,per-matrix-best,cuSPARSE-SpMM-CSR,best,solve-only,"csr-alg1,csr-alg2,csr-alg3,csr-default",manual-selection,csr,CUSPARSE_SPMM_CSR_ALG3,library-preprocess,spmm.csr.fp64,fp64,A100-SXM4-80GB,A100-SXM4-80GB,,9700.0,1cb4d392-df77-5092-a407-ab8ee1286933,suitesparse_all,Bai/olm100,olm100,100,100,396,4,row-major,N,N,1.0,0.0,20260922,main,pass,pass,0,0,3168.0,53.813851,0.00558080002666,53.8194318,2.69627335003,0.5676605477469484,5.886349770047183e-05,0.0011749550541545618,0.005852170595329365,6.06840182479091e-07,1.211293870262435e-05,cuSPARSE 12.8.6,CUDA,13040,13000,2026-10-08T00:55:26.639447+00:00,derived,csr-alg3,0,0,,,,5,20,4,true
3,A100-SXM4-80GB-suitesparse_all-fp64-n4-row-major-cuSPARSE-SpMM-CSR-solve-only,cuSPARSE-SpMM-CSR-best-solve-only,cuSPARSE CUDA 13.4.1 CSR PER MATRIX BEST,per-matrix-best,cuSPARSE-SpMM-CSR,best,solve-only,"csr-alg1,csr-alg2,csr-alg3,csr-default",manual-selection,csr,CUSPARSE_SPMM_CSR_ALG3,library-preprocess,spmm.csr.fp64,fp64,A100-SXM4-80GB,A100-SXM4-80GB,,9700.0,df7f742d-c1c4-51c9-b7da-d151d8293f2c,suitesparse_all,Bai/olm1000,olm1000,1000,1000,3996,4,row-major,N,N,1.0,0.0,20260922,main,pass,pass,0,0,31968.0,53.162971,0.00573440007865,53.1687054001,2.66388295008,5.5747767092535945,0.000601255941054752,0.012000527275059123,0.05747192483766592,6.1985148562345575e-06,0.00012371677603153735,cuSPARSE 12.8.6,CUDA,13040,13000,2026-10-08T22:47:48.227050+00:00,derived,csr-alg3,0,0,,,,5,20,4,true
3,A100-SXM4-80GB-suitesparse_all-fp64-n4-row-major-cuSPARSE-SpMM-CSR-solve-only,cuSPARSE-SpMM-CSR-best-solve-only,cuSPARSE CUDA 13.4.1 CSR PER MATRIX BEST,per-matrix-best,cuSPARSE-SpMM-CSR,best,solve-only,"csr-alg1,csr-alg2,csr-alg3,csr-default",manual-selection,csr,CUSPARSE_SPMM_CSR_ALG3,library-preprocess,spmm.csr.fp64,fp64,A100-SXM4-80GB,A100-SXM4-80GB,,9700.0,0edb0287-e1df-52fd-b14b-f9e504b96222,suitesparse_all,Bai/olm500,olm500,500,500,1996,4,row-major,N,N,1.0,0.0,20260922,main,pass,pass,0,0,15968.0,50.879681,0.00568320006132,50.8853642001,2.54966725006,2.8096846543690415,0.00031380339417848996,0.0062627780152975775,0.028965821179062285,3.2350865379225768e-06,6.456472180719152e-05,cuSPARSE 12.8.6,CUDA,13040,13000,2026-10-07T20:01:47.503196+00:00,derived,csr-alg3,0,0,,,,5,20,4,true
3,A100-SXM4-80GB-suitesparse_all-fp64-n4-row-major-cuSPARSE-SpMM-CSR-solve-only,cuSPARSE-SpMM-CSR-best-solve-only,cuSPARSE CUDA 13.4.1 CSR PER MATRIX BEST,per-matrix-best,cuSPARSE-SpMM-CSR,best,solve-only,"csr-alg1,csr-alg2,csr-alg3,csr-default",manual-selection,csr,CUSPARSE_SPMM_CSR_ALG3,library-preprocess,spmm.csr.fp64,fp64,A100-SXM4-80GB,A100-SXM4-80GB,,9700.0,1cb4d392-df77-5092-a407-ab8ee1286933,suitesparse_all,Bai/qc2534,qc2534,2534,2534,463360,4,row-major,N,N,1.0,0.0,20260922,main,pass,pass,0,0,3706880.0,54.035312,0.0205311998725,54.0558431999,2.72229679987,180.54862955014568,0.06857501022214851,1.361673716171219,1.8613260778365535,0.0007069588682695723,0.014037873362589886,cuSPARSE 12.8.6,CUDA,13040,13000,2026-10-08T00:55:28.215227+00:00,derived,csr-alg3,0,0,,,,5,20,4,true
3,A100-SXM4-80GB-suitesparse_all-fp64-n4-row-major-cuSPARSE-SpMM-CSR-solve-only,cuSPARSE-SpMM-CSR-best-solve-only,cuSPARSE CUDA 13.4.1 CSR PER MATRIX BEST,per-matrix-best,cuSPARSE-SpMM-CSR,best,solve-only,"csr-alg1,csr-alg2,csr-alg3,csr-default",manual-selection,csr,CUSPARSE_SPMM_CSR_ALG3,library-preprocess,spmm.csr.fp64,fp64,A100-SXM4-80GB,A100-SXM4-80GB,,9700.0,df7f742d-c1c4-51c9-b7da-d151d8293f2c,suitesparse_all,Bai/qc324,qc324,324,324,26730,4,row-major,N,N,1.0,0.0,20260922,main,pass,pass,0,0,213840.0,54.876392,0.0118271999061,54.8882191999,2.75564679991,18.080357286402997,0.003895917978705157,0.07760065622596628,0.18639543594229893,4.016410287324904e-05,0.0008000067652161472,cuSPARSE 12.8.6,CUDA,13040,13000,2026-10-08T22:47:48.931834+00:00,derived,csr-alg3,0,0,,,,5,20,4,true
3,A100-SXM4-80GB-suitesparse_all-fp64-n4-row-major-cuSPARSE-SpMM-CSR-solve-only,cuSPARSE-SpMM-CSR-best-solve-only,cuSPARSE CUDA 13.4.1 CSR PER MATRIX BEST,per-matrix-best,cuSPARSE-SpMM-CSR,best,solve-only,"csr-alg1,csr-alg2,csr-alg3,csr-default",manual-selection,csr,CUSPARSE_SPMM_CSR_ALG3,library-preprocess,spmm.csr.fp64,fp64,A100-SXM4-80GB,A100-SXM4-80GB,,9700.0,0edb0287-e1df-52fd-b14b-f9e504b96222,suitesparse_all,Bai/rbsa480,rbsa480,480,480,17088,4,row-major,N,N,1.0,0.0,20260922,main,pass,pass,0,0,136704.0,55.809762,0.00819199979305,55.8179539998,2.79868009979,16.68750042156716,0.0024491044584057996,0.04884588274674824,0.17203608682028002,2.524849957119381e-05,0.0005035658015128684,cuSPARSE 12.8.6,CUDA,13040,13000,2026-10-07T20:01:48.175101+00:00,derived,csr-alg3,0,0,,,,5,20,4,true
3,A100-SXM4-80GB-suitesparse_all-fp64-n4-row-major-cuSPARSE-SpMM-CSR-solve-only,cuSPARSE-SpMM-CSR-best-solve-only,cuSPARSE CUDA 13.4.1 CSR PER MATRIX BEST,per-matrix-best,cuSPARSE-SpMM-CSR,best,solve-only,"csr-alg1,csr-alg2,csr-alg3,csr-default",manual-selection,csr,CUSPARSE_SPMM_CSR_ALG3,library-preprocess,spmm.csr.fp64,fp64,A100-SXM4-80GB,A100-SXM4-80GB,,9700.0,1cb4d392-df77-5092-a407-ab8ee1286933,suitesparse_all,Bai/rdb200,rdb200,200,200,1120,4,row-major,N,N,1.0,0.0,20260922,main,pass,pass,0,0,8960.0,52.891862,0.00563200004399,52.897494,2.65022510004,1.5909090784829387,0.0001693842056109501,0.003380844894973173,0.016401124520442668,1.7462289238242277e-06,3.485407108219766e-05,cuSPARSE 12.8.6,CUDA,13040,13000,2026-10-08T01:05:36.498423+00:00,derived,csr-alg3,0,0,,,,5,20,4,true
3,A100-SXM4-80GB-suitesparse_all-fp64-n4-row-major-cuSPARSE-SpMM-CSR-solve-only,cuSPARSE-SpMM-CSR-best-solve-only,cuSPARSE CUDA 13.4.1 CSR PER MATRIX BEST,per-matrix-best,cuSPARSE-SpMM-CSR,best,solve-only,"csr-alg1,csr-alg2,csr-alg3,csr-default",manual-selection,csr,CUSPARSE_SPMM_CSR_ALG3,library-preprocess,spmm.csr.fp64,fp64,A100-SXM4-80GB,A100-SXM4-80GB,,9700.0,df7f742d-c1c4-51c9-b7da-d151d8293f2c,suitesparse_all,Bai/rdb200l,rdb200l,200,200,1120,4,row-major,N,N,1.0,0.0,20260922,main,pass,pass,0,0,8960.0,57.846232,0.00565439984202,57.8518863998,2.89796599984,1.5846067222580946,0.00015487826858539525,0.0030918237137684476,0.016336151775856646,1.5966831812927348e-06,3.187447127596338e-05,cuSPARSE 12.8.6,CUDA,13040,13000,2026-10-08T22:58:42.860575+00:00,derived,csr-alg3,0,0,,,,5,20,4,true
3,A100-SXM4-80GB-suitesparse_all-fp64-n4-row-major-cuSPARSE-SpMM-CSR-solve-only,cuSPARSE-SpMM-CSR-best-solve-only,cuSPARSE CUDA 13.4.1 CSR PER MATRIX BEST,per-matrix-best,cuSPARSE-SpMM-CSR,best,solve-only,"csr-alg1,csr-alg2,csr-alg3,csr-default",manual-selection,csr,CUSPARSE_SPMM_CSR_ALG3,library-preprocess,spmm.csr.fp64,fp64,A100-SXM4-80GB,A100-SXM4-80GB,,9700.0,0edb0287-e1df-52fd-b14b-f9e504b96222,suitesparse_all,Bai/rdb3200l,rdb3200l,3200,3200,18880,4,row-major,N,N,1.0,0.0,20260922,main,pass,pass,0,0,151040.0,59.677404,0.00604160018265,59.6834456002,2.98991180018,24.999999244198577,0.002530684991140891,0.050516540317646505,0.25773195097111934,2.6089535991143207e-05,0.0005207890754396546,cuSPARSE 12.8.6,CUDA,13040,13000,2026-10-07T20:13:11.584882+00:00,derived,csr-alg3,0,0,,,,5,20,4,true
3,A100-SXM4-80GB-suitesparse_all-fp64-n4-row-major-cuSPARSE-SpMM-CSR-solve-only,cuSPARSE-SpMM-CSR-best-solve-only,cuSPARSE CUDA 13.4.1 CSR PER MATRIX BEST,per-matrix-best,cuSPARSE-SpMM-CSR,best,solve-only,"csr-alg1,csr-alg2,csr-alg3,csr-default",manual-selection,csr,CUSPARSE_SPMM_CSR_ALG3,library-preprocess,spmm.csr.fp64,fp64,A100-SXM4-80GB,A100-SXM4-80GB,,9700.0,1cb4d392-df77-5092-a407-ab8ee1286933,suitesparse_all,Bai/rw136,rw136,136,136,479,4,row-major,N,N,1.0,0.0,20260922,main,pass,pass,0,0,3832.0,51.73414,0.00558080002666,51.7397208,2.59228780003,0.6866399049767381,7.406302045603617e-05,0.0014782309278914374,0.0070787619069766815,7.635362933611976e-07,1.5239494101973582e-05,cuSPARSE 12.8.6,CUDA,13040,13000,2026-10-08T00:55:28.827429+00:00,derived,csr-alg3,0,0,,,,5,20,4,true
3,A100-SXM4-80GB-suitesparse_all-fp64-n4-row-major-cuSPARSE-SpMM-CSR-solve-only,cuSPARSE-SpMM-CSR-best-solve-only,cuSPARSE CUDA 13.4.1 CSR PER MATRIX BEST,per-matrix-best,cuSPARSE-SpMM-CSR,best,solve-only,"csr-alg1,csr-alg2,csr-alg3,csr-default",manual-selection,csr,CUSPARSE_SPMM_CSR_ALG3,library-preprocess,spmm.csr.fp64,fp64,A100-SXM4-80GB,A100-SXM4-80GB,,9700.0,df7f742d-c1c4-51c9-b7da-d151d8293f2c,suitesparse_all,Bai/rw496,rw496,496,496,1859,4,row-major,N,N,1.0,0.0,20260922,main,pass,pass,0,0,14872.0,62.337245,0.00563200004399,62.342877,3.12249425004,2.640624979374806,0.00023855171136872623,0.004762859050840362,0.027222937931699033,2.459295993492023e-06,4.9101639699385175e-05,cuSPARSE 12.8.6,CUDA,13040,13000,2026-10-08T22:47:49.747594+00:00,derived,csr-alg3,0,0,,,,5,20,4,true
3,A100-SXM4-80GB-suitesparse_all-fp64-n4-row-major-cuSPARSE-SpMM-CSR-solve-only,cuSPARSE-SpMM-CSR-best-solve-only,cuSPARSE CUDA 13.4.1 CSR PER MATRIX BEST,per-matrix-best,cuSPARSE-SpMM-CSR,best,solve-only,"csr-alg1,csr-alg2,csr-alg3,csr-default",manual-selection,csr,CUSPARSE_SPMM_CSR_ALG3,library-preprocess,spmm.csr.fp64,fp64,A100-SXM4-80GB,A100-SXM4-80GB,,9700.0,1cb4d392-df77-5092-a407-ab8ee1286933,suitesparse_all,Bai/tols2000,tols2000,2000,2000,5184,4,row-major,N,N,1.0,0.0,20260922,main,pass,pass,0,0,41472.0,51.363521,0.0121344000101,51.3756554,2.58031045001,3.4177215161426204,0.0008072305779285495,0.0160724846112371,0.03523424243446,8.321964720912881e-06,0.0001656957176416196,cuSPARSE 12.8.6,CUDA,13040,13000,2026-10-08T01:05:37.117671+00:00,derived,csr-alg3,0,0,,,,5,20,4,true
3,A100-SXM4-80GB-suitesparse_all-fp64-n4-row-major-cuSPARSE-SpMM-CSR-solve-only,cuSPARSE-SpMM-CSR-best-solve-only,cuSPARSE CUDA 13.4.1 CSR PER MATRIX BEST,per-matrix-best,cuSPARSE-SpMM-CSR,best,solve-only,"csr-alg1,csr-alg2,csr-alg3,csr-default",manual-selection,csr,CUSPARSE_SPMM_CSR_ALG3,library-preprocess,spmm.csr.fp64,fp64,A100-SXM4-80GB,A100-SXM4-80GB,,9700.0,df7f742d-c1c4-51c9-b7da-d151d8293f2c,suitesparse_all,Bai/tols340,tols340,340,340,2196,4,row-major,N,N,1.0,0.0,20260922,main,pass,pass,0,0,17568.0,59.148293,0.0119744002819,59.1602674003,2.96938905028,1.4671298425320767,0.00029695606142427465,0.005916368553438094,0.0151250499230111,3.061402695095615e-06,6.0993490241629834e-05,cuSPARSE 12.8.6,CUDA,13040,13000,2026-10-08T22:58:43.526433+00:00,derived,csr-alg3,0,0,,,,5,20,4,true
3,A100-SXM4-80GB-suitesparse_all-fp64-n4-row-major-cuSPARSE-SpMM-CSR-solve-only,cuSPARSE-SpMM-CSR-best-solve-only,cuSPARSE CUDA 13.4.1 CSR PER MATRIX BEST,per-matrix-best,cuSPARSE-SpMM-CSR,best,solve-only,"csr-alg1,csr-alg2,csr-alg3,csr-default",manual-selection,csr,CUSPARSE_SPMM_CSR_ALG3,library-preprocess,spmm.csr.fp64,fp64,A100-SXM4-80GB,A100-SXM4-80GB,,9700.0,0edb0287-e1df-52fd-b14b-f9e504b96222,suitesparse_all,Bai/tols90,tols90,90,90,1746,4,row-major,N,N,1.0,0.0,20260922,main,pass,pass,0,0,13968.0,57.267213,0.011571200192,57.2787842002,2.87493185019,1.2071349357223184,0.0002438599246656361,0.004858549951045579,0.012444690058992973,2.5140198419137743e-06,5.0088143825212155e-05,cuSPARSE 12.8.6,CUDA,13040,13000,2026-10-07T20:13:12.218885+00:00,derived,csr-alg3,0,0,,,,5,20,4,true
3,A100-SXM4-80GB-suitesparse_all-fp64-n4-row-major-cuSPARSE-SpMM-CSR-solve-only,cuSPARSE-SpMM-CSR-best-solve-only,cuSPARSE CUDA 13.4.1 CSR PER MATRIX BEST,per-matrix-best,cuSPARSE-SpMM-CSR,best,solve-only,"csr-alg1,csr-alg2,csr-alg3,csr-default",manual-selection,csr,CUSPARSE_SPMM_CSR_ALG3,library-preprocess,spmm.csr.fp64,fp64,A100-SXM4-80GB,A100-SXM4-80GB,,9700.0,0edb0287-e1df-52fd-b14b-f9e504b96222,suitesparse_all,Bai/tub100,tub100,100,100,396,4,row-major,N,N,1.0,0.0,20260922,main,pass,pass,0,0,3168.0,54.270602,0.00563200004399,54.276234,2.71916210004,0.5624999956064676,5.836808795540236e-05,0.0011650647822553121,0.0057989690268708,6.017328655196119e-07,1.20109771366527e-05,cuSPARSE 12.8.6,CUDA,13040,13000,2026-10-07T20:01:48.792924+00:00,derived,csr-alg3,0,0,,,,5,20,4,true
3,A100-SXM4-80GB-suitesparse_all-fp64-n4-row-major-cuSPARSE-SpMM-CSR-solve-only,cuSPARSE-SpMM-CSR-best-solve-only,cuSPARSE CUDA 13.4.1 CSR PER MATRIX BEST,per-matrix-best,cuSPARSE-SpMM-CSR,best,solve-only,"csr-alg1,csr-alg2,csr-alg3,csr-default",manual-selection,csr,CUSPARSE_SPMM_CSR_ALG1,library-preprocess,spmm.csr.fp64,fp64,A100-SXM4-80GB,A100-SXM4-80GB,,9700.0,1cb4d392-df77-5092-a407-ab8ee1286933,suitesparse_all,Barabasi/NotreDame_www,NotreDame_www,325729,325729,929849,4,row-major,N,N,1.0,0.0,20260922,main,pass,pass,0,0,7438792.0,0.14736,0.109105598927,0.256465598927,0.116473598927,68.17974579817046,29.00502847603108,63.866765245764185,0.7028839773007264,0.29902091212403176,0.6584202602656101,cuSPARSE 12.8.6,CUDA,13040,13000,2026-10-07T20:48:47.313871+00:00,derived,csr-alg1,0,0,,,,5,20,4,true
3,A100-SXM4-80GB-suitesparse_all-fp64-n4-row-major-cuSPARSE-SpMM-CSR-solve-only,cuSPARSE-SpMM-CSR-best-solve-only,cuSPARSE CUDA 13.4.1 CSR PER MATRIX BEST,per-matrix-best,cuSPARSE-SpMM-CSR,best,solve-only,"csr-alg1,csr-alg2,csr-alg3,csr-default",manual-selection,csr,CUSPARSE_SPMM_CSR_ALG3,library-preprocess,spmm.csr.fp64,fp64,A100-SXM4-80GB,A100-SXM4-80GB,,9700.0,df7f742d-c1c4-51c9-b7da-d151d8293f2c,suitesparse_all,Barabasi/NotreDame_yeast,NotreDame_yeast,2114,2114,4480,4,row-major,N,N,1.0,0.0,20260922,main,pass,pass,0,0,35840.0,68.912647,0.00998400002718,68.922631,3.45561635003,3.5897435799710307,0.0005200033643521241,0.010371521711224931,0.03700766577289723,5.360859426310558e-06,0.00010692290423943228,cuSPARSE 12.8.6,CUDA,13040,13000,2026-10-08T22:57:32.363876+00:00,derived,csr-alg3,0,0,,,,5,20,4,true
3,A100-SXM4-80GB-suitesparse_all-fp64-n4-row-major-cuSPARSE-SpMM-CSR-solve-only,cuSPARSE-SpMM-CSR-best-solve-only,cuSPARSE CUDA 13.4.1 CSR PER MATRIX BEST,per-matrix-best,cuSPARSE-SpMM-CSR,best,solve-only,"csr-alg1,csr-alg2,csr-alg3,csr-default",manual-selection,csr,CUSPARSE_SPMM_CSR_ALG1,library-preprocess,spmm.csr.fp64,fp64,A100-SXM4-80GB,A100-SXM4-80GB,,9700.0,0edb0287-e1df-52fd-b14b-f9e504b96222,suitesparse_all,Bates/Chem97ZtZ,Chem97ZtZ,2541,2541,7361,4,row-major,N,N,1.0,0.0,20260922,main,pass,pass,0,0,58888.0,0.05791,0.0132095992565,0.0711195992565,0.0161050992565,4.457970212156375,0.8280136645260683,3.6564816560340585,0.045958455795426546,0.008536223345629571,0.03769568717560885,cuSPARSE 12.8.6,CUDA,13040,13000,2026-10-07T15:39:19.214008+00:00,derived,csr-alg1,0,0,,,,5,20,4,true
3,A100-SXM4-80GB-suitesparse_all-fp64-n4-row-major-cuSPARSE-SpMM-CSR-solve-only,cuSPARSE-SpMM-CSR-best-solve-only,cuSPARSE CUDA 13.4.1 CSR PER MATRIX BEST,per-matrix-best,cuSPARSE-SpMM-CSR,best,solve-only,"csr-alg1,csr-alg2,csr-alg3,csr-default",manual-selection,csr,CUSPARSE_SPMM_CSR_ALG1,library-preprocess,spmm.csr.fp64,fp64,A100-SXM4-80GB,A100-SXM4-80GB,,9700.0,0edb0287-e1df-52fd-b14b-f9e504b96222,suitesparse_all,Belcastro/human_gene2,human_gene2,14340,14340,18068388,4,row-major,N,N,1.0,0.0,20260922,main,pass,pass,0,0,144547104.0,0.176511,0.775680017471,0.952191017471,0.784505567471,186.34888194139168,151.80473386938073,184.25248971269195,1.9211224942411513,1.5649972563853685,1.8995102032236284,cuSPARSE 12.8.6,CUDA,13040,13000,2026-10-07T16:11:11.522248+00:00,derived,csr-alg1,0,0,,,,5,20,4,true
3,A100-SXM4-80GB-suitesparse_all-fp64-n4-row-major-cuSPARSE-SpMM-CSR-solve-only,cuSPARSE-SpMM-CSR-best-solve-only,cuSPARSE CUDA 13.4.1 CSR PER MATRIX BEST,per-matrix-best,cuSPARSE-SpMM-CSR,best,solve-only,"csr-alg1,csr-alg2,csr-alg3,csr-default",manual-selection,csr,CUSPARSE_SPMM_CSR_ALG1,library-preprocess,spmm.csr.fp64,fp64,A100-SXM4-80GB,A100-SXM4-80GB,,9700.0,df7f742d-c1c4-51c9-b7da-d151d8293f2c,suitesparse_all,Bindel/ted_AB,ted_AB,10605,10605,522387,4,row-major,N,N,1.0,0.0,20260922,main,pass,pass,0,0,4179096.0,0.1037,0.0321536004543,0.135853600454,0.0373386004543,129.97287833876524,30.76176108718621,111.92428074841582,1.3399265808120129,0.31713155759985784,1.153858564416658,cuSPARSE 12.8.6,CUDA,13040,13000,2026-10-08T17:44:10.137019+00:00,derived,csr-alg1,0,0,,,,5,20,4,true
3,A100-SXM4-80GB-suitesparse_all-fp64-n4-row-major-cuSPARSE-SpMM-CSR-solve-only,cuSPARSE-SpMM-CSR-best-solve-only,cuSPARSE CUDA 13.4.1 CSR PER MATRIX BEST,per-matrix-best,cuSPARSE-SpMM-CSR,best,solve-only,"csr-alg1,csr-alg2,csr-alg3,csr-default",manual-selection,csr,CUSPARSE_SPMM_CSR_ALG3,library-preprocess,spmm.csr.fp64,fp64,A100-SXM4-80GB,A100-SXM4-80GB,,9700.0,1cb4d392-df77-5092-a407-ab8ee1286933,suitesparse_all,Bindel/ted_B,ted_B,10605,10605,144579,4,row-major,N,N,1.0,0.0,20260922,main,pass,pass,0,0,1156632.0,55.262453,0.0103936001658,55.2728466002,2.77351625017,111.2830955154386,0.020925862718201578,0.4170273024104709,1.1472484073756557,0.00021573054348661422,0.004299250540314133,cuSPARSE 12.8.6,CUDA,13040,13000,2026-10-08T01:03:51.846896+00:00,derived,csr-alg3,0,0,,,,5,20,4,true
3,A100-SXM4-80GB-suitesparse_all-fp64-n4-row-major-cuSPARSE-SpMM-CSR-solve-only,cuSPARSE-SpMM-CSR-best-solve-only,cuSPARSE CUDA 13.4.1 CSR PER MATRIX BEST,per-matrix-best,cuSPARSE-SpMM-CSR,best,solve-only,"csr-alg1,csr-alg2,csr-alg3,csr-default",manual-selection,csr,CUSPARSE_SPMM_CSR_ALG3,library-preprocess,spmm.csr.fp64,fp64,A100-SXM4-80GB,A100-SXM4-80GB,,9700.0,0edb0287-e1df-52fd-b14b-f9e504b96222,suitesparse_all,Bindel/ted_B_unscaled,ted_B_unscaled,10605,10605,144579,4,row-major,N,N,1.0,0.0,20260922,main,pass,pass,0,0,1156632.0,54.073231,0.0125952005386,54.0858262005,2.71625675054,91.83116985357374,0.021385122152193497,0.4258183618945662,0.9467130912739562,0.00022046517682673707,0.00438988001953161,cuSPARSE 12.8.6,CUDA,13040,13000,2026-10-07T20:11:25.436192+00:00,derived,csr-alg3,0,0,,,,5,20,4,true
3,A100-SXM4-80GB-suitesparse_all-fp64-n4-row-major-cuSPARSE-SpMM-CSR-solve-only,cuSPARSE-SpMM-CSR-best-solve-only,cuSPARSE CUDA 13.4.1 CSR PER MATRIX BEST,per-matrix-best,cuSPARSE-SpMM-CSR,best,solve-only,"csr-alg1,csr-alg2,csr-alg3,csr-default",manual-selection,csr,CUSPARSE_SPMM_CSR_ALG3,library-preprocess,spmm.csr.fp64,fp64,A100-SXM4-80GB,A100-SXM4-80GB,,9700.0,0edb0287-e1df-52fd-b14b-f9e504b96222,suitesparse_all,Bodendiek/CurlCurl_0,CurlCurl_0,11083,11083,113343,4,row-major,N,N,1.0,0.0,20260922,main,pass,pass,0,0,906744.0,51.752381,0.0102399997413,51.7626209997,2.59785904974,88.54922098707846,0.017517350985864013,0.3490351026129571,0.9128785668770975,0.00018059124727694858,0.003598300026937702,cuSPARSE 12.8.6,CUDA,13040,13000,2026-10-07T21:26:35.350116+00:00,derived,csr-alg3,0,0,,,,5,20,4,true
3,A100-SXM4-80GB-suitesparse_all-fp64-n4-row-major-cuSPARSE-SpMM-CSR-solve-only,cuSPARSE-SpMM-CSR-best-solve-only,cuSPARSE CUDA 13.4.1 CSR PER MATRIX BEST,per-matrix-best,cuSPARSE-SpMM-CSR,best,solve-only,"csr-alg1,csr-alg2,csr-alg3,csr-default",manual-selection,csr,CUSPARSE_SPMM_CSR_ALG3,library-preprocess,spmm.csr.fp64,fp64,A100-SXM4-80GB,A100-SXM4-80GB,,9700.0,1cb4d392-df77-5092-a407-ab8ee1286933,suitesparse_all,Boeing/bcsstk37,bcsstk37,25503,25503,1140977,4,row-major,N,N,1.0,0.0,20260922,main,pass,pass,0,0,9127816.0,53.639921,0.0342527985573,53.6741737986,2.71624884856,266.483802330209,0.17005973923790668,3.3604491005450576,2.747255694125866,0.0017531931880196566,0.03464380516025833,cuSPARSE 12.8.6,CUDA,13040,13000,2026-10-08T00:55:31.934355+00:00,derived,csr-alg3,0,0,,,,5,20,4,true
3,A100-SXM4-80GB-suitesparse_all-fp64-n4-row-major-cuSPARSE-SpMM-CSR-solve-only,cuSPARSE-SpMM-CSR-best-solve-only,cuSPARSE CUDA 13.4.1 CSR PER MATRIX BEST,per-matrix-best,cuSPARSE-SpMM-CSR,best,solve-only,"csr-alg1,csr-alg2,csr-alg3,csr-default",manual-selection,csr,CUSPARSE_SPMM_CSR_ALG3,library-preprocess,spmm.csr.fp64,fp64,A100-SXM4-80GB,A100-SXM4-80GB,,9700.0,df7f742d-c1c4-51c9-b7da-d151d8293f2c,suitesparse_all,Boeing/bcsstk38,bcsstk38,8032,8032,355460,4,row-major,N,N,1.0,0.0,20260922,main,pass,pass,0,0,2843680.0,51.847901,0.0265727996826,51.8744737997,2.61896784968,107.01469299307803,0.05481848376872491,1.085801797966881,1.103244257660598,0.0005651390079249991,0.011193832968730732,cuSPARSE 12.8.6,CUDA,13040,13000,2026-10-08T22:47:51.203794+00:00,derived,csr-alg3,0,0,,,,5,20,4,true
3,A100-SXM4-80GB-suitesparse_all-fp64-n4-row-major-cuSPARSE-SpMM-CSR-solve-only,cuSPARSE-SpMM-CSR-best-solve-only,cuSPARSE CUDA 13.4.1 CSR PER MATRIX BEST,per-matrix-best,cuSPARSE-SpMM-CSR,best,solve-only,"csr-alg1,csr-alg2,csr-alg3,csr-default",manual-selection,csr,CUSPARSE_SPMM_CSR_ALG3,library-preprocess,spmm.csr.fp64,fp64,A100-SXM4-80GB,A100-SXM4-80GB,,9700.0,1cb4d392-df77-5092-a407-ab8ee1286933,suitesparse_all,Boeing/bcsstk39,bcsstk39,46772,46772,2089294,4,row-major,N,N,1.0,0.0,20260922,main,pass,pass,0,0,16714352.0,48.649089,0.0669695973396,48.7160585973,2.49942404734,249.58119301871005,0.3430973785906063,6.687281423009502,2.573001989883609,0.0035370863772227453,0.0689410455980361,cuSPARSE 12.8.6,CUDA,13040,13000,2026-10-08T00:57:13.850443+00:00,derived,csr-alg3,0,0,,,,5,20,4,true
3,A100-SXM4-80GB-suitesparse_all-fp64-n4-row-major-cuSPARSE-SpMM-CSR-solve-only,cuSPARSE-SpMM-CSR-best-solve-only,cuSPARSE CUDA 13.4.1 CSR PER MATRIX BEST,per-matrix-best,cuSPARSE-SpMM-CSR,best,solve-only,"csr-alg1,csr-alg2,csr-alg3,csr-default",manual-selection,csr,CUSPARSE_SPMM_CSR_ALG3,library-preprocess,spmm.csr.fp64,fp64,A100-SXM4-80GB,A100-SXM4-80GB,,9700.0,0edb0287-e1df-52fd-b14b-f9e504b96222,suitesparse_all,Boeing/bcsstm35,bcsstm35,30237,30237,20619,4,row-major,N,N,1.0,0.0,20260922,main,pass,pass,0,0,164952.0,52.257871,0.0133120000362,52.271183,2.62620555004,12.391225927842369,0.0031556967057738104,0.06281001119561551,0.1277445971942512,3.253295572962691e-05,0.0006475258886145929,cuSPARSE 12.8.6,CUDA,13040,13000,2026-10-07T20:01:49.825601+00:00,derived,csr-alg3,0,0,,,,5,20,4,true
3,A100-SXM4-80GB-suitesparse_all-fp64-n4-row-major-cuSPARSE-SpMM-CSR-solve-only,cuSPARSE-SpMM-CSR-best-solve-only,cuSPARSE CUDA 13.4.1 CSR PER MATRIX BEST,per-matrix-best,cuSPARSE-SpMM-CSR,best,solve-only,"csr-alg1,csr-alg2,csr-alg3,csr-default",manual-selection,csr,CUSPARSE_SPMM_CSR_ALG3,library-preprocess,spmm.csr.fp64,fp64,A100-SXM4-80GB,A100-SXM4-80GB,,9700.0,1cb4d392-df77-5092-a407-ab8ee1286933,suitesparse_all,Boeing/crystk01,crystk01,4875,4875,315891,4,row-major,N,N,1.0,0.0,20260922,main,pass,pass,0,0,2527128.0,51.579581,0.0156672000885,51.5952482001,2.59464625009,161.3005505594427,0.0489798593505962,0.9739778591830552,1.6628922738086878,0.0005049470036143938,0.01004100885755727,cuSPARSE 12.8.6,CUDA,13040,13000,2026-10-08T00:55:33.166870+00:00,derived,csr-alg3,0,0,,,,5,20,4,true
3,A100-SXM4-80GB-suitesparse_all-fp64-n4-row-major-cuSPARSE-SpMM-CSR-solve-only,cuSPARSE-SpMM-CSR-best-solve-only,cuSPARSE CUDA 13.4.1 CSR PER MATRIX BEST,per-matrix-best,cuSPARSE-SpMM-CSR,best,solve-only,"csr-alg1,csr-alg2,csr-alg3,csr-default",manual-selection,csr,CUSPARSE_SPMM_CSR_ALG3,library-preprocess,spmm.csr.fp64,fp64,A100-SXM4-80GB,A100-SXM4-80GB,,9700.0,df7f742d-c1c4-51c9-b7da-d151d8293f2c,suitesparse_all,Boeing/crystk02,crystk02,13965,13965,968583,4,row-major,N,N,1.0,0.0,20260922,main,pass,pass,0,0,7748664.0,52.365101,0.0292351990938,52.3943361991,2.64749024909,265.0457065518423,0.14789125241619344,2.9267960486968305,2.732429964451982,0.0015246520867648807,0.03017315514120444,cuSPARSE 12.8.6,CUDA,13040,13000,2026-10-08T22:47:54.230205+00:00,derived,csr-alg3,0,0,,,,5,20,4,true
3,A100-SXM4-80GB-suitesparse_all-fp64-n4-row-major-cuSPARSE-SpMM-CSR-solve-only,cuSPARSE-SpMM-CSR-best-solve-only,cuSPARSE CUDA 13.4.1 CSR PER MATRIX BEST,per-matrix-best,cuSPARSE-SpMM-CSR,best,solve-only,"csr-alg1,csr-alg2,csr-alg3,csr-default",manual-selection,csr,CUSPARSE_SPMM_CSR_ALG3,library-preprocess,spmm.csr.fp64,fp64,A100-SXM4-80GB,A100-SXM4-80GB,,9700.0,0edb0287-e1df-52fd-b14b-f9e504b96222,suitesparse_all,Boeing/crystm01,crystm01,4875,4875,105339,4,row-major,N,N,1.0,0.0,20260922,main,pass,pass,0,0,842712.0,50.24226,0.00885759964585,50.2511175996,2.52097059965,95.13999657851222,0.01677001508135031,0.3342807726980228,0.9808247069949714,0.0001728867534159826,0.0034461935329693073,cuSPARSE 12.8.6,CUDA,13040,13000,2026-10-07T20:01:50.693772+00:00,derived,csr-alg3,0,0,,,,5,20,4,true
3,A100-SXM4-80GB-suitesparse_all-fp64-n4-row-major-cuSPARSE-SpMM-CSR-solve-only,cuSPARSE-SpMM-CSR-best-solve-only,cuSPARSE CUDA 13.4.1 CSR PER MATRIX BEST,per-matrix-best,cuSPARSE-SpMM-CSR,best,solve-only,"csr-alg1,csr-alg2,csr-alg3,csr-default",manual-selection,csr,CUSPARSE_SPMM_CSR_ALG3,library-preprocess,spmm.csr.fp64,fp64,A100-SXM4-80GB,A100-SXM4-80GB,,9700.0,1cb4d392-df77-5092-a407-ab8ee1286933,suitesparse_all,Boeing/msc01050,msc01050,1050,1050,29156,4,row-major,N,N,1.0,0.0,20260922,main,pass,pass,0,0,233248.0,50.97193,0.013670399785,50.9856003998,2.56226689979,17.06226618594827,0.004574781863330081,0.09103189055719242,0.17589965140152858,4.71626996219596e-05,0.0009384730985277569,cuSPARSE 12.8.6,CUDA,13040,13000,2026-10-08T00:55:33.829111+00:00,derived,csr-alg3,0,0,,,,5,20,4,true
3,A100-SXM4-80GB-suitesparse_all-fp64-n4-row-major-cuSPARSE-SpMM-CSR-solve-only,cuSPARSE-SpMM-CSR-best-solve-only,cuSPARSE CUDA 13.4.1 CSR PER MATRIX BEST,per-matrix-best,cuSPARSE-SpMM-CSR,best,solve-only,"csr-alg1,csr-alg2,csr-alg3,csr-default",manual-selection,csr,CUSPARSE_SPMM_CSR_ALG3,library-preprocess,spmm.csr.fp64,fp64,A100-SXM4-80GB,A100-SXM4-80GB,,9700.0,df7f742d-c1c4-51c9-b7da-d151d8293f2c,suitesparse_all,Boeing/msc01440,msc01440,1440,1440,46270,4,row-major,N,N,1.0,0.0,20260922,main,pass,pass,0,0,370160.0,52.063311,0.00865280032158,52.0719638003,2.61181835032,42.779214386448345,0.007108623777270859,0.14172501696170714,0.4410228287262716,7.328478120897793e-05,0.0014610826490897644,cuSPARSE 12.8.6,CUDA,13040,13000,2026-10-08T22:47:54.955029+00:00,derived,csr-alg3,0,0,,,,5,20,4,true
3,A100-SXM4-80GB-suitesparse_all-fp64-n4-row-major-cuSPARSE-SpMM-CSR-solve-only,cuSPARSE-SpMM-CSR-best-solve-only,cuSPARSE CUDA 13.4.1 CSR PER MATRIX BEST,per-matrix-best,cuSPARSE-SpMM-CSR,best,solve-only,"csr-alg1,csr-alg2,csr-alg3,csr-default",manual-selection,csr,CUSPARSE_SPMM_CSR_ALG3,library-preprocess,spmm.csr.fp64,fp64,A100-SXM4-80GB,A100-SXM4-80GB,,9700.0,0edb0287-e1df-52fd-b14b-f9e504b96222,suitesparse_all,Boeing/msc10848,msc10848,10848,10848,1229778,4,row-major,N,N,1.0,0.0,20260922,main,pass,pass,0,0,9838224.0,50.25674,0.0527360022068,50.3094760022,2.56557300221,186.55612083411623,0.19555409401540538,3.834708266545249,1.9232589776713014,0.002016021587787684,0.03953307491283762,cuSPARSE 12.8.6,CUDA,13040,13000,2026-10-07T20:01:53.818228+00:00,derived,csr-alg3,0,0,,,,5,20,4,true
3,A100-SXM4-80GB-suitesparse_all-fp64-n4-row-major-cuSPARSE-SpMM-CSR-solve-only,cuSPARSE-SpMM-CSR-best-solve-only,cuSPARSE CUDA 13.4.1 CSR PER MATRIX BEST,per-matrix-best,cuSPARSE-SpMM-CSR,best,solve-only,"csr-alg1,csr-alg2,csr-alg3,csr-default",manual-selection,csr,CUSPARSE_SPMM_CSR_ALG3,library-preprocess,spmm.csr.fp64,fp64,A100-SXM4-80GB,A100-SXM4-80GB,,9700.0,1cb4d392-df77-5092-a407-ab8ee1286933,suitesparse_all,Boeing/pcrystk02,pcrystk02,13965,13965,968583,4,row-major,N,N,1.0,0.0,20260922,main,pass,pass,0,0,7748664.0,53.381231,0.0294912010431,53.410722201,2.69855275104,262.74494513382797,0.14507693737672253,2.871414685895515,2.708710774575546,0.0014956385296569334,0.029602213256654797,cuSPARSE 12.8.6,CUDA,13040,13000,2026-10-08T00:55:36.326860+00:00,derived,csr-alg3,0,0,,,,5,20,4,true
3,A100-SXM4-80GB-suitesparse_all-fp64-n4-row-major-cuSPARSE-SpMM-CSR-solve-only,cuSPARSE-SpMM-CSR-best-solve-only,cuSPARSE CUDA 13.4.1 CSR PER MATRIX BEST,per-matrix-best,cuSPARSE-SpMM-CSR,best,solve-only,"csr-alg1,csr-alg2,csr-alg3,csr-default",manual-selection,csr,CUSPARSE_SPMM_CSR_ALG3,library-preprocess,spmm.csr.fp64,fp64,A100-SXM4-80GB,A100-SXM4-80GB,,9700.0,df7f742d-c1c4-51c9-b7da-d151d8293f2c,suitesparse_all,Boeing/pcrystk03,pcrystk03,24696,24696,1751178,4,row-major,N,N,1.0,0.0,20260922,main,pass,pass,0,0,14009424.0,55.463431,0.0468991994858,55.5103301995,2.82007074949,298.71349945411606,0.2523750795509804,4.967756217652892,3.0795206129290316,0.00260180494382454,0.05121398162528754,cuSPARSE 12.8.6,CUDA,13040,13000,2026-10-08T22:47:59.613406+00:00,derived,csr-alg3,0,0,,,,5,20,4,true
3,A100-SXM4-80GB-suitesparse_all-fp64-n4-row-major-cuSPARSE-SpMM-CSR-solve-only,cuSPARSE-SpMM-CSR-best-solve-only,cuSPARSE CUDA 13.4.1 CSR PER MATRIX BEST,per-matrix-best,cuSPARSE-SpMM-CSR,best,solve-only,"csr-alg1,csr-alg2,csr-alg3,csr-default",manual-selection,csr,CUSPARSE_SPMM_CSR_ALG3,library-preprocess,spmm.csr.fp64,fp64,A100-SXM4-80GB,A100-SXM4-80GB,,9700.0,0edb0287-e1df-52fd-b14b-f9e504b96222,suitesparse_all,Boeing/pwtk,pwtk,217918,217918,11634424,4,row-major,N,N,1.0,0.0,20260922,main,pass,pass,0,0,93075392.0,55.228252,0.3803647995,55.6086167995,3.1417773995,244.70033011033135,1.673758445306931,29.625075288533345,2.5226838155704265,0.017255241704195165,0.3054131473044675,cuSPARSE 12.8.6,CUDA,13040,13000,2026-10-07T20:02:22.032886+00:00,derived,csr-alg3,0,0,,,,5,20,4,true
3,A100-SXM4-80GB-suitesparse_all-fp64-n4-row-major-cuSPARSE-SpMM-CSR-solve-only,cuSPARSE-SpMM-CSR-best-solve-only,cuSPARSE CUDA 13.4.1 CSR PER MATRIX BEST,per-matrix-best,cuSPARSE-SpMM-CSR,best,solve-only,"csr-alg1,csr-alg2,csr-alg3,csr-default",manual-selection,csr,CUSPARSE_SPMM_CSR_ALG3,library-preprocess,spmm.csr.fp64,fp64,A100-SXM4-80GB,A100-SXM4-80GB,,9700.0,0edb0287-e1df-52fd-b14b-f9e504b96222,suitesparse_all,Botonakis/thermomech_TC,thermomech_TC,102158,102158,711558,4,row-major,N,N,1.0,0.0,20260922,main,pass,pass,0,0,5692464.0,57.735093,0.0468991994858,57.7819921995,2.93365384949,121.3765706539095,0.09851622942223957,1.940400705757976,1.2513048521021597,0.001015631231157109,0.02000413098719563,cuSPARSE 12.8.6,CUDA,13040,13000,2026-10-07T20:41:30.436207+00:00,derived,csr-alg3,0,0,,,,5,20,4,true
3,A100-SXM4-80GB-suitesparse_all-fp64-n4-row-major-cuSPARSE-SpMM-CSR-solve-only,cuSPARSE-SpMM-CSR-best-solve-only,cuSPARSE CUDA 13.4.1 CSR PER MATRIX BEST,per-matrix-best,cuSPARSE-SpMM-CSR,best,solve-only,"csr-alg1,csr-alg2,csr-alg3,csr-default",manual-selection,csr,CUSPARSE_SPMM_CSR_ALG1,library-preprocess,spmm.csr.fp64,fp64,A100-SXM4-80GB,A100-SXM4-80GB,,9700.0,0edb0287-e1df-52fd-b14b-f9e504b96222,suitesparse_all,Bourchtein/atmosmodd,atmosmodd,1270432,1270432,8814880,4,row-major,N,N,1.0,0.0,20260922,main,pass,pass,0,0,70519040.0,0.45797,0.562278413773,1.02024841377,0.585176913773,125.41658771284357,69.1194801660309,120.50892360964795,1.2929545125035418,0.7125719604745453,1.2423600372128654,cuSPARSE 12.8.6,CUDA,13040,13000,2026-10-07T16:09:46.960399+00:00,derived,csr-alg1,0,0,,,,5,20,4,true
3,A100-SXM4-80GB-suitesparse_all-fp64-n4-row-major-cuSPARSE-SpMM-CSR-solve-only,cuSPARSE-SpMM-CSR-best-solve-only,cuSPARSE CUDA 13.4.1 CSR PER MATRIX BEST,per-matrix-best,cuSPARSE-SpMM-CSR,best,solve-only,"csr-alg1,csr-alg2,csr-alg3,csr-default",manual-selection,csr,CUSPARSE_SPMM_CSR_ALG3,library-preprocess,spmm.csr.fp64,fp64,A100-SXM4-80GB,A100-SXM4-80GB,,9700.0,1cb4d392-df77-5092-a407-ab8ee1286933,suitesparse_all,Bova/rma10,rma10,46835,46835,2374001,4,row-major,N,N,1.0,0.0,20260922,main,pass,pass,0,0,18992008.0,52.472352,0.0811007976532,52.5534527977,2.70471839765,234.177820065505,0.36138459014497304,7.021806046981173,2.4142043305722165,0.003725614331391475,0.07238975306166158,cuSPARSE 12.8.6,CUDA,13040,13000,2026-10-08T00:55:42.950301+00:00,derived,csr-alg3,0,0,,,,5,20,4,true
3,A100-SXM4-80GB-suitesparse_all-fp64-n4-row-major-cuSPARSE-SpMM-CSR-solve-only,cuSPARSE-SpMM-CSR-best-solve-only,cuSPARSE CUDA 13.4.1 CSR PER MATRIX BEST,per-matrix-best,cuSPARSE-SpMM-CSR,best,solve-only,"csr-alg1,csr-alg2,csr-alg3,csr-default",manual-selection,csr,CUSPARSE_SPMM_CSR_ALG3,library-preprocess,spmm.csr.fp64,fp64,A100-SXM4-80GB,A100-SXM4-80GB,,9700.0,df7f742d-c1c4-51c9-b7da-d151d8293f2c,suitesparse_all,Brethour/coater1,coater1,1348,1348,19457,4,row-major,N,N,1.0,0.0,20260922,main,pass,pass,0,0,155656.0,52.220921,0.00916479974985,52.2300857997,2.62021084975,16.984113592067043,0.0029801980528413007,0.05940590621355967,0.17509395455739218,3.072369126640516e-05,0.0006124320228202028,cuSPARSE 12.8.6,CUDA,13040,13000,2026-10-08T22:48:00.463809+00:00,derived,csr-alg3,0,0,,,,5,20,4,true
3,A100-SXM4-80GB-suitesparse_all-fp64-n4-row-major-cuSPARSE-SpMM-CSR-solve-only,cuSPARSE-SpMM-CSR-best-solve-only,cuSPARSE CUDA 13.4.1 CSR PER MATRIX BEST,per-matrix-best,cuSPARSE-SpMM-CSR,best,solve-only,"csr-alg1,csr-alg2,csr-alg3,csr-default",manual-selection,csr,CUSPARSE_SPMM_CSR_ALG3,library-preprocess,spmm.csr.fp64,fp64,A100-SXM4-80GB,A100-SXM4-80GB,,9700.0,0edb0287-e1df-52fd-b14b-f9e504b96222,suitesparse_all,Brunetiere/thermal,thermal,3456,3456,66528,4,row-major,N,N,1.0,0.0,20260922,main,pass,pass,0,0,532224.0,50.90315,0.00701439976692,50.9101643998,2.55217189977,75.8759149300237,0.010454179558730532,0.20853767728104977,0.7822259271136464,0.00010777504699722198,0.002149872961660307,cuSPARSE 12.8.6,CUDA,13040,13000,2026-10-07T20:02:22.809801+00:00,derived,csr-alg3,0,0,,,,5,20,4,true
3,A100-SXM4-80GB-suitesparse_all-fp64-n4-row-major-cuSPARSE-SpMM-CSR-solve-only,cuSPARSE-SpMM-CSR-best-solve-only,cuSPARSE CUDA 13.4.1 CSR PER MATRIX BEST,per-matrix-best,cuSPARSE-SpMM-CSR,best,solve-only,"csr-alg1,csr-alg2,csr-alg3,csr-default",manual-selection,csr,CUSPARSE_SPMM_CSR_ALG1,library-preprocess,spmm.csr.fp64,fp64,A100-SXM4-80GB,A100-SXM4-80GB,,9700.0,df7f742d-c1c4-51c9-b7da-d151d8293f2c,suitesparse_all,Buss/12month1,12month1,12471,872622,22624727,4,row-major,N,N,1.0,0.0,20260922,main,pass,pass,0,0,180997816.0,0.21359,1.37743358612,1.59102358612,1.38811308612,131.4022090239868,113.76186850969071,130.39126120906914,1.354661948700895,1.1728027681411413,1.3442398062790633,cuSPARSE 12.8.6,CUDA,13040,13000,2026-10-08T18:06:14.168730+00:00,derived,csr-alg1,0,0,,,,5,20,4,true
3,A100-SXM4-80GB-suitesparse_all-fp64-n4-row-major-cuSPARSE-SpMM-CSR-solve-only,cuSPARSE-SpMM-CSR-best-solve-only,cuSPARSE CUDA 13.4.1 CSR PER MATRIX BEST,per-matrix-best,cuSPARSE-SpMM-CSR,best,solve-only,"csr-alg1,csr-alg2,csr-alg3,csr-default",manual-selection,csr,CUSPARSE_SPMM_CSR_ALG1,library-preprocess,spmm.csr.fp64,fp64,A100-SXM4-80GB,A100-SXM4-80GB,,9700.0,df7f742d-c1c4-51c9-b7da-d151d8293f2c,suitesparse_all,Buss/connectus,connectus,512,394792,1127525,4,row-major,N,N,1.0,0.0,20260922,main,pass,pass,0,0,9020200.0,0.11268,0.0990480005741,0.211728000574,0.104682000574,91.06897612992994,42.60277325410908,86.16763102099483,0.9388554240198962,0.43920384798050605,0.8883260929999467,cuSPARSE 12.8.6,CUDA,13040,13000,2026-10-08T18:05:16.965632+00:00,derived,csr-alg1,0,0,,,,5,20,4,true
3,A100-SXM4-80GB-suitesparse_all-fp64-n4-row-major-cuSPARSE-SpMM-CSR-solve-only,cuSPARSE-SpMM-CSR-best-solve-only,cuSPARSE CUDA 13.4.1 CSR PER MATRIX BEST,per-matrix-best,cuSPARSE-SpMM-CSR,best,solve-only,"csr-alg1,csr-alg2,csr-alg3,csr-default",manual-selection,csr,CUSPARSE_SPMM_CSR_ALG3,library-preprocess,spmm.csr.fp64,fp64,A100-SXM4-80GB,A100-SXM4-80GB,,9700.0,1cb4d392-df77-5092-a407-ab8ee1286933,suitesparse_all,Bydder/mri2,mri2,63240,147456,569160,4,row-major,N,N,1.0,0.0,20260922,main,pass,pass,0,0,4553280.0,51.575561,0.0323583990335,51.607919399,2.61113644903,140.71400736748691,0.08822831947160863,1.7437924401428655,1.4506598697679063,0.0009095703038310168,0.017977241650957376,cuSPARSE 12.8.6,CUDA,13040,13000,2026-10-08T01:00:57.820413+00:00,derived,csr-alg3,0,0,,,,5,20,4,true
3,A100-SXM4-80GB-suitesparse_all-fp64-n4-row-major-cuSPARSE-SpMM-CSR-solve-only,cuSPARSE-SpMM-CSR-best-solve-only,cuSPARSE CUDA 13.4.1 CSR PER MATRIX BEST,per-matrix-best,cuSPARSE-SpMM-CSR,best,solve-only,"csr-alg1,csr-alg2,csr-alg3,csr-default",manual-selection,csr,CUSPARSE_SPMM_CSR_ALG1,library-preprocess,spmm.csr.fp64,fp64,A100-SXM4-80GB,A100-SXM4-80GB,,9700.0,1cb4d392-df77-5092-a407-ab8ee1286933,suitesparse_all,Cannizzo/sts4098,sts4098,4098,4098,72356,4,row-major,N,N,1.0,0.0,20260922,main,pass,pass,0,0,578848.0,0.07005,0.0187391996384,0.0887891996384,0.0222416996384,30.889686388410954,6.5193514792046505,26.02534920490638,0.31845037513825725,0.06720980906396547,0.2683025691227462,cuSPARSE 12.8.6,CUDA,13040,13000,2026-10-07T20:43:47.427241+00:00,derived,csr-alg1,0,0,,,,5,20,4,true
3,A100-SXM4-80GB-suitesparse_all-fp64-n4-row-major-cuSPARSE-SpMM-CSR-solve-only,cuSPARSE-SpMM-CSR-best-solve-only,cuSPARSE CUDA 13.4.1 CSR PER MATRIX BEST,per-matrix-best,cuSPARSE-SpMM-CSR,best,solve-only,"csr-alg1,csr-alg2,csr-alg3,csr-default",manual-selection,csr,CUSPARSE_SPMM_CSR_ALG1,library-preprocess,spmm.csr.fp64,fp64,A100-SXM4-80GB,A100-SXM4-80GB,,9700.0,0edb0287-e1df-52fd-b14b-f9e504b96222,suitesparse_all,CEMW/t2em,t2em,921632,921632,4590832,4,row-major,N,N,1.0,0.0,20260922,main,pass,pass,0,0,36726656.0,0.38277,0.33464319706,0.71741319706,0.35378169706,109.74870047459855,51.19317033824848,103.81163385558439,1.131429901799985,0.5277646426623555,1.0702230294390143,cuSPARSE 12.8.6,CUDA,13040,13000,2026-10-07T15:44:05.087232+00:00,derived,csr-alg1,0,0,,,,5,20,4,true
3,A100-SXM4-80GB-suitesparse_all-fp64-n4-row-major-cuSPARSE-SpMM-CSR-solve-only,cuSPARSE-SpMM-CSR-best-solve-only,cuSPARSE CUDA 13.4.1 CSR PER MATRIX BEST,per-matrix-best,cuSPARSE-SpMM-CSR,best,solve-only,"csr-alg1,csr-alg2,csr-alg3,csr-default",manual-selection,csr,CUSPARSE_SPMM_CSR_ALG3,library-preprocess,spmm.csr.fp64,fp64,A100-SXM4-80GB,A100-SXM4-80GB,,9700.0,df7f742d-c1c4-51c9-b7da-d151d8293f2c,suitesparse_all,Chen/pkustk01,pkustk01,22044,22044,979380,4,row-major,N,N,1.0,0.0,20260922,main,pass,pass,0,0,7835040.0,59.903784,0.0293936014175,59.9331776014,3.02458280142,266.5559721217173,0.13072959441778337,2.5904531349981745,2.7479997125950235,0.0013477277775029214,0.026705702422661595,cuSPARSE 12.8.6,CUDA,13040,13000,2026-10-08T22:49:19.360685+00:00,derived,csr-alg3,0,0,,,,5,20,4,true
3,A100-SXM4-80GB-suitesparse_all-fp64-n4-row-major-cuSPARSE-SpMM-CSR-solve-only,cuSPARSE-SpMM-CSR-best-solve-only,cuSPARSE CUDA 13.4.1 CSR PER MATRIX BEST,per-matrix-best,cuSPARSE-SpMM-CSR,best,solve-only,"csr-alg1,csr-alg2,csr-alg3,csr-default",manual-selection,csr,CUSPARSE_SPMM_CSR_ALG3,library-preprocess,spmm.csr.fp64,fp64,A100-SXM4-80GB,A100-SXM4-80GB,,9700.0,0edb0287-e1df-52fd-b14b-f9e504b96222,suitesparse_all,Chen/pkustk03,pkustk03,63336,63336,3130416,4,row-major,N,N,1.0,0.0,20260922,main,pass,pass,0,0,25043328.0,55.770753,0.110080003738,55.8808330037,2.89861765374,227.50115506541317,0.4481559535510472,8.639748663535302,2.3453727326331255,0.004620164469598425,0.08906957385087941,cuSPARSE 12.8.6,CUDA,13040,13000,2026-10-07T20:03:51.047347+00:00,derived,csr-alg3,0,0,,,,5,20,4,true
3,A100-SXM4-80GB-suitesparse_all-fp64-n4-row-major-cuSPARSE-SpMM-CSR-solve-only,cuSPARSE-SpMM-CSR-best-solve-only,cuSPARSE CUDA 13.4.1 CSR PER MATRIX BEST,per-matrix-best,cuSPARSE-SpMM-CSR,best,solve-only,"csr-alg1,csr-alg2,csr-alg3,csr-default",manual-selection,csr,CUSPARSE_SPMM_CSR_ALG3,library-preprocess,spmm.csr.fp64,fp64,A100-SXM4-80GB,A100-SXM4-80GB,,9700.0,1cb4d392-df77-5092-a407-ab8ee1286933,suitesparse_all,Chen/pkustk08,pkustk08,22209,22209,3226671,4,row-major,N,N,1.0,0.0,20260922,main,pass,pass,0,0,25813368.0,48.165879,0.104140794277,48.2700197943,2.51243474428,247.86989747111048,0.5347701971120424,10.27424416047767,2.5553597677434072,0.005513094815588066,0.10592004289152236,cuSPARSE 12.8.6,CUDA,13040,13000,2026-10-08T00:57:20.604340+00:00,derived,csr-alg3,0,0,,,,5,20,4,true
3,A100-SXM4-80GB-suitesparse_all-fp64-n4-row-major-cuSPARSE-SpMM-CSR-solve-only,cuSPARSE-SpMM-CSR-best-solve-only,cuSPARSE CUDA 13.4.1 CSR PER MATRIX BEST,per-matrix-best,cuSPARSE-SpMM-CSR,best,solve-only,"csr-alg1,csr-alg2,csr-alg3,csr-default",manual-selection,csr,CUSPARSE_SPMM_CSR_ALG3,library-preprocess,spmm.csr.fp64,fp64,A100-SXM4-80GB,A100-SXM4-80GB,,9700.0,df7f742d-c1c4-51c9-b7da-d151d8293f2c,suitesparse_all,Chen/pkustk09,pkustk09,33960,33960,1583640,4,row-major,N,N,1.0,0.0,20260922,main,pass,pass,0,0,12669120.0,56.303023,0.0433616012335,56.3463846012,2.85851275123,292.17371221550235,0.22484352970767513,4.432066988173678,3.012100125933014,0.0023179745330688156,0.04569141224921317,cuSPARSE 12.8.6,CUDA,13040,13000,2026-10-08T22:49:23.642841+00:00,derived,csr-alg3,0,0,,,,5,20,4,true
3,A100-SXM4-80GB-suitesparse_all-fp64-n4-row-major-cuSPARSE-SpMM-CSR-solve-only,cuSPARSE-SpMM-CSR-best-solve-only,cuSPARSE CUDA 13.4.1 CSR PER MATRIX BEST,per-matrix-best,cuSPARSE-SpMM-CSR,best,solve-only,"csr-alg1,csr-alg2,csr-alg3,csr-default",manual-selection,csr,CUSPARSE_SPMM_CSR_ALG3,library-preprocess,spmm.csr.fp64,fp64,A100-SXM4-80GB,A100-SXM4-80GB,,9700.0,0edb0287-e1df-52fd-b14b-f9e504b96222,suitesparse_all,Chen/pkustk11,pkustk11,87804,87804,5217912,4,row-major,N,N,1.0,0.0,20260922,main,pass,pass,0,0,41743296.0,51.20981,0.178175997734,51.3879859977,2.73866649773,234.28125297953326,0.8123162484295129,15.242197629612729,2.4152706492735385,0.008374394313706318,0.15713605803724462,cuSPARSE 12.8.6,CUDA,13040,13000,2026-10-07T20:04:02.933321+00:00,derived,csr-alg3,0,0,,,,5,20,4,true
3,A100-SXM4-80GB-suitesparse_all-fp64-n4-row-major-cuSPARSE-SpMM-CSR-solve-only,cuSPARSE-SpMM-CSR-best-solve-only,cuSPARSE CUDA 13.4.1 CSR PER MATRIX BEST,per-matrix-best,cuSPARSE-SpMM-CSR,best,solve-only,"csr-alg1,csr-alg2,csr-alg3,csr-default",manual-selection,csr,CUSPARSE_SPMM_CSR_ALG1,library-preprocess,spmm.csr.fp64,fp64,A100-SXM4-80GB,A100-SXM4-80GB,,9700.0,1cb4d392-df77-5092-a407-ab8ee1286933,suitesparse_all,Chevron/Chevron4,Chevron4,711450,711450,6376412,4,row-major,N,N,1.0,0.0,20260922,main,pass,pass,0,0,51011296.0,0.36137,0.379955196381,0.741325196381,0.398023696381,134.2560819956478,68.81095671511889,128.16145486767826,1.3840833195427609,0.7093913063414319,1.3212521120379204,cuSPARSE 12.8.6,CUDA,13040,13000,2026-10-07T21:53:17.063449+00:00,derived,csr-alg1,0,0,,,,5,20,4,true
3,A100-SXM4-80GB-suitesparse_all-fp64-n4-row-major-cuSPARSE-SpMM-CSR-solve-only,cuSPARSE-SpMM-CSR-best-solve-only,cuSPARSE CUDA 13.4.1 CSR PER MATRIX BEST,per-matrix-best,cuSPARSE-SpMM-CSR,best,solve-only,"csr-alg1,csr-alg2,csr-alg3,csr-default",manual-selection,csr,CUSPARSE_SPMM_CSR_ALG3,library-preprocess,spmm.csr.fp64,fp64,A100-SXM4-80GB,A100-SXM4-80GB,,9700.0,df7f742d-c1c4-51c9-b7da-d151d8293f2c,suitesparse_all,CPM/cz148,cz148,148,148,1527,4,row-major,N,N,1.0,0.0,20260922,main,pass,pass,0,0,12216.0,57.806733,0.00634879991412,57.8130817999,2.89668544991,1.924143171189109,0.00021130165733564355,0.004217233873418859,0.019836527538032053,2.178367601398387e-06,4.347663787029752e-05,cuSPARSE 12.8.6,CUDA,13040,13000,2026-10-09T00:20:01.212150+00:00,derived,csr-alg3,0,0,,,,5,20,4,true
3,A100-SXM4-80GB-suitesparse_all-fp64-n4-row-major-cuSPARSE-SpMM-CSR-solve-only,cuSPARSE-SpMM-CSR-best-solve-only,cuSPARSE CUDA 13.4.1 CSR PER MATRIX BEST,per-matrix-best,cuSPARSE-SpMM-CSR,best,solve-only,"csr-alg1,csr-alg2,csr-alg3,csr-default",manual-selection,csr,CUSPARSE_SPMM_CSR_ALG3,library-preprocess,spmm.csr.fp64,fp64,A100-SXM4-80GB,A100-SXM4-80GB,,9700.0,1cb4d392-df77-5092-a407-ab8ee1286933,suitesparse_all,CPM/cz20468,cz20468,20468,20468,206076,4,row-major,N,N,1.0,0.0,20260922,main,pass,pass,0,0,1648608.0,62.910535,0.0123903997242,62.9229253997,3.15791714972,133.05527155674102,0.02620043473070723,0.522055494757415,1.3717038304818663,0.0002701075745433735,0.005382015409870257,cuSPARSE 12.8.6,CUDA,13040,13000,2026-10-08T02:07:49.781523+00:00,derived,csr-alg3,0,0,,,,5,20,4,true
3,A100-SXM4-80GB-suitesparse_all-fp64-n4-row-major-cuSPARSE-SpMM-CSR-solve-only,cuSPARSE-SpMM-CSR-best-solve-only,cuSPARSE CUDA 13.4.1 CSR PER MATRIX BEST,per-matrix-best,cuSPARSE-SpMM-CSR,best,solve-only,"csr-alg1,csr-alg2,csr-alg3,csr-default",manual-selection,csr,CUSPARSE_SPMM_CSR_ALG3,library-preprocess,spmm.csr.fp64,fp64,A100-SXM4-80GB,A100-SXM4-80GB,,9700.0,df7f742d-c1c4-51c9-b7da-d151d8293f2c,suitesparse_all,CPM/cz40948,cz40948,40948,40948,412148,4,row-major,N,N,1.0,0.0,20260922,main,pass,pass,0,0,3297184.0,51.04565,0.0243711993098,51.0700211993,2.57665369931,135.2901824028888,0.06456202528549554,1.2796380052480278,1.3947441484833896,0.0006655878895411912,0.013192144384000288,cuSPARSE 12.8.6,CUDA,13040,13000,2026-10-09T00:20:03.622903+00:00,derived,csr-alg3,0,0,,,,5,20,4,true
3,A100-SXM4-80GB-suitesparse_all-fp64-n4-row-major-cuSPARSE-SpMM-CSR-solve-only,cuSPARSE-SpMM-CSR-best-solve-only,cuSPARSE CUDA 13.4.1 CSR PER MATRIX BEST,per-matrix-best,cuSPARSE-SpMM-CSR,best,solve-only,"csr-alg1,csr-alg2,csr-alg3,csr-default",manual-selection,csr,CUSPARSE_SPMM_CSR_ALG3,library-preprocess,spmm.csr.fp64,fp64,A100-SXM4-80GB,A100-SXM4-80GB,,9700.0,0edb0287-e1df-52fd-b14b-f9e504b96222,suitesparse_all,CPM/cz628,cz628,628,628,6346,4,row-major,N,N,1.0,0.0,20260922,main,pass,pass,0,0,50768.0,58.305353,0.00696320012212,58.3123162001,2.92223085012,7.2909006074269325,0.0008706222511516862,0.01737302855382395,0.07516392378790653,8.975487125275116e-06,0.00017910338715282424,cuSPARSE 12.8.6,CUDA,13040,13000,2026-10-07T21:26:34.337014+00:00,derived,csr-alg3,0,0,,,,5,20,4,true
3,A100-SXM4-80GB-suitesparse_all-fp64-n4-row-major-cuSPARSE-SpMM-CSR-solve-only,cuSPARSE-SpMM-CSR-best-solve-only,cuSPARSE CUDA 13.4.1 CSR PER MATRIX BEST,per-matrix-best,cuSPARSE-SpMM-CSR,best,solve-only,"csr-alg1,csr-alg2,csr-alg3,csr-default",manual-selection,csr,CUSPARSE_SPMM_CSR_ALG3,library-preprocess,spmm.csr.fp64,fp64,A100-SXM4-80GB,A100-SXM4-80GB,,9700.0,1cb4d392-df77-5092-a407-ab8ee1286933,suitesparse_all,Cylshell/s2rmq4m1,s2rmq4m1,5489,5489,281111,4,row-major,N,N,1.0,0.0,20260922,main,pass,pass,0,0,2248888.0,50.62725,0.0129023998976,50.6401523999,2.5442648999,174.29997658174585,0.04440918704668908,0.8839048167069359,1.7969069750695448,0.0004578266705844235,0.009112420790793153,cuSPARSE 12.8.6,CUDA,13040,13000,2026-10-08T01:05:34.096250+00:00,derived,csr-alg3,0,0,,,,5,20,4,true
3,A100-SXM4-80GB-suitesparse_all-fp64-n4-row-major-cuSPARSE-SpMM-CSR-solve-only,cuSPARSE-SpMM-CSR-best-solve-only,cuSPARSE CUDA 13.4.1 CSR PER MATRIX BEST,per-matrix-best,cuSPARSE-SpMM-CSR,best,solve-only,"csr-alg1,csr-alg2,csr-alg3,csr-default",manual-selection,csr,CUSPARSE_SPMM_CSR_ALG3,library-preprocess,spmm.csr.fp64,fp64,A100-SXM4-80GB,A100-SXM4-80GB,,9700.0,0edb0287-e1df-52fd-b14b-f9e504b96222,suitesparse_all,Cylshell/s2rmt3m1,s2rmt3m1,5489,5489,219521,4,row-major,N,N,1.0,0.0,20260922,main,pass,pass,0,0,1756168.0,58.931323,0.011571200192,58.9428942002,2.95813735019,151.7706003577887,0.029794397167454346,0.5936735831036386,1.5646453645132858,0.0003071587336850963,0.0061203462175632856,cuSPARSE 12.8.6,CUDA,13040,13000,2026-10-07T20:13:08.416770+00:00,derived,csr-alg3,0,0,,,,5,20,4,true
3,A100-SXM4-80GB-suitesparse_all-fp64-n4-row-major-cuSPARSE-SpMM-CSR-solve-only,cuSPARSE-SpMM-CSR-best-solve-only,cuSPARSE CUDA 13.4.1 CSR PER MATRIX BEST,per-matrix-best,cuSPARSE-SpMM-CSR,best,solve-only,"csr-alg1,csr-alg2,csr-alg3,csr-default",manual-selection,csr,CUSPARSE_SPMM_CSR_ALG3,library-preprocess,spmm.csr.fp64,fp64,A100-SXM4-80GB,A100-SXM4-80GB,,9700.0,df7f742d-c1c4-51c9-b7da-d151d8293f2c,suitesparse_all,Cylshell/s3rmq4m1,s3rmq4m1,5489,5489,281111,4,row-major,N,N,1.0,0.0,20260922,main,pass,pass,0,0,2248888.0,56.349583,0.0128432005644,56.3624262006,2.83032235056,175.1033933265576,0.03990048249512829,0.7945695653906847,1.8051896219232744,0.0004113451803621473,0.008191438818460666,cuSPARSE 12.8.6,CUDA,13040,13000,2026-10-08T22:58:40.058972+00:00,derived,csr-alg3,0,0,,,,5,20,4,true
3,A100-SXM4-80GB-suitesparse_all-fp64-n4-row-major-cuSPARSE-SpMM-CSR-solve-only,cuSPARSE-SpMM-CSR-best-solve-only,cuSPARSE CUDA 13.4.1 CSR PER MATRIX BEST,per-matrix-best,cuSPARSE-SpMM-CSR,best,solve-only,"csr-alg1,csr-alg2,csr-alg3,csr-default",manual-selection,csr,CUSPARSE_SPMM_CSR_ALG3,library-preprocess,spmm.csr.fp64,fp64,A100-SXM4-80GB,A100-SXM4-80GB,,9700.0,df7f742d-c1c4-51c9-b7da-d151d8293f2c,suitesparse_all,Dattorro/EternityII_A,EternityII_A,7362,150638,782087,4,row-major,N,N,1.0,0.0,20260922,main,pass,pass,0,0,6256696.0,57.666113,0.0249855995178,57.6910985995,2.90829124952,250.41208218928926,0.10845167022099707,2.1513306141648085,2.581567857621539,0.0011180584558865675,0.022178666125410397,cuSPARSE 12.8.6,CUDA,13040,13000,2026-10-08T23:17:42.947054+00:00,derived,csr-alg3,0,0,,,,5,20,4,true
3,A100-SXM4-80GB-suitesparse_all-fp64-n4-row-major-cuSPARSE-SpMM-CSR-solve-only,cuSPARSE-SpMM-CSR-best-solve-only,cuSPARSE CUDA 13.4.1 CSR PER MATRIX BEST,per-matrix-best,cuSPARSE-SpMM-CSR,best,solve-only,"csr-alg1,csr-alg2,csr-alg3,csr-default",manual-selection,csr,CUSPARSE_SPMM_CSR_ALG3,library-preprocess,spmm.csr.fp64,fp64,A100-SXM4-80GB,A100-SXM4-80GB,,9700.0,1cb4d392-df77-5092-a407-ab8ee1286933,suitesparse_all,Dattorro/EternityII_Etilde,EternityII_Etilde,10054,204304,1170516,4,row-major,N,N,1.0,0.0,20260922,main,pass,pass,0,0,9364128.0,69.170748,0.0382095992565,69.2089575993,3.49674699926,245.07265666773588,0.1353022545754209,2.6779541104865996,2.526522233687999,0.0013948686038703184,0.027607774334913397,cuSPARSE 12.8.6,CUDA,13040,13000,2026-10-08T01:21:28.514565+00:00,derived,csr-alg3,0,0,,,,5,20,4,true
3,A100-SXM4-80GB-suitesparse_all-fp64-n4-row-major-cuSPARSE-SpMM-CSR-solve-only,cuSPARSE-SpMM-CSR-best-solve-only,cuSPARSE CUDA 13.4.1 CSR PER MATRIX BEST,per-matrix-best,cuSPARSE-SpMM-CSR,best,solve-only,"csr-alg1,csr-alg2,csr-alg3,csr-default",manual-selection,csr,CUSPARSE_SPMM_CSR_ALG3,library-preprocess,spmm.csr.fp64,fp64,A100-SXM4-80GB,A100-SXM4-80GB,,9700.0,0edb0287-e1df-52fd-b14b-f9e504b96222,suitesparse_all,Dehghani/light_in_tissue,light_in_tissue,29282,29282,406084,4,row-major,N,N,1.0,0.0,20260922,main,pass,pass,0,0,3248672.0,49.922431,0.0203792005777,49.9428102006,2.51650075058,159.41115980549645,0.06504784146009011,1.2909481545957218,1.6434140186133654,0.0006705963037122692,0.013308743861811564,cuSPARSE 12.8.6,CUDA,13040,13000,2026-10-07T20:15:18.276710+00:00,derived,csr-alg3,0,0,,,,5,20,4,true
3,A100-SXM4-80GB-suitesparse_all-fp64-n4-row-major-cuSPARSE-SpMM-CSR-solve-only,cuSPARSE-SpMM-CSR-best-solve-only,cuSPARSE CUDA 13.4.1 CSR PER MATRIX BEST,per-matrix-best,cuSPARSE-SpMM-CSR,best,solve-only,"csr-alg1,csr-alg2,csr-alg3,csr-default",manual-selection,csr,CUSPARSE_SPMM_CSR_ALG1,library-preprocess,spmm.csr.fp64,fp64,A100-SXM4-80GB,A100-SXM4-80GB,,9700.0,0edb0287-e1df-52fd-b14b-f9e504b96222,suitesparse_all,DIMACS10/333SP,333SP,3712815,3712815,22217266,4,row-major,N,N,1.0,0.0,20260922,main,pass,pass,0,0,177738128.0,2.524711,1.52652797699,4.05123897699,1.65276352699,116.43293190765041,43.872536033916305,107.53996267312074,1.2003395042025815,0.4522941859166629,1.1086594090012447,cuSPARSE 12.8.6,CUDA,13040,13000,2026-10-07T16:56:43.211114+00:00,derived,csr-alg1,0,0,,,,5,20,4,true
3,A100-SXM4-80GB-suitesparse_all-fp64-n4-row-major-cuSPARSE-SpMM-CSR-solve-only,cuSPARSE-SpMM-CSR-best-solve-only,cuSPARSE CUDA 13.4.1 CSR PER MATRIX BEST,per-matrix-best,cuSPARSE-SpMM-CSR,best,solve-only,"csr-alg1,csr-alg2,csr-alg3,csr-default",manual-selection,csr,CUSPARSE_SPMM_CSR_ALG3,library-preprocess,spmm.csr.fp64,fp64,A100-SXM4-80GB,A100-SXM4-80GB,,9700.0,1cb4d392-df77-5092-a407-ab8ee1286933,suitesparse_all,DIMACS10/598a,598a,110971,110971,1483868,4,row-major,N,N,1.0,0.0,20260922,main,pass,pass,0,0,11870944.0,50.040749,0.0840192019939,50.124768202,2.58605665199,141.28846404494368,0.23682790815432328,4.590365021920604,1.4565821035561204,0.0024415248263332297,0.04732335074144953,cuSPARSE 12.8.6,CUDA,13040,13000,2026-10-08T02:01:42.726928+00:00,derived,csr-alg3,0,0,,,,5,20,4,true
3,A100-SXM4-80GB-suitesparse_all-fp64-n4-row-major-cuSPARSE-SpMM-CSR-solve-only,cuSPARSE-SpMM-CSR-best-solve-only,cuSPARSE CUDA 13.4.1 CSR PER MATRIX BEST,per-matrix-best,cuSPARSE-SpMM-CSR,best,solve-only,"csr-alg1,csr-alg2,csr-alg3,csr-default",manual-selection,csr,CUSPARSE_SPMM_CSR_ALG1,library-preprocess,spmm.csr.fp64,fp64,A100-SXM4-80GB,A100-SXM4-80GB,,9700.0,df7f742d-c1c4-51c9-b7da-d151d8293f2c,suitesparse_all,DIMACS10/adaptive,adaptive,6815744,6815744,27248640,4,row-major,N,N,1.0,0.0,20260922,main,pass,pass,0,0,217989120.0,3.354371,1.94611206055,5.30048306055,2.11383061055,112.01262477063784,41.126274248932425,103.12516003507072,1.154769327532349,0.4239822087518807,1.063145979742997,cuSPARSE 12.8.6,CUDA,13040,13000,2026-10-08T18:48:35.743035+00:00,derived,csr-alg1,0,0,,,,5,20,4,true
3,A100-SXM4-80GB-suitesparse_all-fp64-n4-row-major-cuSPARSE-SpMM-CSR-solve-only,cuSPARSE-SpMM-CSR-best-solve-only,cuSPARSE CUDA 13.4.1 CSR PER MATRIX BEST,per-matrix-best,cuSPARSE-SpMM-CSR,best,solve-only,"csr-alg1,csr-alg2,csr-alg3,csr-default",manual-selection,csr,CUSPARSE_SPMM_CSR_ALG3,library-preprocess,spmm.csr.fp64,fp64,A100-SXM4-80GB,A100-SXM4-80GB,,9700.0,1cb4d392-df77-5092-a407-ab8ee1286933,suitesparse_all,DIMACS10/ak2010,ak2010,45292,45292,217098,4,row-major,N,N,1.0,0.0,20260922,main,pass,pass,0,0,1736784.0,63.412056,0.0244143992662,63.4364703993,3.19501719927,71.13769137070082,0.02737832021655424,0.543591439944931,0.7333782615536166,0.00028225072388200247,0.005604035463349803,cuSPARSE 12.8.6,CUDA,13040,13000,2026-10-08T02:07:56.907428+00:00,derived,csr-alg3,0,0,,,,5,20,4,true
3,A100-SXM4-80GB-suitesparse_all-fp64-n4-row-major-cuSPARSE-SpMM-CSR-solve-only,cuSPARSE-SpMM-CSR-best-solve-only,cuSPARSE CUDA 13.4.1 CSR PER MATRIX BEST,per-matrix-best,cuSPARSE-SpMM-CSR,best,solve-only,"csr-alg1,csr-alg2,csr-alg3,csr-default",manual-selection,csr,CUSPARSE_SPMM_CSR_ALG1,library-preprocess,spmm.csr.fp64,fp64,A100-SXM4-80GB,A100-SXM4-80GB,,9700.0,df7f742d-c1c4-51c9-b7da-d151d8293f2c,suitesparse_all,DIMACS10/al2010,al2010,252266,252266,1230482,4,row-major,N,N,1.0,0.0,20260922,main,pass,pass,0,0,9843856.0,0.12492,0.137369596958,0.262289596958,0.143615596958,71.65964098307505,37.530485822418186,68.54308451524808,0.7387591853925263,0.38691222497338335,0.7066297372705987,cuSPARSE 12.8.6,CUDA,13040,13000,2026-10-08T19:09:51.870361+00:00,derived,csr-alg1,0,0,,,,5,20,4,true
3,A100-SXM4-80GB-suitesparse_all-fp64-n4-row-major-cuSPARSE-SpMM-CSR-solve-only,cuSPARSE-SpMM-CSR-best-solve-only,cuSPARSE CUDA 13.4.1 CSR PER MATRIX BEST,per-matrix-best,cuSPARSE-SpMM-CSR,best,solve-only,"csr-alg1,csr-alg2,csr-alg3,csr-default",manual-selection,csr,CUSPARSE_SPMM_CSR_ALG3,library-preprocess,spmm.csr.fp64,fp64,A100-SXM4-80GB,A100-SXM4-80GB,,9700.0,df7f742d-c1c4-51c9-b7da-d151d8293f2c,suitesparse_all,DIMACS10/auto,auto,448695,448695,6629222,4,row-major,N,N,1.0,0.0,20260922,main,pass,pass,0,0,53033776.0,61.444184,0.38666241169,61.8308464117,3.45887161169,137.15782656039224,0.8577235971650007,15.332681276969334,1.4139982119628065,0.008842511310979389,0.15806887914401374,cuSPARSE 12.8.6,CUDA,13040,13000,2026-10-09T00:14:54.013425+00:00,derived,csr-alg3,0,0,,,,5,20,4,true
3,A100-SXM4-80GB-suitesparse_all-fp64-n4-row-major-cuSPARSE-SpMM-CSR-solve-only,cuSPARSE-SpMM-CSR-best-solve-only,cuSPARSE CUDA 13.4.1 CSR PER MATRIX BEST,per-matrix-best,cuSPARSE-SpMM-CSR,best,solve-only,"csr-alg1,csr-alg2,csr-alg3,csr-default",manual-selection,csr,CUSPARSE_SPMM_CSR_ALG1,library-preprocess,spmm.csr.fp64,fp64,A100-SXM4-80GB,A100-SXM4-80GB,,9700.0,0edb0287-e1df-52fd-b14b-f9e504b96222,suitesparse_all,DIMACS10/az2010,az2010,241666,241666,1196094,4,row-major,N,N,1.0,0.0,20260922,main,pass,pass,0,0,9568752.0,0.11569,0.133171200752,0.248861200752,0.138955700752,71.8530128583848,38.450156035113075,68.8618887042119,0.7407527098802557,0.3963933611867327,0.7099163783939372,cuSPARSE 12.8.6,CUDA,13040,13000,2026-10-07T16:56:49.889689+00:00,derived,csr-alg1,0,0,,,,5,20,4,true
3,A100-SXM4-80GB-suitesparse_all-fp64-n4-row-major-cuSPARSE-SpMM-CSR-solve-only,cuSPARSE-SpMM-CSR-best-solve-only,cuSPARSE CUDA 13.4.1 CSR PER MATRIX BEST,per-matrix-best,cuSPARSE-SpMM-CSR,best,solve-only,"csr-alg1,csr-alg2,csr-alg3,csr-default",manual-selection,csr,CUSPARSE_SPMM_CSR_ALG1,library-preprocess,spmm.csr.fp64,fp64,A100-SXM4-80GB,A100-SXM4-80GB,,9700.0,1cb4d392-df77-5092-a407-ab8ee1286933,suitesparse_all,DIMACS10/belgium_osm,belgium_osm,1441295,1441295,3099940,4,row-major,N,N,1.0,0.0,20260922,main,pass,pass,0,0,24799520.0,0.39755,0.327526402473,0.725076402473,0.347403902473,75.71762096963886,34.20263011651861,71.38526603605843,0.7805940306148336,0.35260443419091353,0.735930577691324,cuSPARSE 12.8.6,CUDA,13040,13000,2026-10-07T21:47:06.896869+00:00,derived,csr-alg1,0,0,,,,5,20,4,true
3,A100-SXM4-80GB-suitesparse_all-fp64-n4-row-major-cuSPARSE-SpMM-CSR-solve-only,cuSPARSE-SpMM-CSR-best-solve-only,cuSPARSE CUDA 13.4.1 CSR PER MATRIX BEST,per-matrix-best,cuSPARSE-SpMM-CSR,best,solve-only,"csr-alg1,csr-alg2,csr-alg3,csr-default",manual-selection,csr,CUSPARSE_SPMM_CSR_ALG3,library-preprocess,spmm.csr.fp64,fp64,A100-SXM4-80GB,A100-SXM4-80GB,,9700.0,0edb0287-e1df-52fd-b14b-f9e504b96222,suitesparse_all,DIMACS10/chesapeake,chesapeake,39,39,340,4,row-major,N,N,1.0,0.0,20260922,main,pass,pass,0,0,2720.0,47.977219,0.00742399990559,47.9846429999,2.40628494991,0.36637931500402354,5.668480226070805e-05,0.001130373192128278,0.0037771063402476657,5.843794047495675e-07,1.1653331877611113e-05,cuSPARSE 12.8.6,CUDA,13040,13000,2026-10-07T21:09:51.098387+00:00,derived,csr-alg3,0,0,,,,5,20,4,true
3,A100-SXM4-80GB-suitesparse_all-fp64-n4-row-major-cuSPARSE-SpMM-CSR-solve-only,cuSPARSE-SpMM-CSR-best-solve-only,cuSPARSE CUDA 13.4.1 CSR PER MATRIX BEST,per-matrix-best,cuSPARSE-SpMM-CSR,best,solve-only,"csr-alg1,csr-alg2,csr-alg3,csr-default",manual-selection,csr,CUSPARSE_SPMM_CSR_ALG1,library-preprocess,spmm.csr.fp64,fp64,A100-SXM4-80GB,A100-SXM4-80GB,,9700.0,1cb4d392-df77-5092-a407-ab8ee1286933,suitesparse_all,DIMACS10/coAuthorsDBLP,coAuthorsDBLP,299067,299067,1955352,4,row-major,N,N,1.0,0.0,20260922,main,pass,pass,0,0,15642816.0,0.14927,0.17315839529,0.32242839529,0.18062189529,90.33818992028614,48.51562774404676,86.60531423881062,0.9313215455699603,0.5001611107633687,0.8928382911217589,cuSPARSE 12.8.6,CUDA,13040,13000,2026-10-07T21:31:35.074992+00:00,derived,csr-alg1,0,0,,,,5,20,4,true
3,A100-SXM4-80GB-suitesparse_all-fp64-n4-row-major-cuSPARSE-SpMM-CSR-solve-only,cuSPARSE-SpMM-CSR-best-solve-only,cuSPARSE CUDA 13.4.1 CSR PER MATRIX BEST,per-matrix-best,cuSPARSE-SpMM-CSR,best,solve-only,"csr-alg1,csr-alg2,csr-alg3,csr-default",manual-selection,csr,CUSPARSE_SPMM_CSR_ALG3,library-preprocess,spmm.csr.fp64,fp64,A100-SXM4-80GB,A100-SXM4-80GB,,9700.0,df7f742d-c1c4-51c9-b7da-d151d8293f2c,suitesparse_all,DIMACS10/coPapersCiteseer,coPapersCiteseer,434102,434102,32073440,4,row-major,N,N,1.0,0.0,20260922,main,pass,pass,0,0,256587520.0,63.148945,1.36115198135,64.5100969814,4.51859923135,188.50761966016074,3.977478441459809,56.78474829540052,1.9433775222696983,0.0410049323861836,0.5854097762412425,cuSPARSE 12.8.6,CUDA,13040,13000,2026-10-08T23:44:27.115233+00:00,derived,csr-alg3,0,0,,,,5,20,4,true
3,A100-SXM4-80GB-suitesparse_all-fp64-n4-row-major-cuSPARSE-SpMM-CSR-solve-only,cuSPARSE-SpMM-CSR-best-solve-only,cuSPARSE CUDA 13.4.1 CSR PER MATRIX BEST,per-matrix-best,cuSPARSE-SpMM-CSR,best,solve-only,"csr-alg1,csr-alg2,csr-alg3,csr-default",manual-selection,csr,CUSPARSE_SPMM_CSR_ALG3,library-preprocess,spmm.csr.fp64,fp64,A100-SXM4-80GB,A100-SXM4-80GB,,9700.0,0edb0287-e1df-52fd-b14b-f9e504b96222,suitesparse_all,DIMACS10/cti,cti,16840,16840,96464,4,row-major,N,N,1.0,0.0,20260922,main,pass,pass,0,0,771712.0,60.064164,0.0123903997242,60.0765543997,3.01559859972,62.28305923760877,0.012845477036942944,0.25590673774409295,0.6420933942021523,0.00013242759831899945,0.002638213791176216,cuSPARSE 12.8.6,CUDA,13040,13000,2026-10-07T21:23:47.157941+00:00,derived,csr-alg3,0,0,,,,5,20,4,true
3,A100-SXM4-80GB-suitesparse_all-fp64-n4-row-major-cuSPARSE-SpMM-CSR-solve-only,cuSPARSE-SpMM-CSR-best-solve-only,cuSPARSE CUDA 13.4.1 CSR PER MATRIX BEST,per-matrix-best,cuSPARSE-SpMM-CSR,best,solve-only,"csr-alg1,csr-alg2,csr-alg3,csr-default",manual-selection,csr,CUSPARSE_SPMM_CSR_ALG3,library-preprocess,spmm.csr.fp64,fp64,A100-SXM4-80GB,A100-SXM4-80GB,,9700.0,0edb0287-e1df-52fd-b14b-f9e504b96222,suitesparse_all,DIMACS10/delaunay_n10,delaunay_n10,1024,1024,6112,4,row-major,N,N,1.0,0.0,20260922,main,pass,pass,0,0,48896.0,51.52338,0.00609279982746,51.5294727998,2.58226179983,8.025210311296906,0.0009488938532316943,0.018935338006091793,0.08273412692058665,9.782410858058704e-06,0.00019520967016589476,cuSPARSE 12.8.6,CUDA,13040,13000,2026-10-07T21:09:52.349683+00:00,derived,csr-alg3,0,0,,,,5,20,4,true
3,A100-SXM4-80GB-suitesparse_all-fp64-n4-row-major-cuSPARSE-SpMM-CSR-solve-only,cuSPARSE-SpMM-CSR-best-solve-only,cuSPARSE CUDA 13.4.1 CSR PER MATRIX BEST,per-matrix-best,cuSPARSE-SpMM-CSR,best,solve-only,"csr-alg1,csr-alg2,csr-alg3,csr-default",manual-selection,csr,CUSPARSE_SPMM_CSR_ALG3,library-preprocess,spmm.csr.fp64,fp64,A100-SXM4-80GB,A100-SXM4-80GB,,9700.0,1cb4d392-df77-5092-a407-ab8ee1286933,suitesparse_all,DIMACS10/delaunay_n15,delaunay_n15,32768,32768,196548,4,row-major,N,N,1.0,0.0,20260922,main,pass,pass,0,0,1572384.0,49.0161,0.01520639956,49.0313063996,2.46601139956,103.40278076975639,0.032068980320149654,0.637622356604091,1.0660080491727464,0.0003306080445376253,0.0065734263567432056,cuSPARSE 12.8.6,CUDA,13040,13000,2026-10-08T01:46:32.028160+00:00,derived,csr-alg3,0,0,,,,5,20,4,true
3,A100-SXM4-80GB-suitesparse_all-fp64-n4-row-major-cuSPARSE-SpMM-CSR-solve-only,cuSPARSE-SpMM-CSR-best-solve-only,cuSPARSE CUDA 13.4.1 CSR PER MATRIX BEST,per-matrix-best,cuSPARSE-SpMM-CSR,best,solve-only,"csr-alg1,csr-alg2,csr-alg3,csr-default",manual-selection,csr,CUSPARSE_SPMM_CSR_ALG3,library-preprocess,spmm.csr.fp64,fp64,A100-SXM4-80GB,A100-SXM4-80GB,,9700.0,df7f742d-c1c4-51c9-b7da-d151d8293f2c,suitesparse_all,DIMACS10/delaunay_n16,delaunay_n16,65536,65536,393150,4,row-major,N,N,1.0,0.0,20260922,main,pass,pass,0,0,3145200.0,54.803982,0.0317952007055,54.8357772007,2.77199430071,98.92058959250213,0.05735671418476495,1.134634367464035,1.0197998927062075,0.0005913063318017006,0.011697261520247781,cuSPARSE 12.8.6,CUDA,13040,13000,2026-10-08T23:44:30.187800+00:00,derived,csr-alg3,0,0,,,,5,20,4,true
3,A100-SXM4-80GB-suitesparse_all-fp64-n4-row-major-cuSPARSE-SpMM-CSR-solve-only,cuSPARSE-SpMM-CSR-best-solve-only,cuSPARSE CUDA 13.4.1 CSR PER MATRIX BEST,per-matrix-best,cuSPARSE-SpMM-CSR,best,solve-only,"csr-alg1,csr-alg2,csr-alg3,csr-default",manual-selection,csr,CUSPARSE_SPMM_CSR_ALG1,library-preprocess,spmm.csr.fp64,fp64,A100-SXM4-80GB,A100-SXM4-80GB,,9700.0,0edb0287-e1df-52fd-b14b-f9e504b96222,suitesparse_all,DIMACS10/delaunay_n18,delaunay_n18,262144,262144,1572792,4,row-major,N,N,1.0,0.0,20260922,main,pass,pass,0,0,12582336.0,0.12792,0.146380794048,0.274300794048,0.152776794048,85.95619447093655,45.87057811359529,82.3576386610576,0.8861463347519232,0.4728925578721164,0.8490478212480166,cuSPARSE 12.8.6,CUDA,13040,13000,2026-10-07T16:37:50.833013+00:00,derived,csr-alg1,0,0,,,,5,20,4,true
3,A100-SXM4-80GB-suitesparse_all-fp64-n4-row-major-cuSPARSE-SpMM-CSR-solve-only,cuSPARSE-SpMM-CSR-best-solve-only,cuSPARSE CUDA 13.4.1 CSR PER MATRIX BEST,per-matrix-best,cuSPARSE-SpMM-CSR,best,solve-only,"csr-alg1,csr-alg2,csr-alg3,csr-default",manual-selection,csr,CUSPARSE_SPMM_CSR_ALG1,library-preprocess,spmm.csr.fp64,fp64,A100-SXM4-80GB,A100-SXM4-80GB,,9700.0,1cb4d392-df77-5092-a407-ab8ee1286933,suitesparse_all,DIMACS10/delaunay_n23,delaunay_n23,8388608,8388608,50331568,4,row-major,N,N,1.0,0.0,20260922,main,pass,pass,0,0,402652544.0,6.115173,3.18177280426,9.29694580426,3.48753145426,126.54974719153363,43.31019589417188,115.45488529090173,1.304636568984883,0.4464968648883699,1.1902565493907395,cuSPARSE 12.8.6,CUDA,13040,13000,2026-10-07T21:35:48.209129+00:00,derived,csr-alg1,0,0,,,,5,20,4,true
3,A100-SXM4-80GB-suitesparse_all-fp64-n4-row-major-cuSPARSE-SpMM-CSR-solve-only,cuSPARSE-SpMM-CSR-best-solve-only,cuSPARSE CUDA 13.4.1 CSR PER MATRIX BEST,per-matrix-best,cuSPARSE-SpMM-CSR,best,solve-only,"csr-alg1,csr-alg2,csr-alg3,csr-default",manual-selection,csr,CUSPARSE_SPMM_CSR_ALG1,library-preprocess,spmm.csr.fp64,fp64,A100-SXM4-80GB,A100-SXM4-80GB,,9700.0,df7f742d-c1c4-51c9-b7da-d151d8293f2c,suitesparse_all,DIMACS10/delaunay_n24,delaunay_n24,16777216,16777216,100663202,4,row-major,N,N,1.0,0.0,20260922,main,pass,pass,0,0,805305616.0,0.84012,5.68555526733,6.52567526733,5.72756126733,141.64062754387407,123.40571404643207,140.60183355758446,1.4602126550914853,1.2722238561487842,1.4495034387379842,cuSPARSE 12.8.6,CUDA,13040,13000,2026-10-08T18:43:15.736308+00:00,derived,csr-alg1,0,0,,,,5,20,4,true
3,A100-SXM4-80GB-suitesparse_all-fp64-n4-row-major-cuSPARSE-SpMM-CSR-solve-only,cuSPARSE-SpMM-CSR-best-solve-only,cuSPARSE CUDA 13.4.1 CSR PER MATRIX BEST,per-matrix-best,cuSPARSE-SpMM-CSR,best,solve-only,"csr-alg1,csr-alg2,csr-alg3,csr-default",manual-selection,csr,CUSPARSE_SPMM_CSR_ALG1,library-preprocess,spmm.csr.fp64,fp64,A100-SXM4-80GB,A100-SXM4-80GB,,9700.0,df7f742d-c1c4-51c9-b7da-d151d8293f2c,suitesparse_all,DIMACS10/europe_osm,europe_osm,50912018,50912018,108109320,4,row-major,N,N,1.0,0.0,20260922,main,pass,pass,0,0,864874560.0,1.07401,8.62725143433,9.70126143433,8.68095193433,100.24914268273749,89.15073218617276,99.62899996943152,1.0334963163168813,0.919079713259513,1.0271030924683662,cuSPARSE 12.8.6,CUDA,13040,13000,2026-10-08T19:04:29.612245+00:00,derived,csr-alg1,0,0,,,,5,20,4,true
3,A100-SXM4-80GB-suitesparse_all-fp64-n4-row-major-cuSPARSE-SpMM-CSR-solve-only,cuSPARSE-SpMM-CSR-best-solve-only,cuSPARSE CUDA 13.4.1 CSR PER MATRIX BEST,per-matrix-best,cuSPARSE-SpMM-CSR,best,solve-only,"csr-alg1,csr-alg2,csr-alg3,csr-default",manual-selection,csr,CUSPARSE_SPMM_CSR_ALG3,library-preprocess,spmm.csr.fp64,fp64,A100-SXM4-80GB,A100-SXM4-80GB,,9700.0,1cb4d392-df77-5092-a407-ab8ee1286933,suitesparse_all,DIMACS10/fe_rotor,fe_rotor,99617,99617,1324862,4,row-major,N,N,1.0,0.0,20260922,main,pass,pass,0,0,10598896.0,52.175451,0.0614400029182,52.2368910029,2.67021255292,172.50806472309515,0.20290058991856133,3.969307982021739,1.778433656939125,0.0020917586589542406,0.04092070084558494,cuSPARSE 12.8.6,CUDA,13040,13000,2026-10-08T02:01:47.274840+00:00,derived,csr-alg3,0,0,,,,5,20,4,true
3,A100-SXM4-80GB-suitesparse_all-fp64-n4-row-major-cuSPARSE-SpMM-CSR-solve-only,cuSPARSE-SpMM-CSR-best-solve-only,cuSPARSE CUDA 13.4.1 CSR PER MATRIX BEST,per-matrix-best,cuSPARSE-SpMM-CSR,best,solve-only,"csr-alg1,csr-alg2,csr-alg3,csr-default",manual-selection,csr,CUSPARSE_SPMM_CSR_ALG3,library-preprocess,spmm.csr.fp64,fp64,A100-SXM4-80GB,A100-SXM4-80GB,,9700.0,df7f742d-c1c4-51c9-b7da-d151d8293f2c,suitesparse_all,DIMACS10/fe_sphere,fe_sphere,16386,16386,98304,4,row-major,N,N,1.0,0.0,20260922,main,pass,pass,0,0,786432.0,70.920558,0.0102256000042,70.9307836,3.5562535,76.9081520572862,0.011087315832219285,0.22114059079309167,0.7928675469823321,0.00011430222507442563,0.002279799905083419,cuSPARSE 12.8.6,CUDA,13040,13000,2026-10-09T00:14:55.253171+00:00,derived,csr-alg3,0,0,,,,5,20,4,true
3,A100-SXM4-80GB-suitesparse_all-fp64-n4-row-major-cuSPARSE-SpMM-CSR-solve-only,cuSPARSE-SpMM-CSR-best-solve-only,cuSPARSE CUDA 13.4.1 CSR PER MATRIX BEST,per-matrix-best,cuSPARSE-SpMM-CSR,best,solve-only,"csr-alg1,csr-alg2,csr-alg3,csr-default",manual-selection,csr,CUSPARSE_SPMM_CSR_ALG1,library-preprocess,spmm.csr.fp64,fp64,A100-SXM4-80GB,A100-SXM4-80GB,,9700.0,1cb4d392-df77-5092-a407-ab8ee1286933,suitesparse_all,DIMACS10/fl2010,fl2010,484481,484481,2346294,4,row-major,N,N,1.0,0.0,20260922,main,pass,pass,0,0,18770352.0,0.177911,0.219955205917,0.397866205917,0.228850755917,85.33715727139,47.17754793156706,82.02005680421551,0.8797645079524743,0.4863664735213099,0.8455675959197476,cuSPARSE 12.8.6,CUDA,13040,13000,2026-10-07T21:53:35.991180+00:00,derived,csr-alg1,0,0,,,,5,20,4,true
3,A100-SXM4-80GB-suitesparse_all-fp64-n4-row-major-cuSPARSE-SpMM-CSR-solve-only,cuSPARSE-SpMM-CSR-best-solve-only,cuSPARSE CUDA 13.4.1 CSR PER MATRIX BEST,per-matrix-best,cuSPARSE-SpMM-CSR,best,solve-only,"csr-alg1,csr-alg2,csr-alg3,csr-default",manual-selection,csr,CUSPARSE_SPMM_CSR_ALG3,library-preprocess,spmm.csr.fp64,fp64,A100-SXM4-80GB,A100-SXM4-80GB,,9700.0,1cb4d392-df77-5092-a407-ab8ee1286933,suitesparse_all,DIMACS10/G_n_pin_pout,G_n_pin_pout,100000,100000,1002396,4,row-major,N,N,1.0,0.0,20260922,main,pass,pass,0,0,8019168.0,63.071315,0.0423424005508,63.1136574006,3.19590815055,189.38860092211965,0.12705915534414527,2.509198519556934,1.9524598033208211,0.001309888199424178,0.02586802597481375,cuSPARSE 12.8.6,CUDA,13040,13000,2026-10-08T02:07:54.746881+00:00,derived,csr-alg3,0,0,,,,5,20,4,true
3,A100-SXM4-80GB-suitesparse_all-fp64-n4-row-major-cuSPARSE-SpMM-CSR-solve-only,cuSPARSE-SpMM-CSR-best-solve-only,cuSPARSE CUDA 13.4.1 CSR PER MATRIX BEST,per-matrix-best,cuSPARSE-SpMM-CSR,best,solve-only,"csr-alg1,csr-alg2,csr-alg3,csr-default",manual-selection,csr,CUSPARSE_SPMM_CSR_ALG1,library-preprocess,spmm.csr.fp64,fp64,A100-SXM4-80GB,A100-SXM4-80GB,,9700.0,df7f742d-c1c4-51c9-b7da-d151d8293f2c,suitesparse_all,DIMACS10/ga2010,ga2010,291086,291086,1418056,4,row-major,N,N,1.0,0.0,20260922,main,pass,pass,0,0,11344448.0,0.1468,0.151449596882,0.298249596882,0.158789596882,74.9057655718878,38.03675887108856,71.44326972774107,0.7722243873390494,0.3921315347534903,0.7365285538942378,cuSPARSE 12.8.6,CUDA,13040,13000,2026-10-08T19:10:00.628850+00:00,derived,csr-alg1,0,0,,,,5,20,4,true
3,A100-SXM4-80GB-suitesparse_all-fp64-n4-row-major-cuSPARSE-SpMM-CSR-solve-only,cuSPARSE-SpMM-CSR-best-solve-only,cuSPARSE CUDA 13.4.1 CSR PER MATRIX BEST,per-matrix-best,cuSPARSE-SpMM-CSR,best,solve-only,"csr-alg1,csr-alg2,csr-alg3,csr-default",manual-selection,csr,CUSPARSE_SPMM_CSR_ALG1,library-preprocess,spmm.csr.fp64,fp64,A100-SXM4-80GB,A100-SXM4-80GB,,9700.0,0edb0287-e1df-52fd-b14b-f9e504b96222,suitesparse_all,DIMACS10/great-britain_osm,great-britain_osm,7733822,7733822,16313034,4,row-major,N,N,1.0,0.0,20260922,main,pass,pass,0,0,130504272.0,0.58444,1.61955833435,2.20399833435,1.64878033435,80.58016141318991,59.21250935903639,79.15200665675624,0.8307233135380404,0.6104382408148081,0.8160000686263531,cuSPARSE 12.8.6,CUDA,13040,13000,2026-10-07T16:51:47.790806+00:00,derived,csr-alg1,0,0,,,,5,20,4,true
3,A100-SXM4-80GB-suitesparse_all-fp64-n4-row-major-cuSPARSE-SpMM-CSR-solve-only,cuSPARSE-SpMM-CSR-best-solve-only,cuSPARSE CUDA 13.4.1 CSR PER MATRIX BEST,per-matrix-best,cuSPARSE-SpMM-CSR,best,solve-only,"csr-alg1,csr-alg2,csr-alg3,csr-default",manual-selection,csr,CUSPARSE_SPMM_CSR_ALG1,library-preprocess,spmm.csr.fp64,fp64,A100-SXM4-80GB,A100-SXM4-80GB,,9700.0,0edb0287-e1df-52fd-b14b-f9e504b96222,suitesparse_all,DIMACS10/hugebubbles-00010,hugebubbles-00010,19458087,19458087,58359528,4,row-major,N,N,1.0,0.0,20260922,main,pass,pass,0,0,466876224.0,0.67242,5.07571182251,5.74813182251,5.10933282251,91.98241356600978,81.22225418903705,91.37714065975513,0.9482723048042245,0.8373428266911035,0.9420323779356199,cuSPARSE 12.8.6,CUDA,13040,13000,2026-10-07T16:45:42.935736+00:00,derived,csr-alg1,0,0,,,,5,20,4,true
3,A100-SXM4-80GB-suitesparse_all-fp64-n4-row-major-cuSPARSE-SpMM-CSR-solve-only,cuSPARSE-SpMM-CSR-best-solve-only,cuSPARSE CUDA 13.4.1 CSR PER MATRIX BEST,per-matrix-best,cuSPARSE-SpMM-CSR,best,solve-only,"csr-alg1,csr-alg2,csr-alg3,csr-default",manual-selection,csr,CUSPARSE_SPMM_CSR_ALG1,library-preprocess,spmm.csr.fp64,fp64,A100-SXM4-80GB,A100-SXM4-80GB,,9700.0,1cb4d392-df77-5092-a407-ab8ee1286933,suitesparse_all,DIMACS10/hugetric-00000,hugetric-00000,5824554,5824554,17467046,4,row-major,N,N,1.0,0.0,20260922,main,pass,pass,0,0,139736368.0,0.77472,1.48766717911,2.26238717911,1.52640317911,93.92985874945335,61.765010556226215,91.5461720156244,0.968349059272715,0.636752686146662,0.9437749692332412,cuSPARSE 12.8.6,CUDA,13040,13000,2026-10-07T21:37:59.403542+00:00,derived,csr-alg1,0,0,,,,5,20,4,true
3,A100-SXM4-80GB-suitesparse_all-fp64-n4-row-major-cuSPARSE-SpMM-CSR-solve-only,cuSPARSE-SpMM-CSR-best-solve-only,cuSPARSE CUDA 13.4.1 CSR PER MATRIX BEST,per-matrix-best,cuSPARSE-SpMM-CSR,best,solve-only,"csr-alg1,csr-alg2,csr-alg3,csr-default",manual-selection,csr,CUSPARSE_SPMM_CSR_ALG1,library-preprocess,spmm.csr.fp64,fp64,A100-SXM4-80GB,A100-SXM4-80GB,,9700.0,df7f742d-c1c4-51c9-b7da-d151d8293f2c,suitesparse_all,DIMACS10/hugetric-00010,hugetric-00010,6592765,6592765,19771708,4,row-major,N,N,1.0,0.0,20260922,main,pass,pass,0,0,158173664.0,0.55492,1.76440315247,2.31932315247,1.79214915247,89.64712162215966,68.19819990653326,88.25920754530937,0.9241971301253572,0.7030742258405491,0.9098887375805088,cuSPARSE 12.8.6,CUDA,13040,13000,2026-10-08T18:45:49.515366+00:00,derived,csr-alg1,0,0,,,,5,20,4,true
3,A100-SXM4-80GB-suitesparse_all-fp64-n4-row-major-cuSPARSE-SpMM-CSR-solve-only,cuSPARSE-SpMM-CSR-best-solve-only,cuSPARSE CUDA 13.4.1 CSR PER MATRIX BEST,per-matrix-best,cuSPARSE-SpMM-CSR,best,solve-only,"csr-alg1,csr-alg2,csr-alg3,csr-default",manual-selection,csr,CUSPARSE_SPMM_CSR_ALG1,library-preprocess,spmm.csr.fp64,fp64,A100-SXM4-80GB,A100-SXM4-80GB,,9700.0,0edb0287-e1df-52fd-b14b-f9e504b96222,suitesparse_all,DIMACS10/ia2010,ia2010,216007,216007,1021170,4,row-major,N,N,1.0,0.0,20260922,main,pass,pass,0,0,8169360.0,0.110781,0.116275203228,0.227056203228,0.121814253228,70.25883226349634,35.97946184186249,67.06407323869885,0.7243178583865603,0.3709222870295102,0.6913821983371016,cuSPARSE 12.8.6,CUDA,13040,13000,2026-10-07T16:56:55.861847+00:00,derived,csr-alg1,0,0,,,,5,20,4,true
3,A100-SXM4-80GB-suitesparse_all-fp64-n4-row-major-cuSPARSE-SpMM-CSR-solve-only,cuSPARSE-SpMM-CSR-best-solve-only,cuSPARSE CUDA 13.4.1 CSR PER MATRIX BEST,per-matrix-best,cuSPARSE-SpMM-CSR,best,solve-only,"csr-alg1,csr-alg2,csr-alg3,csr-default",manual-selection,csr,CUSPARSE_SPMM_CSR_ALG3,library-preprocess,spmm.csr.fp64,fp64,A100-SXM4-80GB,A100-SXM4-80GB,,9700.0,0edb0287-e1df-52fd-b14b-f9e504b96222,suitesparse_all,DIMACS10/kron_g500-logn16,kron_g500-logn16,65536,65536,4912469,4,row-major,N,N,1.0,0.0,20260922,main,pass,pass,0,0,39299752.0,53.491781,0.201164793968,53.692945794,2.87575384397,195.36098352404326,0.7319351065366879,13.66589566850631,2.0140307579798273,0.007545722747800907,0.14088552235573515,cuSPARSE 12.8.6,CUDA,13040,13000,2026-10-07T21:17:33.470699+00:00,derived,csr-alg3,0,0,,,,5,20,4,true
3,A100-SXM4-80GB-suitesparse_all-fp64-n4-row-major-cuSPARSE-SpMM-CSR-solve-only,cuSPARSE-SpMM-CSR-best-solve-only,cuSPARSE CUDA 13.4.1 CSR PER MATRIX BEST,per-matrix-best,cuSPARSE-SpMM-CSR,best,solve-only,"csr-alg1,csr-alg2,csr-alg3,csr-default",manual-selection,csr,CUSPARSE_SPMM_CSR_ALG3,library-preprocess,spmm.csr.fp64,fp64,A100-SXM4-80GB,A100-SXM4-80GB,,9700.0,1cb4d392-df77-5092-a407-ab8ee1286933,suitesparse_all,DIMACS10/kron_g500-logn21,kron_g500-logn21,2097152,2097152,182082942,4,row-major,N,N,1.0,0.0,20260922,main,pass,pass,0,0,1456663536.0,57.594583,7.71406097412,65.3086439741,10.5937901241,188.83225591384084,22.304299206972992,137.50164189926798,1.946724287771555,0.2299412289378659,1.4175426999924534,cuSPARSE 12.8.6,CUDA,13040,13000,2026-10-08T02:01:00.153833+00:00,derived,csr-alg3,0,0,,,,5,20,4,true
3,A100-SXM4-80GB-suitesparse_all-fp64-n4-row-major-cuSPARSE-SpMM-CSR-solve-only,cuSPARSE-SpMM-CSR-best-solve-only,cuSPARSE CUDA 13.4.1 CSR PER MATRIX BEST,per-matrix-best,cuSPARSE-SpMM-CSR,best,solve-only,"csr-alg1,csr-alg2,csr-alg3,csr-default",manual-selection,csr,CUSPARSE_SPMM_CSR_ALG3,library-preprocess,spmm.csr.fp64,fp64,A100-SXM4-80GB,A100-SXM4-80GB,,9700.0,1cb4d392-df77-5092-a407-ab8ee1286933,suitesparse_all,DIMACS10/ky2010,ky2010,161672,161672,787778,4,row-major,N,N,1.0,0.0,20260922,main,pass,pass,0,0,6302224.0,59.270773,0.0713728010654,59.3421458011,3.03491145107,88.30007938493507,0.10620148487928757,2.076575907273362,0.910310096751908,0.0010948606688586347,0.021407999044055277,cuSPARSE 12.8.6,CUDA,13040,13000,2026-10-08T02:08:15.523901+00:00,derived,csr-alg3,0,0,,,,5,20,4,true
3,A100-SXM4-80GB-suitesparse_all-fp64-n4-row-major-cuSPARSE-SpMM-CSR-solve-only,cuSPARSE-SpMM-CSR-best-solve-only,cuSPARSE CUDA 13.4.1 CSR PER MATRIX BEST,per-matrix-best,cuSPARSE-SpMM-CSR,best,solve-only,"csr-alg1,csr-alg2,csr-alg3,csr-default",manual-selection,csr,CUSPARSE_SPMM_CSR_ALG1,library-preprocess,spmm.csr.fp64,fp64,A100-SXM4-80GB,A100-SXM4-80GB,,9700.0,df7f742d-c1c4-51c9-b7da-d151d8293f2c,suitesparse_all,DIMACS10/la2010,la2010,204447,204447,980634,4,row-major,N,N,1.0,0.0,20260922,main,pass,pass,0,0,7845072.0,0.10084,0.0917504012585,0.192590401258,0.0967924012585,85.50449799011874,40.73449117274802,81.05049464625273,0.881489670001224,0.4199432079664745,0.8355721097551828,cuSPARSE 12.8.6,CUDA,13040,13000,2026-10-08T19:10:06.573571+00:00,derived,csr-alg1,0,0,,,,5,20,4,true
3,A100-SXM4-80GB-suitesparse_all-fp64-n4-row-major-cuSPARSE-SpMM-CSR-solve-only,cuSPARSE-SpMM-CSR-best-solve-only,cuSPARSE CUDA 13.4.1 CSR PER MATRIX BEST,per-matrix-best,cuSPARSE-SpMM-CSR,best,solve-only,"csr-alg1,csr-alg2,csr-alg3,csr-default",manual-selection,csr,CUSPARSE_SPMM_CSR_ALG3,library-preprocess,spmm.csr.fp64,fp64,A100-SXM4-80GB,A100-SXM4-80GB,,9700.0,0edb0287-e1df-52fd-b14b-f9e504b96222,suitesparse_all,DIMACS10/m14b,m14b,214765,214765,3358036,4,row-major,N,N,1.0,0.0,20260922,main,pass,pass,0,0,26864288.0,59.027693,0.184422397614,59.2121153976,3.13580704761,145.66716596011037,0.45369579890214273,8.566945475958095,1.501723360413509,0.004677276277341678,0.08831902552534118,cuSPARSE 12.8.6,CUDA,13040,13000,2026-10-07T21:23:58.955517+00:00,derived,csr-alg3,0,0,,,,5,20,4,true
3,A100-SXM4-80GB-suitesparse_all-fp64-n4-row-major-cuSPARSE-SpMM-CSR-solve-only,cuSPARSE-SpMM-CSR-best-solve-only,cuSPARSE CUDA 13.4.1 CSR PER MATRIX BEST,per-matrix-best,cuSPARSE-SpMM-CSR,best,solve-only,"csr-alg1,csr-alg2,csr-alg3,csr-default",manual-selection,csr,CUSPARSE_SPMM_CSR_ALG3,library-preprocess,spmm.csr.fp64,fp64,A100-SXM4-80GB,A100-SXM4-80GB,,9700.0,0edb0287-e1df-52fd-b14b-f9e504b96222,suitesparse_all,DIMACS10/md2010,md2010,145247,145247,700378,4,row-major,N,N,1.0,0.0,20260922,main,pass,pass,0,0,5603024.0,55.347732,0.0651776015759,55.4129096016,2.83256420158,85.96548299610596,0.10111405519551021,1.978074847120726,0.8862420927433605,0.001042412940159899,0.020392524197120888,cuSPARSE 12.8.6,CUDA,13040,13000,2026-10-07T21:28:34.272814+00:00,derived,csr-alg3,0,0,,,,5,20,4,true
3,A100-SXM4-80GB-suitesparse_all-fp64-n4-row-major-cuSPARSE-SpMM-CSR-solve-only,cuSPARSE-SpMM-CSR-best-solve-only,cuSPARSE CUDA 13.4.1 CSR PER MATRIX BEST,per-matrix-best,cuSPARSE-SpMM-CSR,best,solve-only,"csr-alg1,csr-alg2,csr-alg3,csr-default",manual-selection,csr,CUSPARSE_SPMM_CSR_ALG3,library-preprocess,spmm.csr.fp64,fp64,A100-SXM4-80GB,A100-SXM4-80GB,,9700.0,1cb4d392-df77-5092-a407-ab8ee1286933,suitesparse_all,DIMACS10/ms2010,ms2010,171778,171778,839980,4,row-major,N,N,1.0,0.0,20260922,main,pass,pass,0,0,6719840.0,75.42639,0.077140802145,75.5035308021,3.84846030215,87.11135758439292,0.089000341157729,1.7461112944950636,0.898055232828793,0.0009175292902858659,0.01800114736592849,cuSPARSE 12.8.6,CUDA,13040,13000,2026-10-08T02:08:21.530124+00:00,derived,csr-alg3,0,0,,,,5,20,4,true
3,A100-SXM4-80GB-suitesparse_all-fp64-n4-row-major-cuSPARSE-SpMM-CSR-solve-only,cuSPARSE-SpMM-CSR-best-solve-only,cuSPARSE CUDA 13.4.1 CSR PER MATRIX BEST,per-matrix-best,cuSPARSE-SpMM-CSR,best,solve-only,"csr-alg1,csr-alg2,csr-alg3,csr-default",manual-selection,csr,CUSPARSE_SPMM_CSR_ALG3,library-preprocess,spmm.csr.fp64,fp64,A100-SXM4-80GB,A100-SXM4-80GB,,9700.0,df7f742d-c1c4-51c9-b7da-d151d8293f2c,suitesparse_all,DIMACS10/mt2010,mt2010,132288,132288,638668,4,row-major,N,N,1.0,0.0,20260922,main,pass,pass,0,0,5109344.0,57.851533,0.0599039971828,57.9114369972,2.95248064718,85.29220486587205,0.08822685578061265,1.7305258223724795,0.8793010810914645,0.0009095552142331202,0.017840472395592572,cuSPARSE 12.8.6,CUDA,13040,13000,2026-10-09T00:20:32.496328+00:00,derived,csr-alg3,0,0,,,,5,20,4,true
3,A100-SXM4-80GB-suitesparse_all-fp64-n4-row-major-cuSPARSE-SpMM-CSR-solve-only,cuSPARSE-SpMM-CSR-best-solve-only,cuSPARSE CUDA 13.4.1 CSR PER MATRIX BEST,per-matrix-best,cuSPARSE-SpMM-CSR,best,solve-only,"csr-alg1,csr-alg2,csr-alg3,csr-default",manual-selection,csr,CUSPARSE_SPMM_CSR_ALG3,library-preprocess,spmm.csr.fp64,fp64,A100-SXM4-80GB,A100-SXM4-80GB,,9700.0,0edb0287-e1df-52fd-b14b-f9e504b96222,suitesparse_all,DIMACS10/nd2010,nd2010,133769,133769,625946,4,row-major,N,N,1.0,0.0,20260922,main,pass,pass,0,0,5007568.0,68.719558,0.0600063979626,68.779564398,3.49598429796,83.45056810643844,0.07280604411832553,1.4323771428041165,0.8603151351179221,0.0007505777744157271,0.014766774668083677,cuSPARSE 12.8.6,CUDA,13040,13000,2026-10-07T21:28:39.723922+00:00,derived,csr-alg3,0,0,,,,5,20,4,true
3,A100-SXM4-80GB-suitesparse_all-fp64-n4-row-major-cuSPARSE-SpMM-CSR-solve-only,cuSPARSE-SpMM-CSR-best-solve-only,cuSPARSE CUDA 13.4.1 CSR PER MATRIX BEST,per-matrix-best,cuSPARSE-SpMM-CSR,best,solve-only,"csr-alg1,csr-alg2,csr-alg3,csr-default",manual-selection,csr,CUSPARSE_SPMM_CSR_ALG3,library-preprocess,spmm.csr.fp64,fp64,A100-SXM4-80GB,A100-SXM4-80GB,,9700.0,1cb4d392-df77-5092-a407-ab8ee1286933,suitesparse_all,DIMACS10/nv2010,nv2010,84538,84538,416998,4,row-major,N,N,1.0,0.0,20260922,main,pass,pass,0,0,3335984.0,64.774555,0.033126398921,64.8076813989,3.27185414892,100.70469802515122,0.0514751327001898,1.0196004614390188,1.0381927631458887,0.0005306714711359773,0.010511344963288854,cuSPARSE 12.8.6,CUDA,13040,13000,2026-10-08T02:08:25.273310+00:00,derived,csr-alg3,0,0,,,,5,20,4,true
3,A100-SXM4-80GB-suitesparse_all-fp64-n4-row-major-cuSPARSE-SpMM-CSR-solve-only,cuSPARSE-SpMM-CSR-best-solve-only,cuSPARSE CUDA 13.4.1 CSR PER MATRIX BEST,per-matrix-best,cuSPARSE-SpMM-CSR,best,solve-only,"csr-alg1,csr-alg2,csr-alg3,csr-default",manual-selection,csr,CUSPARSE_SPMM_CSR_ALG1,library-preprocess,spmm.csr.fp64,fp64,A100-SXM4-80GB,A100-SXM4-80GB,,9700.0,df7f742d-c1c4-51c9-b7da-d151d8293f2c,suitesparse_all,DIMACS10/ny2010,ny2010,350169,350169,1709544,4,row-major,N,N,1.0,0.0,20260922,main,pass,pass,0,0,13676352.0,0.157,0.143368005753,0.300368005753,0.151218005753,95.39333359747053,45.53198655667209,90.44129323024534,0.9834364288399023,0.4694019232646607,0.932384466291189,cuSPARSE 12.8.6,CUDA,13040,13000,2026-10-08T19:10:20.803353+00:00,derived,csr-alg1,0,0,,,,5,20,4,true
3,A100-SXM4-80GB-suitesparse_all-fp64-n4-row-major-cuSPARSE-SpMM-CSR-solve-only,cuSPARSE-SpMM-CSR-best-solve-only,cuSPARSE CUDA 13.4.1 CSR PER MATRIX BEST,per-matrix-best,cuSPARSE-SpMM-CSR,best,solve-only,"csr-alg1,csr-alg2,csr-alg3,csr-default",manual-selection,csr,CUSPARSE_SPMM_CSR_ALG1,library-preprocess,spmm.csr.fp64,fp64,A100-SXM4-80GB,A100-SXM4-80GB,,9700.0,0edb0287-e1df-52fd-b14b-f9e504b96222,suitesparse_all,DIMACS10/ok2010,ok2010,269118,269118,1274148,4,row-major,N,N,1.0,0.0,20260922,main,pass,pass,0,0,10193184.0,0.11732,0.142848002911,0.260168002911,0.148714002911,71.35685338457802,39.179237592437346,68.54219374419135,0.7356376637585362,0.4039096659014159,0.7066205540638284,cuSPARSE 12.8.6,CUDA,13040,13000,2026-10-07T16:57:11.597243+00:00,derived,csr-alg1,0,0,,,,5,20,4,true
3,A100-SXM4-80GB-suitesparse_all-fp64-n4-row-major-cuSPARSE-SpMM-CSR-solve-only,cuSPARSE-SpMM-CSR-best-solve-only,cuSPARSE CUDA 13.4.1 CSR PER MATRIX BEST,per-matrix-best,cuSPARSE-SpMM-CSR,best,solve-only,"csr-alg1,csr-alg2,csr-alg3,csr-default",manual-selection,csr,CUSPARSE_SPMM_CSR_ALG1,library-preprocess,spmm.csr.fp64,fp64,A100-SXM4-80GB,A100-SXM4-80GB,,9700.0,0edb0287-e1df-52fd-b14b-f9e504b96222,suitesparse_all,DIMACS10/packing-500x100x100-b050,packing-500x100x100-b050,2145852,2145852,34976486,4,row-major,N,N,1.0,0.0,20260922,main,pass,pass,0,0,279811888.0,5.848152,1.89844474792,7.74659674792,2.19085234792,147.39006142084006,36.120621365134426,127.71827743921402,1.5194851692870108,0.37237753984674665,1.3166832725692168,cuSPARSE 12.8.6,CUDA,13040,13000,2026-10-07T16:47:48.286181+00:00,derived,csr-alg1,0,0,,,,5,20,4,true
3,A100-SXM4-80GB-suitesparse_all-fp64-n4-row-major-cuSPARSE-SpMM-CSR-solve-only,cuSPARSE-SpMM-CSR-best-solve-only,cuSPARSE CUDA 13.4.1 CSR PER MATRIX BEST,per-matrix-best,cuSPARSE-SpMM-CSR,best,solve-only,"csr-alg1,csr-alg2,csr-alg3,csr-default",manual-selection,csr,CUSPARSE_SPMM_CSR_ALG3,library-preprocess,spmm.csr.fp64,fp64,A100-SXM4-80GB,A100-SXM4-80GB,,9700.0,df7f742d-c1c4-51c9-b7da-d151d8293f2c,suitesparse_all,DIMACS10/preferentialAttachment,preferentialAttachment,100000,100000,999970,4,row-major,N,N,1.0,0.0,20260922,main,pass,pass,0,0,7999760.0,53.176542,0.0586751997471,53.2352171997,2.71750229975,136.33971481103285,0.1502719519296914,2.9437914369882767,1.4055640702168335,0.001549195380718468,0.030348365329776045,cuSPARSE 12.8.6,CUDA,13040,13000,2026-10-09T00:20:08.071522+00:00,derived,csr-alg3,0,0,,,,5,20,4,true
3,A100-SXM4-80GB-suitesparse_all-fp64-n4-row-major-cuSPARSE-SpMM-CSR-solve-only,cuSPARSE-SpMM-CSR-best-solve-only,cuSPARSE CUDA 13.4.1 CSR PER MATRIX BEST,per-matrix-best,cuSPARSE-SpMM-CSR,best,solve-only,"csr-alg1,csr-alg2,csr-alg3,csr-default",manual-selection,csr,CUSPARSE_SPMM_CSR_ALG3,library-preprocess,spmm.csr.fp64,fp64,A100-SXM4-80GB,A100-SXM4-80GB,,9700.0,1cb4d392-df77-5092-a407-ab8ee1286933,suitesparse_all,DIMACS10/rgg_n_2_18_s0,rgg_n_2_18_s0,262144,262144,3094566,4,row-major,N,N,1.0,0.0,20260922,main,pass,pass,0,0,24756528.0,52.581231,0.21893119812,52.8001621981,2.84799274812,113.07903219179623,0.4688721960193307,8.692623257675827,1.165763218472126,0.004833733979580729,0.0896146727595446,cuSPARSE 12.8.6,CUDA,13040,13000,2026-10-08T02:01:10.461542+00:00,derived,csr-alg3,0,0,,,,5,20,4,true
3,A100-SXM4-80GB-suitesparse_all-fp64-n4-row-major-cuSPARSE-SpMM-CSR-solve-only,cuSPARSE-SpMM-CSR-best-solve-only,cuSPARSE CUDA 13.4.1 CSR PER MATRIX BEST,per-matrix-best,cuSPARSE-SpMM-CSR,best,solve-only,"csr-alg1,csr-alg2,csr-alg3,csr-default",manual-selection,csr,CUSPARSE_SPMM_CSR_ALG1,library-preprocess,spmm.csr.fp64,fp64,A100-SXM4-80GB,A100-SXM4-80GB,,9700.0,df7f742d-c1c4-51c9-b7da-d151d8293f2c,suitesparse_all,DIMACS10/rgg_n_2_19_s0,rgg_n_2_19_s0,524288,524288,6539532,4,row-major,N,N,1.0,0.0,20260922,main,pass,pass,0,0,52316256.0,0.39469,0.429568004608,0.824258004608,0.449302504608,121.7880648437514,63.47072847036593,116.43882565409695,1.2555470602448597,0.6543374069109889,1.200400264475226,cuSPARSE 12.8.6,CUDA,13040,13000,2026-10-08T18:48:57.458862+00:00,derived,csr-alg1,0,0,,,,5,20,4,true
3,A100-SXM4-80GB-suitesparse_all-fp64-n4-row-major-cuSPARSE-SpMM-CSR-solve-only,cuSPARSE-SpMM-CSR-best-solve-only,cuSPARSE CUDA 13.4.1 CSR PER MATRIX BEST,per-matrix-best,cuSPARSE-SpMM-CSR,best,solve-only,"csr-alg1,csr-alg2,csr-alg3,csr-default",manual-selection,csr,CUSPARSE_SPMM_CSR_ALG1,library-preprocess,spmm.csr.fp64,fp64,A100-SXM4-80GB,A100-SXM4-80GB,,9700.0,0edb0287-e1df-52fd-b14b-f9e504b96222,suitesparse_all,DIMACS10/rgg_n_2_21_s0,rgg_n_2_21_s0,2097152,2097152,28975990,4,row-major,N,N,1.0,0.0,20260922,main,pass,pass,0,0,231807920.0,0.47398,1.72236804962,2.19634804962,1.74606704962,134.58675110185825,105.54243442431908,132.76003349954334,1.3874922794006006,1.0880663342713308,1.36866013917055,cuSPARSE 12.8.6,CUDA,13040,13000,2026-10-07T16:49:22.641568+00:00,derived,csr-alg1,0,0,,,,5,20,4,true
3,A100-SXM4-80GB-suitesparse_all-fp64-n4-row-major-cuSPARSE-SpMM-CSR-solve-only,cuSPARSE-SpMM-CSR-best-solve-only,cuSPARSE CUDA 13.4.1 CSR PER MATRIX BEST,per-matrix-best,cuSPARSE-SpMM-CSR,best,solve-only,"csr-alg1,csr-alg2,csr-alg3,csr-default",manual-selection,csr,CUSPARSE_SPMM_CSR_ALG3,library-preprocess,spmm.csr.fp64,fp64,A100-SXM4-80GB,A100-SXM4-80GB,,9700.0,1cb4d392-df77-5092-a407-ab8ee1286933,suitesparse_all,DIMACS10/sd2010,sd2010,88360,88360,410722,4,row-major,N,N,1.0,0.0,20260922,main,pass,pass,0,0,3285776.0,54.728402,0.0339136004448,54.7623156004,2.77033370044,96.88667546072394,0.060000676815353655,1.1860578382590279,0.9988317057806592,0.0006185636785088005,0.012227400394422968,cuSPARSE 12.8.6,CUDA,13040,13000,2026-10-08T02:08:28.417678+00:00,derived,csr-alg3,0,0,,,,5,20,4,true
3,A100-SXM4-80GB-suitesparse_all-fp64-n4-row-major-cuSPARSE-SpMM-CSR-solve-only,cuSPARSE-SpMM-CSR-best-solve-only,cuSPARSE CUDA 13.4.1 CSR PER MATRIX BEST,per-matrix-best,cuSPARSE-SpMM-CSR,best,solve-only,"csr-alg1,csr-alg2,csr-alg3,csr-default",manual-selection,csr,CUSPARSE_SPMM_CSR_ALG3,library-preprocess,spmm.csr.fp64,fp64,A100-SXM4-80GB,A100-SXM4-80GB,,9700.0,df7f742d-c1c4-51c9-b7da-d151d8293f2c,suitesparse_all,DIMACS10/tn2010,tn2010,240116,240116,1193966,4,row-major,N,N,1.0,0.0,20260922,main,pass,pass,0,0,9551728.0,52.957331,0.152934396267,53.1102653963,2.80080094627,62.45637497613125,0.17984711484167115,3.4103558886327243,0.6438801543931056,0.0018540939674399088,0.035158308130234274,cuSPARSE 12.8.6,CUDA,13040,13000,2026-10-09T00:20:47.670847+00:00,derived,csr-alg3,0,0,,,,5,20,4,true
3,A100-SXM4-80GB-suitesparse_all-fp64-n4-row-major-cuSPARSE-SpMM-CSR-solve-only,cuSPARSE-SpMM-CSR-best-solve-only,cuSPARSE CUDA 13.4.1 CSR PER MATRIX BEST,per-matrix-best,cuSPARSE-SpMM-CSR,best,solve-only,"csr-alg1,csr-alg2,csr-alg3,csr-default",manual-selection,csr,CUSPARSE_SPMM_CSR_ALG3,library-preprocess,spmm.csr.fp64,fp64,A100-SXM4-80GB,A100-SXM4-80GB,,9700.0,0edb0287-e1df-52fd-b14b-f9e504b96222,suitesparse_all,DIMACS10/ut2010,ut2010,115406,115406,572066,4,row-major,N,N,1.0,0.0,20260922,main,pass,pass,0,0,4576528.0,69.573657,0.0529407978058,69.6265977978,3.53162364781,86.44614719989377,0.06572959393033283,1.2958708108203878,0.8911973938133378,0.0006776246796941528,0.013359492895055542,cuSPARSE 12.8.6,CUDA,13040,13000,2026-10-07T21:28:54.044705+00:00,derived,csr-alg3,0,0,,,,5,20,4,true
3,A100-SXM4-80GB-suitesparse_all-fp64-n4-row-major-cuSPARSE-SpMM-CSR-solve-only,cuSPARSE-SpMM-CSR-best-solve-only,cuSPARSE CUDA 13.4.1 CSR PER MATRIX BEST,per-matrix-best,cuSPARSE-SpMM-CSR,best,solve-only,"csr-alg1,csr-alg2,csr-alg3,csr-default",manual-selection,csr,CUSPARSE_SPMM_CSR_ALG3,library-preprocess,spmm.csr.fp64,fp64,A100-SXM4-80GB,A100-SXM4-80GB,,9700.0,0edb0287-e1df-52fd-b14b-f9e504b96222,suitesparse_all,DIMACS10/vsp_bcsstk30_500sep_10in_1Kout,vsp_bcsstk30_500sep_10in_1Kout,58348,58348,4033156,4,row-major,N,N,1.0,0.0,20260922,main,pass,pass,0,0,32265248.0,143.386168,0.137727999687,143.523896,7.30703639969,234.26789086696857,0.22480749825799043,4.415640792670589,2.4151328955357583,0.0023176030748246436,0.04552207002753185,cuSPARSE 12.8.6,CUDA,13040,13000,2026-10-07T21:29:06.920796+00:00,derived,csr-alg3,0,0,,,,5,20,4,true
3,A100-SXM4-80GB-suitesparse_all-fp64-n4-row-major-cuSPARSE-SpMM-CSR-solve-only,cuSPARSE-SpMM-CSR-best-solve-only,cuSPARSE CUDA 13.4.1 CSR PER MATRIX BEST,per-matrix-best,cuSPARSE-SpMM-CSR,best,solve-only,"csr-alg1,csr-alg2,csr-alg3,csr-default",manual-selection,csr,CUSPARSE_SPMM_CSR_ALG1,library-preprocess,spmm.csr.fp64,fp64,A100-SXM4-80GB,A100-SXM4-80GB,,9700.0,1cb4d392-df77-5092-a407-ab8ee1286933,suitesparse_all,DIMACS10/vsp_data_and_seymourl,vsp_data_and_seymourl,9167,9167,111732,4,row-major,N,N,1.0,0.0,20260922,main,pass,pass,0,0,893856.0,0.06545,0.0218112006783,0.0872612006783,0.0250837006783,40.981512810035206,10.243452909791133,35.63493327654312,0.42248982278386804,0.10560260731743436,0.3673704461499291,cuSPARSE 12.8.6,CUDA,13040,13000,2026-10-07T21:53:54.736892+00:00,derived,csr-alg1,0,0,,,,5,20,4,true
3,A100-SXM4-80GB-suitesparse_all-fp64-n4-row-major-cuSPARSE-SpMM-CSR-solve-only,cuSPARSE-SpMM-CSR-best-solve-only,cuSPARSE CUDA 13.4.1 CSR PER MATRIX BEST,per-matrix-best,cuSPARSE-SpMM-CSR,best,solve-only,"csr-alg1,csr-alg2,csr-alg3,csr-default",manual-selection,csr,CUSPARSE_SPMM_CSR_ALG3,library-preprocess,spmm.csr.fp64,fp64,A100-SXM4-80GB,A100-SXM4-80GB,,9700.0,df7f742d-c1c4-51c9-b7da-d151d8293f2c,suitesparse_all,DIMACS10/vsp_finan512_scagr7-2c_rlfddd,vsp_finan512_scagr7-2c_rlfddd,139752,139752,1104040,4,row-major,N,N,1.0,0.0,20260922,main,pass,pass,0,0,8832320.0,55.655692,0.0846336007118,55.7403256007,2.86741820071,104.35949700493552,0.1584547615180971,3.0802343368724636,1.0758711031436652,0.001633554242454609,0.031754993163633644,cuSPARSE 12.8.6,CUDA,13040,13000,2026-10-09T00:20:55.679563+00:00,derived,csr-alg3,0,0,,,,5,20,4,true
3,A100-SXM4-80GB-suitesparse_all-fp64-n4-row-major-cuSPARSE-SpMM-CSR-solve-only,cuSPARSE-SpMM-CSR-best-solve-only,cuSPARSE CUDA 13.4.1 CSR PER MATRIX BEST,per-matrix-best,cuSPARSE-SpMM-CSR,best,solve-only,"csr-alg1,csr-alg2,csr-alg3,csr-default",manual-selection,csr,CUSPARSE_SPMM_CSR_ALG1,library-preprocess,spmm.csr.fp64,fp64,A100-SXM4-80GB,A100-SXM4-80GB,,9700.0,0edb0287-e1df-52fd-b14b-f9e504b96222,suitesparse_all,DIMACS10/vsp_model1_crew1_cr42_south31,vsp_model1_crew1_cr42_south31,45101,45101,379952,4,row-major,N,N,1.0,0.0,20260922,main,pass,pass,0,0,3039616.0,0.06096,0.0393727988005,0.1003327988,0.0424207988005,77.20091262502272,30.295337480409245,71.65390765730166,0.7958856971651826,0.31232306680834276,0.7387000789412542,cuSPARSE 12.8.6,CUDA,13040,13000,2026-10-07T16:57:27.396651+00:00,derived,csr-alg1,0,0,,,,5,20,4,true
3,A100-SXM4-80GB-suitesparse_all-fp64-n4-row-major-cuSPARSE-SpMM-CSR-solve-only,cuSPARSE-SpMM-CSR-best-solve-only,cuSPARSE CUDA 13.4.1 CSR PER MATRIX BEST,per-matrix-best,cuSPARSE-SpMM-CSR,best,solve-only,"csr-alg1,csr-alg2,csr-alg3,csr-default",manual-selection,csr,CUSPARSE_SPMM_CSR_ALG3,library-preprocess,spmm.csr.fp64,fp64,A100-SXM4-80GB,A100-SXM4-80GB,,9700.0,1cb4d392-df77-5092-a407-ab8ee1286933,suitesparse_all,DIMACS10/vsp_vibrobox_scagr7-2c_rlfddd,vsp_vibrobox_scagr7-2c_rlfddd,77328,77328,871172,4,row-major,N,N,1.0,0.0,20260922,main,pass,pass,0,0,6969376.0,64.379985,0.0407440006733,64.4207290007,3.25974325067,171.05281476610395,0.10818530165848123,2.138013783314846,1.7634310800629271,0.0011153123882317653,0.0220413792094314,cuSPARSE 12.8.6,CUDA,13040,13000,2026-10-08T02:08:39.361462+00:00,derived,csr-alg3,0,0,,,,5,20,4,true
3,A100-SXM4-80GB-suitesparse_all-fp64-n4-row-major-cuSPARSE-SpMM-CSR-solve-only,cuSPARSE-SpMM-CSR-best-solve-only,cuSPARSE CUDA 13.4.1 CSR PER MATRIX BEST,per-matrix-best,cuSPARSE-SpMM-CSR,best,solve-only,"csr-alg1,csr-alg2,csr-alg3,csr-default",manual-selection,csr,CUSPARSE_SPMM_CSR_ALG3,library-preprocess,spmm.csr.fp64,fp64,A100-SXM4-80GB,A100-SXM4-80GB,,9700.0,1cb4d392-df77-5092-a407-ab8ee1286933,suitesparse_all,DIMACS10/wv2010,wv2010,135218,135218,662922,4,row-major,N,N,1.0,0.0,20260922,main,pass,pass,0,0,5303376.0,54.740182,0.0619520008564,54.8021340009,2.79896110086,85.60459592407386,0.09677316580250149,1.8947658823734639,0.8825216074646791,0.000997661503118572,0.019533668890448084,cuSPARSE 12.8.6,CUDA,13040,13000,2026-10-08T02:08:33.440846+00:00,derived,csr-alg3,0,0,,,,5,20,4,true
3,A100-SXM4-80GB-suitesparse_all-fp64-n4-row-major-cuSPARSE-SpMM-CSR-solve-only,cuSPARSE-SpMM-CSR-best-solve-only,cuSPARSE CUDA 13.4.1 CSR PER MATRIX BEST,per-matrix-best,cuSPARSE-SpMM-CSR,best,solve-only,"csr-alg1,csr-alg2,csr-alg3,csr-default",manual-selection,csr,CUSPARSE_SPMM_CSR_ALG3,library-preprocess,spmm.csr.fp64,fp64,A100-SXM4-80GB,A100-SXM4-80GB,,9700.0,df7f742d-c1c4-51c9-b7da-d151d8293f2c,suitesparse_all,DIMACS10/wy2010,wy2010,86204,86204,427586,4,row-major,N,N,1.0,0.0,20260922,main,pass,pass,0,0,3420688.0,55.217512,0.0332944005728,55.2508064006,2.79417000057,102.74063930120867,0.06191200134162843,1.2242232932506587,1.0591818484660687,0.0006382680550683343,0.01262085869330576,cuSPARSE 12.8.6,CUDA,13040,13000,2026-10-09T00:20:50.562771+00:00,derived,csr-alg3,0,0,,,,5,20,4,true
3,A100-SXM4-80GB-suitesparse_all-fp64-n4-row-major-cuSPARSE-SpMM-CSR-solve-only,cuSPARSE-SpMM-CSR-best-solve-only,cuSPARSE CUDA 13.4.1 CSR PER MATRIX BEST,per-matrix-best,cuSPARSE-SpMM-CSR,best,solve-only,"csr-alg1,csr-alg2,csr-alg3,csr-default",manual-selection,csr,CUSPARSE_SPMM_CSR_ALG3,library-preprocess,spmm.csr.fp64,fp64,A100-SXM4-80GB,A100-SXM4-80GB,,9700.0,0edb0287-e1df-52fd-b14b-f9e504b96222,suitesparse_all,DNVS/halfb,halfb,224617,224617,12387821,4,row-major,N,N,1.0,0.0,20260922,main,pass,pass,0,0,99102568.0,63.312255,0.416358423233,63.7286134232,3.58197117323,238.02224830825824,1.5550717750893719,27.66704789269296,2.453837611425343,0.016031667784426516,0.28522729786281403,cuSPARSE 12.8.6,CUDA,13040,13000,2026-10-07T20:08:38.544745+00:00,derived,csr-alg3,0,0,,,,5,20,4,true
3,A100-SXM4-80GB-suitesparse_all-fp64-n4-row-major-cuSPARSE-SpMM-CSR-solve-only,cuSPARSE-SpMM-CSR-best-solve-only,cuSPARSE CUDA 13.4.1 CSR PER MATRIX BEST,per-matrix-best,cuSPARSE-SpMM-CSR,best,solve-only,"csr-alg1,csr-alg2,csr-alg3,csr-default",manual-selection,csr,CUSPARSE_SPMM_CSR_ALG1,library-preprocess,spmm.csr.fp64,fp64,A100-SXM4-80GB,A100-SXM4-80GB,,9700.0,1cb4d392-df77-5092-a407-ab8ee1286933,suitesparse_all,DNVS/ship_003,ship_003,121728,121728,8086034,4,row-major,N,N,1.0,0.0,20260922,main,pass,pass,0,0,64688272.0,0.15291,0.387123203278,0.540033203278,0.394768703278,167.09996056099538,119.78573096495248,163.86372947717155,1.7226800057834575,1.2349044429376546,1.6893167987337272,cuSPARSE 12.8.6,CUDA,13040,13000,2026-10-07T20:44:51.890228+00:00,derived,csr-alg1,0,0,,,,5,20,4,true
3,A100-SXM4-80GB-suitesparse_all-fp64-n4-row-major-cuSPARSE-SpMM-CSR-solve-only,cuSPARSE-SpMM-CSR-best-solve-only,cuSPARSE CUDA 13.4.1 CSR PER MATRIX BEST,per-matrix-best,cuSPARSE-SpMM-CSR,best,solve-only,"csr-alg1,csr-alg2,csr-alg3,csr-default",manual-selection,csr,CUSPARSE_SPMM_CSR_ALG3,library-preprocess,spmm.csr.fp64,fp64,A100-SXM4-80GB,A100-SXM4-80GB,,9700.0,df7f742d-c1c4-51c9-b7da-d151d8293f2c,suitesparse_all,DNVS/shipsec1,shipsec1,140874,140874,7813404,4,row-major,N,N,1.0,0.0,20260922,main,pass,pass,0,0,62507232.0,57.110933,0.266137599945,57.3770705999,3.12168424995,234.86809835557898,1.089411351023364,20.02356003846359,2.421320601603907,0.01123104485591097,0.2064284540047793,cuSPARSE 12.8.6,CUDA,13040,13000,2026-10-08T22:52:58.780546+00:00,derived,csr-alg3,0,0,,,,5,20,4,true
3,A100-SXM4-80GB-suitesparse_all-fp64-n4-row-major-cuSPARSE-SpMM-CSR-solve-only,cuSPARSE-SpMM-CSR-best-solve-only,cuSPARSE CUDA 13.4.1 CSR PER MATRIX BEST,per-matrix-best,cuSPARSE-SpMM-CSR,best,solve-only,"csr-alg1,csr-alg2,csr-alg3,csr-default",manual-selection,csr,CUSPARSE_SPMM_CSR_ALG3,library-preprocess,spmm.csr.fp64,fp64,A100-SXM4-80GB,A100-SXM4-80GB,,9700.0,0edb0287-e1df-52fd-b14b-f9e504b96222,suitesparse_all,DNVS/shipsec8,shipsec8,114919,114919,6653399,4,row-major,N,N,1.0,0.0,20260922,main,pass,pass,0,0,53227192.0,60.451894,0.226047992706,60.6779419927,3.24864269271,235.4685452536964,0.8772082613876987,16.384440221586257,2.427510775811303,0.009043384138017512,0.168911754861714,cuSPARSE 12.8.6,CUDA,13040,13000,2026-10-07T20:08:57.559607+00:00,derived,csr-alg3,0,0,,,,5,20,4,true
3,A100-SXM4-80GB-suitesparse_all-fp64-n4-row-major-cuSPARSE-SpMM-CSR-solve-only,cuSPARSE-SpMM-CSR-best-solve-only,cuSPARSE CUDA 13.4.1 CSR PER MATRIX BEST,per-matrix-best,cuSPARSE-SpMM-CSR,best,solve-only,"csr-alg1,csr-alg2,csr-alg3,csr-default",manual-selection,csr,CUSPARSE_SPMM_CSR_ALG3,library-preprocess,spmm.csr.fp64,fp64,A100-SXM4-80GB,A100-SXM4-80GB,,9700.0,1cb4d392-df77-5092-a407-ab8ee1286933,suitesparse_all,DNVS/tsyl201,tsyl201,20685,20685,2454957,4,row-major,N,N,1.0,0.0,20260922,main,pass,pass,0,0,19639656.0,56.862323,0.0651776015759,56.9275006016,2.90829375158,301.3252332878407,0.3449941731579905,6.7529822217340625,3.1064457039983577,0.0035566409603916553,0.06961837341993879,cuSPARSE 12.8.6,CUDA,13040,13000,2026-10-08T01:00:47.846868+00:00,derived,csr-alg3,0,0,,,,5,20,4,true
3,A100-SXM4-80GB-suitesparse_all-fp64-n4-row-major-cuSPARSE-SpMM-CSR-solve-only,cuSPARSE-SpMM-CSR-best-solve-only,cuSPARSE CUDA 13.4.1 CSR PER MATRIX BEST,per-matrix-best,cuSPARSE-SpMM-CSR,best,solve-only,"csr-alg1,csr-alg2,csr-alg3,csr-default",manual-selection,csr,CUSPARSE_SPMM_CSR_ALG3,library-preprocess,spmm.csr.fp64,fp64,A100-SXM4-80GB,A100-SXM4-80GB,,9700.0,1cb4d392-df77-5092-a407-ab8ee1286933,suitesparse_all,DRIVCAV/cavity03,cavity03,317,317,7327,4,row-major,N,N,1.0,0.0,20260922,main,pass,pass,0,0,58616.0,50.21249,0.00870399996638,50.221194,2.51932849997,6.734375026012142,0.0011671566390874736,0.02326651724882166,0.06942654665991899,1.2032542671004881e-05,0.00023986100256517178,cuSPARSE 12.8.6,CUDA,13040,13000,2026-10-08T00:55:43.551821+00:00,derived,csr-alg3,0,0,,,,5,20,4,true
3,A100-SXM4-80GB-suitesparse_all-fp64-n4-row-major-cuSPARSE-SpMM-CSR-solve-only,cuSPARSE-SpMM-CSR-best-solve-only,cuSPARSE CUDA 13.4.1 CSR PER MATRIX BEST,per-matrix-best,cuSPARSE-SpMM-CSR,best,solve-only,"csr-alg1,csr-alg2,csr-alg3,csr-default",manual-selection,csr,CUSPARSE_SPMM_CSR_ALG3,library-preprocess,spmm.csr.fp64,fp64,A100-SXM4-80GB,A100-SXM4-80GB,,9700.0,df7f742d-c1c4-51c9-b7da-d151d8293f2c,suitesparse_all,DRIVCAV/cavity04,cavity04,317,317,7327,4,row-major,N,N,1.0,0.0,20260922,main,pass,pass,0,0,58616.0,55.968252,0.00911360010505,55.9773656001,2.80752620011,6.431706386537619,0.0010471375237404042,0.02087816669269316,0.06630625140760432,1.079523220350932e-05,0.00021523883188343462,cuSPARSE 12.8.6,CUDA,13040,13000,2026-10-08T22:48:01.087321+00:00,derived,csr-alg3,0,0,,,,5,20,4,true
3,A100-SXM4-80GB-suitesparse_all-fp64-n4-row-major-cuSPARSE-SpMM-CSR-solve-only,cuSPARSE-SpMM-CSR-best-solve-only,cuSPARSE CUDA 13.4.1 CSR PER MATRIX BEST,per-matrix-best,cuSPARSE-SpMM-CSR,best,solve-only,"csr-alg1,csr-alg2,csr-alg3,csr-default",manual-selection,csr,CUSPARSE_SPMM_CSR_ALG3,library-preprocess,spmm.csr.fp64,fp64,A100-SXM4-80GB,A100-SXM4-80GB,,9700.0,0edb0287-e1df-52fd-b14b-f9e504b96222,suitesparse_all,DRIVCAV/cavity06,cavity06,1182,1182,32747,4,row-major,N,N,1.0,0.0,20260922,main,pass,pass,0,0,261976.0,50.53212,0.00993279963732,50.5420527996,2.53653879964,26.374839880560057,0.005183327258960747,0.10328089601356821,0.2719055657789697,5.3436363494440685e-05,0.0010647515052945177,cuSPARSE 12.8.6,CUDA,13040,13000,2026-10-07T20:02:23.498124+00:00,derived,csr-alg3,0,0,,,,5,20,4,true
3,A100-SXM4-80GB-suitesparse_all-fp64-n4-row-major-cuSPARSE-SpMM-CSR-solve-only,cuSPARSE-SpMM-CSR-best-solve-only,cuSPARSE CUDA 13.4.1 CSR PER MATRIX BEST,per-matrix-best,cuSPARSE-SpMM-CSR,best,solve-only,"csr-alg1,csr-alg2,csr-alg3,csr-default",manual-selection,csr,CUSPARSE_SPMM_CSR_ALG3,library-preprocess,spmm.csr.fp64,fp64,A100-SXM4-80GB,A100-SXM4-80GB,,9700.0,1cb4d392-df77-5092-a407-ab8ee1286933,suitesparse_all,DRIVCAV/cavity11,cavity11,2597,2597,76367,4,row-major,N,N,1.0,0.0,20260922,main,pass,pass,0,0,610936.0,50.7352,0.0105984002352,50.7457984002,2.54735840024,57.644171426072894,0.012039144505756601,0.23983119137944647,0.5942698085162154,0.00012411489181192372,0.0024724865090664586,cuSPARSE 12.8.6,CUDA,13040,13000,2026-10-08T00:55:44.380152+00:00,derived,csr-alg3,0,0,,,,5,20,4,true
3,A100-SXM4-80GB-suitesparse_all-fp64-n4-row-major-cuSPARSE-SpMM-CSR-solve-only,cuSPARSE-SpMM-CSR-best-solve-only,cuSPARSE CUDA 13.4.1 CSR PER MATRIX BEST,per-matrix-best,cuSPARSE-SpMM-CSR,best,solve-only,"csr-alg1,csr-alg2,csr-alg3,csr-default",manual-selection,csr,CUSPARSE_SPMM_CSR_ALG3,library-preprocess,spmm.csr.fp64,fp64,A100-SXM4-80GB,A100-SXM4-80GB,,9700.0,df7f742d-c1c4-51c9-b7da-d151d8293f2c,suitesparse_all,DRIVCAV/cavity12,cavity12,2597,2597,76367,4,row-major,N,N,1.0,0.0,20260922,main,pass,pass,0,0,610936.0,56.208482,0.0102399997413,56.2187219997,2.82066409974,59.661720257274126,0.010867127146776123,0.21659296477603066,0.6150692810028261,0.00011203223862655798,0.0022329171626394913,cuSPARSE 12.8.6,CUDA,13040,13000,2026-10-08T22:48:01.889169+00:00,derived,csr-alg3,0,0,,,,5,20,4,true
3,A100-SXM4-80GB-suitesparse_all-fp64-n4-row-major-cuSPARSE-SpMM-CSR-solve-only,cuSPARSE-SpMM-CSR-best-solve-only,cuSPARSE CUDA 13.4.1 CSR PER MATRIX BEST,per-matrix-best,cuSPARSE-SpMM-CSR,best,solve-only,"csr-alg1,csr-alg2,csr-alg3,csr-default",manual-selection,csr,CUSPARSE_SPMM_CSR_ALG3,library-preprocess,spmm.csr.fp64,fp64,A100-SXM4-80GB,A100-SXM4-80GB,,9700.0,0edb0287-e1df-52fd-b14b-f9e504b96222,suitesparse_all,DRIVCAV/cavity14,cavity14,2597,2597,76367,4,row-major,N,N,1.0,0.0,20260922,main,pass,pass,0,0,610936.0,48.853229,0.0102399997413,48.8634689997,2.45290144974,59.661720257274126,0.012502919103098286,0.24906667166133287,0.6150692810028261,0.00012889607322781737,0.002567697645993122,cuSPARSE 12.8.6,CUDA,13040,13000,2026-10-07T20:02:24.291442+00:00,derived,csr-alg3,0,0,,,,5,20,4,true
3,A100-SXM4-80GB-suitesparse_all-fp64-n4-row-major-cuSPARSE-SpMM-CSR-solve-only,cuSPARSE-SpMM-CSR-best-solve-only,cuSPARSE CUDA 13.4.1 CSR PER MATRIX BEST,per-matrix-best,cuSPARSE-SpMM-CSR,best,solve-only,"csr-alg1,csr-alg2,csr-alg3,csr-default",manual-selection,csr,CUSPARSE_SPMM_CSR_ALG3,library-preprocess,spmm.csr.fp64,fp64,A100-SXM4-80GB,A100-SXM4-80GB,,9700.0,1cb4d392-df77-5092-a407-ab8ee1286933,suitesparse_all,DRIVCAV/cavity19,cavity19,4562,4562,138187,4,row-major,N,N,1.0,0.0,20260922,main,pass,pass,0,0,1105496.0,52.217551,0.0119295999408,52.2294805999,2.62280714994,92.66832127531222,0.021166130455490623,0.42149343691749874,0.9553435183021878,0.00021820753046897552,0.004345293164097925,cuSPARSE 12.8.6,CUDA,13040,13000,2026-10-08T00:55:45.321586+00:00,derived,csr-alg3,0,0,,,,5,20,4,true
3,A100-SXM4-80GB-suitesparse_all-fp64-n4-row-major-cuSPARSE-SpMM-CSR-solve-only,cuSPARSE-SpMM-CSR-best-solve-only,cuSPARSE CUDA 13.4.1 CSR PER MATRIX BEST,per-matrix-best,cuSPARSE-SpMM-CSR,best,solve-only,"csr-alg1,csr-alg2,csr-alg3,csr-default",manual-selection,csr,CUSPARSE_SPMM_CSR_ALG3,library-preprocess,spmm.csr.fp64,fp64,A100-SXM4-80GB,A100-SXM4-80GB,,9700.0,df7f742d-c1c4-51c9-b7da-d151d8293f2c,suitesparse_all,DRIVCAV/cavity20,cavity20,4562,4562,138187,4,row-major,N,N,1.0,0.0,20260922,main,pass,pass,0,0,1105496.0,62.442625,0.0116736002266,62.4542986002,3.13380485023,94.70051899507114,0.017700879279372132,0.35276478684333645,0.9762940102584654,0.0001824832915399189,0.003636750379828211,cuSPARSE 12.8.6,CUDA,13040,13000,2026-10-08T22:48:03.116277+00:00,derived,csr-alg3,0,0,,,,5,20,4,true
3,A100-SXM4-80GB-suitesparse_all-fp64-n4-row-major-cuSPARSE-SpMM-CSR-solve-only,cuSPARSE-SpMM-CSR-best-solve-only,cuSPARSE CUDA 13.4.1 CSR PER MATRIX BEST,per-matrix-best,cuSPARSE-SpMM-CSR,best,solve-only,"csr-alg1,csr-alg2,csr-alg3,csr-default",manual-selection,csr,CUSPARSE_SPMM_CSR_ALG3,library-preprocess,spmm.csr.fp64,fp64,A100-SXM4-80GB,A100-SXM4-80GB,,9700.0,0edb0287-e1df-52fd-b14b-f9e504b96222,suitesparse_all,DRIVCAV/cavity22,cavity22,4562,4562,138187,4,row-major,N,N,1.0,0.0,20260922,main,pass,pass,0,0,1105496.0,50.80945,0.0117760002613,50.8212260003,2.55224850026,93.87703596042208,0.021752643275340783,0.43314591031687627,0.967804494437341,0.00022425405438495654,0.004465421755844085,cuSPARSE 12.8.6,CUDA,13040,13000,2026-10-07T20:02:25.265846+00:00,derived,csr-alg3,0,0,,,,5,20,4,true
3,A100-SXM4-80GB-suitesparse_all-fp64-n4-row-major-cuSPARSE-SpMM-CSR-solve-only,cuSPARSE-SpMM-CSR-best-solve-only,cuSPARSE CUDA 13.4.1 CSR PER MATRIX BEST,per-matrix-best,cuSPARSE-SpMM-CSR,best,solve-only,"csr-alg1,csr-alg2,csr-alg3,csr-default",manual-selection,csr,CUSPARSE_SPMM_CSR_ALG3,library-preprocess,spmm.csr.fp64,fp64,A100-SXM4-80GB,A100-SXM4-80GB,,9700.0,0edb0287-e1df-52fd-b14b-f9e504b96222,suitesparse_all,Dziekonski/dielFilterV2clx,dielFilterV2clx,607232,607232,25309272,4,row-major,N,N,1.0,0.0,20260922,main,pass,pass,0,0,202474176.0,63.197786,1.02917118073,64.2269571807,4.18906048073,196.73517855055303,3.1524796578848804,48.33403025126917,2.0281977170160106,0.032499790287473,0.49828897166256875,cuSPARSE 12.8.6,CUDA,13040,13000,2026-10-07T20:49:13.724920+00:00,derived,csr-alg3,0,0,,,,5,20,4,true
3,A100-SXM4-80GB-suitesparse_all-fp64-n4-row-major-cuSPARSE-SpMM-CSR-solve-only,cuSPARSE-SpMM-CSR-best-solve-only,cuSPARSE CUDA 13.4.1 CSR PER MATRIX BEST,per-matrix-best,cuSPARSE-SpMM-CSR,best,solve-only,"csr-alg1,csr-alg2,csr-alg3,csr-default",manual-selection,csr,CUSPARSE_SPMM_CSR_ALG3,library-preprocess,spmm.csr.fp64,fp64,A100-SXM4-80GB,A100-SXM4-80GB,,9700.0,0edb0287-e1df-52fd-b14b-f9e504b96222,suitesparse_all,Dziekonski/gsm_106857,gsm_106857,589446,589446,21758924,4,row-major,N,N,1.0,0.0,20260922,main,pass,pass,0,0,174071392.0,59.656644,0.850073623657,60.5067176237,3.83290582366,204.77213638407963,2.8768936547273163,45.41499322145649,2.1110529524131922,0.029658697471415633,0.468195806406768,cuSPARSE 12.8.6,CUDA,13040,13000,2026-10-07T20:46:03.440778+00:00,derived,csr-alg3,0,0,,,,5,20,4,true
3,A100-SXM4-80GB-suitesparse_all-fp64-n4-row-major-cuSPARSE-SpMM-CSR-solve-only,cuSPARSE-SpMM-CSR-best-solve-only,cuSPARSE CUDA 13.4.1 CSR PER MATRIX BEST,per-matrix-best,cuSPARSE-SpMM-CSR,best,solve-only,"csr-alg1,csr-alg2,csr-alg3,csr-default",manual-selection,csr,CUSPARSE_SPMM_CSR_ALG3,library-preprocess,spmm.csr.fp64,fp64,A100-SXM4-80GB,A100-SXM4-80GB,,9700.0,1cb4d392-df77-5092-a407-ab8ee1286933,suitesparse_all,Embree/ifiss_mat,ifiss_mat,96307,96307,3599932,4,row-major,N,N,1.0,0.0,20260922,main,pass,pass,0,0,28799456.0,52.786492,0.123035204411,52.9095272044,2.76235980441,234.07492300980138,0.5443151266262877,10.425671541420053,2.413143536183519,0.005611496150786471,0.10748114991154693,cuSPARSE 12.8.6,CUDA,13040,13000,2026-10-08T02:53:37.514733+00:00,derived,csr-alg3,0,0,,,,5,20,4,true
3,A100-SXM4-80GB-suitesparse_all-fp64-n4-row-major-cuSPARSE-SpMM-CSR-solve-only,cuSPARSE-SpMM-CSR-best-solve-only,cuSPARSE CUDA 13.4.1 CSR PER MATRIX BEST,per-matrix-best,cuSPARSE-SpMM-CSR,best,solve-only,"csr-alg1,csr-alg2,csr-alg3,csr-default",manual-selection,csr,CUSPARSE_SPMM_CSR_ALG3,library-preprocess,spmm.csr.fp64,fp64,A100-SXM4-80GB,A100-SXM4-80GB,,9700.0,df7f742d-c1c4-51c9-b7da-d151d8293f2c,suitesparse_all,Engwirda/airfoil_2d,airfoil_2d,14214,14214,259688,4,row-major,N,N,1.0,0.0,20260922,main,pass,pass,0,0,2077504.0,47.365269,0.0143360003829,47.3796050004,2.38259945038,144.91517470089144,0.04384806500565931,0.8719484929238357,1.4939708732050665,0.0004520419072748383,0.008989159720864287,cuSPARSE 12.8.6,CUDA,13040,13000,2026-10-08T22:53:14.718260+00:00,derived,csr-alg3,0,0,,,,5,20,4,true
3,A100-SXM4-80GB-suitesparse_all-fp64-n4-row-major-cuSPARSE-SpMM-CSR-solve-only,cuSPARSE-SpMM-CSR-best-solve-only,cuSPARSE CUDA 13.4.1 CSR PER MATRIX BEST,per-matrix-best,cuSPARSE-SpMM-CSR,best,solve-only,"csr-alg1,csr-alg2,csr-alg3,csr-default",manual-selection,csr,CUSPARSE_SPMM_CSR_ALG3,library-preprocess,spmm.csr.fp64,fp64,A100-SXM4-80GB,A100-SXM4-80GB,,9700.0,1cb4d392-df77-5092-a407-ab8ee1286933,suitesparse_all,FEMLAB/poisson2D,poisson2D,367,367,2417,4,row-major,N,N,1.0,0.0,20260922,main,pass,pass,0,0,19336.0,47.978889,0.00583680011332,47.9847258001,2.40478125011,3.3127740584903447,0.00040296156073814024,0.008040648187487127,0.03415230988134376,4.154242894207631e-06,8.289328028337245e-05,cuSPARSE 12.8.6,CUDA,13040,13000,2026-10-08T00:57:32.762564+00:00,derived,csr-alg3,0,0,,,,5,20,4,true
3,A100-SXM4-80GB-suitesparse_all-fp64-n4-row-major-cuSPARSE-SpMM-CSR-solve-only,cuSPARSE-SpMM-CSR-best-solve-only,cuSPARSE CUDA 13.4.1 CSR PER MATRIX BEST,per-matrix-best,cuSPARSE-SpMM-CSR,best,solve-only,"csr-alg1,csr-alg2,csr-alg3,csr-default",manual-selection,csr,CUSPARSE_SPMM_CSR_ALG3,library-preprocess,spmm.csr.fp64,fp64,A100-SXM4-80GB,A100-SXM4-80GB,,9700.0,df7f742d-c1c4-51c9-b7da-d151d8293f2c,suitesparse_all,FEMLAB/poisson3Da,poisson3Da,13514,13514,352762,4,row-major,N,N,1.0,0.0,20260922,main,pass,pass,0,0,2822096.0,54.910332,0.0196096003056,54.9299416003,2.76512620031,143.91399906269794,0.05137627890695932,1.020602965493442,1.4836494748731748,0.0005296523598655599,0.010521680056633422,cuSPARSE 12.8.6,CUDA,13040,13000,2026-10-08T22:50:25.506334+00:00,derived,csr-alg3,0,0,,,,5,20,4,true
3,A100-SXM4-80GB-suitesparse_all-fp64-n4-row-major-cuSPARSE-SpMM-CSR-solve-only,cuSPARSE-SpMM-CSR-best-solve-only,cuSPARSE CUDA 13.4.1 CSR PER MATRIX BEST,per-matrix-best,cuSPARSE-SpMM-CSR,best,solve-only,"csr-alg1,csr-alg2,csr-alg3,csr-default",manual-selection,csr,CUSPARSE_SPMM_CSR_ALG3,library-preprocess,spmm.csr.fp64,fp64,A100-SXM4-80GB,A100-SXM4-80GB,,9700.0,0edb0287-e1df-52fd-b14b-f9e504b96222,suitesparse_all,FEMLAB/problem1,problem1,415,415,2779,4,row-major,N,N,1.0,0.0,20260922,main,pass,pass,0,0,22232.0,63.415865,0.00573440007865,63.4215994001,3.17652765008,3.8769530718257603,0.00035054303597340284,0.006998837236452228,0.03996858836933773,3.6138457316845657e-06,7.215296120053843e-05,cuSPARSE 12.8.6,CUDA,13040,13000,2026-10-07T20:04:25.566436+00:00,derived,csr-alg3,0,0,,,,5,20,4,true
3,A100-SXM4-80GB-suitesparse_all-fp64-n4-row-major-cuSPARSE-SpMM-CSR-solve-only,cuSPARSE-SpMM-CSR-best-solve-only,cuSPARSE CUDA 13.4.1 CSR PER MATRIX BEST,per-matrix-best,cuSPARSE-SpMM-CSR,best,solve-only,"csr-alg1,csr-alg2,csr-alg3,csr-default",manual-selection,csr,CUSPARSE_SPMM_CSR_ALG3,library-preprocess,spmm.csr.fp64,fp64,A100-SXM4-80GB,A100-SXM4-80GB,,9700.0,1cb4d392-df77-5092-a407-ab8ee1286933,suitesparse_all,FIDAP/ex1,ex1,216,216,4352,4,row-major,N,N,1.0,0.0,20260922,main,pass,pass,0,0,34816.0,52.488741,0.00906239971519,52.4978033997,2.63349944972,3.8418080303435453,0.0006631896526207602,0.013220431849226975,0.039606268354057166,6.837006728049074e-06,0.00013629311184770078,cuSPARSE 12.8.6,CUDA,13040,13000,2026-10-08T00:55:45.941460+00:00,derived,csr-alg3,0,0,,,,5,20,4,true
3,A100-SXM4-80GB-suitesparse_all-fp64-n4-row-major-cuSPARSE-SpMM-CSR-solve-only,cuSPARSE-SpMM-CSR-best-solve-only,cuSPARSE CUDA 13.4.1 CSR PER MATRIX BEST,per-matrix-best,cuSPARSE-SpMM-CSR,best,solve-only,"csr-alg1,csr-alg2,csr-alg3,csr-default",manual-selection,csr,CUSPARSE_SPMM_CSR_ALG3,library-preprocess,spmm.csr.fp64,fp64,A100-SXM4-80GB,A100-SXM4-80GB,,9700.0,df7f742d-c1c4-51c9-b7da-d151d8293f2c,suitesparse_all,FIDAP/ex10,ex10,2410,2410,54840,4,row-major,N,N,1.0,0.0,20260922,main,pass,pass,0,0,438720.0,58.039164,0.00942080020905,58.0485848002,2.91137900021,46.56929244487617,0.007557806990644989,0.15069147643379813,0.48009579840078526,7.791553598603082e-05,0.001553520375606166,cuSPARSE 12.8.6,CUDA,13040,13000,2026-10-08T22:48:03.882949+00:00,derived,csr-alg3,0,0,,,,5,20,4,true
3,A100-SXM4-80GB-suitesparse_all-fp64-n4-row-major-cuSPARSE-SpMM-CSR-solve-only,cuSPARSE-SpMM-CSR-best-solve-only,cuSPARSE CUDA 13.4.1 CSR PER MATRIX BEST,per-matrix-best,cuSPARSE-SpMM-CSR,best,solve-only,"csr-alg1,csr-alg2,csr-alg3,csr-default",manual-selection,csr,CUSPARSE_SPMM_CSR_ALG3,library-preprocess,spmm.csr.fp64,fp64,A100-SXM4-80GB,A100-SXM4-80GB,,9700.0,0edb0287-e1df-52fd-b14b-f9e504b96222,suitesparse_all,FIDAP/ex11,ex11,16614,16614,1096948,4,row-major,N,N,1.0,0.0,20260922,main,pass,pass,0,0,8775584.0,50.419081,0.0346623986959,50.4537433987,2.5556164487,253.17301543352247,0.17393325864154044,3.4338423531684477,2.610031086943531,0.0017931263777478397,0.03540043663060256,cuSPARSE 12.8.6,CUDA,13040,13000,2026-10-07T20:02:28.501490+00:00,derived,csr-alg3,0,0,,,,5,20,4,true
3,A100-SXM4-80GB-suitesparse_all-fp64-n4-row-major-cuSPARSE-SpMM-CSR-solve-only,cuSPARSE-SpMM-CSR-best-solve-only,cuSPARSE CUDA 13.4.1 CSR PER MATRIX BEST,per-matrix-best,cuSPARSE-SpMM-CSR,best,solve-only,"csr-alg1,csr-alg2,csr-alg3,csr-default",manual-selection,csr,CUSPARSE_SPMM_CSR_ALG3,library-preprocess,spmm.csr.fp64,fp64,A100-SXM4-80GB,A100-SXM4-80GB,,9700.0,1cb4d392-df77-5092-a407-ab8ee1286933,suitesparse_all,FIDAP/ex18,ex18,5773,5773,71805,4,row-major,N,N,1.0,0.0,20260922,main,pass,pass,0,0,574440.0,55.293492,0.00788479968905,55.3013767997,2.77255939969,72.85410189909483,0.010387444820417495,0.20718762601235097,0.7510732154545858,0.00010708706000430408,0.0021359549073438244,cuSPARSE 12.8.6,CUDA,13040,13000,2026-10-08T00:55:46.781618+00:00,derived,csr-alg3,0,0,,,,5,20,4,true
3,A100-SXM4-80GB-suitesparse_all-fp64-n4-row-major-cuSPARSE-SpMM-CSR-solve-only,cuSPARSE-SpMM-CSR-best-solve-only,cuSPARSE CUDA 13.4.1 CSR PER MATRIX BEST,per-matrix-best,cuSPARSE-SpMM-CSR,best,solve-only,"csr-alg1,csr-alg2,csr-alg3,csr-default",manual-selection,csr,CUSPARSE_SPMM_CSR_ALG3,library-preprocess,spmm.csr.fp64,fp64,A100-SXM4-80GB,A100-SXM4-80GB,,9700.0,df7f742d-c1c4-51c9-b7da-d151d8293f2c,suitesparse_all,FIDAP/ex19,ex19,12005,12005,259879,4,row-major,N,N,1.0,0.0,20260922,main,pass,pass,0,0,2079032.0,54.750622,0.0135680004954,54.7641900005,2.7510991005,153.23053685801827,0.037963347946550804,0.7557095997094926,1.5796962562682295,0.0003913747210984619,0.007790820615561779,cuSPARSE 12.8.6,CUDA,13040,13000,2026-10-08T22:48:05.473054+00:00,derived,csr-alg3,0,0,,,,5,20,4,true
3,A100-SXM4-80GB-suitesparse_all-fp64-n4-row-major-cuSPARSE-SpMM-CSR-solve-only,cuSPARSE-SpMM-CSR-best-solve-only,cuSPARSE CUDA 13.4.1 CSR PER MATRIX BEST,per-matrix-best,cuSPARSE-SpMM-CSR,best,solve-only,"csr-alg1,csr-alg2,csr-alg3,csr-default",manual-selection,csr,CUSPARSE_SPMM_CSR_ALG3,library-preprocess,spmm.csr.fp64,fp64,A100-SXM4-80GB,A100-SXM4-80GB,,9700.0,0edb0287-e1df-52fd-b14b-f9e504b96222,suitesparse_all,FIDAP/ex20,ex20,2203,2203,69981,4,row-major,N,N,1.0,0.0,20260922,main,pass,pass,0,0,559848.0,50.33145,0.0108543999493,50.3423043999,2.52742689995,51.577977835256064,0.011120825847636646,0.2215090770819427,0.5317317302603718,0.00011464768915089327,0.002283598732803533,cuSPARSE 12.8.6,CUDA,13040,13000,2026-10-07T20:02:29.284043+00:00,derived,csr-alg3,0,0,,,,5,20,4,true
3,A100-SXM4-80GB-suitesparse_all-fp64-n4-row-major-cuSPARSE-SpMM-CSR-solve-only,cuSPARSE-SpMM-CSR-best-solve-only,cuSPARSE CUDA 13.4.1 CSR PER MATRIX BEST,per-matrix-best,cuSPARSE-SpMM-CSR,best,solve-only,"csr-alg1,csr-alg2,csr-alg3,csr-default",manual-selection,csr,CUSPARSE_SPMM_CSR_ALG3,library-preprocess,spmm.csr.fp64,fp64,A100-SXM4-80GB,A100-SXM4-80GB,,9700.0,1cb4d392-df77-5092-a407-ab8ee1286933,suitesparse_all,FIDAP/ex25,ex25,848,848,24612,4,row-major,N,N,1.0,0.0,20260922,main,pass,pass,0,0,196896.0,52.57065,0.00998400002718,52.580634,2.63851650003,19.72115379246585,0.0037446486476370748,0.07462375164140958,0.2033108638398541,3.860462523337191e-05,0.0007693170272310266,cuSPARSE 12.8.6,CUDA,13040,13000,2026-10-08T00:55:47.441935+00:00,derived,csr-alg3,0,0,,,,5,20,4,true
3,A100-SXM4-80GB-suitesparse_all-fp64-n4-row-major-cuSPARSE-SpMM-CSR-solve-only,cuSPARSE-SpMM-CSR-best-solve-only,cuSPARSE CUDA 13.4.1 CSR PER MATRIX BEST,per-matrix-best,cuSPARSE-SpMM-CSR,best,solve-only,"csr-alg1,csr-alg2,csr-alg3,csr-default",manual-selection,csr,CUSPARSE_SPMM_CSR_ALG3,library-preprocess,spmm.csr.fp64,fp64,A100-SXM4-80GB,A100-SXM4-80GB,,9700.0,df7f742d-c1c4-51c9-b7da-d151d8293f2c,suitesparse_all,FIDAP/ex26,ex26,2163,2163,94033,4,row-major,N,N,1.0,0.0,20260922,main,pass,pass,0,0,752264.0,48.952599,0.0163328006864,48.9689318007,2.46396275069,46.05848160667235,0.015362066770450699,0.30530656349790125,0.47482970728528195,0.0001583718223757804,0.003147490345339188,cuSPARSE 12.8.6,CUDA,13040,13000,2026-10-08T22:48:06.295538+00:00,derived,csr-alg3,0,0,,,,5,20,4,true
3,A100-SXM4-80GB-suitesparse_all-fp64-n4-row-major-cuSPARSE-SpMM-CSR-solve-only,cuSPARSE-SpMM-CSR-best-solve-only,cuSPARSE CUDA 13.4.1 CSR PER MATRIX BEST,per-matrix-best,cuSPARSE-SpMM-CSR,best,solve-only,"csr-alg1,csr-alg2,csr-alg3,csr-default",manual-selection,csr,CUSPARSE_SPMM_CSR_ALG3,library-preprocess,spmm.csr.fp64,fp64,A100-SXM4-80GB,A100-SXM4-80GB,,9700.0,0edb0287-e1df-52fd-b14b-f9e504b96222,suitesparse_all,FIDAP/ex28,ex28,2603,2603,77781,4,row-major,N,N,1.0,0.0,20260922,main,pass,pass,0,0,622248.0,51.23081,0.0102912001312,51.2411012001,2.57183170013,60.46408505005363,0.012143532934042129,0.24194740268912104,0.6233410829902437,0.00012519106117569204,0.002494303120506403,cuSPARSE 12.8.6,CUDA,13040,13000,2026-10-07T20:02:30.103513+00:00,derived,csr-alg3,0,0,,,,5,20,4,true
3,A100-SXM4-80GB-suitesparse_all-fp64-n4-row-major-cuSPARSE-SpMM-CSR-solve-only,cuSPARSE-SpMM-CSR-best-solve-only,cuSPARSE CUDA 13.4.1 CSR PER MATRIX BEST,per-matrix-best,cuSPARSE-SpMM-CSR,best,solve-only,"csr-alg1,csr-alg2,csr-alg3,csr-default",manual-selection,csr,CUSPARSE_SPMM_CSR_ALG3,library-preprocess,spmm.csr.fp64,fp64,A100-SXM4-80GB,A100-SXM4-80GB,,9700.0,1cb4d392-df77-5092-a407-ab8ee1286933,suitesparse_all,FIDAP/ex33,ex33,1733,1733,22189,4,row-major,N,N,1.0,0.0,20260922,main,pass,pass,0,0,177512.0,54.305531,0.00716800019145,54.3126990002,2.72244455019,24.764508267136566,0.0032683332492709732,0.06520316455577081,0.25530420893955225,3.3694157208979104e-05,0.0006721975727399053,cuSPARSE 12.8.6,CUDA,13040,13000,2026-10-08T00:55:48.094458+00:00,derived,csr-alg3,0,0,,,,5,20,4,true
3,A100-SXM4-80GB-suitesparse_all-fp64-n4-row-major-cuSPARSE-SpMM-CSR-solve-only,cuSPARSE-SpMM-CSR-best-solve-only,cuSPARSE CUDA 13.4.1 CSR PER MATRIX BEST,per-matrix-best,cuSPARSE-SpMM-CSR,best,solve-only,"csr-alg1,csr-alg2,csr-alg3,csr-default",manual-selection,csr,CUSPARSE_SPMM_CSR_ALG3,library-preprocess,spmm.csr.fp64,fp64,A100-SXM4-80GB,A100-SXM4-80GB,,9700.0,df7f742d-c1c4-51c9-b7da-d151d8293f2c,suitesparse_all,FIDAP/ex35,ex35,19716,19716,228208,4,row-major,N,N,1.0,0.0,20260922,main,pass,pass,0,0,1825664.0,50.34801,0.0145408004522,50.3625508005,2.53194130045,125.55457356020452,0.03625042756932547,0.7210530511412433,1.2943770470124178,0.000373715748137376,0.007433536609703539,cuSPARSE 12.8.6,CUDA,13040,13000,2026-10-08T22:48:07.690337+00:00,derived,csr-alg3,0,0,,,,5,20,4,true
3,A100-SXM4-80GB-suitesparse_all-fp64-n4-row-major-cuSPARSE-SpMM-CSR-solve-only,cuSPARSE-SpMM-CSR-best-solve-only,cuSPARSE CUDA 13.4.1 CSR PER MATRIX BEST,per-matrix-best,cuSPARSE-SpMM-CSR,best,solve-only,"csr-alg1,csr-alg2,csr-alg3,csr-default",manual-selection,csr,CUSPARSE_SPMM_CSR_ALG3,library-preprocess,spmm.csr.fp64,fp64,A100-SXM4-80GB,A100-SXM4-80GB,,9700.0,0edb0287-e1df-52fd-b14b-f9e504b96222,suitesparse_all,FIDAP/ex37,ex37,3565,3565,67591,4,row-major,N,N,1.0,0.0,20260922,main,pass,pass,0,0,540728.0,51.882611,0.0121855996549,51.8947965997,2.60631614965,44.374344744090266,0.010419695912308978,0.2074683073550436,0.4574674715885595,0.00010741954548772142,0.002138848529433439,cuSPARSE 12.8.6,CUDA,13040,13000,2026-10-07T20:02:30.914408+00:00,derived,csr-alg3,0,0,,,,5,20,4,true
3,A100-SXM4-80GB-suitesparse_all-fp64-n4-row-major-cuSPARSE-SpMM-CSR-solve-only,cuSPARSE-SpMM-CSR-best-solve-only,cuSPARSE CUDA 13.4.1 CSR PER MATRIX BEST,per-matrix-best,cuSPARSE-SpMM-CSR,best,solve-only,"csr-alg1,csr-alg2,csr-alg3,csr-default",manual-selection,csr,CUSPARSE_SPMM_CSR_ALG3,library-preprocess,spmm.csr.fp64,fp64,A100-SXM4-80GB,A100-SXM4-80GB,,9700.0,1cb4d392-df77-5092-a407-ab8ee1286933,suitesparse_all,FIDAP/ex7,ex7,1633,1633,54543,4,row-major,N,N,1.0,0.0,20260922,main,pass,pass,0,0,436344.0,53.898012,0.0113151997328,53.9093271997,2.70621579973,38.56264231334294,0.008094035349089427,0.16123769584211808,0.3975530135396179,8.34436633926745e-05,0.001662244287032145,cuSPARSE 12.8.6,CUDA,13040,13000,2026-10-08T00:55:48.838979+00:00,derived,csr-alg3,0,0,,,,5,20,4,true
3,A100-SXM4-80GB-suitesparse_all-fp64-n4-row-major-cuSPARSE-SpMM-CSR-solve-only,cuSPARSE-SpMM-CSR-best-solve-only,cuSPARSE CUDA 13.4.1 CSR PER MATRIX BEST,per-matrix-best,cuSPARSE-SpMM-CSR,best,solve-only,"csr-alg1,csr-alg2,csr-alg3,csr-default",manual-selection,csr,CUSPARSE_SPMM_CSR_ALG3,library-preprocess,spmm.csr.fp64,fp64,A100-SXM4-80GB,A100-SXM4-80GB,,9700.0,df7f742d-c1c4-51c9-b7da-d151d8293f2c,suitesparse_all,FIDAP/ex8,ex8,3096,3096,106344,4,row-major,N,N,1.0,0.0,20260922,main,pass,pass,0,0,850752.0,52.008721,0.0116223998368,52.0203433998,2.61205844984,73.19934023490264,0.016354217300366205,0.3257017468549038,0.7546323735556972,0.00016860017835429076,0.003357749967576328,cuSPARSE 12.8.6,CUDA,13040,13000,2026-10-08T22:48:08.637797+00:00,derived,csr-alg3,0,0,,,,5,20,4,true
3,A100-SXM4-80GB-suitesparse_all-fp64-n4-row-major-cuSPARSE-SpMM-CSR-solve-only,cuSPARSE-SpMM-CSR-best-solve-only,cuSPARSE CUDA 13.4.1 CSR PER MATRIX BEST,per-matrix-best,cuSPARSE-SpMM-CSR,best,solve-only,"csr-alg1,csr-alg2,csr-alg3,csr-default",manual-selection,csr,CUSPARSE_SPMM_CSR_ALG1,library-preprocess,spmm.csr.fp64,fp64,A100-SXM4-80GB,A100-SXM4-80GB,,9700.0,1cb4d392-df77-5092-a407-ab8ee1286933,suitesparse_all,FlowIPM22/Spielman_k100,Spielman_k100,338402,338402,1025404,4,row-major,N,N,1.0,0.0,20260922,main,pass,pass,0,0,8203232.0,0.35142,0.126924800873,0.478344800873,0.144495800873,64.63064699394795,17.149202803142725,56.77142138690916,0.6662953298345149,0.1767959051870384,0.5852723854320532,cuSPARSE 12.8.6,CUDA,13040,13000,2026-10-07T22:47:55.869284+00:00,derived,csr-alg1,0,0,,,,5,20,4,true
3,A100-SXM4-80GB-suitesparse_all-fp64-n4-row-major-cuSPARSE-SpMM-CSR-solve-only,cuSPARSE-SpMM-CSR-best-solve-only,cuSPARSE CUDA 13.4.1 CSR PER MATRIX BEST,per-matrix-best,cuSPARSE-SpMM-CSR,best,solve-only,"csr-alg1,csr-alg2,csr-alg3,csr-default",manual-selection,csr,CUSPARSE_SPMM_CSR_ALG1,library-preprocess,spmm.csr.fp64,fp64,A100-SXM4-80GB,A100-SXM4-80GB,,9700.0,df7f742d-c1c4-51c9-b7da-d151d8293f2c,suitesparse_all,FlowIPM22/Spielman_k200,Spielman_k200,2686802,2686802,8100804,4,row-major,N,N,1.0,0.0,20260922,main,pass,pass,0,0,64806432.0,1.021401,0.649779176712,1.67118017671,0.700849226712,99.73608623152907,38.77884198434091,92.46843619138487,1.0282070745518461,0.3997818761272258,0.9532828473338646,cuSPARSE 12.8.6,CUDA,13040,13000,2026-10-08T20:11:48.495745+00:00,derived,csr-alg1,0,0,,,,5,20,4,true
3,A100-SXM4-80GB-suitesparse_all-fp64-n4-row-major-cuSPARSE-SpMM-CSR-solve-only,cuSPARSE-SpMM-CSR-best-solve-only,cuSPARSE CUDA 13.4.1 CSR PER MATRIX BEST,per-matrix-best,cuSPARSE-SpMM-CSR,best,solve-only,"csr-alg1,csr-alg2,csr-alg3,csr-default",manual-selection,csr,CUSPARSE_SPMM_CSR_ALG1,library-preprocess,spmm.csr.fp64,fp64,A100-SXM4-80GB,A100-SXM4-80GB,,9700.0,0edb0287-e1df-52fd-b14b-f9e504b96222,suitesparse_all,FlowIPM22/Spielman_k400,Spielman_k400,21413602,21413602,64401604,4,row-major,N,N,1.0,0.0,20260922,main,pass,pass,0,0,515212832.0,1.501781,4.80389137268,6.30567237268,4.87898042268,107.24905957075639,81.70624820791748,105.59846266343412,1.105660407945942,0.8423324557517267,1.088643944983857,cuSPARSE 12.8.6,CUDA,13040,13000,2026-10-07T17:45:05.501786+00:00,derived,csr-alg1,0,0,,,,5,20,4,true
3,A100-SXM4-80GB-suitesparse_all-fp64-n4-row-major-cuSPARSE-SpMM-CSR-solve-only,cuSPARSE-SpMM-CSR-best-solve-only,cuSPARSE CUDA 13.4.1 CSR PER MATRIX BEST,per-matrix-best,cuSPARSE-SpMM-CSR,best,solve-only,"csr-alg1,csr-alg2,csr-alg3,csr-default",manual-selection,csr,CUSPARSE_SPMM_CSR_ALG3,library-preprocess,spmm.csr.fp64,fp64,A100-SXM4-80GB,A100-SXM4-80GB,,9700.0,1cb4d392-df77-5092-a407-ab8ee1286933,suitesparse_all,FlowIPM22/uni_chimera_i3,uni_chimera_i3,100000,100000,499696,4,row-major,N,N,1.0,0.0,20260922,main,pass,pass,0,0,3997568.0,50.15284,0.0461311995983,50.1989711996,2.5537731996,86.65649354037862,0.07963446071643503,1.565357487746423,0.8933659127874085,0.0008209738218189178,0.01613770605924147,cuSPARSE 12.8.6,CUDA,13040,13000,2026-10-08T03:03:07.536911+00:00,derived,csr-alg3,0,0,,,,5,20,4,true
3,A100-SXM4-80GB-suitesparse_all-fp64-n4-row-major-cuSPARSE-SpMM-CSR-solve-only,cuSPARSE-SpMM-CSR-best-solve-only,cuSPARSE CUDA 13.4.1 CSR PER MATRIX BEST,per-matrix-best,cuSPARSE-SpMM-CSR,best,solve-only,"csr-alg1,csr-alg2,csr-alg3,csr-default",manual-selection,csr,CUSPARSE_SPMM_CSR_ALG3,library-preprocess,spmm.csr.fp64,fp64,A100-SXM4-80GB,A100-SXM4-80GB,,9700.0,df7f742d-c1c4-51c9-b7da-d151d8293f2c,suitesparse_all,FlowIPM22/uni_chimera_i4,uni_chimera_i4,100000,100000,814436,4,row-major,N,N,1.0,0.0,20260922,main,pass,pass,0,0,6515488.0,64.169286,0.0484351992607,64.2177211993,3.25689949926,134.51969021394373,0.1014593460857814,2.0005185918326256,1.386800930040657,0.0010459726400596022,0.02062390300858377,cuSPARSE 12.8.6,CUDA,13040,13000,2026-10-09T01:25:33.185991+00:00,derived,csr-alg3,0,0,,,,5,20,4,true
3,A100-SXM4-80GB-suitesparse_all-fp64-n4-row-major-cuSPARSE-SpMM-CSR-solve-only,cuSPARSE-SpMM-CSR-best-solve-only,cuSPARSE CUDA 13.4.1 CSR PER MATRIX BEST,per-matrix-best,cuSPARSE-SpMM-CSR,best,solve-only,"csr-alg1,csr-alg2,csr-alg3,csr-default",manual-selection,csr,CUSPARSE_SPMM_CSR_ALG3,library-preprocess,spmm.csr.fp64,fp64,A100-SXM4-80GB,A100-SXM4-80GB,,9700.0,1cb4d392-df77-5092-a407-ab8ee1286933,suitesparse_all,Fluorem/DK01R,DK01R,903,903,11766,4,row-major,N,N,1.0,0.0,20260922,main,pass,pass,0,0,94128.0,64.725426,0.00563200004399,64.731058,3.24190330004,16.713068051277013,0.0014541396805224471,0.02903479570129023,0.1722996706317218,1.4991130727035536e-05,0.0002993277907349508,cuSPARSE 12.8.6,CUDA,13040,13000,2026-10-08T01:21:02.904325+00:00,derived,csr-alg3,0,0,,,,5,20,4,true
3,A100-SXM4-80GB-suitesparse_all-fp64-n4-row-major-cuSPARSE-SpMM-CSR-solve-only,cuSPARSE-SpMM-CSR-best-solve-only,cuSPARSE CUDA 13.4.1 CSR PER MATRIX BEST,per-matrix-best,cuSPARSE-SpMM-CSR,best,solve-only,"csr-alg1,csr-alg2,csr-alg3,csr-default",manual-selection,csr,CUSPARSE_SPMM_CSR_ALG3,library-preprocess,spmm.csr.fp64,fp64,A100-SXM4-80GB,A100-SXM4-80GB,,9700.0,df7f742d-c1c4-51c9-b7da-d151d8293f2c,suitesparse_all,Fluorem/GT01R,GT01R,7980,7980,430909,4,row-major,N,N,1.0,0.0,20260922,main,pass,pass,0,0,3447272.0,56.859093,0.0197119995952,56.8788049996,2.8626666496,174.88190294197412,0.060607321128217144,1.2042170542216946,1.8029062158966405,0.0006248177435898675,0.012414608806409223,cuSPARSE 12.8.6,CUDA,13040,13000,2026-10-08T23:17:25.628888+00:00,derived,csr-alg3,0,0,,,,5,20,4,true
3,A100-SXM4-80GB-suitesparse_all-fp64-n4-row-major-cuSPARSE-SpMM-CSR-solve-only,cuSPARSE-SpMM-CSR-best-solve-only,cuSPARSE CUDA 13.4.1 CSR PER MATRIX BEST,per-matrix-best,cuSPARSE-SpMM-CSR,best,solve-only,"csr-alg1,csr-alg2,csr-alg3,csr-default",manual-selection,csr,CUSPARSE_SPMM_CSR_ALG3,library-preprocess,spmm.csr.fp64,fp64,A100-SXM4-80GB,A100-SXM4-80GB,,9700.0,0edb0287-e1df-52fd-b14b-f9e504b96222,suitesparse_all,Fluorem/RM07R,RM07R,381689,381689,37464962,4,row-major,N,N,1.0,0.0,20260922,main,pass,pass,0,0,299719696.0,56.983443,1.20468482971,58.1881278297,4.05385697971,248.7951110600028,5.150873677826408,73.93445242398289,2.5648980521649776,0.05310179049305575,0.7622108497317824,cuSPARSE 12.8.6,CUDA,13040,13000,2026-10-07T20:47:44.844772+00:00,derived,csr-alg3,0,0,,,,5,20,4,true
3,A100-SXM4-80GB-suitesparse_all-fp64-n4-row-major-cuSPARSE-SpMM-CSR-solve-only,cuSPARSE-SpMM-CSR-best-solve-only,cuSPARSE CUDA 13.4.1 CSR PER MATRIX BEST,per-matrix-best,cuSPARSE-SpMM-CSR,best,solve-only,"csr-alg1,csr-alg2,csr-alg3,csr-default",manual-selection,csr,CUSPARSE_SPMM_CSR_ALG3,library-preprocess,spmm.csr.fp64,fp64,A100-SXM4-80GB,A100-SXM4-80GB,,9700.0,df7f742d-c1c4-51c9-b7da-d151d8293f2c,suitesparse_all,FreeFieldTechnologies/mono_500Hz,mono_500Hz,169410,169410,5036288,4,row-major,N,N,1.0,0.0,20260922,main,pass,pass,0,0,40290304.0,53.409711,0.22487039566,53.6345813957,2.89535594566,179.17122385873424,0.7512001203617142,13.915492518421866,1.8471260191622085,0.00774433113774963,0.14345868575692647,cuSPARSE 12.8.6,CUDA,13040,13000,2026-10-08T23:15:06.258699+00:00,derived,csr-alg3,0,0,,,,5,20,4,true
3,A100-SXM4-80GB-suitesparse_all-fp64-n4-row-major-cuSPARSE-SpMM-CSR-solve-only,cuSPARSE-SpMM-CSR-best-solve-only,cuSPARSE CUDA 13.4.1 CSR PER MATRIX BEST,per-matrix-best,cuSPARSE-SpMM-CSR,best,solve-only,"csr-alg1,csr-alg2,csr-alg3,csr-default",manual-selection,csr,CUSPARSE_SPMM_CSR_ALG1,library-preprocess,spmm.csr.fp64,fp64,A100-SXM4-80GB,A100-SXM4-80GB,,9700.0,1cb4d392-df77-5092-a407-ab8ee1286933,suitesparse_all,Freescale/Freescale2,Freescale2,2999349,2999349,23042677,4,row-major,N,N,1.0,0.0,20260922,main,pass,pass,0,0,184341416.0,0.702201,1.4255616188,2.1277626188,1.4606716688,129.31143317057996,86.63626965303278,126.20318442367258,1.3331075584595873,0.8931574191034307,1.3010637569450783,cuSPARSE 12.8.6,CUDA,13040,13000,2026-10-07T21:55:46.017069+00:00,derived,csr-alg1,0,0,,,,5,20,4,true
3,A100-SXM4-80GB-suitesparse_all-fp64-n4-row-major-cuSPARSE-SpMM-CSR-solve-only,cuSPARSE-SpMM-CSR-best-solve-only,cuSPARSE CUDA 13.4.1 CSR PER MATRIX BEST,per-matrix-best,cuSPARSE-SpMM-CSR,best,solve-only,"csr-alg1,csr-alg2,csr-alg3,csr-default",manual-selection,csr,CUSPARSE_SPMM_CSR_ALG3,library-preprocess,spmm.csr.fp64,fp64,A100-SXM4-80GB,A100-SXM4-80GB,,9700.0,0edb0287-e1df-52fd-b14b-f9e504b96222,suitesparse_all,Gaertner/big,big,13209,13209,91465,4,row-major,N,N,1.0,0.0,20260922,main,pass,pass,0,0,731720.0,52.633991,0.0101888000965,52.6441798001,2.6418883501,71.8161111288616,0.013899352269870678,0.27696855545477655,0.7403722796789856,0.00014329229144196577,0.0028553459325234695,cuSPARSE 12.8.6,CUDA,13040,13000,2026-10-07T20:02:31.881795+00:00,derived,csr-alg3,0,0,,,,5,20,4,true
3,A100-SXM4-80GB-suitesparse_all-fp64-n4-row-major-cuSPARSE-SpMM-CSR-solve-only,cuSPARSE-SpMM-CSR-best-solve-only,cuSPARSE CUDA 13.4.1 CSR PER MATRIX BEST,per-matrix-best,cuSPARSE-SpMM-CSR,best,solve-only,"csr-alg1,csr-alg2,csr-alg3,csr-default",manual-selection,csr,CUSPARSE_SPMM_CSR_ALG1,library-preprocess,spmm.csr.fp64,fp64,A100-SXM4-80GB,A100-SXM4-80GB,,9700.0,1cb4d392-df77-5092-a407-ab8ee1286933,suitesparse_all,GAP/GAP-road,GAP-road,23947347,23947347,57708624,4,row-major,N,N,1.0,0.0,20260922,main,pass,pass,0,0,461668992.0,0.68231,5.15246086121,5.83477086121,5.18657636121,89.60164947115814,79.12375703889428,89.01228090514321,0.923728345063486,0.8157088354525184,0.917652380465394,cuSPARSE 12.8.6,CUDA,13040,13000,2026-10-07T22:47:43.044699+00:00,derived,csr-alg1,0,0,,,,5,20,4,true
3,A100-SXM4-80GB-suitesparse_all-fp64-n4-row-major-cuSPARSE-SpMM-CSR-solve-only,cuSPARSE-SpMM-CSR-best-solve-only,cuSPARSE CUDA 13.4.1 CSR PER MATRIX BEST,per-matrix-best,cuSPARSE-SpMM-CSR,best,solve-only,"csr-alg1,csr-alg2,csr-alg3,csr-default",manual-selection,csr,CUSPARSE_SPMM_CSR_ALG1,library-preprocess,spmm.csr.fp64,fp64,A100-SXM4-80GB,A100-SXM4-80GB,,9700.0,df7f742d-c1c4-51c9-b7da-d151d8293f2c,suitesparse_all,GenBank/kmer_U1a,kmer_U1a,67716231,67716231,138778562,4,row-major,N,N,1.0,0.0,20260922,main,pass,pass,0,0,1110228496.0,0.723181,12.9334777832,13.6566587832,12.9696368332,85.84145073818708,81.29576301384705,85.60212674251676,0.8849634096720318,0.8381006496272893,0.8824961519847088,cuSPARSE 12.8.6,CUDA,13040,13000,2026-10-08T19:52:44.737720+00:00,derived,csr-alg1,0,0,,,,5,20,4,true
3,A100-SXM4-80GB-suitesparse_all-fp64-n4-row-major-cuSPARSE-SpMM-CSR-solve-only,cuSPARSE-SpMM-CSR-best-solve-only,cuSPARSE CUDA 13.4.1 CSR PER MATRIX BEST,per-matrix-best,cuSPARSE-SpMM-CSR,best,solve-only,"csr-alg1,csr-alg2,csr-alg3,csr-default",manual-selection,csr,CUSPARSE_SPMM_CSR_ALG1,library-preprocess,spmm.csr.fp64,fp64,A100-SXM4-80GB,A100-SXM4-80GB,,9700.0,0edb0287-e1df-52fd-b14b-f9e504b96222,suitesparse_all,GenBank/kmer_V2a,kmer_V2a,55042369,55042369,117217600,4,row-major,N,N,1.0,0.0,20260922,main,pass,pass,0,0,937740800.0,0.6952,10.6441726685,11.3393726685,10.6789326685,88.09898422402692,82.69776710002483,87.81222141853979,0.9082369507631641,0.852554300000256,0.9052806331808226,cuSPARSE 12.8.6,CUDA,13040,13000,2026-10-07T17:30:26.143715+00:00,derived,csr-alg1,0,0,,,,5,20,4,true
3,A100-SXM4-80GB-suitesparse_all-fp64-n4-row-major-cuSPARSE-SpMM-CSR-solve-only,cuSPARSE-SpMM-CSR-best-solve-only,cuSPARSE CUDA 13.4.1 CSR PER MATRIX BEST,per-matrix-best,cuSPARSE-SpMM-CSR,best,solve-only,"csr-alg1,csr-alg2,csr-alg3,csr-default",manual-selection,csr,CUSPARSE_SPMM_CSR_ALG3,library-preprocess,spmm.csr.fp64,fp64,A100-SXM4-80GB,A100-SXM4-80GB,,9700.0,df7f742d-c1c4-51c9-b7da-d151d8293f2c,suitesparse_all,GHS_indef/aug2d,aug2d,29008,29008,76832,4,row-major,N,N,1.0,0.0,20260922,main,pass,pass,0,0,614656.0,54.560642,0.0159232005477,54.5765652005,2.74395530055,38.60128484589004,0.011262269762523805,0.22400364899413555,0.3979513901638148,0.00011610587384045159,0.0023093159690117065,cuSPARSE 12.8.6,CUDA,13040,13000,2026-10-08T22:52:18.356380+00:00,derived,csr-alg3,0,0,,,,5,20,4,true
3,A100-SXM4-80GB-suitesparse_all-fp64-n4-row-major-cuSPARSE-SpMM-CSR-solve-only,cuSPARSE-SpMM-CSR-best-solve-only,cuSPARSE CUDA 13.4.1 CSR PER MATRIX BEST,per-matrix-best,cuSPARSE-SpMM-CSR,best,solve-only,"csr-alg1,csr-alg2,csr-alg3,csr-default",manual-selection,csr,CUSPARSE_SPMM_CSR_ALG3,library-preprocess,spmm.csr.fp64,fp64,A100-SXM4-80GB,A100-SXM4-80GB,,9700.0,0edb0287-e1df-52fd-b14b-f9e504b96222,suitesparse_all,GHS_indef/aug3d,aug3d,24300,24300,69984,4,row-major,N,N,1.0,0.0,20260922,main,pass,pass,0,0,559872.0,57.055192,0.0146431997418,57.0698351997,2.86740279974,38.23426640844129,0.009810296420883007,0.19525404664135995,0.3941676949323844,0.00010113707650394853,0.0020129283158903085,cuSPARSE 12.8.6,CUDA,13040,13000,2026-10-07T20:07:20.489828+00:00,derived,csr-alg3,0,0,,,,5,20,4,true
3,A100-SXM4-80GB-suitesparse_all-fp64-n4-row-major-cuSPARSE-SpMM-CSR-solve-only,cuSPARSE-SpMM-CSR-best-solve-only,cuSPARSE CUDA 13.4.1 CSR PER MATRIX BEST,per-matrix-best,cuSPARSE-SpMM-CSR,best,solve-only,"csr-alg1,csr-alg2,csr-alg3,csr-default",manual-selection,csr,CUSPARSE_SPMM_CSR_ALG1,library-preprocess,spmm.csr.fp64,fp64,A100-SXM4-80GB,A100-SXM4-80GB,,9700.0,1cb4d392-df77-5092-a407-ab8ee1286933,suitesparse_all,GHS_indef/blockqp1,blockqp1,60012,60012,640033,4,row-major,N,N,1.0,0.0,20260922,main,pass,pass,0,0,5120264.0,0.07305,0.0799232006073,0.152973200607,0.0835757006073,64.06480172332246,33.471640651321366,61.26498447268494,0.660461873436314,0.34506846032290067,0.6315977780689169,cuSPARSE 12.8.6,CUDA,13040,13000,2026-10-07T20:45:00.414054+00:00,derived,csr-alg1,0,0,,,,5,20,4,true
3,A100-SXM4-80GB-suitesparse_all-fp64-n4-row-major-cuSPARSE-SpMM-CSR-solve-only,cuSPARSE-SpMM-CSR-best-solve-only,cuSPARSE CUDA 13.4.1 CSR PER MATRIX BEST,per-matrix-best,cuSPARSE-SpMM-CSR,best,solve-only,"csr-alg1,csr-alg2,csr-alg3,csr-default",manual-selection,csr,CUSPARSE_SPMM_CSR_ALG1,library-preprocess,spmm.csr.fp64,fp64,A100-SXM4-80GB,A100-SXM4-80GB,,9700.0,df7f742d-c1c4-51c9-b7da-d151d8293f2c,suitesparse_all,GHS_indef/bloweya,bloweya,30004,30004,150009,4,row-major,N,N,1.0,0.0,20260922,main,pass,pass,0,0,1200072.0,0.086909,0.0305151998997,0.1174241999,0.0348606498997,39.327024038659445,10.219971701080333,34.424831535063475,0.4054332375119531,0.10536053300082818,0.3548951704645719,cuSPARSE 12.8.6,CUDA,13040,13000,2026-10-08T17:42:26.040934+00:00,derived,csr-alg1,0,0,,,,5,20,4,true
3,A100-SXM4-80GB-suitesparse_all-fp64-n4-row-major-cuSPARSE-SpMM-CSR-solve-only,cuSPARSE-SpMM-CSR-best-solve-only,cuSPARSE CUDA 13.4.1 CSR PER MATRIX BEST,per-matrix-best,cuSPARSE-SpMM-CSR,best,solve-only,"csr-alg1,csr-alg2,csr-alg3,csr-default",manual-selection,csr,CUSPARSE_SPMM_CSR_ALG1,library-preprocess,spmm.csr.fp64,fp64,A100-SXM4-80GB,A100-SXM4-80GB,,9700.0,0edb0287-e1df-52fd-b14b-f9e504b96222,suitesparse_all,GHS_indef/bloweybq,bloweybq,10001,10001,69991,4,row-major,N,N,1.0,0.0,20260922,main,pass,pass,0,0,559928.0,0.05938,0.0178688004613,0.0772488004613,0.0208378004613,31.335511368694522,7.248371452453969,26.870782309289282,0.32304650895561365,0.07472547889127804,0.2770183743225699,cuSPARSE 12.8.6,CUDA,13040,13000,2026-10-07T15:39:34.369731+00:00,derived,csr-alg1,0,0,,,,5,20,4,true
3,A100-SXM4-80GB-suitesparse_all-fp64-n4-row-major-cuSPARSE-SpMM-CSR-solve-only,cuSPARSE-SpMM-CSR-best-solve-only,cuSPARSE CUDA 13.4.1 CSR PER MATRIX BEST,per-matrix-best,cuSPARSE-SpMM-CSR,best,solve-only,"csr-alg1,csr-alg2,csr-alg3,csr-default",manual-selection,csr,CUSPARSE_SPMM_CSR_ALG1,library-preprocess,spmm.csr.fp64,fp64,A100-SXM4-80GB,A100-SXM4-80GB,,9700.0,0edb0287-e1df-52fd-b14b-f9e504b96222,suitesparse_all,GHS_indef/boyd2,boyd2,466316,466316,1500397,4,row-major,N,N,1.0,0.0,20260922,main,pass,pass,0,0,12003176.0,0.125821,0.205311989784,0.331132989784,0.211603039784,58.46310297137556,36.24880748918959,56.72496960465499,0.6027124017667583,0.37369904628030504,0.5847935010789174,cuSPARSE 12.8.6,CUDA,13040,13000,2026-10-07T15:37:04.312740+00:00,derived,csr-alg1,0,0,,,,5,20,4,true
3,A100-SXM4-80GB-suitesparse_all-fp64-n4-row-major-cuSPARSE-SpMM-CSR-solve-only,cuSPARSE-SpMM-CSR-best-solve-only,cuSPARSE CUDA 13.4.1 CSR PER MATRIX BEST,per-matrix-best,cuSPARSE-SpMM-CSR,best,solve-only,"csr-alg1,csr-alg2,csr-alg3,csr-default",manual-selection,csr,CUSPARSE_SPMM_CSR_ALG3,library-preprocess,spmm.csr.fp64,fp64,A100-SXM4-80GB,A100-SXM4-80GB,,9700.0,1cb4d392-df77-5092-a407-ab8ee1286933,suitesparse_all,GHS_indef/c-59,c-59,41282,41282,480536,4,row-major,N,N,1.0,0.0,20260922,main,pass,pass,0,0,3844288.0,57.323753,0.0394239991903,57.3631769992,2.90561164919,97.51136563907653,0.06701665076977192,1.323056369584585,1.0052718107121292,0.0006908933069048653,0.013639756387469948,cuSPARSE 12.8.6,CUDA,13040,13000,2026-10-08T00:59:34.955882+00:00,derived,csr-alg3,0,0,,,,5,20,4,true
3,A100-SXM4-80GB-suitesparse_all-fp64-n4-row-major-cuSPARSE-SpMM-CSR-solve-only,cuSPARSE-SpMM-CSR-best-solve-only,cuSPARSE CUDA 13.4.1 CSR PER MATRIX BEST,per-matrix-best,cuSPARSE-SpMM-CSR,best,solve-only,"csr-alg1,csr-alg2,csr-alg3,csr-default",manual-selection,csr,CUSPARSE_SPMM_CSR_ALG1,library-preprocess,spmm.csr.fp64,fp64,A100-SXM4-80GB,A100-SXM4-80GB,,9700.0,df7f742d-c1c4-51c9-b7da-d151d8293f2c,suitesparse_all,GHS_indef/c-62ghs,c-62ghs,41731,41731,559343,4,row-major,N,N,1.0,0.0,20260922,main,pass,pass,0,0,4474744.0,0.14139,0.0493680000305,0.190758000031,0.0564375000305,90.64057683591521,23.457700328546174,79.2867153502858,0.9344389364527342,0.24183196214996056,0.8173888180441836,cuSPARSE 12.8.6,CUDA,13040,13000,2026-10-08T17:41:36.880981+00:00,derived,csr-alg1,0,0,,,,5,20,4,true
3,A100-SXM4-80GB-suitesparse_all-fp64-n4-row-major-cuSPARSE-SpMM-CSR-solve-only,cuSPARSE-SpMM-CSR-best-solve-only,cuSPARSE CUDA 13.4.1 CSR PER MATRIX BEST,per-matrix-best,cuSPARSE-SpMM-CSR,best,solve-only,"csr-alg1,csr-alg2,csr-alg3,csr-default",manual-selection,csr,CUSPARSE_SPMM_CSR_ALG3,library-preprocess,spmm.csr.fp64,fp64,A100-SXM4-80GB,A100-SXM4-80GB,,9700.0,0edb0287-e1df-52fd-b14b-f9e504b96222,suitesparse_all,GHS_indef/c-68,c-68,64810,64810,566006,4,row-major,N,N,1.0,0.0,20260922,main,pass,pass,0,0,4528048.0,52.152421,0.0391167998314,52.1915377998,2.64673784983,115.75711764552955,0.08675827904073276,1.7108033575334392,1.1933723468611295,0.0008944152478426057,0.01763714801580865,cuSPARSE 12.8.6,CUDA,13040,13000,2026-10-07T20:07:23.673882+00:00,derived,csr-alg3,0,0,,,,5,20,4,true
3,A100-SXM4-80GB-suitesparse_all-fp64-n4-row-major-cuSPARSE-SpMM-CSR-solve-only,cuSPARSE-SpMM-CSR-best-solve-only,cuSPARSE CUDA 13.4.1 CSR PER MATRIX BEST,per-matrix-best,cuSPARSE-SpMM-CSR,best,solve-only,"csr-alg1,csr-alg2,csr-alg3,csr-default",manual-selection,csr,CUSPARSE_SPMM_CSR_ALG3,library-preprocess,spmm.csr.fp64,fp64,A100-SXM4-80GB,A100-SXM4-80GB,,9700.0,1cb4d392-df77-5092-a407-ab8ee1286933,suitesparse_all,GHS_indef/copter2,copter2,55476,55476,759952,4,row-major,N,N,1.0,0.0,20260922,main,pass,pass,0,0,6079616.0,53.035421,0.0271791994572,53.0626001995,2.67895024946,223.68635285133308,0.11457440790957107,2.2694023531140517,2.306044874756011,0.0011811794629852687,0.023395900547567544,cuSPARSE 12.8.6,CUDA,13040,13000,2026-10-08T00:59:38.247214+00:00,derived,csr-alg3,0,0,,,,5,20,4,true
3,A100-SXM4-80GB-suitesparse_all-fp64-n4-row-major-cuSPARSE-SpMM-CSR-solve-only,cuSPARSE-SpMM-CSR-best-solve-only,cuSPARSE CUDA 13.4.1 CSR PER MATRIX BEST,per-matrix-best,cuSPARSE-SpMM-CSR,best,solve-only,"csr-alg1,csr-alg2,csr-alg3,csr-default",manual-selection,csr,CUSPARSE_SPMM_CSR_ALG3,library-preprocess,spmm.csr.fp64,fp64,A100-SXM4-80GB,A100-SXM4-80GB,,9700.0,df7f742d-c1c4-51c9-b7da-d151d8293f2c,suitesparse_all,GHS_indef/d_pretok,d_pretok,182730,182730,1641672,4,row-major,N,N,1.0,0.0,20260922,main,pass,pass,0,0,13133376.0,55.626082,0.122419202328,55.7485012023,2.90372330233,107.281992941038,0.235582584585398,4.522943349823154,1.1059999272271959,0.0024286864390247217,0.04662828195693973,cuSPARSE 12.8.6,CUDA,13040,13000,2026-10-08T22:52:28.026033+00:00,derived,csr-alg3,0,0,,,,5,20,4,true
3,A100-SXM4-80GB-suitesparse_all-fp64-n4-row-major-cuSPARSE-SpMM-CSR-solve-only,cuSPARSE-SpMM-CSR-best-solve-only,cuSPARSE CUDA 13.4.1 CSR PER MATRIX BEST,per-matrix-best,cuSPARSE-SpMM-CSR,best,solve-only,"csr-alg1,csr-alg2,csr-alg3,csr-default",manual-selection,csr,CUSPARSE_SPMM_CSR_ALG3,library-preprocess,spmm.csr.fp64,fp64,A100-SXM4-80GB,A100-SXM4-80GB,,9700.0,0edb0287-e1df-52fd-b14b-f9e504b96222,suitesparse_all,GHS_indef/dawson5,dawson5,51537,51537,1010777,4,row-major,N,N,1.0,0.0,20260922,main,pass,pass,0,0,8086216.0,57.764843,0.0378288000822,57.8026718001,2.92607095008,213.75819435004746,0.1398934642323231,2.763506469239551,2.2036927252582212,0.001442200662188898,0.02848975741484073,cuSPARSE 12.8.6,CUDA,13040,13000,2026-10-07T20:07:27.859643+00:00,derived,csr-alg3,0,0,,,,5,20,4,true
3,A100-SXM4-80GB-suitesparse_all-fp64-n4-row-major-cuSPARSE-SpMM-CSR-solve-only,cuSPARSE-SpMM-CSR-best-solve-only,cuSPARSE CUDA 13.4.1 CSR PER MATRIX BEST,per-matrix-best,cuSPARSE-SpMM-CSR,best,solve-only,"csr-alg1,csr-alg2,csr-alg3,csr-default",manual-selection,csr,CUSPARSE_SPMM_CSR_ALG3,library-preprocess,spmm.csr.fp64,fp64,A100-SXM4-80GB,A100-SXM4-80GB,,9700.0,1cb4d392-df77-5092-a407-ab8ee1286933,suitesparse_all,GHS_indef/dixmaanl,dixmaanl,60000,60000,299998,4,row-major,N,N,1.0,0.0,20260922,main,pass,pass,0,0,2399984.0,59.685474,0.024868799746,59.7103427997,3.00914249975,96.50582354244996,0.04019377359883551,0.7975640901683423,0.994905397344845,0.00041436879998799493,0.008222310207921055,cuSPARSE 12.8.6,CUDA,13040,13000,2026-10-08T01:00:52.755199+00:00,derived,csr-alg3,0,0,,,,5,20,4,true
3,A100-SXM4-80GB-suitesparse_all-fp64-n4-row-major-cuSPARSE-SpMM-CSR-solve-only,cuSPARSE-SpMM-CSR-best-solve-only,cuSPARSE CUDA 13.4.1 CSR PER MATRIX BEST,per-matrix-best,cuSPARSE-SpMM-CSR,best,solve-only,"csr-alg1,csr-alg2,csr-alg3,csr-default",manual-selection,csr,CUSPARSE_SPMM_CSR_ALG3,library-preprocess,spmm.csr.fp64,fp64,A100-SXM4-80GB,A100-SXM4-80GB,,9700.0,1cb4d392-df77-5092-a407-ab8ee1286933,suitesparse_all,GHS_indef/k1_san,k1_san,67759,67759,559774,4,row-major,N,N,1.0,0.0,20260922,main,pass,pass,0,0,4478192.0,53.355632,0.0350416004658,53.3906736005,2.70282320047,127.79644595202318,0.08387592247867916,1.6568571703917878,1.3174891335260122,0.0008647002317389604,0.01708100175661637,cuSPARSE 12.8.6,CUDA,13040,13000,2026-10-08T00:59:41.025385+00:00,derived,csr-alg3,0,0,,,,5,20,4,true
3,A100-SXM4-80GB-suitesparse_all-fp64-n4-row-major-cuSPARSE-SpMM-CSR-solve-only,cuSPARSE-SpMM-CSR-best-solve-only,cuSPARSE CUDA 13.4.1 CSR PER MATRIX BEST,per-matrix-best,cuSPARSE-SpMM-CSR,best,solve-only,"csr-alg1,csr-alg2,csr-alg3,csr-default",manual-selection,csr,CUSPARSE_SPMM_CSR_ALG3,library-preprocess,spmm.csr.fp64,fp64,A100-SXM4-80GB,A100-SXM4-80GB,,9700.0,df7f742d-c1c4-51c9-b7da-d151d8293f2c,suitesparse_all,GHS_indef/laser,laser,3002,3002,9000,4,row-major,N,N,1.0,0.0,20260922,main,pass,pass,0,0,72000.0,55.771022,0.00593920014799,55.7769612001,2.79449030015,12.12284452551526,0.001290855551303697,0.025764984761670225,0.12497777861355938,1.3307789188697907e-05,0.00026561839960484766,cuSPARSE 12.8.6,CUDA,13040,13000,2026-10-08T22:52:28.833331+00:00,derived,csr-alg3,0,0,,,,5,20,4,true
3,A100-SXM4-80GB-suitesparse_all-fp64-n4-row-major-cuSPARSE-SpMM-CSR-solve-only,cuSPARSE-SpMM-CSR-best-solve-only,cuSPARSE CUDA 13.4.1 CSR PER MATRIX BEST,per-matrix-best,cuSPARSE-SpMM-CSR,best,solve-only,"csr-alg1,csr-alg2,csr-alg3,csr-default",manual-selection,csr,CUSPARSE_SPMM_CSR_ALG3,library-preprocess,spmm.csr.fp64,fp64,A100-SXM4-80GB,A100-SXM4-80GB,,9700.0,df7f742d-c1c4-51c9-b7da-d151d8293f2c,suitesparse_all,GHS_indef/linverse,linverse,11999,11999,95977,4,row-major,N,N,1.0,0.0,20260922,main,pass,pass,0,0,767816.0,52.395361,0.00998400002718,52.405345,2.62975205003,76.90464722653563,0.01465148259209056,0.291972773627552,0.7928314147065528,0.00015104621228959338,0.003010028594098474,cuSPARSE 12.8.6,CUDA,13040,13000,2026-10-08T22:53:09.827341+00:00,derived,csr-alg3,0,0,,,,5,20,4,true
3,A100-SXM4-80GB-suitesparse_all-fp64-n4-row-major-cuSPARSE-SpMM-CSR-solve-only,cuSPARSE-SpMM-CSR-best-solve-only,cuSPARSE CUDA 13.4.1 CSR PER MATRIX BEST,per-matrix-best,cuSPARSE-SpMM-CSR,best,solve-only,"csr-alg1,csr-alg2,csr-alg3,csr-default",manual-selection,csr,CUSPARSE_SPMM_CSR_ALG1,library-preprocess,spmm.csr.fp64,fp64,A100-SXM4-80GB,A100-SXM4-80GB,,9700.0,0edb0287-e1df-52fd-b14b-f9e504b96222,suitesparse_all,GHS_indef/mario002,mario002,389874,389874,2101242,4,row-major,N,N,1.0,0.0,20260922,main,pass,pass,0,0,16809936.0,0.12814,0.187494397163,0.315634397163,0.193901397163,89.65567107259277,53.257617519167304,86.69321751131584,0.9242852687896161,0.5490476032903846,0.8937445104259364,cuSPARSE 12.8.6,CUDA,13040,13000,2026-10-07T15:35:33.043879+00:00,derived,csr-alg1,0,0,,,,5,20,4,true
3,A100-SXM4-80GB-suitesparse_all-fp64-n4-row-major-cuSPARSE-SpMM-CSR-solve-only,cuSPARSE-SpMM-CSR-best-solve-only,cuSPARSE CUDA 13.4.1 CSR PER MATRIX BEST,per-matrix-best,cuSPARSE-SpMM-CSR,best,solve-only,"csr-alg1,csr-alg2,csr-alg3,csr-default",manual-selection,csr,CUSPARSE_SPMM_CSR_ALG3,library-preprocess,spmm.csr.fp64,fp64,A100-SXM4-80GB,A100-SXM4-80GB,,9700.0,0edb0287-e1df-52fd-b14b-f9e504b96222,suitesparse_all,GHS_indef/ncvxqp3,ncvxqp3,75000,75000,499964,4,row-major,N,N,1.0,0.0,20260922,main,pass,pass,0,0,3999712.0,65.834736,0.036812800169,65.8715488002,3.32854960017,108.65003427172462,0.06071987182405306,1.2016380948013277,1.120103446100254,0.0006259780600417841,0.012388021595889975,cuSPARSE 12.8.6,CUDA,13040,13000,2026-10-07T20:09:14.594981+00:00,derived,csr-alg3,0,0,,,,5,20,4,true
3,A100-SXM4-80GB-suitesparse_all-fp64-n4-row-major-cuSPARSE-SpMM-CSR-solve-only,cuSPARSE-SpMM-CSR-best-solve-only,cuSPARSE CUDA 13.4.1 CSR PER MATRIX BEST,per-matrix-best,cuSPARSE-SpMM-CSR,best,solve-only,"csr-alg1,csr-alg2,csr-alg3,csr-default",manual-selection,csr,CUSPARSE_SPMM_CSR_ALG3,library-preprocess,spmm.csr.fp64,fp64,A100-SXM4-80GB,A100-SXM4-80GB,,9700.0,1cb4d392-df77-5092-a407-ab8ee1286933,suitesparse_all,GHS_indef/stokes128,stokes128,49666,49666,558594,4,row-major,N,N,1.0,0.0,20260922,main,pass,pass,0,0,4468752.0,55.844563,0.0278016000986,55.8723646001,2.8200297501,160.73722318684213,0.07998143683347889,1.5846471122659382,1.6570847751220839,0.0008245508951905039,0.016336568167690087,cuSPARSE 12.8.6,CUDA,13040,13000,2026-10-08T00:59:43.928167+00:00,derived,csr-alg3,0,0,,,,5,20,4,true
3,A100-SXM4-80GB-suitesparse_all-fp64-n4-row-major-cuSPARSE-SpMM-CSR-solve-only,cuSPARSE-SpMM-CSR-best-solve-only,cuSPARSE CUDA 13.4.1 CSR PER MATRIX BEST,per-matrix-best,cuSPARSE-SpMM-CSR,best,solve-only,"csr-alg1,csr-alg2,csr-alg3,csr-default",manual-selection,csr,CUSPARSE_SPMM_CSR_ALG3,library-preprocess,spmm.csr.fp64,fp64,A100-SXM4-80GB,A100-SXM4-80GB,,9700.0,df7f742d-c1c4-51c9-b7da-d151d8293f2c,suitesparse_all,GHS_indef/stokes64,stokes64,12546,12546,140034,4,row-major,N,N,1.0,0.0,20260922,main,pass,pass,0,0,1120272.0,54.007901,0.0101888000965,54.0180898001,2.7105838501,109.95131805410821,0.020738830346383817,0.413295460296744,1.1335187428258577,0.0002138023747049878,0.004260777941203547,cuSPARSE 12.8.6,CUDA,13040,13000,2026-10-08T22:52:29.910191+00:00,derived,csr-alg3,0,0,,,,5,20,4,true
3,A100-SXM4-80GB-suitesparse_all-fp64-n4-row-major-cuSPARSE-SpMM-CSR-solve-only,cuSPARSE-SpMM-CSR-best-solve-only,cuSPARSE CUDA 13.4.1 CSR PER MATRIX BEST,per-matrix-best,cuSPARSE-SpMM-CSR,best,solve-only,"csr-alg1,csr-alg2,csr-alg3,csr-default",manual-selection,csr,CUSPARSE_SPMM_CSR_ALG3,library-preprocess,spmm.csr.fp64,fp64,A100-SXM4-80GB,A100-SXM4-80GB,,9700.0,0edb0287-e1df-52fd-b14b-f9e504b96222,suitesparse_all,GHS_indef/tuma1,tuma1,22967,22967,87760,4,row-major,N,N,1.0,0.0,20260922,main,pass,pass,0,0,702080.0,55.566372,0.0144400000572,55.5808120001,2.79275860006,48.62049842236202,0.012631697428219235,0.25139301333989855,0.501242251776928,0.00013022368482700243,0.0025916805498958613,cuSPARSE 12.8.6,CUDA,13040,13000,2026-10-07T20:07:41.234560+00:00,derived,csr-alg3,0,0,,,,5,20,4,true
3,A100-SXM4-80GB-suitesparse_all-fp64-n4-row-major-cuSPARSE-SpMM-CSR-solve-only,cuSPARSE-SpMM-CSR-best-solve-only,cuSPARSE CUDA 13.4.1 CSR PER MATRIX BEST,per-matrix-best,cuSPARSE-SpMM-CSR,best,solve-only,"csr-alg1,csr-alg2,csr-alg3,csr-default",manual-selection,csr,CUSPARSE_SPMM_CSR_ALG3,library-preprocess,spmm.csr.fp64,fp64,A100-SXM4-80GB,A100-SXM4-80GB,,9700.0,1cb4d392-df77-5092-a407-ab8ee1286933,suitesparse_all,GHS_psdef/apache1,apache1,80800,80800,542184,4,row-major,N,N,1.0,0.0,20260922,main,pass,pass,0,0,4337472.0,56.635463,0.0379904001951,56.6734534002,2.8697635502,114.17284307943265,0.07653445731233123,1.5114388081546692,1.1770396193755945,0.0007890150238384663,0.015581843383037829,cuSPARSE 12.8.6,CUDA,13040,13000,2026-10-08T01:03:57.776708+00:00,derived,csr-alg3,0,0,,,,5,20,4,true
3,A100-SXM4-80GB-suitesparse_all-fp64-n4-row-major-cuSPARSE-SpMM-CSR-solve-only,cuSPARSE-SpMM-CSR-best-solve-only,cuSPARSE CUDA 13.4.1 CSR PER MATRIX BEST,per-matrix-best,cuSPARSE-SpMM-CSR,best,solve-only,"csr-alg1,csr-alg2,csr-alg3,csr-default",manual-selection,csr,CUSPARSE_SPMM_CSR_ALG1,library-preprocess,spmm.csr.fp64,fp64,A100-SXM4-80GB,A100-SXM4-80GB,,9700.0,df7f742d-c1c4-51c9-b7da-d151d8293f2c,suitesparse_all,GHS_psdef/apache2,apache2,715176,715176,4817870,4,row-major,N,N,1.0,0.0,20260922,main,pass,pass,0,0,38542960.0,0.73631,0.329932808876,1.06624280888,0.366748308876,116.82063427188825,36.14838916520919,105.09376339900624,1.2043364357926623,0.37266380582689884,1.0834408597835694,cuSPARSE 12.8.6,CUDA,13040,13000,2026-10-08T17:44:37.873505+00:00,derived,csr-alg1,0,0,,,,5,20,4,true
3,A100-SXM4-80GB-suitesparse_all-fp64-n4-row-major-cuSPARSE-SpMM-CSR-solve-only,cuSPARSE-SpMM-CSR-best-solve-only,cuSPARSE CUDA 13.4.1 CSR PER MATRIX BEST,per-matrix-best,cuSPARSE-SpMM-CSR,best,solve-only,"csr-alg1,csr-alg2,csr-alg3,csr-default",manual-selection,csr,CUSPARSE_SPMM_CSR_ALG1,library-preprocess,spmm.csr.fp64,fp64,A100-SXM4-80GB,A100-SXM4-80GB,,9700.0,1cb4d392-df77-5092-a407-ab8ee1286933,suitesparse_all,GHS_psdef/bmwcra_1,bmwcra_1,148770,148770,10644002,4,row-major,N,N,1.0,0.0,20260922,main,pass,pass,0,0,85152016.0,0.12416,0.503705596924,0.627865596924,0.509913596924,169.0511610750434,135.62140753876537,166.9930288458095,1.7427954750004475,1.3981588406058285,1.7215776169671082,cuSPARSE 12.8.6,CUDA,13040,13000,2026-10-07T20:44:23.194243+00:00,derived,csr-alg1,0,0,,,,5,20,4,true
3,A100-SXM4-80GB-suitesparse_all-fp64-n4-row-major-cuSPARSE-SpMM-CSR-solve-only,cuSPARSE-SpMM-CSR-best-solve-only,cuSPARSE CUDA 13.4.1 CSR PER MATRIX BEST,per-matrix-best,cuSPARSE-SpMM-CSR,best,solve-only,"csr-alg1,csr-alg2,csr-alg3,csr-default",manual-selection,csr,CUSPARSE_SPMM_CSR_ALG3,library-preprocess,spmm.csr.fp64,fp64,A100-SXM4-80GB,A100-SXM4-80GB,,9700.0,df7f742d-c1c4-51c9-b7da-d151d8293f2c,suitesparse_all,GHS_psdef/copter1,copter1,17222,17222,211064,4,row-major,N,N,1.0,0.0,20260922,main,pass,pass,0,0,1688512.0,54.379942,0.0140799999237,54.3940219999,2.73307709992,119.92272792259263,0.031042234751515605,0.6178062082659229,1.2363167827071406,0.0003200230386754186,0.006369136167689927,cuSPARSE 12.8.6,CUDA,13040,13000,2026-10-08T22:52:31.143481+00:00,derived,csr-alg3,0,0,,,,5,20,4,true
3,A100-SXM4-80GB-suitesparse_all-fp64-n4-row-major-cuSPARSE-SpMM-CSR-solve-only,cuSPARSE-SpMM-CSR-best-solve-only,cuSPARSE CUDA 13.4.1 CSR PER MATRIX BEST,per-matrix-best,cuSPARSE-SpMM-CSR,best,solve-only,"csr-alg1,csr-alg2,csr-alg3,csr-default",manual-selection,csr,CUSPARSE_SPMM_CSR_ALG3,library-preprocess,spmm.csr.fp64,fp64,A100-SXM4-80GB,A100-SXM4-80GB,,9700.0,0edb0287-e1df-52fd-b14b-f9e504b96222,suitesparse_all,GHS_psdef/crankseg_1,crankseg_1,52804,52804,10614210,4,row-major,N,N,1.0,0.0,20260922,main,pass,pass,0,0,84913680.0,54.952852,0.326297593117,55.2791495931,3.07394019312,260.23385336327823,1.5360887536265393,27.623725468065786,2.68282323054926,0.015835966532232362,0.2847806749285133,cuSPARSE 12.8.6,CUDA,13040,13000,2026-10-07T20:08:07.006731+00:00,derived,csr-alg3,0,0,,,,5,20,4,true
3,A100-SXM4-80GB-suitesparse_all-fp64-n4-row-major-cuSPARSE-SpMM-CSR-solve-only,cuSPARSE-SpMM-CSR-best-solve-only,cuSPARSE CUDA 13.4.1 CSR PER MATRIX BEST,per-matrix-best,cuSPARSE-SpMM-CSR,best,solve-only,"csr-alg1,csr-alg2,csr-alg3,csr-default",manual-selection,csr,CUSPARSE_SPMM_CSR_ALG3,library-preprocess,spmm.csr.fp64,fp64,A100-SXM4-80GB,A100-SXM4-80GB,,9700.0,1cb4d392-df77-5092-a407-ab8ee1286933,suitesparse_all,GHS_psdef/cvxbqp1,cvxbqp1,50000,50000,349968,4,row-major,N,N,1.0,0.0,20260922,main,pass,pass,0,0,2799744.0,51.64829,0.021913599968,51.6702036,2.60432809997,127.76285065385932,0.054184884226002934,1.0750350541593632,1.3171427902459723,0.0005586070538763189,0.011082835609890342,cuSPARSE 12.8.6,CUDA,13040,13000,2026-10-08T01:00:54.754127+00:00,derived,csr-alg3,0,0,,,,5,20,4,true
3,A100-SXM4-80GB-suitesparse_all-fp64-n4-row-major-cuSPARSE-SpMM-CSR-solve-only,cuSPARSE-SpMM-CSR-best-solve-only,cuSPARSE CUDA 13.4.1 CSR PER MATRIX BEST,per-matrix-best,cuSPARSE-SpMM-CSR,best,solve-only,"csr-alg1,csr-alg2,csr-alg3,csr-default",manual-selection,csr,CUSPARSE_SPMM_CSR_ALG3,library-preprocess,spmm.csr.fp64,fp64,A100-SXM4-80GB,A100-SXM4-80GB,,9700.0,1cb4d392-df77-5092-a407-ab8ee1286933,suitesparse_all,GHS_psdef/ford1,ford1,18728,18728,101576,4,row-major,N,N,1.0,0.0,20260922,main,pass,pass,0,0,812608.0,71.169309,0.0107008002698,71.1800098003,3.56916625027,75.938993300656,0.011416238945173272,0.227674460369709,0.7828762195943917,0.00011769318500178631,0.002347159385254732,cuSPARSE 12.8.6,CUDA,13040,13000,2026-10-08T01:00:12.172678+00:00,derived,csr-alg3,0,0,,,,5,20,4,true
3,A100-SXM4-80GB-suitesparse_all-fp64-n4-row-major-cuSPARSE-SpMM-CSR-solve-only,cuSPARSE-SpMM-CSR-best-solve-only,cuSPARSE CUDA 13.4.1 CSR PER MATRIX BEST,per-matrix-best,cuSPARSE-SpMM-CSR,best,solve-only,"csr-alg1,csr-alg2,csr-alg3,csr-default",manual-selection,csr,CUSPARSE_SPMM_CSR_ALG3,library-preprocess,spmm.csr.fp64,fp64,A100-SXM4-80GB,A100-SXM4-80GB,,9700.0,df7f742d-c1c4-51c9-b7da-d151d8293f2c,suitesparse_all,GHS_psdef/ford2,ford2,100196,100196,544688,4,row-major,N,N,1.0,0.0,20260922,main,pass,pass,0,0,4357504.0,53.606171,0.0457727998495,53.6519437998,2.72608134985,95.19854617430835,0.08121800798606375,1.5984497308709322,0.9814283110753438,0.0008372990514027191,0.016478863204854973,cuSPARSE 12.8.6,CUDA,13040,13000,2026-10-08T22:52:34.289815+00:00,derived,csr-alg3,0,0,,,,5,20,4,true
3,A100-SXM4-80GB-suitesparse_all-fp64-n4-row-major-cuSPARSE-SpMM-CSR-solve-only,cuSPARSE-SpMM-CSR-best-solve-only,cuSPARSE CUDA 13.4.1 CSR PER MATRIX BEST,per-matrix-best,cuSPARSE-SpMM-CSR,best,solve-only,"csr-alg1,csr-alg2,csr-alg3,csr-default",manual-selection,csr,CUSPARSE_SPMM_CSR_ALG3,library-preprocess,spmm.csr.fp64,fp64,A100-SXM4-80GB,A100-SXM4-80GB,,9700.0,df7f742d-c1c4-51c9-b7da-d151d8293f2c,suitesparse_all,GHS_psdef/gridgena,gridgena,48962,48962,512084,4,row-major,N,N,1.0,0.0,20260922,main,pass,pass,0,0,4096672.0,62.691095,0.0274432003498,62.7185382003,3.16199795035,149.27821638083316,0.06531835909371377,1.2955960327382696,1.5389506843384861,0.0006733851452960181,0.013356660131322366,cuSPARSE 12.8.6,CUDA,13040,13000,2026-10-08T22:53:12.820150+00:00,derived,csr-alg3,0,0,,,,5,20,4,true
3,A100-SXM4-80GB-suitesparse_all-fp64-n4-row-major-cuSPARSE-SpMM-CSR-solve-only,cuSPARSE-SpMM-CSR-best-solve-only,cuSPARSE CUDA 13.4.1 CSR PER MATRIX BEST,per-matrix-best,cuSPARSE-SpMM-CSR,best,solve-only,"csr-alg1,csr-alg2,csr-alg3,csr-default",manual-selection,csr,CUSPARSE_SPMM_CSR_ALG3,library-preprocess,spmm.csr.fp64,fp64,A100-SXM4-80GB,A100-SXM4-80GB,,9700.0,0edb0287-e1df-52fd-b14b-f9e504b96222,suitesparse_all,GHS_psdef/minsurfo,minsurfo,40806,40806,203622,4,row-major,N,N,1.0,0.0,20260922,main,pass,pass,0,0,1628976.0,65.025166,0.0213504001498,65.0465164001,3.27260870015,76.2972116948946,0.02504324735824739,0.497760700790576,0.7865691927308722,0.0002581778078169834,0.00513155361639769,cuSPARSE 12.8.6,CUDA,13040,13000,2026-10-07T20:09:16.728248+00:00,derived,csr-alg3,0,0,,,,5,20,4,true
3,A100-SXM4-80GB-suitesparse_all-fp64-n4-row-major-cuSPARSE-SpMM-CSR-solve-only,cuSPARSE-SpMM-CSR-best-solve-only,cuSPARSE CUDA 13.4.1 CSR PER MATRIX BEST,per-matrix-best,cuSPARSE-SpMM-CSR,best,solve-only,"csr-alg1,csr-alg2,csr-alg3,csr-default",manual-selection,csr,CUSPARSE_SPMM_CSR_ALG1,library-preprocess,spmm.csr.fp64,fp64,A100-SXM4-80GB,A100-SXM4-80GB,,9700.0,1cb4d392-df77-5092-a407-ab8ee1286933,suitesparse_all,GHS_psdef/oilpan,oilpan,73752,73752,3597188,4,row-major,N,N,1.0,0.0,20260922,main,pass,pass,0,0,28777504.0,0.12155,0.180633604527,0.302183604527,0.186711104527,159.3142321184125,95.23185099682912,154.12850817257382,1.6424147641073452,0.9817716597611249,1.5889536925007612,cuSPARSE 12.8.6,CUDA,13040,13000,2026-10-07T20:44:33.162866+00:00,derived,csr-alg1,0,0,,,,5,20,4,true
3,A100-SXM4-80GB-suitesparse_all-fp64-n4-row-major-cuSPARSE-SpMM-CSR-solve-only,cuSPARSE-SpMM-CSR-best-solve-only,cuSPARSE CUDA 13.4.1 CSR PER MATRIX BEST,per-matrix-best,cuSPARSE-SpMM-CSR,best,solve-only,"csr-alg1,csr-alg2,csr-alg3,csr-default",manual-selection,csr,CUSPARSE_SPMM_CSR_ALG3,library-preprocess,spmm.csr.fp64,fp64,A100-SXM4-80GB,A100-SXM4-80GB,,9700.0,df7f742d-c1c4-51c9-b7da-d151d8293f2c,suitesparse_all,GHS_psdef/opt1,opt1,15449,15449,1930655,4,row-major,N,N,1.0,0.0,20260922,main,pass,pass,0,0,15445240.0,56.067522,0.0532992005348,56.1208212005,2.85667530053,289.7837086677412,0.2752140768721038,5.40671878149205,2.987460914100425,0.002837258524454678,0.05573936888136134,cuSPARSE 12.8.6,CUDA,13040,13000,2026-10-08T22:52:38.602299+00:00,derived,csr-alg3,0,0,,,,5,20,4,true
3,A100-SXM4-80GB-suitesparse_all-fp64-n4-row-major-cuSPARSE-SpMM-CSR-solve-only,cuSPARSE-SpMM-CSR-best-solve-only,cuSPARSE CUDA 13.4.1 CSR PER MATRIX BEST,per-matrix-best,cuSPARSE-SpMM-CSR,best,solve-only,"csr-alg1,csr-alg2,csr-alg3,csr-default",manual-selection,csr,CUSPARSE_SPMM_CSR_ALG3,library-preprocess,spmm.csr.fp64,fp64,A100-SXM4-80GB,A100-SXM4-80GB,,9700.0,0edb0287-e1df-52fd-b14b-f9e504b96222,suitesparse_all,GHS_psdef/pwt,pwt,36519,36519,326107,4,row-major,N,N,1.0,0.0,20260922,main,pass,pass,0,0,2608856.0,59.444514,0.0174079999328,59.4619219999,2.98963369993,149.8653498432302,0.04387439746741431,0.8726339952821258,1.5450036066312391,0.0004523133759527249,0.008996226755485833,cuSPARSE 12.8.6,CUDA,13040,13000,2026-10-07T20:08:40.298897+00:00,derived,csr-alg3,0,0,,,,5,20,4,true
3,A100-SXM4-80GB-suitesparse_all-fp64-n4-row-major-cuSPARSE-SpMM-CSR-solve-only,cuSPARSE-SpMM-CSR-best-solve-only,cuSPARSE CUDA 13.4.1 CSR PER MATRIX BEST,per-matrix-best,cuSPARSE-SpMM-CSR,best,solve-only,"csr-alg1,csr-alg2,csr-alg3,csr-default",manual-selection,csr,CUSPARSE_SPMM_CSR_ALG3,library-preprocess,spmm.csr.fp64,fp64,A100-SXM4-80GB,A100-SXM4-80GB,,9700.0,df7f742d-c1c4-51c9-b7da-d151d8293f2c,suitesparse_all,GHS_psdef/vanbody,vanbody,47072,47072,2336898,4,row-major,N,N,1.0,0.0,20260922,main,pass,pass,0,0,18695184.0,56.793733,0.078540802002,56.872273802,2.918227452,238.03148839152337,0.32872228856343977,6.406349164862835,2.453932870015705,0.0033888895728189663,0.06604483675116325,cuSPARSE 12.8.6,CUDA,13040,13000,2026-10-08T22:53:06.931462+00:00,derived,csr-alg3,0,0,,,,5,20,4,true
3,A100-SXM4-80GB-suitesparse_all-fp64-n4-row-major-cuSPARSE-SpMM-CSR-solve-only,cuSPARSE-SpMM-CSR-best-solve-only,cuSPARSE CUDA 13.4.1 CSR PER MATRIX BEST,per-matrix-best,cuSPARSE-SpMM-CSR,best,solve-only,"csr-alg1,csr-alg2,csr-alg3,csr-default",manual-selection,csr,CUSPARSE_SPMM_CSR_ALG3,library-preprocess,spmm.csr.fp64,fp64,A100-SXM4-80GB,A100-SXM4-80GB,,9700.0,0edb0287-e1df-52fd-b14b-f9e504b96222,suitesparse_all,GHS_psdef/wathen120,wathen120,36441,36441,565761,4,row-major,N,N,1.0,0.0,20260922,main,pass,pass,0,0,4526088.0,57.970633,0.0243711993098,57.9950041993,2.92290284931,185.71461923008428,0.07804272217044912,1.5484907413424494,1.9145837034029305,0.0008045641460871043,0.015963822075695355,cuSPARSE 12.8.6,CUDA,13040,13000,2026-10-07T20:09:00.344991+00:00,derived,csr-alg3,0,0,,,,5,20,4,true
3,A100-SXM4-80GB-suitesparse_all-fp64-n4-row-major-cuSPARSE-SpMM-CSR-solve-only,cuSPARSE-SpMM-CSR-best-solve-only,cuSPARSE CUDA 13.4.1 CSR PER MATRIX BEST,per-matrix-best,cuSPARSE-SpMM-CSR,best,solve-only,"csr-alg1,csr-alg2,csr-alg3,csr-default",manual-selection,csr,CUSPARSE_SPMM_CSR_ALG1,library-preprocess,spmm.csr.fp64,fp64,A100-SXM4-80GB,A100-SXM4-80GB,,9700.0,0edb0287-e1df-52fd-b14b-f9e504b96222,suitesparse_all,Gleich/wb-cs-stanford,wb-cs-stanford,9914,9914,36854,4,row-major,N,N,1.0,0.0,20260922,main,pass,pass,0,0,294832.0,0.05926,0.0195071995258,0.0787671995258,0.0224701995258,15.114009553757759,3.743080898838209,13.12102278671258,0.15581453148203875,0.03858846287462071,0.13526827615167608,cuSPARSE 12.8.6,CUDA,13040,13000,2026-10-07T15:42:01.770218+00:00,derived,csr-alg1,0,0,,,,5,20,4,true
3,A100-SXM4-80GB-suitesparse_all-fp64-n4-row-major-cuSPARSE-SpMM-CSR-solve-only,cuSPARSE-SpMM-CSR-best-solve-only,cuSPARSE CUDA 13.4.1 CSR PER MATRIX BEST,per-matrix-best,cuSPARSE-SpMM-CSR,best,solve-only,"csr-alg1,csr-alg2,csr-alg3,csr-default",manual-selection,csr,CUSPARSE_SPMM_CSR_ALG3,library-preprocess,spmm.csr.fp64,fp64,A100-SXM4-80GB,A100-SXM4-80GB,,9700.0,1cb4d392-df77-5092-a407-ab8ee1286933,suitesparse_all,Gleich/wikipedia-20070206,wikipedia-20070206,3566907,3566907,45030389,4,row-major,N,N,1.0,0.0,20260922,main,pass,pass,0,0,360243112.0,54.176301,4.16721916199,58.343520162,6.87603421199,86.44688412019363,6.174517941319414,52.39111686963838,0.8912049909298312,0.06365482413731355,0.5401146069034884,cuSPARSE 12.8.6,CUDA,13040,13000,2026-10-08T01:09:56.748497+00:00,derived,csr-alg3,0,0,,,,5,20,4,true
3,A100-SXM4-80GB-suitesparse_all-fp64-n4-row-major-cuSPARSE-SpMM-CSR-solve-only,cuSPARSE-SpMM-CSR-best-solve-only,cuSPARSE CUDA 13.4.1 CSR PER MATRIX BEST,per-matrix-best,cuSPARSE-SpMM-CSR,best,solve-only,"csr-alg1,csr-alg2,csr-alg3,csr-default",manual-selection,csr,CUSPARSE_SPMM_CSR_ALG3,library-preprocess,spmm.csr.fp64,fp64,A100-SXM4-80GB,A100-SXM4-80GB,,9700.0,1cb4d392-df77-5092-a407-ab8ee1286933,suitesparse_all,Goodwin/goodwin,goodwin,7320,7320,324784,4,row-major,N,N,1.0,0.0,20260922,main,pass,pass,0,0,2598272.0,53.012431,0.021913599968,53.0343446,2.67253514997,118.56892540678874,0.04899225246577291,0.9722124702566276,1.22236005574009,0.0005050747676883805,0.010022808971717811,cuSPARSE 12.8.6,CUDA,13040,13000,2026-10-08T00:55:50.236390+00:00,derived,csr-alg3,0,0,,,,5,20,4,true
3,A100-SXM4-80GB-suitesparse_all-fp64-n4-row-major-cuSPARSE-SpMM-CSR-solve-only,cuSPARSE-SpMM-CSR-best-solve-only,cuSPARSE CUDA 13.4.1 CSR PER MATRIX BEST,per-matrix-best,cuSPARSE-SpMM-CSR,best,solve-only,"csr-alg1,csr-alg2,csr-alg3,csr-default",manual-selection,csr,CUSPARSE_SPMM_CSR_ALG3,library-preprocess,spmm.csr.fp64,fp64,A100-SXM4-80GB,A100-SXM4-80GB,,9700.0,0edb0287-e1df-52fd-b14b-f9e504b96222,suitesparse_all,Goodwin/Goodwin_010,Goodwin_010,1182,1182,32282,4,row-major,N,N,1.0,0.0,20260922,main,pass,pass,0,0,258256.0,54.972742,0.00998080000281,54.9827228,2.7586179,25.875280531349237,0.004697039121532919,0.09361789467109599,0.26675546939535294,4.84230837271435e-05,0.0009651329347535669,cuSPARSE 12.8.6,CUDA,13040,13000,2026-10-07T22:02:50.190737+00:00,derived,csr-alg3,0,0,,,,5,20,4,true
3,A100-SXM4-80GB-suitesparse_all-fp64-n4-row-major-cuSPARSE-SpMM-CSR-solve-only,cuSPARSE-SpMM-CSR-best-solve-only,cuSPARSE CUDA 13.4.1 CSR PER MATRIX BEST,per-matrix-best,cuSPARSE-SpMM-CSR,best,solve-only,"csr-alg1,csr-alg2,csr-alg3,csr-default",manual-selection,csr,CUSPARSE_SPMM_CSR_ALG3,library-preprocess,spmm.csr.fp64,fp64,A100-SXM4-80GB,A100-SXM4-80GB,,9700.0,1cb4d392-df77-5092-a407-ab8ee1286933,suitesparse_all,Goodwin/Goodwin_040,Goodwin_040,17922,17922,561677,4,row-major,N,N,1.0,0.0,20260922,main,pass,pass,0,0,4493416.0,59.179624,0.0219088003039,59.2015328003,2.9808900003,205.09639677532337,0.07590033209371953,1.5074075190791267,2.1143958430445706,0.0007824776504507168,0.015540283701846668,cuSPARSE 12.8.6,CUDA,13040,13000,2026-10-08T02:53:25.647680+00:00,derived,csr-alg3,0,0,,,,5,20,4,true
3,A100-SXM4-80GB-suitesparse_all-fp64-n4-row-major-cuSPARSE-SpMM-CSR-solve-only,cuSPARSE-SpMM-CSR-best-solve-only,cuSPARSE CUDA 13.4.1 CSR PER MATRIX BEST,per-matrix-best,cuSPARSE-SpMM-CSR,best,solve-only,"csr-alg1,csr-alg2,csr-alg3,csr-default",manual-selection,csr,CUSPARSE_SPMM_CSR_ALG3,library-preprocess,spmm.csr.fp64,fp64,A100-SXM4-80GB,A100-SXM4-80GB,,9700.0,df7f742d-c1c4-51c9-b7da-d151d8293f2c,suitesparse_all,Goodwin/Goodwin_054,Goodwin_054,32510,32510,1030878,4,row-major,N,N,1.0,0.0,20260922,main,pass,pass,0,0,8247024.0,58.857974,0.0344240009785,58.892398001,2.97732270098,239.57191975304661,0.14003545924314315,2.769946300172787,2.4698136057015114,0.0014436645282798262,0.028556147424461727,cuSPARSE 12.8.6,CUDA,13040,13000,2026-10-09T01:05:22.752004+00:00,derived,csr-alg3,0,0,,,,5,20,4,true
3,A100-SXM4-80GB-suitesparse_all-fp64-n4-row-major-cuSPARSE-SpMM-CSR-solve-only,cuSPARSE-SpMM-CSR-best-solve-only,cuSPARSE CUDA 13.4.1 CSR PER MATRIX BEST,per-matrix-best,cuSPARSE-SpMM-CSR,best,solve-only,"csr-alg1,csr-alg2,csr-alg3,csr-default",manual-selection,csr,CUSPARSE_SPMM_CSR_ALG3,library-preprocess,spmm.csr.fp64,fp64,A100-SXM4-80GB,A100-SXM4-80GB,,9700.0,0edb0287-e1df-52fd-b14b-f9e504b96222,suitesparse_all,Goodwin/Goodwin_095,Goodwin_095,100037,100037,3226066,4,row-major,N,N,1.0,0.0,20260922,main,pass,pass,0,0,25808528.0,50.65951,0.13479360342,50.7943036034,2.66776910342,191.46700841273497,0.5080988648158662,9.674198552983555,1.9738866846673708,0.0052381326269676926,0.0997340057008614,cuSPARSE 12.8.6,CUDA,13040,13000,2026-10-07T22:03:00.199485+00:00,derived,csr-alg3,0,0,,,,5,20,4,true
3,A100-SXM4-80GB-suitesparse_all-fp64-n4-row-major-cuSPARSE-SpMM-CSR-solve-only,cuSPARSE-SpMM-CSR-best-solve-only,cuSPARSE CUDA 13.4.1 CSR PER MATRIX BEST,per-matrix-best,cuSPARSE-SpMM-CSR,best,solve-only,"csr-alg1,csr-alg2,csr-alg3,csr-default",manual-selection,csr,CUSPARSE_SPMM_CSR_ALG3,library-preprocess,spmm.csr.fp64,fp64,A100-SXM4-80GB,A100-SXM4-80GB,,9700.0,df7f742d-c1c4-51c9-b7da-d151d8293f2c,suitesparse_all,Goodwin/rim,rim,22560,22560,1014951,4,row-major,N,N,1.0,0.0,20260922,main,pass,pass,0,0,8119608.0,48.358149,0.0325120002031,48.3906610002,2.4504194502,249.74187836114126,0.16779287226447356,3.313558419289109,2.57465853980558,0.001729823425406944,0.034160396075145455,cuSPARSE 12.8.6,CUDA,13040,13000,2026-10-08T22:48:12.084639+00:00,derived,csr-alg3,0,0,,,,5,20,4,true
3,A100-SXM4-80GB-suitesparse_all-fp64-n4-row-major-cuSPARSE-SpMM-CSR-solve-only,cuSPARSE-SpMM-CSR-best-solve-only,cuSPARSE CUDA 13.4.1 CSR PER MATRIX BEST,per-matrix-best,cuSPARSE-SpMM-CSR,best,solve-only,"csr-alg1,csr-alg2,csr-alg3,csr-default",manual-selection,csr,CUSPARSE_SPMM_CSR_ALG3,library-preprocess,spmm.csr.fp64,fp64,A100-SXM4-80GB,A100-SXM4-80GB,,9700.0,1cb4d392-df77-5092-a407-ab8ee1286933,suitesparse_all,Grueninger/windtunnel_evap2d,windtunnel_evap2d,8256,8256,233468,4,row-major,N,N,1.0,0.0,20260922,main,pass,pass,0,0,1867744.0,56.420593,0.00952320024371,56.4301162002,2.83055285024,196.12566702392198,0.03309835466887414,0.6598513077901498,2.0219140930301234,0.0003412201512255066,0.006802590801960307,cuSPARSE 12.8.6,CUDA,13040,13000,2026-10-08T02:53:22.747512+00:00,derived,csr-alg3,0,0,,,,5,20,4,true
3,A100-SXM4-80GB-suitesparse_all-fp64-n4-row-major-cuSPARSE-SpMM-CSR-solve-only,cuSPARSE-SpMM-CSR-best-solve-only,cuSPARSE CUDA 13.4.1 CSR PER MATRIX BEST,per-matrix-best,cuSPARSE-SpMM-CSR,best,solve-only,"csr-alg1,csr-alg2,csr-alg3,csr-default",manual-selection,csr,CUSPARSE_SPMM_CSR_ALG3,library-preprocess,spmm.csr.fp64,fp64,A100-SXM4-80GB,A100-SXM4-80GB,,9700.0,df7f742d-c1c4-51c9-b7da-d151d8293f2c,suitesparse_all,Grueninger/windtunnel_evap3d,windtunnel_evap3d,40816,40816,2730600,4,row-major,N,N,1.0,0.0,20260922,main,pass,pass,0,0,21844800.0,60.354294,0.0801280021667,60.4344220022,3.09784270217,272.62379454505316,0.3614628762264787,7.05161691544183,2.810554582938692,0.0037264214043966877,0.0726970816024931,cuSPARSE 12.8.6,CUDA,13040,13000,2026-10-09T01:05:18.005218+00:00,derived,csr-alg3,0,0,,,,5,20,4,true
3,A100-SXM4-80GB-suitesparse_all-fp64-n4-row-major-cuSPARSE-SpMM-CSR-solve-only,cuSPARSE-SpMM-CSR-best-solve-only,cuSPARSE CUDA 13.4.1 CSR PER MATRIX BEST,per-matrix-best,cuSPARSE-SpMM-CSR,best,solve-only,"csr-alg1,csr-alg2,csr-alg3,csr-default",manual-selection,csr,CUSPARSE_SPMM_CSR_ALG3,library-preprocess,spmm.csr.fp64,fp64,A100-SXM4-80GB,A100-SXM4-80GB,,9700.0,0edb0287-e1df-52fd-b14b-f9e504b96222,suitesparse_all,Grund/b1_ss,b1_ss,7,7,15,4,row-major,N,N,1.0,0.0,20260922,main,pass,pass,0,0,120.0,49.49352,0.00491520017385,49.4984352002,2.47959120017,0.02441406163647774,2.424319062100677e-06,4.839507415245418e-05,0.00025169135707709013,2.4992980021656463e-08,4.989182902314864e-07,cuSPARSE 12.8.6,CUDA,13040,13000,2026-10-07T20:02:32.502546+00:00,derived,csr-alg3,0,0,,,,5,20,4,true
3,A100-SXM4-80GB-suitesparse_all-fp64-n4-row-major-cuSPARSE-SpMM-CSR-solve-only,cuSPARSE-SpMM-CSR-best-solve-only,cuSPARSE CUDA 13.4.1 CSR PER MATRIX BEST,per-matrix-best,cuSPARSE-SpMM-CSR,best,solve-only,"csr-alg1,csr-alg2,csr-alg3,csr-default",manual-selection,csr,CUSPARSE_SPMM_CSR_ALG3,library-preprocess,spmm.csr.fp64,fp64,A100-SXM4-80GB,A100-SXM4-80GB,,9700.0,1cb4d392-df77-5092-a407-ab8ee1286933,suitesparse_all,Grund/bayer03,bayer03,6747,6747,56196,4,row-major,N,N,1.0,0.0,20260922,main,pass,pass,0,0,449568.0,52.775321,0.00906239971519,52.7843833997,2.64782844972,49.60805240652249,0.008517064537738924,0.16978743469862653,0.5114232206857989,8.780478904885489e-05,0.0017503859247281085,cuSPARSE 12.8.6,CUDA,13040,13000,2026-10-08T00:55:51.029945+00:00,derived,csr-alg3,0,0,,,,5,20,4,true
3,A100-SXM4-80GB-suitesparse_all-fp64-n4-row-major-cuSPARSE-SpMM-CSR-solve-only,cuSPARSE-SpMM-CSR-best-solve-only,cuSPARSE CUDA 13.4.1 CSR PER MATRIX BEST,per-matrix-best,cuSPARSE-SpMM-CSR,best,solve-only,"csr-alg1,csr-alg2,csr-alg3,csr-default",manual-selection,csr,CUSPARSE_SPMM_CSR_ALG3,library-preprocess,spmm.csr.fp64,fp64,A100-SXM4-80GB,A100-SXM4-80GB,,9700.0,df7f742d-c1c4-51c9-b7da-d151d8293f2c,suitesparse_all,Grund/bayer04,bayer04,20545,20545,159082,4,row-major,N,N,1.0,0.0,20260922,main,pass,pass,0,0,1272656.0,50.912631,0.0144383996725,50.9270693997,2.56006994967,88.14384065181099,0.02498977488792035,0.49711766671221186,0.908699388163,0.0002576265452362923,0.0051249243990949675,cuSPARSE 12.8.6,CUDA,13040,13000,2026-10-08T22:48:13.337218+00:00,derived,csr-alg3,0,0,,,,5,20,4,true
3,A100-SXM4-80GB-suitesparse_all-fp64-n4-row-major-cuSPARSE-SpMM-CSR-solve-only,cuSPARSE-SpMM-CSR-best-solve-only,cuSPARSE CUDA 13.4.1 CSR PER MATRIX BEST,per-matrix-best,cuSPARSE-SpMM-CSR,best,solve-only,"csr-alg1,csr-alg2,csr-alg3,csr-default",manual-selection,csr,CUSPARSE_SPMM_CSR_ALG3,library-preprocess,spmm.csr.fp64,fp64,A100-SXM4-80GB,A100-SXM4-80GB,,9700.0,0edb0287-e1df-52fd-b14b-f9e504b96222,suitesparse_all,Grund/bayer06,bayer06,3008,3008,27576,4,row-major,N,N,1.0,0.0,20260922,main,pass,pass,0,0,220608.0,51.636491,0.0104960002005,51.6469870002,2.5923205502,21.01829228142458,0.004271459243094776,0.08510058680165146,0.21668342558169668,4.403566229994614e-05,0.0008773256371304274,cuSPARSE 12.8.6,CUDA,13040,13000,2026-10-07T20:02:33.223223+00:00,derived,csr-alg3,0,0,,,,5,20,4,true
3,A100-SXM4-80GB-suitesparse_all-fp64-n4-row-major-cuSPARSE-SpMM-CSR-solve-only,cuSPARSE-SpMM-CSR-best-solve-only,cuSPARSE CUDA 13.4.1 CSR PER MATRIX BEST,per-matrix-best,cuSPARSE-SpMM-CSR,best,solve-only,"csr-alg1,csr-alg2,csr-alg3,csr-default",manual-selection,csr,CUSPARSE_SPMM_CSR_ALG3,library-preprocess,spmm.csr.fp64,fp64,A100-SXM4-80GB,A100-SXM4-80GB,,9700.0,1cb4d392-df77-5092-a407-ab8ee1286933,suitesparse_all,Grund/d_dyn,d_dyn,87,87,238,4,row-major,N,N,1.0,0.0,20260922,main,pass,pass,0,0,1904.0,51.82792,0.00563200004399,51.833552,2.59702800004,0.33806817917762444,3.67329640075602e-05,0.0007331457342665055,0.003485238960594067,3.786903505934042e-07,7.558203446046449e-06,cuSPARSE 12.8.6,CUDA,13040,13000,2026-10-08T00:55:51.635214+00:00,derived,csr-alg3,0,0,,,,5,20,4,true
3,A100-SXM4-80GB-suitesparse_all-fp64-n4-row-major-cuSPARSE-SpMM-CSR-solve-only,cuSPARSE-SpMM-CSR-best-solve-only,cuSPARSE CUDA 13.4.1 CSR PER MATRIX BEST,per-matrix-best,cuSPARSE-SpMM-CSR,best,solve-only,"csr-alg1,csr-alg2,csr-alg3,csr-default",manual-selection,csr,CUSPARSE_SPMM_CSR_ALG3,library-preprocess,spmm.csr.fp64,fp64,A100-SXM4-80GB,A100-SXM4-80GB,,9700.0,df7f742d-c1c4-51c9-b7da-d151d8293f2c,suitesparse_all,Grund/d_dyn1,d_dyn1,87,87,238,4,row-major,N,N,1.0,0.0,20260922,main,pass,pass,0,0,1904.0,51.07961,0.00558080002666,51.0851908,2.55956130003,0.3411697231408427,3.7271075436601874e-05,0.0007438774761822206,0.0035172136406272443,3.8423789109898843e-07,7.66883996064145e-06,cuSPARSE 12.8.6,CUDA,13040,13000,2026-10-08T22:48:13.923442+00:00,derived,csr-alg3,0,0,,,,5,20,4,true
3,A100-SXM4-80GB-suitesparse_all-fp64-n4-row-major-cuSPARSE-SpMM-CSR-solve-only,cuSPARSE-SpMM-CSR-best-solve-only,cuSPARSE CUDA 13.4.1 CSR PER MATRIX BEST,per-matrix-best,cuSPARSE-SpMM-CSR,best,solve-only,"csr-alg1,csr-alg2,csr-alg3,csr-default",manual-selection,csr,CUSPARSE_SPMM_CSR_ALG3,library-preprocess,spmm.csr.fp64,fp64,A100-SXM4-80GB,A100-SXM4-80GB,,9700.0,0edb0287-e1df-52fd-b14b-f9e504b96222,suitesparse_all,Grund/meg1,meg1,2904,2904,58142,4,row-major,N,N,1.0,0.0,20260922,main,pass,pass,0,0,465136.0,49.9079,0.0126463994384,49.9205463994,2.50804139944,36.78011296935978,0.009317526220137496,0.18545786369549416,0.3791764223645338,9.605697134162367e-05,0.0019119367391288058,cuSPARSE 12.8.6,CUDA,13040,13000,2026-10-07T20:02:33.986949+00:00,derived,csr-alg3,0,0,,,,5,20,4,true
3,A100-SXM4-80GB-suitesparse_all-fp64-n4-row-major-cuSPARSE-SpMM-CSR-solve-only,cuSPARSE-SpMM-CSR-best-solve-only,cuSPARSE CUDA 13.4.1 CSR PER MATRIX BEST,per-matrix-best,cuSPARSE-SpMM-CSR,best,solve-only,"csr-alg1,csr-alg2,csr-alg3,csr-default",manual-selection,csr,CUSPARSE_SPMM_CSR_ALG1,library-preprocess,spmm.csr.fp64,fp64,A100-SXM4-80GB,A100-SXM4-80GB,,9700.0,1cb4d392-df77-5092-a407-ab8ee1286933,suitesparse_all,Grund/poli3,poli3,16955,16955,37849,4,row-major,N,N,1.0,0.0,20260922,main,pass,pass,0,0,302792.0,0.069831,0.0213504001498,0.0911814001498,0.0248419501498,14.182029276993967,3.3207649751215644,12.188737123057054,0.14620648739169037,0.03423469046517077,0.12565708374285622,cuSPARSE 12.8.6,CUDA,13040,13000,2026-10-07T21:03:22.707546+00:00,derived,csr-alg1,0,0,,,,5,20,4,true
3,A100-SXM4-80GB-suitesparse_all-fp64-n4-row-major-cuSPARSE-SpMM-CSR-solve-only,cuSPARSE-SpMM-CSR-best-solve-only,cuSPARSE CUDA 13.4.1 CSR PER MATRIX BEST,per-matrix-best,cuSPARSE-SpMM-CSR,best,solve-only,"csr-alg1,csr-alg2,csr-alg3,csr-default",manual-selection,csr,CUSPARSE_SPMM_CSR_ALG1,library-preprocess,spmm.csr.fp64,fp64,A100-SXM4-80GB,A100-SXM4-80GB,,9700.0,df7f742d-c1c4-51c9-b7da-d151d8293f2c,suitesparse_all,Grund/poli4,poli4,33833,33833,73249,4,row-major,N,N,1.0,0.0,20260922,main,pass,pass,0,0,585992.0,0.08698,0.0232960000634,0.110276000063,0.0276450000634,25.1541894919825,5.313867021520788,21.197033773055093,0.25932154115445877,0.05478213424248235,0.21852612137170196,cuSPARSE 12.8.6,CUDA,13040,13000,2026-10-08T18:06:17.125156+00:00,derived,csr-alg1,0,0,,,,5,20,4,true
3,A100-SXM4-80GB-suitesparse_all-fp64-n4-row-major-cuSPARSE-SpMM-CSR-solve-only,cuSPARSE-SpMM-CSR-best-solve-only,cuSPARSE CUDA 13.4.1 CSR PER MATRIX BEST,per-matrix-best,cuSPARSE-SpMM-CSR,best,solve-only,"csr-alg1,csr-alg2,csr-alg3,csr-default",manual-selection,csr,CUSPARSE_SPMM_CSR_ALG3,library-preprocess,spmm.csr.fp64,fp64,A100-SXM4-80GB,A100-SXM4-80GB,,9700.0,1cb4d392-df77-5092-a407-ab8ee1286933,suitesparse_all,Gset/G10,G10,800,800,38352,4,row-major,N,N,1.0,0.0,20260922,main,pass,pass,0,0,306816.0,54.980512,0.0103936001658,54.9909056002,2.75941920017,29.519703962595546,0.005579395295481079,0.11118861533655268,0.30432684497521184,5.7519539128670915e-05,0.0011462743849129143,cuSPARSE 12.8.6,CUDA,13040,13000,2026-10-08T00:55:52.319286+00:00,derived,csr-alg3,0,0,,,,5,20,4,true
3,A100-SXM4-80GB-suitesparse_all-fp64-n4-row-major-cuSPARSE-SpMM-CSR-solve-only,cuSPARSE-SpMM-CSR-best-solve-only,cuSPARSE CUDA 13.4.1 CSR PER MATRIX BEST,per-matrix-best,cuSPARSE-SpMM-CSR,best,solve-only,"csr-alg1,csr-alg2,csr-alg3,csr-default",manual-selection,csr,CUSPARSE_SPMM_CSR_ALG3,library-preprocess,spmm.csr.fp64,fp64,A100-SXM4-80GB,A100-SXM4-80GB,,9700.0,df7f742d-c1c4-51c9-b7da-d151d8293f2c,suitesparse_all,Gset/G11,G11,800,800,3200,4,row-major,N,N,1.0,0.0,20260922,main,pass,pass,0,0,25600.0,50.876381,0.00568320006132,50.8820642001,2.54950225006,4.504504455902271,0.0005031242423523708,0.010041175684154635,0.046438190267033726,5.1868478593027915e-06,0.00010351727509437769,cuSPARSE 12.8.6,CUDA,13040,13000,2026-10-08T22:48:14.535955+00:00,derived,csr-alg3,0,0,,,,5,20,4,true
3,A100-SXM4-80GB-suitesparse_all-fp64-n4-row-major-cuSPARSE-SpMM-CSR-solve-only,cuSPARSE-SpMM-CSR-best-solve-only,cuSPARSE CUDA 13.4.1 CSR PER MATRIX BEST,per-matrix-best,cuSPARSE-SpMM-CSR,best,solve-only,"csr-alg1,csr-alg2,csr-alg3,csr-default",manual-selection,csr,CUSPARSE_SPMM_CSR_ALG3,library-preprocess,spmm.csr.fp64,fp64,A100-SXM4-80GB,A100-SXM4-80GB,,9700.0,0edb0287-e1df-52fd-b14b-f9e504b96222,suitesparse_all,Gset/G13,G13,800,800,3200,4,row-major,N,N,1.0,0.0,20260922,main,pass,pass,0,0,25600.0,49.86035,0.00568320006132,49.8660332001,2.49870070006,4.504504455902271,0.0005133755054723034,0.010245324699907148,0.046438190267033726,5.29253098425055e-06,0.0001056219041227541,cuSPARSE 12.8.6,CUDA,13040,13000,2026-10-07T20:02:34.668151+00:00,derived,csr-alg3,0,0,,,,5,20,4,true
3,A100-SXM4-80GB-suitesparse_all-fp64-n4-row-major-cuSPARSE-SpMM-CSR-solve-only,cuSPARSE-SpMM-CSR-best-solve-only,cuSPARSE CUDA 13.4.1 CSR PER MATRIX BEST,per-matrix-best,cuSPARSE-SpMM-CSR,best,solve-only,"csr-alg1,csr-alg2,csr-alg3,csr-default",manual-selection,csr,CUSPARSE_SPMM_CSR_ALG3,library-preprocess,spmm.csr.fp64,fp64,A100-SXM4-80GB,A100-SXM4-80GB,,9700.0,1cb4d392-df77-5092-a407-ab8ee1286933,suitesparse_all,Gset/G18,G18,800,800,9388,4,row-major,N,N,1.0,0.0,20260922,main,pass,pass,0,0,75104.0,53.464661,0.01520639956,53.4798673996,2.68843944956,4.938973206883168,0.0014043415522859305,0.02793590906884356,0.05091724955549658,1.4477747961710624e-05,0.0002879990625653975,cuSPARSE 12.8.6,CUDA,13040,13000,2026-10-08T00:55:52.945211+00:00,derived,csr-alg3,0,0,,,,5,20,4,true
3,A100-SXM4-80GB-suitesparse_all-fp64-n4-row-major-cuSPARSE-SpMM-CSR-solve-only,cuSPARSE-SpMM-CSR-best-solve-only,cuSPARSE CUDA 13.4.1 CSR PER MATRIX BEST,per-matrix-best,cuSPARSE-SpMM-CSR,best,solve-only,"csr-alg1,csr-alg2,csr-alg3,csr-default",manual-selection,csr,CUSPARSE_SPMM_CSR_ALG1,library-preprocess,spmm.csr.fp64,fp64,A100-SXM4-80GB,A100-SXM4-80GB,,9700.0,df7f742d-c1c4-51c9-b7da-d151d8293f2c,suitesparse_all,Gset/G19,G19,800,800,9322,4,row-major,N,N,1.0,0.0,20260922,main,pass,pass,0,0,74576.0,0.06624,0.0153088003397,0.0815488003397,0.0186208003397,4.871446380197642,0.9144953658342725,4.004983601107743,0.05022109670306847,0.009427787276641985,0.04128849073306952,cuSPARSE 12.8.6,CUDA,13040,13000,2026-10-08T17:37:39.794086+00:00,derived,csr-alg1,0,0,,,,5,20,4,true
3,A100-SXM4-80GB-suitesparse_all-fp64-n4-row-major-cuSPARSE-SpMM-CSR-solve-only,cuSPARSE-SpMM-CSR-best-solve-only,cuSPARSE CUDA 13.4.1 CSR PER MATRIX BEST,per-matrix-best,cuSPARSE-SpMM-CSR,best,solve-only,"csr-alg1,csr-alg2,csr-alg3,csr-default",manual-selection,csr,CUSPARSE_SPMM_CSR_ALG3,library-preprocess,spmm.csr.fp64,fp64,A100-SXM4-80GB,A100-SXM4-80GB,,9700.0,0edb0287-e1df-52fd-b14b-f9e504b96222,suitesparse_all,Gset/G20,G20,800,800,9344,4,row-major,N,N,1.0,0.0,20260922,main,pass,pass,0,0,74752.0,54.442682,0.0144896000624,54.4571716001,2.73662370006,5.159010578489243,0.0013726750362455977,0.027315410590926723,0.05318567606689941,1.4151289033459771e-05,0.0002816021710404817,cuSPARSE 12.8.6,CUDA,13040,13000,2026-10-07T20:02:35.318521+00:00,derived,csr-alg3,0,0,,,,5,20,4,true
3,A100-SXM4-80GB-suitesparse_all-fp64-n4-row-major-cuSPARSE-SpMM-CSR-solve-only,cuSPARSE-SpMM-CSR-best-solve-only,cuSPARSE CUDA 13.4.1 CSR PER MATRIX BEST,per-matrix-best,cuSPARSE-SpMM-CSR,best,solve-only,"csr-alg1,csr-alg2,csr-alg3,csr-default",manual-selection,csr,CUSPARSE_SPMM_CSR_ALG3,library-preprocess,spmm.csr.fp64,fp64,A100-SXM4-80GB,A100-SXM4-80GB,,9700.0,1cb4d392-df77-5092-a407-ab8ee1286933,suitesparse_all,Gset/G25,G25,2000,2000,39980,4,row-major,N,N,1.0,0.0,20260922,main,pass,pass,0,0,319840.0,53.845322,0.00834560021758,53.8536676002,2.70061170022,38.324385503903876,0.005939056971466363,0.11843242772515014,0.3950967577722049,6.122739145841611e-05,0.0012209528631458777,cuSPARSE 12.8.6,CUDA,13040,13000,2026-10-08T00:55:53.653620+00:00,derived,csr-alg3,0,0,,,,5,20,4,true
3,A100-SXM4-80GB-suitesparse_all-fp64-n4-row-major-cuSPARSE-SpMM-CSR-solve-only,cuSPARSE-SpMM-CSR-best-solve-only,cuSPARSE CUDA 13.4.1 CSR PER MATRIX BEST,per-matrix-best,cuSPARSE-SpMM-CSR,best,solve-only,"csr-alg1,csr-alg2,csr-alg3,csr-default",manual-selection,csr,CUSPARSE_SPMM_CSR_ALG3,library-preprocess,spmm.csr.fp64,fp64,A100-SXM4-80GB,A100-SXM4-80GB,,9700.0,df7f742d-c1c4-51c9-b7da-d151d8293f2c,suitesparse_all,Gset/G26,G26,2000,2000,39980,4,row-major,N,N,1.0,0.0,20260922,main,pass,pass,0,0,319840.0,55.556352,0.00895999968052,55.5653119997,2.78677759968,35.6964298442294,0.005756109135169201,0.11477055077402896,0.3680044313838083,5.934133129040413e-05,0.0011832015543714325,cuSPARSE 12.8.6,CUDA,13040,13000,2026-10-08T22:48:16.842527+00:00,derived,csr-alg3,0,0,,,,5,20,4,true
3,A100-SXM4-80GB-suitesparse_all-fp64-n4-row-major-cuSPARSE-SpMM-CSR-solve-only,cuSPARSE-SpMM-CSR-best-solve-only,cuSPARSE CUDA 13.4.1 CSR PER MATRIX BEST,per-matrix-best,cuSPARSE-SpMM-CSR,best,solve-only,"csr-alg1,csr-alg2,csr-alg3,csr-default",manual-selection,csr,CUSPARSE_SPMM_CSR_ALG3,library-preprocess,spmm.csr.fp64,fp64,A100-SXM4-80GB,A100-SXM4-80GB,,9700.0,0edb0287-e1df-52fd-b14b-f9e504b96222,suitesparse_all,Gset/G28,G28,2000,2000,39980,4,row-major,N,N,1.0,0.0,20260922,main,pass,pass,0,0,319840.0,56.061923,0.00783360004425,56.0697566,2.81092975004,40.8292481353791,0.005704322961159421,0.11378441599098967,0.42092008386988766,5.880745320782908e-05,0.0011730352164019554,cuSPARSE 12.8.6,CUDA,13040,13000,2026-10-07T20:02:36.030849+00:00,derived,csr-alg3,0,0,,,,5,20,4,true
3,A100-SXM4-80GB-suitesparse_all-fp64-n4-row-major-cuSPARSE-SpMM-CSR-solve-only,cuSPARSE-SpMM-CSR-best-solve-only,cuSPARSE CUDA 13.4.1 CSR PER MATRIX BEST,per-matrix-best,cuSPARSE-SpMM-CSR,best,solve-only,"csr-alg1,csr-alg2,csr-alg3,csr-default",manual-selection,csr,CUSPARSE_SPMM_CSR_ALG3,library-preprocess,spmm.csr.fp64,fp64,A100-SXM4-80GB,A100-SXM4-80GB,,9700.0,1cb4d392-df77-5092-a407-ab8ee1286933,suitesparse_all,Gset/G32,G32,2000,2000,8000,4,row-major,N,N,1.0,0.0,20260922,main,pass,pass,0,0,64000.0,51.732211,0.00593920014799,51.7381502001,2.59254975015,10.77586180045801,0.001236998225728532,0.024686122222455746,0.11109135876760834,1.2752559028129197e-05,0.0002544961053861417,cuSPARSE 12.8.6,CUDA,13040,13000,2026-10-08T00:55:54.294412+00:00,derived,csr-alg3,0,0,,,,5,20,4,true
3,A100-SXM4-80GB-suitesparse_all-fp64-n4-row-major-cuSPARSE-SpMM-CSR-solve-only,cuSPARSE-SpMM-CSR-best-solve-only,cuSPARSE CUDA 13.4.1 CSR PER MATRIX BEST,per-matrix-best,cuSPARSE-SpMM-CSR,best,solve-only,"csr-alg1,csr-alg2,csr-alg3,csr-default",manual-selection,csr,CUSPARSE_SPMM_CSR_ALG3,library-preprocess,spmm.csr.fp64,fp64,A100-SXM4-80GB,A100-SXM4-80GB,,9700.0,df7f742d-c1c4-51c9-b7da-d151d8293f2c,suitesparse_all,Gset/G33,G33,2000,2000,8000,4,row-major,N,N,1.0,0.0,20260922,main,pass,pass,0,0,64000.0,56.995552,0.00583680011332,57.0013888001,2.85561440011,10.964912067820753,0.0011227796611139361,0.02241198951704918,0.11304033059609023,1.157504805272099e-05,0.00023105143832009465,cuSPARSE 12.8.6,CUDA,13040,13000,2026-10-08T22:48:17.636432+00:00,derived,csr-alg3,0,0,,,,5,20,4,true
3,A100-SXM4-80GB-suitesparse_all-fp64-n4-row-major-cuSPARSE-SpMM-CSR-solve-only,cuSPARSE-SpMM-CSR-best-solve-only,cuSPARSE CUDA 13.4.1 CSR PER MATRIX BEST,per-matrix-best,cuSPARSE-SpMM-CSR,best,solve-only,"csr-alg1,csr-alg2,csr-alg3,csr-default",manual-selection,csr,CUSPARSE_SPMM_CSR_ALG1,library-preprocess,spmm.csr.fp64,fp64,A100-SXM4-80GB,A100-SXM4-80GB,,9700.0,0edb0287-e1df-52fd-b14b-f9e504b96222,suitesparse_all,Gset/G35,G35,2000,2000,23556,4,row-major,N,N,1.0,0.0,20260922,main,pass,pass,0,0,188448.0,0.06123,0.0163839995861,0.0776139995861,0.0194454995861,11.501953415567534,2.428015577150458,9.691085547357503,0.11857683933574777,0.02503108842423152,0.099908098426366,cuSPARSE 12.8.6,CUDA,13040,13000,2026-10-07T15:29:59.395356+00:00,derived,csr-alg1,0,0,,,,5,20,4,true
3,A100-SXM4-80GB-suitesparse_all-fp64-n4-row-major-cuSPARSE-SpMM-CSR-solve-only,cuSPARSE-SpMM-CSR-best-solve-only,cuSPARSE CUDA 13.4.1 CSR PER MATRIX BEST,per-matrix-best,cuSPARSE-SpMM-CSR,best,solve-only,"csr-alg1,csr-alg2,csr-alg3,csr-default",manual-selection,csr,CUSPARSE_SPMM_CSR_ALG3,library-preprocess,spmm.csr.fp64,fp64,A100-SXM4-80GB,A100-SXM4-80GB,,9700.0,1cb4d392-df77-5092-a407-ab8ee1286933,suitesparse_all,Gset/G4,G4,800,800,38352,4,row-major,N,N,1.0,0.0,20260922,main,pass,pass,0,0,306816.0,51.630081,0.0109056003392,51.6409866003,2.59240965034,28.133801941847707,0.005941327232470372,0.1183516655864016,0.29003919527678046,6.125079621103476e-05,0.001220120263777336,cuSPARSE 12.8.6,CUDA,13040,13000,2026-10-08T00:55:54.963329+00:00,derived,csr-alg3,0,0,,,,5,20,4,true
3,A100-SXM4-80GB-suitesparse_all-fp64-n4-row-major-cuSPARSE-SpMM-CSR-solve-only,cuSPARSE-SpMM-CSR-best-solve-only,cuSPARSE CUDA 13.4.1 CSR PER MATRIX BEST,per-matrix-best,cuSPARSE-SpMM-CSR,best,solve-only,"csr-alg1,csr-alg2,csr-alg3,csr-default",manual-selection,csr,CUSPARSE_SPMM_CSR_ALG1,library-preprocess,spmm.csr.fp64,fp64,A100-SXM4-80GB,A100-SXM4-80GB,,9700.0,df7f742d-c1c4-51c9-b7da-d151d8293f2c,suitesparse_all,Gset/G40,G40,2000,2000,23532,4,row-major,N,N,1.0,0.0,20260922,main,pass,pass,0,0,188256.0,0.0627,0.0165375992656,0.0792375992656,0.0196725992656,11.383514437406454,2.3758417941080774,9.569452285300661,0.11735581894233459,0.02449321437224822,0.09865414727114084,cuSPARSE 12.8.6,CUDA,13040,13000,2026-10-08T17:37:41.636075+00:00,derived,csr-alg1,0,0,,,,5,20,4,true
3,A100-SXM4-80GB-suitesparse_all-fp64-n4-row-major-cuSPARSE-SpMM-CSR-solve-only,cuSPARSE-SpMM-CSR-best-solve-only,cuSPARSE CUDA 13.4.1 CSR PER MATRIX BEST,per-matrix-best,cuSPARSE-SpMM-CSR,best,solve-only,"csr-alg1,csr-alg2,csr-alg3,csr-default",manual-selection,csr,CUSPARSE_SPMM_CSR_ALG1,library-preprocess,spmm.csr.fp64,fp64,A100-SXM4-80GB,A100-SXM4-80GB,,9700.0,0edb0287-e1df-52fd-b14b-f9e504b96222,suitesparse_all,Gset/G42,G42,2000,2000,23558,4,row-major,N,N,1.0,0.0,20260922,main,pass,pass,0,0,188464.0,0.05449,0.0163839995861,0.0708739995861,0.0191084995861,11.502929978092205,2.6591415907190044,9.862836124354496,0.11858690699064128,0.027413830832154686,0.10167872293148966,cuSPARSE 12.8.6,CUDA,13040,13000,2026-10-07T15:30:00.051229+00:00,derived,csr-alg1,0,0,,,,5,20,4,true
3,A100-SXM4-80GB-suitesparse_all-fp64-n4-row-major-cuSPARSE-SpMM-CSR-solve-only,cuSPARSE-SpMM-CSR-best-solve-only,cuSPARSE CUDA 13.4.1 CSR PER MATRIX BEST,per-matrix-best,cuSPARSE-SpMM-CSR,best,solve-only,"csr-alg1,csr-alg2,csr-alg3,csr-default",manual-selection,csr,CUSPARSE_SPMM_CSR_ALG3,library-preprocess,spmm.csr.fp64,fp64,A100-SXM4-80GB,A100-SXM4-80GB,,9700.0,1cb4d392-df77-5092-a407-ab8ee1286933,suitesparse_all,Gset/G47,G47,1000,1000,19980,4,row-major,N,N,1.0,0.0,20260922,main,pass,pass,0,0,159840.0,51.098881,0.00783360004425,51.1067146,2.56277765004,20.404411649446583,0.0031275733776085857,0.06236982751800774,0.2103547592726452,3.224302451142872e-05,0.0006429879125567808,cuSPARSE 12.8.6,CUDA,13040,13000,2026-10-08T00:55:55.669868+00:00,derived,csr-alg3,0,0,,,,5,20,4,true
3,A100-SXM4-80GB-suitesparse_all-fp64-n4-row-major-cuSPARSE-SpMM-CSR-solve-only,cuSPARSE-SpMM-CSR-best-solve-only,cuSPARSE CUDA 13.4.1 CSR PER MATRIX BEST,per-matrix-best,cuSPARSE-SpMM-CSR,best,solve-only,"csr-alg1,csr-alg2,csr-alg3,csr-default",manual-selection,csr,CUSPARSE_SPMM_CSR_ALG3,library-preprocess,spmm.csr.fp64,fp64,A100-SXM4-80GB,A100-SXM4-80GB,,9700.0,df7f742d-c1c4-51c9-b7da-d151d8293f2c,suitesparse_all,Gset/G48,G48,3000,3000,12000,4,row-major,N,N,1.0,0.0,20260922,main,pass,pass,0,0,96000.0,53.983082,0.00599040016532,53.9890724002,2.70514450017,16.025640583373583,0.0017781376069658935,0.03548793788796386,0.16521278951931528,1.8331315535730863e-05,0.00036585502977282326,cuSPARSE 12.8.6,CUDA,13040,13000,2026-10-08T22:48:19.316033+00:00,derived,csr-alg3,0,0,,,,5,20,4,true
3,A100-SXM4-80GB-suitesparse_all-fp64-n4-row-major-cuSPARSE-SpMM-CSR-solve-only,cuSPARSE-SpMM-CSR-best-solve-only,cuSPARSE CUDA 13.4.1 CSR PER MATRIX BEST,per-matrix-best,cuSPARSE-SpMM-CSR,best,solve-only,"csr-alg1,csr-alg2,csr-alg3,csr-default",manual-selection,csr,CUSPARSE_SPMM_CSR_ALG3,library-preprocess,spmm.csr.fp64,fp64,A100-SXM4-80GB,A100-SXM4-80GB,,9700.0,0edb0287-e1df-52fd-b14b-f9e504b96222,suitesparse_all,Gset/G5,G5,800,800,38352,4,row-major,N,N,1.0,0.0,20260922,main,pass,pass,0,0,306816.0,52.086651,0.0102399997413,52.0968909997,2.61457254974,29.962500756962786,0.005889334163947841,0.11734843618338706,0.30889176038105964,6.071478519533857e-05,0.0012097776926122377,cuSPARSE 12.8.6,CUDA,13040,13000,2026-10-07T20:02:38.074267+00:00,derived,csr-alg3,0,0,,,,5,20,4,true
3,A100-SXM4-80GB-suitesparse_all-fp64-n4-row-major-cuSPARSE-SpMM-CSR-solve-only,cuSPARSE-SpMM-CSR-best-solve-only,cuSPARSE CUDA 13.4.1 CSR PER MATRIX BEST,per-matrix-best,cuSPARSE-SpMM-CSR,best,solve-only,"csr-alg1,csr-alg2,csr-alg3,csr-default",manual-selection,csr,CUSPARSE_SPMM_CSR_ALG3,library-preprocess,spmm.csr.fp64,fp64,A100-SXM4-80GB,A100-SXM4-80GB,,9700.0,1cb4d392-df77-5092-a407-ab8ee1286933,suitesparse_all,Gset/G54,G54,1000,1000,11832,4,row-major,N,N,1.0,0.0,20260922,main,pass,pass,0,0,94656.0,54.960312,0.014591999352,54.9749039994,2.76260759935,6.486842393330171,0.0017218038252696738,0.034263280830137126,0.06687466384876466,1.7750554899687358e-05,0.0003532296992797642,cuSPARSE 12.8.6,CUDA,13040,13000,2026-10-08T00:55:56.285099+00:00,derived,csr-alg3,0,0,,,,5,20,4,true
3,A100-SXM4-80GB-suitesparse_all-fp64-n4-row-major-cuSPARSE-SpMM-CSR-solve-only,cuSPARSE-SpMM-CSR-best-solve-only,cuSPARSE CUDA 13.4.1 CSR PER MATRIX BEST,per-matrix-best,cuSPARSE-SpMM-CSR,best,solve-only,"csr-alg1,csr-alg2,csr-alg3,csr-default",manual-selection,csr,CUSPARSE_SPMM_CSR_ALG3,library-preprocess,spmm.csr.fp64,fp64,A100-SXM4-80GB,A100-SXM4-80GB,,9700.0,df7f742d-c1c4-51c9-b7da-d151d8293f2c,suitesparse_all,Gset/G55,G55,5000,5000,24996,4,row-major,N,N,1.0,0.0,20260922,main,pass,pass,0,0,199968.0,59.899284,0.00706560015678,59.9063496002,3.00202980016,28.301629806792132,0.0033380100996728466,0.0666109310405054,0.29176937945146525,3.441247525435924e-05,0.0006867106292835608,cuSPARSE 12.8.6,CUDA,13040,13000,2026-10-08T22:48:20.542768+00:00,derived,csr-alg3,0,0,,,,5,20,4,true
3,A100-SXM4-80GB-suitesparse_all-fp64-n4-row-major-cuSPARSE-SpMM-CSR-solve-only,cuSPARSE-SpMM-CSR-best-solve-only,cuSPARSE CUDA 13.4.1 CSR PER MATRIX BEST,per-matrix-best,cuSPARSE-SpMM-CSR,best,solve-only,"csr-alg1,csr-alg2,csr-alg3,csr-default",manual-selection,csr,CUSPARSE_SPMM_CSR_ALG3,library-preprocess,spmm.csr.fp64,fp64,A100-SXM4-80GB,A100-SXM4-80GB,,9700.0,0edb0287-e1df-52fd-b14b-f9e504b96222,suitesparse_all,Gset/G57,G57,5000,5000,20000,4,row-major,N,N,1.0,0.0,20260922,main,pass,pass,0,0,160000.0,54.893892,0.00675840005279,54.9006504001,2.75145300005,23.674242239322435,0.0029143552732793956,0.05815109325766874,0.2440643529827055,3.004489972452985e-05,0.0005994958067800901,cuSPARSE 12.8.6,CUDA,13040,13000,2026-10-07T20:02:38.887910+00:00,derived,csr-alg3,0,0,,,,5,20,4,true
3,A100-SXM4-80GB-suitesparse_all-fp64-n4-row-major-cuSPARSE-SpMM-CSR-solve-only,cuSPARSE-SpMM-CSR-best-solve-only,cuSPARSE CUDA 13.4.1 CSR PER MATRIX BEST,per-matrix-best,cuSPARSE-SpMM-CSR,best,solve-only,"csr-alg1,csr-alg2,csr-alg3,csr-default",manual-selection,csr,CUSPARSE_SPMM_CSR_ALG3,library-preprocess,spmm.csr.fp64,fp64,A100-SXM4-80GB,A100-SXM4-80GB,,9700.0,1cb4d392-df77-5092-a407-ab8ee1286933,suitesparse_all,Gset/G61,G61,7000,7000,34296,4,row-major,N,N,1.0,0.0,20260922,main,pass,pass,0,0,274368.0,53.733632,0.00844800025225,53.7420800003,2.69512960025,32.47727175752938,0.0051052731862716964,0.10180141243469318,0.33481723461370494,5.26316823326979e-05,0.0010494990972648782,cuSPARSE 12.8.6,CUDA,13040,13000,2026-10-08T00:55:57.036419+00:00,derived,csr-alg3,0,0,,,,5,20,4,true
3,A100-SXM4-80GB-suitesparse_all-fp64-n4-row-major-cuSPARSE-SpMM-CSR-solve-only,cuSPARSE-SpMM-CSR-best-solve-only,cuSPARSE CUDA 13.4.1 CSR PER MATRIX BEST,per-matrix-best,cuSPARSE-SpMM-CSR,best,solve-only,"csr-alg1,csr-alg2,csr-alg3,csr-default",manual-selection,csr,CUSPARSE_SPMM_CSR_ALG3,library-preprocess,spmm.csr.fp64,fp64,A100-SXM4-80GB,A100-SXM4-80GB,,9700.0,df7f742d-c1c4-51c9-b7da-d151d8293f2c,suitesparse_all,Gset/G62,G62,7000,7000,28000,4,row-major,N,N,1.0,0.0,20260922,main,pass,pass,0,0,224000.0,58.582324,0.00798719972372,58.5903111997,2.93710339972,28.04487276495361,0.003823157710095026,0.07626561598796773,0.289122399638697,3.941399701128893e-05,0.0007862434637934819,cuSPARSE 12.8.6,CUDA,13040,13000,2026-10-08T22:48:21.744193+00:00,derived,csr-alg3,0,0,,,,5,20,4,true
3,A100-SXM4-80GB-suitesparse_all-fp64-n4-row-major-cuSPARSE-SpMM-CSR-solve-only,cuSPARSE-SpMM-CSR-best-solve-only,cuSPARSE CUDA 13.4.1 CSR PER MATRIX BEST,per-matrix-best,cuSPARSE-SpMM-CSR,best,solve-only,"csr-alg1,csr-alg2,csr-alg3,csr-default",manual-selection,csr,CUSPARSE_SPMM_CSR_ALG1,library-preprocess,spmm.csr.fp64,fp64,A100-SXM4-80GB,A100-SXM4-80GB,,9700.0,0edb0287-e1df-52fd-b14b-f9e504b96222,suitesparse_all,Gset/G64,G64,7000,7000,82918,4,row-major,N,N,1.0,0.0,20260922,main,pass,pass,0,0,663344.0,0.05593,0.020377600193,0.076307600193,0.023174100193,32.55260647560787,8.693026622803574,28.624369208534386,0.3355938811918337,0.08961883116292343,0.295096589778705,cuSPARSE 12.8.6,CUDA,13040,13000,2026-10-07T15:30:03.501200+00:00,derived,csr-alg1,0,0,,,,5,20,4,true
3,A100-SXM4-80GB-suitesparse_all-fp64-n4-row-major-cuSPARSE-SpMM-CSR-solve-only,cuSPARSE-SpMM-CSR-best-solve-only,cuSPARSE CUDA 13.4.1 CSR PER MATRIX BEST,per-matrix-best,cuSPARSE-SpMM-CSR,best,solve-only,"csr-alg1,csr-alg2,csr-alg3,csr-default",manual-selection,csr,CUSPARSE_SPMM_CSR_ALG3,library-preprocess,spmm.csr.fp64,fp64,A100-SXM4-80GB,A100-SXM4-80GB,,9700.0,1cb4d392-df77-5092-a407-ab8ee1286933,suitesparse_all,Gset/G8,G8,800,800,38352,4,row-major,N,N,1.0,0.0,20260922,main,pass,pass,0,0,306816.0,52.908651,0.0102912001312,52.9189422001,2.65572375013,29.81343245573671,0.005797848317524008,0.11553008854365258,0.30735497377048154,5.977163213942277e-05,0.0011910318406562123,cuSPARSE 12.8.6,CUDA,13040,13000,2026-10-08T00:55:57.747073+00:00,derived,csr-alg3,0,0,,,,5,20,4,true
3,A100-SXM4-80GB-suitesparse_all-fp64-n4-row-major-cuSPARSE-SpMM-CSR-solve-only,cuSPARSE-SpMM-CSR-best-solve-only,cuSPARSE CUDA 13.4.1 CSR PER MATRIX BEST,per-matrix-best,cuSPARSE-SpMM-CSR,best,solve-only,"csr-alg1,csr-alg2,csr-alg3,csr-default",manual-selection,csr,CUSPARSE_SPMM_CSR_ALG3,library-preprocess,spmm.csr.fp64,fp64,A100-SXM4-80GB,A100-SXM4-80GB,,9700.0,df7f742d-c1c4-51c9-b7da-d151d8293f2c,suitesparse_all,Gset/G9,G9,800,800,38352,4,row-major,N,N,1.0,0.0,20260922,main,pass,pass,0,0,306816.0,56.527323,0.0102912001312,56.5376142001,2.83665735013,29.81343245573671,0.005426758881513916,0.10816110729268696,0.30735497377048154,5.594596785065893e-05,0.001115062961780278,cuSPARSE 12.8.6,CUDA,13040,13000,2026-10-08T22:48:23.117913+00:00,derived,csr-alg3,0,0,,,,5,20,4,true
3,A100-SXM4-80GB-suitesparse_all-fp64-n4-row-major-cuSPARSE-SpMM-CSR-solve-only,cuSPARSE-SpMM-CSR-best-solve-only,cuSPARSE CUDA 13.4.1 CSR PER MATRIX BEST,per-matrix-best,cuSPARSE-SpMM-CSR,best,solve-only,"csr-alg1,csr-alg2,csr-alg3,csr-default",manual-selection,csr,CUSPARSE_SPMM_CSR_ALG3,library-preprocess,spmm.csr.fp64,fp64,A100-SXM4-80GB,A100-SXM4-80GB,,9700.0,0edb0287-e1df-52fd-b14b-f9e504b96222,suitesparse_all,Gupta/gupta2,gupta2,62064,62064,4248286,4,row-major,N,N,1.0,0.0,20260922,main,pass,pass,0,0,33986288.0,54.024662,0.159283196926,54.1839451969,2.86051629693,213.37020260705467,0.6272390811797964,11.881172652809283,2.199692810382007,0.006466382280204087,0.12248631600834312,cuSPARSE 12.8.6,CUDA,13040,13000,2026-10-07T20:02:49.876095+00:00,derived,csr-alg3,0,0,,,,5,20,4,true
3,A100-SXM4-80GB-suitesparse_all-fp64-n4-row-major-cuSPARSE-SpMM-CSR-solve-only,cuSPARSE-SpMM-CSR-best-solve-only,cuSPARSE CUDA 13.4.1 CSR PER MATRIX BEST,per-matrix-best,cuSPARSE-SpMM-CSR,best,solve-only,"csr-alg1,csr-alg2,csr-alg3,csr-default",manual-selection,csr,CUSPARSE_SPMM_CSR_ALG3,library-preprocess,spmm.csr.fp64,fp64,A100-SXM4-80GB,A100-SXM4-80GB,,9700.0,1cb4d392-df77-5092-a407-ab8ee1286933,suitesparse_all,Hamm/hcircuit,hcircuit,105676,105676,513072,4,row-major,N,N,1.0,0.0,20260922,main,pass,pass,0,0,4104576.0,54.120092,0.0527360022068,54.1728280022,2.75874060221,77.8325210148512,0.0757681692348295,1.4878441259435062,0.8023971238644453,0.0007811151467508195,0.015338599236530992,cuSPARSE 12.8.6,CUDA,13040,13000,2026-10-08T00:56:00.942151+00:00,derived,csr-alg3,0,0,,,,5,20,4,true
3,A100-SXM4-80GB-suitesparse_all-fp64-n4-row-major-cuSPARSE-SpMM-CSR-solve-only,cuSPARSE-SpMM-CSR-best-solve-only,cuSPARSE CUDA 13.4.1 CSR PER MATRIX BEST,per-matrix-best,cuSPARSE-SpMM-CSR,best,solve-only,"csr-alg1,csr-alg2,csr-alg3,csr-default",manual-selection,csr,CUSPARSE_SPMM_CSR_ALG1,library-preprocess,spmm.csr.fp64,fp64,A100-SXM4-80GB,A100-SXM4-80GB,,9700.0,df7f742d-c1c4-51c9-b7da-d151d8293f2c,suitesparse_all,Hamm/memplus,memplus,17758,17758,126150,4,row-major,N,N,1.0,0.0,20260922,main,pass,pass,0,0,1009200.0,0.06947,0.0243711993098,0.0938411993098,0.0278446993098,41.40953373575614,10.754338258916597,36.243882139708006,0.4269024096469705,0.11086946658676905,0.37364826948152585,cuSPARSE 12.8.6,CUDA,13040,13000,2026-10-08T17:37:46.284814+00:00,derived,csr-alg1,0,0,,,,5,20,4,true
3,A100-SXM4-80GB-suitesparse_all-fp64-n4-row-major-cuSPARSE-SpMM-CSR-solve-only,cuSPARSE-SpMM-CSR-best-solve-only,cuSPARSE CUDA 13.4.1 CSR PER MATRIX BEST,per-matrix-best,cuSPARSE-SpMM-CSR,best,solve-only,"csr-alg1,csr-alg2,csr-alg3,csr-default",manual-selection,csr,CUSPARSE_SPMM_CSR_ALG3,library-preprocess,spmm.csr.fp64,fp64,A100-SXM4-80GB,A100-SXM4-80GB,,9700.0,df7f742d-c1c4-51c9-b7da-d151d8293f2c,suitesparse_all,Hamrle/Hamrle1,Hamrle1,32,32,98,4,row-major,N,N,1.0,0.0,20260922,main,pass,pass,0,0,784.0,53.725751,0.00506879985332,53.7308197999,2.69135634985,0.15467172164757892,1.4591253268044483e-05,0.0002913029335723957,0.0015945538314183394,1.5042529142313898e-07,3.0031230265195433e-06,cuSPARSE 12.8.6,CUDA,13040,13000,2026-10-08T22:52:16.416115+00:00,derived,csr-alg3,0,0,,,,5,20,4,true
3,A100-SXM4-80GB-suitesparse_all-fp64-n4-row-major-cuSPARSE-SpMM-CSR-solve-only,cuSPARSE-SpMM-CSR-best-solve-only,cuSPARSE CUDA 13.4.1 CSR PER MATRIX BEST,per-matrix-best,cuSPARSE-SpMM-CSR,best,solve-only,"csr-alg1,csr-alg2,csr-alg3,csr-default",manual-selection,csr,CUSPARSE_SPMM_CSR_ALG1,library-preprocess,spmm.csr.fp64,fp64,A100-SXM4-80GB,A100-SXM4-80GB,,9700.0,0edb0287-e1df-52fd-b14b-f9e504b96222,suitesparse_all,Hamrle/Hamrle3,Hamrle3,1447360,1447360,5514242,4,row-major,N,N,1.0,0.0,20260922,main,pass,pass,0,0,44113936.0,1.662801,0.446105623245,2.10890662325,0.529245673245,98.88675170492694,20.917918087817835,83.35247358664496,1.0194510485044015,0.21564864008059623,0.8593038514087109,cuSPARSE 12.8.6,CUDA,13040,13000,2026-10-07T15:35:01.675150+00:00,derived,csr-alg1,0,0,,,,5,20,4,true
3,A100-SXM4-80GB-suitesparse_all-fp64-n4-row-major-cuSPARSE-SpMM-CSR-solve-only,cuSPARSE-SpMM-CSR-best-solve-only,cuSPARSE CUDA 13.4.1 CSR PER MATRIX BEST,per-matrix-best,cuSPARSE-SpMM-CSR,best,solve-only,"csr-alg1,csr-alg2,csr-alg3,csr-default",manual-selection,csr,CUSPARSE_SPMM_CSR_ALG1,library-preprocess,spmm.csr.fp64,fp64,A100-SXM4-80GB,A100-SXM4-80GB,,9700.0,df7f742d-c1c4-51c9-b7da-d151d8293f2c,suitesparse_all,Hardesty/Hardesty1,Hardesty1,938905,938905,12143314,4,row-major,N,N,1.0,0.0,20260922,main,pass,pass,0,0,97146512.0,0.73557,0.659420776367,1.39499077637,0.696199276367,147.32097544032067,69.63953715363732,139.53836968481625,1.5187729426837182,0.7179333727179106,1.4385398936578995,cuSPARSE 12.8.6,CUDA,13040,13000,2026-10-08T19:53:38.359073+00:00,derived,csr-alg1,0,0,,,,5,20,4,true
3,A100-SXM4-80GB-suitesparse_all-fp64-n4-row-major-cuSPARSE-SpMM-CSR-solve-only,cuSPARSE-SpMM-CSR-best-solve-only,cuSPARSE CUDA 13.4.1 CSR PER MATRIX BEST,per-matrix-best,cuSPARSE-SpMM-CSR,best,solve-only,"csr-alg1,csr-alg2,csr-alg3,csr-default",manual-selection,csr,CUSPARSE_SPMM_CSR_ALG1,library-preprocess,spmm.csr.fp64,fp64,A100-SXM4-80GB,A100-SXM4-80GB,,9700.0,0edb0287-e1df-52fd-b14b-f9e504b96222,suitesparse_all,Hardesty/Hardesty3,Hardesty3,8217820,7591564,40451632,4,row-major,N,N,1.0,0.0,20260922,main,pass,pass,0,0,323613056.0,0.57856,2.40895996094,2.98751996094,2.43788796094,134.33724978713346,108.32163809147494,132.74320279887735,1.384920100898283,1.1167179184688136,1.36848662679255,cuSPARSE 12.8.6,CUDA,13040,13000,2026-10-07T17:34:25.326896+00:00,derived,csr-alg1,0,0,,,,5,20,4,true
3,A100-SXM4-80GB-suitesparse_all-fp64-n4-row-major-cuSPARSE-SpMM-CSR-solve-only,cuSPARSE-SpMM-CSR-best-solve-only,cuSPARSE CUDA 13.4.1 CSR PER MATRIX BEST,per-matrix-best,cuSPARSE-SpMM-CSR,best,solve-only,"csr-alg1,csr-alg2,csr-alg3,csr-default",manual-selection,csr,CUSPARSE_SPMM_CSR_ALG3,library-preprocess,spmm.csr.fp64,fp64,A100-SXM4-80GB,A100-SXM4-80GB,,9700.0,0edb0287-e1df-52fd-b14b-f9e504b96222,suitesparse_all,HB/1138_bus,1138_bus,1138,1138,4054,4,row-major,N,N,1.0,0.0,20260922,main,pass,pass,0,0,32432.0,0.16097,0.00624639987946,0.167216399879,0.0142948998795,5.192110755932542,0.19395226798010376,2.2687811928301795,0.05352691500961383,0.001999507917320657,0.02338949683330082,cuSPARSE 12.8.6,CUDA,13040,13000,2026-10-05T23:45:42.120602+00:00,derived,csr-alg3,0,0,,,,5,20,4,true
3,A100-SXM4-80GB-suitesparse_all-fp64-n4-row-major-cuSPARSE-SpMM-CSR-solve-only,cuSPARSE-SpMM-CSR-best-solve-only,cuSPARSE CUDA 13.4.1 CSR PER MATRIX BEST,per-matrix-best,cuSPARSE-SpMM-CSR,best,solve-only,"csr-alg1,csr-alg2,csr-alg3,csr-default",manual-selection,csr,CUSPARSE_SPMM_CSR_ALG3,library-preprocess,spmm.csr.fp64,fp64,A100-SXM4-80GB,A100-SXM4-80GB,,9700.0,80fa510d-2a2f-5dd5-941d-47f76e06b486,suitesparse_all,HB/494_bus,494_bus,494,494,1666,4,row-major,N,N,1.0,0.0,20260922,main,pass,pass,0,0,13328.0,0.07655,0.00578560009599,0.082335600096,0.00961310009599,2.30365040425757,0.16187408586881116,1.3864414046369526,0.023748973239768763,0.0016688050089568162,0.014293210357081986,cuSPARSE 12.8.6,CUDA,13040,13000,2026-10-06T17:07:14.105365+00:00,derived,csr-alg3,0,0,,,,5,20,4,true
3,A100-SXM4-80GB-suitesparse_all-fp64-n4-row-major-cuSPARSE-SpMM-CSR-solve-only,cuSPARSE-SpMM-CSR-best-solve-only,cuSPARSE CUDA 13.4.1 CSR PER MATRIX BEST,per-matrix-best,cuSPARSE-SpMM-CSR,best,solve-only,"csr-alg1,csr-alg2,csr-alg3,csr-default",manual-selection,csr,CUSPARSE_SPMM_CSR_ALG3,library-preprocess,spmm.csr.fp64,fp64,A100-SXM4-80GB,A100-SXM4-80GB,,9700.0,c4e9918d-e907-57c2-ac83-ee8368b6b57a,suitesparse_all,HB/685_bus,685_bus,685,685,3249,4,row-major,N,N,1.0,0.0,20260922,main,pass,pass,0,0,25992.0,0.08311,0.00583680011332,0.0889468001133,0.00999230011332,4.453124913543703,0.2922196185460468,2.6012028967536693,0.04590850426333714,0.0030125733870726475,0.026816524708800714,cuSPARSE 12.8.6,CUDA,13040,13000,2026-10-07T22:13:12.822353+00:00,derived,csr-alg3,0,0,,,,5,20,4,true
3,A100-SXM4-80GB-suitesparse_all-fp64-n4-row-major-cuSPARSE-SpMM-CSR-solve-only,cuSPARSE-SpMM-CSR-best-solve-only,cuSPARSE CUDA 13.4.1 CSR PER MATRIX BEST,per-matrix-best,cuSPARSE-SpMM-CSR,best,solve-only,"csr-alg1,csr-alg2,csr-alg3,csr-default",manual-selection,csr,CUSPARSE_SPMM_CSR_ALG3,library-preprocess,spmm.csr.fp64,fp64,A100-SXM4-80GB,A100-SXM4-80GB,,9700.0,94fc6f5b-3ec1-5cba-844a-1ef936f19b00,suitesparse_all,HB/abb313,abb313,313,176,1557,4,row-major,N,N,1.0,0.0,20260922,main,pass,pass,0,0,12456.0,2.508981,0.00578560009599,2.5147666001,0.131234650096,2.152931380209506,0.00495314356390159,0.09491395748674805,0.022195168868139235,5.1063335710325663e-05,0.0009784944070798769,cuSPARSE 12.8.6,CUDA,13040,13000,2026-10-07T17:36:34.776417+00:00,derived,csr-alg3,0,0,,,,5,20,4,true
3,A100-SXM4-80GB-suitesparse_all-fp64-n4-row-major-cuSPARSE-SpMM-CSR-solve-only,cuSPARSE-SpMM-CSR-best-solve-only,cuSPARSE CUDA 13.4.1 CSR PER MATRIX BEST,per-matrix-best,cuSPARSE-SpMM-CSR,best,solve-only,"csr-alg1,csr-alg2,csr-alg3,csr-default",manual-selection,csr,CUSPARSE_SPMM_CSR_ALG3,library-preprocess,spmm.csr.fp64,fp64,A100-SXM4-80GB,A100-SXM4-80GB,,9700.0,1cb4d392-df77-5092-a407-ab8ee1286933,suitesparse_all,HB/arc130,arc130,130,130,1282,4,row-major,N,N,1.0,0.0,20260922,main,pass,pass,0,0,10256.0,0.07915,0.0131071999669,0.0922571999669,0.0170646999669,0.7824707051009965,0.11116747531552705,0.6010067578037307,0.008066708300010272,0.0011460564465518251,0.006195945956739492,cuSPARSE 12.8.6,CUDA,13040,13000,2026-10-06T04:36:05.300376+00:00,derived,csr-alg3,0,0,,,,5,20,4,true
3,A100-SXM4-80GB-suitesparse_all-fp64-n4-row-major-cuSPARSE-SpMM-CSR-solve-only,cuSPARSE-SpMM-CSR-best-solve-only,cuSPARSE CUDA 13.4.1 CSR PER MATRIX BEST,per-matrix-best,cuSPARSE-SpMM-CSR,best,solve-only,"csr-alg1,csr-alg2,csr-alg3,csr-default",manual-selection,csr,CUSPARSE_SPMM_CSR_ALG3,library-preprocess,spmm.csr.fp64,fp64,A100-SXM4-80GB,A100-SXM4-80GB,,9700.0,df7f742d-c1c4-51c9-b7da-d151d8293f2c,suitesparse_all,HB/ash219,ash219,219,85,438,4,row-major,N,N,1.0,0.0,20260922,main,pass,pass,0,0,3504.0,0.07933,0.00578560009599,0.085115600096,0.00975210009599,0.6056415828720382,0.04116754150881761,0.3593072225992452,0.0062437276584746204,0.0004244076444208001,0.003704198171126239,cuSPARSE 12.8.6,CUDA,13040,13000,2026-10-06T16:39:22.795353+00:00,derived,csr-alg3,0,0,,,,5,20,4,true
3,A100-SXM4-80GB-suitesparse_all-fp64-n4-row-major-cuSPARSE-SpMM-CSR-solve-only,cuSPARSE-SpMM-CSR-best-solve-only,cuSPARSE CUDA 13.4.1 CSR PER MATRIX BEST,per-matrix-best,cuSPARSE-SpMM-CSR,best,solve-only,"csr-alg1,csr-alg2,csr-alg3,csr-default",manual-selection,csr,CUSPARSE_SPMM_CSR_ALG3,library-preprocess,spmm.csr.fp64,fp64,A100-SXM4-80GB,A100-SXM4-80GB,,9700.0,c4221d7e-f4a6-5dcd-a65f-6a66f0144ff7,suitesparse_all,HB/ash292,ash292,292,292,2208,4,row-major,N,N,1.0,0.0,20260922,main,pass,pass,0,0,17664.0,0.084349,0.00489920005202,0.089248200052,0.00911665005202,3.6054865717755122,0.19791995793425707,1.937553805313185,0.03716996465747951,0.0020404119374665677,0.019974781498074072,cuSPARSE 12.8.6,CUDA,13040,13000,2026-10-08T11:52:35.224044+00:00,derived,csr-alg3,0,0,,,,5,20,4,true
3,A100-SXM4-80GB-suitesparse_all-fp64-n4-row-major-cuSPARSE-SpMM-CSR-solve-only,cuSPARSE-SpMM-CSR-best-solve-only,cuSPARSE CUDA 13.4.1 CSR PER MATRIX BEST,per-matrix-best,cuSPARSE-SpMM-CSR,best,solve-only,"csr-alg1,csr-alg2,csr-alg3,csr-default",manual-selection,csr,CUSPARSE_SPMM_CSR_ALG3,library-preprocess,spmm.csr.fp64,fp64,A100-SXM4-80GB,A100-SXM4-80GB,,9700.0,0edb0287-e1df-52fd-b14b-f9e504b96222,suitesparse_all,HB/ash331,ash331,331,104,662,4,row-major,N,N,1.0,0.0,20260922,main,pass,pass,0,0,5296.0,0.08269,0.00547839999199,0.088168399992,0.00961289999199,0.9667056088900614,0.060066872036699484,0.5509263598303239,0.00996603720505218,0.0006192461034711287,0.005679653194127051,cuSPARSE 12.8.6,CUDA,13040,13000,2026-10-05T23:45:43.317206+00:00,derived,csr-alg3,0,0,,,,5,20,4,true
3,A100-SXM4-80GB-suitesparse_all-fp64-n4-row-major-cuSPARSE-SpMM-CSR-solve-only,cuSPARSE-SpMM-CSR-best-solve-only,cuSPARSE CUDA 13.4.1 CSR PER MATRIX BEST,per-matrix-best,cuSPARSE-SpMM-CSR,best,solve-only,"csr-alg1,csr-alg2,csr-alg3,csr-default",manual-selection,csr,CUSPARSE_SPMM_CSR_ALG3,library-preprocess,spmm.csr.fp64,fp64,A100-SXM4-80GB,A100-SXM4-80GB,,9700.0,80fa510d-2a2f-5dd5-941d-47f76e06b486,suitesparse_all,HB/ash608,ash608,608,188,1216,4,row-major,N,N,1.0,0.0,20260922,main,pass,pass,0,0,9728.0,0.11877,0.00655359998345,0.125323599983,0.0124920999835,1.4843750037485361,0.07762304946011439,0.7787321597528902,0.015302835090191095,0.0008002376233001483,0.00802816659539062,cuSPARSE 12.8.6,CUDA,13040,13000,2026-10-06T17:07:14.951229+00:00,derived,csr-alg3,0,0,,,,5,20,4,true
3,A100-SXM4-80GB-suitesparse_all-fp64-n4-row-major-cuSPARSE-SpMM-CSR-solve-only,cuSPARSE-SpMM-CSR-best-solve-only,cuSPARSE CUDA 13.4.1 CSR PER MATRIX BEST,per-matrix-best,cuSPARSE-SpMM-CSR,best,solve-only,"csr-alg1,csr-alg2,csr-alg3,csr-default",manual-selection,csr,CUSPARSE_SPMM_CSR_ALG3,library-preprocess,spmm.csr.fp64,fp64,A100-SXM4-80GB,A100-SXM4-80GB,,9700.0,c4e9918d-e907-57c2-ac83-ee8368b6b57a,suitesparse_all,HB/ash958,ash958,958,292,1916,4,row-major,N,N,1.0,0.0,20260922,main,pass,pass,0,0,15328.0,0.07991,0.00563200004399,0.085542000044,0.00962750004399,2.721590887833313,0.1791868321072196,1.592105939232746,0.028057638018900138,0.0018472869289404082,0.016413463291059235,cuSPARSE 12.8.6,CUDA,13040,13000,2026-10-07T22:13:13.935509+00:00,derived,csr-alg3,0,0,,,,5,20,4,true
3,A100-SXM4-80GB-suitesparse_all-fp64-n4-row-major-cuSPARSE-SpMM-CSR-solve-only,cuSPARSE-SpMM-CSR-best-solve-only,cuSPARSE CUDA 13.4.1 CSR PER MATRIX BEST,per-matrix-best,cuSPARSE-SpMM-CSR,best,solve-only,"csr-alg1,csr-alg2,csr-alg3,csr-default",manual-selection,csr,CUSPARSE_SPMM_CSR_ALG3,library-preprocess,spmm.csr.fp64,fp64,A100-SXM4-80GB,A100-SXM4-80GB,,9700.0,94fc6f5b-3ec1-5cba-844a-1ef936f19b00,suitesparse_all,HB/bcspwr01,bcspwr01,39,39,131,4,row-major,N,N,1.0,0.0,20260922,main,pass,pass,0,0,1048.0,2.51005,0.00563200004399,2.51568200004,0.131134500044,0.18607954400112942,0.0004165868341003897,0.007991794681402384,0.0019183458144446334,4.294709629900924e-06,8.238963589074623e-05,cuSPARSE 12.8.6,CUDA,13040,13000,2026-10-07T17:36:35.529732+00:00,derived,csr-alg3,0,0,,,,5,20,4,true
3,A100-SXM4-80GB-suitesparse_all-fp64-n4-row-major-cuSPARSE-SpMM-CSR-solve-only,cuSPARSE-SpMM-CSR-best-solve-only,cuSPARSE CUDA 13.4.1 CSR PER MATRIX BEST,per-matrix-best,cuSPARSE-SpMM-CSR,best,solve-only,"csr-alg1,csr-alg2,csr-alg3,csr-default",manual-selection,csr,CUSPARSE_SPMM_CSR_ALG3,library-preprocess,spmm.csr.fp64,fp64,A100-SXM4-80GB,A100-SXM4-80GB,,9700.0,1cb4d392-df77-5092-a407-ab8ee1286933,suitesparse_all,HB/bcspwr02,bcspwr02,49,49,167,4,row-major,N,N,1.0,0.0,20260922,main,pass,pass,0,0,1336.0,0.08718,0.00563200004399,0.092812000044,0.00999100004399,0.23721590723808103,0.014394690334941965,0.13372034772471642,0.0024455248168874333,0.0001483988694323914,0.0013785602858218187,cuSPARSE 12.8.6,CUDA,13040,13000,2026-10-06T04:36:05.890420+00:00,derived,csr-alg3,0,0,,,,5,20,4,true
3,A100-SXM4-80GB-suitesparse_all-fp64-n4-row-major-cuSPARSE-SpMM-CSR-solve-only,cuSPARSE-SpMM-CSR-best-solve-only,cuSPARSE CUDA 13.4.1 CSR PER MATRIX BEST,per-matrix-best,cuSPARSE-SpMM-CSR,best,solve-only,"csr-alg1,csr-alg2,csr-alg3,csr-default",manual-selection,csr,CUSPARSE_SPMM_CSR_ALG3,library-preprocess,spmm.csr.fp64,fp64,A100-SXM4-80GB,A100-SXM4-80GB,,9700.0,df7f742d-c1c4-51c9-b7da-d151d8293f2c,suitesparse_all,HB/bcspwr03,bcspwr03,118,118,476,4,row-major,N,N,1.0,0.0,20260922,main,pass,pass,0,0,3808.0,0.07087,0.00573440007865,0.0766044000787,0.00927790007865,0.6640624908920698,0.049709938281454175,0.41043770332931745,0.0068460050607429875,0.0005124735905304554,0.004231316529168221,cuSPARSE 12.8.6,CUDA,13040,13000,2026-10-06T16:39:23.418021+00:00,derived,csr-alg3,0,0,,,,5,20,4,true
3,A100-SXM4-80GB-suitesparse_all-fp64-n4-row-major-cuSPARSE-SpMM-CSR-solve-only,cuSPARSE-SpMM-CSR-best-solve-only,cuSPARSE CUDA 13.4.1 CSR PER MATRIX BEST,per-matrix-best,cuSPARSE-SpMM-CSR,best,solve-only,"csr-alg1,csr-alg2,csr-alg3,csr-default",manual-selection,csr,CUSPARSE_SPMM_CSR_ALG3,library-preprocess,spmm.csr.fp64,fp64,A100-SXM4-80GB,A100-SXM4-80GB,,9700.0,c4221d7e-f4a6-5dcd-a65f-6a66f0144ff7,suitesparse_all,HB/bcspwr04,bcspwr04,274,274,1612,4,row-major,N,N,1.0,0.0,20260922,main,pass,pass,0,0,12896.0,0.08337,0.00483839996159,0.0882083999616,0.00900689996159,2.6653439365029477,0.1461992282550647,1.4317911884216654,0.0274777725412675,0.0015072085387120072,0.014760733901254283,cuSPARSE 12.8.6,CUDA,13040,13000,2026-10-08T11:52:36.256273+00:00,derived,csr-alg3,0,0,,,,5,20,4,true
3,A100-SXM4-80GB-suitesparse_all-fp64-n4-row-major-cuSPARSE-SpMM-CSR-solve-only,cuSPARSE-SpMM-CSR-best-solve-only,cuSPARSE CUDA 13.4.1 CSR PER MATRIX BEST,per-matrix-best,cuSPARSE-SpMM-CSR,best,solve-only,"csr-alg1,csr-alg2,csr-alg3,csr-default",manual-selection,csr,CUSPARSE_SPMM_CSR_ALG3,library-preprocess,spmm.csr.fp64,fp64,A100-SXM4-80GB,A100-SXM4-80GB,,9700.0,0edb0287-e1df-52fd-b14b-f9e504b96222,suitesparse_all,HB/bcspwr05,bcspwr05,443,443,1623,4,row-major,N,N,1.0,0.0,20260922,main,pass,pass,0,0,12984.0,0.19531,0.00680959969759,0.202119599698,0.0165750996976,1.9067200094882517,0.06423919312822822,0.7833437045256519,0.019656907314311873,0.0006622597229714249,0.008075708294078887,cuSPARSE 12.8.6,CUDA,13040,13000,2026-10-05T23:45:43.955032+00:00,derived,csr-alg3,0,0,,,,5,20,4,true
3,A100-SXM4-80GB-suitesparse_all-fp64-n4-row-major-cuSPARSE-SpMM-CSR-solve-only,cuSPARSE-SpMM-CSR-best-solve-only,cuSPARSE CUDA 13.4.1 CSR PER MATRIX BEST,per-matrix-best,cuSPARSE-SpMM-CSR,best,solve-only,"csr-alg1,csr-alg2,csr-alg3,csr-default",manual-selection,csr,CUSPARSE_SPMM_CSR_ALG3,library-preprocess,spmm.csr.fp64,fp64,A100-SXM4-80GB,A100-SXM4-80GB,,9700.0,80fa510d-2a2f-5dd5-941d-47f76e06b486,suitesparse_all,HB/bcspwr06,bcspwr06,1454,1454,5300,4,row-major,N,N,1.0,0.0,20260922,main,pass,pass,0,0,42400.0,0.12968,0.00696320012212,0.136643200122,0.0134472001221,6.089154304973644,0.31029718245872273,3.153072730011439,0.06277478664921282,0.003198940025347657,0.03250590443310762,cuSPARSE 12.8.6,CUDA,13040,13000,2026-10-06T17:07:15.599145+00:00,derived,csr-alg3,0,0,,,,5,20,4,true
3,A100-SXM4-80GB-suitesparse_all-fp64-n4-row-major-cuSPARSE-SpMM-CSR-solve-only,cuSPARSE-SpMM-CSR-best-solve-only,cuSPARSE CUDA 13.4.1 CSR PER MATRIX BEST,per-matrix-best,cuSPARSE-SpMM-CSR,best,solve-only,"csr-alg1,csr-alg2,csr-alg3,csr-default",manual-selection,csr,CUSPARSE_SPMM_CSR_ALG3,library-preprocess,spmm.csr.fp64,fp64,A100-SXM4-80GB,A100-SXM4-80GB,,9700.0,c4e9918d-e907-57c2-ac83-ee8368b6b57a,suitesparse_all,HB/bcspwr08,bcspwr08,1624,1624,6050,4,row-major,N,N,1.0,0.0,20260922,main,pass,pass,0,0,48400.0,0.08407,0.00588800013065,0.0899580001307,0.0100915001307,8.220108513254555,0.5380288571297676,4.796115480666671,0.08474338673458304,0.00554668924876049,0.04944448949140898,cuSPARSE 12.8.6,CUDA,13040,13000,2026-10-07T22:13:14.596394+00:00,derived,csr-alg3,0,0,,,,5,20,4,true
3,A100-SXM4-80GB-suitesparse_all-fp64-n4-row-major-cuSPARSE-SpMM-CSR-solve-only,cuSPARSE-SpMM-CSR-best-solve-only,cuSPARSE CUDA 13.4.1 CSR PER MATRIX BEST,per-matrix-best,cuSPARSE-SpMM-CSR,best,solve-only,"csr-alg1,csr-alg2,csr-alg3,csr-default",manual-selection,csr,CUSPARSE_SPMM_CSR_ALG3,library-preprocess,spmm.csr.fp64,fp64,A100-SXM4-80GB,A100-SXM4-80GB,,9700.0,94fc6f5b-3ec1-5cba-844a-1ef936f19b00,suitesparse_all,HB/bcspwr09,bcspwr09,1723,1723,6511,4,row-major,N,N,1.0,0.0,20260922,main,pass,pass,0,0,52088.0,2.519071,0.00588800013065,2.52495900013,0.131841550131,8.846467195008332,0.020629245859959785,0.3950803062330842,0.09120069273204466,0.00021267263773154415,0.004072992847763755,cuSPARSE 12.8.6,CUDA,13040,13000,2026-10-07T17:36:36.297819+00:00,derived,csr-alg3,0,0,,,,5,20,4,true
3,A100-SXM4-80GB-suitesparse_all-fp64-n4-row-major-cuSPARSE-SpMM-CSR-solve-only,cuSPARSE-SpMM-CSR-best-solve-only,cuSPARSE CUDA 13.4.1 CSR PER MATRIX BEST,per-matrix-best,cuSPARSE-SpMM-CSR,best,solve-only,"csr-alg1,csr-alg2,csr-alg3,csr-default",manual-selection,csr,CUSPARSE_SPMM_CSR_ALG3,library-preprocess,spmm.csr.fp64,fp64,A100-SXM4-80GB,A100-SXM4-80GB,,9700.0,1cb4d392-df77-5092-a407-ab8ee1286933,suitesparse_all,HB/bcspwr10,bcspwr10,5300,5300,21842,4,row-major,N,N,1.0,0.0,20260922,main,pass,pass,0,0,174736.0,0.09326,0.00701439976692,0.100274399767,0.0116773997669,24.911040973749063,1.7425783690156285,14.96360521075037,0.25681485539947485,0.017964725453769367,0.15426397124484917,cuSPARSE 12.8.6,CUDA,13040,13000,2026-10-06T04:36:07.325326+00:00,derived,csr-alg3,0,0,,,,5,20,4,true
3,A100-SXM4-80GB-suitesparse_all-fp64-n4-row-major-cuSPARSE-SpMM-CSR-solve-only,cuSPARSE-SpMM-CSR-best-solve-only,cuSPARSE CUDA 13.4.1 CSR PER MATRIX BEST,per-matrix-best,cuSPARSE-SpMM-CSR,best,solve-only,"csr-alg1,csr-alg2,csr-alg3,csr-default",manual-selection,csr,CUSPARSE_SPMM_CSR_ALG3,library-preprocess,spmm.csr.fp64,fp64,A100-SXM4-80GB,A100-SXM4-80GB,,9700.0,df7f742d-c1c4-51c9-b7da-d151d8293f2c,suitesparse_all,HB/bcsstk01,bcsstk01,48,48,400,4,row-major,N,N,1.0,0.0,20260922,main,pass,pass,0,0,3200.0,0.08879,0.00573440007865,0.0945244000787,0.0101739000787,0.5580357066319914,0.03385369277494186,0.3145303153408687,0.005752945429195788,0.00034900714200970985,0.0032425805705244195,cuSPARSE 12.8.6,CUDA,13040,13000,2026-10-06T16:39:24.052051+00:00,derived,csr-alg3,0,0,,,,5,20,4,true
3,A100-SXM4-80GB-suitesparse_all-fp64-n4-row-major-cuSPARSE-SpMM-CSR-solve-only,cuSPARSE-SpMM-CSR-best-solve-only,cuSPARSE CUDA 13.4.1 CSR PER MATRIX BEST,per-matrix-best,cuSPARSE-SpMM-CSR,best,solve-only,"csr-alg1,csr-alg2,csr-alg3,csr-default",manual-selection,csr,CUSPARSE_SPMM_CSR_ALG3,library-preprocess,spmm.csr.fp64,fp64,A100-SXM4-80GB,A100-SXM4-80GB,,9700.0,c4221d7e-f4a6-5dcd-a65f-6a66f0144ff7,suitesparse_all,HB/bcsstk02,bcsstk02,66,66,4356,4,row-major,N,N,1.0,0.0,20260922,main,pass,pass,0,0,34848.0,0.08071,0.00829439982772,0.0890043998277,0.0123298998277,4.201388976154429,0.3915312059567934,2.8263003339014547,0.04331328841396319,0.004036404185121582,0.029137116844344894,cuSPARSE 12.8.6,CUDA,13040,13000,2026-10-08T11:52:36.873303+00:00,derived,csr-alg3,0,0,,,,5,20,4,true
3,A100-SXM4-80GB-suitesparse_all-fp64-n4-row-major-cuSPARSE-SpMM-CSR-solve-only,cuSPARSE-SpMM-CSR-best-solve-only,cuSPARSE CUDA 13.4.1 CSR PER MATRIX BEST,per-matrix-best,cuSPARSE-SpMM-CSR,best,solve-only,"csr-alg1,csr-alg2,csr-alg3,csr-default",manual-selection,csr,CUSPARSE_SPMM_CSR_ALG3,library-preprocess,spmm.csr.fp64,fp64,A100-SXM4-80GB,A100-SXM4-80GB,,9700.0,0edb0287-e1df-52fd-b14b-f9e504b96222,suitesparse_all,HB/bcsstk03,bcsstk03,112,112,640,4,row-major,N,N,1.0,0.0,20260922,main,pass,pass,0,0,5120.0,49.58858,0.00558080002666,49.5941608,2.48500980003,0.9174311882778964,0.00010323796022373667,0.0020603540476734497,0.009458053487400994,1.0643088682859449e-06,2.1240763378076802e-05,cuSPARSE 12.8.6,CUDA,13040,13000,2026-10-07T20:01:22.350162+00:00,derived,csr-alg3,0,0,,,,5,20,4,true
3,A100-SXM4-80GB-suitesparse_all-fp64-n4-row-major-cuSPARSE-SpMM-CSR-solve-only,cuSPARSE-SpMM-CSR-best-solve-only,cuSPARSE CUDA 13.4.1 CSR PER MATRIX BEST,per-matrix-best,cuSPARSE-SpMM-CSR,best,solve-only,"csr-alg1,csr-alg2,csr-alg3,csr-default",manual-selection,csr,CUSPARSE_SPMM_CSR_ALG1,library-preprocess,spmm.csr.fp64,fp64,A100-SXM4-80GB,A100-SXM4-80GB,,9700.0,1cb4d392-df77-5092-a407-ab8ee1286933,suitesparse_all,HB/bcsstk08,bcsstk08,1074,1074,12960,4,row-major,N,N,1.0,0.0,20260922,main,pass,pass,0,0,103680.0,0.06699,0.016435199976,0.083425199976,0.019784699976,6.3084112241653205,1.2427899487184564,5.240413052801908,0.0650351672594363,0.012812267512561407,0.054024876833009355,cuSPARSE 12.8.6,CUDA,13040,13000,2026-10-07T20:38:56.131853+00:00,derived,csr-alg1,0,0,,,,5,20,4,true
3,A100-SXM4-80GB-suitesparse_all-fp64-n4-row-major-cuSPARSE-SpMM-CSR-solve-only,cuSPARSE-SpMM-CSR-best-solve-only,cuSPARSE CUDA 13.4.1 CSR PER MATRIX BEST,per-matrix-best,cuSPARSE-SpMM-CSR,best,solve-only,"csr-alg1,csr-alg2,csr-alg3,csr-default",manual-selection,csr,CUSPARSE_SPMM_CSR_ALG3,library-preprocess,spmm.csr.fp64,fp64,A100-SXM4-80GB,A100-SXM4-80GB,,9700.0,df7f742d-c1c4-51c9-b7da-d151d8293f2c,suitesparse_all,HB/bcsstk09,bcsstk09,1083,1083,18437,4,row-major,N,N,1.0,0.0,20260922,main,pass,pass,0,0,147496.0,55.434452,0.00706560015678,55.4415176002,2.77878820016,20.875225986070834,0.0026603889356641265,0.053079252312755364,0.21520851532031787,2.7426690058393054e-05,0.0005472087867294368,cuSPARSE 12.8.6,CUDA,13040,13000,2026-10-08T22:47:17.800637+00:00,derived,csr-alg3,0,0,,,,5,20,4,true
3,A100-SXM4-80GB-suitesparse_all-fp64-n4-row-major-cuSPARSE-SpMM-CSR-solve-only,cuSPARSE-SpMM-CSR-best-solve-only,cuSPARSE CUDA 13.4.1 CSR PER MATRIX BEST,per-matrix-best,cuSPARSE-SpMM-CSR,best,solve-only,"csr-alg1,csr-alg2,csr-alg3,csr-default",manual-selection,csr,CUSPARSE_SPMM_CSR_ALG3,library-preprocess,spmm.csr.fp64,fp64,A100-SXM4-80GB,A100-SXM4-80GB,,9700.0,0edb0287-e1df-52fd-b14b-f9e504b96222,suitesparse_all,HB/bcsstk11,bcsstk11,1473,1473,34241,4,row-major,N,N,1.0,0.0,20260922,main,pass,pass,0,0,273928.0,49.54789,0.00783360004425,49.5557236,2.48522810004,34.968341305740765,0.005527676322740649,0.1102224781683384,0.3604983639767089,5.6986353842687104e-05,0.0011363142079210144,cuSPARSE 12.8.6,CUDA,13040,13000,2026-10-07T20:01:23.029713+00:00,derived,csr-alg3,0,0,,,,5,20,4,true
3,A100-SXM4-80GB-suitesparse_all-fp64-n4-row-major-cuSPARSE-SpMM-CSR-solve-only,cuSPARSE-SpMM-CSR-best-solve-only,cuSPARSE CUDA 13.4.1 CSR PER MATRIX BEST,per-matrix-best,cuSPARSE-SpMM-CSR,best,solve-only,"csr-alg1,csr-alg2,csr-alg3,csr-default",manual-selection,csr,CUSPARSE_SPMM_CSR_ALG3,library-preprocess,spmm.csr.fp64,fp64,A100-SXM4-80GB,A100-SXM4-80GB,,9700.0,1cb4d392-df77-5092-a407-ab8ee1286933,suitesparse_all,HB/bcsstk16,bcsstk16,4884,4884,290378,4,row-major,N,N,1.0,0.0,20260922,main,pass,pass,0,0,2323024.0,52.570841,0.0157695993781,52.5866105994,2.64431164938,147.3102736665647,0.044175199228879476,0.8784985690112092,1.5186626151192237,0.00045541442503999453,0.009056686278466073,cuSPARSE 12.8.6,CUDA,13040,13000,2026-10-08T00:54:56.288172+00:00,derived,csr-alg3,0,0,,,,5,20,4,true
3,A100-SXM4-80GB-suitesparse_all-fp64-n4-row-major-cuSPARSE-SpMM-CSR-solve-only,cuSPARSE-SpMM-CSR-best-solve-only,cuSPARSE CUDA 13.4.1 CSR PER MATRIX BEST,per-matrix-best,cuSPARSE-SpMM-CSR,best,solve-only,"csr-alg1,csr-alg2,csr-alg3,csr-default",manual-selection,csr,CUSPARSE_SPMM_CSR_ALG3,library-preprocess,spmm.csr.fp64,fp64,A100-SXM4-80GB,A100-SXM4-80GB,,9700.0,df7f742d-c1c4-51c9-b7da-d151d8293f2c,suitesparse_all,HB/bcsstk17,bcsstk17,10974,10974,428650,4,row-major,N,N,1.0,0.0,20260922,main,pass,pass,0,0,3429200.0,56.750952,0.0165887996554,56.7675407997,2.85413639966,206.7177897879865,0.060407760344942094,1.2014842739851201,2.1311112349276957,0.0006227604159272382,0.01238643581427959,cuSPARSE 12.8.6,CUDA,13040,13000,2026-10-08T22:47:19.816130+00:00,derived,csr-alg3,0,0,,,,5,20,4,true
3,A100-SXM4-80GB-suitesparse_all-fp64-n4-row-major-cuSPARSE-SpMM-CSR-solve-only,cuSPARSE-SpMM-CSR-best-solve-only,cuSPARSE CUDA 13.4.1 CSR PER MATRIX BEST,per-matrix-best,cuSPARSE-SpMM-CSR,best,solve-only,"csr-alg1,csr-alg2,csr-alg3,csr-default",manual-selection,csr,CUSPARSE_SPMM_CSR_ALG3,library-preprocess,spmm.csr.fp64,fp64,A100-SXM4-80GB,A100-SXM4-80GB,,9700.0,0edb0287-e1df-52fd-b14b-f9e504b96222,suitesparse_all,HB/bcsstk19,bcsstk19,817,817,6853,4,row-major,N,N,1.0,0.0,20260922,main,pass,pass,0,0,54824.0,55.256802,0.00604160018265,55.2628436002,2.76888170018,9.074417098543053,0.0009920589754053408,0.01980005140574839,0.09355069173755726,1.0227412117580832e-05,0.00020412424129637513,cuSPARSE 12.8.6,CUDA,13040,13000,2026-10-07T20:01:23.675680+00:00,derived,csr-alg3,0,0,,,,5,20,4,true
3,A100-SXM4-80GB-suitesparse_all-fp64-n4-row-major-cuSPARSE-SpMM-CSR-solve-only,cuSPARSE-SpMM-CSR-best-solve-only,cuSPARSE CUDA 13.4.1 CSR PER MATRIX BEST,per-matrix-best,cuSPARSE-SpMM-CSR,best,solve-only,"csr-alg1,csr-alg2,csr-alg3,csr-default",manual-selection,csr,CUSPARSE_SPMM_CSR_ALG3,library-preprocess,spmm.csr.fp64,fp64,A100-SXM4-80GB,A100-SXM4-80GB,,9700.0,1cb4d392-df77-5092-a407-ab8ee1286933,suitesparse_all,HB/bcsstk24,bcsstk24,3562,3562,159910,4,row-major,N,N,1.0,0.0,20260922,main,pass,pass,0,0,1279280.0,52.718921,0.010956799984,52.7298778,2.64690284998,116.75671746021717,0.02426100824379305,0.48331203391528565,1.2036774995898678,0.0002501134870494129,0.0049825982877864505,cuSPARSE 12.8.6,CUDA,13040,13000,2026-10-08T00:54:57.227238+00:00,derived,csr-alg3,0,0,,,,5,20,4,true
3,A100-SXM4-80GB-suitesparse_all-fp64-n4-row-major-cuSPARSE-SpMM-CSR-solve-only,cuSPARSE-SpMM-CSR-best-solve-only,cuSPARSE CUDA 13.4.1 CSR PER MATRIX BEST,per-matrix-best,cuSPARSE-SpMM-CSR,best,solve-only,"csr-alg1,csr-alg2,csr-alg3,csr-default",manual-selection,csr,CUSPARSE_SPMM_CSR_ALG3,library-preprocess,spmm.csr.fp64,fp64,A100-SXM4-80GB,A100-SXM4-80GB,,9700.0,df7f742d-c1c4-51c9-b7da-d151d8293f2c,suitesparse_all,HB/bcsstk25,bcsstk25,15439,15439,252241,4,row-major,N,N,1.0,0.0,20260922,main,pass,pass,0,0,2017928.0,53.237321,0.0116287998855,53.2489497999,2.67349484989,173.52848272126198,0.037896108891968976,0.7547903075568022,1.788953430116103,0.00039068153496875233,0.007781343376874249,cuSPARSE 12.8.6,CUDA,13040,13000,2026-10-08T22:47:21.666040+00:00,derived,csr-alg3,0,0,,,,5,20,4,true
3,A100-SXM4-80GB-suitesparse_all-fp64-n4-row-major-cuSPARSE-SpMM-CSR-solve-only,cuSPARSE-SpMM-CSR-best-solve-only,cuSPARSE CUDA 13.4.1 CSR PER MATRIX BEST,per-matrix-best,cuSPARSE-SpMM-CSR,best,solve-only,"csr-alg1,csr-alg2,csr-alg3,csr-default",manual-selection,csr,CUSPARSE_SPMM_CSR_ALG3,library-preprocess,spmm.csr.fp64,fp64,A100-SXM4-80GB,A100-SXM4-80GB,,9700.0,0edb0287-e1df-52fd-b14b-f9e504b96222,suitesparse_all,HB/bcsstk27,bcsstk27,1224,1224,56126,4,row-major,N,N,1.0,0.0,20260922,main,pass,pass,0,0,449008.0,50.4541,0.00957439988852,50.4636743999,2.53227939989,46.89672514497482,0.008897647770192687,0.17731376720100653,0.4834713932471631,9.172832752775966e-05,0.0018279769814536755,cuSPARSE 12.8.6,CUDA,13040,13000,2026-10-07T20:01:24.398553+00:00,derived,csr-alg3,0,0,,,,5,20,4,true
3,A100-SXM4-80GB-suitesparse_all-fp64-n4-row-major-cuSPARSE-SpMM-CSR-solve-only,cuSPARSE-SpMM-CSR-best-solve-only,cuSPARSE CUDA 13.4.1 CSR PER MATRIX BEST,per-matrix-best,cuSPARSE-SpMM-CSR,best,solve-only,"csr-alg1,csr-alg2,csr-alg3,csr-default",manual-selection,csr,CUSPARSE_SPMM_CSR_ALG3,library-preprocess,spmm.csr.fp64,fp64,A100-SXM4-80GB,A100-SXM4-80GB,,9700.0,1cb4d392-df77-5092-a407-ab8ee1286933,suitesparse_all,HB/bcsstk32,bcsstk32,44609,44609,2014701,4,row-major,N,N,1.0,0.0,20260922,main,pass,pass,0,0,16117608.0,52.786901,0.066252797842,52.8531537978,2.70559784784,243.27437519600835,0.30495073315134685,5.957133656381124,2.5079832494433854,0.003143821991250998,0.061413749034856954,cuSPARSE 12.8.6,CUDA,13040,13000,2026-10-08T00:55:01.969918+00:00,derived,csr-alg3,0,0,,,,5,20,4,true
3,A100-SXM4-80GB-suitesparse_all-fp64-n4-row-major-cuSPARSE-SpMM-CSR-solve-only,cuSPARSE-SpMM-CSR-best-solve-only,cuSPARSE CUDA 13.4.1 CSR PER MATRIX BEST,per-matrix-best,cuSPARSE-SpMM-CSR,best,solve-only,"csr-alg1,csr-alg2,csr-alg3,csr-default",manual-selection,csr,CUSPARSE_SPMM_CSR_ALG3,library-preprocess,spmm.csr.fp64,fp64,A100-SXM4-80GB,A100-SXM4-80GB,,9700.0,df7f742d-c1c4-51c9-b7da-d151d8293f2c,suitesparse_all,HB/bcsstk33,bcsstk33,8738,8738,591904,4,row-major,N,N,1.0,0.0,20260922,main,pass,pass,0,0,4735232.0,52.529251,0.021913599968,52.5511646,2.64837614997,216.08644891367766,0.0901070801388101,1.787975624253239,2.227695349625543,0.0009289389705031969,0.01843273839436329,cuSPARSE 12.8.6,CUDA,13040,13000,2026-10-08T22:47:23.683537+00:00,derived,csr-alg3,0,0,,,,5,20,4,true
3,A100-SXM4-80GB-suitesparse_all-fp64-n4-row-major-cuSPARSE-SpMM-CSR-solve-only,cuSPARSE-SpMM-CSR-best-solve-only,cuSPARSE CUDA 13.4.1 CSR PER MATRIX BEST,per-matrix-best,cuSPARSE-SpMM-CSR,best,solve-only,"csr-alg1,csr-alg2,csr-alg3,csr-default",manual-selection,csr,CUSPARSE_SPMM_CSR_ALG3,library-preprocess,spmm.csr.fp64,fp64,A100-SXM4-80GB,A100-SXM4-80GB,,9700.0,0edb0287-e1df-52fd-b14b-f9e504b96222,suitesparse_all,HB/bcsstm02,bcsstm02,66,66,66,4,row-major,N,N,1.0,0.0,20260922,main,pass,pass,0,0,528.0,51.922121,0.00542719997466,51.9275482,2.60153324997,0.09728773630330026,1.0168013285865094e-05,0.0002029572368548773,0.0010029663536422707,1.0482487923572262e-07,2.0923426479884257e-06,cuSPARSE 12.8.6,CUDA,13040,13000,2026-10-07T20:01:24.993543+00:00,derived,csr-alg3,0,0,,,,5,20,4,true
3,A100-SXM4-80GB-suitesparse_all-fp64-n4-row-major-cuSPARSE-SpMM-CSR-solve-only,cuSPARSE-SpMM-CSR-best-solve-only,cuSPARSE CUDA 13.4.1 CSR PER MATRIX BEST,per-matrix-best,cuSPARSE-SpMM-CSR,best,solve-only,"csr-alg1,csr-alg2,csr-alg3,csr-default",manual-selection,csr,CUSPARSE_SPMM_CSR_ALG3,library-preprocess,spmm.csr.fp64,fp64,A100-SXM4-80GB,A100-SXM4-80GB,,9700.0,1cb4d392-df77-5092-a407-ab8ee1286933,suitesparse_all,HB/bcsstm07,bcsstm07,420,420,7252,4,row-major,N,N,1.0,0.0,20260922,main,pass,pass,0,0,58016.0,52.139551,0.00721919983625,52.1467701998,2.61419674984,8.036347700015506,0.0011125521250446018,0.02219266778736177,0.08284894536098461,1.1469609536542286e-05,0.00022879038956043058,cuSPARSE 12.8.6,CUDA,13040,13000,2026-10-08T00:55:02.592718+00:00,derived,csr-alg3,0,0,,,,5,20,4,true
3,A100-SXM4-80GB-suitesparse_all-fp64-n4-row-major-cuSPARSE-SpMM-CSR-solve-only,cuSPARSE-SpMM-CSR-best-solve-only,cuSPARSE CUDA 13.4.1 CSR PER MATRIX BEST,per-matrix-best,cuSPARSE-SpMM-CSR,best,solve-only,"csr-alg1,csr-alg2,csr-alg3,csr-default",manual-selection,csr,CUSPARSE_SPMM_CSR_ALG3,library-preprocess,spmm.csr.fp64,fp64,A100-SXM4-80GB,A100-SXM4-80GB,,9700.0,df7f742d-c1c4-51c9-b7da-d151d8293f2c,suitesparse_all,HB/bcsstm08,bcsstm08,1074,1074,1074,4,row-major,N,N,1.0,0.0,20260922,main,pass,pass,0,0,8592.0,58.915513,0.00564320012927,58.9211562001,2.95141885013,1.5225403677312883,0.00014582198575365733,0.0029111422120318676,0.015696292450838024,1.5033194407593539e-06,3.001177538177183e-05,cuSPARSE 12.8.6,CUDA,13040,13000,2026-10-08T22:47:24.546825+00:00,derived,csr-alg3,0,0,,,,5,20,4,true
3,A100-SXM4-80GB-suitesparse_all-fp64-n4-row-major-cuSPARSE-SpMM-CSR-solve-only,cuSPARSE-SpMM-CSR-best-solve-only,cuSPARSE CUDA 13.4.1 CSR PER MATRIX BEST,per-matrix-best,cuSPARSE-SpMM-CSR,best,solve-only,"csr-alg1,csr-alg2,csr-alg3,csr-default",manual-selection,csr,CUSPARSE_SPMM_CSR_ALG3,library-preprocess,spmm.csr.fp64,fp64,A100-SXM4-80GB,A100-SXM4-80GB,,9700.0,0edb0287-e1df-52fd-b14b-f9e504b96222,suitesparse_all,HB/bcsstm10,bcsstm10,1086,1086,22092,4,row-major,N,N,1.0,0.0,20260922,main,pass,pass,0,0,176736.0,51.41797,0.00737280026078,51.4253428003,2.57827130026,23.971353318786687,0.003436749088602458,0.06854825556262348,0.24712735380192458,3.543040297528308e-05,0.0007066830470373555,cuSPARSE 12.8.6,CUDA,13040,13000,2026-10-07T20:01:25.669451+00:00,derived,csr-alg3,0,0,,,,5,20,4,true
3,A100-SXM4-80GB-suitesparse_all-fp64-n4-row-major-cuSPARSE-SpMM-CSR-solve-only,cuSPARSE-SpMM-CSR-best-solve-only,cuSPARSE CUDA 13.4.1 CSR PER MATRIX BEST,per-matrix-best,cuSPARSE-SpMM-CSR,best,solve-only,"csr-alg1,csr-alg2,csr-alg3,csr-default",manual-selection,csr,CUSPARSE_SPMM_CSR_ALG3,library-preprocess,spmm.csr.fp64,fp64,A100-SXM4-80GB,A100-SXM4-80GB,,9700.0,1cb4d392-df77-5092-a407-ab8ee1286933,suitesparse_all,HB/bcsstm20,bcsstm20,485,485,485,4,row-major,N,N,1.0,0.0,20260922,main,pass,pass,0,0,3880.0,52.806721,0.00563200004399,52.812353,2.64596805004,0.6889204491644868,7.346766011353442e-05,0.0014663820297986382,0.007102272671798833,7.573985578714888e-07,1.511734051338802e-05,cuSPARSE 12.8.6,CUDA,13040,13000,2026-10-08T00:55:03.193384+00:00,derived,csr-alg3,0,0,,,,5,20,4,true
3,A100-SXM4-80GB-suitesparse_all-fp64-n4-row-major-cuSPARSE-SpMM-CSR-solve-only,cuSPARSE-SpMM-CSR-best-solve-only,cuSPARSE CUDA 13.4.1 CSR PER MATRIX BEST,per-matrix-best,cuSPARSE-SpMM-CSR,best,solve-only,"csr-alg1,csr-alg2,csr-alg3,csr-default",manual-selection,csr,CUSPARSE_SPMM_CSR_ALG3,library-preprocess,spmm.csr.fp64,fp64,A100-SXM4-80GB,A100-SXM4-80GB,,9700.0,df7f742d-c1c4-51c9-b7da-d151d8293f2c,suitesparse_all,HB/bcsstm21,bcsstm21,3600,3600,3600,4,row-major,N,N,1.0,0.0,20260922,main,pass,pass,0,0,28800.0,56.855322,0.00650240033865,56.8618244003,2.84926850034,4.429133627595026,0.0005064909595100513,0.010107857506782295,0.045661171418505425,5.221556283608777e-06,0.00010420471656476592,cuSPARSE 12.8.6,CUDA,13040,13000,2026-10-08T22:47:25.984616+00:00,derived,csr-alg3,0,0,,,,5,20,4,true
3,A100-SXM4-80GB-suitesparse_all-fp64-n4-row-major-cuSPARSE-SpMM-CSR-solve-only,cuSPARSE-SpMM-CSR-best-solve-only,cuSPARSE CUDA 13.4.1 CSR PER MATRIX BEST,per-matrix-best,cuSPARSE-SpMM-CSR,best,solve-only,"csr-alg1,csr-alg2,csr-alg3,csr-default",manual-selection,csr,CUSPARSE_SPMM_CSR_ALG3,library-preprocess,spmm.csr.fp64,fp64,A100-SXM4-80GB,A100-SXM4-80GB,,9700.0,0edb0287-e1df-52fd-b14b-f9e504b96222,suitesparse_all,HB/bcsstm23,bcsstm23,3134,3134,3134,4,row-major,N,N,1.0,0.0,20260922,main,pass,pass,0,0,25072.0,54.700042,0.00599040016532,54.7060324002,2.74099250017,4.185363132357734,0.00045830411930784326,0.00914705166046423,0.04314807352946118,4.724784735132405e-06,9.429950165427041e-05,cuSPARSE 12.8.6,CUDA,13040,13000,2026-10-07T20:01:26.321621+00:00,derived,csr-alg3,0,0,,,,5,20,4,true
3,A100-SXM4-80GB-suitesparse_all-fp64-n4-row-major-cuSPARSE-SpMM-CSR-solve-only,cuSPARSE-SpMM-CSR-best-solve-only,cuSPARSE CUDA 13.4.1 CSR PER MATRIX BEST,per-matrix-best,cuSPARSE-SpMM-CSR,best,solve-only,"csr-alg1,csr-alg2,csr-alg3,csr-default",manual-selection,csr,CUSPARSE_SPMM_CSR_ALG1,library-preprocess,spmm.csr.fp64,fp64,A100-SXM4-80GB,A100-SXM4-80GB,,9700.0,1cb4d392-df77-5092-a407-ab8ee1286933,suitesparse_all,HB/beacxc,beacxc,497,506,50409,4,row-major,N,N,1.0,0.0,20260922,main,pass,pass,0,0,403272.0,0.07216,0.0137728005648,0.0859328005648,0.0173808005648,29.280319431232254,4.692876263190115,23.20215334710852,0.30185896320857997,0.048380167661753765,0.2391974571866858,cuSPARSE 12.8.6,CUDA,13040,13000,2026-10-07T20:39:07.458693+00:00,derived,csr-alg1,0,0,,,,5,20,4,true
3,A100-SXM4-80GB-suitesparse_all-fp64-n4-row-major-cuSPARSE-SpMM-CSR-solve-only,cuSPARSE-SpMM-CSR-best-solve-only,cuSPARSE CUDA 13.4.1 CSR PER MATRIX BEST,per-matrix-best,cuSPARSE-SpMM-CSR,best,solve-only,"csr-alg1,csr-alg2,csr-alg3,csr-default",manual-selection,csr,CUSPARSE_SPMM_CSR_ALG1,library-preprocess,spmm.csr.fp64,fp64,A100-SXM4-80GB,A100-SXM4-80GB,,9700.0,df7f742d-c1c4-51c9-b7da-d151d8293f2c,suitesparse_all,HB/beaflw,beaflw,497,507,53403,4,row-major,N,N,1.0,0.0,20260922,main,pass,pass,0,0,427224.0,0.07308,0.0165887996554,0.0896687996554,0.0202427996554,25.753762109058307,4.764466588622076,21.104985835594782,0.2655027021552403,0.04911821225383583,0.21757717356283282,cuSPARSE 12.8.6,CUDA,13040,13000,2026-10-08T17:36:44.850772+00:00,derived,csr-alg1,0,0,,,,5,20,4,true
3,A100-SXM4-80GB-suitesparse_all-fp64-n4-row-major-cuSPARSE-SpMM-CSR-solve-only,cuSPARSE-SpMM-CSR-best-solve-only,cuSPARSE CUDA 13.4.1 CSR PER MATRIX BEST,per-matrix-best,cuSPARSE-SpMM-CSR,best,solve-only,"csr-alg1,csr-alg2,csr-alg3,csr-default",manual-selection,csr,CUSPARSE_SPMM_CSR_ALG3,library-preprocess,spmm.csr.fp64,fp64,A100-SXM4-80GB,A100-SXM4-80GB,,9700.0,0edb0287-e1df-52fd-b14b-f9e504b96222,suitesparse_all,HB/blckhole,blckhole,2132,2132,14872,4,row-major,N,N,1.0,0.0,20260922,main,pass,pass,0,0,118976.0,49.72494,0.00599040016532,49.7309304002,2.49223740017,19.861110562994327,0.0023923944121407694,0.047738630353546745,0.2047537171442714,2.4663859918977006e-05,0.0004921508283870798,cuSPARSE 12.8.6,CUDA,13040,13000,2026-10-07T20:01:26.970622+00:00,derived,csr-alg3,0,0,,,,5,20,4,true
3,A100-SXM4-80GB-suitesparse_all-fp64-n4-row-major-cuSPARSE-SpMM-CSR-solve-only,cuSPARSE-SpMM-CSR-best-solve-only,cuSPARSE CUDA 13.4.1 CSR PER MATRIX BEST,per-matrix-best,cuSPARSE-SpMM-CSR,best,solve-only,"csr-alg1,csr-alg2,csr-alg3,csr-default",manual-selection,csr,CUSPARSE_SPMM_CSR_ALG1,library-preprocess,spmm.csr.fp64,fp64,A100-SXM4-80GB,A100-SXM4-80GB,,9700.0,1cb4d392-df77-5092-a407-ab8ee1286933,suitesparse_all,HB/bp_1600,bp_1600,822,822,4841,4,row-major,N,N,1.0,0.0,20260922,main,pass,pass,0,0,38728.0,0.06234,0.0128511995077,0.0751911995077,0.0159681995077,3.0135708325744615,0.5150602763829302,2.4253203989169245,0.031067740542004757,0.005309899756525053,0.025003303081617776,cuSPARSE 12.8.6,CUDA,13040,13000,2026-10-07T20:39:08.420396+00:00,derived,csr-alg1,0,0,,,,5,20,4,true
3,A100-SXM4-80GB-suitesparse_all-fp64-n4-row-major-cuSPARSE-SpMM-CSR-solve-only,cuSPARSE-SpMM-CSR-best-solve-only,cuSPARSE CUDA 13.4.1 CSR PER MATRIX BEST,per-matrix-best,cuSPARSE-SpMM-CSR,best,solve-only,"csr-alg1,csr-alg2,csr-alg3,csr-default",manual-selection,csr,CUSPARSE_SPMM_CSR_ALG1,library-preprocess,spmm.csr.fp64,fp64,A100-SXM4-80GB,A100-SXM4-80GB,,9700.0,df7f742d-c1c4-51c9-b7da-d151d8293f2c,suitesparse_all,HB/bp_200,bp_200,822,822,3802,4,row-major,N,N,1.0,0.0,20260922,main,pass,pass,0,0,30416.0,0.06343,0.0153088003397,0.0787388003397,0.0184803003397,1.9868310595914436,0.3862898579706236,1.6458606971153673,0.02048279442877777,0.003982369669800243,0.016967636052735748,cuSPARSE 12.8.6,CUDA,13040,13000,2026-10-08T17:36:45.467382+00:00,derived,csr-alg1,0,0,,,,5,20,4,true
3,A100-SXM4-80GB-suitesparse_all-fp64-n4-row-major-cuSPARSE-SpMM-CSR-solve-only,cuSPARSE-SpMM-CSR-best-solve-only,cuSPARSE CUDA 13.4.1 CSR PER MATRIX BEST,per-matrix-best,cuSPARSE-SpMM-CSR,best,solve-only,"csr-alg1,csr-alg2,csr-alg3,csr-default",manual-selection,csr,CUSPARSE_SPMM_CSR_ALG1,library-preprocess,spmm.csr.fp64,fp64,A100-SXM4-80GB,A100-SXM4-80GB,,9700.0,0edb0287-e1df-52fd-b14b-f9e504b96222,suitesparse_all,HB/bp_600,bp_600,822,822,4172,4,row-major,N,N,1.0,0.0,20260922,main,pass,pass,0,0,33376.0,0.05807,0.0158720001578,0.0739420001578,0.0187755001578,2.102822559738823,0.4513808110244801,1.7776357337748172,0.02167858309009096,0.0046534104229327845,0.018326141585307393,cuSPARSE 12.8.6,CUDA,13040,13000,2026-10-07T15:28:37.868239+00:00,derived,csr-alg1,0,0,,,,5,20,4,true
3,A100-SXM4-80GB-suitesparse_all-fp64-n4-row-major-cuSPARSE-SpMM-CSR-solve-only,cuSPARSE-SpMM-CSR-best-solve-only,cuSPARSE CUDA 13.4.1 CSR PER MATRIX BEST,per-matrix-best,cuSPARSE-SpMM-CSR,best,solve-only,"csr-alg1,csr-alg2,csr-alg3,csr-default",manual-selection,csr,CUSPARSE_SPMM_CSR_ALG3,library-preprocess,spmm.csr.fp64,fp64,A100-SXM4-80GB,A100-SXM4-80GB,,9700.0,1cb4d392-df77-5092-a407-ab8ee1286933,suitesparse_all,HB/can_161,can_161,161,161,1377,4,row-major,N,N,1.0,0.0,20260922,main,pass,pass,0,0,11016.0,53.804631,0.00686080008745,53.8114918001,2.69709235009,1.6056436362503592,0.0002047146368088522,0.004084398518883642,0.016553027177838756,2.110460173287136e-06,4.2107201225604554e-05,cuSPARSE 12.8.6,CUDA,13040,13000,2026-10-08T00:55:05.118535+00:00,derived,csr-alg3,0,0,,,,5,20,4,true
3,A100-SXM4-80GB-suitesparse_all-fp64-n4-row-major-cuSPARSE-SpMM-CSR-solve-only,cuSPARSE-SpMM-CSR-best-solve-only,cuSPARSE CUDA 13.4.1 CSR PER MATRIX BEST,per-matrix-best,cuSPARSE-SpMM-CSR,best,solve-only,"csr-alg1,csr-alg2,csr-alg3,csr-default",manual-selection,csr,CUSPARSE_SPMM_CSR_ALG3,library-preprocess,spmm.csr.fp64,fp64,A100-SXM4-80GB,A100-SXM4-80GB,,9700.0,df7f742d-c1c4-51c9-b7da-d151d8293f2c,suitesparse_all,HB/can_187,can_187,187,187,1491,4,row-major,N,N,1.0,0.0,20260922,main,pass,pass,0,0,11928.0,52.609831,0.00573440007865,52.6155654001,2.63622595008,2.080078096470748,0.00022670097544893683,0.00452465009671801,0.0214441040873273,2.337123458236462e-06,4.664587728575268e-05,cuSPARSE 12.8.6,CUDA,13040,13000,2026-10-08T22:47:28.523772+00:00,derived,csr-alg3,0,0,,,,5,20,4,true
3,A100-SXM4-80GB-suitesparse_all-fp64-n4-row-major-cuSPARSE-SpMM-CSR-solve-only,cuSPARSE-SpMM-CSR-best-solve-only,cuSPARSE CUDA 13.4.1 CSR PER MATRIX BEST,per-matrix-best,cuSPARSE-SpMM-CSR,best,solve-only,"csr-alg1,csr-alg2,csr-alg3,csr-default",manual-selection,csr,CUSPARSE_SPMM_CSR_ALG3,library-preprocess,spmm.csr.fp64,fp64,A100-SXM4-80GB,A100-SXM4-80GB,,9700.0,0edb0287-e1df-52fd-b14b-f9e504b96222,suitesparse_all,HB/can_24,can_24,24,24,160,4,row-major,N,N,1.0,0.0,20260922,main,pass,pass,0,0,1280.0,51.275701,0.00501759983599,51.2807185998,2.56880264984,0.2551020491548324,2.496064865996227e-05,0.0004982866239567785,0.0026299180325240453,2.573262748449718e-07,5.1369755047090566e-06,cuSPARSE 12.8.6,CUDA,13040,13000,2026-10-07T20:01:28.193599+00:00,derived,csr-alg3,0,0,,,,5,20,4,true
3,A100-SXM4-80GB-suitesparse_all-fp64-n4-row-major-cuSPARSE-SpMM-CSR-solve-only,cuSPARSE-SpMM-CSR-best-solve-only,cuSPARSE CUDA 13.4.1 CSR PER MATRIX BEST,per-matrix-best,cuSPARSE-SpMM-CSR,best,solve-only,"csr-alg1,csr-alg2,csr-alg3,csr-default",manual-selection,csr,CUSPARSE_SPMM_CSR_ALG3,library-preprocess,spmm.csr.fp64,fp64,A100-SXM4-80GB,A100-SXM4-80GB,,9700.0,1cb4d392-df77-5092-a407-ab8ee1286933,suitesparse_all,HB/can_61,can_61,61,61,557,4,row-major,N,N,1.0,0.0,20260922,main,pass,pass,0,0,4456.0,54.568562,0.00716800019145,54.5757300002,2.73559610019,0.6216517691105984,8.164801460252882e-05,0.0016288954351450164,0.006408781124851531,8.417321093044208e-07,1.6792736444793983e-05,cuSPARSE 12.8.6,CUDA,13040,13000,2026-10-08T00:55:05.778414+00:00,derived,csr-alg3,0,0,,,,5,20,4,true
3,A100-SXM4-80GB-suitesparse_all-fp64-n4-row-major-cuSPARSE-SpMM-CSR-solve-only,cuSPARSE-SpMM-CSR-best-solve-only,cuSPARSE CUDA 13.4.1 CSR PER MATRIX BEST,per-matrix-best,cuSPARSE-SpMM-CSR,best,solve-only,"csr-alg1,csr-alg2,csr-alg3,csr-default",manual-selection,csr,CUSPARSE_SPMM_CSR_ALG3,library-preprocess,spmm.csr.fp64,fp64,A100-SXM4-80GB,A100-SXM4-80GB,,9700.0,df7f742d-c1c4-51c9-b7da-d151d8293f2c,suitesparse_all,HB/can_62,can_62,62,62,218,4,row-major,N,N,1.0,0.0,20260922,main,pass,pass,0,0,1744.0,55.589182,0.00558080002666,55.5947628,2.78503990003,0.3124999985071585,3.136986133521196e-05,0.0006262028777329954,0.0032216494691459634,3.234006323217728e-07,6.455699770443252e-06,cuSPARSE 12.8.6,CUDA,13040,13000,2026-10-08T22:47:29.754876+00:00,derived,csr-alg3,0,0,,,,5,20,4,true
3,A100-SXM4-80GB-suitesparse_all-fp64-n4-row-major-cuSPARSE-SpMM-CSR-solve-only,cuSPARSE-SpMM-CSR-best-solve-only,cuSPARSE CUDA 13.4.1 CSR PER MATRIX BEST,per-matrix-best,cuSPARSE-SpMM-CSR,best,solve-only,"csr-alg1,csr-alg2,csr-alg3,csr-default",manual-selection,csr,CUSPARSE_SPMM_CSR_ALG3,library-preprocess,spmm.csr.fp64,fp64,A100-SXM4-80GB,A100-SXM4-80GB,,9700.0,0edb0287-e1df-52fd-b14b-f9e504b96222,suitesparse_all,HB/can_715,can_715,715,715,6665,4,row-major,N,N,1.0,0.0,20260922,main,pass,pass,0,0,53320.0,53.528812,0.0147456005216,53.5435576005,2.69118620052,3.615993795701608,0.000995824752584279,0.019812824541719683,0.03727828655362483,1.0266234562724526e-05,0.0002042559231105122,cuSPARSE 12.8.6,CUDA,13040,13000,2026-10-07T20:01:28.818206+00:00,derived,csr-alg3,0,0,,,,5,20,4,true
3,A100-SXM4-80GB-suitesparse_all-fp64-n4-row-major-cuSPARSE-SpMM-CSR-solve-only,cuSPARSE-SpMM-CSR-best-solve-only,cuSPARSE CUDA 13.4.1 CSR PER MATRIX BEST,per-matrix-best,cuSPARSE-SpMM-CSR,best,solve-only,"csr-alg1,csr-alg2,csr-alg3,csr-default",manual-selection,csr,CUSPARSE_SPMM_CSR_ALG3,library-preprocess,spmm.csr.fp64,fp64,A100-SXM4-80GB,A100-SXM4-80GB,,9700.0,1cb4d392-df77-5092-a407-ab8ee1286933,suitesparse_all,HB/cegb2919,cegb2919,2919,2919,321543,4,row-major,N,N,1.0,0.0,20260922,main,pass,pass,0,0,2572344.0,51.90552,0.0272895991802,51.9328095992,2.62256559918,94.26096671534727,0.049532155488071765,0.9808502028716831,0.9717625434571883,0.000510640778227544,0.010111857761563744,cuSPARSE 12.8.6,CUDA,13040,13000,2026-10-08T00:59:26.221007+00:00,derived,csr-alg3,0,0,,,,5,20,4,true
3,A100-SXM4-80GB-suitesparse_all-fp64-n4-row-major-cuSPARSE-SpMM-CSR-solve-only,cuSPARSE-SpMM-CSR-best-solve-only,cuSPARSE CUDA 13.4.1 CSR PER MATRIX BEST,per-matrix-best,cuSPARSE-SpMM-CSR,best,solve-only,"csr-alg1,csr-alg2,csr-alg3,csr-default",manual-selection,csr,CUSPARSE_SPMM_CSR_ALG3,library-preprocess,spmm.csr.fp64,fp64,A100-SXM4-80GB,A100-SXM4-80GB,,9700.0,df7f742d-c1c4-51c9-b7da-d151d8293f2c,suitesparse_all,HB/cegb3024,cegb3024,3024,3024,79848,4,row-major,N,N,1.0,0.0,20260922,main,pass,pass,0,0,638784.0,55.032672,0.0107519999146,55.0434239999,2.76238559991,59.41071475759627,0.011605092008832163,0.2312436033625472,0.6124815954391367,0.00011964012380239343,0.0023839546738406926,cuSPARSE 12.8.6,CUDA,13040,13000,2026-10-08T22:52:13.624408+00:00,derived,csr-alg3,0,0,,,,5,20,4,true
3,A100-SXM4-80GB-suitesparse_all-fp64-n4-row-major-cuSPARSE-SpMM-CSR-solve-only,cuSPARSE-SpMM-CSR-best-solve-only,cuSPARSE CUDA 13.4.1 CSR PER MATRIX BEST,per-matrix-best,cuSPARSE-SpMM-CSR,best,solve-only,"csr-alg1,csr-alg2,csr-alg3,csr-default",manual-selection,csr,CUSPARSE_SPMM_CSR_ALG3,library-preprocess,spmm.csr.fp64,fp64,A100-SXM4-80GB,A100-SXM4-80GB,,9700.0,1cb4d392-df77-5092-a407-ab8ee1286933,suitesparse_all,HB/dwt_1005,dwt_1005,1005,1005,8621,4,row-major,N,N,1.0,0.0,20260922,main,pass,pass,0,0,68968.0,53.740872,0.00716800019145,53.7480400002,2.69421160019,9.621651528729746,0.0012831723724203408,0.0255985832720549,0.09919228380133759,1.3228581158972586e-05,0.0002639029203304629,cuSPARSE 12.8.6,CUDA,13040,13000,2026-10-08T00:55:06.426941+00:00,derived,csr-alg3,0,0,,,,5,20,4,true
3,A100-SXM4-80GB-suitesparse_all-fp64-n4-row-major-cuSPARSE-SpMM-CSR-solve-only,cuSPARSE-SpMM-CSR-best-solve-only,cuSPARSE CUDA 13.4.1 CSR PER MATRIX BEST,per-matrix-best,cuSPARSE-SpMM-CSR,best,solve-only,"csr-alg1,csr-alg2,csr-alg3,csr-default",manual-selection,csr,CUSPARSE_SPMM_CSR_ALG3,library-preprocess,spmm.csr.fp64,fp64,A100-SXM4-80GB,A100-SXM4-80GB,,9700.0,df7f742d-c1c4-51c9-b7da-d151d8293f2c,suitesparse_all,HB/dwt_1007,dwt_1007,1007,1007,8575,4,row-major,N,N,1.0,0.0,20260922,main,pass,pass,0,0,68600.0,53.675921,0.00593920014799,53.6818602001,2.68973525015,11.55037686736593,0.0012778990844261433,0.025504368876518364,0.11907605017903021,1.3174217365217972e-05,0.0002629316379022512,cuSPARSE 12.8.6,CUDA,13040,13000,2026-10-08T22:47:30.576416+00:00,derived,csr-alg3,0,0,,,,5,20,4,true
3,A100-SXM4-80GB-suitesparse_all-fp64-n4-row-major-cuSPARSE-SpMM-CSR-solve-only,cuSPARSE-SpMM-CSR-best-solve-only,cuSPARSE CUDA 13.4.1 CSR PER MATRIX BEST,per-matrix-best,cuSPARSE-SpMM-CSR,best,solve-only,"csr-alg1,csr-alg2,csr-alg3,csr-default",manual-selection,csr,CUSPARSE_SPMM_CSR_ALG3,library-preprocess,spmm.csr.fp64,fp64,A100-SXM4-80GB,A100-SXM4-80GB,,9700.0,0edb0287-e1df-52fd-b14b-f9e504b96222,suitesparse_all,HB/dwt_162,dwt_162,162,162,1182,4,row-major,N,N,1.0,0.0,20260922,main,pass,pass,0,0,9456.0,57.237183,0.00568320006132,57.2428662001,2.86754235006,1.6638513333989013,0.00016519088975987508,0.0032975973309695475,0.01715310652988558,1.7029988635038667e-06,3.399584877288194e-05,cuSPARSE 12.8.6,CUDA,13040,13000,2026-10-07T20:01:29.442950+00:00,derived,csr-alg3,0,0,,,,5,20,4,true
3,A100-SXM4-80GB-suitesparse_all-fp64-n4-row-major-cuSPARSE-SpMM-CSR-solve-only,cuSPARSE-SpMM-CSR-best-solve-only,cuSPARSE CUDA 13.4.1 CSR PER MATRIX BEST,per-matrix-best,cuSPARSE-SpMM-CSR,best,solve-only,"csr-alg1,csr-alg2,csr-alg3,csr-default",manual-selection,csr,CUSPARSE_SPMM_CSR_ALG3,library-preprocess,spmm.csr.fp64,fp64,A100-SXM4-80GB,A100-SXM4-80GB,,9700.0,1cb4d392-df77-5092-a407-ab8ee1286933,suitesparse_all,HB/dwt_234,dwt_234,234,234,834,4,row-major,N,N,1.0,0.0,20260922,main,pass,pass,0,0,6672.0,52.364651,0.00558080002666,52.3702318,2.62381335003,1.1955275172246338,0.00012740061998350752,0.0025428638054317827,0.012325025950769421,1.3134084534382219e-06,2.6215090777647246e-05,cuSPARSE 12.8.6,CUDA,13040,13000,2026-10-08T00:55:07.016304+00:00,derived,csr-alg3,0,0,,,,5,20,4,true
3,A100-SXM4-80GB-suitesparse_all-fp64-n4-row-major-cuSPARSE-SpMM-CSR-solve-only,cuSPARSE-SpMM-CSR-best-solve-only,cuSPARSE CUDA 13.4.1 CSR PER MATRIX BEST,per-matrix-best,cuSPARSE-SpMM-CSR,best,solve-only,"csr-alg1,csr-alg2,csr-alg3,csr-default",manual-selection,csr,CUSPARSE_SPMM_CSR_ALG3,library-preprocess,spmm.csr.fp64,fp64,A100-SXM4-80GB,A100-SXM4-80GB,,9700.0,df7f742d-c1c4-51c9-b7da-d151d8293f2c,suitesparse_all,HB/dwt_245,dwt_245,245,245,1461,4,row-major,N,N,1.0,0.0,20260922,main,pass,pass,0,0,11688.0,52.219791,0.00578560009599,52.2255766001,2.6167751501,2.0201880195800177,0.00022379839076736247,0.0044665664146013246,0.020826680614226985,2.3071999048181696e-06,4.604707643918891e-05,cuSPARSE 12.8.6,CUDA,13040,13000,2026-10-08T22:47:31.286808+00:00,derived,csr-alg3,0,0,,,,5,20,4,true
3,A100-SXM4-80GB-suitesparse_all-fp64-n4-row-major-cuSPARSE-SpMM-CSR-solve-only,cuSPARSE-SpMM-CSR-best-solve-only,cuSPARSE CUDA 13.4.1 CSR PER MATRIX BEST,per-matrix-best,cuSPARSE-SpMM-CSR,best,solve-only,"csr-alg1,csr-alg2,csr-alg3,csr-default",manual-selection,csr,CUSPARSE_SPMM_CSR_ALG3,library-preprocess,spmm.csr.fp64,fp64,A100-SXM4-80GB,A100-SXM4-80GB,,9700.0,0edb0287-e1df-52fd-b14b-f9e504b96222,suitesparse_all,HB/dwt_307,dwt_307,307,307,2523,4,row-major,N,N,1.0,0.0,20260922,main,pass,pass,0,0,20184.0,53.128211,0.00583680011332,53.1340478001,2.66224735011,3.45805914338897,0.0003798694215041906,0.007581564500070224,0.03565009426174196,3.916179603135986e-06,7.816045876361055e-05,cuSPARSE 12.8.6,CUDA,13040,13000,2026-10-07T20:01:30.066189+00:00,derived,csr-alg3,0,0,,,,5,20,4,true
3,A100-SXM4-80GB-suitesparse_all-fp64-n4-row-major-cuSPARSE-SpMM-CSR-solve-only,cuSPARSE-SpMM-CSR-best-solve-only,cuSPARSE CUDA 13.4.1 CSR PER MATRIX BEST,per-matrix-best,cuSPARSE-SpMM-CSR,best,solve-only,"csr-alg1,csr-alg2,csr-alg3,csr-default",manual-selection,csr,CUSPARSE_SPMM_CSR_ALG3,library-preprocess,spmm.csr.fp64,fp64,A100-SXM4-80GB,A100-SXM4-80GB,,9700.0,1cb4d392-df77-5092-a407-ab8ee1286933,suitesparse_all,HB/dwt_492,dwt_492,492,492,3156,4,row-major,N,N,1.0,0.0,20260922,main,pass,pass,0,0,25248.0,55.170302,0.00588800013065,55.1761900001,2.76440310013,4.2880433831126235,0.0004575886809138913,0.009133255565663587,0.04420663281559405,4.717409081586508e-06,9.415727387282049e-05,cuSPARSE 12.8.6,CUDA,13040,13000,2026-10-08T00:55:07.648560+00:00,derived,csr-alg3,0,0,,,,5,20,4,true
3,A100-SXM4-80GB-suitesparse_all-fp64-n4-row-major-cuSPARSE-SpMM-CSR-solve-only,cuSPARSE-SpMM-CSR-best-solve-only,cuSPARSE CUDA 13.4.1 CSR PER MATRIX BEST,per-matrix-best,cuSPARSE-SpMM-CSR,best,solve-only,"csr-alg1,csr-alg2,csr-alg3,csr-default",manual-selection,csr,CUSPARSE_SPMM_CSR_ALG3,library-preprocess,spmm.csr.fp64,fp64,A100-SXM4-80GB,A100-SXM4-80GB,,9700.0,df7f742d-c1c4-51c9-b7da-d151d8293f2c,suitesparse_all,HB/dwt_503,dwt_503,503,503,6027,4,row-major,N,N,1.0,0.0,20260922,main,pass,pass,0,0,48216.0,52.801111,0.00686080008745,52.8079718001,2.64691635009,7.027751776093621,0.0009130439658337474,0.018215913773913014,0.07245104923807856,9.412824390038633e-06,0.0001877929255042579,cuSPARSE 12.8.6,CUDA,13040,13000,2026-10-08T22:47:31.990055+00:00,derived,csr-alg3,0,0,,,,5,20,4,true
3,A100-SXM4-80GB-suitesparse_all-fp64-n4-row-major-cuSPARSE-SpMM-CSR-solve-only,cuSPARSE-SpMM-CSR-best-solve-only,cuSPARSE CUDA 13.4.1 CSR PER MATRIX BEST,per-matrix-best,cuSPARSE-SpMM-CSR,best,solve-only,"csr-alg1,csr-alg2,csr-alg3,csr-default",manual-selection,csr,CUSPARSE_SPMM_CSR_ALG3,library-preprocess,spmm.csr.fp64,fp64,A100-SXM4-80GB,A100-SXM4-80GB,,9700.0,0edb0287-e1df-52fd-b14b-f9e504b96222,suitesparse_all,HB/dwt_59,dwt_59,59,59,267,4,row-major,N,N,1.0,0.0,20260922,main,pass,pass,0,0,2136.0,49.61068,0.00552960000932,49.6162096,2.48606360001,0.3862847215711492,4.305044696521921e-05,0.0008591896039954118,0.003982316717228342,4.4381904087854863e-07,8.857624783457855e-06,cuSPARSE 12.8.6,CUDA,13040,13000,2026-10-07T20:01:30.671067+00:00,derived,csr-alg3,0,0,,,,5,20,4,true
3,A100-SXM4-80GB-suitesparse_all-fp64-n4-row-major-cuSPARSE-SpMM-CSR-solve-only,cuSPARSE-SpMM-CSR-best-solve-only,cuSPARSE CUDA 13.4.1 CSR PER MATRIX BEST,per-matrix-best,cuSPARSE-SpMM-CSR,best,solve-only,"csr-alg1,csr-alg2,csr-alg3,csr-default",manual-selection,csr,CUSPARSE_SPMM_CSR_ALG3,library-preprocess,spmm.csr.fp64,fp64,A100-SXM4-80GB,A100-SXM4-80GB,,9700.0,1cb4d392-df77-5092-a407-ab8ee1286933,suitesparse_all,HB/dwt_758,dwt_758,758,758,5994,4,row-major,N,N,1.0,0.0,20260922,main,pass,pass,0,0,47952.0,55.686042,0.00593920014799,55.6919812001,2.79024130015,8.073814453993164,0.0008610216222638869,0.017185610433557184,0.08323520055663056,8.876511569730793e-06,0.00017717124158306375,cuSPARSE 12.8.6,CUDA,13040,13000,2026-10-08T00:55:08.248465+00:00,derived,csr-alg3,0,0,,,,5,20,4,true
3,A100-SXM4-80GB-suitesparse_all-fp64-n4-row-major-cuSPARSE-SpMM-CSR-solve-only,cuSPARSE-SpMM-CSR-best-solve-only,cuSPARSE CUDA 13.4.1 CSR PER MATRIX BEST,per-matrix-best,cuSPARSE-SpMM-CSR,best,solve-only,"csr-alg1,csr-alg2,csr-alg3,csr-default",manual-selection,csr,CUSPARSE_SPMM_CSR_ALG3,library-preprocess,spmm.csr.fp64,fp64,A100-SXM4-80GB,A100-SXM4-80GB,,9700.0,df7f742d-c1c4-51c9-b7da-d151d8293f2c,suitesparse_all,HB/dwt_869,dwt_869,869,869,7285,4,row-major,N,N,1.0,0.0,20260922,main,pass,pass,0,0,58280.0,52.776071,0.00588800013065,52.7819590001,2.64469155013,9.898097606456105,0.0011041651561263495,0.022036596289323508,0.10204224336552686,1.1383145939446902e-05,0.00022718140504457226,cuSPARSE 12.8.6,CUDA,13040,13000,2026-10-08T22:47:32.609581+00:00,derived,csr-alg3,0,0,,,,5,20,4,true
3,A100-SXM4-80GB-suitesparse_all-fp64-n4-row-major-cuSPARSE-SpMM-CSR-solve-only,cuSPARSE-SpMM-CSR-best-solve-only,cuSPARSE CUDA 13.4.1 CSR PER MATRIX BEST,per-matrix-best,cuSPARSE-SpMM-CSR,best,solve-only,"csr-alg1,csr-alg2,csr-alg3,csr-default",manual-selection,csr,CUSPARSE_SPMM_CSR_ALG3,library-preprocess,spmm.csr.fp64,fp64,A100-SXM4-80GB,A100-SXM4-80GB,,9700.0,0edb0287-e1df-52fd-b14b-f9e504b96222,suitesparse_all,HB/dwt_878,dwt_878,878,878,7448,4,row-major,N,N,1.0,0.0,20260922,main,pass,pass,0,0,59584.0,55.852703,0.00588800013065,55.8585910001,2.79852315013,10.119564992846268,0.0010666935727020636,0.021291229982225497,0.1043254122973842,1.0996840955691378e-05,0.00021949721631160305,cuSPARSE 12.8.6,CUDA,13040,13000,2026-10-07T20:01:31.300122+00:00,derived,csr-alg3,0,0,,,,5,20,4,true
3,A100-SXM4-80GB-suitesparse_all-fp64-n4-row-major-cuSPARSE-SpMM-CSR-solve-only,cuSPARSE-SpMM-CSR-best-solve-only,cuSPARSE CUDA 13.4.1 CSR PER MATRIX BEST,per-matrix-best,cuSPARSE-SpMM-CSR,best,solve-only,"csr-alg1,csr-alg2,csr-alg3,csr-default",manual-selection,csr,CUSPARSE_SPMM_CSR_ALG3,library-preprocess,spmm.csr.fp64,fp64,A100-SXM4-80GB,A100-SXM4-80GB,,9700.0,1cb4d392-df77-5092-a407-ab8ee1286933,suitesparse_all,HB/fs_183_3,fs_183_3,183,183,1069,4,row-major,N,N,1.0,0.0,20260922,main,pass,pass,0,0,8552.0,53.604041,0.0105984002352,53.6146394002,2.69080045024,0.8069142333006655,0.00015950867329657167,0.0031782364237516107,0.008318703436089335,1.6444193123357906e-06,3.276532395620217e-05,cuSPARSE 12.8.6,CUDA,13040,13000,2026-10-08T00:55:08.849429+00:00,derived,csr-alg3,0,0,,,,5,20,4,true
3,A100-SXM4-80GB-suitesparse_all-fp64-n4-row-major-cuSPARSE-SpMM-CSR-solve-only,cuSPARSE-SpMM-CSR-best-solve-only,cuSPARSE CUDA 13.4.1 CSR PER MATRIX BEST,per-matrix-best,cuSPARSE-SpMM-CSR,best,solve-only,"csr-alg1,csr-alg2,csr-alg3,csr-default",manual-selection,csr,CUSPARSE_SPMM_CSR_ALG3,library-preprocess,spmm.csr.fp64,fp64,A100-SXM4-80GB,A100-SXM4-80GB,,9700.0,df7f742d-c1c4-51c9-b7da-d151d8293f2c,suitesparse_all,HB/fs_183_4,fs_183_4,183,183,1069,4,row-major,N,N,1.0,0.0,20260922,main,pass,pass,0,0,8552.0,53.807132,0.00993279963732,53.8170647996,2.70028939964,0.860985856179763,0.00015890870362115258,0.003167067945065497,0.00887614284721405,1.6382340579500267e-06,3.265018500067523e-05,cuSPARSE 12.8.6,CUDA,13040,13000,2026-10-08T22:47:33.246198+00:00,derived,csr-alg3,0,0,,,,5,20,4,true
3,A100-SXM4-80GB-suitesparse_all-fp64-n4-row-major-cuSPARSE-SpMM-CSR-solve-only,cuSPARSE-SpMM-CSR-best-solve-only,cuSPARSE CUDA 13.4.1 CSR PER MATRIX BEST,per-matrix-best,cuSPARSE-SpMM-CSR,best,solve-only,"csr-alg1,csr-alg2,csr-alg3,csr-default",manual-selection,csr,CUSPARSE_SPMM_CSR_ALG3,library-preprocess,spmm.csr.fp64,fp64,A100-SXM4-80GB,A100-SXM4-80GB,,9700.0,0edb0287-e1df-52fd-b14b-f9e504b96222,suitesparse_all,HB/fs_541_1,fs_541_1,541,541,4285,4,row-major,N,N,1.0,0.0,20260922,main,pass,pass,0,0,34280.0,52.332241,0.00573440007865,52.3379754001,2.62234645008,5.9779575072952085,0.000654973749709365,0.013072262057118433,0.06162842791025988,6.752306698034691e-06,0.00013476558821771582,cuSPARSE 12.8.6,CUDA,13040,13000,2026-10-07T20:01:31.946757+00:00,derived,csr-alg3,0,0,,,,5,20,4,true
3,A100-SXM4-80GB-suitesparse_all-fp64-n4-row-major-cuSPARSE-SpMM-CSR-solve-only,cuSPARSE-SpMM-CSR-best-solve-only,cuSPARSE CUDA 13.4.1 CSR PER MATRIX BEST,per-matrix-best,cuSPARSE-SpMM-CSR,best,solve-only,"csr-alg1,csr-alg2,csr-alg3,csr-default",manual-selection,csr,CUSPARSE_SPMM_CSR_ALG3,library-preprocess,spmm.csr.fp64,fp64,A100-SXM4-80GB,A100-SXM4-80GB,,9700.0,1cb4d392-df77-5092-a407-ab8ee1286933,suitesparse_all,HB/fs_680_2,fs_680_2,680,680,2646,4,row-major,N,N,1.0,0.0,20260922,main,pass,pass,0,0,21168.0,51.479731,0.00568320006132,51.4854142001,2.57966975006,3.7246621219741907,0.0004111455706218031,0.008205701524200009,0.03839857857705351,4.238614130121682e-06,8.45948610742269e-05,cuSPARSE 12.8.6,CUDA,13040,13000,2026-10-08T00:55:09.456358+00:00,derived,csr-alg3,0,0,,,,5,20,4,true
3,A100-SXM4-80GB-suitesparse_all-fp64-n4-row-major-cuSPARSE-SpMM-CSR-solve-only,cuSPARSE-SpMM-CSR-best-solve-only,cuSPARSE CUDA 13.4.1 CSR PER MATRIX BEST,per-matrix-best,cuSPARSE-SpMM-CSR,best,solve-only,"csr-alg1,csr-alg2,csr-alg3,csr-default",manual-selection,csr,CUSPARSE_SPMM_CSR_ALG3,library-preprocess,spmm.csr.fp64,fp64,A100-SXM4-80GB,A100-SXM4-80GB,,9700.0,df7f742d-c1c4-51c9-b7da-d151d8293f2c,suitesparse_all,HB/fs_680_3,fs_680_3,680,680,2646,4,row-major,N,N,1.0,0.0,20260922,main,pass,pass,0,0,21168.0,52.558071,0.00563200004399,52.563703,2.63353555004,3.7585226979159425,0.00040271135387855,0.008037863775819729,0.0387476566795458,4.151663442046907e-06,8.28645750084508e-05,cuSPARSE 12.8.6,CUDA,13040,13000,2026-10-08T22:47:33.877618+00:00,derived,csr-alg3,0,0,,,,5,20,4,true
3,A100-SXM4-80GB-suitesparse_all-fp64-n4-row-major-cuSPARSE-SpMM-CSR-solve-only,cuSPARSE-SpMM-CSR-best-solve-only,cuSPARSE CUDA 13.4.1 CSR PER MATRIX BEST,per-matrix-best,cuSPARSE-SpMM-CSR,best,solve-only,"csr-alg1,csr-alg2,csr-alg3,csr-default",manual-selection,csr,CUSPARSE_SPMM_CSR_ALG3,library-preprocess,spmm.csr.fp64,fp64,A100-SXM4-80GB,A100-SXM4-80GB,,9700.0,0edb0287-e1df-52fd-b14b-f9e504b96222,suitesparse_all,HB/fs_760_2,fs_760_2,760,760,5976,4,row-major,N,N,1.0,0.0,20260922,main,pass,pass,0,0,47808.0,51.49591,0.00645119994879,51.5023611999,2.58124669995,7.410714344540966,0.0009282681198720036,0.018521282758802583,0.07639911695403057,9.56977443167014e-06,0.0001909410593690988,cuSPARSE 12.8.6,CUDA,13040,13000,2026-10-07T20:01:32.585530+00:00,derived,csr-alg3,0,0,,,,5,20,4,true
3,A100-SXM4-80GB-suitesparse_all-fp64-n4-row-major-cuSPARSE-SpMM-CSR-solve-only,cuSPARSE-SpMM-CSR-best-solve-only,cuSPARSE CUDA 13.4.1 CSR PER MATRIX BEST,per-matrix-best,cuSPARSE-SpMM-CSR,best,solve-only,"csr-alg1,csr-alg2,csr-alg3,csr-default",manual-selection,csr,CUSPARSE_SPMM_CSR_ALG3,library-preprocess,spmm.csr.fp64,fp64,A100-SXM4-80GB,A100-SXM4-80GB,,9700.0,1cb4d392-df77-5092-a407-ab8ee1286933,suitesparse_all,HB/gent113,gent113,113,113,655,4,row-major,N,N,1.0,0.0,20260922,main,pass,pass,0,0,5240.0,53.375692,0.00624639987946,53.3819383999,2.67503099988,0.8388832129096732,9.816054188114337e-05,0.001958855804001921,0.008648280545460548,1.011964349290138e-06,2.0194389731978566e-05,cuSPARSE 12.8.6,CUDA,13040,13000,2026-10-08T00:55:10.047600+00:00,derived,csr-alg3,0,0,,,,5,20,4,true
3,A100-SXM4-80GB-suitesparse_all-fp64-n4-row-major-cuSPARSE-SpMM-CSR-solve-only,cuSPARSE-SpMM-CSR-best-solve-only,cuSPARSE CUDA 13.4.1 CSR PER MATRIX BEST,per-matrix-best,cuSPARSE-SpMM-CSR,best,solve-only,"csr-alg1,csr-alg2,csr-alg3,csr-default",manual-selection,csr,CUSPARSE_SPMM_CSR_ALG3,library-preprocess,spmm.csr.fp64,fp64,A100-SXM4-80GB,A100-SXM4-80GB,,9700.0,df7f742d-c1c4-51c9-b7da-d151d8293f2c,suitesparse_all,HB/gr_30_30,gr_30_30,900,900,7744,4,row-major,N,N,1.0,0.0,20260922,main,pass,pass,0,0,61952.0,52.14183,0.00593920014799,52.1477692001,2.61303070015,10.431034222843353,0.0011880086329729557,0.023708868019209905,0.10753643528704487,1.2247511680133564e-05,0.0002444213197856691,cuSPARSE 12.8.6,CUDA,13040,13000,2026-10-08T22:47:34.507225+00:00,derived,csr-alg3,0,0,,,,5,20,4,true
3,A100-SXM4-80GB-suitesparse_all-fp64-n4-row-major-cuSPARSE-SpMM-CSR-solve-only,cuSPARSE-SpMM-CSR-best-solve-only,cuSPARSE CUDA 13.4.1 CSR PER MATRIX BEST,per-matrix-best,cuSPARSE-SpMM-CSR,best,solve-only,"csr-alg1,csr-alg2,csr-alg3,csr-default",manual-selection,csr,CUSPARSE_SPMM_CSR_ALG3,library-preprocess,spmm.csr.fp64,fp64,A100-SXM4-80GB,A100-SXM4-80GB,,9700.0,0edb0287-e1df-52fd-b14b-f9e504b96222,suitesparse_all,HB/gre_115,gre_115,115,115,421,4,row-major,N,N,1.0,0.0,20260922,main,pass,pass,0,0,3368.0,55.556252,0.00563200004399,55.561884,2.78344460004,0.5980113589654618,6.061709498547601e-05,0.0012100115087440935,0.0061650655563449674,6.249185050049073e-07,1.2474345450970036e-05,cuSPARSE 12.8.6,CUDA,13040,13000,2026-10-07T20:01:33.206152+00:00,derived,csr-alg3,0,0,,,,5,20,4,true
3,A100-SXM4-80GB-suitesparse_all-fp64-n4-row-major-cuSPARSE-SpMM-CSR-solve-only,cuSPARSE-SpMM-CSR-best-solve-only,cuSPARSE CUDA 13.4.1 CSR PER MATRIX BEST,per-matrix-best,cuSPARSE-SpMM-CSR,best,solve-only,"csr-alg1,csr-alg2,csr-alg3,csr-default",manual-selection,csr,CUSPARSE_SPMM_CSR_ALG3,library-preprocess,spmm.csr.fp64,fp64,A100-SXM4-80GB,A100-SXM4-80GB,,9700.0,1cb4d392-df77-5092-a407-ab8ee1286933,suitesparse_all,HB/gre_512,gre_512,512,512,2192,4,row-major,N,N,1.0,0.0,20260922,main,pass,pass,0,0,17536.0,52.823522,0.00578560009599,52.8293076001,2.6469617001,3.0309734010399723,0.000331936964473235,0.0066249541877910455,0.031247148464329612,3.4220305615797426e-06,6.829849678135099e-05,cuSPARSE 12.8.6,CUDA,13040,13000,2026-10-08T00:55:10.649761+00:00,derived,csr-alg3,0,0,,,,5,20,4,true
3,A100-SXM4-80GB-suitesparse_all-fp64-n4-row-major-cuSPARSE-SpMM-CSR-solve-only,cuSPARSE-SpMM-CSR-best-solve-only,cuSPARSE CUDA 13.4.1 CSR PER MATRIX BEST,per-matrix-best,cuSPARSE-SpMM-CSR,best,solve-only,"csr-alg1,csr-alg2,csr-alg3,csr-default",manual-selection,csr,CUSPARSE_SPMM_CSR_ALG3,library-preprocess,spmm.csr.fp64,fp64,A100-SXM4-80GB,A100-SXM4-80GB,,9700.0,df7f742d-c1c4-51c9-b7da-d151d8293f2c,suitesparse_all,HB/hor_131,hor_131,434,434,4710,4,row-major,N,N,1.0,0.0,20260922,main,pass,pass,0,0,37680.0,52.914041,0.00742399990559,52.9214649999,2.65312604991,5.075431099026327,0.0007119984301279489,0.014202114521199696,0.052324031948725015,7.340190001319061e-06,0.00014641355176494533,cuSPARSE 12.8.6,CUDA,13040,13000,2026-10-08T22:47:35.110692+00:00,derived,csr-alg3,0,0,,,,5,20,4,true
3,A100-SXM4-80GB-suitesparse_all-fp64-n4-row-major-cuSPARSE-SpMM-CSR-solve-only,cuSPARSE-SpMM-CSR-best-solve-only,cuSPARSE CUDA 13.4.1 CSR PER MATRIX BEST,per-matrix-best,cuSPARSE-SpMM-CSR,best,solve-only,"csr-alg1,csr-alg2,csr-alg3,csr-default",manual-selection,csr,CUSPARSE_SPMM_CSR_ALG3,library-preprocess,spmm.csr.fp64,fp64,A100-SXM4-80GB,A100-SXM4-80GB,,9700.0,0edb0287-e1df-52fd-b14b-f9e504b96222,suitesparse_all,HB/illc1033,illc1033,1033,320,4732,4,row-major,N,N,1.0,0.0,20260922,main,pass,pass,0,0,37856.0,49.61785,0.00568320006132,49.6235332001,2.48657570006,6.6610359641654835,0.0007628638583099462,0.015224149419254178,0.06867047385737612,7.864575858865426e-06,0.00015694999401292967,cuSPARSE 12.8.6,CUDA,13040,13000,2026-10-07T20:01:33.870000+00:00,derived,csr-alg3,0,0,,,,5,20,4,true
3,A100-SXM4-80GB-suitesparse_all-fp64-n4-row-major-cuSPARSE-SpMM-CSR-solve-only,cuSPARSE-SpMM-CSR-best-solve-only,cuSPARSE CUDA 13.4.1 CSR PER MATRIX BEST,per-matrix-best,cuSPARSE-SpMM-CSR,best,solve-only,"csr-alg1,csr-alg2,csr-alg3,csr-default",manual-selection,csr,CUSPARSE_SPMM_CSR_ALG3,library-preprocess,spmm.csr.fp64,fp64,A100-SXM4-80GB,A100-SXM4-80GB,,9700.0,1cb4d392-df77-5092-a407-ab8ee1286933,suitesparse_all,HB/impcol_d,impcol_d,425,425,1339,4,row-major,N,N,1.0,0.0,20260922,main,pass,pass,0,0,10712.0,50.725401,0.00593920014799,50.7313402001,2.54220925015,1.8036098688516593,0.00021115152798543423,0.00421365786446098,0.018593916173728447,2.1768198761384973e-06,4.3439771798566804e-05,cuSPARSE 12.8.6,CUDA,13040,13000,2026-10-08T00:55:11.247585+00:00,derived,csr-alg3,0,0,,,,5,20,4,true
3,A100-SXM4-80GB-suitesparse_all-fp64-n4-row-major-cuSPARSE-SpMM-CSR-solve-only,cuSPARSE-SpMM-CSR-best-solve-only,cuSPARSE CUDA 13.4.1 CSR PER MATRIX BEST,per-matrix-best,cuSPARSE-SpMM-CSR,best,solve-only,"csr-alg1,csr-alg2,csr-alg3,csr-default",manual-selection,csr,CUSPARSE_SPMM_CSR_ALG3,library-preprocess,spmm.csr.fp64,fp64,A100-SXM4-80GB,A100-SXM4-80GB,,9700.0,df7f742d-c1c4-51c9-b7da-d151d8293f2c,suitesparse_all,HB/impcol_e,impcol_e,225,225,1308,4,row-major,N,N,1.0,0.0,20260922,main,pass,pass,0,0,10464.0,52.295691,0.00578560009599,52.3014766001,2.6205701501,1.8086282885767717,0.0002000708331814095,0.00399302418964083,0.018645652459554348,2.062585909086696e-06,4.1165197831348765e-05,cuSPARSE 12.8.6,CUDA,13040,13000,2026-10-08T22:47:35.733681+00:00,derived,csr-alg3,0,0,,,,5,20,4,true
3,A100-SXM4-80GB-suitesparse_all-fp64-n4-row-major-cuSPARSE-SpMM-CSR-solve-only,cuSPARSE-SpMM-CSR-best-solve-only,cuSPARSE CUDA 13.4.1 CSR PER MATRIX BEST,per-matrix-best,cuSPARSE-SpMM-CSR,best,solve-only,"csr-alg1,csr-alg2,csr-alg3,csr-default",manual-selection,csr,CUSPARSE_SPMM_CSR_ALG3,library-preprocess,spmm.csr.fp64,fp64,A100-SXM4-80GB,A100-SXM4-80GB,,9700.0,0edb0287-e1df-52fd-b14b-f9e504b96222,suitesparse_all,HB/jagmesh2,jagmesh2,1009,1009,6865,4,row-major,N,N,1.0,0.0,20260922,main,pass,pass,0,0,54920.0,52.372391,0.00578560009599,52.3781766001,2.6244051501,9.49253302834827,0.0010485282910725677,0.020926646938605246,0.0978611652407038,1.0809570011057399e-05,0.00021573862823304375,cuSPARSE 12.8.6,CUDA,13040,13000,2026-10-07T20:01:34.497027+00:00,derived,csr-alg3,0,0,,,,5,20,4,true
3,A100-SXM4-80GB-suitesparse_all-fp64-n4-row-major-cuSPARSE-SpMM-CSR-solve-only,cuSPARSE-SpMM-CSR-best-solve-only,cuSPARSE CUDA 13.4.1 CSR PER MATRIX BEST,per-matrix-best,cuSPARSE-SpMM-CSR,best,solve-only,"csr-alg1,csr-alg2,csr-alg3,csr-default",manual-selection,csr,CUSPARSE_SPMM_CSR_ALG3,library-preprocess,spmm.csr.fp64,fp64,A100-SXM4-80GB,A100-SXM4-80GB,,9700.0,1cb4d392-df77-5092-a407-ab8ee1286933,suitesparse_all,HB/jagmesh7,jagmesh7,1138,1138,7450,4,row-major,N,N,1.0,0.0,20260922,main,pass,pass,0,0,59600.0,51.896801,0.00593920014799,51.9027402001,2.60077925015,10.035021301676522,0.001148301607395387,0.022916208669598762,0.10345382785233528,1.1838160900983371e-05,0.0002362495739133893,cuSPARSE 12.8.6,CUDA,13040,13000,2026-10-08T00:55:11.893246+00:00,derived,csr-alg3,0,0,,,,5,20,4,true
3,A100-SXM4-80GB-suitesparse_all-fp64-n4-row-major-cuSPARSE-SpMM-CSR-solve-only,cuSPARSE-SpMM-CSR-best-solve-only,cuSPARSE CUDA 13.4.1 CSR PER MATRIX BEST,per-matrix-best,cuSPARSE-SpMM-CSR,best,solve-only,"csr-alg1,csr-alg2,csr-alg3,csr-default",manual-selection,csr,CUSPARSE_SPMM_CSR_ALG3,library-preprocess,spmm.csr.fp64,fp64,A100-SXM4-80GB,A100-SXM4-80GB,,9700.0,df7f742d-c1c4-51c9-b7da-d151d8293f2c,suitesparse_all,HB/jagmesh8,jagmesh8,1141,1141,7465,4,row-major,N,N,1.0,0.0,20260922,main,pass,pass,0,0,59720.0,52.35671,0.00578560009599,52.3624956001,2.6236211001,10.32217903228257,0.0011405109576153576,0.022762433187369837,0.10641421682765537,1.1757844923869666e-05,0.00023466425966360655,cuSPARSE 12.8.6,CUDA,13040,13000,2026-10-08T22:47:36.557893+00:00,derived,csr-alg3,0,0,,,,5,20,4,true
3,A100-SXM4-80GB-suitesparse_all-fp64-n4-row-major-cuSPARSE-SpMM-CSR-solve-only,cuSPARSE-SpMM-CSR-best-solve-only,cuSPARSE CUDA 13.4.1 CSR PER MATRIX BEST,per-matrix-best,cuSPARSE-SpMM-CSR,best,solve-only,"csr-alg1,csr-alg2,csr-alg3,csr-default",manual-selection,csr,CUSPARSE_SPMM_CSR_ALG3,library-preprocess,spmm.csr.fp64,fp64,A100-SXM4-80GB,A100-SXM4-80GB,,9700.0,0edb0287-e1df-52fd-b14b-f9e504b96222,suitesparse_all,HB/jgl009,jgl009,9,9,50,4,row-major,N,N,1.0,0.0,20260922,main,pass,pass,0,0,400.0,51.840141,0.00506879985332,51.8452097999,2.59707584985,0.07891414369774434,7.7152740155518e-06,0.00015401937529976374,0.0008135478731726221,7.953890737682269e-08,1.5878286113377707e-06,cuSPARSE 12.8.6,CUDA,13040,13000,2026-10-07T20:01:35.149515+00:00,derived,csr-alg3,0,0,,,,5,20,4,true
3,A100-SXM4-80GB-suitesparse_all-fp64-n4-row-major-cuSPARSE-SpMM-CSR-solve-only,cuSPARSE-SpMM-CSR-best-solve-only,cuSPARSE CUDA 13.4.1 CSR PER MATRIX BEST,per-matrix-best,cuSPARSE-SpMM-CSR,best,solve-only,"csr-alg1,csr-alg2,csr-alg3,csr-default",manual-selection,csr,CUSPARSE_SPMM_CSR_ALG3,library-preprocess,spmm.csr.fp64,fp64,A100-SXM4-80GB,A100-SXM4-80GB,,9700.0,0edb0287-e1df-52fd-b14b-f9e504b96222,suitesparse_all,HB/lap_25,lap_25,25,25,169,4,row-major,N,N,1.0,0.0,20260922,main,pass,pass,0,0,1352.0,55.326532,0.00496639981866,55.3314983998,2.77129299982,0.2722293913833114,2.443454522469406e-05,0.00048785891642919553,0.0028064885709619737,2.519025280896295e-07,5.029473365249439e-06,cuSPARSE 12.8.6,CUDA,13040,13000,2026-10-07T20:06:30.875301+00:00,derived,csr-alg3,0,0,,,,5,20,4,true
3,A100-SXM4-80GB-suitesparse_all-fp64-n4-row-major-cuSPARSE-SpMM-CSR-solve-only,cuSPARSE-SpMM-CSR-best-solve-only,cuSPARSE CUDA 13.4.1 CSR PER MATRIX BEST,per-matrix-best,cuSPARSE-SpMM-CSR,best,solve-only,"csr-alg1,csr-alg2,csr-alg3,csr-default",manual-selection,csr,CUSPARSE_SPMM_CSR_ALG3,library-preprocess,spmm.csr.fp64,fp64,A100-SXM4-80GB,A100-SXM4-80GB,,9700.0,1cb4d392-df77-5092-a407-ab8ee1286933,suitesparse_all,HB/lns_511,lns_511,511,511,2796,4,row-major,N,N,1.0,0.0,20260922,main,pass,pass,0,0,22368.0,52.733361,0.00588800013065,52.7392490001,2.64255605013,3.798912959183427,0.00042412435565697165,0.008464531906106442,0.03916405112560234,4.372416037700739e-06,8.726321552687054e-05,cuSPARSE 12.8.6,CUDA,13040,13000,2026-10-08T00:55:12.497470+00:00,derived,csr-alg3,0,0,,,,5,20,4,true
3,A100-SXM4-80GB-suitesparse_all-fp64-n4-row-major-cuSPARSE-SpMM-CSR-solve-only,cuSPARSE-SpMM-CSR-best-solve-only,cuSPARSE CUDA 13.4.1 CSR PER MATRIX BEST,per-matrix-best,cuSPARSE-SpMM-CSR,best,solve-only,"csr-alg1,csr-alg2,csr-alg3,csr-default",manual-selection,csr,CUSPARSE_SPMM_CSR_ALG3,library-preprocess,spmm.csr.fp64,fp64,A100-SXM4-80GB,A100-SXM4-80GB,,9700.0,0edb0287-e1df-52fd-b14b-f9e504b96222,suitesparse_all,HB/lnsp_511,lnsp_511,511,511,2796,4,row-major,N,N,1.0,0.0,20260922,main,pass,pass,0,0,22368.0,51.03714,0.00588800013065,51.0430280001,2.55774500013,3.798912959183427,0.0004382185163457814,0.008745203293863588,0.03916405112560234,4.517716663358571e-06,9.015673498828441e-05,cuSPARSE 12.8.6,CUDA,13040,13000,2026-10-07T20:01:35.768483+00:00,derived,csr-alg3,0,0,,,,5,20,4,true
3,A100-SXM4-80GB-suitesparse_all-fp64-n4-row-major-cuSPARSE-SpMM-CSR-solve-only,cuSPARSE-SpMM-CSR-best-solve-only,cuSPARSE CUDA 13.4.1 CSR PER MATRIX BEST,per-matrix-best,cuSPARSE-SpMM-CSR,best,solve-only,"csr-alg1,csr-alg2,csr-alg3,csr-default",manual-selection,csr,CUSPARSE_SPMM_CSR_ALG3,library-preprocess,spmm.csr.fp64,fp64,A100-SXM4-80GB,A100-SXM4-80GB,,9700.0,df7f742d-c1c4-51c9-b7da-d151d8293f2c,suitesparse_all,HB/lnsp3937,lnsp3937,3937,3937,25407,4,row-major,N,N,1.0,0.0,20260922,main,pass,pass,0,0,203256.0,54.064021,0.00696320012212,54.0709842001,2.71016425012,29.190027061597238,0.0037590586338841618,0.07499766849592245,0.30092811403708497,3.875318179262022e-05,0.0007731718401641489,cuSPARSE 12.8.6,CUDA,13040,13000,2026-10-08T22:47:37.512126+00:00,derived,csr-alg3,0,0,,,,5,20,4,true
3,A100-SXM4-80GB-suitesparse_all-fp64-n4-row-major-cuSPARSE-SpMM-CSR-solve-only,cuSPARSE-SpMM-CSR-best-solve-only,cuSPARSE CUDA 13.4.1 CSR PER MATRIX BEST,per-matrix-best,cuSPARSE-SpMM-CSR,best,solve-only,"csr-alg1,csr-alg2,csr-alg3,csr-default",manual-selection,csr,CUSPARSE_SPMM_CSR_ALG3,library-preprocess,spmm.csr.fp64,fp64,A100-SXM4-80GB,A100-SXM4-80GB,,9700.0,1cb4d392-df77-5092-a407-ab8ee1286933,suitesparse_all,HB/lshp2233,lshp2233,2233,2233,15337,4,row-major,N,N,1.0,0.0,20260922,main,pass,pass,0,0,122696.0,53.037021,0.00593920014799,53.0429602001,2.65779025015,20.65867405420306,0.002313143903302906,0.04616466630241995,0.21297602117735115,2.3846844363947483e-05,0.0004759243948703088,cuSPARSE 12.8.6,CUDA,13040,13000,2026-10-08T00:55:13.135740+00:00,derived,csr-alg3,0,0,,,,5,20,4,true
3,A100-SXM4-80GB-suitesparse_all-fp64-n4-row-major-cuSPARSE-SpMM-CSR-solve-only,cuSPARSE-SpMM-CSR-best-solve-only,cuSPARSE CUDA 13.4.1 CSR PER MATRIX BEST,per-matrix-best,cuSPARSE-SpMM-CSR,best,solve-only,"csr-alg1,csr-alg2,csr-alg3,csr-default",manual-selection,csr,CUSPARSE_SPMM_CSR_ALG3,library-preprocess,spmm.csr.fp64,fp64,A100-SXM4-80GB,A100-SXM4-80GB,,9700.0,df7f742d-c1c4-51c9-b7da-d151d8293f2c,suitesparse_all,HB/lshp2614,lshp2614,2614,2614,17980,4,row-major,N,N,1.0,0.0,20260922,main,pass,pass,0,0,143840.0,51.57717,0.00599040016532,51.5831604002,2.58484890017,24.011751474088083,0.0027885069252065894,0.05564735330971956,0.24754382962977406,2.8747494074294736e-05,0.000573684054739377,cuSPARSE 12.8.6,CUDA,13040,13000,2026-10-08T22:47:38.607906+00:00,derived,csr-alg3,0,0,,,,5,20,4,true
3,A100-SXM4-80GB-suitesparse_all-fp64-n4-row-major-cuSPARSE-SpMM-CSR-solve-only,cuSPARSE-SpMM-CSR-best-solve-only,cuSPARSE CUDA 13.4.1 CSR PER MATRIX BEST,per-matrix-best,cuSPARSE-SpMM-CSR,best,solve-only,"csr-alg1,csr-alg2,csr-alg3,csr-default",manual-selection,csr,CUSPARSE_SPMM_CSR_ALG3,library-preprocess,spmm.csr.fp64,fp64,A100-SXM4-80GB,A100-SXM4-80GB,,9700.0,0edb0287-e1df-52fd-b14b-f9e504b96222,suitesparse_all,HB/lshp3466,lshp3466,3466,3466,23896,4,row-major,N,N,1.0,0.0,20260922,main,pass,pass,0,0,191168.0,50.65552,0.00619519986212,50.6617151999,2.53897119986,30.85743870329023,0.003773421394157167,0.07529348895747265,0.31811792477618794,3.890125148615636e-05,0.0007762215356440479,cuSPARSE 12.8.6,CUDA,13040,13000,2026-10-07T20:01:36.439621+00:00,derived,csr-alg3,0,0,,,,5,20,4,true
3,A100-SXM4-80GB-suitesparse_all-fp64-n4-row-major-cuSPARSE-SpMM-CSR-solve-only,cuSPARSE-SpMM-CSR-best-solve-only,cuSPARSE CUDA 13.4.1 CSR PER MATRIX BEST,per-matrix-best,cuSPARSE-SpMM-CSR,best,solve-only,"csr-alg1,csr-alg2,csr-alg3,csr-default",manual-selection,csr,CUSPARSE_SPMM_CSR_ALG3,library-preprocess,spmm.csr.fp64,fp64,A100-SXM4-80GB,A100-SXM4-80GB,,9700.0,1cb4d392-df77-5092-a407-ab8ee1286933,suitesparse_all,HB/lund_a,lund_a,147,147,2449,4,row-major,N,N,1.0,0.0,20260922,main,pass,pass,0,0,19592.0,54.596352,0.00686080008745,54.6032128001,2.73667840009,2.855643620317451,0.0003588067257457077,0.007159043605326693,0.029439624951726296,3.6990384097495644e-06,7.380457325079065e-05,cuSPARSE 12.8.6,CUDA,13040,13000,2026-10-08T00:55:13.743421+00:00,derived,csr-alg3,0,0,,,,5,20,4,true
3,A100-SXM4-80GB-suitesparse_all-fp64-n4-row-major-cuSPARSE-SpMM-CSR-solve-only,cuSPARSE-SpMM-CSR-best-solve-only,cuSPARSE CUDA 13.4.1 CSR PER MATRIX BEST,per-matrix-best,cuSPARSE-SpMM-CSR,best,solve-only,"csr-alg1,csr-alg2,csr-alg3,csr-default",manual-selection,csr,CUSPARSE_SPMM_CSR_ALG3,library-preprocess,spmm.csr.fp64,fp64,A100-SXM4-80GB,A100-SXM4-80GB,,9700.0,df7f742d-c1c4-51c9-b7da-d151d8293f2c,suitesparse_all,HB/lund_b,lund_b,147,147,2441,4,row-major,N,N,1.0,0.0,20260922,main,pass,pass,0,0,19528.0,51.768121,0.00675840005279,51.7748794001,2.59516445005,2.8894412653093036,0.00037717132760645855,0.007524763989281589,0.029788054281539213,3.8883642021284384e-06,7.757488648743907e-05,cuSPARSE 12.8.6,CUDA,13040,13000,2026-10-08T22:47:39.229022+00:00,derived,csr-alg3,0,0,,,,5,20,4,true
3,A100-SXM4-80GB-suitesparse_all-fp64-n4-row-major-cuSPARSE-SpMM-CSR-solve-only,cuSPARSE-SpMM-CSR-best-solve-only,cuSPARSE CUDA 13.4.1 CSR PER MATRIX BEST,per-matrix-best,cuSPARSE-SpMM-CSR,best,solve-only,"csr-alg1,csr-alg2,csr-alg3,csr-default",manual-selection,csr,CUSPARSE_SPMM_CSR_ALG3,library-preprocess,spmm.csr.fp64,fp64,A100-SXM4-80GB,A100-SXM4-80GB,,9700.0,1cb4d392-df77-5092-a407-ab8ee1286933,suitesparse_all,HB/man_5976,man_5976,5976,5976,225046,4,row-major,N,N,1.0,0.0,20260922,main,pass,pass,0,0,1800368.0,53.079661,0.0119471997023,53.0916081997,2.6659302497,150.69372278538245,0.0339105945562631,0.6753244951560894,1.5535435338699222,0.0003495937583119907,0.0069621081974854575,cuSPARSE 12.8.6,CUDA,13040,13000,2026-10-08T00:59:27.333528+00:00,derived,csr-alg3,0,0,,,,5,20,4,true
3,A100-SXM4-80GB-suitesparse_all-fp64-n4-row-major-cuSPARSE-SpMM-CSR-solve-only,cuSPARSE-SpMM-CSR-best-solve-only,cuSPARSE CUDA 13.4.1 CSR PER MATRIX BEST,per-matrix-best,cuSPARSE-SpMM-CSR,best,solve-only,"csr-alg1,csr-alg2,csr-alg3,csr-default",manual-selection,csr,CUSPARSE_SPMM_CSR_ALG1,library-preprocess,spmm.csr.fp64,fp64,A100-SXM4-80GB,A100-SXM4-80GB,,9700.0,0edb0287-e1df-52fd-b14b-f9e504b96222,suitesparse_all,HB/mbeacxc,mbeacxc,496,496,49920,4,row-major,N,N,1.0,0.0,20260922,main,pass,pass,0,0,399360.0,0.05541,0.0163839995861,0.0717939995861,0.0191544995861,24.375000615772258,5.562581863419681,20.849409205647262,0.2512886661419821,0.05734620477752249,0.2149423629448171,cuSPARSE 12.8.6,CUDA,13040,13000,2026-10-07T15:28:47.386340+00:00,derived,csr-alg1,0,0,,,,5,20,4,true
3,A100-SXM4-80GB-suitesparse_all-fp64-n4-row-major-cuSPARSE-SpMM-CSR-solve-only,cuSPARSE-SpMM-CSR-best-solve-only,cuSPARSE CUDA 13.4.1 CSR PER MATRIX BEST,per-matrix-best,cuSPARSE-SpMM-CSR,best,solve-only,"csr-alg1,csr-alg2,csr-alg3,csr-default",manual-selection,csr,CUSPARSE_SPMM_CSR_ALG3,library-preprocess,spmm.csr.fp64,fp64,A100-SXM4-80GB,A100-SXM4-80GB,,9700.0,1cb4d392-df77-5092-a407-ab8ee1286933,suitesparse_all,HB/nnc1374,nnc1374,1374,1374,8606,4,row-major,N,N,1.0,0.0,20260922,main,pass,pass,0,0,68848.0,52.992541,0.00624639987946,52.9987873999,2.65587344988,11.022028901222361,0.0012990485891782855,0.025922921893402243,0.11362916393012745,1.3392253496683356e-05,0.0002672466174577551,cuSPARSE 12.8.6,CUDA,13040,13000,2026-10-08T00:55:14.377855+00:00,derived,csr-alg3,0,0,,,,5,20,4,true
3,A100-SXM4-80GB-suitesparse_all-fp64-n4-row-major-cuSPARSE-SpMM-CSR-solve-only,cuSPARSE-SpMM-CSR-best-solve-only,cuSPARSE CUDA 13.4.1 CSR PER MATRIX BEST,per-matrix-best,cuSPARSE-SpMM-CSR,best,solve-only,"csr-alg1,csr-alg2,csr-alg3,csr-default",manual-selection,csr,CUSPARSE_SPMM_CSR_ALG3,library-preprocess,spmm.csr.fp64,fp64,A100-SXM4-80GB,A100-SXM4-80GB,,9700.0,df7f742d-c1c4-51c9-b7da-d151d8293f2c,suitesparse_all,HB/nnc261,nnc261,261,261,1500,4,row-major,N,N,1.0,0.0,20260922,main,pass,pass,0,0,12000.0,52.520411,0.00563200004399,52.526043,2.63165255004,2.13068180153965,0.00022845810029893172,0.00455987246485772,0.021965791768449996,2.3552381474116672e-06,4.700899448306929e-05,cuSPARSE 12.8.6,CUDA,13040,13000,2026-10-08T22:47:39.809426+00:00,derived,csr-alg3,0,0,,,,5,20,4,true
3,A100-SXM4-80GB-suitesparse_all-fp64-n4-row-major-cuSPARSE-SpMM-CSR-solve-only,cuSPARSE-SpMM-CSR-best-solve-only,cuSPARSE CUDA 13.4.1 CSR PER MATRIX BEST,per-matrix-best,cuSPARSE-SpMM-CSR,best,solve-only,"csr-alg1,csr-alg2,csr-alg3,csr-default",manual-selection,csr,CUSPARSE_SPMM_CSR_ALG3,library-preprocess,spmm.csr.fp64,fp64,A100-SXM4-80GB,A100-SXM4-80GB,,9700.0,0edb0287-e1df-52fd-b14b-f9e504b96222,suitesparse_all,HB/nos1,nos1,237,237,1017,4,row-major,N,N,1.0,0.0,20260922,main,pass,pass,0,0,8136.0,54.210052,0.00563200004399,54.215684,2.71613460004,1.4446022614438827,0.0001500672757351913,0.0029954332896021357,0.0148928068190091,1.5470853168576423e-06,3.0880755562908614e-05,cuSPARSE 12.8.6,CUDA,13040,13000,2026-10-07T20:01:37.819728+00:00,derived,csr-alg3,0,0,,,,5,20,4,true
3,A100-SXM4-80GB-suitesparse_all-fp64-n4-row-major-cuSPARSE-SpMM-CSR-solve-only,cuSPARSE-SpMM-CSR-best-solve-only,cuSPARSE CUDA 13.4.1 CSR PER MATRIX BEST,per-matrix-best,cuSPARSE-SpMM-CSR,best,solve-only,"csr-alg1,csr-alg2,csr-alg3,csr-default",manual-selection,csr,CUSPARSE_SPMM_CSR_ALG3,library-preprocess,spmm.csr.fp64,fp64,A100-SXM4-80GB,A100-SXM4-80GB,,9700.0,1cb4d392-df77-5092-a407-ab8ee1286933,suitesparse_all,HB/nos6,nos6,675,675,3255,4,row-major,N,N,1.0,0.0,20260922,main,pass,pass,0,0,26040.0,53.362361,0.00588800013065,53.3682490001,2.67400605013,4.422554249693153,0.00048793056710463194,0.009738197861868724,0.045593342780341786,5.0302120320065155e-06,0.00010039379239039921,cuSPARSE 12.8.6,CUDA,13040,13000,2026-10-08T00:55:14.996483+00:00,derived,csr-alg3,0,0,,,,5,20,4,true
3,A100-SXM4-80GB-suitesparse_all-fp64-n4-row-major-cuSPARSE-SpMM-CSR-solve-only,cuSPARSE-SpMM-CSR-best-solve-only,cuSPARSE CUDA 13.4.1 CSR PER MATRIX BEST,per-matrix-best,cuSPARSE-SpMM-CSR,best,solve-only,"csr-alg1,csr-alg2,csr-alg3,csr-default",manual-selection,csr,CUSPARSE_SPMM_CSR_ALG3,library-preprocess,spmm.csr.fp64,fp64,A100-SXM4-80GB,A100-SXM4-80GB,,9700.0,df7f742d-c1c4-51c9-b7da-d151d8293f2c,suitesparse_all,HB/nos7,nos7,729,729,4617,4,row-major,N,N,1.0,0.0,20260922,main,pass,pass,0,0,36936.0,51.48919,0.00568320006132,51.4948732001,2.58014270006,6.499155335281496,0.0007172752879004714,0.014315487278723409,0.06700160139465461,7.394590596912076e-06,0.00014758234307962276,cuSPARSE 12.8.6,CUDA,13040,13000,2026-10-08T22:47:40.416763+00:00,derived,csr-alg3,0,0,,,,5,20,4,true
3,A100-SXM4-80GB-suitesparse_all-fp64-n4-row-major-cuSPARSE-SpMM-CSR-solve-only,cuSPARSE-SpMM-CSR-best-solve-only,cuSPARSE CUDA 13.4.1 CSR PER MATRIX BEST,per-matrix-best,cuSPARSE-SpMM-CSR,best,solve-only,"csr-alg1,csr-alg2,csr-alg3,csr-default",manual-selection,csr,CUSPARSE_SPMM_CSR_ALG3,library-preprocess,spmm.csr.fp64,fp64,A100-SXM4-80GB,A100-SXM4-80GB,,9700.0,0edb0287-e1df-52fd-b14b-f9e504b96222,suitesparse_all,HB/orsirr_1,orsirr_1,1030,1030,6858,4,row-major,N,N,1.0,0.0,20260922,main,pass,pass,0,0,54864.0,52.833331,0.00599040016532,52.8393214002,2.64765695017,9.158653593398002,0.0010383176495486245,0.020721717742352274,0.09441910921028868,1.0704305665449738e-05,0.00021362595610672445,cuSPARSE 12.8.6,CUDA,13040,13000,2026-10-07T20:01:38.481951+00:00,derived,csr-alg3,0,0,,,,5,20,4,true
3,A100-SXM4-80GB-suitesparse_all-fp64-n4-row-major-cuSPARSE-SpMM-CSR-solve-only,cuSPARSE-SpMM-CSR-best-solve-only,cuSPARSE CUDA 13.4.1 CSR PER MATRIX BEST,per-matrix-best,cuSPARSE-SpMM-CSR,best,solve-only,"csr-alg1,csr-alg2,csr-alg3,csr-default",manual-selection,csr,CUSPARSE_SPMM_CSR_ALG3,library-preprocess,spmm.csr.fp64,fp64,A100-SXM4-80GB,A100-SXM4-80GB,,9700.0,1cb4d392-df77-5092-a407-ab8ee1286933,suitesparse_all,HB/plsk1919,plsk1919,1919,1919,9662,4,row-major,N,N,1.0,0.0,20260922,main,pass,pass,0,0,77296.0,52.541871,0.00588800013065,52.5477590001,2.63298155013,13.127717100010827,0.00147096663056274,0.02935683312941696,0.13533728969083325,1.5164604438791135e-05,0.0003026477642207934,cuSPARSE 12.8.6,CUDA,13040,13000,2026-10-08T00:55:15.629463+00:00,derived,csr-alg3,0,0,,,,5,20,4,true
3,A100-SXM4-80GB-suitesparse_all-fp64-n4-row-major-cuSPARSE-SpMM-CSR-solve-only,cuSPARSE-SpMM-CSR-best-solve-only,cuSPARSE CUDA 13.4.1 CSR PER MATRIX BEST,per-matrix-best,cuSPARSE-SpMM-CSR,best,solve-only,"csr-alg1,csr-alg2,csr-alg3,csr-default",manual-selection,csr,CUSPARSE_SPMM_CSR_ALG3,library-preprocess,spmm.csr.fp64,fp64,A100-SXM4-80GB,A100-SXM4-80GB,,9700.0,df7f742d-c1c4-51c9-b7da-d151d8293f2c,suitesparse_all,HB/plskz362,plskz362,362,362,1760,4,row-major,N,N,1.0,0.0,20260922,main,pass,pass,0,0,14080.0,55.816852,0.00568320006132,55.8225352001,2.79652580006,2.477477450746249,0.000252227885199574,0.005034818559406072,0.025541004646868547,2.600287476284268e-06,5.190534597325847e-05,cuSPARSE 12.8.6,CUDA,13040,13000,2026-10-08T22:47:41.045649+00:00,derived,csr-alg3,0,0,,,,5,20,4,true
3,A100-SXM4-80GB-suitesparse_all-fp64-n4-row-major-cuSPARSE-SpMM-CSR-solve-only,cuSPARSE-SpMM-CSR-best-solve-only,cuSPARSE CUDA 13.4.1 CSR PER MATRIX BEST,per-matrix-best,cuSPARSE-SpMM-CSR,best,solve-only,"csr-alg1,csr-alg2,csr-alg3,csr-default",manual-selection,csr,CUSPARSE_SPMM_CSR_ALG3,library-preprocess,spmm.csr.fp64,fp64,A100-SXM4-80GB,A100-SXM4-80GB,,9700.0,0edb0287-e1df-52fd-b14b-f9e504b96222,suitesparse_all,HB/pores_2,pores_2,1224,1224,9613,4,row-major,N,N,1.0,0.0,20260922,main,pass,pass,0,0,76904.0,50.28482,0.00588800013065,50.2907080001,2.52012900013,13.061141014531575,0.0015291890501888956,0.030515898192526227,0.13465093829413996,1.5764835568957686e-05,0.00031459688858274465,cuSPARSE 12.8.6,CUDA,13040,13000,2026-10-07T20:01:39.400119+00:00,derived,csr-alg3,0,0,,,,5,20,4,true
3,A100-SXM4-80GB-suitesparse_all-fp64-n4-row-major-cuSPARSE-SpMM-CSR-solve-only,cuSPARSE-SpMM-CSR-best-solve-only,cuSPARSE CUDA 13.4.1 CSR PER MATRIX BEST,per-matrix-best,cuSPARSE-SpMM-CSR,best,solve-only,"csr-alg1,csr-alg2,csr-alg3,csr-default",manual-selection,csr,CUSPARSE_SPMM_CSR_ALG3,library-preprocess,spmm.csr.fp64,fp64,A100-SXM4-80GB,A100-SXM4-80GB,,9700.0,1cb4d392-df77-5092-a407-ab8ee1286933,suitesparse_all,HB/rgg010,rgg010,10,10,76,4,row-major,N,N,1.0,0.0,20260922,main,pass,pass,0,0,608.0,53.010001,0.00563200004399,53.015633,2.65613205004,0.10795454461134227,1.146831539293325e-05,0.00022890428207093236,0.0011129334496014667,1.1823005559725002e-07,2.359837959494148e-06,cuSPARSE 12.8.6,CUDA,13040,13000,2026-10-08T00:55:16.255297+00:00,derived,csr-alg3,0,0,,,,5,20,4,true
3,A100-SXM4-80GB-suitesparse_all-fp64-n4-row-major-cuSPARSE-SpMM-CSR-solve-only,cuSPARSE-SpMM-CSR-best-solve-only,cuSPARSE CUDA 13.4.1 CSR PER MATRIX BEST,per-matrix-best,cuSPARSE-SpMM-CSR,best,solve-only,"csr-alg1,csr-alg2,csr-alg3,csr-default",manual-selection,csr,CUSPARSE_SPMM_CSR_ALG3,library-preprocess,spmm.csr.fp64,fp64,A100-SXM4-80GB,A100-SXM4-80GB,,9700.0,df7f742d-c1c4-51c9-b7da-d151d8293f2c,suitesparse_all,HB/saylr1,saylr1,238,238,1128,4,row-major,N,N,1.0,0.0,20260922,main,pass,pass,0,0,9024.0,58.125204,0.00558080002666,58.1307848,2.91184100003,1.6169724693397924,0.00015523616326611162,0.0030990703132166312,0.01666981927154425,1.6003728171764085e-06,3.194917848676939e-05,cuSPARSE 12.8.6,CUDA,13040,13000,2026-10-08T22:47:41.632143+00:00,derived,csr-alg3,0,0,,,,5,20,4,true
3,A100-SXM4-80GB-suitesparse_all-fp64-n4-row-major-cuSPARSE-SpMM-CSR-solve-only,cuSPARSE-SpMM-CSR-best-solve-only,cuSPARSE CUDA 13.4.1 CSR PER MATRIX BEST,per-matrix-best,cuSPARSE-SpMM-CSR,best,solve-only,"csr-alg1,csr-alg2,csr-alg3,csr-default",manual-selection,csr,CUSPARSE_SPMM_CSR_ALG3,library-preprocess,spmm.csr.fp64,fp64,A100-SXM4-80GB,A100-SXM4-80GB,,9700.0,0edb0287-e1df-52fd-b14b-f9e504b96222,suitesparse_all,HB/saylr4,saylr4,3564,3564,22316,4,row-major,N,N,1.0,0.0,20260922,main,pass,pass,0,0,178528.0,50.42807,0.00670719966292,50.4347771997,2.52811069966,26.61736774990791,0.0035397796899767396,0.07061716087986568,0.27440585309183413,3.649257412347154e-05,0.0007280119678336668,cuSPARSE 12.8.6,CUDA,13040,13000,2026-10-07T20:01:40.115439+00:00,derived,csr-alg3,0,0,,,,5,20,4,true
3,A100-SXM4-80GB-suitesparse_all-fp64-n4-row-major-cuSPARSE-SpMM-CSR-solve-only,cuSPARSE-SpMM-CSR-best-solve-only,cuSPARSE CUDA 13.4.1 CSR PER MATRIX BEST,per-matrix-best,cuSPARSE-SpMM-CSR,best,solve-only,"csr-alg1,csr-alg2,csr-alg3,csr-default",manual-selection,csr,CUSPARSE_SPMM_CSR_ALG3,library-preprocess,spmm.csr.fp64,fp64,A100-SXM4-80GB,A100-SXM4-80GB,,9700.0,1cb4d392-df77-5092-a407-ab8ee1286933,suitesparse_all,HB/sherman5,sherman5,3312,3312,20793,4,row-major,N,N,1.0,0.0,20260922,main,pass,pass,0,0,166344.0,54.664182,0.00711679980159,54.6712987998,2.7403258998,23.37342691062298,0.0030426202349633684,0.06070226903016916,0.24096316402704107,3.136721891714813e-05,0.0006257965879398883,cuSPARSE 12.8.6,CUDA,13040,13000,2026-10-08T00:55:16.927127+00:00,derived,csr-alg3,0,0,,,,5,20,4,true
3,A100-SXM4-80GB-suitesparse_all-fp64-n4-row-major-cuSPARSE-SpMM-CSR-solve-only,cuSPARSE-SpMM-CSR-best-solve-only,cuSPARSE CUDA 13.4.1 CSR PER MATRIX BEST,per-matrix-best,cuSPARSE-SpMM-CSR,best,solve-only,"csr-alg1,csr-alg2,csr-alg3,csr-default",manual-selection,csr,CUSPARSE_SPMM_CSR_ALG3,library-preprocess,spmm.csr.fp64,fp64,A100-SXM4-80GB,A100-SXM4-80GB,,9700.0,df7f742d-c1c4-51c9-b7da-d151d8293f2c,suitesparse_all,HB/shl_0,shl_0,663,663,1687,4,row-major,N,N,1.0,0.0,20260922,main,pass,pass,0,0,13496.0,59.426113,0.010956799984,59.4370698,2.98226244998,1.231746497125798,0.00022706368341193021,0.004525423307425712,0.012698417496142249,2.3408627155869094e-06,4.665384853016198e-05,cuSPARSE 12.8.6,CUDA,13040,13000,2026-10-08T22:47:42.315230+00:00,derived,csr-alg3,0,0,,,,5,20,4,true
3,A100-SXM4-80GB-suitesparse_all-fp64-n4-row-major-cuSPARSE-SpMM-CSR-solve-only,cuSPARSE-SpMM-CSR-best-solve-only,cuSPARSE CUDA 13.4.1 CSR PER MATRIX BEST,per-matrix-best,cuSPARSE-SpMM-CSR,best,solve-only,"csr-alg1,csr-alg2,csr-alg3,csr-default",manual-selection,csr,CUSPARSE_SPMM_CSR_ALG3,library-preprocess,spmm.csr.fp64,fp64,A100-SXM4-80GB,A100-SXM4-80GB,,9700.0,0edb0287-e1df-52fd-b14b-f9e504b96222,suitesparse_all,HB/shl_400,shl_400,663,663,1712,4,row-major,N,N,1.0,0.0,20260922,main,pass,pass,0,0,13696.0,52.347531,0.0102399997413,52.3577709997,2.62761654974,1.337500033790162,0.0002615848562399357,0.005212328260512443,0.013788660142166616,2.6967510952570693e-06,5.373534289188086e-05,cuSPARSE 12.8.6,CUDA,13040,13000,2026-10-07T20:01:40.747309+00:00,derived,csr-alg3,0,0,,,,5,20,4,true
3,A100-SXM4-80GB-suitesparse_all-fp64-n4-row-major-cuSPARSE-SpMM-CSR-solve-only,cuSPARSE-SpMM-CSR-best-solve-only,cuSPARSE CUDA 13.4.1 CSR PER MATRIX BEST,per-matrix-best,cuSPARSE-SpMM-CSR,best,solve-only,"csr-alg1,csr-alg2,csr-alg3,csr-default",manual-selection,csr,CUSPARSE_SPMM_CSR_ALG3,library-preprocess,spmm.csr.fp64,fp64,A100-SXM4-80GB,A100-SXM4-80GB,,9700.0,1cb4d392-df77-5092-a407-ab8ee1286933,suitesparse_all,HB/str_0,str_0,363,363,2454,4,row-major,N,N,1.0,0.0,20260922,main,pass,pass,0,0,19632.0,52.388432,0.00691199973226,52.3953439997,2.62633359973,2.8402778877974537,0.00037468978159800625,0.007475059528621293,0.029281215338118078,3.862781253587694e-06,7.706246936722982e-05,cuSPARSE 12.8.6,CUDA,13040,13000,2026-10-08T00:55:17.531993+00:00,derived,csr-alg3,0,0,,,,5,20,4,true
3,A100-SXM4-80GB-suitesparse_all-fp64-n4-row-major-cuSPARSE-SpMM-CSR-solve-only,cuSPARSE-SpMM-CSR-best-solve-only,cuSPARSE CUDA 13.4.1 CSR PER MATRIX BEST,per-matrix-best,cuSPARSE-SpMM-CSR,best,solve-only,"csr-alg1,csr-alg2,csr-alg3,csr-default",manual-selection,csr,CUSPARSE_SPMM_CSR_ALG3,library-preprocess,spmm.csr.fp64,fp64,A100-SXM4-80GB,A100-SXM4-80GB,,9700.0,df7f742d-c1c4-51c9-b7da-d151d8293f2c,suitesparse_all,HB/str_200,str_200,363,363,3068,4,row-major,N,N,1.0,0.0,20260922,main,pass,pass,0,0,24544.0,52.498411,0.00670719966292,52.5051181997,2.63162774966,3.6593513289441417,0.0004674591895336451,0.009326547040390126,0.03772527143241383,4.819166902408713e-06,9.614996948855801e-05,cuSPARSE 12.8.6,CUDA,13040,13000,2026-10-08T22:47:43.087151+00:00,derived,csr-alg3,0,0,,,,5,20,4,true
3,A100-SXM4-80GB-suitesparse_all-fp64-n4-row-major-cuSPARSE-SpMM-CSR-solve-only,cuSPARSE-SpMM-CSR-best-solve-only,cuSPARSE CUDA 13.4.1 CSR PER MATRIX BEST,per-matrix-best,cuSPARSE-SpMM-CSR,best,solve-only,"csr-alg1,csr-alg2,csr-alg3,csr-default",manual-selection,csr,CUSPARSE_SPMM_CSR_ALG3,library-preprocess,spmm.csr.fp64,fp64,A100-SXM4-80GB,A100-SXM4-80GB,,9700.0,0edb0287-e1df-52fd-b14b-f9e504b96222,suitesparse_all,HB/str_600,str_600,363,363,3279,4,row-major,N,N,1.0,0.0,20260922,main,pass,pass,0,0,26232.0,50.5998,0.00721919983625,50.6070191998,2.53720919984,3.6336436994416497,0.0005183470675566616,0.010338918841085011,0.03746024432414072,5.343784201615068e-06,0.00010658679217613414,cuSPARSE 12.8.6,CUDA,13040,13000,2026-10-07T20:01:41.353122+00:00,derived,csr-alg3,0,0,,,,5,20,4,true
3,A100-SXM4-80GB-suitesparse_all-fp64-n4-row-major-cuSPARSE-SpMM-CSR-solve-only,cuSPARSE-SpMM-CSR-best-solve-only,cuSPARSE CUDA 13.4.1 CSR PER MATRIX BEST,per-matrix-best,cuSPARSE-SpMM-CSR,best,solve-only,"csr-alg1,csr-alg2,csr-alg3,csr-default",manual-selection,csr,CUSPARSE_SPMM_CSR_ALG3,library-preprocess,spmm.csr.fp64,fp64,A100-SXM4-80GB,A100-SXM4-80GB,,9700.0,1cb4d392-df77-5092-a407-ab8ee1286933,suitesparse_all,HB/west0067,west0067,67,67,294,4,row-major,N,N,1.0,0.0,20260922,main,pass,pass,0,0,2352.0,54.872732,0.00558080002666,54.8783128,2.74921740003,0.42144495211515864,4.285846047366091e-05,0.0008555161916166886,0.004344793320774832,4.418397986975352e-07,8.819754552749367e-06,cuSPARSE 12.8.6,CUDA,13040,13000,2026-10-08T00:55:18.149493+00:00,derived,csr-alg3,0,0,,,,5,20,4,true
3,A100-SXM4-80GB-suitesparse_all-fp64-n4-row-major-cuSPARSE-SpMM-CSR-solve-only,cuSPARSE-SpMM-CSR-best-solve-only,cuSPARSE CUDA 13.4.1 CSR PER MATRIX BEST,per-matrix-best,cuSPARSE-SpMM-CSR,best,solve-only,"csr-alg1,csr-alg2,csr-alg3,csr-default",manual-selection,csr,CUSPARSE_SPMM_CSR_ALG3,library-preprocess,spmm.csr.fp64,fp64,A100-SXM4-80GB,A100-SXM4-80GB,,9700.0,df7f742d-c1c4-51c9-b7da-d151d8293f2c,suitesparse_all,HB/west0132,west0132,132,132,414,4,row-major,N,N,1.0,0.0,20260922,main,pass,pass,0,0,3312.0,52.02352,0.00563200004399,52.029152,2.60680800004,0.5880681772249434,6.365662081134823e-05,0.001270519347780573,0.0060625585280922,6.562538227974044e-07,1.3098137605985287e-05,cuSPARSE 12.8.6,CUDA,13040,13000,2026-10-08T22:47:43.662570+00:00,derived,csr-alg3,0,0,,,,5,20,4,true
3,A100-SXM4-80GB-suitesparse_all-fp64-n4-row-major-cuSPARSE-SpMM-CSR-solve-only,cuSPARSE-SpMM-CSR-best-solve-only,cuSPARSE CUDA 13.4.1 CSR PER MATRIX BEST,per-matrix-best,cuSPARSE-SpMM-CSR,best,solve-only,"csr-alg1,csr-alg2,csr-alg3,csr-default",manual-selection,csr,CUSPARSE_SPMM_CSR_ALG3,library-preprocess,spmm.csr.fp64,fp64,A100-SXM4-80GB,A100-SXM4-80GB,,9700.0,0edb0287-e1df-52fd-b14b-f9e504b96222,suitesparse_all,HB/west0167,west0167,167,167,507,4,row-major,N,N,1.0,0.0,20260922,main,pass,pass,0,0,4056.0,50.92008,0.00568320006132,50.9257632001,2.55168720006,0.713682424732016,7.964534540332693e-05,0.001589536523091321,0.007357550770433155,8.210860350858446e-07,1.638697446485898e-05,cuSPARSE 12.8.6,CUDA,13040,13000,2026-10-07T20:01:42.090470+00:00,derived,csr-alg3,0,0,,,,5,20,4,true
3,A100-SXM4-80GB-suitesparse_all-fp64-n4-row-major-cuSPARSE-SpMM-CSR-solve-only,cuSPARSE-SpMM-CSR-best-solve-only,cuSPARSE CUDA 13.4.1 CSR PER MATRIX BEST,per-matrix-best,cuSPARSE-SpMM-CSR,best,solve-only,"csr-alg1,csr-alg2,csr-alg3,csr-default",manual-selection,csr,CUSPARSE_SPMM_CSR_ALG3,library-preprocess,spmm.csr.fp64,fp64,A100-SXM4-80GB,A100-SXM4-80GB,,9700.0,1cb4d392-df77-5092-a407-ab8ee1286933,suitesparse_all,HB/west0989,west0989,989,989,3537,4,row-major,N,N,1.0,0.0,20260922,main,pass,pass,0,0,28296.0,53.608092,0.00593920014799,53.6140312001,2.68634380015,4.764277898527498,0.0005277722895783151,0.010533275747661192,0.04911626699512884,5.440951438951703e-06,0.0001085904716253731,cuSPARSE 12.8.6,CUDA,13040,13000,2026-10-08T00:55:18.747812+00:00,derived,csr-alg3,0,0,,,,5,20,4,true
3,A100-SXM4-80GB-suitesparse_all-fp64-n4-row-major-cuSPARSE-SpMM-CSR-solve-only,cuSPARSE-SpMM-CSR-best-solve-only,cuSPARSE CUDA 13.4.1 CSR PER MATRIX BEST,per-matrix-best,cuSPARSE-SpMM-CSR,best,solve-only,"csr-alg1,csr-alg2,csr-alg3,csr-default",manual-selection,csr,CUSPARSE_SPMM_CSR_ALG3,library-preprocess,spmm.csr.fp64,fp64,A100-SXM4-80GB,A100-SXM4-80GB,,9700.0,df7f742d-c1c4-51c9-b7da-d151d8293f2c,suitesparse_all,HB/west1505,west1505,1505,1505,5445,4,row-major,N,N,1.0,0.0,20260922,main,pass,pass,0,0,43560.0,56.556613,0.00593920014799,56.5625522001,2.83376985015,7.334320937936733,0.0007701208362362933,0.01537174940219448,0.07561155606120343,7.939390064291684e-06,0.00015847164332159257,cuSPARSE 12.8.6,CUDA,13040,13000,2026-10-08T22:47:44.303488+00:00,derived,csr-alg3,0,0,,,,5,20,4,true
3,A100-SXM4-80GB-suitesparse_all-fp64-n4-row-major-cuSPARSE-SpMM-CSR-solve-only,cuSPARSE-SpMM-CSR-best-solve-only,cuSPARSE CUDA 13.4.1 CSR PER MATRIX BEST,per-matrix-best,cuSPARSE-SpMM-CSR,best,solve-only,"csr-alg1,csr-alg2,csr-alg3,csr-default",manual-selection,csr,CUSPARSE_SPMM_CSR_ALG3,library-preprocess,spmm.csr.fp64,fp64,A100-SXM4-80GB,A100-SXM4-80GB,,9700.0,0edb0287-e1df-52fd-b14b-f9e504b96222,suitesparse_all,HB/will199,will199,199,199,701,4,row-major,N,N,1.0,0.0,20260922,main,pass,pass,0,0,5608.0,52.795792,0.00568320006132,52.8014752001,2.64547280006,0.9867680073710913,0.00010620915379253228,0.0021198479152281626,0.010172866055372074,1.0949397298199206e-06,2.1854102218847035e-05,cuSPARSE 12.8.6,CUDA,13040,13000,2026-10-07T20:01:42.693876+00:00,derived,csr-alg3,0,0,,,,5,20,4,true
3,A100-SXM4-80GB-suitesparse_all-fp64-n4-row-major-cuSPARSE-SpMM-CSR-solve-only,cuSPARSE-SpMM-CSR-best-solve-only,cuSPARSE CUDA 13.4.1 CSR PER MATRIX BEST,per-matrix-best,cuSPARSE-SpMM-CSR,best,solve-only,"csr-alg1,csr-alg2,csr-alg3,csr-default",manual-selection,csr,CUSPARSE_SPMM_CSR_ALG3,library-preprocess,spmm.csr.fp64,fp64,A100-SXM4-80GB,A100-SXM4-80GB,,9700.0,1cb4d392-df77-5092-a407-ab8ee1286933,suitesparse_all,HB/young1c,young1c,841,841,4089,4,row-major,N,N,1.0,0.0,20260922,main,pass,pass,0,0,32712.0,53.038941,0.00588800013065,53.0448290001,2.65783505013,5.555706398462458,0.000616685935587394,0.012307761536367727,0.05727532369548926,6.357586964818495e-06,0.00012688413955018276,cuSPARSE 12.8.6,CUDA,13040,13000,2026-10-08T00:55:19.348268+00:00,derived,csr-alg3,0,0,,,,5,20,4,true
3,A100-SXM4-80GB-suitesparse_all-fp64-n4-row-major-cuSPARSE-SpMM-CSR-solve-only,cuSPARSE-SpMM-CSR-best-solve-only,cuSPARSE CUDA 13.4.1 CSR PER MATRIX BEST,per-matrix-best,cuSPARSE-SpMM-CSR,best,solve-only,"csr-alg1,csr-alg2,csr-alg3,csr-default",manual-selection,csr,CUSPARSE_SPMM_CSR_ALG3,library-preprocess,spmm.csr.fp64,fp64,A100-SXM4-80GB,A100-SXM4-80GB,,9700.0,df7f742d-c1c4-51c9-b7da-d151d8293f2c,suitesparse_all,HB/young2c,young2c,841,841,4089,4,row-major,N,N,1.0,0.0,20260922,main,pass,pass,0,0,32712.0,54.489582,0.00568320006132,54.4952652001,2.73016230006,5.755912100057621,0.0006002723333831941,0.011981705263192997,0.059339300000594036,6.188374570960764e-06,0.00012352273467209273,cuSPARSE 12.8.6,CUDA,13040,13000,2026-10-08T22:47:44.906681+00:00,derived,csr-alg3,0,0,,,,5,20,4,true
3,A100-SXM4-80GB-suitesparse_all-fp64-n4-row-major-cuSPARSE-SpMM-CSR-solve-only,cuSPARSE-SpMM-CSR-best-solve-only,cuSPARSE CUDA 13.4.1 CSR PER MATRIX BEST,per-matrix-best,cuSPARSE-SpMM-CSR,best,solve-only,"csr-alg1,csr-alg2,csr-alg3,csr-default",manual-selection,csr,CUSPARSE_SPMM_CSR_ALG3,library-preprocess,spmm.csr.fp64,fp64,A100-SXM4-80GB,A100-SXM4-80GB,,9700.0,0edb0287-e1df-52fd-b14b-f9e504b96222,suitesparse_all,HB/young4c,young4c,841,841,4089,4,row-major,N,N,1.0,0.0,20260922,main,pass,pass,0,0,32712.0,54.716742,0.00578560009599,54.7225276001,2.7416227001,5.654037516812247,0.0005977794052031364,0.011931619912107833,0.058289046565074706,6.162674280444706e-06,0.0001230063908464725,cuSPARSE 12.8.6,CUDA,13040,13000,2026-10-07T20:01:43.308794+00:00,derived,csr-alg3,0,0,,,,5,20,4,true
3,A100-SXM4-80GB-suitesparse_all-fp64-n4-row-major-cuSPARSE-SpMM-CSR-solve-only,cuSPARSE-SpMM-CSR-best-solve-only,cuSPARSE CUDA 13.4.1 CSR PER MATRIX BEST,per-matrix-best,cuSPARSE-SpMM-CSR,best,solve-only,"csr-alg1,csr-alg2,csr-alg3,csr-default",manual-selection,csr,CUSPARSE_SPMM_CSR_ALG3,library-preprocess,spmm.csr.fp64,fp64,A100-SXM4-80GB,A100-SXM4-80GB,,9700.0,1cb4d392-df77-5092-a407-ab8ee1286933,suitesparse_all,Hohn/fd15,fd15,11532,11532,44206,4,row-major,N,N,1.0,0.0,20260922,main,pass,pass,0,0,353648.0,48.726669,0.00936959981918,48.7360385998,2.44570304982,37.744194717480504,0.007256396091278771,0.14459972972844268,0.3891154094585619,7.480820712658527e-05,0.0014907188631798213,cuSPARSE 12.8.6,CUDA,13040,13000,2026-10-08T00:57:32.175056+00:00,derived,csr-alg3,0,0,,,,5,20,4,true
3,A100-SXM4-80GB-suitesparse_all-fp64-n4-row-major-cuSPARSE-SpMM-CSR-solve-only,cuSPARSE-SpMM-CSR-best-solve-only,cuSPARSE CUDA 13.4.1 CSR PER MATRIX BEST,per-matrix-best,cuSPARSE-SpMM-CSR,best,solve-only,"csr-alg1,csr-alg2,csr-alg3,csr-default",manual-selection,csr,CUSPARSE_SPMM_CSR_ALG3,library-preprocess,spmm.csr.fp64,fp64,A100-SXM4-80GB,A100-SXM4-80GB,,9700.0,df7f742d-c1c4-51c9-b7da-d151d8293f2c,suitesparse_all,Hohn/fd18,fd18,16428,16428,63406,4,row-major,N,N,1.0,0.0,20260922,main,pass,pass,0,0,507248.0,51.26553,0.011878400296,51.2774084003,2.5751549003,42.70339333241814,0.009892231605001169,0.19697766528176877,0.44024116837544475,0.0001019817691237234,0.0020306975802244203,cuSPARSE 12.8.6,CUDA,13040,13000,2026-10-08T22:50:23.747608+00:00,derived,csr-alg3,0,0,,,,5,20,4,true
3,A100-SXM4-80GB-suitesparse_all-fp64-n4-row-major-cuSPARSE-SpMM-CSR-solve-only,cuSPARSE-SpMM-CSR-best-solve-only,cuSPARSE CUDA 13.4.1 CSR PER MATRIX BEST,per-matrix-best,cuSPARSE-SpMM-CSR,best,solve-only,"csr-alg1,csr-alg2,csr-alg3,csr-default",manual-selection,csr,CUSPARSE_SPMM_CSR_ALG3,library-preprocess,spmm.csr.fp64,fp64,A100-SXM4-80GB,A100-SXM4-80GB,,9700.0,0edb0287-e1df-52fd-b14b-f9e504b96222,suitesparse_all,Hohn/sinc15,sinc15,11532,11532,568526,4,row-major,N,N,1.0,0.0,20260922,main,pass,pass,0,0,4548208.0,59.932374,0.0194048002362,59.9517788002,3.01602350024,234.38571614436086,0.0758644379036311,1.5080147749638144,2.416347589117122,0.0007821076072539288,0.015546544071791901,cuSPARSE 12.8.6,CUDA,13040,13000,2026-10-07T20:04:24.923156+00:00,derived,csr-alg3,0,0,,,,5,20,4,true
3,A100-SXM4-80GB-suitesparse_all-fp64-n4-row-major-cuSPARSE-SpMM-CSR-solve-only,cuSPARSE-SpMM-CSR-best-solve-only,cuSPARSE CUDA 13.4.1 CSR PER MATRIX BEST,per-matrix-best,cuSPARSE-SpMM-CSR,best,solve-only,"csr-alg1,csr-alg2,csr-alg3,csr-default",manual-selection,csr,CUSPARSE_SPMM_CSR_ALG3,library-preprocess,spmm.csr.fp64,fp64,A100-SXM4-80GB,A100-SXM4-80GB,,9700.0,0edb0287-e1df-52fd-b14b-f9e504b96222,suitesparse_all,Hollinger/g7jac010,g7jac010,2880,2880,19635,4,row-major,N,N,1.0,0.0,20260922,main,pass,pass,0,0,157080.0,53.955772,0.00814080014825,53.9639128001,2.70592940015,19.295400592012687,0.002910834145438559,0.058050295026652377,0.19892165558775965,3.0008599437510918e-05,0.0005984566497593028,cuSPARSE 12.8.6,CUDA,13040,13000,2026-10-07T20:02:50.597596+00:00,derived,csr-alg3,0,0,,,,5,20,4,true
3,A100-SXM4-80GB-suitesparse_all-fp64-n4-row-major-cuSPARSE-SpMM-CSR-solve-only,cuSPARSE-SpMM-CSR-best-solve-only,cuSPARSE CUDA 13.4.1 CSR PER MATRIX BEST,per-matrix-best,cuSPARSE-SpMM-CSR,best,solve-only,"csr-alg1,csr-alg2,csr-alg3,csr-default",manual-selection,csr,CUSPARSE_SPMM_CSR_ALG3,library-preprocess,spmm.csr.fp64,fp64,A100-SXM4-80GB,A100-SXM4-80GB,,9700.0,1cb4d392-df77-5092-a407-ab8ee1286933,suitesparse_all,Hollinger/g7jac040sc,g7jac040sc,11790,11790,114671,4,row-major,N,N,1.0,0.0,20260922,main,pass,pass,0,0,917368.0,53.783981,0.019148799777,53.8031297998,2.70834784978,47.90733678785804,0.017050457908554795,0.33871867680309903,0.49389006997791796,0.00017577791658303913,0.0034919451216814334,cuSPARSE 12.8.6,CUDA,13040,13000,2026-10-08T00:56:01.959914+00:00,derived,csr-alg3,0,0,,,,5,20,4,true
3,A100-SXM4-80GB-suitesparse_all-fp64-n4-row-major-cuSPARSE-SpMM-CSR-solve-only,cuSPARSE-SpMM-CSR-best-solve-only,cuSPARSE CUDA 13.4.1 CSR PER MATRIX BEST,per-matrix-best,cuSPARSE-SpMM-CSR,best,solve-only,"csr-alg1,csr-alg2,csr-alg3,csr-default",manual-selection,csr,CUSPARSE_SPMM_CSR_ALG3,library-preprocess,spmm.csr.fp64,fp64,A100-SXM4-80GB,A100-SXM4-80GB,,9700.0,df7f742d-c1c4-51c9-b7da-d151d8293f2c,suitesparse_all,Hollinger/g7jac050sc,g7jac050sc,14760,14760,157990,4,row-major,N,N,1.0,0.0,20260922,main,pass,pass,0,0,1263920.0,53.059451,0.0220671996474,53.0815181996,2.67503974965,57.27595799174806,0.023810924081849726,0.47248643694560816,0.5904737937293615,0.00024547344414278067,0.0048709941953155485,cuSPARSE 12.8.6,CUDA,13040,13000,2026-10-08T22:48:25.843689+00:00,derived,csr-alg3,0,0,,,,5,20,4,true
3,A100-SXM4-80GB-suitesparse_all-fp64-n4-row-major-cuSPARSE-SpMM-CSR-solve-only,cuSPARSE-SpMM-CSR-best-solve-only,cuSPARSE CUDA 13.4.1 CSR PER MATRIX BEST,per-matrix-best,cuSPARSE-SpMM-CSR,best,solve-only,"csr-alg1,csr-alg2,csr-alg3,csr-default",manual-selection,csr,CUSPARSE_SPMM_CSR_ALG3,library-preprocess,spmm.csr.fp64,fp64,A100-SXM4-80GB,A100-SXM4-80GB,,9700.0,0edb0287-e1df-52fd-b14b-f9e504b96222,suitesparse_all,Hollinger/g7jac060sc,g7jac060sc,17730,17730,203316,4,row-major,N,N,1.0,0.0,20260922,main,pass,pass,0,0,1626528.0,54.110682,0.0237568005919,54.1344388006,2.72929090059,68.46578493210794,0.030046085930458974,0.5959525969358517,0.7058328343516282,0.000309753463200608,0.006143841205524244,cuSPARSE 12.8.6,CUDA,13040,13000,2026-10-07T20:02:51.873005+00:00,derived,csr-alg3,0,0,,,,5,20,4,true
3,A100-SXM4-80GB-suitesparse_all-fp64-n4-row-major-cuSPARSE-SpMM-CSR-solve-only,cuSPARSE-SpMM-CSR-best-solve-only,cuSPARSE CUDA 13.4.1 CSR PER MATRIX BEST,per-matrix-best,cuSPARSE-SpMM-CSR,best,solve-only,"csr-alg1,csr-alg2,csr-alg3,csr-default",manual-selection,csr,CUSPARSE_SPMM_CSR_ALG3,library-preprocess,spmm.csr.fp64,fp64,A100-SXM4-80GB,A100-SXM4-80GB,,9700.0,1cb4d392-df77-5092-a407-ab8ee1286933,suitesparse_all,Hollinger/g7jac120,g7jac120,35550,35550,475296,4,row-major,N,N,1.0,0.0,20260922,main,pass,pass,0,0,3802368.0,51.24157,0.025856000185,51.2674260002,2.58793450019,147.0594048883822,0.07416732800248577,1.4692674794206881,1.5160763390554868,0.0007646116288916059,0.015147087416708126,cuSPARSE 12.8.6,CUDA,13040,13000,2026-10-08T00:56:04.082373+00:00,derived,csr-alg3,0,0,,,,5,20,4,true
3,A100-SXM4-80GB-suitesparse_all-fp64-n4-row-major-cuSPARSE-SpMM-CSR-solve-only,cuSPARSE-SpMM-CSR-best-solve-only,cuSPARSE CUDA 13.4.1 CSR PER MATRIX BEST,per-matrix-best,cuSPARSE-SpMM-CSR,best,solve-only,"csr-alg1,csr-alg2,csr-alg3,csr-default",manual-selection,csr,CUSPARSE_SPMM_CSR_ALG3,library-preprocess,spmm.csr.fp64,fp64,A100-SXM4-80GB,A100-SXM4-80GB,,9700.0,df7f742d-c1c4-51c9-b7da-d151d8293f2c,suitesparse_all,Hollinger/g7jac120sc,g7jac120sc,35550,35550,475296,4,row-major,N,N,1.0,0.0,20260922,main,pass,pass,0,0,3802368.0,52.02578,0.0254976004362,52.0512776004,2.62678660044,149.12650347291586,0.07305042595094303,1.4475359358704982,1.5373866337414006,0.0007530971747519901,0.014923050885262868,cuSPARSE 12.8.6,CUDA,13040,13000,2026-10-08T22:48:28.487156+00:00,derived,csr-alg3,0,0,,,,5,20,4,true
3,A100-SXM4-80GB-suitesparse_all-fp64-n4-row-major-cuSPARSE-SpMM-CSR-solve-only,cuSPARSE-SpMM-CSR-best-solve-only,cuSPARSE CUDA 13.4.1 CSR PER MATRIX BEST,per-matrix-best,cuSPARSE-SpMM-CSR,best,solve-only,"csr-alg1,csr-alg2,csr-alg3,csr-default",manual-selection,csr,CUSPARSE_SPMM_CSR_ALG3,library-preprocess,spmm.csr.fp64,fp64,A100-SXM4-80GB,A100-SXM4-80GB,,9700.0,0edb0287-e1df-52fd-b14b-f9e504b96222,suitesparse_all,Hollinger/g7jac140sc,g7jac140sc,41490,41490,565956,4,row-major,N,N,1.0,0.0,20260922,main,pass,pass,0,0,4527648.0,53.590072,0.0281599998474,53.6182319998,2.70766359985,160.78295541674288,0.08444232178369641,1.6721604560665602,1.6575562414097202,0.0008705393998319217,0.01723876758831505,cuSPARSE 12.8.6,CUDA,13040,13000,2026-10-07T20:02:54.339167+00:00,derived,csr-alg3,0,0,,,,5,20,4,true
3,A100-SXM4-80GB-suitesparse_all-fp64-n4-row-major-cuSPARSE-SpMM-CSR-solve-only,cuSPARSE-SpMM-CSR-best-solve-only,cuSPARSE CUDA 13.4.1 CSR PER MATRIX BEST,per-matrix-best,cuSPARSE-SpMM-CSR,best,solve-only,"csr-alg1,csr-alg2,csr-alg3,csr-default",manual-selection,csr,CUSPARSE_SPMM_CSR_ALG3,library-preprocess,spmm.csr.fp64,fp64,A100-SXM4-80GB,A100-SXM4-80GB,,9700.0,1cb4d392-df77-5092-a407-ab8ee1286933,suitesparse_all,Hollinger/g7jac200,g7jac200,59310,59310,837936,4,row-major,N,N,1.0,0.0,20260922,main,pass,pass,0,0,6703488.0,52.06144,0.0389631986618,52.1004031987,2.64203519866,172.04665505484235,0.12866480081611467,2.5372440168094306,1.773676856235488,0.0013264412455269554,0.026157154812468355,cuSPARSE 12.8.6,CUDA,13040,13000,2026-10-08T00:56:07.369527+00:00,derived,csr-alg3,0,0,,,,5,20,4,true
3,A100-SXM4-80GB-suitesparse_all-fp64-n4-row-major-cuSPARSE-SpMM-CSR-solve-only,cuSPARSE-SpMM-CSR-best-solve-only,cuSPARSE CUDA 13.4.1 CSR PER MATRIX BEST,per-matrix-best,cuSPARSE-SpMM-CSR,best,solve-only,"csr-alg1,csr-alg2,csr-alg3,csr-default",manual-selection,csr,CUSPARSE_SPMM_CSR_ALG3,library-preprocess,spmm.csr.fp64,fp64,A100-SXM4-80GB,A100-SXM4-80GB,,9700.0,df7f742d-c1c4-51c9-b7da-d151d8293f2c,suitesparse_all,Hollinger/g7jac200sc,g7jac200sc,59310,59310,837936,4,row-major,N,N,1.0,0.0,20260922,main,pass,pass,0,0,6703488.0,52.990552,0.0385024011135,53.0290544011,2.68803000111,174.1057130499213,0.12641160729166137,2.493829308910931,1.7949042582466113,0.0013032124463057872,0.025709580504236402,cuSPARSE 12.8.6,CUDA,13040,13000,2026-10-08T22:48:32.267769+00:00,derived,csr-alg3,0,0,,,,5,20,4,true
3,A100-SXM4-80GB-suitesparse_all-fp64-n4-row-major-cuSPARSE-SpMM-CSR-solve-only,cuSPARSE-SpMM-CSR-best-solve-only,cuSPARSE CUDA 13.4.1 CSR PER MATRIX BEST,per-matrix-best,cuSPARSE-SpMM-CSR,best,solve-only,"csr-alg1,csr-alg2,csr-alg3,csr-default",manual-selection,csr,CUSPARSE_SPMM_CSR_ALG3,library-preprocess,spmm.csr.fp64,fp64,A100-SXM4-80GB,A100-SXM4-80GB,,9700.0,0edb0287-e1df-52fd-b14b-f9e504b96222,suitesparse_all,Hollinger/jan99jac020sc,jan99jac020sc,6774,6774,38692,4,row-major,N,N,1.0,0.0,20260922,main,pass,pass,0,0,309536.0,49.47538,0.01064959988,49.4860295999,2.48441859988,29.065505135203253,0.006255017880857136,0.1245909203927836,0.2996443828371469,6.448472042120758e-05,0.0012844424782761197,cuSPARSE 12.8.6,CUDA,13040,13000,2026-10-07T20:02:55.113712+00:00,derived,csr-alg3,0,0,,,,5,20,4,true
3,A100-SXM4-80GB-suitesparse_all-fp64-n4-row-major-cuSPARSE-SpMM-CSR-solve-only,cuSPARSE-SpMM-CSR-best-solve-only,cuSPARSE CUDA 13.4.1 CSR PER MATRIX BEST,per-matrix-best,cuSPARSE-SpMM-CSR,best,solve-only,"csr-alg1,csr-alg2,csr-alg3,csr-default",manual-selection,csr,CUSPARSE_SPMM_CSR_ALG3,library-preprocess,spmm.csr.fp64,fp64,A100-SXM4-80GB,A100-SXM4-80GB,,9700.0,1cb4d392-df77-5092-a407-ab8ee1286933,suitesparse_all,Hollinger/jan99jac080,jan99jac080,27534,27534,171522,4,row-major,N,N,1.0,0.0,20260922,main,pass,pass,0,0,1372176.0,52.554272,0.0172544002533,52.5715264003,2.64496800025,79.52614868416326,0.026101125342104764,0.5187873728038688,0.8198572029295182,0.0002690837664134512,0.005348323430967719,cuSPARSE 12.8.6,CUDA,13040,13000,2026-10-08T00:56:08.707925+00:00,derived,csr-alg3,0,0,,,,5,20,4,true
3,A100-SXM4-80GB-suitesparse_all-fp64-n4-row-major-cuSPARSE-SpMM-CSR-solve-only,cuSPARSE-SpMM-CSR-best-solve-only,cuSPARSE CUDA 13.4.1 CSR PER MATRIX BEST,per-matrix-best,cuSPARSE-SpMM-CSR,best,solve-only,"csr-alg1,csr-alg2,csr-alg3,csr-default",manual-selection,csr,CUSPARSE_SPMM_CSR_ALG3,library-preprocess,spmm.csr.fp64,fp64,A100-SXM4-80GB,A100-SXM4-80GB,,9700.0,df7f742d-c1c4-51c9-b7da-d151d8293f2c,suitesparse_all,Hollinger/jan99jac080sc,jan99jac080sc,27534,27534,171522,4,row-major,N,N,1.0,0.0,20260922,main,pass,pass,0,0,1372176.0,55.997893,0.0171519994736,56.0150449995,2.81704664947,80.00093529107347,0.02449656159362629,0.48709736498618567,0.8247519102172524,0.0002525418720992401,0.005021622319445213,cuSPARSE 12.8.6,CUDA,13040,13000,2026-10-08T22:48:34.018209+00:00,derived,csr-alg3,0,0,,,,5,20,4,true
3,A100-SXM4-80GB-suitesparse_all-fp64-n4-row-major-cuSPARSE-SpMM-CSR-solve-only,cuSPARSE-SpMM-CSR-best-solve-only,cuSPARSE CUDA 13.4.1 CSR PER MATRIX BEST,per-matrix-best,cuSPARSE-SpMM-CSR,best,solve-only,"csr-alg1,csr-alg2,csr-alg3,csr-default",manual-selection,csr,CUSPARSE_SPMM_CSR_ALG3,library-preprocess,spmm.csr.fp64,fp64,A100-SXM4-80GB,A100-SXM4-80GB,,9700.0,0edb0287-e1df-52fd-b14b-f9e504b96222,suitesparse_all,Hollinger/jan99jac100sc,jan99jac100sc,34454,34454,215862,4,row-major,N,N,1.0,0.0,20260922,main,pass,pass,0,0,1726896.0,54.642772,0.0199680000544,54.6627400001,2.75210660005,86.48317284131186,0.0315918301935988,0.6274815081540177,0.8915791014568233,0.00032568897106802886,0.006468881527361007,cuSPARSE 12.8.6,CUDA,13040,13000,2026-10-07T20:02:56.633013+00:00,derived,csr-alg3,0,0,,,,5,20,4,true
3,A100-SXM4-80GB-suitesparse_all-fp64-n4-row-major-cuSPARSE-SpMM-CSR-solve-only,cuSPARSE-SpMM-CSR-best-solve-only,cuSPARSE CUDA 13.4.1 CSR PER MATRIX BEST,per-matrix-best,cuSPARSE-SpMM-CSR,best,solve-only,"csr-alg1,csr-alg2,csr-alg3,csr-default",manual-selection,csr,CUSPARSE_SPMM_CSR_ALG3,library-preprocess,spmm.csr.fp64,fp64,A100-SXM4-80GB,A100-SXM4-80GB,,9700.0,1cb4d392-df77-5092-a407-ab8ee1286933,suitesparse_all,Hollinger/mark3jac040,mark3jac040,18289,18289,113435,4,row-major,N,N,1.0,0.0,20260922,main,pass,pass,0,0,907480.0,52.069401,0.012800000608,52.0822010006,2.61627005061,70.8968716323986,0.01742399481138567,0.3468602179612213,0.7308955838391609,0.00017962881248851205,0.003575878535682694,cuSPARSE 12.8.6,CUDA,13040,13000,2026-10-08T00:56:09.785293+00:00,derived,csr-alg3,0,0,,,,5,20,4,true
3,A100-SXM4-80GB-suitesparse_all-fp64-n4-row-major-cuSPARSE-SpMM-CSR-solve-only,cuSPARSE-SpMM-CSR-best-solve-only,cuSPARSE CUDA 13.4.1 CSR PER MATRIX BEST,per-matrix-best,cuSPARSE-SpMM-CSR,best,solve-only,"csr-alg1,csr-alg2,csr-alg3,csr-default",manual-selection,csr,CUSPARSE_SPMM_CSR_ALG3,library-preprocess,spmm.csr.fp64,fp64,A100-SXM4-80GB,A100-SXM4-80GB,,9700.0,df7f742d-c1c4-51c9-b7da-d151d8293f2c,suitesparse_all,Hollinger/mark3jac040sc,mark3jac040sc,18289,18289,113435,4,row-major,N,N,1.0,0.0,20260922,main,pass,pass,0,0,907480.0,57.848833,0.0128511995077,57.8616841995,2.90529284951,70.61442003575378,0.0156836084630914,0.3123540541371082,0.7279837117088019,0.00016168668518650928,0.003220144888011425,cuSPARSE 12.8.6,CUDA,13040,13000,2026-10-08T22:48:35.305153+00:00,derived,csr-alg3,0,0,,,,5,20,4,true
3,A100-SXM4-80GB-suitesparse_all-fp64-n4-row-major-cuSPARSE-SpMM-CSR-solve-only,cuSPARSE-SpMM-CSR-best-solve-only,cuSPARSE CUDA 13.4.1 CSR PER MATRIX BEST,per-matrix-best,cuSPARSE-SpMM-CSR,best,solve-only,"csr-alg1,csr-alg2,csr-alg3,csr-default",manual-selection,csr,CUSPARSE_SPMM_CSR_ALG3,library-preprocess,spmm.csr.fp64,fp64,A100-SXM4-80GB,A100-SXM4-80GB,,9700.0,0edb0287-e1df-52fd-b14b-f9e504b96222,suitesparse_all,Hollinger/mark3jac060sc,mark3jac060sc,27449,27449,170695,4,row-major,N,N,1.0,0.0,20260922,main,pass,pass,0,0,1365560.0,51.22436,0.0169471994042,51.2413071994,2.5781651994,80.57732534034946,0.026649593358070885,0.5296634988005416,0.8306940756737057,0.00027473807585640087,0.0054604484412426975,cuSPARSE 12.8.6,CUDA,13040,13000,2026-10-07T20:02:57.959592+00:00,derived,csr-alg3,0,0,,,,5,20,4,true
3,A100-SXM4-80GB-suitesparse_all-fp64-n4-row-major-cuSPARSE-SpMM-CSR-solve-only,cuSPARSE-SpMM-CSR-best-solve-only,cuSPARSE CUDA 13.4.1 CSR PER MATRIX BEST,per-matrix-best,cuSPARSE-SpMM-CSR,best,solve-only,"csr-alg1,csr-alg2,csr-alg3,csr-default",manual-selection,csr,CUSPARSE_SPMM_CSR_ALG3,library-preprocess,spmm.csr.fp64,fp64,A100-SXM4-80GB,A100-SXM4-80GB,,9700.0,1cb4d392-df77-5092-a407-ab8ee1286933,suitesparse_all,Hollinger/mark3jac120,mark3jac120,54929,54929,342475,4,row-major,N,N,1.0,0.0,20260922,main,pass,pass,0,0,2739800.0,54.076862,0.0286208003759,54.1054828004,2.73246390038,95.72758147976303,0.050638121280746524,1.0026847928783176,0.986882283296526,0.0005220424874303766,0.010336956627611521,cuSPARSE 12.8.6,CUDA,13040,13000,2026-10-08T00:56:11.944248+00:00,derived,csr-alg3,0,0,,,,5,20,4,true
3,A100-SXM4-80GB-suitesparse_all-fp64-n4-row-major-cuSPARSE-SpMM-CSR-solve-only,cuSPARSE-SpMM-CSR-best-solve-only,cuSPARSE CUDA 13.4.1 CSR PER MATRIX BEST,per-matrix-best,cuSPARSE-SpMM-CSR,best,solve-only,"csr-alg1,csr-alg2,csr-alg3,csr-default",manual-selection,csr,CUSPARSE_SPMM_CSR_ALG3,library-preprocess,spmm.csr.fp64,fp64,A100-SXM4-80GB,A100-SXM4-80GB,,9700.0,df7f742d-c1c4-51c9-b7da-d151d8293f2c,suitesparse_all,Hollinger/mark3jac120sc,mark3jac120sc,54929,54929,342475,4,row-major,N,N,1.0,0.0,20260922,main,pass,pass,0,0,2739800.0,50.542351,0.0286208003759,50.5709718004,2.55573835038,95.72758147976303,0.05417732549838658,1.072018972361796,0.986882283296526,0.0005585291288493462,0.011051741983111301,cuSPARSE 12.8.6,CUDA,13040,13000,2026-10-08T22:48:37.460205+00:00,derived,csr-alg3,0,0,,,,5,20,4,true
3,A100-SXM4-80GB-suitesparse_all-fp64-n4-row-major-cuSPARSE-SpMM-CSR-solve-only,cuSPARSE-SpMM-CSR-best-solve-only,cuSPARSE CUDA 13.4.1 CSR PER MATRIX BEST,per-matrix-best,cuSPARSE-SpMM-CSR,best,solve-only,"csr-alg1,csr-alg2,csr-alg3,csr-default",manual-selection,csr,CUSPARSE_SPMM_CSR_ALG3,library-preprocess,spmm.csr.fp64,fp64,A100-SXM4-80GB,A100-SXM4-80GB,,9700.0,0edb0287-e1df-52fd-b14b-f9e504b96222,suitesparse_all,Hollinger/mark3jac140sc,mark3jac140sc,64089,64089,399735,4,row-major,N,N,1.0,0.0,20260922,main,pass,pass,0,0,3197880.0,53.445952,0.0323583990335,53.478310399,2.70465599903,98.8268917967573,0.059797700715312756,1.1823610844214163,1.0188339360490442,0.0006164711413949769,0.012189289530117694,cuSPARSE 12.8.6,CUDA,13040,13000,2026-10-07T20:03:00.317967+00:00,derived,csr-alg3,0,0,,,,5,20,4,true
3,A100-SXM4-80GB-suitesparse_all-fp64-n4-row-major-cuSPARSE-SpMM-CSR-solve-only,cuSPARSE-SpMM-CSR-best-solve-only,cuSPARSE CUDA 13.4.1 CSR PER MATRIX BEST,per-matrix-best,cuSPARSE-SpMM-CSR,best,solve-only,"csr-alg1,csr-alg2,csr-alg3,csr-default",manual-selection,csr,CUSPARSE_SPMM_CSR_ALG1,library-preprocess,spmm.csr.fp64,fp64,A100-SXM4-80GB,A100-SXM4-80GB,,9700.0,df7f742d-c1c4-51c9-b7da-d151d8293f2c,suitesparse_all,IBM_Austin/coupled,coupled,11341,11341,98523,4,row-major,N,N,1.0,0.0,20260922,main,pass,pass,0,0,788184.0,0.09379,0.0181247994304,0.11191479943,0.0228142994304,43.48649501069846,7.042714672361004,34.54780640556277,0.4483143815535924,0.0726053059006289,0.3561629526346677,cuSPARSE 12.8.6,CUDA,13040,13000,2026-10-08T17:41:29.922398+00:00,derived,csr-alg1,0,0,,,,5,20,4,true
3,A100-SXM4-80GB-suitesparse_all-fp64-n4-row-major-cuSPARSE-SpMM-CSR-solve-only,cuSPARSE-SpMM-CSR-best-solve-only,cuSPARSE CUDA 13.4.1 CSR PER MATRIX BEST,per-matrix-best,cuSPARSE-SpMM-CSR,best,solve-only,"csr-alg1,csr-alg2,csr-alg3,csr-default",manual-selection,csr,CUSPARSE_SPMM_CSR_ALG3,library-preprocess,spmm.csr.fp64,fp64,A100-SXM4-80GB,A100-SXM4-80GB,,9700.0,1cb4d392-df77-5092-a407-ab8ee1286933,suitesparse_all,IBM_EDA/ckt11752_tr_0,ckt11752_tr_0,49702,49702,333029,4,row-major,N,N,1.0,0.0,20260922,main,pass,pass,0,0,2664232.0,52.68841,0.023388800025,52.7117988,2.65780930002,113.91058956219366,0.05054337094639237,1.002416539057167,1.1743359748679758,0.0005210656798597152,0.01033419112430069,cuSPARSE 12.8.6,CUDA,13040,13000,2026-10-08T01:03:54.734050+00:00,derived,csr-alg3,0,0,,,,5,20,4,true
3,A100-SXM4-80GB-suitesparse_all-fp64-n4-row-major-cuSPARSE-SpMM-CSR-solve-only,cuSPARSE-SpMM-CSR-best-solve-only,cuSPARSE CUDA 13.4.1 CSR PER MATRIX BEST,per-matrix-best,cuSPARSE-SpMM-CSR,best,solve-only,"csr-alg1,csr-alg2,csr-alg3,csr-default",manual-selection,csr,CUSPARSE_SPMM_CSR_ALG1,library-preprocess,spmm.csr.fp64,fp64,A100-SXM4-80GB,A100-SXM4-80GB,,9700.0,0edb0287-e1df-52fd-b14b-f9e504b96222,suitesparse_all,IBM_EDA/dc2,dc2,116835,116835,766396,4,row-major,N,N,1.0,0.0,20260922,main,pass,pass,0,0,6131168.0,0.1352,0.1064447999,0.2416447999,0.1132047999,57.599507028619065,25.372646142343076,54.159964996325215,0.5938093508105058,0.2615736715705472,0.5583501546012909,cuSPARSE 12.8.6,CUDA,13040,13000,2026-10-07T15:37:15.193805+00:00,derived,csr-alg1,0,0,,,,5,20,4,true
3,A100-SXM4-80GB-suitesparse_all-fp64-n4-row-major-cuSPARSE-SpMM-CSR-solve-only,cuSPARSE-SpMM-CSR-best-solve-only,cuSPARSE CUDA 13.4.1 CSR PER MATRIX BEST,per-matrix-best,cuSPARSE-SpMM-CSR,best,solve-only,"csr-alg1,csr-alg2,csr-alg3,csr-default",manual-selection,csr,CUSPARSE_SPMM_CSR_ALG1,library-preprocess,spmm.csr.fp64,fp64,A100-SXM4-80GB,A100-SXM4-80GB,,9700.0,1cb4d392-df77-5092-a407-ab8ee1286933,suitesparse_all,IPSO/HTC_336_4438,HTC_336_4438,226340,226340,904522,4,row-major,N,N,1.0,0.0,20260922,main,pass,pass,0,0,7236176.0,0.14248,0.111616003513,0.254096003513,0.118740003513,64.83098993198765,28.478118112667538,60.94134904760856,0.6683607209483262,0.29358884652234574,0.6282613303877171,cuSPARSE 12.8.6,CUDA,13040,13000,2026-10-07T21:47:23.608079+00:00,derived,csr-alg1,0,0,,,,5,20,4,true
3,A100-SXM4-80GB-suitesparse_all-fp64-n4-row-major-cuSPARSE-SpMM-CSR-solve-only,cuSPARSE-SpMM-CSR-best-solve-only,cuSPARSE CUDA 13.4.1 CSR PER MATRIX BEST,per-matrix-best,cuSPARSE-SpMM-CSR,best,solve-only,"csr-alg1,csr-alg2,csr-alg3,csr-default",manual-selection,csr,CUSPARSE_SPMM_CSR_ALG1,library-preprocess,spmm.csr.fp64,fp64,A100-SXM4-80GB,A100-SXM4-80GB,,9700.0,df7f742d-c1c4-51c9-b7da-d151d8293f2c,suitesparse_all,IPSO/HTC_336_9129,HTC_336_9129,226340,226340,883422,4,row-major,N,N,1.0,0.0,20260922,main,pass,pass,0,0,7067376.0,0.11192,0.0911264002323,0.203046400232,0.0967224002323,77.55574654527996,34.806704240630935,73.06865817045639,0.7995437788173191,0.35883200248073127,0.7532851357779009,cuSPARSE 12.8.6,CUDA,13040,13000,2026-10-08T19:04:57.743061+00:00,derived,csr-alg1,0,0,,,,5,20,4,true
3,A100-SXM4-80GB-suitesparse_all-fp64-n4-row-major-cuSPARSE-SpMM-CSR-solve-only,cuSPARSE-SpMM-CSR-best-solve-only,cuSPARSE CUDA 13.4.1 CSR PER MATRIX BEST,per-matrix-best,cuSPARSE-SpMM-CSR,best,solve-only,"csr-alg1,csr-alg2,csr-alg3,csr-default",manual-selection,csr,CUSPARSE_SPMM_CSR_ALG3,library-preprocess,spmm.csr.fp64,fp64,A100-SXM4-80GB,A100-SXM4-80GB,,9700.0,0edb0287-e1df-52fd-b14b-f9e504b96222,suitesparse_all,IPSO/OPF_3754,OPF_3754,15435,15435,158273,4,row-major,N,N,1.0,0.0,20260922,main,pass,pass,0,0,1266184.0,74.58271,0.0125440001488,74.5952540001,3.74167950015,100.9394120679381,0.016974055748885882,0.3383999083698216,1.0406124955457536,0.00017499026545243177,0.003488658849173418,cuSPARSE 12.8.6,CUDA,13040,13000,2026-10-07T21:24:00.542345+00:00,derived,csr-alg3,0,0,,,,5,20,4,true
3,A100-SXM4-80GB-suitesparse_all-fp64-n4-row-major-cuSPARSE-SpMM-CSR-solve-only,cuSPARSE-SpMM-CSR-best-solve-only,cuSPARSE CUDA 13.4.1 CSR PER MATRIX BEST,per-matrix-best,cuSPARSE-SpMM-CSR,best,solve-only,"csr-alg1,csr-alg2,csr-alg3,csr-default",manual-selection,csr,CUSPARSE_SPMM_CSR_ALG3,library-preprocess,spmm.csr.fp64,fp64,A100-SXM4-80GB,A100-SXM4-80GB,,9700.0,df7f742d-c1c4-51c9-b7da-d151d8293f2c,suitesparse_all,Janna/CoupCons3D,CoupCons3D,416800,416800,22322336,4,row-major,N,N,1.0,0.0,20260922,main,pass,pass,0,0,178578688.0,63.759356,1.71002883911,65.4693848391,4.89799663911,104.43022007333099,2.7276671140088093,36.45953665506169,1.0766002069415566,0.02812027952586401,0.3758715119078525,cuSPARSE 12.8.6,CUDA,13040,13000,2026-10-09T00:21:57.961206+00:00,derived,csr-alg3,0,0,,,,5,20,4,true
3,A100-SXM4-80GB-suitesparse_all-fp64-n4-row-major-cuSPARSE-SpMM-CSR-solve-only,cuSPARSE-SpMM-CSR-best-solve-only,cuSPARSE CUDA 13.4.1 CSR PER MATRIX BEST,per-matrix-best,cuSPARSE-SpMM-CSR,best,solve-only,"csr-alg1,csr-alg2,csr-alg3,csr-default",manual-selection,csr,CUSPARSE_SPMM_CSR_ALG3,library-preprocess,spmm.csr.fp64,fp64,A100-SXM4-80GB,A100-SXM4-80GB,,9700.0,1cb4d392-df77-5092-a407-ab8ee1286933,suitesparse_all,Janna/Emilia_923,Emilia_923,923136,923136,41005206,4,row-major,N,N,1.0,0.0,20260922,main,pass,pass,0,0,328041648.0,62.351055,1.49821443558,63.8492694356,4.61576718558,218.95507092281224,5.137751001691118,71.06979940947336,2.2572687724001264,0.05296650517207338,0.7326783444275604,cuSPARSE 12.8.6,CUDA,13040,13000,2026-10-08T02:03:39.273724+00:00,derived,csr-alg3,0,0,,,,5,20,4,true
3,A100-SXM4-80GB-suitesparse_all-fp64-n4-row-major-cuSPARSE-SpMM-CSR-solve-only,cuSPARSE-SpMM-CSR-best-solve-only,cuSPARSE CUDA 13.4.1 CSR PER MATRIX BEST,per-matrix-best,cuSPARSE-SpMM-CSR,best,solve-only,"csr-alg1,csr-alg2,csr-alg3,csr-default",manual-selection,csr,CUSPARSE_SPMM_CSR_ALG3,library-preprocess,spmm.csr.fp64,fp64,A100-SXM4-80GB,A100-SXM4-80GB,,9700.0,df7f742d-c1c4-51c9-b7da-d151d8293f2c,suitesparse_all,Janna/Fault_639,Fault_639,638802,638802,28614564,4,row-major,N,N,1.0,0.0,20260922,main,pass,pass,0,0,228916512.0,61.121014,1.10172157288,62.2227355729,4.15777227288,207.7807293920836,3.6789850187766495,55.057491602692906,2.1420693751761197,0.03792768060594484,0.5676030062133289,cuSPARSE 12.8.6,CUDA,13040,13000,2026-10-09T00:16:17.825967+00:00,derived,csr-alg3,0,0,,,,5,20,4,true
3,A100-SXM4-80GB-suitesparse_all-fp64-n4-row-major-cuSPARSE-SpMM-CSR-solve-only,cuSPARSE-SpMM-CSR-best-solve-only,cuSPARSE CUDA 13.4.1 CSR PER MATRIX BEST,per-matrix-best,cuSPARSE-SpMM-CSR,best,solve-only,"csr-alg1,csr-alg2,csr-alg3,csr-default",manual-selection,csr,CUSPARSE_SPMM_CSR_ALG3,library-preprocess,spmm.csr.fp64,fp64,A100-SXM4-80GB,A100-SXM4-80GB,,9700.0,0edb0287-e1df-52fd-b14b-f9e504b96222,suitesparse_all,Janna/Geo_1438,Geo_1438,1437960,1437960,63156690,4,row-major,N,N,1.0,0.0,20260922,main,pass,pass,0,0,505253520.0,69.484618,2.35591678619,71.8405347862,5.83014768619,214.46153062863416,7.032986621044129,86.66221632717902,2.2109436147281873,0.07250501671179516,0.8934249105894745,cuSPARSE 12.8.6,CUDA,13040,13000,2026-10-07T21:26:32.776440+00:00,derived,csr-alg3,0,0,,,,5,20,4,true
3,A100-SXM4-80GB-suitesparse_all-fp64-n4-row-major-cuSPARSE-SpMM-CSR-solve-only,cuSPARSE-SpMM-CSR-best-solve-only,cuSPARSE CUDA 13.4.1 CSR PER MATRIX BEST,per-matrix-best,cuSPARSE-SpMM-CSR,best,solve-only,"csr-alg1,csr-alg2,csr-alg3,csr-default",manual-selection,csr,CUSPARSE_SPMM_CSR_ALG3,library-preprocess,spmm.csr.fp64,fp64,A100-SXM4-80GB,A100-SXM4-80GB,,9700.0,1cb4d392-df77-5092-a407-ab8ee1286933,suitesparse_all,Janna/Long_Coup_dt0,Long_Coup_dt0,1470152,1470152,87088992,4,row-major,N,N,1.0,0.0,20260922,main,pass,pass,0,0,696711936.0,66.962017,5.99993743896,72.961954439,9.34803828896,116.11986676327156,9.548975782748357,74.53028266078181,1.1971120284873356,0.0984430493066841,0.7683534294925959,cuSPARSE 12.8.6,CUDA,13040,13000,2026-10-08T02:07:19.245207+00:00,derived,csr-alg3,0,0,,,,5,20,4,true
3,A100-SXM4-80GB-suitesparse_all-fp64-n4-row-major-cuSPARSE-SpMM-CSR-solve-only,cuSPARSE-SpMM-CSR-best-solve-only,cuSPARSE CUDA 13.4.1 CSR PER MATRIX BEST,per-matrix-best,cuSPARSE-SpMM-CSR,best,solve-only,"csr-alg1,csr-alg2,csr-alg3,csr-default",manual-selection,csr,CUSPARSE_SPMM_CSR_ALG3,library-preprocess,spmm.csr.fp64,fp64,A100-SXM4-80GB,A100-SXM4-80GB,,9700.0,df7f742d-c1c4-51c9-b7da-d151d8293f2c,suitesparse_all,Janna/Long_Coup_dt6,Long_Coup_dt6,1470152,1470152,87088992,4,row-major,N,N,1.0,0.0,20260922,main,pass,pass,0,0,696711936.0,65.167386,2.98895359039,68.1563395904,6.24732289039,233.09560183204206,10.22226164414108,111.52167868123533,2.403047441567444,0.10538414066124824,1.1497080276416014,cuSPARSE 12.8.6,CUDA,13040,13000,2026-10-09T00:20:00.469537+00:00,derived,csr-alg3,0,0,,,,5,20,4,true
3,A100-SXM4-80GB-suitesparse_all-fp64-n4-row-major-cuSPARSE-SpMM-CSR-solve-only,cuSPARSE-SpMM-CSR-best-solve-only,cuSPARSE CUDA 13.4.1 CSR PER MATRIX BEST,per-matrix-best,cuSPARSE-SpMM-CSR,best,solve-only,"csr-alg1,csr-alg2,csr-alg3,csr-default",manual-selection,csr,CUSPARSE_SPMM_CSR_ALG3,library-preprocess,spmm.csr.fp64,fp64,A100-SXM4-80GB,A100-SXM4-80GB,,9700.0,0edb0287-e1df-52fd-b14b-f9e504b96222,suitesparse_all,Janna/Transport,Transport,1602111,1602111,23500731,4,row-major,N,N,1.0,0.0,20260922,main,pass,pass,0,0,188005848.0,61.627485,1.15445756912,62.7819425691,4.23583181912,162.85210736961935,2.9945847533002694,44.38463471362715,1.6788877048414368,0.030872007765982156,0.4575735537487335,cuSPARSE 12.8.6,CUDA,13040,13000,2026-10-07T21:30:33.338825+00:00,derived,csr-alg3,0,0,,,,5,20,4,true
3,A100-SXM4-80GB-suitesparse_all-fp64-n4-row-major-cuSPARSE-SpMM-CSR-solve-only,cuSPARSE-SpMM-CSR-best-solve-only,cuSPARSE CUDA 13.4.1 CSR PER MATRIX BEST,per-matrix-best,cuSPARSE-SpMM-CSR,best,solve-only,"csr-alg1,csr-alg2,csr-alg3,csr-default",manual-selection,csr,CUSPARSE_SPMM_CSR_ALG3,library-preprocess,spmm.csr.fp64,fp64,A100-SXM4-80GB,A100-SXM4-80GB,,9700.0,1cb4d392-df77-5092-a407-ab8ee1286933,suitesparse_all,JGD_BIBD/bibd_14_7,bibd_14_7,91,3432,72072,4,row-major,N,N,1.0,0.0,20260922,main,pass,pass,0,0,576576.0,56.655833,0.00962560027838,56.6654586003,2.84241725028,59.900264225083575,0.010175087509076428,0.202847066152305,0.61752849716581,0.00010489780937192194,0.002091206867549536,cuSPARSE 12.8.6,CUDA,13040,13000,2026-10-08T01:14:55.854458+00:00,derived,csr-alg3,0,0,,,,5,20,4,true
3,A100-SXM4-80GB-suitesparse_all-fp64-n4-row-major-cuSPARSE-SpMM-CSR-solve-only,cuSPARSE-SpMM-CSR-best-solve-only,cuSPARSE CUDA 13.4.1 CSR PER MATRIX BEST,per-matrix-best,cuSPARSE-SpMM-CSR,best,solve-only,"csr-alg1,csr-alg2,csr-alg3,csr-default",manual-selection,csr,CUSPARSE_SPMM_CSR_ALG3,library-preprocess,spmm.csr.fp64,fp64,A100-SXM4-80GB,A100-SXM4-80GB,,9700.0,df7f742d-c1c4-51c9-b7da-d151d8293f2c,suitesparse_all,JGD_BIBD/bibd_15_3,bibd_15_3,105,455,1365,4,row-major,N,N,1.0,0.0,20260922,main,pass,pass,0,0,10920.0,50.55538,0.00588800013065,50.5612680001,2.53365700013,1.8546195240648706,0.00021597559618121922,0.004309975659467601,0.019119788907885262,2.2265525379507137e-06,4.443273875739795e-05,cuSPARSE 12.8.6,CUDA,13040,13000,2026-10-08T23:11:43.231758+00:00,derived,csr-alg3,0,0,,,,5,20,4,true
3,A100-SXM4-80GB-suitesparse_all-fp64-n4-row-major-cuSPARSE-SpMM-CSR-solve-only,cuSPARSE-SpMM-CSR-best-solve-only,cuSPARSE CUDA 13.4.1 CSR PER MATRIX BEST,per-matrix-best,cuSPARSE-SpMM-CSR,best,solve-only,"csr-alg1,csr-alg2,csr-alg3,csr-default",manual-selection,csr,CUSPARSE_SPMM_CSR_ALG3,library-preprocess,spmm.csr.fp64,fp64,A100-SXM4-80GB,A100-SXM4-80GB,,9700.0,0edb0287-e1df-52fd-b14b-f9e504b96222,suitesparse_all,JGD_BIBD/bibd_16_8,bibd_16_8,120,12870,360360,4,row-major,N,N,1.0,0.0,20260922,main,pass,pass,0,0,2882880.0,54.108151,0.0196015998721,54.1277525999,2.72500914987,147.0737092283654,0.053260663181595426,1.0579340624003157,1.5162238064779938,0.0005490790018721179,0.01090653672577645,cuSPARSE 12.8.6,CUDA,13040,13000,2026-10-07T20:36:44.006459+00:00,derived,csr-alg3,0,0,,,,5,20,4,true
3,A100-SXM4-80GB-suitesparse_all-fp64-n4-row-major-cuSPARSE-SpMM-CSR-solve-only,cuSPARSE-SpMM-CSR-best-solve-only,cuSPARSE CUDA 13.4.1 CSR PER MATRIX BEST,per-matrix-best,cuSPARSE-SpMM-CSR,best,solve-only,"csr-alg1,csr-alg2,csr-alg3,csr-default",manual-selection,csr,CUSPARSE_SPMM_CSR_ALG3,library-preprocess,spmm.csr.fp64,fp64,A100-SXM4-80GB,A100-SXM4-80GB,,9700.0,1cb4d392-df77-5092-a407-ab8ee1286933,suitesparse_all,JGD_BIBD/bibd_18_9,bibd_18_9,153,48620,1750320,4,row-major,N,N,1.0,0.0,20260922,main,pass,pass,0,0,14002560.0,54.741722,0.0527360022068,54.7944580022,2.78982210221,265.5218335491205,0.2555470116966536,5.019158744533445,2.7373384901971187,0.002634505275223233,0.051743904582819016,cuSPARSE 12.8.6,CUDA,13040,13000,2026-10-08T01:14:59.996340+00:00,derived,csr-alg3,0,0,,,,5,20,4,true
3,A100-SXM4-80GB-suitesparse_all-fp64-n4-row-major-cuSPARSE-SpMM-CSR-solve-only,cuSPARSE-SpMM-CSR-best-solve-only,cuSPARSE CUDA 13.4.1 CSR PER MATRIX BEST,per-matrix-best,cuSPARSE-SpMM-CSR,best,solve-only,"csr-alg1,csr-alg2,csr-alg3,csr-default",manual-selection,csr,CUSPARSE_SPMM_CSR_ALG3,library-preprocess,spmm.csr.fp64,fp64,A100-SXM4-80GB,A100-SXM4-80GB,,9700.0,df7f742d-c1c4-51c9-b7da-d151d8293f2c,suitesparse_all,JGD_BIBD/bibd_19_9,bibd_19_9,171,92378,3325608,4,row-major,N,N,1.0,0.0,20260922,main,pass,pass,0,0,26604864.0,56.040293,0.125081598759,56.1653745988,2.92709624876,212.70006351022678,0.47368800065954564,9.089166101480458,2.1927841598992455,0.004883381450098408,0.09370274331423153,cuSPARSE 12.8.6,CUDA,13040,13000,2026-10-08T23:11:49.939581+00:00,derived,csr-alg3,0,0,,,,5,20,4,true
3,A100-SXM4-80GB-suitesparse_all-fp64-n4-row-major-cuSPARSE-SpMM-CSR-solve-only,cuSPARSE-SpMM-CSR-best-solve-only,cuSPARSE CUDA 13.4.1 CSR PER MATRIX BEST,per-matrix-best,cuSPARSE-SpMM-CSR,best,solve-only,"csr-alg1,csr-alg2,csr-alg3,csr-default",manual-selection,csr,CUSPARSE_SPMM_CSR_ALG3,library-preprocess,spmm.csr.fp64,fp64,A100-SXM4-80GB,A100-SXM4-80GB,,9700.0,0edb0287-e1df-52fd-b14b-f9e504b96222,suitesparse_all,JGD_BIBD/bibd_22_8,bibd_22_8,231,319770,8953560,4,row-major,N,N,1.0,0.0,20260922,main,pass,pass,0,0,71628480.0,53.195352,0.464537620544,53.6598896205,3.12430522054,154.1930660343913,1.334860740612395,22.92621077130865,1.5896192374679516,0.013761450934148402,0.2363526883640067,cuSPARSE 12.8.6,CUDA,13040,13000,2026-10-07T20:37:03.215962+00:00,derived,csr-alg3,0,0,,,,5,20,4,true
3,A100-SXM4-80GB-suitesparse_all-fp64-n4-row-major-cuSPARSE-SpMM-CSR-solve-only,cuSPARSE-SpMM-CSR-best-solve-only,cuSPARSE CUDA 13.4.1 CSR PER MATRIX BEST,per-matrix-best,cuSPARSE-SpMM-CSR,best,solve-only,"csr-alg1,csr-alg2,csr-alg3,csr-default",manual-selection,csr,CUSPARSE_SPMM_CSR_ALG3,library-preprocess,spmm.csr.fp64,fp64,A100-SXM4-80GB,A100-SXM4-80GB,,9700.0,0edb0287-e1df-52fd-b14b-f9e504b96222,suitesparse_all,JGD_BIBD/bibd_9_5,bibd_9_5,36,126,1260,4,row-major,N,N,1.0,0.0,20260922,main,pass,pass,0,0,10080.0,56.606783,0.00762879997492,56.6144118,2.83796794997,1.3213087291760726,0.00017804653761323722,0.0035518371516868453,0.013621739476041986,1.8355313156003838e-06,3.661687785244171e-05,cuSPARSE 12.8.6,CUDA,13040,13000,2026-10-07T20:36:42.283058+00:00,derived,csr-alg3,0,0,,,,5,20,4,true
3,A100-SXM4-80GB-suitesparse_all-fp64-n4-row-major-cuSPARSE-SpMM-CSR-solve-only,cuSPARSE-SpMM-CSR-best-solve-only,cuSPARSE CUDA 13.4.1 CSR PER MATRIX BEST,per-matrix-best,cuSPARSE-SpMM-CSR,best,solve-only,"csr-alg1,csr-alg2,csr-alg3,csr-default",manual-selection,csr,CUSPARSE_SPMM_CSR_ALG3,library-preprocess,spmm.csr.fp64,fp64,A100-SXM4-80GB,A100-SXM4-80GB,,9700.0,1cb4d392-df77-5092-a407-ab8ee1286933,suitesparse_all,JGD_CAG/CAG_mat364,CAG_mat364,364,364,13585,4,row-major,N,N,1.0,0.0,20260922,main,pass,pass,0,0,108680.0,53.924181,0.00911360010505,53.9332946001,2.70532265011,11.925034974902902,0.00201508179327503,0.04017265740764083,0.1229385048959062,2.0774039105928146e-05,0.0004141511072952663,cuSPARSE 12.8.6,CUDA,13040,13000,2026-10-08T01:15:00.970187+00:00,derived,csr-alg3,0,0,,,,5,20,4,true
3,A100-SXM4-80GB-suitesparse_all-fp64-n4-row-major-cuSPARSE-SpMM-CSR-solve-only,cuSPARSE-SpMM-CSR-best-solve-only,cuSPARSE CUDA 13.4.1 CSR PER MATRIX BEST,per-matrix-best,cuSPARSE-SpMM-CSR,best,solve-only,"csr-alg1,csr-alg2,csr-alg3,csr-default",manual-selection,csr,CUSPARSE_SPMM_CSR_ALG3,library-preprocess,spmm.csr.fp64,fp64,A100-SXM4-80GB,A100-SXM4-80GB,,9700.0,df7f742d-c1c4-51c9-b7da-d151d8293f2c,suitesparse_all,JGD_CAG/CAG_mat72,CAG_mat72,72,72,1012,4,row-major,N,N,1.0,0.0,20260922,main,pass,pass,0,0,8096.0,51.381941,0.00706560015678,51.3890066002,2.57616265016,1.1458333079082108,0.00015754342291505772,0.003142658713531606,0.011812714514517637,1.6241589991243064e-06,3.2398543438470165e-05,cuSPARSE 12.8.6,CUDA,13040,13000,2026-10-08T23:11:50.711897+00:00,derived,csr-alg3,0,0,,,,5,20,4,true
3,A100-SXM4-80GB-suitesparse_all-fp64-n4-row-major-cuSPARSE-SpMM-CSR-solve-only,cuSPARSE-SpMM-CSR-best-solve-only,cuSPARSE CUDA 13.4.1 CSR PER MATRIX BEST,per-matrix-best,cuSPARSE-SpMM-CSR,best,solve-only,"csr-alg1,csr-alg2,csr-alg3,csr-default",manual-selection,csr,CUSPARSE_SPMM_CSR_ALG3,library-preprocess,spmm.csr.fp64,fp64,A100-SXM4-80GB,A100-SXM4-80GB,,9700.0,0edb0287-e1df-52fd-b14b-f9e504b96222,suitesparse_all,JGD_Forest/TF11,TF11,216,236,1607,4,row-major,N,N,1.0,0.0,20260922,main,pass,pass,0,0,12856.0,57.080773,0.00619519986212,57.0869681999,2.86023384986,2.0751550048622116,0.0002252002585770971,0.004494737379822724,0.02139335056558981,2.3216521502793515e-06,4.633749876105901e-05,cuSPARSE 12.8.6,CUDA,13040,13000,2026-10-07T20:37:04.419986+00:00,derived,csr-alg3,0,0,,,,5,20,4,true
3,A100-SXM4-80GB-suitesparse_all-fp64-n4-row-major-cuSPARSE-SpMM-CSR-solve-only,cuSPARSE-SpMM-CSR-best-solve-only,cuSPARSE CUDA 13.4.1 CSR PER MATRIX BEST,per-matrix-best,cuSPARSE-SpMM-CSR,best,solve-only,"csr-alg1,csr-alg2,csr-alg3,csr-default",manual-selection,csr,CUSPARSE_SPMM_CSR_ALG3,library-preprocess,spmm.csr.fp64,fp64,A100-SXM4-80GB,A100-SXM4-80GB,,9700.0,1cb4d392-df77-5092-a407-ab8ee1286933,suitesparse_all,JGD_Forest/TF16,TF16,15437,19321,216173,4,row-major,N,N,1.0,0.0,20260922,main,pass,pass,0,0,1729384.0,62.739714,0.0111103996634,62.7508243997,3.14809609966,155.65452660510095,0.027559542309507377,0.5493428234883861,1.6046858412897005,0.0002841189928815194,0.005663328077199857,cuSPARSE 12.8.6,CUDA,13040,13000,2026-10-08T01:15:02.673352+00:00,derived,csr-alg3,0,0,,,,5,20,4,true
3,A100-SXM4-80GB-suitesparse_all-fp64-n4-row-major-cuSPARSE-SpMM-CSR-solve-only,cuSPARSE-SpMM-CSR-best-solve-only,cuSPARSE CUDA 13.4.1 CSR PER MATRIX BEST,per-matrix-best,cuSPARSE-SpMM-CSR,best,solve-only,"csr-alg1,csr-alg2,csr-alg3,csr-default",manual-selection,csr,CUSPARSE_SPMM_CSR_ALG3,library-preprocess,spmm.csr.fp64,fp64,A100-SXM4-80GB,A100-SXM4-80GB,,9700.0,df7f742d-c1c4-51c9-b7da-d151d8293f2c,suitesparse_all,JGD_Forest/TF17,TF17,38132,48630,586218,4,row-major,N,N,1.0,0.0,20260922,main,pass,pass,0,0,4689744.0,51.932121,0.0250880002975,51.9572090003,2.6216940503,186.93175798739645,0.09026166128309397,1.7888220021185743,1.9271315256432622,0.0009305325905473604,0.018441463939366746,cuSPARSE 12.8.6,CUDA,13040,13000,2026-10-08T23:11:53.466357+00:00,derived,csr-alg3,0,0,,,,5,20,4,true
3,A100-SXM4-80GB-suitesparse_all-fp64-n4-row-major-cuSPARSE-SpMM-CSR-solve-only,cuSPARSE-SpMM-CSR-best-solve-only,cuSPARSE CUDA 13.4.1 CSR PER MATRIX BEST,per-matrix-best,cuSPARSE-SpMM-CSR,best,solve-only,"csr-alg1,csr-alg2,csr-alg3,csr-default",manual-selection,csr,CUSPARSE_SPMM_CSR_ALG3,library-preprocess,spmm.csr.fp64,fp64,A100-SXM4-80GB,A100-SXM4-80GB,,9700.0,0edb0287-e1df-52fd-b14b-f9e504b96222,suitesparse_all,JGD_Forest/TF19,TF19,241029,317955,4370721,4,row-major,N,N,1.0,0.0,20260922,main,pass,pass,0,0,34965768.0,57.388183,0.239923191071,57.6281061911,3.10933234107,145.73734137127516,0.6067485175384796,11.245426401723076,1.5024468182605686,0.0062551393560668,0.11593223094559872,cuSPARSE 12.8.6,CUDA,13040,13000,2026-10-07T20:37:19.703288+00:00,derived,csr-alg3,0,0,,,,5,20,4,true
3,A100-SXM4-80GB-suitesparse_all-fp64-n4-row-major-cuSPARSE-SpMM-CSR-solve-only,cuSPARSE-SpMM-CSR-best-solve-only,cuSPARSE CUDA 13.4.1 CSR PER MATRIX BEST,per-matrix-best,cuSPARSE-SpMM-CSR,best,solve-only,"csr-alg1,csr-alg2,csr-alg3,csr-default",manual-selection,csr,CUSPARSE_SPMM_CSR_ALG3,library-preprocess,spmm.csr.fp64,fp64,A100-SXM4-80GB,A100-SXM4-80GB,,9700.0,1cb4d392-df77-5092-a407-ab8ee1286933,suitesparse_all,JGD_Franz/Franz5,Franz5,7382,2882,44056,4,row-major,N,N,1.0,0.0,20260922,main,pass,pass,0,0,352448.0,59.357904,0.00706560015678,59.3649696002,2.97496080016,49.882245269964564,0.00593696926611098,0.11847147699594718,0.5142499512367481,6.12058687227936e-05,0.0012213554329479092,cuSPARSE 12.8.6,CUDA,13040,13000,2026-10-08T01:15:03.679108+00:00,derived,csr-alg3,0,0,,,,5,20,4,true
3,A100-SXM4-80GB-suitesparse_all-fp64-n4-row-major-cuSPARSE-SpMM-CSR-solve-only,cuSPARSE-SpMM-CSR-best-solve-only,cuSPARSE CUDA 13.4.1 CSR PER MATRIX BEST,per-matrix-best,cuSPARSE-SpMM-CSR,best,solve-only,"csr-alg1,csr-alg2,csr-alg3,csr-default",manual-selection,csr,CUSPARSE_SPMM_CSR_ALG3,library-preprocess,spmm.csr.fp64,fp64,A100-SXM4-80GB,A100-SXM4-80GB,,9700.0,df7f742d-c1c4-51c9-b7da-d151d8293f2c,suitesparse_all,JGD_Franz/Franz6,Franz6,7576,3016,45456,4,row-major,N,N,1.0,0.0,20260922,main,pass,pass,0,0,363648.0,54.467642,0.00844800025225,54.4760900003,2.73183010025,43.0454532601544,0.006675368955407729,0.13311515967509152,0.4437675593830351,6.881823665368793e-05,0.00137232123376383,cuSPARSE 12.8.6,CUDA,13040,13000,2026-10-08T23:11:54.672277+00:00,derived,csr-alg3,0,0,,,,5,20,4,true
3,A100-SXM4-80GB-suitesparse_all-fp64-n4-row-major-cuSPARSE-SpMM-CSR-solve-only,cuSPARSE-SpMM-CSR-best-solve-only,cuSPARSE CUDA 13.4.1 CSR PER MATRIX BEST,per-matrix-best,cuSPARSE-SpMM-CSR,best,solve-only,"csr-alg1,csr-alg2,csr-alg3,csr-default",manual-selection,csr,CUSPARSE_SPMM_CSR_ALG3,library-preprocess,spmm.csr.fp64,fp64,A100-SXM4-80GB,A100-SXM4-80GB,,9700.0,0edb0287-e1df-52fd-b14b-f9e504b96222,suitesparse_all,JGD_Franz/Franz8,Franz8,16728,7176,100368,4,row-major,N,N,1.0,0.0,20260922,main,pass,pass,0,0,802944.0,63.448336,0.00988159999251,63.4582176,3.18229839999,81.25647674552815,0.012653113030391828,0.25231574763778375,0.8376956365518365,0.00013044446423084359,0.002601193274616327,cuSPARSE 12.8.6,CUDA,13040,13000,2026-10-07T20:37:21.011402+00:00,derived,csr-alg3,0,0,,,,5,20,4,true
3,A100-SXM4-80GB-suitesparse_all-fp64-n4-row-major-cuSPARSE-SpMM-CSR-solve-only,cuSPARSE-SpMM-CSR-best-solve-only,cuSPARSE CUDA 13.4.1 CSR PER MATRIX BEST,per-matrix-best,cuSPARSE-SpMM-CSR,best,solve-only,"csr-alg1,csr-alg2,csr-alg3,csr-default",manual-selection,csr,CUSPARSE_SPMM_CSR_ALG3,library-preprocess,spmm.csr.fp64,fp64,A100-SXM4-80GB,A100-SXM4-80GB,,9700.0,0edb0287-e1df-52fd-b14b-f9e504b96222,suitesparse_all,JGD_G5/IG5-10,IG5-10,652,976,10273,4,row-major,N,N,1.0,0.0,20260922,main,pass,pass,0,0,82184.0,63.838275,0.00921600013971,63.8474910001,3.20112975014,8.91753458703681,0.001287192318956923,0.02567343607250088,0.09193334625811143,1.3270023906772402e-05,0.0002646745986855761,cuSPARSE 12.8.6,CUDA,13040,13000,2026-10-07T20:37:21.861767+00:00,derived,csr-alg3,0,0,,,,5,20,4,true
3,A100-SXM4-80GB-suitesparse_all-fp64-n4-row-major-cuSPARSE-SpMM-CSR-solve-only,cuSPARSE-SpMM-CSR-best-solve-only,cuSPARSE CUDA 13.4.1 CSR PER MATRIX BEST,per-matrix-best,cuSPARSE-SpMM-CSR,best,solve-only,"csr-alg1,csr-alg2,csr-alg3,csr-default",manual-selection,csr,CUSPARSE_SPMM_CSR_ALG3,library-preprocess,spmm.csr.fp64,fp64,A100-SXM4-80GB,A100-SXM4-80GB,,9700.0,1cb4d392-df77-5092-a407-ab8ee1286933,suitesparse_all,JGD_G5/IG5-15,IG5-15,11369,11987,323509,4,row-major,N,N,1.0,0.0,20260922,main,pass,pass,0,0,2588072.0,50.28856,0.0235008001328,50.3120608001,2.53792880013,110.1269737785581,0.05144038941841269,1.0197575282125455,1.135329626583073,0.0005303132929733266,0.010512964208376756,cuSPARSE 12.8.6,CUDA,13040,13000,2026-10-08T01:15:05.851515+00:00,derived,csr-alg3,0,0,,,,5,20,4,true
3,A100-SXM4-80GB-suitesparse_all-fp64-n4-row-major-cuSPARSE-SpMM-CSR-solve-only,cuSPARSE-SpMM-CSR-best-solve-only,cuSPARSE CUDA 13.4.1 CSR PER MATRIX BEST,per-matrix-best,cuSPARSE-SpMM-CSR,best,solve-only,"csr-alg1,csr-alg2,csr-alg3,csr-default",manual-selection,csr,CUSPARSE_SPMM_CSR_ALG3,library-preprocess,spmm.csr.fp64,fp64,A100-SXM4-80GB,A100-SXM4-80GB,,9700.0,df7f742d-c1c4-51c9-b7da-d151d8293f2c,suitesparse_all,JGD_G5/IG5-16,IG5-16,18846,18485,588326,4,row-major,N,N,1.0,0.0,20260922,main,pass,pass,0,0,4706608.0,52.686011,0.0235520005226,52.7095630005,2.65785255052,199.83899013095038,0.08929324646374612,1.7708311166769457,2.06019577454588,0.0009205489326159393,0.01825599089357676,cuSPARSE 12.8.6,CUDA,13040,13000,2026-10-08T23:11:57.874474+00:00,derived,csr-alg3,0,0,,,,5,20,4,true
3,A100-SXM4-80GB-suitesparse_all-fp64-n4-row-major-cuSPARSE-SpMM-CSR-solve-only,cuSPARSE-SpMM-CSR-best-solve-only,cuSPARSE CUDA 13.4.1 CSR PER MATRIX BEST,per-matrix-best,cuSPARSE-SpMM-CSR,best,solve-only,"csr-alg1,csr-alg2,csr-alg3,csr-default",manual-selection,csr,CUSPARSE_SPMM_CSR_ALG3,library-preprocess,spmm.csr.fp64,fp64,A100-SXM4-80GB,A100-SXM4-80GB,,9700.0,0edb0287-e1df-52fd-b14b-f9e504b96222,suitesparse_all,JGD_G5/IG5-18,IG5-18,47894,41550,1790490,4,row-major,N,N,1.0,0.0,20260922,main,pass,pass,0,0,14323920.0,56.646042,0.0581632018089,56.7042052018,2.89046530181,246.27117411903185,0.25260772016861466,4.95557583446181,2.538878083701359,0.0026042033007073677,0.05108841066455475,cuSPARSE 12.8.6,CUDA,13040,13000,2026-10-07T20:37:27.631046+00:00,derived,csr-alg3,0,0,,,,5,20,4,true
3,A100-SXM4-80GB-suitesparse_all-fp64-n4-row-major-cuSPARSE-SpMM-CSR-solve-only,cuSPARSE-SpMM-CSR-best-solve-only,cuSPARSE CUDA 13.4.1 CSR PER MATRIX BEST,per-matrix-best,cuSPARSE-SpMM-CSR,best,solve-only,"csr-alg1,csr-alg2,csr-alg3,csr-default",manual-selection,csr,CUSPARSE_SPMM_CSR_ALG3,library-preprocess,spmm.csr.fp64,fp64,A100-SXM4-80GB,A100-SXM4-80GB,,9700.0,1cb4d392-df77-5092-a407-ab8ee1286933,suitesparse_all,JGD_G5/IG5-7,IG5-7,62,150,549,4,row-major,N,N,1.0,0.0,20260922,main,pass,pass,0,0,4392.0,51.012491,0.00583680011332,51.0183278001,2.55646135011,0.7524670906541991,8.60867101957699e-05,0.001717999765500472,0.007757392687156692,8.874918576883496e-07,1.771133778866466e-05,cuSPARSE 12.8.6,CUDA,13040,13000,2026-10-08T01:15:04.276186+00:00,derived,csr-alg3,0,0,,,,5,20,4,true
3,A100-SXM4-80GB-suitesparse_all-fp64-n4-row-major-cuSPARSE-SpMM-CSR-solve-only,cuSPARSE-SpMM-CSR-best-solve-only,cuSPARSE CUDA 13.4.1 CSR PER MATRIX BEST,per-matrix-best,cuSPARSE-SpMM-CSR,best,solve-only,"csr-alg1,csr-alg2,csr-alg3,csr-default",manual-selection,csr,CUSPARSE_SPMM_CSR_ALG3,library-preprocess,spmm.csr.fp64,fp64,A100-SXM4-80GB,A100-SXM4-80GB,,9700.0,df7f742d-c1c4-51c9-b7da-d151d8293f2c,suitesparse_all,JGD_G5/IG5-8,IG5-8,156,292,1711,4,row-major,N,N,1.0,0.0,20260922,main,pass,pass,0,0,13688.0,51.24964,0.00931840017438,51.2589584002,2.57180040017,1.4689216758080184,0.0002670362494128752,0.00532234150017832,0.0151435224310105,2.752951024875002e-06,5.4869500001838347e-05,cuSPARSE 12.8.6,CUDA,13040,13000,2026-10-08T23:11:55.841647+00:00,derived,csr-alg3,0,0,,,,5,20,4,true
3,A100-SXM4-80GB-suitesparse_all-fp64-n4-row-major-cuSPARSE-SpMM-CSR-solve-only,cuSPARSE-SpMM-CSR-best-solve-only,cuSPARSE CUDA 13.4.1 CSR PER MATRIX BEST,per-matrix-best,cuSPARSE-SpMM-CSR,best,solve-only,"csr-alg1,csr-alg2,csr-alg3,csr-default",manual-selection,csr,CUSPARSE_SPMM_CSR_ALG3,library-preprocess,spmm.csr.fp64,fp64,A100-SXM4-80GB,A100-SXM4-80GB,,9700.0,1cb4d392-df77-5092-a407-ab8ee1286933,suitesparse_all,JGD_GL6/GL6_D_10,GL6_D_10,163,341,2053,4,row-major,N,N,1.0,0.0,20260922,main,pass,pass,0,0,16424.0,56.918242,0.00778239965439,56.9260243997,2.85369449965,2.110403054247584,0.0002885147904354015,0.005755346272004368,0.021756732518016332,2.9743792828391906e-06,5.9333466721694525e-05,cuSPARSE 12.8.6,CUDA,13040,13000,2026-10-08T01:15:06.488129+00:00,derived,csr-alg3,0,0,,,,5,20,4,true
3,A100-SXM4-80GB-suitesparse_all-fp64-n4-row-major-cuSPARSE-SpMM-CSR-solve-only,cuSPARSE-SpMM-CSR-best-solve-only,cuSPARSE CUDA 13.4.1 CSR PER MATRIX BEST,per-matrix-best,cuSPARSE-SpMM-CSR,best,solve-only,"csr-alg1,csr-alg2,csr-alg3,csr-default",manual-selection,csr,CUSPARSE_SPMM_CSR_ALG3,library-preprocess,spmm.csr.fp64,fp64,A100-SXM4-80GB,A100-SXM4-80GB,,9700.0,df7f742d-c1c4-51c9-b7da-d151d8293f2c,suitesparse_all,JGD_GL7d/GL7d10,GL7d10,1,60,8,4,row-major,N,N,1.0,0.0,20260922,main,pass,pass,0,0,64.0,52.40686,0.00552960000932,52.4123896,2.62587260001,0.011574074054566267,1.2210853290306764e-06,2.4372850381148067e-05,0.00011932035107800275,1.2588508546708004e-08,2.5126649877472233e-07,cuSPARSE 12.8.6,CUDA,13040,13000,2026-10-08T23:11:58.470501+00:00,derived,csr-alg3,0,0,,,,5,20,4,true
3,A100-SXM4-80GB-suitesparse_all-fp64-n4-row-major-cuSPARSE-SpMM-CSR-solve-only,cuSPARSE-SpMM-CSR-best-solve-only,cuSPARSE CUDA 13.4.1 CSR PER MATRIX BEST,per-matrix-best,cuSPARSE-SpMM-CSR,best,solve-only,"csr-alg1,csr-alg2,csr-alg3,csr-default",manual-selection,csr,CUSPARSE_SPMM_CSR_ALG3,library-preprocess,spmm.csr.fp64,fp64,A100-SXM4-80GB,A100-SXM4-80GB,,9700.0,0edb0287-e1df-52fd-b14b-f9e504b96222,suitesparse_all,JGD_GL7d/GL7d12,GL7d12,8899,1019,37519,4,row-major,N,N,1.0,0.0,20260922,main,pass,pass,0,0,300152.0,64.097086,0.00952320024371,64.1066092002,3.21437750024,31.51797634395518,0.004682075744525006,0.09337795575584676,0.3249275911747957,4.826882210850521e-05,0.0009626593376891419,cuSPARSE 12.8.6,CUDA,13040,13000,2026-10-07T20:37:28.485270+00:00,derived,csr-alg3,0,0,,,,5,20,4,true
3,A100-SXM4-80GB-suitesparse_all-fp64-n4-row-major-cuSPARSE-SpMM-CSR-solve-only,cuSPARSE-SpMM-CSR-best-solve-only,cuSPARSE CUDA 13.4.1 CSR PER MATRIX BEST,per-matrix-best,cuSPARSE-SpMM-CSR,best,solve-only,"csr-alg1,csr-alg2,csr-alg3,csr-default",manual-selection,csr,CUSPARSE_SPMM_CSR_ALG1,library-preprocess,spmm.csr.fp64,fp64,A100-SXM4-80GB,A100-SXM4-80GB,,9700.0,1cb4d392-df77-5092-a407-ab8ee1286933,suitesparse_all,JGD_GL7d/GL7d17,GL7d17,1548650,955128,25978098,4,row-major,N,N,1.0,0.0,20260922,main,pass,pass,0,0,207824784.0,0.73571,1.61341438293,2.34912438293,1.65019988293,128.8105437752359,88.46904212912972,125.93915812852819,1.327943750260164,0.9120519807126776,1.2983418363765793,cuSPARSE 12.8.6,CUDA,13040,13000,2026-10-07T21:01:20.515721+00:00,derived,csr-alg1,0,0,,,,5,20,4,true
3,A100-SXM4-80GB-suitesparse_all-fp64-n4-row-major-cuSPARSE-SpMM-CSR-solve-only,cuSPARSE-SpMM-CSR-best-solve-only,cuSPARSE CUDA 13.4.1 CSR PER MATRIX BEST,per-matrix-best,cuSPARSE-SpMM-CSR,best,solve-only,"csr-alg1,csr-alg2,csr-alg3,csr-default",manual-selection,csr,CUSPARSE_SPMM_CSR_ALG1,library-preprocess,spmm.csr.fp64,fp64,A100-SXM4-80GB,A100-SXM4-80GB,,9700.0,df7f742d-c1c4-51c9-b7da-d151d8293f2c,suitesparse_all,JGD_GL7d/GL7d18,GL7d18,1955309,1548650,35590540,4,row-major,N,N,1.0,0.0,20260922,main,pass,pass,0,0,284724320.0,0.76088,1.97053432465,2.73141432465,2.00857832465,144.49092128885997,104.24061901941012,141.75415342571415,1.489597126689278,1.0746455569011353,1.4613830250073625,cuSPARSE 12.8.6,CUDA,13040,13000,2026-10-08T18:03:39.143227+00:00,derived,csr-alg1,0,0,,,,5,20,4,true
3,A100-SXM4-80GB-suitesparse_all-fp64-n4-row-major-cuSPARSE-SpMM-CSR-solve-only,cuSPARSE-SpMM-CSR-best-solve-only,cuSPARSE CUDA 13.4.1 CSR PER MATRIX BEST,per-matrix-best,cuSPARSE-SpMM-CSR,best,solve-only,"csr-alg1,csr-alg2,csr-alg3,csr-default",manual-selection,csr,CUSPARSE_SPMM_CSR_ALG1,library-preprocess,spmm.csr.fp64,fp64,A100-SXM4-80GB,A100-SXM4-80GB,,9700.0,0edb0287-e1df-52fd-b14b-f9e504b96222,suitesparse_all,JGD_GL7d/GL7d20,GL7d20,1437547,1911130,29893084,4,row-major,N,N,1.0,0.0,20260922,main,pass,pass,0,0,239144672.0,0.83064,1.93653755188,2.76717755188,1.97806955188,123.4908518907042,86.42187482242578,120.89800976548663,1.2731015658835485,0.8909471631177915,1.2463712346957385,cuSPARSE 12.8.6,CUDA,13040,13000,2026-10-07T16:07:01.476777+00:00,derived,csr-alg1,0,0,,,,5,20,4,true
3,A100-SXM4-80GB-suitesparse_all-fp64-n4-row-major-cuSPARSE-SpMM-CSR-solve-only,cuSPARSE-SpMM-CSR-best-solve-only,cuSPARSE CUDA 13.4.1 CSR PER MATRIX BEST,per-matrix-best,cuSPARSE-SpMM-CSR,best,solve-only,"csr-alg1,csr-alg2,csr-alg3,csr-default",manual-selection,csr,CUSPARSE_SPMM_CSR_ALG1,library-preprocess,spmm.csr.fp64,fp64,A100-SXM4-80GB,A100-SXM4-80GB,,9700.0,1cb4d392-df77-5092-a407-ab8ee1286933,suitesparse_all,JGD_GL7d/GL7d25,GL7d25,2798,21074,81671,4,row-major,N,N,1.0,0.0,20260922,main,pass,pass,0,0,653368.0,0.06775,0.0167935997248,0.0845435997248,0.0201810997248,38.90577426560529,7.728178148633305,32.3752426235273,0.40109045634644624,0.07967193967663203,0.33376538787141546,cuSPARSE 12.8.6,CUDA,13040,13000,2026-10-07T21:01:21.500689+00:00,derived,csr-alg1,0,0,,,,5,20,4,true
3,A100-SXM4-80GB-suitesparse_all-fp64-n4-row-major-cuSPARSE-SpMM-CSR-solve-only,cuSPARSE-SpMM-CSR-best-solve-only,cuSPARSE CUDA 13.4.1 CSR PER MATRIX BEST,per-matrix-best,cuSPARSE-SpMM-CSR,best,solve-only,"csr-alg1,csr-alg2,csr-alg3,csr-default",manual-selection,csr,CUSPARSE_SPMM_CSR_ALG1,library-preprocess,spmm.csr.fp64,fp64,A100-SXM4-80GB,A100-SXM4-80GB,,9700.0,df7f742d-c1c4-51c9-b7da-d151d8293f2c,suitesparse_all,JGD_GL7d/GL7d26,GL7d26,305,2798,7412,4,row-major,N,N,1.0,0.0,20260922,main,pass,pass,0,0,59296.0,2.822561,0.0128511995077,2.83541219951,0.153979249508,4.614044001454639,0.02091265601884876,0.38509084951033795,0.04756746393252205,0.00021559439194689442,0.0039700087578385355,cuSPARSE 12.8.6,CUDA,13040,13000,2026-10-08T18:03:40.457365+00:00,derived,csr-alg1,0,0,,,,5,20,4,true
3,A100-SXM4-80GB-suitesparse_all-fp64-n4-row-major-cuSPARSE-SpMM-CSR-solve-only,cuSPARSE-SpMM-CSR-best-solve-only,cuSPARSE CUDA 13.4.1 CSR PER MATRIX BEST,per-matrix-best,cuSPARSE-SpMM-CSR,best,solve-only,"csr-alg1,csr-alg2,csr-alg3,csr-default",manual-selection,csr,CUSPARSE_SPMM_CSR_ALG1,library-preprocess,spmm.csr.fp64,fp64,A100-SXM4-80GB,A100-SXM4-80GB,,9700.0,0edb0287-e1df-52fd-b14b-f9e504b96222,suitesparse_all,JGD_Groebner/c8_mat11_I,c8_mat11_I,4562,5761,2462970,4,row-major,N,N,1.0,0.0,20260922,main,pass,pass,0,0,19703760.0,0.11755,0.101734399796,0.219284399796,0.107611899796,193.67844150563033,89.85481875742362,183.10019651499917,1.9966849639755706,0.926338337705398,1.887630891907208,cuSPARSE 12.8.6,CUDA,13040,13000,2026-10-07T16:07:08.590725+00:00,derived,csr-alg1,0,0,,,,5,20,4,true
3,A100-SXM4-80GB-suitesparse_all-fp64-n4-row-major-cuSPARSE-SpMM-CSR-solve-only,cuSPARSE-SpMM-CSR-best-solve-only,cuSPARSE CUDA 13.4.1 CSR PER MATRIX BEST,per-matrix-best,cuSPARSE-SpMM-CSR,best,solve-only,"csr-alg1,csr-alg2,csr-alg3,csr-default",manual-selection,csr,CUSPARSE_SPMM_CSR_ALG3,library-preprocess,spmm.csr.fp64,fp64,A100-SXM4-80GB,A100-SXM4-80GB,,9700.0,1cb4d392-df77-5092-a407-ab8ee1286933,suitesparse_all,JGD_Groebner/robot24c1_mat5,robot24c1_mat5,404,302,15118,4,row-major,N,N,1.0,0.0,20260922,main,pass,pass,0,0,120944.0,52.014061,0.011571200192,52.0256322002,2.61227425019,10.45215690621421,0.0023247002464976303,0.04629835477312664,0.10775419490942485,2.3965981922655983e-05,0.0004773026265270788,cuSPARSE 12.8.6,CUDA,13040,13000,2026-10-08T01:16:39.106248+00:00,derived,csr-alg3,0,0,,,,5,20,4,true
3,A100-SXM4-80GB-suitesparse_all-fp64-n4-row-major-cuSPARSE-SpMM-CSR-solve-only,cuSPARSE-SpMM-CSR-best-solve-only,cuSPARSE CUDA 13.4.1 CSR PER MATRIX BEST,per-matrix-best,cuSPARSE-SpMM-CSR,best,solve-only,"csr-alg1,csr-alg2,csr-alg3,csr-default",manual-selection,csr,CUSPARSE_SPMM_CSR_ALG1,library-preprocess,spmm.csr.fp64,fp64,A100-SXM4-80GB,A100-SXM4-80GB,,9700.0,df7f742d-c1c4-51c9-b7da-d151d8293f2c,suitesparse_all,JGD_Groebner/robot24c1_mat5_J,robot24c1_mat5_J,302,404,15118,4,row-major,N,N,1.0,0.0,20260922,main,pass,pass,0,0,120944.0,0.07892,0.0126975998282,0.0916175998282,0.0166435998282,9.524949725647868,1.3200957046112585,7.266697183807504,0.09819535799636978,0.013609234068157306,0.0749144039567784,cuSPARSE 12.8.6,CUDA,13040,13000,2026-10-08T18:03:41.971427+00:00,derived,csr-alg1,0,0,,,,5,20,4,true
3,A100-SXM4-80GB-suitesparse_all-fp64-n4-row-major-cuSPARSE-SpMM-CSR-solve-only,cuSPARSE-SpMM-CSR-best-solve-only,cuSPARSE CUDA 13.4.1 CSR PER MATRIX BEST,per-matrix-best,cuSPARSE-SpMM-CSR,best,solve-only,"csr-alg1,csr-alg2,csr-alg3,csr-default",manual-selection,csr,CUSPARSE_SPMM_CSR_ALG3,library-preprocess,spmm.csr.fp64,fp64,A100-SXM4-80GB,A100-SXM4-80GB,,9700.0,0edb0287-e1df-52fd-b14b-f9e504b96222,suitesparse_all,JGD_Homology/ch3-3-b2,ch3-3-b2,6,18,18,4,row-major,N,N,1.0,0.0,20260922,main,pass,pass,0,0,144.0,59.711033,0.00490080006421,59.7159338001,2.99045245006,0.029382957499453213,2.4114166996373563e-06,4.815324851499004e-05,0.00030291708762322897,2.4859965975642848e-08,4.964252424225776e-07,cuSPARSE 12.8.6,CUDA,13040,13000,2026-10-07T20:39:40.948696+00:00,derived,csr-alg3,0,0,,,,5,20,4,true
3,A100-SXM4-80GB-suitesparse_all-fp64-n4-row-major-cuSPARSE-SpMM-CSR-solve-only,cuSPARSE-SpMM-CSR-best-solve-only,cuSPARSE CUDA 13.4.1 CSR PER MATRIX BEST,per-matrix-best,cuSPARSE-SpMM-CSR,best,solve-only,"csr-alg1,csr-alg2,csr-alg3,csr-default",manual-selection,csr,CUSPARSE_SPMM_CSR_ALG3,library-preprocess,spmm.csr.fp64,fp64,A100-SXM4-80GB,A100-SXM4-80GB,,9700.0,1cb4d392-df77-5092-a407-ab8ee1286933,suitesparse_all,JGD_Homology/ch5-5-b2,ch5-5-b2,600,200,1800,4,row-major,N,N,1.0,0.0,20260922,main,pass,pass,0,0,14400.0,51.605721,0.00568320006132,51.6114042001,2.58596925006,2.5337837564450276,0.00027900810340618674,0.0055685116904100425,0.02612148202520647,2.876372200063781e-06,5.7407337014536525e-05,cuSPARSE 12.8.6,CUDA,13040,13000,2026-10-08T01:16:39.752599+00:00,derived,csr-alg3,0,0,,,,5,20,4,true
3,A100-SXM4-80GB-suitesparse_all-fp64-n4-row-major-cuSPARSE-SpMM-CSR-solve-only,cuSPARSE-SpMM-CSR-best-solve-only,cuSPARSE CUDA 13.4.1 CSR PER MATRIX BEST,per-matrix-best,cuSPARSE-SpMM-CSR,best,solve-only,"csr-alg1,csr-alg2,csr-alg3,csr-default",manual-selection,csr,CUSPARSE_SPMM_CSR_ALG3,library-preprocess,spmm.csr.fp64,fp64,A100-SXM4-80GB,A100-SXM4-80GB,,9700.0,df7f742d-c1c4-51c9-b7da-d151d8293f2c,suitesparse_all,JGD_Homology/ch5-5-b3,ch5-5-b3,600,600,2400,4,row-major,N,N,1.0,0.0,20260922,main,pass,pass,0,0,19200.0,54.980772,0.00568320006132,54.9864552001,2.75472180006,3.3783783419267035,0.0003491769005681436,0.006969850821081755,0.034828642700275296,3.5997618615272537e-06,7.185413217610057e-05,cuSPARSE 12.8.6,CUDA,13040,13000,2026-10-08T23:14:08.559203+00:00,derived,csr-alg3,0,0,,,,5,20,4,true
3,A100-SXM4-80GB-suitesparse_all-fp64-n4-row-major-cuSPARSE-SpMM-CSR-solve-only,cuSPARSE-SpMM-CSR-best-solve-only,cuSPARSE CUDA 13.4.1 CSR PER MATRIX BEST,per-matrix-best,cuSPARSE-SpMM-CSR,best,solve-only,"csr-alg1,csr-alg2,csr-alg3,csr-default",manual-selection,csr,CUSPARSE_SPMM_CSR_ALG3,library-preprocess,spmm.csr.fp64,fp64,A100-SXM4-80GB,A100-SXM4-80GB,,9700.0,0edb0287-e1df-52fd-b14b-f9e504b96222,suitesparse_all,JGD_Homology/ch6-6-b1,ch6-6-b1,450,36,900,4,row-major,N,N,1.0,0.0,20260922,main,pass,pass,0,0,7200.0,55.975152,0.00564320012927,55.9807952001,2.80440080013,1.275871816534599,0.000128615536350708,0.0025673933624845062,0.01315331769623298,1.3259333644402886e-06,2.646797280911862e-05,cuSPARSE 12.8.6,CUDA,13040,13000,2026-10-07T20:39:41.990886+00:00,derived,csr-alg3,0,0,,,,5,20,4,true
3,A100-SXM4-80GB-suitesparse_all-fp64-n4-row-major-cuSPARSE-SpMM-CSR-solve-only,cuSPARSE-SpMM-CSR-best-solve-only,cuSPARSE CUDA 13.4.1 CSR PER MATRIX BEST,per-matrix-best,cuSPARSE-SpMM-CSR,best,solve-only,"csr-alg1,csr-alg2,csr-alg3,csr-default",manual-selection,csr,CUSPARSE_SPMM_CSR_ALG3,library-preprocess,spmm.csr.fp64,fp64,A100-SXM4-80GB,A100-SXM4-80GB,,9700.0,1cb4d392-df77-5092-a407-ab8ee1286933,suitesparse_all,JGD_Homology/ch7-6-b1,ch7-6-b1,630,42,1260,4,row-major,N,N,1.0,0.0,20260922,main,pass,pass,0,0,10080.0,50.59132,0.00563200004399,50.596952,2.53519800004,1.789772713293306,0.00019922148670141238,0.003976020807779495,0.018451265085498,2.053829759808375e-06,4.0989905234840155e-05,cuSPARSE 12.8.6,CUDA,13040,13000,2026-10-08T01:16:40.347355+00:00,derived,csr-alg3,0,0,,,,5,20,4,true
3,A100-SXM4-80GB-suitesparse_all-fp64-n4-row-major-cuSPARSE-SpMM-CSR-solve-only,cuSPARSE-SpMM-CSR-best-solve-only,cuSPARSE CUDA 13.4.1 CSR PER MATRIX BEST,per-matrix-best,cuSPARSE-SpMM-CSR,best,solve-only,"csr-alg1,csr-alg2,csr-alg3,csr-default",manual-selection,csr,CUSPARSE_SPMM_CSR_ALG3,library-preprocess,spmm.csr.fp64,fp64,A100-SXM4-80GB,A100-SXM4-80GB,,9700.0,df7f742d-c1c4-51c9-b7da-d151d8293f2c,suitesparse_all,JGD_Homology/ch7-6-b2,ch7-6-b2,4200,630,12600,4,row-major,N,N,1.0,0.0,20260922,main,pass,pass,0,0,100800.0,49.98598,0.00680959969759,49.9927895997,2.5061085997,14.802632236322841,0.002016290765270776,0.04022172064373687,0.15260445604456538,2.0786502734750267e-05,0.0004146569138529574,cuSPARSE 12.8.6,CUDA,13040,13000,2026-10-08T23:14:09.364773+00:00,derived,csr-alg3,0,0,,,,5,20,4,true
3,A100-SXM4-80GB-suitesparse_all-fp64-n4-row-major-cuSPARSE-SpMM-CSR-solve-only,cuSPARSE-SpMM-CSR-best-solve-only,cuSPARSE CUDA 13.4.1 CSR PER MATRIX BEST,per-matrix-best,cuSPARSE-SpMM-CSR,best,solve-only,"csr-alg1,csr-alg2,csr-alg3,csr-default",manual-selection,csr,CUSPARSE_SPMM_CSR_ALG3,library-preprocess,spmm.csr.fp64,fp64,A100-SXM4-80GB,A100-SXM4-80GB,,9700.0,0edb0287-e1df-52fd-b14b-f9e504b96222,suitesparse_all,JGD_Homology/ch7-6-b4,ch7-6-b4,15120,12600,75600,4,row-major,N,N,1.0,0.0,20260922,main,pass,pass,0,0,604800.0,57.813694,0.0113664001226,57.8250604001,2.90205110012,53.209458885532825,0.010459133043965728,0.20840432478083915,0.5485511225312663,0.00010782611385531677,0.0021484981936168985,cuSPARSE 12.8.6,CUDA,13040,13000,2026-10-07T20:39:43.226212+00:00,derived,csr-alg3,0,0,,,,5,20,4,true
3,A100-SXM4-80GB-suitesparse_all-fp64-n4-row-major-cuSPARSE-SpMM-CSR-solve-only,cuSPARSE-SpMM-CSR-best-solve-only,cuSPARSE CUDA 13.4.1 CSR PER MATRIX BEST,per-matrix-best,cuSPARSE-SpMM-CSR,best,solve-only,"csr-alg1,csr-alg2,csr-alg3,csr-default",manual-selection,csr,CUSPARSE_SPMM_CSR_ALG3,library-preprocess,spmm.csr.fp64,fp64,A100-SXM4-80GB,A100-SXM4-80GB,,9700.0,1cb4d392-df77-5092-a407-ab8ee1286933,suitesparse_all,JGD_Homology/ch7-8-b1,ch7-8-b1,1176,56,2352,4,row-major,N,N,1.0,0.0,20260922,main,pass,pass,0,0,18816.0,52.029481,0.00583680011332,52.0353178001,2.60731085011,3.2236841479393012,0.00036160055891815536,0.007216630882046984,0.03323385719525053,3.7278408135892303e-06,7.43982565159483e-05,cuSPARSE 12.8.6,CUDA,13040,13000,2026-10-08T01:16:40.969160+00:00,derived,csr-alg3,0,0,,,,5,20,4,true
3,A100-SXM4-80GB-suitesparse_all-fp64-n4-row-major-cuSPARSE-SpMM-CSR-solve-only,cuSPARSE-SpMM-CSR-best-solve-only,cuSPARSE CUDA 13.4.1 CSR PER MATRIX BEST,per-matrix-best,cuSPARSE-SpMM-CSR,best,solve-only,"csr-alg1,csr-alg2,csr-alg3,csr-default",manual-selection,csr,CUSPARSE_SPMM_CSR_ALG3,library-preprocess,spmm.csr.fp64,fp64,A100-SXM4-80GB,A100-SXM4-80GB,,9700.0,df7f742d-c1c4-51c9-b7da-d151d8293f2c,suitesparse_all,JGD_Homology/ch7-8-b2,ch7-8-b2,11760,1176,35280,4,row-major,N,N,1.0,0.0,20260922,main,pass,pass,0,0,282240.0,49.99053,0.00936959981918,49.9998995998,2.50889609982,30.122951401002403,0.005644811334803739,0.11249569084197997,0.3105458907319835,5.819393128663649e-05,0.0011597493901235047,cuSPARSE 12.8.6,CUDA,13040,13000,2026-10-08T23:14:10.261132+00:00,derived,csr-alg3,0,0,,,,5,20,4,true
3,A100-SXM4-80GB-suitesparse_all-fp64-n4-row-major-cuSPARSE-SpMM-CSR-solve-only,cuSPARSE-SpMM-CSR-best-solve-only,cuSPARSE CUDA 13.4.1 CSR PER MATRIX BEST,per-matrix-best,cuSPARSE-SpMM-CSR,best,solve-only,"csr-alg1,csr-alg2,csr-alg3,csr-default",manual-selection,csr,CUSPARSE_SPMM_CSR_ALG3,library-preprocess,spmm.csr.fp64,fp64,A100-SXM4-80GB,A100-SXM4-80GB,,9700.0,0edb0287-e1df-52fd-b14b-f9e504b96222,suitesparse_all,JGD_Homology/ch7-8-b4,ch7-8-b4,141120,58800,705600,4,row-major,N,N,1.0,0.0,20260922,main,pass,pass,0,0,5644800.0,53.828682,0.0620927989483,53.8907747989,2.75352689895,90.90909244886835,0.10474520028825453,2.0500253700635813,0.9372071386481273,0.0010798474256521087,0.02113428216560393,cuSPARSE 12.8.6,CUDA,13040,13000,2026-10-07T20:39:47.757203+00:00,derived,csr-alg3,0,0,,,,5,20,4,true
3,A100-SXM4-80GB-suitesparse_all-fp64-n4-row-major-cuSPARSE-SpMM-CSR-solve-only,cuSPARSE-SpMM-CSR-best-solve-only,cuSPARSE CUDA 13.4.1 CSR PER MATRIX BEST,per-matrix-best,cuSPARSE-SpMM-CSR,best,solve-only,"csr-alg1,csr-alg2,csr-alg3,csr-default",manual-selection,csr,CUSPARSE_SPMM_CSR_ALG1,library-preprocess,spmm.csr.fp64,fp64,A100-SXM4-80GB,A100-SXM4-80GB,,9700.0,1cb4d392-df77-5092-a407-ab8ee1286933,suitesparse_all,JGD_Homology/ch7-9-b4,ch7-9-b4,317520,105840,1587600,4,row-major,N,N,1.0,0.0,20260922,main,pass,pass,0,0,12700800.0,0.1308,0.148684799671,0.279484799671,0.155224799671,85.4209712633941,45.44361630740187,81.82197707402058,0.8806285697257122,0.4684908897670296,0.8435255368455731,cuSPARSE 12.8.6,CUDA,13040,13000,2026-10-07T21:01:33.195926+00:00,derived,csr-alg1,0,0,,,,5,20,4,true
3,A100-SXM4-80GB-suitesparse_all-fp64-n4-row-major-cuSPARSE-SpMM-CSR-solve-only,cuSPARSE-SpMM-CSR-best-solve-only,cuSPARSE CUDA 13.4.1 CSR PER MATRIX BEST,per-matrix-best,cuSPARSE-SpMM-CSR,best,solve-only,"csr-alg1,csr-alg2,csr-alg3,csr-default",manual-selection,csr,CUSPARSE_SPMM_CSR_ALG1,library-preprocess,spmm.csr.fp64,fp64,A100-SXM4-80GB,A100-SXM4-80GB,,9700.0,df7f742d-c1c4-51c9-b7da-d151d8293f2c,suitesparse_all,JGD_Homology/ch7-9-b5,ch7-9-b5,423360,317520,2540160,4,row-major,N,N,1.0,0.0,20260922,main,pass,pass,0,0,20321280.0,0.150711,0.204646396637,0.355357396637,0.212181946637,99.29947623776494,57.18547071853502,95.77289831714836,1.0237059405955147,0.5895409352426291,0.9873494671870965,cuSPARSE 12.8.6,CUDA,13040,13000,2026-10-08T18:03:59.710730+00:00,derived,csr-alg1,0,0,,,,5,20,4,true
3,A100-SXM4-80GB-suitesparse_all-fp64-n4-row-major-cuSPARSE-SpMM-CSR-solve-only,cuSPARSE-SpMM-CSR-best-solve-only,cuSPARSE CUDA 13.4.1 CSR PER MATRIX BEST,per-matrix-best,cuSPARSE-SpMM-CSR,best,solve-only,"csr-alg1,csr-alg2,csr-alg3,csr-default",manual-selection,csr,CUSPARSE_SPMM_CSR_ALG3,library-preprocess,spmm.csr.fp64,fp64,A100-SXM4-80GB,A100-SXM4-80GB,,9700.0,0edb0287-e1df-52fd-b14b-f9e504b96222,suitesparse_all,JGD_Homology/ch8-8-b2,ch8-8-b2,18816,1568,56448,4,row-major,N,N,1.0,0.0,20260922,main,pass,pass,0,0,451584.0,54.516462,0.0119295999408,54.5283915999,2.73775269994,37.854077441067716,0.008281630665240972,0.1649469654472067,0.39024822104193524,8.537763572413373e-05,0.0017004841798681101,cuSPARSE 12.8.6,CUDA,13040,13000,2026-10-07T20:39:48.936658+00:00,derived,csr-alg3,0,0,,,,5,20,4,true
3,A100-SXM4-80GB-suitesparse_all-fp64-n4-row-major-cuSPARSE-SpMM-CSR-solve-only,cuSPARSE-SpMM-CSR-best-solve-only,cuSPARSE CUDA 13.4.1 CSR PER MATRIX BEST,per-matrix-best,cuSPARSE-SpMM-CSR,best,solve-only,"csr-alg1,csr-alg2,csr-alg3,csr-default",manual-selection,csr,CUSPARSE_SPMM_CSR_ALG3,library-preprocess,spmm.csr.fp64,fp64,A100-SXM4-80GB,A100-SXM4-80GB,,9700.0,1cb4d392-df77-5092-a407-ab8ee1286933,suitesparse_all,JGD_Homology/cis-n4c6-b13,cis-n4c6-b13,6300,25605,88200,4,row-major,N,N,1.0,0.0,20260922,main,pass,pass,0,0,705600.0,52.126761,0.00752639994025,52.1342873999,2.61386444994,93.75000074425523,0.013534279170014192,0.26994513813300336,0.9664948530335591,0.0001395286512372597,0.0027829395683814776,cuSPARSE 12.8.6,CUDA,13040,13000,2026-10-08T01:16:49.801386+00:00,derived,csr-alg3,0,0,,,,5,20,4,true
3,A100-SXM4-80GB-suitesparse_all-fp64-n4-row-major-cuSPARSE-SpMM-CSR-solve-only,cuSPARSE-SpMM-CSR-best-solve-only,cuSPARSE CUDA 13.4.1 CSR PER MATRIX BEST,per-matrix-best,cuSPARSE-SpMM-CSR,best,solve-only,"csr-alg1,csr-alg2,csr-alg3,csr-default",manual-selection,csr,CUSPARSE_SPMM_CSR_ALG3,library-preprocess,spmm.csr.fp64,fp64,A100-SXM4-80GB,A100-SXM4-80GB,,9700.0,df7f742d-c1c4-51c9-b7da-d151d8293f2c,suitesparse_all,JGD_Homology/cis-n4c6-b14,cis-n4c6-b14,920,6300,13800,4,row-major,N,N,1.0,0.0,20260922,main,pass,pass,0,0,110400.0,51.35263,0.00619519986212,51.3588251999,2.57382669986,17.820248330490678,0.0021495818794588584,0.04289333077708964,0.18371390031433688,2.2160637932565552e-05,0.0004421992863617489,cuSPARSE 12.8.6,CUDA,13040,13000,2026-10-08T23:14:22.791384+00:00,derived,csr-alg3,0,0,,,,5,20,4,true
3,A100-SXM4-80GB-suitesparse_all-fp64-n4-row-major-cuSPARSE-SpMM-CSR-solve-only,cuSPARSE-SpMM-CSR-best-solve-only,cuSPARSE CUDA 13.4.1 CSR PER MATRIX BEST,per-matrix-best,cuSPARSE-SpMM-CSR,best,solve-only,"csr-alg1,csr-alg2,csr-alg3,csr-default",manual-selection,csr,CUSPARSE_SPMM_CSR_ALG3,library-preprocess,spmm.csr.fp64,fp64,A100-SXM4-80GB,A100-SXM4-80GB,,9700.0,0edb0287-e1df-52fd-b14b-f9e504b96222,suitesparse_all,JGD_Homology/cis-n4c6-b2,cis-n4c6-b2,1330,210,3990,4,row-major,N,N,1.0,0.0,20260922,main,pass,pass,0,0,31920.0,52.971541,0.00568320006132,52.9772242001,2.65426025006,5.616553993453144,0.0006025230744335553,0.012025949602823778,0.05790261848920768,6.2115780869438694e-06,0.00012397886188478122,cuSPARSE 12.8.6,CUDA,13040,13000,2026-10-07T20:39:49.576207+00:00,derived,csr-alg3,0,0,,,,5,20,4,true
3,A100-SXM4-80GB-suitesparse_all-fp64-n4-row-major-cuSPARSE-SpMM-CSR-solve-only,cuSPARSE-SpMM-CSR-best-solve-only,cuSPARSE CUDA 13.4.1 CSR PER MATRIX BEST,per-matrix-best,cuSPARSE-SpMM-CSR,best,solve-only,"csr-alg1,csr-alg2,csr-alg3,csr-default",manual-selection,csr,CUSPARSE_SPMM_CSR_ALG3,library-preprocess,spmm.csr.fp64,fp64,A100-SXM4-80GB,A100-SXM4-80GB,,9700.0,1cb4d392-df77-5092-a407-ab8ee1286933,suitesparse_all,JGD_Homology/klein-b2,klein-b2,20,30,60,4,row-major,N,N,1.0,0.0,20260922,main,pass,pass,0,0,480.0,55.533253,0.00558080002666,55.5388338,2.78224345003,0.0860091739010528,8.642601350408621e-06,0.00017252264534752497,0.0008866925144438433,8.909898299390332e-08,1.7785839726548965e-06,cuSPARSE 12.8.6,CUDA,13040,13000,2026-10-08T01:16:50.402009+00:00,derived,csr-alg3,0,0,,,,5,20,4,true
3,A100-SXM4-80GB-suitesparse_all-fp64-n4-row-major-cuSPARSE-SpMM-CSR-solve-only,cuSPARSE-SpMM-CSR-best-solve-only,cuSPARSE CUDA 13.4.1 CSR PER MATRIX BEST,per-matrix-best,cuSPARSE-SpMM-CSR,best,solve-only,"csr-alg1,csr-alg2,csr-alg3,csr-default",manual-selection,csr,CUSPARSE_SPMM_CSR_ALG3,library-preprocess,spmm.csr.fp64,fp64,A100-SXM4-80GB,A100-SXM4-80GB,,9700.0,df7f742d-c1c4-51c9-b7da-d151d8293f2c,suitesparse_all,JGD_Homology/lutz30-23-b6,lutz30-23-b6,1716,3003,12012,4,row-major,N,N,1.0,0.0,20260922,main,pass,pass,0,0,96096.0,50.28816,0.00593920014799,50.2940992001,2.52034720015,16.179956493387703,0.0019106814025572395,0.03812808012891271,0.16680367518956393,1.969774641811587e-05,0.00039307299101971866,cuSPARSE 12.8.6,CUDA,13040,13000,2026-10-08T23:14:23.440233+00:00,derived,csr-alg3,0,0,,,,5,20,4,true
3,A100-SXM4-80GB-suitesparse_all-fp64-n4-row-major-cuSPARSE-SpMM-CSR-solve-only,cuSPARSE-SpMM-CSR-best-solve-only,cuSPARSE CUDA 13.4.1 CSR PER MATRIX BEST,per-matrix-best,cuSPARSE-SpMM-CSR,best,solve-only,"csr-alg1,csr-alg2,csr-alg3,csr-default",manual-selection,csr,CUSPARSE_SPMM_CSR_ALG3,library-preprocess,spmm.csr.fp64,fp64,A100-SXM4-80GB,A100-SXM4-80GB,,9700.0,0edb0287-e1df-52fd-b14b-f9e504b96222,suitesparse_all,JGD_Homology/mk10-b1,mk10-b1,630,45,1260,4,row-major,N,N,1.0,0.0,20260922,main,pass,pass,0,0,10080.0,79.245921,0.00573440007865,79.2516554001,3.96803045008,1.757812475890773,0.0001271897722402311,0.0025403030865846243,0.018121778101966732,1.3112347653632071e-06,2.6188691614274474e-05,cuSPARSE 12.8.6,CUDA,13040,13000,2026-10-07T20:39:50.622276+00:00,derived,csr-alg3,0,0,,,,5,20,4,true
3,A100-SXM4-80GB-suitesparse_all-fp64-n4-row-major-cuSPARSE-SpMM-CSR-solve-only,cuSPARSE-SpMM-CSR-best-solve-only,cuSPARSE CUDA 13.4.1 CSR PER MATRIX BEST,per-matrix-best,cuSPARSE-SpMM-CSR,best,solve-only,"csr-alg1,csr-alg2,csr-alg3,csr-default",manual-selection,csr,CUSPARSE_SPMM_CSR_ALG3,library-preprocess,spmm.csr.fp64,fp64,A100-SXM4-80GB,A100-SXM4-80GB,,9700.0,1cb4d392-df77-5092-a407-ab8ee1286933,suitesparse_all,JGD_Homology/mk11-b2,mk11-b2,6930,990,20790,4,row-major,N,N,1.0,0.0,20260922,main,pass,pass,0,0,166320.0,50.75548,0.00819199979305,50.7636719998,2.54596599979,20.302734887896847,0.0032763587315089273,0.0653268739699268,0.20930654523604997,3.377689413926729e-05,0.0006734729275250185,cuSPARSE 12.8.6,CUDA,13040,13000,2026-10-08T01:16:51.133022+00:00,derived,csr-alg3,0,0,,,,5,20,4,true
3,A100-SXM4-80GB-suitesparse_all-fp64-n4-row-major-cuSPARSE-SpMM-CSR-solve-only,cuSPARSE-SpMM-CSR-best-solve-only,cuSPARSE CUDA 13.4.1 CSR PER MATRIX BEST,per-matrix-best,cuSPARSE-SpMM-CSR,best,solve-only,"csr-alg1,csr-alg2,csr-alg3,csr-default",manual-selection,csr,CUSPARSE_SPMM_CSR_ALG3,library-preprocess,spmm.csr.fp64,fp64,A100-SXM4-80GB,A100-SXM4-80GB,,9700.0,df7f742d-c1c4-51c9-b7da-d151d8293f2c,suitesparse_all,JGD_Homology/mk11-b3,mk11-b3,17325,6930,69300,4,row-major,N,N,1.0,0.0,20260922,main,pass,pass,0,0,554400.0,50.58594,0.0121344000101,50.5980744,2.54143140001,45.688291101212116,0.010956938709114196,0.21814478250241914,0.4710133103217744,0.00011295813102179583,0.002248915283530094,cuSPARSE 12.8.6,CUDA,13040,13000,2026-10-08T23:14:24.579191+00:00,derived,csr-alg3,0,0,,,,5,20,4,true
3,A100-SXM4-80GB-suitesparse_all-fp64-n4-row-major-cuSPARSE-SpMM-CSR-solve-only,cuSPARSE-SpMM-CSR-best-solve-only,cuSPARSE CUDA 13.4.1 CSR PER MATRIX BEST,per-matrix-best,cuSPARSE-SpMM-CSR,best,solve-only,"csr-alg1,csr-alg2,csr-alg3,csr-default",manual-selection,csr,CUSPARSE_SPMM_CSR_ALG3,library-preprocess,spmm.csr.fp64,fp64,A100-SXM4-80GB,A100-SXM4-80GB,,9700.0,0edb0287-e1df-52fd-b14b-f9e504b96222,suitesparse_all,JGD_Homology/mk11-b4b,mk11-b4b,9450,17325,47250,4,row-major,N,N,1.0,0.0,20260922,main,pass,pass,0,0,378000.0,54.741112,0.00926719978452,54.7503791998,2.74632279978,40.78902028543876,0.006904061771345335,0.1376385907841134,0.4205053637674099,7.11758945499519e-05,0.0014189545441661174,cuSPARSE 12.8.6,CUDA,13040,13000,2026-10-07T20:39:52.259254+00:00,derived,csr-alg3,0,0,,,,5,20,4,true
3,A100-SXM4-80GB-suitesparse_all-fp64-n4-row-major-cuSPARSE-SpMM-CSR-solve-only,cuSPARSE-SpMM-CSR-best-solve-only,cuSPARSE CUDA 13.4.1 CSR PER MATRIX BEST,per-matrix-best,cuSPARSE-SpMM-CSR,best,solve-only,"csr-alg1,csr-alg2,csr-alg3,csr-default",manual-selection,csr,CUSPARSE_SPMM_CSR_ALG3,library-preprocess,spmm.csr.fp64,fp64,A100-SXM4-80GB,A100-SXM4-80GB,,9700.0,1cb4d392-df77-5092-a407-ab8ee1286933,suitesparse_all,JGD_Homology/mk12-b5,mk12-b5,10395,62370,62370,4,row-major,N,N,1.0,0.0,20260922,main,pass,pass,0,0,498960.0,51.516831,0.00972800031304,51.5265590003,2.58556955031,51.29111677054161,0.0096835497980196,0.1929787577905907,0.5287743996963054,9.983041028886186e-05,0.001989471729799904,cuSPARSE 12.8.6,CUDA,13040,13000,2026-10-08T01:16:52.048956+00:00,derived,csr-alg3,0,0,,,,5,20,4,true
3,A100-SXM4-80GB-suitesparse_all-fp64-n4-row-major-cuSPARSE-SpMM-CSR-solve-only,cuSPARSE-SpMM-CSR-best-solve-only,cuSPARSE CUDA 13.4.1 CSR PER MATRIX BEST,per-matrix-best,cuSPARSE-SpMM-CSR,best,solve-only,"csr-alg1,csr-alg2,csr-alg3,csr-default",manual-selection,csr,CUSPARSE_SPMM_CSR_ALG1,library-preprocess,spmm.csr.fp64,fp64,A100-SXM4-80GB,A100-SXM4-80GB,,9700.0,df7f742d-c1c4-51c9-b7da-d151d8293f2c,suitesparse_all,JGD_Homology/mk13-b5,mk13-b5,135135,270270,810810,4,row-major,N,N,1.0,0.0,20260922,main,pass,pass,0,0,6486480.0,0.14762,0.0682496011257,0.215869601126,0.0756306011257,95.04055544666706,30.04814001677769,85.76528420314027,0.9797995406872891,0.30977463934822363,0.8841781876612399,cuSPARSE 12.8.6,CUDA,13040,13000,2026-10-08T18:04:08.861544+00:00,derived,csr-alg1,0,0,,,,5,20,4,true
3,A100-SXM4-80GB-suitesparse_all-fp64-n4-row-major-cuSPARSE-SpMM-CSR-solve-only,cuSPARSE-SpMM-CSR-best-solve-only,cuSPARSE CUDA 13.4.1 CSR PER MATRIX BEST,per-matrix-best,cuSPARSE-SpMM-CSR,best,solve-only,"csr-alg1,csr-alg2,csr-alg3,csr-default",manual-selection,csr,CUSPARSE_SPMM_CSR_ALG3,library-preprocess,spmm.csr.fp64,fp64,A100-SXM4-80GB,A100-SXM4-80GB,,9700.0,0edb0287-e1df-52fd-b14b-f9e504b96222,suitesparse_all,JGD_Homology/mk9-b2,mk9-b2,1260,378,3780,4,row-major,N,N,1.0,0.0,20260922,main,pass,pass,0,0,30240.0,56.208733,0.00568320006132,56.2144162001,2.81611985006,5.320945888534558,0.0005379403015119493,0.010738179342528943,0.05485511225293358,5.5457763042469e-06,0.00011070287981988601,cuSPARSE 12.8.6,CUDA,13040,13000,2026-10-07T20:39:53.021402+00:00,derived,csr-alg3,0,0,,,,5,20,4,true
3,A100-SXM4-80GB-suitesparse_all-fp64-n4-row-major-cuSPARSE-SpMM-CSR-solve-only,cuSPARSE-SpMM-CSR-best-solve-only,cuSPARSE CUDA 13.4.1 CSR PER MATRIX BEST,per-matrix-best,cuSPARSE-SpMM-CSR,best,solve-only,"csr-alg1,csr-alg2,csr-alg3,csr-default",manual-selection,csr,CUSPARSE_SPMM_CSR_ALG3,library-preprocess,spmm.csr.fp64,fp64,A100-SXM4-80GB,A100-SXM4-80GB,,9700.0,1cb4d392-df77-5092-a407-ab8ee1286933,suitesparse_all,JGD_Homology/n2c6-b3,n2c6-b3,1365,455,5460,4,row-major,N,N,1.0,0.0,20260922,main,pass,pass,0,0,43680.0,51.775271,0.00588800013065,51.7811590001,2.59465155013,7.4184780962594825,0.0008435500642215376,0.01683463045271397,0.07647915563154105,8.696392414655027e-06,0.00017355289126509246,cuSPARSE 12.8.6,CUDA,13040,13000,2026-10-08T01:16:52.658671+00:00,derived,csr-alg3,0,0,,,,5,20,4,true
3,A100-SXM4-80GB-suitesparse_all-fp64-n4-row-major-cuSPARSE-SpMM-CSR-solve-only,cuSPARSE-SpMM-CSR-best-solve-only,cuSPARSE CUDA 13.4.1 CSR PER MATRIX BEST,per-matrix-best,cuSPARSE-SpMM-CSR,best,solve-only,"csr-alg1,csr-alg2,csr-alg3,csr-default",manual-selection,csr,CUSPARSE_SPMM_CSR_ALG3,library-preprocess,spmm.csr.fp64,fp64,A100-SXM4-80GB,A100-SXM4-80GB,,9700.0,df7f742d-c1c4-51c9-b7da-d151d8293f2c,suitesparse_all,JGD_Homology/n2c6-b4,n2c6-b4,3003,1365,15015,4,row-major,N,N,1.0,0.0,20260922,main,pass,pass,0,0,120120.0,52.092811,0.00599040016532,52.0988014002,2.61063095017,20.052082779946197,0.002305619261320259,0.04601186544278807,0.20672250288604324,2.37692707352604e-05,0.0004743491282761657,cuSPARSE 12.8.6,CUDA,13040,13000,2026-10-08T23:14:29.985415+00:00,derived,csr-alg3,0,0,,,,5,20,4,true
3,A100-SXM4-80GB-suitesparse_all-fp64-n4-row-major-cuSPARSE-SpMM-CSR-solve-only,cuSPARSE-SpMM-CSR-best-solve-only,cuSPARSE CUDA 13.4.1 CSR PER MATRIX BEST,per-matrix-best,cuSPARSE-SpMM-CSR,best,solve-only,"csr-alg1,csr-alg2,csr-alg3,csr-default",manual-selection,csr,CUSPARSE_SPMM_CSR_ALG3,library-preprocess,spmm.csr.fp64,fp64,A100-SXM4-80GB,A100-SXM4-80GB,,9700.0,0edb0287-e1df-52fd-b14b-f9e504b96222,suitesparse_all,JGD_Homology/n2c6-b6,n2c6-b6,5715,4945,40005,4,row-major,N,N,1.0,0.0,20260922,main,pass,pass,0,0,320040.0,56.008662,0.00686080008745,56.0155228001,2.80729390009,46.64762067407089,0.005713416281806597,0.11400302618466122,0.4809033059182567,5.890119878151131e-05,0.0011752889297387756,cuSPARSE 12.8.6,CUDA,13040,13000,2026-10-07T20:39:54.025027+00:00,derived,csr-alg3,0,0,,,,5,20,4,true
3,A100-SXM4-80GB-suitesparse_all-fp64-n4-row-major-cuSPARSE-SpMM-CSR-solve-only,cuSPARSE-SpMM-CSR-best-solve-only,cuSPARSE CUDA 13.4.1 CSR PER MATRIX BEST,per-matrix-best,cuSPARSE-SpMM-CSR,best,solve-only,"csr-alg1,csr-alg2,csr-alg3,csr-default",manual-selection,csr,CUSPARSE_SPMM_CSR_ALG3,library-preprocess,spmm.csr.fp64,fp64,A100-SXM4-80GB,A100-SXM4-80GB,,9700.0,1cb4d392-df77-5092-a407-ab8ee1286933,suitesparse_all,JGD_Homology/n3c4-b2,n3c4-b2,20,15,60,4,row-major,N,N,1.0,0.0,20260922,main,pass,pass,0,0,480.0,54.341931,0.00563200004399,54.347563,2.72272855004,0.08522727206158599,8.832042754152564e-06,0.00017629374033373556,0.0008786316707379999,9.105198715621199e-08,1.817461240553975e-06,cuSPARSE 12.8.6,CUDA,13040,13000,2026-10-08T01:16:53.272190+00:00,derived,csr-alg3,0,0,,,,5,20,4,true
3,A100-SXM4-80GB-suitesparse_all-fp64-n4-row-major-cuSPARSE-SpMM-CSR-solve-only,cuSPARSE-SpMM-CSR-best-solve-only,cuSPARSE CUDA 13.4.1 CSR PER MATRIX BEST,per-matrix-best,cuSPARSE-SpMM-CSR,best,solve-only,"csr-alg1,csr-alg2,csr-alg3,csr-default",manual-selection,csr,CUSPARSE_SPMM_CSR_ALG3,library-preprocess,spmm.csr.fp64,fp64,A100-SXM4-80GB,A100-SXM4-80GB,,9700.0,df7f742d-c1c4-51c9-b7da-d151d8293f2c,suitesparse_all,JGD_Homology/n3c4-b3,n3c4-b3,15,20,60,4,row-major,N,N,1.0,0.0,20260922,main,pass,pass,0,0,480.0,50.780901,0.00532479993999,50.7862257999,2.54436984994,0.09014423178514787,9.451381598845747e-06,0.00018865181884281454,0.0009293219771664729,9.74369236994407e-08,1.9448641117815935e-06,cuSPARSE 12.8.6,CUDA,13040,13000,2026-10-08T23:14:30.928891+00:00,derived,csr-alg3,0,0,,,,5,20,4,true
3,A100-SXM4-80GB-suitesparse_all-fp64-n4-row-major-cuSPARSE-SpMM-CSR-solve-only,cuSPARSE-SpMM-CSR-best-solve-only,cuSPARSE CUDA 13.4.1 CSR PER MATRIX BEST,per-matrix-best,cuSPARSE-SpMM-CSR,best,solve-only,"csr-alg1,csr-alg2,csr-alg3,csr-default",manual-selection,csr,CUSPARSE_SPMM_CSR_ALG3,library-preprocess,spmm.csr.fp64,fp64,A100-SXM4-80GB,A100-SXM4-80GB,,9700.0,0edb0287-e1df-52fd-b14b-f9e504b96222,suitesparse_all,JGD_Homology/n3c5-b1,n3c5-b1,45,10,90,4,row-major,N,N,1.0,0.0,20260922,main,pass,pass,0,0,720.0,59.336404,0.00537599995732,59.34178,2.97219619996,0.13392857249182877,1.2133104197413693e-05,0.00024224511154737692,0.0013807069329054512,1.250835484269453e-07,2.4973722839935764e-06,cuSPARSE 12.8.6,CUDA,13040,13000,2026-10-07T20:39:54.613079+00:00,derived,csr-alg3,0,0,,,,5,20,4,true
3,A100-SXM4-80GB-suitesparse_all-fp64-n4-row-major-cuSPARSE-SpMM-CSR-solve-only,cuSPARSE-SpMM-CSR-best-solve-only,cuSPARSE CUDA 13.4.1 CSR PER MATRIX BEST,per-matrix-best,cuSPARSE-SpMM-CSR,best,solve-only,"csr-alg1,csr-alg2,csr-alg3,csr-default",manual-selection,csr,CUSPARSE_SPMM_CSR_ALG3,library-preprocess,spmm.csr.fp64,fp64,A100-SXM4-80GB,A100-SXM4-80GB,,9700.0,1cb4d392-df77-5092-a407-ab8ee1286933,suitesparse_all,JGD_Homology/n3c5-b6,n3c5-b6,120,210,840,4,row-major,N,N,1.0,0.0,20260922,main,pass,pass,0,0,6720.0,51.936641,0.00563200004399,51.942273,2.60246405004,1.193181808862204,0.00012937439222191914,0.002582168233946099,0.012300843390331998,1.3337566208445272e-06,2.662029107160927e-05,cuSPARSE 12.8.6,CUDA,13040,13000,2026-10-08T01:16:53.880129+00:00,derived,csr-alg3,0,0,,,,5,20,4,true
3,A100-SXM4-80GB-suitesparse_all-fp64-n4-row-major-cuSPARSE-SpMM-CSR-solve-only,cuSPARSE-SpMM-CSR-best-solve-only,cuSPARSE CUDA 13.4.1 CSR PER MATRIX BEST,per-matrix-best,cuSPARSE-SpMM-CSR,best,solve-only,"csr-alg1,csr-alg2,csr-alg3,csr-default",manual-selection,csr,CUSPARSE_SPMM_CSR_ALG3,library-preprocess,spmm.csr.fp64,fp64,A100-SXM4-80GB,A100-SXM4-80GB,,9700.0,df7f742d-c1c4-51c9-b7da-d151d8293f2c,suitesparse_all,JGD_Homology/n3c5-b7,n3c5-b7,30,120,240,4,row-major,N,N,1.0,0.0,20260922,main,pass,pass,0,0,1920.0,50.92756,0.00558080002666,50.9331408,2.55195880003,0.3440366956042112,3.769647757516654e-05,0.000752363243472986,0.0035467700577753733,3.886234801563561e-07,7.756322097659649e-06,cuSPARSE 12.8.6,CUDA,13040,13000,2026-10-08T23:14:31.681160+00:00,derived,csr-alg3,0,0,,,,5,20,4,true
3,A100-SXM4-80GB-suitesparse_all-fp64-n4-row-major-cuSPARSE-SpMM-CSR-solve-only,cuSPARSE-SpMM-CSR-best-solve-only,cuSPARSE CUDA 13.4.1 CSR PER MATRIX BEST,per-matrix-best,cuSPARSE-SpMM-CSR,best,solve-only,"csr-alg1,csr-alg2,csr-alg3,csr-default",manual-selection,csr,CUSPARSE_SPMM_CSR_ALG3,library-preprocess,spmm.csr.fp64,fp64,A100-SXM4-80GB,A100-SXM4-80GB,,9700.0,0edb0287-e1df-52fd-b14b-f9e504b96222,suitesparse_all,JGD_Homology/n3c6-b1,n3c6-b1,105,105,210,4,row-major,N,N,1.0,0.0,20260922,main,pass,pass,0,0,1680.0,63.058685,0.00558080002666,63.0642658,3.15851505003,0.30103210865368474,2.663949193237099e-05,0.0005318955184285233,0.0031034238005534513,2.7463393744712366e-07,5.483458952871374e-06,cuSPARSE 12.8.6,CUDA,13040,13000,2026-10-07T20:39:55.315898+00:00,derived,csr-alg3,0,0,,,,5,20,4,true
3,A100-SXM4-80GB-suitesparse_all-fp64-n4-row-major-cuSPARSE-SpMM-CSR-solve-only,cuSPARSE-SpMM-CSR-best-solve-only,cuSPARSE CUDA 13.4.1 CSR PER MATRIX BEST,per-matrix-best,cuSPARSE-SpMM-CSR,best,solve-only,"csr-alg1,csr-alg2,csr-alg3,csr-default",manual-selection,csr,CUSPARSE_SPMM_CSR_ALG3,library-preprocess,spmm.csr.fp64,fp64,A100-SXM4-80GB,A100-SXM4-80GB,,9700.0,1cb4d392-df77-5092-a407-ab8ee1286933,suitesparse_all,JGD_Homology/n3c6-b5,n3c6-b5,5005,3003,30030,4,row-major,N,N,1.0,0.0,20260922,main,pass,pass,0,0,240240.0,50.52297,0.00691199973226,50.5298819997,2.53306049973,34.756945790773244,0.004754414427514917,0.09484179316901721,0.3583190287708582,4.901458172695791e-05,0.0009777504450414146,cuSPARSE 12.8.6,CUDA,13040,13000,2026-10-08T01:16:54.585501+00:00,derived,csr-alg3,0,0,,,,5,20,4,true
3,A100-SXM4-80GB-suitesparse_all-fp64-n4-row-major-cuSPARSE-SpMM-CSR-solve-only,cuSPARSE-SpMM-CSR-best-solve-only,cuSPARSE CUDA 13.4.1 CSR PER MATRIX BEST,per-matrix-best,cuSPARSE-SpMM-CSR,best,solve-only,"csr-alg1,csr-alg2,csr-alg3,csr-default",manual-selection,csr,CUSPARSE_SPMM_CSR_ALG3,library-preprocess,spmm.csr.fp64,fp64,A100-SXM4-80GB,A100-SXM4-80GB,,9700.0,df7f742d-c1c4-51c9-b7da-d151d8293f2c,suitesparse_all,JGD_Homology/n3c6-b6,n3c6-b6,6435,5005,45045,4,row-major,N,N,1.0,0.0,20260922,main,pass,pass,0,0,360360.0,50.611651,0.00680959969759,50.6184605997,2.5373921497,52.919410244854156,0.007119141825544488,0.14201982931278712,0.5455609303593212,7.339321469633492e-05,0.0014641219516782177,cuSPARSE 12.8.6,CUDA,13040,13000,2026-10-08T23:14:32.578848+00:00,derived,csr-alg3,0,0,,,,5,20,4,true
3,A100-SXM4-80GB-suitesparse_all-fp64-n4-row-major-cuSPARSE-SpMM-CSR-solve-only,cuSPARSE-SpMM-CSR-best-solve-only,cuSPARSE CUDA 13.4.1 CSR PER MATRIX BEST,per-matrix-best,cuSPARSE-SpMM-CSR,best,solve-only,"csr-alg1,csr-alg2,csr-alg3,csr-default",manual-selection,csr,CUSPARSE_SPMM_CSR_ALG3,library-preprocess,spmm.csr.fp64,fp64,A100-SXM4-80GB,A100-SXM4-80GB,,9700.0,0edb0287-e1df-52fd-b14b-f9e504b96222,suitesparse_all,JGD_Homology/n3c6-b8,n3c6-b8,4935,6435,44415,4,row-major,N,N,1.0,0.0,20260922,main,pass,pass,0,0,355320.0,57.318983,0.00706560015678,57.3260486002,2.87301475016,50.288721710220535,0.0061982294031471125,0.12367496546274677,0.5184404300022736,6.389927219739291e-05,0.001274999643945843,cuSPARSE 12.8.6,CUDA,13040,13000,2026-10-07T20:39:56.323391+00:00,derived,csr-alg3,0,0,,,,5,20,4,true
3,A100-SXM4-80GB-suitesparse_all-fp64-n4-row-major-cuSPARSE-SpMM-CSR-solve-only,cuSPARSE-SpMM-CSR-best-solve-only,cuSPARSE CUDA 13.4.1 CSR PER MATRIX BEST,per-matrix-best,cuSPARSE-SpMM-CSR,best,solve-only,"csr-alg1,csr-alg2,csr-alg3,csr-default",manual-selection,csr,CUSPARSE_SPMM_CSR_ALG3,library-preprocess,spmm.csr.fp64,fp64,A100-SXM4-80GB,A100-SXM4-80GB,,9700.0,1cb4d392-df77-5092-a407-ab8ee1286933,suitesparse_all,JGD_Homology/n4c5-b2,n4c5-b2,455,105,1365,4,row-major,N,N,1.0,0.0,20260922,main,pass,pass,0,0,10920.0,52.594961,0.00563200004399,52.600593,2.63538005004,1.9389204394010815,0.00020760222227912906,0.004143614883870072,0.0199888705092895,2.140229095661124e-06,4.271767921515538e-05,cuSPARSE 12.8.6,CUDA,13040,13000,2026-10-08T01:16:55.202075+00:00,derived,csr-alg3,0,0,,,,5,20,4,true
3,A100-SXM4-80GB-suitesparse_all-fp64-n4-row-major-cuSPARSE-SpMM-CSR-solve-only,cuSPARSE-SpMM-CSR-best-solve-only,cuSPARSE CUDA 13.4.1 CSR PER MATRIX BEST,per-matrix-best,cuSPARSE-SpMM-CSR,best,solve-only,"csr-alg1,csr-alg2,csr-alg3,csr-default",manual-selection,csr,CUSPARSE_SPMM_CSR_ALG3,library-preprocess,spmm.csr.fp64,fp64,A100-SXM4-80GB,A100-SXM4-80GB,,9700.0,df7f742d-c1c4-51c9-b7da-d151d8293f2c,suitesparse_all,JGD_Homology/n4c5-b3,n4c5-b3,1350,455,5400,4,row-major,N,N,1.0,0.0,20260922,main,pass,pass,0,0,43200.0,50.40374,0.00573440007865,50.4094744001,2.52592140008,7.533482039531885,0.0008569817581735052,0.017102669940019428,0.07766476329414314,8.834863486324796e-06,0.0001763161849486539,cuSPARSE 12.8.6,CUDA,13040,13000,2026-10-08T23:14:33.460889+00:00,derived,csr-alg3,0,0,,,,5,20,4,true
3,A100-SXM4-80GB-suitesparse_all-fp64-n4-row-major-cuSPARSE-SpMM-CSR-solve-only,cuSPARSE-SpMM-CSR-best-solve-only,cuSPARSE CUDA 13.4.1 CSR PER MATRIX BEST,per-matrix-best,cuSPARSE-SpMM-CSR,best,solve-only,"csr-alg1,csr-alg2,csr-alg3,csr-default",manual-selection,csr,CUSPARSE_SPMM_CSR_ALG3,library-preprocess,spmm.csr.fp64,fp64,A100-SXM4-80GB,A100-SXM4-80GB,,9700.0,0edb0287-e1df-52fd-b14b-f9e504b96222,suitesparse_all,JGD_Homology/n4c5-b5,n4c5-b5,4340,2852,26040,4,row-major,N,N,1.0,0.0,20260922,main,pass,pass,0,0,208320.0,56.399462,0.00686080008745,56.4063228001,2.82683390009,30.363805583122264,0.0036932029896412726,0.0736937532811417,0.3130289235373429,3.807425762516776e-05,0.0007597294152695021,cuSPARSE 12.8.6,CUDA,13040,13000,2026-10-07T20:39:57.475069+00:00,derived,csr-alg3,0,0,,,,5,20,4,true
3,A100-SXM4-80GB-suitesparse_all-fp64-n4-row-major-cuSPARSE-SpMM-CSR-solve-only,cuSPARSE-SpMM-CSR-best-solve-only,cuSPARSE CUDA 13.4.1 CSR PER MATRIX BEST,per-matrix-best,cuSPARSE-SpMM-CSR,best,solve-only,"csr-alg1,csr-alg2,csr-alg3,csr-default",manual-selection,csr,CUSPARSE_SPMM_CSR_ALG3,library-preprocess,spmm.csr.fp64,fp64,A100-SXM4-80GB,A100-SXM4-80GB,,9700.0,1cb4d392-df77-5092-a407-ab8ee1286933,suitesparse_all,JGD_Homology/n4c6-b10,n4c6-b10,132402,186558,1456422,4,row-major,N,N,1.0,0.0,20260922,main,pass,pass,0,0,11651376.0,51.19724,0.0856576025486,51.2828976025,2.64551960255,136.0226722828169,0.2271980824935291,4.4041918981697625,1.402295590544504,0.002342248273129166,0.04540404018731714,cuSPARSE 12.8.6,CUDA,13040,13000,2026-10-08T01:17:00.826688+00:00,derived,csr-alg3,0,0,,,,5,20,4,true
3,A100-SXM4-80GB-suitesparse_all-fp64-n4-row-major-cuSPARSE-SpMM-CSR-solve-only,cuSPARSE-SpMM-CSR-best-solve-only,cuSPARSE CUDA 13.4.1 CSR PER MATRIX BEST,per-matrix-best,cuSPARSE-SpMM-CSR,best,solve-only,"csr-alg1,csr-alg2,csr-alg3,csr-default",manual-selection,csr,CUSPARSE_SPMM_CSR_ALG3,library-preprocess,spmm.csr.fp64,fp64,A100-SXM4-80GB,A100-SXM4-80GB,,9700.0,df7f742d-c1c4-51c9-b7da-d151d8293f2c,suitesparse_all,JGD_Homology/n4c6-b11,n4c6-b11,69235,132402,830820,4,row-major,N,N,1.0,0.0,20260922,main,pass,pass,0,0,6646560.0,53.782702,0.0366591989994,53.819361199,2.725794299,181.3067437755196,0.12349756392358475,2.438393829805277,1.8691416884074188,0.001273170762098812,0.025138080719642034,cuSPARSE 12.8.6,CUDA,13040,13000,2026-10-08T23:14:37.053507+00:00,derived,csr-alg3,0,0,,,,5,20,4,true
3,A100-SXM4-80GB-suitesparse_all-fp64-n4-row-major-cuSPARSE-SpMM-CSR-solve-only,cuSPARSE-SpMM-CSR-best-solve-only,cuSPARSE CUDA 13.4.1 CSR PER MATRIX BEST,per-matrix-best,cuSPARSE-SpMM-CSR,best,solve-only,"csr-alg1,csr-alg2,csr-alg3,csr-default",manual-selection,csr,CUSPARSE_SPMM_CSR_ALG3,library-preprocess,spmm.csr.fp64,fp64,A100-SXM4-80GB,A100-SXM4-80GB,,9700.0,0edb0287-e1df-52fd-b14b-f9e504b96222,suitesparse_all,JGD_Homology/n4c6-b12,n4c6-b12,25605,69235,332865,4,row-major,N,N,1.0,0.0,20260922,main,pass,pass,0,0,2662920.0,65.115195,0.0169983997941,65.1321933998,3.27275814979,156.65709903612677,0.04088485065525487,0.8136623233742062,1.6150216395476986,0.000421493305724277,0.008388271374991816,cuSPARSE 12.8.6,CUDA,13040,13000,2026-10-07T20:40:00.509634+00:00,derived,csr-alg3,0,0,,,,5,20,4,true
3,A100-SXM4-80GB-suitesparse_all-fp64-n4-row-major-cuSPARSE-SpMM-CSR-solve-only,cuSPARSE-SpMM-CSR-best-solve-only,cuSPARSE CUDA 13.4.1 CSR PER MATRIX BEST,per-matrix-best,cuSPARSE-SpMM-CSR,best,solve-only,"csr-alg1,csr-alg2,csr-alg3,csr-default",manual-selection,csr,CUSPARSE_SPMM_CSR_ALG3,library-preprocess,spmm.csr.fp64,fp64,A100-SXM4-80GB,A100-SXM4-80GB,,9700.0,1cb4d392-df77-5092-a407-ab8ee1286933,suitesparse_all,JGD_Homology/n4c6-b3,n4c6-b3,5970,1330,23880,4,row-major,N,N,1.0,0.0,20260922,main,pass,pass,0,0,191040.0,51.62857,0.00691199973226,51.6354819997,2.58834049973,27.638889959496005,0.0036997814797411974,0.07380790897485401,0.2849370098917114,3.8142077110734e-05,0.0007609062780912784,cuSPARSE 12.8.6,CUDA,13040,13000,2026-10-08T01:17:01.547313+00:00,derived,csr-alg3,0,0,,,,5,20,4,true
3,A100-SXM4-80GB-suitesparse_all-fp64-n4-row-major-cuSPARSE-SpMM-CSR-solve-only,cuSPARSE-SpMM-CSR-best-solve-only,cuSPARSE CUDA 13.4.1 CSR PER MATRIX BEST,per-matrix-best,cuSPARSE-SpMM-CSR,best,solve-only,"csr-alg1,csr-alg2,csr-alg3,csr-default",manual-selection,csr,CUSPARSE_SPMM_CSR_ALG3,library-preprocess,spmm.csr.fp64,fp64,A100-SXM4-80GB,A100-SXM4-80GB,,9700.0,df7f742d-c1c4-51c9-b7da-d151d8293f2c,suitesparse_all,JGD_Homology/n4c6-b4,n4c6-b4,20058,5970,100290,4,row-major,N,N,1.0,0.0,20260922,main,pass,pass,0,0,802320.0,50.631,0.0124927997589,50.6434927998,2.54404279976,64.22259345255405,0.015842509188133416,0.31537205273263846,0.6620885922943717,0.00016332483699106615,0.003251258275594211,cuSPARSE 12.8.6,CUDA,13040,13000,2026-10-08T23:14:38.114816+00:00,derived,csr-alg3,0,0,,,,5,20,4,true
3,A100-SXM4-80GB-suitesparse_all-fp64-n4-row-major-cuSPARSE-SpMM-CSR-solve-only,cuSPARSE-SpMM-CSR-best-solve-only,cuSPARSE CUDA 13.4.1 CSR PER MATRIX BEST,per-matrix-best,cuSPARSE-SpMM-CSR,best,solve-only,"csr-alg1,csr-alg2,csr-alg3,csr-default",manual-selection,csr,CUSPARSE_SPMM_CSR_ALG3,library-preprocess,spmm.csr.fp64,fp64,A100-SXM4-80GB,A100-SXM4-80GB,,9700.0,0edb0287-e1df-52fd-b14b-f9e504b96222,suitesparse_all,JGD_Homology/n4c6-b6,n4c6-b6,104115,51813,728805,4,row-major,N,N,1.0,0.0,20260922,main,pass,pass,0,0,5830440.0,59.527614,0.0472559988499,59.5748699988,3.02363669885,123.37989127093307,0.09786743974627962,1.928287218572764,1.2719576419683822,0.0010089426777966971,0.019879249676007876,cuSPARSE 12.8.6,CUDA,13040,13000,2026-10-07T20:40:05.341017+00:00,derived,csr-alg3,0,0,,,,5,20,4,true
3,A100-SXM4-80GB-suitesparse_all-fp64-n4-row-major-cuSPARSE-SpMM-CSR-solve-only,cuSPARSE-SpMM-CSR-best-solve-only,cuSPARSE CUDA 13.4.1 CSR PER MATRIX BEST,per-matrix-best,cuSPARSE-SpMM-CSR,best,solve-only,"csr-alg1,csr-alg2,csr-alg3,csr-default",manual-selection,csr,CUSPARSE_SPMM_CSR_ALG1,library-preprocess,spmm.csr.fp64,fp64,A100-SXM4-80GB,A100-SXM4-80GB,,9700.0,1cb4d392-df77-5092-a407-ab8ee1286933,suitesparse_all,JGD_Homology/shar_te2-b2,shar_te2-b2,200200,17160,600600,4,row-major,N,N,1.0,0.0,20260922,main,pass,pass,0,0,4804800.0,0.13681,0.0740351974964,0.210845197496,0.0808756974964,64.89886111580422,22.788282858997313,59.4096885558715,0.6690604238742703,0.23493075112368364,0.6124710160399123,cuSPARSE 12.8.6,CUDA,13040,13000,2026-10-07T21:01:51.902170+00:00,derived,csr-alg1,0,0,,,,5,20,4,true
3,A100-SXM4-80GB-suitesparse_all-fp64-n4-row-major-cuSPARSE-SpMM-CSR-solve-only,cuSPARSE-SpMM-CSR-best-solve-only,cuSPARSE CUDA 13.4.1 CSR PER MATRIX BEST,per-matrix-best,cuSPARSE-SpMM-CSR,best,solve-only,"csr-alg1,csr-alg2,csr-alg3,csr-default",manual-selection,csr,CUSPARSE_SPMM_CSR_ALG1,library-preprocess,spmm.csr.fp64,fp64,A100-SXM4-80GB,A100-SXM4-80GB,,9700.0,df7f742d-c1c4-51c9-b7da-d151d8293f2c,suitesparse_all,JGD_Homology/shar_te2-b3,shar_te2-b3,200200,200200,800800,4,row-major,N,N,1.0,0.0,20260922,main,pass,pass,0,0,6406400.0,0.12156,0.0973312020302,0.21889120203,0.10340920203,65.82061935300273,29.267507970110074,61.951933427950074,0.6785630861134302,0.3017268862897946,0.6386797260613409,cuSPARSE 12.8.6,CUDA,13040,13000,2026-10-08T18:04:24.027229+00:00,derived,csr-alg1,0,0,,,,5,20,4,true
3,A100-SXM4-80GB-suitesparse_all-fp64-n4-row-major-cuSPARSE-SpMM-CSR-solve-only,cuSPARSE-SpMM-CSR-best-solve-only,cuSPARSE CUDA 13.4.1 CSR PER MATRIX BEST,per-matrix-best,cuSPARSE-SpMM-CSR,best,solve-only,"csr-alg1,csr-alg2,csr-alg3,csr-default",manual-selection,csr,CUSPARSE_SPMM_CSR_ALG1,library-preprocess,spmm.csr.fp64,fp64,A100-SXM4-80GB,A100-SXM4-80GB,,9700.0,0edb0287-e1df-52fd-b14b-f9e504b96222,suitesparse_all,JGD_Kocay/Trec11,Trec11,235,1138,35705,4,row-major,N,N,1.0,0.0,20260922,main,pass,pass,0,0,285640.0,0.05186,0.0159247994423,0.0677847994423,0.0185177994423,17.93680360213977,4.213924100242319,15.425158960708677,0.18491550105298732,0.04344251649734349,0.15902225732689357,cuSPARSE 12.8.6,CUDA,13040,13000,2026-10-07T16:07:32.899481+00:00,derived,csr-alg1,0,0,,,,5,20,4,true
3,A100-SXM4-80GB-suitesparse_all-fp64-n4-row-major-cuSPARSE-SpMM-CSR-solve-only,cuSPARSE-SpMM-CSR-best-solve-only,cuSPARSE CUDA 13.4.1 CSR PER MATRIX BEST,per-matrix-best,cuSPARSE-SpMM-CSR,best,solve-only,"csr-alg1,csr-alg2,csr-alg3,csr-default",manual-selection,csr,CUSPARSE_SPMM_CSR_ALG3,library-preprocess,spmm.csr.fp64,fp64,A100-SXM4-80GB,A100-SXM4-80GB,,9700.0,0edb0287-e1df-52fd-b14b-f9e504b96222,suitesparse_all,JGD_Kocay/Trec3,Trec3,1,2,1,4,row-major,N,N,1.0,0.0,20260922,main,pass,pass,0,0,8.0,53.440351,0.00489600002766,53.445247,2.67691355003,0.0016339869188733498,1.4968590191004264e-07,2.9885163829479457e-06,1.6845225967766494e-05,1.5431536279385838e-09,3.080944724688604e-08,cuSPARSE 12.8.6,CUDA,13040,13000,2026-10-07T20:40:06.910619+00:00,derived,csr-alg3,0,0,,,,5,20,4,true
3,A100-SXM4-80GB-suitesparse_all-fp64-n4-row-major-cuSPARSE-SpMM-CSR-solve-only,cuSPARSE-SpMM-CSR-best-solve-only,cuSPARSE CUDA 13.4.1 CSR PER MATRIX BEST,per-matrix-best,cuSPARSE-SpMM-CSR,best,solve-only,"csr-alg1,csr-alg2,csr-alg3,csr-default",manual-selection,csr,CUSPARSE_SPMM_CSR_ALG3,library-preprocess,spmm.csr.fp64,fp64,A100-SXM4-80GB,A100-SXM4-80GB,,9700.0,1cb4d392-df77-5092-a407-ab8ee1286933,suitesparse_all,JGD_Kocay/Trec8,Trec8,23,84,549,4,row-major,N,N,1.0,0.0,20260922,main,pass,pass,0,0,4392.0,50.85941,0.00716800019145,50.8665780002,2.55013850019,0.6127231979205,8.63435318959874e-05,0.0017222593987239402,0.006316733999180412,8.901395040823443e-07,1.77552515332365e-05,cuSPARSE 12.8.6,CUDA,13040,13000,2026-10-08T01:17:06.379498+00:00,derived,csr-alg3,0,0,,,,5,20,4,true
3,A100-SXM4-80GB-suitesparse_all-fp64-n4-row-major-cuSPARSE-SpMM-CSR-solve-only,cuSPARSE-SpMM-CSR-best-solve-only,cuSPARSE CUDA 13.4.1 CSR PER MATRIX BEST,per-matrix-best,cuSPARSE-SpMM-CSR,best,solve-only,"csr-alg1,csr-alg2,csr-alg3,csr-default",manual-selection,csr,CUSPARSE_SPMM_CSR_ALG3,library-preprocess,spmm.csr.fp64,fp64,A100-SXM4-80GB,A100-SXM4-80GB,,9700.0,df7f742d-c1c4-51c9-b7da-d151d8293f2c,suitesparse_all,JGD_Kocay/Trec9,Trec9,47,201,2147,4,row-major,N,N,1.0,0.0,20260922,main,pass,pass,0,0,17176.0,50.91263,0.0101375997066,50.9227675997,2.55576909971,1.6942866651972566,0.00033729510019995824,0.006720481909711225,0.017466872837085118,3.4772690742263738e-06,6.928331865681675e-05,cuSPARSE 12.8.6,CUDA,13040,13000,2026-10-08T23:14:43.849885+00:00,derived,csr-alg3,0,0,,,,5,20,4,true
3,A100-SXM4-80GB-suitesparse_all-fp64-n4-row-major-cuSPARSE-SpMM-CSR-solve-only,cuSPARSE-SpMM-CSR-best-solve-only,cuSPARSE CUDA 13.4.1 CSR PER MATRIX BEST,per-matrix-best,cuSPARSE-SpMM-CSR,best,solve-only,"csr-alg1,csr-alg2,csr-alg3,csr-default",manual-selection,csr,CUSPARSE_SPMM_CSR_ALG3,library-preprocess,spmm.csr.fp64,fp64,A100-SXM4-80GB,A100-SXM4-80GB,,9700.0,1cb4d392-df77-5092-a407-ab8ee1286933,suitesparse_all,JGD_Margulies/cat_ears_2_4,cat_ears_2_4,1009,2689,7982,4,row-major,N,N,1.0,0.0,20260922,main,pass,pass,0,0,63856.0,51.376051,0.00619519986212,51.3822461999,2.57499774986,10.30733494014323,0.0012427638868019023,0.024798468271854526,0.1062611849499302,1.2811998833009302e-05,0.0002556543120809745,cuSPARSE 12.8.6,CUDA,13040,13000,2026-10-08T01:17:07.021910+00:00,derived,csr-alg3,0,0,,,,5,20,4,true
3,A100-SXM4-80GB-suitesparse_all-fp64-n4-row-major-cuSPARSE-SpMM-CSR-solve-only,cuSPARSE-SpMM-CSR-best-solve-only,cuSPARSE CUDA 13.4.1 CSR PER MATRIX BEST,per-matrix-best,cuSPARSE-SpMM-CSR,best,solve-only,"csr-alg1,csr-alg2,csr-alg3,csr-default",manual-selection,csr,CUSPARSE_SPMM_CSR_ALG3,library-preprocess,spmm.csr.fp64,fp64,A100-SXM4-80GB,A100-SXM4-80GB,,9700.0,df7f742d-c1c4-51c9-b7da-d151d8293f2c,suitesparse_all,JGD_Margulies/cat_ears_3_1,cat_ears_3_1,204,181,542,4,row-major,N,N,1.0,0.0,20260922,main,pass,pass,0,0,4336.0,51.193821,0.00563200004399,51.199453,2.56532305004,0.7698863576229935,8.468840477651196e-05,0.0016902354656394602,0.007936972758999933,8.730763379021853e-07,1.7425107893190313e-05,cuSPARSE 12.8.6,CUDA,13040,13000,2026-10-08T23:14:44.469246+00:00,derived,csr-alg3,0,0,,,,5,20,4,true
3,A100-SXM4-80GB-suitesparse_all-fp64-n4-row-major-cuSPARSE-SpMM-CSR-solve-only,cuSPARSE-SpMM-CSR-best-solve-only,cuSPARSE CUDA 13.4.1 CSR PER MATRIX BEST,per-matrix-best,cuSPARSE-SpMM-CSR,best,solve-only,"csr-alg1,csr-alg2,csr-alg3,csr-default",manual-selection,csr,CUSPARSE_SPMM_CSR_ALG3,library-preprocess,spmm.csr.fp64,fp64,A100-SXM4-80GB,A100-SXM4-80GB,,9700.0,0edb0287-e1df-52fd-b14b-f9e504b96222,suitesparse_all,JGD_Margulies/cat_ears_4_1,cat_ears_4_1,377,313,938,4,row-major,N,N,1.0,0.0,20260922,main,pass,pass,0,0,7504.0,54.407762,0.00568320006132,54.4134452001,2.72607130006,1.3203828686363532,0.0001379070921241026,0.0027526792860608005,0.01361219452202426,1.4217225992175526e-06,2.8378136969698975e-05,cuSPARSE 12.8.6,CUDA,13040,13000,2026-10-07T20:40:09.483886+00:00,derived,csr-alg3,0,0,,,,5,20,4,true
3,A100-SXM4-80GB-suitesparse_all-fp64-n4-row-major-cuSPARSE-SpMM-CSR-solve-only,cuSPARSE-SpMM-CSR-best-solve-only,cuSPARSE CUDA 13.4.1 CSR PER MATRIX BEST,per-matrix-best,cuSPARSE-SpMM-CSR,best,solve-only,"csr-alg1,csr-alg2,csr-alg3,csr-default",manual-selection,csr,CUSPARSE_SPMM_CSR_ALG3,library-preprocess,spmm.csr.fp64,fp64,A100-SXM4-80GB,A100-SXM4-80GB,,9700.0,1cb4d392-df77-5092-a407-ab8ee1286933,suitesparse_all,JGD_Margulies/flower_5_4,flower_5_4,5226,14721,43942,4,row-major,N,N,1.0,0.0,20260922,main,pass,pass,0,0,351536.0,51.765591,0.00721919983625,51.7728101998,2.59549874984,48.69459330310002,0.006789973320809964,0.13544063545461946,0.5020061165268044,6.999972495680375e-05,0.0013962952108723654,cuSPARSE 12.8.6,CUDA,13040,13000,2026-10-08T01:17:07.781336+00:00,derived,csr-alg3,0,0,,,,5,20,4,true
3,A100-SXM4-80GB-suitesparse_all-fp64-n4-row-major-cuSPARSE-SpMM-CSR-solve-only,cuSPARSE-SpMM-CSR-best-solve-only,cuSPARSE CUDA 13.4.1 CSR PER MATRIX BEST,per-matrix-best,cuSPARSE-SpMM-CSR,best,solve-only,"csr-alg1,csr-alg2,csr-alg3,csr-default",manual-selection,csr,CUSPARSE_SPMM_CSR_ALG3,library-preprocess,spmm.csr.fp64,fp64,A100-SXM4-80GB,A100-SXM4-80GB,,9700.0,df7f742d-c1c4-51c9-b7da-d151d8293f2c,suitesparse_all,JGD_Margulies/flower_7_1,flower_7_1,463,393,1178,4,row-major,N,N,1.0,0.0,20260922,main,pass,pass,0,0,9424.0,50.045349,0.00558080002666,50.0509298,2.50784825003,1.688646780924003,0.0001882882103820577,0.0037578031285933136,0.017408729700247455,1.941115570949048e-06,3.874023843910633e-05,cuSPARSE 12.8.6,CUDA,13040,13000,2026-10-08T23:14:45.079908+00:00,derived,csr-alg3,0,0,,,,5,20,4,true
3,A100-SXM4-80GB-suitesparse_all-fp64-n4-row-major-cuSPARSE-SpMM-CSR-solve-only,cuSPARSE-SpMM-CSR-best-solve-only,cuSPARSE CUDA 13.4.1 CSR PER MATRIX BEST,per-matrix-best,cuSPARSE-SpMM-CSR,best,solve-only,"csr-alg1,csr-alg2,csr-alg3,csr-default",manual-selection,csr,CUSPARSE_SPMM_CSR_ALG3,library-preprocess,spmm.csr.fp64,fp64,A100-SXM4-80GB,A100-SXM4-80GB,,9700.0,0edb0287-e1df-52fd-b14b-f9e504b96222,suitesparse_all,JGD_Margulies/flower_8_1,flower_8_1,625,513,1538,4,row-major,N,N,1.0,0.0,20260922,main,pass,pass,0,0,12304.0,52.755021,0.00563200004399,52.760653,2.64338305004,2.184659073845321,0.00023320408866054027,0.004654641331612463,0.022522258493250732,2.4041658624797966e-06,4.798599310940684e-05,cuSPARSE 12.8.6,CUDA,13040,13000,2026-10-07T20:40:10.225937+00:00,derived,csr-alg3,0,0,,,,5,20,4,true
3,A100-SXM4-80GB-suitesparse_all-fp64-n4-row-major-cuSPARSE-SpMM-CSR-solve-only,cuSPARSE-SpMM-CSR-best-solve-only,cuSPARSE CUDA 13.4.1 CSR PER MATRIX BEST,per-matrix-best,cuSPARSE-SpMM-CSR,best,solve-only,"csr-alg1,csr-alg2,csr-alg3,csr-default",manual-selection,csr,CUSPARSE_SPMM_CSR_ALG3,library-preprocess,spmm.csr.fp64,fp64,A100-SXM4-80GB,A100-SXM4-80GB,,9700.0,1cb4d392-df77-5092-a407-ab8ee1286933,suitesparse_all,JGD_Margulies/wheel_3_1,wheel_3_1,21,25,74,4,row-major,N,N,1.0,0.0,20260922,main,pass,pass,0,0,592.0,50.60571,0.00563200004399,50.611342,2.53591750004,0.10511363554262274,1.1696982862062816e-05,0.00023344608016256924,0.0010836457272435332,1.2058745218621457e-07,2.406660620232673e-06,cuSPARSE 12.8.6,CUDA,13040,13000,2026-10-08T01:17:08.373675+00:00,derived,csr-alg3,0,0,,,,5,20,4,true
3,A100-SXM4-80GB-suitesparse_all-fp64-n4-row-major-cuSPARSE-SpMM-CSR-solve-only,cuSPARSE-SpMM-CSR-best-solve-only,cuSPARSE CUDA 13.4.1 CSR PER MATRIX BEST,per-matrix-best,cuSPARSE-SpMM-CSR,best,solve-only,"csr-alg1,csr-alg2,csr-alg3,csr-default",manual-selection,csr,CUSPARSE_SPMM_CSR_ALG3,library-preprocess,spmm.csr.fp64,fp64,A100-SXM4-80GB,A100-SXM4-80GB,,9700.0,df7f742d-c1c4-51c9-b7da-d151d8293f2c,suitesparse_all,JGD_Margulies/wheel_4_1,wheel_4_1,36,41,122,4,row-major,N,N,1.0,0.0,20260922,main,pass,pass,0,0,976.0,51.65697,0.00542719997466,51.6623972,2.58827569997,0.1798349065000399,1.8891883708408326e-05,0.00037708502228387514,0.0018539681082478338,1.9476168771554975e-07,3.8874744565347956e-06,cuSPARSE 12.8.6,CUDA,13040,13000,2026-10-08T23:14:45.686486+00:00,derived,csr-alg3,0,0,,,,5,20,4,true
3,A100-SXM4-80GB-suitesparse_all-fp64-n4-row-major-cuSPARSE-SpMM-CSR-solve-only,cuSPARSE-SpMM-CSR-best-solve-only,cuSPARSE CUDA 13.4.1 CSR PER MATRIX BEST,per-matrix-best,cuSPARSE-SpMM-CSR,best,solve-only,"csr-alg1,csr-alg2,csr-alg3,csr-default",manual-selection,csr,CUSPARSE_SPMM_CSR_ALG1,library-preprocess,spmm.csr.fp64,fp64,A100-SXM4-80GB,A100-SXM4-80GB,,9700.0,0edb0287-e1df-52fd-b14b-f9e504b96222,suitesparse_all,JGD_Margulies/wheel_601,wheel_601,902103,723605,2170814,4,row-major,N,N,1.0,0.0,20260922,main,pass,pass,0,0,17366512.0,101.65691,0.255948805809,101.912858806,5.33879430581,67.85150626160623,0.17040550332376275,3.252890260465871,0.6995000645526416,0.0017567577662243583,0.03353495113882341,cuSPARSE 12.8.6,CUDA,13040,13000,2026-10-07T16:07:56.352688+00:00,derived,csr-alg1,0,0,,,,5,20,4,true
3,A100-SXM4-80GB-suitesparse_all-fp64-n4-row-major-cuSPARSE-SpMM-CSR-solve-only,cuSPARSE-SpMM-CSR-best-solve-only,cuSPARSE CUDA 13.4.1 CSR PER MATRIX BEST,per-matrix-best,cuSPARSE-SpMM-CSR,best,solve-only,"csr-alg1,csr-alg2,csr-alg3,csr-default",manual-selection,csr,CUSPARSE_SPMM_CSR_ALG3,library-preprocess,spmm.csr.fp64,fp64,A100-SXM4-80GB,A100-SXM4-80GB,,9700.0,1cb4d392-df77-5092-a407-ab8ee1286933,suitesparse_all,JGD_Relat/rel5,rel5,340,35,656,4,row-major,N,N,1.0,0.0,20260922,main,pass,pass,0,0,5248.0,51.168611,0.00563200004399,51.174243,2.56406255004,0.9318181745400069,0.0001025515902599673,0.002046751940555479,0.009606372933402134,1.0572328892780134e-06,2.110053546964411e-05,cuSPARSE 12.8.6,CUDA,13040,13000,2026-10-08T01:17:08.961925+00:00,derived,csr-alg3,0,0,,,,5,20,4,true
3,A100-SXM4-80GB-suitesparse_all-fp64-n4-row-major-cuSPARSE-SpMM-CSR-solve-only,cuSPARSE-SpMM-CSR-best-solve-only,cuSPARSE CUDA 13.4.1 CSR PER MATRIX BEST,per-matrix-best,cuSPARSE-SpMM-CSR,best,solve-only,"csr-alg1,csr-alg2,csr-alg3,csr-default",manual-selection,csr,CUSPARSE_SPMM_CSR_ALG3,library-preprocess,spmm.csr.fp64,fp64,A100-SXM4-80GB,A100-SXM4-80GB,,9700.0,df7f742d-c1c4-51c9-b7da-d151d8293f2c,suitesparse_all,JGD_Relat/rel6,rel6,2340,157,5101,4,row-major,N,N,1.0,0.0,20260922,main,pass,pass,0,0,40808.0,51.642721,0.00588800013065,51.6486090001,2.58802405013,6.930706367952311,0.0007901084034987464,0.015768014210667848,0.07145058111291043,8.145447458749965e-06,0.00016255684753265824,cuSPARSE 12.8.6,CUDA,13040,13000,2026-10-08T23:14:46.366273+00:00,derived,csr-alg3,0,0,,,,5,20,4,true
3,A100-SXM4-80GB-suitesparse_all-fp64-n4-row-major-cuSPARSE-SpMM-CSR-solve-only,cuSPARSE-SpMM-CSR-best-solve-only,cuSPARSE CUDA 13.4.1 CSR PER MATRIX BEST,per-matrix-best,cuSPARSE-SpMM-CSR,best,solve-only,"csr-alg1,csr-alg2,csr-alg3,csr-default",manual-selection,csr,CUSPARSE_SPMM_CSR_ALG1,library-preprocess,spmm.csr.fp64,fp64,A100-SXM4-80GB,A100-SXM4-80GB,,9700.0,0edb0287-e1df-52fd-b14b-f9e504b96222,suitesparse_all,JGD_Relat/rel8,rel8,345688,12347,821839,4,row-major,N,N,1.0,0.0,20260922,main,pass,pass,0,0,6574712.0,0.2469,0.118118405342,0.365018405342,0.130463405342,55.66204505524419,18.012001323165872,50.395066591776356,0.5738355160334453,0.1856907352903698,0.5195367689873851,cuSPARSE 12.8.6,CUDA,13040,13000,2026-10-07T16:08:04.012591+00:00,derived,csr-alg1,0,0,,,,5,20,4,true
3,A100-SXM4-80GB-suitesparse_all-fp64-n4-row-major-cuSPARSE-SpMM-CSR-solve-only,cuSPARSE-SpMM-CSR-best-solve-only,cuSPARSE CUDA 13.4.1 CSR PER MATRIX BEST,per-matrix-best,cuSPARSE-SpMM-CSR,best,solve-only,"csr-alg1,csr-alg2,csr-alg3,csr-default",manual-selection,csr,CUSPARSE_SPMM_CSR_ALG3,library-preprocess,spmm.csr.fp64,fp64,A100-SXM4-80GB,A100-SXM4-80GB,,9700.0,1cb4d392-df77-5092-a407-ab8ee1286933,suitesparse_all,JGD_Relat/relat6,relat6,2340,157,8108,4,row-major,N,N,1.0,0.0,20260922,main,pass,pass,0,0,64864.0,52.158131,0.00593920014799,52.1640702001,2.61384575015,10.921335934764192,0.0012434612512249026,0.02481554238473241,0.11259109211097106,1.281918815695776e-05,0.0002558303338632207,cuSPARSE 12.8.6,CUDA,13040,13000,2026-10-08T01:17:09.595186+00:00,derived,csr-alg3,0,0,,,,5,20,4,true
3,A100-SXM4-80GB-suitesparse_all-fp64-n4-row-major-cuSPARSE-SpMM-CSR-solve-only,cuSPARSE-SpMM-CSR-best-solve-only,cuSPARSE CUDA 13.4.1 CSR PER MATRIX BEST,per-matrix-best,cuSPARSE-SpMM-CSR,best,solve-only,"csr-alg1,csr-alg2,csr-alg3,csr-default",manual-selection,csr,CUSPARSE_SPMM_CSR_ALG3,library-preprocess,spmm.csr.fp64,fp64,A100-SXM4-80GB,A100-SXM4-80GB,,9700.0,df7f742d-c1c4-51c9-b7da-d151d8293f2c,suitesparse_all,JGD_Relat/relat7b,relat7b,21924,1045,81355,4,row-major,N,N,1.0,0.0,20260922,main,pass,pass,0,0,650840.0,50.36343,0.013055999577,50.3764859996,2.53122749958,49.84987906606149,0.012919519634719417,0.25712426090029133,0.5139162790315618,0.00013319092406927234,0.0026507655762916635,cuSPARSE 12.8.6,CUDA,13040,13000,2026-10-08T23:14:47.384623+00:00,derived,csr-alg3,0,0,,,,5,20,4,true
3,A100-SXM4-80GB-suitesparse_all-fp64-n4-row-major-cuSPARSE-SpMM-CSR-solve-only,cuSPARSE-SpMM-CSR-best-solve-only,cuSPARSE CUDA 13.4.1 CSR PER MATRIX BEST,per-matrix-best,cuSPARSE-SpMM-CSR,best,solve-only,"csr-alg1,csr-alg2,csr-alg3,csr-default",manual-selection,csr,CUSPARSE_SPMM_CSR_ALG1,library-preprocess,spmm.csr.fp64,fp64,A100-SXM4-80GB,A100-SXM4-80GB,,9700.0,0edb0287-e1df-52fd-b14b-f9e504b96222,suitesparse_all,JGD_Relat/relat8,relat8,345688,12347,1334038,4,row-major,N,N,1.0,0.0,20260922,main,pass,pass,0,0,10672304.0,0.11909,0.141056001186,0.260146001186,0.147010501186,75.66004927310559,41.024286175244654,72.59552150289748,0.7800005079701607,0.42293078531180056,0.7484074381742009,cuSPARSE 12.8.6,CUDA,13040,13000,2026-10-07T16:08:14.108218+00:00,derived,csr-alg1,0,0,,,,5,20,4,true
3,A100-SXM4-80GB-suitesparse_all-fp64-n4-row-major-cuSPARSE-SpMM-CSR-solve-only,cuSPARSE-SpMM-CSR-best-solve-only,cuSPARSE CUDA 13.4.1 CSR PER MATRIX BEST,per-matrix-best,cuSPARSE-SpMM-CSR,best,solve-only,"csr-alg1,csr-alg2,csr-alg3,csr-default",manual-selection,csr,CUSPARSE_SPMM_CSR_ALG3,library-preprocess,spmm.csr.fp64,fp64,A100-SXM4-80GB,A100-SXM4-80GB,,9700.0,0edb0287-e1df-52fd-b14b-f9e504b96222,suitesparse_all,JGD_SL6/D_11,D_11,169,461,2952,4,row-major,N,N,1.0,0.0,20260922,main,pass,pass,0,0,23616.0,58.173443,0.00814080014825,58.1815838001,2.91681295015,2.9009433433980876,0.0004059016351486707,0.008096508210711804,0.02990663240616585,4.1845529396770175e-06,8.346915681146191e-05,cuSPARSE 12.8.6,CUDA,13040,13000,2026-10-07T20:40:46.386321+00:00,derived,csr-alg3,0,0,,,,5,20,4,true
3,A100-SXM4-80GB-suitesparse_all-fp64-n4-row-major-cuSPARSE-SpMM-CSR-solve-only,cuSPARSE-SpMM-CSR-best-solve-only,cuSPARSE CUDA 13.4.1 CSR PER MATRIX BEST,per-matrix-best,cuSPARSE-SpMM-CSR,best,solve-only,"csr-alg1,csr-alg2,csr-alg3,csr-default",manual-selection,csr,CUSPARSE_SPMM_CSR_ALG3,library-preprocess,spmm.csr.fp64,fp64,A100-SXM4-80GB,A100-SXM4-80GB,,9700.0,1cb4d392-df77-5092-a407-ab8ee1286933,suitesparse_all,JGD_SL6/D_8,D_8,1132,1271,14966,4,row-major,N,N,1.0,0.0,20260922,main,pass,pass,0,0,119728.0,50.94603,0.00737280026078,50.9534028003,2.55467430026,16.239148731167912,0.0023497547449234358,0.04686624826805311,0.16741390444503002,2.4224275720860162e-05,0.00048315719863972274,cuSPARSE 12.8.6,CUDA,13040,13000,2026-10-08T01:17:10.250108+00:00,derived,csr-alg3,0,0,,,,5,20,4,true
3,A100-SXM4-80GB-suitesparse_all-fp64-n4-row-major-cuSPARSE-SpMM-CSR-solve-only,cuSPARSE-SpMM-CSR-best-solve-only,cuSPARSE CUDA 13.4.1 CSR PER MATRIX BEST,per-matrix-best,cuSPARSE-SpMM-CSR,best,solve-only,"csr-alg1,csr-alg2,csr-alg3,csr-default",manual-selection,csr,CUSPARSE_SPMM_CSR_ALG3,library-preprocess,spmm.csr.fp64,fp64,A100-SXM4-80GB,A100-SXM4-80GB,,9700.0,df7f742d-c1c4-51c9-b7da-d151d8293f2c,suitesparse_all,JGD_SL6/D_9,D_9,815,1133,12395,4,row-major,N,N,1.0,0.0,20260922,main,pass,pass,0,0,99160.0,50.66367,0.00788479968905,50.6715547997,2.54106829969,12.57609627517973,0.00195691646707843,0.039022957396342754,0.12965047706370855,2.0174396567818867e-05,0.00040229852985920365,cuSPARSE 12.8.6,CUDA,13040,13000,2026-10-08T23:14:48.042490+00:00,derived,csr-alg3,0,0,,,,5,20,4,true
3,A100-SXM4-80GB-suitesparse_all-fp64-n4-row-major-cuSPARSE-SpMM-CSR-solve-only,cuSPARSE-SpMM-CSR-best-solve-only,cuSPARSE CUDA 13.4.1 CSR PER MATRIX BEST,per-matrix-best,cuSPARSE-SpMM-CSR,best,solve-only,"csr-alg1,csr-alg2,csr-alg3,csr-default",manual-selection,csr,CUSPARSE_SPMM_CSR_ALG3,library-preprocess,spmm.csr.fp64,fp64,A100-SXM4-80GB,A100-SXM4-80GB,,9700.0,1cb4d392-df77-5092-a407-ab8ee1286933,suitesparse_all,JGD_SPG/EX4,EX4,2600,2600,71760,4,row-major,N,N,1.0,0.0,20260922,main,pass,pass,0,0,574080.0,47.944069,0.00814080014825,47.9522098001,2.40534425015,70.51886664032749,0.011971919592302142,0.23866853984172937,0.7269986251580154,0.00012342185146703238,0.002460500410739478,cuSPARSE 12.8.6,CUDA,13040,13000,2026-10-08T01:17:10.986818+00:00,derived,csr-alg3,0,0,,,,5,20,4,true
3,A100-SXM4-80GB-suitesparse_all-fp64-n4-row-major-cuSPARSE-SpMM-CSR-solve-only,cuSPARSE-SpMM-CSR-best-solve-only,cuSPARSE CUDA 13.4.1 CSR PER MATRIX BEST,per-matrix-best,cuSPARSE-SpMM-CSR,best,solve-only,"csr-alg1,csr-alg2,csr-alg3,csr-default",manual-selection,csr,CUSPARSE_SPMM_CSR_ALG3,library-preprocess,spmm.csr.fp64,fp64,A100-SXM4-80GB,A100-SXM4-80GB,,9700.0,df7f742d-c1c4-51c9-b7da-d151d8293f2c,suitesparse_all,JGD_SPG/EX5,EX5,6545,6545,295680,4,row-major,N,N,1.0,0.0,20260922,main,pass,pass,0,0,2365440.0,50.336691,0.0122368000448,50.3489278,2.52907135004,193.30543862283574,0.0469809408731838,0.9352998285171304,1.9928395734312963,0.0004843395966307608,0.00964226627337248,cuSPARSE 12.8.6,CUDA,13040,13000,2026-10-08T23:14:49.247390+00:00,derived,csr-alg3,0,0,,,,5,20,4,true
3,A100-SXM4-80GB-suitesparse_all-fp64-n4-row-major-cuSPARSE-SpMM-CSR-solve-only,cuSPARSE-SpMM-CSR-best-solve-only,cuSPARSE CUDA 13.4.1 CSR PER MATRIX BEST,per-matrix-best,cuSPARSE-SpMM-CSR,best,solve-only,"csr-alg1,csr-alg2,csr-alg3,csr-default",manual-selection,csr,CUSPARSE_SPMM_CSR_ALG3,library-preprocess,spmm.csr.fp64,fp64,A100-SXM4-80GB,A100-SXM4-80GB,,9700.0,0edb0287-e1df-52fd-b14b-f9e504b96222,suitesparse_all,JGD_Taha/abtaha2,abtaha2,37932,331,137228,4,row-major,N,N,1.0,0.0,20260922,main,pass,pass,0,0,1097824.0,60.225055,0.0200192004442,60.2450742004,3.03127195044,54.83855377041612,0.018222635038147417,0.36216611968472406,0.5653459151589291,0.0001878622168881177,0.003733671336955918,cuSPARSE 12.8.6,CUDA,13040,13000,2026-10-07T20:40:47.986680+00:00,derived,csr-alg3,0,0,,,,5,20,4,true
3,A100-SXM4-80GB-suitesparse_all-fp64-n4-row-major-cuSPARSE-SpMM-CSR-solve-only,cuSPARSE-SpMM-CSR-best-solve-only,cuSPARSE CUDA 13.4.1 CSR PER MATRIX BEST,per-matrix-best,cuSPARSE-SpMM-CSR,best,solve-only,"csr-alg1,csr-alg2,csr-alg3,csr-default",manual-selection,csr,CUSPARSE_SPMM_CSR_ALG3,library-preprocess,spmm.csr.fp64,fp64,A100-SXM4-80GB,A100-SXM4-80GB,,9700.0,df7f742d-c1c4-51c9-b7da-d151d8293f2c,suitesparse_all,JGD_Trefethen/Trefethen_200,Trefethen_200,200,200,2890,4,row-major,N,N,1.0,0.0,20260922,main,pass,pass,0,0,23120.0,54.123101,0.00593920014799,54.1290402001,2.71209425015,3.8927800754154562,0.00042712747010720665,0.008524777484676753,0.040131753354798516,4.403375980486666e-06,8.788430396573972e-05,cuSPARSE 12.8.6,CUDA,13040,13000,2026-10-08T23:14:49.872006+00:00,derived,csr-alg3,0,0,,,,5,20,4,true
3,A100-SXM4-80GB-suitesparse_all-fp64-n4-row-major-cuSPARSE-SpMM-CSR-solve-only,cuSPARSE-SpMM-CSR-best-solve-only,cuSPARSE CUDA 13.4.1 CSR PER MATRIX BEST,per-matrix-best,cuSPARSE-SpMM-CSR,best,solve-only,"csr-alg1,csr-alg2,csr-alg3,csr-default",manual-selection,csr,CUSPARSE_SPMM_CSR_ALG3,library-preprocess,spmm.csr.fp64,fp64,A100-SXM4-80GB,A100-SXM4-80GB,,9700.0,1cb4d392-df77-5092-a407-ab8ee1286933,suitesparse_all,JGD_Trefethen/Trefethen_200b,Trefethen_200b,199,199,2873,4,row-major,N,N,1.0,0.0,20260922,main,pass,pass,0,0,22984.0,50.494111,0.00599040016532,50.5001014002,2.53069595017,3.8368054496693587,0.00045512779900891393,0.009082086687836223,0.03955469535741607,4.69203916504035e-06,9.362975966841468e-05,cuSPARSE 12.8.6,CUDA,13040,13000,2026-10-08T01:17:11.630123+00:00,derived,csr-alg3,0,0,,,,5,20,4,true
3,A100-SXM4-80GB-suitesparse_all-fp64-n4-row-major-cuSPARSE-SpMM-CSR-solve-only,cuSPARSE-SpMM-CSR-best-solve-only,cuSPARSE CUDA 13.4.1 CSR PER MATRIX BEST,per-matrix-best,cuSPARSE-SpMM-CSR,best,solve-only,"csr-alg1,csr-alg2,csr-alg3,csr-default",manual-selection,csr,CUSPARSE_SPMM_CSR_ALG3,library-preprocess,spmm.csr.fp64,fp64,A100-SXM4-80GB,A100-SXM4-80GB,,9700.0,0edb0287-e1df-52fd-b14b-f9e504b96222,suitesparse_all,JGD_Trefethen/Trefethen_500,Trefethen_500,500,500,8478,4,row-major,N,N,1.0,0.0,20260922,main,pass,pass,0,0,67824.0,57.626103,0.00670719966292,57.6328101997,2.88801234966,10.11211882880979,0.001176829652501537,0.023484664117861126,0.10424864771968856,1.2132264458778734e-05,0.00024210993935939304,cuSPARSE 12.8.6,CUDA,13040,13000,2026-10-07T20:40:48.609065+00:00,derived,csr-alg3,0,0,,,,5,20,4,true
3,A100-SXM4-80GB-suitesparse_all-fp64-n4-row-major-cuSPARSE-SpMM-CSR-solve-only,cuSPARSE-SpMM-CSR-best-solve-only,cuSPARSE CUDA 13.4.1 CSR PER MATRIX BEST,per-matrix-best,cuSPARSE-SpMM-CSR,best,solve-only,"csr-alg1,csr-alg2,csr-alg3,csr-default",manual-selection,csr,CUSPARSE_SPMM_CSR_ALG3,library-preprocess,spmm.csr.fp64,fp64,A100-SXM4-80GB,A100-SXM4-80GB,,9700.0,0edb0287-e1df-52fd-b14b-f9e504b96222,suitesparse_all,Kemelmacher/Kemelmacher,Kemelmacher,28452,9693,100875,4,row-major,N,N,1.0,0.0,20260922,main,pass,pass,0,0,807000.0,58.220753,0.0164864003658,58.2372394004,2.92752405037,48.949436025711876,0.013857112876721577,0.2756595628643959,0.5046333610898132,0.0001428568337806348,0.0028418511635504734,cuSPARSE 12.8.6,CUDA,13040,13000,2026-10-07T20:09:23.137383+00:00,derived,csr-alg3,0,0,,,,5,20,4,true
3,A100-SXM4-80GB-suitesparse_all-fp64-n4-row-major-cuSPARSE-SpMM-CSR-solve-only,cuSPARSE-SpMM-CSR-best-solve-only,cuSPARSE CUDA 13.4.1 CSR PER MATRIX BEST,per-matrix-best,cuSPARSE-SpMM-CSR,best,solve-only,"csr-alg1,csr-alg2,csr-alg3,csr-default",manual-selection,csr,CUSPARSE_SPMM_CSR_ALG3,library-preprocess,spmm.csr.fp64,fp64,A100-SXM4-80GB,A100-SXM4-80GB,,9700.0,1cb4d392-df77-5092-a407-ab8ee1286933,suitesparse_all,Kim/kim1,kim1,38415,38415,933195,4,row-major,N,N,1.0,0.0,20260922,main,pass,pass,0,0,7465560.0,49.081819,0.033126398921,49.1149453989,2.48721734892,225.36587866987608,0.15200179781055406,3.001571215013315,2.3233595739162483,0.001567028843407774,0.030944033144467163,cuSPARSE 12.8.6,CUDA,13040,13000,2026-10-08T00:57:23.803849+00:00,derived,csr-alg3,0,0,,,,5,20,4,true
3,A100-SXM4-80GB-suitesparse_all-fp64-n4-row-major-cuSPARSE-SpMM-CSR-solve-only,cuSPARSE-SpMM-CSR-best-solve-only,cuSPARSE CUDA 13.4.1 CSR PER MATRIX BEST,per-matrix-best,cuSPARSE-SpMM-CSR,best,solve-only,"csr-alg1,csr-alg2,csr-alg3,csr-default",manual-selection,csr,CUSPARSE_SPMM_CSR_ALG1,library-preprocess,spmm.csr.fp64,fp64,A100-SXM4-80GB,A100-SXM4-80GB,,9700.0,df7f742d-c1c4-51c9-b7da-d151d8293f2c,suitesparse_all,Kim/kim2,kim2,456976,456976,11330020,4,row-major,N,N,1.0,0.0,20260922,main,pass,pass,0,0,90640160.0,0.144289,0.598271989822,0.742560989822,0.605486439822,151.50326530741907,122.06426306036819,149.69808411670832,1.561889333066176,1.2583944645398784,1.543279217698024,cuSPARSE 12.8.6,CUDA,13040,13000,2026-10-08T17:39:13.295070+00:00,derived,csr-alg1,0,0,,,,5,20,4,true
3,A100-SXM4-80GB-suitesparse_all-fp64-n4-row-major-cuSPARSE-SpMM-CSR-solve-only,cuSPARSE-SpMM-CSR-best-solve-only,cuSPARSE CUDA 13.4.1 CSR PER MATRIX BEST,per-matrix-best,cuSPARSE-SpMM-CSR,best,solve-only,"csr-alg1,csr-alg2,csr-alg3,csr-default",manual-selection,csr,CUSPARSE_SPMM_CSR_ALG1,library-preprocess,spmm.csr.fp64,fp64,A100-SXM4-80GB,A100-SXM4-80GB,,9700.0,0edb0287-e1df-52fd-b14b-f9e504b96222,suitesparse_all,LAW/cnr-2000,cnr-2000,325557,325557,3216152,4,row-major,N,N,1.0,0.0,20260922,main,pass,pass,0,0,25729216.0,0.13001,0.215296006203,0.345306006203,0.221796506203,119.50623912521738,74.51134801540114,116.00370285567641,1.2320230837651276,0.7681582269628984,1.1959144624296538,cuSPARSE 12.8.6,CUDA,13040,13000,2026-10-07T16:17:22.237427+00:00,derived,csr-alg1,0,0,,,,5,20,4,true
3,A100-SXM4-80GB-suitesparse_all-fp64-n4-row-major-cuSPARSE-SpMM-CSR-solve-only,cuSPARSE-SpMM-CSR-best-solve-only,cuSPARSE CUDA 13.4.1 CSR PER MATRIX BEST,per-matrix-best,cuSPARSE-SpMM-CSR,best,solve-only,"csr-alg1,csr-alg2,csr-alg3,csr-default",manual-selection,csr,CUSPARSE_SPMM_CSR_ALG3,library-preprocess,spmm.csr.fp64,fp64,A100-SXM4-80GB,A100-SXM4-80GB,,9700.0,df7f742d-c1c4-51c9-b7da-d151d8293f2c,suitesparse_all,LAW/hollywood-2009,hollywood-2009,1139905,1139905,113891327,4,row-major,N,N,1.0,0.0,20260922,main,pass,pass,0,0,911130616.0,62.173165,4.94806556702,67.121230567,8.05672381702,184.13875153007186,13.574402738199428,113.08946870875941,1.898337644639916,0.1399422962700972,1.1658708114305094,cuSPARSE 12.8.6,CUDA,13040,13000,2026-10-08T23:22:58.685578+00:00,derived,csr-alg3,0,0,,,,5,20,4,true
3,A100-SXM4-80GB-suitesparse_all-fp64-n4-row-major-cuSPARSE-SpMM-CSR-solve-only,cuSPARSE-SpMM-CSR-best-solve-only,cuSPARSE CUDA 13.4.1 CSR PER MATRIX BEST,per-matrix-best,cuSPARSE-SpMM-CSR,best,solve-only,"csr-alg1,csr-alg2,csr-alg3,csr-default",manual-selection,csr,CUSPARSE_SPMM_CSR_ALG1,library-preprocess,spmm.csr.fp64,fp64,A100-SXM4-80GB,A100-SXM4-80GB,,9700.0,1cb4d392-df77-5092-a407-ab8ee1286933,suitesparse_all,LAW/ljournal-2008,ljournal-2008,5363260,5363260,79023142,4,row-major,N,N,1.0,0.0,20260922,main,pass,pass,0,0,632185136.0,42.955927,3.9114238739,46.8673508739,6.0592202239,161.62532018542424,13.488817358184802,104.3344048639143,1.6662404142827243,0.1390599727647918,1.075612421277467,cuSPARSE 12.8.6,CUDA,13040,13000,2026-10-07T21:11:20.176532+00:00,derived,csr-alg1,0,0,,,,5,20,4,true
3,A100-SXM4-80GB-suitesparse_all-fp64-n4-row-major-cuSPARSE-SpMM-CSR-solve-only,cuSPARSE-SpMM-CSR-best-solve-only,cuSPARSE CUDA 13.4.1 CSR PER MATRIX BEST,per-matrix-best,cuSPARSE-SpMM-CSR,best,solve-only,"csr-alg1,csr-alg2,csr-alg3,csr-default",manual-selection,csr,CUSPARSE_SPMM_CSR_ALG3,library-preprocess,spmm.csr.fp64,fp64,A100-SXM4-80GB,A100-SXM4-80GB,,9700.0,1cb4d392-df77-5092-a407-ab8ee1286933,suitesparse_all,Lee/fem_filter,fem_filter,74062,74062,1731206,4,row-major,N,N,1.0,0.0,20260922,main,pass,pass,0,0,13849648.0,51.460041,0.0865791976452,51.5466201976,2.65958124765,159.96507679310693,0.26868198044621433,5.207454373592655,1.649124503021721,0.0027699173241877767,0.053685096634975824,cuSPARSE 12.8.6,CUDA,13040,13000,2026-10-08T01:10:08.351113+00:00,derived,csr-alg3,0,0,,,,5,20,4,true
3,A100-SXM4-80GB-suitesparse_all-fp64-n4-row-major-cuSPARSE-SpMM-CSR-solve-only,cuSPARSE-SpMM-CSR-best-solve-only,cuSPARSE CUDA 13.4.1 CSR PER MATRIX BEST,per-matrix-best,cuSPARSE-SpMM-CSR,best,solve-only,"csr-alg1,csr-alg2,csr-alg3,csr-default",manual-selection,csr,CUSPARSE_SPMM_CSR_ALG3,library-preprocess,spmm.csr.fp64,fp64,A100-SXM4-80GB,A100-SXM4-80GB,,9700.0,1cb4d392-df77-5092-a407-ab8ee1286933,suitesparse_all,Lee/fem_hifreq_circuit,fem_hifreq_circuit,491100,491100,20239237,4,row-major,N,N,1.0,0.0,20260922,main,pass,pass,0,0,161913896.0,48.558829,0.784179210663,49.3430082107,3.21212066066,206.47562929283302,3.2813949102699635,50.40716495585545,2.12861473497766,0.03382881350793777,0.5196614943902624,cuSPARSE 12.8.6,CUDA,13040,13000,2026-10-08T01:18:25.137374+00:00,derived,csr-alg3,0,0,,,,5,20,4,true
3,A100-SXM4-80GB-suitesparse_all-fp64-n4-row-major-cuSPARSE-SpMM-CSR-solve-only,cuSPARSE-SpMM-CSR-best-solve-only,cuSPARSE CUDA 13.4.1 CSR PER MATRIX BEST,per-matrix-best,cuSPARSE-SpMM-CSR,best,solve-only,"csr-alg1,csr-alg2,csr-alg3,csr-default",manual-selection,csr,CUSPARSE_SPMM_CSR_ALG3,library-preprocess,spmm.csr.fp64,fp64,A100-SXM4-80GB,A100-SXM4-80GB,,9700.0,df7f742d-c1c4-51c9-b7da-d151d8293f2c,suitesparse_all,LeGresley/LeGresley_2508,LeGresley_2508,2508,2508,16727,4,row-major,N,N,1.0,0.0,20260922,main,pass,pass,0,0,133816.0,64.373306,0.00752639994025,64.3808323999,3.22619169994,17.7795494608748,0.0020785068321081206,0.04147800640690033,0.1832943243389155,2.1427905485650727e-05,0.0004276083134731993,cuSPARSE 12.8.6,CUDA,13040,13000,2026-10-09T00:21:59.444041+00:00,derived,csr-alg3,0,0,,,,5,20,4,true
3,A100-SXM4-80GB-suitesparse_all-fp64-n4-row-major-cuSPARSE-SpMM-CSR-solve-only,cuSPARSE-SpMM-CSR-best-solve-only,cuSPARSE CUDA 13.4.1 CSR PER MATRIX BEST,per-matrix-best,cuSPARSE-SpMM-CSR,best,solve-only,"csr-alg1,csr-alg2,csr-alg3,csr-default",manual-selection,csr,CUSPARSE_SPMM_CSR_ALG3,library-preprocess,spmm.csr.fp64,fp64,A100-SXM4-80GB,A100-SXM4-80GB,,9700.0,0edb0287-e1df-52fd-b14b-f9e504b96222,suitesparse_all,LeGresley/LeGresley_87936,LeGresley_87936,87936,87936,593276,4,row-major,N,N,1.0,0.0,20260922,main,pass,pass,0,0,4746208.0,52.809552,0.0418256014585,52.8513776015,2.68230320146,113.4761446218355,0.08980291934462832,1.7694524606377828,1.1698571610498505,0.000925803292212663,0.01824177794471941,cuSPARSE 12.8.6,CUDA,13040,13000,2026-10-07T21:30:37.567951+00:00,derived,csr-alg3,0,0,,,,5,20,4,true
3,A100-SXM4-80GB-suitesparse_all-fp64-n4-row-major-cuSPARSE-SpMM-CSR-solve-only,cuSPARSE-SpMM-CSR-best-solve-only,cuSPARSE CUDA 13.4.1 CSR PER MATRIX BEST,per-matrix-best,cuSPARSE-SpMM-CSR,best,solve-only,"csr-alg1,csr-alg2,csr-alg3,csr-default",manual-selection,csr,CUSPARSE_SPMM_CSR_ALG3,library-preprocess,spmm.csr.fp64,fp64,A100-SXM4-80GB,A100-SXM4-80GB,,9700.0,1cb4d392-df77-5092-a407-ab8ee1286933,suitesparse_all,LPnetlib/lp_agg,lp_agg,488,615,2862,4,row-major,N,N,1.0,0.0,20260922,main,pass,pass,0,0,22896.0,51.30602,0.00619519986212,51.3122151999,2.57149619986,3.6957645450626315,0.000446209541155117,0.008903765831443394,0.03810066541301682,4.600098362423887e-06,9.17914003241587e-05,cuSPARSE 12.8.6,CUDA,13040,13000,2026-10-08T00:56:12.550864+00:00,derived,csr-alg3,0,0,,,,5,20,4,true
3,A100-SXM4-80GB-suitesparse_all-fp64-n4-row-major-cuSPARSE-SpMM-CSR-solve-only,cuSPARSE-SpMM-CSR-best-solve-only,cuSPARSE CUDA 13.4.1 CSR PER MATRIX BEST,per-matrix-best,cuSPARSE-SpMM-CSR,best,solve-only,"csr-alg1,csr-alg2,csr-alg3,csr-default",manual-selection,csr,CUSPARSE_SPMM_CSR_ALG3,library-preprocess,spmm.csr.fp64,fp64,A100-SXM4-80GB,A100-SXM4-80GB,,9700.0,df7f742d-c1c4-51c9-b7da-d151d8293f2c,suitesparse_all,LPnetlib/lp_agg2,lp_agg2,516,758,4740,4,row-major,N,N,1.0,0.0,20260922,main,pass,pass,0,0,37920.0,49.55912,0.00936959981918,49.5684895998,2.48732559982,4.047131225644881,0.0007650021274836867,0.015245289962337118,0.04172300232623588,7.886619870965841e-06,0.00015716793775605276,cuSPARSE 12.8.6,CUDA,13040,13000,2026-10-08T22:48:38.458837+00:00,derived,csr-alg3,0,0,,,,5,20,4,true
3,A100-SXM4-80GB-suitesparse_all-fp64-n4-row-major-cuSPARSE-SpMM-CSR-solve-only,cuSPARSE-SpMM-CSR-best-solve-only,cuSPARSE CUDA 13.4.1 CSR PER MATRIX BEST,per-matrix-best,cuSPARSE-SpMM-CSR,best,solve-only,"csr-alg1,csr-alg2,csr-alg3,csr-default",manual-selection,csr,CUSPARSE_SPMM_CSR_ALG3,library-preprocess,spmm.csr.fp64,fp64,A100-SXM4-80GB,A100-SXM4-80GB,,9700.0,0edb0287-e1df-52fd-b14b-f9e504b96222,suitesparse_all,LPnetlib/lp_bandm,lp_bandm,305,472,2494,4,row-major,N,N,1.0,0.0,20260922,main,pass,pass,0,0,19952.0,53.570491,0.00916479974985,53.5796557997,2.68768934975,2.1770251990859437,0.0003723801450794634,0.007423476973578018,0.022443558753463336,3.83897056782952e-06,7.653069044925792e-05,cuSPARSE 12.8.6,CUDA,13040,13000,2026-10-07T20:03:00.936550+00:00,derived,csr-alg3,0,0,,,,5,20,4,true
3,A100-SXM4-80GB-suitesparse_all-fp64-n4-row-major-cuSPARSE-SpMM-CSR-solve-only,cuSPARSE-SpMM-CSR-best-solve-only,cuSPARSE CUDA 13.4.1 CSR PER MATRIX BEST,per-matrix-best,cuSPARSE-SpMM-CSR,best,solve-only,"csr-alg1,csr-alg2,csr-alg3,csr-default",manual-selection,csr,CUSPARSE_SPMM_CSR_ALG3,library-preprocess,spmm.csr.fp64,fp64,A100-SXM4-80GB,A100-SXM4-80GB,,9700.0,1cb4d392-df77-5092-a407-ab8ee1286933,suitesparse_all,LPnetlib/lp_bore3d,lp_bore3d,233,334,1448,4,row-major,N,N,1.0,0.0,20260922,main,pass,pass,0,0,11584.0,50.805781,0.0112127996981,50.8169937997,2.5515018497,1.0331050506469763,0.00022795523965190532,0.004540071174693454,0.010650567532443055,2.3500540170299516e-06,4.680485747106653e-05,cuSPARSE 12.8.6,CUDA,13040,13000,2026-10-08T00:56:13.199795+00:00,derived,csr-alg3,0,0,,,,5,20,4,true
3,A100-SXM4-80GB-suitesparse_all-fp64-n4-row-major-cuSPARSE-SpMM-CSR-solve-only,cuSPARSE-SpMM-CSR-best-solve-only,cuSPARSE CUDA 13.4.1 CSR PER MATRIX BEST,per-matrix-best,cuSPARSE-SpMM-CSR,best,solve-only,"csr-alg1,csr-alg2,csr-alg3,csr-default",manual-selection,csr,CUSPARSE_SPMM_CSR_ALG3,library-preprocess,spmm.csr.fp64,fp64,A100-SXM4-80GB,A100-SXM4-80GB,,9700.0,df7f742d-c1c4-51c9-b7da-d151d8293f2c,suitesparse_all,LPnetlib/lp_brandy,lp_brandy,220,303,2202,4,row-major,N,N,1.0,0.0,20260922,main,pass,pass,0,0,17616.0,47.695869,0.0133632004261,47.7092322004,2.39815665043,1.318247084403056,0.00036923671137705514,0.007345641910774,0.013590176127866558,3.8065640348150014e-06,7.572826712138144e-05,cuSPARSE 12.8.6,CUDA,13040,13000,2026-10-08T22:48:39.046607+00:00,derived,csr-alg3,0,0,,,,5,20,4,true
3,A100-SXM4-80GB-suitesparse_all-fp64-n4-row-major-cuSPARSE-SpMM-CSR-solve-only,cuSPARSE-SpMM-CSR-best-solve-only,cuSPARSE CUDA 13.4.1 CSR PER MATRIX BEST,per-matrix-best,cuSPARSE-SpMM-CSR,best,solve-only,"csr-alg1,csr-alg2,csr-alg3,csr-default",manual-selection,csr,CUSPARSE_SPMM_CSR_ALG1,library-preprocess,spmm.csr.fp64,fp64,A100-SXM4-80GB,A100-SXM4-80GB,,9700.0,0edb0287-e1df-52fd-b14b-f9e504b96222,suitesparse_all,LPnetlib/lp_cre_a,lp_cre_a,3516,7248,18168,4,row-major,N,N,1.0,0.0,20260922,main,pass,pass,0,0,145344.0,0.06836,0.0173567995429,0.0857167995429,0.0207747995429,8.37389402584042,1.6956302705545774,6.99616858876854,0.08632880439010743,0.017480724438706984,0.07212544936874783,cuSPARSE 12.8.6,CUDA,13040,13000,2026-10-07T15:30:32.023503+00:00,derived,csr-alg1,0,0,,,,5,20,4,true
3,A100-SXM4-80GB-suitesparse_all-fp64-n4-row-major-cuSPARSE-SpMM-CSR-solve-only,cuSPARSE-SpMM-CSR-best-solve-only,cuSPARSE CUDA 13.4.1 CSR PER MATRIX BEST,per-matrix-best,cuSPARSE-SpMM-CSR,best,solve-only,"csr-alg1,csr-alg2,csr-alg3,csr-default",manual-selection,csr,CUSPARSE_SPMM_CSR_ALG1,library-preprocess,spmm.csr.fp64,fp64,A100-SXM4-80GB,A100-SXM4-80GB,,9700.0,1cb4d392-df77-5092-a407-ab8ee1286933,suitesparse_all,LPnetlib/lp_czprob,lp_czprob,929,3562,10708,4,row-major,N,N,1.0,0.0,20260922,main,pass,pass,0,0,85664.0,0.05748,0.0162303999066,0.0737103999066,0.0191043999066,5.277996875798804,1.1621697902676782,4.483993238144353,0.05441233892576087,0.011981131858429672,0.046226734413859306,cuSPARSE 12.8.6,CUDA,13040,13000,2026-10-07T20:40:34.132006+00:00,derived,csr-alg1,0,0,,,,5,20,4,true
3,A100-SXM4-80GB-suitesparse_all-fp64-n4-row-major-cuSPARSE-SpMM-CSR-solve-only,cuSPARSE-SpMM-CSR-best-solve-only,cuSPARSE CUDA 13.4.1 CSR PER MATRIX BEST,per-matrix-best,cuSPARSE-SpMM-CSR,best,solve-only,"csr-alg1,csr-alg2,csr-alg3,csr-default",manual-selection,csr,CUSPARSE_SPMM_CSR_ALG3,library-preprocess,spmm.csr.fp64,fp64,A100-SXM4-80GB,A100-SXM4-80GB,,9700.0,df7f742d-c1c4-51c9-b7da-d151d8293f2c,suitesparse_all,LPnetlib/lp_d2q06c,lp_d2q06c,2171,5831,33081,4,row-major,N,N,1.0,0.0,20260922,main,pass,pass,0,0,264648.0,47.95312,0.0165375992656,47.9696575993,2.41419359927,16.002806438205123,0.005516987471760939,0.10962169731541989,0.16497738596087758,5.687615950269009e-05,0.0011301205908806173,cuSPARSE 12.8.6,CUDA,13040,13000,2026-10-08T22:48:39.740539+00:00,derived,csr-alg3,0,0,,,,5,20,4,true
3,A100-SXM4-80GB-suitesparse_all-fp64-n4-row-major-cuSPARSE-SpMM-CSR-solve-only,cuSPARSE-SpMM-CSR-best-solve-only,cuSPARSE CUDA 13.4.1 CSR PER MATRIX BEST,per-matrix-best,cuSPARSE-SpMM-CSR,best,solve-only,"csr-alg1,csr-alg2,csr-alg3,csr-default",manual-selection,csr,CUSPARSE_SPMM_CSR_ALG3,library-preprocess,spmm.csr.fp64,fp64,A100-SXM4-80GB,A100-SXM4-80GB,,9700.0,0edb0287-e1df-52fd-b14b-f9e504b96222,suitesparse_all,LPnetlib/lp_degen2,lp_degen2,444,757,4201,4,row-major,N,N,1.0,0.0,20260922,main,pass,pass,0,0,33608.0,54.755202,0.0120319999754,54.767234,2.74979209998,2.793218090817251,0.0006136515859099256,0.012222014893505747,0.028796062791930425,6.326305009380677e-06,0.00012600015354129635,cuSPARSE 12.8.6,CUDA,13040,13000,2026-10-07T20:03:02.258721+00:00,derived,csr-alg3,0,0,,,,5,20,4,true
3,A100-SXM4-80GB-suitesparse_all-fp64-n4-row-major-cuSPARSE-SpMM-CSR-solve-only,cuSPARSE-SpMM-CSR-best-solve-only,cuSPARSE CUDA 13.4.1 CSR PER MATRIX BEST,per-matrix-best,cuSPARSE-SpMM-CSR,best,solve-only,"csr-alg1,csr-alg2,csr-alg3,csr-default",manual-selection,csr,CUSPARSE_SPMM_CSR_ALG1,library-preprocess,spmm.csr.fp64,fp64,A100-SXM4-80GB,A100-SXM4-80GB,,9700.0,1cb4d392-df77-5092-a407-ab8ee1286933,suitesparse_all,LPnetlib/lp_fffff800,lp_fffff800,524,1028,6401,4,row-major,N,N,1.0,0.0,20260922,main,pass,pass,0,0,51208.0,0.05721,0.0157695993781,0.0729795993781,0.0186300993781,3.247260680009094,0.7016755427047013,2.748670254555694,0.03347691422689788,0.0072337684814917655,0.028336806747996844,cuSPARSE 12.8.6,CUDA,13040,13000,2026-10-07T20:40:34.673693+00:00,derived,csr-alg1,0,0,,,,5,20,4,true
3,A100-SXM4-80GB-suitesparse_all-fp64-n4-row-major-cuSPARSE-SpMM-CSR-solve-only,cuSPARSE-SpMM-CSR-best-solve-only,cuSPARSE CUDA 13.4.1 CSR PER MATRIX BEST,per-matrix-best,cuSPARSE-SpMM-CSR,best,solve-only,"csr-alg1,csr-alg2,csr-alg3,csr-default",manual-selection,csr,CUSPARSE_SPMM_CSR_ALG3,library-preprocess,spmm.csr.fp64,fp64,A100-SXM4-80GB,A100-SXM4-80GB,,9700.0,df7f742d-c1c4-51c9-b7da-d151d8293f2c,suitesparse_all,LPnetlib/lp_finnis,lp_finnis,497,1064,2760,4,row-major,N,N,1.0,0.0,20260922,main,pass,pass,0,0,22080.0,52.33265,0.00834560021758,52.3409956002,2.62497810022,2.645705452495615,0.00042184906394703025,0.00841149874665601,0.027275313943253766,4.348959422134332e-06,8.671648192428875e-05,cuSPARSE 12.8.6,CUDA,13040,13000,2026-10-08T22:48:40.444838+00:00,derived,csr-alg3,0,0,,,,5,20,4,true
3,A100-SXM4-80GB-suitesparse_all-fp64-n4-row-major-cuSPARSE-SpMM-CSR-solve-only,cuSPARSE-SpMM-CSR-best-solve-only,cuSPARSE CUDA 13.4.1 CSR PER MATRIX BEST,per-matrix-best,cuSPARSE-SpMM-CSR,best,solve-only,"csr-alg1,csr-alg2,csr-alg3,csr-default",manual-selection,csr,CUSPARSE_SPMM_CSR_ALG3,library-preprocess,spmm.csr.fp64,fp64,A100-SXM4-80GB,A100-SXM4-80GB,,9700.0,0edb0287-e1df-52fd-b14b-f9e504b96222,suitesparse_all,LPnetlib/lp_fit1p,lp_fit1p,627,1677,9868,4,row-major,N,N,1.0,0.0,20260922,main,pass,pass,0,0,78944.0,51.206051,0.00675840005279,51.2128094001,2.56706095005,11.68087112088169,0.0015414893446530167,0.030752678466190047,0.1204213517616669,1.5891642728381616e-05,0.0003170379223318561,cuSPARSE 12.8.6,CUDA,13040,13000,2026-10-07T20:03:02.890612+00:00,derived,csr-alg3,0,0,,,,5,20,4,true
3,A100-SXM4-80GB-suitesparse_all-fp64-n4-row-major-cuSPARSE-SpMM-CSR-solve-only,cuSPARSE-SpMM-CSR-best-solve-only,cuSPARSE CUDA 13.4.1 CSR PER MATRIX BEST,per-matrix-best,cuSPARSE-SpMM-CSR,best,solve-only,"csr-alg1,csr-alg2,csr-alg3,csr-default",manual-selection,csr,CUSPARSE_SPMM_CSR_ALG3,library-preprocess,spmm.csr.fp64,fp64,A100-SXM4-80GB,A100-SXM4-80GB,,9700.0,1cb4d392-df77-5092-a407-ab8ee1286933,suitesparse_all,LPnetlib/lp_greenbea,lp_greenbea,2392,5598,31070,4,row-major,N,N,1.0,0.0,20260922,main,pass,pass,0,0,248560.0,52.917921,0.0157695993781,52.9336905994,2.66166564938,15.76197302419662,0.004695686191259398,0.0933851327486977,0.16249456725975897,4.8409135992364935e-05,0.0009627333273061618,cuSPARSE 12.8.6,CUDA,13040,13000,2026-10-08T00:56:15.172284+00:00,derived,csr-alg3,0,0,,,,5,20,4,true
3,A100-SXM4-80GB-suitesparse_all-fp64-n4-row-major-cuSPARSE-SpMM-CSR-solve-only,cuSPARSE-SpMM-CSR-best-solve-only,cuSPARSE CUDA 13.4.1 CSR PER MATRIX BEST,per-matrix-best,cuSPARSE-SpMM-CSR,best,solve-only,"csr-alg1,csr-alg2,csr-alg3,csr-default",manual-selection,csr,CUSPARSE_SPMM_CSR_ALG3,library-preprocess,spmm.csr.fp64,fp64,A100-SXM4-80GB,A100-SXM4-80GB,,9700.0,df7f742d-c1c4-51c9-b7da-d151d8293f2c,suitesparse_all,LPnetlib/lp_greenbeb,lp_greenbeb,2392,5598,31070,4,row-major,N,N,1.0,0.0,20260922,main,pass,pass,0,0,248560.0,50.68391,0.0156159996986,50.6995259997,2.5498114997,15.917008503930992,0.0049026099376446,0.09748171581673568,0.16409287117454632,5.054237049118144e-05,0.001004966142440574,cuSPARSE 12.8.6,CUDA,13040,13000,2026-10-08T22:48:41.173456+00:00,derived,csr-alg3,0,0,,,,5,20,4,true
3,A100-SXM4-80GB-suitesparse_all-fp64-n4-row-major-cuSPARSE-SpMM-CSR-solve-only,cuSPARSE-SpMM-CSR-best-solve-only,cuSPARSE CUDA 13.4.1 CSR PER MATRIX BEST,per-matrix-best,cuSPARSE-SpMM-CSR,best,solve-only,"csr-alg1,csr-alg2,csr-alg3,csr-default",manual-selection,csr,CUSPARSE_SPMM_CSR_ALG3,library-preprocess,spmm.csr.fp64,fp64,A100-SXM4-80GB,A100-SXM4-80GB,,9700.0,0edb0287-e1df-52fd-b14b-f9e504b96222,suitesparse_all,LPnetlib/lp_grow22,lp_grow22,440,946,8252,4,row-major,N,N,1.0,0.0,20260922,main,pass,pass,0,0,66016.0,50.919,0.00675840005279,50.9257584001,2.55270840005,9.767992347944437,0.0012963184461847969,0.02586115985621661,0.1007009520406643,1.3364107692626773e-05,0.0002666098954249135,cuSPARSE 12.8.6,CUDA,13040,13000,2026-10-07T20:03:03.518417+00:00,derived,csr-alg3,0,0,,,,5,20,4,true
3,A100-SXM4-80GB-suitesparse_all-fp64-n4-row-major-cuSPARSE-SpMM-CSR-solve-only,cuSPARSE-SpMM-CSR-best-solve-only,cuSPARSE CUDA 13.4.1 CSR PER MATRIX BEST,per-matrix-best,cuSPARSE-SpMM-CSR,best,solve-only,"csr-alg1,csr-alg2,csr-alg3,csr-default",manual-selection,csr,CUSPARSE_SPMM_CSR_ALG3,library-preprocess,spmm.csr.fp64,fp64,A100-SXM4-80GB,A100-SXM4-80GB,,9700.0,1cb4d392-df77-5092-a407-ab8ee1286933,suitesparse_all,LPnetlib/lp_ken_11,lp_ken_11,14694,21349,49058,4,row-major,N,N,1.0,0.0,20260922,main,pass,pass,0,0,392464.0,51.40541,0.0210943996906,51.4265043997,2.59136489969,18.605127700073314,0.007631551173489627,0.15145068918968135,0.19180544020694137,7.867578529370749e-05,0.0015613473112338285,cuSPARSE 12.8.6,CUDA,13040,13000,2026-10-08T00:56:16.067618+00:00,derived,csr-alg3,0,0,,,,5,20,4,true
3,A100-SXM4-80GB-suitesparse_all-fp64-n4-row-major-cuSPARSE-SpMM-CSR-solve-only,cuSPARSE-SpMM-CSR-best-solve-only,cuSPARSE CUDA 13.4.1 CSR PER MATRIX BEST,per-matrix-best,cuSPARSE-SpMM-CSR,best,solve-only,"csr-alg1,csr-alg2,csr-alg3,csr-default",manual-selection,csr,CUSPARSE_SPMM_CSR_ALG3,library-preprocess,spmm.csr.fp64,fp64,A100-SXM4-80GB,A100-SXM4-80GB,,9700.0,df7f742d-c1c4-51c9-b7da-d151d8293f2c,suitesparse_all,LPnetlib/lp_ken_13,lp_ken_13,28632,42659,97246,4,row-major,N,N,1.0,0.0,20260922,main,pass,pass,0,0,777968.0,52.668341,0.0257023990154,52.694043399,2.65911944902,30.268302952337955,0.014763869876320097,0.29256602229234746,0.31204436033338095,0.0001522048440857742,0.0030161445597149225,cuSPARSE 12.8.6,CUDA,13040,13000,2026-10-08T22:48:42.404941+00:00,derived,csr-alg3,0,0,,,,5,20,4,true
3,A100-SXM4-80GB-suitesparse_all-fp64-n4-row-major-cuSPARSE-SpMM-CSR-solve-only,cuSPARSE-SpMM-CSR-best-solve-only,cuSPARSE CUDA 13.4.1 CSR PER MATRIX BEST,per-matrix-best,cuSPARSE-SpMM-CSR,best,solve-only,"csr-alg1,csr-alg2,csr-alg3,csr-default",manual-selection,csr,CUSPARSE_SPMM_CSR_ALG1,library-preprocess,spmm.csr.fp64,fp64,A100-SXM4-80GB,A100-SXM4-80GB,,9700.0,0edb0287-e1df-52fd-b14b-f9e504b96222,suitesparse_all,LPnetlib/lp_lotfi,lp_lotfi,153,366,1136,4,row-major,N,N,1.0,0.0,20260922,main,pass,pass,0,0,9088.0,0.08023,0.0144896000624,0.0947196000624,0.0185011000624,0.6272084778642744,0.09594635106158543,0.49121403426543525,0.006466066782105921,0.0009891376398101592,0.005064062208922013,cuSPARSE 12.8.6,CUDA,13040,13000,2026-10-07T15:30:37.581054+00:00,derived,csr-alg1,0,0,,,,5,20,4,true
3,A100-SXM4-80GB-suitesparse_all-fp64-n4-row-major-cuSPARSE-SpMM-CSR-solve-only,cuSPARSE-SpMM-CSR-best-solve-only,cuSPARSE CUDA 13.4.1 CSR PER MATRIX BEST,per-matrix-best,cuSPARSE-SpMM-CSR,best,solve-only,"csr-alg1,csr-alg2,csr-alg3,csr-default",manual-selection,csr,CUSPARSE_SPMM_CSR_ALG1,library-preprocess,spmm.csr.fp64,fp64,A100-SXM4-80GB,A100-SXM4-80GB,,9700.0,1cb4d392-df77-5092-a407-ab8ee1286933,suitesparse_all,LPnetlib/lp_osa_14,lp_osa_14,2337,54797,317097,4,row-major,N,N,1.0,0.0,20260922,main,pass,pass,0,0,2536776.0,0.06627,0.0501248002052,0.116394800205,0.0534383002052,50.60919923101922,21.794581850152333,47.47112071789197,0.5217443219692702,0.22468641082631272,0.4893929970916698,cuSPARSE 12.8.6,CUDA,13040,13000,2026-10-07T20:40:37.557888+00:00,derived,csr-alg1,0,0,,,,5,20,4,true
3,A100-SXM4-80GB-suitesparse_all-fp64-n4-row-major-cuSPARSE-SpMM-CSR-solve-only,cuSPARSE-SpMM-CSR-best-solve-only,cuSPARSE CUDA 13.4.1 CSR PER MATRIX BEST,per-matrix-best,cuSPARSE-SpMM-CSR,best,solve-only,"csr-alg1,csr-alg2,csr-alg3,csr-default",manual-selection,csr,CUSPARSE_SPMM_CSR_ALG1,library-preprocess,spmm.csr.fp64,fp64,A100-SXM4-80GB,A100-SXM4-80GB,,9700.0,df7f742d-c1c4-51c9-b7da-d151d8293f2c,suitesparse_all,LPnetlib/lp_osa_30,lp_osa_30,4350,104374,604488,4,row-major,N,N,1.0,0.0,20260922,main,pass,pass,0,0,4835904.0,0.07201,0.087961602211,0.159971602211,0.091562102211,54.97744332123192,30.229765365614824,52.81556324314088,0.5667777661982671,0.31164706562489514,0.5444903427127926,cuSPARSE 12.8.6,CUDA,13040,13000,2026-10-08T17:38:03.933155+00:00,derived,csr-alg1,0,0,,,,5,20,4,true
3,A100-SXM4-80GB-suitesparse_all-fp64-n4-row-major-cuSPARSE-SpMM-CSR-solve-only,cuSPARSE-SpMM-CSR-best-solve-only,cuSPARSE CUDA 13.4.1 CSR PER MATRIX BEST,per-matrix-best,cuSPARSE-SpMM-CSR,best,solve-only,"csr-alg1,csr-alg2,csr-alg3,csr-default",manual-selection,csr,CUSPARSE_SPMM_CSR_ALG3,library-preprocess,spmm.csr.fp64,fp64,A100-SXM4-80GB,A100-SXM4-80GB,,9700.0,0edb0287-e1df-52fd-b14b-f9e504b96222,suitesparse_all,LPnetlib/lp_pds_02,lp_pds_02,2953,7716,16571,4,row-major,N,N,1.0,0.0,20260922,main,pass,pass,0,0,132568.0,49.68422,0.0138239994645,49.6980439995,2.49803499946,9.589699445550062,0.002667469166418979,0.05306891217643356,0.09886288088195941,2.749968212803071e-05,0.000547102187385913,cuSPARSE 12.8.6,CUDA,13040,13000,2026-10-07T20:03:04.917438+00:00,derived,csr-alg3,0,0,,,,5,20,4,true
3,A100-SXM4-80GB-suitesparse_all-fp64-n4-row-major-cuSPARSE-SpMM-CSR-solve-only,cuSPARSE-SpMM-CSR-best-solve-only,cuSPARSE CUDA 13.4.1 CSR PER MATRIX BEST,per-matrix-best,cuSPARSE-SpMM-CSR,best,solve-only,"csr-alg1,csr-alg2,csr-alg3,csr-default",manual-selection,csr,CUSPARSE_SPMM_CSR_ALG1,library-preprocess,spmm.csr.fp64,fp64,A100-SXM4-80GB,A100-SXM4-80GB,,9700.0,1cb4d392-df77-5092-a407-ab8ee1286933,suitesparse_all,LPnetlib/lp_pilot,lp_pilot,1441,4860,44375,4,row-major,N,N,1.0,0.0,20260922,main,pass,pass,0,0,355000.0,0.063871,0.0172031998634,0.0810741998634,0.0203967498634,20.63569584837914,4.378704946803436,17.404733713826303,0.2127391324575169,0.045141288111375626,0.1794302444724361,cuSPARSE 12.8.6,CUDA,13040,13000,2026-10-07T20:40:38.441340+00:00,derived,csr-alg1,0,0,,,,5,20,4,true
3,A100-SXM4-80GB-suitesparse_all-fp64-n4-row-major-cuSPARSE-SpMM-CSR-solve-only,cuSPARSE-SpMM-CSR-best-solve-only,cuSPARSE CUDA 13.4.1 CSR PER MATRIX BEST,per-matrix-best,cuSPARSE-SpMM-CSR,best,solve-only,"csr-alg1,csr-alg2,csr-alg3,csr-default",manual-selection,csr,CUSPARSE_SPMM_CSR_ALG1,library-preprocess,spmm.csr.fp64,fp64,A100-SXM4-80GB,A100-SXM4-80GB,,9700.0,0edb0287-e1df-52fd-b14b-f9e504b96222,suitesparse_all,LPnetlib/lp_pilot_ja,lp_pilot_ja,940,2267,14977,4,row-major,N,N,1.0,0.0,20260922,main,pass,pass,0,0,119816.0,0.088509,0.0160255998373,0.104534599837,0.0204510498373,7.4765376158416945,1.1461850926566721,5.858672339718792,0.07707770737981129,0.011816341161408991,0.06039868391462673,cuSPARSE 12.8.6,CUDA,13040,13000,2026-10-07T15:30:40.321938+00:00,derived,csr-alg1,0,0,,,,5,20,4,true
3,A100-SXM4-80GB-suitesparse_all-fp64-n4-row-major-cuSPARSE-SpMM-CSR-solve-only,cuSPARSE-SpMM-CSR-best-solve-only,cuSPARSE CUDA 13.4.1 CSR PER MATRIX BEST,per-matrix-best,cuSPARSE-SpMM-CSR,best,solve-only,"csr-alg1,csr-alg2,csr-alg3,csr-default",manual-selection,csr,CUSPARSE_SPMM_CSR_ALG3,library-preprocess,spmm.csr.fp64,fp64,A100-SXM4-80GB,A100-SXM4-80GB,,9700.0,df7f742d-c1c4-51c9-b7da-d151d8293f2c,suitesparse_all,LPnetlib/lp_pilot4,lp_pilot4,410,1123,5264,4,row-major,N,N,1.0,0.0,20260922,main,pass,pass,0,0,42112.0,59.466394,0.00962560027838,59.4760196003,2.98294530028,4.374999873471528,0.0007080500726680705,0.014117590421804608,0.04510309147908792,7.299485285237839e-06,0.0001455421692969547,cuSPARSE 12.8.6,CUDA,13040,13000,2026-10-08T22:48:45.378548+00:00,derived,csr-alg3,0,0,,,,5,20,4,true
3,A100-SXM4-80GB-suitesparse_all-fp64-n4-row-major-cuSPARSE-SpMM-CSR-solve-only,cuSPARSE-SpMM-CSR-best-solve-only,cuSPARSE CUDA 13.4.1 CSR PER MATRIX BEST,per-matrix-best,cuSPARSE-SpMM-CSR,best,solve-only,"csr-alg1,csr-alg2,csr-alg3,csr-default",manual-selection,csr,CUSPARSE_SPMM_CSR_ALG3,library-preprocess,spmm.csr.fp64,fp64,A100-SXM4-80GB,A100-SXM4-80GB,,9700.0,1cb4d392-df77-5092-a407-ab8ee1286933,suitesparse_all,LPnetlib/lp_qap8,lp_qap8,912,1632,7296,4,row-major,N,N,1.0,0.0,20260922,main,pass,pass,0,0,58368.0,50.53201,0.00593920014799,50.5379492001,2.53253970015,9.827585962017706,0.0011549340826810697,0.023047220146852156,0.10131531919605882,1.190653693485639e-05,0.00023760020769950677,cuSPARSE 12.8.6,CUDA,13040,13000,2026-10-08T00:56:18.799316+00:00,derived,csr-alg3,0,0,,,,5,20,4,true
3,A100-SXM4-80GB-suitesparse_all-fp64-n4-row-major-cuSPARSE-SpMM-CSR-solve-only,cuSPARSE-SpMM-CSR-best-solve-only,cuSPARSE CUDA 13.4.1 CSR PER MATRIX BEST,per-matrix-best,cuSPARSE-SpMM-CSR,best,solve-only,"csr-alg1,csr-alg2,csr-alg3,csr-default",manual-selection,csr,CUSPARSE_SPMM_CSR_ALG3,library-preprocess,spmm.csr.fp64,fp64,A100-SXM4-80GB,A100-SXM4-80GB,,9700.0,df7f742d-c1c4-51c9-b7da-d151d8293f2c,suitesparse_all,LPnetlib/lp_recipe,lp_recipe,91,204,687,4,row-major,N,N,1.0,0.0,20260922,main,pass,pass,0,0,5496.0,55.127742,0.00588800013065,55.1336300001,2.76227510013,0.9334238923315502,9.968507424579211e-05,0.0019896642444271187,0.009622926725067527,1.0276811777916712e-06,2.0512002519867205e-05,cuSPARSE 12.8.6,CUDA,13040,13000,2026-10-08T22:48:46.005332+00:00,derived,csr-alg3,0,0,,,,5,20,4,true
3,A100-SXM4-80GB-suitesparse_all-fp64-n4-row-major-cuSPARSE-SpMM-CSR-solve-only,cuSPARSE-SpMM-CSR-best-solve-only,cuSPARSE CUDA 13.4.1 CSR PER MATRIX BEST,per-matrix-best,cuSPARSE-SpMM-CSR,best,solve-only,"csr-alg1,csr-alg2,csr-alg3,csr-default",manual-selection,csr,CUSPARSE_SPMM_CSR_ALG3,library-preprocess,spmm.csr.fp64,fp64,A100-SXM4-80GB,A100-SXM4-80GB,,9700.0,0edb0287-e1df-52fd-b14b-f9e504b96222,suitesparse_all,LPnetlib/lp_sc205,lp_sc205,205,317,665,4,row-major,N,N,1.0,0.0,20260922,main,pass,pass,0,0,5320.0,54.215212,0.00563200004399,54.220844,2.71639260004,0.9446022653492449,9.811724804578844e-05,0.0019584797867295252,0.009738167684012833,1.0115180210906025e-06,2.0190513265252838e-05,cuSPARSE 12.8.6,CUDA,13040,13000,2026-10-07T20:03:06.233893+00:00,derived,csr-alg3,0,0,,,,5,20,4,true
3,A100-SXM4-80GB-suitesparse_all-fp64-n4-row-major-cuSPARSE-SpMM-CSR-solve-only,cuSPARSE-SpMM-CSR-best-solve-only,cuSPARSE CUDA 13.4.1 CSR PER MATRIX BEST,per-matrix-best,cuSPARSE-SpMM-CSR,best,solve-only,"csr-alg1,csr-alg2,csr-alg3,csr-default",manual-selection,csr,CUSPARSE_SPMM_CSR_ALG3,library-preprocess,spmm.csr.fp64,fp64,A100-SXM4-80GB,A100-SXM4-80GB,,9700.0,1cb4d392-df77-5092-a407-ab8ee1286933,suitesparse_all,LPnetlib/lp_scfxm1,lp_scfxm1,330,600,2732,4,row-major,N,N,1.0,0.0,20260922,main,pass,pass,0,0,21856.0,52.421861,0.00993279963732,52.4317937996,2.63102584964,2.200386678281677,0.0004168463143476647,0.00830702594692885,0.02268439874517193,4.297384683996543e-06,8.563944275184383e-05,cuSPARSE 12.8.6,CUDA,13040,13000,2026-10-08T00:56:19.403075+00:00,derived,csr-alg3,0,0,,,,5,20,4,true
3,A100-SXM4-80GB-suitesparse_all-fp64-n4-row-major-cuSPARSE-SpMM-CSR-solve-only,cuSPARSE-SpMM-CSR-best-solve-only,cuSPARSE CUDA 13.4.1 CSR PER MATRIX BEST,per-matrix-best,cuSPARSE-SpMM-CSR,best,solve-only,"csr-alg1,csr-alg2,csr-alg3,csr-default",manual-selection,csr,CUSPARSE_SPMM_CSR_ALG3,library-preprocess,spmm.csr.fp64,fp64,A100-SXM4-80GB,A100-SXM4-80GB,,9700.0,df7f742d-c1c4-51c9-b7da-d151d8293f2c,suitesparse_all,LPnetlib/lp_scfxm2,lp_scfxm2,660,1200,5469,4,row-major,N,N,1.0,0.0,20260922,main,pass,pass,0,0,43752.0,55.416842,0.00998400002718,55.426826,2.78082610003,4.3822115265315995,0.0007893650630472689,0.015733454170157566,0.04517743841785154,8.137784155126485e-06,0.00016220055845523265,cuSPARSE 12.8.6,CUDA,13040,13000,2026-10-08T22:48:46.619965+00:00,derived,csr-alg3,0,0,,,,5,20,4,true
3,A100-SXM4-80GB-suitesparse_all-fp64-n4-row-major-cuSPARSE-SpMM-CSR-solve-only,cuSPARSE-SpMM-CSR-best-solve-only,cuSPARSE CUDA 13.4.1 CSR PER MATRIX BEST,per-matrix-best,cuSPARSE-SpMM-CSR,best,solve-only,"csr-alg1,csr-alg2,csr-alg3,csr-default",manual-selection,csr,CUSPARSE_SPMM_CSR_ALG3,library-preprocess,spmm.csr.fp64,fp64,A100-SXM4-80GB,A100-SXM4-80GB,,9700.0,0edb0287-e1df-52fd-b14b-f9e504b96222,suitesparse_all,LPnetlib/lp_scorpion,lp_scorpion,388,466,1534,4,row-major,N,N,1.0,0.0,20260922,main,pass,pass,0,0,12272.0,53.726242,0.00624639987946,53.7324883999,2.69255849988,1.9646516772571583,0.00022839068811901218,0.004557746842100897,0.020254141002651115,2.3545431764846617e-06,4.6987080846401e-05,cuSPARSE 12.8.6,CUDA,13040,13000,2026-10-07T20:03:06.862520+00:00,derived,csr-alg3,0,0,,,,5,20,4,true
3,A100-SXM4-80GB-suitesparse_all-fp64-n4-row-major-cuSPARSE-SpMM-CSR-solve-only,cuSPARSE-SpMM-CSR-best-solve-only,cuSPARSE CUDA 13.4.1 CSR PER MATRIX BEST,per-matrix-best,cuSPARSE-SpMM-CSR,best,solve-only,"csr-alg1,csr-alg2,csr-alg3,csr-default",manual-selection,csr,CUSPARSE_SPMM_CSR_ALG3,library-preprocess,spmm.csr.fp64,fp64,A100-SXM4-80GB,A100-SXM4-80GB,,9700.0,1cb4d392-df77-5092-a407-ab8ee1286933,suitesparse_all,LPnetlib/lp_sctap1,lp_sctap1,300,660,1872,4,row-major,N,N,1.0,0.0,20260922,main,pass,pass,0,0,14976.0,51.97374,0.00732159987092,51.9810615999,2.60600859987,2.0454545815159633,0.00028810492781526436,0.005746719331911289,0.021087160634185188,2.9701538950027254e-06,5.924452919496174e-05,cuSPARSE 12.8.6,CUDA,13040,13000,2026-10-08T00:56:20.002371+00:00,derived,csr-alg3,0,0,,,,5,20,4,true
3,A100-SXM4-80GB-suitesparse_all-fp64-n4-row-major-cuSPARSE-SpMM-CSR-solve-only,cuSPARSE-SpMM-CSR-best-solve-only,cuSPARSE CUDA 13.4.1 CSR PER MATRIX BEST,per-matrix-best,cuSPARSE-SpMM-CSR,best,solve-only,"csr-alg1,csr-alg2,csr-alg3,csr-default",manual-selection,csr,CUSPARSE_SPMM_CSR_ALG3,library-preprocess,spmm.csr.fp64,fp64,A100-SXM4-80GB,A100-SXM4-80GB,,9700.0,df7f742d-c1c4-51c9-b7da-d151d8293f2c,suitesparse_all,LPnetlib/lp_sctap2,lp_sctap2,1090,2500,7334,4,row-major,N,N,1.0,0.0,20260922,main,pass,pass,0,0,58672.0,51.701091,0.00752639994025,51.7086173999,2.59258094994,7.795493259165169,0.0011346658052418448,0.02263073020009572,0.08036590988830071,1.1697585621049946e-05,0.0002333064969082033,cuSPARSE 12.8.6,CUDA,13040,13000,2026-10-08T22:48:47.233056+00:00,derived,csr-alg3,0,0,,,,5,20,4,true
3,A100-SXM4-80GB-suitesparse_all-fp64-n4-row-major-cuSPARSE-SpMM-CSR-solve-only,cuSPARSE-SpMM-CSR-best-solve-only,cuSPARSE CUDA 13.4.1 CSR PER MATRIX BEST,per-matrix-best,cuSPARSE-SpMM-CSR,best,solve-only,"csr-alg1,csr-alg2,csr-alg3,csr-default",manual-selection,csr,CUSPARSE_SPMM_CSR_ALG3,library-preprocess,spmm.csr.fp64,fp64,A100-SXM4-80GB,A100-SXM4-80GB,,9700.0,0edb0287-e1df-52fd-b14b-f9e504b96222,suitesparse_all,LPnetlib/lp_share1b,lp_share1b,117,253,1179,4,row-major,N,N,1.0,0.0,20260922,main,pass,pass,0,0,9432.0,49.60151,0.00732159987092,49.6088315999,2.48739709987,1.2882430297047653,0.0001901274369061942,0.0037919156537140567,0.013280855976337786,1.9600766691360225e-06,3.909191395581502e-05,cuSPARSE 12.8.6,CUDA,13040,13000,2026-10-07T20:03:07.465274+00:00,derived,csr-alg3,0,0,,,,5,20,4,true
3,A100-SXM4-80GB-suitesparse_all-fp64-n4-row-major-cuSPARSE-SpMM-CSR-solve-only,cuSPARSE-SpMM-CSR-best-solve-only,cuSPARSE CUDA 13.4.1 CSR PER MATRIX BEST,per-matrix-best,cuSPARSE-SpMM-CSR,best,solve-only,"csr-alg1,csr-alg2,csr-alg3,csr-default",manual-selection,csr,CUSPARSE_SPMM_CSR_ALG3,library-preprocess,spmm.csr.fp64,fp64,A100-SXM4-80GB,A100-SXM4-80GB,,9700.0,1cb4d392-df77-5092-a407-ab8ee1286933,suitesparse_all,LPnetlib/lp_ship08l,lp_ship08l,778,4363,12882,4,row-major,N,N,1.0,0.0,20260922,main,pass,pass,0,0,103056.0,51.46346,0.0117247998714,51.4751847999,2.58489779987,8.789574332213705,0.0020020520645163413,0.03986850079921261,0.09061416837333718,2.063971200532311e-05,0.000411015472156831,cuSPARSE 12.8.6,CUDA,13040,13000,2026-10-08T00:56:20.716661+00:00,derived,csr-alg3,0,0,,,,5,20,4,true
3,A100-SXM4-80GB-suitesparse_all-fp64-n4-row-major-cuSPARSE-SpMM-CSR-solve-only,cuSPARSE-SpMM-CSR-best-solve-only,cuSPARSE CUDA 13.4.1 CSR PER MATRIX BEST,per-matrix-best,cuSPARSE-SpMM-CSR,best,solve-only,"csr-alg1,csr-alg2,csr-alg3,csr-default",manual-selection,csr,CUSPARSE_SPMM_CSR_ALG3,library-preprocess,spmm.csr.fp64,fp64,A100-SXM4-80GB,A100-SXM4-80GB,,9700.0,df7f742d-c1c4-51c9-b7da-d151d8293f2c,suitesparse_all,LPnetlib/lp_ship08s,lp_ship08s,778,2467,7194,4,row-major,N,N,1.0,0.0,20260922,main,pass,pass,0,0,57552.0,51.881671,0.00962560027838,51.8912966003,2.60370915028,5.979055678144789,0.0011090877231937826,0.022103851343692103,0.06163974925922463,1.143389405354415e-05,0.00022787475612053715,cuSPARSE 12.8.6,CUDA,13040,13000,2026-10-08T22:48:47.822538+00:00,derived,csr-alg3,0,0,,,,5,20,4,true
3,A100-SXM4-80GB-suitesparse_all-fp64-n4-row-major-cuSPARSE-SpMM-CSR-solve-only,cuSPARSE-SpMM-CSR-best-solve-only,cuSPARSE CUDA 13.4.1 CSR PER MATRIX BEST,per-matrix-best,cuSPARSE-SpMM-CSR,best,solve-only,"csr-alg1,csr-alg2,csr-alg3,csr-default",manual-selection,csr,CUSPARSE_SPMM_CSR_ALG3,library-preprocess,spmm.csr.fp64,fp64,A100-SXM4-80GB,A100-SXM4-80GB,,9700.0,0edb0287-e1df-52fd-b14b-f9e504b96222,suitesparse_all,LPnetlib/lp_ship12s,lp_ship12s,1151,2869,8284,4,row-major,N,N,1.0,0.0,20260922,main,pass,pass,0,0,66272.0,51.117921,0.00860159993172,51.1265225999,2.56449764993,7.704613156397762,0.0012962352342760276,0.025842098159773688,0.07942900161234806,1.336324983789719e-05,0.0002664133830904504,cuSPARSE 12.8.6,CUDA,13040,13000,2026-10-07T20:03:08.134877+00:00,derived,csr-alg3,0,0,,,,5,20,4,true
3,A100-SXM4-80GB-suitesparse_all-fp64-n4-row-major-cuSPARSE-SpMM-CSR-solve-only,cuSPARSE-SpMM-CSR-best-solve-only,cuSPARSE CUDA 13.4.1 CSR PER MATRIX BEST,per-matrix-best,cuSPARSE-SpMM-CSR,best,solve-only,"csr-alg1,csr-alg2,csr-alg3,csr-default",manual-selection,csr,CUSPARSE_SPMM_CSR_ALG3,library-preprocess,spmm.csr.fp64,fp64,A100-SXM4-80GB,A100-SXM4-80GB,,9700.0,1cb4d392-df77-5092-a407-ab8ee1286933,suitesparse_all,LPnetlib/lp_standmps,lp_standmps,467,1274,3878,4,row-major,N,N,1.0,0.0,20260922,main,pass,pass,0,0,31024.0,51.48464,0.013055999577,51.4976959996,2.58728799958,2.376225567183166,0.0006024347186375284,0.011990934138385905,0.024497170795702745,6.210667202448746e-06,0.0001236178777153186,cuSPARSE 12.8.6,CUDA,13040,13000,2026-10-08T00:56:21.327856+00:00,derived,csr-alg3,0,0,,,,5,20,4,true
3,A100-SXM4-80GB-suitesparse_all-fp64-n4-row-major-cuSPARSE-SpMM-CSR-solve-only,cuSPARSE-SpMM-CSR-best-solve-only,cuSPARSE CUDA 13.4.1 CSR PER MATRIX BEST,per-matrix-best,cuSPARSE-SpMM-CSR,best,solve-only,"csr-alg1,csr-alg2,csr-alg3,csr-default",manual-selection,csr,CUSPARSE_SPMM_CSR_ALG3,library-preprocess,spmm.csr.fp64,fp64,A100-SXM4-80GB,A100-SXM4-80GB,,9700.0,df7f742d-c1c4-51c9-b7da-d151d8293f2c,suitesparse_all,LPnetlib/lp_stocfor1,lp_stocfor1,117,165,501,4,row-major,N,N,1.0,0.0,20260922,main,pass,pass,0,0,4008.0,51.36708,0.00593920014799,51.3730192001,2.57429320015,0.6748383452536829,7.801760656481326e-05,0.0015569322094959735,0.006957096342821473,8.043052223176624e-07,1.6050847520577048e-05,cuSPARSE 12.8.6,CUDA,13040,13000,2026-10-08T22:48:48.391135+00:00,derived,csr-alg3,0,0,,,,5,20,4,true
3,A100-SXM4-80GB-suitesparse_all-fp64-n4-row-major-cuSPARSE-SpMM-CSR-solve-only,cuSPARSE-SpMM-CSR-best-solve-only,cuSPARSE CUDA 13.4.1 CSR PER MATRIX BEST,per-matrix-best,cuSPARSE-SpMM-CSR,best,solve-only,"csr-alg1,csr-alg2,csr-alg3,csr-default",manual-selection,csr,CUSPARSE_SPMM_CSR_ALG3,library-preprocess,spmm.csr.fp64,fp64,A100-SXM4-80GB,A100-SXM4-80GB,,9700.0,0edb0287-e1df-52fd-b14b-f9e504b96222,suitesparse_all,LPnetlib/lp_stocfor3,lp_stocfor3,16675,23541,76473,4,row-major,N,N,1.0,0.0,20260922,main,pass,pass,0,0,611784.0,50.056969,0.0119295999408,50.0688985999,2.51477804994,51.28285969654853,0.012218842776805598,0.24327554474025911,0.5286892752221497,0.0001259674513072742,0.0025079953066006093,cuSPARSE 12.8.6,CUDA,13040,13000,2026-10-07T20:03:09.125367+00:00,derived,csr-alg3,0,0,,,,5,20,4,true
3,A100-SXM4-80GB-suitesparse_all-fp64-n4-row-major-cuSPARSE-SpMM-CSR-solve-only,cuSPARSE-SpMM-CSR-best-solve-only,cuSPARSE CUDA 13.4.1 CSR PER MATRIX BEST,per-matrix-best,cuSPARSE-SpMM-CSR,best,solve-only,"csr-alg1,csr-alg2,csr-alg3,csr-default",manual-selection,csr,CUSPARSE_SPMM_CSR_ALG1,library-preprocess,spmm.csr.fp64,fp64,A100-SXM4-80GB,A100-SXM4-80GB,,9700.0,1cb4d392-df77-5092-a407-ab8ee1286933,suitesparse_all,LPnetlib/lp_woodw,lp_woodw,1098,8418,37487,4,row-major,N,N,1.0,0.0,20260922,main,pass,pass,0,0,299896.0,0.061,0.0169983997941,0.0779983997941,0.0200483997941,17.642601870329663,3.8448993927011936,14.958600341173153,0.18188249350855323,0.03963813806908447,0.1542123746512696,cuSPARSE 12.8.6,CUDA,13040,13000,2026-10-07T20:40:41.941120+00:00,derived,csr-alg1,0,0,,,,5,20,4,true
3,A100-SXM4-80GB-suitesparse_all-fp64-n4-row-major-cuSPARSE-SpMM-CSR-solve-only,cuSPARSE-SpMM-CSR-best-solve-only,cuSPARSE CUDA 13.4.1 CSR PER MATRIX BEST,per-matrix-best,cuSPARSE-SpMM-CSR,best,solve-only,"csr-alg1,csr-alg2,csr-alg3,csr-default",manual-selection,csr,CUSPARSE_SPMM_CSR_ALG3,library-preprocess,spmm.csr.fp64,fp64,A100-SXM4-80GB,A100-SXM4-80GB,,9700.0,df7f742d-c1c4-51c9-b7da-d151d8293f2c,suitesparse_all,LPnetlib/lpi_bgdbg1,lpi_bgdbg1,348,629,1662,4,row-major,N,N,1.0,0.0,20260922,main,pass,pass,0,0,13296.0,51.158921,0.00783360004425,51.1667546,2.56577965004,1.6973039119809923,0.00025985623094414514,0.005182050609760163,0.017497978474030847,2.678930215919022e-06,5.3423202162475914e-05,cuSPARSE 12.8.6,CUDA,13040,13000,2026-10-08T22:48:48.985823+00:00,derived,csr-alg3,0,0,,,,5,20,4,true
3,A100-SXM4-80GB-suitesparse_all-fp64-n4-row-major-cuSPARSE-SpMM-CSR-solve-only,cuSPARSE-SpMM-CSR-best-solve-only,cuSPARSE CUDA 13.4.1 CSR PER MATRIX BEST,per-matrix-best,cuSPARSE-SpMM-CSR,best,solve-only,"csr-alg1,csr-alg2,csr-alg3,csr-default",manual-selection,csr,CUSPARSE_SPMM_CSR_ALG1,library-preprocess,spmm.csr.fp64,fp64,A100-SXM4-80GB,A100-SXM4-80GB,,9700.0,0edb0287-e1df-52fd-b14b-f9e504b96222,suitesparse_all,LPnetlib/lpi_bgindy,lpi_bgindy,2671,10880,66266,4,row-major,N,N,1.0,0.0,20260922,main,pass,pass,0,0,530128.0,0.073601,0.0189551994205,0.0925561994205,0.0226352494205,27.967418766729935,5.727633624966924,23.420462048007323,0.2883239048116488,0.059047769329555924,0.24144806235059096,cuSPARSE 12.8.6,CUDA,13040,13000,2026-10-07T15:30:50.884168+00:00,derived,csr-alg1,0,0,,,,5,20,4,true
3,A100-SXM4-80GB-suitesparse_all-fp64-n4-row-major-cuSPARSE-SpMM-CSR-solve-only,cuSPARSE-SpMM-CSR-best-solve-only,cuSPARSE CUDA 13.4.1 CSR PER MATRIX BEST,per-matrix-best,cuSPARSE-SpMM-CSR,best,solve-only,"csr-alg1,csr-alg2,csr-alg3,csr-default",manual-selection,csr,CUSPARSE_SPMM_CSR_ALG3,library-preprocess,spmm.csr.fp64,fp64,A100-SXM4-80GB,A100-SXM4-80GB,,9700.0,1cb4d392-df77-5092-a407-ab8ee1286933,suitesparse_all,LPnetlib/lpi_cplex1,lpi_cplex1,3005,5224,10947,4,row-major,N,N,1.0,0.0,20260922,main,pass,pass,0,0,87576.0,51.104381,0.00921600013971,51.1135970001,2.56443505014,9.50260402261189,0.001713360145634608,0.03415021175725194,0.09796498992383394,1.7663506656026886e-05,0.0003520640387345561,cuSPARSE 12.8.6,CUDA,13040,13000,2026-10-08T00:56:22.666733+00:00,derived,csr-alg3,0,0,,,,5,20,4,true
3,A100-SXM4-80GB-suitesparse_all-fp64-n4-row-major-cuSPARSE-SpMM-CSR-solve-only,cuSPARSE-SpMM-CSR-best-solve-only,cuSPARSE CUDA 13.4.1 CSR PER MATRIX BEST,per-matrix-best,cuSPARSE-SpMM-CSR,best,solve-only,"csr-alg1,csr-alg2,csr-alg3,csr-default",manual-selection,csr,CUSPARSE_SPMM_CSR_ALG1,library-preprocess,spmm.csr.fp64,fp64,A100-SXM4-80GB,A100-SXM4-80GB,,9700.0,df7f742d-c1c4-51c9-b7da-d151d8293f2c,suitesparse_all,LPnetlib/lpi_cplex2,lpi_cplex2,224,378,1215,4,row-major,N,N,1.0,0.0,20260922,main,pass,pass,0,0,9720.0,0.06228,0.0144383996725,0.0767183996725,0.0175523996725,0.6732048025040568,0.1266971162262678,0.5537704348898053,0.006940255695918111,0.0013061558373842043,0.005708973555565003,cuSPARSE 12.8.6,CUDA,13040,13000,2026-10-08T17:38:08.652655+00:00,derived,csr-alg1,0,0,,,,5,20,4,true
3,A100-SXM4-80GB-suitesparse_all-fp64-n4-row-major-cuSPARSE-SpMM-CSR-solve-only,cuSPARSE-SpMM-CSR-best-solve-only,cuSPARSE CUDA 13.4.1 CSR PER MATRIX BEST,per-matrix-best,cuSPARSE-SpMM-CSR,best,solve-only,"csr-alg1,csr-alg2,csr-alg3,csr-default",manual-selection,csr,CUSPARSE_SPMM_CSR_ALG3,library-preprocess,spmm.csr.fp64,fp64,A100-SXM4-80GB,A100-SXM4-80GB,,9700.0,0edb0287-e1df-52fd-b14b-f9e504b96222,suitesparse_all,LPnetlib/lpi_ex73a,lpi_ex73a,193,211,457,4,row-major,N,N,1.0,0.0,20260922,main,pass,pass,0,0,3656.0,51.385211,0.00552960000932,51.3907406,2.57479015001,0.661168980367098,7.11412203310415e-05,0.0014199215419500501,0.006816175055330908,7.334146425880568e-07,1.4638366411856187e-05,cuSPARSE 12.8.6,CUDA,13040,13000,2026-10-07T20:03:10.530751+00:00,derived,csr-alg3,0,0,,,,5,20,4,true
3,A100-SXM4-80GB-suitesparse_all-fp64-n4-row-major-cuSPARSE-SpMM-CSR-solve-only,cuSPARSE-SpMM-CSR-best-solve-only,cuSPARSE CUDA 13.4.1 CSR PER MATRIX BEST,per-matrix-best,cuSPARSE-SpMM-CSR,best,solve-only,"csr-alg1,csr-alg2,csr-alg3,csr-default",manual-selection,csr,CUSPARSE_SPMM_CSR_ALG3,library-preprocess,spmm.csr.fp64,fp64,A100-SXM4-80GB,A100-SXM4-80GB,,9700.0,1cb4d392-df77-5092-a407-ab8ee1286933,suitesparse_all,LPnetlib/lpi_greenbea,lpi_greenbea,2393,5596,31074,4,row-major,N,N,1.0,0.0,20260922,main,pass,pass,0,0,248592.0,50.827841,0.0158720001578,50.8437130002,2.55726405016,15.662298231381637,0.004889336071876225,0.09721014143394632,0.16146699207609935,5.040552651418789e-05,0.001002166406535529,cuSPARSE 12.8.6,CUDA,13040,13000,2026-10-08T00:56:23.370957+00:00,derived,csr-alg3,0,0,,,,5,20,4,true
3,A100-SXM4-80GB-suitesparse_all-fp64-n4-row-major-cuSPARSE-SpMM-CSR-solve-only,cuSPARSE-SpMM-CSR-best-solve-only,cuSPARSE CUDA 13.4.1 CSR PER MATRIX BEST,per-matrix-best,cuSPARSE-SpMM-CSR,best,solve-only,"csr-alg1,csr-alg2,csr-alg3,csr-default",manual-selection,csr,CUSPARSE_SPMM_CSR_ALG3,library-preprocess,spmm.csr.fp64,fp64,A100-SXM4-80GB,A100-SXM4-80GB,,9700.0,df7f742d-c1c4-51c9-b7da-d151d8293f2c,suitesparse_all,LPnetlib/lpi_itest2,lpi_itest2,9,13,26,4,row-major,N,N,1.0,0.0,20260922,main,pass,pass,0,0,208.0,53.020641,0.00558080002666,53.0262218,2.65661285003,0.03727064202378954,3.922587597972141e-06,7.829518704528254e-05,0.00038423342292566535,4.043904740177465e-08,8.071668767554901e-07,cuSPARSE 12.8.6,CUDA,13040,13000,2026-10-08T22:48:50.298648+00:00,derived,csr-alg3,0,0,,,,5,20,4,true
3,A100-SXM4-80GB-suitesparse_all-fp64-n4-row-major-cuSPARSE-SpMM-CSR-solve-only,cuSPARSE-SpMM-CSR-best-solve-only,cuSPARSE CUDA 13.4.1 CSR PER MATRIX BEST,per-matrix-best,cuSPARSE-SpMM-CSR,best,solve-only,"csr-alg1,csr-alg2,csr-alg3,csr-default",manual-selection,csr,CUSPARSE_SPMM_CSR_ALG3,library-preprocess,spmm.csr.fp64,fp64,A100-SXM4-80GB,A100-SXM4-80GB,,9700.0,0edb0287-e1df-52fd-b14b-f9e504b96222,suitesparse_all,LPnetlib/lpi_klein1,lpi_klein1,54,108,750,4,row-major,N,N,1.0,0.0,20260922,main,pass,pass,0,0,6000.0,52.010431,0.00650240033865,52.0169334003,2.60702395034,0.9227361724156304,0.00011534705350326161,0.0023014748288819895,0.009512744045521963,1.1891448814769238e-06,2.3726544627649375e-05,cuSPARSE 12.8.6,CUDA,13040,13000,2026-10-07T20:03:11.129150+00:00,derived,csr-alg3,0,0,,,,5,20,4,true
3,A100-SXM4-80GB-suitesparse_all-fp64-n4-row-major-cuSPARSE-SpMM-CSR-solve-only,cuSPARSE-SpMM-CSR-best-solve-only,cuSPARSE CUDA 13.4.1 CSR PER MATRIX BEST,per-matrix-best,cuSPARSE-SpMM-CSR,best,solve-only,"csr-alg1,csr-alg2,csr-alg3,csr-default",manual-selection,csr,CUSPARSE_SPMM_CSR_ALG3,library-preprocess,spmm.csr.fp64,fp64,A100-SXM4-80GB,A100-SXM4-80GB,,9700.0,1cb4d392-df77-5092-a407-ab8ee1286933,suitesparse_all,LPnetlib/lpi_pilot4i,lpi_pilot4i,410,1123,5264,4,row-major,N,N,1.0,0.0,20260922,main,pass,pass,0,0,42112.0,50.623561,0.00962560027838,50.6331866003,2.54080365028,4.374999873471528,0.0008317074793738242,0.01657428349308267,0.04510309147908792,8.574303911070353e-06,0.00017086890199054298,cuSPARSE 12.8.6,CUDA,13040,13000,2026-10-08T00:56:23.980936+00:00,derived,csr-alg3,0,0,,,,5,20,4,true
3,A100-SXM4-80GB-suitesparse_all-fp64-n4-row-major-cuSPARSE-SpMM-CSR-solve-only,cuSPARSE-SpMM-CSR-best-solve-only,cuSPARSE CUDA 13.4.1 CSR PER MATRIX BEST,per-matrix-best,cuSPARSE-SpMM-CSR,best,solve-only,"csr-alg1,csr-alg2,csr-alg3,csr-default",manual-selection,csr,CUSPARSE_SPMM_CSR_ALG3,library-preprocess,spmm.csr.fp64,fp64,A100-SXM4-80GB,A100-SXM4-80GB,,9700.0,df7f742d-c1c4-51c9-b7da-d151d8293f2c,suitesparse_all,LPnetlib/lpi_qual,lpi_qual,323,464,1646,4,row-major,N,N,1.0,0.0,20260922,main,pass,pass,0,0,13168.0,63.547995,0.00593920014799,63.5539342001,3.18333895015,2.2171335654442355,0.00020719409688376586,0.004136537203925306,0.022857047066435415,2.136021617358411e-06,4.264471344252893e-05,cuSPARSE 12.8.6,CUDA,13040,13000,2026-10-08T22:48:51.071200+00:00,derived,csr-alg3,0,0,,,,5,20,4,true
3,A100-SXM4-80GB-suitesparse_all-fp64-n4-row-major-cuSPARSE-SpMM-CSR-solve-only,cuSPARSE-SpMM-CSR-best-solve-only,cuSPARSE CUDA 13.4.1 CSR PER MATRIX BEST,per-matrix-best,cuSPARSE-SpMM-CSR,best,solve-only,"csr-alg1,csr-alg2,csr-alg3,csr-default",manual-selection,csr,CUSPARSE_SPMM_CSR_ALG3,library-preprocess,spmm.csr.fp64,fp64,A100-SXM4-80GB,A100-SXM4-80GB,,9700.0,0edb0287-e1df-52fd-b14b-f9e504b96222,suitesparse_all,LPnetlib/lpi_refinery,lpi_refinery,323,464,1626,4,row-major,N,N,1.0,0.0,20260922,main,pass,pass,0,0,13008.0,50.00039,0.00578560009599,50.0061756001,2.5058051001,2.24834067066195,0.00026012787108586617,0.005191145951247719,0.02317876980063866,2.6817306297511977e-06,5.351696856956412e-05,cuSPARSE 12.8.6,CUDA,13040,13000,2026-10-07T20:03:11.717078+00:00,derived,csr-alg3,0,0,,,,5,20,4,true
3,A100-SXM4-80GB-suitesparse_all-fp64-n4-row-major-cuSPARSE-SpMM-CSR-solve-only,cuSPARSE-SpMM-CSR-best-solve-only,cuSPARSE CUDA 13.4.1 CSR PER MATRIX BEST,per-matrix-best,cuSPARSE-SpMM-CSR,best,solve-only,"csr-alg1,csr-alg2,csr-alg3,csr-default",manual-selection,csr,CUSPARSE_SPMM_CSR_ALG3,library-preprocess,spmm.csr.fp64,fp64,A100-SXM4-80GB,A100-SXM4-80GB,,9700.0,1cb4d392-df77-5092-a407-ab8ee1286933,suitesparse_all,Lucifora/cell1,cell1,7055,7055,34855,4,row-major,N,N,1.0,0.0,20260922,main,pass,pass,0,0,278840.0,47.254399,0.00844800025225,47.2628470003,2.37116795025,33.00662780232933,0.005899771547791653,0.11759605639516214,0.3402745134260755,6.08223870906356e-05,0.0012123304783006406,cuSPARSE 12.8.6,CUDA,13040,13000,2026-10-08T00:57:33.490753+00:00,derived,csr-alg3,0,0,,,,5,20,4,true
3,A100-SXM4-80GB-suitesparse_all-fp64-n4-row-major-cuSPARSE-SpMM-CSR-solve-only,cuSPARSE-SpMM-CSR-best-solve-only,cuSPARSE CUDA 13.4.1 CSR PER MATRIX BEST,per-matrix-best,cuSPARSE-SpMM-CSR,best,solve-only,"csr-alg1,csr-alg2,csr-alg3,csr-default",manual-selection,csr,CUSPARSE_SPMM_CSR_ALG3,library-preprocess,spmm.csr.fp64,fp64,A100-SXM4-80GB,A100-SXM4-80GB,,9700.0,df7f742d-c1c4-51c9-b7da-d151d8293f2c,suitesparse_all,Lucifora/cell2,cell2,7055,7055,34855,4,row-major,N,N,1.0,0.0,20260922,main,pass,pass,0,0,278840.0,52.849251,0.00819199979305,52.8574429998,2.65065454979,34.0380867973855,0.005275321396100358,0.10519665794325832,0.3509081113132526,5.438475666082843e-05,0.0010845016282810137,cuSPARSE 12.8.6,CUDA,13040,13000,2026-10-08T22:50:26.271080+00:00,derived,csr-alg3,0,0,,,,5,20,4,true
3,A100-SXM4-80GB-suitesparse_all-fp64-n4-row-major-cuSPARSE-SpMM-CSR-solve-only,cuSPARSE-SpMM-CSR-best-solve-only,cuSPARSE CUDA 13.4.1 CSR PER MATRIX BEST,per-matrix-best,cuSPARSE-SpMM-CSR,best,solve-only,"csr-alg1,csr-alg2,csr-alg3,csr-default",manual-selection,csr,CUSPARSE_SPMM_CSR_ALG3,library-preprocess,spmm.csr.fp64,fp64,A100-SXM4-80GB,A100-SXM4-80GB,,9700.0,df7f742d-c1c4-51c9-b7da-d151d8293f2c,suitesparse_all,Luong/photogrammetry,photogrammetry,1388,390,11816,4,row-major,N,N,1.0,0.0,20260922,main,pass,pass,0,0,94528.0,53.638551,0.00588800013065,53.6444390001,2.68781555013,16.054347469853855,0.0017621211398971622,0.03516907995990574,0.16550873680261707,1.8166197318527445e-05,0.00036256783463820344,cuSPARSE 12.8.6,CUDA,13040,13000,2026-10-08T23:00:21.595865+00:00,derived,csr-alg3,0,0,,,,5,20,4,true
3,A100-SXM4-80GB-suitesparse_all-fp64-n4-row-major-cuSPARSE-SpMM-CSR-solve-only,cuSPARSE-SpMM-CSR-best-solve-only,cuSPARSE CUDA 13.4.1 CSR PER MATRIX BEST,per-matrix-best,cuSPARSE-SpMM-CSR,best,solve-only,"csr-alg1,csr-alg2,csr-alg3,csr-default",manual-selection,csr,CUSPARSE_SPMM_CSR_ALG3,library-preprocess,spmm.csr.fp64,fp64,A100-SXM4-80GB,A100-SXM4-80GB,,9700.0,1cb4d392-df77-5092-a407-ab8ee1286933,suitesparse_all,Luong/photogrammetry2,photogrammetry2,4472,936,37056,4,row-major,N,N,1.0,0.0,20260922,main,pass,pass,0,0,296448.0,51.344861,0.00691199973226,51.3517729997,2.57415504973,42.8888905502129,0.005772887335394084,0.115163226096693,0.4421535108269371,5.951430242674313e-05,0.0011872497535741547,cuSPARSE 12.8.6,CUDA,13040,13000,2026-10-08T01:14:54.676766+00:00,derived,csr-alg3,0,0,,,,5,20,4,true
3,A100-SXM4-80GB-suitesparse_all-fp64-n4-row-major-cuSPARSE-SpMM-CSR-solve-only,cuSPARSE-SpMM-CSR-best-solve-only,cuSPARSE CUDA 13.4.1 CSR PER MATRIX BEST,per-matrix-best,cuSPARSE-SpMM-CSR,best,solve-only,"csr-alg1,csr-alg2,csr-alg3,csr-default",manual-selection,csr,CUSPARSE_SPMM_CSR_ALG3,library-preprocess,spmm.csr.fp64,fp64,A100-SXM4-80GB,A100-SXM4-80GB,,9700.0,1cb4d392-df77-5092-a407-ab8ee1286933,suitesparse_all,Mallya/lhr01,lhr01,1477,1477,18592,4,row-major,N,N,1.0,0.0,20260922,main,pass,pass,0,0,148736.0,50.58868,0.00865280032158,50.5973328003,2.53808680032,17.189348473586506,0.0029396015909976606,0.058601620709444406,0.1772097780782114,3.0305171041212994e-05,0.0006041404196849939,cuSPARSE 12.8.6,CUDA,13040,13000,2026-10-08T00:56:24.630264+00:00,derived,csr-alg3,0,0,,,,5,20,4,true
3,A100-SXM4-80GB-suitesparse_all-fp64-n4-row-major-cuSPARSE-SpMM-CSR-solve-only,cuSPARSE-SpMM-CSR-best-solve-only,cuSPARSE CUDA 13.4.1 CSR PER MATRIX BEST,per-matrix-best,cuSPARSE-SpMM-CSR,best,solve-only,"csr-alg1,csr-alg2,csr-alg3,csr-default",manual-selection,csr,CUSPARSE_SPMM_CSR_ALG3,library-preprocess,spmm.csr.fp64,fp64,A100-SXM4-80GB,A100-SXM4-80GB,,9700.0,df7f742d-c1c4-51c9-b7da-d151d8293f2c,suitesparse_all,Mallya/lhr02,lhr02,2954,2954,37206,4,row-major,N,N,1.0,0.0,20260922,main,pass,pass,0,0,297648.0,52.649652,0.00911360010505,52.6587656001,2.64159620011,32.65976085949483,0.005652392277107133,0.11267732743846523,0.3366985655618024,5.827208533100137e-05,0.0011616219323553117,cuSPARSE 12.8.6,CUDA,13040,13000,2026-10-08T22:48:51.770607+00:00,derived,csr-alg3,0,0,,,,5,20,4,true
3,A100-SXM4-80GB-suitesparse_all-fp64-n4-row-major-cuSPARSE-SpMM-CSR-solve-only,cuSPARSE-SpMM-CSR-best-solve-only,cuSPARSE CUDA 13.4.1 CSR PER MATRIX BEST,per-matrix-best,cuSPARSE-SpMM-CSR,best,solve-only,"csr-alg1,csr-alg2,csr-alg3,csr-default",manual-selection,csr,CUSPARSE_SPMM_CSR_ALG3,library-preprocess,spmm.csr.fp64,fp64,A100-SXM4-80GB,A100-SXM4-80GB,,9700.0,0edb0287-e1df-52fd-b14b-f9e504b96222,suitesparse_all,Mallya/lhr04c,lhr04c,4101,4101,82682,4,row-major,N,N,1.0,0.0,20260922,main,pass,pass,0,0,661456.0,52.03609,0.0110592000186,52.0471492,2.61286370002,59.81047443644433,0.012708784441934429,0.25315365665454986,0.6166028292416941,0.00013101839630860236,0.002609831511902576,cuSPARSE 12.8.6,CUDA,13040,13000,2026-10-07T20:03:12.559290+00:00,derived,csr-alg3,0,0,,,,5,20,4,true
3,A100-SXM4-80GB-suitesparse_all-fp64-n4-row-major-cuSPARSE-SpMM-CSR-solve-only,cuSPARSE-SpMM-CSR-best-solve-only,cuSPARSE CUDA 13.4.1 CSR PER MATRIX BEST,per-matrix-best,cuSPARSE-SpMM-CSR,best,solve-only,"csr-alg1,csr-alg2,csr-alg3,csr-default",manual-selection,csr,CUSPARSE_SPMM_CSR_ALG3,library-preprocess,spmm.csr.fp64,fp64,A100-SXM4-80GB,A100-SXM4-80GB,,9700.0,1cb4d392-df77-5092-a407-ab8ee1286933,suitesparse_all,Mallya/lhr11,lhr11,10964,10964,233741,4,row-major,N,N,1.0,0.0,20260922,main,pass,pass,0,0,1869928.0,51.209171,0.0140287995338,51.2231997995,2.57448734953,133.29208928352904,0.03650548984287102,0.7263302343829249,1.3741452503456602,0.00037634525611207235,0.00748794056064871,cuSPARSE 12.8.6,CUDA,13040,13000,2026-10-08T00:56:25.879357+00:00,derived,csr-alg3,0,0,,,,5,20,4,true
3,A100-SXM4-80GB-suitesparse_all-fp64-n4-row-major-cuSPARSE-SpMM-CSR-solve-only,cuSPARSE-SpMM-CSR-best-solve-only,cuSPARSE CUDA 13.4.1 CSR PER MATRIX BEST,per-matrix-best,cuSPARSE-SpMM-CSR,best,solve-only,"csr-alg1,csr-alg2,csr-alg3,csr-default",manual-selection,csr,CUSPARSE_SPMM_CSR_ALG3,library-preprocess,spmm.csr.fp64,fp64,A100-SXM4-80GB,A100-SXM4-80GB,,9700.0,df7f742d-c1c4-51c9-b7da-d151d8293f2c,suitesparse_all,Mallya/lhr11c,lhr11c,10964,10964,233741,4,row-major,N,N,1.0,0.0,20260922,main,pass,pass,0,0,1869928.0,51.840091,0.0139264002442,51.8540174002,2.60593095024,134.27217135876722,0.036061391069629786,0.7175662117324269,1.3842491892656414,0.00037176691824360603,0.007397589811674503,cuSPARSE 12.8.6,CUDA,13040,13000,2026-10-08T22:48:53.187137+00:00,derived,csr-alg3,0,0,,,,5,20,4,true
3,A100-SXM4-80GB-suitesparse_all-fp64-n4-row-major-cuSPARSE-SpMM-CSR-solve-only,cuSPARSE-SpMM-CSR-best-solve-only,cuSPARSE CUDA 13.4.1 CSR PER MATRIX BEST,per-matrix-best,cuSPARSE-SpMM-CSR,best,solve-only,"csr-alg1,csr-alg2,csr-alg3,csr-default",manual-selection,csr,CUSPARSE_SPMM_CSR_ALG3,library-preprocess,spmm.csr.fp64,fp64,A100-SXM4-80GB,A100-SXM4-80GB,,9700.0,0edb0287-e1df-52fd-b14b-f9e504b96222,suitesparse_all,Mallya/lhr14c,lhr14c,14270,14270,307858,4,row-major,N,N,1.0,0.0,20260922,main,pass,pass,0,0,2462864.0,52.591061,0.0151040002704,52.6061650003,2.64465705027,163.06037843673687,0.04681702230120661,0.9312602553698067,1.6810348292447101,0.0004826497144454289,0.00960062118937945,cuSPARSE 12.8.6,CUDA,13040,13000,2026-10-07T20:03:14.037253+00:00,derived,csr-alg3,0,0,,,,5,20,4,true
3,A100-SXM4-80GB-suitesparse_all-fp64-n4-row-major-cuSPARSE-SpMM-CSR-solve-only,cuSPARSE-SpMM-CSR-best-solve-only,cuSPARSE CUDA 13.4.1 CSR PER MATRIX BEST,per-matrix-best,cuSPARSE-SpMM-CSR,best,solve-only,"csr-alg1,csr-alg2,csr-alg3,csr-default",manual-selection,csr,CUSPARSE_SPMM_CSR_ALG3,library-preprocess,spmm.csr.fp64,fp64,A100-SXM4-80GB,A100-SXM4-80GB,,9700.0,1cb4d392-df77-5092-a407-ab8ee1286933,suitesparse_all,Mallya/lhr71,lhr71,70304,70304,1528092,4,row-major,N,N,1.0,0.0,20260922,main,pass,pass,0,0,12224736.0,51.355521,0.0586751997471,51.4141961997,2.62645124975,208.34587786135663,0.23776966098074157,4.654469029708287,2.147895648055223,0.0024512336183581604,0.047984216801116364,cuSPARSE 12.8.6,CUDA,13040,13000,2026-10-08T00:56:30.727418+00:00,derived,csr-alg3,0,0,,,,5,20,4,true
3,A100-SXM4-80GB-suitesparse_all-fp64-n4-row-major-cuSPARSE-SpMM-CSR-solve-only,cuSPARSE-SpMM-CSR-best-solve-only,cuSPARSE CUDA 13.4.1 CSR PER MATRIX BEST,per-matrix-best,cuSPARSE-SpMM-CSR,best,solve-only,"csr-alg1,csr-alg2,csr-alg3,csr-default",manual-selection,csr,CUSPARSE_SPMM_CSR_ALG3,library-preprocess,spmm.csr.fp64,fp64,A100-SXM4-80GB,A100-SXM4-80GB,,9700.0,df7f742d-c1c4-51c9-b7da-d151d8293f2c,suitesparse_all,Mallya/lhr71c,lhr71c,70304,70304,1528092,4,row-major,N,N,1.0,0.0,20260922,main,pass,pass,0,0,12224736.0,50.104291,0.0580096006393,50.1623006006,2.56322415064,210.7364275098639,0.2437036550084742,4.76928090621636,2.172540489792411,0.002512408814520353,0.04916784439398309,cuSPARSE 12.8.6,CUDA,13040,13000,2026-10-08T22:48:58.718379+00:00,derived,csr-alg3,0,0,,,,5,20,4,true
3,A100-SXM4-80GB-suitesparse_all-fp64-n4-row-major-cuSPARSE-SpMM-CSR-solve-only,cuSPARSE-SpMM-CSR-best-solve-only,cuSPARSE CUDA 13.4.1 CSR PER MATRIX BEST,per-matrix-best,cuSPARSE-SpMM-CSR,best,solve-only,"csr-alg1,csr-alg2,csr-alg3,csr-default",manual-selection,csr,CUSPARSE_SPMM_CSR_ALG3,library-preprocess,spmm.csr.fp64,fp64,A100-SXM4-80GB,A100-SXM4-80GB,,9700.0,df7f742d-c1c4-51c9-b7da-d151d8293f2c,suitesparse_all,Mancktelow/viscorocks,viscorocks,37762,37762,1162244,4,row-major,N,N,1.0,0.0,20260922,main,pass,pass,0,0,9297952.0,51.35014,0.0368640005589,51.3870040006,2.60437100056,252.22308645379007,0.1809397566725516,3.57013344028202,2.600238004678248,0.0018653583162118721,0.03680549938435072,cuSPARSE 12.8.6,CUDA,13040,13000,2026-10-08T23:00:20.297463+00:00,derived,csr-alg3,0,0,,,,5,20,4,true
3,A100-SXM4-80GB-suitesparse_all-fp64-n4-row-major-cuSPARSE-SpMM-CSR-solve-only,cuSPARSE-SpMM-CSR-best-solve-only,cuSPARSE CUDA 13.4.1 CSR PER MATRIX BEST,per-matrix-best,cuSPARSE-SpMM-CSR,best,solve-only,"csr-alg1,csr-alg2,csr-alg3,csr-default",manual-selection,csr,CUSPARSE_SPMM_CSR_ALG3,library-preprocess,spmm.csr.fp64,fp64,A100-SXM4-80GB,A100-SXM4-80GB,,9700.0,0edb0287-e1df-52fd-b14b-f9e504b96222,suitesparse_all,Martin/marine1,marine1,400320,400320,6226538,4,row-major,N,N,1.0,0.0,20260922,main,pass,pass,0,0,49812304.0,71.928269,0.358041596413,72.2863105964,3.95445504641,139.12434895564942,0.6890973351527053,12.596502783669635,1.4342716387180352,0.007104096238687684,0.12986085343989315,cuSPARSE 12.8.6,CUDA,13040,13000,2026-10-07T22:08:51.086351+00:00,derived,csr-alg3,0,0,,,,5,20,4,true
3,A100-SXM4-80GB-suitesparse_all-fp64-n4-row-major-cuSPARSE-SpMM-CSR-solve-only,cuSPARSE-SpMM-CSR-best-solve-only,cuSPARSE CUDA 13.4.1 CSR PER MATRIX BEST,per-matrix-best,cuSPARSE-SpMM-CSR,best,solve-only,"csr-alg1,csr-alg2,csr-alg3,csr-default",manual-selection,csr,CUSPARSE_SPMM_CSR_ALG3,library-preprocess,spmm.csr.fp64,fp64,A100-SXM4-80GB,A100-SXM4-80GB,,9700.0,1cb4d392-df77-5092-a407-ab8ee1286933,suitesparse_all,MathWorks/QRpivot,QRpivot,660,749,3808,4,row-major,N,N,1.0,0.0,20260922,main,pass,pass,0,0,30464.0,56.070192,0.00504800006747,56.0752400001,2.80855760007,6.034865212525287,0.0005432700778444403,0.010846848930298145,0.062215105283765844,5.600722452004539e-06,0.0001118231848484345,cuSPARSE 12.8.6,CUDA,13040,13000,2026-10-08T01:10:10.044060+00:00,derived,csr-alg3,0,0,,,,5,20,4,true
3,A100-SXM4-80GB-suitesparse_all-fp64-n4-row-major-cuSPARSE-SpMM-CSR-solve-only,cuSPARSE-SpMM-CSR-best-solve-only,cuSPARSE CUDA 13.4.1 CSR PER MATRIX BEST,per-matrix-best,cuSPARSE-SpMM-CSR,best,solve-only,"csr-alg1,csr-alg2,csr-alg3,csr-default",manual-selection,csr,CUSPARSE_SPMM_CSR_ALG1,library-preprocess,spmm.csr.fp64,fp64,A100-SXM4-80GB,A100-SXM4-80GB,,9700.0,0edb0287-e1df-52fd-b14b-f9e504b96222,suitesparse_all,MAWI/mawi_201512020000,mawi_201512020000,35991342,35991342,74485420,4,row-major,N,N,1.0,0.0,20260922,main,pass,pass,0,0,595883360.0,0.66136,14.7803649902,15.4417249902,14.8134329902,40.315875852531086,38.589170599669,40.22587879488931,0.41562758610856787,0.3978265010275155,0.4146997813906115,cuSPARSE 12.8.6,CUDA,13040,13000,2026-10-07T17:14:27.722046+00:00,derived,csr-alg1,0,0,,,,5,20,4,true
3,A100-SXM4-80GB-suitesparse_all-fp64-n4-row-major-cuSPARSE-SpMM-CSR-solve-only,cuSPARSE-SpMM-CSR-best-solve-only,cuSPARSE CUDA 13.4.1 CSR PER MATRIX BEST,per-matrix-best,cuSPARSE-SpMM-CSR,best,solve-only,"csr-alg1,csr-alg2,csr-alg3,csr-default",manual-selection,csr,CUSPARSE_SPMM_CSR_ALG3,library-preprocess,spmm.csr.fp64,fp64,A100-SXM4-80GB,A100-SXM4-80GB,,9700.0,1cb4d392-df77-5092-a407-ab8ee1286933,suitesparse_all,MaxPlanck/shallow_water2,shallow_water2,81920,81920,327680,4,row-major,N,N,1.0,0.0,20260922,main,pass,pass,0,0,2621440.0,56.282622,0.038041600585,56.3206636006,2.85217270058,68.90982397395885,0.04654490612166852,0.9191028297364042,0.7104105564325656,0.00047984439300689195,0.009475286904499012,cuSPARSE 12.8.6,CUDA,13040,13000,2026-10-08T01:18:28.862254+00:00,derived,csr-alg3,0,0,,,,5,20,4,true
3,A100-SXM4-80GB-suitesparse_all-fp64-n4-row-major-cuSPARSE-SpMM-CSR-solve-only,cuSPARSE-SpMM-CSR-best-solve-only,cuSPARSE CUDA 13.4.1 CSR PER MATRIX BEST,per-matrix-best,cuSPARSE-SpMM-CSR,best,solve-only,"csr-alg1,csr-alg2,csr-alg3,csr-default",manual-selection,csr,CUSPARSE_SPMM_CSR_ALG1,library-preprocess,spmm.csr.fp64,fp64,A100-SXM4-80GB,A100-SXM4-80GB,,9700.0,df7f742d-c1c4-51c9-b7da-d151d8293f2c,suitesparse_all,Meszaros/aa01,aa01,823,8904,72965,4,row-major,N,N,1.0,0.0,20260922,main,pass,pass,0,0,583720.0,0.08428,0.0172544002533,0.101534400253,0.0214684002533,33.830210927694246,5.748987520933852,27.189729700995017,0.34876506111024996,0.05926791258694693,0.28030649176283523,cuSPARSE 12.8.6,CUDA,13040,13000,2026-10-08T17:49:15.295303+00:00,derived,csr-alg1,0,0,,,,5,20,4,true
3,A100-SXM4-80GB-suitesparse_all-fp64-n4-row-major-cuSPARSE-SpMM-CSR-solve-only,cuSPARSE-SpMM-CSR-best-solve-only,cuSPARSE CUDA 13.4.1 CSR PER MATRIX BEST,per-matrix-best,cuSPARSE-SpMM-CSR,best,solve-only,"csr-alg1,csr-alg2,csr-alg3,csr-default",manual-selection,csr,CUSPARSE_SPMM_CSR_ALG1,library-preprocess,spmm.csr.fp64,fp64,A100-SXM4-80GB,A100-SXM4-80GB,,9700.0,0edb0287-e1df-52fd-b14b-f9e504b96222,suitesparse_all,Meszaros/aa3,aa3,825,8627,70806,4,row-major,N,N,1.0,0.0,20260922,main,pass,pass,0,0,566448.0,0.06049,0.0178688004613,0.0783588004613,0.0208933004613,31.700393164432345,7.228900859447924,27.111465756653132,0.3268081769529108,0.07452475112832911,0.2794996469758055,cuSPARSE 12.8.6,CUDA,13040,13000,2026-10-07T15:41:38.622145+00:00,derived,csr-alg1,0,0,,,,5,20,4,true
3,A100-SXM4-80GB-suitesparse_all-fp64-n4-row-major-cuSPARSE-SpMM-CSR-solve-only,cuSPARSE-SpMM-CSR-best-solve-only,cuSPARSE CUDA 13.4.1 CSR PER MATRIX BEST,per-matrix-best,cuSPARSE-SpMM-CSR,best,solve-only,"csr-alg1,csr-alg2,csr-alg3,csr-default",manual-selection,csr,CUSPARSE_SPMM_CSR_ALG1,library-preprocess,spmm.csr.fp64,fp64,A100-SXM4-80GB,A100-SXM4-80GB,,9700.0,1cb4d392-df77-5092-a407-ab8ee1286933,suitesparse_all,Meszaros/air03,air03,124,10757,91028,4,row-major,N,N,1.0,0.0,20260922,main,pass,pass,0,0,728224.0,2.405812,0.0146944001317,2.42050640013,0.134985000132,49.55792638510052,0.30085605225455664,5.3948512744962756,0.5109064575783558,0.0031016087861294494,0.05561702344841521,cuSPARSE 12.8.6,CUDA,13040,13000,2026-10-07T20:50:35.162809+00:00,derived,csr-alg1,0,0,,,,5,20,4,true
3,A100-SXM4-80GB-suitesparse_all-fp64-n4-row-major-cuSPARSE-SpMM-CSR-solve-only,cuSPARSE-SpMM-CSR-best-solve-only,cuSPARSE CUDA 13.4.1 CSR PER MATRIX BEST,per-matrix-best,cuSPARSE-SpMM-CSR,best,solve-only,"csr-alg1,csr-alg2,csr-alg3,csr-default",manual-selection,csr,CUSPARSE_SPMM_CSR_ALG1,library-preprocess,spmm.csr.fp64,fp64,A100-SXM4-80GB,A100-SXM4-80GB,,9700.0,df7f742d-c1c4-51c9-b7da-d151d8293f2c,suitesparse_all,Meszaros/air04,air04,823,8904,72965,4,row-major,N,N,1.0,0.0,20260922,main,pass,pass,0,0,583720.0,0.06871,0.0172544002533,0.0859644002533,0.0206899002533,33.830210927694246,6.790252689253098,28.212799136472288,0.34876506111024996,0.07000260504384637,0.2908535993450751,cuSPARSE 12.8.6,CUDA,13040,13000,2026-10-08T17:49:16.255709+00:00,derived,csr-alg1,0,0,,,,5,20,4,true
3,A100-SXM4-80GB-suitesparse_all-fp64-n4-row-major-cuSPARSE-SpMM-CSR-solve-only,cuSPARSE-SpMM-CSR-best-solve-only,cuSPARSE CUDA 13.4.1 CSR PER MATRIX BEST,per-matrix-best,cuSPARSE-SpMM-CSR,best,solve-only,"csr-alg1,csr-alg2,csr-alg3,csr-default",manual-selection,csr,CUSPARSE_SPMM_CSR_ALG1,library-preprocess,spmm.csr.fp64,fp64,A100-SXM4-80GB,A100-SXM4-80GB,,9700.0,0edb0287-e1df-52fd-b14b-f9e504b96222,suitesparse_all,Meszaros/air06,air06,825,8627,70806,4,row-major,N,N,1.0,0.0,20260922,main,pass,pass,0,0,566448.0,0.05362,0.0178688004613,0.0714888004613,0.0205498004613,31.700393164432345,7.923590777084628,27.564647212353805,0.3268081769529108,0.08168650285654255,0.2841716207459155,cuSPARSE 12.8.6,CUDA,13040,13000,2026-10-07T15:41:39.311380+00:00,derived,csr-alg1,0,0,,,,5,20,4,true
3,A100-SXM4-80GB-suitesparse_all-fp64-n4-row-major-cuSPARSE-SpMM-CSR-solve-only,cuSPARSE-SpMM-CSR-best-solve-only,cuSPARSE CUDA 13.4.1 CSR PER MATRIX BEST,per-matrix-best,cuSPARSE-SpMM-CSR,best,solve-only,"csr-alg1,csr-alg2,csr-alg3,csr-default",manual-selection,csr,CUSPARSE_SPMM_CSR_ALG1,library-preprocess,spmm.csr.fp64,fp64,A100-SXM4-80GB,A100-SXM4-80GB,,9700.0,1cb4d392-df77-5092-a407-ab8ee1286933,suitesparse_all,Meszaros/cari,cari,400,1200,152800,4,row-major,N,N,1.0,0.0,20260922,main,pass,pass,0,0,1222400.0,2.417321,0.0167935997248,2.43411459972,0.137659649725,72.78963533915942,0.5021949254733589,8.879871497871488,0.7504086117439115,0.005177267272921226,0.09154506698836584,cuSPARSE 12.8.6,CUDA,13040,13000,2026-10-07T20:50:36.221889+00:00,derived,csr-alg1,0,0,,,,5,20,4,true
3,A100-SXM4-80GB-suitesparse_all-fp64-n4-row-major-cuSPARSE-SpMM-CSR-solve-only,cuSPARSE-SpMM-CSR-best-solve-only,cuSPARSE CUDA 13.4.1 CSR PER MATRIX BEST,per-matrix-best,cuSPARSE-SpMM-CSR,best,solve-only,"csr-alg1,csr-alg2,csr-alg3,csr-default",manual-selection,csr,CUSPARSE_SPMM_CSR_ALG3,library-preprocess,spmm.csr.fp64,fp64,A100-SXM4-80GB,A100-SXM4-80GB,,9700.0,0edb0287-e1df-52fd-b14b-f9e504b96222,suitesparse_all,Meszaros/cep1,cep1,1521,4769,8233,4,row-major,N,N,1.0,0.0,20260922,main,pass,pass,0,0,65864.0,70.912429,0.00593920014799,70.9183682001,3.55156065015,11.08970877539635,0.000928729772999869,0.01854508665006699,0.11432689459171495,9.574533742266691e-06,0.00019118646030996897,cuSPARSE 12.8.6,CUDA,13040,13000,2026-10-07T20:14:14.721936+00:00,derived,csr-alg3,0,0,,,,5,20,4,true
3,A100-SXM4-80GB-suitesparse_all-fp64-n4-row-major-cuSPARSE-SpMM-CSR-solve-only,cuSPARSE-SpMM-CSR-best-solve-only,cuSPARSE CUDA 13.4.1 CSR PER MATRIX BEST,per-matrix-best,cuSPARSE-SpMM-CSR,best,solve-only,"csr-alg1,csr-alg2,csr-alg3,csr-default",manual-selection,csr,CUSPARSE_SPMM_CSR_ALG3,library-preprocess,spmm.csr.fp64,fp64,A100-SXM4-80GB,A100-SXM4-80GB,,9700.0,df7f742d-c1c4-51c9-b7da-d151d8293f2c,suitesparse_all,Meszaros/ch,ch,3700,8291,24102,4,row-major,N,N,1.0,0.0,20260922,main,pass,pass,0,0,192816.0,63.956135,0.0116736002266,63.9678086002,3.20948035023,16.51726941622008,0.00301426614760408,0.06007701526702985,0.17028112800226888,3.107490873818639e-05,0.0006193506728559778,cuSPARSE 12.8.6,CUDA,13040,13000,2026-10-08T22:59:34.825419+00:00,derived,csr-alg3,0,0,,,,5,20,4,true
3,A100-SXM4-80GB-suitesparse_all-fp64-n4-row-major-cuSPARSE-SpMM-CSR-solve-only,cuSPARSE-SpMM-CSR-best-solve-only,cuSPARSE CUDA 13.4.1 CSR PER MATRIX BEST,per-matrix-best,cuSPARSE-SpMM-CSR,best,solve-only,"csr-alg1,csr-alg2,csr-alg3,csr-default",manual-selection,csr,CUSPARSE_SPMM_CSR_ALG1,library-preprocess,spmm.csr.fp64,fp64,A100-SXM4-80GB,A100-SXM4-80GB,,9700.0,0edb0287-e1df-52fd-b14b-f9e504b96222,suitesparse_all,Meszaros/co9,co9,10789,22924,109651,4,row-major,N,N,1.0,0.0,20260922,main,pass,pass,0,0,877208.0,0.05701,0.0230911999941,0.0801011999941,0.0259416999941,37.98884424473974,10.951246673765342,33.81459195810244,0.39163756953339934,0.11289945024500353,0.34860404080517976,cuSPARSE 12.8.6,CUDA,13040,13000,2026-10-07T15:41:40.261806+00:00,derived,csr-alg1,0,0,,,,5,20,4,true
3,A100-SXM4-80GB-suitesparse_all-fp64-n4-row-major-cuSPARSE-SpMM-CSR-solve-only,cuSPARSE-SpMM-CSR-best-solve-only,cuSPARSE CUDA 13.4.1 CSR PER MATRIX BEST,per-matrix-best,cuSPARSE-SpMM-CSR,best,solve-only,"csr-alg1,csr-alg2,csr-alg3,csr-default",manual-selection,csr,CUSPARSE_SPMM_CSR_ALG3,library-preprocess,spmm.csr.fp64,fp64,A100-SXM4-80GB,A100-SXM4-80GB,,9700.0,1cb4d392-df77-5092-a407-ab8ee1286933,suitesparse_all,Meszaros/crew1,crew1,135,6469,46950,4,row-major,N,N,1.0,0.0,20260922,main,pass,pass,0,0,375600.0,52.194241,0.00936959981918,52.2036105998,2.61908164982,40.087090937558465,0.007194904637524037,0.14340904569577417,0.4132689787377161,7.417427461364987e-05,0.0014784437700595275,cuSPARSE 12.8.6,CUDA,13040,13000,2026-10-08T01:06:03.850932+00:00,derived,csr-alg3,0,0,,,,5,20,4,true
3,A100-SXM4-80GB-suitesparse_all-fp64-n4-row-major-cuSPARSE-SpMM-CSR-solve-only,cuSPARSE-SpMM-CSR-best-solve-only,cuSPARSE CUDA 13.4.1 CSR PER MATRIX BEST,per-matrix-best,cuSPARSE-SpMM-CSR,best,solve-only,"csr-alg1,csr-alg2,csr-alg3,csr-default",manual-selection,csr,CUSPARSE_SPMM_CSR_ALG3,library-preprocess,spmm.csr.fp64,fp64,A100-SXM4-80GB,A100-SXM4-80GB,,9700.0,df7f742d-c1c4-51c9-b7da-d151d8293f2c,suitesparse_all,Meszaros/dano3mip,dano3mip,3202,15851,81633,4,row-major,N,N,1.0,0.0,20260922,main,pass,pass,0,0,653064.0,61.169244,0.0114767998457,61.1807207998,3.06993899985,56.90297023387427,0.010674343019543746,0.21272865683386843,0.5866285591121059,0.0001100447733973582,0.0021930789364316334,cuSPARSE 12.8.6,CUDA,13040,13000,2026-10-08T22:59:35.719317+00:00,derived,csr-alg3,0,0,,,,5,20,4,true
3,A100-SXM4-80GB-suitesparse_all-fp64-n4-row-major-cuSPARSE-SpMM-CSR-solve-only,cuSPARSE-SpMM-CSR-best-solve-only,cuSPARSE CUDA 13.4.1 CSR PER MATRIX BEST,per-matrix-best,cuSPARSE-SpMM-CSR,best,solve-only,"csr-alg1,csr-alg2,csr-alg3,csr-default",manual-selection,csr,CUSPARSE_SPMM_CSR_ALG3,library-preprocess,spmm.csr.fp64,fp64,A100-SXM4-80GB,A100-SXM4-80GB,,9700.0,0edb0287-e1df-52fd-b14b-f9e504b96222,suitesparse_all,Meszaros/dbir1,dbir1,18804,45775,1077025,4,row-major,N,N,1.0,0.0,20260922,main,pass,pass,0,0,8616200.0,57.283583,0.0575999975204,57.3411829975,2.92177914752,149.58681199506006,0.15026198535833582,2.9489566339445648,1.5421320824232996,0.0015490926325601633,0.030401614782933656,cuSPARSE 12.8.6,CUDA,13040,13000,2026-10-07T20:14:00.928688+00:00,derived,csr-alg3,0,0,,,,5,20,4,true
3,A100-SXM4-80GB-suitesparse_all-fp64-n4-row-major-cuSPARSE-SpMM-CSR-solve-only,cuSPARSE-SpMM-CSR-best-solve-only,cuSPARSE CUDA 13.4.1 CSR PER MATRIX BEST,per-matrix-best,cuSPARSE-SpMM-CSR,best,solve-only,"csr-alg1,csr-alg2,csr-alg3,csr-default",manual-selection,csr,CUSPARSE_SPMM_CSR_ALG3,library-preprocess,spmm.csr.fp64,fp64,A100-SXM4-80GB,A100-SXM4-80GB,,9700.0,df7f742d-c1c4-51c9-b7da-d151d8293f2c,suitesparse_all,Meszaros/de063155,de063155,852,1848,4913,4,row-major,N,N,1.0,0.0,20260922,main,pass,pass,0,0,39304.0,61.206835,0.00644159987569,61.2132765999,3.06678334988,6.10158978491192,0.000642082930095335,0.012816034103464767,0.06290298747331877,6.619411650467372e-06,0.0001321240629223172,cuSPARSE 12.8.6,CUDA,13040,13000,2026-10-08T22:59:48.280915+00:00,derived,csr-alg3,0,0,,,,5,20,4,true
3,A100-SXM4-80GB-suitesparse_all-fp64-n4-row-major-cuSPARSE-SpMM-CSR-solve-only,cuSPARSE-SpMM-CSR-best-solve-only,cuSPARSE CUDA 13.4.1 CSR PER MATRIX BEST,per-matrix-best,cuSPARSE-SpMM-CSR,best,solve-only,"csr-alg1,csr-alg2,csr-alg3,csr-default",manual-selection,csr,CUSPARSE_SPMM_CSR_ALG3,library-preprocess,spmm.csr.fp64,fp64,A100-SXM4-80GB,A100-SXM4-80GB,,9700.0,0edb0287-e1df-52fd-b14b-f9e504b96222,suitesparse_all,Meszaros/de080285,de080285,936,1908,5082,4,row-major,N,N,1.0,0.0,20260922,main,pass,pass,0,0,40656.0,55.601403,0.00742399990559,55.6088269999,2.78749414991,5.476293173089552,0.0007311069517807507,0.014585142717272665,0.05645663065040775,7.537185069904647e-06,0.00015036229605435737,cuSPARSE 12.8.6,CUDA,13040,13000,2026-10-07T20:14:13.761018+00:00,derived,csr-alg3,0,0,,,,5,20,4,true
3,A100-SXM4-80GB-suitesparse_all-fp64-n4-row-major-cuSPARSE-SpMM-CSR-solve-only,cuSPARSE-SpMM-CSR-best-solve-only,cuSPARSE CUDA 13.4.1 CSR PER MATRIX BEST,per-matrix-best,cuSPARSE-SpMM-CSR,best,solve-only,"csr-alg1,csr-alg2,csr-alg3,csr-default",manual-selection,csr,CUSPARSE_SPMM_CSR_ALG3,library-preprocess,spmm.csr.fp64,fp64,A100-SXM4-80GB,A100-SXM4-80GB,,9700.0,1cb4d392-df77-5092-a407-ab8ee1286933,suitesparse_all,Meszaros/deter4,deter4,3235,9133,19231,4,row-major,N,N,1.0,0.0,20260922,main,pass,pass,0,0,153848.0,51.453401,0.00778239965439,51.4611833997,2.58045244965,19.76870975949113,0.0029895931231324322,0.059620552210085165,0.20380113154114565,3.08205476611591e-05,0.0006146448681452079,cuSPARSE 12.8.6,CUDA,13040,13000,2026-10-08T01:06:23.919815+00:00,derived,csr-alg3,0,0,,,,5,20,4,true
3,A100-SXM4-80GB-suitesparse_all-fp64-n4-row-major-cuSPARSE-SpMM-CSR-solve-only,cuSPARSE-SpMM-CSR-best-solve-only,cuSPARSE CUDA 13.4.1 CSR PER MATRIX BEST,per-matrix-best,cuSPARSE-SpMM-CSR,best,solve-only,"csr-alg1,csr-alg2,csr-alg3,csr-default",manual-selection,csr,CUSPARSE_SPMM_CSR_ALG3,library-preprocess,spmm.csr.fp64,fp64,A100-SXM4-80GB,A100-SXM4-80GB,,9700.0,df7f742d-c1c4-51c9-b7da-d151d8293f2c,suitesparse_all,Meszaros/deter5,deter5,5103,14529,29715,4,row-major,N,N,1.0,0.0,20260922,main,pass,pass,0,0,237720.0,58.877503,0.00855040028691,58.8860534003,2.95242555029,27.802207150924954,0.004036949095297817,0.08051684824928104,0.28662069227757686,4.161803191028678e-05,0.0008300706005080521,cuSPARSE 12.8.6,CUDA,13040,13000,2026-10-08T22:59:49.876998+00:00,derived,csr-alg3,0,0,,,,5,20,4,true
3,A100-SXM4-80GB-suitesparse_all-fp64-n4-row-major-cuSPARSE-SpMM-CSR-solve-only,cuSPARSE-SpMM-CSR-best-solve-only,cuSPARSE CUDA 13.4.1 CSR PER MATRIX BEST,per-matrix-best,cuSPARSE-SpMM-CSR,best,solve-only,"csr-alg1,csr-alg2,csr-alg3,csr-default",manual-selection,csr,CUSPARSE_SPMM_CSR_ALG3,library-preprocess,spmm.csr.fp64,fp64,A100-SXM4-80GB,A100-SXM4-80GB,,9700.0,0edb0287-e1df-52fd-b14b-f9e504b96222,suitesparse_all,Meszaros/deter7,deter7,6375,18153,37131,4,row-major,N,N,1.0,0.0,20260922,main,pass,pass,0,0,297048.0,59.907884,0.00870399996638,59.916588,3.00409819997,34.127757484762775,0.004957692183673743,0.09888092206938057,0.35183255138930697,5.111022869766746e-05,0.0010193909491688718,cuSPARSE 12.8.6,CUDA,13040,13000,2026-10-07T20:14:15.813233+00:00,derived,csr-alg3,0,0,,,,5,20,4,true
3,A100-SXM4-80GB-suitesparse_all-fp64-n4-row-major-cuSPARSE-SpMM-CSR-solve-only,cuSPARSE-SpMM-CSR-best-solve-only,cuSPARSE CUDA 13.4.1 CSR PER MATRIX BEST,per-matrix-best,cuSPARSE-SpMM-CSR,best,solve-only,"csr-alg1,csr-alg2,csr-alg3,csr-default",manual-selection,csr,CUSPARSE_SPMM_CSR_ALG3,library-preprocess,spmm.csr.fp64,fp64,A100-SXM4-80GB,A100-SXM4-80GB,,9700.0,1cb4d392-df77-5092-a407-ab8ee1286933,suitesparse_all,Meszaros/farm,farm,7,17,41,4,row-major,N,N,1.0,0.0,20260922,main,pass,pass,0,0,328.0,54.851552,0.00563200004399,54.857184,2.74820960004,0.05823863590875043,5.97916218229503e-06,0.00011935043091153818,0.0006003983083376333,6.164084724015495e-08,1.230416813521012e-06,cuSPARSE 12.8.6,CUDA,13040,13000,2026-10-08T01:06:04.450908+00:00,derived,csr-alg3,0,0,,,,5,20,4,true
3,A100-SXM4-80GB-suitesparse_all-fp64-n4-row-major-cuSPARSE-SpMM-CSR-solve-only,cuSPARSE-SpMM-CSR-best-solve-only,cuSPARSE CUDA 13.4.1 CSR PER MATRIX BEST,per-matrix-best,cuSPARSE-SpMM-CSR,best,solve-only,"csr-alg1,csr-alg2,csr-alg3,csr-default",manual-selection,csr,CUSPARSE_SPMM_CSR_ALG3,library-preprocess,spmm.csr.fp64,fp64,A100-SXM4-80GB,A100-SXM4-80GB,,9700.0,1cb4d392-df77-5092-a407-ab8ee1286933,suitesparse_all,Meszaros/fxm3_16,fxm3_16,41340,85575,392252,4,row-major,N,N,1.0,0.0,20260922,main,pass,pass,0,0,3138016.0,50.08187,0.0254976004362,50.1073676004,2.52959110044,123.07103203110944,0.06262584027613036,1.2405230234460305,1.2687735260939117,0.0006456272193415501,0.012788897148928148,cuSPARSE 12.8.6,CUDA,13040,13000,2026-10-08T01:06:25.963109+00:00,derived,csr-alg3,0,0,,,,5,20,4,true
3,A100-SXM4-80GB-suitesparse_all-fp64-n4-row-major-cuSPARSE-SpMM-CSR-solve-only,cuSPARSE-SpMM-CSR-best-solve-only,cuSPARSE CUDA 13.4.1 CSR PER MATRIX BEST,per-matrix-best,cuSPARSE-SpMM-CSR,best,solve-only,"csr-alg1,csr-alg2,csr-alg3,csr-default",manual-selection,csr,CUSPARSE_SPMM_CSR_ALG3,library-preprocess,spmm.csr.fp64,fp64,A100-SXM4-80GB,A100-SXM4-80GB,,9700.0,df7f742d-c1c4-51c9-b7da-d151d8293f2c,suitesparse_all,Meszaros/fxm4_6,fxm4_6,22400,47185,265442,4,row-major,N,N,1.0,0.0,20260922,main,pass,pass,0,0,2123536.0,57.246573,0.0168960005045,57.2634690005,2.8792246505,125.6827613987362,0.03708360735151163,0.7375374476705843,1.2956985711209918,0.0003823052304279549,0.0076034788419647855,cuSPARSE 12.8.6,CUDA,13040,13000,2026-10-08T22:59:51.620459+00:00,derived,csr-alg3,0,0,,,,5,20,4,true
3,A100-SXM4-80GB-suitesparse_all-fp64-n4-row-major-cuSPARSE-SpMM-CSR-solve-only,cuSPARSE-SpMM-CSR-best-solve-only,cuSPARSE CUDA 13.4.1 CSR PER MATRIX BEST,per-matrix-best,cuSPARSE-SpMM-CSR,best,solve-only,"csr-alg1,csr-alg2,csr-alg3,csr-default",manual-selection,csr,CUSPARSE_SPMM_CSR_ALG3,library-preprocess,spmm.csr.fp64,fp64,A100-SXM4-80GB,A100-SXM4-80GB,,9700.0,df7f742d-c1c4-51c9-b7da-d151d8293f2c,suitesparse_all,Meszaros/gams10a,gams10a,114,171,407,4,row-major,N,N,1.0,0.0,20260922,main,pass,pass,0,0,3256.0,65.366746,0.00681279972196,65.3735587997,3.27515009972,0.4779239274427502,4.9806069300527994e-05,0.0009941529092905889,0.004927050798378868,5.134646319642061e-07,1.0248999064851431e-05,cuSPARSE 12.8.6,CUDA,13040,13000,2026-10-08T22:59:36.604747+00:00,derived,csr-alg3,0,0,,,,5,20,4,true
3,A100-SXM4-80GB-suitesparse_all-fp64-n4-row-major-cuSPARSE-SpMM-CSR-solve-only,cuSPARSE-SpMM-CSR-best-solve-only,cuSPARSE CUDA 13.4.1 CSR PER MATRIX BEST,per-matrix-best,cuSPARSE-SpMM-CSR,best,solve-only,"csr-alg1,csr-alg2,csr-alg3,csr-default",manual-selection,csr,CUSPARSE_SPMM_CSR_ALG3,library-preprocess,spmm.csr.fp64,fp64,A100-SXM4-80GB,A100-SXM4-80GB,,9700.0,1cb4d392-df77-5092-a407-ab8ee1286933,suitesparse_all,Meszaros/gas11,gas11,459,862,2166,4,row-major,N,N,1.0,0.0,20260922,main,pass,pass,0,0,17328.0,51.86562,0.00588800013065,51.8715080001,2.59916900013,2.9429347173073332,0.000334056222155072,0.006666746178926158,0.030339533168116842,3.4438785789182686e-06,6.872934205078513e-05,cuSPARSE 12.8.6,CUDA,13040,13000,2026-10-08T01:06:01.362344+00:00,derived,csr-alg3,0,0,,,,5,20,4,true
3,A100-SXM4-80GB-suitesparse_all-fp64-n4-row-major-cuSPARSE-SpMM-CSR-solve-only,cuSPARSE-SpMM-CSR-best-solve-only,cuSPARSE CUDA 13.4.1 CSR PER MATRIX BEST,per-matrix-best,cuSPARSE-SpMM-CSR,best,solve-only,"csr-alg1,csr-alg2,csr-alg3,csr-default",manual-selection,csr,CUSPARSE_SPMM_CSR_ALG3,library-preprocess,spmm.csr.fp64,fp64,A100-SXM4-80GB,A100-SXM4-80GB,,9700.0,0edb0287-e1df-52fd-b14b-f9e504b96222,suitesparse_all,Meszaros/ge,ge,10099,16369,44825,4,row-major,N,N,1.0,0.0,20260922,main,pass,pass,0,0,358600.0,56.321703,0.00993279963732,56.3316357996,2.82601794964,36.102610854310456,0.006365872300881175,0.12689232920324559,0.37219186447742736,6.562754949362036e-05,0.001308168342301501,cuSPARSE 12.8.6,CUDA,13040,13000,2026-10-07T20:14:01.889230+00:00,derived,csr-alg3,0,0,,,,5,20,4,true
3,A100-SXM4-80GB-suitesparse_all-fp64-n4-row-major-cuSPARSE-SpMM-CSR-solve-only,cuSPARSE-SpMM-CSR-best-solve-only,cuSPARSE CUDA 13.4.1 CSR PER MATRIX BEST,per-matrix-best,cuSPARSE-SpMM-CSR,best,solve-only,"csr-alg1,csr-alg2,csr-alg3,csr-default",manual-selection,csr,CUSPARSE_SPMM_CSR_ALG1,library-preprocess,spmm.csr.fp64,fp64,A100-SXM4-80GB,A100-SXM4-80GB,,9700.0,1cb4d392-df77-5092-a407-ab8ee1286933,suitesparse_all,Meszaros/iprob,iprob,3001,3001,9000,4,row-major,N,N,1.0,0.0,20260922,main,pass,pass,0,0,72000.0,0.072049,0.0137728005648,0.0858218005648,0.0173752505648,5.227694952907027,0.8389476744389229,4.14382513400196,0.05389376240110337,0.008648945097308484,0.04271984674228825,cuSPARSE 12.8.6,CUDA,13040,13000,2026-10-07T20:50:59.841952+00:00,derived,csr-alg1,0,0,,,,5,20,4,true
3,A100-SXM4-80GB-suitesparse_all-fp64-n4-row-major-cuSPARSE-SpMM-CSR-solve-only,cuSPARSE-SpMM-CSR-best-solve-only,cuSPARSE CUDA 13.4.1 CSR PER MATRIX BEST,per-matrix-best,cuSPARSE-SpMM-CSR,best,solve-only,"csr-alg1,csr-alg2,csr-alg3,csr-default",manual-selection,csr,CUSPARSE_SPMM_CSR_ALG3,library-preprocess,spmm.csr.fp64,fp64,A100-SXM4-80GB,A100-SXM4-80GB,,9700.0,0edb0287-e1df-52fd-b14b-f9e504b96222,suitesparse_all,Meszaros/kleemin,kleemin,8,16,44,4,row-major,N,N,1.0,0.0,20260922,main,pass,pass,0,0,352.0,54.780592,0.00511999987066,54.7857119999,2.74414959987,0.06875000173674321,6.425032862594585e-06,0.00012827289008466428,0.0007087629045025073,6.623745219169675e-08,1.3224009287078792e-06,cuSPARSE 12.8.6,CUDA,13040,13000,2026-10-07T20:14:19.646474+00:00,derived,csr-alg3,0,0,,,,5,20,4,true
3,A100-SXM4-80GB-suitesparse_all-fp64-n4-row-major-cuSPARSE-SpMM-CSR-solve-only,cuSPARSE-SpMM-CSR-best-solve-only,cuSPARSE CUDA 13.4.1 CSR PER MATRIX BEST,per-matrix-best,cuSPARSE-SpMM-CSR,best,solve-only,"csr-alg1,csr-alg2,csr-alg3,csr-default",manual-selection,csr,CUSPARSE_SPMM_CSR_ALG3,library-preprocess,spmm.csr.fp64,fp64,A100-SXM4-80GB,A100-SXM4-80GB,,9700.0,df7f742d-c1c4-51c9-b7da-d151d8293f2c,suitesparse_all,Meszaros/l30,l30,2701,16281,52070,4,row-major,N,N,1.0,0.0,20260922,main,pass,pass,0,0,416560.0,65.481526,0.00634879991412,65.4878747999,3.28042509991,65.61240008108507,0.006360872165615552,0.12698354247180602,0.6764164956812894,6.557600170737683e-05,0.0013091086852763507,cuSPARSE 12.8.6,CUDA,13040,13000,2026-10-08T22:59:49.088069+00:00,derived,csr-alg3,0,0,,,,5,20,4,true
3,A100-SXM4-80GB-suitesparse_all-fp64-n4-row-major-cuSPARSE-SpMM-CSR-solve-only,cuSPARSE-SpMM-CSR-best-solve-only,cuSPARSE CUDA 13.4.1 CSR PER MATRIX BEST,per-matrix-best,cuSPARSE-SpMM-CSR,best,solve-only,"csr-alg1,csr-alg2,csr-alg3,csr-default",manual-selection,csr,CUSPARSE_SPMM_CSR_ALG3,library-preprocess,spmm.csr.fp64,fp64,A100-SXM4-80GB,A100-SXM4-80GB,,9700.0,1cb4d392-df77-5092-a407-ab8ee1286933,suitesparse_all,Meszaros/lp22,lp22,2958,16392,68518,4,row-major,N,N,1.0,0.0,20260922,main,pass,pass,0,0,548144.0,52.213381,0.0124416001141,52.2258226001,2.62311065011,44.05735556303495,0.010495650862164694,0.2089671665116428,0.4541995418869583,0.00010820258620788344,0.0021543006856870393,cuSPARSE 12.8.6,CUDA,13040,13000,2026-10-08T01:06:05.237093+00:00,derived,csr-alg3,0,0,,,,5,20,4,true
3,A100-SXM4-80GB-suitesparse_all-fp64-n4-row-major-cuSPARSE-SpMM-CSR-solve-only,cuSPARSE-SpMM-CSR-best-solve-only,cuSPARSE CUDA 13.4.1 CSR PER MATRIX BEST,per-matrix-best,cuSPARSE-SpMM-CSR,best,solve-only,"csr-alg1,csr-alg2,csr-alg3,csr-default",manual-selection,csr,CUSPARSE_SPMM_CSR_ALG3,library-preprocess,spmm.csr.fp64,fp64,A100-SXM4-80GB,A100-SXM4-80GB,,9700.0,df7f742d-c1c4-51c9-b7da-d151d8293f2c,suitesparse_all,Meszaros/lpl2,lpl2,3294,10881,32232,4,row-major,N,N,1.0,0.0,20260922,main,pass,pass,0,0,257856.0,57.592653,0.0126975998282,57.6053505998,2.89233024983,20.30745995218164,0.0044762508571711615,0.08915164511907164,0.20935525723898601,4.6146916053310947e-05,0.000919089124938883,cuSPARSE 12.8.6,CUDA,13040,13000,2026-10-08T22:59:37.361420+00:00,derived,csr-alg3,0,0,,,,5,20,4,true
3,A100-SXM4-80GB-suitesparse_all-fp64-n4-row-major-cuSPARSE-SpMM-CSR-solve-only,cuSPARSE-SpMM-CSR-best-solve-only,cuSPARSE CUDA 13.4.1 CSR PER MATRIX BEST,per-matrix-best,cuSPARSE-SpMM-CSR,best,solve-only,"csr-alg1,csr-alg2,csr-alg3,csr-default",manual-selection,csr,CUSPARSE_SPMM_CSR_ALG3,library-preprocess,spmm.csr.fp64,fp64,A100-SXM4-80GB,A100-SXM4-80GB,,9700.0,0edb0287-e1df-52fd-b14b-f9e504b96222,suitesparse_all,Meszaros/mod2,mod2,34774,66409,199810,4,row-major,N,N,1.0,0.0,20260922,main,pass,pass,0,0,1598480.0,61.372225,0.0233472004533,61.3955722005,3.09195845045,68.46559625841836,0.02603575376380289,0.5169797801672785,0.7058308892620448,0.0002684098326165246,0.005329688455332769,cuSPARSE 12.8.6,CUDA,13040,13000,2026-10-07T20:14:03.667187+00:00,derived,csr-alg3,0,0,,,,5,20,4,true
3,A100-SXM4-80GB-suitesparse_all-fp64-n4-row-major-cuSPARSE-SpMM-CSR-solve-only,cuSPARSE-SpMM-CSR-best-solve-only,cuSPARSE CUDA 13.4.1 CSR PER MATRIX BEST,per-matrix-best,cuSPARSE-SpMM-CSR,best,solve-only,"csr-alg1,csr-alg2,csr-alg3,csr-default",manual-selection,csr,CUSPARSE_SPMM_CSR_ALG1,library-preprocess,spmm.csr.fp64,fp64,A100-SXM4-80GB,A100-SXM4-80GB,,9700.0,1cb4d392-df77-5092-a407-ab8ee1286933,suitesparse_all,Meszaros/model5,model5,1888,11802,89925,4,row-major,N,N,1.0,0.0,20260922,main,pass,pass,0,0,719400.0,2.561191,0.0159743994474,2.57716539945,0.144033949447,45.03455684633514,0.27914389978754534,4.994655793040771,0.46427378192098084,0.002877772162758199,0.051491296835471864,cuSPARSE 12.8.6,CUDA,13040,13000,2026-10-07T20:50:39.826383+00:00,derived,csr-alg1,0,0,,,,5,20,4,true
3,A100-SXM4-80GB-suitesparse_all-fp64-n4-row-major-cuSPARSE-SpMM-CSR-solve-only,cuSPARSE-SpMM-CSR-best-solve-only,cuSPARSE CUDA 13.4.1 CSR PER MATRIX BEST,per-matrix-best,cuSPARSE-SpMM-CSR,best,solve-only,"csr-alg1,csr-alg2,csr-alg3,csr-default",manual-selection,csr,CUSPARSE_SPMM_CSR_ALG1,library-preprocess,spmm.csr.fp64,fp64,A100-SXM4-80GB,A100-SXM4-80GB,,9700.0,df7f742d-c1c4-51c9-b7da-d151d8293f2c,suitesparse_all,Meszaros/model6,model6,2096,5289,27628,4,row-major,N,N,1.0,0.0,20260922,main,pass,pass,0,0,221024.0,0.07061,0.0166912004352,0.0873012004352,0.0202217004352,13.241947507495233,2.5317406736469428,10.930040265815755,0.13651492275768282,0.026100419315947865,0.11268082748263665,cuSPARSE 12.8.6,CUDA,13040,13000,2026-10-08T17:49:22.051096+00:00,derived,csr-alg1,0,0,,,,5,20,4,true
3,A100-SXM4-80GB-suitesparse_all-fp64-n4-row-major-cuSPARSE-SpMM-CSR-solve-only,cuSPARSE-SpMM-CSR-best-solve-only,cuSPARSE CUDA 13.4.1 CSR PER MATRIX BEST,per-matrix-best,cuSPARSE-SpMM-CSR,best,solve-only,"csr-alg1,csr-alg2,csr-alg3,csr-default",manual-selection,csr,CUSPARSE_SPMM_CSR_ALG3,library-preprocess,spmm.csr.fp64,fp64,A100-SXM4-80GB,A100-SXM4-80GB,,9700.0,0edb0287-e1df-52fd-b14b-f9e504b96222,suitesparse_all,Meszaros/model8,model8,2896,6464,25277,4,row-major,N,N,1.0,0.0,20260922,main,pass,pass,0,0,202216.0,55.152742,0.00957439988852,55.1623163999,2.76721149989,21.120488213831887,0.003665835903881052,0.07307572984863583,0.2177369918951741,3.779212272042322e-05,0.0007533580396766581,cuSPARSE 12.8.6,CUDA,13040,13000,2026-10-07T20:14:04.801252+00:00,derived,csr-alg3,0,0,,,,5,20,4,true
3,A100-SXM4-80GB-suitesparse_all-fp64-n4-row-major-cuSPARSE-SpMM-CSR-solve-only,cuSPARSE-SpMM-CSR-best-solve-only,cuSPARSE CUDA 13.4.1 CSR PER MATRIX BEST,per-matrix-best,cuSPARSE-SpMM-CSR,best,solve-only,"csr-alg1,csr-alg2,csr-alg3,csr-default",manual-selection,csr,CUSPARSE_SPMM_CSR_ALG1,library-preprocess,spmm.csr.fp64,fp64,A100-SXM4-80GB,A100-SXM4-80GB,,9700.0,1cb4d392-df77-5092-a407-ab8ee1286933,suitesparse_all,Meszaros/nemsemm1,nemsemm1,3945,75352,1053986,4,row-major,N,N,1.0,0.0,20260922,main,pass,pass,0,0,8431888.0,1.37018,0.0468479990959,1.4170279991,0.115356999096,179.98395156086687,5.950403242106269,73.09385703578323,1.855504655266669,0.06134436332068319,0.7535449178946725,cuSPARSE 12.8.6,CUDA,13040,13000,2026-10-07T20:50:43.104137+00:00,derived,csr-alg1,0,0,,,,5,20,4,true
3,A100-SXM4-80GB-suitesparse_all-fp64-n4-row-major-cuSPARSE-SpMM-CSR-solve-only,cuSPARSE-SpMM-CSR-best-solve-only,cuSPARSE CUDA 13.4.1 CSR PER MATRIX BEST,per-matrix-best,cuSPARSE-SpMM-CSR,best,solve-only,"csr-alg1,csr-alg2,csr-alg3,csr-default",manual-selection,csr,CUSPARSE_SPMM_CSR_ALG1,library-preprocess,spmm.csr.fp64,fp64,A100-SXM4-80GB,A100-SXM4-80GB,,9700.0,df7f742d-c1c4-51c9-b7da-d151d8293f2c,suitesparse_all,Meszaros/nemsemm2,nemsemm2,6943,48878,182012,4,row-major,N,N,1.0,0.0,20260922,main,pass,pass,0,0,1456096.0,0.093351,0.0259072005749,0.119258200575,0.0305747505749,56.204297171757254,12.20960900784579,47.624133398339666,0.5794257440387346,0.1258722578128432,0.4909704474055636,cuSPARSE 12.8.6,CUDA,13040,13000,2026-10-08T17:49:23.923508+00:00,derived,csr-alg1,0,0,,,,5,20,4,true
3,A100-SXM4-80GB-suitesparse_all-fp64-n4-row-major-cuSPARSE-SpMM-CSR-solve-only,cuSPARSE-SpMM-CSR-best-solve-only,cuSPARSE CUDA 13.4.1 CSR PER MATRIX BEST,per-matrix-best,cuSPARSE-SpMM-CSR,best,solve-only,"csr-alg1,csr-alg2,csr-alg3,csr-default",manual-selection,csr,CUSPARSE_SPMM_CSR_ALG1,library-preprocess,spmm.csr.fp64,fp64,A100-SXM4-80GB,A100-SXM4-80GB,,9700.0,0edb0287-e1df-52fd-b14b-f9e504b96222,suitesparse_all,Meszaros/nemspmm2,nemspmm2,2301,8734,68225,4,row-major,N,N,1.0,0.0,20260922,main,pass,pass,0,0,545800.0,0.08167,0.0183295994997,0.0999995994997,0.0224130994997,29.776973578115175,5.458021859393921,24.351830500163782,0.30697910905273373,0.05626826659168991,0.25104979897076063,cuSPARSE 12.8.6,CUDA,13040,13000,2026-10-07T15:41:47.753726+00:00,derived,csr-alg1,0,0,,,,5,20,4,true
3,A100-SXM4-80GB-suitesparse_all-fp64-n4-row-major-cuSPARSE-SpMM-CSR-solve-only,cuSPARSE-SpMM-CSR-best-solve-only,cuSPARSE CUDA 13.4.1 CSR PER MATRIX BEST,per-matrix-best,cuSPARSE-SpMM-CSR,best,solve-only,"csr-alg1,csr-alg2,csr-alg3,csr-default",manual-selection,csr,CUSPARSE_SPMM_CSR_ALG3,library-preprocess,spmm.csr.fp64,fp64,A100-SXM4-80GB,A100-SXM4-80GB,,9700.0,1cb4d392-df77-5092-a407-ab8ee1286933,suitesparse_all,Meszaros/p0040,p0040,23,63,133,4,row-major,N,N,1.0,0.0,20260922,main,pass,pass,0,0,1064.0,52.20096,0.00558080002666,52.2065408,2.61562880003,0.19065366881400034,2.0380588020112607e-05,0.00040678554999386626,0.001965501740350519,2.101091548465217e-07,4.193665463854292e-06,cuSPARSE 12.8.6,CUDA,13040,13000,2026-10-08T01:06:09.450951+00:00,derived,csr-alg3,0,0,,,,5,20,4,true
3,A100-SXM4-80GB-suitesparse_all-fp64-n4-row-major-cuSPARSE-SpMM-CSR-solve-only,cuSPARSE-SpMM-CSR-best-solve-only,cuSPARSE CUDA 13.4.1 CSR PER MATRIX BEST,per-matrix-best,cuSPARSE-SpMM-CSR,best,solve-only,"csr-alg1,csr-alg2,csr-alg3,csr-default",manual-selection,csr,CUSPARSE_SPMM_CSR_ALG3,library-preprocess,spmm.csr.fp64,fp64,A100-SXM4-80GB,A100-SXM4-80GB,,9700.0,df7f742d-c1c4-51c9-b7da-d151d8293f2c,suitesparse_all,Meszaros/p010,p010,10090,19090,118000,4,row-major,N,N,1.0,0.0,20260922,main,pass,pass,0,0,944000.0,58.856094,0.0119808003306,58.8680748003,2.95478550033,78.7927328685165,0.016035856501208177,0.3194817356097663,0.8122962151393452,0.0001653181082598781,0.003293626140306869,cuSPARSE 12.8.6,CUDA,13040,13000,2026-10-08T22:59:41.434047+00:00,derived,csr-alg3,0,0,,,,5,20,4,true
3,A100-SXM4-80GB-suitesparse_all-fp64-n4-row-major-cuSPARSE-SpMM-CSR-solve-only,cuSPARSE-SpMM-CSR-best-solve-only,cuSPARSE CUDA 13.4.1 CSR PER MATRIX BEST,per-matrix-best,cuSPARSE-SpMM-CSR,best,solve-only,"csr-alg1,csr-alg2,csr-alg3,csr-default",manual-selection,csr,CUSPARSE_SPMM_CSR_ALG3,library-preprocess,spmm.csr.fp64,fp64,A100-SXM4-80GB,A100-SXM4-80GB,,9700.0,0edb0287-e1df-52fd-b14b-f9e504b96222,suitesparse_all,Meszaros/p0282,p0282,241,523,2207,4,row-major,N,N,1.0,0.0,20260922,main,pass,pass,0,0,17656.0,56.776812,0.0101888000965,56.7870008001,2.8490294001,1.7328831494166903,0.0003109162264468263,0.006197198245613148,0.01786477473625454,3.20532192213223e-06,6.388864170735205e-05,cuSPARSE 12.8.6,CUDA,13040,13000,2026-10-07T20:14:06.662535+00:00,derived,csr-alg3,0,0,,,,5,20,4,true
3,A100-SXM4-80GB-suitesparse_all-fp64-n4-row-major-cuSPARSE-SpMM-CSR-solve-only,cuSPARSE-SpMM-CSR-best-solve-only,cuSPARSE CUDA 13.4.1 CSR PER MATRIX BEST,per-matrix-best,cuSPARSE-SpMM-CSR,best,solve-only,"csr-alg1,csr-alg2,csr-alg3,csr-default",manual-selection,csr,CUSPARSE_SPMM_CSR_ALG1,library-preprocess,spmm.csr.fp64,fp64,A100-SXM4-80GB,A100-SXM4-80GB,,9700.0,1cb4d392-df77-5092-a407-ab8ee1286933,suitesparse_all,Meszaros/p6000,p6000,2095,7967,19826,4,row-major,N,N,1.0,0.0,20260922,main,pass,pass,0,0,158608.0,2.372381,0.0140799999237,2.38646099992,0.132699049924,11.264772788316916,0.06646159313113305,1.1952459349998263,0.11613167823007131,0.0006851710632075572,0.012322123041235322,cuSPARSE 12.8.6,CUDA,13040,13000,2026-10-07T20:50:44.602410+00:00,derived,csr-alg1,0,0,,,,5,20,4,true
3,A100-SXM4-80GB-suitesparse_all-fp64-n4-row-major-cuSPARSE-SpMM-CSR-solve-only,cuSPARSE-SpMM-CSR-best-solve-only,cuSPARSE CUDA 13.4.1 CSR PER MATRIX BEST,per-matrix-best,cuSPARSE-SpMM-CSR,best,solve-only,"csr-alg1,csr-alg2,csr-alg3,csr-default",manual-selection,csr,CUSPARSE_SPMM_CSR_ALG1,library-preprocess,spmm.csr.fp64,fp64,A100-SXM4-80GB,A100-SXM4-80GB,,9700.0,df7f742d-c1c4-51c9-b7da-d151d8293f2c,suitesparse_all,Meszaros/pcb1000,pcb1000,1565,2820,20463,4,row-major,N,N,1.0,0.0,20260922,main,pass,pass,0,0,163704.0,0.07216,0.0164864003658,0.0886464003658,0.0200944003658,9.929638754836601,1.8467078113095883,8.146747204192206,0.10236740984367629,0.019038224858861735,0.08398708457930108,cuSPARSE 12.8.6,CUDA,13040,13000,2026-10-08T17:49:27.001765+00:00,derived,csr-alg1,0,0,,,,5,20,4,true
3,A100-SXM4-80GB-suitesparse_all-fp64-n4-row-major-cuSPARSE-SpMM-CSR-solve-only,cuSPARSE-SpMM-CSR-best-solve-only,cuSPARSE CUDA 13.4.1 CSR PER MATRIX BEST,per-matrix-best,cuSPARSE-SpMM-CSR,best,solve-only,"csr-alg1,csr-alg2,csr-alg3,csr-default",manual-selection,csr,CUSPARSE_SPMM_CSR_ALG3,library-preprocess,spmm.csr.fp64,fp64,A100-SXM4-80GB,A100-SXM4-80GB,,9700.0,0edb0287-e1df-52fd-b14b-f9e504b96222,suitesparse_all,Meszaros/pf2177,pf2177,9728,10178,30984,4,row-major,N,N,1.0,0.0,20260922,main,pass,pass,0,0,247872.0,55.682153,0.00911360010505,55.6912666001,2.79322125011,27.198033394360802,0.004450823533605086,0.08874055357778712,0.2803920968490804,4.5884778696959646e-05,0.0009148510678122383,cuSPARSE 12.8.6,CUDA,13040,13000,2026-10-07T20:14:08.097350+00:00,derived,csr-alg3,0,0,,,,5,20,4,true
3,A100-SXM4-80GB-suitesparse_all-fp64-n4-row-major-cuSPARSE-SpMM-CSR-solve-only,cuSPARSE-SpMM-CSR-best-solve-only,cuSPARSE CUDA 13.4.1 CSR PER MATRIX BEST,per-matrix-best,cuSPARSE-SpMM-CSR,best,solve-only,"csr-alg1,csr-alg2,csr-alg3,csr-default",manual-selection,csr,CUSPARSE_SPMM_CSR_ALG3,library-preprocess,spmm.csr.fp64,fp64,A100-SXM4-80GB,A100-SXM4-80GB,,9700.0,1cb4d392-df77-5092-a407-ab8ee1286933,suitesparse_all,Meszaros/plddb,plddb,3069,5049,10839,4,row-major,N,N,1.0,0.0,20260922,main,pass,pass,0,0,86712.0,54.486222,0.00511999987066,54.4913419999,2.72943109987,16.9359379278309,0.001591298669064879,0.03176925770506902,0.17459729822506082,1.6405140918194627e-05,0.00032751812067081465,cuSPARSE 12.8.6,CUDA,13040,13000,2026-10-08T01:06:57.586819+00:00,derived,csr-alg3,0,0,,,,5,20,4,true
3,A100-SXM4-80GB-suitesparse_all-fp64-n4-row-major-cuSPARSE-SpMM-CSR-solve-only,cuSPARSE-SpMM-CSR-best-solve-only,cuSPARSE CUDA 13.4.1 CSR PER MATRIX BEST,per-matrix-best,cuSPARSE-SpMM-CSR,best,solve-only,"csr-alg1,csr-alg2,csr-alg3,csr-default",manual-selection,csr,CUSPARSE_SPMM_CSR_ALG3,library-preprocess,spmm.csr.fp64,fp64,A100-SXM4-80GB,A100-SXM4-80GB,,9700.0,0edb0287-e1df-52fd-b14b-f9e504b96222,suitesparse_all,Meszaros/pltexpa,pltexpa,26894,70364,143059,4,row-major,N,N,1.0,0.0,20260922,main,pass,pass,0,0,1144472.0,60.989904,0.0157184004784,61.0056224005,3.06521360048,72.8109709109853,0.01876010693713732,0.3733743057321618,0.7506285660926321,0.00019340316430038474,0.0038492196467233173,cuSPARSE 12.8.6,CUDA,13040,13000,2026-10-07T20:14:21.522219+00:00,derived,csr-alg3,0,0,,,,5,20,4,true
3,A100-SXM4-80GB-suitesparse_all-fp64-n4-row-major-cuSPARSE-SpMM-CSR-solve-only,cuSPARSE-SpMM-CSR-best-solve-only,cuSPARSE CUDA 13.4.1 CSR PER MATRIX BEST,per-matrix-best,cuSPARSE-SpMM-CSR,best,solve-only,"csr-alg1,csr-alg2,csr-alg3,csr-default",manual-selection,csr,CUSPARSE_SPMM_CSR_ALG3,library-preprocess,spmm.csr.fp64,fp64,A100-SXM4-80GB,A100-SXM4-80GB,,9700.0,1cb4d392-df77-5092-a407-ab8ee1286933,suitesparse_all,Meszaros/r05,r05,5190,9690,104145,4,row-major,N,N,1.0,0.0,20260922,main,pass,pass,0,0,833160.0,50.315901,0.011264000088,50.3271650001,2.52705905009,73.96661874031761,0.016554876476716787,0.32969550116778135,0.7625424612403878,0.00017066882965687409,0.003398922692451354,cuSPARSE 12.8.6,CUDA,13040,13000,2026-10-08T01:06:11.026876+00:00,derived,csr-alg3,0,0,,,,5,20,4,true
3,A100-SXM4-80GB-suitesparse_all-fp64-n4-row-major-cuSPARSE-SpMM-CSR-solve-only,cuSPARSE-SpMM-CSR-best-solve-only,cuSPARSE CUDA 13.4.1 CSR PER MATRIX BEST,per-matrix-best,cuSPARSE-SpMM-CSR,best,solve-only,"csr-alg1,csr-alg2,csr-alg3,csr-default",manual-selection,csr,CUSPARSE_SPMM_CSR_ALG3,library-preprocess,spmm.csr.fp64,fp64,A100-SXM4-80GB,A100-SXM4-80GB,,9700.0,df7f742d-c1c4-51c9-b7da-d151d8293f2c,suitesparse_all,Meszaros/rat,rat,3136,9408,268908,4,row-major,N,N,1.0,0.0,20260922,main,pass,pass,0,0,2151264.0,61.799085,0.0132095992565,61.8122945993,3.10316384926,162.85611381749032,0.03480317328365872,0.6932486019109187,1.6789290084277355,0.00035879560086246105,0.007146892803205348,cuSPARSE 12.8.6,CUDA,13040,13000,2026-10-08T22:59:57.644740+00:00,derived,csr-alg3,0,0,,,,5,20,4,true
3,A100-SXM4-80GB-suitesparse_all-fp64-n4-row-major-cuSPARSE-SpMM-CSR-solve-only,cuSPARSE-SpMM-CSR-best-solve-only,cuSPARSE CUDA 13.4.1 CSR PER MATRIX BEST,per-matrix-best,cuSPARSE-SpMM-CSR,best,solve-only,"csr-alg1,csr-alg2,csr-alg3,csr-default",manual-selection,csr,CUSPARSE_SPMM_CSR_ALG3,library-preprocess,spmm.csr.fp64,fp64,A100-SXM4-80GB,A100-SXM4-80GB,,9700.0,df7f742d-c1c4-51c9-b7da-d151d8293f2c,suitesparse_all,Meszaros/refine,refine,29,62,153,4,row-major,N,N,1.0,0.0,20260922,main,pass,pass,0,0,1224.0,60.033304,0.00706560015678,60.0403696002,3.00873080016,0.17323369180825718,2.0386283564715475e-05,0.0004068160567688241,0.0017859143485387339,2.1016787180119048e-07,4.1939799666889075e-06,cuSPARSE 12.8.6,CUDA,13040,13000,2026-10-08T22:59:43.557761+00:00,derived,csr-alg3,0,0,,,,5,20,4,true
3,A100-SXM4-80GB-suitesparse_all-fp64-n4-row-major-cuSPARSE-SpMM-CSR-solve-only,cuSPARSE-SpMM-CSR-best-solve-only,cuSPARSE CUDA 13.4.1 CSR PER MATRIX BEST,per-matrix-best,cuSPARSE-SpMM-CSR,best,solve-only,"csr-alg1,csr-alg2,csr-alg3,csr-default",manual-selection,csr,CUSPARSE_SPMM_CSR_ALG3,library-preprocess,spmm.csr.fp64,fp64,A100-SXM4-80GB,A100-SXM4-80GB,,9700.0,0edb0287-e1df-52fd-b14b-f9e504b96222,suitesparse_all,Meszaros/rlfdual,rlfdual,8052,74970,282031,4,row-major,N,N,1.0,0.0,20260922,main,pass,pass,0,0,2256248.0,63.206205,0.0281599998474,63.2343649998,3.18847024985,80.12244361600445,0.03568072518807038,0.7076271136938299,0.8260045733608705,0.0003678425277120658,0.0072951248834415465,cuSPARSE 12.8.6,CUDA,13040,13000,2026-10-07T20:14:10.172192+00:00,derived,csr-alg3,0,0,,,,5,20,4,true
3,A100-SXM4-80GB-suitesparse_all-fp64-n4-row-major-cuSPARSE-SpMM-CSR-solve-only,cuSPARSE-SpMM-CSR-best-solve-only,cuSPARSE CUDA 13.4.1 CSR PER MATRIX BEST,per-matrix-best,cuSPARSE-SpMM-CSR,best,solve-only,"csr-alg1,csr-alg2,csr-alg3,csr-default",manual-selection,csr,CUSPARSE_SPMM_CSR_ALG3,library-preprocess,spmm.csr.fp64,fp64,A100-SXM4-80GB,A100-SXM4-80GB,,9700.0,df7f742d-c1c4-51c9-b7da-d151d8293f2c,suitesparse_all,Meszaros/rosen10,rosen10,2056,6152,64192,4,row-major,N,N,1.0,0.0,20260922,main,pass,pass,0,0,513536.0,58.939493,0.0171519994736,58.9566449995,2.96412664947,29.94029942633941,0.008710400668225867,0.17325035692784002,0.30866288068391146,8.979794503325636e-05,0.001786086153895258,cuSPARSE 12.8.6,CUDA,13040,13000,2026-10-08T22:59:45.469315+00:00,derived,csr-alg3,0,0,,,,5,20,4,true
3,A100-SXM4-80GB-suitesparse_all-fp64-n4-row-major-cuSPARSE-SpMM-CSR-solve-only,cuSPARSE-SpMM-CSR-best-solve-only,cuSPARSE CUDA 13.4.1 CSR PER MATRIX BEST,per-matrix-best,cuSPARSE-SpMM-CSR,best,solve-only,"csr-alg1,csr-alg2,csr-alg3,csr-default",manual-selection,csr,CUSPARSE_SPMM_CSR_ALG3,library-preprocess,spmm.csr.fp64,fp64,A100-SXM4-80GB,A100-SXM4-80GB,,9700.0,1cb4d392-df77-5092-a407-ab8ee1286933,suitesparse_all,Meszaros/rosen8,rosen8,520,1544,16058,4,row-major,N,N,1.0,0.0,20260922,main,pass,pass,0,0,128464.0,50.64456,0.00844800025225,50.6530080003,2.54067600025,15.206438939888232,0.002536157378832056,0.050562921044383174,0.15676741175142508,2.6145952359093355e-05,0.0005212672272616822,cuSPARSE 12.8.6,CUDA,13040,13000,2026-10-08T01:06:11.703982+00:00,derived,csr-alg3,0,0,,,,5,20,4,true
3,A100-SXM4-80GB-suitesparse_all-fp64-n4-row-major-cuSPARSE-SpMM-CSR-solve-only,cuSPARSE-SpMM-CSR-best-solve-only,cuSPARSE CUDA 13.4.1 CSR PER MATRIX BEST,per-matrix-best,cuSPARSE-SpMM-CSR,best,solve-only,"csr-alg1,csr-alg2,csr-alg3,csr-default",manual-selection,csr,CUSPARSE_SPMM_CSR_ALG3,library-preprocess,spmm.csr.fp64,fp64,A100-SXM4-80GB,A100-SXM4-80GB,,9700.0,1cb4d392-df77-5092-a407-ab8ee1286933,suitesparse_all,Meszaros/scfxm1-2b,scfxm1-2b,19036,33047,111052,4,row-major,N,N,1.0,0.0,20260922,main,pass,pass,0,0,888416.0,51.009311,0.0129536002874,51.0222646003,2.56341915029,68.58448464433201,0.017412320032434946,0.34657461301227044,0.7070565427250722,0.0001795084539426283,0.0035729341547656745,cuSPARSE 12.8.6,CUDA,13040,13000,2026-10-08T01:06:58.717692+00:00,derived,csr-alg3,0,0,,,,5,20,4,true
3,A100-SXM4-80GB-suitesparse_all-fp64-n4-row-major-cuSPARSE-SpMM-CSR-solve-only,cuSPARSE-SpMM-CSR-best-solve-only,cuSPARSE CUDA 13.4.1 CSR PER MATRIX BEST,per-matrix-best,cuSPARSE-SpMM-CSR,best,solve-only,"csr-alg1,csr-alg2,csr-alg3,csr-default",manual-selection,csr,CUSPARSE_SPMM_CSR_ALG3,library-preprocess,spmm.csr.fp64,fp64,A100-SXM4-80GB,A100-SXM4-80GB,,9700.0,df7f742d-c1c4-51c9-b7da-d151d8293f2c,suitesparse_all,Meszaros/scfxm1-2r,scfxm1-2r,37980,65943,221388,4,row-major,N,N,1.0,0.0,20260922,main,pass,pass,0,0,1771104.0,58.366723,0.0211968004704,58.3879198005,2.93953295047,83.55525176892785,0.030333397833858664,0.6025120418251544,0.8613943481332768,0.0003127154415861718,0.006211464348712932,cuSPARSE 12.8.6,CUDA,13040,13000,2026-10-08T23:00:00.103924+00:00,derived,csr-alg3,0,0,,,,5,20,4,true
3,A100-SXM4-80GB-suitesparse_all-fp64-n4-row-major-cuSPARSE-SpMM-CSR-solve-only,cuSPARSE-SpMM-CSR-best-solve-only,cuSPARSE CUDA 13.4.1 CSR PER MATRIX BEST,per-matrix-best,cuSPARSE-SpMM-CSR,best,solve-only,"csr-alg1,csr-alg2,csr-alg3,csr-default",manual-selection,csr,CUSPARSE_SPMM_CSR_ALG3,library-preprocess,spmm.csr.fp64,fp64,A100-SXM4-80GB,A100-SXM4-80GB,,9700.0,0edb0287-e1df-52fd-b14b-f9e504b96222,suitesparse_all,Meszaros/scrs8-2c,scrs8-2c,1820,3499,7367,4,row-major,N,N,1.0,0.0,20260922,main,pass,pass,0,0,58936.0,56.603733,0.00614399984479,56.6098769998,2.83633064984,9.592448158991518,0.0010410904090148122,0.020778959605194353,0.09889121813393317,1.0732890814585693e-05,0.0002142160784040655,cuSPARSE 12.8.6,CUDA,13040,13000,2026-10-07T20:14:22.213468+00:00,derived,csr-alg3,0,0,,,,5,20,4,true
3,A100-SXM4-80GB-suitesparse_all-fp64-n4-row-major-cuSPARSE-SpMM-CSR-solve-only,cuSPARSE-SpMM-CSR-best-solve-only,cuSPARSE CUDA 13.4.1 CSR PER MATRIX BEST,per-matrix-best,cuSPARSE-SpMM-CSR,best,solve-only,"csr-alg1,csr-alg2,csr-alg3,csr-default",manual-selection,csr,CUSPARSE_SPMM_CSR_ALG3,library-preprocess,spmm.csr.fp64,fp64,A100-SXM4-80GB,A100-SXM4-80GB,,9700.0,1cb4d392-df77-5092-a407-ab8ee1286933,suitesparse_all,Meszaros/sctap1-2b,sctap1-2b,15390,33858,99454,4,row-major,N,N,1.0,0.0,20260922,main,pass,pass,0,0,795632.0,51.22587,0.0121855996549,51.2380555997,2.57347909965,65.29280647096142,0.015528145841753185,0.3091659070043382,0.6731217161954786,0.00016008397775003284,0.003187277391797301,cuSPARSE 12.8.6,CUDA,13040,13000,2026-10-08T01:06:59.770573+00:00,derived,csr-alg3,0,0,,,,5,20,4,true
3,A100-SXM4-80GB-suitesparse_all-fp64-n4-row-major-cuSPARSE-SpMM-CSR-solve-only,cuSPARSE-SpMM-CSR-best-solve-only,cuSPARSE CUDA 13.4.1 CSR PER MATRIX BEST,per-matrix-best,cuSPARSE-SpMM-CSR,best,solve-only,"csr-alg1,csr-alg2,csr-alg3,csr-default",manual-selection,csr,CUSPARSE_SPMM_CSR_ALG3,library-preprocess,spmm.csr.fp64,fp64,A100-SXM4-80GB,A100-SXM4-80GB,,9700.0,df7f742d-c1c4-51c9-b7da-d151d8293f2c,suitesparse_all,Meszaros/sctap1-2c,sctap1-2c,3390,7458,21854,4,row-major,N,N,1.0,0.0,20260922,main,pass,pass,0,0,174832.0,60.040164,0.00711679980159,60.0472807998,3.0091249998,24.566097807182928,0.0029115723088760136,0.0581006106464903,0.25325874028023637,3.0016209369855812e-05,0.0005989753674895908,cuSPARSE 12.8.6,CUDA,13040,13000,2026-10-08T23:00:01.628638+00:00,derived,csr-alg3,0,0,,,,5,20,4,true
3,A100-SXM4-80GB-suitesparse_all-fp64-n4-row-major-cuSPARSE-SpMM-CSR-solve-only,cuSPARSE-SpMM-CSR-best-solve-only,cuSPARSE CUDA 13.4.1 CSR PER MATRIX BEST,per-matrix-best,cuSPARSE-SpMM-CSR,best,solve-only,"csr-alg1,csr-alg2,csr-alg3,csr-default",manual-selection,csr,CUSPARSE_SPMM_CSR_ALG3,library-preprocess,spmm.csr.fp64,fp64,A100-SXM4-80GB,A100-SXM4-80GB,,9700.0,0edb0287-e1df-52fd-b14b-f9e504b96222,suitesparse_all,Meszaros/seymourl,seymourl,4944,6316,38493,4,row-major,N,N,1.0,0.0,20260922,main,pass,pass,0,0,307944.0,57.779763,0.00793600007892,57.7876990001,2.89692415008,38.80342703347197,0.0053288849587083765,0.10630033236855581,0.40003533024197907,5.4936958337199755e-05,0.0010958797151397507,cuSPARSE 12.8.6,CUDA,13040,13000,2026-10-07T20:14:10.942294+00:00,derived,csr-alg3,0,0,,,,5,20,4,true
3,A100-SXM4-80GB-suitesparse_all-fp64-n4-row-major-cuSPARSE-SpMM-CSR-solve-only,cuSPARSE-SpMM-CSR-best-solve-only,cuSPARSE CUDA 13.4.1 CSR PER MATRIX BEST,per-matrix-best,cuSPARSE-SpMM-CSR,best,solve-only,"csr-alg1,csr-alg2,csr-alg3,csr-default",manual-selection,csr,CUSPARSE_SPMM_CSR_ALG3,library-preprocess,spmm.csr.fp64,fp64,A100-SXM4-80GB,A100-SXM4-80GB,,9700.0,1cb4d392-df77-5092-a407-ab8ee1286933,suitesparse_all,Meszaros/stat96v3,stat96v3,33841,1113780,3317736,4,row-major,N,N,1.0,0.0,20260922,main,pass,pass,0,0,26541888.0,52.556181,0.147097599506,52.7032785995,2.77490664951,180.43726130906288,0.5036098076875962,9.56496608802564,1.8601779516398236,0.0051918536875009925,0.09860789781469732,cuSPARSE 12.8.6,CUDA,13040,13000,2026-10-08T01:06:22.006845+00:00,derived,csr-alg3,0,0,,,,5,20,4,true
3,A100-SXM4-80GB-suitesparse_all-fp64-n4-row-major-cuSPARSE-SpMM-CSR-solve-only,cuSPARSE-SpMM-CSR-best-solve-only,cuSPARSE CUDA 13.4.1 CSR PER MATRIX BEST,per-matrix-best,cuSPARSE-SpMM-CSR,best,solve-only,"csr-alg1,csr-alg2,csr-alg3,csr-default",manual-selection,csr,CUSPARSE_SPMM_CSR_ALG1,library-preprocess,spmm.csr.fp64,fp64,A100-SXM4-80GB,A100-SXM4-80GB,,9700.0,df7f742d-c1c4-51c9-b7da-d151d8293f2c,suitesparse_all,Meszaros/stat96v4,stat96v4,3173,63076,491336,4,row-major,N,N,1.0,0.0,20260922,main,pass,pass,0,0,3930688.0,0.11233,0.0515071988106,0.163837198811,0.0571236988106,76.31337154353419,23.991425808826108,68.8101100216328,0.7867357891085999,0.24733428668892893,0.7093825775426061,cuSPARSE 12.8.6,CUDA,13040,13000,2026-10-08T17:49:31.934569+00:00,derived,csr-alg1,0,0,,,,5,20,4,true
3,A100-SXM4-80GB-suitesparse_all-fp64-n4-row-major-cuSPARSE-SpMM-CSR-solve-only,cuSPARSE-SpMM-CSR-best-solve-only,cuSPARSE CUDA 13.4.1 CSR PER MATRIX BEST,per-matrix-best,cuSPARSE-SpMM-CSR,best,solve-only,"csr-alg1,csr-alg2,csr-alg3,csr-default",manual-selection,csr,CUSPARSE_SPMM_CSR_ALG3,library-preprocess,spmm.csr.fp64,fp64,A100-SXM4-80GB,A100-SXM4-80GB,,9700.0,0edb0287-e1df-52fd-b14b-f9e504b96222,suitesparse_all,Meszaros/stormg2-125,stormg2-125,66185,172431,433256,4,row-major,N,N,1.0,0.0,20260922,main,pass,pass,0,0,3466048.0,54.480362,0.0329728007317,54.5133348007,2.75699090073,105.11839828843374,0.06358165415254494,1.2571851430783667,1.0836948277158116,0.0006554809706447932,0.012960671578127492,cuSPARSE 12.8.6,CUDA,13040,13000,2026-10-07T20:14:19.045164+00:00,derived,csr-alg3,0,0,,,,5,20,4,true
3,A100-SXM4-80GB-suitesparse_all-fp64-n4-row-major-cuSPARSE-SpMM-CSR-solve-only,cuSPARSE-SpMM-CSR-best-solve-only,cuSPARSE CUDA 13.4.1 CSR PER MATRIX BEST,per-matrix-best,cuSPARSE-SpMM-CSR,best,solve-only,"csr-alg1,csr-alg2,csr-alg3,csr-default",manual-selection,csr,CUSPARSE_SPMM_CSR_ALG3,library-preprocess,spmm.csr.fp64,fp64,A100-SXM4-80GB,A100-SXM4-80GB,,9700.0,0edb0287-e1df-52fd-b14b-f9e504b96222,suitesparse_all,Meszaros/t0331-4l,t0331-4l,664,46915,430982,4,row-major,N,N,1.0,0.0,20260922,main,pass,pass,0,0,3447856.0,57.239172,0.0225792005658,57.2617512006,2.88453780057,152.70053472231245,0.06021219972685488,1.1952888949205953,1.5742323167248706,0.0006207443270809782,0.012322565927016447,cuSPARSE 12.8.6,CUDA,13040,13000,2026-10-07T20:14:12.842955+00:00,derived,csr-alg3,0,0,,,,5,20,4,true
3,A100-SXM4-80GB-suitesparse_all-fp64-n4-row-major-cuSPARSE-SpMM-CSR-solve-only,cuSPARSE-SpMM-CSR-best-solve-only,cuSPARSE CUDA 13.4.1 CSR PER MATRIX BEST,per-matrix-best,cuSPARSE-SpMM-CSR,best,solve-only,"csr-alg1,csr-alg2,csr-alg3,csr-default",manual-selection,csr,CUSPARSE_SPMM_CSR_ALG1,library-preprocess,spmm.csr.fp64,fp64,A100-SXM4-80GB,A100-SXM4-80GB,,9700.0,1cb4d392-df77-5092-a407-ab8ee1286933,suitesparse_all,Meszaros/tp-6,tp-6,142752,1014301,11537419,4,row-major,N,N,1.0,0.0,20260922,main,pass,pass,0,0,92299352.0,0.4303,2.12956638336,2.55986638336,2.15108138336,43.34185246405486,36.05631629837287,42.90834959290472,0.4468232212789161,0.3717146010141533,0.44235411951448167,cuSPARSE 12.8.6,CUDA,13040,13000,2026-10-07T20:51:39.412127+00:00,derived,csr-alg1,0,0,,,,5,20,4,true
3,A100-SXM4-80GB-suitesparse_all-fp64-n4-row-major-cuSPARSE-SpMM-CSR-solve-only,cuSPARSE-SpMM-CSR-best-solve-only,cuSPARSE CUDA 13.4.1 CSR PER MATRIX BEST,per-matrix-best,cuSPARSE-SpMM-CSR,best,solve-only,"csr-alg1,csr-alg2,csr-alg3,csr-default",manual-selection,csr,CUSPARSE_SPMM_CSR_ALG1,library-preprocess,spmm.csr.fp64,fp64,A100-SXM4-80GB,A100-SXM4-80GB,,9700.0,df7f742d-c1c4-51c9-b7da-d151d8293f2c,suitesparse_all,Meszaros/ts-palko,ts-palko,22002,47235,1076903,4,row-major,N,N,1.0,0.0,20260922,main,pass,pass,0,0,8615224.0,0.14249,0.0893440008163,0.231834000816,0.0964685008163,96.42756000723253,37.161175537999085,89.30608361381637,0.994098556775593,0.38310490245359885,0.920681274369241,cuSPARSE 12.8.6,CUDA,13040,13000,2026-10-08T17:49:40.614458+00:00,derived,csr-alg1,0,0,,,,5,20,4,true
3,A100-SXM4-80GB-suitesparse_all-fp64-n4-row-major-cuSPARSE-SpMM-CSR-solve-only,cuSPARSE-SpMM-CSR-best-solve-only,cuSPARSE CUDA 13.4.1 CSR PER MATRIX BEST,per-matrix-best,cuSPARSE-SpMM-CSR,best,solve-only,"csr-alg1,csr-alg2,csr-alg3,csr-default",manual-selection,csr,CUSPARSE_SPMM_CSR_ALG3,library-preprocess,spmm.csr.fp64,fp64,A100-SXM4-80GB,A100-SXM4-80GB,,9700.0,1cb4d392-df77-5092-a407-ab8ee1286933,suitesparse_all,Meszaros/zed,zed,116,142,666,4,row-major,N,N,1.0,0.0,20260922,main,pass,pass,0,0,5328.0,50.74212,0.00522239990532,50.7473423999,2.54232839991,1.020220606731481,0.00010499071967186402,0.002095716666732989,0.010517738213726608,1.0823785533181858e-06,2.1605326461164837e-05,cuSPARSE 12.8.6,CUDA,13040,13000,2026-10-08T01:06:22.579590+00:00,derived,csr-alg3,0,0,,,,5,20,4,true
3,A100-SXM4-80GB-suitesparse_all-fp64-n4-row-major-cuSPARSE-SpMM-CSR-solve-only,cuSPARSE-SpMM-CSR-best-solve-only,cuSPARSE CUDA 13.4.1 CSR PER MATRIX BEST,per-matrix-best,cuSPARSE-SpMM-CSR,best,solve-only,"csr-alg1,csr-alg2,csr-alg3,csr-default",manual-selection,csr,CUSPARSE_SPMM_CSR_ALG1,library-preprocess,spmm.csr.fp64,fp64,A100-SXM4-80GB,A100-SXM4-80GB,,9700.0,df7f742d-c1c4-51c9-b7da-d151d8293f2c,suitesparse_all,Mittelmann/cont11_l,cont11_l,1468599,1961394,5382999,4,row-major,N,N,1.0,0.0,20260922,main,pass,pass,0,0,43063992.0,0.46322,0.437555217743,0.900775217743,0.460716217743,98.41955998635542,47.8077006913023,93.47183871877995,1.014634639034592,0.492862893724766,0.9636272032863913,cuSPARSE 12.8.6,CUDA,13040,13000,2026-10-08T17:49:09.692255+00:00,derived,csr-alg1,0,0,,,,5,20,4,true
3,A100-SXM4-80GB-suitesparse_all-fp64-n4-row-major-cuSPARSE-SpMM-CSR-solve-only,cuSPARSE-SpMM-CSR-best-solve-only,cuSPARSE CUDA 13.4.1 CSR PER MATRIX BEST,per-matrix-best,cuSPARSE-SpMM-CSR,best,solve-only,"csr-alg1,csr-alg2,csr-alg3,csr-default",manual-selection,csr,CUSPARSE_SPMM_CSR_ALG1,library-preprocess,spmm.csr.fp64,fp64,A100-SXM4-80GB,A100-SXM4-80GB,,9700.0,0edb0287-e1df-52fd-b14b-f9e504b96222,suitesparse_all,Mittelmann/fome11,fome11,12142,24460,71264,4,row-major,N,N,1.0,0.0,20260922,main,pass,pass,0,0,570112.0,0.06134,0.0178688004613,0.0792088004613,0.0209358004613,31.90544330240526,7.1975840648987806,27.231440281151745,0.3289220959010851,0.07420189757627609,0.2807364977438324,cuSPARSE 12.8.6,CUDA,13040,13000,2026-10-07T15:41:25.615135+00:00,derived,csr-alg1,0,0,,,,5,20,4,true
3,A100-SXM4-80GB-suitesparse_all-fp64-n4-row-major-cuSPARSE-SpMM-CSR-solve-only,cuSPARSE-SpMM-CSR-best-solve-only,cuSPARSE CUDA 13.4.1 CSR PER MATRIX BEST,per-matrix-best,cuSPARSE-SpMM-CSR,best,solve-only,"csr-alg1,csr-alg2,csr-alg3,csr-default",manual-selection,csr,CUSPARSE_SPMM_CSR_ALG1,library-preprocess,spmm.csr.fp64,fp64,A100-SXM4-80GB,A100-SXM4-80GB,,9700.0,1cb4d392-df77-5092-a407-ab8ee1286933,suitesparse_all,Mittelmann/neos,neos,479119,515905,1526794,4,row-major,N,N,1.0,0.0,20260922,main,pass,pass,0,0,12214352.0,0.29019,0.260659193993,0.550849193993,0.275168693993,46.859471223286356,22.173676812451166,44.38859603814787,0.48308733219882843,0.22859460631392955,0.45761439214585425,cuSPARSE 12.8.6,CUDA,13040,13000,2026-10-07T20:50:32.990069+00:00,derived,csr-alg1,0,0,,,,5,20,4,true
3,A100-SXM4-80GB-suitesparse_all-fp64-n4-row-major-cuSPARSE-SpMM-CSR-solve-only,cuSPARSE-SpMM-CSR-best-solve-only,cuSPARSE CUDA 13.4.1 CSR PER MATRIX BEST,per-matrix-best,cuSPARSE-SpMM-CSR,best,solve-only,"csr-alg1,csr-alg2,csr-alg3,csr-default",manual-selection,csr,CUSPARSE_SPMM_CSR_ALG3,library-preprocess,spmm.csr.fp64,fp64,A100-SXM4-80GB,A100-SXM4-80GB,,9700.0,df7f742d-c1c4-51c9-b7da-d151d8293f2c,suitesparse_all,Mittelmann/neos1,neos1,131581,133473,599590,4,row-major,N,N,1.0,0.0,20260922,main,pass,pass,0,0,4796720.0,54.544752,0.0574976027012,54.6022496027,2.7847352027,83.42469554647867,0.0878483951650741,1.7225048885614822,0.8600484076956565,0.0009056535584028258,0.01775778235630394,cuSPARSE 12.8.6,CUDA,13040,13000,2026-10-08T22:59:32.007213+00:00,derived,csr-alg3,0,0,,,,5,20,4,true
3,A100-SXM4-80GB-suitesparse_all-fp64-n4-row-major-cuSPARSE-SpMM-CSR-solve-only,cuSPARSE-SpMM-CSR-best-solve-only,cuSPARSE CUDA 13.4.1 CSR PER MATRIX BEST,per-matrix-best,cuSPARSE-SpMM-CSR,best,solve-only,"csr-alg1,csr-alg2,csr-alg3,csr-default",manual-selection,csr,CUSPARSE_SPMM_CSR_ALG1,library-preprocess,spmm.csr.fp64,fp64,A100-SXM4-80GB,A100-SXM4-80GB,,9700.0,0edb0287-e1df-52fd-b14b-f9e504b96222,suitesparse_all,Mittelmann/neos3,neos3,512209,518832,2055024,4,row-major,N,N,1.0,0.0,20260922,main,pass,pass,0,0,16440192.0,0.11939,0.184575998783,0.303965998783,0.190545498783,89.070042196159,54.08562821441283,86.279613556879,0.9182478576923607,0.5575837960248745,0.8894805521327731,cuSPARSE 12.8.6,CUDA,13040,13000,2026-10-07T15:41:37.933830+00:00,derived,csr-alg1,0,0,,,,5,20,4,true
3,A100-SXM4-80GB-suitesparse_all-fp64-n4-row-major-cuSPARSE-SpMM-CSR-solve-only,cuSPARSE-SpMM-CSR-best-solve-only,cuSPARSE CUDA 13.4.1 CSR PER MATRIX BEST,per-matrix-best,cuSPARSE-SpMM-CSR,best,solve-only,"csr-alg1,csr-alg2,csr-alg3,csr-default",manual-selection,csr,CUSPARSE_SPMM_CSR_ALG3,library-preprocess,spmm.csr.fp64,fp64,A100-SXM4-80GB,A100-SXM4-80GB,,9700.0,1cb4d392-df77-5092-a407-ab8ee1286933,suitesparse_all,Mittelmann/pds-30,pds-30,49944,158489,340635,4,row-major,N,N,1.0,0.0,20260922,main,pass,pass,0,0,2725080.0,52.439271,0.0267776012421,52.4660486012,2.64874115124,101.767143941019,0.051939874883920115,1.0288208036954696,1.049145813824938,0.0005354626276692795,0.010606400038097624,cuSPARSE 12.8.6,CUDA,13040,13000,2026-10-08T01:05:39.301565+00:00,derived,csr-alg3,0,0,,,,5,20,4,true
3,A100-SXM4-80GB-suitesparse_all-fp64-n4-row-major-cuSPARSE-SpMM-CSR-solve-only,cuSPARSE-SpMM-CSR-best-solve-only,cuSPARSE CUDA 13.4.1 CSR PER MATRIX BEST,per-matrix-best,cuSPARSE-SpMM-CSR,best,solve-only,"csr-alg1,csr-alg2,csr-alg3,csr-default",manual-selection,csr,CUSPARSE_SPMM_CSR_ALG3,library-preprocess,spmm.csr.fp64,fp64,A100-SXM4-80GB,A100-SXM4-80GB,,9700.0,df7f742d-c1c4-51c9-b7da-d151d8293f2c,suitesparse_all,Mittelmann/pds-40,pds-40,66844,217531,466800,4,row-major,N,N,1.0,0.0,20260922,main,pass,pass,0,0,3734400.0,62.508525,0.0279184013605,62.5364434014,3.15334465136,133.76124054450943,0.059715580178267676,1.1842663625079477,1.3789818612836025,0.0006156245379202853,0.012208931572246885,cuSPARSE 12.8.6,CUDA,13040,13000,2026-10-08T22:58:46.747468+00:00,derived,csr-alg3,0,0,,,,5,20,4,true
3,A100-SXM4-80GB-suitesparse_all-fp64-n4-row-major-cuSPARSE-SpMM-CSR-solve-only,cuSPARSE-SpMM-CSR-best-solve-only,cuSPARSE CUDA 13.4.1 CSR PER MATRIX BEST,per-matrix-best,cuSPARSE-SpMM-CSR,best,solve-only,"csr-alg1,csr-alg2,csr-alg3,csr-default",manual-selection,csr,CUSPARSE_SPMM_CSR_ALG3,library-preprocess,spmm.csr.fp64,fp64,A100-SXM4-80GB,A100-SXM4-80GB,,9700.0,0edb0287-e1df-52fd-b14b-f9e504b96222,suitesparse_all,Mittelmann/pds-60,pds-60,99431,336421,719557,4,row-major,N,N,1.0,0.0,20260922,main,pass,pass,0,0,5756456.0,56.143932,0.0641535997391,56.2080855997,2.87135019974,89.72927510553372,0.10241330830934267,2.004790638397659,0.9250440732529249,0.001055807302158172,0.020667944725749062,cuSPARSE 12.8.6,CUDA,13040,13000,2026-10-07T20:13:17.667596+00:00,derived,csr-alg3,0,0,,,,5,20,4,true
3,A100-SXM4-80GB-suitesparse_all-fp64-n4-row-major-cuSPARSE-SpMM-CSR-solve-only,cuSPARSE-SpMM-CSR-best-solve-only,cuSPARSE CUDA 13.4.1 CSR PER MATRIX BEST,per-matrix-best,cuSPARSE-SpMM-CSR,best,solve-only,"csr-alg1,csr-alg2,csr-alg3,csr-default",manual-selection,csr,CUSPARSE_SPMM_CSR_ALG1,library-preprocess,spmm.csr.fp64,fp64,A100-SXM4-80GB,A100-SXM4-80GB,,9700.0,0edb0287-e1df-52fd-b14b-f9e504b96222,suitesparse_all,Mittelmann/rail2586,rail2586,2586,923269,8011362,4,row-major,N,N,1.0,0.0,20260922,main,pass,pass,0,0,64090896.0,0.120901,0.684236812592,0.805137812592,0.690281862592,93.66771097452839,79.60239228321745,92.84742867115105,0.9656465048920452,0.8206432194146129,0.9571899863005263,cuSPARSE 12.8.6,CUDA,13040,13000,2026-10-07T15:41:24.531024+00:00,derived,csr-alg1,0,0,,,,5,20,4,true
3,A100-SXM4-80GB-suitesparse_all-fp64-n4-row-major-cuSPARSE-SpMM-CSR-solve-only,cuSPARSE-SpMM-CSR-best-solve-only,cuSPARSE CUDA 13.4.1 CSR PER MATRIX BEST,per-matrix-best,cuSPARSE-SpMM-CSR,best,solve-only,"csr-alg1,csr-alg2,csr-alg3,csr-default",manual-selection,csr,CUSPARSE_SPMM_CSR_ALG1,library-preprocess,spmm.csr.fp64,fp64,A100-SXM4-80GB,A100-SXM4-80GB,,9700.0,1cb4d392-df77-5092-a407-ab8ee1286933,suitesparse_all,Mittelmann/rail507,rail507,507,63516,409856,4,row-major,N,N,1.0,0.0,20260922,main,pass,pass,0,0,3278848.0,2.416981,0.0265215992928,2.44350259929,0.147370649293,123.62934692592734,1.3418639296527548,22.248989305062,1.2745293497518282,0.013833648759306752,0.22937102376352578,cuSPARSE 12.8.6,CUDA,13040,13000,2026-10-07T20:50:09.857555+00:00,derived,csr-alg1,0,0,,,,5,20,4,true
3,A100-SXM4-80GB-suitesparse_all-fp64-n4-row-major-cuSPARSE-SpMM-CSR-solve-only,cuSPARSE-SpMM-CSR-best-solve-only,cuSPARSE CUDA 13.4.1 CSR PER MATRIX BEST,per-matrix-best,cuSPARSE-SpMM-CSR,best,solve-only,"csr-alg1,csr-alg2,csr-alg3,csr-default",manual-selection,csr,CUSPARSE_SPMM_CSR_ALG1,library-preprocess,spmm.csr.fp64,fp64,A100-SXM4-80GB,A100-SXM4-80GB,,9700.0,df7f742d-c1c4-51c9-b7da-d151d8293f2c,suitesparse_all,Mittelmann/rail516,rail516,516,47827,315412,4,row-major,N,N,1.0,0.0,20260922,main,pass,pass,0,0,2523296.0,0.07348,0.0291328012943,0.102612801294,0.0328068012943,86.61357260188012,24.59046013928033,76.91380751705314,0.8929234288853621,0.25350989834309623,0.7929258506912695,cuSPARSE 12.8.6,CUDA,13040,13000,2026-10-08T17:48:31.686605+00:00,derived,csr-alg1,0,0,,,,5,20,4,true
3,A100-SXM4-80GB-suitesparse_all-fp64-n4-row-major-cuSPARSE-SpMM-CSR-solve-only,cuSPARSE-SpMM-CSR-best-solve-only,cuSPARSE CUDA 13.4.1 CSR PER MATRIX BEST,per-matrix-best,cuSPARSE-SpMM-CSR,best,solve-only,"csr-alg1,csr-alg2,csr-alg3,csr-default",manual-selection,csr,CUSPARSE_SPMM_CSR_ALG1,library-preprocess,spmm.csr.fp64,fp64,A100-SXM4-80GB,A100-SXM4-80GB,,9700.0,1cb4d392-df77-5092-a407-ab8ee1286933,suitesparse_all,Mittelmann/watson_2,watson_2,352013,677224,1846391,4,row-major,N,N,1.0,0.0,20260922,main,pass,pass,0,0,14771128.0,0.12732,0.151091194153,0.278411194153,0.157457194153,97.76299726006705,53.055079358204885,93.81043577879969,1.007865951134712,0.5469595810124215,0.9671178946268009,cuSPARSE 12.8.6,CUDA,13040,13000,2026-10-07T20:50:20.921605+00:00,derived,csr-alg1,0,0,,,,5,20,4,true
3,A100-SXM4-80GB-suitesparse_all-fp64-n4-row-major-cuSPARSE-SpMM-CSR-solve-only,cuSPARSE-SpMM-CSR-best-solve-only,cuSPARSE CUDA 13.4.1 CSR PER MATRIX BEST,per-matrix-best,cuSPARSE-SpMM-CSR,best,solve-only,"csr-alg1,csr-alg2,csr-alg3,csr-default",manual-selection,csr,CUSPARSE_SPMM_CSR_ALG3,library-preprocess,spmm.csr.fp64,fp64,A100-SXM4-80GB,A100-SXM4-80GB,,9700.0,0edb0287-e1df-52fd-b14b-f9e504b96222,suitesparse_all,ML_Graph/Binaryalphadigs_10NN,Binaryalphadigs_10NN,1404,1404,19392,4,row-major,N,N,1.0,0.0,20260922,main,pass,pass,0,0,155136.0,65.652986,0.00732159987092,65.6603075999,3.28997089987,21.188811562370493,0.00236270595845086,0.04715421647228856,0.21844135631309786,2.4357793386091343e-05,0.0004861259430132841,cuSPARSE 12.8.6,CUDA,13040,13000,2026-10-07T22:08:51.790552+00:00,derived,csr-alg3,0,0,,,,5,20,4,true
3,A100-SXM4-80GB-suitesparse_all-fp64-n4-row-major-cuSPARSE-SpMM-CSR-solve-only,cuSPARSE-SpMM-CSR-best-solve-only,cuSPARSE CUDA 13.4.1 CSR PER MATRIX BEST,per-matrix-best,cuSPARSE-SpMM-CSR,best,solve-only,"csr-alg1,csr-alg2,csr-alg3,csr-default",manual-selection,csr,CUSPARSE_SPMM_CSR_ALG3,library-preprocess,spmm.csr.fp64,fp64,A100-SXM4-80GB,A100-SXM4-80GB,,9700.0,1cb4d392-df77-5092-a407-ab8ee1286933,suitesparse_all,ML_Graph/dataset16mfeatkarhunen_10NN,dataset16mfeatkarhunen_10NN,2000,2000,27668,4,row-major,N,N,1.0,0.0,20260922,main,pass,pass,0,0,221344.0,50.41475,0.00844800025225,50.4231980003,2.52918550025,26.200756793425555,0.00438972553860394,0.0875159216190829,0.27011089477758304,4.525490245983443e-05,0.0009022259960730196,cuSPARSE 12.8.6,CUDA,13040,13000,2026-10-08T03:02:54.239251+00:00,derived,csr-alg3,0,0,,,,5,20,4,true
3,A100-SXM4-80GB-suitesparse_all-fp64-n4-row-major-cuSPARSE-SpMM-CSR-solve-only,cuSPARSE-SpMM-CSR-best-solve-only,cuSPARSE CUDA 13.4.1 CSR PER MATRIX BEST,per-matrix-best,cuSPARSE-SpMM-CSR,best,solve-only,"csr-alg1,csr-alg2,csr-alg3,csr-default",manual-selection,csr,CUSPARSE_SPMM_CSR_ALG3,library-preprocess,spmm.csr.fp64,fp64,A100-SXM4-80GB,A100-SXM4-80GB,,9700.0,df7f742d-c1c4-51c9-b7da-d151d8293f2c,suitesparse_all,ML_Graph/dataset18mfeatmorphological_10NN,dataset18mfeatmorphological_10NN,2000,2000,22832,4,row-major,N,N,1.0,0.0,20260922,main,pass,pass,0,0,182656.0,63.306555,0.00675840005279,63.3133134001,3.17208615005,27.026514940410493,0.0028849540513814194,0.05758229485574371,0.2786238653650566,2.9741794344138344e-05,0.0005936319057293166,cuSPARSE 12.8.6,CUDA,13040,13000,2026-10-09T01:24:22.133036+00:00,derived,csr-alg3,0,0,,,,5,20,4,true
3,A100-SXM4-80GB-suitesparse_all-fp64-n4-row-major-cuSPARSE-SpMM-CSR-solve-only,cuSPARSE-SpMM-CSR-best-solve-only,cuSPARSE CUDA 13.4.1 CSR PER MATRIX BEST,per-matrix-best,cuSPARSE-SpMM-CSR,best,solve-only,"csr-alg1,csr-alg2,csr-alg3,csr-default",manual-selection,csr,CUSPARSE_SPMM_CSR_ALG3,library-preprocess,spmm.csr.fp64,fp64,A100-SXM4-80GB,A100-SXM4-80GB,,9700.0,0edb0287-e1df-52fd-b14b-f9e504b96222,suitesparse_all,ML_Graph/dataset22mfeatzernike_10NN,dataset22mfeatzernike_10NN,2000,2000,27414,4,row-major,N,N,1.0,0.0,20260922,main,pass,pass,0,0,219312.0,66.169927,0.00814080014825,66.1780678001,3.31663715015,26.939857999971263,0.003313968015241276,0.06612480958011378,0.27773049484506457,3.416461871382759e-05,0.0006816990678362246,cuSPARSE 12.8.6,CUDA,13040,13000,2026-10-07T22:08:52.493062+00:00,derived,csr-alg3,0,0,,,,5,20,4,true
3,A100-SXM4-80GB-suitesparse_all-fp64-n4-row-major-cuSPARSE-SpMM-CSR-solve-only,cuSPARSE-SpMM-CSR-best-solve-only,cuSPARSE CUDA 13.4.1 CSR PER MATRIX BEST,per-matrix-best,cuSPARSE-SpMM-CSR,best,solve-only,"csr-alg1,csr-alg2,csr-alg3,csr-default",manual-selection,csr,CUSPARSE_SPMM_CSR_ALG3,library-preprocess,spmm.csr.fp64,fp64,A100-SXM4-80GB,A100-SXM4-80GB,,9700.0,1cb4d392-df77-5092-a407-ab8ee1286933,suitesparse_all,ML_Graph/har_10NN,har_10NN,10299,10299,151736,4,row-major,N,N,1.0,0.0,20260922,main,pass,pass,0,0,1213888.0,51.667921,0.0165375992656,51.6844585993,2.59993364927,73.40170604599294,0.023486518634374173,0.4668919148536083,0.756718619030855,0.0002421290580863317,0.004813318709831013,cuSPARSE 12.8.6,CUDA,13040,13000,2026-10-08T03:02:55.361974+00:00,derived,csr-alg3,0,0,,,,5,20,4,true
3,A100-SXM4-80GB-suitesparse_all-fp64-n4-row-major-cuSPARSE-SpMM-CSR-solve-only,cuSPARSE-SpMM-CSR-best-solve-only,cuSPARSE CUDA 13.4.1 CSR PER MATRIX BEST,per-matrix-best,cuSPARSE-SpMM-CSR,best,solve-only,"csr-alg1,csr-alg2,csr-alg3,csr-default",manual-selection,csr,CUSPARSE_SPMM_CSR_ALG3,library-preprocess,spmm.csr.fp64,fp64,A100-SXM4-80GB,A100-SXM4-80GB,,9700.0,df7f742d-c1c4-51c9-b7da-d151d8293f2c,suitesparse_all,ML_Graph/indianpines_10NN,indianpines_10NN,9144,9144,124656,4,row-major,N,N,1.0,0.0,20260922,main,pass,pass,0,0,997248.0,68.702798,0.0124416001141,68.7152396001,3.44758150011,80.15432025257137,0.01451276319203213,0.28926016686427325,0.8263331984801172,0.00014961611538177454,0.0029820635759203427,cuSPARSE 12.8.6,CUDA,13040,13000,2026-10-09T01:24:23.408925+00:00,derived,csr-alg3,0,0,,,,5,20,4,true
3,A100-SXM4-80GB-suitesparse_all-fp64-n4-row-major-cuSPARSE-SpMM-CSR-solve-only,cuSPARSE-SpMM-CSR-best-solve-only,cuSPARSE CUDA 13.4.1 CSR PER MATRIX BEST,per-matrix-best,cuSPARSE-SpMM-CSR,best,solve-only,"csr-alg1,csr-alg2,csr-alg3,csr-default",manual-selection,csr,CUSPARSE_SPMM_CSR_ALG3,library-preprocess,spmm.csr.fp64,fp64,A100-SXM4-80GB,A100-SXM4-80GB,,9700.0,0edb0287-e1df-52fd-b14b-f9e504b96222,suitesparse_all,ML_Graph/JapaneseVowelsSmall_10NN,JapaneseVowelsSmall_10NN,9961,9961,131144,4,row-major,N,N,1.0,0.0,20260922,main,pass,pass,0,0,1049152.0,67.984558,0.0104928001761,67.9950508002,3.40972070018,99.98779948080099,0.015429828901560494,0.3076944102619945,1.030802056503103,0.0001590704010470154,0.003172107322288603,cuSPARSE 12.8.6,CUDA,13040,13000,2026-10-07T22:08:53.683684+00:00,derived,csr-alg3,0,0,,,,5,20,4,true
3,A100-SXM4-80GB-suitesparse_all-fp64-n4-row-major-cuSPARSE-SpMM-CSR-solve-only,cuSPARSE-SpMM-CSR-best-solve-only,cuSPARSE CUDA 13.4.1 CSR PER MATRIX BEST,per-matrix-best,cuSPARSE-SpMM-CSR,best,solve-only,"csr-alg1,csr-alg2,csr-alg3,csr-default",manual-selection,csr,CUSPARSE_SPMM_CSR_ALG3,library-preprocess,spmm.csr.fp64,fp64,A100-SXM4-80GB,A100-SXM4-80GB,,9700.0,1cb4d392-df77-5092-a407-ab8ee1286933,suitesparse_all,ML_Graph/mnist_test_norm_10NN,mnist_test_norm_10NN,10000,10000,145600,4,row-major,N,N,1.0,0.0,20260922,main,pass,pass,0,0,1164800.0,56.083382,0.0109056003392,56.0942876003,2.81507470034,106.80750841502467,0.02076503775749477,0.4137723236471549,1.1011083341755121,0.00021407255420097699,0.004265694058218091,cuSPARSE 12.8.6,CUDA,13040,13000,2026-10-08T03:02:56.377424+00:00,derived,csr-alg3,0,0,,,,5,20,4,true
3,A100-SXM4-80GB-suitesparse_all-fp64-n4-row-major-cuSPARSE-SpMM-CSR-solve-only,cuSPARSE-SpMM-CSR-best-solve-only,cuSPARSE CUDA 13.4.1 CSR PER MATRIX BEST,per-matrix-best,cuSPARSE-SpMM-CSR,best,solve-only,"csr-alg1,csr-alg2,csr-alg3,csr-default",manual-selection,csr,CUSPARSE_SPMM_CSR_ALG3,library-preprocess,spmm.csr.fp64,fp64,A100-SXM4-80GB,A100-SXM4-80GB,,9700.0,df7f742d-c1c4-51c9-b7da-d151d8293f2c,suitesparse_all,ML_Graph/Olivetti_norm_10NN,Olivetti_norm_10NN,400,400,5656,4,row-major,N,N,1.0,0.0,20260922,main,pass,pass,0,0,45248.0,59.805754,0.00967679992318,59.8154307999,2.99996449992,4.675925963046114,0.0007564603212734137,0.01508284514740312,0.04820542229944448,7.798560013127976e-06,0.00015549324894230022,cuSPARSE 12.8.6,CUDA,13040,13000,2026-10-09T01:24:24.627725+00:00,derived,csr-alg3,0,0,,,,5,20,4,true
3,A100-SXM4-80GB-suitesparse_all-fp64-n4-row-major-cuSPARSE-SpMM-CSR-solve-only,cuSPARSE-SpMM-CSR-best-solve-only,cuSPARSE CUDA 13.4.1 CSR PER MATRIX BEST,per-matrix-best,cuSPARSE-SpMM-CSR,best,solve-only,"csr-alg1,csr-alg2,csr-alg3,csr-default",manual-selection,csr,CUSPARSE_SPMM_CSR_ALG3,library-preprocess,spmm.csr.fp64,fp64,A100-SXM4-80GB,A100-SXM4-80GB,,9700.0,0edb0287-e1df-52fd-b14b-f9e504b96222,suitesparse_all,ML_Graph/Plants_10NN,Plants_10NN,1600,1600,21930,4,row-major,N,N,1.0,0.0,20260922,main,pass,pass,0,0,175440.0,63.805435,0.00742399990559,63.8128589999,3.19769574991,23.63146581775952,0.002749289136226837,0.05486450673268019,0.24362335894597442,2.834318697141069e-05,0.0005656134714709298,cuSPARSE 12.8.6,CUDA,13040,13000,2026-10-07T22:08:54.609229+00:00,derived,csr-alg3,0,0,,,,5,20,4,true
3,A100-SXM4-80GB-suitesparse_all-fp64-n4-row-major-cuSPARSE-SpMM-CSR-solve-only,cuSPARSE-SpMM-CSR-best-solve-only,cuSPARSE CUDA 13.4.1 CSR PER MATRIX BEST,per-matrix-best,cuSPARSE-SpMM-CSR,best,solve-only,"csr-alg1,csr-alg2,csr-alg3,csr-default",manual-selection,csr,CUSPARSE_SPMM_CSR_ALG3,library-preprocess,spmm.csr.fp64,fp64,A100-SXM4-80GB,A100-SXM4-80GB,,9700.0,1cb4d392-df77-5092-a407-ab8ee1286933,suitesparse_all,ML_Graph/umistfacesnorm_10NN,umistfacesnorm_10NN,575,575,6990,4,row-major,N,N,1.0,0.0,20260922,main,pass,pass,0,0,55920.0,55.647272,0.00737280026078,55.6546448003,2.78973640026,7.584635148393941,0.0010047678895562474,0.02004490459915436,0.0781921149318963,1.0358431851095335e-05,0.0002066485010222099,cuSPARSE 12.8.6,CUDA,13040,13000,2026-10-08T03:02:57.010583+00:00,derived,csr-alg3,0,0,,,,5,20,4,true
3,A100-SXM4-80GB-suitesparse_all-fp64-n4-row-major-cuSPARSE-SpMM-CSR-solve-only,cuSPARSE-SpMM-CSR-best-solve-only,cuSPARSE CUDA 13.4.1 CSR PER MATRIX BEST,per-matrix-best,cuSPARSE-SpMM-CSR,best,solve-only,"csr-alg1,csr-alg2,csr-alg3,csr-default",manual-selection,csr,CUSPARSE_SPMM_CSR_ALG3,library-preprocess,spmm.csr.fp64,fp64,A100-SXM4-80GB,A100-SXM4-80GB,,9700.0,df7f742d-c1c4-51c9-b7da-d151d8293f2c,suitesparse_all,ML_Graph/usps_norm_5NN,usps_norm_5NN,11000,11000,81112,4,row-major,N,N,1.0,0.0,20260922,main,pass,pass,0,0,648896.0,70.496319,0.010342399776,70.5066613998,3.53515834978,62.741337992541354,0.009203328977960097,0.1835550025758767,0.64681791744888,9.487968018515563e-05,0.001892319614184296,cuSPARSE 12.8.6,CUDA,13040,13000,2026-10-09T01:24:25.885149+00:00,derived,csr-alg3,0,0,,,,5,20,4,true
3,A100-SXM4-80GB-suitesparse_all-fp64-n4-row-major-cuSPARSE-SpMM-CSR-solve-only,cuSPARSE-SpMM-CSR-best-solve-only,cuSPARSE CUDA 13.4.1 CSR PER MATRIX BEST,per-matrix-best,cuSPARSE-SpMM-CSR,best,solve-only,"csr-alg1,csr-alg2,csr-alg3,csr-default",manual-selection,csr,CUSPARSE_SPMM_CSR_ALG3,library-preprocess,spmm.csr.fp64,fp64,A100-SXM4-80GB,A100-SXM4-80GB,,9700.0,0edb0287-e1df-52fd-b14b-f9e504b96222,suitesparse_all,ML_Graph/worms20_10NN,worms20_10NN,20055,20055,240826,4,row-major,N,N,1.0,0.0,20260922,main,pass,pass,0,0,1926608.0,64.719726,0.0144383996725,64.7341643997,3.25042469967,133.43639487065184,0.029761842419162025,0.5927250061186156,1.3756329368108438,0.0003068231177233198,0.00611056707338779,cuSPARSE 12.8.6,CUDA,13040,13000,2026-10-07T22:08:56.076222+00:00,derived,csr-alg3,0,0,,,,5,20,4,true
3,A100-SXM4-80GB-suitesparse_all-fp64-n4-row-major-cuSPARSE-SpMM-CSR-solve-only,cuSPARSE-SpMM-CSR-best-solve-only,cuSPARSE CUDA 13.4.1 CSR PER MATRIX BEST,per-matrix-best,cuSPARSE-SpMM-CSR,best,solve-only,"csr-alg1,csr-alg2,csr-alg3,csr-default",manual-selection,csr,CUSPARSE_SPMM_CSR_ALG3,library-preprocess,spmm.csr.fp64,fp64,A100-SXM4-80GB,A100-SXM4-80GB,,9700.0,df7f742d-c1c4-51c9-b7da-d151d8293f2c,suitesparse_all,Moqri/MISKnowledgeMap,MISKnowledgeMap,2427,2427,57022,4,row-major,N,N,1.0,0.0,20260922,main,pass,pass,0,0,456176.0,55.925572,0.0113664001226,55.9369384001,2.80764500012,40.133727044588,0.00815518355218355,0.1624763814444144,0.413749763346268,8.407405723900567e-05,0.0016750142416949937,cuSPARSE 12.8.6,CUDA,13040,13000,2026-10-09T00:22:00.242412+00:00,derived,csr-alg3,0,0,,,,5,20,4,true
3,A100-SXM4-80GB-suitesparse_all-fp64-n4-row-major-cuSPARSE-SpMM-CSR-solve-only,cuSPARSE-SpMM-CSR-best-solve-only,cuSPARSE CUDA 13.4.1 CSR PER MATRIX BEST,per-matrix-best,cuSPARSE-SpMM-CSR,best,solve-only,"csr-alg1,csr-alg2,csr-alg3,csr-default",manual-selection,csr,CUSPARSE_SPMM_CSR_ALG3,library-preprocess,spmm.csr.fp64,fp64,A100-SXM4-80GB,A100-SXM4-80GB,,9700.0,1cb4d392-df77-5092-a407-ab8ee1286933,suitesparse_all,Morandini/rotor1,rotor1,100,100,708,4,row-major,N,N,1.0,0.0,20260922,main,pass,pass,0,0,5664.0,54.363531,0.00711679980159,54.3706477998,2.7252933498,0.7958633315404737,0.00010417385536504193,0.0020783083774873856,0.008204776613819317,1.073957271804556e-06,2.1425859561725625e-05,cuSPARSE 12.8.6,CUDA,13040,13000,2026-10-08T01:00:58.443791+00:00,derived,csr-alg3,0,0,,,,5,20,4,true
3,A100-SXM4-80GB-suitesparse_all-fp64-n4-row-major-cuSPARSE-SpMM-CSR-solve-only,cuSPARSE-SpMM-CSR-best-solve-only,cuSPARSE CUDA 13.4.1 CSR PER MATRIX BEST,per-matrix-best,cuSPARSE-SpMM-CSR,best,solve-only,"csr-alg1,csr-alg2,csr-alg3,csr-default",manual-selection,csr,CUSPARSE_SPMM_CSR_ALG3,library-preprocess,spmm.csr.fp64,fp64,A100-SXM4-80GB,A100-SXM4-80GB,,9700.0,df7f742d-c1c4-51c9-b7da-d151d8293f2c,suitesparse_all,Morandini/rotor2,rotor2,791,791,10685,4,row-major,N,N,1.0,0.0,20260922,main,pass,pass,0,0,85480.0,50.65139,0.00880640000105,50.6601964,2.5413759,9.706577033726393,0.0016873207384565134,0.033635323290820536,0.1000678044714061,1.7395059159345498e-05,0.00034675591021464473,cuSPARSE 12.8.6,CUDA,13040,13000,2026-10-08T22:53:15.593959+00:00,derived,csr-alg3,0,0,,,,5,20,4,true
3,A100-SXM4-80GB-suitesparse_all-fp64-n4-row-major-cuSPARSE-SpMM-CSR-solve-only,cuSPARSE-SpMM-CSR-best-solve-only,cuSPARSE CUDA 13.4.1 CSR PER MATRIX BEST,per-matrix-best,cuSPARSE-SpMM-CSR,best,solve-only,"csr-alg1,csr-alg2,csr-alg3,csr-default",manual-selection,csr,CUSPARSE_SPMM_CSR_ALG3,library-preprocess,spmm.csr.fp64,fp64,A100-SXM4-80GB,A100-SXM4-80GB,,9700.0,0edb0287-e1df-52fd-b14b-f9e504b96222,suitesparse_all,Muite/Chebyshev2,Chebyshev2,2053,2053,18447,4,row-major,N,N,1.0,0.0,20260922,main,pass,pass,0,0,147576.0,50.031751,0.0117743998766,50.0435253999,2.51336194988,12.533632418352548,0.002948952912903592,0.05871657283864187,0.12921270534384072,3.0401576421686515e-05,0.000605325493181875,cuSPARSE 12.8.6,CUDA,13040,13000,2026-10-07T20:15:15.853122+00:00,derived,csr-alg3,0,0,,,,5,20,4,true
3,A100-SXM4-80GB-suitesparse_all-fp64-n4-row-major-cuSPARSE-SpMM-CSR-solve-only,cuSPARSE-SpMM-CSR-best-solve-only,cuSPARSE CUDA 13.4.1 CSR PER MATRIX BEST,per-matrix-best,cuSPARSE-SpMM-CSR,best,solve-only,"csr-alg1,csr-alg2,csr-alg3,csr-default",manual-selection,csr,CUSPARSE_SPMM_CSR_ALG3,library-preprocess,spmm.csr.fp64,fp64,A100-SXM4-80GB,A100-SXM4-80GB,,9700.0,0edb0287-e1df-52fd-b14b-f9e504b96222,suitesparse_all,Mulvey/pfinan512,pfinan512,74752,74752,596992,4,row-major,N,N,1.0,0.0,20260922,main,pass,pass,0,0,4775936.0,51.28505,0.0374783992767,51.3225283993,2.60173089928,127.43169644839016,0.09305730151956311,1.8356763957877762,1.3137288293648468,0.0009593536239130218,0.01892449892564718,cuSPARSE 12.8.6,CUDA,13040,13000,2026-10-07T20:03:16.822219+00:00,derived,csr-alg3,0,0,,,,5,20,4,true
3,A100-SXM4-80GB-suitesparse_all-fp64-n4-row-major-cuSPARSE-SpMM-CSR-solve-only,cuSPARSE-SpMM-CSR-best-solve-only,cuSPARSE CUDA 13.4.1 CSR PER MATRIX BEST,per-matrix-best,cuSPARSE-SpMM-CSR,best,solve-only,"csr-alg1,csr-alg2,csr-alg3,csr-default",manual-selection,csr,CUSPARSE_SPMM_CSR_ALG3,library-preprocess,spmm.csr.fp64,fp64,A100-SXM4-80GB,A100-SXM4-80GB,,9700.0,1cb4d392-df77-5092-a407-ab8ee1286933,suitesparse_all,Mycielski/mycielskian10,mycielskian10,767,767,44392,4,row-major,N,N,1.0,0.0,20260922,main,pass,pass,0,0,355136.0,85.175334,0.0154624000192,85.1907964,4.27422910002,22.967715203268565,0.004168713229684046,0.0830877315393174,0.2367805691058615,4.297642504828914e-05,0.0008565745519517257,cuSPARSE 12.8.6,CUDA,13040,13000,2026-10-08T02:10:50.170719+00:00,derived,csr-alg3,0,0,,,,5,20,4,true
3,A100-SXM4-80GB-suitesparse_all-fp64-n4-row-major-cuSPARSE-SpMM-CSR-solve-only,cuSPARSE-SpMM-CSR-best-solve-only,cuSPARSE CUDA 13.4.1 CSR PER MATRIX BEST,per-matrix-best,cuSPARSE-SpMM-CSR,best,solve-only,"csr-alg1,csr-alg2,csr-alg3,csr-default",manual-selection,csr,CUSPARSE_SPMM_CSR_ALG1,library-preprocess,spmm.csr.fp64,fp64,A100-SXM4-80GB,A100-SXM4-80GB,,9700.0,df7f742d-c1c4-51c9-b7da-d151d8293f2c,suitesparse_all,Mycielski/mycielskian11,mycielskian11,1535,1535,134710,4,row-major,N,N,1.0,0.0,20260922,main,pass,pass,0,0,1077680.0,0.07447,0.0193535998464,0.0938235998464,0.0230770998464,55.683697531881194,11.486235891228707,46.699108950993974,0.5740587374420741,0.11841480300235781,0.4814341128968451,cuSPARSE 12.8.6,CUDA,13040,13000,2026-10-08T19:11:48.936520+00:00,derived,csr-alg1,0,0,,,,5,20,4,true
3,A100-SXM4-80GB-suitesparse_all-fp64-n4-row-major-cuSPARSE-SpMM-CSR-solve-only,cuSPARSE-SpMM-CSR-best-solve-only,cuSPARSE CUDA 13.4.1 CSR PER MATRIX BEST,per-matrix-best,cuSPARSE-SpMM-CSR,best,solve-only,"csr-alg1,csr-alg2,csr-alg3,csr-default",manual-selection,csr,CUSPARSE_SPMM_CSR_ALG1,library-preprocess,spmm.csr.fp64,fp64,A100-SXM4-80GB,A100-SXM4-80GB,,9700.0,0edb0287-e1df-52fd-b14b-f9e504b96222,suitesparse_all,Mycielski/mycielskian13,mycielskian13,6143,6143,1227742,4,row-major,N,N,1.0,0.0,20260922,main,pass,pass,0,0,9821936.0,0.10191,0.0673280000687,0.169238000069,0.0724235000687,145.88189148612634,58.036232973655444,135.6180796382809,1.5039370256301685,0.5983116801407778,1.3981245323534115,cuSPARSE 12.8.6,CUDA,13040,13000,2026-10-07T16:59:09.854810+00:00,derived,csr-alg1,0,0,,,,5,20,4,true
3,A100-SXM4-80GB-suitesparse_all-fp64-n4-row-major-cuSPARSE-SpMM-CSR-solve-only,cuSPARSE-SpMM-CSR-best-solve-only,cuSPARSE CUDA 13.4.1 CSR PER MATRIX BEST,per-matrix-best,cuSPARSE-SpMM-CSR,best,solve-only,"csr-alg1,csr-alg2,csr-alg3,csr-default",manual-selection,csr,CUSPARSE_SPMM_CSR_ALG3,library-preprocess,spmm.csr.fp64,fp64,A100-SXM4-80GB,A100-SXM4-80GB,,9700.0,1cb4d392-df77-5092-a407-ab8ee1286933,suitesparse_all,Mycielski/mycielskian18,mycielskian18,196607,196607,300933832,4,row-major,N,N,1.0,0.0,20260922,main,pass,pass,0,0,2407470656.0,81.053442,7.62941436768,88.6828563677,11.6820864677,315.5511733900067,27.14696791021322,206.0822493187717,3.253104880309347,0.27986564855889917,2.124559271327543,cuSPARSE 12.8.6,CUDA,13040,13000,2026-10-08T02:21:06.867193+00:00,derived,csr-alg3,0,0,,,,5,20,4,true
3,A100-SXM4-80GB-suitesparse_all-fp64-n4-row-major-cuSPARSE-SpMM-CSR-solve-only,cuSPARSE-SpMM-CSR-best-solve-only,cuSPARSE CUDA 13.4.1 CSR PER MATRIX BEST,per-matrix-best,cuSPARSE-SpMM-CSR,best,solve-only,"csr-alg1,csr-alg2,csr-alg3,csr-default",manual-selection,csr,CUSPARSE_SPMM_CSR_ALG3,library-preprocess,spmm.csr.fp64,fp64,A100-SXM4-80GB,A100-SXM4-80GB,,9700.0,1cb4d392-df77-5092-a407-ab8ee1286933,suitesparse_all,Mycielski/mycielskian2,mycielskian2,2,2,2,4,row-major,N,N,1.0,0.0,20260922,main,pass,pass,0,0,16.0,59.892884,0.00409599989653,59.8969799999,2.9987401999,0.003906250098676684,2.671253208429993e-07,5.335573918852176e-06,4.0270619573986434e-05,2.7538692870412304e-09,5.500591668919769e-08,cuSPARSE 12.8.6,CUDA,13040,13000,2026-10-08T02:10:49.270175+00:00,derived,csr-alg3,0,0,,,,5,20,4,true
3,A100-SXM4-80GB-suitesparse_all-fp64-n4-row-major-cuSPARSE-SpMM-CSR-solve-only,cuSPARSE-SpMM-CSR-best-solve-only,cuSPARSE CUDA 13.4.1 CSR PER MATRIX BEST,per-matrix-best,cuSPARSE-SpMM-CSR,best,solve-only,"csr-alg1,csr-alg2,csr-alg3,csr-default",manual-selection,csr,CUSPARSE_SPMM_CSR_ALG3,library-preprocess,spmm.csr.fp64,fp64,A100-SXM4-80GB,A100-SXM4-80GB,,9700.0,df7f742d-c1c4-51c9-b7da-d151d8293f2c,suitesparse_all,Mycielski/mycielskian3,mycielskian3,5,5,10,4,row-major,N,N,1.0,0.0,20260922,main,pass,pass,0,0,80.0,56.395093,0.00537599995732,56.400469,2.82513064996,0.014880952499092085,1.4184279212288111e-06,2.8317274459902478e-05,0.00015341188143393902,1.4622968260090836e-08,2.919306645350771e-07,cuSPARSE 12.8.6,CUDA,13040,13000,2026-10-09T00:22:13.487536+00:00,derived,csr-alg3,0,0,,,,5,20,4,true
3,A100-SXM4-80GB-suitesparse_all-fp64-n4-row-major-cuSPARSE-SpMM-CSR-solve-only,cuSPARSE-SpMM-CSR-best-solve-only,cuSPARSE CUDA 13.4.1 CSR PER MATRIX BEST,per-matrix-best,cuSPARSE-SpMM-CSR,best,solve-only,"csr-alg1,csr-alg2,csr-alg3,csr-default",manual-selection,csr,CUSPARSE_SPMM_CSR_ALG3,library-preprocess,spmm.csr.fp64,fp64,A100-SXM4-80GB,A100-SXM4-80GB,,9700.0,0edb0287-e1df-52fd-b14b-f9e504b96222,suitesparse_all,Mycielski/mycielskian5,mycielskian5,23,23,142,4,row-major,N,N,1.0,0.0,20260922,main,pass,pass,0,0,1136.0,53.880362,0.00511679984629,53.8854787998,2.69913489985,0.2220137652684756,2.108174642412598e-05,0.0004208755924215315,0.0022888017037987177,2.1733759200129873e-07,4.338923633211665e-06,cuSPARSE 12.8.6,CUDA,13040,13000,2026-10-07T21:30:53.230503+00:00,derived,csr-alg3,0,0,,,,5,20,4,true
3,A100-SXM4-80GB-suitesparse_all-fp64-n4-row-major-cuSPARSE-SpMM-CSR-solve-only,cuSPARSE-SpMM-CSR-best-solve-only,cuSPARSE CUDA 13.4.1 CSR PER MATRIX BEST,per-matrix-best,cuSPARSE-SpMM-CSR,best,solve-only,"csr-alg1,csr-alg2,csr-alg3,csr-default",manual-selection,csr,CUSPARSE_SPMM_CSR_ALG3,library-preprocess,spmm.csr.fp64,fp64,A100-SXM4-80GB,A100-SXM4-80GB,,9700.0,1cb4d392-df77-5092-a407-ab8ee1286933,suitesparse_all,Nasa/nasa2146,nasa2146,2146,2146,72250,4,row-major,N,N,1.0,0.0,20260922,main,pass,pass,0,0,578000.0,52.225821,0.00839679986238,52.2342177999,2.61968784986,68.83574807940829,0.011065543322850457,0.22063697399325236,0.7096468874165803,0.00011407776621495316,0.00227460797931188,cuSPARSE 12.8.6,CUDA,13040,13000,2026-10-08T00:56:31.475149+00:00,derived,csr-alg3,0,0,,,,5,20,4,true
3,A100-SXM4-80GB-suitesparse_all-fp64-n4-row-major-cuSPARSE-SpMM-CSR-solve-only,cuSPARSE-SpMM-CSR-best-solve-only,cuSPARSE CUDA 13.4.1 CSR PER MATRIX BEST,per-matrix-best,cuSPARSE-SpMM-CSR,best,solve-only,"csr-alg1,csr-alg2,csr-alg3,csr-default",manual-selection,csr,CUSPARSE_SPMM_CSR_ALG3,library-preprocess,spmm.csr.fp64,fp64,A100-SXM4-80GB,A100-SXM4-80GB,,9700.0,df7f742d-c1c4-51c9-b7da-d151d8293f2c,suitesparse_all,Nasa/nasa2910,nasa2910,2910,2910,174296,4,row-major,N,N,1.0,0.0,20260922,main,pass,pass,0,0,1394368.0,59.630844,0.0190975993872,59.6499415994,3.00063979939,73.01273692726862,0.023375848535852138,0.4646902304913309,0.7527086281161713,0.00024098812923558906,0.004790620932900318,cuSPARSE 12.8.6,CUDA,13040,13000,2026-10-08T22:48:59.732258+00:00,derived,csr-alg3,0,0,,,,5,20,4,true
3,A100-SXM4-80GB-suitesparse_all-fp64-n4-row-major-cuSPARSE-SpMM-CSR-solve-only,cuSPARSE-SpMM-CSR-best-solve-only,cuSPARSE CUDA 13.4.1 CSR PER MATRIX BEST,per-matrix-best,cuSPARSE-SpMM-CSR,best,solve-only,"csr-alg1,csr-alg2,csr-alg3,csr-default",manual-selection,csr,CUSPARSE_SPMM_CSR_ALG3,library-preprocess,spmm.csr.fp64,fp64,A100-SXM4-80GB,A100-SXM4-80GB,,9700.0,0edb0287-e1df-52fd-b14b-f9e504b96222,suitesparse_all,Nasa/nasasrb,nasasrb,54870,54870,2677324,4,row-major,N,N,1.0,0.0,20260922,main,pass,pass,0,0,21418592.0,51.75968,0.0973312020302,51.857011202,2.68531520203,220.05884601480852,0.4130317483313411,7.976192881866654,2.2686478970598816,0.004258059261147847,0.08222879259656343,cuSPARSE 12.8.6,CUDA,13040,13000,2026-10-07T20:03:23.779209+00:00,derived,csr-alg3,0,0,,,,5,20,4,true
3,A100-SXM4-80GB-suitesparse_all-fp64-n4-row-major-cuSPARSE-SpMM-CSR-solve-only,cuSPARSE-SpMM-CSR-best-solve-only,cuSPARSE CUDA 13.4.1 CSR PER MATRIX BEST,per-matrix-best,cuSPARSE-SpMM-CSR,best,solve-only,"csr-alg1,csr-alg2,csr-alg3,csr-default",manual-selection,csr,CUSPARSE_SPMM_CSR_ALG3,library-preprocess,spmm.csr.fp64,fp64,A100-SXM4-80GB,A100-SXM4-80GB,,9700.0,0edb0287-e1df-52fd-b14b-f9e504b96222,suitesparse_all,ND/nd6k,nd6k,18000,18000,6897316,4,row-major,N,N,1.0,0.0,20260922,main,pass,pass,0,0,55178528.0,73.680799,0.222975993156,73.9037749932,3.90701594316,247.46398578162456,0.7466266507370842,14.12293392265288,2.551175111150769,0.007697181966361693,0.14559725693456577,cuSPARSE 12.8.6,CUDA,13040,13000,2026-10-07T20:04:44.239366+00:00,derived,csr-alg3,0,0,,,,5,20,4,true
3,A100-SXM4-80GB-suitesparse_all-fp64-n4-row-major-cuSPARSE-SpMM-CSR-solve-only,cuSPARSE-SpMM-CSR-best-solve-only,cuSPARSE CUDA 13.4.1 CSR PER MATRIX BEST,per-matrix-best,cuSPARSE-SpMM-CSR,best,solve-only,"csr-alg1,csr-alg2,csr-alg3,csr-default",manual-selection,csr,CUSPARSE_SPMM_CSR_ALG3,library-preprocess,spmm.csr.fp64,fp64,A100-SXM4-80GB,A100-SXM4-80GB,,9700.0,1cb4d392-df77-5092-a407-ab8ee1286933,suitesparse_all,Nemeth/nemeth02,nemeth02,9506,9506,394808,4,row-major,N,N,1.0,0.0,20260922,main,pass,pass,0,0,3158464.0,51.986481,0.0187904000282,52.0052714,2.61811445003,168.08923680495803,0.06073353556231994,1.2063888192373744,1.732878729948021,0.000626118923322886,0.012436998136467778,cuSPARSE 12.8.6,CUDA,13040,13000,2026-10-08T00:56:32.970383+00:00,derived,csr-alg3,0,0,,,,5,20,4,true
3,A100-SXM4-80GB-suitesparse_all-fp64-n4-row-major-cuSPARSE-SpMM-CSR-solve-only,cuSPARSE-SpMM-CSR-best-solve-only,cuSPARSE CUDA 13.4.1 CSR PER MATRIX BEST,per-matrix-best,cuSPARSE-SpMM-CSR,best,solve-only,"csr-alg1,csr-alg2,csr-alg3,csr-default",manual-selection,csr,CUSPARSE_SPMM_CSR_ALG3,library-preprocess,spmm.csr.fp64,fp64,A100-SXM4-80GB,A100-SXM4-80GB,,9700.0,df7f742d-c1c4-51c9-b7da-d151d8293f2c,suitesparse_all,Nemeth/nemeth03,nemeth03,9506,9506,394808,4,row-major,N,N,1.0,0.0,20260922,main,pass,pass,0,0,3158464.0,52.784611,0.0186880007386,52.8032990007,2.65791855074,169.0102672928626,0.059815656592936146,1.188322343105902,1.7423738896171401,0.0006166562535354241,0.012250745805215485,cuSPARSE 12.8.6,CUDA,13040,13000,2026-10-08T22:49:01.304337+00:00,derived,csr-alg3,0,0,,,,5,20,4,true
3,A100-SXM4-80GB-suitesparse_all-fp64-n4-row-major-cuSPARSE-SpMM-CSR-solve-only,cuSPARSE-SpMM-CSR-best-solve-only,cuSPARSE CUDA 13.4.1 CSR PER MATRIX BEST,per-matrix-best,cuSPARSE-SpMM-CSR,best,solve-only,"csr-alg1,csr-alg2,csr-alg3,csr-default",manual-selection,csr,CUSPARSE_SPMM_CSR_ALG3,library-preprocess,spmm.csr.fp64,fp64,A100-SXM4-80GB,A100-SXM4-80GB,,9700.0,0edb0287-e1df-52fd-b14b-f9e504b96222,suitesparse_all,Nemeth/nemeth05,nemeth05,9506,9506,394808,4,row-major,N,N,1.0,0.0,20260922,main,pass,pass,0,0,3158464.0,52.157491,0.0186880007386,52.1761790007,2.62656255074,169.0102672928626,0.06053459759783532,1.2025085787925147,1.7423738896171401,0.000624068016472529,0.012396995657654791,cuSPARSE 12.8.6,CUDA,13040,13000,2026-10-07T20:03:25.277242+00:00,derived,csr-alg3,0,0,,,,5,20,4,true
3,A100-SXM4-80GB-suitesparse_all-fp64-n4-row-major-cuSPARSE-SpMM-CSR-solve-only,cuSPARSE-SpMM-CSR-best-solve-only,cuSPARSE CUDA 13.4.1 CSR PER MATRIX BEST,per-matrix-best,cuSPARSE-SpMM-CSR,best,solve-only,"csr-alg1,csr-alg2,csr-alg3,csr-default",manual-selection,csr,CUSPARSE_SPMM_CSR_ALG3,library-preprocess,spmm.csr.fp64,fp64,A100-SXM4-80GB,A100-SXM4-80GB,,9700.0,1cb4d392-df77-5092-a407-ab8ee1286933,suitesparse_all,Nemeth/nemeth10,nemeth10,9506,9506,401448,4,row-major,N,N,1.0,0.0,20260922,main,pass,pass,0,0,3211584.0,51.096521,0.0188416004181,51.1153626004,2.57366765042,170.45176252197894,0.06283011283920478,1.2478627531709068,1.7572346651750406,0.0006477331220536576,0.012864564465679452,cuSPARSE 12.8.6,CUDA,13040,13000,2026-10-08T00:56:34.463670+00:00,derived,csr-alg3,0,0,,,,5,20,4,true
3,A100-SXM4-80GB-suitesparse_all-fp64-n4-row-major-cuSPARSE-SpMM-CSR-solve-only,cuSPARSE-SpMM-CSR-best-solve-only,cuSPARSE CUDA 13.4.1 CSR PER MATRIX BEST,per-matrix-best,cuSPARSE-SpMM-CSR,best,solve-only,"csr-alg1,csr-alg2,csr-alg3,csr-default",manual-selection,csr,CUSPARSE_SPMM_CSR_ALG3,library-preprocess,spmm.csr.fp64,fp64,A100-SXM4-80GB,A100-SXM4-80GB,,9700.0,df7f742d-c1c4-51c9-b7da-d151d8293f2c,suitesparse_all,Nemeth/nemeth11,nemeth11,9506,9506,408264,4,row-major,N,N,1.0,0.0,20260922,main,pass,pass,0,0,3266112.0,52.203201,0.019148799777,52.2223497998,2.62930884978,170.56484155852897,0.0625424174232104,1.242194122715284,1.758400428438443,0.0006447671899300041,0.012806124976446226,cuSPARSE 12.8.6,CUDA,13040,13000,2026-10-08T22:49:03.183069+00:00,derived,csr-alg3,0,0,,,,5,20,4,true
3,A100-SXM4-80GB-suitesparse_all-fp64-n4-row-major-cuSPARSE-SpMM-CSR-solve-only,cuSPARSE-SpMM-CSR-best-solve-only,cuSPARSE CUDA 13.4.1 CSR PER MATRIX BEST,per-matrix-best,cuSPARSE-SpMM-CSR,best,solve-only,"csr-alg1,csr-alg2,csr-alg3,csr-default",manual-selection,csr,CUSPARSE_SPMM_CSR_ALG3,library-preprocess,spmm.csr.fp64,fp64,A100-SXM4-80GB,A100-SXM4-80GB,,9700.0,0edb0287-e1df-52fd-b14b-f9e504b96222,suitesparse_all,Nemeth/nemeth13,nemeth13,9506,9506,474472,4,row-major,N,N,1.0,0.0,20260922,main,pass,pass,0,0,3795776.0,50.06688,0.0220159992576,50.0888959993,2.52535999926,172.4098895347521,0.07578078782277506,1.5030633260653004,1.7774215415953822,0.0007812452352863408,0.015495498206858768,cuSPARSE 12.8.6,CUDA,13040,13000,2026-10-07T20:03:26.943152+00:00,derived,csr-alg3,0,0,,,,5,20,4,true
3,A100-SXM4-80GB-suitesparse_all-fp64-n4-row-major-cuSPARSE-SpMM-CSR-solve-only,cuSPARSE-SpMM-CSR-best-solve-only,cuSPARSE CUDA 13.4.1 CSR PER MATRIX BEST,per-matrix-best,cuSPARSE-SpMM-CSR,best,solve-only,"csr-alg1,csr-alg2,csr-alg3,csr-default",manual-selection,csr,CUSPARSE_SPMM_CSR_ALG3,library-preprocess,spmm.csr.fp64,fp64,A100-SXM4-80GB,A100-SXM4-80GB,,9700.0,1cb4d392-df77-5092-a407-ab8ee1286933,suitesparse_all,Nemeth/nemeth18,nemeth18,9506,9506,695234,4,row-major,N,N,1.0,0.0,20260922,main,pass,pass,0,0,5561872.0,51.672041,0.0299519985914,51.7019929986,2.61355404859,185.69285061321278,0.10757558224400761,2.128087614258677,1.9143592846722968,0.0011090266210722435,0.021939047569677083,cuSPARSE 12.8.6,CUDA,13040,13000,2026-10-08T00:56:36.517066+00:00,derived,csr-alg3,0,0,,,,5,20,4,true
3,A100-SXM4-80GB-suitesparse_all-fp64-n4-row-major-cuSPARSE-SpMM-CSR-solve-only,cuSPARSE-SpMM-CSR-best-solve-only,cuSPARSE CUDA 13.4.1 CSR PER MATRIX BEST,per-matrix-best,cuSPARSE-SpMM-CSR,best,solve-only,"csr-alg1,csr-alg2,csr-alg3,csr-default",manual-selection,csr,CUSPARSE_SPMM_CSR_ALG3,library-preprocess,spmm.csr.fp64,fp64,A100-SXM4-80GB,A100-SXM4-80GB,,9700.0,df7f742d-c1c4-51c9-b7da-d151d8293f2c,suitesparse_all,Nemeth/nemeth19,nemeth19,9506,9506,818302,4,row-major,N,N,1.0,0.0,20260922,main,pass,pass,0,0,6546416.0,52.928171,0.0333824008703,52.9615534009,2.67979095087,196.10381007150036,0.12360694843004272,2.4428830905167027,2.021688763623715,0.0012742984374231208,0.02518436175790415,cuSPARSE 12.8.6,CUDA,13040,13000,2026-10-08T22:49:05.672424+00:00,derived,csr-alg3,0,0,,,,5,20,4,true
3,A100-SXM4-80GB-suitesparse_all-fp64-n4-row-major-cuSPARSE-SpMM-CSR-solve-only,cuSPARSE-SpMM-CSR-best-solve-only,cuSPARSE CUDA 13.4.1 CSR PER MATRIX BEST,per-matrix-best,cuSPARSE-SpMM-CSR,best,solve-only,"csr-alg1,csr-alg2,csr-alg3,csr-default",manual-selection,csr,CUSPARSE_SPMM_CSR_ALG3,library-preprocess,spmm.csr.fp64,fp64,A100-SXM4-80GB,A100-SXM4-80GB,,9700.0,0edb0287-e1df-52fd-b14b-f9e504b96222,suitesparse_all,Nemeth/nemeth21,nemeth21,9506,9506,1173746,4,row-major,N,N,1.0,0.0,20260922,main,pass,pass,0,0,9389968.0,51.838281,0.0438271999359,51.8821081999,2.63574124994,214.2497812712975,0.1809866315343388,3.562553039003261,2.208760631662861,0.0018658415622096784,0.036727350917559395,cuSPARSE 12.8.6,CUDA,13040,13000,2026-10-07T20:03:29.839267+00:00,derived,csr-alg3,0,0,,,,5,20,4,true
3,A100-SXM4-80GB-suitesparse_all-fp64-n4-row-major-cuSPARSE-SpMM-CSR-solve-only,cuSPARSE-SpMM-CSR-best-solve-only,cuSPARSE CUDA 13.4.1 CSR PER MATRIX BEST,per-matrix-best,cuSPARSE-SpMM-CSR,best,solve-only,"csr-alg1,csr-alg2,csr-alg3,csr-default",manual-selection,csr,CUSPARSE_SPMM_CSR_ALG3,library-preprocess,spmm.csr.fp64,fp64,A100-SXM4-80GB,A100-SXM4-80GB,,9700.0,1cb4d392-df77-5092-a407-ab8ee1286933,suitesparse_all,Nemeth/nemeth26,nemeth26,9506,9506,1511760,4,row-major,N,N,1.0,0.0,20260922,main,pass,pass,0,0,12094080.0,50.83227,0.05171200037,50.8839820004,2.59332550037,233.873760702868,0.2376795117942013,4.663541078154088,2.4110696979677115,0.002450304245301044,0.04807774307375348,cuSPARSE 12.8.6,CUDA,13040,13000,2026-10-08T00:56:40.062810+00:00,derived,csr-alg3,0,0,,,,5,20,4,true
3,A100-SXM4-80GB-suitesparse_all-fp64-n4-row-major-cuSPARSE-SpMM-CSR-solve-only,cuSPARSE-SpMM-CSR-best-solve-only,cuSPARSE CUDA 13.4.1 CSR PER MATRIX BEST,per-matrix-best,cuSPARSE-SpMM-CSR,best,solve-only,"csr-alg1,csr-alg2,csr-alg3,csr-default",manual-selection,csr,CUSPARSE_SPMM_CSR_ALG1,library-preprocess,spmm.csr.fp64,fp64,A100-SXM4-80GB,A100-SXM4-80GB,,9700.0,1cb4d392-df77-5092-a407-ab8ee1286933,suitesparse_all,Newman/as-22july06,as-22july06,22963,22963,96872,4,row-major,N,N,1.0,0.0,20260922,main,pass,pass,0,0,774976.0,0.07882,0.0254976004362,0.104317600436,0.0294386004362,30.39407578525446,7.429005237476263,26.32516452946007,0.31334098747685013,0.07658768286058003,0.2713934487573203,cuSPARSE 12.8.6,CUDA,13040,13000,2026-10-07T21:06:17.131486+00:00,derived,csr-alg1,0,0,,,,5,20,4,true
3,A100-SXM4-80GB-suitesparse_all-fp64-n4-row-major-cuSPARSE-SpMM-CSR-solve-only,cuSPARSE-SpMM-CSR-best-solve-only,cuSPARSE CUDA 13.4.1 CSR PER MATRIX BEST,per-matrix-best,cuSPARSE-SpMM-CSR,best,solve-only,"csr-alg1,csr-alg2,csr-alg3,csr-default",manual-selection,csr,CUSPARSE_SPMM_CSR_ALG1,library-preprocess,spmm.csr.fp64,fp64,A100-SXM4-80GB,A100-SXM4-80GB,,9700.0,df7f742d-c1c4-51c9-b7da-d151d8293f2c,suitesparse_all,Newman/astro-ph,astro-ph,16706,16706,242502,4,row-major,N,N,1.0,0.0,20260922,main,pass,pass,0,0,1940016.0,0.07032,0.0304127991199,0.10073279912,0.0339287991199,63.78945891667662,19.259029997656636,57.17903522444851,0.6576232878007899,0.19854670100676944,0.5894745899427681,cuSPARSE 12.8.6,CUDA,13040,13000,2026-10-08T18:07:32.466452+00:00,derived,csr-alg1,0,0,,,,5,20,4,true
3,A100-SXM4-80GB-suitesparse_all-fp64-n4-row-major-cuSPARSE-SpMM-CSR-solve-only,cuSPARSE-SpMM-CSR-best-solve-only,cuSPARSE CUDA 13.4.1 CSR PER MATRIX BEST,per-matrix-best,cuSPARSE-SpMM-CSR,best,solve-only,"csr-alg1,csr-alg2,csr-alg3,csr-default",manual-selection,csr,CUSPARSE_SPMM_CSR_ALG3,library-preprocess,spmm.csr.fp64,fp64,A100-SXM4-80GB,A100-SXM4-80GB,,9700.0,0edb0287-e1df-52fd-b14b-f9e504b96222,suitesparse_all,Newman/cond-mat,cond-mat,16726,16726,95188,4,row-major,N,N,1.0,0.0,20260922,main,pass,pass,0,0,761504.0,60.935104,0.0168960005045,60.9520000005,3.0636512005,45.070074411822176,0.01249350308429179,0.24856093274447155,0.46463994238991935,0.00012879900086898752,0.002562483842726511,cuSPARSE 12.8.6,CUDA,13040,13000,2026-10-07T20:49:15.078778+00:00,derived,csr-alg3,0,0,,,,5,20,4,true
3,A100-SXM4-80GB-suitesparse_all-fp64-n4-row-major-cuSPARSE-SpMM-CSR-solve-only,cuSPARSE-SpMM-CSR-best-solve-only,cuSPARSE CUDA 13.4.1 CSR PER MATRIX BEST,per-matrix-best,cuSPARSE-SpMM-CSR,best,solve-only,"csr-alg1,csr-alg2,csr-alg3,csr-default",manual-selection,csr,CUSPARSE_SPMM_CSR_ALG3,library-preprocess,spmm.csr.fp64,fp64,A100-SXM4-80GB,A100-SXM4-80GB,,9700.0,1cb4d392-df77-5092-a407-ab8ee1286933,suitesparse_all,Newman/hep-th,hep-th,8361,8361,31502,4,row-major,N,N,1.0,0.0,20260922,main,pass,pass,0,0,252016.0,68.675757,0.0116736002266,68.6874306002,3.44546145023,21.588541247604557,0.0036690264550275115,0.07314433890507666,0.22256228090313973,3.7825015000283626e-05,0.0007540653495368727,cuSPARSE 12.8.6,CUDA,13040,13000,2026-10-08T01:21:31.551100+00:00,derived,csr-alg3,0,0,,,,5,20,4,true
3,A100-SXM4-80GB-suitesparse_all-fp64-n4-row-major-cuSPARSE-SpMM-CSR-solve-only,cuSPARSE-SpMM-CSR-best-solve-only,cuSPARSE CUDA 13.4.1 CSR PER MATRIX BEST,per-matrix-best,cuSPARSE-SpMM-CSR,best,solve-only,"csr-alg1,csr-alg2,csr-alg3,csr-default",manual-selection,csr,CUSPARSE_SPMM_CSR_ALG3,library-preprocess,spmm.csr.fp64,fp64,A100-SXM4-80GB,A100-SXM4-80GB,,9700.0,df7f742d-c1c4-51c9-b7da-d151d8293f2c,suitesparse_all,Newman/karate,karate,34,34,156,4,row-major,N,N,1.0,0.0,20260922,main,pass,pass,0,0,1248.0,56.433103,0.00670719966292,56.4398101997,2.82836234966,0.18606871164122754,2.2112051680971698e-05,0.0004412447366052738,0.0019182341406312115,2.279592956801206e-07,4.548914810363648e-06,cuSPARSE 12.8.6,CUDA,13040,13000,2026-10-08T23:17:45.005211+00:00,derived,csr-alg3,0,0,,,,5,20,4,true
3,A100-SXM4-80GB-suitesparse_all-fp64-n4-row-major-cuSPARSE-SpMM-CSR-solve-only,cuSPARSE-SpMM-CSR-best-solve-only,cuSPARSE CUDA 13.4.1 CSR PER MATRIX BEST,per-matrix-best,cuSPARSE-SpMM-CSR,best,solve-only,"csr-alg1,csr-alg2,csr-alg3,csr-default",manual-selection,csr,CUSPARSE_SPMM_CSR_ALG3,library-preprocess,spmm.csr.fp64,fp64,A100-SXM4-80GB,A100-SXM4-80GB,,9700.0,0edb0287-e1df-52fd-b14b-f9e504b96222,suitesparse_all,Newman/netscience,netscience,1589,1589,5484,4,row-major,N,N,1.0,0.0,20260922,main,pass,pass,0,0,43872.0,57.014153,0.00783360004425,57.0219866,2.85854125004,5.6004901644426965,0.0007693874348460529,0.015347688265609633,0.05773701200456388,7.93182922521704e-06,0.00015822359036710962,cuSPARSE 12.8.6,CUDA,13040,13000,2026-10-07T20:49:15.919617+00:00,derived,csr-alg3,0,0,,,,5,20,4,true
3,A100-SXM4-80GB-suitesparse_all-fp64-n4-row-major-cuSPARSE-SpMM-CSR-solve-only,cuSPARSE-SpMM-CSR-best-solve-only,cuSPARSE CUDA 13.4.1 CSR PER MATRIX BEST,per-matrix-best,cuSPARSE-SpMM-CSR,best,solve-only,"csr-alg1,csr-alg2,csr-alg3,csr-default",manual-selection,csr,CUSPARSE_SPMM_CSR_ALG3,library-preprocess,spmm.csr.fp64,fp64,A100-SXM4-80GB,A100-SXM4-80GB,,9700.0,df7f742d-c1c4-51c9-b7da-d151d8293f2c,suitesparse_all,Norris/fv1,fv1,9604,9604,85264,4,row-major,N,N,1.0,0.0,20260922,main,pass,pass,0,0,682112.0,48.375079,0.00794560015202,48.3830246002,2.42669955015,85.84776315815333,0.01409816781064118,0.281086300921693,0.8850284861665291,0.00014534193619217712,0.0028977969167184848,cuSPARSE 12.8.6,CUDA,13040,13000,2026-10-08T22:50:06.661852+00:00,derived,csr-alg3,0,0,,,,5,20,4,true
3,A100-SXM4-80GB-suitesparse_all-fp64-n4-row-major-cuSPARSE-SpMM-CSR-solve-only,cuSPARSE-SpMM-CSR-best-solve-only,cuSPARSE CUDA 13.4.1 CSR PER MATRIX BEST,per-matrix-best,cuSPARSE-SpMM-CSR,best,solve-only,"csr-alg1,csr-alg2,csr-alg3,csr-default",manual-selection,csr,CUSPARSE_SPMM_CSR_ALG3,library-preprocess,spmm.csr.fp64,fp64,A100-SXM4-80GB,A100-SXM4-80GB,,9700.0,0edb0287-e1df-52fd-b14b-f9e504b96222,suitesparse_all,Norris/fv3,fv3,9801,9801,87025,4,row-major,N,N,1.0,0.0,20260922,main,pass,pass,0,0,696200.0,50.4148,0.00942080020905,50.4242208002,2.53016080021,73.9003040666548,0.013806856882501169,0.27516037713579955,0.7618588048108742,0.00014233873074743472,0.0028367049189257686,cuSPARSE 12.8.6,CUDA,13040,13000,2026-10-07T20:04:06.234956+00:00,derived,csr-alg3,0,0,,,,5,20,4,true
3,A100-SXM4-80GB-suitesparse_all-fp64-n4-row-major-cuSPARSE-SpMM-CSR-solve-only,cuSPARSE-SpMM-CSR-best-solve-only,cuSPARSE CUDA 13.4.1 CSR PER MATRIX BEST,per-matrix-best,cuSPARSE-SpMM-CSR,best,solve-only,"csr-alg1,csr-alg2,csr-alg3,csr-default",manual-selection,csr,CUSPARSE_SPMM_CSR_ALG3,library-preprocess,spmm.csr.fp64,fp64,A100-SXM4-80GB,A100-SXM4-80GB,,9700.0,1cb4d392-df77-5092-a407-ab8ee1286933,suitesparse_all,Norris/lung2,lung2,109460,109460,492564,4,row-major,N,N,1.0,0.0,20260922,main,pass,pass,0,0,3940512.0,47.560499,0.0499711990356,47.610470199,2.42799614904,78.85566238250033,0.08276566023249998,1.622948208364346,0.8129449730154673,0.0008532542292010307,0.016731424828498414,cuSPARSE 12.8.6,CUDA,13040,13000,2026-10-08T00:57:29.805816+00:00,derived,csr-alg3,0,0,,,,5,20,4,true
3,A100-SXM4-80GB-suitesparse_all-fp64-n4-row-major-cuSPARSE-SpMM-CSR-solve-only,cuSPARSE-SpMM-CSR-best-solve-only,cuSPARSE CUDA 13.4.1 CSR PER MATRIX BEST,per-matrix-best,cuSPARSE-SpMM-CSR,best,solve-only,"csr-alg1,csr-alg2,csr-alg3,csr-default",manual-selection,csr,CUSPARSE_SPMM_CSR_ALG3,library-preprocess,spmm.csr.fp64,fp64,A100-SXM4-80GB,A100-SXM4-80GB,,9700.0,df7f742d-c1c4-51c9-b7da-d151d8293f2c,suitesparse_all,Norris/stomach,stomach,213360,213360,3021648,4,row-major,N,N,1.0,0.0,20260922,main,pass,pass,0,0,24173184.0,54.226171,0.170035195351,54.3962061954,2.88134374535,142.16576721131068,0.44439099140785665,8.389552284072812,1.4656264660959863,0.00458135042688512,0.0864902297327094,cuSPARSE 12.8.6,CUDA,13040,13000,2026-10-08T22:50:17.482765+00:00,derived,csr-alg3,0,0,,,,5,20,4,true
3,A100-SXM4-80GB-suitesparse_all-fp64-n4-row-major-cuSPARSE-SpMM-CSR-solve-only,cuSPARSE-SpMM-CSR-best-solve-only,cuSPARSE CUDA 13.4.1 CSR PER MATRIX BEST,per-matrix-best,cuSPARSE-SpMM-CSR,best,solve-only,"csr-alg1,csr-alg2,csr-alg3,csr-default",manual-selection,csr,CUSPARSE_SPMM_CSR_ALG3,library-preprocess,spmm.csr.fp64,fp64,A100-SXM4-80GB,A100-SXM4-80GB,,9700.0,0edb0287-e1df-52fd-b14b-f9e504b96222,suitesparse_all,Norris/torso2,torso2,115967,115967,1033473,4,row-major,N,N,1.0,0.0,20260922,main,pass,pass,0,0,8267784.0,56.604693,0.0552447974682,56.6599377975,2.88547944747,149.65724156666698,0.14591939775064133,2.8653068408611353,1.542858160481103,0.0015043236881509417,0.02953924578207356,cuSPARSE 12.8.6,CUDA,13040,13000,2026-10-07T20:04:11.191764+00:00,derived,csr-alg3,0,0,,,,5,20,4,true
3,A100-SXM4-80GB-suitesparse_all-fp64-n4-row-major-cuSPARSE-SpMM-CSR-solve-only,cuSPARSE-SpMM-CSR-best-solve-only,cuSPARSE CUDA 13.4.1 CSR PER MATRIX BEST,per-matrix-best,cuSPARSE-SpMM-CSR,best,solve-only,"csr-alg1,csr-alg2,csr-alg3,csr-default",manual-selection,csr,CUSPARSE_SPMM_CSR_ALG1,library-preprocess,spmm.csr.fp64,fp64,A100-SXM4-80GB,A100-SXM4-80GB,,9700.0,1cb4d392-df77-5092-a407-ab8ee1286933,suitesparse_all,NYPA/Maragal_3,Maragal_3,1690,860,18391,4,row-major,N,N,1.0,0.0,20260922,main,pass,pass,0,0,147128.0,2.426121,0.0138239994645,2.43994499946,0.135130049465,10.64294022709017,0.06029971988408011,1.088788175409553,0.10972103326897081,0.000621646596743094,0.011224620365046938,cuSPARSE 12.8.6,CUDA,13040,13000,2026-10-07T20:54:59.204110+00:00,derived,csr-alg1,0,0,,,,5,20,4,true
3,A100-SXM4-80GB-suitesparse_all-fp64-n4-row-major-cuSPARSE-SpMM-CSR-solve-only,cuSPARSE-SpMM-CSR-best-solve-only,cuSPARSE CUDA 13.4.1 CSR PER MATRIX BEST,per-matrix-best,cuSPARSE-SpMM-CSR,best,solve-only,"csr-alg1,csr-alg2,csr-alg3,csr-default",manual-selection,csr,CUSPARSE_SPMM_CSR_ALG3,library-preprocess,spmm.csr.fp64,fp64,A100-SXM4-80GB,A100-SXM4-80GB,,9700.0,df7f742d-c1c4-51c9-b7da-d151d8293f2c,suitesparse_all,NYPA/Maragal_4,Maragal_4,1964,1034,26719,4,row-major,N,N,1.0,0.0,20260922,main,pass,pass,0,0,213752.0,54.381012,0.0134655997157,54.3944775997,2.73251619972,15.873930943512253,0.003929663624551087,0.07822533678735485,0.1636487726135284,4.051199612939265e-05,0.0008064467710036583,cuSPARSE 12.8.6,CUDA,13040,13000,2026-10-08T23:00:20.974017+00:00,derived,csr-alg3,0,0,,,,5,20,4,true
3,A100-SXM4-80GB-suitesparse_all-fp64-n4-row-major-cuSPARSE-SpMM-CSR-solve-only,cuSPARSE-SpMM-CSR-best-solve-only,cuSPARSE CUDA 13.4.1 CSR PER MATRIX BEST,per-matrix-best,cuSPARSE-SpMM-CSR,best,solve-only,"csr-alg1,csr-alg2,csr-alg3,csr-default",manual-selection,csr,CUSPARSE_SPMM_CSR_ALG3,library-preprocess,spmm.csr.fp64,fp64,A100-SXM4-80GB,A100-SXM4-80GB,,9700.0,0edb0287-e1df-52fd-b14b-f9e504b96222,suitesparse_all,NYPA/Maragal_6,Maragal_6,21255,10152,537694,4,row-major,N,N,1.0,0.0,20260922,main,pass,pass,0,0,4301552.0,51.19763,0.0367103993893,51.2343403994,2.59659189939,117.17529832306253,0.0839583757001071,1.6566145804469832,1.2079927662171395,0.0008655502649495578,0.017078500829350342,cuSPARSE 12.8.6,CUDA,13040,13000,2026-10-07T20:16:04.501310+00:00,derived,csr-alg3,0,0,,,,5,20,4,true
3,A100-SXM4-80GB-suitesparse_all-fp64-n4-row-major-cuSPARSE-SpMM-CSR-solve-only,cuSPARSE-SpMM-CSR-best-solve-only,cuSPARSE CUDA 13.4.1 CSR PER MATRIX BEST,per-matrix-best,cuSPARSE-SpMM-CSR,best,solve-only,"csr-alg1,csr-alg2,csr-alg3,csr-default",manual-selection,csr,CUSPARSE_SPMM_CSR_ALG3,library-preprocess,spmm.csr.fp64,fp64,A100-SXM4-80GB,A100-SXM4-80GB,,9700.0,0edb0287-e1df-52fd-b14b-f9e504b96222,suitesparse_all,NYPA/Maragal_8,Maragal_8,33212,75077,1308415,4,row-major,N,N,1.0,0.0,20260922,main,pass,pass,0,0,10467320.0,58.303093,0.0506879985332,58.3537809985,2.96584264853,206.50489865256836,0.17937689419420938,3.5292904042593283,2.128916480954313,0.0018492463318990659,0.03638443715731266,cuSPARSE 12.8.6,CUDA,13040,13000,2026-10-07T20:40:53.075054+00:00,derived,csr-alg3,0,0,,,,5,20,4,true
3,A100-SXM4-80GB-suitesparse_all-fp64-n4-row-major-cuSPARSE-SpMM-CSR-solve-only,cuSPARSE-SpMM-CSR-best-solve-only,cuSPARSE CUDA 13.4.1 CSR PER MATRIX BEST,per-matrix-best,cuSPARSE-SpMM-CSR,best,solve-only,"csr-alg1,csr-alg2,csr-alg3,csr-default",manual-selection,csr,CUSPARSE_SPMM_CSR_ALG3,library-preprocess,spmm.csr.fp64,fp64,A100-SXM4-80GB,A100-SXM4-80GB,,9700.0,1cb4d392-df77-5092-a407-ab8ee1286933,suitesparse_all,Oberwolfach/boneS01,boneS01,127224,127224,6715152,4,row-major,N,N,1.0,0.0,20260922,main,pass,pass,0,0,53721216.0,56.815473,0.239308810234,57.0547818102,3.08008246023,224.48490695963318,0.9415725430115651,17.441486289295145,2.3142773913364243,0.009706933433108918,0.17980913700304274,cuSPARSE 12.8.6,CUDA,13040,13000,2026-10-08T01:04:17.033425+00:00,derived,csr-alg3,0,0,,,,5,20,4,true
3,A100-SXM4-80GB-suitesparse_all-fp64-n4-row-major-cuSPARSE-SpMM-CSR-solve-only,cuSPARSE-SpMM-CSR-best-solve-only,cuSPARSE CUDA 13.4.1 CSR PER MATRIX BEST,per-matrix-best,cuSPARSE-SpMM-CSR,best,solve-only,"csr-alg1,csr-alg2,csr-alg3,csr-default",manual-selection,csr,CUSPARSE_SPMM_CSR_ALG3,library-preprocess,spmm.csr.fp64,fp64,A100-SXM4-80GB,A100-SXM4-80GB,,9700.0,df7f742d-c1c4-51c9-b7da-d151d8293f2c,suitesparse_all,Oberwolfach/boneS10,boneS10,914898,914898,55468422,4,row-major,N,N,1.0,0.0,20260922,main,pass,pass,0,0,443747376.0,55.417942,1.9851776123,57.4031196123,4.7560747123,223.53031449205207,7.7303703874818055,93.30117856483531,2.3044362318768252,0.07969454007713202,0.9618678202560342,cuSPARSE 12.8.6,CUDA,13040,13000,2026-10-08T22:57:26.385179+00:00,derived,csr-alg3,0,0,,,,5,20,4,true
3,A100-SXM4-80GB-suitesparse_all-fp64-n4-row-major-cuSPARSE-SpMM-CSR-solve-only,cuSPARSE-SpMM-CSR-best-solve-only,cuSPARSE CUDA 13.4.1 CSR PER MATRIX BEST,per-matrix-best,cuSPARSE-SpMM-CSR,best,solve-only,"csr-alg1,csr-alg2,csr-alg3,csr-default",manual-selection,csr,CUSPARSE_SPMM_CSR_ALG3,library-preprocess,spmm.csr.fp64,fp64,A100-SXM4-80GB,A100-SXM4-80GB,,9700.0,1cb4d392-df77-5092-a407-ab8ee1286933,suitesparse_all,Oberwolfach/filter2D,filter2D,1668,1668,10750,4,row-major,N,N,1.0,0.0,20260922,main,pass,pass,0,0,86000.0,55.106552,0.00481280013919,55.1113648001,2.76014040014,17.869015440660686,0.0015604766877383512,0.031157835302739637,0.18421665402742973,1.6087388533385065e-05,0.0003212147969354602,cuSPARSE 12.8.6,CUDA,13040,13000,2026-10-08T01:03:58.740021+00:00,derived,csr-alg3,0,0,,,,5,20,4,true
3,A100-SXM4-80GB-suitesparse_all-fp64-n4-row-major-cuSPARSE-SpMM-CSR-solve-only,cuSPARSE-SpMM-CSR-best-solve-only,cuSPARSE CUDA 13.4.1 CSR PER MATRIX BEST,per-matrix-best,cuSPARSE-SpMM-CSR,best,solve-only,"csr-alg1,csr-alg2,csr-alg3,csr-default",manual-selection,csr,CUSPARSE_SPMM_CSR_ALG3,library-preprocess,spmm.csr.fp64,fp64,A100-SXM4-80GB,A100-SXM4-80GB,,9700.0,df7f742d-c1c4-51c9-b7da-d151d8293f2c,suitesparse_all,Oberwolfach/filter3D,filter3D,106437,106437,2707179,4,row-major,N,N,1.0,0.0,20260922,main,pass,pass,0,0,21657432.0,49.158659,0.102655994892,49.2613149949,2.56058894489,210.97094254246778,0.4396438057376703,8.457988558929118,2.174958170540905,0.00453241036842959,0.08719575833947545,cuSPARSE 12.8.6,CUDA,13040,13000,2026-10-08T22:55:15.306175+00:00,derived,csr-alg3,0,0,,,,5,20,4,true
3,A100-SXM4-80GB-suitesparse_all-fp64-n4-row-major-cuSPARSE-SpMM-CSR-solve-only,cuSPARSE-SpMM-CSR-best-solve-only,cuSPARSE CUDA 13.4.1 CSR PER MATRIX BEST,per-matrix-best,cuSPARSE-SpMM-CSR,best,solve-only,"csr-alg1,csr-alg2,csr-alg3,csr-default",manual-selection,csr,CUSPARSE_SPMM_CSR_ALG3,library-preprocess,spmm.csr.fp64,fp64,A100-SXM4-80GB,A100-SXM4-80GB,,9700.0,0edb0287-e1df-52fd-b14b-f9e504b96222,suitesparse_all,Oberwolfach/flowmeter5,flowmeter5,9669,9669,67391,4,row-major,N,N,1.0,0.0,20260922,main,pass,pass,0,0,539128.0,50.25348,0.00942080020905,50.2629008002,2.52209480021,57.2274104148915,0.010726161670276197,0.2137619886275131,0.5899733032463041,0.00011057898629150719,0.0022037318415207537,cuSPARSE 12.8.6,CUDA,13040,13000,2026-10-07T20:11:40.119804+00:00,derived,csr-alg3,0,0,,,,5,20,4,true
3,A100-SXM4-80GB-suitesparse_all-fp64-n4-row-major-cuSPARSE-SpMM-CSR-solve-only,cuSPARSE-SpMM-CSR-best-solve-only,cuSPARSE CUDA 13.4.1 CSR PER MATRIX BEST,per-matrix-best,cuSPARSE-SpMM-CSR,best,solve-only,"csr-alg1,csr-alg2,csr-alg3,csr-default",manual-selection,csr,CUSPARSE_SPMM_CSR_ALG3,library-preprocess,spmm.csr.fp64,fp64,A100-SXM4-80GB,A100-SXM4-80GB,,9700.0,1cb4d392-df77-5092-a407-ab8ee1286933,suitesparse_all,Oberwolfach/LF10,LF10,18,18,82,4,row-major,N,N,1.0,0.0,20260922,main,pass,pass,0,0,656.0,56.964543,0.00448639988899,56.9690293999,2.85271354989,0.1462196897806365,1.1515028549901036e-05,0.0002299564917849166,0.0015074194822746031,1.1871163453506224e-07,2.3706854823187276e-06,cuSPARSE 12.8.6,CUDA,13040,13000,2026-10-08T01:03:59.692151+00:00,derived,csr-alg3,0,0,,,,5,20,4,true
3,A100-SXM4-80GB-suitesparse_all-fp64-n4-row-major-cuSPARSE-SpMM-CSR-solve-only,cuSPARSE-SpMM-CSR-best-solve-only,cuSPARSE CUDA 13.4.1 CSR PER MATRIX BEST,per-matrix-best,cuSPARSE-SpMM-CSR,best,solve-only,"csr-alg1,csr-alg2,csr-alg3,csr-default",manual-selection,csr,CUSPARSE_SPMM_CSR_ALG3,library-preprocess,spmm.csr.fp64,fp64,A100-SXM4-80GB,A100-SXM4-80GB,,9700.0,df7f742d-c1c4-51c9-b7da-d151d8293f2c,suitesparse_all,Oberwolfach/LFAT5000,LFAT5000,19994,19994,79966,4,row-major,N,N,1.0,0.0,20260922,main,pass,pass,0,0,639728.0,46.442469,0.010342399776,46.4528113998,2.33246584978,61.854889953540315,0.013771566902466411,0.2742711110048362,0.6376792778715497,0.00014197491652027228,0.0028275372268539815,cuSPARSE 12.8.6,CUDA,13040,13000,2026-10-08T22:55:16.398292+00:00,derived,csr-alg3,0,0,,,,5,20,4,true
3,A100-SXM4-80GB-suitesparse_all-fp64-n4-row-major-cuSPARSE-SpMM-CSR-solve-only,cuSPARSE-SpMM-CSR-best-solve-only,cuSPARSE CUDA 13.4.1 CSR PER MATRIX BEST,per-matrix-best,cuSPARSE-SpMM-CSR,best,solve-only,"csr-alg1,csr-alg2,csr-alg3,csr-default",manual-selection,csr,CUSPARSE_SPMM_CSR_ALG3,library-preprocess,spmm.csr.fp64,fp64,A100-SXM4-80GB,A100-SXM4-80GB,,9700.0,0edb0287-e1df-52fd-b14b-f9e504b96222,suitesparse_all,Oberwolfach/piston,piston,2025,2025,100015,4,row-major,N,N,1.0,0.0,20260922,main,pass,pass,0,0,800120.0,54.234402,0.010342399776,54.2447443998,2.72206249978,77.3630895468491,0.014750184720253749,0.29393887909064054,0.7975576241943206,0.00015206376000261596,0.0030302977225839228,cuSPARSE 12.8.6,CUDA,13040,13000,2026-10-07T20:11:41.323706+00:00,derived,csr-alg3,0,0,,,,5,20,4,true
3,A100-SXM4-80GB-suitesparse_all-fp64-n4-row-major-cuSPARSE-SpMM-CSR-solve-only,cuSPARSE-SpMM-CSR-best-solve-only,cuSPARSE CUDA 13.4.1 CSR PER MATRIX BEST,per-matrix-best,cuSPARSE-SpMM-CSR,best,solve-only,"csr-alg1,csr-alg2,csr-alg3,csr-default",manual-selection,csr,CUSPARSE_SPMM_CSR_ALG3,library-preprocess,spmm.csr.fp64,fp64,A100-SXM4-80GB,A100-SXM4-80GB,,9700.0,1cb4d392-df77-5092-a407-ab8ee1286933,suitesparse_all,Oberwolfach/spiral,spiral,1434,1434,18228,4,row-major,N,N,1.0,0.0,20260922,main,pass,pass,0,0,145824.0,54.993102,0.00930560007691,55.0024076001,2.75896070008,15.670563831969668,0.002651229398178833,0.05285468546027917,0.16155220445329554,2.7332261836895185e-05,0.0005448936645389605,cuSPARSE 12.8.6,CUDA,13040,13000,2026-10-08T01:04:00.592793+00:00,derived,csr-alg3,0,0,,,,5,20,4,true
3,A100-SXM4-80GB-suitesparse_all-fp64-n4-row-major-cuSPARSE-SpMM-CSR-solve-only,cuSPARSE-SpMM-CSR-best-solve-only,cuSPARSE CUDA 13.4.1 CSR PER MATRIX BEST,per-matrix-best,cuSPARSE-SpMM-CSR,best,solve-only,"csr-alg1,csr-alg2,csr-alg3,csr-default",manual-selection,csr,CUSPARSE_SPMM_CSR_ALG3,library-preprocess,spmm.csr.fp64,fp64,A100-SXM4-80GB,A100-SXM4-80GB,,9700.0,df7f742d-c1c4-51c9-b7da-d151d8293f2c,suitesparse_all,Oberwolfach/t2dah,t2dah,11445,11445,176117,4,row-major,N,N,1.0,0.0,20260922,main,pass,pass,0,0,1408936.0,45.675718,0.011571200192,45.6872892002,2.29535710019,121.76230439553699,0.030838686747775623,0.6138199585081442,1.2552814886137833,0.0003179246056471714,0.006328040809362311,cuSPARSE 12.8.6,CUDA,13040,13000,2026-10-08T22:55:17.441035+00:00,derived,csr-alg3,0,0,,,,5,20,4,true
3,A100-SXM4-80GB-suitesparse_all-fp64-n4-row-major-cuSPARSE-SpMM-CSR-solve-only,cuSPARSE-SpMM-CSR-best-solve-only,cuSPARSE CUDA 13.4.1 CSR PER MATRIX BEST,per-matrix-best,cuSPARSE-SpMM-CSR,best,solve-only,"csr-alg1,csr-alg2,csr-alg3,csr-default",manual-selection,csr,CUSPARSE_SPMM_CSR_ALG3,library-preprocess,spmm.csr.fp64,fp64,A100-SXM4-80GB,A100-SXM4-80GB,,9700.0,0edb0287-e1df-52fd-b14b-f9e504b96222,suitesparse_all,Oberwolfach/t2dal,t2dal,4257,4257,37465,4,row-major,N,N,1.0,0.0,20260922,main,pass,pass,0,0,299720.0,66.853127,0.00701439976692,66.8601413998,3.34967074977,42.72924412057086,0.0044827903998554295,0.08947745088695054,0.44050767134609137,4.621433401912814e-05,0.0009224479472881498,cuSPARSE 12.8.6,CUDA,13040,13000,2026-10-07T20:11:43.037884+00:00,derived,csr-alg3,0,0,,,,5,20,4,true
3,A100-SXM4-80GB-suitesparse_all-fp64-n4-row-major-cuSPARSE-SpMM-CSR-solve-only,cuSPARSE-SpMM-CSR-best-solve-only,cuSPARSE CUDA 13.4.1 CSR PER MATRIX BEST,per-matrix-best,cuSPARSE-SpMM-CSR,best,solve-only,"csr-alg1,csr-alg2,csr-alg3,csr-default",manual-selection,csr,CUSPARSE_SPMM_CSR_ALG3,library-preprocess,spmm.csr.fp64,fp64,A100-SXM4-80GB,A100-SXM4-80GB,,9700.0,1cb4d392-df77-5092-a407-ab8ee1286933,suitesparse_all,Oberwolfach/t2dal_a,t2dal_a,4257,4257,37465,4,row-major,N,N,1.0,0.0,20260922,main,pass,pass,0,0,299720.0,60.302904,0.00593920014799,60.3088432001,3.02108440015,50.46470779426992,0.004969752097641014,0.09920940970239646,0.5202547195285558,5.1234557707639325e-05,0.0010227774196123346,cuSPARSE 12.8.6,CUDA,13040,13000,2026-10-08T00:59:31.070575+00:00,derived,csr-alg3,0,0,,,,5,20,4,true
3,A100-SXM4-80GB-suitesparse_all-fp64-n4-row-major-cuSPARSE-SpMM-CSR-solve-only,cuSPARSE-SpMM-CSR-best-solve-only,cuSPARSE CUDA 13.4.1 CSR PER MATRIX BEST,per-matrix-best,cuSPARSE-SpMM-CSR,best,solve-only,"csr-alg1,csr-alg2,csr-alg3,csr-default",manual-selection,csr,CUSPARSE_SPMM_CSR_ALG3,library-preprocess,spmm.csr.fp64,fp64,A100-SXM4-80GB,A100-SXM4-80GB,,9700.0,df7f742d-c1c4-51c9-b7da-d151d8293f2c,suitesparse_all,Oberwolfach/t2dal_e,t2dal_e,4257,4257,4257,4,row-major,N,N,1.0,0.0,20260922,main,pass,pass,0,0,34056.0,53.435081,0.00655359998345,53.4416346,2.67830764998,5.19653321624796,0.0006372559569875132,0.012715492187857625,0.05357250738399959,6.569649041108383e-06,0.00013108754832842913,cuSPARSE 12.8.6,CUDA,13040,13000,2026-10-08T22:52:17.142420+00:00,derived,csr-alg3,0,0,,,,5,20,4,true
3,A100-SXM4-80GB-suitesparse_all-fp64-n4-row-major-cuSPARSE-SpMM-CSR-solve-only,cuSPARSE-SpMM-CSR-best-solve-only,cuSPARSE CUDA 13.4.1 CSR PER MATRIX BEST,per-matrix-best,cuSPARSE-SpMM-CSR,best,solve-only,"csr-alg1,csr-alg2,csr-alg3,csr-default",manual-selection,csr,CUSPARSE_SPMM_CSR_ALG3,library-preprocess,spmm.csr.fp64,fp64,A100-SXM4-80GB,A100-SXM4-80GB,,9700.0,0edb0287-e1df-52fd-b14b-f9e504b96222,suitesparse_all,Oberwolfach/t3dh_e,t3dh_e,79171,79171,4352105,4,row-major,N,N,1.0,0.0,20260922,main,pass,pass,0,0,34816840.0,54.063391,0.160409605503,54.2238006055,2.8635791555,217.04959557019075,0.6420951613721535,12.158504483149427,2.2376246965999047,0.006619537746104675,0.1253454070427776,cuSPARSE 12.8.6,CUDA,13040,13000,2026-10-07T20:07:18.524293+00:00,derived,csr-alg3,0,0,,,,5,20,4,true
3,A100-SXM4-80GB-suitesparse_all-fp64-n4-row-major-cuSPARSE-SpMM-CSR-solve-only,cuSPARSE-SpMM-CSR-best-solve-only,cuSPARSE CUDA 13.4.1 CSR PER MATRIX BEST,per-matrix-best,cuSPARSE-SpMM-CSR,best,solve-only,"csr-alg1,csr-alg2,csr-alg3,csr-default",manual-selection,csr,CUSPARSE_SPMM_CSR_ALG3,library-preprocess,spmm.csr.fp64,fp64,A100-SXM4-80GB,A100-SXM4-80GB,,9700.0,df7f742d-c1c4-51c9-b7da-d151d8293f2c,suitesparse_all,Okunbor/aft01,aft01,8205,8205,125567,4,row-major,N,N,1.0,0.0,20260922,main,pass,pass,0,0,1004536.0,52.456801,0.0102912001312,52.4670922001,2.63313125013,97.61116169090246,0.019146020064708016,0.3814986434688378,1.0063006359886852,0.00019738165015162904,0.003932975705864307,cuSPARSE 12.8.6,CUDA,13040,13000,2026-10-08T22:49:06.671582+00:00,derived,csr-alg3,0,0,,,,5,20,4,true
3,A100-SXM4-80GB-suitesparse_all-fp64-n4-row-major-cuSPARSE-SpMM-CSR-solve-only,cuSPARSE-SpMM-CSR-best-solve-only,cuSPARSE CUDA 13.4.1 CSR PER MATRIX BEST,per-matrix-best,cuSPARSE-SpMM-CSR,best,solve-only,"csr-alg1,csr-alg2,csr-alg3,csr-default",manual-selection,csr,CUSPARSE_SPMM_CSR_ALG3,library-preprocess,spmm.csr.fp64,fp64,A100-SXM4-80GB,A100-SXM4-80GB,,9700.0,0edb0287-e1df-52fd-b14b-f9e504b96222,suitesparse_all,Pajek/Cities,Cities,55,46,1342,4,row-major,N,N,1.0,0.0,20260922,main,pass,pass,0,0,10736.0,60.339835,0.00757760033011,60.3474126003,3.02456935033,1.416807370710742,0.00017790323623496378,0.0035495962421323328,0.01460626155371899,1.8340539818037504e-06,3.65937756920859e-05,cuSPARSE 12.8.6,CUDA,13040,13000,2026-10-07T20:11:44.231376+00:00,derived,csr-alg3,0,0,,,,5,20,4,true
3,A100-SXM4-80GB-suitesparse_all-fp64-n4-row-major-cuSPARSE-SpMM-CSR-solve-only,cuSPARSE-SpMM-CSR-best-solve-only,cuSPARSE CUDA 13.4.1 CSR PER MATRIX BEST,per-matrix-best,cuSPARSE-SpMM-CSR,best,solve-only,"csr-alg1,csr-alg2,csr-alg3,csr-default",manual-selection,csr,CUSPARSE_SPMM_CSR_ALG3,library-preprocess,spmm.csr.fp64,fp64,A100-SXM4-80GB,A100-SXM4-80GB,,9700.0,1cb4d392-df77-5092-a407-ab8ee1286933,suitesparse_all,Pajek/EAT_SR,EAT_SR,23219,23219,325589,4,row-major,N,N,1.0,0.0,20260922,main,pass,pass,0,0,2604712.0,52.493481,0.0165375992656,52.5100185993,2.64121164927,157.50242572500127,0.04960409593217556,0.9861807177474442,1.6237363476804254,0.0005113824322904697,0.010166811523169528,cuSPARSE 12.8.6,CUDA,13040,13000,2026-10-08T01:04:18.619868+00:00,derived,csr-alg3,0,0,,,,5,20,4,true
3,A100-SXM4-80GB-suitesparse_all-fp64-n4-row-major-cuSPARSE-SpMM-CSR-solve-only,cuSPARSE-SpMM-CSR-best-solve-only,cuSPARSE CUDA 13.4.1 CSR PER MATRIX BEST,per-matrix-best,cuSPARSE-SpMM-CSR,best,solve-only,"csr-alg1,csr-alg2,csr-alg3,csr-default",manual-selection,csr,CUSPARSE_SPMM_CSR_ALG1,library-preprocess,spmm.csr.fp64,fp64,A100-SXM4-80GB,A100-SXM4-80GB,,9700.0,df7f742d-c1c4-51c9-b7da-d151d8293f2c,suitesparse_all,Pajek/EPA,EPA,4772,4772,8965,4,row-major,N,N,1.0,0.0,20260922,main,pass,pass,0,0,71720.0,0.05826,0.0177663996816,0.0760263996816,0.0206793996816,4.036833645833024,0.9433565222128724,3.4681857841267325,0.04161684170961881,0.009725324971266726,0.03575449261986322,cuSPARSE 12.8.6,CUDA,13040,13000,2026-10-08T17:47:08.469359+00:00,derived,csr-alg1,0,0,,,,5,20,4,true
3,A100-SXM4-80GB-suitesparse_all-fp64-n4-row-major-cuSPARSE-SpMM-CSR-solve-only,cuSPARSE-SpMM-CSR-best-solve-only,cuSPARSE CUDA 13.4.1 CSR PER MATRIX BEST,per-matrix-best,cuSPARSE-SpMM-CSR,best,solve-only,"csr-alg1,csr-alg2,csr-alg3,csr-default",manual-selection,csr,CUSPARSE_SPMM_CSR_ALG3,library-preprocess,spmm.csr.fp64,fp64,A100-SXM4-80GB,A100-SXM4-80GB,,9700.0,0edb0287-e1df-52fd-b14b-f9e504b96222,suitesparse_all,Pajek/Erdos971,Erdos971,472,472,2628,4,row-major,N,N,1.0,0.0,20260922,main,pass,pass,0,0,21024.0,49.775769,0.00757760033011,49.7833466003,2.49636605033,2.774493122375432,0.00042230989750040846,0.008421841819720626,0.028603021880159094,4.3537102835093654e-06,8.68231115435116e-05,cuSPARSE 12.8.6,CUDA,13040,13000,2026-10-07T20:11:45.299880+00:00,derived,csr-alg3,0,0,,,,5,20,4,true
3,A100-SXM4-80GB-suitesparse_all-fp64-n4-row-major-cuSPARSE-SpMM-CSR-solve-only,cuSPARSE-SpMM-CSR-best-solve-only,cuSPARSE CUDA 13.4.1 CSR PER MATRIX BEST,per-matrix-best,cuSPARSE-SpMM-CSR,best,solve-only,"csr-alg1,csr-alg2,csr-alg3,csr-default",manual-selection,csr,CUSPARSE_SPMM_CSR_ALG3,library-preprocess,spmm.csr.fp64,fp64,A100-SXM4-80GB,A100-SXM4-80GB,,9700.0,1cb4d392-df77-5092-a407-ab8ee1286933,suitesparse_all,Pajek/Erdos992,Erdos992,6100,6100,15030,4,row-major,N,N,1.0,0.0,20260922,main,pass,pass,0,0,120240.0,54.321892,0.011571200192,54.3334632002,2.72766580019,10.391316199259133,0.002213000845481858,0.04408164665613525,0.10712697112638281,2.2814441705998535e-05,0.00045444996552716755,cuSPARSE 12.8.6,CUDA,13040,13000,2026-10-08T01:04:19.394024+00:00,derived,csr-alg3,0,0,,,,5,20,4,true
3,A100-SXM4-80GB-suitesparse_all-fp64-n4-row-major-cuSPARSE-SpMM-CSR-solve-only,cuSPARSE-SpMM-CSR-best-solve-only,cuSPARSE CUDA 13.4.1 CSR PER MATRIX BEST,per-matrix-best,cuSPARSE-SpMM-CSR,best,solve-only,"csr-alg1,csr-alg2,csr-alg3,csr-default",manual-selection,csr,CUSPARSE_SPMM_CSR_ALG1,library-preprocess,spmm.csr.fp64,fp64,A100-SXM4-80GB,A100-SXM4-80GB,,9700.0,df7f742d-c1c4-51c9-b7da-d151d8293f2c,suitesparse_all,Pajek/EVA,EVA,8497,8497,6726,4,row-major,N,N,1.0,0.0,20260922,main,pass,pass,0,0,53808.0,0.06589,0.0207872003317,0.0866772003317,0.0240817003317,2.5885159685474357,0.6207860866996772,2.2343937204952975,0.026685731634509643,0.006399856563914197,0.02303498680922987,cuSPARSE 12.8.6,CUDA,13040,13000,2026-10-08T17:47:09.202324+00:00,derived,csr-alg1,0,0,,,,5,20,4,true
3,A100-SXM4-80GB-suitesparse_all-fp64-n4-row-major-cuSPARSE-SpMM-CSR-solve-only,cuSPARSE-SpMM-CSR-best-solve-only,cuSPARSE CUDA 13.4.1 CSR PER MATRIX BEST,per-matrix-best,cuSPARSE-SpMM-CSR,best,solve-only,"csr-alg1,csr-alg2,csr-alg3,csr-default",manual-selection,csr,CUSPARSE_SPMM_CSR_ALG3,library-preprocess,spmm.csr.fp64,fp64,A100-SXM4-80GB,A100-SXM4-80GB,,9700.0,0edb0287-e1df-52fd-b14b-f9e504b96222,suitesparse_all,Pajek/foldoc,foldoc,13356,13356,120238,4,row-major,N,N,1.0,0.0,20260922,main,pass,pass,0,0,961904.0,56.134803,0.0160768002272,56.1508798002,2.82281695023,59.83180647928776,0.017130702197769906,0.34076031742746377,0.6168227472091522,0.00017660517729659695,0.0035129929631697292,cuSPARSE 12.8.6,CUDA,13040,13000,2026-10-07T20:11:46.739700+00:00,derived,csr-alg3,0,0,,,,5,20,4,true
3,A100-SXM4-80GB-suitesparse_all-fp64-n4-row-major-cuSPARSE-SpMM-CSR-solve-only,cuSPARSE-SpMM-CSR-best-solve-only,cuSPARSE CUDA 13.4.1 CSR PER MATRIX BEST,per-matrix-best,cuSPARSE-SpMM-CSR,best,solve-only,"csr-alg1,csr-alg2,csr-alg3,csr-default",manual-selection,csr,CUSPARSE_SPMM_CSR_ALG3,library-preprocess,spmm.csr.fp64,fp64,A100-SXM4-80GB,A100-SXM4-80GB,,9700.0,1cb4d392-df77-5092-a407-ab8ee1286933,suitesparse_all,Pajek/GD01_Acap,GD01_Acap,953,953,645,4,row-major,N,N,1.0,0.0,20260922,main,pass,pass,0,0,5160.0,55.068632,0.00588800013065,55.0745200001,2.75931960013,0.8763586762064773,9.369123870694888e-05,0.001870026219419054,0.009034625527901827,9.658890588345247e-07,1.9278620818753136e-05,cuSPARSE 12.8.6,CUDA,13040,13000,2026-10-08T01:04:19.992079+00:00,derived,csr-alg3,0,0,,,,5,20,4,true
3,A100-SXM4-80GB-suitesparse_all-fp64-n4-row-major-cuSPARSE-SpMM-CSR-solve-only,cuSPARSE-SpMM-CSR-best-solve-only,cuSPARSE CUDA 13.4.1 CSR PER MATRIX BEST,per-matrix-best,cuSPARSE-SpMM-CSR,best,solve-only,"csr-alg1,csr-alg2,csr-alg3,csr-default",manual-selection,csr,CUSPARSE_SPMM_CSR_ALG3,library-preprocess,spmm.csr.fp64,fp64,A100-SXM4-80GB,A100-SXM4-80GB,,9700.0,df7f742d-c1c4-51c9-b7da-d151d8293f2c,suitesparse_all,Pajek/GD01_b,GD01_b,18,18,37,4,row-major,N,N,1.0,0.0,20260922,main,pass,pass,0,0,296.0,61.768804,0.00563200004399,61.774436,3.09407220004,0.05255681777131137,4.791626102422044e-06,9.56668044127003e-05,0.0005418228636217666,4.939820724146437e-08,9.862557155948485e-07,cuSPARSE 12.8.6,CUDA,13040,13000,2026-10-08T22:57:28.472316+00:00,derived,csr-alg3,0,0,,,,5,20,4,true
3,A100-SXM4-80GB-suitesparse_all-fp64-n4-row-major-cuSPARSE-SpMM-CSR-solve-only,cuSPARSE-SpMM-CSR-best-solve-only,cuSPARSE CUDA 13.4.1 CSR PER MATRIX BEST,per-matrix-best,cuSPARSE-SpMM-CSR,best,solve-only,"csr-alg1,csr-alg2,csr-alg3,csr-default",manual-selection,csr,CUSPARSE_SPMM_CSR_ALG3,library-preprocess,spmm.csr.fp64,fp64,A100-SXM4-80GB,A100-SXM4-80GB,,9700.0,0edb0287-e1df-52fd-b14b-f9e504b96222,suitesparse_all,Pajek/GD02_a,GD02_a,23,23,87,4,row-major,N,N,1.0,0.0,20260922,main,pass,pass,0,0,696.0,50.33661,0.00517119988799,50.3417811999,2.52200169989,0.13459158707371668,1.3825494120604985e-05,0.000275971265217766,0.0013875421347805843,1.425308672227318e-07,2.8450645898738765e-06,cuSPARSE 12.8.6,CUDA,13040,13000,2026-10-07T20:11:47.545847+00:00,derived,csr-alg3,0,0,,,,5,20,4,true
3,A100-SXM4-80GB-suitesparse_all-fp64-n4-row-major-cuSPARSE-SpMM-CSR-solve-only,cuSPARSE-SpMM-CSR-best-solve-only,cuSPARSE CUDA 13.4.1 CSR PER MATRIX BEST,per-matrix-best,cuSPARSE-SpMM-CSR,best,solve-only,"csr-alg1,csr-alg2,csr-alg3,csr-default",manual-selection,csr,CUSPARSE_SPMM_CSR_ALG3,library-preprocess,spmm.csr.fp64,fp64,A100-SXM4-80GB,A100-SXM4-80GB,,9700.0,1cb4d392-df77-5092-a407-ab8ee1286933,suitesparse_all,Pajek/GD95_b,GD95_b,73,73,96,4,row-major,N,N,1.0,0.0,20260922,main,pass,pass,0,0,768.0,51.609511,0.00680959969759,51.6163205997,2.5872851497,0.11278195989579308,1.4879014836335771e-05,0.0002968362416833146,0.001162700617482403,1.5339190552923476e-07,3.0601674400341714e-06,cuSPARSE 12.8.6,CUDA,13040,13000,2026-10-08T01:04:20.628577+00:00,derived,csr-alg3,0,0,,,,5,20,4,true
3,A100-SXM4-80GB-suitesparse_all-fp64-n4-row-major-cuSPARSE-SpMM-CSR-solve-only,cuSPARSE-SpMM-CSR-best-solve-only,cuSPARSE CUDA 13.4.1 CSR PER MATRIX BEST,per-matrix-best,cuSPARSE-SpMM-CSR,best,solve-only,"csr-alg1,csr-alg2,csr-alg3,csr-default",manual-selection,csr,CUSPARSE_SPMM_CSR_ALG3,library-preprocess,spmm.csr.fp64,fp64,A100-SXM4-80GB,A100-SXM4-80GB,,9700.0,df7f742d-c1c4-51c9-b7da-d151d8293f2c,suitesparse_all,Pajek/GD95_c,GD95_c,62,62,287,4,row-major,N,N,1.0,0.0,20260922,main,pass,pass,0,0,2296.0,62.990555,0.00593920014799,62.9964942001,3.15546695015,0.3865840420914311,3.6446472603809673e-05,0.0007276260649444787,0.00398540249578795,3.757368309671101e-07,7.501299638602873e-06,cuSPARSE 12.8.6,CUDA,13040,13000,2026-10-08T22:57:29.093116+00:00,derived,csr-alg3,0,0,,,,5,20,4,true
3,A100-SXM4-80GB-suitesparse_all-fp64-n4-row-major-cuSPARSE-SpMM-CSR-solve-only,cuSPARSE-SpMM-CSR-best-solve-only,cuSPARSE CUDA 13.4.1 CSR PER MATRIX BEST,per-matrix-best,cuSPARSE-SpMM-CSR,best,solve-only,"csr-alg1,csr-alg2,csr-alg3,csr-default",manual-selection,csr,CUSPARSE_SPMM_CSR_ALG3,library-preprocess,spmm.csr.fp64,fp64,A100-SXM4-80GB,A100-SXM4-80GB,,9700.0,0edb0287-e1df-52fd-b14b-f9e504b96222,suitesparse_all,Pajek/GD96_b,GD96_b,111,111,193,4,row-major,N,N,1.0,0.0,20260922,main,pass,pass,0,0,1544.0,56.101422,0.00547839999199,56.1069004,2.81054949999,0.281834112561604,2.751889676657312e-05,0.0005493587641866808,0.0029055063150680827,2.8369996666570227e-07,5.663492414295679e-06,cuSPARSE 12.8.6,CUDA,13040,13000,2026-10-07T20:11:48.601002+00:00,derived,csr-alg3,0,0,,,,5,20,4,true
3,A100-SXM4-80GB-suitesparse_all-fp64-n4-row-major-cuSPARSE-SpMM-CSR-solve-only,cuSPARSE-SpMM-CSR-best-solve-only,cuSPARSE CUDA 13.4.1 CSR PER MATRIX BEST,per-matrix-best,cuSPARSE-SpMM-CSR,best,solve-only,"csr-alg1,csr-alg2,csr-alg3,csr-default",manual-selection,csr,CUSPARSE_SPMM_CSR_ALG3,library-preprocess,spmm.csr.fp64,fp64,A100-SXM4-80GB,A100-SXM4-80GB,,9700.0,1cb4d392-df77-5092-a407-ab8ee1286933,suitesparse_all,Pajek/GD97_c,GD97_c,452,452,460,4,row-major,N,N,1.0,0.0,20260922,main,pass,pass,0,0,3680.0,52.383431,0.0117247998714,52.3951557999,2.63089634987,0.31386463226349204,7.023550066449126e-05,0.0013987628209609394,0.003235717858386516,7.240773264380543e-07,1.4420235267638549e-05,cuSPARSE 12.8.6,CUDA,13040,13000,2026-10-08T01:04:21.254552+00:00,derived,csr-alg3,0,0,,,,5,20,4,true
3,A100-SXM4-80GB-suitesparse_all-fp64-n4-row-major-cuSPARSE-SpMM-CSR-solve-only,cuSPARSE-SpMM-CSR-best-solve-only,cuSPARSE CUDA 13.4.1 CSR PER MATRIX BEST,per-matrix-best,cuSPARSE-SpMM-CSR,best,solve-only,"csr-alg1,csr-alg2,csr-alg3,csr-default",manual-selection,csr,CUSPARSE_SPMM_CSR_ALG3,library-preprocess,spmm.csr.fp64,fp64,A100-SXM4-80GB,A100-SXM4-80GB,,9700.0,df7f742d-c1c4-51c9-b7da-d151d8293f2c,suitesparse_all,Pajek/GD98_a,GD98_a,38,38,50,4,row-major,N,N,1.0,0.0,20260922,main,pass,pass,0,0,400.0,70.053128,0.00568320006132,70.0588112001,3.50833960006,0.07038288212347299,5.709488830142027e-06,0.00011401404812497605,0.000725596722922402,5.8860709589093055e-08,1.1754025579894438e-06,cuSPARSE 12.8.6,CUDA,13040,13000,2026-10-08T22:57:29.750456+00:00,derived,csr-alg3,0,0,,,,5,20,4,true
3,A100-SXM4-80GB-suitesparse_all-fp64-n4-row-major-cuSPARSE-SpMM-CSR-solve-only,cuSPARSE-SpMM-CSR-best-solve-only,cuSPARSE CUDA 13.4.1 CSR PER MATRIX BEST,per-matrix-best,cuSPARSE-SpMM-CSR,best,solve-only,"csr-alg1,csr-alg2,csr-alg3,csr-default",manual-selection,csr,CUSPARSE_SPMM_CSR_ALG3,library-preprocess,spmm.csr.fp64,fp64,A100-SXM4-80GB,A100-SXM4-80GB,,9700.0,0edb0287-e1df-52fd-b14b-f9e504b96222,suitesparse_all,Pajek/GD98_c,GD98_c,112,112,336,4,row-major,N,N,1.0,0.0,20260922,main,pass,pass,0,0,2688.0,64.945006,0.00558080002666,64.9505868,3.25283110003,0.4816513738458956,4.1385307391864856e-05,0.0008263570770628728,0.004965478080885522,4.266526535243799e-07,8.519145124359513e-06,cuSPARSE 12.8.6,CUDA,13040,13000,2026-10-07T20:11:49.659904+00:00,derived,csr-alg3,0,0,,,,5,20,4,true
3,A100-SXM4-80GB-suitesparse_all-fp64-n4-row-major-cuSPARSE-SpMM-CSR-solve-only,cuSPARSE-SpMM-CSR-best-solve-only,cuSPARSE CUDA 13.4.1 CSR PER MATRIX BEST,per-matrix-best,cuSPARSE-SpMM-CSR,best,solve-only,"csr-alg1,csr-alg2,csr-alg3,csr-default",manual-selection,csr,CUSPARSE_SPMM_CSR_ALG1,library-preprocess,spmm.csr.fp64,fp64,A100-SXM4-80GB,A100-SXM4-80GB,,9700.0,1cb4d392-df77-5092-a407-ab8ee1286933,suitesparse_all,Pajek/HEP-th,HEP-th,27240,27240,342437,4,row-major,N,N,1.0,0.0,20260922,main,pass,pass,0,0,2739496.0,1.29913,0.0332511991262,1.33238119913,0.0982076991262,82.38788591059978,2.056090255392975,27.894920911237936,0.8493596485628844,0.02119680675662861,0.2875765042395664,cuSPARSE 12.8.6,CUDA,13040,13000,2026-10-07T20:48:39.761363+00:00,derived,csr-alg1,0,0,,,,5,20,4,true
3,A100-SXM4-80GB-suitesparse_all-fp64-n4-row-major-cuSPARSE-SpMM-CSR-solve-only,cuSPARSE-SpMM-CSR-best-solve-only,cuSPARSE CUDA 13.4.1 CSR PER MATRIX BEST,per-matrix-best,cuSPARSE-SpMM-CSR,best,solve-only,"csr-alg1,csr-alg2,csr-alg3,csr-default",manual-selection,csr,CUSPARSE_SPMM_CSR_ALG1,library-preprocess,spmm.csr.fp64,fp64,A100-SXM4-80GB,A100-SXM4-80GB,,9700.0,df7f742d-c1c4-51c9-b7da-d151d8293f2c,suitesparse_all,Pajek/HEP-th-new,HEP-th-new,27770,27770,352807,4,row-major,N,N,1.0,0.0,20260922,main,pass,pass,0,0,2822456.0,0.07176,0.0322560012341,0.104016001234,0.0358440012341,87.5017327633343,27.13482508955955,78.74277153285196,0.902079719209632,0.27974046484082005,0.8117811498232161,cuSPARSE 12.8.6,CUDA,13040,13000,2026-10-08T17:47:13.205813+00:00,derived,csr-alg1,0,0,,,,5,20,4,true
3,A100-SXM4-80GB-suitesparse_all-fp64-n4-row-major-cuSPARSE-SpMM-CSR-solve-only,cuSPARSE-SpMM-CSR-best-solve-only,cuSPARSE CUDA 13.4.1 CSR PER MATRIX BEST,per-matrix-best,cuSPARSE-SpMM-CSR,best,solve-only,"csr-alg1,csr-alg2,csr-alg3,csr-default",manual-selection,csr,CUSPARSE_SPMM_CSR_ALG3,library-preprocess,spmm.csr.fp64,fp64,A100-SXM4-80GB,A100-SXM4-80GB,,9700.0,0edb0287-e1df-52fd-b14b-f9e504b96222,suitesparse_all,Pajek/internet,internet,124651,124651,207214,4,row-major,N,N,1.0,0.0,20260922,main,pass,pass,0,0,1657712.0,48.756929,0.044083198905,48.8010121989,2.4819296489,37.60416760073142,0.033968803623244635,0.6679125658274415,0.3876718309353755,0.0003501938517860272,0.006885696554922077,cuSPARSE 12.8.6,CUDA,13040,13000,2026-10-07T20:11:52.661726+00:00,derived,csr-alg3,0,0,,,,5,20,4,true
3,A100-SXM4-80GB-suitesparse_all-fp64-n4-row-major-cuSPARSE-SpMM-CSR-solve-only,cuSPARSE-SpMM-CSR-best-solve-only,cuSPARSE CUDA 13.4.1 CSR PER MATRIX BEST,per-matrix-best,cuSPARSE-SpMM-CSR,best,solve-only,"csr-alg1,csr-alg2,csr-alg3,csr-default",manual-selection,csr,CUSPARSE_SPMM_CSR_ALG1,library-preprocess,spmm.csr.fp64,fp64,A100-SXM4-80GB,A100-SXM4-80GB,,9700.0,0edb0287-e1df-52fd-b14b-f9e504b96222,suitesparse_all,Pajek/patents_main,patents_main,240547,240547,560943,4,row-major,N,N,1.0,0.0,20260922,main,pass,pass,0,0,4487544.0,0.09618,0.0864768028259,0.182656802826,0.0912858028259,51.89303782465891,24.568173375260827,49.159276262910566,0.5349797713882362,0.2532801378892869,0.5067966625042326,cuSPARSE 12.8.6,CUDA,13040,13000,2026-10-07T15:39:49.396747+00:00,derived,csr-alg1,0,0,,,,5,20,4,true
3,A100-SXM4-80GB-suitesparse_all-fp64-n4-row-major-cuSPARSE-SpMM-CSR-solve-only,cuSPARSE-SpMM-CSR-best-solve-only,cuSPARSE CUDA 13.4.1 CSR PER MATRIX BEST,per-matrix-best,cuSPARSE-SpMM-CSR,best,solve-only,"csr-alg1,csr-alg2,csr-alg3,csr-default",manual-selection,csr,CUSPARSE_SPMM_CSR_ALG3,library-preprocess,spmm.csr.fp64,fp64,A100-SXM4-80GB,A100-SXM4-80GB,,9700.0,1cb4d392-df77-5092-a407-ab8ee1286933,suitesparse_all,Pajek/Roget,Roget,1022,1022,5075,4,row-major,N,N,1.0,0.0,20260922,main,pass,pass,0,0,40600.0,51.43799,0.00706560015678,51.4450556002,2.57896510016,5.7461502348163735,0.000789191488401116,0.01574274890244973,0.059238662214601785,8.1359947257847e-06,0.0001622963804376261,cuSPARSE 12.8.6,CUDA,13040,13000,2026-10-08T01:04:30.354844+00:00,derived,csr-alg3,0,0,,,,5,20,4,true
3,A100-SXM4-80GB-suitesparse_all-fp64-n4-row-major-cuSPARSE-SpMM-CSR-solve-only,cuSPARSE-SpMM-CSR-best-solve-only,cuSPARSE CUDA 13.4.1 CSR PER MATRIX BEST,per-matrix-best,cuSPARSE-SpMM-CSR,best,solve-only,"csr-alg1,csr-alg2,csr-alg3,csr-default",manual-selection,csr,CUSPARSE_SPMM_CSR_ALG3,library-preprocess,spmm.csr.fp64,fp64,A100-SXM4-80GB,A100-SXM4-80GB,,9700.0,df7f742d-c1c4-51c9-b7da-d151d8293f2c,suitesparse_all,Pajek/Sandi_authors,Sandi_authors,86,86,248,4,row-major,N,N,1.0,0.0,20260922,main,pass,pass,0,0,1984.0,71.312459,0.00593920014799,71.3183982001,3.57156215015,0.3340517158141983,2.7818908585599976e-05,0.0005554992231947231,0.003443832121795859,2.867928720164946e-07,5.726796115409516e-06,cuSPARSE 12.8.6,CUDA,13040,13000,2026-10-08T22:57:33.013863+00:00,derived,csr-alg3,0,0,,,,5,20,4,true
3,A100-SXM4-80GB-suitesparse_all-fp64-n4-row-major-cuSPARSE-SpMM-CSR-solve-only,cuSPARSE-SpMM-CSR-best-solve-only,cuSPARSE CUDA 13.4.1 CSR PER MATRIX BEST,per-matrix-best,cuSPARSE-SpMM-CSR,best,solve-only,"csr-alg1,csr-alg2,csr-alg3,csr-default",manual-selection,csr,CUSPARSE_SPMM_CSR_ALG3,library-preprocess,spmm.csr.fp64,fp64,A100-SXM4-80GB,A100-SXM4-80GB,,9700.0,0edb0287-e1df-52fd-b14b-f9e504b96222,suitesparse_all,Pajek/SciMet,SciMet,3084,3084,10413,4,row-major,N,N,1.0,0.0,20260922,main,pass,pass,0,0,83304.0,57.761364,0.0136191993952,57.7749831994,2.9016873994,6.11665910621442,0.0014418697399269018,0.0287088126781766,0.06305834130117959,1.486463649409177e-05,0.0002959671410121299,cuSPARSE 12.8.6,CUDA,13040,13000,2026-10-07T20:11:59.446013+00:00,derived,csr-alg3,0,0,,,,5,20,4,true
3,A100-SXM4-80GB-suitesparse_all-fp64-n4-row-major-cuSPARSE-SpMM-CSR-solve-only,cuSPARSE-SpMM-CSR-best-solve-only,cuSPARSE CUDA 13.4.1 CSR PER MATRIX BEST,per-matrix-best,cuSPARSE-SpMM-CSR,best,solve-only,"csr-alg1,csr-alg2,csr-alg3,csr-default",manual-selection,csr,CUSPARSE_SPMM_CSR_ALG3,library-preprocess,spmm.csr.fp64,fp64,A100-SXM4-80GB,A100-SXM4-80GB,,9700.0,1cb4d392-df77-5092-a407-ab8ee1286933,suitesparse_all,Pajek/Tina_AskCog,Tina_AskCog,11,11,36,4,row-major,N,N,1.0,0.0,20260922,main,pass,pass,0,0,288.0,51.554451,0.00558080002666,51.5600318,2.58330335003,0.05160550434063167,5.585721923468636e-06,0.0001114851649136194,0.000532015508666306,5.758476209761481e-08,1.1493315970476226e-06,cuSPARSE 12.8.6,CUDA,13040,13000,2026-10-08T01:04:30.937846+00:00,derived,csr-alg3,0,0,,,,5,20,4,true
3,A100-SXM4-80GB-suitesparse_all-fp64-n4-row-major-cuSPARSE-SpMM-CSR-solve-only,cuSPARSE-SpMM-CSR-best-solve-only,cuSPARSE CUDA 13.4.1 CSR PER MATRIX BEST,per-matrix-best,cuSPARSE-SpMM-CSR,best,solve-only,"csr-alg1,csr-alg2,csr-alg3,csr-default",manual-selection,csr,CUSPARSE_SPMM_CSR_ALG3,library-preprocess,spmm.csr.fp64,fp64,A100-SXM4-80GB,A100-SXM4-80GB,,9700.0,df7f742d-c1c4-51c9-b7da-d151d8293f2c,suitesparse_all,Pajek/Tina_DisCal,Tina_DisCal,11,11,41,4,row-major,N,N,1.0,0.0,20260922,main,pass,pass,0,0,328.0,54.088382,0.00558080002666,54.0939628,2.70999990003,0.05877293549905274,6.063523229250271e-06,0.00012103321479693376,0.0006059065515366262,6.251054875515744e-08,1.2477651009993172e-06,cuSPARSE 12.8.6,CUDA,13040,13000,2026-10-08T22:57:33.631351+00:00,derived,csr-alg3,0,0,,,,5,20,4,true
3,A100-SXM4-80GB-suitesparse_all-fp64-n4-row-major-cuSPARSE-SpMM-CSR-solve-only,cuSPARSE-SpMM-CSR-best-solve-only,cuSPARSE CUDA 13.4.1 CSR PER MATRIX BEST,per-matrix-best,cuSPARSE-SpMM-CSR,best,solve-only,"csr-alg1,csr-alg2,csr-alg3,csr-default",manual-selection,csr,CUSPARSE_SPMM_CSR_ALG3,library-preprocess,spmm.csr.fp64,fp64,A100-SXM4-80GB,A100-SXM4-80GB,,9700.0,0edb0287-e1df-52fd-b14b-f9e504b96222,suitesparse_all,Pajek/USAir97,USAir97,332,332,4252,4,row-major,N,N,1.0,0.0,20260922,main,pass,pass,0,0,34016.0,60.820584,0.0150527998805,60.8356367999,3.05608199988,2.2597789295043835,0.0005591459511122584,0.011130591391636635,0.02329668999489055,5.764391248579984e-06,0.00011474836486223336,cuSPARSE 12.8.6,CUDA,13040,13000,2026-10-07T20:12:00.349492+00:00,derived,csr-alg3,0,0,,,,5,20,4,true
3,A100-SXM4-80GB-suitesparse_all-fp64-n4-row-major-cuSPARSE-SpMM-CSR-solve-only,cuSPARSE-SpMM-CSR-best-solve-only,cuSPARSE CUDA 13.4.1 CSR PER MATRIX BEST,per-matrix-best,cuSPARSE-SpMM-CSR,best,solve-only,"csr-alg1,csr-alg2,csr-alg3,csr-default",manual-selection,csr,CUSPARSE_SPMM_CSR_ALG1,library-preprocess,spmm.csr.fp64,fp64,A100-SXM4-80GB,A100-SXM4-80GB,,9700.0,1cb4d392-df77-5092-a407-ab8ee1286933,suitesparse_all,Pajek/Zewail,Zewail,6752,6752,54233,4,row-major,N,N,1.0,0.0,20260922,main,pass,pass,0,0,433864.0,2.442621,0.0163744002581,2.45899540026,0.138505450258,26.496481896207374,0.17643953297111728,3.132468788714256,0.27315960717739557,0.0018189642574341987,0.03229349266715728,cuSPARSE 12.8.6,CUDA,13040,13000,2026-10-07T20:48:50.024675+00:00,derived,csr-alg1,0,0,,,,5,20,4,true
3,A100-SXM4-80GB-suitesparse_all-fp64-n4-row-major-cuSPARSE-SpMM-CSR-solve-only,cuSPARSE-SpMM-CSR-best-solve-only,cuSPARSE CUDA 13.4.1 CSR PER MATRIX BEST,per-matrix-best,cuSPARSE-SpMM-CSR,best,solve-only,"csr-alg1,csr-alg2,csr-alg3,csr-default",manual-selection,csr,CUSPARSE_SPMM_CSR_ALG1,library-preprocess,spmm.csr.fp64,fp64,A100-SXM4-80GB,A100-SXM4-80GB,,9700.0,1cb4d392-df77-5092-a407-ab8ee1286933,suitesparse_all,PARSEC/Ga10As10H30,Ga10As10H30,113081,113081,6115633,4,row-major,N,N,1.0,0.0,20260922,main,pass,pass,0,0,48925064.0,0.14901,0.309811210632,0.458821210632,0.317261710632,157.91895942111074,106.63208863558971,154.2104274182315,1.6280305094959873,1.0992998828411311,1.5897982208065102,cuSPARSE 12.8.6,CUDA,13040,13000,2026-10-07T20:45:35.081653+00:00,derived,csr-alg1,0,0,,,,5,20,4,true
3,A100-SXM4-80GB-suitesparse_all-fp64-n4-row-major-cuSPARSE-SpMM-CSR-solve-only,cuSPARSE-SpMM-CSR-best-solve-only,cuSPARSE CUDA 13.4.1 CSR PER MATRIX BEST,per-matrix-best,cuSPARSE-SpMM-CSR,best,solve-only,"csr-alg1,csr-alg2,csr-alg3,csr-default",manual-selection,csr,CUSPARSE_SPMM_CSR_ALG1,library-preprocess,spmm.csr.fp64,fp64,A100-SXM4-80GB,A100-SXM4-80GB,,9700.0,df7f742d-c1c4-51c9-b7da-d151d8293f2c,suitesparse_all,PARSEC/Ga19As19H42,Ga19As19H42,133123,133123,8884839,4,row-major,N,N,1.0,0.0,20260922,main,pass,pass,0,0,71078712.0,0.143589,0.430899190903,0.574488190903,0.438078640903,164.95438724553227,123.72527951928146,162.25103295035638,1.7005606932529103,1.2755183455596026,1.6726910613438801,cuSPARSE 12.8.6,CUDA,13040,13000,2026-10-08T17:43:04.114874+00:00,derived,csr-alg1,0,0,,,,5,20,4,true
3,A100-SXM4-80GB-suitesparse_all-fp64-n4-row-major-cuSPARSE-SpMM-CSR-solve-only,cuSPARSE-SpMM-CSR-best-solve-only,cuSPARSE CUDA 13.4.1 CSR PER MATRIX BEST,per-matrix-best,cuSPARSE-SpMM-CSR,best,solve-only,"csr-alg1,csr-alg2,csr-alg3,csr-default",manual-selection,csr,CUSPARSE_SPMM_CSR_ALG1,library-preprocess,spmm.csr.fp64,fp64,A100-SXM4-80GB,A100-SXM4-80GB,,9700.0,0edb0287-e1df-52fd-b14b-f9e504b96222,suitesparse_all,PARSEC/Ga41As41H72,Ga41As41H72,268096,268096,18488476,4,row-major,N,N,1.0,0.0,20260922,main,pass,pass,0,0,147907808.0,0.15122,0.88161277771,1.03283277771,0.88917377771,167.769582904858,143.20595859471234,166.34297109044917,1.7295833289160618,1.4763500886052818,1.7148759906231874,cuSPARSE 12.8.6,CUDA,13040,13000,2026-10-07T15:38:12.951920+00:00,derived,csr-alg1,0,0,,,,5,20,4,true
3,A100-SXM4-80GB-suitesparse_all-fp64-n4-row-major-cuSPARSE-SpMM-CSR-solve-only,cuSPARSE-SpMM-CSR-best-solve-only,cuSPARSE CUDA 13.4.1 CSR PER MATRIX BEST,per-matrix-best,cuSPARSE-SpMM-CSR,best,solve-only,"csr-alg1,csr-alg2,csr-alg3,csr-default",manual-selection,csr,CUSPARSE_SPMM_CSR_ALG3,library-preprocess,spmm.csr.fp64,fp64,A100-SXM4-80GB,A100-SXM4-80GB,,9700.0,1cb4d392-df77-5092-a407-ab8ee1286933,suitesparse_all,PARSEC/Na5,Na5,5832,5832,305630,4,row-major,N,N,1.0,0.0,20260922,main,pass,pass,0,0,2445040.0,62.245494,0.0239616006613,62.2694556007,3.13623630066,102.03992773942457,0.03926547898023561,0.7796096230011297,1.051958017932212,0.0004047987523735629,0.00803721260825907,cuSPARSE 12.8.6,CUDA,13040,13000,2026-10-08T01:01:26.334668+00:00,derived,csr-alg3,0,0,,,,5,20,4,true
3,A100-SXM4-80GB-suitesparse_all-fp64-n4-row-major-cuSPARSE-SpMM-CSR-solve-only,cuSPARSE-SpMM-CSR-best-solve-only,cuSPARSE CUDA 13.4.1 CSR PER MATRIX BEST,per-matrix-best,cuSPARSE-SpMM-CSR,best,solve-only,"csr-alg1,csr-alg2,csr-alg3,csr-default",manual-selection,csr,CUSPARSE_SPMM_CSR_ALG3,library-preprocess,spmm.csr.fp64,fp64,A100-SXM4-80GB,A100-SXM4-80GB,,9700.0,df7f742d-c1c4-51c9-b7da-d151d8293f2c,suitesparse_all,PARSEC/Si10H16,Si10H16,17077,17077,875923,4,row-major,N,N,1.0,0.0,20260922,main,pass,pass,0,0,7007384.0,47.61979,0.0327679991722,47.6525579992,2.41375749917,213.84839407420958,0.1470515811578812,2.9031019074656736,2.204622619321748,0.0015159956820400122,0.029928885643976017,cuSPARSE 12.8.6,CUDA,13040,13000,2026-10-08T22:53:48.344447+00:00,derived,csr-alg3,0,0,,,,5,20,4,true
3,A100-SXM4-80GB-suitesparse_all-fp64-n4-row-major-cuSPARSE-SpMM-CSR-solve-only,cuSPARSE-SpMM-CSR-best-solve-only,cuSPARSE CUDA 13.4.1 CSR PER MATRIX BEST,per-matrix-best,cuSPARSE-SpMM-CSR,best,solve-only,"csr-alg1,csr-alg2,csr-alg3,csr-default",manual-selection,csr,CUSPARSE_SPMM_CSR_ALG1,library-preprocess,spmm.csr.fp64,fp64,A100-SXM4-80GB,A100-SXM4-80GB,,9700.0,0edb0287-e1df-52fd-b14b-f9e504b96222,suitesparse_all,PARSEC/Si34H36,Si34H36,97569,97569,5156379,4,row-major,N,N,1.0,0.0,20260922,main,pass,pass,0,0,41251032.0,0.12668,0.270318388939,0.396998388939,0.276652388939,152.60164934361418,103.90730327708796,149.10781055679072,1.5732128798310743,1.0712093121349275,1.5371939232658838,cuSPARSE 12.8.6,CUDA,13040,13000,2026-10-07T15:38:26.921882+00:00,derived,csr-alg1,0,0,,,,5,20,4,true
3,A100-SXM4-80GB-suitesparse_all-fp64-n4-row-major-cuSPARSE-SpMM-CSR-solve-only,cuSPARSE-SpMM-CSR-best-solve-only,cuSPARSE CUDA 13.4.1 CSR PER MATRIX BEST,per-matrix-best,cuSPARSE-SpMM-CSR,best,solve-only,"csr-alg1,csr-alg2,csr-alg3,csr-default",manual-selection,csr,CUSPARSE_SPMM_CSR_ALG3,library-preprocess,spmm.csr.fp64,fp64,A100-SXM4-80GB,A100-SXM4-80GB,,9700.0,1cb4d392-df77-5092-a407-ab8ee1286933,suitesparse_all,PARSEC/SiNa,SiNa,5743,5743,198787,4,row-major,N,N,1.0,0.0,20260922,main,pass,pass,0,0,1590296.0,59.083573,0.021913599968,59.1054866,2.97609224997,72.57118877419859,0.026906063911839955,0.5343570919268482,0.7481565853010164,0.0002773821021839171,0.005508835999245858,cuSPARSE 12.8.6,CUDA,13040,13000,2026-10-08T01:01:27.591455+00:00,derived,csr-alg3,0,0,,,,5,20,4,true
3,A100-SXM4-80GB-suitesparse_all-fp64-n4-row-major-cuSPARSE-SpMM-CSR-solve-only,cuSPARSE-SpMM-CSR-best-solve-only,cuSPARSE CUDA 13.4.1 CSR PER MATRIX BEST,per-matrix-best,cuSPARSE-SpMM-CSR,best,solve-only,"csr-alg1,csr-alg2,csr-alg3,csr-default",manual-selection,csr,CUSPARSE_SPMM_CSR_ALG3,library-preprocess,spmm.csr.fp64,fp64,A100-SXM4-80GB,A100-SXM4-80GB,,9700.0,df7f742d-c1c4-51c9-b7da-d151d8293f2c,suitesparse_all,PARSEC/SiO2,SiO2,155331,155331,11283503,4,row-major,N,N,1.0,0.0,20260922,main,pass,pass,0,0,90268024.0,48.0133,0.411084794998,48.424384795,2.811749795,219.58492529610388,1.8641026495667634,32.10386079178144,2.2637621164546795,0.019217553088317147,0.33096763702867465,cuSPARSE 12.8.6,CUDA,13040,13000,2026-10-08T22:54:14.672835+00:00,derived,csr-alg3,0,0,,,,5,20,4,true
3,A100-SXM4-80GB-suitesparse_all-fp64-n4-row-major-cuSPARSE-SpMM-CSR-solve-only,cuSPARSE-SpMM-CSR-best-solve-only,cuSPARSE CUDA 13.4.1 CSR PER MATRIX BEST,per-matrix-best,cuSPARSE-SpMM-CSR,best,solve-only,"csr-alg1,csr-alg2,csr-alg3,csr-default",manual-selection,csr,CUSPARSE_SPMM_CSR_ALG3,library-preprocess,spmm.csr.fp64,fp64,A100-SXM4-80GB,A100-SXM4-80GB,,9700.0,df7f742d-c1c4-51c9-b7da-d151d8293f2c,suitesparse_all,Pereyra/landmark,landmark,71952,2704,1151232,4,row-major,N,N,1.0,0.0,20260922,main,pass,pass,0,0,9209856.0,51.519391,0.0395263999701,51.5589174,2.61549594997,233.00518152340854,0.1786278002803837,3.521265632281189,2.4021152734372015,0.0018415237142307597,0.03630170754929061,cuSPARSE 12.8.6,CUDA,13040,13000,2026-10-08T22:50:21.623443+00:00,derived,csr-alg3,0,0,,,,5,20,4,true
3,A100-SXM4-80GB-suitesparse_all-fp64-n4-row-major-cuSPARSE-SpMM-CSR-solve-only,cuSPARSE-SpMM-CSR-best-solve-only,cuSPARSE CUDA 13.4.1 CSR PER MATRIX BEST,per-matrix-best,cuSPARSE-SpMM-CSR,best,solve-only,"csr-alg1,csr-alg2,csr-alg3,csr-default",manual-selection,csr,CUSPARSE_SPMM_CSR_ALG3,library-preprocess,spmm.csr.fp64,fp64,A100-SXM4-80GB,A100-SXM4-80GB,,9700.0,0edb0287-e1df-52fd-b14b-f9e504b96222,suitesparse_all,Pothen/barth,barth,6691,6691,46187,4,row-major,N,N,1.0,0.0,20260922,main,pass,pass,0,0,369496.0,55.178691,0.00721919983625,55.1859101998,2.76615374984,51.18240364321789,0.006695477136505381,0.13357753524053836,0.52765364580637,6.902553748974619e-05,0.0013770879921704987,cuSPARSE 12.8.6,CUDA,13040,13000,2026-10-07T20:04:03.754189+00:00,derived,csr-alg3,0,0,,,,5,20,4,true
3,A100-SXM4-80GB-suitesparse_all-fp64-n4-row-major-cuSPARSE-SpMM-CSR-solve-only,cuSPARSE-SpMM-CSR-best-solve-only,cuSPARSE CUDA 13.4.1 CSR PER MATRIX BEST,per-matrix-best,cuSPARSE-SpMM-CSR,best,solve-only,"csr-alg1,csr-alg2,csr-alg3,csr-default",manual-selection,csr,CUSPARSE_SPMM_CSR_ALG3,library-preprocess,spmm.csr.fp64,fp64,A100-SXM4-80GB,A100-SXM4-80GB,,9700.0,1cb4d392-df77-5092-a407-ab8ee1286933,suitesparse_all,Pothen/bodyy6,bodyy6,19366,19366,134748,4,row-major,N,N,1.0,0.0,20260922,main,pass,pass,0,0,1077984.0,47.479159,0.0129536002874,47.4921126003,2.38691155029,83.21887167141924,0.022698169042772602,0.45162293503042855,0.857926512076487,0.0002340017427089959,0.00465590654670545,cuSPARSE 12.8.6,CUDA,13040,13000,2026-10-08T00:57:24.894805+00:00,derived,csr-alg3,0,0,,,,5,20,4,true
3,A100-SXM4-80GB-suitesparse_all-fp64-n4-row-major-cuSPARSE-SpMM-CSR-solve-only,cuSPARSE-SpMM-CSR-best-solve-only,cuSPARSE CUDA 13.4.1 CSR PER MATRIX BEST,per-matrix-best,cuSPARSE-SpMM-CSR,best,solve-only,"csr-alg1,csr-alg2,csr-alg3,csr-default",manual-selection,csr,CUSPARSE_SPMM_CSR_ALG3,library-preprocess,spmm.csr.fp64,fp64,A100-SXM4-80GB,A100-SXM4-80GB,,9700.0,df7f742d-c1c4-51c9-b7da-d151d8293f2c,suitesparse_all,Pothen/commanche_dual,commanche_dual,7920,7920,31680,4,row-major,N,N,1.0,0.0,20260922,main,pass,pass,0,0,253440.0,60.449495,0.00701439976692,60.4565093998,3.02948914977,36.13138806191605,0.0041921044154897644,0.08365766882487144,0.37248853672078397,4.321757129370891e-05,0.0008624501940708395,cuSPARSE 12.8.6,CUDA,13040,13000,2026-10-08T22:50:02.839838+00:00,derived,csr-alg3,0,0,,,,5,20,4,true
3,A100-SXM4-80GB-suitesparse_all-fp64-n4-row-major-cuSPARSE-SpMM-CSR-solve-only,cuSPARSE-SpMM-CSR-best-solve-only,cuSPARSE CUDA 13.4.1 CSR PER MATRIX BEST,per-matrix-best,cuSPARSE-SpMM-CSR,best,solve-only,"csr-alg1,csr-alg2,csr-alg3,csr-default",manual-selection,csr,CUSPARSE_SPMM_CSR_ALG3,library-preprocess,spmm.csr.fp64,fp64,A100-SXM4-80GB,A100-SXM4-80GB,,9700.0,0edb0287-e1df-52fd-b14b-f9e504b96222,suitesparse_all,Pothen/mesh1em1,mesh1em1,48,48,306,4,row-major,N,N,1.0,0.0,20260922,main,pass,pass,0,0,2448.0,52.957182,0.00537599995732,52.962558,2.65323509996,0.4553571464722178,4.62213324363978e-05,0.0009226472241517181,0.004694403571878534,4.7650858181853406e-07,9.511827053110497e-06,cuSPARSE 12.8.6,CUDA,13040,13000,2026-10-07T20:04:04.367533+00:00,derived,csr-alg3,0,0,,,,5,20,4,true
3,A100-SXM4-80GB-suitesparse_all-fp64-n4-row-major-cuSPARSE-SpMM-CSR-solve-only,cuSPARSE-SpMM-CSR-best-solve-only,cuSPARSE CUDA 13.4.1 CSR PER MATRIX BEST,per-matrix-best,cuSPARSE-SpMM-CSR,best,solve-only,"csr-alg1,csr-alg2,csr-alg3,csr-default",manual-selection,csr,CUSPARSE_SPMM_CSR_ALG3,library-preprocess,spmm.csr.fp64,fp64,A100-SXM4-80GB,A100-SXM4-80GB,,9700.0,1cb4d392-df77-5092-a407-ab8ee1286933,suitesparse_all,Pothen/mesh3em5,mesh3em5,289,289,1889,4,row-major,N,N,1.0,0.0,20260922,main,pass,pass,0,0,15112.0,47.396219,0.00573440007865,47.4019534001,2.37554535008,2.6353236245695797,0.0003188054271191305,0.006361486636948893,0.027168284789377113,3.286653887826088e-06,6.558233646339065e-05,cuSPARSE 12.8.6,CUDA,13040,13000,2026-10-08T00:57:25.482825+00:00,derived,csr-alg3,0,0,,,,5,20,4,true
3,A100-SXM4-80GB-suitesparse_all-fp64-n4-row-major-cuSPARSE-SpMM-CSR-solve-only,cuSPARSE-SpMM-CSR-best-solve-only,cuSPARSE CUDA 13.4.1 CSR PER MATRIX BEST,per-matrix-best,cuSPARSE-SpMM-CSR,best,solve-only,"csr-alg1,csr-alg2,csr-alg3,csr-default",manual-selection,csr,CUSPARSE_SPMM_CSR_ALG3,library-preprocess,spmm.csr.fp64,fp64,A100-SXM4-80GB,A100-SXM4-80GB,,9700.0,df7f742d-c1c4-51c9-b7da-d151d8293f2c,suitesparse_all,Pothen/onera_dual,onera_dual,85567,85567,419201,4,row-major,N,N,1.0,0.0,20260922,main,pass,pass,0,0,3353608.0,54.227492,0.0337888002396,54.2612808002,2.74516340024,99.25205915034587,0.061804807231672254,1.2216423983019757,1.023217104642741,0.0006371629611512603,0.012594251528886349,cuSPARSE 12.8.6,CUDA,13040,13000,2026-10-08T22:50:05.682644+00:00,derived,csr-alg3,0,0,,,,5,20,4,true
3,A100-SXM4-80GB-suitesparse_all-fp64-n4-row-major-cuSPARSE-SpMM-CSR-solve-only,cuSPARSE-SpMM-CSR-best-solve-only,cuSPARSE CUDA 13.4.1 CSR PER MATRIX BEST,per-matrix-best,cuSPARSE-SpMM-CSR,best,solve-only,"csr-alg1,csr-alg2,csr-alg3,csr-default",manual-selection,csr,CUSPARSE_SPMM_CSR_ALG3,library-preprocess,spmm.csr.fp64,fp64,A100-SXM4-80GB,A100-SXM4-80GB,,9700.0,0edb0287-e1df-52fd-b14b-f9e504b96222,suitesparse_all,Pothen/shuttle_eddy,shuttle_eddy,10429,10429,103599,4,row-major,N,N,1.0,0.0,20260922,main,pass,pass,0,0,828792.0,54.012951,0.00972800031304,54.0226790003,2.71037555031,85.19654331106847,0.01534155683014901,0.3057849307654825,0.8783148794955512,0.00015816037969225785,0.003152421966654459,cuSPARSE 12.8.6,CUDA,13040,13000,2026-10-07T20:04:05.333396+00:00,derived,csr-alg3,0,0,,,,5,20,4,true
3,A100-SXM4-80GB-suitesparse_all-fp64-n4-row-major-cuSPARSE-SpMM-CSR-solve-only,cuSPARSE-SpMM-CSR-best-solve-only,cuSPARSE CUDA 13.4.1 CSR PER MATRIX BEST,per-matrix-best,cuSPARSE-SpMM-CSR,best,solve-only,"csr-alg1,csr-alg2,csr-alg3,csr-default",manual-selection,csr,CUSPARSE_SPMM_CSR_ALG3,library-preprocess,spmm.csr.fp64,fp64,A100-SXM4-80GB,A100-SXM4-80GB,,9700.0,1cb4d392-df77-5092-a407-ab8ee1286933,suitesparse_all,Pothen/tandem_vtx,tandem_vtx,18454,18454,253350,4,row-major,N,N,1.0,0.0,20260922,main,pass,pass,0,0,2026800.0,49.071219,0.0144896000624,49.0857086001,2.46805055006,139.87963720679042,0.0412910408712297,0.8212149463270624,1.4420581155339218,0.0004256808337240175,0.008466133467289303,cuSPARSE 12.8.6,CUDA,13040,13000,2026-10-08T00:57:26.735831+00:00,derived,csr-alg3,0,0,,,,5,20,4,true
3,A100-SXM4-80GB-suitesparse_all-fp64-n4-row-major-cuSPARSE-SpMM-CSR-solve-only,cuSPARSE-SpMM-CSR-best-solve-only,cuSPARSE CUDA 13.4.1 CSR PER MATRIX BEST,per-matrix-best,cuSPARSE-SpMM-CSR,best,solve-only,"csr-alg1,csr-alg2,csr-alg3,csr-default",manual-selection,csr,CUSPARSE_SPMM_CSR_ALG3,library-preprocess,spmm.csr.fp64,fp64,A100-SXM4-80GB,A100-SXM4-80GB,,9700.0,1cb4d392-df77-5092-a407-ab8ee1286933,suitesparse_all,Priebel/192bit,192bit,13691,13682,154303,4,row-major,N,N,1.0,0.0,20260922,main,pass,pass,0,0,1234424.0,59.307074,0.0114175997674,59.3184915998,2.97677129977,108.11589345814855,0.020810104348711424,0.41468553532996555,1.1145968397747275,0.00021453715823413838,0.0042751086116491295,cuSPARSE 12.8.6,CUDA,13040,13000,2026-10-08T01:18:26.265602+00:00,derived,csr-alg3,0,0,,,,5,20,4,true
3,A100-SXM4-80GB-suitesparse_all-fp64-n4-row-major-cuSPARSE-SpMM-CSR-solve-only,cuSPARSE-SpMM-CSR-best-solve-only,cuSPARSE CUDA 13.4.1 CSR PER MATRIX BEST,per-matrix-best,cuSPARSE-SpMM-CSR,best,solve-only,"csr-alg1,csr-alg2,csr-alg3,csr-default",manual-selection,csr,CUSPARSE_SPMM_CSR_ALG3,library-preprocess,spmm.csr.fp64,fp64,A100-SXM4-80GB,A100-SXM4-80GB,,9700.0,df7f742d-c1c4-51c9-b7da-d151d8293f2c,suitesparse_all,Priebel/208bit,208bit,24430,24421,299756,4,row-major,N,N,1.0,0.0,20260922,main,pass,pass,0,0,2398048.0,59.650144,0.0173567995429,59.6675007995,2.99986399954,138.16187679490426,0.040190186749368514,0.7993855722685153,1.4243492453082913,0.0004143318221584383,0.008241088373902219,cuSPARSE 12.8.6,CUDA,13040,13000,2026-10-08T23:15:32.009290+00:00,derived,csr-alg3,0,0,,,,5,20,4,true
3,A100-SXM4-80GB-suitesparse_all-fp64-n4-row-major-cuSPARSE-SpMM-CSR-solve-only,cuSPARSE-SpMM-CSR-best-solve-only,cuSPARSE CUDA 13.4.1 CSR PER MATRIX BEST,per-matrix-best,cuSPARSE-SpMM-CSR,best,solve-only,"csr-alg1,csr-alg2,csr-alg3,csr-default",manual-selection,csr,CUSPARSE_SPMM_CSR_ALG3,library-preprocess,spmm.csr.fp64,fp64,A100-SXM4-80GB,A100-SXM4-80GB,,9700.0,1cb4d392-df77-5092-a407-ab8ee1286933,suitesparse_all,Puri/ABACUS_shell_ld,ABACUS_shell_ld,23412,23412,218484,4,row-major,N,N,1.0,0.0,20260922,main,pass,pass,0,0,1747872.0,55.525073,0.0160768002272,55.5411498002,2.79233045023,108.72014177565086,0.03146985624690301,0.6259545677539814,1.1208262038726893,0.000324431507700031,0.006453139873752386,cuSPARSE 12.8.6,CUDA,13040,13000,2026-10-08T01:18:30.360632+00:00,derived,csr-alg3,0,0,,,,5,20,4,true
3,A100-SXM4-80GB-suitesparse_all-fp64-n4-row-major-cuSPARSE-SpMM-CSR-solve-only,cuSPARSE-SpMM-CSR-best-solve-only,cuSPARSE CUDA 13.4.1 CSR PER MATRIX BEST,per-matrix-best,cuSPARSE-SpMM-CSR,best,solve-only,"csr-alg1,csr-alg2,csr-alg3,csr-default",manual-selection,csr,CUSPARSE_SPMM_CSR_ALG3,library-preprocess,spmm.csr.fp64,fp64,A100-SXM4-80GB,A100-SXM4-80GB,,9700.0,df7f742d-c1c4-51c9-b7da-d151d8293f2c,suitesparse_all,Puri/ABACUS_shell_md,ABACUS_shell_md,23412,23412,218484,4,row-major,N,N,1.0,0.0,20260922,main,pass,pass,0,0,1747872.0,60.976744,0.013055999577,60.9897999996,3.06189319958,133.8750043374025,0.028658431410030258,0.570846821254169,1.3801546838907472,0.0002954477464951573,0.005885018775816175,cuSPARSE 12.8.6,CUDA,13040,13000,2026-10-08T23:16:30.065069+00:00,derived,csr-alg3,0,0,,,,5,20,4,true
3,A100-SXM4-80GB-suitesparse_all-fp64-n4-row-major-cuSPARSE-SpMM-CSR-solve-only,cuSPARSE-SpMM-CSR-best-solve-only,cuSPARSE CUDA 13.4.1 CSR PER MATRIX BEST,per-matrix-best,cuSPARSE-SpMM-CSR,best,solve-only,"csr-alg1,csr-alg2,csr-alg3,csr-default",manual-selection,csr,CUSPARSE_SPMM_CSR_ALG3,library-preprocess,spmm.csr.fp64,fp64,A100-SXM4-80GB,A100-SXM4-80GB,,9700.0,0edb0287-e1df-52fd-b14b-f9e504b96222,suitesparse_all,Qaplib/lp_nug05,lp_nug05,210,225,1050,4,row-major,N,N,1.0,0.0,20260922,main,pass,pass,0,0,8400.0,53.506192,0.00568320006132,53.5118752001,2.68099280006,1.4780405245929327,0.0001569745027358769,0.0031331676831851283,0.01523753118137044,1.6182938426379062e-06,3.230069776479514e-05,cuSPARSE 12.8.6,CUDA,13040,13000,2026-10-07T20:03:30.445549+00:00,derived,csr-alg3,0,0,,,,5,20,4,true
3,A100-SXM4-80GB-suitesparse_all-fp64-n4-row-major-cuSPARSE-SpMM-CSR-solve-only,cuSPARSE-SpMM-CSR-best-solve-only,cuSPARSE CUDA 13.4.1 CSR PER MATRIX BEST,per-matrix-best,cuSPARSE-SpMM-CSR,best,solve-only,"csr-alg1,csr-alg2,csr-alg3,csr-default",manual-selection,csr,CUSPARSE_SPMM_CSR_ALG3,library-preprocess,spmm.csr.fp64,fp64,A100-SXM4-80GB,A100-SXM4-80GB,,9700.0,1cb4d392-df77-5092-a407-ab8ee1286933,suitesparse_all,Qaplib/lp_nug15,lp_nug15,6330,22275,94950,4,row-major,N,N,1.0,0.0,20260922,main,pass,pass,0,0,759600.0,50.751031,0.00757760033011,50.7586086003,2.54512915033,100.24281657897538,0.01496494921642731,0.29845243802323773,1.0334310987523234,0.00015427782697347744,0.003076829257971523,cuSPARSE 12.8.6,CUDA,13040,13000,2026-10-08T00:56:40.956307+00:00,derived,csr-alg3,0,0,,,,5,20,4,true
3,A100-SXM4-80GB-suitesparse_all-fp64-n4-row-major-cuSPARSE-SpMM-CSR-solve-only,cuSPARSE-SpMM-CSR-best-solve-only,cuSPARSE CUDA 13.4.1 CSR PER MATRIX BEST,per-matrix-best,cuSPARSE-SpMM-CSR,best,solve-only,"csr-alg1,csr-alg2,csr-alg3,csr-default",manual-selection,csr,CUSPARSE_SPMM_CSR_ALG3,library-preprocess,spmm.csr.fp64,fp64,A100-SXM4-80GB,A100-SXM4-80GB,,9700.0,df7f742d-c1c4-51c9-b7da-d151d8293f2c,suitesparse_all,Qaplib/lp_nug20,lp_nug20,15240,72600,304800,4,row-major,N,N,1.0,0.0,20260922,main,pass,pass,0,0,2438400.0,53.715442,0.0153600007296,53.7308020007,2.70113210073,158.74999245937536,0.04538179050385722,0.9027325984319705,1.6365978604059317,0.00046785351034904347,0.009306521633319284,cuSPARSE 12.8.6,CUDA,13040,13000,2026-10-08T22:49:08.265324+00:00,derived,csr-alg3,0,0,,,,5,20,4,true
3,A100-SXM4-80GB-suitesparse_all-fp64-n4-row-major-cuSPARSE-SpMM-CSR-solve-only,cuSPARSE-SpMM-CSR-best-solve-only,cuSPARSE CUDA 13.4.1 CSR PER MATRIX BEST,per-matrix-best,cuSPARSE-SpMM-CSR,best,solve-only,"csr-alg1,csr-alg2,csr-alg3,csr-default",manual-selection,csr,CUSPARSE_SPMM_CSR_ALG3,library-preprocess,spmm.csr.fp64,fp64,A100-SXM4-80GB,A100-SXM4-80GB,,9700.0,df7f742d-c1c4-51c9-b7da-d151d8293f2c,suitesparse_all,QCD/conf5_0-4x4-10,conf5_0-4x4-10,3072,3072,119808,4,row-major,N,N,1.0,0.0,20260922,main,pass,pass,0,0,958464.0,64.590316,0.00713440030813,64.5974504003,3.23665020031,134.34401752138623,0.014837489623205758,0.2961283860419023,1.3849898713544972,0.00015296381054851296,0.0030528699591948687,cuSPARSE 12.8.6,CUDA,13040,13000,2026-10-08T22:58:31.426457+00:00,derived,csr-alg3,0,0,,,,5,20,4,true
3,A100-SXM4-80GB-suitesparse_all-fp64-n4-row-major-cuSPARSE-SpMM-CSR-solve-only,cuSPARSE-SpMM-CSR-best-solve-only,cuSPARSE CUDA 13.4.1 CSR PER MATRIX BEST,per-matrix-best,cuSPARSE-SpMM-CSR,best,solve-only,"csr-alg1,csr-alg2,csr-alg3,csr-default",manual-selection,csr,CUSPARSE_SPMM_CSR_ALG3,library-preprocess,spmm.csr.fp64,fp64,A100-SXM4-80GB,A100-SXM4-80GB,,9700.0,0edb0287-e1df-52fd-b14b-f9e504b96222,suitesparse_all,QCD/conf5_0-4x4-18,conf5_0-4x4-18,3072,3072,119808,4,row-major,N,N,1.0,0.0,20260922,main,pass,pass,0,0,958464.0,55.942652,0.00860159993172,55.9512535999,2.80573419993,111.4285723130979,0.017130340043028332,0.3416089806453914,1.148748168176267,0.00017660144374256014,0.0035217420685091897,cuSPARSE 12.8.6,CUDA,13040,13000,2026-10-07T20:12:59.917021+00:00,derived,csr-alg3,0,0,,,,5,20,4,true
3,A100-SXM4-80GB-suitesparse_all-fp64-n4-row-major-cuSPARSE-SpMM-CSR-solve-only,cuSPARSE-SpMM-CSR-best-solve-only,cuSPARSE CUDA 13.4.1 CSR PER MATRIX BEST,per-matrix-best,cuSPARSE-SpMM-CSR,best,solve-only,"csr-alg1,csr-alg2,csr-alg3,csr-default",manual-selection,csr,CUSPARSE_SPMM_CSR_ALG3,library-preprocess,spmm.csr.fp64,fp64,A100-SXM4-80GB,A100-SXM4-80GB,,9700.0,1cb4d392-df77-5092-a407-ab8ee1286933,suitesparse_all,QCD/conf5_4-8x8-05,conf5_4-8x8-05,49152,49152,1916928,4,row-major,N,N,1.0,0.0,20260922,main,pass,pass,0,0,15335424.0,51.424351,0.0625151991844,51.4868661992,2.63373274918,245.3071285075069,0.29785118287580453,5.822695565742048,2.5289394691495555,0.0030706307512969534,0.060027789337546884,cuSPARSE 12.8.6,CUDA,13040,13000,2026-10-08T01:05:32.895349+00:00,derived,csr-alg3,0,0,,,,5,20,4,true
3,A100-SXM4-80GB-suitesparse_all-fp64-n4-row-major-cuSPARSE-SpMM-CSR-solve-only,cuSPARSE-SpMM-CSR-best-solve-only,cuSPARSE CUDA 13.4.1 CSR PER MATRIX BEST,per-matrix-best,cuSPARSE-SpMM-CSR,best,solve-only,"csr-alg1,csr-alg2,csr-alg3,csr-default",manual-selection,csr,CUSPARSE_SPMM_CSR_ALG3,library-preprocess,spmm.csr.fp64,fp64,A100-SXM4-80GB,A100-SXM4-80GB,,9700.0,df7f742d-c1c4-51c9-b7da-d151d8293f2c,suitesparse_all,QCD/conf5_4-8x8-10,conf5_4-8x8-10,49152,49152,1916928,4,row-major,N,N,1.0,0.0,20260922,main,pass,pass,0,0,15335424.0,75.71817,0.0506416022778,75.7688116023,3.83655010228,302.8226460109984,0.20239757857749593,3.9971911199299615,3.121882948566994,0.0020865729750257312,0.041208155875566616,cuSPARSE 12.8.6,CUDA,13040,13000,2026-10-08T22:58:38.729715+00:00,derived,csr-alg3,0,0,,,,5,20,4,true
3,A100-SXM4-80GB-suitesparse_all-fp64-n4-row-major-cuSPARSE-SpMM-CSR-solve-only,cuSPARSE-SpMM-CSR-best-solve-only,cuSPARSE CUDA 13.4.1 CSR PER MATRIX BEST,per-matrix-best,cuSPARSE-SpMM-CSR,best,solve-only,"csr-alg1,csr-alg2,csr-alg3,csr-default",manual-selection,csr,CUSPARSE_SPMM_CSR_ALG3,library-preprocess,spmm.csr.fp64,fp64,A100-SXM4-80GB,A100-SXM4-80GB,,9700.0,0edb0287-e1df-52fd-b14b-f9e504b96222,suitesparse_all,QCD/conf5_4-8x8-20,conf5_4-8x8-20,49152,49152,1916928,4,row-major,N,N,1.0,0.0,20260922,main,pass,pass,0,0,15335424.0,55.011122,0.0592383980751,55.0703603981,2.80979449808,258.8764129063447,0.27846965026452036,5.457845408437899,2.6688289990344813,0.0028708211367476327,0.05626644750966907,cuSPARSE 12.8.6,CUDA,13040,13000,2026-10-07T20:13:07.189200+00:00,derived,csr-alg3,0,0,,,,5,20,4,true
3,A100-SXM4-80GB-suitesparse_all-fp64-n4-row-major-cuSPARSE-SpMM-CSR-solve-only,cuSPARSE-SpMM-CSR-best-solve-only,cuSPARSE CUDA 13.4.1 CSR PER MATRIX BEST,per-matrix-best,cuSPARSE-SpMM-CSR,best,solve-only,"csr-alg1,csr-alg2,csr-alg3,csr-default",manual-selection,csr,CUSPARSE_SPMM_CSR_ALG1,library-preprocess,spmm.csr.fp64,fp64,A100-SXM4-80GB,A100-SXM4-80GB,,9700.0,1cb4d392-df77-5092-a407-ab8ee1286933,suitesparse_all,QY/case9,case9,14454,14454,147972,4,row-major,N,N,1.0,0.0,20260922,main,pass,pass,0,0,1183776.0,0.07566,0.0257535994053,0.101413599405,0.0295365994053,45.965458317891795,11.672754018645316,40.07827657328708,0.47387070430816286,0.12033767029531253,0.4131781090029596,cuSPARSE 12.8.6,CUDA,13040,13000,2026-10-07T21:01:59.779506+00:00,derived,csr-alg1,0,0,,,,5,20,4,true
3,A100-SXM4-80GB-suitesparse_all-fp64-n4-row-major-cuSPARSE-SpMM-CSR-solve-only,cuSPARSE-SpMM-CSR-best-solve-only,cuSPARSE CUDA 13.4.1 CSR PER MATRIX BEST,per-matrix-best,cuSPARSE-SpMM-CSR,best,solve-only,"csr-alg1,csr-alg2,csr-alg3,csr-default",manual-selection,csr,CUSPARSE_SPMM_CSR_ALG1,library-preprocess,spmm.csr.fp64,fp64,A100-SXM4-80GB,A100-SXM4-80GB,,9700.0,df7f742d-c1c4-51c9-b7da-d151d8293f2c,suitesparse_all,Rajat/Raj1,Raj1,263743,263743,1302464,4,row-major,N,N,1.0,0.0,20260922,main,pass,pass,0,0,10419712.0,0.148191,0.1400832057,0.2882742057,0.1474927557,74.38230691489666,36.14514165323394,70.64558493431146,0.7668279063391409,0.37263032632199944,0.7283049993227986,cuSPARSE 12.8.6,CUDA,13040,13000,2026-10-08T17:49:59.976681+00:00,derived,csr-alg1,0,0,,,,5,20,4,true
3,A100-SXM4-80GB-suitesparse_all-fp64-n4-row-major-cuSPARSE-SpMM-CSR-solve-only,cuSPARSE-SpMM-CSR-best-solve-only,cuSPARSE CUDA 13.4.1 CSR PER MATRIX BEST,per-matrix-best,cuSPARSE-SpMM-CSR,best,solve-only,"csr-alg1,csr-alg2,csr-alg3,csr-default",manual-selection,csr,CUSPARSE_SPMM_CSR_ALG1,library-preprocess,spmm.csr.fp64,fp64,A100-SXM4-80GB,A100-SXM4-80GB,,9700.0,0edb0287-e1df-52fd-b14b-f9e504b96222,suitesparse_all,Rajat/rajat01,rajat01,6833,6833,43250,4,row-major,N,N,1.0,0.0,20260922,main,pass,pass,0,0,346000.0,0.05632,0.0187391996384,0.0750591996384,0.0215551996384,18.46396893552399,4.609694769819897,16.051811433173203,0.19035019521158753,0.04752262649298863,0.1654825920945691,cuSPARSE 12.8.6,CUDA,13040,13000,2026-10-07T15:34:24.936031+00:00,derived,csr-alg1,0,0,,,,5,20,4,true
3,A100-SXM4-80GB-suitesparse_all-fp64-n4-row-major-cuSPARSE-SpMM-CSR-solve-only,cuSPARSE-SpMM-CSR-best-solve-only,cuSPARSE CUDA 13.4.1 CSR PER MATRIX BEST,per-matrix-best,cuSPARSE-SpMM-CSR,best,solve-only,"csr-alg1,csr-alg2,csr-alg3,csr-default",manual-selection,csr,CUSPARSE_SPMM_CSR_ALG3,library-preprocess,spmm.csr.fp64,fp64,A100-SXM4-80GB,A100-SXM4-80GB,,9700.0,1cb4d392-df77-5092-a407-ab8ee1286933,suitesparse_all,Rajat/rajat06,rajat06,10922,10922,46983,4,row-major,N,N,1.0,0.0,20260922,main,pass,pass,0,0,375864.0,54.059712,0.011571200192,54.0712832002,2.71455680019,32.48271516898149,0.006951268358258784,0.13846238176843165,0.33487335225754117,7.166256039442045e-05,0.0014274472347260995,cuSPARSE 12.8.6,CUDA,13040,13000,2026-10-08T00:59:28.265928+00:00,derived,csr-alg3,0,0,,,,5,20,4,true
3,A100-SXM4-80GB-suitesparse_all-fp64-n4-row-major-cuSPARSE-SpMM-CSR-solve-only,cuSPARSE-SpMM-CSR-best-solve-only,cuSPARSE CUDA 13.4.1 CSR PER MATRIX BEST,per-matrix-best,cuSPARSE-SpMM-CSR,best,solve-only,"csr-alg1,csr-alg2,csr-alg3,csr-default",manual-selection,csr,CUSPARSE_SPMM_CSR_ALG3,library-preprocess,spmm.csr.fp64,fp64,A100-SXM4-80GB,A100-SXM4-80GB,,9700.0,df7f742d-c1c4-51c9-b7da-d151d8293f2c,suitesparse_all,Rajat/rajat07,rajat07,14842,14842,63913,4,row-major,N,N,1.0,0.0,20260922,main,pass,pass,0,0,511304.0,54.330572,0.0125952005386,54.3431672005,2.72912380054,40.59514562178088,0.009408800155381735,0.18735097319470462,0.41850665589464825,9.699793974620345e-05,0.001931453331904171,cuSPARSE 12.8.6,CUDA,13040,13000,2026-10-08T22:52:15.795413+00:00,derived,csr-alg3,0,0,,,,5,20,4,true
3,A100-SXM4-80GB-suitesparse_all-fp64-n4-row-major-cuSPARSE-SpMM-CSR-solve-only,cuSPARSE-SpMM-CSR-best-solve-only,cuSPARSE CUDA 13.4.1 CSR PER MATRIX BEST,per-matrix-best,cuSPARSE-SpMM-CSR,best,solve-only,"csr-alg1,csr-alg2,csr-alg3,csr-default",manual-selection,csr,CUSPARSE_SPMM_CSR_ALG3,library-preprocess,spmm.csr.fp64,fp64,A100-SXM4-80GB,A100-SXM4-80GB,,9700.0,0edb0287-e1df-52fd-b14b-f9e504b96222,suitesparse_all,Rajat/rajat09,rajat09,24482,24482,105573,4,row-major,N,N,1.0,0.0,20260922,main,pass,pass,0,0,844584.0,54.904902,0.0153088003397,54.9202108003,2.76055390034,55.16983573231128,0.01537838234217751,0.30594729553948496,0.5687611931166111,0.00015854002414615988,0.0031540958303039684,cuSPARSE 12.8.6,CUDA,13040,13000,2026-10-07T20:06:32.921616+00:00,derived,csr-alg3,0,0,,,,5,20,4,true
3,A100-SXM4-80GB-suitesparse_all-fp64-n4-row-major-cuSPARSE-SpMM-CSR-solve-only,cuSPARSE-SpMM-CSR-best-solve-only,cuSPARSE CUDA 13.4.1 CSR PER MATRIX BEST,per-matrix-best,cuSPARSE-SpMM-CSR,best,solve-only,"csr-alg1,csr-alg2,csr-alg3,csr-default",manual-selection,csr,CUSPARSE_SPMM_CSR_ALG1,library-preprocess,spmm.csr.fp64,fp64,A100-SXM4-80GB,A100-SXM4-80GB,,9700.0,1cb4d392-df77-5092-a407-ab8ee1286933,suitesparse_all,Rajat/rajat14,rajat14,180,180,1503,4,row-major,N,N,1.0,0.0,20260922,main,pass,pass,0,0,12024.0,0.06418,0.0141824007034,0.0783624007034,0.0173914007034,0.8478113297925254,0.15344093458175917,0.6913761694680132,0.008740322987551808,0.0015818653049665895,0.007127589375958899,cuSPARSE 12.8.6,CUDA,13040,13000,2026-10-07T20:43:45.616770+00:00,derived,csr-alg1,0,0,,,,5,20,4,true
3,A100-SXM4-80GB-suitesparse_all-fp64-n4-row-major-cuSPARSE-SpMM-CSR-solve-only,cuSPARSE-SpMM-CSR-best-solve-only,cuSPARSE CUDA 13.4.1 CSR PER MATRIX BEST,per-matrix-best,cuSPARSE-SpMM-CSR,best,solve-only,"csr-alg1,csr-alg2,csr-alg3,csr-default",manual-selection,csr,CUSPARSE_SPMM_CSR_ALG1,library-preprocess,spmm.csr.fp64,fp64,A100-SXM4-80GB,A100-SXM4-80GB,,9700.0,df7f742d-c1c4-51c9-b7da-d151d8293f2c,suitesparse_all,Rajat/rajat16,rajat16,94294,94294,641159,4,row-major,N,N,1.0,0.0,20260922,main,pass,pass,0,0,5129272.0,0.14638,0.0682496011257,0.214629601126,0.0755686011257,75.1546077251509,23.898250628480742,67.87570397747635,0.7747897703623804,0.24637371781938908,0.6997495255409933,cuSPARSE 12.8.6,CUDA,13040,13000,2026-10-08T17:42:38.918453+00:00,derived,csr-alg1,0,0,,,,5,20,4,true
3,A100-SXM4-80GB-suitesparse_all-fp64-n4-row-major-cuSPARSE-SpMM-CSR-solve-only,cuSPARSE-SpMM-CSR-best-solve-only,cuSPARSE CUDA 13.4.1 CSR PER MATRIX BEST,per-matrix-best,cuSPARSE-SpMM-CSR,best,solve-only,"csr-alg1,csr-alg2,csr-alg3,csr-default",manual-selection,csr,CUSPARSE_SPMM_CSR_ALG1,library-preprocess,spmm.csr.fp64,fp64,A100-SXM4-80GB,A100-SXM4-80GB,,9700.0,0edb0287-e1df-52fd-b14b-f9e504b96222,suitesparse_all,Rajat/rajat18,rajat18,94294,94294,485143,4,row-major,N,N,1.0,0.0,20260922,main,pass,pass,0,0,3881144.0,0.11296,0.0627200007439,0.175680000744,0.0683680007439,61.88048395993476,22.092121946513327,56.76842905701449,0.6379431336075748,0.22775383450013736,0.5852415366702525,cuSPARSE 12.8.6,CUDA,13040,13000,2026-10-07T15:37:23.127676+00:00,derived,csr-alg1,0,0,,,,5,20,4,true
3,A100-SXM4-80GB-suitesparse_all-fp64-n4-row-major-cuSPARSE-SpMM-CSR-solve-only,cuSPARSE-SpMM-CSR-best-solve-only,cuSPARSE CUDA 13.4.1 CSR PER MATRIX BEST,per-matrix-best,cuSPARSE-SpMM-CSR,best,solve-only,"csr-alg1,csr-alg2,csr-alg3,csr-default",manual-selection,csr,CUSPARSE_SPMM_CSR_ALG1,library-preprocess,spmm.csr.fp64,fp64,A100-SXM4-80GB,A100-SXM4-80GB,,9700.0,0edb0287-e1df-52fd-b14b-f9e504b96222,suitesparse_all,Rajat/rajat20,rajat20,86916,86916,605045,4,row-major,N,N,1.0,0.0,20260922,main,pass,pass,0,0,4840360.0,0.08178,0.0526848018169,0.134464801817,0.0567738018169,91.87393390644455,35.997227040779734,85.25692916621198,0.9471539577983974,0.3711054334101003,0.8789374140846595,cuSPARSE 12.8.6,CUDA,13040,13000,2026-10-07T15:38:30.238299+00:00,derived,csr-alg1,0,0,,,,5,20,4,true
3,A100-SXM4-80GB-suitesparse_all-fp64-n4-row-major-cuSPARSE-SpMM-CSR-solve-only,cuSPARSE-SpMM-CSR-best-solve-only,cuSPARSE CUDA 13.4.1 CSR PER MATRIX BEST,per-matrix-best,cuSPARSE-SpMM-CSR,best,solve-only,"csr-alg1,csr-alg2,csr-alg3,csr-default",manual-selection,csr,CUSPARSE_SPMM_CSR_ALG1,library-preprocess,spmm.csr.fp64,fp64,A100-SXM4-80GB,A100-SXM4-80GB,,9700.0,1cb4d392-df77-5092-a407-ab8ee1286933,suitesparse_all,Rajat/rajat25,rajat25,87190,87190,607235,4,row-major,N,N,1.0,0.0,20260922,main,pass,pass,0,0,4857880.0,0.12816,0.0647167980671,0.192876798067,0.0711247980671,75.06366422768983,25.186440508580553,68.30079145415664,0.7738522085328848,0.2596540258616552,0.7041318706614086,cuSPARSE 12.8.6,CUDA,13040,13000,2026-10-07T20:45:41.096826+00:00,derived,csr-alg1,0,0,,,,5,20,4,true
3,A100-SXM4-80GB-suitesparse_all-fp64-n4-row-major-cuSPARSE-SpMM-CSR-solve-only,cuSPARSE-SpMM-CSR-best-solve-only,cuSPARSE CUDA 13.4.1 CSR PER MATRIX BEST,per-matrix-best,cuSPARSE-SpMM-CSR,best,solve-only,"csr-alg1,csr-alg2,csr-alg3,csr-default",manual-selection,csr,CUSPARSE_SPMM_CSR_ALG3,library-preprocess,spmm.csr.fp64,fp64,A100-SXM4-80GB,A100-SXM4-80GB,,9700.0,df7f742d-c1c4-51c9-b7da-d151d8293f2c,suitesparse_all,Rajat/rajat26,rajat26,51032,51032,249302,4,row-major,N,N,1.0,0.0,20260922,main,pass,pass,0,0,1994416.0,46.333698,0.0240639999509,46.357762,2.34074889995,82.87965442442615,0.04302226669182175,0.8520418401318492,0.8544294270559397,0.0004435285225961005,0.008783936496204632,cuSPARSE 12.8.6,CUDA,13040,13000,2026-10-08T22:54:16.506254+00:00,derived,csr-alg3,0,0,,,,5,20,4,true
3,A100-SXM4-80GB-suitesparse_all-fp64-n4-row-major-cuSPARSE-SpMM-CSR-solve-only,cuSPARSE-SpMM-CSR-best-solve-only,cuSPARSE CUDA 13.4.1 CSR PER MATRIX BEST,per-matrix-best,cuSPARSE-SpMM-CSR,best,solve-only,"csr-alg1,csr-alg2,csr-alg3,csr-default",manual-selection,csr,CUSPARSE_SPMM_CSR_ALG1,library-preprocess,spmm.csr.fp64,fp64,A100-SXM4-80GB,A100-SXM4-80GB,,9700.0,0edb0287-e1df-52fd-b14b-f9e504b96222,suitesparse_all,Rajat/rajat28,rajat28,87190,87190,607235,4,row-major,N,N,1.0,0.0,20260922,main,pass,pass,0,0,4857880.0,0.08639,0.0647167980671,0.151106798067,0.0690362980671,75.06366422768983,32.148652887516285,70.36704075989665,0.7738522085328848,0.3314294112115081,0.7254334098958418,cuSPARSE 12.8.6,CUDA,13040,13000,2026-10-07T15:38:33.751736+00:00,derived,csr-alg1,0,0,,,,5,20,4,true
3,A100-SXM4-80GB-suitesparse_all-fp64-n4-row-major-cuSPARSE-SpMM-CSR-solve-only,cuSPARSE-SpMM-CSR-best-solve-only,cuSPARSE CUDA 13.4.1 CSR PER MATRIX BEST,per-matrix-best,cuSPARSE-SpMM-CSR,best,solve-only,"csr-alg1,csr-alg2,csr-alg3,csr-default",manual-selection,csr,CUSPARSE_SPMM_CSR_ALG1,library-preprocess,spmm.csr.fp64,fp64,A100-SXM4-80GB,A100-SXM4-80GB,,9700.0,1cb4d392-df77-5092-a407-ab8ee1286933,suitesparse_all,Rajat/rajat31,rajat31,4690002,4690002,20316253,4,row-major,N,N,1.0,0.0,20260922,main,pass,pass,0,0,162530024.0,1.13357,1.42300157547,2.55657157547,1.47968007547,114.21633454363416,63.57342996357162,109.84132765886882,1.1774879849859192,0.65539618519146,1.1323848212254517,cuSPARSE 12.8.6,CUDA,13040,13000,2026-10-07T20:48:05.397403+00:00,derived,csr-alg1,0,0,,,,5,20,4,true
3,A100-SXM4-80GB-suitesparse_all-fp64-n4-row-major-cuSPARSE-SpMM-CSR-solve-only,cuSPARSE-SpMM-CSR-best-solve-only,cuSPARSE CUDA 13.4.1 CSR PER MATRIX BEST,per-matrix-best,cuSPARSE-SpMM-CSR,best,solve-only,"csr-alg1,csr-alg2,csr-alg3,csr-default",manual-selection,csr,CUSPARSE_SPMM_CSR_ALG3,library-preprocess,spmm.csr.fp64,fp64,A100-SXM4-80GB,A100-SXM4-80GB,,9700.0,df7f742d-c1c4-51c9-b7da-d151d8293f2c,suitesparse_all,Raju/laminar_duct3D,laminar_duct3D,67173,67173,3833077,4,row-major,N,N,1.0,0.0,20260922,main,pass,pass,0,0,30664616.0,48.101269,0.135270404816,48.2365394048,2.54033385482,226.69124145603902,0.6357134317340472,12.07109685280827,2.337023107794217,0.0065537467189077025,0.12444429745163164,cuSPARSE 12.8.6,CUDA,13040,13000,2026-10-08T22:54:39.583011+00:00,derived,csr-alg3,0,0,,,,5,20,4,true
3,A100-SXM4-80GB-suitesparse_all-fp64-n4-row-major-cuSPARSE-SpMM-CSR-solve-only,cuSPARSE-SpMM-CSR-best-solve-only,cuSPARSE CUDA 13.4.1 CSR PER MATRIX BEST,per-matrix-best,cuSPARSE-SpMM-CSR,best,solve-only,"csr-alg1,csr-alg2,csr-alg3,csr-default",manual-selection,csr,CUSPARSE_SPMM_CSR_ALG3,library-preprocess,spmm.csr.fp64,fp64,A100-SXM4-80GB,A100-SXM4-80GB,,9700.0,0edb0287-e1df-52fd-b14b-f9e504b96222,suitesparse_all,Rommes/bauru5727,bauru5727,40366,40366,145019,4,row-major,N,N,1.0,0.0,20260922,main,pass,pass,0,0,1160152.0,52.911701,0.0211456000805,52.9328466001,2.66673065008,54.864936231810525,0.021917430754570606,0.43504656158851146,0.5656178992970157,0.00022595289437701653,0.004485016098850634,cuSPARSE 12.8.6,CUDA,13040,13000,2026-10-07T20:47:46.372747+00:00,derived,csr-alg3,0,0,,,,5,20,4,true
3,A100-SXM4-80GB-suitesparse_all-fp64-n4-row-major-cuSPARSE-SpMM-CSR-solve-only,cuSPARSE-SpMM-CSR-best-solve-only,cuSPARSE CUDA 13.4.1 CSR PER MATRIX BEST,per-matrix-best,cuSPARSE-SpMM-CSR,best,solve-only,"csr-alg1,csr-alg2,csr-alg3,csr-default",manual-selection,csr,CUSPARSE_SPMM_CSR_ALG3,library-preprocess,spmm.csr.fp64,fp64,A100-SXM4-80GB,A100-SXM4-80GB,,9700.0,0edb0287-e1df-52fd-b14b-f9e504b96222,suitesparse_all,Rommes/bips07_1693,bips07_1693,13275,13275,49044,4,row-major,N,N,1.0,0.0,20260922,main,pass,pass,0,0,392352.0,54.313302,0.00998400002718,54.323286,2.72564910003,39.29807681609358,0.007222538047495875,0.14394809661877664,0.40513481253704714,7.445915512882346e-05,0.0014840009960698623,cuSPARSE 12.8.6,CUDA,13040,13000,2026-10-07T20:47:47.273730+00:00,derived,csr-alg3,0,0,,,,5,20,4,true
3,A100-SXM4-80GB-suitesparse_all-fp64-n4-row-major-cuSPARSE-SpMM-CSR-solve-only,cuSPARSE-SpMM-CSR-best-solve-only,cuSPARSE CUDA 13.4.1 CSR PER MATRIX BEST,per-matrix-best,cuSPARSE-SpMM-CSR,best,solve-only,"csr-alg1,csr-alg2,csr-alg3,csr-default",manual-selection,csr,CUSPARSE_SPMM_CSR_ALG3,library-preprocess,spmm.csr.fp64,fp64,A100-SXM4-80GB,A100-SXM4-80GB,,9700.0,df7f742d-c1c4-51c9-b7da-d151d8293f2c,suitesparse_all,Rommes/bips98_1142,bips98_1142,9735,9735,40983,4,row-major,N,N,1.0,0.0,20260922,main,pass,pass,0,0,327864.0,61.888275,0.00762879997492,61.8959038,3.10204254997,42.977139403034116,0.0052970225793843246,0.10569294093118445,0.44306329281478474,5.460848019983839e-05,0.0010896179477441696,cuSPARSE 12.8.6,CUDA,13040,13000,2026-10-08T23:17:27.759565+00:00,derived,csr-alg3,0,0,,,,5,20,4,true
3,A100-SXM4-80GB-suitesparse_all-fp64-n4-row-major-cuSPARSE-SpMM-CSR-solve-only,cuSPARSE-SpMM-CSR-best-solve-only,cuSPARSE CUDA 13.4.1 CSR PER MATRIX BEST,per-matrix-best,cuSPARSE-SpMM-CSR,best,solve-only,"csr-alg1,csr-alg2,csr-alg3,csr-default",manual-selection,csr,CUSPARSE_SPMM_CSR_ALG3,library-preprocess,spmm.csr.fp64,fp64,A100-SXM4-80GB,A100-SXM4-80GB,,9700.0,1cb4d392-df77-5092-a407-ab8ee1286933,suitesparse_all,Rommes/bips98_606,bips98_606,7135,7135,34738,4,row-major,N,N,1.0,0.0,20260922,main,pass,pass,0,0,277904.0,68.508727,0.00721919983625,68.5159461998,3.43265554984,38.495124986643496,0.004056048488181153,0.0809588949328031,0.3968569586251907,4.181493286784694e-05,0.0008346277828124031,cuSPARSE 12.8.6,CUDA,13040,13000,2026-10-08T01:21:05.684812+00:00,derived,csr-alg3,0,0,,,,5,20,4,true
3,A100-SXM4-80GB-suitesparse_all-fp64-n4-row-major-cuSPARSE-SpMM-CSR-solve-only,cuSPARSE-SpMM-CSR-best-solve-only,cuSPARSE CUDA 13.4.1 CSR PER MATRIX BEST,per-matrix-best,cuSPARSE-SpMM-CSR,best,solve-only,"csr-alg1,csr-alg2,csr-alg3,csr-default",manual-selection,csr,CUSPARSE_SPMM_CSR_ALG3,library-preprocess,spmm.csr.fp64,fp64,A100-SXM4-80GB,A100-SXM4-80GB,,9700.0,0edb0287-e1df-52fd-b14b-f9e504b96222,suitesparse_all,Rommes/M10PI_n,M10PI_n,682,682,1633,4,row-major,N,N,1.0,0.0,20260922,main,pass,pass,0,0,13064.0,53.294382,0.00568320006132,53.3000652001,2.67040230006,2.2987049301526277,0.00024510288966729987,0.004892146774928433,0.023697988970645647,2.526833914095875e-06,5.043450283431374e-05,cuSPARSE 12.8.6,CUDA,13040,13000,2026-10-07T20:47:47.882319+00:00,derived,csr-alg3,0,0,,,,5,20,4,true
3,A100-SXM4-80GB-suitesparse_all-fp64-n4-row-major-cuSPARSE-SpMM-CSR-solve-only,cuSPARSE-SpMM-CSR-best-solve-only,cuSPARSE CUDA 13.4.1 CSR PER MATRIX BEST,per-matrix-best,cuSPARSE-SpMM-CSR,best,solve-only,"csr-alg1,csr-alg2,csr-alg3,csr-default",manual-selection,csr,CUSPARSE_SPMM_CSR_ALG3,library-preprocess,spmm.csr.fp64,fp64,A100-SXM4-80GB,A100-SXM4-80GB,,9700.0,1cb4d392-df77-5092-a407-ab8ee1286933,suitesparse_all,Rommes/M20PI_n1,M20PI_n1,1028,1028,2547,4,row-major,N,N,1.0,0.0,20260922,main,pass,pass,0,0,20376.0,67.800757,0.00486400015652,67.8056210002,3.39490185016,4.189144602038463,0.00030050605981383013,0.006001940821658715,0.04318705775297385,3.0980006166374244e-06,6.187567857380118e-05,cuSPARSE 12.8.6,CUDA,13040,13000,2026-10-08T01:21:07.074284+00:00,derived,csr-alg3,0,0,,,,5,20,4,true
3,A100-SXM4-80GB-suitesparse_all-fp64-n4-row-major-cuSPARSE-SpMM-CSR-solve-only,cuSPARSE-SpMM-CSR-best-solve-only,cuSPARSE CUDA 13.4.1 CSR PER MATRIX BEST,per-matrix-best,cuSPARSE-SpMM-CSR,best,solve-only,"csr-alg1,csr-alg2,csr-alg3,csr-default",manual-selection,csr,CUSPARSE_SPMM_CSR_ALG3,library-preprocess,spmm.csr.fp64,fp64,A100-SXM4-80GB,A100-SXM4-80GB,,9700.0,df7f742d-c1c4-51c9-b7da-d151d8293f2c,suitesparse_all,Rommes/M40PI_n1,M40PI_n1,2028,2028,5007,4,row-major,N,N,1.0,0.0,20260922,main,pass,pass,0,0,40056.0,57.535523,0.00476160012186,57.5402846001,2.88153775012,8.412298171807238,0.0006961383712017716,0.013900911066784356,0.08672472342069318,7.176684239193521e-06,0.0001433083615132408,cuSPARSE 12.8.6,CUDA,13040,13000,2026-10-08T23:17:28.546665+00:00,derived,csr-alg3,0,0,,,,5,20,4,true
3,A100-SXM4-80GB-suitesparse_all-fp64-n4-row-major-cuSPARSE-SpMM-CSR-solve-only,cuSPARSE-SpMM-CSR-best-solve-only,cuSPARSE CUDA 13.4.1 CSR PER MATRIX BEST,per-matrix-best,cuSPARSE-SpMM-CSR,best,solve-only,"csr-alg1,csr-alg2,csr-alg3,csr-default",manual-selection,csr,CUSPARSE_SPMM_CSR_ALG3,library-preprocess,spmm.csr.fp64,fp64,A100-SXM4-80GB,A100-SXM4-80GB,,9700.0,1cb4d392-df77-5092-a407-ab8ee1286933,suitesparse_all,Rommes/mimo28x28_system,mimo28x28_system,13251,13251,48737,4,row-major,N,N,1.0,0.0,20260922,main,pass,pass,0,0,389896.0,59.266774,0.00829439982772,59.2750683998,2.97163309983,47.00713832204739,0.0065777401954261695,0.13120596887358166,0.48460967342316896,6.781175459202236e-05,0.0013526388543668212,cuSPARSE 12.8.6,CUDA,13040,13000,2026-10-08T01:21:04.504946+00:00,derived,csr-alg3,0,0,,,,5,20,4,true
3,A100-SXM4-80GB-suitesparse_all-fp64-n4-row-major-cuSPARSE-SpMM-CSR-solve-only,cuSPARSE-SpMM-CSR-best-solve-only,cuSPARSE CUDA 13.4.1 CSR PER MATRIX BEST,per-matrix-best,cuSPARSE-SpMM-CSR,best,solve-only,"csr-alg1,csr-alg2,csr-alg3,csr-default",manual-selection,csr,CUSPARSE_SPMM_CSR_ALG3,library-preprocess,spmm.csr.fp64,fp64,A100-SXM4-80GB,A100-SXM4-80GB,,9700.0,df7f742d-c1c4-51c9-b7da-d151d8293f2c,suitesparse_all,Rommes/mimo46x46_system,mimo46x46_system,13250,13250,48735,4,row-major,N,N,1.0,0.0,20260922,main,pass,pass,0,0,389880.0,63.586816,0.00834560021758,63.5951616002,3.18768640022,46.71683160412095,0.006130655071702402,0.12230814172093346,0.48161682066104067,6.32026296051794e-05,0.0012609086775353965,cuSPARSE 12.8.6,CUDA,13040,13000,2026-10-08T23:17:26.716518+00:00,derived,csr-alg3,0,0,,,,5,20,4,true
3,A100-SXM4-80GB-suitesparse_all-fp64-n4-row-major-cuSPARSE-SpMM-CSR-solve-only,cuSPARSE-SpMM-CSR-best-solve-only,cuSPARSE CUDA 13.4.1 CSR PER MATRIX BEST,per-matrix-best,cuSPARSE-SpMM-CSR,best,solve-only,"csr-alg1,csr-alg2,csr-alg3,csr-default",manual-selection,csr,CUSPARSE_SPMM_CSR_ALG3,library-preprocess,spmm.csr.fp64,fp64,A100-SXM4-80GB,A100-SXM4-80GB,,9700.0,0edb0287-e1df-52fd-b14b-f9e504b96222,suitesparse_all,Rommes/S10PI_n,S10PI_n,682,682,1633,4,row-major,N,N,1.0,0.0,20260922,main,pass,pass,0,0,13064.0,52.530931,0.00573440007865,52.5366654001,2.63228095008,2.278180772325105,0.00024866443084100144,0.004962996066055547,0.023486399714691804,2.5635508334123858e-06,5.116490789747987e-05,cuSPARSE 12.8.6,CUDA,13040,13000,2026-10-07T20:47:48.542709+00:00,derived,csr-alg3,0,0,,,,5,20,4,true
3,A100-SXM4-80GB-suitesparse_all-fp64-n4-row-major-cuSPARSE-SpMM-CSR-solve-only,cuSPARSE-SpMM-CSR-best-solve-only,cuSPARSE CUDA 13.4.1 CSR PER MATRIX BEST,per-matrix-best,cuSPARSE-SpMM-CSR,best,solve-only,"csr-alg1,csr-alg2,csr-alg3,csr-default",manual-selection,csr,CUSPARSE_SPMM_CSR_ALG3,library-preprocess,spmm.csr.fp64,fp64,A100-SXM4-80GB,A100-SXM4-80GB,,9700.0,1cb4d392-df77-5092-a407-ab8ee1286933,suitesparse_all,Rommes/S20PI_n1,S20PI_n1,1028,1028,2547,4,row-major,N,N,1.0,0.0,20260922,main,pass,pass,0,0,20376.0,56.626812,0.00481280013919,56.6316248001,2.83615340014,4.233709983940722,0.0003597989651881579,0.007184378672533787,0.04364649467980126,3.7092676823521434e-06,7.40657595106576e-05,cuSPARSE 12.8.6,CUDA,13040,13000,2026-10-08T01:21:08.200217+00:00,derived,csr-alg3,0,0,,,,5,20,4,true
3,A100-SXM4-80GB-suitesparse_all-fp64-n4-row-major-cuSPARSE-SpMM-CSR-solve-only,cuSPARSE-SpMM-CSR-best-solve-only,cuSPARSE CUDA 13.4.1 CSR PER MATRIX BEST,per-matrix-best,cuSPARSE-SpMM-CSR,best,solve-only,"csr-alg1,csr-alg2,csr-alg3,csr-default",manual-selection,csr,CUSPARSE_SPMM_CSR_ALG3,library-preprocess,spmm.csr.fp64,fp64,A100-SXM4-80GB,A100-SXM4-80GB,,9700.0,df7f742d-c1c4-51c9-b7da-d151d8293f2c,suitesparse_all,Rommes/S40PI_n1,S40PI_n1,2028,2028,5007,4,row-major,N,N,1.0,0.0,20260922,main,pass,pass,0,0,40056.0,56.603302,0.00573440007865,56.6090364001,2.83589950008,6.985211957765952,0.0007075902108082737,0.014124619013780294,0.07201249440995827,7.294744441322409e-06,0.00014561462900804426,cuSPARSE 12.8.6,CUDA,13040,13000,2026-10-08T23:17:29.204283+00:00,derived,csr-alg3,0,0,,,,5,20,4,true
3,A100-SXM4-80GB-suitesparse_all-fp64-n4-row-major-cuSPARSE-SpMM-CSR-solve-only,cuSPARSE-SpMM-CSR-best-solve-only,cuSPARSE CUDA 13.4.1 CSR PER MATRIX BEST,per-matrix-best,cuSPARSE-SpMM-CSR,best,solve-only,"csr-alg1,csr-alg2,csr-alg3,csr-default",manual-selection,csr,CUSPARSE_SPMM_CSR_ALG3,library-preprocess,spmm.csr.fp64,fp64,A100-SXM4-80GB,A100-SXM4-80GB,,9700.0,0edb0287-e1df-52fd-b14b-f9e504b96222,suitesparse_all,Ronis/xenon1,xenon1,48600,48600,1181120,4,row-major,N,N,1.0,0.0,20260922,main,pass,pass,0,0,9448960.0,52.146751,0.0393727988005,52.1861237988,2.6467103488,239.98700341008032,0.1810626908491961,3.570077097512424,2.4740928186606217,0.0018666256788576916,0.03680491853105592,cuSPARSE 12.8.6,CUDA,13040,13000,2026-10-07T20:03:34.532888+00:00,derived,csr-alg3,0,0,,,,5,20,4,true
3,A100-SXM4-80GB-suitesparse_all-fp64-n4-row-major-cuSPARSE-SpMM-CSR-solve-only,cuSPARSE-SpMM-CSR-best-solve-only,cuSPARSE CUDA 13.4.1 CSR PER MATRIX BEST,per-matrix-best,cuSPARSE-SpMM-CSR,best,solve-only,"csr-alg1,csr-alg2,csr-alg3,csr-default",manual-selection,csr,CUSPARSE_SPMM_CSR_ALG3,library-preprocess,spmm.csr.fp64,fp64,A100-SXM4-80GB,A100-SXM4-80GB,,9700.0,1cb4d392-df77-5092-a407-ab8ee1286933,suitesparse_all,Rothberg/gearbox,gearbox,153746,153746,9080404,4,row-major,N,N,1.0,0.0,20260922,main,pass,pass,0,0,72643232.0,51.408301,0.31621119976,51.7245121998,2.88662624976,229.73010461089052,1.404425656435304,25.1654442642305,2.3683515939267066,0.014478615014796949,0.25943756973433507,cuSPARSE 12.8.6,CUDA,13040,13000,2026-10-08T00:57:00.706685+00:00,derived,csr-alg3,0,0,,,,5,20,4,true
3,A100-SXM4-80GB-suitesparse_all-fp64-n4-row-major-cuSPARSE-SpMM-CSR-solve-only,cuSPARSE-SpMM-CSR-best-solve-only,cuSPARSE CUDA 13.4.1 CSR PER MATRIX BEST,per-matrix-best,cuSPARSE-SpMM-CSR,best,solve-only,"csr-alg1,csr-alg2,csr-alg3,csr-default",manual-selection,csr,CUSPARSE_SPMM_CSR_ALG3,library-preprocess,spmm.csr.fp64,fp64,A100-SXM4-80GB,A100-SXM4-80GB,,9700.0,df7f742d-c1c4-51c9-b7da-d151d8293f2c,suitesparse_all,Rothberg/struct3,struct3,53570,53570,1173694,4,row-major,N,N,1.0,0.0,20260922,main,pass,pass,0,0,9389552.0,52.04809,0.0417407989502,52.089830799,2.64414529895,224.94902436348815,0.18025691110865075,3.5510726296806108,2.319062106840084,0.0018583186712232034,0.03660899618227433,cuSPARSE 12.8.6,CUDA,13040,13000,2026-10-08T22:49:12.150834+00:00,derived,csr-alg3,0,0,,,,5,20,4,true
3,A100-SXM4-80GB-suitesparse_all-fp64-n4-row-major-cuSPARSE-SpMM-CSR-solve-only,cuSPARSE-SpMM-CSR-best-solve-only,cuSPARSE CUDA 13.4.1 CSR PER MATRIX BEST,per-matrix-best,cuSPARSE-SpMM-CSR,best,solve-only,"csr-alg1,csr-alg2,csr-alg3,csr-default",manual-selection,csr,CUSPARSE_SPMM_CSR_ALG1,library-preprocess,spmm.csr.fp64,fp64,A100-SXM4-80GB,A100-SXM4-80GB,,9700.0,0edb0287-e1df-52fd-b14b-f9e504b96222,suitesparse_all,Rucci/Rucci1,Rucci1,1977885,109900,7791168,4,row-major,N,N,1.0,0.0,20260922,main,pass,pass,0,0,62329344.0,0.32373,0.566323184967,0.890053184967,0.582509684967,110.05967202920003,70.02878597902095,107.00138660103318,1.1346357941154641,0.7219462472064015,1.1031070783611667,cuSPARSE 12.8.6,CUDA,13040,13000,2026-10-07T15:43:38.857292+00:00,derived,csr-alg1,0,0,,,,5,20,4,true
3,A100-SXM4-80GB-suitesparse_all-fp64-n4-row-major-cuSPARSE-SpMM-CSR-solve-only,cuSPARSE-SpMM-CSR-best-solve-only,cuSPARSE CUDA 13.4.1 CSR PER MATRIX BEST,per-matrix-best,cuSPARSE-SpMM-CSR,best,solve-only,"csr-alg1,csr-alg2,csr-alg3,csr-default",manual-selection,csr,CUSPARSE_SPMM_CSR_ALG1,library-preprocess,spmm.csr.fp64,fp64,A100-SXM4-80GB,A100-SXM4-80GB,,9700.0,0edb0287-e1df-52fd-b14b-f9e504b96222,suitesparse_all,Sandia/adder_dcop_02,adder_dcop_02,1813,1813,11246,4,row-major,N,N,1.0,0.0,20260922,main,pass,pass,0,0,89968.0,0.05185,0.0129664003849,0.0648164003849,0.0155589003849,6.938548658791386,1.3880437584583833,5.782413780816698,0.07153142947207615,0.014309729468643128,0.05961251320429586,cuSPARSE 12.8.6,CUDA,13040,13000,2026-10-07T15:34:02.429253+00:00,derived,csr-alg1,0,0,,,,5,20,4,true
3,A100-SXM4-80GB-suitesparse_all-fp64-n4-row-major-cuSPARSE-SpMM-CSR-solve-only,cuSPARSE-SpMM-CSR-best-solve-only,cuSPARSE CUDA 13.4.1 CSR PER MATRIX BEST,per-matrix-best,cuSPARSE-SpMM-CSR,best,solve-only,"csr-alg1,csr-alg2,csr-alg3,csr-default",manual-selection,csr,CUSPARSE_SPMM_CSR_ALG1,library-preprocess,spmm.csr.fp64,fp64,A100-SXM4-80GB,A100-SXM4-80GB,,9700.0,1cb4d392-df77-5092-a407-ab8ee1286933,suitesparse_all,Sandia/adder_dcop_07,adder_dcop_07,1813,1813,11226,4,row-major,N,N,1.0,0.0,20260922,main,pass,pass,0,0,89808.0,0.0734,0.0155647993088,0.0889647993088,0.0192347993088,5.769942690441534,1.0094779137113907,4.669037537548545,0.05948394526228385,0.010406988801148358,0.04813440760359325,cuSPARSE 12.8.6,CUDA,13040,13000,2026-10-07T20:43:26.371451+00:00,derived,csr-alg1,0,0,,,,5,20,4,true
3,A100-SXM4-80GB-suitesparse_all-fp64-n4-row-major-cuSPARSE-SpMM-CSR-solve-only,cuSPARSE-SpMM-CSR-best-solve-only,cuSPARSE CUDA 13.4.1 CSR PER MATRIX BEST,per-matrix-best,cuSPARSE-SpMM-CSR,best,solve-only,"csr-alg1,csr-alg2,csr-alg3,csr-default",manual-selection,csr,CUSPARSE_SPMM_CSR_ALG1,library-preprocess,spmm.csr.fp64,fp64,A100-SXM4-80GB,A100-SXM4-80GB,,9700.0,df7f742d-c1c4-51c9-b7da-d151d8293f2c,suitesparse_all,Sandia/adder_dcop_08,adder_dcop_08,1813,1813,11242,4,row-major,N,N,1.0,0.0,20260922,main,pass,pass,0,0,89936.0,0.08678,0.016128000617,0.102908000617,0.020467000617,5.576388675556063,0.8739456549614755,4.394195401806882,0.05748854304696972,0.009009749020221397,0.045300983523782284,cuSPARSE 12.8.6,CUDA,13040,13000,2026-10-08T17:41:09.800777+00:00,derived,csr-alg1,0,0,,,,5,20,4,true
3,A100-SXM4-80GB-suitesparse_all-fp64-n4-row-major-cuSPARSE-SpMM-CSR-solve-only,cuSPARSE-SpMM-CSR-best-solve-only,cuSPARSE CUDA 13.4.1 CSR PER MATRIX BEST,per-matrix-best,cuSPARSE-SpMM-CSR,best,solve-only,"csr-alg1,csr-alg2,csr-alg3,csr-default",manual-selection,csr,CUSPARSE_SPMM_CSR_ALG1,library-preprocess,spmm.csr.fp64,fp64,A100-SXM4-80GB,A100-SXM4-80GB,,9700.0,0edb0287-e1df-52fd-b14b-f9e504b96222,suitesparse_all,Sandia/adder_dcop_10,adder_dcop_10,1813,1813,11232,4,row-major,N,N,1.0,0.0,20260922,main,pass,pass,0,0,89856.0,0.0553,0.0158623993397,0.0711623993397,0.0186273993397,5.664716798240651,1.2626892970691508,4.823861794195429,0.05839914224990361,0.013017415433702585,0.049730533960777625,cuSPARSE 12.8.6,CUDA,13040,13000,2026-10-07T15:34:03.595878+00:00,derived,csr-alg1,0,0,,,,5,20,4,true
3,A100-SXM4-80GB-suitesparse_all-fp64-n4-row-major-cuSPARSE-SpMM-CSR-solve-only,cuSPARSE-SpMM-CSR-best-solve-only,cuSPARSE CUDA 13.4.1 CSR PER MATRIX BEST,per-matrix-best,cuSPARSE-SpMM-CSR,best,solve-only,"csr-alg1,csr-alg2,csr-alg3,csr-default",manual-selection,csr,CUSPARSE_SPMM_CSR_ALG1,library-preprocess,spmm.csr.fp64,fp64,A100-SXM4-80GB,A100-SXM4-80GB,,9700.0,1cb4d392-df77-5092-a407-ab8ee1286933,suitesparse_all,Sandia/adder_dcop_15,adder_dcop_15,1813,1813,11246,4,row-major,N,N,1.0,0.0,20260922,main,pass,pass,0,0,89968.0,0.07103,0.0154111996293,0.0864411996293,0.0189626996293,5.83783236633646,1.0407999933576184,4.744472135232631,0.060183838828210934,0.010729896838738335,0.04891208386837764,cuSPARSE 12.8.6,CUDA,13040,13000,2026-10-07T20:43:27.197794+00:00,derived,csr-alg1,0,0,,,,5,20,4,true
3,A100-SXM4-80GB-suitesparse_all-fp64-n4-row-major-cuSPARSE-SpMM-CSR-solve-only,cuSPARSE-SpMM-CSR-best-solve-only,cuSPARSE CUDA 13.4.1 CSR PER MATRIX BEST,per-matrix-best,cuSPARSE-SpMM-CSR,best,solve-only,"csr-alg1,csr-alg2,csr-alg3,csr-default",manual-selection,csr,CUSPARSE_SPMM_CSR_ALG1,library-preprocess,spmm.csr.fp64,fp64,A100-SXM4-80GB,A100-SXM4-80GB,,9700.0,df7f742d-c1c4-51c9-b7da-d151d8293f2c,suitesparse_all,Sandia/adder_dcop_16,adder_dcop_16,1813,1813,11246,4,row-major,N,N,1.0,0.0,20260922,main,pass,pass,0,0,89968.0,0.08346,0.015820799768,0.099280799768,0.019993799768,5.686691021902326,0.9061973736134056,4.499794988644101,0.05862568063816831,0.009342240965086656,0.04638963905818661,cuSPARSE 12.8.6,CUDA,13040,13000,2026-10-08T17:41:10.469257+00:00,derived,csr-alg1,0,0,,,,5,20,4,true
3,A100-SXM4-80GB-suitesparse_all-fp64-n4-row-major-cuSPARSE-SpMM-CSR-solve-only,cuSPARSE-SpMM-CSR-best-solve-only,cuSPARSE CUDA 13.4.1 CSR PER MATRIX BEST,per-matrix-best,cuSPARSE-SpMM-CSR,best,solve-only,"csr-alg1,csr-alg2,csr-alg3,csr-default",manual-selection,csr,CUSPARSE_SPMM_CSR_ALG1,library-preprocess,spmm.csr.fp64,fp64,A100-SXM4-80GB,A100-SXM4-80GB,,9700.0,0edb0287-e1df-52fd-b14b-f9e504b96222,suitesparse_all,Sandia/adder_dcop_18,adder_dcop_18,1813,1813,11246,4,row-major,N,N,1.0,0.0,20260922,main,pass,pass,0,0,89968.0,0.05879,0.0158191993833,0.0746091993833,0.0187586993833,5.687266328723144,1.205856660353573,4.7960681154736315,0.05863161163632108,0.012431511962407969,0.04944400119044981,cuSPARSE 12.8.6,CUDA,13040,13000,2026-10-07T15:34:04.639041+00:00,derived,csr-alg1,0,0,,,,5,20,4,true
3,A100-SXM4-80GB-suitesparse_all-fp64-n4-row-major-cuSPARSE-SpMM-CSR-solve-only,cuSPARSE-SpMM-CSR-best-solve-only,cuSPARSE CUDA 13.4.1 CSR PER MATRIX BEST,per-matrix-best,cuSPARSE-SpMM-CSR,best,solve-only,"csr-alg1,csr-alg2,csr-alg3,csr-default",manual-selection,csr,CUSPARSE_SPMM_CSR_ALG1,library-preprocess,spmm.csr.fp64,fp64,A100-SXM4-80GB,A100-SXM4-80GB,,9700.0,1cb4d392-df77-5092-a407-ab8ee1286933,suitesparse_all,Sandia/adder_dcop_23,adder_dcop_23,1813,1813,11246,4,row-major,N,N,1.0,0.0,20260922,main,pass,pass,0,0,89968.0,0.06542,0.0154624000192,0.0808824000192,0.0187334000192,5.818501648404179,1.1123309889251958,4.80254518174977,0.05998455307633174,0.011467329782733977,0.04951077506958527,cuSPARSE 12.8.6,CUDA,13040,13000,2026-10-07T20:43:27.867086+00:00,derived,csr-alg1,0,0,,,,5,20,4,true
3,A100-SXM4-80GB-suitesparse_all-fp64-n4-row-major-cuSPARSE-SpMM-CSR-solve-only,cuSPARSE-SpMM-CSR-best-solve-only,cuSPARSE CUDA 13.4.1 CSR PER MATRIX BEST,per-matrix-best,cuSPARSE-SpMM-CSR,best,solve-only,"csr-alg1,csr-alg2,csr-alg3,csr-default",manual-selection,csr,CUSPARSE_SPMM_CSR_ALG1,library-preprocess,spmm.csr.fp64,fp64,A100-SXM4-80GB,A100-SXM4-80GB,,9700.0,df7f742d-c1c4-51c9-b7da-d151d8293f2c,suitesparse_all,Sandia/adder_dcop_24,adder_dcop_24,1813,1813,11246,4,row-major,N,N,1.0,0.0,20260922,main,pass,pass,0,0,89968.0,2.997021,0.0131071999669,3.01012819997,0.162958249967,6.864013689208897,0.029888428008114955,0.5520923305093117,0.07076302772380307,0.00030812812379499955,0.005691673510405275,cuSPARSE 12.8.6,CUDA,13040,13000,2026-10-08T17:41:11.467252+00:00,derived,csr-alg1,0,0,,,,5,20,4,true
3,A100-SXM4-80GB-suitesparse_all-fp64-n4-row-major-cuSPARSE-SpMM-CSR-solve-only,cuSPARSE-SpMM-CSR-best-solve-only,cuSPARSE CUDA 13.4.1 CSR PER MATRIX BEST,per-matrix-best,cuSPARSE-SpMM-CSR,best,solve-only,"csr-alg1,csr-alg2,csr-alg3,csr-default",manual-selection,csr,CUSPARSE_SPMM_CSR_ALG1,library-preprocess,spmm.csr.fp64,fp64,A100-SXM4-80GB,A100-SXM4-80GB,,9700.0,0edb0287-e1df-52fd-b14b-f9e504b96222,suitesparse_all,Sandia/adder_dcop_26,adder_dcop_26,1813,1813,11246,4,row-major,N,N,1.0,0.0,20260922,main,pass,pass,0,0,89968.0,0.06158,0.0157967999578,0.0773767999578,0.0188757999578,5.695330715103246,1.1627257789035865,4.766314550966765,0.05871474964023965,0.011986863700036973,0.0491372634120285,cuSPARSE 12.8.6,CUDA,13040,13000,2026-10-07T15:34:05.587594+00:00,derived,csr-alg1,0,0,,,,5,20,4,true
3,A100-SXM4-80GB-suitesparse_all-fp64-n4-row-major-cuSPARSE-SpMM-CSR-solve-only,cuSPARSE-SpMM-CSR-best-solve-only,cuSPARSE CUDA 13.4.1 CSR PER MATRIX BEST,per-matrix-best,cuSPARSE-SpMM-CSR,best,solve-only,"csr-alg1,csr-alg2,csr-alg3,csr-default",manual-selection,csr,CUSPARSE_SPMM_CSR_ALG1,library-preprocess,spmm.csr.fp64,fp64,A100-SXM4-80GB,A100-SXM4-80GB,,9700.0,1cb4d392-df77-5092-a407-ab8ee1286933,suitesparse_all,Sandia/adder_dcop_31,adder_dcop_31,1813,1813,11246,4,row-major,N,N,1.0,0.0,20260922,main,pass,pass,0,0,89968.0,0.06534,0.015513600409,0.080853600409,0.018780600409,5.799298526975487,1.1127271951390487,4.790475173354188,0.0597865827523246,0.01147141438287679,0.049386341993342145,cuSPARSE 12.8.6,CUDA,13040,13000,2026-10-07T20:43:28.535952+00:00,derived,csr-alg1,0,0,,,,5,20,4,true
3,A100-SXM4-80GB-suitesparse_all-fp64-n4-row-major-cuSPARSE-SpMM-CSR-solve-only,cuSPARSE-SpMM-CSR-best-solve-only,cuSPARSE CUDA 13.4.1 CSR PER MATRIX BEST,per-matrix-best,cuSPARSE-SpMM-CSR,best,solve-only,"csr-alg1,csr-alg2,csr-alg3,csr-default",manual-selection,csr,CUSPARSE_SPMM_CSR_ALG1,library-preprocess,spmm.csr.fp64,fp64,A100-SXM4-80GB,A100-SXM4-80GB,,9700.0,df7f742d-c1c4-51c9-b7da-d151d8293f2c,suitesparse_all,Sandia/adder_dcop_32,adder_dcop_32,1813,1813,11246,4,row-major,N,N,1.0,0.0,20260922,main,pass,pass,0,0,89968.0,0.0819,0.0130160003901,0.0949160003901,0.0171110003901,6.912107967392953,0.94786969141384,5.2579041522349135,0.07125884502466961,0.009771852488802473,0.05420519744572076,cuSPARSE 12.8.6,CUDA,13040,13000,2026-10-08T17:41:12.097973+00:00,derived,csr-alg1,0,0,,,,5,20,4,true
3,A100-SXM4-80GB-suitesparse_all-fp64-n4-row-major-cuSPARSE-SpMM-CSR-solve-only,cuSPARSE-SpMM-CSR-best-solve-only,cuSPARSE CUDA 13.4.1 CSR PER MATRIX BEST,per-matrix-best,cuSPARSE-SpMM-CSR,best,solve-only,"csr-alg1,csr-alg2,csr-alg3,csr-default",manual-selection,csr,CUSPARSE_SPMM_CSR_ALG1,library-preprocess,spmm.csr.fp64,fp64,A100-SXM4-80GB,A100-SXM4-80GB,,9700.0,0edb0287-e1df-52fd-b14b-f9e504b96222,suitesparse_all,Sandia/adder_dcop_34,adder_dcop_34,1813,1813,11246,4,row-major,N,N,1.0,0.0,20260922,main,pass,pass,0,0,89968.0,0.05737,0.0159360006452,0.0733060006452,0.0188045006452,5.645582100744881,1.2272937987088375,4.78438655178887,0.05820187732726681,0.012652513388750902,0.04932357269885433,cuSPARSE 12.8.6,CUDA,13040,13000,2026-10-07T15:34:06.637660+00:00,derived,csr-alg1,0,0,,,,5,20,4,true
3,A100-SXM4-80GB-suitesparse_all-fp64-n4-row-major-cuSPARSE-SpMM-CSR-solve-only,cuSPARSE-SpMM-CSR-best-solve-only,cuSPARSE CUDA 13.4.1 CSR PER MATRIX BEST,per-matrix-best,cuSPARSE-SpMM-CSR,best,solve-only,"csr-alg1,csr-alg2,csr-alg3,csr-default",manual-selection,csr,CUSPARSE_SPMM_CSR_ALG1,library-preprocess,spmm.csr.fp64,fp64,A100-SXM4-80GB,A100-SXM4-80GB,,9700.0,1cb4d392-df77-5092-a407-ab8ee1286933,suitesparse_all,Sandia/adder_dcop_39,adder_dcop_39,1813,1813,11246,4,row-major,N,N,1.0,0.0,20260922,main,pass,pass,0,0,89968.0,0.06465,0.0154111996293,0.0800611996293,0.0186436996293,5.83783236633646,1.1237403438440912,4.82565165653111,0.060183838828210934,0.011584951998392693,0.04974898614980526,cuSPARSE 12.8.6,CUDA,13040,13000,2026-10-07T20:43:29.178271+00:00,derived,csr-alg1,0,0,,,,5,20,4,true
3,A100-SXM4-80GB-suitesparse_all-fp64-n4-row-major-cuSPARSE-SpMM-CSR-solve-only,cuSPARSE-SpMM-CSR-best-solve-only,cuSPARSE CUDA 13.4.1 CSR PER MATRIX BEST,per-matrix-best,cuSPARSE-SpMM-CSR,best,solve-only,"csr-alg1,csr-alg2,csr-alg3,csr-default",manual-selection,csr,CUSPARSE_SPMM_CSR_ALG1,library-preprocess,spmm.csr.fp64,fp64,A100-SXM4-80GB,A100-SXM4-80GB,,9700.0,df7f742d-c1c4-51c9-b7da-d151d8293f2c,suitesparse_all,Sandia/adder_dcop_40,adder_dcop_40,1813,1813,11246,4,row-major,N,N,1.0,0.0,20260922,main,pass,pass,0,0,89968.0,2.574391,0.013076800108,2.58746780011,0.141796350108,6.879970578196743,0.0347706742461395,0.6344874175638184,0.07092753173398704,0.0003584605592385515,0.006541107397565139,cuSPARSE 12.8.6,CUDA,13040,13000,2026-10-08T17:41:12.760126+00:00,derived,csr-alg1,0,0,,,,5,20,4,true
3,A100-SXM4-80GB-suitesparse_all-fp64-n4-row-major-cuSPARSE-SpMM-CSR-solve-only,cuSPARSE-SpMM-CSR-best-solve-only,cuSPARSE CUDA 13.4.1 CSR PER MATRIX BEST,per-matrix-best,cuSPARSE-SpMM-CSR,best,solve-only,"csr-alg1,csr-alg2,csr-alg3,csr-default",manual-selection,csr,CUSPARSE_SPMM_CSR_ALG1,library-preprocess,spmm.csr.fp64,fp64,A100-SXM4-80GB,A100-SXM4-80GB,,9700.0,0edb0287-e1df-52fd-b14b-f9e504b96222,suitesparse_all,Sandia/adder_dcop_42,adder_dcop_42,1813,1813,11246,4,row-major,N,N,1.0,0.0,20260922,main,pass,pass,0,0,89968.0,0.08474,0.0158656001091,0.100605600109,0.0201026001091,5.670633280892869,0.8942643342172323,4.475440963444002,0.05846013691642133,0.00921921994038384,0.04613856663344332,cuSPARSE 12.8.6,CUDA,13040,13000,2026-10-07T15:34:07.669387+00:00,derived,csr-alg1,0,0,,,,5,20,4,true
3,A100-SXM4-80GB-suitesparse_all-fp64-n4-row-major-cuSPARSE-SpMM-CSR-solve-only,cuSPARSE-SpMM-CSR-best-solve-only,cuSPARSE CUDA 13.4.1 CSR PER MATRIX BEST,per-matrix-best,cuSPARSE-SpMM-CSR,best,solve-only,"csr-alg1,csr-alg2,csr-alg3,csr-default",manual-selection,csr,CUSPARSE_SPMM_CSR_ALG1,library-preprocess,spmm.csr.fp64,fp64,A100-SXM4-80GB,A100-SXM4-80GB,,9700.0,1cb4d392-df77-5092-a407-ab8ee1286933,suitesparse_all,Sandia/adder_dcop_47,adder_dcop_47,1813,1813,11246,4,row-major,N,N,1.0,0.0,20260922,main,pass,pass,0,0,89968.0,0.07245,0.0155647993088,0.0880147993088,0.0191872993088,5.780222296161187,1.0221917303287507,4.688935037289869,0.05958992057898131,0.010538059075554131,0.048339536466905864,cuSPARSE 12.8.6,CUDA,13040,13000,2026-10-07T20:43:29.845275+00:00,derived,csr-alg1,0,0,,,,5,20,4,true
3,A100-SXM4-80GB-suitesparse_all-fp64-n4-row-major-cuSPARSE-SpMM-CSR-solve-only,cuSPARSE-SpMM-CSR-best-solve-only,cuSPARSE CUDA 13.4.1 CSR PER MATRIX BEST,per-matrix-best,cuSPARSE-SpMM-CSR,best,solve-only,"csr-alg1,csr-alg2,csr-alg3,csr-default",manual-selection,csr,CUSPARSE_SPMM_CSR_ALG1,library-preprocess,spmm.csr.fp64,fp64,A100-SXM4-80GB,A100-SXM4-80GB,,9700.0,df7f742d-c1c4-51c9-b7da-d151d8293f2c,suitesparse_all,Sandia/adder_dcop_48,adder_dcop_48,1813,1813,11246,4,row-major,N,N,1.0,0.0,20260922,main,pass,pass,0,0,89968.0,0.08587,0.012945599854,0.098815599854,0.017239099854,6.949697272791976,0.9104635313951206,5.218833974044455,0.07164636363703068,0.009386221973145573,0.053802412103551085,cuSPARSE 12.8.6,CUDA,13040,13000,2026-10-08T17:41:13.464737+00:00,derived,csr-alg1,0,0,,,,5,20,4,true
3,A100-SXM4-80GB-suitesparse_all-fp64-n4-row-major-cuSPARSE-SpMM-CSR-solve-only,cuSPARSE-SpMM-CSR-best-solve-only,cuSPARSE CUDA 13.4.1 CSR PER MATRIX BEST,per-matrix-best,cuSPARSE-SpMM-CSR,best,solve-only,"csr-alg1,csr-alg2,csr-alg3,csr-default",manual-selection,csr,CUSPARSE_SPMM_CSR_ALG1,library-preprocess,spmm.csr.fp64,fp64,A100-SXM4-80GB,A100-SXM4-80GB,,9700.0,0edb0287-e1df-52fd-b14b-f9e504b96222,suitesparse_all,Sandia/adder_dcop_50,adder_dcop_50,1813,1813,11246,4,row-major,N,N,1.0,0.0,20260922,main,pass,pass,0,0,89968.0,0.07411,0.0159743994474,0.0900843994474,0.0196798994474,5.632011412776036,0.9987078845159203,4.5715680733260085,0.058061973327588,0.010295957572329074,0.047129567766247514,cuSPARSE 12.8.6,CUDA,13040,13000,2026-10-07T15:34:09.370601+00:00,derived,csr-alg1,0,0,,,,5,20,4,true
3,A100-SXM4-80GB-suitesparse_all-fp64-n4-row-major-cuSPARSE-SpMM-CSR-solve-only,cuSPARSE-SpMM-CSR-best-solve-only,cuSPARSE CUDA 13.4.1 CSR PER MATRIX BEST,per-matrix-best,cuSPARSE-SpMM-CSR,best,solve-only,"csr-alg1,csr-alg2,csr-alg3,csr-default",manual-selection,csr,CUSPARSE_SPMM_CSR_ALG1,library-preprocess,spmm.csr.fp64,fp64,A100-SXM4-80GB,A100-SXM4-80GB,,9700.0,1cb4d392-df77-5092-a407-ab8ee1286933,suitesparse_all,Sandia/adder_dcop_55,adder_dcop_55,1813,1813,11246,4,row-major,N,N,1.0,0.0,20260922,main,pass,pass,0,0,89968.0,0.07379,0.0154624000192,0.0892524000192,0.0191519000192,5.818501648404179,1.0080177113516955,4.6976017998113,0.05998455307633174,0.01039193516857418,0.048428884534137115,cuSPARSE 12.8.6,CUDA,13040,13000,2026-10-07T20:43:30.475171+00:00,derived,csr-alg1,0,0,,,,5,20,4,true
3,A100-SXM4-80GB-suitesparse_all-fp64-n4-row-major-cuSPARSE-SpMM-CSR-solve-only,cuSPARSE-SpMM-CSR-best-solve-only,cuSPARSE CUDA 13.4.1 CSR PER MATRIX BEST,per-matrix-best,cuSPARSE-SpMM-CSR,best,solve-only,"csr-alg1,csr-alg2,csr-alg3,csr-default",manual-selection,csr,CUSPARSE_SPMM_CSR_ALG1,library-preprocess,spmm.csr.fp64,fp64,A100-SXM4-80GB,A100-SXM4-80GB,,9700.0,df7f742d-c1c4-51c9-b7da-d151d8293f2c,suitesparse_all,Sandia/adder_dcop_56,adder_dcop_56,1813,1813,11246,4,row-major,N,N,1.0,0.0,20260922,main,pass,pass,0,0,89968.0,0.07367,0.0129424005747,0.0866124005747,0.0166259005747,6.951415193860621,1.0387427135494982,5.411315892079031,0.07166407416351156,0.010708687768551528,0.05578676177401063,cuSPARSE 12.8.6,CUDA,13040,13000,2026-10-08T17:41:14.453519+00:00,derived,csr-alg1,0,0,,,,5,20,4,true
3,A100-SXM4-80GB-suitesparse_all-fp64-n4-row-major-cuSPARSE-SpMM-CSR-solve-only,cuSPARSE-SpMM-CSR-best-solve-only,cuSPARSE CUDA 13.4.1 CSR PER MATRIX BEST,per-matrix-best,cuSPARSE-SpMM-CSR,best,solve-only,"csr-alg1,csr-alg2,csr-alg3,csr-default",manual-selection,csr,CUSPARSE_SPMM_CSR_ALG1,library-preprocess,spmm.csr.fp64,fp64,A100-SXM4-80GB,A100-SXM4-80GB,,9700.0,0edb0287-e1df-52fd-b14b-f9e504b96222,suitesparse_all,Sandia/adder_dcop_58,adder_dcop_58,1813,1813,11246,4,row-major,N,N,1.0,0.0,20260922,main,pass,pass,0,0,89968.0,0.07835,0.0159232005477,0.0942732005477,0.0198407005477,5.6501203844346035,0.954332721041738,4.534517306165855,0.05824866375705777,0.009838481660224104,0.04674760109449335,cuSPARSE 12.8.6,CUDA,13040,13000,2026-10-07T15:34:11.013672+00:00,derived,csr-alg1,0,0,,,,5,20,4,true
3,A100-SXM4-80GB-suitesparse_all-fp64-n4-row-major-cuSPARSE-SpMM-CSR-solve-only,cuSPARSE-SpMM-CSR-best-solve-only,cuSPARSE CUDA 13.4.1 CSR PER MATRIX BEST,per-matrix-best,cuSPARSE-SpMM-CSR,best,solve-only,"csr-alg1,csr-alg2,csr-alg3,csr-default",manual-selection,csr,CUSPARSE_SPMM_CSR_ALG1,library-preprocess,spmm.csr.fp64,fp64,A100-SXM4-80GB,A100-SXM4-80GB,,9700.0,1cb4d392-df77-5092-a407-ab8ee1286933,suitesparse_all,Sandia/adder_dcop_63,adder_dcop_63,1813,1813,11246,4,row-major,N,N,1.0,0.0,20260922,main,pass,pass,0,0,89968.0,0.07427,0.0154111996293,0.0896811996293,0.0191246996293,5.83783236633646,1.003197998821219,4.704283034184992,0.060183838828210934,0.01034224741052803,0.04849776323902053,cuSPARSE 12.8.6,CUDA,13040,13000,2026-10-07T20:43:31.105413+00:00,derived,csr-alg1,0,0,,,,5,20,4,true
3,A100-SXM4-80GB-suitesparse_all-fp64-n4-row-major-cuSPARSE-SpMM-CSR-solve-only,cuSPARSE-SpMM-CSR-best-solve-only,cuSPARSE CUDA 13.4.1 CSR PER MATRIX BEST,per-matrix-best,cuSPARSE-SpMM-CSR,best,solve-only,"csr-alg1,csr-alg2,csr-alg3,csr-default",manual-selection,csr,CUSPARSE_SPMM_CSR_ALG1,library-preprocess,spmm.csr.fp64,fp64,A100-SXM4-80GB,A100-SXM4-80GB,,9700.0,df7f742d-c1c4-51c9-b7da-d151d8293f2c,suitesparse_all,Sandia/adder_dcop_64,adder_dcop_64,1813,1813,11246,4,row-major,N,N,1.0,0.0,20260922,main,pass,pass,0,0,89968.0,0.07738,0.0131584003568,0.0905384003568,0.0170274003568,6.837305262072097,0.9936999068400576,5.283719071306778,0.07048768311414533,0.010244328936495439,0.054471330632028636,cuSPARSE 12.8.6,CUDA,13040,13000,2026-10-08T17:41:15.070118+00:00,derived,csr-alg1,0,0,,,,5,20,4,true
3,A100-SXM4-80GB-suitesparse_all-fp64-n4-row-major-cuSPARSE-SpMM-CSR-solve-only,cuSPARSE-SpMM-CSR-best-solve-only,cuSPARSE CUDA 13.4.1 CSR PER MATRIX BEST,per-matrix-best,cuSPARSE-SpMM-CSR,best,solve-only,"csr-alg1,csr-alg2,csr-alg3,csr-default",manual-selection,csr,CUSPARSE_SPMM_CSR_ALG1,library-preprocess,spmm.csr.fp64,fp64,A100-SXM4-80GB,A100-SXM4-80GB,,9700.0,0edb0287-e1df-52fd-b14b-f9e504b96222,suitesparse_all,Sandia/adder_dcop_66,adder_dcop_66,1813,1813,11246,4,row-major,N,N,1.0,0.0,20260922,main,pass,pass,0,0,89968.0,0.06052,0.0157984003425,0.0763184003425,0.0188244003425,5.6947537756701205,1.1788507043680638,4.779328869078424,0.05870880181103216,0.012153100045031586,0.04927143163998375,cuSPARSE 12.8.6,CUDA,13040,13000,2026-10-07T15:34:11.963910+00:00,derived,csr-alg1,0,0,,,,5,20,4,true
3,A100-SXM4-80GB-suitesparse_all-fp64-n4-row-major-cuSPARSE-SpMM-CSR-solve-only,cuSPARSE-SpMM-CSR-best-solve-only,cuSPARSE CUDA 13.4.1 CSR PER MATRIX BEST,per-matrix-best,cuSPARSE-SpMM-CSR,best,solve-only,"csr-alg1,csr-alg2,csr-alg3,csr-default",manual-selection,csr,CUSPARSE_SPMM_CSR_ALG1,library-preprocess,spmm.csr.fp64,fp64,A100-SXM4-80GB,A100-SXM4-80GB,,9700.0,1cb4d392-df77-5092-a407-ab8ee1286933,suitesparse_all,Sandia/adder_trans_02,adder_trans_02,1814,1814,14579,4,row-major,N,N,1.0,0.0,20260922,main,pass,pass,0,0,116632.0,0.07022,0.0162816002965,0.0865016002965,0.0197926002965,7.163423611687113,1.3483218761297195,5.892707287208973,0.07384972795553725,0.013900225527110512,0.06074955966194817,cuSPARSE 12.8.6,CUDA,13040,13000,2026-10-07T20:43:31.858396+00:00,derived,csr-alg1,0,0,,,,5,20,4,true
3,A100-SXM4-80GB-suitesparse_all-fp64-n4-row-major-cuSPARSE-SpMM-CSR-solve-only,cuSPARSE-SpMM-CSR-best-solve-only,cuSPARSE CUDA 13.4.1 CSR PER MATRIX BEST,per-matrix-best,cuSPARSE-SpMM-CSR,best,solve-only,"csr-alg1,csr-alg2,csr-alg3,csr-default",manual-selection,csr,CUSPARSE_SPMM_CSR_ALG1,library-preprocess,spmm.csr.fp64,fp64,A100-SXM4-80GB,A100-SXM4-80GB,,9700.0,df7f742d-c1c4-51c9-b7da-d151d8293f2c,suitesparse_all,Sandia/ASIC_100k,ASIC_100k,99340,99340,954163,4,row-major,N,N,1.0,0.0,20260922,main,pass,pass,0,0,7633304.0,0.11405,0.11555839777,0.22960839777,0.12126089777,66.05581374702717,33.24488160771159,62.949426735058225,0.680987770587909,0.3427307382238308,0.6489631622170952,cuSPARSE 12.8.6,CUDA,13040,13000,2026-10-08T17:44:15.062101+00:00,derived,csr-alg1,0,0,,,,5,20,4,true
3,A100-SXM4-80GB-suitesparse_all-fp64-n4-row-major-cuSPARSE-SpMM-CSR-solve-only,cuSPARSE-SpMM-CSR-best-solve-only,cuSPARSE CUDA 13.4.1 CSR PER MATRIX BEST,per-matrix-best,cuSPARSE-SpMM-CSR,best,solve-only,"csr-alg1,csr-alg2,csr-alg3,csr-default",manual-selection,csr,CUSPARSE_SPMM_CSR_ALG1,library-preprocess,spmm.csr.fp64,fp64,A100-SXM4-80GB,A100-SXM4-80GB,,9700.0,0edb0287-e1df-52fd-b14b-f9e504b96222,suitesparse_all,Sandia/ASIC_320k,ASIC_320k,321821,321821,2635364,4,row-major,N,N,1.0,0.0,20260922,main,pass,pass,0,0,21082912.0,0.12571,0.289996790886,0.415706790886,0.296282290886,72.70050104895077,50.71582293631957,71.15819152388029,0.7494897015355749,0.522843535425975,0.733589603338972,cuSPARSE 12.8.6,CUDA,13040,13000,2026-10-07T15:39:33.488801+00:00,derived,csr-alg1,0,0,,,,5,20,4,true
3,A100-SXM4-80GB-suitesparse_all-fp64-n4-row-major-cuSPARSE-SpMM-CSR-solve-only,cuSPARSE-SpMM-CSR-best-solve-only,cuSPARSE CUDA 13.4.1 CSR PER MATRIX BEST,per-matrix-best,cuSPARSE-SpMM-CSR,best,solve-only,"csr-alg1,csr-alg2,csr-alg3,csr-default",manual-selection,csr,CUSPARSE_SPMM_CSR_ALG3,library-preprocess,spmm.csr.fp64,fp64,A100-SXM4-80GB,A100-SXM4-80GB,,9700.0,df7f742d-c1c4-51c9-b7da-d151d8293f2c,suitesparse_all,Sandia/fpga_dcop_01,fpga_dcop_01,1220,1220,5892,4,row-major,N,N,1.0,0.0,20260922,main,pass,pass,0,0,47136.0,53.598112,0.00773120000958,53.6058432,2.68763680001,6.096854297080937,0.0008793071274737452,0.01753808401485819,0.06285416801114369,9.065021932719023e-06,0.00018080498984389886,cuSPARSE 12.8.6,CUDA,13040,13000,2026-10-08T22:52:01.455453+00:00,derived,csr-alg3,0,0,,,,5,20,4,true
3,A100-SXM4-80GB-suitesparse_all-fp64-n4-row-major-cuSPARSE-SpMM-CSR-solve-only,cuSPARSE-SpMM-CSR-best-solve-only,cuSPARSE CUDA 13.4.1 CSR PER MATRIX BEST,per-matrix-best,cuSPARSE-SpMM-CSR,best,solve-only,"csr-alg1,csr-alg2,csr-alg3,csr-default",manual-selection,csr,CUSPARSE_SPMM_CSR_ALG3,library-preprocess,spmm.csr.fp64,fp64,A100-SXM4-80GB,A100-SXM4-80GB,,9700.0,0edb0287-e1df-52fd-b14b-f9e504b96222,suitesparse_all,Sandia/fpga_dcop_03,fpga_dcop_03,1220,1220,5892,4,row-major,N,N,1.0,0.0,20260922,main,pass,pass,0,0,47136.0,56.461173,0.00727040022612,56.4684434002,2.83032905023,6.483274446248072,0.000834731704324491,0.01665389400436306,0.06683788088915539,8.60548148788135e-06,0.0001716896289109594,cuSPARSE 12.8.6,CUDA,13040,13000,2026-10-07T20:06:17.373170+00:00,derived,csr-alg3,0,0,,,,5,20,4,true
3,A100-SXM4-80GB-suitesparse_all-fp64-n4-row-major-cuSPARSE-SpMM-CSR-solve-only,cuSPARSE-SpMM-CSR-best-solve-only,cuSPARSE CUDA 13.4.1 CSR PER MATRIX BEST,per-matrix-best,cuSPARSE-SpMM-CSR,best,solve-only,"csr-alg1,csr-alg2,csr-alg3,csr-default",manual-selection,csr,CUSPARSE_SPMM_CSR_ALG3,library-preprocess,spmm.csr.fp64,fp64,A100-SXM4-80GB,A100-SXM4-80GB,,9700.0,1cb4d392-df77-5092-a407-ab8ee1286933,suitesparse_all,Sandia/fpga_dcop_08,fpga_dcop_08,1220,1220,5888,4,row-major,N,N,1.0,0.0,20260922,main,pass,pass,0,0,47104.0,60.833704,0.00609279982746,60.8397967998,3.04777799983,7.731092655909061,0.0007742300677794973,0.015455193915904433,0.07970198614339238,7.98175327607729e-06,0.00015933189604025187,cuSPARSE 12.8.6,CUDA,13040,13000,2026-10-08T00:59:13.277323+00:00,derived,csr-alg3,0,0,,,,5,20,4,true
3,A100-SXM4-80GB-suitesparse_all-fp64-n4-row-major-cuSPARSE-SpMM-CSR-solve-only,cuSPARSE-SpMM-CSR-best-solve-only,cuSPARSE CUDA 13.4.1 CSR PER MATRIX BEST,per-matrix-best,cuSPARSE-SpMM-CSR,best,solve-only,"csr-alg1,csr-alg2,csr-alg3,csr-default",manual-selection,csr,CUSPARSE_SPMM_CSR_ALG3,library-preprocess,spmm.csr.fp64,fp64,A100-SXM4-80GB,A100-SXM4-80GB,,9700.0,df7f742d-c1c4-51c9-b7da-d151d8293f2c,suitesparse_all,Sandia/fpga_dcop_09,fpga_dcop_09,1220,1220,5888,4,row-major,N,N,1.0,0.0,20260922,main,pass,pass,0,0,47104.0,62.603085,0.00599040016532,62.6090754002,3.13614465017,7.863247646241971,0.0007523509922309047,0.015019715368500828,0.08106440872414403,7.756195796194894e-06,0.00015484242647938998,cuSPARSE 12.8.6,CUDA,13040,13000,2026-10-08T22:52:02.863114+00:00,derived,csr-alg3,0,0,,,,5,20,4,true
3,A100-SXM4-80GB-suitesparse_all-fp64-n4-row-major-cuSPARSE-SpMM-CSR-solve-only,cuSPARSE-SpMM-CSR-best-solve-only,cuSPARSE CUDA 13.4.1 CSR PER MATRIX BEST,per-matrix-best,cuSPARSE-SpMM-CSR,best,solve-only,"csr-alg1,csr-alg2,csr-alg3,csr-default",manual-selection,csr,CUSPARSE_SPMM_CSR_ALG3,library-preprocess,spmm.csr.fp64,fp64,A100-SXM4-80GB,A100-SXM4-80GB,,9700.0,0edb0287-e1df-52fd-b14b-f9e504b96222,suitesparse_all,Sandia/fpga_dcop_11,fpga_dcop_11,1220,1220,5892,4,row-major,N,N,1.0,0.0,20260922,main,pass,pass,0,0,47136.0,54.992452,0.00732159987092,54.9997735999,2.75694419987,6.437937176438064,0.0008570217096327412,0.017097190433604942,0.0663704863550316,8.835275357038568e-06,0.00017625969519180352,cuSPARSE 12.8.6,CUDA,13040,13000,2026-10-07T20:06:18.954054+00:00,derived,csr-alg3,0,0,,,,5,20,4,true
3,A100-SXM4-80GB-suitesparse_all-fp64-n4-row-major-cuSPARSE-SpMM-CSR-solve-only,cuSPARSE-SpMM-CSR-best-solve-only,cuSPARSE CUDA 13.4.1 CSR PER MATRIX BEST,per-matrix-best,cuSPARSE-SpMM-CSR,best,solve-only,"csr-alg1,csr-alg2,csr-alg3,csr-default",manual-selection,csr,CUSPARSE_SPMM_CSR_ALG3,library-preprocess,spmm.csr.fp64,fp64,A100-SXM4-80GB,A100-SXM4-80GB,,9700.0,1cb4d392-df77-5092-a407-ab8ee1286933,suitesparse_all,Sandia/fpga_dcop_16,fpga_dcop_16,1220,1220,5892,4,row-major,N,N,1.0,0.0,20260922,main,pass,pass,0,0,47136.0,52.552171,0.00583680011332,52.5580078001,2.63344535011,8.075657737949985,0.0008968376461162274,0.017898985448105507,0.08325420348402046,9.245748929033272e-06,0.00018452562317634543,cuSPARSE 12.8.6,CUDA,13040,13000,2026-10-08T00:59:13.893665+00:00,derived,csr-alg3,0,0,,,,5,20,4,true
3,A100-SXM4-80GB-suitesparse_all-fp64-n4-row-major-cuSPARSE-SpMM-CSR-solve-only,cuSPARSE-SpMM-CSR-best-solve-only,cuSPARSE CUDA 13.4.1 CSR PER MATRIX BEST,per-matrix-best,cuSPARSE-SpMM-CSR,best,solve-only,"csr-alg1,csr-alg2,csr-alg3,csr-default",manual-selection,csr,CUSPARSE_SPMM_CSR_ALG3,library-preprocess,spmm.csr.fp64,fp64,A100-SXM4-80GB,A100-SXM4-80GB,,9700.0,df7f742d-c1c4-51c9-b7da-d151d8293f2c,suitesparse_all,Sandia/fpga_dcop_17,fpga_dcop_17,1220,1220,5892,4,row-major,N,N,1.0,0.0,20260922,main,pass,pass,0,0,47136.0,52.684981,0.00629760026932,52.6912786003,2.64054665027,7.484755777471668,0.000894569295946666,0.017850849177453564,0.0771624306955842,9.222363875738825e-06,0.0001840293729634388,cuSPARSE 12.8.6,CUDA,13040,13000,2026-10-08T22:52:03.759551+00:00,derived,csr-alg3,0,0,,,,5,20,4,true
3,A100-SXM4-80GB-suitesparse_all-fp64-n4-row-major-cuSPARSE-SpMM-CSR-solve-only,cuSPARSE-SpMM-CSR-best-solve-only,cuSPARSE CUDA 13.4.1 CSR PER MATRIX BEST,per-matrix-best,cuSPARSE-SpMM-CSR,best,solve-only,"csr-alg1,csr-alg2,csr-alg3,csr-default",manual-selection,csr,CUSPARSE_SPMM_CSR_ALG3,library-preprocess,spmm.csr.fp64,fp64,A100-SXM4-80GB,A100-SXM4-80GB,,9700.0,0edb0287-e1df-52fd-b14b-f9e504b96222,suitesparse_all,Sandia/fpga_dcop_19,fpga_dcop_19,1220,1220,5892,4,row-major,N,N,1.0,0.0,20260922,main,pass,pass,0,0,47136.0,50.62704,0.00727040022612,50.6343104002,2.53862240023,6.483274446248072,0.0009309102785729618,0.018567550650986718,0.06683788088915539,9.597013181164554e-06,0.00019141804794831668,cuSPARSE 12.8.6,CUDA,13040,13000,2026-10-07T20:06:20.072957+00:00,derived,csr-alg3,0,0,,,,5,20,4,true
3,A100-SXM4-80GB-suitesparse_all-fp64-n4-row-major-cuSPARSE-SpMM-CSR-solve-only,cuSPARSE-SpMM-CSR-best-solve-only,cuSPARSE CUDA 13.4.1 CSR PER MATRIX BEST,per-matrix-best,cuSPARSE-SpMM-CSR,best,solve-only,"csr-alg1,csr-alg2,csr-alg3,csr-default",manual-selection,csr,CUSPARSE_SPMM_CSR_ALG3,library-preprocess,spmm.csr.fp64,fp64,A100-SXM4-80GB,A100-SXM4-80GB,,9700.0,1cb4d392-df77-5092-a407-ab8ee1286933,suitesparse_all,Sandia/fpga_dcop_24,fpga_dcop_24,1220,1220,5892,4,row-major,N,N,1.0,0.0,20260922,main,pass,pass,0,0,47136.0,57.652613,0.00592640005052,57.6585394001,2.88855705005,7.953563647102113,0.0008175024981628003,0.01631818211767155,0.08199550151651663,8.427860805802065e-06,0.00016822868162547988,cuSPARSE 12.8.6,CUDA,13040,13000,2026-10-08T00:59:14.666839+00:00,derived,csr-alg3,0,0,,,,5,20,4,true
3,A100-SXM4-80GB-suitesparse_all-fp64-n4-row-major-cuSPARSE-SpMM-CSR-solve-only,cuSPARSE-SpMM-CSR-best-solve-only,cuSPARSE CUDA 13.4.1 CSR PER MATRIX BEST,per-matrix-best,cuSPARSE-SpMM-CSR,best,solve-only,"csr-alg1,csr-alg2,csr-alg3,csr-default",manual-selection,csr,CUSPARSE_SPMM_CSR_ALG3,library-preprocess,spmm.csr.fp64,fp64,A100-SXM4-80GB,A100-SXM4-80GB,,9700.0,df7f742d-c1c4-51c9-b7da-d151d8293f2c,suitesparse_all,Sandia/fpga_dcop_25,fpga_dcop_25,1220,1220,5892,4,row-major,N,N,1.0,0.0,20260922,main,pass,pass,0,0,47136.0,51.793631,0.00645119994879,51.8000821999,2.59613274995,7.306547677047418,0.0009099599459726533,0.018156236425470852,0.075325233783994,9.381030370852096e-06,0.0001871776951079469,cuSPARSE 12.8.6,CUDA,13040,13000,2026-10-08T22:52:04.513377+00:00,derived,csr-alg3,0,0,,,,5,20,4,true
3,A100-SXM4-80GB-suitesparse_all-fp64-n4-row-major-cuSPARSE-SpMM-CSR-solve-only,cuSPARSE-SpMM-CSR-best-solve-only,cuSPARSE CUDA 13.4.1 CSR PER MATRIX BEST,per-matrix-best,cuSPARSE-SpMM-CSR,best,solve-only,"csr-alg1,csr-alg2,csr-alg3,csr-default",manual-selection,csr,CUSPARSE_SPMM_CSR_ALG3,library-preprocess,spmm.csr.fp64,fp64,A100-SXM4-80GB,A100-SXM4-80GB,,9700.0,0edb0287-e1df-52fd-b14b-f9e504b96222,suitesparse_all,Sandia/fpga_dcop_27,fpga_dcop_27,1220,1220,5892,4,row-major,N,N,1.0,0.0,20260922,main,pass,pass,0,0,47136.0,56.176182,0.00732159987092,56.1835035999,2.81613069987,6.437937176438064,0.0008389651228529632,0.016737859504239602,0.0663704863550316,8.6491249778656e-06,0.00017255525262102682,cuSPARSE 12.8.6,CUDA,13040,13000,2026-10-07T20:06:21.603499+00:00,derived,csr-alg3,0,0,,,,5,20,4,true
3,A100-SXM4-80GB-suitesparse_all-fp64-n4-row-major-cuSPARSE-SpMM-CSR-solve-only,cuSPARSE-SpMM-CSR-best-solve-only,cuSPARSE CUDA 13.4.1 CSR PER MATRIX BEST,per-matrix-best,cuSPARSE-SpMM-CSR,best,solve-only,"csr-alg1,csr-alg2,csr-alg3,csr-default",manual-selection,csr,CUSPARSE_SPMM_CSR_ALG3,library-preprocess,spmm.csr.fp64,fp64,A100-SXM4-80GB,A100-SXM4-80GB,,9700.0,1cb4d392-df77-5092-a407-ab8ee1286933,suitesparse_all,Sandia/fpga_dcop_32,fpga_dcop_32,1220,1220,5892,4,row-major,N,N,1.0,0.0,20260922,main,pass,pass,0,0,47136.0,56.515263,0.00629760026932,56.5215606003,2.83206075027,7.484755777471668,0.0008339472494988013,0.01664371076627018,0.0771624306955842,8.597394324729911e-06,0.0001715846470749503,cuSPARSE 12.8.6,CUDA,13040,13000,2026-10-08T00:59:16.026138+00:00,derived,csr-alg3,0,0,,,,5,20,4,true
3,A100-SXM4-80GB-suitesparse_all-fp64-n4-row-major-cuSPARSE-SpMM-CSR-solve-only,cuSPARSE-SpMM-CSR-best-solve-only,cuSPARSE CUDA 13.4.1 CSR PER MATRIX BEST,per-matrix-best,cuSPARSE-SpMM-CSR,best,solve-only,"csr-alg1,csr-alg2,csr-alg3,csr-default",manual-selection,csr,CUSPARSE_SPMM_CSR_ALG3,library-preprocess,spmm.csr.fp64,fp64,A100-SXM4-80GB,A100-SXM4-80GB,,9700.0,df7f742d-c1c4-51c9-b7da-d151d8293f2c,suitesparse_all,Sandia/fpga_dcop_33,fpga_dcop_33,1220,1220,5892,4,row-major,N,N,1.0,0.0,20260922,main,pass,pass,0,0,47136.0,51.882351,0.00773120000958,51.8900822,2.60184875001,6.096854297080937,0.0009083816791486986,0.018116348999848222,0.06285416801114369,9.364759578852563e-06,0.00018676648453451775,cuSPARSE 12.8.6,CUDA,13040,13000,2026-10-08T22:52:05.226215+00:00,derived,csr-alg3,0,0,,,,5,20,4,true
3,A100-SXM4-80GB-suitesparse_all-fp64-n4-row-major-cuSPARSE-SpMM-CSR-solve-only,cuSPARSE-SpMM-CSR-best-solve-only,cuSPARSE CUDA 13.4.1 CSR PER MATRIX BEST,per-matrix-best,cuSPARSE-SpMM-CSR,best,solve-only,"csr-alg1,csr-alg2,csr-alg3,csr-default",manual-selection,csr,CUSPARSE_SPMM_CSR_ALG3,library-preprocess,spmm.csr.fp64,fp64,A100-SXM4-80GB,A100-SXM4-80GB,,9700.0,0edb0287-e1df-52fd-b14b-f9e504b96222,suitesparse_all,Sandia/fpga_dcop_35,fpga_dcop_35,1220,1220,5892,4,row-major,N,N,1.0,0.0,20260922,main,pass,pass,0,0,47136.0,49.82703,0.00727040022612,49.8343004002,2.49862190023,6.483274446248072,0.0009458545544227371,0.018864799030081782,0.06683788088915539,9.751077880646775e-06,0.0001944824642276472,cuSPARSE 12.8.6,CUDA,13040,13000,2026-10-07T20:06:22.410810+00:00,derived,csr-alg3,0,0,,,,5,20,4,true
3,A100-SXM4-80GB-suitesparse_all-fp64-n4-row-major-cuSPARSE-SpMM-CSR-solve-only,cuSPARSE-SpMM-CSR-best-solve-only,cuSPARSE CUDA 13.4.1 CSR PER MATRIX BEST,per-matrix-best,cuSPARSE-SpMM-CSR,best,solve-only,"csr-alg1,csr-alg2,csr-alg3,csr-default",manual-selection,csr,CUSPARSE_SPMM_CSR_ALG3,library-preprocess,spmm.csr.fp64,fp64,A100-SXM4-80GB,A100-SXM4-80GB,,9700.0,1cb4d392-df77-5092-a407-ab8ee1286933,suitesparse_all,Sandia/fpga_dcop_40,fpga_dcop_40,1220,1220,5892,4,row-major,N,N,1.0,0.0,20260922,main,pass,pass,0,0,47136.0,53.794022,0.00783360004425,53.8018556,2.69753470004,6.01715682875572,0.0008761036115639104,0.017473732589723887,0.06203254462634763,9.031995995504232e-06,0.00018014157308993698,cuSPARSE 12.8.6,CUDA,13040,13000,2026-10-08T00:59:16.996921+00:00,derived,csr-alg3,0,0,,,,5,20,4,true
3,A100-SXM4-80GB-suitesparse_all-fp64-n4-row-major-cuSPARSE-SpMM-CSR-solve-only,cuSPARSE-SpMM-CSR-best-solve-only,cuSPARSE CUDA 13.4.1 CSR PER MATRIX BEST,per-matrix-best,cuSPARSE-SpMM-CSR,best,solve-only,"csr-alg1,csr-alg2,csr-alg3,csr-default",manual-selection,csr,CUSPARSE_SPMM_CSR_ALG3,library-preprocess,spmm.csr.fp64,fp64,A100-SXM4-80GB,A100-SXM4-80GB,,9700.0,df7f742d-c1c4-51c9-b7da-d151d8293f2c,suitesparse_all,Sandia/fpga_dcop_41,fpga_dcop_41,1220,1220,5892,4,row-major,N,N,1.0,0.0,20260922,main,pass,pass,0,0,47136.0,49.45663,0.00783360004425,49.4644636,2.48066510004,6.01715682875572,0.0009529265369411586,0.01900135572481749,0.06203254462634763,9.823984916919161e-06,0.00019589026520430402,cuSPARSE 12.8.6,CUDA,13040,13000,2026-10-08T22:52:05.959188+00:00,derived,csr-alg3,0,0,,,,5,20,4,true
3,A100-SXM4-80GB-suitesparse_all-fp64-n4-row-major-cuSPARSE-SpMM-CSR-solve-only,cuSPARSE-SpMM-CSR-best-solve-only,cuSPARSE CUDA 13.4.1 CSR PER MATRIX BEST,per-matrix-best,cuSPARSE-SpMM-CSR,best,solve-only,"csr-alg1,csr-alg2,csr-alg3,csr-default",manual-selection,csr,CUSPARSE_SPMM_CSR_ALG3,library-preprocess,spmm.csr.fp64,fp64,A100-SXM4-80GB,A100-SXM4-80GB,,9700.0,0edb0287-e1df-52fd-b14b-f9e504b96222,suitesparse_all,Sandia/fpga_dcop_43,fpga_dcop_43,1220,1220,5892,4,row-major,N,N,1.0,0.0,20260922,main,pass,pass,0,0,47136.0,51.76995,0.00732159987092,51.7772715999,2.59581909987,6.437937176438064,0.000910360830988457,0.01815843022434059,0.0663704863550316,9.385163206066567e-06,0.00018720031159114012,cuSPARSE 12.8.6,CUDA,13040,13000,2026-10-07T20:06:23.555041+00:00,derived,csr-alg3,0,0,,,,5,20,4,true
3,A100-SXM4-80GB-suitesparse_all-fp64-n4-row-major-cuSPARSE-SpMM-CSR-solve-only,cuSPARSE-SpMM-CSR-best-solve-only,cuSPARSE CUDA 13.4.1 CSR PER MATRIX BEST,per-matrix-best,cuSPARSE-SpMM-CSR,best,solve-only,"csr-alg1,csr-alg2,csr-alg3,csr-default",manual-selection,csr,CUSPARSE_SPMM_CSR_ALG3,library-preprocess,spmm.csr.fp64,fp64,A100-SXM4-80GB,A100-SXM4-80GB,,9700.0,1cb4d392-df77-5092-a407-ab8ee1286933,suitesparse_all,Sandia/fpga_dcop_48,fpga_dcop_48,1220,1220,5892,4,row-major,N,N,1.0,0.0,20260922,main,pass,pass,0,0,47136.0,57.951884,0.00793600007892,57.9598200001,2.90553020008,5.939516069966405,0.0008132530432275096,0.01622285667473089,0.06123212443264335,8.384051992036181e-06,0.00016724594510031846,cuSPARSE 12.8.6,CUDA,13040,13000,2026-10-08T00:59:17.632120+00:00,derived,csr-alg3,0,0,,,,5,20,4,true
3,A100-SXM4-80GB-suitesparse_all-fp64-n4-row-major-cuSPARSE-SpMM-CSR-solve-only,cuSPARSE-SpMM-CSR-best-solve-only,cuSPARSE CUDA 13.4.1 CSR PER MATRIX BEST,per-matrix-best,cuSPARSE-SpMM-CSR,best,solve-only,"csr-alg1,csr-alg2,csr-alg3,csr-default",manual-selection,csr,CUSPARSE_SPMM_CSR_ALG3,library-preprocess,spmm.csr.fp64,fp64,A100-SXM4-80GB,A100-SXM4-80GB,,9700.0,df7f742d-c1c4-51c9-b7da-d151d8293f2c,suitesparse_all,Sandia/fpga_dcop_49,fpga_dcop_49,1220,1220,5892,4,row-major,N,N,1.0,0.0,20260922,main,pass,pass,0,0,47136.0,47.40187,0.00778239965439,47.4096523997,2.37787589965,6.05674369002765,0.000994227918032537,0.019822733392830957,0.0624406565982232,1.0249772350850897e-05,0.00020435807621475214,cuSPARSE 12.8.6,CUDA,13040,13000,2026-10-08T22:52:06.578217+00:00,derived,csr-alg3,0,0,,,,5,20,4,true
3,A100-SXM4-80GB-suitesparse_all-fp64-n4-row-major-cuSPARSE-SpMM-CSR-solve-only,cuSPARSE-SpMM-CSR-best-solve-only,cuSPARSE CUDA 13.4.1 CSR PER MATRIX BEST,per-matrix-best,cuSPARSE-SpMM-CSR,best,solve-only,"csr-alg1,csr-alg2,csr-alg3,csr-default",manual-selection,csr,CUSPARSE_SPMM_CSR_ALG3,library-preprocess,spmm.csr.fp64,fp64,A100-SXM4-80GB,A100-SXM4-80GB,,9700.0,0edb0287-e1df-52fd-b14b-f9e504b96222,suitesparse_all,Sandia/fpga_dcop_51,fpga_dcop_51,1220,1220,5892,4,row-major,N,N,1.0,0.0,20260922,main,pass,pass,0,0,47136.0,56.470973,0.00727040022612,56.4782434002,2.83081905023,6.483274446248072,0.0008345868632279927,0.016651011302248466,0.06683788088915539,8.603988280700955e-06,0.0001716599103324584,cuSPARSE 12.8.6,CUDA,13040,13000,2026-10-07T20:06:24.210122+00:00,derived,csr-alg3,0,0,,,,5,20,4,true
3,A100-SXM4-80GB-suitesparse_all-fp64-n4-row-major-cuSPARSE-SpMM-CSR-solve-only,cuSPARSE-SpMM-CSR-best-solve-only,cuSPARSE CUDA 13.4.1 CSR PER MATRIX BEST,per-matrix-best,cuSPARSE-SpMM-CSR,best,solve-only,"csr-alg1,csr-alg2,csr-alg3,csr-default",manual-selection,csr,CUSPARSE_SPMM_CSR_ALG1,library-preprocess,spmm.csr.fp64,fp64,A100-SXM4-80GB,A100-SXM4-80GB,,9700.0,1cb4d392-df77-5092-a407-ab8ee1286933,suitesparse_all,Sandia/mult_dcop_02,mult_dcop_02,25187,25187,193276,4,row-major,N,N,1.0,0.0,20260922,main,pass,pass,0,0,1546208.0,0.07601,0.0364544004202,0.11246440042,0.0402549004202,42.41485203918537,13.748421671441477,38.41042913682403,0.4372665158678904,0.14173630589114924,0.3959838055342683,cuSPARSE 12.8.6,CUDA,13040,13000,2026-10-07T20:43:37.533982+00:00,derived,csr-alg1,0,0,,,,5,20,4,true
3,A100-SXM4-80GB-suitesparse_all-fp64-n4-row-major-cuSPARSE-SpMM-CSR-solve-only,cuSPARSE-SpMM-CSR-best-solve-only,cuSPARSE CUDA 13.4.1 CSR PER MATRIX BEST,per-matrix-best,cuSPARSE-SpMM-CSR,best,solve-only,"csr-alg1,csr-alg2,csr-alg3,csr-default",manual-selection,csr,CUSPARSE_SPMM_CSR_ALG1,library-preprocess,spmm.csr.fp64,fp64,A100-SXM4-80GB,A100-SXM4-80GB,,9700.0,df7f742d-c1c4-51c9-b7da-d151d8293f2c,suitesparse_all,Sandia/mult_dcop_03,mult_dcop_03,25187,25187,193216,4,row-major,N,N,1.0,0.0,20260922,main,pass,pass,0,0,1545728.0,0.122849,0.0300559997559,0.152904999756,0.0361984497559,51.42826765217062,10.109074277928217,42.701497175250196,0.5301883263110373,0.10421726059719812,0.44022162036340406,cuSPARSE 12.8.6,CUDA,13040,13000,2026-10-08T17:41:22.503469+00:00,derived,csr-alg1,0,0,,,,5,20,4,true
3,A100-SXM4-80GB-suitesparse_all-fp64-n4-row-major-cuSPARSE-SpMM-CSR-solve-only,cuSPARSE-SpMM-CSR-best-solve-only,cuSPARSE CUDA 13.4.1 CSR PER MATRIX BEST,per-matrix-best,cuSPARSE-SpMM-CSR,best,solve-only,"csr-alg1,csr-alg2,csr-alg3,csr-default",manual-selection,csr,CUSPARSE_SPMM_CSR_ALG3,library-preprocess,spmm.csr.fp64,fp64,A100-SXM4-80GB,A100-SXM4-80GB,,9700.0,0edb0287-e1df-52fd-b14b-f9e504b96222,suitesparse_all,Sandia/oscil_dcop_02,oscil_dcop_02,430,430,1544,4,row-major,N,N,1.0,0.0,20260922,main,pass,pass,0,0,12352.0,49.699149,0.00563200004399,49.704781,2.49058945004,2.19318180105148,0.0002485072814222841,0.004959468530552726,0.022610121660324535,2.561930736312207e-06,5.112854155208995e-05,cuSPARSE 12.8.6,CUDA,13040,13000,2026-10-07T20:06:24.891890+00:00,derived,csr-alg3,0,0,,,,5,20,4,true
3,A100-SXM4-80GB-suitesparse_all-fp64-n4-row-major-cuSPARSE-SpMM-CSR-solve-only,cuSPARSE-SpMM-CSR-best-solve-only,cuSPARSE CUDA 13.4.1 CSR PER MATRIX BEST,per-matrix-best,cuSPARSE-SpMM-CSR,best,solve-only,"csr-alg1,csr-alg2,csr-alg3,csr-default",manual-selection,csr,CUSPARSE_SPMM_CSR_ALG3,library-preprocess,spmm.csr.fp64,fp64,A100-SXM4-80GB,A100-SXM4-80GB,,9700.0,1cb4d392-df77-5092-a407-ab8ee1286933,suitesparse_all,Sandia/oscil_dcop_07,oscil_dcop_07,430,430,1544,4,row-major,N,N,1.0,0.0,20260922,main,pass,pass,0,0,12352.0,54.666161,0.00583680011332,54.6719978001,2.73914485011,2.116228029089405,0.0002259291867321777,0.0045094365854744635,0.02181678380504541,2.329166873527605e-06,4.6489036963654266e-05,cuSPARSE 12.8.6,CUDA,13040,13000,2026-10-08T00:59:20.075292+00:00,derived,csr-alg3,0,0,,,,5,20,4,true
3,A100-SXM4-80GB-suitesparse_all-fp64-n4-row-major-cuSPARSE-SpMM-CSR-solve-only,cuSPARSE-SpMM-CSR-best-solve-only,cuSPARSE CUDA 13.4.1 CSR PER MATRIX BEST,per-matrix-best,cuSPARSE-SpMM-CSR,best,solve-only,"csr-alg1,csr-alg2,csr-alg3,csr-default",manual-selection,csr,CUSPARSE_SPMM_CSR_ALG3,library-preprocess,spmm.csr.fp64,fp64,A100-SXM4-80GB,A100-SXM4-80GB,,9700.0,df7f742d-c1c4-51c9-b7da-d151d8293f2c,suitesparse_all,Sandia/oscil_dcop_08,oscil_dcop_08,430,430,1544,4,row-major,N,N,1.0,0.0,20260922,main,pass,pass,0,0,12352.0,48.649399,0.00527359992266,48.6546725999,2.43774354992,2.3422330440587653,0.0002538707865033581,0.0050669808973160275,0.024146732412976962,2.617224603127403e-06,5.223691646717554e-05,cuSPARSE 12.8.6,CUDA,13040,13000,2026-10-08T22:52:08.726793+00:00,derived,csr-alg3,0,0,,,,5,20,4,true
3,A100-SXM4-80GB-suitesparse_all-fp64-n4-row-major-cuSPARSE-SpMM-CSR-solve-only,cuSPARSE-SpMM-CSR-best-solve-only,cuSPARSE CUDA 13.4.1 CSR PER MATRIX BEST,per-matrix-best,cuSPARSE-SpMM-CSR,best,solve-only,"csr-alg1,csr-alg2,csr-alg3,csr-default",manual-selection,csr,CUSPARSE_SPMM_CSR_ALG3,library-preprocess,spmm.csr.fp64,fp64,A100-SXM4-80GB,A100-SXM4-80GB,,9700.0,0edb0287-e1df-52fd-b14b-f9e504b96222,suitesparse_all,Sandia/oscil_dcop_10,oscil_dcop_10,430,430,1544,4,row-major,N,N,1.0,0.0,20260922,main,pass,pass,0,0,12352.0,124.36223,0.00568320006132,124.3679132,6.22379470006,2.173423399972846,9.931822189648189e-05,0.001984641299283365,0.022406426803843776,1.0238991948090917e-06,2.046021958024088e-05,cuSPARSE 12.8.6,CUDA,13040,13000,2026-10-07T20:06:26.101211+00:00,derived,csr-alg3,0,0,,,,5,20,4,true
3,A100-SXM4-80GB-suitesparse_all-fp64-n4-row-major-cuSPARSE-SpMM-CSR-solve-only,cuSPARSE-SpMM-CSR-best-solve-only,cuSPARSE CUDA 13.4.1 CSR PER MATRIX BEST,per-matrix-best,cuSPARSE-SpMM-CSR,best,solve-only,"csr-alg1,csr-alg2,csr-alg3,csr-default",manual-selection,csr,CUSPARSE_SPMM_CSR_ALG3,library-preprocess,spmm.csr.fp64,fp64,A100-SXM4-80GB,A100-SXM4-80GB,,9700.0,1cb4d392-df77-5092-a407-ab8ee1286933,suitesparse_all,Sandia/oscil_dcop_15,oscil_dcop_15,430,430,1544,4,row-major,N,N,1.0,0.0,20260922,main,pass,pass,0,0,12352.0,56.716503,0.00578560009599,56.7222886001,2.8416107501,2.1349557167909294,0.00021776272264124093,0.004346830402286912,0.022009852750421954,2.244976522074649e-06,4.4812684559658895e-05,cuSPARSE 12.8.6,CUDA,13040,13000,2026-10-08T00:59:20.777640+00:00,derived,csr-alg3,0,0,,,,5,20,4,true
3,A100-SXM4-80GB-suitesparse_all-fp64-n4-row-major-cuSPARSE-SpMM-CSR-solve-only,cuSPARSE-SpMM-CSR-best-solve-only,cuSPARSE CUDA 13.4.1 CSR PER MATRIX BEST,per-matrix-best,cuSPARSE-SpMM-CSR,best,solve-only,"csr-alg1,csr-alg2,csr-alg3,csr-default",manual-selection,csr,CUSPARSE_SPMM_CSR_ALG3,library-preprocess,spmm.csr.fp64,fp64,A100-SXM4-80GB,A100-SXM4-80GB,,9700.0,df7f742d-c1c4-51c9-b7da-d151d8293f2c,suitesparse_all,Sandia/oscil_dcop_16,oscil_dcop_16,430,430,1544,4,row-major,N,N,1.0,0.0,20260922,main,pass,pass,0,0,12352.0,54.357902,0.00522239990532,54.3631243999,2.72311749991,2.3651961213114214,0.00022721284209379844,0.004535977606698293,0.024383465168158983,2.3424004339566847e-06,4.676265573915766e-05,cuSPARSE 12.8.6,CUDA,13040,13000,2026-10-08T22:52:09.325938+00:00,derived,csr-alg3,0,0,,,,5,20,4,true
3,A100-SXM4-80GB-suitesparse_all-fp64-n4-row-major-cuSPARSE-SpMM-CSR-solve-only,cuSPARSE-SpMM-CSR-best-solve-only,cuSPARSE CUDA 13.4.1 CSR PER MATRIX BEST,per-matrix-best,cuSPARSE-SpMM-CSR,best,solve-only,"csr-alg1,csr-alg2,csr-alg3,csr-default",manual-selection,csr,CUSPARSE_SPMM_CSR_ALG3,library-preprocess,spmm.csr.fp64,fp64,A100-SXM4-80GB,A100-SXM4-80GB,,9700.0,0edb0287-e1df-52fd-b14b-f9e504b96222,suitesparse_all,Sandia/oscil_dcop_18,oscil_dcop_18,430,430,1544,4,row-major,N,N,1.0,0.0,20260922,main,pass,pass,0,0,12352.0,50.1868,0.00568320006132,50.1924832001,2.51502320006,2.173423399972846,0.0002460926260762367,0.004911286702923983,0.022406426803843776,2.5370373822292443e-06,5.063182167962869e-05,cuSPARSE 12.8.6,CUDA,13040,13000,2026-10-07T20:06:26.712792+00:00,derived,csr-alg3,0,0,,,,5,20,4,true
3,A100-SXM4-80GB-suitesparse_all-fp64-n4-row-major-cuSPARSE-SpMM-CSR-solve-only,cuSPARSE-SpMM-CSR-best-solve-only,cuSPARSE CUDA 13.4.1 CSR PER MATRIX BEST,per-matrix-best,cuSPARSE-SpMM-CSR,best,solve-only,"csr-alg1,csr-alg2,csr-alg3,csr-default",manual-selection,csr,CUSPARSE_SPMM_CSR_ALG3,library-preprocess,spmm.csr.fp64,fp64,A100-SXM4-80GB,A100-SXM4-80GB,,9700.0,1cb4d392-df77-5092-a407-ab8ee1286933,suitesparse_all,Sandia/oscil_dcop_23,oscil_dcop_23,430,430,1544,4,row-major,N,N,1.0,0.0,20260922,main,pass,pass,0,0,12352.0,64.564825,0.00481280013919,64.5696378001,3.23305405014,2.5664892874772183,0.00019129734068263382,0.0038205361891382934,0.026458652448218746,1.972137532810658e-06,3.9386971022044264e-05,cuSPARSE 12.8.6,CUDA,13040,13000,2026-10-08T00:59:21.521052+00:00,derived,csr-alg3,0,0,,,,5,20,4,true
3,A100-SXM4-80GB-suitesparse_all-fp64-n4-row-major-cuSPARSE-SpMM-CSR-solve-only,cuSPARSE-SpMM-CSR-best-solve-only,cuSPARSE CUDA 13.4.1 CSR PER MATRIX BEST,per-matrix-best,cuSPARSE-SpMM-CSR,best,solve-only,"csr-alg1,csr-alg2,csr-alg3,csr-default",manual-selection,csr,CUSPARSE_SPMM_CSR_ALG3,library-preprocess,spmm.csr.fp64,fp64,A100-SXM4-80GB,A100-SXM4-80GB,,9700.0,df7f742d-c1c4-51c9-b7da-d151d8293f2c,suitesparse_all,Sandia/oscil_dcop_24,oscil_dcop_24,430,430,1544,4,row-major,N,N,1.0,0.0,20260922,main,pass,pass,0,0,12352.0,52.901381,0.00532479993999,52.9067057999,2.65039384994,2.319711564604472,0.00023346756924758953,0.00466043942875872,0.023914552212417235,2.4068821571916443e-06,4.8045767306790925e-05,cuSPARSE 12.8.6,CUDA,13040,13000,2026-10-08T22:52:09.944234+00:00,derived,csr-alg3,0,0,,,,5,20,4,true
3,A100-SXM4-80GB-suitesparse_all-fp64-n4-row-major-cuSPARSE-SpMM-CSR-solve-only,cuSPARSE-SpMM-CSR-best-solve-only,cuSPARSE CUDA 13.4.1 CSR PER MATRIX BEST,per-matrix-best,cuSPARSE-SpMM-CSR,best,solve-only,"csr-alg1,csr-alg2,csr-alg3,csr-default",manual-selection,csr,CUSPARSE_SPMM_CSR_ALG3,library-preprocess,spmm.csr.fp64,fp64,A100-SXM4-80GB,A100-SXM4-80GB,,9700.0,0edb0287-e1df-52fd-b14b-f9e504b96222,suitesparse_all,Sandia/oscil_dcop_26,oscil_dcop_26,430,430,1544,4,row-major,N,N,1.0,0.0,20260922,main,pass,pass,0,0,12352.0,54.496471,0.00563200004399,54.502103,2.73045555004,2.19318180105148,0.00022663345669432242,0.004523787248548708,0.022610121660324535,2.336427388601262e-06,4.663698194380112e-05,cuSPARSE 12.8.6,CUDA,13040,13000,2026-10-07T20:06:27.364421+00:00,derived,csr-alg3,0,0,,,,5,20,4,true
3,A100-SXM4-80GB-suitesparse_all-fp64-n4-row-major-cuSPARSE-SpMM-CSR-solve-only,cuSPARSE-SpMM-CSR-best-solve-only,cuSPARSE CUDA 13.4.1 CSR PER MATRIX BEST,per-matrix-best,cuSPARSE-SpMM-CSR,best,solve-only,"csr-alg1,csr-alg2,csr-alg3,csr-default",manual-selection,csr,CUSPARSE_SPMM_CSR_ALG3,library-preprocess,spmm.csr.fp64,fp64,A100-SXM4-80GB,A100-SXM4-80GB,,9700.0,1cb4d392-df77-5092-a407-ab8ee1286933,suitesparse_all,Sandia/oscil_dcop_31,oscil_dcop_31,430,430,1544,4,row-major,N,N,1.0,0.0,20260922,main,pass,pass,0,0,12352.0,52.287461,0.00481280013919,52.2922738001,2.61918585014,2.5664892874772183,0.00023621080328651493,0.004715969276994896,0.026458652448218746,2.4351629204795356e-06,4.861823996901955e-05,cuSPARSE 12.8.6,CUDA,13040,13000,2026-10-08T00:59:22.423590+00:00,derived,csr-alg3,0,0,,,,5,20,4,true
3,A100-SXM4-80GB-suitesparse_all-fp64-n4-row-major-cuSPARSE-SpMM-CSR-solve-only,cuSPARSE-SpMM-CSR-best-solve-only,cuSPARSE CUDA 13.4.1 CSR PER MATRIX BEST,per-matrix-best,cuSPARSE-SpMM-CSR,best,solve-only,"csr-alg1,csr-alg2,csr-alg3,csr-default",manual-selection,csr,CUSPARSE_SPMM_CSR_ALG3,library-preprocess,spmm.csr.fp64,fp64,A100-SXM4-80GB,A100-SXM4-80GB,,9700.0,df7f742d-c1c4-51c9-b7da-d151d8293f2c,suitesparse_all,Sandia/oscil_dcop_32,oscil_dcop_32,430,430,1544,4,row-major,N,N,1.0,0.0,20260922,main,pass,pass,0,0,12352.0,53.530652,0.00573440007865,53.5363864001,2.68226700008,2.154017827599487,0.00023072158639337914,0.004605059824257463,0.022206369356695742,2.3785730556018467e-06,4.747484354904602e-05,cuSPARSE 12.8.6,CUDA,13040,13000,2026-10-08T22:52:10.543002+00:00,derived,csr-alg3,0,0,,,,5,20,4,true
3,A100-SXM4-80GB-suitesparse_all-fp64-n4-row-major-cuSPARSE-SpMM-CSR-solve-only,cuSPARSE-SpMM-CSR-best-solve-only,cuSPARSE CUDA 13.4.1 CSR PER MATRIX BEST,per-matrix-best,cuSPARSE-SpMM-CSR,best,solve-only,"csr-alg1,csr-alg2,csr-alg3,csr-default",manual-selection,csr,CUSPARSE_SPMM_CSR_ALG3,library-preprocess,spmm.csr.fp64,fp64,A100-SXM4-80GB,A100-SXM4-80GB,,9700.0,0edb0287-e1df-52fd-b14b-f9e504b96222,suitesparse_all,Sandia/oscil_dcop_34,oscil_dcop_34,430,430,1544,4,row-major,N,N,1.0,0.0,20260922,main,pass,pass,0,0,12352.0,53.145311,0.00558080002666,53.1508918,2.66284635003,2.213302741720425,0.00023239497178107556,0.004638645410337265,0.0228175540383549,2.3958244513512945e-06,4.7821086704507894e-05,cuSPARSE 12.8.6,CUDA,13040,13000,2026-10-07T20:06:28.009531+00:00,derived,csr-alg3,0,0,,,,5,20,4,true
3,A100-SXM4-80GB-suitesparse_all-fp64-n4-row-major-cuSPARSE-SpMM-CSR-solve-only,cuSPARSE-SpMM-CSR-best-solve-only,cuSPARSE CUDA 13.4.1 CSR PER MATRIX BEST,per-matrix-best,cuSPARSE-SpMM-CSR,best,solve-only,"csr-alg1,csr-alg2,csr-alg3,csr-default",manual-selection,csr,CUSPARSE_SPMM_CSR_ALG3,library-preprocess,spmm.csr.fp64,fp64,A100-SXM4-80GB,A100-SXM4-80GB,,9700.0,1cb4d392-df77-5092-a407-ab8ee1286933,suitesparse_all,Sandia/oscil_dcop_39,oscil_dcop_39,430,430,1544,4,row-major,N,N,1.0,0.0,20260922,main,pass,pass,0,0,12352.0,53.151951,0.00486400015652,53.1568150002,2.66246155016,2.5394736024921034,0.0002323690762878387,0.004639315823831413,0.026180140231877355,2.3955574875034917e-06,4.782799818382899e-05,cuSPARSE 12.8.6,CUDA,13040,13000,2026-10-08T00:59:23.313053+00:00,derived,csr-alg3,0,0,,,,5,20,4,true
3,A100-SXM4-80GB-suitesparse_all-fp64-n4-row-major-cuSPARSE-SpMM-CSR-solve-only,cuSPARSE-SpMM-CSR-best-solve-only,cuSPARSE CUDA 13.4.1 CSR PER MATRIX BEST,per-matrix-best,cuSPARSE-SpMM-CSR,best,solve-only,"csr-alg1,csr-alg2,csr-alg3,csr-default",manual-selection,csr,CUSPARSE_SPMM_CSR_ALG3,library-preprocess,spmm.csr.fp64,fp64,A100-SXM4-80GB,A100-SXM4-80GB,,9700.0,df7f742d-c1c4-51c9-b7da-d151d8293f2c,suitesparse_all,Sandia/oscil_dcop_40,oscil_dcop_40,430,430,1544,4,row-major,N,N,1.0,0.0,20260922,main,pass,pass,0,0,12352.0,53.041551,0.00568320006132,53.0472342001,2.65776075006,2.173423399972846,0.0002328490860316468,0.004647521414303807,0.022406426803843776,2.4005060415633687e-06,4.791259190003925e-05,cuSPARSE 12.8.6,CUDA,13040,13000,2026-10-08T22:52:11.317538+00:00,derived,csr-alg3,0,0,,,,5,20,4,true
3,A100-SXM4-80GB-suitesparse_all-fp64-n4-row-major-cuSPARSE-SpMM-CSR-solve-only,cuSPARSE-SpMM-CSR-best-solve-only,cuSPARSE CUDA 13.4.1 CSR PER MATRIX BEST,per-matrix-best,cuSPARSE-SpMM-CSR,best,solve-only,"csr-alg1,csr-alg2,csr-alg3,csr-default",manual-selection,csr,CUSPARSE_SPMM_CSR_ALG3,library-preprocess,spmm.csr.fp64,fp64,A100-SXM4-80GB,A100-SXM4-80GB,,9700.0,0edb0287-e1df-52fd-b14b-f9e504b96222,suitesparse_all,Sandia/oscil_dcop_42,oscil_dcop_42,430,430,1544,4,row-major,N,N,1.0,0.0,20260922,main,pass,pass,0,0,12352.0,56.323833,0.00563200004399,56.329465,2.82182365004,2.19318180105148,0.00021928132993984586,0.004377311105116334,0.022610121660324535,2.2606322674210913e-06,4.5126918609446744e-05,cuSPARSE 12.8.6,CUDA,13040,13000,2026-10-07T20:06:28.666233+00:00,derived,csr-alg3,0,0,,,,5,20,4,true
3,A100-SXM4-80GB-suitesparse_all-fp64-n4-row-major-cuSPARSE-SpMM-CSR-solve-only,cuSPARSE-SpMM-CSR-best-solve-only,cuSPARSE CUDA 13.4.1 CSR PER MATRIX BEST,per-matrix-best,cuSPARSE-SpMM-CSR,best,solve-only,"csr-alg1,csr-alg2,csr-alg3,csr-default",manual-selection,csr,CUSPARSE_SPMM_CSR_ALG3,library-preprocess,spmm.csr.fp64,fp64,A100-SXM4-80GB,A100-SXM4-80GB,,9700.0,1cb4d392-df77-5092-a407-ab8ee1286933,suitesparse_all,Sandia/oscil_dcop_47,oscil_dcop_47,430,430,1544,4,row-major,N,N,1.0,0.0,20260922,main,pass,pass,0,0,12352.0,53.855412,0.00481280013919,53.8602248001,2.69758340014,2.5664892874772183,0.0002293343565839901,0.004578913111401468,0.026458652448218746,2.3642717173607227e-06,4.720528980826256e-05,cuSPARSE 12.8.6,CUDA,13040,13000,2026-10-08T00:59:24.121248+00:00,derived,csr-alg3,0,0,,,,5,20,4,true
3,A100-SXM4-80GB-suitesparse_all-fp64-n4-row-major-cuSPARSE-SpMM-CSR-solve-only,cuSPARSE-SpMM-CSR-best-solve-only,cuSPARSE CUDA 13.4.1 CSR PER MATRIX BEST,per-matrix-best,cuSPARSE-SpMM-CSR,best,solve-only,"csr-alg1,csr-alg2,csr-alg3,csr-default",manual-selection,csr,CUSPARSE_SPMM_CSR_ALG3,library-preprocess,spmm.csr.fp64,fp64,A100-SXM4-80GB,A100-SXM4-80GB,,9700.0,df7f742d-c1c4-51c9-b7da-d151d8293f2c,suitesparse_all,Sandia/oscil_dcop_48,oscil_dcop_48,430,430,1544,4,row-major,N,N,1.0,0.0,20260922,main,pass,pass,0,0,12352.0,54.364682,0.00573440007865,54.3704164001,2.72396850008,2.154017827599487,0.00022718236897625234,0.00453456051332357,0.022206369356695742,2.3420862781056944e-06,4.674804652910897e-05,cuSPARSE 12.8.6,CUDA,13040,13000,2026-10-08T22:52:11.940945+00:00,derived,csr-alg3,0,0,,,,5,20,4,true
3,A100-SXM4-80GB-suitesparse_all-fp64-n4-row-major-cuSPARSE-SpMM-CSR-solve-only,cuSPARSE-SpMM-CSR-best-solve-only,cuSPARSE CUDA 13.4.1 CSR PER MATRIX BEST,per-matrix-best,cuSPARSE-SpMM-CSR,best,solve-only,"csr-alg1,csr-alg2,csr-alg3,csr-default",manual-selection,csr,CUSPARSE_SPMM_CSR_ALG3,library-preprocess,spmm.csr.fp64,fp64,A100-SXM4-80GB,A100-SXM4-80GB,,9700.0,0edb0287-e1df-52fd-b14b-f9e504b96222,suitesparse_all,Sandia/oscil_dcop_50,oscil_dcop_50,430,430,1544,4,row-major,N,N,1.0,0.0,20260922,main,pass,pass,0,0,12352.0,53.103711,0.00568320006132,53.1093942001,2.66086875006,2.173423399972846,0.0002325765561072196,0.004642092925373141,0.022406426803843776,2.397696454713604e-06,4.785662809663033e-05,cuSPARSE 12.8.6,CUDA,13040,13000,2026-10-07T20:06:29.579053+00:00,derived,csr-alg3,0,0,,,,5,20,4,true
3,A100-SXM4-80GB-suitesparse_all-fp64-n4-row-major-cuSPARSE-SpMM-CSR-solve-only,cuSPARSE-SpMM-CSR-best-solve-only,cuSPARSE CUDA 13.4.1 CSR PER MATRIX BEST,per-matrix-best,cuSPARSE-SpMM-CSR,best,solve-only,"csr-alg1,csr-alg2,csr-alg3,csr-default",manual-selection,csr,CUSPARSE_SPMM_CSR_ALG3,library-preprocess,spmm.csr.fp64,fp64,A100-SXM4-80GB,A100-SXM4-80GB,,9700.0,1cb4d392-df77-5092-a407-ab8ee1286933,suitesparse_all,Sandia/oscil_dcop_55,oscil_dcop_55,430,430,1544,4,row-major,N,N,1.0,0.0,20260922,main,pass,pass,0,0,12352.0,51.57683,0.00593920014799,51.5827692001,2.58478070015,2.079741327488396,0.00023945980783009324,0.004778741964176376,0.02144063224214841,2.4686578126813737e-06,4.926538107398326e-05,cuSPARSE 12.8.6,CUDA,13040,13000,2026-10-08T00:59:24.857364+00:00,derived,csr-alg3,0,0,,,,5,20,4,true
3,A100-SXM4-80GB-suitesparse_all-fp64-n4-row-major-cuSPARSE-SpMM-CSR-solve-only,cuSPARSE-SpMM-CSR-best-solve-only,cuSPARSE CUDA 13.4.1 CSR PER MATRIX BEST,per-matrix-best,cuSPARSE-SpMM-CSR,best,solve-only,"csr-alg1,csr-alg2,csr-alg3,csr-default",manual-selection,csr,CUSPARSE_SPMM_CSR_ALG3,library-preprocess,spmm.csr.fp64,fp64,A100-SXM4-80GB,A100-SXM4-80GB,,9700.0,df7f742d-c1c4-51c9-b7da-d151d8293f2c,suitesparse_all,Sandia/oscil_dcop_56,oscil_dcop_56,430,430,1544,4,row-major,N,N,1.0,0.0,20260922,main,pass,pass,0,0,12352.0,55.422222,0.00568320006132,55.4279052001,2.77679430006,2.173423399972846,0.0002228480393658773,0.00444829492761963,0.022406426803843776,2.297402467689457e-06,4.58587105940168e-05,cuSPARSE 12.8.6,CUDA,13040,13000,2026-10-08T22:52:12.675841+00:00,derived,csr-alg3,0,0,,,,5,20,4,true
3,A100-SXM4-80GB-suitesparse_all-fp64-n4-row-major-cuSPARSE-SpMM-CSR-solve-only,cuSPARSE-SpMM-CSR-best-solve-only,cuSPARSE CUDA 13.4.1 CSR PER MATRIX BEST,per-matrix-best,cuSPARSE-SpMM-CSR,best,solve-only,"csr-alg1,csr-alg2,csr-alg3,csr-default",manual-selection,csr,CUSPARSE_SPMM_CSR_ALG3,library-preprocess,spmm.csr.fp64,fp64,A100-SXM4-80GB,A100-SXM4-80GB,,9700.0,0edb0287-e1df-52fd-b14b-f9e504b96222,suitesparse_all,Sandia/oscil_trans_01,oscil_trans_01,430,430,1614,4,row-major,N,N,1.0,0.0,20260922,main,pass,pass,0,0,12912.0,56.291843,0.00568320006132,56.2975262001,2.82027535006,2.271959434945708,0.00022935288407001202,0.004578276372810656,0.023422262215935134,2.364462722371258e-06,4.719872549289336e-05,cuSPARSE 12.8.6,CUDA,13040,13000,2026-10-07T20:06:30.241813+00:00,derived,csr-alg3,0,0,,,,5,20,4,true
3,A100-SXM4-80GB-suitesparse_all-fp64-n4-row-major-cuSPARSE-SpMM-CSR-solve-only,cuSPARSE-SpMM-CSR-best-solve-only,cuSPARSE CUDA 13.4.1 CSR PER MATRIX BEST,per-matrix-best,cuSPARSE-SpMM-CSR,best,solve-only,"csr-alg1,csr-alg2,csr-alg3,csr-default",manual-selection,csr,CUSPARSE_SPMM_CSR_ALG3,library-preprocess,spmm.csr.fp64,fp64,A100-SXM4-80GB,A100-SXM4-80GB,,9700.0,df7f742d-c1c4-51c9-b7da-d151d8293f2c,suitesparse_all,Sanghavi/ecl32,ecl32,51993,51993,380415,4,row-major,N,N,1.0,0.0,20260922,main,pass,pass,0,0,3043320.0,55.955503,0.0273407995701,55.9828437996,2.82511594957,111.3105705704447,0.05436165427562193,1.0772372017025398,1.1475316553654091,0.0005604294255218755,0.011105538161881853,cuSPARSE 12.8.6,CUDA,13040,13000,2026-10-08T22:51:52.227642+00:00,derived,csr-alg3,0,0,,,,5,20,4,true
3,A100-SXM4-80GB-suitesparse_all-fp64-n4-row-major-cuSPARSE-SpMM-CSR-solve-only,cuSPARSE-SpMM-CSR-best-solve-only,cuSPARSE CUDA 13.4.1 CSR PER MATRIX BEST,per-matrix-best,cuSPARSE-SpMM-CSR,best,solve-only,"csr-alg1,csr-alg2,csr-alg3,csr-default",manual-selection,csr,CUSPARSE_SPMM_CSR_ALG3,library-preprocess,spmm.csr.fp64,fp64,A100-SXM4-80GB,A100-SXM4-80GB,,9700.0,1cb4d392-df77-5092-a407-ab8ee1286933,suitesparse_all,Schenk_AFE/af_2_k101,af_2_k101,503625,503625,17550675,4,row-major,N,N,1.0,0.0,20260922,main,pass,pass,0,0,140405400.0,52.328561,0.649932813644,52.9784938136,3.26636086364,216.03063740201753,2.65023389479519,42.985268885304244,2.2271199732166758,0.02732199891541433,0.44314710191035306,cuSPARSE 12.8.6,CUDA,13040,13000,2026-10-08T01:05:21.423272+00:00,derived,csr-alg3,0,0,,,,5,20,4,true
3,A100-SXM4-80GB-suitesparse_all-fp64-n4-row-major-cuSPARSE-SpMM-CSR-solve-only,cuSPARSE-SpMM-CSR-best-solve-only,cuSPARSE CUDA 13.4.1 CSR PER MATRIX BEST,per-matrix-best,cuSPARSE-SpMM-CSR,best,solve-only,"csr-alg1,csr-alg2,csr-alg3,csr-default",manual-selection,csr,CUSPARSE_SPMM_CSR_ALG3,library-preprocess,spmm.csr.fp64,fp64,A100-SXM4-80GB,A100-SXM4-80GB,,9700.0,df7f742d-c1c4-51c9-b7da-d151d8293f2c,suitesparse_all,Schenk_AFE/af_3_k101,af_3_k101,503625,503625,17550675,4,row-major,N,N,1.0,0.0,20260922,main,pass,pass,0,0,140405400.0,70.838238,0.648857593536,71.4870955935,4.19076949354,216.3886211685523,1.964066365185585,33.50348908868229,2.2308105275108487,0.02024810685758335,0.34539679472868334,cuSPARSE 12.8.6,CUDA,13040,13000,2026-10-08T22:58:30.316622+00:00,derived,csr-alg3,0,0,,,,5,20,4,true
3,A100-SXM4-80GB-suitesparse_all-fp64-n4-row-major-cuSPARSE-SpMM-CSR-solve-only,cuSPARSE-SpMM-CSR-best-solve-only,cuSPARSE CUDA 13.4.1 CSR PER MATRIX BEST,per-matrix-best,cuSPARSE-SpMM-CSR,best,solve-only,"csr-alg1,csr-alg2,csr-alg3,csr-default",manual-selection,csr,CUSPARSE_SPMM_CSR_ALG3,library-preprocess,spmm.csr.fp64,fp64,A100-SXM4-80GB,A100-SXM4-80GB,,9700.0,0edb0287-e1df-52fd-b14b-f9e504b96222,suitesparse_all,Schenk_AFE/af_5_k101,af_5_k101,503625,503625,17550675,4,row-major,N,N,1.0,0.0,20260922,main,pass,pass,0,0,140405400.0,107.562963,0.658739185333,108.221702185,6.03688733533,213.1426262869477,1.2973867271093504,23.25791292779276,2.197346662752038,0.013375120898034542,0.2397722982246676,cuSPARSE 12.8.6,CUDA,13040,13000,2026-10-07T20:12:58.483167+00:00,derived,csr-alg3,0,0,,,,5,20,4,true
3,A100-SXM4-80GB-suitesparse_all-fp64-n4-row-major-cuSPARSE-SpMM-CSR-solve-only,cuSPARSE-SpMM-CSR-best-solve-only,cuSPARSE CUDA 13.4.1 CSR PER MATRIX BEST,per-matrix-best,cuSPARSE-SpMM-CSR,best,solve-only,"csr-alg1,csr-alg2,csr-alg3,csr-default",manual-selection,csr,CUSPARSE_SPMM_CSR_ALG3,library-preprocess,spmm.csr.fp64,fp64,A100-SXM4-80GB,A100-SXM4-80GB,,9700.0,1cb4d392-df77-5092-a407-ab8ee1286933,suitesparse_all,Schenk_AFE/af_shell3,af_shell3,504855,504855,17588875,4,row-major,N,N,1.0,0.0,20260922,main,pass,pass,0,0,140711000.0,49.775391,0.662374401093,50.4377654011,3.15114395109,212.43423623831077,2.789794489922649,44.6539422457445,2.190043672559905,0.028760767937346894,0.4603499200592217,cuSPARSE 12.8.6,CUDA,13040,13000,2026-10-08T00:58:20.289406+00:00,derived,csr-alg3,0,0,,,,5,20,4,true
3,A100-SXM4-80GB-suitesparse_all-fp64-n4-row-major-cuSPARSE-SpMM-CSR-solve-only,cuSPARSE-SpMM-CSR-best-solve-only,cuSPARSE CUDA 13.4.1 CSR PER MATRIX BEST,per-matrix-best,cuSPARSE-SpMM-CSR,best,solve-only,"csr-alg1,csr-alg2,csr-alg3,csr-default",manual-selection,csr,CUSPARSE_SPMM_CSR_ALG3,library-preprocess,spmm.csr.fp64,fp64,A100-SXM4-80GB,A100-SXM4-80GB,,9700.0,df7f742d-c1c4-51c9-b7da-d151d8293f2c,suitesparse_all,Schenk_AFE/af_shell4,af_shell4,504855,504855,17588875,4,row-major,N,N,1.0,0.0,20260922,main,pass,pass,0,0,140711000.0,53.741631,0.660633611679,54.4022646117,3.34771516168,212.99400683289946,2.5864915919279223,42.031951108225805,2.1958145034319534,0.026664861772452808,0.43331908358995674,cuSPARSE 12.8.6,CUDA,13040,13000,2026-10-08T22:51:13.195022+00:00,derived,csr-alg3,0,0,,,,5,20,4,true
3,A100-SXM4-80GB-suitesparse_all-fp64-n4-row-major-cuSPARSE-SpMM-CSR-solve-only,cuSPARSE-SpMM-CSR-best-solve-only,cuSPARSE CUDA 13.4.1 CSR PER MATRIX BEST,per-matrix-best,cuSPARSE-SpMM-CSR,best,solve-only,"csr-alg1,csr-alg2,csr-alg3,csr-default",manual-selection,csr,CUSPARSE_SPMM_CSR_ALG3,library-preprocess,spmm.csr.fp64,fp64,A100-SXM4-80GB,A100-SXM4-80GB,,9700.0,0edb0287-e1df-52fd-b14b-f9e504b96222,suitesparse_all,Schenk_AFE/af_shell6,af_shell6,504855,504855,17588875,4,row-major,N,N,1.0,0.0,20260922,main,pass,pass,0,0,140711000.0,57.152223,0.657305622101,57.8095286221,3.5149167721,214.07241208470708,2.4340451021461473,40.032526834463766,2.2069320833474957,0.02509324847573348,0.41270646221096663,cuSPARSE 12.8.6,CUDA,13040,13000,2026-10-07T20:05:31.468594+00:00,derived,csr-alg3,0,0,,,,5,20,4,true
3,A100-SXM4-80GB-suitesparse_all-fp64-n4-row-major-cuSPARSE-SpMM-CSR-solve-only,cuSPARSE-SpMM-CSR-best-solve-only,cuSPARSE CUDA 13.4.1 CSR PER MATRIX BEST,per-matrix-best,cuSPARSE-SpMM-CSR,best,solve-only,"csr-alg1,csr-alg2,csr-alg3,csr-default",manual-selection,csr,CUSPARSE_SPMM_CSR_ALG1,library-preprocess,spmm.csr.fp64,fp64,A100-SXM4-80GB,A100-SXM4-80GB,,9700.0,0edb0287-e1df-52fd-b14b-f9e504b96222,suitesparse_all,Schenk_IBMNA/c-18,c-18,2169,2169,15145,4,row-major,N,N,1.0,0.0,20260922,main,pass,pass,0,0,121160.0,0.06086,0.0160255998373,0.0768855998373,0.0190685998373,7.560403431389628,1.575847756359974,6.353901232066315,0.07794230341638791,0.016245853158350247,0.06550413641305479,cuSPARSE 12.8.6,CUDA,13040,13000,2026-10-07T15:39:51.219990+00:00,derived,csr-alg1,0,0,,,,5,20,4,true
3,A100-SXM4-80GB-suitesparse_all-fp64-n4-row-major-cuSPARSE-SpMM-CSR-solve-only,cuSPARSE-SpMM-CSR-best-solve-only,cuSPARSE CUDA 13.4.1 CSR PER MATRIX BEST,per-matrix-best,cuSPARSE-SpMM-CSR,best,solve-only,"csr-alg1,csr-alg2,csr-alg3,csr-default",manual-selection,csr,CUSPARSE_SPMM_CSR_ALG1,library-preprocess,spmm.csr.fp64,fp64,A100-SXM4-80GB,A100-SXM4-80GB,,9700.0,1cb4d392-df77-5092-a407-ab8ee1286933,suitesparse_all,Schenk_IBMNA/c-23,c-23,3969,3969,31079,4,row-major,N,N,1.0,0.0,20260922,main,pass,pass,0,0,248632.0,0.06818,0.0141760006547,0.0823560006547,0.0175850006547,17.538938241905836,3.0189906992018405,14.1388678273121,0.18081379630830757,0.031123615455689077,0.14576152399290826,cuSPARSE 12.8.6,CUDA,13040,13000,2026-10-07T20:48:51.122921+00:00,derived,csr-alg1,0,0,,,,5,20,4,true
3,A100-SXM4-80GB-suitesparse_all-fp64-n4-row-major-cuSPARSE-SpMM-CSR-solve-only,cuSPARSE-SpMM-CSR-best-solve-only,cuSPARSE CUDA 13.4.1 CSR PER MATRIX BEST,per-matrix-best,cuSPARSE-SpMM-CSR,best,solve-only,"csr-alg1,csr-alg2,csr-alg3,csr-default",manual-selection,csr,CUSPARSE_SPMM_CSR_ALG1,library-preprocess,spmm.csr.fp64,fp64,A100-SXM4-80GB,A100-SXM4-80GB,,9700.0,df7f742d-c1c4-51c9-b7da-d151d8293f2c,suitesparse_all,Schenk_IBMNA/c-24,c-24,4119,4119,35699,4,row-major,N,N,1.0,0.0,20260922,main,pass,pass,0,0,285592.0,0.06626,0.017919999361,0.084179999361,0.021232999361,15.937054139719733,3.3926348558789936,13.450384241265745,0.1642995272136055,0.03497561707091746,0.1386637550645953,cuSPARSE 12.8.6,CUDA,13040,13000,2026-10-08T17:47:16.760694+00:00,derived,csr-alg1,0,0,,,,5,20,4,true
3,A100-SXM4-80GB-suitesparse_all-fp64-n4-row-major-cuSPARSE-SpMM-CSR-solve-only,cuSPARSE-SpMM-CSR-best-solve-only,cuSPARSE CUDA 13.4.1 CSR PER MATRIX BEST,per-matrix-best,cuSPARSE-SpMM-CSR,best,solve-only,"csr-alg1,csr-alg2,csr-alg3,csr-default",manual-selection,csr,CUSPARSE_SPMM_CSR_ALG3,library-preprocess,spmm.csr.fp64,fp64,A100-SXM4-80GB,A100-SXM4-80GB,,9700.0,0edb0287-e1df-52fd-b14b-f9e504b96222,suitesparse_all,Schenk_IBMNA/c-26,c-26,4307,4307,34537,4,row-major,N,N,1.0,0.0,20260922,main,pass,pass,0,0,276296.0,55.635322,0.0134143993258,55.6487363993,2.79518049933,20.59697145503922,0.004965000427277905,0.09884728376798124,0.21233991190762083,5.118557141523613e-05,0.0010190441625565077,cuSPARSE 12.8.6,CUDA,13040,13000,2026-10-07T20:12:02.514665+00:00,derived,csr-alg3,0,0,,,,5,20,4,true
3,A100-SXM4-80GB-suitesparse_all-fp64-n4-row-major-cuSPARSE-SpMM-CSR-solve-only,cuSPARSE-SpMM-CSR-best-solve-only,cuSPARSE CUDA 13.4.1 CSR PER MATRIX BEST,per-matrix-best,cuSPARSE-SpMM-CSR,best,solve-only,"csr-alg1,csr-alg2,csr-alg3,csr-default",manual-selection,csr,CUSPARSE_SPMM_CSR_ALG1,library-preprocess,spmm.csr.fp64,fp64,A100-SXM4-80GB,A100-SXM4-80GB,,9700.0,1cb4d392-df77-5092-a407-ab8ee1286933,suitesparse_all,Schenk_IBMNA/c-31,c-31,5339,5339,78571,4,row-major,N,N,1.0,0.0,20260922,main,pass,pass,0,0,628568.0,0.06578,0.015513600409,0.081293600409,0.018802600409,40.517222529165124,7.732072350561206,33.429844081520315,0.41770332504293944,0.07971208608825986,0.3446375678507249,cuSPARSE 12.8.6,CUDA,13040,13000,2026-10-07T20:48:52.481603+00:00,derived,csr-alg1,0,0,,,,5,20,4,true
3,A100-SXM4-80GB-suitesparse_all-fp64-n4-row-major-cuSPARSE-SpMM-CSR-solve-only,cuSPARSE-SpMM-CSR-best-solve-only,cuSPARSE CUDA 13.4.1 CSR PER MATRIX BEST,per-matrix-best,cuSPARSE-SpMM-CSR,best,solve-only,"csr-alg1,csr-alg2,csr-alg3,csr-default",manual-selection,csr,CUSPARSE_SPMM_CSR_ALG3,library-preprocess,spmm.csr.fp64,fp64,A100-SXM4-80GB,A100-SXM4-80GB,,9700.0,df7f742d-c1c4-51c9-b7da-d151d8293f2c,suitesparse_all,Schenk_IBMNA/c-32,c-32,5975,5975,54471,4,row-major,N,N,1.0,0.0,20260922,main,pass,pass,0,0,435768.0,68.086828,0.011571200192,68.0983992002,3.41591260019,37.65970623352257,0.0063990931522325736,0.12757000866350085,0.3882443941600265,6.597003249724302e-05,0.0013151547284896996,cuSPARSE 12.8.6,CUDA,13040,13000,2026-10-08T22:57:35.927118+00:00,derived,csr-alg3,0,0,,,,5,20,4,true
3,A100-SXM4-80GB-suitesparse_all-fp64-n4-row-major-cuSPARSE-SpMM-CSR-solve-only,cuSPARSE-SpMM-CSR-best-solve-only,cuSPARSE CUDA 13.4.1 CSR PER MATRIX BEST,per-matrix-best,cuSPARSE-SpMM-CSR,best,solve-only,"csr-alg1,csr-alg2,csr-alg3,csr-default",manual-selection,csr,CUSPARSE_SPMM_CSR_ALG1,library-preprocess,spmm.csr.fp64,fp64,A100-SXM4-80GB,A100-SXM4-80GB,,9700.0,0edb0287-e1df-52fd-b14b-f9e504b96222,suitesparse_all,Schenk_IBMNA/c-34,c-34,6611,6611,64333,4,row-major,N,N,1.0,0.0,20260922,main,pass,pass,0,0,514664.0,0.06013,0.0187904000282,0.0789204000282,0.0217969000282,27.38973088532493,6.521305008794927,23.611797977425567,0.28236835964252505,0.0672299485442776,0.24342059770541824,cuSPARSE 12.8.6,CUDA,13040,13000,2026-10-07T15:39:52.689640+00:00,derived,csr-alg1,0,0,,,,5,20,4,true
3,A100-SXM4-80GB-suitesparse_all-fp64-n4-row-major-cuSPARSE-SpMM-CSR-solve-only,cuSPARSE-SpMM-CSR-best-solve-only,cuSPARSE CUDA 13.4.1 CSR PER MATRIX BEST,per-matrix-best,cuSPARSE-SpMM-CSR,best,solve-only,"csr-alg1,csr-alg2,csr-alg3,csr-default",manual-selection,csr,CUSPARSE_SPMM_CSR_ALG1,library-preprocess,spmm.csr.fp64,fp64,A100-SXM4-80GB,A100-SXM4-80GB,,9700.0,1cb4d392-df77-5092-a407-ab8ee1286933,suitesparse_all,Schenk_IBMNA/c-39,c-39,9271,9271,136811,4,row-major,N,N,1.0,0.0,20260922,main,pass,pass,0,0,1094488.0,0.06872,0.0227968007326,0.0915168007326,0.0262328007326,48.01059643579086,11.959421562363715,41.722117708913146,0.49495460243083356,0.12329300579756407,0.43012492483415615,cuSPARSE 12.8.6,CUDA,13040,13000,2026-10-07T20:48:53.702013+00:00,derived,csr-alg1,0,0,,,,5,20,4,true
3,A100-SXM4-80GB-suitesparse_all-fp64-n4-row-major-cuSPARSE-SpMM-CSR-solve-only,cuSPARSE-SpMM-CSR-best-solve-only,cuSPARSE CUDA 13.4.1 CSR PER MATRIX BEST,per-matrix-best,cuSPARSE-SpMM-CSR,best,solve-only,"csr-alg1,csr-alg2,csr-alg3,csr-default",manual-selection,csr,CUSPARSE_SPMM_CSR_ALG1,library-preprocess,spmm.csr.fp64,fp64,A100-SXM4-80GB,A100-SXM4-80GB,,9700.0,df7f742d-c1c4-51c9-b7da-d151d8293f2c,suitesparse_all,Schenk_IBMNA/c-40,c-40,9941,9941,81501,4,row-major,N,N,1.0,0.0,20260922,main,pass,pass,0,0,652008.0,0.08646,0.0171008005738,0.103560800574,0.0214238005738,38.12733779253214,6.295895709439826,30.433815781377557,0.3930653380673417,0.06490614133443119,0.3137506781585315,cuSPARSE 12.8.6,CUDA,13040,13000,2026-10-08T17:47:19.069876+00:00,derived,csr-alg1,0,0,,,,5,20,4,true
3,A100-SXM4-80GB-suitesparse_all-fp64-n4-row-major-cuSPARSE-SpMM-CSR-solve-only,cuSPARSE-SpMM-CSR-best-solve-only,cuSPARSE CUDA 13.4.1 CSR PER MATRIX BEST,per-matrix-best,cuSPARSE-SpMM-CSR,best,solve-only,"csr-alg1,csr-alg2,csr-alg3,csr-default",manual-selection,csr,CUSPARSE_SPMM_CSR_ALG1,library-preprocess,spmm.csr.fp64,fp64,A100-SXM4-80GB,A100-SXM4-80GB,,9700.0,0edb0287-e1df-52fd-b14b-f9e504b96222,suitesparse_all,Schenk_IBMNA/c-42,c-42,10471,10471,110285,4,row-major,N,N,1.0,0.0,20260922,main,pass,pass,0,0,882280.0,0.05971,0.0223232001066,0.0820332001066,0.0253087001066,39.52300726539418,10.755157653895012,34.86073944073955,0.4074536831483936,0.11087791395768053,0.3593890663993768,cuSPARSE 12.8.6,CUDA,13040,13000,2026-10-07T15:39:53.610193+00:00,derived,csr-alg1,0,0,,,,5,20,4,true
3,A100-SXM4-80GB-suitesparse_all-fp64-n4-row-major-cuSPARSE-SpMM-CSR-solve-only,cuSPARSE-SpMM-CSR-best-solve-only,cuSPARSE CUDA 13.4.1 CSR PER MATRIX BEST,per-matrix-best,cuSPARSE-SpMM-CSR,best,solve-only,"csr-alg1,csr-alg2,csr-alg3,csr-default",manual-selection,csr,CUSPARSE_SPMM_CSR_ALG1,library-preprocess,spmm.csr.fp64,fp64,A100-SXM4-80GB,A100-SXM4-80GB,,9700.0,1cb4d392-df77-5092-a407-ab8ee1286933,suitesparse_all,Schenk_IBMNA/c-47,c-47,15343,15343,211401,4,row-major,N,N,1.0,0.0,20260922,main,pass,pass,0,0,1691208.0,0.06766,0.0286015987396,0.0962615987396,0.0319845987396,59.12984149583422,17.568875046163893,52.875698512550734,0.6095859948024146,0.1811224231563288,0.545110293943822,cuSPARSE 12.8.6,CUDA,13040,13000,2026-10-07T20:48:54.986816+00:00,derived,csr-alg1,0,0,,,,5,20,4,true
3,A100-SXM4-80GB-suitesparse_all-fp64-n4-row-major-cuSPARSE-SpMM-CSR-solve-only,cuSPARSE-SpMM-CSR-best-solve-only,cuSPARSE CUDA 13.4.1 CSR PER MATRIX BEST,per-matrix-best,cuSPARSE-SpMM-CSR,best,solve-only,"csr-alg1,csr-alg2,csr-alg3,csr-default",manual-selection,csr,CUSPARSE_SPMM_CSR_ALG1,library-preprocess,spmm.csr.fp64,fp64,A100-SXM4-80GB,A100-SXM4-80GB,,9700.0,df7f742d-c1c4-51c9-b7da-d151d8293f2c,suitesparse_all,Schenk_IBMNA/c-48,c-48,18354,18354,166080,4,row-major,N,N,1.0,0.0,20260922,main,pass,pass,0,0,1328640.0,0.06921,0.023112000525,0.092322000525,0.026572500525,57.4870184241656,14.391369255914421,50.00056350549268,0.592649674475934,0.14836463150427237,0.5154697268607493,cuSPARSE 12.8.6,CUDA,13040,13000,2026-10-08T17:47:20.629287+00:00,derived,csr-alg1,0,0,,,,5,20,4,true
3,A100-SXM4-80GB-suitesparse_all-fp64-n4-row-major-cuSPARSE-SpMM-CSR-solve-only,cuSPARSE-SpMM-CSR-best-solve-only,cuSPARSE CUDA 13.4.1 CSR PER MATRIX BEST,per-matrix-best,cuSPARSE-SpMM-CSR,best,solve-only,"csr-alg1,csr-alg2,csr-alg3,csr-default",manual-selection,csr,CUSPARSE_SPMM_CSR_ALG1,library-preprocess,spmm.csr.fp64,fp64,A100-SXM4-80GB,A100-SXM4-80GB,,9700.0,0edb0287-e1df-52fd-b14b-f9e504b96222,suitesparse_all,Schenk_IBMNA/c-50,c-50,22401,22401,193625,4,row-major,N,N,1.0,0.0,20260922,main,pass,pass,0,0,1549000.0,0.06031,0.0300543993711,0.0903643993711,0.0330698993711,51.53987543965036,17.14170636644983,46.8401788169238,0.5313389220582512,0.17671862233453436,0.48288844141158555,cuSPARSE 12.8.6,CUDA,13040,13000,2026-10-07T15:39:54.871599+00:00,derived,csr-alg1,0,0,,,,5,20,4,true
3,A100-SXM4-80GB-suitesparse_all-fp64-n4-row-major-cuSPARSE-SpMM-CSR-solve-only,cuSPARSE-SpMM-CSR-best-solve-only,cuSPARSE CUDA 13.4.1 CSR PER MATRIX BEST,per-matrix-best,cuSPARSE-SpMM-CSR,best,solve-only,"csr-alg1,csr-alg2,csr-alg3,csr-default",manual-selection,csr,CUSPARSE_SPMM_CSR_ALG3,library-preprocess,spmm.csr.fp64,fp64,A100-SXM4-80GB,A100-SXM4-80GB,,9700.0,1cb4d392-df77-5092-a407-ab8ee1286933,suitesparse_all,Schenk_IBMNA/c-56,c-56,35910,35910,380900,4,row-major,N,N,1.0,0.0,20260922,main,pass,pass,0,0,3047200.0,51.65417,0.0340479999781,51.688218,2.61675649998,89.49718050869326,0.058953473691045026,1.1644950533315919,0.922651345450446,0.0006077677700107734,0.012005103642593731,cuSPARSE 12.8.6,CUDA,13040,13000,2026-10-08T01:04:37.222967+00:00,derived,csr-alg3,0,0,,,,5,20,4,true
3,A100-SXM4-80GB-suitesparse_all-fp64-n4-row-major-cuSPARSE-SpMM-CSR-solve-only,cuSPARSE-SpMM-CSR-best-solve-only,cuSPARSE CUDA 13.4.1 CSR PER MATRIX BEST,per-matrix-best,cuSPARSE-SpMM-CSR,best,solve-only,"csr-alg1,csr-alg2,csr-alg3,csr-default",manual-selection,csr,CUSPARSE_SPMM_CSR_ALG1,library-preprocess,spmm.csr.fp64,fp64,A100-SXM4-80GB,A100-SXM4-80GB,,9700.0,df7f742d-c1c4-51c9-b7da-d151d8293f2c,suitesparse_all,Schenk_IBMNA/c-57,c-57,37833,37833,405197,4,row-major,N,N,1.0,0.0,20260922,main,pass,pass,0,0,3241576.0,0.09071,0.0446096003056,0.135319600306,0.0491451003056,72.66543474484064,23.954962863249534,65.9592915640184,0.7491281932457797,0.24695838003350035,0.6799926965362721,cuSPARSE 12.8.6,CUDA,13040,13000,2026-10-08T17:47:22.793962+00:00,derived,csr-alg1,0,0,,,,5,20,4,true
3,A100-SXM4-80GB-suitesparse_all-fp64-n4-row-major-cuSPARSE-SpMM-CSR-solve-only,cuSPARSE-SpMM-CSR-best-solve-only,cuSPARSE CUDA 13.4.1 CSR PER MATRIX BEST,per-matrix-best,cuSPARSE-SpMM-CSR,best,solve-only,"csr-alg1,csr-alg2,csr-alg3,csr-default",manual-selection,csr,CUSPARSE_SPMM_CSR_ALG3,library-preprocess,spmm.csr.fp64,fp64,A100-SXM4-80GB,A100-SXM4-80GB,,9700.0,0edb0287-e1df-52fd-b14b-f9e504b96222,suitesparse_all,Schenk_IBMNA/c-61,c-61,43618,43618,310016,4,row-major,N,N,1.0,0.0,20260922,main,pass,pass,0,0,2480128.0,55.007052,0.0335871994495,55.0406391994,2.78393979945,73.8414646249085,0.04505994181889944,0.8908698386689174,0.7612522126279226,0.00046453548266906636,0.009184225140916675,cuSPARSE 12.8.6,CUDA,13040,13000,2026-10-07T20:12:07.998395+00:00,derived,csr-alg3,0,0,,,,5,20,4,true
3,A100-SXM4-80GB-suitesparse_all-fp64-n4-row-major-cuSPARSE-SpMM-CSR-solve-only,cuSPARSE-SpMM-CSR-best-solve-only,cuSPARSE CUDA 13.4.1 CSR PER MATRIX BEST,per-matrix-best,cuSPARSE-SpMM-CSR,best,solve-only,"csr-alg1,csr-alg2,csr-alg3,csr-default",manual-selection,csr,CUSPARSE_SPMM_CSR_ALG3,library-preprocess,spmm.csr.fp64,fp64,A100-SXM4-80GB,A100-SXM4-80GB,,9700.0,1cb4d392-df77-5092-a407-ab8ee1286933,suitesparse_all,Schenk_IBMNA/c-64,c-64,51035,51035,717841,4,row-major,N,N,1.0,0.0,20260922,main,pass,pass,0,0,5742728.0,52.848961,0.041984000802,52.8909450008,2.6844320508,136.78372452123315,0.10857677055898961,2.1392711349458757,1.41014148990962,0.0011193481500926764,0.02205434159738016,cuSPARSE 12.8.6,CUDA,13040,13000,2026-10-08T00:58:23.177969+00:00,derived,csr-alg3,0,0,,,,5,20,4,true
3,A100-SXM4-80GB-suitesparse_all-fp64-n4-row-major-cuSPARSE-SpMM-CSR-solve-only,cuSPARSE-SpMM-CSR-best-solve-only,cuSPARSE CUDA 13.4.1 CSR PER MATRIX BEST,per-matrix-best,cuSPARSE-SpMM-CSR,best,solve-only,"csr-alg1,csr-alg2,csr-alg3,csr-default",manual-selection,csr,CUSPARSE_SPMM_CSR_ALG3,library-preprocess,spmm.csr.fp64,fp64,A100-SXM4-80GB,A100-SXM4-80GB,,9700.0,df7f742d-c1c4-51c9-b7da-d151d8293f2c,suitesparse_all,Schenk_IBMNA/c-66,c-66,49989,49989,499007,4,row-major,N,N,1.0,0.0,20260922,main,pass,pass,0,0,3992056.0,55.133912,0.034355199337,55.1682671993,2.79105079934,116.19947131846853,0.07236145347067659,1.4303057475499914,1.1979326940048303,0.0007459943656770783,0.014745420077834963,cuSPARSE 12.8.6,CUDA,13040,13000,2026-10-08T22:51:15.839751+00:00,derived,csr-alg3,0,0,,,,5,20,4,true
3,A100-SXM4-80GB-suitesparse_all-fp64-n4-row-major-cuSPARSE-SpMM-CSR-solve-only,cuSPARSE-SpMM-CSR-best-solve-only,cuSPARSE CUDA 13.4.1 CSR PER MATRIX BEST,per-matrix-best,cuSPARSE-SpMM-CSR,best,solve-only,"csr-alg1,csr-alg2,csr-alg3,csr-default",manual-selection,csr,CUSPARSE_SPMM_CSR_ALG1,library-preprocess,spmm.csr.fp64,fp64,A100-SXM4-80GB,A100-SXM4-80GB,,9700.0,0edb0287-e1df-52fd-b14b-f9e504b96222,suitesparse_all,Schenk_IBMNA/c-73,c-73,169422,169422,1279274,4,row-major,N,N,1.0,0.0,20260922,main,pass,pass,0,0,10234192.0,0.115011,0.127334403992,0.242345403992,0.133084953992,80.37255980436349,42.22977548333385,76.89969221175218,0.8285830907666338,0.4353585101374624,0.7927803320799194,cuSPARSE 12.8.6,CUDA,13040,13000,2026-10-07T15:33:31.707511+00:00,derived,csr-alg1,0,0,,,,5,20,4,true
3,A100-SXM4-80GB-suitesparse_all-fp64-n4-row-major-cuSPARSE-SpMM-CSR-solve-only,cuSPARSE-SpMM-CSR-best-solve-only,cuSPARSE CUDA 13.4.1 CSR PER MATRIX BEST,per-matrix-best,cuSPARSE-SpMM-CSR,best,solve-only,"csr-alg1,csr-alg2,csr-alg3,csr-default",manual-selection,csr,CUSPARSE_SPMM_CSR_ALG1,library-preprocess,spmm.csr.fp64,fp64,A100-SXM4-80GB,A100-SXM4-80GB,,9700.0,1cb4d392-df77-5092-a407-ab8ee1286933,suitesparse_all,Schenk_IBMNA/c-73b,c-73b,169422,169422,1279274,4,row-major,N,N,1.0,0.0,20260922,main,pass,pass,0,0,10234192.0,0.29391,0.104345595837,0.398255595837,0.119041095837,98.07976961468505,25.697547271096475,85.9719236289073,1.011131645512217,0.26492316774326263,0.886308491019663,cuSPARSE 12.8.6,CUDA,13040,13000,2026-10-07T20:49:53.750388+00:00,derived,csr-alg1,0,0,,,,5,20,4,true
3,A100-SXM4-80GB-suitesparse_all-fp64-n4-row-major-cuSPARSE-SpMM-CSR-solve-only,cuSPARSE-SpMM-CSR-best-solve-only,cuSPARSE CUDA 13.4.1 CSR PER MATRIX BEST,per-matrix-best,cuSPARSE-SpMM-CSR,best,solve-only,"csr-alg1,csr-alg2,csr-alg3,csr-default",manual-selection,csr,CUSPARSE_SPMM_CSR_ALG3,library-preprocess,spmm.csr.fp64,fp64,A100-SXM4-80GB,A100-SXM4-80GB,,9700.0,1cb4d392-df77-5092-a407-ab8ee1286933,suitesparse_all,Schenk_IBMSDS/ibm_matrix_2,ibm_matrix_2,51448,51448,1056610,4,row-major,N,N,1.0,0.0,20260922,main,pass,pass,0,0,8452880.0,51.784621,0.038604798913,51.8232257989,2.62783584891,218.95930656314155,0.16310987727397358,3.216669718356331,2.2573124387952737,0.00168154512653581,0.03316154348820959,cuSPARSE 12.8.6,CUDA,13040,13000,2026-10-08T00:58:26.995749+00:00,derived,csr-alg3,0,0,,,,5,20,4,true
3,A100-SXM4-80GB-suitesparse_all-fp64-n4-row-major-cuSPARSE-SpMM-CSR-solve-only,cuSPARSE-SpMM-CSR-best-solve-only,cuSPARSE CUDA 13.4.1 CSR PER MATRIX BEST,per-matrix-best,cuSPARSE-SpMM-CSR,best,solve-only,"csr-alg1,csr-alg2,csr-alg3,csr-default",manual-selection,csr,CUSPARSE_SPMM_CSR_ALG3,library-preprocess,spmm.csr.fp64,fp64,A100-SXM4-80GB,A100-SXM4-80GB,,9700.0,df7f742d-c1c4-51c9-b7da-d151d8293f2c,suitesparse_all,Schenk_IBMSDS/matrix_9,matrix_9,103430,103430,2121550,4,row-major,N,N,1.0,0.0,20260922,main,pass,pass,0,0,16972400.0,56.980303,0.10035200119,57.0806550012,2.94936715119,169.12866508626524,0.297340666459472,5.75459043583368,1.7435944854254148,0.003065367695458474,0.0593256745962235,cuSPARSE 12.8.6,CUDA,13040,13000,2026-10-08T22:51:23.399783+00:00,derived,csr-alg3,0,0,,,,5,20,4,true
3,A100-SXM4-80GB-suitesparse_all-fp64-n4-row-major-cuSPARSE-SpMM-CSR-solve-only,cuSPARSE-SpMM-CSR-best-solve-only,cuSPARSE CUDA 13.4.1 CSR PER MATRIX BEST,per-matrix-best,cuSPARSE-SpMM-CSR,best,solve-only,"csr-alg1,csr-alg2,csr-alg3,csr-default",manual-selection,csr,CUSPARSE_SPMM_CSR_ALG3,library-preprocess,spmm.csr.fp64,fp64,A100-SXM4-80GB,A100-SXM4-80GB,,9700.0,0edb0287-e1df-52fd-b14b-f9e504b96222,suitesparse_all,Schenk_ISEI/barrier2-10,barrier2-10,115625,115625,3897557,4,row-major,N,N,1.0,0.0,20260922,main,pass,pass,0,0,31180456.0,63.542346,0.166758394241,63.7091043942,3.34387569424,186.97982876314975,0.4894191543970069,9.324645666018615,1.9276271006510284,0.005045558292752649,0.09613036769091356,cuSPARSE 12.8.6,CUDA,13040,13000,2026-10-07T20:05:50.198289+00:00,derived,csr-alg3,0,0,,,,5,20,4,true
3,A100-SXM4-80GB-suitesparse_all-fp64-n4-row-major-cuSPARSE-SpMM-CSR-solve-only,cuSPARSE-SpMM-CSR-best-solve-only,cuSPARSE CUDA 13.4.1 CSR PER MATRIX BEST,per-matrix-best,cuSPARSE-SpMM-CSR,best,solve-only,"csr-alg1,csr-alg2,csr-alg3,csr-default",manual-selection,csr,CUSPARSE_SPMM_CSR_ALG3,library-preprocess,spmm.csr.fp64,fp64,A100-SXM4-80GB,A100-SXM4-80GB,,9700.0,1cb4d392-df77-5092-a407-ab8ee1286933,suitesparse_all,Schenk_ISEI/barrier2-3,barrier2-3,113076,113076,3805068,4,row-major,N,N,1.0,0.0,20260922,main,pass,pass,0,0,30440544.0,58.807093,0.165273594856,58.9723665949,3.10562824486,184.18274272137856,0.5161831847296515,9.801734657192442,1.8987911620760676,0.005321476131233521,0.10104881089889116,cuSPARSE 12.8.6,CUDA,13040,13000,2026-10-08T00:58:38.851981+00:00,derived,csr-alg3,0,0,,,,5,20,4,true
3,A100-SXM4-80GB-suitesparse_all-fp64-n4-row-major-cuSPARSE-SpMM-CSR-solve-only,cuSPARSE-SpMM-CSR-best-solve-only,cuSPARSE CUDA 13.4.1 CSR PER MATRIX BEST,per-matrix-best,cuSPARSE-SpMM-CSR,best,solve-only,"csr-alg1,csr-alg2,csr-alg3,csr-default",manual-selection,csr,CUSPARSE_SPMM_CSR_ALG3,library-preprocess,spmm.csr.fp64,fp64,A100-SXM4-80GB,A100-SXM4-80GB,,9700.0,df7f742d-c1c4-51c9-b7da-d151d8293f2c,suitesparse_all,Schenk_ISEI/barrier2-4,barrier2-4,113076,113076,3805068,4,row-major,N,N,1.0,0.0,20260922,main,pass,pass,0,0,30440544.0,56.407183,0.163942396641,56.5711253966,2.98430154664,185.6782908124645,0.5380933079657192,10.20022391312056,1.9142091836336546,0.005547353690368239,0.10515694755794391,cuSPARSE 12.8.6,CUDA,13040,13000,2026-10-08T22:51:34.596850+00:00,derived,csr-alg3,0,0,,,,5,20,4,true
3,A100-SXM4-80GB-suitesparse_all-fp64-n4-row-major-cuSPARSE-SpMM-CSR-solve-only,cuSPARSE-SpMM-CSR-best-solve-only,cuSPARSE CUDA 13.4.1 CSR PER MATRIX BEST,per-matrix-best,cuSPARSE-SpMM-CSR,best,solve-only,"csr-alg1,csr-alg2,csr-alg3,csr-default",manual-selection,csr,CUSPARSE_SPMM_CSR_ALG3,library-preprocess,spmm.csr.fp64,fp64,A100-SXM4-80GB,A100-SXM4-80GB,,9700.0,0edb0287-e1df-52fd-b14b-f9e504b96222,suitesparse_all,Schenk_ISEI/igbt3,igbt3,10938,10938,234006,4,row-major,N,N,1.0,0.0,20260922,main,pass,pass,0,0,1872048.0,55.050922,0.0128575995564,55.0637795996,2.76540369956,145.59856151906436,0.03399781151262634,0.6769528804412387,1.5010160981346843,0.00035049290219202415,0.006978895674651946,cuSPARSE 12.8.6,CUDA,13040,13000,2026-10-07T20:05:51.673886+00:00,derived,csr-alg3,0,0,,,,5,20,4,true
3,A100-SXM4-80GB-suitesparse_all-fp64-n4-row-major-cuSPARSE-SpMM-CSR-solve-only,cuSPARSE-SpMM-CSR-best-solve-only,cuSPARSE CUDA 13.4.1 CSR PER MATRIX BEST,per-matrix-best,cuSPARSE-SpMM-CSR,best,solve-only,"csr-alg1,csr-alg2,csr-alg3,csr-default",manual-selection,csr,CUSPARSE_SPMM_CSR_ALG3,library-preprocess,spmm.csr.fp64,fp64,A100-SXM4-80GB,A100-SXM4-80GB,,9700.0,1cb4d392-df77-5092-a407-ab8ee1286933,suitesparse_all,Schenk_ISEI/para-5,para-5,155924,155924,5416358,4,row-major,N,N,1.0,0.0,20260922,main,pass,pass,0,0,43330864.0,58.912494,0.210841608047,59.123335608,3.15646630805,205.513818649784,0.7328893668532613,13.727649773891905,2.1186991613379793,0.0075555604830233125,0.14152216261744233,cuSPARSE 12.8.6,CUDA,13040,13000,2026-10-08T00:58:55.561393+00:00,derived,csr-alg3,0,0,,,,5,20,4,true
3,A100-SXM4-80GB-suitesparse_all-fp64-n4-row-major-cuSPARSE-SpMM-CSR-solve-only,cuSPARSE-SpMM-CSR-best-solve-only,cuSPARSE CUDA 13.4.1 CSR PER MATRIX BEST,per-matrix-best,cuSPARSE-SpMM-CSR,best,solve-only,"csr-alg1,csr-alg2,csr-alg3,csr-default",manual-selection,csr,CUSPARSE_SPMM_CSR_ALG3,library-preprocess,spmm.csr.fp64,fp64,A100-SXM4-80GB,A100-SXM4-80GB,,9700.0,df7f742d-c1c4-51c9-b7da-d151d8293f2c,suitesparse_all,Schenk_ISEI/para-6,para-6,155924,155924,5416358,4,row-major,N,N,1.0,0.0,20260922,main,pass,pass,0,0,43330864.0,55.506143,0.238592004776,55.7447350048,3.01389915478,181.610712566336,0.7773086372420448,14.377011895463683,1.8722753872818143,0.008013491105588091,0.14821661747900705,cuSPARSE 12.8.6,CUDA,13040,13000,2026-10-08T22:51:49.355313+00:00,derived,csr-alg3,0,0,,,,5,20,4,true
3,A100-SXM4-80GB-suitesparse_all-fp64-n4-row-major-cuSPARSE-SpMM-CSR-solve-only,cuSPARSE-SpMM-CSR-best-solve-only,cuSPARSE CUDA 13.4.1 CSR PER MATRIX BEST,per-matrix-best,cuSPARSE-SpMM-CSR,best,solve-only,"csr-alg1,csr-alg2,csr-alg3,csr-default",manual-selection,csr,CUSPARSE_SPMM_CSR_ALG3,library-preprocess,spmm.csr.fp64,fp64,A100-SXM4-80GB,A100-SXM4-80GB,,9700.0,0edb0287-e1df-52fd-b14b-f9e504b96222,suitesparse_all,Schenk_ISEI/para-8,para-8,155924,155924,5416358,4,row-major,N,N,1.0,0.0,20260922,main,pass,pass,0,0,43330864.0,57.404713,0.238432002068,57.6431450021,3.10866765207,181.7325846538091,0.7517088805342147,13.93872515485753,1.873531800554733,0.0077495760879815944,0.14369819747275803,cuSPARSE 12.8.6,CUDA,13040,13000,2026-10-07T20:06:08.686557+00:00,derived,csr-alg3,0,0,,,,5,20,4,true
3,A100-SXM4-80GB-suitesparse_all-fp64-n4-row-major-cuSPARSE-SpMM-CSR-solve-only,cuSPARSE-SpMM-CSR-best-solve-only,cuSPARSE CUDA 13.4.1 CSR PER MATRIX BEST,per-matrix-best,cuSPARSE-SpMM-CSR,best,solve-only,"csr-alg1,csr-alg2,csr-alg3,csr-default",manual-selection,csr,CUSPARSE_SPMM_CSR_ALG3,library-preprocess,spmm.csr.fp64,fp64,A100-SXM4-80GB,A100-SXM4-80GB,,9700.0,1cb4d392-df77-5092-a407-ab8ee1286933,suitesparse_all,Schenk/nlpkkt120,nlpkkt120,3542400,3542400,96845792,4,row-major,N,N,1.0,0.0,20260922,main,pass,pass,0,0,774766336.0,56.461032,3.95371513367,60.4147471337,6.77676673367,195.95906882669877,12.824126107577912,114.32684146417719,2.0201965858422555,0.13220748564513313,1.1786272315894555,cuSPARSE 12.8.6,CUDA,13040,13000,2026-10-08T01:14:41.329400+00:00,derived,csr-alg3,0,0,,,,5,20,4,true
3,A100-SXM4-80GB-suitesparse_all-fp64-n4-row-major-cuSPARSE-SpMM-CSR-solve-only,cuSPARSE-SpMM-CSR-best-solve-only,cuSPARSE CUDA 13.4.1 CSR PER MATRIX BEST,per-matrix-best,cuSPARSE-SpMM-CSR,best,solve-only,"csr-alg1,csr-alg2,csr-alg3,csr-default",manual-selection,csr,CUSPARSE_SPMM_CSR_ALG3,library-preprocess,spmm.csr.fp64,fp64,A100-SXM4-80GB,A100-SXM4-80GB,,9700.0,df7f742d-c1c4-51c9-b7da-d151d8293f2c,suitesparse_all,Schenk/nlpkkt160,nlpkkt160,8345600,8345600,229518112,4,row-major,N,N,1.0,0.0,20260922,main,pass,pass,0,0,1836144896.0,71.564628,8.1154045105,79.6800325105,11.6936359105,226.25426663875228,23.043977746344897,157.02087101508616,2.3325182127706423,0.23756678089015357,1.6187718661349086,cuSPARSE 12.8.6,CUDA,13040,13000,2026-10-08T23:11:36.277470+00:00,derived,csr-alg3,0,0,,,,5,20,4,true
3,A100-SXM4-80GB-suitesparse_all-fp64-n4-row-major-cuSPARSE-SpMM-CSR-solve-only,cuSPARSE-SpMM-CSR-best-solve-only,cuSPARSE CUDA 13.4.1 CSR PER MATRIX BEST,per-matrix-best,cuSPARSE-SpMM-CSR,best,solve-only,"csr-alg1,csr-alg2,csr-alg3,csr-default",manual-selection,csr,CUSPARSE_SPMM_CSR_ALG1,library-preprocess,spmm.csr.fp64,fp64,A100-SXM4-80GB,A100-SXM4-80GB,,9700.0,0edb0287-e1df-52fd-b14b-f9e504b96222,suitesparse_all,Schulthess/N_pid,N_pid,3625,3923,8054,4,row-major,N,N,1.0,0.0,20260922,main,pass,pass,0,0,64432.0,0.05486,0.0171008005738,0.0719608005738,0.0198438005738,3.7677768196838546,0.8953763644405434,3.246958653931965,0.038843059996740766,0.009230684169490138,0.03347380055599964,cuSPARSE 12.8.6,CUDA,13040,13000,2026-10-07T16:54:49.399616+00:00,derived,csr-alg1,0,0,,,,5,20,4,true
3,A100-SXM4-80GB-suitesparse_all-fp64-n4-row-major-cuSPARSE-SpMM-CSR-solve-only,cuSPARSE-SpMM-CSR-best-solve-only,cuSPARSE CUDA 13.4.1 CSR PER MATRIX BEST,per-matrix-best,cuSPARSE-SpMM-CSR,best,solve-only,"csr-alg1,csr-alg2,csr-alg3,csr-default",manual-selection,csr,CUSPARSE_SPMM_CSR_ALG1,library-preprocess,spmm.csr.fp64,fp64,A100-SXM4-80GB,A100-SXM4-80GB,,9700.0,1cb4d392-df77-5092-a407-ab8ee1286933,suitesparse_all,Shen/shermanACd,shermanACd,6136,6136,53329,4,row-major,N,N,1.0,0.0,20260922,main,pass,pass,0,0,426632.0,0.06278,0.0186368003488,0.0814168003488,0.0217758003488,22.89191234628804,5.240097844330088,19.59202385980318,0.23599909635348498,0.054021627261134936,0.20197962742065134,cuSPARSE 12.8.6,CUDA,13040,13000,2026-10-07T20:41:57.742223+00:00,derived,csr-alg1,0,0,,,,5,20,4,true
3,A100-SXM4-80GB-suitesparse_all-fp64-n4-row-major-cuSPARSE-SpMM-CSR-solve-only,cuSPARSE-SpMM-CSR-best-solve-only,cuSPARSE CUDA 13.4.1 CSR PER MATRIX BEST,per-matrix-best,cuSPARSE-SpMM-CSR,best,solve-only,"csr-alg1,csr-alg2,csr-alg3,csr-default",manual-selection,csr,CUSPARSE_SPMM_CSR_ALG3,library-preprocess,spmm.csr.fp64,fp64,A100-SXM4-80GB,A100-SXM4-80GB,,9700.0,0edb0287-e1df-52fd-b14b-f9e504b96222,suitesparse_all,Shyy/shyy161,shyy161,76480,76480,329762,4,row-major,N,N,1.0,0.0,20260922,main,pass,pass,0,0,2638096.0,51.395811,0.0357888013124,51.4315998013,2.60557935131,73.71289071606766,0.0512932907043914,1.0124796232644582,0.7599267084130686,0.0005287968113854783,0.010437934260458331,cuSPARSE 12.8.6,CUDA,13040,13000,2026-10-07T20:03:36.942808+00:00,derived,csr-alg3,0,0,,,,5,20,4,true
3,A100-SXM4-80GB-suitesparse_all-fp64-n4-row-major-cuSPARSE-SpMM-CSR-solve-only,cuSPARSE-SpMM-CSR-best-solve-only,cuSPARSE CUDA 13.4.1 CSR PER MATRIX BEST,per-matrix-best,cuSPARSE-SpMM-CSR,best,solve-only,"csr-alg1,csr-alg2,csr-alg3,csr-default",manual-selection,csr,CUSPARSE_SPMM_CSR_ALG3,library-preprocess,spmm.csr.fp64,fp64,A100-SXM4-80GB,A100-SXM4-80GB,,9700.0,1cb4d392-df77-5092-a407-ab8ee1286933,suitesparse_all,Simon/raefsky1,raefsky1,3242,3242,294276,4,row-major,N,N,1.0,0.0,20260922,main,pass,pass,0,0,2354208.0,48.767439,0.0121344000101,48.7795734,2.45050635001,194.01107578788304,0.04826216868883072,0.9607026727314512,2.0001141833802376,0.0004975481308126878,0.009904151265272693,cuSPARSE 12.8.6,CUDA,13040,13000,2026-10-08T00:57:01.966672+00:00,derived,csr-alg3,0,0,,,,5,20,4,true
3,A100-SXM4-80GB-suitesparse_all-fp64-n4-row-major-cuSPARSE-SpMM-CSR-solve-only,cuSPARSE-SpMM-CSR-best-solve-only,cuSPARSE CUDA 13.4.1 CSR PER MATRIX BEST,per-matrix-best,cuSPARSE-SpMM-CSR,best,solve-only,"csr-alg1,csr-alg2,csr-alg3,csr-default",manual-selection,csr,CUSPARSE_SPMM_CSR_ALG3,library-preprocess,spmm.csr.fp64,fp64,A100-SXM4-80GB,A100-SXM4-80GB,,9700.0,df7f742d-c1c4-51c9-b7da-d151d8293f2c,suitesparse_all,Simon/raefsky2,raefsky2,3242,3242,294276,4,row-major,N,N,1.0,0.0,20260922,main,pass,pass,0,0,2354208.0,50.80332,0.014521600306,50.8178416003,2.55468760031,162.11766956754028,0.046326406747391295,0.9215248078529553,1.6713161811086625,0.0004775918221380546,0.009500255751061394,cuSPARSE 12.8.6,CUDA,13040,13000,2026-10-08T22:49:13.564754+00:00,derived,csr-alg3,0,0,,,,5,20,4,true
3,A100-SXM4-80GB-suitesparse_all-fp64-n4-row-major-cuSPARSE-SpMM-CSR-solve-only,cuSPARSE-SpMM-CSR-best-solve-only,cuSPARSE CUDA 13.4.1 CSR PER MATRIX BEST,per-matrix-best,cuSPARSE-SpMM-CSR,best,solve-only,"csr-alg1,csr-alg2,csr-alg3,csr-default",manual-selection,csr,CUSPARSE_SPMM_CSR_ALG3,library-preprocess,spmm.csr.fp64,fp64,A100-SXM4-80GB,A100-SXM4-80GB,,9700.0,0edb0287-e1df-52fd-b14b-f9e504b96222,suitesparse_all,Simon/raefsky4,raefsky4,19779,19779,1328611,4,row-major,N,N,1.0,0.0,20260922,main,pass,pass,0,0,10628888.0,51.991801,0.0370175987482,52.0288185987,2.63660764875,287.130671881218,0.20428847485431034,4.03127405210976,2.960110019394,0.0021060667510753644,0.04155952631040989,cuSPARSE 12.8.6,CUDA,13040,13000,2026-10-07T20:03:40.460868+00:00,derived,csr-alg3,0,0,,,,5,20,4,true
3,A100-SXM4-80GB-suitesparse_all-fp64-n4-row-major-cuSPARSE-SpMM-CSR-solve-only,cuSPARSE-SpMM-CSR-best-solve-only,cuSPARSE CUDA 13.4.1 CSR PER MATRIX BEST,per-matrix-best,cuSPARSE-SpMM-CSR,best,solve-only,"csr-alg1,csr-alg2,csr-alg3,csr-default",manual-selection,csr,CUSPARSE_SPMM_CSR_ALG3,library-preprocess,spmm.csr.fp64,fp64,A100-SXM4-80GB,A100-SXM4-80GB,,9700.0,1cb4d392-df77-5092-a407-ab8ee1286933,suitesparse_all,Simon/venkat50,venkat50,62424,62424,1717792,4,row-major,N,N,1.0,0.0,20260922,main,pass,pass,0,0,13742336.0,49.13577,0.0625663995743,49.1983363996,2.51935489957,219.64402768103105,0.27932521718583414,5.454704298447798,2.2643714193920728,0.00287964141428695,0.05623406493245152,cuSPARSE 12.8.6,CUDA,13040,13000,2026-10-08T00:57:07.170772+00:00,derived,csr-alg3,0,0,,,,5,20,4,true
3,A100-SXM4-80GB-suitesparse_all-fp64-n4-row-major-cuSPARSE-SpMM-CSR-solve-only,cuSPARSE-SpMM-CSR-best-solve-only,cuSPARSE CUDA 13.4.1 CSR PER MATRIX BEST,per-matrix-best,cuSPARSE-SpMM-CSR,best,solve-only,"csr-alg1,csr-alg2,csr-alg3,csr-default",manual-selection,csr,CUSPARSE_SPMM_CSR_ALG3,library-preprocess,spmm.csr.fp64,fp64,A100-SXM4-80GB,A100-SXM4-80GB,,9700.0,0edb0287-e1df-52fd-b14b-f9e504b96222,suitesparse_all,Sinclair/3Dspectralwave2,3Dspectralwave2,292008,292008,14322744,4,row-major,N,N,1.0,0.0,20260922,main,pass,pass,0,0,114581952.0,57.113573,0.550911998749,57.6644849987,3.40659064875,207.98594378084053,1.9870454405789484,33.63537442987,2.1441849874313457,0.020485004542051016,0.34675643742134016,cuSPARSE 12.8.6,CUDA,13040,13000,2026-10-07T20:15:15.178407+00:00,derived,csr-alg3,0,0,,,,5,20,4,true
3,A100-SXM4-80GB-suitesparse_all-fp64-n4-row-major-cuSPARSE-SpMM-CSR-solve-only,cuSPARSE-SpMM-CSR-best-solve-only,cuSPARSE CUDA 13.4.1 CSR PER MATRIX BEST,per-matrix-best,cuSPARSE-SpMM-CSR,best,solve-only,"csr-alg1,csr-alg2,csr-alg3,csr-default",manual-selection,csr,CUSPARSE_SPMM_CSR_ALG1,library-preprocess,spmm.csr.fp64,fp64,A100-SXM4-80GB,A100-SXM4-80GB,,9700.0,0edb0287-e1df-52fd-b14b-f9e504b96222,suitesparse_all,SNAP/amazon0312,amazon0312,400727,400727,3200440,4,row-major,N,N,1.0,0.0,20260922,main,pass,pass,0,0,25603520.0,0.1243,0.243814396858,0.368114396858,0.250029396858,105.01233860653336,69.5531612415489,102.40203880722508,1.0826014289333337,0.7170428993974114,1.05569112172397,cuSPARSE 12.8.6,CUDA,13040,13000,2026-10-07T16:11:34.596349+00:00,derived,csr-alg1,0,0,,,,5,20,4,true
3,A100-SXM4-80GB-suitesparse_all-fp64-n4-row-major-cuSPARSE-SpMM-CSR-solve-only,cuSPARSE-SpMM-CSR-best-solve-only,cuSPARSE CUDA 13.4.1 CSR PER MATRIX BEST,per-matrix-best,cuSPARSE-SpMM-CSR,best,solve-only,"csr-alg1,csr-alg2,csr-alg3,csr-default",manual-selection,csr,CUSPARSE_SPMM_CSR_ALG1,library-preprocess,spmm.csr.fp64,fp64,A100-SXM4-80GB,A100-SXM4-80GB,,9700.0,0edb0287-e1df-52fd-b14b-f9e504b96222,suitesparse_all,SNAP/as-Skitter,as-Skitter,1696415,1696415,22190596,4,row-major,N,N,1.0,0.0,20260922,main,pass,pass,0,0,177524768.0,0.35959,1.34794244766,1.70753244766,1.36592194766,131.70055465511848,103.96567763223456,129.9669928462038,1.3577376768568916,1.0718111096106657,1.339865905630967,cuSPARSE 12.8.6,CUDA,13040,13000,2026-10-07T16:12:48.381432+00:00,derived,csr-alg1,0,0,,,,5,20,4,true
3,A100-SXM4-80GB-suitesparse_all-fp64-n4-row-major-cuSPARSE-SpMM-CSR-solve-only,cuSPARSE-SpMM-CSR-best-solve-only,cuSPARSE CUDA 13.4.1 CSR PER MATRIX BEST,per-matrix-best,cuSPARSE-SpMM-CSR,best,solve-only,"csr-alg1,csr-alg2,csr-alg3,csr-default",manual-selection,csr,CUSPARSE_SPMM_CSR_ALG1,library-preprocess,spmm.csr.fp64,fp64,A100-SXM4-80GB,A100-SXM4-80GB,,9700.0,df7f742d-c1c4-51c9-b7da-d151d8293f2c,suitesparse_all,SNAP/ca-AstroPh,ca-AstroPh,18772,18772,396160,4,row-major,N,N,1.0,0.0,20260922,main,pass,pass,0,0,3169280.0,0.10992,0.0326144009829,0.142534400983,0.0381104009829,97.17425138857156,22.235193596372557,83.16049997537534,1.001796406067748,0.2292287999626037,0.8573247420141789,cuSPARSE 12.8.6,CUDA,13040,13000,2026-10-08T18:06:23.163904+00:00,derived,csr-alg1,0,0,,,,5,20,4,true
3,A100-SXM4-80GB-suitesparse_all-fp64-n4-row-major-cuSPARSE-SpMM-CSR-solve-only,cuSPARSE-SpMM-CSR-best-solve-only,cuSPARSE CUDA 13.4.1 CSR PER MATRIX BEST,per-matrix-best,cuSPARSE-SpMM-CSR,best,solve-only,"csr-alg1,csr-alg2,csr-alg3,csr-default",manual-selection,csr,CUSPARSE_SPMM_CSR_ALG3,library-preprocess,spmm.csr.fp64,fp64,A100-SXM4-80GB,A100-SXM4-80GB,,9700.0,0edb0287-e1df-52fd-b14b-f9e504b96222,suitesparse_all,SNAP/ca-GrQc,ca-GrQc,5242,5242,28980,4,row-major,N,N,1.0,0.0,20260922,main,pass,pass,0,0,231840.0,53.600802,0.0118271999061,53.6126291999,2.69186729991,19.602272882901566,0.004324354232573851,0.08612608801620769,0.2020852874525935,4.458097146983351e-05,0.0008878978146000794,cuSPARSE 12.8.6,CUDA,13040,13000,2026-10-07T20:43:32.727168+00:00,derived,csr-alg3,0,0,,,,5,20,4,true
3,A100-SXM4-80GB-suitesparse_all-fp64-n4-row-major-cuSPARSE-SpMM-CSR-solve-only,cuSPARSE-SpMM-CSR-best-solve-only,cuSPARSE CUDA 13.4.1 CSR PER MATRIX BEST,per-matrix-best,cuSPARSE-SpMM-CSR,best,solve-only,"csr-alg1,csr-alg2,csr-alg3,csr-default",manual-selection,csr,CUSPARSE_SPMM_CSR_ALG1,library-preprocess,spmm.csr.fp64,fp64,A100-SXM4-80GB,A100-SXM4-80GB,,9700.0,1cb4d392-df77-5092-a407-ab8ee1286933,suitesparse_all,SNAP/cit-Patents,cit-Patents,3774768,3774768,16518948,4,row-major,N,N,1.0,0.0,20260922,main,pass,pass,0,0,132151584.0,0.74096,1.45254402161,2.19350402161,1.48959202161,90.97940030314754,60.24679357688284,88.71662984416783,0.937931961888119,0.6211009647101323,0.9146044313831734,cuSPARSE 12.8.6,CUDA,13040,13000,2026-10-07T21:05:15.637715+00:00,derived,csr-alg1,0,0,,,,5,20,4,true
3,A100-SXM4-80GB-suitesparse_all-fp64-n4-row-major-cuSPARSE-SpMM-CSR-solve-only,cuSPARSE-SpMM-CSR-best-solve-only,cuSPARSE CUDA 13.4.1 CSR PER MATRIX BEST,per-matrix-best,cuSPARSE-SpMM-CSR,best,solve-only,"csr-alg1,csr-alg2,csr-alg3,csr-default",manual-selection,csr,CUSPARSE_SPMM_CSR_ALG1,library-preprocess,spmm.csr.fp64,fp64,A100-SXM4-80GB,A100-SXM4-80GB,,9700.0,0edb0287-e1df-52fd-b14b-f9e504b96222,suitesparse_all,SNAP/CollegeMsg,CollegeMsg,1899,1899,20296,4,row-major,N,N,1.0,0.0,20260922,main,pass,pass,0,0,162368.0,0.06097,0.0169983997941,0.0779683997941,0.0200468997941,9.551957947027258,2.0824847044287633,8.099406974029295,0.09847379326832224,0.021468914478647044,0.08349904096937417,cuSPARSE 12.8.6,CUDA,13040,13000,2026-10-07T16:59:10.504312+00:00,derived,csr-alg1,0,0,,,,5,20,4,true
3,A100-SXM4-80GB-suitesparse_all-fp64-n4-row-major-cuSPARSE-SpMM-CSR-solve-only,cuSPARSE-SpMM-CSR-best-solve-only,cuSPARSE CUDA 13.4.1 CSR PER MATRIX BEST,per-matrix-best,cuSPARSE-SpMM-CSR,best,solve-only,"csr-alg1,csr-alg2,csr-alg3,csr-default",manual-selection,csr,CUSPARSE_SPMM_CSR_ALG1,library-preprocess,spmm.csr.fp64,fp64,A100-SXM4-80GB,A100-SXM4-80GB,,9700.0,1cb4d392-df77-5092-a407-ab8ee1286933,suitesparse_all,SNAP/com-Orkut,com-Orkut,3072441,3072441,234370166,4,row-major,N,N,1.0,0.0,20260922,main,pass,pass,0,0,1874961328.0,0.8436,11.501209259,12.344809259,11.543389259,163.02297313065523,151.88256769808388,162.4272807518948,1.680649207532528,1.5657996669905554,1.6745080489886064,cuSPARSE 12.8.6,CUDA,13040,13000,2026-10-07T22:17:42.535488+00:00,derived,csr-alg1,0,0,,,,5,20,4,true
3,A100-SXM4-80GB-suitesparse_all-fp64-n4-row-major-cuSPARSE-SpMM-CSR-solve-only,cuSPARSE-SpMM-CSR-best-solve-only,cuSPARSE CUDA 13.4.1 CSR PER MATRIX BEST,per-matrix-best,cuSPARSE-SpMM-CSR,best,solve-only,"csr-alg1,csr-alg2,csr-alg3,csr-default",manual-selection,csr,CUSPARSE_SPMM_CSR_ALG1,library-preprocess,spmm.csr.fp64,fp64,A100-SXM4-80GB,A100-SXM4-80GB,,9700.0,df7f742d-c1c4-51c9-b7da-d151d8293f2c,suitesparse_all,SNAP/com-Youtube,com-Youtube,1134890,1134890,5975248,4,row-major,N,N,1.0,0.0,20260922,main,pass,pass,0,0,47801984.0,0.613821,0.482969617844,1.09679061784,0.513660667844,98.97513680754992,43.58350921540556,93.06140608476096,1.0203622351293806,0.4493145279938718,0.9593959390181542,cuSPARSE 12.8.6,CUDA,13040,13000,2026-10-08T19:32:23.424683+00:00,derived,csr-alg1,0,0,,,,5,20,4,true
3,A100-SXM4-80GB-suitesparse_all-fp64-n4-row-major-cuSPARSE-SpMM-CSR-solve-only,cuSPARSE-SpMM-CSR-best-solve-only,cuSPARSE CUDA 13.4.1 CSR PER MATRIX BEST,per-matrix-best,cuSPARSE-SpMM-CSR,best,solve-only,"csr-alg1,csr-alg2,csr-alg3,csr-default",manual-selection,csr,CUSPARSE_SPMM_CSR_ALG1,library-preprocess,spmm.csr.fp64,fp64,A100-SXM4-80GB,A100-SXM4-80GB,,9700.0,0edb0287-e1df-52fd-b14b-f9e504b96222,suitesparse_all,SNAP/email-Eu-core-temporal,email-Eu-core-temporal,1005,1005,24929,4,row-major,N,N,1.0,0.0,20260922,main,pass,pass,0,0,199432.0,0.081231,0.0165887996554,0.0978197996554,0.0206503496554,12.02208744109347,2.0387692543080225,9.657560444641147,0.12393904578446877,0.021018239735134253,0.09956247881073346,cuSPARSE 12.8.6,CUDA,13040,13000,2026-10-07T16:59:11.147920+00:00,derived,csr-alg1,0,0,,,,5,20,4,true
3,A100-SXM4-80GB-suitesparse_all-fp64-n4-row-major-cuSPARSE-SpMM-CSR-solve-only,cuSPARSE-SpMM-CSR-best-solve-only,cuSPARSE CUDA 13.4.1 CSR PER MATRIX BEST,per-matrix-best,cuSPARSE-SpMM-CSR,best,solve-only,"csr-alg1,csr-alg2,csr-alg3,csr-default",manual-selection,csr,CUSPARSE_SPMM_CSR_ALG3,library-preprocess,spmm.csr.fp64,fp64,A100-SXM4-80GB,A100-SXM4-80GB,,9700.0,0edb0287-e1df-52fd-b14b-f9e504b96222,suitesparse_all,SNAP/email-EuAll,email-EuAll,265214,265214,420045,4,row-major,N,N,1.0,0.0,20260922,main,pass,pass,0,0,3360360.0,51.1769,0.097587198019,51.274487198,2.65643219802,34.434434723146225,0.0655366866376203,1.2649899374449234,0.35499417240356934,0.000675635944717735,0.013041133375720859,cuSPARSE 12.8.6,CUDA,13040,13000,2026-10-07T20:43:31.625861+00:00,derived,csr-alg3,0,0,,,,5,20,4,true
3,A100-SXM4-80GB-suitesparse_all-fp64-n4-row-major-cuSPARSE-SpMM-CSR-solve-only,cuSPARSE-SpMM-CSR-best-solve-only,cuSPARSE CUDA 13.4.1 CSR PER MATRIX BEST,per-matrix-best,cuSPARSE-SpMM-CSR,best,solve-only,"csr-alg1,csr-alg2,csr-alg3,csr-default",manual-selection,csr,CUSPARSE_SPMM_CSR_ALG3,library-preprocess,spmm.csr.fp64,fp64,A100-SXM4-80GB,A100-SXM4-80GB,,9700.0,1cb4d392-df77-5092-a407-ab8ee1286933,suitesparse_all,SNAP/p2p-Gnutella06,p2p-Gnutella06,8717,8717,31525,4,row-major,N,N,1.0,0.0,20260922,main,pass,pass,0,0,252200.0,61.454165,0.0142335996032,61.4683985996,3.0869418496,17.718638083882897,0.0041029212692331495,0.08169897986017444,0.18266637199879276,4.229815741477474e-05,0.0008422575243316953,cuSPARSE 12.8.6,CUDA,13040,13000,2026-10-08T01:20:34.443571+00:00,derived,csr-alg3,0,0,,,,5,20,4,true
3,A100-SXM4-80GB-suitesparse_all-fp64-n4-row-major-cuSPARSE-SpMM-CSR-solve-only,cuSPARSE-SpMM-CSR-best-solve-only,cuSPARSE CUDA 13.4.1 CSR PER MATRIX BEST,per-matrix-best,cuSPARSE-SpMM-CSR,best,solve-only,"csr-alg1,csr-alg2,csr-alg3,csr-default",manual-selection,csr,CUSPARSE_SPMM_CSR_ALG3,library-preprocess,spmm.csr.fp64,fp64,A100-SXM4-80GB,A100-SXM4-80GB,,9700.0,df7f742d-c1c4-51c9-b7da-d151d8293f2c,suitesparse_all,SNAP/p2p-Gnutella08,p2p-Gnutella08,6301,6301,20777,4,row-major,N,N,1.0,0.0,20260922,main,pass,pass,0,0,166216.0,64.579106,0.00737280026078,64.5864788003,3.23632810026,22.544487049811288,0.0025735417549846043,0.05135944034433546,0.23241739226609573,2.6531358298810354e-05,0.0005294787664364481,cuSPARSE 12.8.6,CUDA,13040,13000,2026-10-08T23:16:49.903950+00:00,derived,csr-alg3,0,0,,,,5,20,4,true
3,A100-SXM4-80GB-suitesparse_all-fp64-n4-row-major-cuSPARSE-SpMM-CSR-solve-only,cuSPARSE-SpMM-CSR-best-solve-only,cuSPARSE CUDA 13.4.1 CSR PER MATRIX BEST,per-matrix-best,cuSPARSE-SpMM-CSR,best,solve-only,"csr-alg1,csr-alg2,csr-alg3,csr-default",manual-selection,csr,CUSPARSE_SPMM_CSR_ALG3,library-preprocess,spmm.csr.fp64,fp64,A100-SXM4-80GB,A100-SXM4-80GB,,9700.0,0edb0287-e1df-52fd-b14b-f9e504b96222,suitesparse_all,SNAP/p2p-Gnutella24,p2p-Gnutella24,26518,26518,65369,4,row-major,N,N,1.0,0.0,20260922,main,pass,pass,0,0,522952.0,54.808162,0.013055999577,54.8212179996,2.75346409958,40.054535611448266,0.009539226217188675,0.18992512017126664,0.4129333568190543,9.834253832153272e-05,0.001957990929600687,cuSPARSE 12.8.6,CUDA,13040,13000,2026-10-07T20:43:47.943387+00:00,derived,csr-alg3,0,0,,,,5,20,4,true
3,A100-SXM4-80GB-suitesparse_all-fp64-n4-row-major-cuSPARSE-SpMM-CSR-solve-only,cuSPARSE-SpMM-CSR-best-solve-only,cuSPARSE CUDA 13.4.1 CSR PER MATRIX BEST,per-matrix-best,cuSPARSE-SpMM-CSR,best,solve-only,"csr-alg1,csr-alg2,csr-alg3,csr-default",manual-selection,csr,CUSPARSE_SPMM_CSR_ALG1,library-preprocess,spmm.csr.fp64,fp64,A100-SXM4-80GB,A100-SXM4-80GB,,9700.0,1cb4d392-df77-5092-a407-ab8ee1286933,suitesparse_all,SNAP/roadNet-PA,roadNet-PA,1090920,1090920,3083796,4,row-major,N,N,1.0,0.0,20260922,main,pass,pass,0,0,24670368.0,0.40327,0.310630393028,0.713900393028,0.330793893028,79.42032896238916,34.55715705010461,74.57927283413234,0.8187662779627749,0.35625935103200623,0.7688584828261066,cuSPARSE 12.8.6,CUDA,13040,13000,2026-10-07T21:05:48.912757+00:00,derived,csr-alg1,0,0,,,,5,20,4,true
3,A100-SXM4-80GB-suitesparse_all-fp64-n4-row-major-cuSPARSE-SpMM-CSR-solve-only,cuSPARSE-SpMM-CSR-best-solve-only,cuSPARSE CUDA 13.4.1 CSR PER MATRIX BEST,per-matrix-best,cuSPARSE-SpMM-CSR,best,solve-only,"csr-alg1,csr-alg2,csr-alg3,csr-default",manual-selection,csr,CUSPARSE_SPMM_CSR_ALG1,library-preprocess,spmm.csr.fp64,fp64,A100-SXM4-80GB,A100-SXM4-80GB,,9700.0,df7f742d-c1c4-51c9-b7da-d151d8293f2c,suitesparse_all,SNAP/roadNet-TX,roadNet-TX,1393383,1393383,3843320,4,row-major,N,N,1.0,0.0,20260922,main,pass,pass,0,0,30746560.0,0.629811,0.313292789459,0.943103789459,0.344783339459,98.1400180102892,32.60145950387644,89.17646672906082,1.0117527629926721,0.33609752065852005,0.9193450178253694,cuSPARSE 12.8.6,CUDA,13040,13000,2026-10-08T18:07:08.079116+00:00,derived,csr-alg1,0,0,,,,5,20,4,true
3,A100-SXM4-80GB-suitesparse_all-fp64-n4-row-major-cuSPARSE-SpMM-CSR-solve-only,cuSPARSE-SpMM-CSR-best-solve-only,cuSPARSE CUDA 13.4.1 CSR PER MATRIX BEST,per-matrix-best,cuSPARSE-SpMM-CSR,best,solve-only,"csr-alg1,csr-alg2,csr-alg3,csr-default",manual-selection,csr,CUSPARSE_SPMM_CSR_ALG1,library-preprocess,spmm.csr.fp64,fp64,A100-SXM4-80GB,A100-SXM4-80GB,,9700.0,1cb4d392-df77-5092-a407-ab8ee1286933,suitesparse_all,SNAP/soc-sign-bitcoin-alpha,soc-sign-bitcoin-alpha,3783,3783,24186,4,row-major,N,N,1.0,0.0,20260922,main,pass,pass,0,0,193488.0,0.06766,0.0175104007125,0.0851704007125,0.0208934007125,11.049889901256023,2.271775151711865,9.260723166250335,0.11391639073459817,0.023420362388782114,0.09547137284794159,cuSPARSE 12.8.6,CUDA,13040,13000,2026-10-07T22:17:43.307472+00:00,derived,csr-alg1,0,0,,,,5,20,4,true
3,A100-SXM4-80GB-suitesparse_all-fp64-n4-row-major-cuSPARSE-SpMM-CSR-solve-only,cuSPARSE-SpMM-CSR-best-solve-only,cuSPARSE CUDA 13.4.1 CSR PER MATRIX BEST,per-matrix-best,cuSPARSE-SpMM-CSR,best,solve-only,"csr-alg1,csr-alg2,csr-alg3,csr-default",manual-selection,csr,CUSPARSE_SPMM_CSR_ALG1,library-preprocess,spmm.csr.fp64,fp64,A100-SXM4-80GB,A100-SXM4-80GB,,9700.0,df7f742d-c1c4-51c9-b7da-d151d8293f2c,suitesparse_all,SNAP/soc-sign-bitcoin-otc,soc-sign-bitcoin-otc,5881,5881,35592,4,row-major,N,N,1.0,0.0,20260922,main,pass,pass,0,0,284736.0,0.07285,0.0189439997077,0.0917939997077,0.0225864997077,15.03040563731987,3.101902094981001,12.606468628821235,0.15495263543628732,0.03197837211320619,0.1299635941115591,cuSPARSE 12.8.6,CUDA,13040,13000,2026-10-08T19:32:24.293726+00:00,derived,csr-alg1,0,0,,,,5,20,4,true
3,A100-SXM4-80GB-suitesparse_all-fp64-n4-row-major-cuSPARSE-SpMM-CSR-solve-only,cuSPARSE-SpMM-CSR-best-solve-only,cuSPARSE CUDA 13.4.1 CSR PER MATRIX BEST,per-matrix-best,cuSPARSE-SpMM-CSR,best,solve-only,"csr-alg1,csr-alg2,csr-alg3,csr-default",manual-selection,csr,CUSPARSE_SPMM_CSR_ALG3,library-preprocess,spmm.csr.fp64,fp64,A100-SXM4-80GB,A100-SXM4-80GB,,9700.0,1cb4d392-df77-5092-a407-ab8ee1286933,suitesparse_all,SNAP/soc-sign-Slashdot081106,soc-sign-Slashdot081106,77357,77357,516575,4,row-major,N,N,1.0,0.0,20260922,main,pass,pass,0,0,4132600.0,58.372443,0.0329728007317,58.4054158007,2.95159495073,125.33360552617312,0.07075713687411964,1.4001243629238183,1.2920990260430218,0.0007294550193208209,0.014434271782719776,cuSPARSE 12.8.6,CUDA,13040,13000,2026-10-08T01:21:01.497832+00:00,derived,csr-alg3,0,0,,,,5,20,4,true
3,A100-SXM4-80GB-suitesparse_all-fp64-n4-row-major-cuSPARSE-SpMM-CSR-solve-only,cuSPARSE-SpMM-CSR-best-solve-only,cuSPARSE CUDA 13.4.1 CSR PER MATRIX BEST,per-matrix-best,cuSPARSE-SpMM-CSR,best,solve-only,"csr-alg1,csr-alg2,csr-alg3,csr-default",manual-selection,csr,CUSPARSE_SPMM_CSR_ALG3,library-preprocess,spmm.csr.fp64,fp64,A100-SXM4-80GB,A100-SXM4-80GB,,9700.0,df7f742d-c1c4-51c9-b7da-d151d8293f2c,suitesparse_all,SNAP/soc-sign-Slashdot090216,soc-sign-Slashdot090216,81871,81871,545671,4,row-major,N,N,1.0,0.0,20260922,main,pass,pass,0,0,4365368.0,56.281623,0.035020801425,56.3166438014,2.84910195142,124.6507167846745,0.07751470445210515,1.532190870819589,1.2850589359244795,0.0007991206644546923,0.015795782173397825,cuSPARSE 12.8.6,CUDA,13040,13000,2026-10-08T23:17:23.706787+00:00,derived,csr-alg3,0,0,,,,5,20,4,true
3,A100-SXM4-80GB-suitesparse_all-fp64-n4-row-major-cuSPARSE-SpMM-CSR-solve-only,cuSPARSE-SpMM-CSR-best-solve-only,cuSPARSE CUDA 13.4.1 CSR PER MATRIX BEST,per-matrix-best,cuSPARSE-SpMM-CSR,best,solve-only,"csr-alg1,csr-alg2,csr-alg3,csr-default",manual-selection,csr,CUSPARSE_SPMM_CSR_ALG3,library-preprocess,spmm.csr.fp64,fp64,A100-SXM4-80GB,A100-SXM4-80GB,,9700.0,1cb4d392-df77-5092-a407-ab8ee1286933,suitesparse_all,SNAP/soc-Slashdot0811,soc-Slashdot0811,77360,77360,905468,4,row-major,N,N,1.0,0.0,20260922,main,pass,pass,0,0,7243744.0,54.911072,0.0535552024841,54.9646272025,2.79910880248,135.25752240691452,0.13178919550045684,2.5878751099571655,1.394407447493964,0.0013586515000047097,0.02667912484491923,cuSPARSE 12.8.6,CUDA,13040,13000,2026-10-08T01:18:34.978170+00:00,derived,csr-alg3,0,0,,,,5,20,4,true
3,A100-SXM4-80GB-suitesparse_all-fp64-n4-row-major-cuSPARSE-SpMM-CSR-solve-only,cuSPARSE-SpMM-CSR-best-solve-only,cuSPARSE CUDA 13.4.1 CSR PER MATRIX BEST,per-matrix-best,cuSPARSE-SpMM-CSR,best,solve-only,"csr-alg1,csr-alg2,csr-alg3,csr-default",manual-selection,csr,CUSPARSE_SPMM_CSR_ALG3,library-preprocess,spmm.csr.fp64,fp64,A100-SXM4-80GB,A100-SXM4-80GB,,9700.0,df7f742d-c1c4-51c9-b7da-d151d8293f2c,suitesparse_all,SNAP/soc-Slashdot0902,soc-Slashdot0902,82168,82168,948464,4,row-major,N,N,1.0,0.0,20260922,main,pass,pass,0,0,7587712.0,60.310294,0.0543744027615,60.3646684028,3.06988910276,139.5456614628328,0.1256978991314735,2.4716567100675486,1.4386150666271424,0.0012958546302213763,0.025480997011005656,cuSPARSE 12.8.6,CUDA,13040,13000,2026-10-08T23:16:36.021367+00:00,derived,csr-alg3,0,0,,,,5,20,4,true
3,A100-SXM4-80GB-suitesparse_all-fp64-n4-row-major-cuSPARSE-SpMM-CSR-solve-only,cuSPARSE-SpMM-CSR-best-solve-only,cuSPARSE CUDA 13.4.1 CSR PER MATRIX BEST,per-matrix-best,cuSPARSE-SpMM-CSR,best,solve-only,"csr-alg1,csr-alg2,csr-alg3,csr-default",manual-selection,csr,CUSPARSE_SPMM_CSR_ALG1,library-preprocess,spmm.csr.fp64,fp64,A100-SXM4-80GB,A100-SXM4-80GB,,9700.0,0edb0287-e1df-52fd-b14b-f9e504b96222,suitesparse_all,SNAP/sx-mathoverflow,sx-mathoverflow,24818,24818,239978,4,row-major,N,N,1.0,0.0,20260922,main,pass,pass,0,0,1919824.0,0.06823,0.0338943988085,0.102124398808,0.0373058988085,56.64133507270082,18.79887688356809,51.461673926016644,0.5839312894092867,0.19380285446977413,0.5305327208867695,cuSPARSE 12.8.6,CUDA,13040,13000,2026-10-07T16:59:12.775900+00:00,derived,csr-alg1,0,0,,,,5,20,4,true
3,A100-SXM4-80GB-suitesparse_all-fp64-n4-row-major-cuSPARSE-SpMM-CSR-solve-only,cuSPARSE-SpMM-CSR-best-solve-only,cuSPARSE CUDA 13.4.1 CSR PER MATRIX BEST,per-matrix-best,cuSPARSE-SpMM-CSR,best,solve-only,"csr-alg1,csr-alg2,csr-alg3,csr-default",manual-selection,csr,CUSPARSE_SPMM_CSR_ALG1,library-preprocess,spmm.csr.fp64,fp64,A100-SXM4-80GB,A100-SXM4-80GB,,9700.0,1cb4d392-df77-5092-a407-ab8ee1286933,suitesparse_all,SNAP/web-NotreDame,web-NotreDame,325729,325729,1497134,4,row-major,N,N,1.0,0.0,20260922,main,pass,pass,0,0,11977072.0,0.15478,0.160102403164,0.314882403164,0.167841403164,74.80882087529537,38.036650761211284,71.35946062305644,0.7712249574772718,0.39213042021867306,0.7356645425057364,cuSPARSE 12.8.6,CUDA,13040,13000,2026-10-07T21:05:24.170065+00:00,derived,csr-alg1,0,0,,,,5,20,4,true
3,A100-SXM4-80GB-suitesparse_all-fp64-n4-row-major-cuSPARSE-SpMM-CSR-solve-only,cuSPARSE-SpMM-CSR-best-solve-only,cuSPARSE CUDA 13.4.1 CSR PER MATRIX BEST,per-matrix-best,cuSPARSE-SpMM-CSR,best,solve-only,"csr-alg1,csr-alg2,csr-alg3,csr-default",manual-selection,csr,CUSPARSE_SPMM_CSR_ALG1,library-preprocess,spmm.csr.fp64,fp64,A100-SXM4-80GB,A100-SXM4-80GB,,9700.0,df7f742d-c1c4-51c9-b7da-d151d8293f2c,suitesparse_all,SNAP/web-Stanford,web-Stanford,281903,281903,2312497,4,row-major,N,N,1.0,0.0,20260922,main,pass,pass,0,0,18499976.0,0.161111,0.195430397987,0.356541397987,0.203485947987,94.66273512491449,51.8873154827158,90.91525082204643,0.9759044858238607,0.5349207781723277,0.9372706270314064,cuSPARSE 12.8.6,CUDA,13040,13000,2026-10-08T18:06:34.413177+00:00,derived,csr-alg1,0,0,,,,5,20,4,true
3,A100-SXM4-80GB-suitesparse_all-fp64-n4-row-major-cuSPARSE-SpMM-CSR-solve-only,cuSPARSE-SpMM-CSR-best-solve-only,cuSPARSE CUDA 13.4.1 CSR PER MATRIX BEST,per-matrix-best,cuSPARSE-SpMM-CSR,best,solve-only,"csr-alg1,csr-alg2,csr-alg3,csr-default",manual-selection,csr,CUSPARSE_SPMM_CSR_ALG1,library-preprocess,spmm.csr.fp64,fp64,A100-SXM4-80GB,A100-SXM4-80GB,,9700.0,1cb4d392-df77-5092-a407-ab8ee1286933,suitesparse_all,SNAP/wiki-talk-temporal,wiki-talk-temporal,1140149,1140149,3309592,4,row-major,N,N,1.0,0.0,20260922,main,pass,pass,0,0,26476736.0,3.001902,0.397311997414,3.39921399741,0.547407097414,66.63965893889477,7.789075951138619,48.3675424105359,0.6870067931844821,0.08029975207359401,0.49863445784057625,cuSPARSE 12.8.6,CUDA,13040,13000,2026-10-07T22:18:07.910951+00:00,derived,csr-alg1,0,0,,,,5,20,4,true
3,A100-SXM4-80GB-suitesparse_all-fp64-n4-row-major-cuSPARSE-SpMM-CSR-solve-only,cuSPARSE-SpMM-CSR-best-solve-only,cuSPARSE CUDA 13.4.1 CSR PER MATRIX BEST,per-matrix-best,cuSPARSE-SpMM-CSR,best,solve-only,"csr-alg1,csr-alg2,csr-alg3,csr-default",manual-selection,csr,CUSPARSE_SPMM_CSR_ALG1,library-preprocess,spmm.csr.fp64,fp64,A100-SXM4-80GB,A100-SXM4-80GB,,9700.0,df7f742d-c1c4-51c9-b7da-d151d8293f2c,suitesparse_all,SNAP/wiki-topcats,wiki-topcats,1791489,1791489,28511807,4,row-major,N,N,1.0,0.0,20260922,main,pass,pass,0,0,228094456.0,1.29528,1.39555835724,2.69083835724,1.46032235724,163.4431514932153,84.76705982218756,156.19459283708915,1.684980943229024,0.8738872146617274,1.610253534402981,cuSPARSE 12.8.6,CUDA,13040,13000,2026-10-08T19:33:59.865928+00:00,derived,csr-alg1,0,0,,,,5,20,4,true
3,A100-SXM4-80GB-suitesparse_all-fp64-n4-row-major-cuSPARSE-SpMM-CSR-solve-only,cuSPARSE-SpMM-CSR-best-solve-only,cuSPARSE CUDA 13.4.1 CSR PER MATRIX BEST,per-matrix-best,cuSPARSE-SpMM-CSR,best,solve-only,"csr-alg1,csr-alg2,csr-alg3,csr-default",manual-selection,csr,CUSPARSE_SPMM_CSR_ALG1,library-preprocess,spmm.csr.fp64,fp64,A100-SXM4-80GB,A100-SXM4-80GB,,9700.0,1cb4d392-df77-5092-a407-ab8ee1286933,suitesparse_all,Sorensen/Linux_call_graph,Linux_call_graph,324085,324085,1208908,4,row-major,N,N,1.0,0.0,20260922,main,pass,pass,0,0,9671264.0,0.16563,0.138598394394,0.304228394394,0.146879894394,69.77904789075012,31.789485065207106,65.84470965139167,0.719371627739692,0.3277266501567743,0.6788114397050687,cuSPARSE 12.8.6,CUDA,13040,13000,2026-10-07T21:54:05.574969+00:00,derived,csr-alg1,0,0,,,,5,20,4,true
3,A100-SXM4-80GB-suitesparse_all-fp64-n4-row-major-cuSPARSE-SpMM-CSR-solve-only,cuSPARSE-SpMM-CSR-best-solve-only,cuSPARSE CUDA 13.4.1 CSR PER MATRIX BEST,per-matrix-best,cuSPARSE-SpMM-CSR,best,solve-only,"csr-alg1,csr-alg2,csr-alg3,csr-default",manual-selection,csr,CUSPARSE_SPMM_CSR_ALG1,library-preprocess,spmm.csr.fp64,fp64,A100-SXM4-80GB,A100-SXM4-80GB,,9700.0,0edb0287-e1df-52fd-b14b-f9e504b96222,suitesparse_all,Stevenson/LargeRegFile,LargeRegFile,2111154,801374,4944201,4,row-major,N,N,1.0,0.0,20260922,main,pass,pass,0,0,39553608.0,2.317681,0.484915208817,2.80259620882,0.600799258817,81.56809124732352,14.113202563937522,65.83498135114677,0.8409081571889023,0.14549693364884045,0.6787111479499667,cuSPARSE 12.8.6,CUDA,13040,13000,2026-10-07T16:10:28.369681+00:00,derived,csr-alg1,0,0,,,,5,20,4,true
3,A100-SXM4-80GB-suitesparse_all-fp64-n4-row-major-cuSPARSE-SpMM-CSR-solve-only,cuSPARSE-SpMM-CSR-best-solve-only,cuSPARSE CUDA 13.4.1 CSR PER MATRIX BEST,per-matrix-best,cuSPARSE-SpMM-CSR,best,solve-only,"csr-alg1,csr-alg2,csr-alg3,csr-default",manual-selection,csr,CUSPARSE_SPMM_CSR_ALG3,library-preprocess,spmm.csr.fp64,fp64,A100-SXM4-80GB,A100-SXM4-80GB,,9700.0,1cb4d392-df77-5092-a407-ab8ee1286933,suitesparse_all,Szczerba/Ill_Stokes,Ill_Stokes,20896,20896,191368,4,row-major,N,N,1.0,0.0,20260922,main,pass,pass,0,0,1530944.0,56.837693,0.0148479998112,56.8525409998,2.85673264981,103.10775993175815,0.026928330257136365,0.5359073415924387,1.0629665972346203,0.0002776116521354264,0.005524817954561223,cuSPARSE 12.8.6,CUDA,13040,13000,2026-10-08T01:09:59.867889+00:00,derived,csr-alg3,0,0,,,,5,20,4,true
3,A100-SXM4-80GB-suitesparse_all-fp64-n4-row-major-cuSPARSE-SpMM-CSR-solve-only,cuSPARSE-SpMM-CSR-best-solve-only,cuSPARSE CUDA 13.4.1 CSR PER MATRIX BEST,per-matrix-best,cuSPARSE-SpMM-CSR,best,solve-only,"csr-alg1,csr-alg2,csr-alg3,csr-default",manual-selection,csr,CUSPARSE_SPMM_CSR_ALG3,library-preprocess,spmm.csr.fp64,fp64,A100-SXM4-80GB,A100-SXM4-80GB,,9700.0,0edb0287-e1df-52fd-b14b-f9e504b96222,suitesparse_all,TKK/cyl6,cyl6,13681,13681,714241,4,row-major,N,N,1.0,0.0,20260922,main,pass,pass,0,0,5713928.0,55.379072,0.0177663996816,55.3968383997,2.78671999968,321.6142889050111,0.103145380947064,2.050413389452881,3.315611225824857,0.0010633544427532371,0.021138282365493616,cuSPARSE 12.8.6,CUDA,13040,13000,2026-10-07T20:36:41.517528+00:00,derived,csr-alg3,0,0,,,,5,20,4,true
3,A100-SXM4-80GB-suitesparse_all-fp64-n4-row-major-cuSPARSE-SpMM-CSR-solve-only,cuSPARSE-SpMM-CSR-best-solve-only,cuSPARSE CUDA 13.4.1 CSR PER MATRIX BEST,per-matrix-best,cuSPARSE-SpMM-CSR,best,solve-only,"csr-alg1,csr-alg2,csr-alg3,csr-default",manual-selection,csr,CUSPARSE_SPMM_CSR_ALG3,library-preprocess,spmm.csr.fp64,fp64,A100-SXM4-80GB,A100-SXM4-80GB,,9700.0,1cb4d392-df77-5092-a407-ab8ee1286933,suitesparse_all,TKK/engine,engine,143571,143571,4706073,4,row-major,N,N,1.0,0.0,20260922,main,pass,pass,0,0,37648584.0,57.433193,0.190105605125,57.6232986051,3.06176525513,198.04036801147947,0.6533569738520294,12.296365286959752,2.0416532784688606,0.006735638905691024,0.12676665244288404,cuSPARSE 12.8.6,CUDA,13040,13000,2026-10-08T01:14:53.942682+00:00,derived,csr-alg3,0,0,,,,5,20,4,true
3,A100-SXM4-80GB-suitesparse_all-fp64-n4-row-major-cuSPARSE-SpMM-CSR-solve-only,cuSPARSE-SpMM-CSR-best-solve-only,cuSPARSE CUDA 13.4.1 CSR PER MATRIX BEST,per-matrix-best,cuSPARSE-SpMM-CSR,best,solve-only,"csr-alg1,csr-alg2,csr-alg3,csr-default",manual-selection,csr,CUSPARSE_SPMM_CSR_ALG3,library-preprocess,spmm.csr.fp64,fp64,A100-SXM4-80GB,A100-SXM4-80GB,,9700.0,df7f742d-c1c4-51c9-b7da-d151d8293f2c,suitesparse_all,TKK/plbuckle,plbuckle,1282,1282,30644,4,row-major,N,N,1.0,0.0,20260922,main,pass,pass,0,0,245152.0,51.9403,0.00880640000105,51.9491064,2.6058214,27.837936043192475,0.004719080211166058,0.09407858880888767,0.28698903137311826,4.865031145532018e-05,0.0009698823588545121,cuSPARSE 12.8.6,CUDA,13040,13000,2026-10-08T23:11:37.228188+00:00,derived,csr-alg3,0,0,,,,5,20,4,true
3,A100-SXM4-80GB-suitesparse_all-fp64-n4-row-major-cuSPARSE-SpMM-CSR-solve-only,cuSPARSE-SpMM-CSR-best-solve-only,cuSPARSE CUDA 13.4.1 CSR PER MATRIX BEST,per-matrix-best,cuSPARSE-SpMM-CSR,best,solve-only,"csr-alg1,csr-alg2,csr-alg3,csr-default",manual-selection,csr,CUSPARSE_SPMM_CSR_ALG3,library-preprocess,spmm.csr.fp64,fp64,A100-SXM4-80GB,A100-SXM4-80GB,,9700.0,df7f742d-c1c4-51c9-b7da-d151d8293f2c,suitesparse_all,TOKAMAK/utm1700b,utm1700b,1700,1700,21509,4,row-major,N,N,1.0,0.0,20260922,main,pass,pass,0,0,172072.0,51.619551,0.00782719999552,51.6273782,2.58880475,21.983851198191903,0.003332960262545348,0.06646773960067866,0.2266376412184732,3.436041507778709e-05,0.0006852344288729759,cuSPARSE 12.8.6,CUDA,13040,13000,2026-10-08T22:49:14.364798+00:00,derived,csr-alg3,0,0,,,,5,20,4,true
3,A100-SXM4-80GB-suitesparse_all-fp64-n4-row-major-cuSPARSE-SpMM-CSR-solve-only,cuSPARSE-SpMM-CSR-best-solve-only,cuSPARSE CUDA 13.4.1 CSR PER MATRIX BEST,per-matrix-best,cuSPARSE-SpMM-CSR,best,solve-only,"csr-alg1,csr-alg2,csr-alg3,csr-default",manual-selection,csr,CUSPARSE_SPMM_CSR_ALG3,library-preprocess,spmm.csr.fp64,fp64,A100-SXM4-80GB,A100-SXM4-80GB,,9700.0,0edb0287-e1df-52fd-b14b-f9e504b96222,suitesparse_all,TOKAMAK/utm3060,utm3060,3060,3060,42211,4,row-major,N,N,1.0,0.0,20260922,main,pass,pass,0,0,337688.0,54.661461,0.00808959975839,54.6695505998,2.74116264976,41.743474348007425,0.0061768936509464445,0.12319152241096164,0.43034509637121054,6.367931598913861e-05,0.0012700156949583673,cuSPARSE 12.8.6,CUDA,13040,13000,2026-10-07T20:03:41.344920+00:00,derived,csr-alg3,0,0,,,,5,20,4,true
3,A100-SXM4-80GB-suitesparse_all-fp64-n4-row-major-cuSPARSE-SpMM-CSR-solve-only,cuSPARSE-SpMM-CSR-best-solve-only,cuSPARSE CUDA 13.4.1 CSR PER MATRIX BEST,per-matrix-best,cuSPARSE-SpMM-CSR,best,solve-only,"csr-alg1,csr-alg2,csr-alg3,csr-default",manual-selection,csr,CUSPARSE_SPMM_CSR_ALG1,library-preprocess,spmm.csr.fp64,fp64,A100-SXM4-80GB,A100-SXM4-80GB,,9700.0,1cb4d392-df77-5092-a407-ab8ee1286933,suitesparse_all,Tromble/language,language,399130,399130,1216334,4,row-major,N,N,1.0,0.0,20260922,main,pass,pass,0,0,9730672.0,0.15272,0.149452805519,0.302172805519,0.157088805519,65.10866066520869,32.20234191255889,61.943764661340346,0.6712233058268937,0.3319829063150401,0.6385955119725809,cuSPARSE 12.8.6,CUDA,13040,13000,2026-10-07T20:43:25.619463+00:00,derived,csr-alg1,0,0,,,,5,20,4,true
3,A100-SXM4-80GB-suitesparse_all-fp64-n4-row-major-cuSPARSE-SpMM-CSR-solve-only,cuSPARSE-SpMM-CSR-best-solve-only,cuSPARSE CUDA 13.4.1 CSR PER MATRIX BEST,per-matrix-best,cuSPARSE-SpMM-CSR,best,solve-only,"csr-alg1,csr-alg2,csr-alg3,csr-default",manual-selection,csr,CUSPARSE_SPMM_CSR_ALG3,library-preprocess,spmm.csr.fp64,fp64,A100-SXM4-80GB,A100-SXM4-80GB,,9700.0,1cb4d392-df77-5092-a407-ab8ee1286933,suitesparse_all,TSOPF/TSOPF_FS_b162_c3,TSOPF_FS_b162_c3,30798,30798,1801300,4,row-major,N,N,1.0,0.0,20260922,main,pass,pass,0,0,14410400.0,47.509859,0.0742399990559,47.5840989991,2.44973294906,194.1056059166905,0.30284066112657837,5.882437106268865,2.001088720790624,0.003122068671408024,0.06064368150792644,cuSPARSE 12.8.6,CUDA,13040,13000,2026-10-08T01:17:16.957006+00:00,derived,csr-alg3,0,0,,,,5,20,4,true
3,A100-SXM4-80GB-suitesparse_all-fp64-n4-row-major-cuSPARSE-SpMM-CSR-solve-only,cuSPARSE-SpMM-CSR-best-solve-only,cuSPARSE CUDA 13.4.1 CSR PER MATRIX BEST,per-matrix-best,cuSPARSE-SpMM-CSR,best,solve-only,"csr-alg1,csr-alg2,csr-alg3,csr-default",manual-selection,csr,CUSPARSE_SPMM_CSR_ALG3,library-preprocess,spmm.csr.fp64,fp64,A100-SXM4-80GB,A100-SXM4-80GB,,9700.0,df7f742d-c1c4-51c9-b7da-d151d8293f2c,suitesparse_all,TSOPF/TSOPF_FS_b162_c4,TSOPF_FS_b162_c4,40798,40798,2398220,4,row-major,N,N,1.0,0.0,20260922,main,pass,pass,0,0,19185760.0,52.239271,0.121241605282,52.3605126053,2.73320515528,158.24402815663143,0.3664165808426022,7.019509663567328,1.63138173357352,0.003777490524150538,0.07236607900584875,cuSPARSE 12.8.6,CUDA,13040,13000,2026-10-08T23:15:12.240731+00:00,derived,csr-alg3,0,0,,,,5,20,4,true
3,A100-SXM4-80GB-suitesparse_all-fp64-n4-row-major-cuSPARSE-SpMM-CSR-solve-only,cuSPARSE-SpMM-CSR-best-solve-only,cuSPARSE CUDA 13.4.1 CSR PER MATRIX BEST,per-matrix-best,cuSPARSE-SpMM-CSR,best,solve-only,"csr-alg1,csr-alg2,csr-alg3,csr-default",manual-selection,csr,CUSPARSE_SPMM_CSR_ALG3,library-preprocess,spmm.csr.fp64,fp64,A100-SXM4-80GB,A100-SXM4-80GB,,9700.0,0edb0287-e1df-52fd-b14b-f9e504b96222,suitesparse_all,TSOPF/TSOPF_FS_b300_c2,TSOPF_FS_b300_c2,56814,56814,8767466,4,row-major,N,N,1.0,0.0,20260922,main,pass,pass,0,0,70139728.0,55.653112,0.261990404129,55.9151024041,3.04464600413,267.7186908168755,1.2543968442210522,23.037071602037443,2.7599865032667577,0.012931926229083015,0.23749558352615918,cuSPARSE 12.8.6,CUDA,13040,13000,2026-10-07T20:41:14.295925+00:00,derived,csr-alg3,0,0,,,,5,20,4,true
3,A100-SXM4-80GB-suitesparse_all-fp64-n4-row-major-cuSPARSE-SpMM-CSR-solve-only,cuSPARSE-SpMM-CSR-best-solve-only,cuSPARSE CUDA 13.4.1 CSR PER MATRIX BEST,per-matrix-best,cuSPARSE-SpMM-CSR,best,solve-only,"csr-alg1,csr-alg2,csr-alg3,csr-default",manual-selection,csr,CUSPARSE_SPMM_CSR_ALG1,library-preprocess,spmm.csr.fp64,fp64,A100-SXM4-80GB,A100-SXM4-80GB,,9700.0,1cb4d392-df77-5092-a407-ab8ee1286933,suitesparse_all,TSOPF/TSOPF_FS_b9_c1,TSOPF_FS_b9_c1,2454,2454,25032,4,row-major,N,N,1.0,0.0,20260922,main,pass,pass,0,0,200256.0,0.06993,0.0164736002684,0.0864036002684,0.0199701002684,12.156176958119785,2.317681200527922,10.027791413590355,0.12532141193937923,0.023893620623999197,0.10337929292361192,cuSPARSE 12.8.6,CUDA,13040,13000,2026-10-07T21:02:05.243122+00:00,derived,csr-alg1,0,0,,,,5,20,4,true
3,A100-SXM4-80GB-suitesparse_all-fp64-n4-row-major-cuSPARSE-SpMM-CSR-solve-only,cuSPARSE-SpMM-CSR-best-solve-only,cuSPARSE CUDA 13.4.1 CSR PER MATRIX BEST,per-matrix-best,cuSPARSE-SpMM-CSR,best,solve-only,"csr-alg1,csr-alg2,csr-alg3,csr-default",manual-selection,csr,CUSPARSE_SPMM_CSR_ALG1,library-preprocess,spmm.csr.fp64,fp64,A100-SXM4-80GB,A100-SXM4-80GB,,9700.0,df7f742d-c1c4-51c9-b7da-d151d8293f2c,suitesparse_all,TSOPF/TSOPF_FS_b9_c6,TSOPF_FS_b9_c6,14454,14454,147972,4,row-major,N,N,1.0,0.0,20260922,main,pass,pass,0,0,1183776.0,0.08971,0.0231968000531,0.112906800053,0.0276823000531,51.03186634752241,10.484541227315974,42.762920629040536,0.5261017149229114,0.1080880538898554,0.4408548518457787,cuSPARSE 12.8.6,CUDA,13040,13000,2026-10-08T18:04:59.357528+00:00,derived,csr-alg1,0,0,,,,5,20,4,true
3,A100-SXM4-80GB-suitesparse_all-fp64-n4-row-major-cuSPARSE-SpMM-CSR-solve-only,cuSPARSE-SpMM-CSR-best-solve-only,cuSPARSE CUDA 13.4.1 CSR PER MATRIX BEST,per-matrix-best,cuSPARSE-SpMM-CSR,best,solve-only,"csr-alg1,csr-alg2,csr-alg3,csr-default",manual-selection,csr,CUSPARSE_SPMM_CSR_ALG3,library-preprocess,spmm.csr.fp64,fp64,A100-SXM4-80GB,A100-SXM4-80GB,,9700.0,0edb0287-e1df-52fd-b14b-f9e504b96222,suitesparse_all,TSOPF/TSOPF_RS_b162_c3,TSOPF_RS_b162_c3,15374,15374,610299,4,row-major,N,N,1.0,0.0,20260922,main,pass,pass,0,0,4882392.0,61.092274,0.0252927988768,61.1175667989,3.07990649888,193.0348643415027,0.07988524831273018,1.5852403317358723,1.9900501478505435,0.0008235592609559813,0.01634268383232858,cuSPARSE 12.8.6,CUDA,13040,13000,2026-10-07T20:41:16.624755+00:00,derived,csr-alg3,0,0,,,,5,20,4,true
3,A100-SXM4-80GB-suitesparse_all-fp64-n4-row-major-cuSPARSE-SpMM-CSR-solve-only,cuSPARSE-SpMM-CSR-best-solve-only,cuSPARSE CUDA 13.4.1 CSR PER MATRIX BEST,per-matrix-best,cuSPARSE-SpMM-CSR,best,solve-only,"csr-alg1,csr-alg2,csr-alg3,csr-default",manual-selection,csr,CUSPARSE_SPMM_CSR_ALG3,library-preprocess,spmm.csr.fp64,fp64,A100-SXM4-80GB,A100-SXM4-80GB,,9700.0,1cb4d392-df77-5092-a407-ab8ee1286933,suitesparse_all,TSOPF/TSOPF_RS_b300_c2,TSOPF_RS_b300_c2,28338,28338,2943887,4,row-major,N,N,1.0,0.0,20260922,main,pass,pass,0,0,23551096.0,48.95612,0.0871424019337,49.0432624019,2.53494840193,270.25989044825997,0.48021063131982017,9.29056227813916,2.7861844376109275,0.004950625065152785,0.09577899255813566,cuSPARSE 12.8.6,CUDA,13040,13000,2026-10-08T01:17:25.359054+00:00,derived,csr-alg3,0,0,,,,5,20,4,true
3,A100-SXM4-80GB-suitesparse_all-fp64-n4-row-major-cuSPARSE-SpMM-CSR-solve-only,cuSPARSE-SpMM-CSR-best-solve-only,cuSPARSE CUDA 13.4.1 CSR PER MATRIX BEST,per-matrix-best,cuSPARSE-SpMM-CSR,best,solve-only,"csr-alg1,csr-alg2,csr-alg3,csr-default",manual-selection,csr,CUSPARSE_SPMM_CSR_ALG3,library-preprocess,spmm.csr.fp64,fp64,A100-SXM4-80GB,A100-SXM4-80GB,,9700.0,df7f742d-c1c4-51c9-b7da-d151d8293f2c,suitesparse_all,TSOPF/TSOPF_RS_b300_c3,TSOPF_RS_b300_c3,42138,42138,4413449,4,row-major,N,N,1.0,0.0,20260922,main,pass,pass,0,0,35307592.0,54.506621,0.130969595909,54.6375905959,2.85630064591,269.5861719275086,0.6462142933998535,12.361300989291067,2.779238885850604,0.006662003024740758,0.1274360926731038,cuSPARSE 12.8.6,CUDA,13040,13000,2026-10-08T23:15:25.679689+00:00,derived,csr-alg3,0,0,,,,5,20,4,true
3,A100-SXM4-80GB-suitesparse_all-fp64-n4-row-major-cuSPARSE-SpMM-CSR-solve-only,cuSPARSE-SpMM-CSR-best-solve-only,cuSPARSE CUDA 13.4.1 CSR PER MATRIX BEST,per-matrix-best,cuSPARSE-SpMM-CSR,best,solve-only,"csr-alg1,csr-alg2,csr-alg3,csr-default",manual-selection,csr,CUSPARSE_SPMM_CSR_ALG3,library-preprocess,spmm.csr.fp64,fp64,A100-SXM4-80GB,A100-SXM4-80GB,,9700.0,0edb0287-e1df-52fd-b14b-f9e504b96222,suitesparse_all,TSOPF/TSOPF_RS_b39_c30,TSOPF_RS_b39_c30,60098,60098,1079986,4,row-major,N,N,1.0,0.0,20260922,main,pass,pass,0,0,8639888.0,55.813313,0.0398847997189,55.8531977997,2.83055044972,216.6210702044935,0.15468922712329297,3.052370255705799,2.233206909324675,0.0015947343002401337,0.03146773459490514,cuSPARSE 12.8.6,CUDA,13040,13000,2026-10-07T20:41:20.695802+00:00,derived,csr-alg3,0,0,,,,5,20,4,true
3,A100-SXM4-80GB-suitesparse_all-fp64-n4-row-major-cuSPARSE-SpMM-CSR-solve-only,cuSPARSE-SpMM-CSR-best-solve-only,cuSPARSE CUDA 13.4.1 CSR PER MATRIX BEST,per-matrix-best,cuSPARSE-SpMM-CSR,best,solve-only,"csr-alg1,csr-alg2,csr-alg3,csr-default",manual-selection,csr,CUSPARSE_SPMM_CSR_ALG3,library-preprocess,spmm.csr.fp64,fp64,A100-SXM4-80GB,A100-SXM4-80GB,,9700.0,df7f742d-c1c4-51c9-b7da-d151d8293f2c,suitesparse_all,Um/2cubes_sphere,2cubes_sphere,101492,101492,1647264,4,row-major,N,N,1.0,0.0,20260922,main,pass,pass,0,0,13178112.0,52.705291,0.0780799984932,52.7833709985,2.71334454849,168.7770524374137,0.24966408455372235,4.856777959634258,1.739969612756842,0.002573856541790952,0.05006987587251813,cuSPARSE 12.8.6,CUDA,13040,13000,2026-10-08T23:11:42.595815+00:00,derived,csr-alg3,0,0,,,,5,20,4,true
3,A100-SXM4-80GB-suitesparse_all-fp64-n4-row-major-cuSPARSE-SpMM-CSR-solve-only,cuSPARSE-SpMM-CSR-best-solve-only,cuSPARSE CUDA 13.4.1 CSR PER MATRIX BEST,per-matrix-best,cuSPARSE-SpMM-CSR,best,solve-only,"csr-alg1,csr-alg2,csr-alg3,csr-default",manual-selection,csr,CUSPARSE_SPMM_CSR_ALG3,library-preprocess,spmm.csr.fp64,fp64,A100-SXM4-80GB,A100-SXM4-80GB,,9700.0,df7f742d-c1c4-51c9-b7da-d151d8293f2c,suitesparse_all,UTEP/Dubcova1,Dubcova1,16129,16129,253009,4,row-major,N,N,1.0,0.0,20260922,main,pass,pass,0,0,2024072.0,60.009694,0.0138239994645,60.0235179995,3.01430869946,146.4172510421324,0.03372131570190306,0.671487960195518,1.5094561963106432,0.00034764242991652637,0.0069225562906754445,cuSPARSE 12.8.6,CUDA,13040,13000,2026-10-08T23:00:03.132117+00:00,derived,csr-alg3,0,0,,,,5,20,4,true
3,A100-SXM4-80GB-suitesparse_all-fp64-n4-row-major-cuSPARSE-SpMM-CSR-solve-only,cuSPARSE-SpMM-CSR-best-solve-only,cuSPARSE CUDA 13.4.1 CSR PER MATRIX BEST,per-matrix-best,cuSPARSE-SpMM-CSR,best,solve-only,"csr-alg1,csr-alg2,csr-alg3,csr-default",manual-selection,csr,CUSPARSE_SPMM_CSR_ALG3,library-preprocess,spmm.csr.fp64,fp64,A100-SXM4-80GB,A100-SXM4-80GB,,9700.0,0edb0287-e1df-52fd-b14b-f9e504b96222,suitesparse_all,UTEP/Dubcova3,Dubcova3,146689,146689,3636649,4,row-major,N,N,1.0,0.0,20260922,main,pass,pass,0,0,29093192.0,68.533747,0.14899200201,68.682739002,3.57567935201,195.26680363720013,0.423588115773205,8.136409654195031,2.0130598313113417,0.00436688779147634,0.08388051189891783,cuSPARSE 12.8.6,CUDA,13040,13000,2026-10-07T20:14:35.750631+00:00,derived,csr-alg3,0,0,,,,5,20,4,true
3,A100-SXM4-80GB-suitesparse_all-fp64-n4-row-major-cuSPARSE-SpMM-CSR-solve-only,cuSPARSE-SpMM-CSR-best-solve-only,cuSPARSE CUDA 13.4.1 CSR PER MATRIX BEST,per-matrix-best,cuSPARSE-SpMM-CSR,best,solve-only,"csr-alg1,csr-alg2,csr-alg3,csr-default",manual-selection,csr,CUSPARSE_SPMM_CSR_ALG3,library-preprocess,spmm.csr.fp64,fp64,A100-SXM4-80GB,A100-SXM4-80GB,,9700.0,df7f742d-c1c4-51c9-b7da-d151d8293f2c,suitesparse_all,vanHeukelum/cage10,cage10,11397,11397,150645,4,row-major,N,N,1.0,0.0,20260922,main,pass,pass,0,0,1205160.0,50.50875,0.0104960002005,50.5192460002,2.5359335002,114.8208819529738,0.023855462925856594,0.4752332819078076,1.1837204325048847,0.00024593260748305765,0.004899312184616573,cuSPARSE 12.8.6,CUDA,13040,13000,2026-10-08T22:50:22.714936+00:00,derived,csr-alg3,0,0,,,,5,20,4,true
3,A100-SXM4-80GB-suitesparse_all-fp64-n4-row-major-cuSPARSE-SpMM-CSR-solve-only,cuSPARSE-SpMM-CSR-best-solve-only,cuSPARSE CUDA 13.4.1 CSR PER MATRIX BEST,per-matrix-best,cuSPARSE-SpMM-CSR,best,solve-only,"csr-alg1,csr-alg2,csr-alg3,csr-default",manual-selection,csr,CUSPARSE_SPMM_CSR_ALG3,library-preprocess,spmm.csr.fp64,fp64,A100-SXM4-80GB,A100-SXM4-80GB,,9700.0,0edb0287-e1df-52fd-b14b-f9e504b96222,suitesparse_all,vanHeukelum/cage12,cage12,130228,130228,2032536,4,row-major,N,N,1.0,0.0,20260922,main,pass,pass,0,0,16260288.0,101.02676,0.103987205029,101.130747205,5.15532520503,156.36816082772228,0.1607848102520108,3.1540760967193684,1.6120428951311574,0.0016575753634227915,0.0325162484197873,cuSPARSE 12.8.6,CUDA,13040,13000,2026-10-07T20:04:22.724953+00:00,derived,csr-alg3,0,0,,,,5,20,4,true
3,A100-SXM4-80GB-suitesparse_all-fp64-n4-row-major-cuSPARSE-SpMM-CSR-solve-only,cuSPARSE-SpMM-CSR-best-solve-only,cuSPARSE CUDA 13.4.1 CSR PER MATRIX BEST,per-matrix-best,cuSPARSE-SpMM-CSR,best,solve-only,"csr-alg1,csr-alg2,csr-alg3,csr-default",manual-selection,csr,CUSPARSE_SPMM_CSR_ALG3,library-preprocess,spmm.csr.fp64,fp64,A100-SXM4-80GB,A100-SXM4-80GB,,9700.0,0edb0287-e1df-52fd-b14b-f9e504b96222,suitesparse_all,vanHeukelum/cage4,cage4,9,9,49,4,row-major,N,N,1.0,0.0,20260922,main,pass,pass,0,0,392.0,63.242865,0.00491520017385,63.2477802002,3.16705845017,0.07975260134582728,6.197845975925024e-06,0.00012377416020817626,0.0008221917664518276,6.389531933943324e-08,1.2760222701873843e-06,cuSPARSE 12.8.6,CUDA,13040,13000,2026-10-07T20:04:11.851119+00:00,derived,csr-alg3,0,0,,,,5,20,4,true
3,A100-SXM4-80GB-suitesparse_all-fp64-n4-row-major-cuSPARSE-SpMM-CSR-solve-only,cuSPARSE-SpMM-CSR-best-solve-only,cuSPARSE CUDA 13.4.1 CSR PER MATRIX BEST,per-matrix-best,cuSPARSE-SpMM-CSR,best,solve-only,"csr-alg1,csr-alg2,csr-alg3,csr-default",manual-selection,csr,CUSPARSE_SPMM_CSR_ALG3,library-preprocess,spmm.csr.fp64,fp64,A100-SXM4-80GB,A100-SXM4-80GB,,9700.0,1cb4d392-df77-5092-a407-ab8ee1286933,suitesparse_all,vanHeukelum/cage9,cage9,3534,3534,41594,4,row-major,N,N,1.0,0.0,20260922,main,pass,pass,0,0,332752.0,48.05469,0.00773120000958,48.0624212,2.41046570001,43.040148953289965,0.006923329946598695,0.1380446940185125,0.44371287580711305,7.137453553194531e-05,0.0014231411754485823,cuSPARSE 12.8.6,CUDA,13040,13000,2026-10-08T00:57:31.285452+00:00,derived,csr-alg3,0,0,,,,5,20,4,true
3,A100-SXM4-80GB-suitesparse_all-fp64-n4-row-major-cuSPARSE-SpMM-CSR-solve-only,cuSPARSE-SpMM-CSR-best-solve-only,cuSPARSE CUDA 13.4.1 CSR PER MATRIX BEST,per-matrix-best,cuSPARSE-SpMM-CSR,best,solve-only,"csr-alg1,csr-alg2,csr-alg3,csr-default",manual-selection,csr,CUSPARSE_SPMM_CSR_ALG3,library-preprocess,spmm.csr.fp64,fp64,A100-SXM4-80GB,A100-SXM4-80GB,,9700.0,1cb4d392-df77-5092-a407-ab8ee1286933,suitesparse_all,VanVelzen/std1_Jac2,std1_Jac2,21982,21982,1248731,4,row-major,N,N,1.0,0.0,20260922,main,pass,pass,0,0,9989848.0,52.007651,0.0549376010895,52.0625886011,2.65532015109,181.8399020322225,0.19188150778559115,3.7622009518886825,1.8746381652806443,0.001978159874078259,0.03878557682359467,cuSPARSE 12.8.6,CUDA,13040,13000,2026-10-08T01:01:02.489405+00:00,derived,csr-alg3,0,0,,,,5,20,4,true
3,A100-SXM4-80GB-suitesparse_all-fp64-n4-row-major-cuSPARSE-SpMM-CSR-solve-only,cuSPARSE-SpMM-CSR-best-solve-only,cuSPARSE CUDA 13.4.1 CSR PER MATRIX BEST,per-matrix-best,cuSPARSE-SpMM-CSR,best,solve-only,"csr-alg1,csr-alg2,csr-alg3,csr-default",manual-selection,csr,CUSPARSE_SPMM_CSR_ALG3,library-preprocess,spmm.csr.fp64,fp64,A100-SXM4-80GB,A100-SXM4-80GB,,9700.0,df7f742d-c1c4-51c9-b7da-d151d8293f2c,suitesparse_all,VanVelzen/std1_Jac3_db,std1_Jac3_db,21982,21982,531826,4,row-major,N,N,1.0,0.0,20260922,main,pass,pass,0,0,4254608.0,51.974381,0.0372736006975,52.0116546007,2.6359926507,114.14534470466019,0.08180105079646398,1.614043953753122,1.1767561309758783,0.0008433098020254018,0.01663962838920744,cuSPARSE 12.8.6,CUDA,13040,13000,2026-10-08T22:53:18.232673+00:00,derived,csr-alg3,0,0,,,,5,20,4,true
3,A100-SXM4-80GB-suitesparse_all-fp64-n4-row-major-cuSPARSE-SpMM-CSR-solve-only,cuSPARSE-SpMM-CSR-best-solve-only,cuSPARSE CUDA 13.4.1 CSR PER MATRIX BEST,per-matrix-best,cuSPARSE-SpMM-CSR,best,solve-only,"csr-alg1,csr-alg2,csr-alg3,csr-default",manual-selection,csr,CUSPARSE_SPMM_CSR_ALG3,library-preprocess,spmm.csr.fp64,fp64,A100-SXM4-80GB,A100-SXM4-80GB,,9700.0,0edb0287-e1df-52fd-b14b-f9e504b96222,suitesparse_all,VanVelzen/Zd_Jac2_db,Zd_Jac2_db,22835,22835,676439,4,row-major,N,N,1.0,0.0,20260922,main,pass,pass,0,0,5411512.0,56.155512,0.0378879994154,56.1933999994,2.84566359942,142.8291829470529,0.09630155854704968,1.901669614462851,1.472465803577865,0.0009927995726499968,0.01960484138621496,cuSPARSE 12.8.6,CUDA,13040,13000,2026-10-07T20:09:26.283946+00:00,derived,csr-alg3,0,0,,,,5,20,4,true
3,A100-SXM4-80GB-suitesparse_all-fp64-n4-row-major-cuSPARSE-SpMM-CSR-solve-only,cuSPARSE-SpMM-CSR-best-solve-only,cuSPARSE CUDA 13.4.1 CSR PER MATRIX BEST,per-matrix-best,cuSPARSE-SpMM-CSR,best,solve-only,"csr-alg1,csr-alg2,csr-alg3,csr-default",manual-selection,csr,CUSPARSE_SPMM_CSR_ALG1,library-preprocess,spmm.csr.fp64,fp64,A100-SXM4-80GB,A100-SXM4-80GB,,9700.0,1cb4d392-df77-5092-a407-ab8ee1286933,suitesparse_all,VanVelzen/Zd_Jac6,Zd_Jac6,22835,22835,1711983,4,row-major,N,N,1.0,0.0,20260922,main,pass,pass,0,0,13695864.0,0.13238,0.0849407970905,0.217320797091,0.0915597970905,161.24011628249463,63.021414348416236,149.58381773675913,1.662269240025718,0.6497053025609921,1.542101213781022,cuSPARSE 12.8.6,CUDA,13040,13000,2026-10-07T20:45:17.923975+00:00,derived,csr-alg1,0,0,,,,5,20,4,true
3,A100-SXM4-80GB-suitesparse_all-fp64-n4-row-major-cuSPARSE-SpMM-CSR-solve-only,cuSPARSE-SpMM-CSR-best-solve-only,cuSPARSE CUDA 13.4.1 CSR PER MATRIX BEST,per-matrix-best,cuSPARSE-SpMM-CSR,best,solve-only,"csr-alg1,csr-alg2,csr-alg3,csr-default",manual-selection,csr,CUSPARSE_SPMM_CSR_ALG1,library-preprocess,spmm.csr.fp64,fp64,A100-SXM4-80GB,A100-SXM4-80GB,,9700.0,0edb0287-e1df-52fd-b14b-f9e504b96222,suitesparse_all,VDOL/dynamicSoaringProblem_1,dynamicSoaringProblem_1,647,647,5367,4,row-major,N,N,1.0,0.0,20260922,main,pass,pass,0,0,42936.0,0.06023,0.015513600409,0.075743600409,0.018525100409,2.7676360656480026,0.5668597712302341,2.3177202310407194,0.02853233057369075,0.005843915167322001,0.02389402300041979,cuSPARSE 12.8.6,CUDA,13040,13000,2026-10-07T16:58:57.740620+00:00,derived,csr-alg1,0,0,,,,5,20,4,true
3,A100-SXM4-80GB-suitesparse_all-fp64-n4-row-major-cuSPARSE-SpMM-CSR-solve-only,cuSPARSE-SpMM-CSR-best-solve-only,cuSPARSE CUDA 13.4.1 CSR PER MATRIX BEST,per-matrix-best,cuSPARSE-SpMM-CSR,best,solve-only,"csr-alg1,csr-alg2,csr-alg3,csr-default",manual-selection,csr,CUSPARSE_SPMM_CSR_ALG3,library-preprocess,spmm.csr.fp64,fp64,A100-SXM4-80GB,A100-SXM4-80GB,,9700.0,1cb4d392-df77-5092-a407-ab8ee1286933,suitesparse_all,VDOL/dynamicSoaringProblem_6,dynamicSoaringProblem_6,3431,3431,36741,4,row-major,N,N,1.0,0.0,20260922,main,pass,pass,0,0,293928.0,63.157685,0.0100735999644,63.1677586,3.16795784996,29.17804965838812,0.004653133283725536,0.09278153748280181,0.30080463565348575,4.79704462239746e-05,0.0009565106956989878,cuSPARSE 12.8.6,CUDA,13040,13000,2026-10-08T02:10:35.928558+00:00,derived,csr-alg3,0,0,,,,5,20,4,true
3,A100-SXM4-80GB-suitesparse_all-fp64-n4-row-major-cuSPARSE-SpMM-CSR-solve-only,cuSPARSE-SpMM-CSR-best-solve-only,cuSPARSE CUDA 13.4.1 CSR PER MATRIX BEST,per-matrix-best,cuSPARSE-SpMM-CSR,best,solve-only,"csr-alg1,csr-alg2,csr-alg3,csr-default",manual-selection,csr,CUSPARSE_SPMM_CSR_ALG3,library-preprocess,spmm.csr.fp64,fp64,A100-SXM4-80GB,A100-SXM4-80GB,,9700.0,df7f742d-c1c4-51c9-b7da-d151d8293f2c,suitesparse_all,VDOL/dynamicSoaringProblem_7,dynamicSoaringProblem_7,3511,3511,37680,4,row-major,N,N,1.0,0.0,20260922,main,pass,pass,0,0,301440.0,62.853405,0.010342399776,62.8637473998,3.15301264978,29.146040235217455,0.004795132528178857,0.09560380292829869,0.30047464160017995,4.9434355960606776e-05,0.0009856062157556566,cuSPARSE 12.8.6,CUDA,13040,13000,2026-10-09T00:22:01.676242+00:00,derived,csr-alg3,0,0,,,,5,20,4,true
3,A100-SXM4-80GB-suitesparse_all-fp64-n4-row-major-cuSPARSE-SpMM-CSR-solve-only,cuSPARSE-SpMM-CSR-best-solve-only,cuSPARSE CUDA 13.4.1 CSR PER MATRIX BEST,per-matrix-best,cuSPARSE-SpMM-CSR,best,solve-only,"csr-alg1,csr-alg2,csr-alg3,csr-default",manual-selection,csr,CUSPARSE_SPMM_CSR_ALG1,library-preprocess,spmm.csr.fp64,fp64,A100-SXM4-80GB,A100-SXM4-80GB,,9700.0,0edb0287-e1df-52fd-b14b-f9e504b96222,suitesparse_all,VDOL/freeFlyingRobot_1,freeFlyingRobot_1,798,798,5246,4,row-major,N,N,1.0,0.0,20260922,main,pass,pass,0,0,41968.0,0.06263,0.0149504005909,0.0775804005909,0.0180819005909,2.8071488616529146,0.5409613727223104,2.3209949523293503,0.02893967898611252,0.005576921368271241,0.023927783013704643,cuSPARSE 12.8.6,CUDA,13040,13000,2026-10-07T16:58:58.317893+00:00,derived,csr-alg1,0,0,,,,5,20,4,true
3,A100-SXM4-80GB-suitesparse_all-fp64-n4-row-major-cuSPARSE-SpMM-CSR-solve-only,cuSPARSE-SpMM-CSR-best-solve-only,cuSPARSE CUDA 13.4.1 CSR PER MATRIX BEST,per-matrix-best,cuSPARSE-SpMM-CSR,best,solve-only,"csr-alg1,csr-alg2,csr-alg3,csr-default",manual-selection,csr,CUSPARSE_SPMM_CSR_ALG3,library-preprocess,spmm.csr.fp64,fp64,A100-SXM4-80GB,A100-SXM4-80GB,,9700.0,1cb4d392-df77-5092-a407-ab8ee1286933,suitesparse_all,VDOL/freeFlyingRobot_14,freeFlyingRobot_14,5958,5958,43298,4,row-major,N,N,1.0,0.0,20260922,main,pass,pass,0,0,346384.0,69.767578,0.0101503998041,69.7777283998,3.4985292998,34.125158287862405,0.004964105423658257,0.09900846050361839,0.35180575554497323,5.117634457379646e-05,0.0010207057783878184,cuSPARSE 12.8.6,CUDA,13040,13000,2026-10-08T02:10:38.099911+00:00,derived,csr-alg3,0,0,,,,5,20,4,true
3,A100-SXM4-80GB-suitesparse_all-fp64-n4-row-major-cuSPARSE-SpMM-CSR-solve-only,cuSPARSE-SpMM-CSR-best-solve-only,cuSPARSE CUDA 13.4.1 CSR PER MATRIX BEST,per-matrix-best,cuSPARSE-SpMM-CSR,best,solve-only,"csr-alg1,csr-alg2,csr-alg3,csr-default",manual-selection,csr,CUSPARSE_SPMM_CSR_ALG3,library-preprocess,spmm.csr.fp64,fp64,A100-SXM4-80GB,A100-SXM4-80GB,,9700.0,df7f742d-c1c4-51c9-b7da-d151d8293f2c,suitesparse_all,VDOL/freeFlyingRobot_15,freeFlyingRobot_15,6038,6038,43378,4,row-major,N,N,1.0,0.0,20260922,main,pass,pass,0,0,347024.0,58.867044,0.0131071999669,58.8801512,2.95645939997,26.4758301449852,0.00589373486527324,0.11737823966177967,0.2729467025256206,6.076015325023959e-05,0.0012100849449668007,cuSPARSE 12.8.6,CUDA,13040,13000,2026-10-09T00:22:03.274312+00:00,derived,csr-alg3,0,0,,,,5,20,4,true
3,A100-SXM4-80GB-suitesparse_all-fp64-n4-row-major-cuSPARSE-SpMM-CSR-solve-only,cuSPARSE-SpMM-CSR-best-solve-only,cuSPARSE CUDA 13.4.1 CSR PER MATRIX BEST,per-matrix-best,cuSPARSE-SpMM-CSR,best,solve-only,"csr-alg1,csr-alg2,csr-alg3,csr-default",manual-selection,csr,CUSPARSE_SPMM_CSR_ALG3,library-preprocess,spmm.csr.fp64,fp64,A100-SXM4-80GB,A100-SXM4-80GB,,9700.0,1cb4d392-df77-5092-a407-ab8ee1286933,suitesparse_all,VDOL/freeFlyingRobot_6,freeFlyingRobot_6,3358,3358,27030,4,row-major,N,N,1.0,0.0,20260922,main,pass,pass,0,0,216240.0,63.490485,0.00878240019083,63.4992674002,3.18330665019,24.621970680154554,0.00340539361875093,0.0679293652049178,0.25383474927994387,3.510715070877247e-05,0.0007003027340713175,cuSPARSE 12.8.6,CUDA,13040,13000,2026-10-08T02:10:37.046101+00:00,derived,csr-alg3,0,0,,,,5,20,4,true
3,A100-SXM4-80GB-suitesparse_all-fp64-n4-row-major-cuSPARSE-SpMM-CSR-solve-only,cuSPARSE-SpMM-CSR-best-solve-only,cuSPARSE CUDA 13.4.1 CSR PER MATRIX BEST,per-matrix-best,cuSPARSE-SpMM-CSR,best,solve-only,"csr-alg1,csr-alg2,csr-alg3,csr-default",manual-selection,csr,CUSPARSE_SPMM_CSR_ALG3,library-preprocess,spmm.csr.fp64,fp64,A100-SXM4-80GB,A100-SXM4-80GB,,9700.0,df7f742d-c1c4-51c9-b7da-d151d8293f2c,suitesparse_all,VDOL/freeFlyingRobot_7,freeFlyingRobot_7,3918,3918,31046,4,row-major,N,N,1.0,0.0,20260922,main,pass,pass,0,0,248368.0,55.707482,0.00942080020905,55.7169028002,2.79479490021,26.363790175850212,0.0044576777874865735,0.08886805968528771,0.27179165129742483,4.5955441108109006e-05,0.0009161655637658528,cuSPARSE 12.8.6,CUDA,13040,13000,2026-10-09T00:22:02.373940+00:00,derived,csr-alg3,0,0,,,,5,20,4,true
3,A100-SXM4-80GB-suitesparse_all-fp64-n4-row-major-cuSPARSE-SpMM-CSR-solve-only,cuSPARSE-SpMM-CSR-best-solve-only,cuSPARSE CUDA 13.4.1 CSR PER MATRIX BEST,per-matrix-best,cuSPARSE-SpMM-CSR,best,solve-only,"csr-alg1,csr-alg2,csr-alg3,csr-default",manual-selection,csr,CUSPARSE_SPMM_CSR_ALG3,library-preprocess,spmm.csr.fp64,fp64,A100-SXM4-80GB,A100-SXM4-80GB,,9700.0,0edb0287-e1df-52fd-b14b-f9e504b96222,suitesparse_all,VDOL/freeFlyingRobot_9,freeFlyingRobot_9,4778,4778,39964,4,row-major,N,N,1.0,0.0,20260922,main,pass,pass,0,0,319712.0,54.200042,0.0117760002613,54.2118180003,2.72177810026,27.149455919314462,0.0058974594801124505,0.11746438843396502,0.2798912981372625,6.079855134136547e-05,0.0012109730766388146,cuSPARSE 12.8.6,CUDA,13040,13000,2026-10-07T21:30:41.462386+00:00,derived,csr-alg3,0,0,,,,5,20,4,true
3,A100-SXM4-80GB-suitesparse_all-fp64-n4-row-major-cuSPARSE-SpMM-CSR-solve-only,cuSPARSE-SpMM-CSR-best-solve-only,cuSPARSE CUDA 13.4.1 CSR PER MATRIX BEST,per-matrix-best,cuSPARSE-SpMM-CSR,best,solve-only,"csr-alg1,csr-alg2,csr-alg3,csr-default",manual-selection,csr,CUSPARSE_SPMM_CSR_ALG1,library-preprocess,spmm.csr.fp64,fp64,A100-SXM4-80GB,A100-SXM4-80GB,,9700.0,0edb0287-e1df-52fd-b14b-f9e504b96222,suitesparse_all,VDOL/goddardRocketProblem_1,goddardRocketProblem_1,831,831,8498,4,row-major,N,N,1.0,0.0,20260922,main,pass,pass,0,0,67984.0,0.07332,0.015820799768,0.089140799768,0.019486799768,4.297127894729322,0.762658627440373,3.4887206113565683,0.0443002875745291,0.007862460076704877,0.03596619186965534,cuSPARSE 12.8.6,CUDA,13040,13000,2026-10-07T16:58:59.861213+00:00,derived,csr-alg1,0,0,,,,5,20,4,true
3,A100-SXM4-80GB-suitesparse_all-fp64-n4-row-major-cuSPARSE-SpMM-CSR-solve-only,cuSPARSE-SpMM-CSR-best-solve-only,cuSPARSE CUDA 13.4.1 CSR PER MATRIX BEST,per-matrix-best,cuSPARSE-SpMM-CSR,best,solve-only,"csr-alg1,csr-alg2,csr-alg3,csr-default",manual-selection,csr,CUSPARSE_SPMM_CSR_ALG1,library-preprocess,spmm.csr.fp64,fp64,A100-SXM4-80GB,A100-SXM4-80GB,,9700.0,1cb4d392-df77-5092-a407-ab8ee1286933,suitesparse_all,VDOL/hangGlider_4,hangGlider_4,15561,15561,149532,4,row-major,N,N,1.0,0.0,20260922,main,pass,pass,0,0,1196256.0,0.0835,0.0273407995701,0.11084079957,0.0315157995701,43.75351192392449,10.792560182178413,37.95734254938353,0.45106713323633496,0.11126350703276715,0.39131280978745914,cuSPARSE 12.8.6,CUDA,13040,13000,2026-10-07T21:55:49.311611+00:00,derived,csr-alg1,0,0,,,,5,20,4,true
3,A100-SXM4-80GB-suitesparse_all-fp64-n4-row-major-cuSPARSE-SpMM-CSR-solve-only,cuSPARSE-SpMM-CSR-best-solve-only,cuSPARSE CUDA 13.4.1 CSR PER MATRIX BEST,per-matrix-best,cuSPARSE-SpMM-CSR,best,solve-only,"csr-alg1,csr-alg2,csr-alg3,csr-default",manual-selection,csr,CUSPARSE_SPMM_CSR_ALG1,library-preprocess,spmm.csr.fp64,fp64,A100-SXM4-80GB,A100-SXM4-80GB,,9700.0,df7f742d-c1c4-51c9-b7da-d151d8293f2c,suitesparse_all,VDOL/hangGlider_5,hangGlider_5,16011,16011,155246,4,row-major,N,N,1.0,0.0,20260922,main,pass,pass,0,0,1241968.0,0.07558,0.027910399437,0.103490399437,0.031689399437,44.49839576117135,12.000804004588375,39.1919071381927,0.4587463480533129,0.12371962891328221,0.4040402797751824,cuSPARSE 12.8.6,CUDA,13040,13000,2026-10-08T19:11:42.178847+00:00,derived,csr-alg1,0,0,,,,5,20,4,true
3,A100-SXM4-80GB-suitesparse_all-fp64-n4-row-major-cuSPARSE-SpMM-CSR-solve-only,cuSPARSE-SpMM-CSR-best-solve-only,cuSPARSE CUDA 13.4.1 CSR PER MATRIX BEST,per-matrix-best,cuSPARSE-SpMM-CSR,best,solve-only,"csr-alg1,csr-alg2,csr-alg3,csr-default",manual-selection,csr,CUSPARSE_SPMM_CSR_ALG3,library-preprocess,spmm.csr.fp64,fp64,A100-SXM4-80GB,A100-SXM4-80GB,,9700.0,0edb0287-e1df-52fd-b14b-f9e504b96222,suitesparse_all,VDOL/kineticBatchReactor_2,kineticBatchReactor_2,4361,4361,44840,4,row-major,N,N,1.0,0.0,20260922,main,pass,pass,0,0,358720.0,55.289662,0.0116223998368,55.3012843998,2.77610549984,30.86453787832914,0.006486648617537305,0.12921699122049748,0.3181911121477231,6.68726661601784e-05,0.0013321339301082214,cuSPARSE 12.8.6,CUDA,13040,13000,2026-10-07T21:30:43.612616+00:00,derived,csr-alg3,0,0,,,,5,20,4,true
3,A100-SXM4-80GB-suitesparse_all-fp64-n4-row-major-cuSPARSE-SpMM-CSR-solve-only,cuSPARSE-SpMM-CSR-best-solve-only,cuSPARSE CUDA 13.4.1 CSR PER MATRIX BEST,per-matrix-best,cuSPARSE-SpMM-CSR,best,solve-only,"csr-alg1,csr-alg2,csr-alg3,csr-default",manual-selection,csr,CUSPARSE_SPMM_CSR_ALG3,library-preprocess,spmm.csr.fp64,fp64,A100-SXM4-80GB,A100-SXM4-80GB,,9700.0,1cb4d392-df77-5092-a407-ab8ee1286933,suitesparse_all,VDOL/kineticBatchReactor_7,kineticBatchReactor_7,7968,7968,84508,4,row-major,N,N,1.0,0.0,20260922,main,pass,pass,0,0,676064.0,51.891331,0.0135087996721,51.9048397997,2.60807534967,50.04619332658317,0.013025066691447673,0.2592195045613013,0.5159401373874554,0.00013427903805616158,0.002672366026405168,cuSPARSE 12.8.6,CUDA,13040,13000,2026-10-08T02:10:40.959247+00:00,derived,csr-alg3,0,0,,,,5,20,4,true
3,A100-SXM4-80GB-suitesparse_all-fp64-n4-row-major-cuSPARSE-SpMM-CSR-solve-only,cuSPARSE-SpMM-CSR-best-solve-only,cuSPARSE CUDA 13.4.1 CSR PER MATRIX BEST,per-matrix-best,cuSPARSE-SpMM-CSR,best,solve-only,"csr-alg1,csr-alg2,csr-alg3,csr-default",manual-selection,csr,CUSPARSE_SPMM_CSR_ALG3,library-preprocess,spmm.csr.fp64,fp64,A100-SXM4-80GB,A100-SXM4-80GB,,9700.0,df7f742d-c1c4-51c9-b7da-d151d8293f2c,suitesparse_all,VDOL/kineticBatchReactor_8,kineticBatchReactor_8,8052,8052,85194,4,row-major,N,N,1.0,0.0,20260922,main,pass,pass,0,0,681552.0,64.035586,0.0163839995861,64.0519699996,3.21816329959,41.59863386338345,0.010640609492639433,0.211782913591374,0.42885189549879843,0.00010969700507875704,0.002183329006096639,cuSPARSE 12.8.6,CUDA,13040,13000,2026-10-09T00:22:06.251119+00:00,derived,csr-alg3,0,0,,,,5,20,4,true
3,A100-SXM4-80GB-suitesparse_all-fp64-n4-row-major-cuSPARSE-SpMM-CSR-solve-only,cuSPARSE-SpMM-CSR-best-solve-only,cuSPARSE CUDA 13.4.1 CSR PER MATRIX BEST,per-matrix-best,cuSPARSE-SpMM-CSR,best,solve-only,"csr-alg1,csr-alg2,csr-alg3,csr-default",manual-selection,csr,CUSPARSE_SPMM_CSR_ALG1,library-preprocess,spmm.csr.fp64,fp64,A100-SXM4-80GB,A100-SXM4-80GB,,9700.0,0edb0287-e1df-52fd-b14b-f9e504b96222,suitesparse_all,VDOL/lowThrust_1,lowThrust_1,584,584,6133,4,row-major,N,N,1.0,0.0,20260922,main,pass,pass,0,0,49064.0,0.05775,0.0151552006602,0.0729052006602,0.0180427006602,3.2374365143742354,0.6729835396610431,2.7193268305021103,0.03337563416880655,0.0069379746356808564,0.02803429722167124,cuSPARSE 12.8.6,CUDA,13040,13000,2026-10-07T16:59:01.189078+00:00,derived,csr-alg1,0,0,,,,5,20,4,true
3,A100-SXM4-80GB-suitesparse_all-fp64-n4-row-major-cuSPARSE-SpMM-CSR-solve-only,cuSPARSE-SpMM-CSR-best-solve-only,cuSPARSE CUDA 13.4.1 CSR PER MATRIX BEST,per-matrix-best,cuSPARSE-SpMM-CSR,best,solve-only,"csr-alg1,csr-alg2,csr-alg3,csr-default",manual-selection,csr,CUSPARSE_SPMM_CSR_ALG3,library-preprocess,spmm.csr.fp64,fp64,A100-SXM4-80GB,A100-SXM4-80GB,,9700.0,1cb4d392-df77-5092-a407-ab8ee1286933,suitesparse_all,VDOL/lowThrust_6,lowThrust_6,16928,16928,207349,4,row-major,N,N,1.0,0.0,20260922,main,pass,pass,0,0,1658792.0,55.007853,0.0261664003134,55.0340194003,2.77655905031,63.393970134689134,0.030141211164942783,0.5974272363538595,0.6535460838627746,0.0003107341357210596,0.006159043673751129,cuSPARSE 12.8.6,CUDA,13040,13000,2026-10-08T02:10:42.299470+00:00,derived,csr-alg3,0,0,,,,5,20,4,true
3,A100-SXM4-80GB-suitesparse_all-fp64-n4-row-major-cuSPARSE-SpMM-CSR-solve-only,cuSPARSE-SpMM-CSR-best-solve-only,cuSPARSE CUDA 13.4.1 CSR PER MATRIX BEST,per-matrix-best,cuSPARSE-SpMM-CSR,best,solve-only,"csr-alg1,csr-alg2,csr-alg3,csr-default",manual-selection,csr,CUSPARSE_SPMM_CSR_ALG1,library-preprocess,spmm.csr.fp64,fp64,A100-SXM4-80GB,A100-SXM4-80GB,,9700.0,df7f742d-c1c4-51c9-b7da-d151d8293f2c,suitesparse_all,VDOL/lowThrust_7,lowThrust_7,17378,17378,211561,4,row-major,N,N,1.0,0.0,20260922,main,pass,pass,0,0,1692488.0,0.06977,0.0305151998997,0.1002851999,0.0340036998997,55.46376905814205,16.87674753291288,49.773642426921086,0.5717914335890933,0.17398708796817403,0.5131303342981555,cuSPARSE 12.8.6,CUDA,13040,13000,2026-10-08T19:11:44.366605+00:00,derived,csr-alg1,0,0,,,,5,20,4,true
3,A100-SXM4-80GB-suitesparse_all-fp64-n4-row-major-cuSPARSE-SpMM-CSR-solve-only,cuSPARSE-SpMM-CSR-best-solve-only,cuSPARSE CUDA 13.4.1 CSR PER MATRIX BEST,per-matrix-best,cuSPARSE-SpMM-CSR,best,solve-only,"csr-alg1,csr-alg2,csr-alg3,csr-default",manual-selection,csr,CUSPARSE_SPMM_CSR_ALG1,library-preprocess,spmm.csr.fp64,fp64,A100-SXM4-80GB,A100-SXM4-80GB,,9700.0,0edb0287-e1df-52fd-b14b-f9e504b96222,suitesparse_all,VDOL/lowThrust_9,lowThrust_9,18044,18044,219589,4,row-major,N,N,1.0,0.0,20260922,main,pass,pass,0,0,1756712.0,0.099909,0.0307711988688,0.130680198869,0.0357666488688,57.08948837158216,13.442832312805178,49.11592378821983,0.5885514265111563,0.13858590013201214,0.5063497297754621,cuSPARSE 12.8.6,CUDA,13040,13000,2026-10-07T16:59:02.666724+00:00,derived,csr-alg1,0,0,,,,5,20,4,true
3,A100-SXM4-80GB-suitesparse_all-fp64-n4-row-major-cuSPARSE-SpMM-CSR-solve-only,cuSPARSE-SpMM-CSR-best-solve-only,cuSPARSE CUDA 13.4.1 CSR PER MATRIX BEST,per-matrix-best,cuSPARSE-SpMM-CSR,best,solve-only,"csr-alg1,csr-alg2,csr-alg3,csr-default",manual-selection,csr,CUSPARSE_SPMM_CSR_ALG3,library-preprocess,spmm.csr.fp64,fp64,A100-SXM4-80GB,A100-SXM4-80GB,,9700.0,1cb4d392-df77-5092-a407-ab8ee1286933,suitesparse_all,VDOL/orbitRaising_1,orbitRaising_1,442,442,2906,4,row-major,N,N,1.0,0.0,20260922,main,pass,pass,0,0,23248.0,53.826481,0.00593920014799,53.8324202001,2.69726325015,3.914331799016372,0.0004318587184745748,0.008619106792304064,0.040353936072333736,4.4521517368512865e-06,8.885677105468107e-05,cuSPARSE 12.8.6,CUDA,13040,13000,2026-10-08T02:10:43.510816+00:00,derived,csr-alg3,0,0,,,,5,20,4,true
3,A100-SXM4-80GB-suitesparse_all-fp64-n4-row-major-cuSPARSE-SpMM-CSR-solve-only,cuSPARSE-SpMM-CSR-best-solve-only,cuSPARSE CUDA 13.4.1 CSR PER MATRIX BEST,per-matrix-best,cuSPARSE-SpMM-CSR,best,solve-only,"csr-alg1,csr-alg2,csr-alg3,csr-default",manual-selection,csr,CUSPARSE_SPMM_CSR_ALG3,library-preprocess,spmm.csr.fp64,fp64,A100-SXM4-80GB,A100-SXM4-80GB,,9700.0,df7f742d-c1c4-51c9-b7da-d151d8293f2c,suitesparse_all,VDOL/orbitRaising_2,orbitRaising_2,739,739,6526,4,row-major,N,N,1.0,0.0,20260922,main,pass,pass,0,0,52208.0,58.948694,0.00691199973226,58.9556059997,2.95434669973,7.553241033319553,0.0008855476780319359,0.017671588782985873,0.07786846426102632,9.129357505483876e-06,0.00018218132765964815,cuSPARSE 12.8.6,CUDA,13040,13000,2026-10-09T00:22:09.172118+00:00,derived,csr-alg3,0,0,,,,5,20,4,true
3,A100-SXM4-80GB-suitesparse_all-fp64-n4-row-major-cuSPARSE-SpMM-CSR-solve-only,cuSPARSE-SpMM-CSR-best-solve-only,cuSPARSE CUDA 13.4.1 CSR PER MATRIX BEST,per-matrix-best,cuSPARSE-SpMM-CSR,best,solve-only,"csr-alg1,csr-alg2,csr-alg3,csr-default",manual-selection,csr,CUSPARSE_SPMM_CSR_ALG3,library-preprocess,spmm.csr.fp64,fp64,A100-SXM4-80GB,A100-SXM4-80GB,,9700.0,0edb0287-e1df-52fd-b14b-f9e504b96222,suitesparse_all,VDOL/orbitRaising_4,orbitRaising_4,915,915,7790,4,row-major,N,N,1.0,0.0,20260922,main,pass,pass,0,0,62320.0,50.204621,0.00645119994879,50.2110721999,2.51668224995,9.660218330651627,0.0012411605104127633,0.024762760575451324,0.09958987969743945,1.2795469179513024e-05,0.0002552861914994982,cuSPARSE 12.8.6,CUDA,13040,13000,2026-10-07T21:30:47.571658+00:00,derived,csr-alg3,0,0,,,,5,20,4,true
3,A100-SXM4-80GB-suitesparse_all-fp64-n4-row-major-cuSPARSE-SpMM-CSR-solve-only,cuSPARSE-SpMM-CSR-best-solve-only,cuSPARSE CUDA 13.4.1 CSR PER MATRIX BEST,per-matrix-best,cuSPARSE-SpMM-CSR,best,solve-only,"csr-alg1,csr-alg2,csr-alg3,csr-default",manual-selection,csr,CUSPARSE_SPMM_CSR_ALG1,library-preprocess,spmm.csr.fp64,fp64,A100-SXM4-80GB,A100-SXM4-80GB,,9700.0,1cb4d392-df77-5092-a407-ab8ee1286933,suitesparse_all,VDOL/reorientation_5,reorientation_5,2904,2904,35590,4,row-major,N,N,1.0,0.0,20260922,main,pass,pass,0,0,284720.0,0.06414,0.017049600184,0.081189600184,0.020256600184,16.699511831790176,3.5068530865374266,14.055665680013306,0.1721599157916513,0.03615312460347862,0.14490376989704437,cuSPARSE 12.8.6,CUDA,13040,13000,2026-10-07T21:55:52.830814+00:00,derived,csr-alg1,0,0,,,,5,20,4,true
3,A100-SXM4-80GB-suitesparse_all-fp64-n4-row-major-cuSPARSE-SpMM-CSR-solve-only,cuSPARSE-SpMM-CSR-best-solve-only,cuSPARSE CUDA 13.4.1 CSR PER MATRIX BEST,per-matrix-best,cuSPARSE-SpMM-CSR,best,solve-only,"csr-alg1,csr-alg2,csr-alg3,csr-default",manual-selection,csr,CUSPARSE_SPMM_CSR_ALG3,library-preprocess,spmm.csr.fp64,fp64,A100-SXM4-80GB,A100-SXM4-80GB,,9700.0,df7f742d-c1c4-51c9-b7da-d151d8293f2c,suitesparse_all,VDOL/reorientation_6,reorientation_6,3006,3006,37342,4,row-major,N,N,1.0,0.0,20260922,main,pass,pass,0,0,298736.0,60.285134,0.0145408004522,60.2996748005,3.02879750045,20.544673656861974,0.004954189238803705,0.09863188277051062,0.2118007593490925,5.107411586395572e-05,0.0010168235337166044,cuSPARSE 12.8.6,CUDA,13040,13000,2026-10-09T00:22:10.304916+00:00,derived,csr-alg3,0,0,,,,5,20,4,true
3,A100-SXM4-80GB-suitesparse_all-fp64-n4-row-major-cuSPARSE-SpMM-CSR-solve-only,cuSPARSE-SpMM-CSR-best-solve-only,cuSPARSE CUDA 13.4.1 CSR PER MATRIX BEST,per-matrix-best,cuSPARSE-SpMM-CSR,best,solve-only,"csr-alg1,csr-alg2,csr-alg3,csr-default",manual-selection,csr,CUSPARSE_SPMM_CSR_ALG1,library-preprocess,spmm.csr.fp64,fp64,A100-SXM4-80GB,A100-SXM4-80GB,,9700.0,0edb0287-e1df-52fd-b14b-f9e504b96222,suitesparse_all,VDOL/reorientation_8,reorientation_8,3108,3108,37894,4,row-major,N,N,1.0,0.0,20260922,main,pass,pass,0,0,303152.0,0.06277,0.0173567995429,0.0801267995429,0.0204952995429,17.4658927903565,3.783403327343581,14.791293943543176,0.18006075041604638,0.03900415801385135,0.15248756642828018,cuSPARSE 12.8.6,CUDA,13040,13000,2026-10-07T16:59:04.052271+00:00,derived,csr-alg1,0,0,,,,5,20,4,true
3,A100-SXM4-80GB-suitesparse_all-fp64-n4-row-major-cuSPARSE-SpMM-CSR-solve-only,cuSPARSE-SpMM-CSR-best-solve-only,cuSPARSE CUDA 13.4.1 CSR PER MATRIX BEST,per-matrix-best,cuSPARSE-SpMM-CSR,best,solve-only,"csr-alg1,csr-alg2,csr-alg3,csr-default",manual-selection,csr,CUSPARSE_SPMM_CSR_ALG3,library-preprocess,spmm.csr.fp64,fp64,A100-SXM4-80GB,A100-SXM4-80GB,,9700.0,1cb4d392-df77-5092-a407-ab8ee1286933,suitesparse_all,VDOL/spaceStation_1,spaceStation_1,99,99,927,4,row-major,N,N,1.0,0.0,20260922,main,pass,pass,0,0,7416.0,61.456384,0.00511999987066,61.4615039999,3.07793919987,1.4484375365900217,0.00012066089368740579,0.0024094043184196825,0.014932345738041461,1.2439267390454206e-06,2.48392197775225e-05,cuSPARSE 12.8.6,CUDA,13040,13000,2026-10-08T02:10:46.111466+00:00,derived,csr-alg3,0,0,,,,5,20,4,true
3,A100-SXM4-80GB-suitesparse_all-fp64-n4-row-major-cuSPARSE-SpMM-CSR-solve-only,cuSPARSE-SpMM-CSR-best-solve-only,cuSPARSE CUDA 13.4.1 CSR PER MATRIX BEST,per-matrix-best,cuSPARSE-SpMM-CSR,best,solve-only,"csr-alg1,csr-alg2,csr-alg3,csr-default",manual-selection,csr,CUSPARSE_SPMM_CSR_ALG1,library-preprocess,spmm.csr.fp64,fp64,A100-SXM4-80GB,A100-SXM4-80GB,,9700.0,df7f742d-c1c4-51c9-b7da-d151d8293f2c,suitesparse_all,VDOL/spaceStation_10,spaceStation_10,1272,1272,17478,4,row-major,N,N,1.0,0.0,20260922,main,pass,pass,0,0,139824.0,0.07306,0.0158720001578,0.0889320001578,0.0195250001578,8.809475718867485,1.5722574523444628,7.161280351854031,0.09081933730791222,0.01620883971489137,0.07382763249334053,cuSPARSE 12.8.6,CUDA,13040,13000,2026-10-08T19:11:47.024650+00:00,derived,csr-alg1,0,0,,,,5,20,4,true
3,A100-SXM4-80GB-suitesparse_all-fp64-n4-row-major-cuSPARSE-SpMM-CSR-solve-only,cuSPARSE-SpMM-CSR-best-solve-only,cuSPARSE CUDA 13.4.1 CSR PER MATRIX BEST,per-matrix-best,cuSPARSE-SpMM-CSR,best,solve-only,"csr-alg1,csr-alg2,csr-alg3,csr-default",manual-selection,csr,CUSPARSE_SPMM_CSR_ALG1,library-preprocess,spmm.csr.fp64,fp64,A100-SXM4-80GB,A100-SXM4-80GB,,9700.0,0edb0287-e1df-52fd-b14b-f9e504b96222,suitesparse_all,VDOL/spaceStation_12,spaceStation_12,1410,1410,19728,4,row-major,N,N,1.0,0.0,20260922,main,pass,pass,0,0,157824.0,0.064111,0.0159232005477,0.0800342005477,0.0191287505477,9.91157522177893,1.971956974892723,8.250617289741196,0.10218118785339105,0.020329453349409516,0.08505791020351748,cuSPARSE 12.8.6,CUDA,13040,13000,2026-10-07T16:59:05.383995+00:00,derived,csr-alg1,0,0,,,,5,20,4,true
3,A100-SXM4-80GB-suitesparse_all-fp64-n4-row-major-cuSPARSE-SpMM-CSR-solve-only,cuSPARSE-SpMM-CSR-best-solve-only,cuSPARSE CUDA 13.4.1 CSR PER MATRIX BEST,per-matrix-best,cuSPARSE-SpMM-CSR,best,solve-only,"csr-alg1,csr-alg2,csr-alg3,csr-default",manual-selection,csr,CUSPARSE_SPMM_CSR_ALG3,library-preprocess,spmm.csr.fp64,fp64,A100-SXM4-80GB,A100-SXM4-80GB,,9700.0,df7f742d-c1c4-51c9-b7da-d151d8293f2c,suitesparse_all,VDOL/spaceStation_2,spaceStation_2,329,329,5817,4,row-major,N,N,1.0,0.0,20260922,main,pass,pass,0,0,46536.0,55.659152,0.00701439976692,55.6661663998,2.78997199977,6.634352410232502,0.0008359835607462849,0.016679737289061088,0.06839538567250003,8.618387224188504e-06,0.00017195605452640297,cuSPARSE 12.8.6,CUDA,13040,13000,2026-10-09T00:22:11.230807+00:00,derived,csr-alg3,0,0,,,,5,20,4,true
3,A100-SXM4-80GB-suitesparse_all-fp64-n4-row-major-cuSPARSE-SpMM-CSR-solve-only,cuSPARSE-SpMM-CSR-best-solve-only,cuSPARSE CUDA 13.4.1 CSR PER MATRIX BEST,per-matrix-best,cuSPARSE-SpMM-CSR,best,solve-only,"csr-alg1,csr-alg2,csr-alg3,csr-default",manual-selection,csr,CUSPARSE_SPMM_CSR_ALG1,library-preprocess,spmm.csr.fp64,fp64,A100-SXM4-80GB,A100-SXM4-80GB,,9700.0,0edb0287-e1df-52fd-b14b-f9e504b96222,suitesparse_all,VDOL/spaceStation_4,spaceStation_4,950,950,13626,4,row-major,N,N,1.0,0.0,20260922,main,pass,pass,0,0,109008.0,0.06024,0.0154624000192,0.0757024000192,0.0184744000192,7.049875819060585,1.4399543471851997,5.900489319637476,0.07267913215526375,0.014844890177167006,0.06082978680038635,cuSPARSE 12.8.6,CUDA,13040,13000,2026-10-07T16:59:04.779719+00:00,derived,csr-alg1,0,0,,,,5,20,4,true
3,A100-SXM4-80GB-suitesparse_all-fp64-n4-row-major-cuSPARSE-SpMM-CSR-solve-only,cuSPARSE-SpMM-CSR-best-solve-only,cuSPARSE CUDA 13.4.1 CSR PER MATRIX BEST,per-matrix-best,cuSPARSE-SpMM-CSR,best,solve-only,"csr-alg1,csr-alg2,csr-alg3,csr-default",manual-selection,csr,CUSPARSE_SPMM_CSR_ALG1,library-preprocess,spmm.csr.fp64,fp64,A100-SXM4-80GB,A100-SXM4-80GB,,9700.0,1cb4d392-df77-5092-a407-ab8ee1286933,suitesparse_all,VDOL/spaceStation_9,spaceStation_9,1180,1180,19674,4,row-major,N,N,1.0,0.0,20260922,main,pass,pass,0,0,157392.0,0.06151,0.0154624000192,0.0769724000192,0.0185379000192,10.179014888022746,2.044784883422371,8.490282061991197,0.10493829781466747,0.021080256530127538,0.08752868105145564,cuSPARSE 12.8.6,CUDA,13040,13000,2026-10-07T21:55:54.093911+00:00,derived,csr-alg1,0,0,,,,5,20,4,true
3,A100-SXM4-80GB-suitesparse_all-fp64-n4-row-major-cuSPARSE-SpMM-CSR-solve-only,cuSPARSE-SpMM-CSR-best-solve-only,cuSPARSE CUDA 13.4.1 CSR PER MATRIX BEST,per-matrix-best,cuSPARSE-SpMM-CSR,best,solve-only,"csr-alg1,csr-alg2,csr-alg3,csr-default",manual-selection,csr,CUSPARSE_SPMM_CSR_ALG1,library-preprocess,spmm.csr.fp64,fp64,A100-SXM4-80GB,A100-SXM4-80GB,,9700.0,1cb4d392-df77-5092-a407-ab8ee1286933,suitesparse_all,VDOL/tumorAntiAngiogenesis_3,tumorAntiAngiogenesis_3,410,410,3952,4,row-major,N,N,1.0,0.0,20260922,main,pass,pass,0,0,31616.0,0.06498,0.0149504005909,0.0799304005909,0.0181994005909,2.114725943814777,0.39554412046321524,1.7372000710731386,0.02180129838984306,0.004077774437765106,0.017909279083228234,cuSPARSE 12.8.6,CUDA,13040,13000,2026-10-07T21:55:54.671042+00:00,derived,csr-alg1,0,0,,,,5,20,4,true
3,A100-SXM4-80GB-suitesparse_all-fp64-n4-row-major-cuSPARSE-SpMM-CSR-solve-only,cuSPARSE-SpMM-CSR-best-solve-only,cuSPARSE CUDA 13.4.1 CSR PER MATRIX BEST,per-matrix-best,cuSPARSE-SpMM-CSR,best,solve-only,"csr-alg1,csr-alg2,csr-alg3,csr-default",manual-selection,csr,CUSPARSE_SPMM_CSR_ALG1,library-preprocess,spmm.csr.fp64,fp64,A100-SXM4-80GB,A100-SXM4-80GB,,9700.0,df7f742d-c1c4-51c9-b7da-d151d8293f2c,suitesparse_all,VDOL/tumorAntiAngiogenesis_4,tumorAntiAngiogenesis_4,455,455,4593,4,row-major,N,N,1.0,0.0,20260922,main,pass,pass,0,0,36744.0,0.07143,0.0149504005909,0.0863804005909,0.0185219005909,2.457726786422386,0.4253742718098821,1.9838136923190648,0.025337389550746246,0.0043853017712358975,0.02045168754968108,cuSPARSE 12.8.6,CUDA,13040,13000,2026-10-08T19:11:47.576796+00:00,derived,csr-alg1,0,0,,,,5,20,4,true
3,A100-SXM4-80GB-suitesparse_all-fp64-n4-row-major-cuSPARSE-SpMM-CSR-solve-only,cuSPARSE-SpMM-CSR-best-solve-only,cuSPARSE CUDA 13.4.1 CSR PER MATRIX BEST,per-matrix-best,cuSPARSE-SpMM-CSR,best,solve-only,"csr-alg1,csr-alg2,csr-alg3,csr-default",manual-selection,csr,CUSPARSE_SPMM_CSR_ALG1,library-preprocess,spmm.csr.fp64,fp64,A100-SXM4-80GB,A100-SXM4-80GB,,9700.0,0edb0287-e1df-52fd-b14b-f9e504b96222,suitesparse_all,VDOL/tumorAntiAngiogenesis_6,tumorAntiAngiogenesis_6,465,465,4795,4,row-major,N,N,1.0,0.0,20260922,main,pass,pass,0,0,38360.0,0.05787,0.0151040002704,0.0729740002704,0.0179975002704,2.5397245308036602,0.5256666738545198,2.13140710785762,0.026182727121687222,0.005419244060355874,0.02197326915317134,cuSPARSE 12.8.6,CUDA,13040,13000,2026-10-07T16:59:06.117633+00:00,derived,csr-alg1,0,0,,,,5,20,4,true
3,A100-SXM4-80GB-suitesparse_all-fp64-n4-row-major-cuSPARSE-SpMM-CSR-solve-only,cuSPARSE-SpMM-CSR-best-solve-only,cuSPARSE CUDA 13.4.1 CSR PER MATRIX BEST,per-matrix-best,cuSPARSE-SpMM-CSR,best,solve-only,"csr-alg1,csr-alg2,csr-alg3,csr-default",manual-selection,csr,CUSPARSE_SPMM_CSR_ALG1,library-preprocess,spmm.csr.fp64,fp64,A100-SXM4-80GB,A100-SXM4-80GB,,9700.0,0edb0287-e1df-52fd-b14b-f9e504b96222,suitesparse_all,VLSI/dgreen,dgreen,1200611,1200611,38259877,4,row-major,N,N,1.0,0.0,20260922,main,pass,pass,0,0,306079016.0,0.39532,2.11005439758,2.50537439758,2.12982039758,145.05740532141678,122.16897254783515,143.71118632715746,1.4954371682620287,1.259473943792115,1.4815586219294585,cuSPARSE 12.8.6,CUDA,13040,13000,2026-10-07T17:36:25.678041+00:00,derived,csr-alg1,0,0,,,,5,20,4,true
3,A100-SXM4-80GB-suitesparse_all-fp64-n4-row-major-cuSPARSE-SpMM-CSR-solve-only,cuSPARSE-SpMM-CSR-best-solve-only,cuSPARSE CUDA 13.4.1 CSR PER MATRIX BEST,per-matrix-best,cuSPARSE-SpMM-CSR,best,solve-only,"csr-alg1,csr-alg2,csr-alg3,csr-default",manual-selection,csr,CUSPARSE_SPMM_CSR_ALG3,library-preprocess,spmm.csr.fp64,fp64,A100-SXM4-80GB,A100-SXM4-80GB,,9700.0,1cb4d392-df77-5092-a407-ab8ee1286933,suitesparse_all,VLSI/power9,power9,155376,155376,2512300,4,row-major,N,N,1.0,0.0,20260922,main,pass,pass,0,0,20098400.0,53.658851,0.128921604156,53.7877726042,2.81186415416,155.89629163844546,0.3736611320177743,7.147713722323858,1.6071782643138708,0.0038521766187399414,0.07368777033323565,cuSPARSE 12.8.6,CUDA,13040,13000,2026-10-08T02:53:46.566159+00:00,derived,csr-alg3,0,0,,,,5,20,4,true
3,A100-SXM4-80GB-suitesparse_all-fp64-n4-row-major-cuSPARSE-SpMM-CSR-solve-only,cuSPARSE-SpMM-CSR-best-solve-only,cuSPARSE CUDA 13.4.1 CSR PER MATRIX BEST,per-matrix-best,cuSPARSE-SpMM-CSR,best,solve-only,"csr-alg1,csr-alg2,csr-alg3,csr-default",manual-selection,csr,CUSPARSE_SPMM_CSR_ALG3,library-preprocess,spmm.csr.fp64,fp64,A100-SXM4-80GB,A100-SXM4-80GB,,9700.0,df7f742d-c1c4-51c9-b7da-d151d8293f2c,suitesparse_all,VLSI/radiation,radiation,223104,223104,7637688,4,row-major,N,N,1.0,0.0,20260922,main,pass,pass,0,0,61101504.0,52.972161,0.330393600464,53.3025546005,2.97900165046,184.93549485882878,1.1463147396584035,20.51073183882428,1.9065514933899872,0.011817677728437148,0.2114508436992194,cuSPARSE 12.8.6,CUDA,13040,13000,2026-10-09T01:06:23.692685+00:00,derived,csr-alg3,0,0,,,,5,20,4,true
3,A100-SXM4-80GB-suitesparse_all-fp64-n4-row-major-cuSPARSE-SpMM-CSR-solve-only,cuSPARSE-SpMM-CSR-best-solve-only,cuSPARSE CUDA 13.4.1 CSR PER MATRIX BEST,per-matrix-best,cuSPARSE-SpMM-CSR,best,solve-only,"csr-alg1,csr-alg2,csr-alg3,csr-default",manual-selection,csr,CUSPARSE_SPMM_CSR_ALG3,library-preprocess,spmm.csr.fp64,fp64,A100-SXM4-80GB,A100-SXM4-80GB,,9700.0,df7f742d-c1c4-51c9-b7da-d151d8293f2c,suitesparse_all,VLSI/ss,ss,1652680,1652680,34753577,4,row-major,N,N,1.0,0.0,20260922,main,pass,pass,0,0,278028616.0,61.852385,1.82574081421,63.6781258142,4.91836006421,152.28263170547748,4.366155762988876,56.528723470890846,1.5699240382007988,0.04501191508235954,0.5827703450607303,cuSPARSE 12.8.6,CUDA,13040,13000,2026-10-09T01:08:24.150846+00:00,derived,csr-alg3,0,0,,,,5,20,4,true
3,A100-SXM4-80GB-suitesparse_all-fp64-n4-row-major-cuSPARSE-SpMM-CSR-solve-only,cuSPARSE-SpMM-CSR-best-solve-only,cuSPARSE CUDA 13.4.1 CSR PER MATRIX BEST,per-matrix-best,cuSPARSE-SpMM-CSR,best,solve-only,"csr-alg1,csr-alg2,csr-alg3,csr-default",manual-selection,csr,CUSPARSE_SPMM_CSR_ALG1,library-preprocess,spmm.csr.fp64,fp64,A100-SXM4-80GB,A100-SXM4-80GB,,9700.0,1cb4d392-df77-5092-a407-ab8ee1286933,suitesparse_all,VLSI/ss1,ss1,205282,205282,845089,4,row-major,N,N,1.0,0.0,20260922,main,pass,pass,0,0,6760712.0,0.14574,0.084582400322,0.230322400322,0.091869400322,79.93048168723499,29.353254353672295,73.5904662085947,0.8240255844044845,0.30261086962548756,0.7586646000886053,cuSPARSE 12.8.6,CUDA,13040,13000,2026-10-07T22:39:06.845487+00:00,derived,csr-alg1,0,0,,,,5,20,4,true
3,A100-SXM4-80GB-suitesparse_all-fp64-n4-row-major-cuSPARSE-SpMM-CSR-solve-only,cuSPARSE-SpMM-CSR-best-solve-only,cuSPARSE CUDA 13.4.1 CSR PER MATRIX BEST,per-matrix-best,cuSPARSE-SpMM-CSR,best,solve-only,"csr-alg1,csr-alg2,csr-alg3,csr-default",manual-selection,csr,CUSPARSE_SPMM_CSR_ALG3,library-preprocess,spmm.csr.fp64,fp64,A100-SXM4-80GB,A100-SXM4-80GB,,9700.0,1cb4d392-df77-5092-a407-ab8ee1286933,suitesparse_all,Wang/wang1,wang1,2903,2903,19093,4,row-major,N,N,1.0,0.0,20260922,main,pass,pass,0,0,152744.0,47.949469,0.00609279982746,47.9555617998,2.40356624983,25.06959104607196,0.0031851154332767514,0.06354890363883388,0.258449392227546,3.283624158017269e-05,0.0006551433364828234,cuSPARSE 12.8.6,CUDA,13040,13000,2026-10-08T00:57:07.853675+00:00,derived,csr-alg3,0,0,,,,5,20,4,true
3,A100-SXM4-80GB-suitesparse_all-fp64-n4-row-major-cuSPARSE-SpMM-CSR-solve-only,cuSPARSE-SpMM-CSR-best-solve-only,cuSPARSE CUDA 13.4.1 CSR PER MATRIX BEST,per-matrix-best,cuSPARSE-SpMM-CSR,best,solve-only,"csr-alg1,csr-alg2,csr-alg3,csr-default",manual-selection,csr,CUSPARSE_SPMM_CSR_ALG3,library-preprocess,spmm.csr.fp64,fp64,A100-SXM4-80GB,A100-SXM4-80GB,,9700.0,df7f742d-c1c4-51c9-b7da-d151d8293f2c,suitesparse_all,Wang/wang2,wang2,2903,2903,19093,4,row-major,N,N,1.0,0.0,20260922,main,pass,pass,0,0,152744.0,57.874633,0.00605759993196,57.8806905999,2.89978924993,25.21526705554127,0.002638945707400801,0.052674172788138726,0.2599512067581574,2.720562584949279e-05,0.0005430327091560693,cuSPARSE 12.8.6,CUDA,13040,13000,2026-10-08T22:49:15.160063+00:00,derived,csr-alg3,0,0,,,,5,20,4,true
3,A100-SXM4-80GB-suitesparse_all-fp64-n4-row-major-cuSPARSE-SpMM-CSR-solve-only,cuSPARSE-SpMM-CSR-best-solve-only,cuSPARSE CUDA 13.4.1 CSR PER MATRIX BEST,per-matrix-best,cuSPARSE-SpMM-CSR,best,solve-only,"csr-alg1,csr-alg2,csr-alg3,csr-default",manual-selection,csr,CUSPARSE_SPMM_CSR_ALG3,library-preprocess,spmm.csr.fp64,fp64,A100-SXM4-80GB,A100-SXM4-80GB,,9700.0,0edb0287-e1df-52fd-b14b-f9e504b96222,suitesparse_all,Wang/wang4,wang4,26068,26068,177196,4,row-major,N,N,1.0,0.0,20260922,main,pass,pass,0,0,1417568.0,58.598503,0.0154624000192,58.6139654,2.94538755002,91.67839392589603,0.02418481654203181,0.48128403340007814,0.9451380817102683,0.0002493280055879568,0.0049616910659801864,cuSPARSE 12.8.6,CUDA,13040,13000,2026-10-07T20:03:42.806717+00:00,derived,csr-alg3,0,0,,,,5,20,4,true
3,A100-SXM4-80GB-suitesparse_all-fp64-n4-row-major-cuSPARSE-SpMM-CSR-solve-only,cuSPARSE-SpMM-CSR-best-solve-only,cuSPARSE CUDA 13.4.1 CSR PER MATRIX BEST,per-matrix-best,cuSPARSE-SpMM-CSR,best,solve-only,"csr-alg1,csr-alg2,csr-alg3,csr-default",manual-selection,csr,CUSPARSE_SPMM_CSR_ALG3,library-preprocess,spmm.csr.fp64,fp64,A100-SXM4-80GB,A100-SXM4-80GB,,9700.0,df7f742d-c1c4-51c9-b7da-d151d8293f2c,suitesparse_all,Watson/Baumann,Baumann,112211,112211,760631,4,row-major,N,N,1.0,0.0,20260922,main,pass,pass,0,0,6085048.0,54.893992,0.0518656015396,54.9458576015,2.79656520154,117.32338620143052,0.11074625578023338,2.1759006357688757,1.2095194453755724,0.001141713977115808,0.022431965317204903,cuSPARSE 12.8.6,CUDA,13040,13000,2026-10-08T23:00:07.359045+00:00,derived,csr-alg3,0,0,,,,5,20,4,true
3,A100-SXM4-80GB-suitesparse_all-fp64-n4-row-major-cuSPARSE-SpMM-CSR-solve-only,cuSPARSE-SpMM-CSR-best-solve-only,cuSPARSE CUDA 13.4.1 CSR PER MATRIX BEST,per-matrix-best,cuSPARSE-SpMM-CSR,best,solve-only,"csr-alg1,csr-alg2,csr-alg3,csr-default",manual-selection,csr,CUSPARSE_SPMM_CSR_ALG3,library-preprocess,spmm.csr.fp64,fp64,A100-SXM4-80GB,A100-SXM4-80GB,,9700.0,1cb4d392-df77-5092-a407-ab8ee1286933,suitesparse_all,Watson/chem_master1,chem_master1,40401,40401,201201,4,row-major,N,N,1.0,0.0,20260922,main,pass,pass,0,0,1609608.0,59.055193,0.0212175995111,59.0764105995,2.97397724951,75.86192769629442,0.02724620510396451,0.5412307711046556,0.7820817288277776,0.0002808887124120053,0.005579698671182016,cuSPARSE 12.8.6,CUDA,13040,13000,2026-10-08T01:09:58.416720+00:00,derived,csr-alg3,0,0,,,,5,20,4,true
3,A100-SXM4-80GB-suitesparse_all-fp64-n4-row-major-cuSPARSE-SpMM-CSR-solve-only,cuSPARSE-SpMM-CSR-best-solve-only,cuSPARSE CUDA 13.4.1 CSR PER MATRIX BEST,per-matrix-best,cuSPARSE-SpMM-CSR,best,solve-only,"csr-alg1,csr-alg2,csr-alg3,csr-default",manual-selection,csr,CUSPARSE_SPMM_CSR_ALG3,library-preprocess,spmm.csr.fp64,fp64,A100-SXM4-80GB,A100-SXM4-80GB,,9700.0,df7f742d-c1c4-51c9-b7da-d151d8293f2c,suitesparse_all,Williams/cant,cant,62451,62451,4007383,4,row-major,N,N,1.0,0.0,20260922,main,pass,pass,0,0,32059064.0,58.448253,0.143513596058,58.5917665961,3.06592624606,223.3869464677309,0.5471598803462929,10.456567258002005,2.3029582110075353,0.00564082350872467,0.10779966245362892,cuSPARSE 12.8.6,CUDA,13040,13000,2026-10-08T23:17:40.078846+00:00,derived,csr-alg3,0,0,,,,5,20,4,true
3,A100-SXM4-80GB-suitesparse_all-fp64-n4-row-major-cuSPARSE-SpMM-CSR-solve-only,cuSPARSE-SpMM-CSR-best-solve-only,cuSPARSE CUDA 13.4.1 CSR PER MATRIX BEST,per-matrix-best,cuSPARSE-SpMM-CSR,best,solve-only,"csr-alg1,csr-alg2,csr-alg3,csr-default",manual-selection,csr,CUSPARSE_SPMM_CSR_ALG3,library-preprocess,spmm.csr.fp64,fp64,A100-SXM4-80GB,A100-SXM4-80GB,,9700.0,1cb4d392-df77-5092-a407-ab8ee1286933,suitesparse_all,Williams/consph,consph,83334,83334,6010480,4,row-major,N,N,1.0,0.0,20260922,main,pass,pass,0,0,48083840.0,57.695163,0.198502397537,57.8936653975,3.08326054754,242.23304401669694,0.8305544254255559,15.595127060657916,2.497247876460793,0.008562416756964493,0.1607745057799785,cuSPARSE 12.8.6,CUDA,13040,13000,2026-10-08T01:21:24.210968+00:00,derived,csr-alg3,0,0,,,,5,20,4,true
3,A100-SXM4-80GB-suitesparse_all-fp64-n4-row-major-cuSPARSE-SpMM-CSR-solve-only,cuSPARSE-SpMM-CSR-best-solve-only,cuSPARSE CUDA 13.4.1 CSR PER MATRIX BEST,per-matrix-best,cuSPARSE-SpMM-CSR,best,solve-only,"csr-alg1,csr-alg2,csr-alg3,csr-default",manual-selection,csr,CUSPARSE_SPMM_CSR_ALG1,library-preprocess,spmm.csr.fp64,fp64,A100-SXM4-80GB,A100-SXM4-80GB,,9700.0,0edb0287-e1df-52fd-b14b-f9e504b96222,suitesparse_all,Williams/mc2depi,mc2depi,525825,525825,2100225,4,row-major,N,N,1.0,0.0,20260922,main,pass,pass,0,0,16801800.0,0.411591,0.194201600552,0.605792600552,0.214781150552,86.51730960116933,27.735234772907678,78.22753512968154,0.8919310268161786,0.2859302553908008,0.8064694343266139,cuSPARSE 12.8.6,CUDA,13040,13000,2026-10-07T16:15:49.324685+00:00,derived,csr-alg1,0,0,,,,5,20,4,true
3,A100-SXM4-80GB-suitesparse_all-fp64-n4-row-major-cuSPARSE-SpMM-CSR-solve-only,cuSPARSE-SpMM-CSR-best-solve-only,cuSPARSE CUDA 13.4.1 CSR PER MATRIX BEST,per-matrix-best,cuSPARSE-SpMM-CSR,best,solve-only,"csr-alg1,csr-alg2,csr-alg3,csr-default",manual-selection,csr,CUSPARSE_SPMM_CSR_ALG3,library-preprocess,spmm.csr.fp64,fp64,A100-SXM4-80GB,A100-SXM4-80GB,,9700.0,1cb4d392-df77-5092-a407-ab8ee1286933,suitesparse_all,YCheng/psse0,psse0,26722,11028,102432,4,row-major,N,N,1.0,0.0,20260922,main,pass,pass,0,0,819456.0,56.188012,0.0153935998678,56.2034055999,2.82479419987,53.233552063031105,0.01458018408766066,0.2900940535907756,0.5487995058044444,0.0001503111761614501,0.002990660346296656,cuSPARSE 12.8.6,CUDA,13040,13000,2026-10-08T01:10:01.224999+00:00,derived,csr-alg3,0,0,,,,5,20,4,true
3,A100-SXM4-80GB-suitesparse_all-fp64-n4-row-major-cuSPARSE-SpMM-CSR-solve-only,cuSPARSE-SpMM-CSR-best-solve-only,cuSPARSE CUDA 13.4.1 CSR PER MATRIX BEST,per-matrix-best,cuSPARSE-SpMM-CSR,best,solve-only,"csr-alg1,csr-alg2,csr-alg3,csr-default",manual-selection,csr,CUSPARSE_SPMM_CSR_ALG3,library-preprocess,spmm.csr.fp64,fp64,A100-SXM4-80GB,A100-SXM4-80GB,,9700.0,df7f742d-c1c4-51c9-b7da-d151d8293f2c,suitesparse_all,YCheng/psse1,psse1,14318,11028,57376,4,row-major,N,N,1.0,0.0,20260922,main,pass,pass,0,0,459008.0,54.041822,0.0109056003392,54.0527276003,2.71299670034,42.08920056882181,0.008491856385013445,0.16918855815138878,0.43390928421465785,8.754491118570562e-05,0.001744211939705039,cuSPARSE 12.8.6,CUDA,13040,13000,2026-10-08T23:00:16.219799+00:00,derived,csr-alg3,0,0,,,,5,20,4,true
3,A100-SXM4-80GB-suitesparse_all-fp64-n4-row-major-cuSPARSE-SpMM-CSR-solve-only,cuSPARSE-SpMM-CSR-best-solve-only,cuSPARSE CUDA 13.4.1 CSR PER MATRIX BEST,per-matrix-best,cuSPARSE-SpMM-CSR,best,solve-only,"csr-alg1,csr-alg2,csr-alg3,csr-default",manual-selection,csr,CUSPARSE_SPMM_CSR_ALG3,library-preprocess,spmm.csr.fp64,fp64,A100-SXM4-80GB,A100-SXM4-80GB,,9700.0,0edb0287-e1df-52fd-b14b-f9e504b96222,suitesparse_all,Yoshiyasu/mesh_deform,mesh_deform,234023,9393,853829,4,row-major,N,N,1.0,0.0,20260922,main,pass,pass,0,0,6830632.0,58.340224,0.0991743981838,58.4393983982,3.01618559818,68.87495286173336,0.1168840232313273,2.264659046221055,0.7100510604302408,0.001204989930219869,0.023347000476505723,cuSPARSE 12.8.6,CUDA,13040,13000,2026-10-07T20:41:26.373342+00:00,derived,csr-alg3,0,0,,,,5,20,4,true
3,A100-SXM4-80GB-suitesparse_all-fp64-n4-row-major-cuSPARSE-SpMM-CSR-solve-only,cuSPARSE-SpMM-CSR-best-solve-only,cuSPARSE CUDA 13.4.1 CSR PER MATRIX BEST,per-matrix-best,cuSPARSE-SpMM-CSR,best,solve-only,"csr-alg1,csr-alg2,csr-alg3,csr-default",manual-selection,csr,CUSPARSE_SPMM_CSR_ALG3,library-preprocess,spmm.csr.fp64,fp64,A100-SXM4-80GB,A100-SXM4-80GB,,9700.0,df7f742d-c1c4-51c9-b7da-d151d8293f2c,suitesparse_all,Zitney/extr1b,extr1b,2836,2836,11404,4,row-major,N,N,1.0,0.0,20260922,main,pass,pass,0,0,91232.0,68.426837,0.00619519986212,68.4330321999,3.42753704986,14.726239997167802,0.0013331573520445777,0.02661736362666785,0.15181690718729693,1.3743890227263688e-05,0.00027440581058420466,cuSPARSE 12.8.6,CUDA,13040,13000,2026-10-08T22:57:34.329994+00:00,derived,csr-alg3,0,0,,,,5,20,4,true
3,A100-SXM4-80GB-suitesparse_all-fp64-n4-row-major-cuSPARSE-SpMM-CSR-solve-only,cuSPARSE-SpMM-CSR-best-solve-only,cuSPARSE CUDA 13.4.1 CSR PER MATRIX BEST,per-matrix-best,cuSPARSE-SpMM-CSR,best,solve-only,"csr-alg1,csr-alg2,csr-alg3,csr-default",manual-selection,csr,CUSPARSE_SPMM_CSR_ALG3,library-preprocess,spmm.csr.fp64,fp64,A100-SXM4-80GB,A100-SXM4-80GB,,9700.0,1cb4d392-df77-5092-a407-ab8ee1286933,suitesparse_all,Zitney/radfr1,radfr1,1048,1048,13299,4,row-major,N,N,1.0,0.0,20260922,main,pass,pass,0,0,106392.0,48.41088,0.00870399996638,48.419584,2.42924799997,12.223345635449089,0.002197292731800422,0.04379626946335405,0.12601387253040297,2.265250238969507e-05,0.0004515079326118974,cuSPARSE 12.8.6,CUDA,13040,13000,2026-10-08T00:57:08.475832+00:00,derived,csr-alg3,0,0,,,,5,20,4,true
3,A100-SXM4-80GB-suitesparse_all-fp64-n4-row-major-cuSPARSE-SpMM-CSR-solve-only,cuSPARSE-SpMM-CSR-best-solve-only,cuSPARSE CUDA 13.4.1 CSR PER MATRIX BEST,per-matrix-best,cuSPARSE-SpMM-CSR,best,solve-only,"csr-alg1,csr-alg2,csr-alg3,csr-default",manual-selection,csr,CUSPARSE_SPMM_CSR_ALG3,library-preprocess,spmm.csr.fp64,fp64,A100-SXM4-80GB,A100-SXM4-80GB,,9700.0,df7f742d-c1c4-51c9-b7da-d151d8293f2c,suitesparse_all,Zitney/rdist1,rdist1,4134,4134,94408,4,row-major,N,N,1.0,0.0,20260922,main,pass,pass,0,0,755264.0,59.619744,0.0137344002724,59.6334784003,2.99472160027,54.99067924485519,0.012665100548556974,0.25219840132448584,0.5669142190191256,0.00013056804689233993,0.0025999835188091325,cuSPARSE 12.8.6,CUDA,13040,13000,2026-10-08T22:49:16.482353+00:00,derived,csr-alg3,0,0,,,,5,20,4,true
3,A100-SXM4-80GB-suitesparse_all-fp64-n4-row-major-cuSPARSE-SpMM-CSR-solve-only,cuSPARSE-SpMM-CSR-best-solve-only,cuSPARSE CUDA 13.4.1 CSR PER MATRIX BEST,per-matrix-best,cuSPARSE-SpMM-CSR,best,solve-only,"csr-alg1,csr-alg2,csr-alg3,csr-default",manual-selection,csr,CUSPARSE_SPMM_CSR_ALG3,library-preprocess,spmm.csr.fp64,fp64,A100-SXM4-80GB,A100-SXM4-80GB,,9700.0,0edb0287-e1df-52fd-b14b-f9e504b96222,suitesparse_all,Zitney/rdist3a,rdist3a,2398,2398,61896,4,row-major,N,N,1.0,0.0,20260922,main,pass,pass,0,0,495168.0,51.91194,0.0124416001141,51.9243816001,2.60803860011,39.799382351055364,0.009536329268465402,0.189862220589494,0.41030291083562226,9.831267287077734e-05,0.0019573424803040617,cuSPARSE 12.8.6,CUDA,13040,13000,2026-10-07T20:03:43.595965+00:00,derived,csr-alg3,0,0,,,,5,20,4,true
