schema_version,submission_id,method_id,method_name,configuration_id,candidate_group,selection_role,selected_from,base_format,operator_id,dtype,backend_id,hardware,peak_gflops,job_id,dataset_id,matrix_id,matrix_name,rows,cols,nnz,status,operations,preprocess_ms,solve_ms,solve_gflops,solve_only_efficiency_percent,timestamp,source_kind
2,full-20261009-H100-SXM5-80GB-spmv-fp32-cusparse-sell-nrows-default-13.4.1,cuSPARSE-CUDA-13.4.1-SELL-NROWS-DEFAULT,cuSPARSE CUDA 13.4.1 SELL-NROWS DEFAULT,sell-nrows-default,cusparse,candidate,,sell,spmv.csr.fp32,fp32,H100-SXM5-80GB,H100-SXM5-80GB,67000.0,9630d841-fbae-5247-8ae0-f8f392316afc,suitesparse_all,AG-Monien/3elt,3elt,4720,4720,27444,pass,54888.0,4.051861,0.00365439988673,15.01970274225091,0.02241746677947897,2026-10-07T03:45:42.082653+00:00,source
2,full-20261009-H100-SXM5-80GB-spmv-fp32-cusparse-sell-nrows-default-13.4.1,cuSPARSE-CUDA-13.4.1-SELL-NROWS-DEFAULT,cuSPARSE CUDA 13.4.1 SELL-NROWS DEFAULT,sell-nrows-default,cusparse,candidate,,sell,spmv.csr.fp32,fp32,H100-SXM5-80GB,H100-SXM5-80GB,67000.0,26cb3a9c-bd7d-5e51-9c99-6d49c0b2dba4,suitesparse_all,AG-Monien/L-9,L-9,17983,17983,71192,pass,142384.0,7.802287,0.00320959985256,44.36191629509002,0.066211815365806,2026-10-07T13:02:56.638226+00:00,source
2,full-20261009-H100-SXM5-80GB-spmv-fp32-cusparse-sell-nrows-default-13.4.1,cuSPARSE-CUDA-13.4.1-SELL-NROWS-DEFAULT,cuSPARSE CUDA 13.4.1 SELL-NROWS DEFAULT,sell-nrows-default,cusparse,candidate,,sell,spmv.csr.fp32,fp32,H100-SXM5-80GB,H100-SXM5-80GB,67000.0,b507c62e-e8c4-5489-84fd-4bc66dd1e529,suitesparse_all,AG-Monien/airfoil1,airfoil1,4253,4253,24578,pass,49156.0,5.799738,0.00316639989614,15.524255183283584,0.023170530124303857,2026-10-07T08:06:43.401986+00:00,source
2,full-20261009-H100-SXM5-80GB-spmv-fp32-cusparse-sell-nrows-default-13.4.1,cuSPARSE-CUDA-13.4.1-SELL-NROWS-DEFAULT,cuSPARSE CUDA 13.4.1 SELL-NROWS DEFAULT,sell-nrows-default,cusparse,candidate,,sell,spmv.csr.fp32,fp32,H100-SXM5-80GB,H100-SXM5-80GB,67000.0,1bbb760b-88a6-5cef-b074-0c4935b865f2,suitesparse_all,AG-Monien/bfly,bfly,49152,49152,196608,pass,393216.0,8.50408,0.00376159995794,104.53424191745806,0.15602125659322097,2026-10-06T19:07:03.454017+00:00,source
2,full-20261009-H100-SXM5-80GB-spmv-fp32-cusparse-sell-nrows-default-13.4.1,cuSPARSE-CUDA-13.4.1-SELL-NROWS-DEFAULT,cuSPARSE CUDA 13.4.1 SELL-NROWS DEFAULT,sell-nrows-default,cusparse,candidate,,sell,spmv.csr.fp32,fp32,H100-SXM5-80GB,H100-SXM5-80GB,67000.0,ca497226-ebef-56c9-ba00-9b037f2146f7,suitesparse_all,AG-Monien/cca,cca,49152,49152,139264,pass,278528.0,5.770175,0.00334240011871,83.33173471388517,0.12437572345355996,2026-10-08T21:14:52.453791+00:00,source
2,full-20261009-H100-SXM5-80GB-spmv-fp32-cusparse-sell-nrows-default-13.4.1,cuSPARSE-CUDA-13.4.1-SELL-NROWS-DEFAULT,cuSPARSE CUDA 13.4.1 SELL-NROWS DEFAULT,sell-nrows-default,cusparse,candidate,,sell,spmv.csr.fp32,fp32,H100-SXM5-80GB,H100-SXM5-80GB,67000.0,26cb3a9c-bd7d-5e51-9c99-6d49c0b2dba4,suitesparse_all,AG-Monien/crack,crack,10240,10240,60760,pass,121520.0,6.951455,0.00396640002728,30.637353560965362,0.04572739337457517,2026-10-07T13:02:55.988757+00:00,source
2,full-20261009-H100-SXM5-80GB-spmv-fp32-cusparse-sell-nrows-default-13.4.1,cuSPARSE-CUDA-13.4.1-SELL-NROWS-DEFAULT,cuSPARSE CUDA 13.4.1 SELL-NROWS DEFAULT,sell-nrows-default,cusparse,candidate,,sell,spmv.csr.fp32,fp32,H100-SXM5-80GB,H100-SXM5-80GB,67000.0,6054a01d-2dc6-5795-9ae4-804d2647be74,suitesparse_all,AG-Monien/crack_dual,crack_dual,20141,20141,60086,pass,120172.0,7.618296,0.00319840013981,37.572534625745355,0.05607840988917217,2026-10-07T17:38:43.115732+00:00,source
2,full-20261009-H100-SXM5-80GB-spmv-fp32-cusparse-sell-nrows-default-13.4.1,cuSPARSE-CUDA-13.4.1-SELL-NROWS-DEFAULT,cuSPARSE CUDA 13.4.1 SELL-NROWS DEFAULT,sell-nrows-default,cusparse,candidate,,sell,spmv.csr.fp32,fp32,H100-SXM5-80GB,H100-SXM5-80GB,67000.0,c27d1d0a-dd52-58f0-bf45-e28eecb2fab1,suitesparse_all,AG-Monien/grid2,grid2,3296,3296,12864,pass,25728.0,4.162787,0.00317919999361,8.09260192869644,0.01207851034133797,2026-10-06T12:29:02.587597+00:00,source
2,full-20261009-H100-SXM5-80GB-spmv-fp32-cusparse-sell-nrows-default-13.4.1,cuSPARSE-CUDA-13.4.1-SELL-NROWS-DEFAULT,cuSPARSE CUDA 13.4.1 SELL-NROWS DEFAULT,sell-nrows-default,cusparse,candidate,,sell,spmv.csr.fp32,fp32,H100-SXM5-80GB,H100-SXM5-80GB,67000.0,1bbb760b-88a6-5cef-b074-0c4935b865f2,suitesparse_all,AG-Monien/grid2_dual,grid2_dual,3136,3136,12224,pass,24448.0,13.182246,0.00310880001634,7.864127596339473,0.011737503875133542,2026-10-06T19:07:02.895026+00:00,source
2,full-20261009-H100-SXM5-80GB-spmv-fp32-cusparse-sell-nrows-default-13.4.1,cuSPARSE-CUDA-13.4.1-SELL-NROWS-DEFAULT,cuSPARSE CUDA 13.4.1 SELL-NROWS DEFAULT,sell-nrows-default,cusparse,candidate,,sell,spmv.csr.fp32,fp32,H100-SXM5-80GB,H100-SXM5-80GB,67000.0,ca497226-ebef-56c9-ba00-9b037f2146f7,suitesparse_all,AG-Monien/netz4504_dual,netz4504_dual,615,615,2342,pass,4684.0,4.74382,0.00293439999223,1.5962377359605942,0.002382444382030738,2026-10-08T21:14:52.076203+00:00,source
2,full-20261009-H100-SXM5-80GB-spmv-fp32-cusparse-sell-nrows-default-13.4.1,cuSPARSE-CUDA-13.4.1-SELL-NROWS-DEFAULT,cuSPARSE CUDA 13.4.1 SELL-NROWS DEFAULT,sell-nrows-default,cusparse,candidate,,sell,spmv.csr.fp32,fp32,H100-SXM5-80GB,H100-SXM5-80GB,67000.0,c27d1d0a-dd52-58f0-bf45-e28eecb2fab1,suitesparse_all,AG-Monien/shock-9,shock-9,36476,36476,142580,pass,285160.0,5.051644,0.00322239995003,88.49305003165271,0.13207917915172046,2026-10-06T12:29:02.975001+00:00,source
2,full-20261009-H100-SXM5-80GB-spmv-fp32-cusparse-sell-nrows-default-13.4.1,cuSPARSE-CUDA-13.4.1-SELL-NROWS-DEFAULT,cuSPARSE CUDA 13.4.1 SELL-NROWS DEFAULT,sell-nrows-default,cusparse,candidate,,sell,spmv.csr.fp32,fp32,H100-SXM5-80GB,H100-SXM5-80GB,67000.0,6054a01d-2dc6-5795-9ae4-804d2647be74,suitesparse_all,AG-Monien/stufe,stufe,1036,1036,3736,pass,7472.0,6.980441,0.00282559990883,2.644394196308543,0.003946857009415735,2026-10-07T17:38:43.732730+00:00,source
2,full-20261009-H100-SXM5-80GB-spmv-fp32-cusparse-sell-nrows-default-13.4.1,cuSPARSE-CUDA-13.4.1-SELL-NROWS-DEFAULT,cuSPARSE CUDA 13.4.1 SELL-NROWS DEFAULT,sell-nrows-default,cusparse,candidate,,sell,spmv.csr.fp32,fp32,H100-SXM5-80GB,H100-SXM5-80GB,67000.0,b507c62e-e8c4-5489-84fd-4bc66dd1e529,suitesparse_all,AG-Monien/wave,wave,156317,156317,2118662,pass,4237324.0,37.050151,0.0229328006506,184.77132664950528,0.2757780994768736,2026-10-07T08:06:44.490372+00:00,source
2,full-20261009-H100-SXM5-80GB-spmv-fp32-cusparse-sell-nrows-default-13.4.1,cuSPARSE-CUDA-13.4.1-SELL-NROWS-DEFAULT,cuSPARSE CUDA 13.4.1 SELL-NROWS DEFAULT,sell-nrows-default,cusparse,candidate,,sell,spmv.csr.fp32,fp32,H100-SXM5-80GB,H100-SXM5-80GB,67000.0,9630d841-fbae-5247-8ae0-f8f392316afc,suitesparse_all,AG-Monien/whitaker3_dual,whitaker3_dual,19190,19190,57162,pass,114324.0,3.871441,0.00300799999386,38.00664901375028,0.05672634181156758,2026-10-07T03:45:42.446572+00:00,source
2,full-20261009-H100-SXM5-80GB-spmv-fp32-cusparse-sell-nrows-default-13.4.1,cuSPARSE-CUDA-13.4.1-SELL-NROWS-DEFAULT,cuSPARSE CUDA 13.4.1 SELL-NROWS DEFAULT,sell-nrows-default,cusparse,candidate,,sell,spmv.csr.fp32,fp32,H100-SXM5-80GB,H100-SXM5-80GB,67000.0,b507c62e-e8c4-5489-84fd-4bc66dd1e529,suitesparse_all,ANSYS/Delor64K,Delor64K,64719,1785345,652140,pass,1304280.0,16.075708,0.00430720001459,302.81389199060766,0.4519610328218025,2026-10-07T08:08:18.164835+00:00,source
2,full-20261009-H100-SXM5-80GB-spmv-fp32-cusparse-sell-nrows-default-13.4.1,cuSPARSE-CUDA-13.4.1-SELL-NROWS-DEFAULT,cuSPARSE CUDA 13.4.1 SELL-NROWS DEFAULT,sell-nrows-default,cusparse,candidate,,sell,spmv.csr.fp32,fp32,H100-SXM5-80GB,H100-SXM5-80GB,67000.0,b507c62e-e8c4-5489-84fd-4bc66dd1e529,suitesparse_all,ATandT/onetone1,onetone1,36057,36057,341088,pass,682176.0,22.285804,0.0142192006111,47.97569277329626,0.07160551160193472,2026-10-07T08:03:30.436997+00:00,source
2,full-20261009-H100-SXM5-80GB-spmv-fp32-cusparse-sell-nrows-default-13.4.1,cuSPARSE-CUDA-13.4.1-SELL-NROWS-DEFAULT,cuSPARSE CUDA 13.4.1 SELL-NROWS DEFAULT,sell-nrows-default,cusparse,candidate,,sell,spmv.csr.fp32,fp32,H100-SXM5-80GB,H100-SXM5-80GB,67000.0,26cb3a9c-bd7d-5e51-9c99-6d49c0b2dba4,suitesparse_all,ATandT/twotone,twotone,120750,120750,1224224,pass,2448448.0,108.090511,0.0756128013134,32.38139518005253,0.04833044056724258,2026-10-07T13:00:02.486957+00:00,source
2,full-20261009-H100-SXM5-80GB-spmv-fp32-cusparse-sell-nrows-default-13.4.1,cuSPARSE-CUDA-13.4.1-SELL-NROWS-DEFAULT,cuSPARSE CUDA 13.4.1 SELL-NROWS DEFAULT,sell-nrows-default,cusparse,candidate,,sell,spmv.csr.fp32,fp32,H100-SXM5-80GB,H100-SXM5-80GB,67000.0,b507c62e-e8c4-5489-84fd-4bc66dd1e529,suitesparse_all,Alemdar/Alemdar,Alemdar,6245,6245,42581,pass,85162.0,9.028933,0.00329760015011,25.825447635656857,0.038545444232323665,2026-10-07T08:03:58.736979+00:00,source
2,full-20261009-H100-SXM5-80GB-spmv-fp32-cusparse-sell-nrows-default-13.4.1,cuSPARSE-CUDA-13.4.1-SELL-NROWS-DEFAULT,cuSPARSE CUDA 13.4.1 SELL-NROWS DEFAULT,sell-nrows-default,cusparse,candidate,,sell,spmv.csr.fp32,fp32,H100-SXM5-80GB,H100-SXM5-80GB,67000.0,1bbb760b-88a6-5cef-b074-0c4935b865f2,suitesparse_all,Andrianov/ex3sta1,ex3sta1,16782,16782,678998,pass,1357996.0,33.367705,0.0312384009361,43.47200750697391,0.0648835932939909,2026-10-06T19:05:19.212286+00:00,source
2,full-20261009-H100-SXM5-80GB-spmv-fp32-cusparse-sell-nrows-default-13.4.1,cuSPARSE-CUDA-13.4.1-SELL-NROWS-DEFAULT,cuSPARSE CUDA 13.4.1 SELL-NROWS DEFAULT,sell-nrows-default,cusparse,candidate,,sell,spmv.csr.fp32,fp32,H100-SXM5-80GB,H100-SXM5-80GB,67000.0,ca497226-ebef-56c9-ba00-9b037f2146f7,suitesparse_all,Andrianov/fxm4_6,fxm4_6,18892,18892,497844,pass,995688.0,35.240957,0.0299919992685,33.198453730483756,0.04954993094102053,2026-10-08T21:13:06.555090+00:00,source
2,full-20261009-H100-SXM5-80GB-spmv-fp32-cusparse-sell-nrows-default-13.4.1,cuSPARSE-CUDA-13.4.1-SELL-NROWS-DEFAULT,cuSPARSE CUDA 13.4.1 SELL-NROWS DEFAULT,sell-nrows-default,cusparse,candidate,,sell,spmv.csr.fp32,fp32,H100-SXM5-80GB,H100-SXM5-80GB,67000.0,9630d841-fbae-5247-8ae0-f8f392316afc,suitesparse_all,Andrianov/mip1,mip1,66463,66463,10352819,fail,20705638.0,0.0,0.0,0.0,0.0,2026-10-07T03:43:51.725737+00:00,source
2,full-20261009-H100-SXM5-80GB-spmv-fp32-cusparse-sell-nrows-default-13.4.1,cuSPARSE-CUDA-13.4.1-SELL-NROWS-DEFAULT,cuSPARSE CUDA 13.4.1 SELL-NROWS DEFAULT,sell-nrows-default,cusparse,candidate,,sell,spmv.csr.fp32,fp32,H100-SXM5-80GB,H100-SXM5-80GB,67000.0,b507c62e-e8c4-5489-84fd-4bc66dd1e529,suitesparse_all,Andrianov/net125,net125,36720,36720,2577200,pass,5154400.0,46.599405,0.0419871985912,122.76122658681732,0.18322571132360793,2026-10-07T08:05:04.199977+00:00,source
2,full-20261009-H100-SXM5-80GB-spmv-fp32-cusparse-sell-nrows-default-13.4.1,cuSPARSE-CUDA-13.4.1-SELL-NROWS-DEFAULT,cuSPARSE CUDA 13.4.1 SELL-NROWS DEFAULT,sell-nrows-default,cusparse,candidate,,sell,spmv.csr.fp32,fp32,H100-SXM5-80GB,H100-SXM5-80GB,67000.0,26cb3a9c-bd7d-5e51-9c99-6d49c0b2dba4,suitesparse_all,Andrianov/net4-1,net4-1,88343,88343,2441727,pass,4883454.0,1854.544177,1.67047843933,2.923386429314627,0.004363263327335265,2026-10-07T13:01:04.449757+00:00,source
2,full-20261009-H100-SXM5-80GB-spmv-fp32-cusparse-sell-nrows-default-13.4.1,cuSPARSE-CUDA-13.4.1-SELL-NROWS-DEFAULT,cuSPARSE CUDA 13.4.1 SELL-NROWS DEFAULT,sell-nrows-default,cusparse,candidate,,sell,spmv.csr.fp32,fp32,H100-SXM5-80GB,H100-SXM5-80GB,67000.0,6054a01d-2dc6-5795-9ae4-804d2647be74,suitesparse_all,Andrianov/net50,net50,16320,16320,945200,pass,1890400.0,25.823019,0.0129631996155,145.82819489562306,0.2176540222322732,2026-10-07T17:35:17.979565+00:00,source
2,full-20261009-H100-SXM5-80GB-spmv-fp32-cusparse-sell-nrows-default-13.4.1,cuSPARSE-CUDA-13.4.1-SELL-NROWS-DEFAULT,cuSPARSE CUDA 13.4.1 SELL-NROWS DEFAULT,sell-nrows-default,cusparse,candidate,,sell,spmv.csr.fp32,fp32,H100-SXM5-80GB,H100-SXM5-80GB,67000.0,c27d1d0a-dd52-58f0-bf45-e28eecb2fab1,suitesparse_all,Andrianov/pf2177,pf2177,9728,9728,725144,pass,1450288.0,31.369226,0.0181840002537,79.75626813494472,0.11903920617155929,2026-10-06T12:26:24.521177+00:00,source
2,full-20261009-H100-SXM5-80GB-spmv-fp32-cusparse-sell-nrows-default-13.4.1,cuSPARSE-CUDA-13.4.1-SELL-NROWS-DEFAULT,cuSPARSE CUDA 13.4.1 SELL-NROWS DEFAULT,sell-nrows-default,cusparse,candidate,,sell,spmv.csr.fp32,fp32,H100-SXM5-80GB,H100-SXM5-80GB,67000.0,ca497226-ebef-56c9-ba00-9b037f2146f7,suitesparse_all,Arenas/PGPgiantcompo,PGPgiantcompo,10680,10680,48632,pass,97264.0,15.421309,0.0150511994958,6.462209209780342,0.009645088372806481,2026-10-08T21:14:51.572934+00:00,source
2,full-20261009-H100-SXM5-80GB-spmv-fp32-cusparse-sell-nrows-default-13.4.1,cuSPARSE-CUDA-13.4.1-SELL-NROWS-DEFAULT,cuSPARSE CUDA 13.4.1 SELL-NROWS DEFAULT,sell-nrows-default,cusparse,candidate,,sell,spmv.csr.fp32,fp32,H100-SXM5-80GB,H100-SXM5-80GB,67000.0,6054a01d-2dc6-5795-9ae4-804d2647be74,suitesparse_all,Averous/epb0,epb0,1794,1794,7764,pass,15528.0,6.994951,0.00306720007211,5.062597690054799,0.007556115955305671,2026-10-07T17:33:48.091515+00:00,source
2,full-20261009-H100-SXM5-80GB-spmv-fp32-cusparse-sell-nrows-default-13.4.1,cuSPARSE-CUDA-13.4.1-SELL-NROWS-DEFAULT,cuSPARSE CUDA 13.4.1 SELL-NROWS DEFAULT,sell-nrows-default,cusparse,candidate,,sell,spmv.csr.fp32,fp32,H100-SXM5-80GB,H100-SXM5-80GB,67000.0,c27d1d0a-dd52-58f0-bf45-e28eecb2fab1,suitesparse_all,Averous/epb3,epb3,84617,84617,463625,pass,927250.0,10.129452,0.00383360013366,241.87446986411163,0.3610066714389726,2026-10-06T12:24:51.314652+00:00,source
2,full-20261009-H100-SXM5-80GB-spmv-fp32-cusparse-sell-nrows-default-13.4.1,cuSPARSE-CUDA-13.4.1-SELL-NROWS-DEFAULT,cuSPARSE CUDA 13.4.1 SELL-NROWS DEFAULT,sell-nrows-default,cusparse,candidate,,sell,spmv.csr.fp32,fp32,H100-SXM5-80GB,H100-SXM5-80GB,67000.0,1bbb760b-88a6-5cef-b074-0c4935b865f2,suitesparse_all,Bai/af23560,af23560,23560,23560,484256,pass,968512.0,8.374104,0.00546399988234,177.25329810681242,0.26455716135345136,2026-10-06T19:03:27.518716+00:00,source
2,full-20261009-H100-SXM5-80GB-spmv-fp32-cusparse-sell-nrows-default-13.4.1,cuSPARSE-CUDA-13.4.1-SELL-NROWS-DEFAULT,cuSPARSE CUDA 13.4.1 SELL-NROWS DEFAULT,sell-nrows-default,cusparse,candidate,,sell,spmv.csr.fp32,fp32,H100-SXM5-80GB,H100-SXM5-80GB,67000.0,ca497226-ebef-56c9-ba00-9b037f2146f7,suitesparse_all,Bai/bfwa62,bfwa62,62,62,450,pass,900.0,4.71661,0.00334560014307,0.26901003153776143,0.0004015075097578529,2026-10-08T21:11:50.588920+00:00,source
2,full-20261009-H100-SXM5-80GB-spmv-fp32-cusparse-sell-nrows-default-13.4.1,cuSPARSE-CUDA-13.4.1-SELL-NROWS-DEFAULT,cuSPARSE CUDA 13.4.1 SELL-NROWS DEFAULT,sell-nrows-default,cusparse,candidate,,sell,spmv.csr.fp32,fp32,H100-SXM5-80GB,H100-SXM5-80GB,67000.0,9630d841-fbae-5247-8ae0-f8f392316afc,suitesparse_all,Bai/bfwb782,bfwb782,782,782,5982,pass,11964.0,5.4132,0.00319840013981,3.74062014664329,0.005583015144243716,2026-10-07T03:42:44.876752+00:00,source
2,full-20261009-H100-SXM5-80GB-spmv-fp32-cusparse-sell-nrows-default-13.4.1,cuSPARSE-CUDA-13.4.1-SELL-NROWS-DEFAULT,cuSPARSE CUDA 13.4.1 SELL-NROWS DEFAULT,sell-nrows-default,cusparse,candidate,,sell,spmv.csr.fp32,fp32,H100-SXM5-80GB,H100-SXM5-80GB,67000.0,b507c62e-e8c4-5489-84fd-4bc66dd1e529,suitesparse_all,Bai/bwm2000,bwm2000,2000,2000,7996,pass,15992.0,6.882598,0.00288639999926,5.540465633349482,0.008269351691566392,2026-10-07T08:03:30.899945+00:00,source
2,full-20261009-H100-SXM5-80GB-spmv-fp32-cusparse-sell-nrows-default-13.4.1,cuSPARSE-CUDA-13.4.1-SELL-NROWS-DEFAULT,cuSPARSE CUDA 13.4.1 SELL-NROWS DEFAULT,sell-nrows-default,cusparse,candidate,,sell,spmv.csr.fp32,fp32,H100-SXM5-80GB,H100-SXM5-80GB,67000.0,26cb3a9c-bd7d-5e51-9c99-6d49c0b2dba4,suitesparse_all,Bai/cdde3,cdde3,961,961,4681,pass,9362.0,11.884423,0.00314880013466,2.9731960110611744,0.004437605986658469,2026-10-07T13:00:02.931267+00:00,source
2,full-20261009-H100-SXM5-80GB-spmv-fp32-cusparse-sell-nrows-default-13.4.1,cuSPARSE-CUDA-13.4.1-SELL-NROWS-DEFAULT,cuSPARSE CUDA 13.4.1 SELL-NROWS DEFAULT,sell-nrows-default,cusparse,candidate,,sell,spmv.csr.fp32,fp32,H100-SXM5-80GB,H100-SXM5-80GB,67000.0,6054a01d-2dc6-5795-9ae4-804d2647be74,suitesparse_all,Bai/cdde4,cdde4,961,961,4681,pass,9362.0,7.05774,0.00298880003393,3.13236077814474,0.004675165340514537,2026-10-07T17:33:48.599551+00:00,source
2,full-20261009-H100-SXM5-80GB-spmv-fp32-cusparse-sell-nrows-default-13.4.1,cuSPARSE-CUDA-13.4.1-SELL-NROWS-DEFAULT,cuSPARSE CUDA 13.4.1 SELL-NROWS DEFAULT,sell-nrows-default,cusparse,candidate,,sell,spmv.csr.fp32,fp32,H100-SXM5-80GB,H100-SXM5-80GB,67000.0,c27d1d0a-dd52-58f0-bf45-e28eecb2fab1,suitesparse_all,Bai/ck104,ck104,104,104,992,pass,1984.0,4.332489,0.00335519984365,0.5913209622237221,0.0008825686003339136,2026-10-06T12:24:51.859260+00:00,source
2,full-20261009-H100-SXM5-80GB-spmv-fp32-cusparse-sell-nrows-default-13.4.1,cuSPARSE-CUDA-13.4.1-SELL-NROWS-DEFAULT,cuSPARSE CUDA 13.4.1 SELL-NROWS DEFAULT,sell-nrows-default,cusparse,candidate,,sell,spmv.csr.fp32,fp32,H100-SXM5-80GB,H100-SXM5-80GB,67000.0,1bbb760b-88a6-5cef-b074-0c4935b865f2,suitesparse_all,Bai/ck400,ck400,400,400,2860,pass,5720.0,15.281996,0.00350719988346,1.630930711128155,0.002434224941982321,2026-10-06T19:03:28.030836+00:00,source
2,full-20261009-H100-SXM5-80GB-spmv-fp32-cusparse-sell-nrows-default-13.4.1,cuSPARSE-CUDA-13.4.1-SELL-NROWS-DEFAULT,cuSPARSE CUDA 13.4.1 SELL-NROWS DEFAULT,sell-nrows-default,cusparse,candidate,,sell,spmv.csr.fp32,fp32,H100-SXM5-80GB,H100-SXM5-80GB,67000.0,ca497226-ebef-56c9-ba00-9b037f2146f7,suitesparse_all,Bai/dw1024,dw1024,2048,2048,10114,pass,20228.0,14.702807,0.00324320010841,6.237049618846031,0.009309029281859749,2026-10-08T21:11:50.972236+00:00,source
2,full-20261009-H100-SXM5-80GB-spmv-fp32-cusparse-sell-nrows-default-13.4.1,cuSPARSE-CUDA-13.4.1-SELL-NROWS-DEFAULT,cuSPARSE CUDA 13.4.1 SELL-NROWS DEFAULT,sell-nrows-default,cusparse,candidate,,sell,spmv.csr.fp32,fp32,H100-SXM5-80GB,H100-SXM5-80GB,67000.0,26cb3a9c-bd7d-5e51-9c99-6d49c0b2dba4,suitesparse_all,Bai/dw2048,dw2048,2048,2048,10114,pass,20228.0,4.180175,0.00313600003719,6.45025502554688,0.009627246306786387,2026-10-07T13:01:25.456414+00:00,source
2,full-20261009-H100-SXM5-80GB-spmv-fp32-cusparse-sell-nrows-default-13.4.1,cuSPARSE-CUDA-13.4.1-SELL-NROWS-DEFAULT,cuSPARSE CUDA 13.4.1 SELL-NROWS DEFAULT,sell-nrows-default,cusparse,candidate,,sell,spmv.csr.fp32,fp32,H100-SXM5-80GB,H100-SXM5-80GB,67000.0,6054a01d-2dc6-5795-9ae4-804d2647be74,suitesparse_all,Bai/dw8192,dw8192,8192,8192,41746,pass,83492.0,0.72909,0.00308800004423,27.037564379575304,0.04035457370085867,2026-10-07T17:36:05.731488+00:00,source
2,full-20261009-H100-SXM5-80GB-spmv-fp32-cusparse-sell-nrows-default-13.4.1,cuSPARSE-CUDA-13.4.1-SELL-NROWS-DEFAULT,cuSPARSE CUDA 13.4.1 SELL-NROWS DEFAULT,sell-nrows-default,cusparse,candidate,,sell,spmv.csr.fp32,fp32,H100-SXM5-80GB,H100-SXM5-80GB,67000.0,c27d1d0a-dd52-58f0-bf45-e28eecb2fab1,suitesparse_all,Bai/dwg961a,dwg961a,961,961,3405,pass,6810.0,14.754209,0.00287360008806,2.369849593301449,0.0035370889452260436,2026-10-06T12:26:57.714090+00:00,source
2,full-20261009-H100-SXM5-80GB-spmv-fp32-cusparse-sell-nrows-default-13.4.1,cuSPARSE-CUDA-13.4.1-SELL-NROWS-DEFAULT,cuSPARSE CUDA 13.4.1 SELL-NROWS DEFAULT,sell-nrows-default,cusparse,candidate,,sell,spmv.csr.fp32,fp32,H100-SXM5-80GB,H100-SXM5-80GB,67000.0,1bbb760b-88a6-5cef-b074-0c4935b865f2,suitesparse_all,Bai/dwg961b,dwg961b,961,961,10591,pass,21182.0,9.026652,0.00436480008066,4.85291413319372,0.007243155422677195,2026-10-06T19:05:47.490091+00:00,source
2,full-20261009-H100-SXM5-80GB-spmv-fp32-cusparse-sell-nrows-default-13.4.1,cuSPARSE-CUDA-13.4.1-SELL-NROWS-DEFAULT,cuSPARSE CUDA 13.4.1 SELL-NROWS DEFAULT,sell-nrows-default,cusparse,candidate,,sell,spmv.csr.fp32,fp32,H100-SXM5-80GB,H100-SXM5-80GB,67000.0,9630d841-fbae-5247-8ae0-f8f392316afc,suitesparse_all,Bai/lop163,lop163,163,163,935,pass,1870.0,6.321166,0.00291680004448,0.6411135393181808,0.0009568858795793744,2026-10-07T03:42:45.449699+00:00,source
2,full-20261009-H100-SXM5-80GB-spmv-fp32-cusparse-sell-nrows-default-13.4.1,cuSPARSE-CUDA-13.4.1-SELL-NROWS-DEFAULT,cuSPARSE CUDA 13.4.1 SELL-NROWS DEFAULT,sell-nrows-default,cusparse,candidate,,sell,spmv.csr.fp32,fp32,H100-SXM5-80GB,H100-SXM5-80GB,67000.0,ca497226-ebef-56c9-ba00-9b037f2146f7,suitesparse_all,Bai/mhd1280b,mhd1280b,1280,1280,22778,pass,45556.0,5.487307,0.00445920005441,10.216182150192305,0.015248033059988515,2026-10-08T21:13:25.215347+00:00,source
2,full-20261009-H100-SXM5-80GB-spmv-fp32-cusparse-sell-nrows-default-13.4.1,cuSPARSE-CUDA-13.4.1-SELL-NROWS-DEFAULT,cuSPARSE CUDA 13.4.1 SELL-NROWS DEFAULT,sell-nrows-default,cusparse,candidate,,sell,spmv.csr.fp32,fp32,H100-SXM5-80GB,H100-SXM5-80GB,67000.0,9630d841-fbae-5247-8ae0-f8f392316afc,suitesparse_all,Bai/mhd4800b,mhd4800b,4800,4800,27520,pass,55040.0,3.61909,0.00339360013604,16.218764083451006,0.024207110572314935,2026-10-07T03:44:01.173494+00:00,source
2,full-20261009-H100-SXM5-80GB-spmv-fp32-cusparse-sell-nrows-default-13.4.1,cuSPARSE-CUDA-13.4.1-SELL-NROWS-DEFAULT,cuSPARSE CUDA 13.4.1 SELL-NROWS DEFAULT,sell-nrows-default,cusparse,candidate,,sell,spmv.csr.fp32,fp32,H100-SXM5-80GB,H100-SXM5-80GB,67000.0,b507c62e-e8c4-5489-84fd-4bc66dd1e529,suitesparse_all,Bai/mhdb416,mhdb416,416,416,2312,pass,4624.0,8.987291,0.00348480008543,1.3269053852853745,0.0019804557989333946,2026-10-07T08:03:31.413233+00:00,source
2,full-20261009-H100-SXM5-80GB-spmv-fp32-cusparse-sell-nrows-default-13.4.1,cuSPARSE-CUDA-13.4.1-SELL-NROWS-DEFAULT,cuSPARSE CUDA 13.4.1 SELL-NROWS DEFAULT,sell-nrows-default,cusparse,candidate,,sell,spmv.csr.fp32,fp32,H100-SXM5-80GB,H100-SXM5-80GB,67000.0,26cb3a9c-bd7d-5e51-9c99-6d49c0b2dba4,suitesparse_all,Bai/olm100,olm100,100,100,396,pass,792.0,3.977562,0.00278719998896,0.28415614349062995,0.00042411364700094023,2026-10-07T13:00:03.302113+00:00,source
2,full-20261009-H100-SXM5-80GB-spmv-fp32-cusparse-sell-nrows-default-13.4.1,cuSPARSE-CUDA-13.4.1-SELL-NROWS-DEFAULT,cuSPARSE CUDA 13.4.1 SELL-NROWS DEFAULT,sell-nrows-default,cusparse,candidate,,sell,spmv.csr.fp32,fp32,H100-SXM5-80GB,H100-SXM5-80GB,67000.0,6054a01d-2dc6-5795-9ae4-804d2647be74,suitesparse_all,Bai/olm1000,olm1000,1000,1000,3996,pass,7992.0,6.942132,0.00280159991235,2.852655714604252,0.004257695096424256,2026-10-07T17:33:49.109017+00:00,source
2,full-20261009-H100-SXM5-80GB-spmv-fp32-cusparse-sell-nrows-default-13.4.1,cuSPARSE-CUDA-13.4.1-SELL-NROWS-DEFAULT,cuSPARSE CUDA 13.4.1 SELL-NROWS DEFAULT,sell-nrows-default,cusparse,candidate,,sell,spmv.csr.fp32,fp32,H100-SXM5-80GB,H100-SXM5-80GB,67000.0,c27d1d0a-dd52-58f0-bf45-e28eecb2fab1,suitesparse_all,Bai/olm5000,olm5000,5000,5000,19996,pass,39992.0,4.385246,0.00319520011544,12.516273959414539,0.018681005909573938,2026-10-06T12:24:52.520798+00:00,source
2,full-20261009-H100-SXM5-80GB-spmv-fp32-cusparse-sell-nrows-default-13.4.1,cuSPARSE-CUDA-13.4.1-SELL-NROWS-DEFAULT,cuSPARSE CUDA 13.4.1 SELL-NROWS DEFAULT,sell-nrows-default,cusparse,candidate,,sell,spmv.csr.fp32,fp32,H100-SXM5-80GB,H100-SXM5-80GB,67000.0,1bbb760b-88a6-5cef-b074-0c4935b865f2,suitesparse_all,Bai/pde225,pde225,225,225,1065,pass,2130.0,8.963491,0.00281920004636,0.7555334722522233,0.0011276618988839155,2026-10-06T19:03:28.573473+00:00,source
2,full-20261009-H100-SXM5-80GB-spmv-fp32-cusparse-sell-nrows-default-13.4.1,cuSPARSE-CUDA-13.4.1-SELL-NROWS-DEFAULT,cuSPARSE CUDA 13.4.1 SELL-NROWS DEFAULT,sell-nrows-default,cusparse,candidate,,sell,spmv.csr.fp32,fp32,H100-SXM5-80GB,H100-SXM5-80GB,67000.0,ca497226-ebef-56c9-ba00-9b037f2146f7,suitesparse_all,Bai/pde900,pde900,900,900,4380,pass,8760.0,4.799768,0.00309280008078,2.8323848199689454,0.004227440029804396,2026-10-08T21:11:51.300684+00:00,source
2,full-20261009-H100-SXM5-80GB-spmv-fp32-cusparse-sell-nrows-default-13.4.1,cuSPARSE-CUDA-13.4.1-SELL-NROWS-DEFAULT,cuSPARSE CUDA 13.4.1 SELL-NROWS DEFAULT,sell-nrows-default,cusparse,candidate,,sell,spmv.csr.fp32,fp32,H100-SXM5-80GB,H100-SXM5-80GB,67000.0,b507c62e-e8c4-5489-84fd-4bc66dd1e529,suitesparse_all,Bai/qh768,qh768,768,768,2934,pass,5868.0,6.807405,0.00341119989753,1.7202158115239545,0.0025674862858566486,2026-10-07T08:05:22.038543+00:00,source
2,full-20261009-H100-SXM5-80GB-spmv-fp32-cusparse-sell-nrows-default-13.4.1,cuSPARSE-CUDA-13.4.1-SELL-NROWS-DEFAULT,cuSPARSE CUDA 13.4.1 SELL-NROWS DEFAULT,sell-nrows-default,cusparse,candidate,,sell,spmv.csr.fp32,fp32,H100-SXM5-80GB,H100-SXM5-80GB,67000.0,9630d841-fbae-5247-8ae0-f8f392316afc,suitesparse_all,Bai/rbsa480,rbsa480,480,480,17088,pass,34176.0,7.579924,0.00536799989641,6.366617112428812,0.009502413600640016,2026-10-07T03:42:46.033784+00:00,source
2,full-20261009-H100-SXM5-80GB-spmv-fp32-cusparse-sell-nrows-default-13.4.1,cuSPARSE-CUDA-13.4.1-SELL-NROWS-DEFAULT,cuSPARSE CUDA 13.4.1 SELL-NROWS DEFAULT,sell-nrows-default,cusparse,candidate,,sell,spmv.csr.fp32,fp32,H100-SXM5-80GB,H100-SXM5-80GB,67000.0,26cb3a9c-bd7d-5e51-9c99-6d49c0b2dba4,suitesparse_all,Bai/rdb200,rdb200,200,200,1120,pass,2240.0,4.135722,0.00294879991561,0.7596310580932125,0.001133777698646586,2026-10-07T13:01:25.847348+00:00,source
2,full-20261009-H100-SXM5-80GB-spmv-fp32-cusparse-sell-nrows-default-13.4.1,cuSPARSE-CUDA-13.4.1-SELL-NROWS-DEFAULT,cuSPARSE CUDA 13.4.1 SELL-NROWS DEFAULT,sell-nrows-default,cusparse,candidate,,sell,spmv.csr.fp32,fp32,H100-SXM5-80GB,H100-SXM5-80GB,67000.0,6054a01d-2dc6-5795-9ae4-804d2647be74,suitesparse_all,Bai/rdb200l,rdb200l,200,200,1120,pass,2240.0,6.765606,0.00283519998193,0.7900677251257491,0.0011792055598891778,2026-10-07T17:36:06.363522+00:00,source
2,full-20261009-H100-SXM5-80GB-spmv-fp32-cusparse-sell-nrows-default-13.4.1,cuSPARSE-CUDA-13.4.1-SELL-NROWS-DEFAULT,cuSPARSE CUDA 13.4.1 SELL-NROWS DEFAULT,sell-nrows-default,cusparse,candidate,,sell,spmv.csr.fp32,fp32,H100-SXM5-80GB,H100-SXM5-80GB,67000.0,b507c62e-e8c4-5489-84fd-4bc66dd1e529,suitesparse_all,Bai/rdb2048,rdb2048,2048,2048,12032,pass,24064.0,8.994178,0.00304639991373,7.899159887559257,0.011789790876954117,2026-10-07T08:03:31.930111+00:00,source
2,full-20261009-H100-SXM5-80GB-spmv-fp32-cusparse-sell-nrows-default-13.4.1,cuSPARSE-CUDA-13.4.1-SELL-NROWS-DEFAULT,cuSPARSE CUDA 13.4.1 SELL-NROWS DEFAULT,sell-nrows-default,cusparse,candidate,,sell,spmv.csr.fp32,fp32,H100-SXM5-80GB,H100-SXM5-80GB,67000.0,c27d1d0a-dd52-58f0-bf45-e28eecb2fab1,suitesparse_all,Bai/rdb450,rdb450,450,450,2580,pass,5160.0,4.054795,0.00282719992101,1.8251273854579841,0.0027240707245641555,2026-10-06T12:26:58.052112+00:00,source
2,full-20261009-H100-SXM5-80GB-spmv-fp32-cusparse-sell-nrows-default-13.4.1,cuSPARSE-CUDA-13.4.1-SELL-NROWS-DEFAULT,cuSPARSE CUDA 13.4.1 SELL-NROWS DEFAULT,sell-nrows-default,cusparse,candidate,,sell,spmv.csr.fp32,fp32,H100-SXM5-80GB,H100-SXM5-80GB,67000.0,1bbb760b-88a6-5cef-b074-0c4935b865f2,suitesparse_all,Bai/rdb450l,rdb450l,450,450,2580,pass,5160.0,8.989051,0.00275839995593,1.870649681858879,0.0027920144505356403,2026-10-06T19:05:48.012830+00:00,source
2,full-20261009-H100-SXM5-80GB-spmv-fp32-cusparse-sell-nrows-default-13.4.1,cuSPARSE-CUDA-13.4.1-SELL-NROWS-DEFAULT,cuSPARSE CUDA 13.4.1 SELL-NROWS DEFAULT,sell-nrows-default,cusparse,candidate,,sell,spmv.csr.fp32,fp32,H100-SXM5-80GB,H100-SXM5-80GB,67000.0,26cb3a9c-bd7d-5e51-9c99-6d49c0b2dba4,suitesparse_all,Bai/rw136,rw136,136,136,479,pass,958.0,4.037351,0.00294400006533,0.3254076014745657,0.0004856829872754712,2026-10-07T13:00:03.667890+00:00,source
2,full-20261009-H100-SXM5-80GB-spmv-fp32-cusparse-sell-nrows-default-13.4.1,cuSPARSE-CUDA-13.4.1-SELL-NROWS-DEFAULT,cuSPARSE CUDA 13.4.1 SELL-NROWS DEFAULT,sell-nrows-default,cusparse,candidate,,sell,spmv.csr.fp32,fp32,H100-SXM5-80GB,H100-SXM5-80GB,67000.0,6054a01d-2dc6-5795-9ae4-804d2647be74,suitesparse_all,Bai/rw496,rw496,496,496,1859,pass,3718.0,6.921362,0.00292639993131,1.2705030369296246,0.001896273189447201,2026-10-07T17:33:49.676267+00:00,source
2,full-20261009-H100-SXM5-80GB-spmv-fp32-cusparse-sell-nrows-default-13.4.1,cuSPARSE-CUDA-13.4.1-SELL-NROWS-DEFAULT,cuSPARSE CUDA 13.4.1 SELL-NROWS DEFAULT,sell-nrows-default,cusparse,candidate,,sell,spmv.csr.fp32,fp32,H100-SXM5-80GB,H100-SXM5-80GB,67000.0,ca497226-ebef-56c9-ba00-9b037f2146f7,suitesparse_all,Bai/tols1090,tols1090,1090,1090,3546,pass,7092.0,5.065817,0.0063536003232,1.1162175206557696,0.0016659962994862232,2026-10-08T21:13:25.541459+00:00,source
2,full-20261009-H100-SXM5-80GB-spmv-fp32-cusparse-sell-nrows-default-13.4.1,cuSPARSE-CUDA-13.4.1-SELL-NROWS-DEFAULT,cuSPARSE CUDA 13.4.1 SELL-NROWS DEFAULT,sell-nrows-default,cusparse,candidate,,sell,spmv.csr.fp32,fp32,H100-SXM5-80GB,H100-SXM5-80GB,67000.0,9630d841-fbae-5247-8ae0-f8f392316afc,suitesparse_all,Bai/tols90,tols90,90,90,1746,pass,3492.0,3.667426,0.00514400005341,0.6788491375860551,0.0010132076680388882,2026-10-07T03:44:01.530280+00:00,source
2,full-20261009-H100-SXM5-80GB-spmv-fp32-cusparse-sell-nrows-default-13.4.1,cuSPARSE-CUDA-13.4.1-SELL-NROWS-DEFAULT,cuSPARSE CUDA 13.4.1 SELL-NROWS DEFAULT,sell-nrows-default,cusparse,candidate,,sell,spmv.csr.fp32,fp32,H100-SXM5-80GB,H100-SXM5-80GB,67000.0,c27d1d0a-dd52-58f0-bf45-e28eecb2fab1,suitesparse_all,Bai/tub1000,tub1000,1000,1000,3996,pass,7992.0,4.205996,0.00280959997326,2.8445330566852274,0.004245571726395861,2026-10-06T12:24:53.040227+00:00,source
2,full-20261009-H100-SXM5-80GB-spmv-fp32-cusparse-sell-nrows-default-13.4.1,cuSPARSE-CUDA-13.4.1-SELL-NROWS-DEFAULT,cuSPARSE CUDA 13.4.1 SELL-NROWS DEFAULT,sell-nrows-default,cusparse,candidate,,sell,spmv.csr.fp32,fp32,H100-SXM5-80GB,H100-SXM5-80GB,67000.0,ca497226-ebef-56c9-ba00-9b037f2146f7,suitesparse_all,Barabasi/NotreDame_actors,NotreDame_actors,392400,127823,1470404,pass,2940808.0,1170.39032,1.48886556625,1.9752004926858517,0.0029480604368445546,2026-10-08T21:13:20.317100+00:00,source
2,full-20261009-H100-SXM5-80GB-spmv-fp32-cusparse-sell-nrows-default-13.4.1,cuSPARSE-CUDA-13.4.1-SELL-NROWS-DEFAULT,cuSPARSE CUDA 13.4.1 SELL-NROWS DEFAULT,sell-nrows-default,cusparse,candidate,,sell,spmv.csr.fp32,fp32,H100-SXM5-80GB,H100-SXM5-80GB,67000.0,9630d841-fbae-5247-8ae0-f8f392316afc,suitesparse_all,Bates/Chem97ZtZ,Chem97ZtZ,2541,2541,7361,pass,14722.0,5.202792,0.00787680000067,1.8690331097333621,0.0027896016563184506,2026-10-07T03:43:52.086197+00:00,source
2,full-20261009-H100-SXM5-80GB-spmv-fp32-cusparse-sell-nrows-default-13.4.1,cuSPARSE-CUDA-13.4.1-SELL-NROWS-DEFAULT,cuSPARSE CUDA 13.4.1 SELL-NROWS DEFAULT,sell-nrows-default,cusparse,candidate,,sell,spmv.csr.fp32,fp32,H100-SXM5-80GB,H100-SXM5-80GB,67000.0,9630d841-fbae-5247-8ae0-f8f392316afc,suitesparse_all,Belcastro/human_gene2,human_gene2,14340,14340,18068388,pass,36136776.0,603.608045,0.464099216461,77.8643331388531,0.11621542259530314,2026-10-07T03:45:24.840801+00:00,source
2,full-20261009-H100-SXM5-80GB-spmv-fp32-cusparse-sell-nrows-default-13.4.1,cuSPARSE-CUDA-13.4.1-SELL-NROWS-DEFAULT,cuSPARSE CUDA 13.4.1 SELL-NROWS DEFAULT,sell-nrows-default,cusparse,candidate,,sell,spmv.csr.fp32,fp32,H100-SXM5-80GB,H100-SXM5-80GB,67000.0,6054a01d-2dc6-5795-9ae4-804d2647be74,suitesparse_all,Bindel/ted_AB,ted_AB,10605,10605,522387,pass,1044774.0,13.392852,0.0101984001696,102.44489161293401,0.1529028233028866,2026-10-07T17:35:19.336834+00:00,source
2,full-20261009-H100-SXM5-80GB-spmv-fp32-cusparse-sell-nrows-default-13.4.1,cuSPARSE-CUDA-13.4.1-SELL-NROWS-DEFAULT,cuSPARSE CUDA 13.4.1 SELL-NROWS DEFAULT,sell-nrows-default,cusparse,candidate,,sell,spmv.csr.fp32,fp32,H100-SXM5-80GB,H100-SXM5-80GB,67000.0,c27d1d0a-dd52-58f0-bf45-e28eecb2fab1,suitesparse_all,Bindel/ted_AB_unscaled,ted_AB_unscaled,10605,10605,522387,pass,1044774.0,17.225996,0.0102623999119,101.80601116396842,0.1519492703939827,2026-10-06T12:26:25.437185+00:00,source
2,full-20261009-H100-SXM5-80GB-spmv-fp32-cusparse-sell-nrows-default-13.4.1,cuSPARSE-CUDA-13.4.1-SELL-NROWS-DEFAULT,cuSPARSE CUDA 13.4.1 SELL-NROWS DEFAULT,sell-nrows-default,cusparse,candidate,,sell,spmv.csr.fp32,fp32,H100-SXM5-80GB,H100-SXM5-80GB,67000.0,26cb3a9c-bd7d-5e51-9c99-6d49c0b2dba4,suitesparse_all,Bindel/ted_B,ted_B,10605,10605,144579,pass,289158.0,6.76519,0.00514880008996,56.16026937302326,0.0838212975716765,2026-10-07T13:01:04.911139+00:00,source
2,full-20261009-H100-SXM5-80GB-spmv-fp32-cusparse-sell-nrows-default-13.4.1,cuSPARSE-CUDA-13.4.1-SELL-NROWS-DEFAULT,cuSPARSE CUDA 13.4.1 SELL-NROWS DEFAULT,sell-nrows-default,cusparse,candidate,,sell,spmv.csr.fp32,fp32,H100-SXM5-80GB,H100-SXM5-80GB,67000.0,9630d841-fbae-5247-8ae0-f8f392316afc,suitesparse_all,Bodendiek/CurlCurl_0,CurlCurl_0,11083,11083,113343,pass,226686.0,4.874514,0.00318240001798,71.23114590223227,0.1063151431376601,2026-10-07T03:46:08.262884+00:00,source
2,full-20261009-H100-SXM5-80GB-spmv-fp32-cusparse-sell-nrows-default-13.4.1,cuSPARSE-CUDA-13.4.1-SELL-NROWS-DEFAULT,cuSPARSE CUDA 13.4.1 SELL-NROWS DEFAULT,sell-nrows-default,cusparse,candidate,,sell,spmv.csr.fp32,fp32,H100-SXM5-80GB,H100-SXM5-80GB,67000.0,b507c62e-e8c4-5489-84fd-4bc66dd1e529,suitesparse_all,Bodendiek/CurlCurl_2,CurlCurl_2,806529,806529,8921789,pass,17843578.0,71.541069,0.032708799839,545.5283620258177,0.8142214358594295,2026-10-07T08:08:12.386608+00:00,source
2,full-20261009-H100-SXM5-80GB-spmv-fp32-cusparse-sell-nrows-default-13.4.1,cuSPARSE-CUDA-13.4.1-SELL-NROWS-DEFAULT,cuSPARSE CUDA 13.4.1 SELL-NROWS DEFAULT,sell-nrows-default,cusparse,candidate,,sell,spmv.csr.fp32,fp32,H100-SXM5-80GB,H100-SXM5-80GB,67000.0,1bbb760b-88a6-5cef-b074-0c4935b865f2,suitesparse_all,Boeing/bcsstk34,bcsstk34,588,588,21418,pass,42836.0,6.929191,0.00555519983172,7.710973735887575,0.011508916023712798,2026-10-06T19:03:29.132634+00:00,source
2,full-20261009-H100-SXM5-80GB-spmv-fp32-cusparse-sell-nrows-default-13.4.1,cuSPARSE-CUDA-13.4.1-SELL-NROWS-DEFAULT,cuSPARSE CUDA 13.4.1 SELL-NROWS DEFAULT,sell-nrows-default,cusparse,candidate,,sell,spmv.csr.fp32,fp32,H100-SXM5-80GB,H100-SXM5-80GB,67000.0,ca497226-ebef-56c9-ba00-9b037f2146f7,suitesparse_all,Boeing/bcsstk36,bcsstk36,23052,23052,1143140,pass,2286280.0,32.095831,0.017919999361,127.58259383511594,0.19042178184345665,2026-10-08T21:11:52.399198+00:00,source
2,full-20261009-H100-SXM5-80GB-spmv-fp32-cusparse-sell-nrows-default-13.4.1,cuSPARSE-CUDA-13.4.1-SELL-NROWS-DEFAULT,cuSPARSE CUDA 13.4.1 SELL-NROWS DEFAULT,sell-nrows-default,cusparse,candidate,,sell,spmv.csr.fp32,fp32,H100-SXM5-80GB,H100-SXM5-80GB,67000.0,26cb3a9c-bd7d-5e51-9c99-6d49c0b2dba4,suitesparse_all,Boeing/bcsstk39,bcsstk39,46772,46772,2089294,pass,4178588.0,22.565817,0.0077232003212,541.0435863653408,0.8075277408437923,2026-10-07T13:00:21.679323+00:00,source
2,full-20261009-H100-SXM5-80GB-spmv-fp32-cusparse-sell-nrows-default-13.4.1,cuSPARSE-CUDA-13.4.1-SELL-NROWS-DEFAULT,cuSPARSE CUDA 13.4.1 SELL-NROWS DEFAULT,sell-nrows-default,cusparse,candidate,,sell,spmv.csr.fp32,fp32,H100-SXM5-80GB,H100-SXM5-80GB,67000.0,9630d841-fbae-5247-8ae0-f8f392316afc,suitesparse_all,Boeing/bcsstm35,bcsstm35,30237,30237,20619,pass,41238.0,6.354061,0.00306400004774,13.458877074893342,0.020087876231184094,2026-10-07T03:42:46.617105+00:00,source
2,full-20261009-H100-SXM5-80GB-spmv-fp32-cusparse-sell-nrows-default-13.4.1,cuSPARSE-CUDA-13.4.1-SELL-NROWS-DEFAULT,cuSPARSE CUDA 13.4.1 SELL-NROWS DEFAULT,sell-nrows-default,cusparse,candidate,,sell,spmv.csr.fp32,fp32,H100-SXM5-80GB,H100-SXM5-80GB,67000.0,b507c62e-e8c4-5489-84fd-4bc66dd1e529,suitesparse_all,Boeing/bcsstm37,bcsstm37,25503,25503,15525,pass,31050.0,8.998545,0.00299839992076,10.355523219240816,0.01545600480483704,2026-10-07T08:03:32.481741+00:00,source
2,full-20261009-H100-SXM5-80GB-spmv-fp32-cusparse-sell-nrows-default-13.4.1,cuSPARSE-CUDA-13.4.1-SELL-NROWS-DEFAULT,cuSPARSE CUDA 13.4.1 SELL-NROWS DEFAULT,sell-nrows-default,cusparse,candidate,,sell,spmv.csr.fp32,fp32,H100-SXM5-80GB,H100-SXM5-80GB,67000.0,26cb3a9c-bd7d-5e51-9c99-6d49c0b2dba4,suitesparse_all,Boeing/crystk01,crystk01,4875,4875,315891,pass,631782.0,7.580532,0.00656799972057,96.19092979272709,0.14356855192944343,2026-10-07T13:00:04.310336+00:00,source
2,full-20261009-H100-SXM5-80GB-spmv-fp32-cusparse-sell-nrows-default-13.4.1,cuSPARSE-CUDA-13.4.1-SELL-NROWS-DEFAULT,cuSPARSE CUDA 13.4.1 SELL-NROWS DEFAULT,sell-nrows-default,cusparse,candidate,,sell,spmv.csr.fp32,fp32,H100-SXM5-80GB,H100-SXM5-80GB,67000.0,6054a01d-2dc6-5795-9ae4-804d2647be74,suitesparse_all,Boeing/crystk02,crystk02,13965,13965,968583,pass,1937166.0,16.67202,0.00696479976177,278.13663942403105,0.41512931257318064,2026-10-07T17:33:50.675521+00:00,source
2,full-20261009-H100-SXM5-80GB-spmv-fp32-cusparse-sell-nrows-default-13.4.1,cuSPARSE-CUDA-13.4.1-SELL-NROWS-DEFAULT,cuSPARSE CUDA 13.4.1 SELL-NROWS DEFAULT,sell-nrows-default,cusparse,candidate,,sell,spmv.csr.fp32,fp32,H100-SXM5-80GB,H100-SXM5-80GB,67000.0,c27d1d0a-dd52-58f0-bf45-e28eecb2fab1,suitesparse_all,Boeing/crystm02,crystm02,13965,13965,322905,pass,645810.0,6.532449,0.00490720011294,131.60457799490118,0.19642474327597192,2026-10-06T12:24:53.729940+00:00,source
2,full-20261009-H100-SXM5-80GB-spmv-fp32-cusparse-sell-nrows-default-13.4.1,cuSPARSE-CUDA-13.4.1-SELL-NROWS-DEFAULT,cuSPARSE CUDA 13.4.1 SELL-NROWS DEFAULT,sell-nrows-default,cusparse,candidate,,sell,spmv.csr.fp32,fp32,H100-SXM5-80GB,H100-SXM5-80GB,67000.0,1bbb760b-88a6-5cef-b074-0c4935b865f2,suitesparse_all,Boeing/crystm03,crystm03,24696,24696,583770,pass,1167540.0,10.878943,0.00693759992719,168.29162999500022,0.2511815373059705,2026-10-06T19:03:29.983518+00:00,source
2,full-20261009-H100-SXM5-80GB-spmv-fp32-cusparse-sell-nrows-default-13.4.1,cuSPARSE-CUDA-13.4.1-SELL-NROWS-DEFAULT,cuSPARSE CUDA 13.4.1 SELL-NROWS DEFAULT,sell-nrows-default,cusparse,candidate,,sell,spmv.csr.fp32,fp32,H100-SXM5-80GB,H100-SXM5-80GB,67000.0,ca497226-ebef-56c9-ba00-9b037f2146f7,suitesparse_all,Boeing/msc00726,msc00726,726,726,34518,pass,69036.0,8.628777,0.00733759999275,9.408525957835234,0.014042576056470498,2026-10-08T21:11:52.968970+00:00,source
2,full-20261009-H100-SXM5-80GB-spmv-fp32-cusparse-sell-nrows-default-13.4.1,cuSPARSE-CUDA-13.4.1-SELL-NROWS-DEFAULT,cuSPARSE CUDA 13.4.1 SELL-NROWS DEFAULT,sell-nrows-default,cusparse,candidate,,sell,spmv.csr.fp32,fp32,H100-SXM5-80GB,H100-SXM5-80GB,67000.0,9630d841-fbae-5247-8ae0-f8f392316afc,suitesparse_all,Boeing/msc10848,msc10848,10848,10848,1229778,pass,2459556.0,45.325698,0.0902912020683,27.240261992962395,0.04065710745218268,2026-10-07T03:42:47.809010+00:00,source
2,full-20261009-H100-SXM5-80GB-spmv-fp32-cusparse-sell-nrows-default-13.4.1,cuSPARSE-CUDA-13.4.1-SELL-NROWS-DEFAULT,cuSPARSE CUDA 13.4.1 SELL-NROWS DEFAULT,sell-nrows-default,cusparse,candidate,,sell,spmv.csr.fp32,fp32,H100-SXM5-80GB,H100-SXM5-80GB,67000.0,b507c62e-e8c4-5489-84fd-4bc66dd1e529,suitesparse_all,Boeing/nasa1824,nasa1824,1824,1824,39208,pass,78416.0,8.977922,0.00561279989779,13.970923857605495,0.020852125160605216,2026-10-07T08:03:33.006547+00:00,source
2,full-20261009-H100-SXM5-80GB-spmv-fp32-cusparse-sell-nrows-default-13.4.1,cuSPARSE-CUDA-13.4.1-SELL-NROWS-DEFAULT,cuSPARSE CUDA 13.4.1 SELL-NROWS DEFAULT,sell-nrows-default,cusparse,candidate,,sell,spmv.csr.fp32,fp32,H100-SXM5-80GB,H100-SXM5-80GB,67000.0,26cb3a9c-bd7d-5e51-9c99-6d49c0b2dba4,suitesparse_all,Boeing/pcrystk02,pcrystk02,13965,13965,968583,pass,1937166.0,13.398879,0.0075856000185,255.37412930757998,0.38115541687698506,2026-10-07T13:00:04.913282+00:00,source
2,full-20261009-H100-SXM5-80GB-spmv-fp32-cusparse-sell-nrows-default-13.4.1,cuSPARSE-CUDA-13.4.1-SELL-NROWS-DEFAULT,cuSPARSE CUDA 13.4.1 SELL-NROWS DEFAULT,sell-nrows-default,cusparse,candidate,,sell,spmv.csr.fp32,fp32,H100-SXM5-80GB,H100-SXM5-80GB,67000.0,6054a01d-2dc6-5795-9ae4-804d2647be74,suitesparse_all,Boeing/pcrystk03,pcrystk03,24696,24696,1751178,pass,3502356.0,30.141202,0.00839039981365,417.42420835562086,0.6230212065009266,2026-10-07T17:33:51.601846+00:00,source
2,full-20261009-H100-SXM5-80GB-spmv-fp32-cusparse-sell-nrows-default-13.4.1,cuSPARSE-CUDA-13.4.1-SELL-NROWS-DEFAULT,cuSPARSE CUDA 13.4.1 SELL-NROWS DEFAULT,sell-nrows-default,cusparse,candidate,,sell,spmv.csr.fp32,fp32,H100-SXM5-80GB,H100-SXM5-80GB,67000.0,c27d1d0a-dd52-58f0-bf45-e28eecb2fab1,suitesparse_all,Bomhof/circuit_1,circuit_1,2624,2624,35823,pass,71646.0,48.454837,0.207270407677,0.34566439465709736,0.0005159170069508916,2026-10-06T12:24:54.392328+00:00,source
2,full-20261009-H100-SXM5-80GB-spmv-fp32-cusparse-sell-nrows-default-13.4.1,cuSPARSE-CUDA-13.4.1-SELL-NROWS-DEFAULT,cuSPARSE CUDA 13.4.1 SELL-NROWS DEFAULT,sell-nrows-default,cusparse,candidate,,sell,spmv.csr.fp32,fp32,H100-SXM5-80GB,H100-SXM5-80GB,67000.0,1bbb760b-88a6-5cef-b074-0c4935b865f2,suitesparse_all,Bomhof/circuit_2,circuit_2,4510,4510,21199,pass,42398.0,33.003808,0.071662402153,0.5916352051593221,0.0008830376196407793,2026-10-06T19:03:30.534073+00:00,source
2,full-20261009-H100-SXM5-80GB-spmv-fp32-cusparse-sell-nrows-default-13.4.1,cuSPARSE-CUDA-13.4.1-SELL-NROWS-DEFAULT,cuSPARSE CUDA 13.4.1 SELL-NROWS DEFAULT,sell-nrows-default,cusparse,candidate,,sell,spmv.csr.fp32,fp32,H100-SXM5-80GB,H100-SXM5-80GB,67000.0,ca497226-ebef-56c9-ba00-9b037f2146f7,suitesparse_all,Bomhof/circuit_4,circuit_4,80209,80209,307604,pass,615208.0,2528.87297,3.88769607544,0.15824488027407652,0.0002361863884687709,2026-10-08T21:11:56.385866+00:00,source
2,full-20261009-H100-SXM5-80GB-spmv-fp32-cusparse-sell-nrows-default-13.4.1,cuSPARSE-CUDA-13.4.1-SELL-NROWS-DEFAULT,cuSPARSE CUDA 13.4.1 SELL-NROWS DEFAULT,sell-nrows-default,cusparse,candidate,,sell,spmv.csr.fp32,fp32,H100-SXM5-80GB,H100-SXM5-80GB,67000.0,b507c62e-e8c4-5489-84fd-4bc66dd1e529,suitesparse_all,Botonakis/FEM_3D_thermal1,FEM_3D_thermal1,17880,17880,430740,pass,861480.0,8.595969,0.00454559996724,189.51953674072948,0.28286498021004397,2026-10-07T08:05:32.619426+00:00,source
2,full-20261009-H100-SXM5-80GB-spmv-fp32-cusparse-sell-nrows-default-13.4.1,cuSPARSE-CUDA-13.4.1-SELL-NROWS-DEFAULT,cuSPARSE CUDA 13.4.1 SELL-NROWS DEFAULT,sell-nrows-default,cusparse,candidate,,sell,spmv.csr.fp32,fp32,H100-SXM5-80GB,H100-SXM5-80GB,67000.0,c27d1d0a-dd52-58f0-bf45-e28eecb2fab1,suitesparse_all,Botonakis/thermomech_TK,thermomech_TK,102158,102158,711558,pass,1423116.0,9.745969,0.00768160000443,185.2629659418982,0.2765118894655197,2026-10-06T12:28:14.366888+00:00,source
2,full-20261009-H100-SXM5-80GB-spmv-fp32-cusparse-sell-nrows-default-13.4.1,cuSPARSE-CUDA-13.4.1-SELL-NROWS-DEFAULT,cuSPARSE CUDA 13.4.1 SELL-NROWS DEFAULT,sell-nrows-default,cusparse,candidate,,sell,spmv.csr.fp32,fp32,H100-SXM5-80GB,H100-SXM5-80GB,67000.0,1bbb760b-88a6-5cef-b074-0c4935b865f2,suitesparse_all,Botonakis/thermomech_dM,thermomech_dM,204316,204316,1423116,pass,2846232.0,16.998319,0.0118671998382,239.84023516972414,0.3579705002533196,2026-10-06T19:06:32.646520+00:00,source
2,full-20261009-H100-SXM5-80GB-spmv-fp32-cusparse-sell-nrows-default-13.4.1,cuSPARSE-CUDA-13.4.1-SELL-NROWS-DEFAULT,cuSPARSE CUDA 13.4.1 SELL-NROWS DEFAULT,sell-nrows-default,cusparse,candidate,,sell,spmv.csr.fp32,fp32,H100-SXM5-80GB,H100-SXM5-80GB,67000.0,9630d841-fbae-5247-8ae0-f8f392316afc,suitesparse_all,Bourchtein/atmosmodd,atmosmodd,1270432,1270432,8814880,pass,17629760.0,55.840225,0.0296687990427,594.2188618631599,0.886893823676358,2026-10-07T03:45:16.318485+00:00,source
2,full-20261009-H100-SXM5-80GB-spmv-fp32-cusparse-sell-nrows-default-13.4.1,cuSPARSE-CUDA-13.4.1-SELL-NROWS-DEFAULT,cuSPARSE CUDA 13.4.1 SELL-NROWS DEFAULT,sell-nrows-default,cusparse,candidate,,sell,spmv.csr.fp32,fp32,H100-SXM5-80GB,H100-SXM5-80GB,67000.0,b507c62e-e8c4-5489-84fd-4bc66dd1e529,suitesparse_all,Bourchtein/atmosmodl,atmosmodl,1489752,1489752,10319760,pass,20639520.0,59.803719,0.0335103988647,615.9138864127864,0.919274457332517,2026-10-07T08:06:33.914571+00:00,source
2,full-20261009-H100-SXM5-80GB-spmv-fp32-cusparse-sell-nrows-default-13.4.1,cuSPARSE-CUDA-13.4.1-SELL-NROWS-DEFAULT,cuSPARSE CUDA 13.4.1 SELL-NROWS DEFAULT,sell-nrows-default,cusparse,candidate,,sell,spmv.csr.fp32,fp32,H100-SXM5-80GB,H100-SXM5-80GB,67000.0,c27d1d0a-dd52-58f0-bf45-e28eecb2fab1,suitesparse_all,Brogan/specular,specular,477976,1600,7647616,pass,15295232.0,52.789431,0.0230880007148,662.4753779652893,0.9887692208437154,2026-10-06T12:32:56.983694+00:00,source
2,full-20261009-H100-SXM5-80GB-spmv-fp32-cusparse-sell-nrows-default-13.4.1,cuSPARSE-CUDA-13.4.1-SELL-NROWS-DEFAULT,cuSPARSE CUDA 13.4.1 SELL-NROWS DEFAULT,sell-nrows-default,cusparse,candidate,,sell,spmv.csr.fp32,fp32,H100-SXM5-80GB,H100-SXM5-80GB,67000.0,9630d841-fbae-5247-8ae0-f8f392316afc,suitesparse_all,Brunetiere/thermal,thermal,3456,3456,66528,pass,133056.0,6.641868,0.00563040003181,23.63171342147542,0.035271214061903616,2026-10-07T03:42:48.446540+00:00,source
2,full-20261009-H100-SXM5-80GB-spmv-fp32-cusparse-sell-nrows-default-13.4.1,cuSPARSE-CUDA-13.4.1-SELL-NROWS-DEFAULT,cuSPARSE CUDA 13.4.1 SELL-NROWS DEFAULT,sell-nrows-default,cusparse,candidate,,sell,spmv.csr.fp32,fp32,H100-SXM5-80GB,H100-SXM5-80GB,67000.0,ca497226-ebef-56c9-ba00-9b037f2146f7,suitesparse_all,Bydder/mri1,mri1,65536,147456,589824,pass,1179648.0,12.04179,0.00495200008154,238.21647426813988,0.35554697651961176,2026-10-08T21:12:59.862132+00:00,source
2,full-20261009-H100-SXM5-80GB-spmv-fp32-cusparse-sell-nrows-default-13.4.1,cuSPARSE-CUDA-13.4.1-SELL-NROWS-DEFAULT,cuSPARSE CUDA 13.4.1 SELL-NROWS DEFAULT,sell-nrows-default,cusparse,candidate,,sell,spmv.csr.fp32,fp32,H100-SXM5-80GB,H100-SXM5-80GB,67000.0,9630d841-fbae-5247-8ae0-f8f392316afc,suitesparse_all,CEMW/t2em,t2em,921632,921632,4590832,pass,9181664.0,30.808296,0.0175503998995,523.159817017137,0.7808355477867717,2026-10-07T03:44:27.811649+00:00,source
2,full-20261009-H100-SXM5-80GB-spmv-fp32-cusparse-sell-nrows-default-13.4.1,cuSPARSE-CUDA-13.4.1-SELL-NROWS-DEFAULT,cuSPARSE CUDA 13.4.1 SELL-NROWS DEFAULT,sell-nrows-default,cusparse,candidate,,sell,spmv.csr.fp32,fp32,H100-SXM5-80GB,H100-SXM5-80GB,67000.0,b507c62e-e8c4-5489-84fd-4bc66dd1e529,suitesparse_all,CEMW/tmt_sym,tmt_sym,726713,726713,5080961,pass,10161922.0,38.458774,0.0218863993883,464.3030504794839,0.6929896275813192,2026-10-07T08:05:44.482262+00:00,source
2,full-20261009-H100-SXM5-80GB-spmv-fp32-cusparse-sell-nrows-default-13.4.1,cuSPARSE-CUDA-13.4.1-SELL-NROWS-DEFAULT,cuSPARSE CUDA 13.4.1 SELL-NROWS DEFAULT,sell-nrows-default,cusparse,candidate,,sell,spmv.csr.fp32,fp32,H100-SXM5-80GB,H100-SXM5-80GB,67000.0,ca497226-ebef-56c9-ba00-9b037f2146f7,suitesparse_all,CPM/cz10228,cz10228,10228,10228,102876,pass,205752.0,6.551306,0.00401920005679,51.19227634673333,0.07640638260706467,2026-10-08T21:21:42.787636+00:00,source
2,full-20261009-H100-SXM5-80GB-spmv-fp32-cusparse-sell-nrows-default-13.4.1,cuSPARSE-CUDA-13.4.1-SELL-NROWS-DEFAULT,cuSPARSE CUDA 13.4.1 SELL-NROWS DEFAULT,sell-nrows-default,cusparse,candidate,,sell,spmv.csr.fp32,fp32,H100-SXM5-80GB,H100-SXM5-80GB,67000.0,c27d1d0a-dd52-58f0-bf45-e28eecb2fab1,suitesparse_all,CPM/cz1268,cz1268,1268,1268,12786,pass,25572.0,4.299434,0.00386880002916,6.609801439014214,0.009865375282110768,2026-10-06T12:32:37.748941+00:00,source
2,full-20261009-H100-SXM5-80GB-spmv-fp32-cusparse-sell-nrows-default-13.4.1,cuSPARSE-CUDA-13.4.1-SELL-NROWS-DEFAULT,cuSPARSE CUDA 13.4.1 SELL-NROWS DEFAULT,sell-nrows-default,cusparse,candidate,,sell,spmv.csr.fp32,fp32,H100-SXM5-80GB,H100-SXM5-80GB,67000.0,6054a01d-2dc6-5795-9ae4-804d2647be74,suitesparse_all,CPM/cz148,cz148,148,148,1527,pass,3054.0,8.213928,0.00662079975009,0.46127357951862014,0.0006884680291322689,2026-10-07T17:41:26.418844+00:00,source
2,full-20261009-H100-SXM5-80GB-spmv-fp32-cusparse-sell-nrows-default-13.4.1,cuSPARSE-CUDA-13.4.1-SELL-NROWS-DEFAULT,cuSPARSE CUDA 13.4.1 SELL-NROWS DEFAULT,sell-nrows-default,cusparse,candidate,,sell,spmv.csr.fp32,fp32,H100-SXM5-80GB,H100-SXM5-80GB,67000.0,1bbb760b-88a6-5cef-b074-0c4935b865f2,suitesparse_all,CPM/cz2548,cz2548,2548,2548,25674,pass,51348.0,9.039047,0.00470240004361,10.919530351267285,0.016297806494428784,2026-10-06T19:08:56.861213+00:00,source
2,full-20261009-H100-SXM5-80GB-spmv-fp32-cusparse-sell-nrows-default-13.4.1,cuSPARSE-CUDA-13.4.1-SELL-NROWS-DEFAULT,cuSPARSE CUDA 13.4.1 SELL-NROWS DEFAULT,sell-nrows-default,cusparse,candidate,,sell,spmv.csr.fp32,fp32,H100-SXM5-80GB,H100-SXM5-80GB,67000.0,26cb3a9c-bd7d-5e51-9c99-6d49c0b2dba4,suitesparse_all,Cannizzo/sts4098,sts4098,4098,4098,72356,pass,144712.0,19.112251,0.0375743985176,3.851345748947021,0.005748277237234359,2026-10-07T13:00:50.913388+00:00,source
2,full-20261009-H100-SXM5-80GB-spmv-fp32-cusparse-sell-nrows-default-13.4.1,cuSPARSE-CUDA-13.4.1-SELL-NROWS-DEFAULT,cuSPARSE CUDA 13.4.1 SELL-NROWS DEFAULT,sell-nrows-default,cusparse,candidate,,sell,spmv.csr.fp32,fp32,H100-SXM5-80GB,H100-SXM5-80GB,67000.0,6054a01d-2dc6-5795-9ae4-804d2647be74,suitesparse_all,Chen/pkustk01,pkustk01,22044,22044,979380,pass,1958760.0,17.7942,0.00877119973302,223.31722679008953,0.33330929371655155,2026-10-07T17:34:13.992938+00:00,source
2,full-20261009-H100-SXM5-80GB-spmv-fp32-cusparse-sell-nrows-default-13.4.1,cuSPARSE-CUDA-13.4.1-SELL-NROWS-DEFAULT,cuSPARSE CUDA 13.4.1 SELL-NROWS DEFAULT,sell-nrows-default,cusparse,candidate,,sell,spmv.csr.fp32,fp32,H100-SXM5-80GB,H100-SXM5-80GB,67000.0,c27d1d0a-dd52-58f0-bf45-e28eecb2fab1,suitesparse_all,Chen/pkustk04,pkustk04,55590,55590,4218660,pass,8437320.0,1037.549169,1.49340801239,5.6497085391266895,0.008432400804666701,2026-10-06T12:25:17.218342+00:00,source
2,full-20261009-H100-SXM5-80GB-spmv-fp32-cusparse-sell-nrows-default-13.4.1,cuSPARSE-CUDA-13.4.1-SELL-NROWS-DEFAULT,cuSPARSE CUDA 13.4.1 SELL-NROWS DEFAULT,sell-nrows-default,cusparse,candidate,,sell,spmv.csr.fp32,fp32,H100-SXM5-80GB,H100-SXM5-80GB,67000.0,1bbb760b-88a6-5cef-b074-0c4935b865f2,suitesparse_all,Chen/pkustk05,pkustk05,37164,37164,2205144,pass,4410288.0,35.274934,0.019038400054,231.652239026955,0.3457496104879925,2026-10-06T19:03:50.737934+00:00,source
2,full-20261009-H100-SXM5-80GB-spmv-fp32-cusparse-sell-nrows-default-13.4.1,cuSPARSE-CUDA-13.4.1-SELL-NROWS-DEFAULT,cuSPARSE CUDA 13.4.1 SELL-NROWS DEFAULT,sell-nrows-default,cusparse,candidate,,sell,spmv.csr.fp32,fp32,H100-SXM5-80GB,H100-SXM5-80GB,67000.0,ca497226-ebef-56c9-ba00-9b037f2146f7,suitesparse_all,Chen/pkustk07,pkustk07,16860,16860,2418804,pass,4837608.0,44.922443,0.0262751996517,184.1130824551892,0.2747956454555063,2026-10-08T21:12:17.651656+00:00,source
2,full-20261009-H100-SXM5-80GB-spmv-fp32-cusparse-sell-nrows-default-13.4.1,cuSPARSE-CUDA-13.4.1-SELL-NROWS-DEFAULT,cuSPARSE CUDA 13.4.1 SELL-NROWS DEFAULT,sell-nrows-default,cusparse,candidate,,sell,spmv.csr.fp32,fp32,H100-SXM5-80GB,H100-SXM5-80GB,67000.0,9630d841-fbae-5247-8ae0-f8f392316afc,suitesparse_all,Chen/pkustk11,pkustk11,87804,87804,5217912,pass,10435824.0,80.151671,0.0369776010513,282.22014688086733,0.4212240998221901,2026-10-07T03:43:08.537135+00:00,source
2,full-20261009-H100-SXM5-80GB-spmv-fp32-cusparse-sell-nrows-default-13.4.1,cuSPARSE-CUDA-13.4.1-SELL-NROWS-DEFAULT,cuSPARSE CUDA 13.4.1 SELL-NROWS DEFAULT,sell-nrows-default,cusparse,candidate,,sell,spmv.csr.fp32,fp32,H100-SXM5-80GB,H100-SXM5-80GB,67000.0,b507c62e-e8c4-5489-84fd-4bc66dd1e529,suitesparse_all,Chen/pkustk13,pkustk13,94893,94893,6616827,pass,13233654.0,173.971418,0.0971087992191,136.2765692338735,0.2033978645281694,2026-10-07T08:03:55.987132+00:00,source
2,full-20261009-H100-SXM5-80GB-spmv-fp32-cusparse-sell-nrows-default-13.4.1,cuSPARSE-CUDA-13.4.1-SELL-NROWS-DEFAULT,cuSPARSE CUDA 13.4.1 SELL-NROWS DEFAULT,sell-nrows-default,cusparse,candidate,,sell,spmv.csr.fp32,fp32,H100-SXM5-80GB,H100-SXM5-80GB,67000.0,b507c62e-e8c4-5489-84fd-4bc66dd1e529,suitesparse_all,Chevron/Chevron1,Chevron1,37365,37365,330633,pass,661266.0,7.080007,0.00348640009761,189.67014154609265,0.28308976350163084,2026-10-07T08:08:06.603942+00:00,source
2,full-20261009-H100-SXM5-80GB-spmv-fp32-cusparse-sell-nrows-default-13.4.1,cuSPARSE-CUDA-13.4.1-SELL-NROWS-DEFAULT,cuSPARSE CUDA 13.4.1 SELL-NROWS DEFAULT,sell-nrows-default,cusparse,candidate,,sell,spmv.csr.fp32,fp32,H100-SXM5-80GB,H100-SXM5-80GB,67000.0,26cb3a9c-bd7d-5e51-9c99-6d49c0b2dba4,suitesparse_all,Chevron/Chevron4,Chevron4,711450,711450,6376412,pass,12752824.0,62.256517,0.02014079988,633.1835913162352,0.9450501362928884,2026-10-07T13:05:34.758822+00:00,source
2,full-20261009-H100-SXM5-80GB-spmv-fp32-cusparse-sell-nrows-default-13.4.1,cuSPARSE-CUDA-13.4.1-SELL-NROWS-DEFAULT,cuSPARSE CUDA 13.4.1 SELL-NROWS DEFAULT,sell-nrows-default,cusparse,candidate,,sell,spmv.csr.fp32,fp32,H100-SXM5-80GB,H100-SXM5-80GB,67000.0,b507c62e-e8c4-5489-84fd-4bc66dd1e529,suitesparse_all,Cote/vibrobox,vibrobox,12328,12328,342828,pass,685656.0,12.765319,0.0189935997128,36.099318210751214,0.05387957941903166,2026-10-07T08:03:33.721083+00:00,source
2,full-20261009-H100-SXM5-80GB-spmv-fp32-cusparse-sell-nrows-default-13.4.1,cuSPARSE-CUDA-13.4.1-SELL-NROWS-DEFAULT,cuSPARSE CUDA 13.4.1 SELL-NROWS DEFAULT,sell-nrows-default,cusparse,candidate,,sell,spmv.csr.fp32,fp32,H100-SXM5-80GB,H100-SXM5-80GB,67000.0,b507c62e-e8c4-5489-84fd-4bc66dd1e529,suitesparse_all,Cunningham/m3plates,m3plates,11107,11107,6639,pass,13278.0,8.975234,0.00295039992779,4.5004068346578014,0.006717025126354927,2026-10-07T08:03:53.682227+00:00,source
2,full-20261009-H100-SXM5-80GB-spmv-fp32-cusparse-sell-nrows-default-13.4.1,cuSPARSE-CUDA-13.4.1-SELL-NROWS-DEFAULT,cuSPARSE CUDA 13.4.1 SELL-NROWS DEFAULT,sell-nrows-default,cusparse,candidate,,sell,spmv.csr.fp32,fp32,H100-SXM5-80GB,H100-SXM5-80GB,67000.0,ca497226-ebef-56c9-ba00-9b037f2146f7,suitesparse_all,Cylshell/s1rmq4m1,s1rmq4m1,5489,5489,281111,pass,562222.0,7.076253,0.00522559992969,107.58994327247568,0.16058200488429206,2026-10-08T21:13:24.782139+00:00,source
2,full-20261009-H100-SXM5-80GB-spmv-fp32-cusparse-sell-nrows-default-13.4.1,cuSPARSE-CUDA-13.4.1-SELL-NROWS-DEFAULT,cuSPARSE CUDA 13.4.1 SELL-NROWS DEFAULT,sell-nrows-default,cusparse,candidate,,sell,spmv.csr.fp32,fp32,H100-SXM5-80GB,H100-SXM5-80GB,67000.0,9630d841-fbae-5247-8ae0-f8f392316afc,suitesparse_all,Cylshell/s2rmt3m1,s2rmt3m1,5489,5489,219521,pass,439042.0,5.076669,0.00474399998784,92.5467961900019,0.13812954655224163,2026-10-07T03:44:00.821182+00:00,source
2,full-20261009-H100-SXM5-80GB-spmv-fp32-cusparse-sell-nrows-default-13.4.1,cuSPARSE-CUDA-13.4.1-SELL-NROWS-DEFAULT,cuSPARSE CUDA 13.4.1 SELL-NROWS DEFAULT,sell-nrows-default,cusparse,candidate,,sell,spmv.csr.fp32,fp32,H100-SXM5-80GB,H100-SXM5-80GB,67000.0,b507c62e-e8c4-5489-84fd-4bc66dd1e529,suitesparse_all,Cylshell/s3rmt3m3,s3rmt3m3,5357,5357,207695,pass,415390.0,7.8072,0.00504640005529,82.31412401887525,0.12285690152070933,2026-10-07T08:05:21.563890+00:00,source
2,full-20261009-H100-SXM5-80GB-spmv-fp32-cusparse-sell-nrows-default-13.4.1,cuSPARSE-CUDA-13.4.1-SELL-NROWS-DEFAULT,cuSPARSE CUDA 13.4.1 SELL-NROWS DEFAULT,sell-nrows-default,cusparse,candidate,,sell,spmv.csr.fp32,fp32,H100-SXM5-80GB,H100-SXM5-80GB,67000.0,ca497226-ebef-56c9-ba00-9b037f2146f7,suitesparse_all,DIMACS10/144,144,144649,144649,2148786,pass,4297572.0,22.930945,0.0175663992763,244.64729125212023,0.36514521082406004,2026-10-08T21:20:39.818484+00:00,source
2,full-20261009-H100-SXM5-80GB-spmv-fp32-cusparse-sell-nrows-default-13.4.1,cuSPARSE-CUDA-13.4.1-SELL-NROWS-DEFAULT,cuSPARSE CUDA 13.4.1 SELL-NROWS DEFAULT,sell-nrows-default,cusparse,candidate,,sell,spmv.csr.fp32,fp32,H100-SXM5-80GB,H100-SXM5-80GB,67000.0,c27d1d0a-dd52-58f0-bf45-e28eecb2fab1,suitesparse_all,DIMACS10/AS365,AS365,3799275,3799275,22736152,pass,45472304.0,300.531927,0.176652801037,257.4106027929656,0.3841949295417397,2026-10-06T12:32:45.424433+00:00,source
2,full-20261009-H100-SXM5-80GB-spmv-fp32-cusparse-sell-nrows-default-13.4.1,cuSPARSE-CUDA-13.4.1-SELL-NROWS-DEFAULT,cuSPARSE CUDA 13.4.1 SELL-NROWS DEFAULT,sell-nrows-default,cusparse,candidate,,sell,spmv.csr.fp32,fp32,H100-SXM5-80GB,H100-SXM5-80GB,67000.0,26cb3a9c-bd7d-5e51-9c99-6d49c0b2dba4,suitesparse_all,DIMACS10/G_n_pin_pout,G_n_pin_pout,100000,100000,1002396,pass,2004792.0,19.58157,0.0128352001309,156.19483759926575,0.2331266232824862,2026-10-07T13:05:35.614917+00:00,source
2,full-20261009-H100-SXM5-80GB-spmv-fp32-cusparse-sell-nrows-default-13.4.1,cuSPARSE-CUDA-13.4.1-SELL-NROWS-DEFAULT,cuSPARSE CUDA 13.4.1 SELL-NROWS DEFAULT,sell-nrows-default,cusparse,candidate,,sell,spmv.csr.fp32,fp32,H100-SXM5-80GB,H100-SXM5-80GB,67000.0,1bbb760b-88a6-5cef-b074-0c4935b865f2,suitesparse_all,DIMACS10/M6,M6,3501776,3501776,21003872,pass,42007744.0,242.349983,0.31873281002,131.79610846264643,0.19671060964574094,2026-10-06T19:09:04.197468+00:00,source
2,full-20261009-H100-SXM5-80GB-spmv-fp32-cusparse-sell-nrows-default-13.4.1,cuSPARSE-CUDA-13.4.1-SELL-NROWS-DEFAULT,cuSPARSE CUDA 13.4.1 SELL-NROWS DEFAULT,sell-nrows-default,cusparse,candidate,,sell,spmv.csr.fp32,fp32,H100-SXM5-80GB,H100-SXM5-80GB,67000.0,ca497226-ebef-56c9-ba00-9b037f2146f7,suitesparse_all,DIMACS10/NLR,NLR,4163763,4163763,24975952,pass,49951904.0,434.376864,0.268286395073,186.18873307536978,0.2778936314557758,2026-10-08T21:21:51.429366+00:00,source
2,full-20261009-H100-SXM5-80GB-spmv-fp32-cusparse-sell-nrows-default-13.4.1,cuSPARSE-CUDA-13.4.1-SELL-NROWS-DEFAULT,cuSPARSE CUDA 13.4.1 SELL-NROWS DEFAULT,sell-nrows-default,cusparse,candidate,,sell,spmv.csr.fp32,fp32,H100-SXM5-80GB,H100-SXM5-80GB,67000.0,6054a01d-2dc6-5795-9ae4-804d2647be74,suitesparse_all,DIMACS10/adaptive,adaptive,6815744,6815744,27248640,pass,54497280.0,311.343864,0.104987204075,519.0849730703242,0.7747536911497376,2026-10-07T17:40:27.369467+00:00,source
2,full-20261009-H100-SXM5-80GB-spmv-fp32-cusparse-sell-nrows-default-13.4.1,cuSPARSE-CUDA-13.4.1-SELL-NROWS-DEFAULT,cuSPARSE CUDA 13.4.1 SELL-NROWS DEFAULT,sell-nrows-default,cusparse,candidate,,sell,spmv.csr.fp32,fp32,H100-SXM5-80GB,H100-SXM5-80GB,67000.0,9630d841-fbae-5247-8ae0-f8f392316afc,suitesparse_all,DIMACS10/az2010,az2010,241666,241666,1196094,pass,2392188.0,159.059903,0.103180801868,23.18442924159811,0.03460362573372852,2026-10-07T03:46:09.255517+00:00,source
2,full-20261009-H100-SXM5-80GB-spmv-fp32-cusparse-sell-nrows-default-13.4.1,cuSPARSE-CUDA-13.4.1-SELL-NROWS-DEFAULT,cuSPARSE CUDA 13.4.1 SELL-NROWS DEFAULT,sell-nrows-default,cusparse,candidate,,sell,spmv.csr.fp32,fp32,H100-SXM5-80GB,H100-SXM5-80GB,67000.0,26cb3a9c-bd7d-5e51-9c99-6d49c0b2dba4,suitesparse_all,DIMACS10/belgium_osm,belgium_osm,1441295,1441295,3099940,pass,6199880.0,78.417633,0.0438832014799,141.28139677411085,0.21086775637926994,2026-10-07T13:05:07.890869+00:00,source
2,full-20261009-H100-SXM5-80GB-spmv-fp32-cusparse-sell-nrows-default-13.4.1,cuSPARSE-CUDA-13.4.1-SELL-NROWS-DEFAULT,cuSPARSE CUDA 13.4.1 SELL-NROWS DEFAULT,sell-nrows-default,cusparse,candidate,,sell,spmv.csr.fp32,fp32,H100-SXM5-80GB,H100-SXM5-80GB,67000.0,9630d841-fbae-5247-8ae0-f8f392316afc,suitesparse_all,DIMACS10/chesapeake,chesapeake,39,39,340,pass,680.0,4.472051,0.00380959995091,0.1784964323714799,0.00026641258562907453,2026-10-07T03:45:48.576176+00:00,source
2,full-20261009-H100-SXM5-80GB-spmv-fp32-cusparse-sell-nrows-default-13.4.1,cuSPARSE-CUDA-13.4.1-SELL-NROWS-DEFAULT,cuSPARSE CUDA 13.4.1 SELL-NROWS DEFAULT,sell-nrows-default,cusparse,candidate,,sell,spmv.csr.fp32,fp32,H100-SXM5-80GB,H100-SXM5-80GB,67000.0,b507c62e-e8c4-5489-84fd-4bc66dd1e529,suitesparse_all,DIMACS10/co2010,co2010,201062,201062,974574,pass,1949148.0,109.834681,0.0736927986145,26.44964008215153,0.039477074749479896,2026-10-07T08:08:13.368113+00:00,source
2,full-20261009-H100-SXM5-80GB-spmv-fp32-cusparse-sell-nrows-default-13.4.1,cuSPARSE-CUDA-13.4.1-SELL-NROWS-DEFAULT,cuSPARSE CUDA 13.4.1 SELL-NROWS DEFAULT,sell-nrows-default,cusparse,candidate,,sell,spmv.csr.fp32,fp32,H100-SXM5-80GB,H100-SXM5-80GB,67000.0,26cb3a9c-bd7d-5e51-9c99-6d49c0b2dba4,suitesparse_all,DIMACS10/coAuthorsDBLP,coAuthorsDBLP,299067,299067,1955352,pass,3910704.0,458.563311,0.356054401398,10.983445183222408,0.016393201766003593,2026-10-07T13:03:38.604142+00:00,source
2,full-20261009-H100-SXM5-80GB-spmv-fp32-cusparse-sell-nrows-default-13.4.1,cuSPARSE-CUDA-13.4.1-SELL-NROWS-DEFAULT,cuSPARSE CUDA 13.4.1 SELL-NROWS DEFAULT,sell-nrows-default,cusparse,candidate,,sell,spmv.csr.fp32,fp32,H100-SXM5-80GB,H100-SXM5-80GB,67000.0,6054a01d-2dc6-5795-9ae4-804d2647be74,suitesparse_all,DIMACS10/coPapersCiteseer,coPapersCiteseer,434102,434102,32073440,pass,64146880.0,2674.062746,1.82496967316,35.14955943839187,0.052462029012525176,2026-10-07T17:39:29.830327+00:00,source
2,full-20261009-H100-SXM5-80GB-spmv-fp32-cusparse-sell-nrows-default-13.4.1,cuSPARSE-CUDA-13.4.1-SELL-NROWS-DEFAULT,cuSPARSE CUDA 13.4.1 SELL-NROWS DEFAULT,sell-nrows-default,cusparse,candidate,,sell,spmv.csr.fp32,fp32,H100-SXM5-80GB,H100-SXM5-80GB,67000.0,9630d841-fbae-5247-8ae0-f8f392316afc,suitesparse_all,DIMACS10/cti,cti,16840,16840,96464,pass,192928.0,4.617072,0.00322079993784,59.90064695834085,0.08940395068409082,2026-10-07T03:46:07.062902+00:00,source
2,full-20261009-H100-SXM5-80GB-spmv-fp32-cusparse-sell-nrows-default-13.4.1,cuSPARSE-CUDA-13.4.1-SELL-NROWS-DEFAULT,cuSPARSE CUDA 13.4.1 SELL-NROWS DEFAULT,sell-nrows-default,cusparse,candidate,,sell,spmv.csr.fp32,fp32,H100-SXM5-80GB,H100-SXM5-80GB,67000.0,c27d1d0a-dd52-58f0-bf45-e28eecb2fab1,suitesparse_all,DIMACS10/delaunay_n11,delaunay_n11,2048,2048,12254,pass,24508.0,4.270152,0.00372480005026,6.579682041802292,0.00982042095791387,2026-10-06T12:31:34.287255+00:00,source
2,full-20261009-H100-SXM5-80GB-spmv-fp32-cusparse-sell-nrows-default-13.4.1,cuSPARSE-CUDA-13.4.1-SELL-NROWS-DEFAULT,cuSPARSE CUDA 13.4.1 SELL-NROWS DEFAULT,sell-nrows-default,cusparse,candidate,,sell,spmv.csr.fp32,fp32,H100-SXM5-80GB,H100-SXM5-80GB,67000.0,1bbb760b-88a6-5cef-b074-0c4935b865f2,suitesparse_all,DIMACS10/delaunay_n12,delaunay_n12,4096,4096,24528,pass,49056.0,8.998757,0.00442720018327,11.080592240978465,0.016538197374594724,2026-10-06T19:08:38.634220+00:00,source
2,full-20261009-H100-SXM5-80GB-spmv-fp32-cusparse-sell-nrows-default-13.4.1,cuSPARSE-CUDA-13.4.1-SELL-NROWS-DEFAULT,cuSPARSE CUDA 13.4.1 SELL-NROWS DEFAULT,sell-nrows-default,cusparse,candidate,,sell,spmv.csr.fp32,fp32,H100-SXM5-80GB,H100-SXM5-80GB,67000.0,ca497226-ebef-56c9-ba00-9b037f2146f7,suitesparse_all,DIMACS10/delaunay_n14,delaunay_n14,16384,16384,98244,pass,196488.0,6.643464,0.00409919992089,47.93325619437937,0.07154217342444683,2026-10-08T21:20:21.865229+00:00,source
2,full-20261009-H100-SXM5-80GB-spmv-fp32-cusparse-sell-nrows-default-13.4.1,cuSPARSE-CUDA-13.4.1-SELL-NROWS-DEFAULT,cuSPARSE CUDA 13.4.1 SELL-NROWS DEFAULT,sell-nrows-default,cusparse,candidate,,sell,spmv.csr.fp32,fp32,H100-SXM5-80GB,H100-SXM5-80GB,67000.0,9630d841-fbae-5247-8ae0-f8f392316afc,suitesparse_all,DIMACS10/delaunay_n18,delaunay_n18,262144,262144,1572792,pass,3145584.0,38.968032,0.0182175993919,172.66731649608045,0.2577124126807171,2026-10-07T03:45:49.365864+00:00,source
2,full-20261009-H100-SXM5-80GB-spmv-fp32-cusparse-sell-nrows-default-13.4.1,cuSPARSE-CUDA-13.4.1-SELL-NROWS-DEFAULT,cuSPARSE CUDA 13.4.1 SELL-NROWS DEFAULT,sell-nrows-default,cusparse,candidate,,sell,spmv.csr.fp32,fp32,H100-SXM5-80GB,H100-SXM5-80GB,67000.0,b507c62e-e8c4-5489-84fd-4bc66dd1e529,suitesparse_all,DIMACS10/delaunay_n20,delaunay_n20,1048576,1048576,6291372,pass,12582744.0,134.040575,0.0678240001202,185.52052337963602,0.27689630355169553,2026-10-07T08:07:15.383116+00:00,source
2,full-20261009-H100-SXM5-80GB-spmv-fp32-cusparse-sell-nrows-default-13.4.1,cuSPARSE-CUDA-13.4.1-SELL-NROWS-DEFAULT,cuSPARSE CUDA 13.4.1 SELL-NROWS DEFAULT,sell-nrows-default,cusparse,candidate,,sell,spmv.csr.fp32,fp32,H100-SXM5-80GB,H100-SXM5-80GB,67000.0,26cb3a9c-bd7d-5e51-9c99-6d49c0b2dba4,suitesparse_all,DIMACS10/delaunay_n23,delaunay_n23,8388608,8388608,50331568,pass,100663136.0,1275.611196,1.22825918198,81.95594014426764,0.12232229872278753,2026-10-07T13:03:55.003130+00:00,source
2,full-20261009-H100-SXM5-80GB-spmv-fp32-cusparse-sell-nrows-default-13.4.1,cuSPARSE-CUDA-13.4.1-SELL-NROWS-DEFAULT,cuSPARSE CUDA 13.4.1 SELL-NROWS DEFAULT,sell-nrows-default,cusparse,candidate,,sell,spmv.csr.fp32,fp32,H100-SXM5-80GB,H100-SXM5-80GB,67000.0,6054a01d-2dc6-5795-9ae4-804d2647be74,suitesparse_all,DIMACS10/delaunay_n24,delaunay_n24,16777216,16777216,100663202,pass,201326404.0,2863.438613,1.25332803726,160.63344792009573,0.23975141480611306,2026-10-07T17:40:09.821905+00:00,source
2,full-20261009-H100-SXM5-80GB-spmv-fp32-cusparse-sell-nrows-default-13.4.1,cuSPARSE-CUDA-13.4.1-SELL-NROWS-DEFAULT,cuSPARSE CUDA 13.4.1 SELL-NROWS DEFAULT,sell-nrows-default,cusparse,candidate,,sell,spmv.csr.fp32,fp32,H100-SXM5-80GB,H100-SXM5-80GB,67000.0,6054a01d-2dc6-5795-9ae4-804d2647be74,suitesparse_all,DIMACS10/europe_osm,europe_osm,50912018,50912018,108109320,pass,216218640.0,3319.258887,2.05546875,105.19188871151653,0.15700281897241272,2026-10-07T17:41:09.434603+00:00,source
2,full-20261009-H100-SXM5-80GB-spmv-fp32-cusparse-sell-nrows-default-13.4.1,cuSPARSE-CUDA-13.4.1-SELL-NROWS-DEFAULT,cuSPARSE CUDA 13.4.1 SELL-NROWS DEFAULT,sell-nrows-default,cusparse,candidate,,sell,spmv.csr.fp32,fp32,H100-SXM5-80GB,H100-SXM5-80GB,67000.0,b507c62e-e8c4-5489-84fd-4bc66dd1e529,suitesparse_all,DIMACS10/fe_4elt2,fe_4elt2,11143,11143,65636,pass,131272.0,6.172917,0.00338880009949,38.73701491562039,0.05781644017256775,2026-10-07T08:08:04.092422+00:00,source
2,full-20261009-H100-SXM5-80GB-spmv-fp32-cusparse-sell-nrows-default-13.4.1,cuSPARSE-CUDA-13.4.1-SELL-NROWS-DEFAULT,cuSPARSE CUDA 13.4.1 SELL-NROWS DEFAULT,sell-nrows-default,cusparse,candidate,,sell,spmv.csr.fp32,fp32,H100-SXM5-80GB,H100-SXM5-80GB,67000.0,26cb3a9c-bd7d-5e51-9c99-6d49c0b2dba4,suitesparse_all,DIMACS10/fe_rotor,fe_rotor,99617,99617,1324862,pass,2649724.0,66.48122,0.0415472000837,63.776235093145374,0.09518841058678414,2026-10-07T13:05:08.665969+00:00,source
2,full-20261009-H100-SXM5-80GB-spmv-fp32-cusparse-sell-nrows-default-13.4.1,cuSPARSE-CUDA-13.4.1-SELL-NROWS-DEFAULT,cuSPARSE CUDA 13.4.1 SELL-NROWS DEFAULT,sell-nrows-default,cusparse,candidate,,sell,spmv.csr.fp32,fp32,H100-SXM5-80GB,H100-SXM5-80GB,67000.0,6054a01d-2dc6-5795-9ae4-804d2647be74,suitesparse_all,DIMACS10/fe_sphere,fe_sphere,16386,16386,98304,pass,196608.0,7.938192,0.00336959995329,58.347579156402965,0.08708593903940741,2026-10-07T17:41:10.179620+00:00,source
2,full-20261009-H100-SXM5-80GB-spmv-fp32-cusparse-sell-nrows-default-13.4.1,cuSPARSE-CUDA-13.4.1-SELL-NROWS-DEFAULT,cuSPARSE CUDA 13.4.1 SELL-NROWS DEFAULT,sell-nrows-default,cusparse,candidate,,sell,spmv.csr.fp32,fp32,H100-SXM5-80GB,H100-SXM5-80GB,67000.0,26cb3a9c-bd7d-5e51-9c99-6d49c0b2dba4,suitesparse_all,DIMACS10/fl2010,fl2010,484481,484481,2346294,pass,4692588.0,409.307402,0.313127994537,14.986165663464854,0.022367411438007245,2026-10-07T13:05:37.514805+00:00,source
2,full-20261009-H100-SXM5-80GB-spmv-fp32-cusparse-sell-nrows-default-13.4.1,cuSPARSE-CUDA-13.4.1-SELL-NROWS-DEFAULT,cuSPARSE CUDA 13.4.1 SELL-NROWS DEFAULT,sell-nrows-default,cusparse,candidate,,sell,spmv.csr.fp32,fp32,H100-SXM5-80GB,H100-SXM5-80GB,67000.0,6054a01d-2dc6-5795-9ae4-804d2647be74,suitesparse_all,DIMACS10/ga2010,ga2010,291086,291086,1418056,pass,2836112.0,127.949268,0.0749391973019,37.845508120062206,0.056485833015018215,2026-10-07T17:41:31.235539+00:00,source
2,full-20261009-H100-SXM5-80GB-spmv-fp32-cusparse-sell-nrows-default-13.4.1,cuSPARSE-CUDA-13.4.1-SELL-NROWS-DEFAULT,cuSPARSE CUDA 13.4.1 SELL-NROWS DEFAULT,sell-nrows-default,cusparse,candidate,,sell,spmv.csr.fp32,fp32,H100-SXM5-80GB,H100-SXM5-80GB,67000.0,c27d1d0a-dd52-58f0-bf45-e28eecb2fab1,suitesparse_all,DIMACS10/hugebubbles-00020,hugebubbles-00020,21198119,21198119,63580358,pass,127160716.0,398.374722,0.482726383209,263.42193098019425,0.39316706116446903,2026-10-06T12:31:55.949432+00:00,source
2,full-20261009-H100-SXM5-80GB-spmv-fp32-cusparse-sell-nrows-default-13.4.1,cuSPARSE-CUDA-13.4.1-SELL-NROWS-DEFAULT,cuSPARSE CUDA 13.4.1 SELL-NROWS DEFAULT,sell-nrows-default,cusparse,candidate,,sell,spmv.csr.fp32,fp32,H100-SXM5-80GB,H100-SXM5-80GB,67000.0,1bbb760b-88a6-5cef-b074-0c4935b865f2,suitesparse_all,DIMACS10/hugetrace-00000,hugetrace-00000,4588484,4588484,13758266,pass,27516532.0,87.498143,0.0698112010956,394.15640424691514,0.5882931406670375,2026-10-06T19:08:43.052577+00:00,source
2,full-20261009-H100-SXM5-80GB-spmv-fp32-cusparse-sell-nrows-default-13.4.1,cuSPARSE-CUDA-13.4.1-SELL-NROWS-DEFAULT,cuSPARSE CUDA 13.4.1 SELL-NROWS DEFAULT,sell-nrows-default,cusparse,candidate,,sell,spmv.csr.fp32,fp32,H100-SXM5-80GB,H100-SXM5-80GB,67000.0,ca497226-ebef-56c9-ba00-9b037f2146f7,suitesparse_all,DIMACS10/hugetrace-00020,hugetrace-00020,16002413,16002413,47997626,pass,95995252.0,297.840714,0.288703989983,332.50407105787684,0.4962747329222043,2026-10-08T21:20:38.014470+00:00,source
2,full-20261009-H100-SXM5-80GB-spmv-fp32-cusparse-sell-nrows-default-13.4.1,cuSPARSE-CUDA-13.4.1-SELL-NROWS-DEFAULT,cuSPARSE CUDA 13.4.1 SELL-NROWS DEFAULT,sell-nrows-default,cusparse,candidate,,sell,spmv.csr.fp32,fp32,H100-SXM5-80GB,H100-SXM5-80GB,67000.0,c27d1d0a-dd52-58f0-bf45-e28eecb2fab1,suitesparse_all,DIMACS10/id2010,id2010,149842,149842,728264,pass,1456528.0,109.402675,0.0715439975262,20.358493379778054,0.03038581101459411,2026-10-06T12:32:46.151377+00:00,source
2,full-20261009-H100-SXM5-80GB-spmv-fp32-cusparse-sell-nrows-default-13.4.1,cuSPARSE-CUDA-13.4.1-SELL-NROWS-DEFAULT,cuSPARSE CUDA 13.4.1 SELL-NROWS DEFAULT,sell-nrows-default,cusparse,candidate,,sell,spmv.csr.fp32,fp32,H100-SXM5-80GB,H100-SXM5-80GB,67000.0,1bbb760b-88a6-5cef-b074-0c4935b865f2,suitesparse_all,DIMACS10/il2010,il2010,451554,451554,2164464,pass,4328928.0,178.805012,0.245931196213,17.60219145297343,0.026271927541751384,2026-10-06T19:09:05.731360+00:00,source
2,full-20261009-H100-SXM5-80GB-spmv-fp32-cusparse-sell-nrows-default-13.4.1,cuSPARSE-CUDA-13.4.1-SELL-NROWS-DEFAULT,cuSPARSE CUDA 13.4.1 SELL-NROWS DEFAULT,sell-nrows-default,cusparse,candidate,,sell,spmv.csr.fp32,fp32,H100-SXM5-80GB,H100-SXM5-80GB,67000.0,c27d1d0a-dd52-58f0-bf45-e28eecb2fab1,suitesparse_all,DIMACS10/italy_osm,italy_osm,6686493,6686493,14027956,pass,28055912.0,317.928308,0.200396800041,140.0017964072277,0.20895790508541445,2026-10-06T12:32:06.024574+00:00,source
2,full-20261009-H100-SXM5-80GB-spmv-fp32-cusparse-sell-nrows-default-13.4.1,cuSPARSE-CUDA-13.4.1-SELL-NROWS-DEFAULT,cuSPARSE CUDA 13.4.1 SELL-NROWS DEFAULT,sell-nrows-default,cusparse,candidate,,sell,spmv.csr.fp32,fp32,H100-SXM5-80GB,H100-SXM5-80GB,67000.0,9630d841-fbae-5247-8ae0-f8f392316afc,suitesparse_all,DIMACS10/kron_g500-logn16,kron_g500-logn16,65536,65536,4912469,pass,9824938.0,5715.704145,4.24367675781,2.315194714564046,0.003455514499349323,2026-10-07T03:45:57.286098+00:00,source
2,full-20261009-H100-SXM5-80GB-spmv-fp32-cusparse-sell-nrows-default-13.4.1,cuSPARSE-CUDA-13.4.1-SELL-NROWS-DEFAULT,cuSPARSE CUDA 13.4.1 SELL-NROWS DEFAULT,sell-nrows-default,cusparse,candidate,,sell,spmv.csr.fp32,fp32,H100-SXM5-80GB,H100-SXM5-80GB,67000.0,b507c62e-e8c4-5489-84fd-4bc66dd1e529,suitesparse_all,DIMACS10/kron_g500-logn18,kron_g500-logn18,262144,262144,21165908,fail,42331816.0,0.0,0.0,0.0,0.0,2026-10-07T08:07:22.815426+00:00,source
2,full-20261009-H100-SXM5-80GB-spmv-fp32-cusparse-sell-nrows-default-13.4.1,cuSPARSE-CUDA-13.4.1-SELL-NROWS-DEFAULT,cuSPARSE CUDA 13.4.1 SELL-NROWS DEFAULT,sell-nrows-default,cusparse,candidate,,sell,spmv.csr.fp32,fp32,H100-SXM5-80GB,H100-SXM5-80GB,67000.0,26cb3a9c-bd7d-5e51-9c99-6d49c0b2dba4,suitesparse_all,DIMACS10/kron_g500-logn21,kron_g500-logn21,2097152,2097152,182082942,fail,364165884.0,0.0,0.0,0.0,0.0,2026-10-07T13:05:06.529937+00:00,source
2,full-20261009-H100-SXM5-80GB-spmv-fp32-cusparse-sell-nrows-default-13.4.1,cuSPARSE-CUDA-13.4.1-SELL-NROWS-DEFAULT,cuSPARSE CUDA 13.4.1 SELL-NROWS DEFAULT,sell-nrows-default,cusparse,candidate,,sell,spmv.csr.fp32,fp32,H100-SXM5-80GB,H100-SXM5-80GB,67000.0,ca497226-ebef-56c9-ba00-9b037f2146f7,suitesparse_all,DIMACS10/ks2010,ks2010,238600,238600,1121798,pass,2243596.0,67.26809,0.0414063990116,54.18476500145441,0.08087278358426031,2026-10-08T21:21:52.348637+00:00,source
2,full-20261009-H100-SXM5-80GB-spmv-fp32-cusparse-sell-nrows-default-13.4.1,cuSPARSE-CUDA-13.4.1-SELL-NROWS-DEFAULT,cuSPARSE CUDA 13.4.1 SELL-NROWS DEFAULT,sell-nrows-default,cusparse,candidate,,sell,spmv.csr.fp32,fp32,H100-SXM5-80GB,H100-SXM5-80GB,67000.0,1bbb760b-88a6-5cef-b074-0c4935b865f2,suitesparse_all,DIMACS10/luxembourg_osm,luxembourg_osm,114599,114599,239332,pass,478664.0,11.112191,0.00428959988058,111.58709747429391,0.1665479066780506,2026-10-06T19:08:44.244553+00:00,source
2,full-20261009-H100-SXM5-80GB-spmv-fp32-cusparse-sell-nrows-default-13.4.1,cuSPARSE-CUDA-13.4.1-SELL-NROWS-DEFAULT,cuSPARSE CUDA 13.4.1 SELL-NROWS DEFAULT,sell-nrows-default,cusparse,candidate,,sell,spmv.csr.fp32,fp32,H100-SXM5-80GB,H100-SXM5-80GB,67000.0,9630d841-fbae-5247-8ae0-f8f392316afc,suitesparse_all,DIMACS10/md2010,md2010,145247,145247,700378,pass,1400756.0,50.251231,0.0334320008755,41.898658869278655,0.06253531174519202,2026-10-07T03:46:09.931269+00:00,source
2,full-20261009-H100-SXM5-80GB-spmv-fp32-cusparse-sell-nrows-default-13.4.1,cuSPARSE-CUDA-13.4.1-SELL-NROWS-DEFAULT,cuSPARSE CUDA 13.4.1 SELL-NROWS DEFAULT,sell-nrows-default,cusparse,candidate,,sell,spmv.csr.fp32,fp32,H100-SXM5-80GB,H100-SXM5-80GB,67000.0,b507c62e-e8c4-5489-84fd-4bc66dd1e529,suitesparse_all,DIMACS10/mi2010,mi2010,329885,329885,1578090,pass,3156180.0,92.067498,0.0568495988846,55.5180698179909,0.08286279077312074,2026-10-07T08:08:14.585869+00:00,source
2,full-20261009-H100-SXM5-80GB-spmv-fp32-cusparse-sell-nrows-default-13.4.1,cuSPARSE-CUDA-13.4.1-SELL-NROWS-DEFAULT,cuSPARSE CUDA 13.4.1 SELL-NROWS DEFAULT,sell-nrows-default,cusparse,candidate,,sell,spmv.csr.fp32,fp32,H100-SXM5-80GB,H100-SXM5-80GB,67000.0,26cb3a9c-bd7d-5e51-9c99-6d49c0b2dba4,suitesparse_all,DIMACS10/ms2010,ms2010,171778,171778,839980,pass,1679960.0,58.858429,0.0349408000708,48.080181237862995,0.07176146453412388,2026-10-07T13:05:38.541675+00:00,source
2,full-20261009-H100-SXM5-80GB-spmv-fp32-cusparse-sell-nrows-default-13.4.1,cuSPARSE-CUDA-13.4.1-SELL-NROWS-DEFAULT,cuSPARSE CUDA 13.4.1 SELL-NROWS DEFAULT,sell-nrows-default,cusparse,candidate,,sell,spmv.csr.fp32,fp32,H100-SXM5-80GB,H100-SXM5-80GB,67000.0,6054a01d-2dc6-5795-9ae4-804d2647be74,suitesparse_all,DIMACS10/mt2010,mt2010,132288,132288,638668,pass,1277336.0,97.337564,0.0568928003311,22.451628194890496,0.03350989282819477,2026-10-07T17:41:32.557233+00:00,source
2,full-20261009-H100-SXM5-80GB-spmv-fp32-cusparse-sell-nrows-default-13.4.1,cuSPARSE-CUDA-13.4.1-SELL-NROWS-DEFAULT,cuSPARSE CUDA 13.4.1 SELL-NROWS DEFAULT,sell-nrows-default,cusparse,candidate,,sell,spmv.csr.fp32,fp32,H100-SXM5-80GB,H100-SXM5-80GB,67000.0,c27d1d0a-dd52-58f0-bf45-e28eecb2fab1,suitesparse_all,DIMACS10/ne2010,ne2010,193352,193352,913854,pass,1827708.0,75.735524,0.0384431988001,47.5430780228217,0.07095981794451,2026-10-06T12:32:46.972517+00:00,source
2,full-20261009-H100-SXM5-80GB-spmv-fp32-cusparse-sell-nrows-default-13.4.1,cuSPARSE-CUDA-13.4.1-SELL-NROWS-DEFAULT,cuSPARSE CUDA 13.4.1 SELL-NROWS DEFAULT,sell-nrows-default,cusparse,candidate,,sell,spmv.csr.fp32,fp32,H100-SXM5-80GB,H100-SXM5-80GB,67000.0,1bbb760b-88a6-5cef-b074-0c4935b865f2,suitesparse_all,DIMACS10/nh2010,nh2010,48837,48837,234550,pass,469100.0,26.504813,0.0150736004114,31.120633902781762,0.04644870731758472,2026-10-06T19:09:06.362266+00:00,source
2,full-20261009-H100-SXM5-80GB-spmv-fp32-cusparse-sell-nrows-default-13.4.1,cuSPARSE-CUDA-13.4.1-SELL-NROWS-DEFAULT,cuSPARSE CUDA 13.4.1 SELL-NROWS DEFAULT,sell-nrows-default,cusparse,candidate,,sell,spmv.csr.fp32,fp32,H100-SXM5-80GB,H100-SXM5-80GB,67000.0,ca497226-ebef-56c9-ba00-9b037f2146f7,suitesparse_all,DIMACS10/nm2010,nm2010,168609,168609,830970,pass,1661940.0,164.91406,0.109296000004,15.205862977045605,0.02269531787618747,2026-10-08T21:21:53.226201+00:00,source
2,full-20261009-H100-SXM5-80GB-spmv-fp32-cusparse-sell-nrows-default-13.4.1,cuSPARSE-CUDA-13.4.1-SELL-NROWS-DEFAULT,cuSPARSE CUDA 13.4.1 SELL-NROWS DEFAULT,sell-nrows-default,cusparse,candidate,,sell,spmv.csr.fp32,fp32,H100-SXM5-80GB,H100-SXM5-80GB,67000.0,9630d841-fbae-5247-8ae0-f8f392316afc,suitesparse_all,DIMACS10/ok2010,ok2010,269118,269118,1274148,pass,2548296.0,85.924227,0.0537072002888,47.44793968587145,0.0708178204266738,2026-10-07T03:46:10.858309+00:00,source
2,full-20261009-H100-SXM5-80GB-spmv-fp32-cusparse-sell-nrows-default-13.4.1,cuSPARSE-CUDA-13.4.1-SELL-NROWS-DEFAULT,cuSPARSE CUDA 13.4.1 SELL-NROWS DEFAULT,sell-nrows-default,cusparse,candidate,,sell,spmv.csr.fp32,fp32,H100-SXM5-80GB,H100-SXM5-80GB,67000.0,b507c62e-e8c4-5489-84fd-4bc66dd1e529,suitesparse_all,DIMACS10/pa2010,pa2010,421545,421545,2058462,pass,4116924.0,152.516576,0.0803488016129,51.23815063022705,0.07647485168690603,2026-10-07T08:08:16.091651+00:00,source
2,full-20261009-H100-SXM5-80GB-spmv-fp32-cusparse-sell-nrows-default-13.4.1,cuSPARSE-CUDA-13.4.1-SELL-NROWS-DEFAULT,cuSPARSE CUDA 13.4.1 SELL-NROWS DEFAULT,sell-nrows-default,cusparse,candidate,,sell,spmv.csr.fp32,fp32,H100-SXM5-80GB,H100-SXM5-80GB,67000.0,6054a01d-2dc6-5795-9ae4-804d2647be74,suitesparse_all,DIMACS10/preferentialAttachment,preferentialAttachment,100000,100000,999970,pass,1999940.0,497.119288,0.362351989746,5.519329427173587,0.008237805115184458,2026-10-07T17:41:27.666911+00:00,source
2,full-20261009-H100-SXM5-80GB-spmv-fp32-cusparse-sell-nrows-default-13.4.1,cuSPARSE-CUDA-13.4.1-SELL-NROWS-DEFAULT,cuSPARSE CUDA 13.4.1 SELL-NROWS DEFAULT,sell-nrows-default,cusparse,candidate,,sell,spmv.csr.fp32,fp32,H100-SXM5-80GB,H100-SXM5-80GB,67000.0,1bbb760b-88a6-5cef-b074-0c4935b865f2,suitesparse_all,DIMACS10/rgg_n_2_15_s0,rgg_n_2_15_s0,32768,32768,320480,pass,640960.0,13.345205,0.00589120015502,108.7995625906253,0.16238740685167954,2026-10-06T19:08:43.663104+00:00,source
2,full-20261009-H100-SXM5-80GB-spmv-fp32-cusparse-sell-nrows-default-13.4.1,cuSPARSE-CUDA-13.4.1-SELL-NROWS-DEFAULT,cuSPARSE CUDA 13.4.1 SELL-NROWS DEFAULT,sell-nrows-default,cusparse,candidate,,sell,spmv.csr.fp32,fp32,H100-SXM5-80GB,H100-SXM5-80GB,67000.0,ca497226-ebef-56c9-ba00-9b037f2146f7,suitesparse_all,DIMACS10/rgg_n_2_17_s0,rgg_n_2_17_s0,131072,131072,1457506,pass,2915012.0,32.308395,0.00742079988122,392.8164142220156,0.5862931555552472,2026-10-08T21:20:38.818297+00:00,source
2,full-20261009-H100-SXM5-80GB-spmv-fp32-cusparse-sell-nrows-default-13.4.1,cuSPARSE-CUDA-13.4.1-SELL-NROWS-DEFAULT,cuSPARSE CUDA 13.4.1 SELL-NROWS DEFAULT,sell-nrows-default,cusparse,candidate,,sell,spmv.csr.fp32,fp32,H100-SXM5-80GB,H100-SXM5-80GB,67000.0,9630d841-fbae-5247-8ae0-f8f392316afc,suitesparse_all,DIMACS10/rgg_n_2_21_s0,rgg_n_2_21_s0,2097152,2097152,28975990,pass,57951980.0,581.791695,0.211143994331,274.4666273062522,0.409651682546645,2026-10-07T03:46:06.679787+00:00,source
2,full-20261009-H100-SXM5-80GB-spmv-fp32-cusparse-sell-nrows-default-13.4.1,cuSPARSE-CUDA-13.4.1-SELL-NROWS-DEFAULT,cuSPARSE CUDA 13.4.1 SELL-NROWS DEFAULT,sell-nrows-default,cusparse,candidate,,sell,spmv.csr.fp32,fp32,H100-SXM5-80GB,H100-SXM5-80GB,67000.0,b507c62e-e8c4-5489-84fd-4bc66dd1e529,suitesparse_all,DIMACS10/rgg_n_2_23_s0,rgg_n_2_23_s0,8388608,8388608,127002786,pass,254005572.0,2076.7244,0.9249584198,274.61296266152436,0.4098700935246632,2026-10-07T08:08:03.573600+00:00,source
2,full-20261009-H100-SXM5-80GB-spmv-fp32-cusparse-sell-nrows-default-13.4.1,cuSPARSE-CUDA-13.4.1-SELL-NROWS-DEFAULT,cuSPARSE CUDA 13.4.1 SELL-NROWS DEFAULT,sell-nrows-default,cusparse,candidate,,sell,spmv.csr.fp32,fp32,H100-SXM5-80GB,H100-SXM5-80GB,67000.0,b507c62e-e8c4-5489-84fd-4bc66dd1e529,suitesparse_all,DIMACS10/road_usa,road_usa,23947347,23947347,57708624,pass,115417248.0,940.54427,0.639012813568,180.61804951227003,0.26957917837652245,2026-10-07T08:07:13.020517+00:00,source
2,full-20261009-H100-SXM5-80GB-spmv-fp32-cusparse-sell-nrows-default-13.4.1,cuSPARSE-CUDA-13.4.1-SELL-NROWS-DEFAULT,cuSPARSE CUDA 13.4.1 SELL-NROWS DEFAULT,sell-nrows-default,cusparse,candidate,,sell,spmv.csr.fp32,fp32,H100-SXM5-80GB,H100-SXM5-80GB,67000.0,26cb3a9c-bd7d-5e51-9c99-6d49c0b2dba4,suitesparse_all,DIMACS10/sd2010,sd2010,88360,88360,410722,pass,821444.0,40.105977,0.0246288001537,33.35298491496322,0.04978057449994511,2026-10-07T13:05:39.338389+00:00,source
2,full-20261009-H100-SXM5-80GB-spmv-fp32-cusparse-sell-nrows-default-13.4.1,cuSPARSE-CUDA-13.4.1-SELL-NROWS-DEFAULT,cuSPARSE CUDA 13.4.1 SELL-NROWS DEFAULT,sell-nrows-default,cusparse,candidate,,sell,spmv.csr.fp32,fp32,H100-SXM5-80GB,H100-SXM5-80GB,67000.0,c27d1d0a-dd52-58f0-bf45-e28eecb2fab1,suitesparse_all,DIMACS10/t60k,t60k,60005,60005,178880,pass,357760.0,8.320005,0.00352960005403,101.35992591894923,0.15128347152081972,2026-10-06T12:32:06.647382+00:00,source
2,full-20261009-H100-SXM5-80GB-spmv-fp32-cusparse-sell-nrows-default-13.4.1,cuSPARSE-CUDA-13.4.1-SELL-NROWS-DEFAULT,cuSPARSE CUDA 13.4.1 SELL-NROWS DEFAULT,sell-nrows-default,cusparse,candidate,,sell,spmv.csr.fp32,fp32,H100-SXM5-80GB,H100-SXM5-80GB,67000.0,6054a01d-2dc6-5795-9ae4-804d2647be74,suitesparse_all,DIMACS10/tn2010,tn2010,240116,240116,1193966,pass,2387932.0,113.399807,0.0650831997395,36.690451753415054,0.05476186828867918,2026-10-07T17:41:34.189176+00:00,source
2,full-20261009-H100-SXM5-80GB-spmv-fp32-cusparse-sell-nrows-default-13.4.1,cuSPARSE-CUDA-13.4.1-SELL-NROWS-DEFAULT,cuSPARSE CUDA 13.4.1 SELL-NROWS DEFAULT,sell-nrows-default,cusparse,candidate,,sell,spmv.csr.fp32,fp32,H100-SXM5-80GB,H100-SXM5-80GB,67000.0,1bbb760b-88a6-5cef-b074-0c4935b865f2,suitesparse_all,DIMACS10/uk,uk,4824,4824,13674,pass,27348.0,8.996825,0.00308960005641,8.851631117516666,0.013211389727636814,2026-10-06T19:08:44.766887+00:00,source
2,full-20261009-H100-SXM5-80GB-spmv-fp32-cusparse-sell-nrows-default-13.4.1,cuSPARSE-CUDA-13.4.1-SELL-NROWS-DEFAULT,cuSPARSE CUDA 13.4.1 SELL-NROWS DEFAULT,sell-nrows-default,cusparse,candidate,,sell,spmv.csr.fp32,fp32,H100-SXM5-80GB,H100-SXM5-80GB,67000.0,c27d1d0a-dd52-58f0-bf45-e28eecb2fab1,suitesparse_all,DIMACS10/va2010,va2010,285762,285762,1402128,pass,2804256.0,145.848423,0.0899824023247,31.16449358487773,0.04651416952966825,2026-10-06T12:32:48.335916+00:00,source
2,full-20261009-H100-SXM5-80GB-spmv-fp32-cusparse-sell-nrows-default-13.4.1,cuSPARSE-CUDA-13.4.1-SELL-NROWS-DEFAULT,cuSPARSE CUDA 13.4.1 SELL-NROWS DEFAULT,sell-nrows-default,cusparse,candidate,,sell,spmv.csr.fp32,fp32,H100-SXM5-80GB,H100-SXM5-80GB,67000.0,c27d1d0a-dd52-58f0-bf45-e28eecb2fab1,suitesparse_all,DIMACS10/venturiLevel3,venturiLevel3,4026819,4026819,16108474,pass,32216948.0,140.653965,0.0841120004654,383.0243939240589,0.5716781998866551,2026-10-06T12:32:00.979701+00:00,source
2,full-20261009-H100-SXM5-80GB-spmv-fp32-cusparse-sell-nrows-default-13.4.1,cuSPARSE-CUDA-13.4.1-SELL-NROWS-DEFAULT,cuSPARSE CUDA 13.4.1 SELL-NROWS DEFAULT,sell-nrows-default,cusparse,candidate,,sell,spmv.csr.fp32,fp32,H100-SXM5-80GB,H100-SXM5-80GB,67000.0,9630d841-fbae-5247-8ae0-f8f392316afc,suitesparse_all,DIMACS10/vsp_bcsstk30_500sep_10in_1Kout,vsp_bcsstk30_500sep_10in_1Kout,58348,58348,4033156,pass,8066312.0,104.754709,0.0464320003986,173.7231204934951,0.25928823954252994,2026-10-07T03:46:12.474406+00:00,source
2,full-20261009-H100-SXM5-80GB-spmv-fp32-cusparse-sell-nrows-default-13.4.1,cuSPARSE-CUDA-13.4.1-SELL-NROWS-DEFAULT,cuSPARSE CUDA 13.4.1 SELL-NROWS DEFAULT,sell-nrows-default,cusparse,candidate,,sell,spmv.csr.fp32,fp32,H100-SXM5-80GB,H100-SXM5-80GB,67000.0,b507c62e-e8c4-5489-84fd-4bc66dd1e529,suitesparse_all,DIMACS10/vsp_bump2_e18_aa01_model1_crew1,vsp_bump2_e18_aa01_model1_crew1,56438,56438,601602,pass,1203204.0,173.837819,0.10830719471,11.109178879774902,0.016580863999664033,2026-10-07T08:08:16.925635+00:00,source
2,full-20261009-H100-SXM5-80GB-spmv-fp32-cusparse-sell-nrows-default-13.4.1,cuSPARSE-CUDA-13.4.1-SELL-NROWS-DEFAULT,cuSPARSE CUDA 13.4.1 SELL-NROWS DEFAULT,sell-nrows-default,cusparse,candidate,,sell,spmv.csr.fp32,fp32,H100-SXM5-80GB,H100-SXM5-80GB,67000.0,26cb3a9c-bd7d-5e51-9c99-6d49c0b2dba4,suitesparse_all,DIMACS10/vsp_data_and_seymourl,vsp_data_and_seymourl,9167,9167,111732,pass,223464.0,15.371461,0.0194176003337,11.508322148961403,0.017176600222330453,2026-10-07T13:05:39.981434+00:00,source
2,full-20261009-H100-SXM5-80GB-spmv-fp32-cusparse-sell-nrows-default-13.4.1,cuSPARSE-CUDA-13.4.1-SELL-NROWS-DEFAULT,cuSPARSE CUDA 13.4.1 SELL-NROWS DEFAULT,sell-nrows-default,cusparse,candidate,,sell,spmv.csr.fp32,fp32,H100-SXM5-80GB,H100-SXM5-80GB,67000.0,6054a01d-2dc6-5795-9ae4-804d2647be74,suitesparse_all,DIMACS10/vsp_finan512_scagr7-2c_rlfddd,vsp_finan512_scagr7-2c_rlfddd,139752,139752,1104040,pass,2208080.0,457.941598,0.315720009804,6.99379175038916,0.010438495149834567,2026-10-07T17:41:35.443775+00:00,source
2,full-20261009-H100-SXM5-80GB-spmv-fp32-cusparse-sell-nrows-default-13.4.1,cuSPARSE-CUDA-13.4.1-SELL-NROWS-DEFAULT,cuSPARSE CUDA 13.4.1 SELL-NROWS DEFAULT,sell-nrows-default,cusparse,candidate,,sell,spmv.csr.fp32,fp32,H100-SXM5-80GB,H100-SXM5-80GB,67000.0,c27d1d0a-dd52-58f0-bf45-e28eecb2fab1,suitesparse_all,DIMACS10/vsp_msc10848_300sep_100in_1Kout,vsp_msc10848_300sep_100in_1Kout,21996,21996,2442056,pass,4884112.0,93.50131,0.0628304004669,77.73485388769762,0.11602216998163825,2026-10-06T12:32:49.496654+00:00,source
2,full-20261009-H100-SXM5-80GB-spmv-fp32-cusparse-sell-nrows-default-13.4.1,cuSPARSE-CUDA-13.4.1-SELL-NROWS-DEFAULT,cuSPARSE CUDA 13.4.1 SELL-NROWS DEFAULT,sell-nrows-default,cusparse,candidate,,sell,spmv.csr.fp32,fp32,H100-SXM5-80GB,H100-SXM5-80GB,67000.0,1bbb760b-88a6-5cef-b074-0c4935b865f2,suitesparse_all,DIMACS10/vsp_p0291_seymourl_iiasa,vsp_p0291_seymourl_iiasa,10498,10498,107736,pass,215472.0,18.160523,0.0191264003515,11.265684919279726,0.016814455103402577,2026-10-06T19:09:07.570468+00:00,source
2,full-20261009-H100-SXM5-80GB-spmv-fp32-cusparse-sell-nrows-default-13.4.1,cuSPARSE-CUDA-13.4.1-SELL-NROWS-DEFAULT,cuSPARSE CUDA 13.4.1 SELL-NROWS DEFAULT,sell-nrows-default,cusparse,candidate,,sell,spmv.csr.fp32,fp32,H100-SXM5-80GB,H100-SXM5-80GB,67000.0,ca497226-ebef-56c9-ba00-9b037f2146f7,suitesparse_all,DIMACS10/vsp_south31_slptsk,vsp_south31_slptsk,39668,39668,379828,pass,759656.0,3239.296283,2.71058712006,0.2802551500293356,0.00041829126870050087,2026-10-08T21:21:57.982602+00:00,source
2,full-20261009-H100-SXM5-80GB-spmv-fp32-cusparse-sell-nrows-default-13.4.1,cuSPARSE-CUDA-13.4.1-SELL-NROWS-DEFAULT,cuSPARSE CUDA 13.4.1 SELL-NROWS DEFAULT,sell-nrows-default,cusparse,candidate,,sell,spmv.csr.fp32,fp32,H100-SXM5-80GB,H100-SXM5-80GB,67000.0,1bbb760b-88a6-5cef-b074-0c4935b865f2,suitesparse_all,DIMACS10/vt2010,vt2010,32580,32580,155598,pass,311196.0,15.003611,0.0102623999119,30.323901102231027,0.045259553883926905,2026-10-06T19:09:06.974355+00:00,source
2,full-20261009-H100-SXM5-80GB-spmv-fp32-cusparse-sell-nrows-default-13.4.1,cuSPARSE-CUDA-13.4.1-SELL-NROWS-DEFAULT,cuSPARSE CUDA 13.4.1 SELL-NROWS DEFAULT,sell-nrows-default,cusparse,candidate,,sell,spmv.csr.fp32,fp32,H100-SXM5-80GB,H100-SXM5-80GB,67000.0,ca497226-ebef-56c9-ba00-9b037f2146f7,suitesparse_all,DIMACS10/wi2010,wi2010,253096,253096,1209404,pass,2418808.0,76.951831,0.04816159904,50.22275107583305,0.07495932996392993,2026-10-08T21:21:54.191708+00:00,source
2,full-20261009-H100-SXM5-80GB-spmv-fp32-cusparse-sell-nrows-default-13.4.1,cuSPARSE-CUDA-13.4.1-SELL-NROWS-DEFAULT,cuSPARSE CUDA 13.4.1 SELL-NROWS DEFAULT,sell-nrows-default,cusparse,candidate,,sell,spmv.csr.fp32,fp32,H100-SXM5-80GB,H100-SXM5-80GB,67000.0,ca497226-ebef-56c9-ba00-9b037f2146f7,suitesparse_all,DIMACS10/wing_nodal,wing_nodal,10937,10937,150976,pass,301952.0,6.467341,0.00489280000329,61.71353821880364,0.09210975853552782,2026-10-08T21:20:40.211053+00:00,source
2,full-20261009-H100-SXM5-80GB-spmv-fp32-cusparse-sell-nrows-default-13.4.1,cuSPARSE-CUDA-13.4.1-SELL-NROWS-DEFAULT,cuSPARSE CUDA 13.4.1 SELL-NROWS DEFAULT,sell-nrows-default,cusparse,candidate,,sell,spmv.csr.fp32,fp32,H100-SXM5-80GB,H100-SXM5-80GB,67000.0,b507c62e-e8c4-5489-84fd-4bc66dd1e529,suitesparse_all,DNVS/crplat2,crplat2,18010,18010,960946,pass,1921892.0,17.506094,0.00643199980259,298.8016260861985,0.4459725762480575,2026-10-07T08:04:49.114535+00:00,source
2,full-20261009-H100-SXM5-80GB-spmv-fp32-cusparse-sell-nrows-default-13.4.1,cuSPARSE-CUDA-13.4.1-SELL-NROWS-DEFAULT,cuSPARSE CUDA 13.4.1 SELL-NROWS DEFAULT,sell-nrows-default,cusparse,candidate,,sell,spmv.csr.fp32,fp32,H100-SXM5-80GB,H100-SXM5-80GB,67000.0,ca497226-ebef-56c9-ba00-9b037f2146f7,suitesparse_all,DNVS/m_t1,m_t1,97578,97578,9753570,pass,19507140.0,161.069874,0.074638402462,261.35527230679276,0.3900824959802877,2026-10-08T21:12:53.546014+00:00,source
2,full-20261009-H100-SXM5-80GB-spmv-fp32-cusparse-sell-nrows-default-13.4.1,cuSPARSE-CUDA-13.4.1-SELL-NROWS-DEFAULT,cuSPARSE CUDA 13.4.1 SELL-NROWS DEFAULT,sell-nrows-default,cusparse,candidate,,sell,spmv.csr.fp32,fp32,H100-SXM5-80GB,H100-SXM5-80GB,67000.0,26cb3a9c-bd7d-5e51-9c99-6d49c0b2dba4,suitesparse_all,DNVS/ship_003,ship_003,121728,121728,8086034,pass,16172068.0,111.793562,0.0514559984207,314.2892664870382,0.46908845744334066,2026-10-07T13:00:56.555652+00:00,source
2,full-20261009-H100-SXM5-80GB-spmv-fp32-cusparse-sell-nrows-default-13.4.1,cuSPARSE-CUDA-13.4.1-SELL-NROWS-DEFAULT,cuSPARSE CUDA 13.4.1 SELL-NROWS DEFAULT,sell-nrows-default,cusparse,candidate,,sell,spmv.csr.fp32,fp32,H100-SXM5-80GB,H100-SXM5-80GB,67000.0,6054a01d-2dc6-5795-9ae4-804d2647be74,suitesparse_all,DNVS/shipsec1,shipsec1,140874,140874,7813404,pass,15626808.0,122.063972,0.0446016013622,350.3642811633165,0.5229317629303231,2026-10-07T17:35:09.946674+00:00,source
2,full-20261009-H100-SXM5-80GB-spmv-fp32-cusparse-sell-nrows-default-13.4.1,cuSPARSE-CUDA-13.4.1-SELL-NROWS-DEFAULT,cuSPARSE CUDA 13.4.1 SELL-NROWS DEFAULT,sell-nrows-default,cusparse,candidate,,sell,spmv.csr.fp32,fp32,H100-SXM5-80GB,H100-SXM5-80GB,67000.0,1bbb760b-88a6-5cef-b074-0c4935b865f2,suitesparse_all,DNVS/thread,thread,29736,29736,4470048,pass,8940096.0,73.906069,0.0445775985718,200.55131470575776,0.2993303204563548,2026-10-06T19:05:14.911151+00:00,source
2,full-20261009-H100-SXM5-80GB-spmv-fp32-cusparse-sell-nrows-default-13.4.1,cuSPARSE-CUDA-13.4.1-SELL-NROWS-DEFAULT,cuSPARSE CUDA 13.4.1 SELL-NROWS DEFAULT,sell-nrows-default,cusparse,candidate,,sell,spmv.csr.fp32,fp32,H100-SXM5-80GB,H100-SXM5-80GB,67000.0,ca497226-ebef-56c9-ba00-9b037f2146f7,suitesparse_all,DNVS/troll,troll,213453,213453,11985111,pass,23970222.0,438.143934,0.267312002182,89.67132715455034,0.13383780172320944,2026-10-08T21:12:58.193798+00:00,source
2,full-20261009-H100-SXM5-80GB-spmv-fp32-cusparse-sell-nrows-default-13.4.1,cuSPARSE-CUDA-13.4.1-SELL-NROWS-DEFAULT,cuSPARSE CUDA 13.4.1 SELL-NROWS DEFAULT,sell-nrows-default,cusparse,candidate,,sell,spmv.csr.fp32,fp32,H100-SXM5-80GB,H100-SXM5-80GB,67000.0,26cb3a9c-bd7d-5e51-9c99-6d49c0b2dba4,suitesparse_all,DRIVCAV/cavity03,cavity03,317,317,7327,pass,14654.0,8.692036,0.00489920005202,2.9911005560913924,0.0044643291881961075,2026-10-07T13:00:05.291570+00:00,source
2,full-20261009-H100-SXM5-80GB-spmv-fp32-cusparse-sell-nrows-default-13.4.1,cuSPARSE-CUDA-13.4.1-SELL-NROWS-DEFAULT,cuSPARSE CUDA 13.4.1 SELL-NROWS DEFAULT,sell-nrows-default,cusparse,candidate,,sell,spmv.csr.fp32,fp32,H100-SXM5-80GB,H100-SXM5-80GB,67000.0,6054a01d-2dc6-5795-9ae4-804d2647be74,suitesparse_all,DRIVCAV/cavity04,cavity04,317,317,7327,pass,14654.0,6.969604,0.00482879988849,3.034708486249243,0.004529415651118272,2026-10-07T17:33:52.096562+00:00,source
2,full-20261009-H100-SXM5-80GB-spmv-fp32-cusparse-sell-nrows-default-13.4.1,cuSPARSE-CUDA-13.4.1-SELL-NROWS-DEFAULT,cuSPARSE CUDA 13.4.1 SELL-NROWS DEFAULT,sell-nrows-default,cusparse,candidate,,sell,spmv.csr.fp32,fp32,H100-SXM5-80GB,H100-SXM5-80GB,67000.0,c27d1d0a-dd52-58f0-bf45-e28eecb2fab1,suitesparse_all,DRIVCAV/cavity07,cavity07,1182,1182,32747,pass,65494.0,4.576051,0.00528800003231,12.385400832040034,0.018485672883641842,2026-10-06T12:24:55.060792+00:00,source
2,full-20261009-H100-SXM5-80GB-spmv-fp32-cusparse-sell-nrows-default-13.4.1,cuSPARSE-CUDA-13.4.1-SELL-NROWS-DEFAULT,cuSPARSE CUDA 13.4.1 SELL-NROWS DEFAULT,sell-nrows-default,cusparse,candidate,,sell,spmv.csr.fp32,fp32,H100-SXM5-80GB,H100-SXM5-80GB,67000.0,1bbb760b-88a6-5cef-b074-0c4935b865f2,suitesparse_all,DRIVCAV/cavity08,cavity08,1182,1182,32747,pass,65494.0,9.011362,0.00609759986401,10.740947497484493,0.016031264921618646,2026-10-06T19:03:31.081732+00:00,source
2,full-20261009-H100-SXM5-80GB-spmv-fp32-cusparse-sell-nrows-default-13.4.1,cuSPARSE-CUDA-13.4.1-SELL-NROWS-DEFAULT,cuSPARSE CUDA 13.4.1 SELL-NROWS DEFAULT,sell-nrows-default,cusparse,candidate,,sell,spmv.csr.fp32,fp32,H100-SXM5-80GB,H100-SXM5-80GB,67000.0,ca497226-ebef-56c9-ba00-9b037f2146f7,suitesparse_all,DRIVCAV/cavity10,cavity10,2597,2597,76367,pass,152734.0,8.63941,0.00566719993949,26.95052259154011,0.04022466058438823,2026-10-08T21:11:57.070541+00:00,source
2,full-20261009-H100-SXM5-80GB-spmv-fp32-cusparse-sell-nrows-default-13.4.1,cuSPARSE-CUDA-13.4.1-SELL-NROWS-DEFAULT,cuSPARSE CUDA 13.4.1 SELL-NROWS DEFAULT,sell-nrows-default,cusparse,candidate,,sell,spmv.csr.fp32,fp32,H100-SXM5-80GB,H100-SXM5-80GB,67000.0,9630d841-fbae-5247-8ae0-f8f392316afc,suitesparse_all,DRIVCAV/cavity14,cavity14,2597,2597,76367,pass,152734.0,4.590303,0.00608320012689,25.107508681961505,0.03747389355516642,2026-10-07T03:42:48.866070+00:00,source
2,full-20261009-H100-SXM5-80GB-spmv-fp32-cusparse-sell-nrows-default-13.4.1,cuSPARSE-CUDA-13.4.1-SELL-NROWS-DEFAULT,cuSPARSE CUDA 13.4.1 SELL-NROWS DEFAULT,sell-nrows-default,cusparse,candidate,,sell,spmv.csr.fp32,fp32,H100-SXM5-80GB,H100-SXM5-80GB,67000.0,b507c62e-e8c4-5489-84fd-4bc66dd1e529,suitesparse_all,DRIVCAV/cavity16,cavity16,4562,4562,138187,pass,276374.0,9.142658,0.00668959990144,41.31398051780464,0.06166265748926065,2026-10-07T08:03:34.363199+00:00,source
2,full-20261009-H100-SXM5-80GB-spmv-fp32-cusparse-sell-nrows-default-13.4.1,cuSPARSE-CUDA-13.4.1-SELL-NROWS-DEFAULT,cuSPARSE CUDA 13.4.1 SELL-NROWS DEFAULT,sell-nrows-default,cusparse,candidate,,sell,spmv.csr.fp32,fp32,H100-SXM5-80GB,H100-SXM5-80GB,67000.0,26cb3a9c-bd7d-5e51-9c99-6d49c0b2dba4,suitesparse_all,DRIVCAV/cavity19,cavity19,4562,4562,138187,pass,276374.0,16.687555,0.00558400005102,49.49391072256817,0.07387150854114652,2026-10-07T13:00:05.784369+00:00,source
2,full-20261009-H100-SXM5-80GB-spmv-fp32-cusparse-sell-nrows-default-13.4.1,cuSPARSE-CUDA-13.4.1-SELL-NROWS-DEFAULT,cuSPARSE CUDA 13.4.1 SELL-NROWS DEFAULT,sell-nrows-default,cusparse,candidate,,sell,spmv.csr.fp32,fp32,H100-SXM5-80GB,H100-SXM5-80GB,67000.0,6054a01d-2dc6-5795-9ae4-804d2647be74,suitesparse_all,DRIVCAV/cavity20,cavity20,4562,4562,138187,pass,276374.0,8.769558,0.005496000126,50.28638894903838,0.07505431186423639,2026-10-07T17:33:52.729475+00:00,source
2,full-20261009-H100-SXM5-80GB-spmv-fp32-cusparse-sell-nrows-default-13.4.1,cuSPARSE-CUDA-13.4.1-SELL-NROWS-DEFAULT,cuSPARSE CUDA 13.4.1 SELL-NROWS DEFAULT,sell-nrows-default,cusparse,candidate,,sell,spmv.csr.fp32,fp32,H100-SXM5-80GB,H100-SXM5-80GB,67000.0,c27d1d0a-dd52-58f0-bf45-e28eecb2fab1,suitesparse_all,DRIVCAV/cavity23,cavity23,4562,4562,138187,pass,276374.0,5.954049,0.006027200073,45.85445922694194,0.06843949138349543,2026-10-06T12:24:55.639066+00:00,source
2,full-20261009-H100-SXM5-80GB-spmv-fp32-cusparse-sell-nrows-default-13.4.1,cuSPARSE-CUDA-13.4.1-SELL-NROWS-DEFAULT,cuSPARSE CUDA 13.4.1 SELL-NROWS DEFAULT,sell-nrows-default,cusparse,candidate,,sell,spmv.csr.fp32,fp32,H100-SXM5-80GB,H100-SXM5-80GB,67000.0,1bbb760b-88a6-5cef-b074-0c4935b865f2,suitesparse_all,DRIVCAV/cavity24,cavity24,4562,4562,138187,pass,276374.0,7.001314,0.00606399998069,45.57618748022364,0.06802416041824424,2026-10-06T19:03:31.717371+00:00,source
2,full-20261009-H100-SXM5-80GB-spmv-fp32-cusparse-sell-nrows-default-13.4.1,cuSPARSE-CUDA-13.4.1-SELL-NROWS-DEFAULT,cuSPARSE CUDA 13.4.1 SELL-NROWS DEFAULT,sell-nrows-default,cusparse,candidate,,sell,spmv.csr.fp32,fp32,H100-SXM5-80GB,H100-SXM5-80GB,67000.0,ca497226-ebef-56c9-ba00-9b037f2146f7,suitesparse_all,DRIVCAV/cavity26,cavity26,4562,4562,138187,pass,276374.0,8.779454,0.00641919970512,43.0542766537645,0.06426011440860373,2026-10-08T21:11:57.776104+00:00,source
2,full-20261009-H100-SXM5-80GB-spmv-fp32-cusparse-sell-nrows-default-13.4.1,cuSPARSE-CUDA-13.4.1-SELL-NROWS-DEFAULT,cuSPARSE CUDA 13.4.1 SELL-NROWS DEFAULT,sell-nrows-default,cusparse,candidate,,sell,spmv.csr.fp32,fp32,H100-SXM5-80GB,H100-SXM5-80GB,67000.0,6054a01d-2dc6-5795-9ae4-804d2647be74,suitesparse_all,Dattorro/EternityII_A,EternityII_A,7362,150638,782087,pass,1564174.0,36.76204,0.088369601965,17.700362627179338,0.026418451682357222,2026-10-07T17:38:41.257658+00:00,source
2,full-20261009-H100-SXM5-80GB-spmv-fp32-cusparse-sell-nrows-default-13.4.1,cuSPARSE-CUDA-13.4.1-SELL-NROWS-DEFAULT,cuSPARSE CUDA 13.4.1 SELL-NROWS DEFAULT,sell-nrows-default,cusparse,candidate,,sell,spmv.csr.fp32,fp32,H100-SXM5-80GB,H100-SXM5-80GB,67000.0,26cb3a9c-bd7d-5e51-9c99-6d49c0b2dba4,suitesparse_all,Dattorro/EternityII_Etilde,EternityII_Etilde,10054,204304,1170516,pass,2341032.0,59.609265,0.0864160001278,27.090261022702563,0.04043322540701875,2026-10-07T13:02:54.794343+00:00,source
2,full-20261009-H100-SXM5-80GB-spmv-fp32-cusparse-sell-nrows-default-13.4.1,cuSPARSE-CUDA-13.4.1-SELL-NROWS-DEFAULT,cuSPARSE CUDA 13.4.1 SELL-NROWS DEFAULT,sell-nrows-default,cusparse,candidate,,sell,spmv.csr.fp32,fp32,H100-SXM5-80GB,H100-SXM5-80GB,67000.0,c27d1d0a-dd52-58f0-bf45-e28eecb2fab1,suitesparse_all,Dziekonski/dielFilterV2real,dielFilterV2real,1157456,1157456,48538952,pass,97077904.0,725.635258,0.385460805893,251.84896237400548,0.3758939736925455,2026-10-06T12:29:01.867929+00:00,source
2,full-20261009-H100-SXM5-80GB-spmv-fp32-cusparse-sell-nrows-default-13.4.1,cuSPARSE-CUDA-13.4.1-SELL-NROWS-DEFAULT,cuSPARSE CUDA 13.4.1 SELL-NROWS DEFAULT,sell-nrows-default,cusparse,candidate,,sell,spmv.csr.fp32,fp32,H100-SXM5-80GB,H100-SXM5-80GB,67000.0,1bbb760b-88a6-5cef-b074-0c4935b865f2,suitesparse_all,Dziekonski/dielFilterV3clx,dielFilterV3clx,420408,420408,32886208,fail,65772416.0,0.0,0.0,0.0,0.0,2026-10-06T19:07:01.859463+00:00,source
2,full-20261009-H100-SXM5-80GB-spmv-fp32-cusparse-sell-nrows-default-13.4.1,cuSPARSE-CUDA-13.4.1-SELL-NROWS-DEFAULT,cuSPARSE CUDA 13.4.1 SELL-NROWS DEFAULT,sell-nrows-default,cusparse,candidate,,sell,spmv.csr.fp32,fp32,H100-SXM5-80GB,H100-SXM5-80GB,67000.0,9630d841-fbae-5247-8ae0-f8f392316afc,suitesparse_all,Dziekonski/gsm_106857,gsm_106857,589446,589446,21758924,pass,43517848.0,364.86726,0.18721280098,232.45124143326623,0.34694215139293466,2026-10-07T03:45:38.660950+00:00,source
2,full-20261009-H100-SXM5-80GB-spmv-fp32-cusparse-sell-nrows-default-13.4.1,cuSPARSE-CUDA-13.4.1-SELL-NROWS-DEFAULT,cuSPARSE CUDA 13.4.1 SELL-NROWS DEFAULT,sell-nrows-default,cusparse,candidate,,sell,spmv.csr.fp32,fp32,H100-SXM5-80GB,H100-SXM5-80GB,67000.0,26cb3a9c-bd7d-5e51-9c99-6d49c0b2dba4,suitesparse_all,Embree/ifiss_mat,ifiss_mat,96307,96307,3599932,pass,7199864.0,48.116482,0.0195360004902,368.5433977958654,0.5500647728296498,2026-10-07T13:07:08.461708+00:00,source
2,full-20261009-H100-SXM5-80GB-spmv-fp32-cusparse-sell-nrows-default-13.4.1,cuSPARSE-CUDA-13.4.1-SELL-NROWS-DEFAULT,cuSPARSE CUDA 13.4.1 SELL-NROWS DEFAULT,sell-nrows-default,cusparse,candidate,,sell,spmv.csr.fp32,fp32,H100-SXM5-80GB,H100-SXM5-80GB,67000.0,26cb3a9c-bd7d-5e51-9c99-6d49c0b2dba4,suitesparse_all,FEMLAB/poisson2D,poisson2D,367,367,2417,pass,4834.0,3.972033,0.00288800001144,1.6738227080510624,0.0024982428478374065,2026-10-07T13:00:25.125264+00:00,source
2,full-20261009-H100-SXM5-80GB-spmv-fp32-cusparse-sell-nrows-default-13.4.1,cuSPARSE-CUDA-13.4.1-SELL-NROWS-DEFAULT,cuSPARSE CUDA 13.4.1 SELL-NROWS DEFAULT,sell-nrows-default,cusparse,candidate,,sell,spmv.csr.fp32,fp32,H100-SXM5-80GB,H100-SXM5-80GB,67000.0,6054a01d-2dc6-5795-9ae4-804d2647be74,suitesparse_all,FEMLAB/poisson3Da,poisson3Da,13514,13514,352762,pass,705524.0,14.139463,0.00924639999866,76.3025610077701,0.11388441941458222,2026-10-07T17:34:32.887883+00:00,source
2,full-20261009-H100-SXM5-80GB-spmv-fp32-cusparse-sell-nrows-default-13.4.1,cuSPARSE-CUDA-13.4.1-SELL-NROWS-DEFAULT,cuSPARSE CUDA 13.4.1 SELL-NROWS DEFAULT,sell-nrows-default,cusparse,candidate,,sell,spmv.csr.fp32,fp32,H100-SXM5-80GB,H100-SXM5-80GB,67000.0,c27d1d0a-dd52-58f0-bf45-e28eecb2fab1,suitesparse_all,FEMLAB/sme3Da,sme3Da,12504,12504,874887,pass,1749774.0,32.352216,0.0411904007196,42.48014026159714,0.06340319442029424,2026-10-06T12:25:32.083540+00:00,source
2,full-20261009-H100-SXM5-80GB-spmv-fp32-cusparse-sell-nrows-default-13.4.1,cuSPARSE-CUDA-13.4.1-SELL-NROWS-DEFAULT,cuSPARSE CUDA 13.4.1 SELL-NROWS DEFAULT,sell-nrows-default,cusparse,candidate,,sell,spmv.csr.fp32,fp32,H100-SXM5-80GB,H100-SXM5-80GB,67000.0,1bbb760b-88a6-5cef-b074-0c4935b865f2,suitesparse_all,FEMLAB/sme3Db,sme3Db,29067,29067,2081063,pass,4162126.0,57.955865,0.0414175987244,100.49172642034416,0.149987651373648,2026-10-06T19:04:19.473345+00:00,source
2,full-20261009-H100-SXM5-80GB-spmv-fp32-cusparse-sell-nrows-default-13.4.1,cuSPARSE-CUDA-13.4.1-SELL-NROWS-DEFAULT,cuSPARSE CUDA 13.4.1 SELL-NROWS DEFAULT,sell-nrows-default,cusparse,candidate,,sell,spmv.csr.fp32,fp32,H100-SXM5-80GB,H100-SXM5-80GB,67000.0,ca497226-ebef-56c9-ba00-9b037f2146f7,suitesparse_all,FEMLAB/waveguide3D,waveguide3D,21036,21036,303468,pass,606936.0,9.641499,0.00620159991086,97.86764846554473,0.14607111711275333,2026-10-08T21:12:22.009829+00:00,source
2,full-20261009-H100-SXM5-80GB-spmv-fp32-cusparse-sell-nrows-default-13.4.1,cuSPARSE-CUDA-13.4.1-SELL-NROWS-DEFAULT,cuSPARSE CUDA 13.4.1 SELL-NROWS DEFAULT,sell-nrows-default,cusparse,candidate,,sell,spmv.csr.fp32,fp32,H100-SXM5-80GB,H100-SXM5-80GB,67000.0,9630d841-fbae-5247-8ae0-f8f392316afc,suitesparse_all,FIDAP/ex11,ex11,16614,16614,1096948,pass,2193896.0,15.727525,0.0103840000927,211.2765774667432,0.3153381753234973,2026-10-07T03:42:50.210622+00:00,source
2,full-20261009-H100-SXM5-80GB-spmv-fp32-cusparse-sell-nrows-default-13.4.1,cuSPARSE-CUDA-13.4.1-SELL-NROWS-DEFAULT,cuSPARSE CUDA 13.4.1 SELL-NROWS DEFAULT,sell-nrows-default,cusparse,candidate,,sell,spmv.csr.fp32,fp32,H100-SXM5-80GB,H100-SXM5-80GB,67000.0,b507c62e-e8c4-5489-84fd-4bc66dd1e529,suitesparse_all,FIDAP/ex13,ex13,2568,2568,75628,pass,151256.0,8.966281,0.00698240026832,21.662464795418117,0.03233203700808674,2026-10-07T08:03:34.922403+00:00,source
2,full-20261009-H100-SXM5-80GB-spmv-fp32-cusparse-sell-nrows-default-13.4.1,cuSPARSE-CUDA-13.4.1-SELL-NROWS-DEFAULT,cuSPARSE CUDA 13.4.1 SELL-NROWS DEFAULT,sell-nrows-default,cusparse,candidate,,sell,spmv.csr.fp32,fp32,H100-SXM5-80GB,H100-SXM5-80GB,67000.0,26cb3a9c-bd7d-5e51-9c99-6d49c0b2dba4,suitesparse_all,FIDAP/ex18,ex18,5773,5773,71805,pass,143610.0,4.501448,0.00392160005867,36.620256490077914,0.05465709923892226,2026-10-07T13:00:06.263050+00:00,source
2,full-20261009-H100-SXM5-80GB-spmv-fp32-cusparse-sell-nrows-default-13.4.1,cuSPARSE-CUDA-13.4.1-SELL-NROWS-DEFAULT,cuSPARSE CUDA 13.4.1 SELL-NROWS DEFAULT,sell-nrows-default,cusparse,candidate,,sell,spmv.csr.fp32,fp32,H100-SXM5-80GB,H100-SXM5-80GB,67000.0,6054a01d-2dc6-5795-9ae4-804d2647be74,suitesparse_all,FIDAP/ex19,ex19,12005,12005,259879,pass,519758.0,10.400386,0.00516159981489,100.69707428704963,0.15029414072693975,2026-10-07T17:33:53.484498+00:00,source
2,full-20261009-H100-SXM5-80GB-spmv-fp32-cusparse-sell-nrows-default-13.4.1,cuSPARSE-CUDA-13.4.1-SELL-NROWS-DEFAULT,cuSPARSE CUDA 13.4.1 SELL-NROWS DEFAULT,sell-nrows-default,cusparse,candidate,,sell,spmv.csr.fp32,fp32,H100-SXM5-80GB,H100-SXM5-80GB,67000.0,c27d1d0a-dd52-58f0-bf45-e28eecb2fab1,suitesparse_all,FIDAP/ex21,ex21,656,656,19144,pass,38288.0,4.321014,0.00608320012689,6.294055628837994,0.009394112878862678,2026-10-06T12:24:56.002973+00:00,source
2,full-20261009-H100-SXM5-80GB-spmv-fp32-cusparse-sell-nrows-default-13.4.1,cuSPARSE-CUDA-13.4.1-SELL-NROWS-DEFAULT,cuSPARSE CUDA 13.4.1 SELL-NROWS DEFAULT,sell-nrows-default,cusparse,candidate,,sell,spmv.csr.fp32,fp32,H100-SXM5-80GB,H100-SXM5-80GB,67000.0,1bbb760b-88a6-5cef-b074-0c4935b865f2,suitesparse_all,FIDAP/ex22,ex22,839,839,22715,pass,45430.0,9.009938,0.00567199997604,8.009520485174209,0.011954508186827178,2026-10-06T19:03:32.252743+00:00,source
2,full-20261009-H100-SXM5-80GB-spmv-fp32-cusparse-sell-nrows-default-13.4.1,cuSPARSE-CUDA-13.4.1-SELL-NROWS-DEFAULT,cuSPARSE CUDA 13.4.1 SELL-NROWS DEFAULT,sell-nrows-default,cusparse,candidate,,sell,spmv.csr.fp32,fp32,H100-SXM5-80GB,H100-SXM5-80GB,67000.0,ca497226-ebef-56c9-ba00-9b037f2146f7,suitesparse_all,FIDAP/ex24,ex24,2283,2283,48737,pass,97474.0,8.525195,0.00510720014572,19.085604092035904,0.028485976256770004,2026-10-08T21:11:58.401356+00:00,source
2,full-20261009-H100-SXM5-80GB-spmv-fp32-cusparse-sell-nrows-default-13.4.1,cuSPARSE-CUDA-13.4.1-SELL-NROWS-DEFAULT,cuSPARSE CUDA 13.4.1 SELL-NROWS DEFAULT,sell-nrows-default,cusparse,candidate,,sell,spmv.csr.fp32,fp32,H100-SXM5-80GB,H100-SXM5-80GB,67000.0,9630d841-fbae-5247-8ae0-f8f392316afc,suitesparse_all,FIDAP/ex28,ex28,2603,2603,77781,pass,155562.0,12.861945,0.00553920008242,28.083838403619666,0.0419161767218204,2026-10-07T03:42:50.642010+00:00,source
2,full-20261009-H100-SXM5-80GB-spmv-fp32-cusparse-sell-nrows-default-13.4.1,cuSPARSE-CUDA-13.4.1-SELL-NROWS-DEFAULT,cuSPARSE CUDA 13.4.1 SELL-NROWS DEFAULT,sell-nrows-default,cusparse,candidate,,sell,spmv.csr.fp32,fp32,H100-SXM5-80GB,H100-SXM5-80GB,67000.0,b507c62e-e8c4-5489-84fd-4bc66dd1e529,suitesparse_all,FIDAP/ex3,ex3,1821,1821,52685,pass,105370.0,8.99501,0.00585279986262,18.00334924707834,0.026870670518027374,2026-10-07T08:03:35.475529+00:00,source
2,full-20261009-H100-SXM5-80GB-spmv-fp32-cusparse-sell-nrows-default-13.4.1,cuSPARSE-CUDA-13.4.1-SELL-NROWS-DEFAULT,cuSPARSE CUDA 13.4.1 SELL-NROWS DEFAULT,sell-nrows-default,cusparse,candidate,,sell,spmv.csr.fp32,fp32,H100-SXM5-80GB,H100-SXM5-80GB,67000.0,26cb3a9c-bd7d-5e51-9c99-6d49c0b2dba4,suitesparse_all,FIDAP/ex33,ex33,1733,1733,22189,pass,44378.0,5.139214,0.00368640013039,12.038302525587493,0.017967615709832078,2026-10-07T13:00:06.651247+00:00,source
2,full-20261009-H100-SXM5-80GB-spmv-fp32-cusparse-sell-nrows-default-13.4.1,cuSPARSE-CUDA-13.4.1-SELL-NROWS-DEFAULT,cuSPARSE CUDA 13.4.1 SELL-NROWS DEFAULT,sell-nrows-default,cusparse,candidate,,sell,spmv.csr.fp32,fp32,H100-SXM5-80GB,H100-SXM5-80GB,67000.0,6054a01d-2dc6-5795-9ae4-804d2647be74,suitesparse_all,FIDAP/ex35,ex35,19716,19716,228208,pass,456416.0,9.015679,0.00401280000806,113.74003166947153,0.1697612412977187,2026-10-07T17:33:54.202160+00:00,source
2,full-20261009-H100-SXM5-80GB-spmv-fp32-cusparse-sell-nrows-default-13.4.1,cuSPARSE-CUDA-13.4.1-SELL-NROWS-DEFAULT,cuSPARSE CUDA 13.4.1 SELL-NROWS DEFAULT,sell-nrows-default,cusparse,candidate,,sell,spmv.csr.fp32,fp32,H100-SXM5-80GB,H100-SXM5-80GB,67000.0,c27d1d0a-dd52-58f0-bf45-e28eecb2fab1,suitesparse_all,FIDAP/ex4,ex4,1601,1601,32299,pass,64598.0,0.701379,0.00457120016217,14.131518574617525,0.021091818768085857,2026-10-06T12:24:56.579639+00:00,source
2,full-20261009-H100-SXM5-80GB-spmv-fp32-cusparse-sell-nrows-default-13.4.1,cuSPARSE-CUDA-13.4.1-SELL-NROWS-DEFAULT,cuSPARSE CUDA 13.4.1 SELL-NROWS DEFAULT,sell-nrows-default,cusparse,candidate,,sell,spmv.csr.fp32,fp32,H100-SXM5-80GB,H100-SXM5-80GB,67000.0,1bbb760b-88a6-5cef-b074-0c4935b865f2,suitesparse_all,FIDAP/ex40,ex40,7740,7740,458012,pass,916024.0,11.768253,0.00883359983563,103.69770162162551,0.15477268898750077,2026-10-06T19:03:33.140848+00:00,source
2,full-20261009-H100-SXM5-80GB-spmv-fp32-cusparse-sell-nrows-default-13.4.1,cuSPARSE-CUDA-13.4.1-SELL-NROWS-DEFAULT,cuSPARSE CUDA 13.4.1 SELL-NROWS DEFAULT,sell-nrows-default,cusparse,candidate,,sell,spmv.csr.fp32,fp32,H100-SXM5-80GB,H100-SXM5-80GB,67000.0,ca497226-ebef-56c9-ba00-9b037f2146f7,suitesparse_all,FIDAP/ex6,ex6,1651,1651,49533,pass,99066.0,7.985017,0.0195455998182,5.0684553516620205,0.007564858733823911,2026-10-08T21:11:58.983553+00:00,source
2,full-20261009-H100-SXM5-80GB-spmv-fp32-cusparse-sell-nrows-default-13.4.1,cuSPARSE-CUDA-13.4.1-SELL-NROWS-DEFAULT,cuSPARSE CUDA 13.4.1 SELL-NROWS DEFAULT,sell-nrows-default,cusparse,candidate,,sell,spmv.csr.fp32,fp32,H100-SXM5-80GB,H100-SXM5-80GB,67000.0,26cb3a9c-bd7d-5e51-9c99-6d49c0b2dba4,suitesparse_all,FlowIPM22/Spielman_k100,Spielman_k100,338402,338402,1025404,pass,2050808.0,351.576943,0.200760006905,10.215221804462509,0.015246599708152998,2026-10-07T13:07:11.754405+00:00,source
2,full-20261009-H100-SXM5-80GB-spmv-fp32-cusparse-sell-nrows-default-13.4.1,cuSPARSE-CUDA-13.4.1-SELL-NROWS-DEFAULT,cuSPARSE CUDA 13.4.1 SELL-NROWS DEFAULT,sell-nrows-default,cusparse,candidate,,sell,spmv.csr.fp32,fp32,H100-SXM5-80GB,H100-SXM5-80GB,67000.0,6054a01d-2dc6-5795-9ae4-804d2647be74,suitesparse_all,FlowIPM22/Spielman_k200,Spielman_k200,2686802,2686802,8100804,pass,16201608.0,4882.374828,3.37692146301,4.797744980885279,0.007160813404306386,2026-10-07T17:42:50.188896+00:00,source
2,full-20261009-H100-SXM5-80GB-spmv-fp32-cusparse-sell-nrows-default-13.4.1,cuSPARSE-CUDA-13.4.1-SELL-NROWS-DEFAULT,cuSPARSE CUDA 13.4.1 SELL-NROWS DEFAULT,sell-nrows-default,cusparse,candidate,,sell,spmv.csr.fp32,fp32,H100-SXM5-80GB,H100-SXM5-80GB,67000.0,c27d1d0a-dd52-58f0-bf45-e28eecb2fab1,suitesparse_all,FlowIPM22/Spielman_k500,Spielman_k500,41792002,41792002,125627004,fail,251254008.0,0.0,0.0,0.0,0.0,2026-10-06T12:35:48.572732+00:00,source
2,full-20261009-H100-SXM5-80GB-spmv-fp32-cusparse-sell-nrows-default-13.4.1,cuSPARSE-CUDA-13.4.1-SELL-NROWS-DEFAULT,cuSPARSE CUDA 13.4.1 SELL-NROWS DEFAULT,sell-nrows-default,cusparse,candidate,,sell,spmv.csr.fp32,fp32,H100-SXM5-80GB,H100-SXM5-80GB,67000.0,1bbb760b-88a6-5cef-b074-0c4935b865f2,suitesparse_all,FlowIPM22/Spielman_k600,Spielman_k600,72180402,72180402,216902404,fail,433804808.0,0.0,0.0,0.0,0.0,2026-10-06T19:15:12.168125+00:00,source
2,full-20261009-H100-SXM5-80GB-spmv-fp32-cusparse-sell-nrows-default-13.4.1,cuSPARSE-CUDA-13.4.1-SELL-NROWS-DEFAULT,cuSPARSE CUDA 13.4.1 SELL-NROWS DEFAULT,sell-nrows-default,cusparse,candidate,,sell,spmv.csr.fp32,fp32,H100-SXM5-80GB,H100-SXM5-80GB,67000.0,ca497226-ebef-56c9-ba00-9b037f2146f7,suitesparse_all,FlowIPM22/uni_chimera_i2,uni_chimera_i2,100000,100000,797974,pass,1595948.0,15.618766,0.0123999997973,128.70548597488724,0.19209774026102575,2026-10-08T21:45:30.008431+00:00,source
2,full-20261009-H100-SXM5-80GB-spmv-fp32-cusparse-sell-nrows-default-13.4.1,cuSPARSE-CUDA-13.4.1-SELL-NROWS-DEFAULT,cuSPARSE CUDA 13.4.1 SELL-NROWS DEFAULT,sell-nrows-default,cusparse,candidate,,sell,spmv.csr.fp32,fp32,H100-SXM5-80GB,H100-SXM5-80GB,67000.0,26cb3a9c-bd7d-5e51-9c99-6d49c0b2dba4,suitesparse_all,Fluorem/DK01R,DK01R,903,903,11766,pass,23532.0,6.957316,0.00371679998934,6.331252708644843,0.00944963090842514,2026-10-07T13:02:52.098746+00:00,source
2,full-20261009-H100-SXM5-80GB-spmv-fp32-cusparse-sell-nrows-default-13.4.1,cuSPARSE-CUDA-13.4.1-SELL-NROWS-DEFAULT,cuSPARSE CUDA 13.4.1 SELL-NROWS DEFAULT,sell-nrows-default,cusparse,candidate,,sell,spmv.csr.fp32,fp32,H100-SXM5-80GB,H100-SXM5-80GB,67000.0,6054a01d-2dc6-5795-9ae4-804d2647be74,suitesparse_all,Fluorem/GT01R,GT01R,7980,7980,430909,error,861818.0,12.386594,0.00674400031567,0.0,0.0,2026-10-07T17:38:36.015885+00:00,source
2,full-20261009-H100-SXM5-80GB-spmv-fp32-cusparse-sell-nrows-default-13.4.1,cuSPARSE-CUDA-13.4.1-SELL-NROWS-DEFAULT,cuSPARSE CUDA 13.4.1 SELL-NROWS DEFAULT,sell-nrows-default,cusparse,candidate,,sell,spmv.csr.fp32,fp32,H100-SXM5-80GB,H100-SXM5-80GB,67000.0,ca497226-ebef-56c9-ba00-9b037f2146f7,suitesparse_all,Freescale/circuit5M_dc,circuit5M_dc,3523317,3523317,19194193,pass,38388386.0,477.228082,0.273336005211,140.44394177183622,0.2096178235400541,2026-10-08T21:14:44.261266+00:00,source
2,full-20261009-H100-SXM5-80GB-spmv-fp32-cusparse-sell-nrows-default-13.4.1,cuSPARSE-CUDA-13.4.1-SELL-NROWS-DEFAULT,cuSPARSE CUDA 13.4.1 SELL-NROWS DEFAULT,sell-nrows-default,cusparse,candidate,,sell,spmv.csr.fp32,fp32,H100-SXM5-80GB,H100-SXM5-80GB,67000.0,c27d1d0a-dd52-58f0-bf45-e28eecb2fab1,suitesparse_all,Freescale/memchip,memchip,2707524,2707524,14810202,pass,29620404.0,324.056087,0.207342410088,142.8574307949278,0.21322004596257882,2026-10-06T12:28:29.052733+00:00,source
2,full-20261009-H100-SXM5-80GB-spmv-fp32-cusparse-sell-nrows-default-13.4.1,cuSPARSE-CUDA-13.4.1-SELL-NROWS-DEFAULT,cuSPARSE CUDA 13.4.1 SELL-NROWS DEFAULT,sell-nrows-default,cusparse,candidate,,sell,spmv.csr.fp32,fp32,H100-SXM5-80GB,H100-SXM5-80GB,67000.0,1bbb760b-88a6-5cef-b074-0c4935b865f2,suitesparse_all,Freescale/transient,transient,178866,178866,961368,fail,1922736.0,0.0,0.0,0.0,0.0,2026-10-06T19:06:34.016701+00:00,source
2,full-20261009-H100-SXM5-80GB-spmv-fp32-cusparse-sell-nrows-default-13.4.1,cuSPARSE-CUDA-13.4.1-SELL-NROWS-DEFAULT,cuSPARSE CUDA 13.4.1 SELL-NROWS DEFAULT,sell-nrows-default,cusparse,candidate,,sell,spmv.csr.fp32,fp32,H100-SXM5-80GB,H100-SXM5-80GB,67000.0,ca497226-ebef-56c9-ba00-9b037f2146f7,suitesparse_all,GAP/GAP-web,GAP-web,50636151,50636151,1930292948,fail,3860585896.0,0.0,0.0,0.0,0.0,2026-10-08T21:45:27.613248+00:00,source
2,full-20261009-H100-SXM5-80GB-spmv-fp32-cusparse-sell-nrows-default-13.4.1,cuSPARSE-CUDA-13.4.1-SELL-NROWS-DEFAULT,cuSPARSE CUDA 13.4.1 SELL-NROWS DEFAULT,sell-nrows-default,cusparse,candidate,,sell,spmv.csr.fp32,fp32,H100-SXM5-80GB,H100-SXM5-80GB,67000.0,b507c62e-e8c4-5489-84fd-4bc66dd1e529,suitesparse_all,GHS_indef/a0nsdsil,a0nsdsil,80016,80016,355034,pass,710068.0,1468.697658,1.42595682144,0.4979589769646314,0.0007432223536785543,2026-10-07T08:04:54.096127+00:00,source
2,full-20261009-H100-SXM5-80GB-spmv-fp32-cusparse-sell-nrows-default-13.4.1,cuSPARSE-CUDA-13.4.1-SELL-NROWS-DEFAULT,cuSPARSE CUDA 13.4.1 SELL-NROWS DEFAULT,sell-nrows-default,cusparse,candidate,,sell,spmv.csr.fp32,fp32,H100-SXM5-80GB,H100-SXM5-80GB,67000.0,6054a01d-2dc6-5795-9ae4-804d2647be74,suitesparse_all,GHS_indef/aug2d,aug2d,29008,29008,76832,pass,153664.0,7.625955,0.00313920006156,48.950050008484624,0.0730597761320666,2026-10-07T17:35:03.538589+00:00,source
2,full-20261009-H100-SXM5-80GB-spmv-fp32-cusparse-sell-nrows-default-13.4.1,cuSPARSE-CUDA-13.4.1-SELL-NROWS-DEFAULT,cuSPARSE CUDA 13.4.1 SELL-NROWS DEFAULT,sell-nrows-default,cusparse,candidate,,sell,spmv.csr.fp32,fp32,H100-SXM5-80GB,H100-SXM5-80GB,67000.0,c27d1d0a-dd52-58f0-bf45-e28eecb2fab1,suitesparse_all,GHS_indef/aug3dcqp,aug3dcqp,35543,35543,128115,pass,256230.0,5.762965,0.00434239991009,59.00654138386103,0.08806946475203138,2026-10-06T12:26:03.141155+00:00,source
2,full-20261009-H100-SXM5-80GB-spmv-fp32-cusparse-sell-nrows-default-13.4.1,cuSPARSE-CUDA-13.4.1-SELL-NROWS-DEFAULT,cuSPARSE CUDA 13.4.1 SELL-NROWS DEFAULT,sell-nrows-default,cusparse,candidate,,sell,spmv.csr.fp32,fp32,H100-SXM5-80GB,H100-SXM5-80GB,67000.0,26cb3a9c-bd7d-5e51-9c99-6d49c0b2dba4,suitesparse_all,GHS_indef/blockqp1,blockqp1,60012,60012,640033,fail,1280066.0,0.0,0.0,0.0,0.0,2026-10-07T13:00:57.150745+00:00,source
2,full-20261009-H100-SXM5-80GB-spmv-fp32-cusparse-sell-nrows-default-13.4.1,cuSPARSE-CUDA-13.4.1-SELL-NROWS-DEFAULT,cuSPARSE CUDA 13.4.1 SELL-NROWS DEFAULT,sell-nrows-default,cusparse,candidate,,sell,spmv.csr.fp32,fp32,H100-SXM5-80GB,H100-SXM5-80GB,67000.0,6054a01d-2dc6-5795-9ae4-804d2647be74,suitesparse_all,GHS_indef/bloweya,bloweya,30004,30004,150009,pass,300018.0,1340.728135,1.07849597931,0.27818184374868554,0.000415196781714456,2026-10-07T17:35:11.859206+00:00,source
2,full-20261009-H100-SXM5-80GB-spmv-fp32-cusparse-sell-nrows-default-13.4.1,cuSPARSE-CUDA-13.4.1-SELL-NROWS-DEFAULT,cuSPARSE CUDA 13.4.1 SELL-NROWS DEFAULT,sell-nrows-default,cusparse,candidate,,sell,spmv.csr.fp32,fp32,H100-SXM5-80GB,H100-SXM5-80GB,67000.0,1bbb760b-88a6-5cef-b074-0c4935b865f2,suitesparse_all,GHS_indef/bmw3_2,bmw3_2,227362,227362,11288630,pass,22577260.0,391.6001,0.494791984558,45.629801420830155,0.06810418122511964,2026-10-06T19:04:49.545000+00:00,source
2,full-20261009-H100-SXM5-80GB-spmv-fp32-cusparse-sell-nrows-default-13.4.1,cuSPARSE-CUDA-13.4.1-SELL-NROWS-DEFAULT,cuSPARSE CUDA 13.4.1 SELL-NROWS DEFAULT,sell-nrows-default,cusparse,candidate,,sell,spmv.csr.fp32,fp32,H100-SXM5-80GB,H100-SXM5-80GB,67000.0,c27d1d0a-dd52-58f0-bf45-e28eecb2fab1,suitesparse_all,GHS_indef/brainpc2,brainpc2,27607,27607,179395,pass,358790.0,1541.700737,1.39915523529,0.25643330414700866,0.00038273627484628153,2026-10-06T12:26:12.737904+00:00,source
2,full-20261009-H100-SXM5-80GB-spmv-fp32-cusparse-sell-nrows-default-13.4.1,cuSPARSE-CUDA-13.4.1-SELL-NROWS-DEFAULT,cuSPARSE CUDA 13.4.1 SELL-NROWS DEFAULT,sell-nrows-default,cusparse,candidate,,sell,spmv.csr.fp32,fp32,H100-SXM5-80GB,H100-SXM5-80GB,67000.0,1bbb760b-88a6-5cef-b074-0c4935b865f2,suitesparse_all,GHS_indef/bratu3d,bratu3d,27792,27792,173796,pass,347592.0,8.658048,0.00357280001044,97.2884009696342,0.14520656861139433,2026-10-06T19:05:15.484310+00:00,source
2,full-20261009-H100-SXM5-80GB-spmv-fp32-cusparse-sell-nrows-default-13.4.1,cuSPARSE-CUDA-13.4.1-SELL-NROWS-DEFAULT,cuSPARSE CUDA 13.4.1 SELL-NROWS DEFAULT,sell-nrows-default,cusparse,candidate,,sell,spmv.csr.fp32,fp32,H100-SXM5-80GB,H100-SXM5-80GB,67000.0,ca497226-ebef-56c9-ba00-9b037f2146f7,suitesparse_all,GHS_indef/c-58,c-58,37595,37595,552557,pass,1105114.0,872.046675,0.635756778717,1.7382653822900551,0.0025944259437165004,2026-10-08T21:12:42.994157+00:00,source
2,full-20261009-H100-SXM5-80GB-spmv-fp32-cusparse-sell-nrows-default-13.4.1,cuSPARSE-CUDA-13.4.1-SELL-NROWS-DEFAULT,cuSPARSE CUDA 13.4.1 SELL-NROWS DEFAULT,sell-nrows-default,cusparse,candidate,,sell,spmv.csr.fp32,fp32,H100-SXM5-80GB,H100-SXM5-80GB,67000.0,9630d841-fbae-5247-8ae0-f8f392316afc,suitesparse_all,GHS_indef/c-68,c-68,64810,64810,566006,pass,1132012.0,770.74487,0.575311994553,1.96764887698811,0.00293678936863897,2026-10-07T03:43:26.145062+00:00,source
2,full-20261009-H100-SXM5-80GB-spmv-fp32-cusparse-sell-nrows-default-13.4.1,cuSPARSE-CUDA-13.4.1-SELL-NROWS-DEFAULT,cuSPARSE CUDA 13.4.1 SELL-NROWS DEFAULT,sell-nrows-default,cusparse,candidate,,sell,spmv.csr.fp32,fp32,H100-SXM5-80GB,H100-SXM5-80GB,67000.0,b507c62e-e8c4-5489-84fd-4bc66dd1e529,suitesparse_all,GHS_indef/c-70,c-70,68924,68924,658986,pass,1317972.0,1116.836678,1.01635522842,1.296763142596202,0.0019354673770092569,2026-10-07T08:04:47.892125+00:00,source
2,full-20261009-H100-SXM5-80GB-spmv-fp32-cusparse-sell-nrows-default-13.4.1,cuSPARSE-CUDA-13.4.1-SELL-NROWS-DEFAULT,cuSPARSE CUDA 13.4.1 SELL-NROWS DEFAULT,sell-nrows-default,cusparse,candidate,,sell,spmv.csr.fp32,fp32,H100-SXM5-80GB,H100-SXM5-80GB,67000.0,ca497226-ebef-56c9-ba00-9b037f2146f7,suitesparse_all,GHS_indef/cont-300,cont-300,180895,180895,988195,pass,1976390.0,10.758235,0.00495360009372,398.98053185714315,0.5954933311300644,2026-10-08T21:12:58.903187+00:00,source
2,full-20261009-H100-SXM5-80GB-spmv-fp32-cusparse-sell-nrows-default-13.4.1,cuSPARSE-CUDA-13.4.1-SELL-NROWS-DEFAULT,cuSPARSE CUDA 13.4.1 SELL-NROWS DEFAULT,sell-nrows-default,cusparse,candidate,,sell,spmv.csr.fp32,fp32,H100-SXM5-80GB,H100-SXM5-80GB,67000.0,26cb3a9c-bd7d-5e51-9c99-6d49c0b2dba4,suitesparse_all,GHS_indef/copter2,copter2,55476,55476,759952,pass,1519904.0,16.587632,0.00721919983625,210.53635229323578,0.3142333616316952,2026-10-07T13:00:51.674102+00:00,source
2,full-20261009-H100-SXM5-80GB-spmv-fp32-cusparse-sell-nrows-default-13.4.1,cuSPARSE-CUDA-13.4.1-SELL-NROWS-DEFAULT,cuSPARSE CUDA 13.4.1 SELL-NROWS DEFAULT,sell-nrows-default,cusparse,candidate,,sell,spmv.csr.fp32,fp32,H100-SXM5-80GB,H100-SXM5-80GB,67000.0,c27d1d0a-dd52-58f0-bf45-e28eecb2fab1,suitesparse_all,GHS_indef/cvxqp3,cvxqp3,17500,17500,122462,pass,244924.0,5.865376,0.00404479987919,60.552810352893836,0.09037732888491617,2026-10-06T12:26:25.835433+00:00,source
2,full-20261009-H100-SXM5-80GB-spmv-fp32-cusparse-sell-nrows-default-13.4.1,cuSPARSE-CUDA-13.4.1-SELL-NROWS-DEFAULT,cuSPARSE CUDA 13.4.1 SELL-NROWS DEFAULT,sell-nrows-default,cusparse,candidate,,sell,spmv.csr.fp32,fp32,H100-SXM5-80GB,H100-SXM5-80GB,67000.0,6054a01d-2dc6-5795-9ae4-804d2647be74,suitesparse_all,GHS_indef/d_pretok,d_pretok,182730,182730,1641672,pass,3283344.0,17.739002,0.00655839964747,500.63188833980234,0.747211773641496,2026-10-07T17:35:04.774478+00:00,source
2,full-20261009-H100-SXM5-80GB-spmv-fp32-cusparse-sell-nrows-default-13.4.1,cuSPARSE-CUDA-13.4.1-SELL-NROWS-DEFAULT,cuSPARSE CUDA 13.4.1 SELL-NROWS DEFAULT,sell-nrows-default,cusparse,candidate,,sell,spmv.csr.fp32,fp32,H100-SXM5-80GB,H100-SXM5-80GB,67000.0,c27d1d0a-dd52-58f0-bf45-e28eecb2fab1,suitesparse_all,GHS_indef/dtoc,dtoc,24993,24993,69972,pass,139944.0,4.532167,0.00317119993269,44.129667939697256,0.0658651760293989,2026-10-06T12:26:03.534796+00:00,source
2,full-20261009-H100-SXM5-80GB-spmv-fp32-cusparse-sell-nrows-default-13.4.1,cuSPARSE-CUDA-13.4.1-SELL-NROWS-DEFAULT,cuSPARSE CUDA 13.4.1 SELL-NROWS DEFAULT,sell-nrows-default,cusparse,candidate,,sell,spmv.csr.fp32,fp32,H100-SXM5-80GB,H100-SXM5-80GB,67000.0,1bbb760b-88a6-5cef-b074-0c4935b865f2,suitesparse_all,GHS_indef/exdata_1,exdata_1,6001,6001,2269501,pass,4539002.0,57.373989,0.0933824002743,48.60661095310472,0.07254718052702197,2026-10-06T19:04:51.074365+00:00,source
2,full-20261009-H100-SXM5-80GB-spmv-fp32-cusparse-sell-nrows-default-13.4.1,cuSPARSE-CUDA-13.4.1-SELL-NROWS-DEFAULT,cuSPARSE CUDA 13.4.1 SELL-NROWS DEFAULT,sell-nrows-default,cusparse,candidate,,sell,spmv.csr.fp32,fp32,H100-SXM5-80GB,H100-SXM5-80GB,67000.0,ca497226-ebef-56c9-ba00-9b037f2146f7,suitesparse_all,GHS_indef/helm3d01,helm3d01,32226,32226,428444,pass,856888.0,10.718113,0.00612320005894,139.94120586488523,0.2088674714401272,2026-10-08T21:12:43.613376+00:00,source
2,full-20261009-H100-SXM5-80GB-spmv-fp32-cusparse-sell-nrows-default-13.4.1,cuSPARSE-CUDA-13.4.1-SELL-NROWS-DEFAULT,cuSPARSE CUDA 13.4.1 SELL-NROWS DEFAULT,sell-nrows-default,cusparse,candidate,,sell,spmv.csr.fp32,fp32,H100-SXM5-80GB,H100-SXM5-80GB,67000.0,9630d841-fbae-5247-8ae0-f8f392316afc,suitesparse_all,GHS_indef/mario002,mario002,389874,389874,2101242,pass,4202484.0,17.881677,0.0100832000375,416.78078232810225,0.6220608691464213,2026-10-07T03:43:27.481626+00:00,source
2,full-20261009-H100-SXM5-80GB-spmv-fp32-cusparse-sell-nrows-default-13.4.1,cuSPARSE-CUDA-13.4.1-SELL-NROWS-DEFAULT,cuSPARSE CUDA 13.4.1 SELL-NROWS DEFAULT,sell-nrows-default,cusparse,candidate,,sell,spmv.csr.fp32,fp32,H100-SXM5-80GB,H100-SXM5-80GB,67000.0,9630d841-fbae-5247-8ae0-f8f392316afc,suitesparse_all,GHS_indef/ncvxqp3,ncvxqp3,75000,75000,499964,pass,999928.0,8.803222,0.00495520010591,201.79366698176312,0.30118457758472106,2026-10-07T03:43:34.776770+00:00,source
2,full-20261009-H100-SXM5-80GB-spmv-fp32-cusparse-sell-nrows-default-13.4.1,cuSPARSE-CUDA-13.4.1-SELL-NROWS-DEFAULT,cuSPARSE CUDA 13.4.1 SELL-NROWS DEFAULT,sell-nrows-default,cusparse,candidate,,sell,spmv.csr.fp32,fp32,H100-SXM5-80GB,H100-SXM5-80GB,67000.0,b507c62e-e8c4-5489-84fd-4bc66dd1e529,suitesparse_all,GHS_indef/ncvxqp7,ncvxqp7,87500,87500,574962,pass,1149924.0,12.687593,0.00604000017047,190.38476283859427,0.2841563624456631,2026-10-07T08:04:54.790178+00:00,source
2,full-20261009-H100-SXM5-80GB-spmv-fp32-cusparse-sell-nrows-default-13.4.1,cuSPARSE-CUDA-13.4.1-SELL-NROWS-DEFAULT,cuSPARSE CUDA 13.4.1 SELL-NROWS DEFAULT,sell-nrows-default,cusparse,candidate,,sell,spmv.csr.fp32,fp32,H100-SXM5-80GB,H100-SXM5-80GB,67000.0,b507c62e-e8c4-5489-84fd-4bc66dd1e529,suitesparse_all,GHS_indef/ncvxqp9,ncvxqp9,16554,16554,54040,pass,108080.0,6.578718,0.00315520018339,34.254561903542054,0.05112621179633142,2026-10-07T08:04:48.398373+00:00,source
2,full-20261009-H100-SXM5-80GB-spmv-fp32-cusparse-sell-nrows-default-13.4.1,cuSPARSE-CUDA-13.4.1-SELL-NROWS-DEFAULT,cuSPARSE CUDA 13.4.1 SELL-NROWS DEFAULT,sell-nrows-default,cusparse,candidate,,sell,spmv.csr.fp32,fp32,H100-SXM5-80GB,H100-SXM5-80GB,67000.0,1bbb760b-88a6-5cef-b074-0c4935b865f2,suitesparse_all,GHS_indef/qpband,qpband,20000,20000,45000,pass,90000.0,8.725853,0.00310559999198,28.979907339135384,0.04325359304348565,2026-10-06T19:05:36.475158+00:00,source
2,full-20261009-H100-SXM5-80GB-spmv-fp32-cusparse-sell-nrows-default-13.4.1,cuSPARSE-CUDA-13.4.1-SELL-NROWS-DEFAULT,cuSPARSE CUDA 13.4.1 SELL-NROWS DEFAULT,sell-nrows-default,cusparse,candidate,,sell,spmv.csr.fp32,fp32,H100-SXM5-80GB,H100-SXM5-80GB,67000.0,26cb3a9c-bd7d-5e51-9c99-6d49c0b2dba4,suitesparse_all,GHS_indef/stokes128,stokes128,49666,49666,558594,pass,1117188.0,7.663659,0.00402560010552,277.5208591802462,0.414210237582457,2026-10-07T13:00:52.332074+00:00,source
2,full-20261009-H100-SXM5-80GB-spmv-fp32-cusparse-sell-nrows-default-13.4.1,cuSPARSE-CUDA-13.4.1-SELL-NROWS-DEFAULT,cuSPARSE CUDA 13.4.1 SELL-NROWS DEFAULT,sell-nrows-default,cusparse,candidate,,sell,spmv.csr.fp32,fp32,H100-SXM5-80GB,H100-SXM5-80GB,67000.0,6054a01d-2dc6-5795-9ae4-804d2647be74,suitesparse_all,GHS_indef/stokes64,stokes64,12546,12546,140034,pass,280068.0,13.595653,0.00331199988723,84.56159708212903,0.1262113389285508,2026-10-07T17:35:05.333436+00:00,source
2,full-20261009-H100-SXM5-80GB-spmv-fp32-cusparse-sell-nrows-default-13.4.1,cuSPARSE-CUDA-13.4.1-SELL-NROWS-DEFAULT,cuSPARSE CUDA 13.4.1 SELL-NROWS DEFAULT,sell-nrows-default,cusparse,candidate,,sell,spmv.csr.fp32,fp32,H100-SXM5-80GB,H100-SXM5-80GB,67000.0,c27d1d0a-dd52-58f0-bf45-e28eecb2fab1,suitesparse_all,GHS_indef/tuma2,tuma2,12992,12992,49365,pass,98730.0,4.336977,0.00320000015199,30.853123534573047,0.046049438111303055,2026-10-06T12:26:03.894900+00:00,source
2,full-20261009-H100-SXM5-80GB-spmv-fp32-cusparse-sell-nrows-default-13.4.1,cuSPARSE-CUDA-13.4.1-SELL-NROWS-DEFAULT,cuSPARSE CUDA 13.4.1 SELL-NROWS DEFAULT,sell-nrows-default,cusparse,candidate,,sell,spmv.csr.fp32,fp32,H100-SXM5-80GB,H100-SXM5-80GB,67000.0,1bbb760b-88a6-5cef-b074-0c4935b865f2,suitesparse_all,GHS_indef/turon_m,turon_m,189924,189924,1690876,pass,3381752.0,18.809594,0.00876799970865,385.69253106426993,0.575660494125776,2026-10-06T19:04:52.286685+00:00,source
2,full-20261009-H100-SXM5-80GB-spmv-fp32-cusparse-sell-nrows-default-13.4.1,cuSPARSE-CUDA-13.4.1-SELL-NROWS-DEFAULT,cuSPARSE CUDA 13.4.1 SELL-NROWS DEFAULT,sell-nrows-default,cusparse,candidate,,sell,spmv.csr.fp32,fp32,H100-SXM5-80GB,H100-SXM5-80GB,67000.0,26cb3a9c-bd7d-5e51-9c99-6d49c0b2dba4,suitesparse_all,GHS_psdef/apache1,apache1,80800,80800,542184,pass,1084368.0,7.49736,0.00386079996824,280.8661440427654,0.419203200063829,2026-10-07T13:01:05.538113+00:00,source
2,full-20261009-H100-SXM5-80GB-spmv-fp32-cusparse-sell-nrows-default-13.4.1,cuSPARSE-CUDA-13.4.1-SELL-NROWS-DEFAULT,cuSPARSE CUDA 13.4.1 SELL-NROWS DEFAULT,sell-nrows-default,cusparse,candidate,,sell,spmv.csr.fp32,fp32,H100-SXM5-80GB,H100-SXM5-80GB,67000.0,6054a01d-2dc6-5795-9ae4-804d2647be74,suitesparse_all,GHS_psdef/apache2,apache2,715176,715176,4817870,pass,9635740.0,39.684155,0.0201967999339,477.09241224034537,0.7120782272243961,2026-10-07T17:35:22.170912+00:00,source
2,full-20261009-H100-SXM5-80GB-spmv-fp32-cusparse-sell-nrows-default-13.4.1,cuSPARSE-CUDA-13.4.1-SELL-NROWS-DEFAULT,cuSPARSE CUDA 13.4.1 SELL-NROWS DEFAULT,sell-nrows-default,cusparse,candidate,,sell,spmv.csr.fp32,fp32,H100-SXM5-80GB,H100-SXM5-80GB,67000.0,ca497226-ebef-56c9-ba00-9b037f2146f7,suitesparse_all,GHS_psdef/bmw7st_1,bmw7st_1,141347,141347,7339667,pass,14679334.0,318.395012,0.201512002945,72.84595351874165,0.10872530375931588,2026-10-08T21:12:48.131976+00:00,source
2,full-20261009-H100-SXM5-80GB-spmv-fp32-cusparse-sell-nrows-default-13.4.1,cuSPARSE-CUDA-13.4.1-SELL-NROWS-DEFAULT,cuSPARSE CUDA 13.4.1 SELL-NROWS DEFAULT,sell-nrows-default,cusparse,candidate,,sell,spmv.csr.fp32,fp32,H100-SXM5-80GB,H100-SXM5-80GB,67000.0,9630d841-fbae-5247-8ae0-f8f392316afc,suitesparse_all,GHS_psdef/crankseg_1,crankseg_1,52804,52804,10614210,pass,21228420.0,655.485438,0.493382406235,43.026301164636216,0.06421835994721824,2026-10-07T03:43:33.119415+00:00,source
2,full-20261009-H100-SXM5-80GB-spmv-fp32-cusparse-sell-nrows-default-13.4.1,cuSPARSE-CUDA-13.4.1-SELL-NROWS-DEFAULT,cuSPARSE CUDA 13.4.1 SELL-NROWS DEFAULT,sell-nrows-default,cusparse,candidate,,sell,spmv.csr.fp32,fp32,H100-SXM5-80GB,H100-SXM5-80GB,67000.0,26cb3a9c-bd7d-5e51-9c99-6d49c0b2dba4,suitesparse_all,GHS_psdef/cvxbqp1,cvxbqp1,50000,50000,349968,pass,699936.0,6.588238,0.00419039987028,167.03322395655542,0.24930331933814243,2026-10-07T13:00:57.676144+00:00,source
2,full-20261009-H100-SXM5-80GB-spmv-fp32-cusparse-sell-nrows-default-13.4.1,cuSPARSE-CUDA-13.4.1-SELL-NROWS-DEFAULT,cuSPARSE CUDA 13.4.1 SELL-NROWS DEFAULT,sell-nrows-default,cusparse,candidate,,sell,spmv.csr.fp32,fp32,H100-SXM5-80GB,H100-SXM5-80GB,67000.0,26cb3a9c-bd7d-5e51-9c99-6d49c0b2dba4,suitesparse_all,GHS_psdef/ford1,ford1,18728,18728,101576,pass,203152.0,5.896827,0.00416000001132,48.83461525172888,0.07288748545034161,2026-10-07T13:00:52.739050+00:00,source
2,full-20261009-H100-SXM5-80GB-spmv-fp32-cusparse-sell-nrows-default-13.4.1,cuSPARSE-CUDA-13.4.1-SELL-NROWS-DEFAULT,cuSPARSE CUDA 13.4.1 SELL-NROWS DEFAULT,sell-nrows-default,cusparse,candidate,,sell,spmv.csr.fp32,fp32,H100-SXM5-80GB,H100-SXM5-80GB,67000.0,6054a01d-2dc6-5795-9ae4-804d2647be74,suitesparse_all,GHS_psdef/ford2,ford2,100196,100196,544688,pass,1089376.0,21.781116,0.00686720013618,158.634666006106,0.23676815821806865,2026-10-07T17:35:05.975686+00:00,source
2,full-20261009-H100-SXM5-80GB-spmv-fp32-cusparse-sell-nrows-default-13.4.1,cuSPARSE-CUDA-13.4.1-SELL-NROWS-DEFAULT,cuSPARSE CUDA 13.4.1 SELL-NROWS DEFAULT,sell-nrows-default,cusparse,candidate,,sell,spmv.csr.fp32,fp32,H100-SXM5-80GB,H100-SXM5-80GB,67000.0,6054a01d-2dc6-5795-9ae4-804d2647be74,suitesparse_all,GHS_psdef/gridgena,gridgena,48962,48962,512084,pass,1024168.0,11.467363,0.00467200018466,219.21403243149334,0.3271851230320796,2026-10-07T17:35:12.631209+00:00,source
2,full-20261009-H100-SXM5-80GB-spmv-fp32-cusparse-sell-nrows-default-13.4.1,cuSPARSE-CUDA-13.4.1-SELL-NROWS-DEFAULT,cuSPARSE CUDA 13.4.1 SELL-NROWS DEFAULT,sell-nrows-default,cusparse,candidate,,sell,spmv.csr.fp32,fp32,H100-SXM5-80GB,H100-SXM5-80GB,67000.0,c27d1d0a-dd52-58f0-bf45-e28eecb2fab1,suitesparse_all,GHS_psdef/hood,hood,220542,220542,10768436,pass,21536872.0,134.964817,0.0505584001541,425.98009300841136,0.6357911835946438,2026-10-06T12:26:09.560352+00:00,source
2,full-20261009-H100-SXM5-80GB-spmv-fp32-cusparse-sell-nrows-default-13.4.1,cuSPARSE-CUDA-13.4.1-SELL-NROWS-DEFAULT,cuSPARSE CUDA 13.4.1 SELL-NROWS DEFAULT,sell-nrows-default,cusparse,candidate,,sell,spmv.csr.fp32,fp32,H100-SXM5-80GB,H100-SXM5-80GB,67000.0,1bbb760b-88a6-5cef-b074-0c4935b865f2,suitesparse_all,GHS_psdef/inline_1,inline_1,503712,503712,36816170,fail,73632340.0,0.0,0.0,0.0,0.0,2026-10-06T19:05:12.316774+00:00,source
2,full-20261009-H100-SXM5-80GB-spmv-fp32-cusparse-sell-nrows-default-13.4.1,cuSPARSE-CUDA-13.4.1-SELL-NROWS-DEFAULT,cuSPARSE CUDA 13.4.1 SELL-NROWS DEFAULT,sell-nrows-default,cusparse,candidate,,sell,spmv.csr.fp32,fp32,H100-SXM5-80GB,H100-SXM5-80GB,67000.0,c27d1d0a-dd52-58f0-bf45-e28eecb2fab1,suitesparse_all,GHS_psdef/obstclae,obstclae,40000,40000,197608,pass,395216.0,5.319244,0.00342880003154,115.26364802980184,0.17203529556686842,2026-10-06T12:26:13.375968+00:00,source
2,full-20261009-H100-SXM5-80GB-spmv-fp32-cusparse-sell-nrows-default-13.4.1,cuSPARSE-CUDA-13.4.1-SELL-NROWS-DEFAULT,cuSPARSE CUDA 13.4.1 SELL-NROWS DEFAULT,sell-nrows-default,cusparse,candidate,,sell,spmv.csr.fp32,fp32,H100-SXM5-80GB,H100-SXM5-80GB,67000.0,9630d841-fbae-5247-8ae0-f8f392316afc,suitesparse_all,GHS_psdef/pwt,pwt,36519,36519,326107,pass,652214.0,6.963555,0.00394719988108,165.23460165426096,0.24661880843919545,2026-10-07T03:43:33.570516+00:00,source
2,full-20261009-H100-SXM5-80GB-spmv-fp32-cusparse-sell-nrows-default-13.4.1,cuSPARSE-CUDA-13.4.1-SELL-NROWS-DEFAULT,cuSPARSE CUDA 13.4.1 SELL-NROWS DEFAULT,sell-nrows-default,cusparse,candidate,,sell,spmv.csr.fp32,fp32,H100-SXM5-80GB,H100-SXM5-80GB,67000.0,b507c62e-e8c4-5489-84fd-4bc66dd1e529,suitesparse_all,GHS_psdef/s3dkq4m2,s3dkq4m2,90449,90449,4820891,pass,9641782.0,45.720747,0.0124576002359,773.9678443216178,1.1551758870471907,2026-10-07T08:04:51.970805+00:00,source
2,full-20261009-H100-SXM5-80GB-spmv-fp32-cusparse-sell-nrows-default-13.4.1,cuSPARSE-CUDA-13.4.1-SELL-NROWS-DEFAULT,cuSPARSE CUDA 13.4.1 SELL-NROWS DEFAULT,sell-nrows-default,cusparse,candidate,,sell,spmv.csr.fp32,fp32,H100-SXM5-80GB,H100-SXM5-80GB,67000.0,c27d1d0a-dd52-58f0-bf45-e28eecb2fab1,suitesparse_all,GHS_psdef/srb1,srb1,54924,54924,2962152,pass,5924304.0,87.117027,0.0470784008503,125.83910865702755,0.18781956515974263,2026-10-06T12:26:10.745172+00:00,source
2,full-20261009-H100-SXM5-80GB-spmv-fp32-cusparse-sell-nrows-default-13.4.1,cuSPARSE-CUDA-13.4.1-SELL-NROWS-DEFAULT,cuSPARSE CUDA 13.4.1 SELL-NROWS DEFAULT,sell-nrows-default,cusparse,candidate,,sell,spmv.csr.fp32,fp32,H100-SXM5-80GB,H100-SXM5-80GB,67000.0,1bbb760b-88a6-5cef-b074-0c4935b865f2,suitesparse_all,GHS_psdef/torsion1,torsion1,40000,40000,197608,pass,395216.0,8.51489,0.00373760014772,105.7405780126289,0.15782175822780434,2026-10-06T19:05:16.081499+00:00,source
2,full-20261009-H100-SXM5-80GB-spmv-fp32-cusparse-sell-nrows-default-13.4.1,cuSPARSE-CUDA-13.4.1-SELL-NROWS-DEFAULT,cuSPARSE CUDA 13.4.1 SELL-NROWS DEFAULT,sell-nrows-default,cusparse,candidate,,sell,spmv.csr.fp32,fp32,H100-SXM5-80GB,H100-SXM5-80GB,67000.0,9630d841-fbae-5247-8ae0-f8f392316afc,suitesparse_all,GHS_psdef/wathen120,wathen120,36441,36441,565761,pass,1131522.0,14.849011,0.00456800013781,247.7062096899315,0.3697107607312411,2026-10-07T03:43:34.229707+00:00,source
2,full-20261009-H100-SXM5-80GB-spmv-fp32-cusparse-sell-nrows-default-13.4.1,cuSPARSE-CUDA-13.4.1-SELL-NROWS-DEFAULT,cuSPARSE CUDA 13.4.1 SELL-NROWS DEFAULT,sell-nrows-default,cusparse,candidate,,sell,spmv.csr.fp32,fp32,H100-SXM5-80GB,H100-SXM5-80GB,67000.0,9630d841-fbae-5247-8ae0-f8f392316afc,suitesparse_all,Gaertner/big,big,13209,13209,91465,pass,182930.0,4.606977,0.00352320000529,51.92154851422997,0.07749484852870145,2026-10-07T03:42:51.071007+00:00,source
2,full-20261009-H100-SXM5-80GB-spmv-fp32-cusparse-sell-nrows-default-13.4.1,cuSPARSE-CUDA-13.4.1-SELL-NROWS-DEFAULT,cuSPARSE CUDA 13.4.1 SELL-NROWS DEFAULT,sell-nrows-default,cusparse,candidate,,sell,spmv.csr.fp32,fp32,H100-SXM5-80GB,H100-SXM5-80GB,67000.0,b507c62e-e8c4-5489-84fd-4bc66dd1e529,suitesparse_all,Gaertner/pesa,pesa,11738,11738,79566,pass,159132.0,8.980852,0.00335519984365,47.42847145190794,0.07078876336105663,2026-10-07T08:03:36.054770+00:00,source
2,full-20261009-H100-SXM5-80GB-spmv-fp32-cusparse-sell-nrows-default-13.4.1,cuSPARSE-CUDA-13.4.1-SELL-NROWS-DEFAULT,cuSPARSE CUDA 13.4.1 SELL-NROWS DEFAULT,sell-nrows-default,cusparse,candidate,,sell,spmv.csr.fp32,fp32,H100-SXM5-80GB,H100-SXM5-80GB,67000.0,ca497226-ebef-56c9-ba00-9b037f2146f7,suitesparse_all,GenBank/kmer_A2a,kmer_A2a,170728175,170728175,360585172,fail,721170344.0,0.0,0.0,0.0,0.0,2026-10-08T21:25:24.354506+00:00,source
2,full-20261009-H100-SXM5-80GB-spmv-fp32-cusparse-sell-nrows-default-13.4.1,cuSPARSE-CUDA-13.4.1-SELL-NROWS-DEFAULT,cuSPARSE CUDA 13.4.1 SELL-NROWS DEFAULT,sell-nrows-default,cusparse,candidate,,sell,spmv.csr.fp32,fp32,H100-SXM5-80GB,H100-SXM5-80GB,67000.0,9630d841-fbae-5247-8ae0-f8f392316afc,suitesparse_all,GenBank/kmer_V2a,kmer_V2a,55042369,55042369,117217600,fail,234435200.0,0.0,0.0,0.0,0.0,2026-10-07T03:47:31.317254+00:00,source
2,full-20261009-H100-SXM5-80GB-spmv-fp32-cusparse-sell-nrows-default-13.4.1,cuSPARSE-CUDA-13.4.1-SELL-NROWS-DEFAULT,cuSPARSE CUDA 13.4.1 SELL-NROWS DEFAULT,sell-nrows-default,cusparse,candidate,,sell,spmv.csr.fp32,fp32,H100-SXM5-80GB,H100-SXM5-80GB,67000.0,b507c62e-e8c4-5489-84fd-4bc66dd1e529,suitesparse_all,Gleich/minnesota,minnesota,2642,2642,6606,pass,13212.0,6.470984,0.00301600005478,4.380636525208465,0.006538263470460395,2026-10-07T08:06:38.414388+00:00,source
2,full-20261009-H100-SXM5-80GB-spmv-fp32-cusparse-sell-nrows-default-13.4.1,cuSPARSE-CUDA-13.4.1-SELL-NROWS-DEFAULT,cuSPARSE CUDA 13.4.1 SELL-NROWS DEFAULT,sell-nrows-default,cusparse,candidate,,sell,spmv.csr.fp32,fp32,H100-SXM5-80GB,H100-SXM5-80GB,67000.0,c27d1d0a-dd52-58f0-bf45-e28eecb2fab1,suitesparse_all,Gleich/wb-edu,wb-edu,9845725,9845725,57156537,fail,114313074.0,0.0,0.0,0.0,0.0,2026-10-06T12:27:31.080483+00:00,source
2,full-20261009-H100-SXM5-80GB-spmv-fp32-cusparse-sell-nrows-default-13.4.1,cuSPARSE-CUDA-13.4.1-SELL-NROWS-DEFAULT,cuSPARSE CUDA 13.4.1 SELL-NROWS DEFAULT,sell-nrows-default,cusparse,candidate,,sell,spmv.csr.fp32,fp32,H100-SXM5-80GB,H100-SXM5-80GB,67000.0,1bbb760b-88a6-5cef-b074-0c4935b865f2,suitesparse_all,Gleich/wikipedia-20051105,wikipedia-20051105,1634989,1634989,19753078,fail,39506156.0,0.0,0.0,0.0,0.0,2026-10-06T19:06:06.695650+00:00,source
2,full-20261009-H100-SXM5-80GB-spmv-fp32-cusparse-sell-nrows-default-13.4.1,cuSPARSE-CUDA-13.4.1-SELL-NROWS-DEFAULT,cuSPARSE CUDA 13.4.1 SELL-NROWS DEFAULT,sell-nrows-default,cusparse,candidate,,sell,spmv.csr.fp32,fp32,H100-SXM5-80GB,H100-SXM5-80GB,67000.0,ca497226-ebef-56c9-ba00-9b037f2146f7,suitesparse_all,Gleich/wikipedia-20061104,wikipedia-20061104,3148440,3148440,39383235,fail,78766470.0,0.0,0.0,0.0,0.0,2026-10-08T21:13:52.318749+00:00,source
2,full-20261009-H100-SXM5-80GB-spmv-fp32-cusparse-sell-nrows-default-13.4.1,cuSPARSE-CUDA-13.4.1-SELL-NROWS-DEFAULT,cuSPARSE CUDA 13.4.1 SELL-NROWS DEFAULT,sell-nrows-default,cusparse,candidate,,sell,spmv.csr.fp32,fp32,H100-SXM5-80GB,H100-SXM5-80GB,67000.0,c27d1d0a-dd52-58f0-bf45-e28eecb2fab1,suitesparse_all,Goodwin/Goodwin_013,Goodwin_013,1965,1965,56069,pass,112138.0,4.683579,0.00556959994137,20.133941608096272,0.0300506591165616,2026-10-06T12:34:10.283881+00:00,source
2,full-20261009-H100-SXM5-80GB-spmv-fp32-cusparse-sell-nrows-default-13.4.1,cuSPARSE-CUDA-13.4.1-SELL-NROWS-DEFAULT,cuSPARSE CUDA 13.4.1 SELL-NROWS DEFAULT,sell-nrows-default,cusparse,candidate,,sell,spmv.csr.fp32,fp32,H100-SXM5-80GB,H100-SXM5-80GB,67000.0,1bbb760b-88a6-5cef-b074-0c4935b865f2,suitesparse_all,Goodwin/Goodwin_017,Goodwin_017,3317,3317,97773,pass,195546.0,9.037269,0.00616480000317,31.71976380408908,0.04734293105087922,2026-10-06T19:11:51.387529+00:00,source
2,full-20261009-H100-SXM5-80GB-spmv-fp32-cusparse-sell-nrows-default-13.4.1,cuSPARSE-CUDA-13.4.1-SELL-NROWS-DEFAULT,cuSPARSE CUDA 13.4.1 SELL-NROWS DEFAULT,sell-nrows-default,cusparse,candidate,,sell,spmv.csr.fp32,fp32,H100-SXM5-80GB,H100-SXM5-80GB,67000.0,ca497226-ebef-56c9-ba00-9b037f2146f7,suitesparse_all,Goodwin/Goodwin_030,Goodwin_030,10142,10142,312814,pass,625628.0,10.606519,0.0070288002491,89.00921605790523,0.1328495762058287,2026-10-08T21:25:25.000511+00:00,source
2,full-20261009-H100-SXM5-80GB-spmv-fp32-cusparse-sell-nrows-default-13.4.1,cuSPARSE-CUDA-13.4.1-SELL-NROWS-DEFAULT,cuSPARSE CUDA 13.4.1 SELL-NROWS DEFAULT,sell-nrows-default,cusparse,candidate,,sell,spmv.csr.fp32,fp32,H100-SXM5-80GB,H100-SXM5-80GB,67000.0,9630d841-fbae-5247-8ae0-f8f392316afc,suitesparse_all,Goodwin/Goodwin_095,Goodwin_095,100037,100037,3226066,pass,6452132.0,73.571736,0.0218559995294,295.2110239259841,0.4406134685462449,2026-10-07T03:47:34.848262+00:00,source
2,full-20261009-H100-SXM5-80GB-spmv-fp32-cusparse-sell-nrows-default-13.4.1,cuSPARSE-CUDA-13.4.1-SELL-NROWS-DEFAULT,cuSPARSE CUDA 13.4.1 SELL-NROWS DEFAULT,sell-nrows-default,cusparse,candidate,,sell,spmv.csr.fp32,fp32,H100-SXM5-80GB,H100-SXM5-80GB,67000.0,26cb3a9c-bd7d-5e51-9c99-6d49c0b2dba4,suitesparse_all,Goodwin/goodwin,goodwin,7320,7320,324784,pass,649568.0,10.434987,0.00886719971895,73.25514486967234,0.10933603711891393,2026-10-07T13:00:07.262711+00:00,source
2,full-20261009-H100-SXM5-80GB-spmv-fp32-cusparse-sell-nrows-default-13.4.1,cuSPARSE-CUDA-13.4.1-SELL-NROWS-DEFAULT,cuSPARSE CUDA 13.4.1 SELL-NROWS DEFAULT,sell-nrows-default,cusparse,candidate,,sell,spmv.csr.fp32,fp32,H100-SXM5-80GB,H100-SXM5-80GB,67000.0,6054a01d-2dc6-5795-9ae4-804d2647be74,suitesparse_all,Goodwin/rim,rim,22560,22560,1014951,pass,2029902.0,29.174743,0.00908799991012,223.36069763156468,0.3333741755694995,2026-10-07T17:33:55.685459+00:00,source
2,full-20261009-H100-SXM5-80GB-spmv-fp32-cusparse-sell-nrows-default-13.4.1,cuSPARSE-CUDA-13.4.1-SELL-NROWS-DEFAULT,cuSPARSE CUDA 13.4.1 SELL-NROWS DEFAULT,sell-nrows-default,cusparse,candidate,,sell,spmv.csr.fp32,fp32,H100-SXM5-80GB,H100-SXM5-80GB,67000.0,26cb3a9c-bd7d-5e51-9c99-6d49c0b2dba4,suitesparse_all,Grueninger/windtunnel_evap2d,windtunnel_evap2d,8256,8256,233468,pass,466936.0,6.430203,0.00672319978476,69.45145391312633,0.10365888643750198,2026-10-07T13:07:04.499624+00:00,source
2,full-20261009-H100-SXM5-80GB-spmv-fp32-cusparse-sell-nrows-default-13.4.1,cuSPARSE-CUDA-13.4.1-SELL-NROWS-DEFAULT,cuSPARSE CUDA 13.4.1 SELL-NROWS DEFAULT,sell-nrows-default,cusparse,candidate,,sell,spmv.csr.fp32,fp32,H100-SXM5-80GB,H100-SXM5-80GB,67000.0,6054a01d-2dc6-5795-9ae4-804d2647be74,suitesparse_all,Grueninger/windtunnel_evap3d,windtunnel_evap3d,40816,40816,2730600,pass,5461200.0,47.952968,0.0186192005873,293.31012222538914,0.43777630182893895,2026-10-07T17:42:01.596223+00:00,source
2,full-20261009-H100-SXM5-80GB-spmv-fp32-cusparse-sell-nrows-default-13.4.1,cuSPARSE-CUDA-13.4.1-SELL-NROWS-DEFAULT,cuSPARSE CUDA 13.4.1 SELL-NROWS DEFAULT,sell-nrows-default,cusparse,candidate,,sell,spmv.csr.fp32,fp32,H100-SXM5-80GB,H100-SXM5-80GB,67000.0,c27d1d0a-dd52-58f0-bf45-e28eecb2fab1,suitesparse_all,Grund/b2_ss,b2_ss,1089,1089,4228,pass,8456.0,4.419944,0.00299200005829,2.826203153496196,0.004218213661934621,2026-10-06T12:24:57.167044+00:00,source
2,full-20261009-H100-SXM5-80GB-spmv-fp32-cusparse-sell-nrows-default-13.4.1,cuSPARSE-CUDA-13.4.1-SELL-NROWS-DEFAULT,cuSPARSE CUDA 13.4.1 SELL-NROWS DEFAULT,sell-nrows-default,cusparse,candidate,,sell,spmv.csr.fp32,fp32,H100-SXM5-80GB,H100-SXM5-80GB,67000.0,1bbb760b-88a6-5cef-b074-0c4935b865f2,suitesparse_all,Grund/b_dyn,b_dyn,1089,1089,4264,pass,8528.0,8.984289,0.00303520001471,2.809699511949565,0.004193581361118754,2026-10-06T19:03:33.656104+00:00,source
2,full-20261009-H100-SXM5-80GB-spmv-fp32-cusparse-sell-nrows-default-13.4.1,cuSPARSE-CUDA-13.4.1-SELL-NROWS-DEFAULT,cuSPARSE CUDA 13.4.1 SELL-NROWS DEFAULT,sell-nrows-default,cusparse,candidate,,sell,spmv.csr.fp32,fp32,H100-SXM5-80GB,H100-SXM5-80GB,67000.0,ca497226-ebef-56c9-ba00-9b037f2146f7,suitesparse_all,Grund/bayer02,bayer02,13935,13935,63679,pass,127358.0,8.036661,0.00445280000567,28.60177861970623,0.04268922182045706,2026-10-08T21:11:59.583544+00:00,source
2,full-20261009-H100-SXM5-80GB-spmv-fp32-cusparse-sell-nrows-default-13.4.1,cuSPARSE-CUDA-13.4.1-SELL-NROWS-DEFAULT,cuSPARSE CUDA 13.4.1 SELL-NROWS DEFAULT,sell-nrows-default,cusparse,candidate,,sell,spmv.csr.fp32,fp32,H100-SXM5-80GB,H100-SXM5-80GB,67000.0,9630d841-fbae-5247-8ae0-f8f392316afc,suitesparse_all,Grund/bayer06,bayer06,3008,3008,27576,pass,55152.0,9.46243,0.00648159980774,8.509010373355705,0.012700015482620456,2026-10-07T03:42:51.438156+00:00,source
2,full-20261009-H100-SXM5-80GB-spmv-fp32-cusparse-sell-nrows-default-13.4.1,cuSPARSE-CUDA-13.4.1-SELL-NROWS-DEFAULT,cuSPARSE CUDA 13.4.1 SELL-NROWS DEFAULT,sell-nrows-default,cusparse,candidate,,sell,spmv.csr.fp32,fp32,H100-SXM5-80GB,H100-SXM5-80GB,67000.0,b507c62e-e8c4-5489-84fd-4bc66dd1e529,suitesparse_all,Grund/bayer08,bayer08,3008,3008,27576,pass,55152.0,9.027622,0.00952799990773,5.788413154292284,0.008639422618346692,2026-10-07T08:03:36.590779+00:00,source
2,full-20261009-H100-SXM5-80GB-spmv-fp32-cusparse-sell-nrows-default-13.4.1,cuSPARSE-CUDA-13.4.1-SELL-NROWS-DEFAULT,cuSPARSE CUDA 13.4.1 SELL-NROWS DEFAULT,sell-nrows-default,cusparse,candidate,,sell,spmv.csr.fp32,fp32,H100-SXM5-80GB,H100-SXM5-80GB,67000.0,26cb3a9c-bd7d-5e51-9c99-6d49c0b2dba4,suitesparse_all,Grund/d_dyn,d_dyn,87,87,238,pass,476.0,3.97233,0.00301760006696,0.15774124782530688,0.0002354346982467267,2026-10-07T13:00:07.622481+00:00,source
2,full-20261009-H100-SXM5-80GB-spmv-fp32-cusparse-sell-nrows-default-13.4.1,cuSPARSE-CUDA-13.4.1-SELL-NROWS-DEFAULT,cuSPARSE CUDA 13.4.1 SELL-NROWS DEFAULT,sell-nrows-default,cusparse,candidate,,sell,spmv.csr.fp32,fp32,H100-SXM5-80GB,H100-SXM5-80GB,67000.0,6054a01d-2dc6-5795-9ae4-804d2647be74,suitesparse_all,Grund/d_dyn1,d_dyn1,87,87,238,pass,476.0,7.064187,0.00288639999926,0.16491130824627023,0.0002461362809645824,2026-10-07T17:33:56.274412+00:00,source
2,full-20261009-H100-SXM5-80GB-spmv-fp32-cusparse-sell-nrows-default-13.4.1,cuSPARSE-CUDA-13.4.1-SELL-NROWS-DEFAULT,cuSPARSE CUDA 13.4.1 SELL-NROWS DEFAULT,sell-nrows-default,cusparse,candidate,,sell,spmv.csr.fp32,fp32,H100-SXM5-80GB,H100-SXM5-80GB,67000.0,c27d1d0a-dd52-58f0-bf45-e28eecb2fab1,suitesparse_all,Grund/meg4,meg4,5860,5860,46842,pass,93684.0,47.6234,0.0830335974693,1.1282661820672983,0.0016839793762198482,2026-10-06T12:24:57.729464+00:00,source
2,full-20261009-H100-SXM5-80GB-spmv-fp32-cusparse-sell-nrows-default-13.4.1,cuSPARSE-CUDA-13.4.1-SELL-NROWS-DEFAULT,cuSPARSE CUDA 13.4.1 SELL-NROWS DEFAULT,sell-nrows-default,cusparse,candidate,,sell,spmv.csr.fp32,fp32,H100-SXM5-80GB,H100-SXM5-80GB,67000.0,1bbb760b-88a6-5cef-b074-0c4935b865f2,suitesparse_all,Grund/poli,poli,4008,4008,8188,pass,16376.0,9.026946,0.00929920002818,1.7610116945946628,0.0026283756635741237,2026-10-06T19:03:34.165854+00:00,source
2,full-20261009-H100-SXM5-80GB-spmv-fp32-cusparse-sell-nrows-default-13.4.1,cuSPARSE-CUDA-13.4.1-SELL-NROWS-DEFAULT,cuSPARSE CUDA 13.4.1 SELL-NROWS DEFAULT,sell-nrows-default,cusparse,candidate,,sell,spmv.csr.fp32,fp32,H100-SXM5-80GB,H100-SXM5-80GB,67000.0,ca497226-ebef-56c9-ba00-9b037f2146f7,suitesparse_all,Gset/G1,G1,800,800,38352,pass,76704.0,7.929388,0.00875039994717,8.765770760547595,0.013083239941115812,2026-10-08T21:12:00.172149+00:00,source
2,full-20261009-H100-SXM5-80GB-spmv-fp32-cusparse-sell-nrows-default-13.4.1,cuSPARSE-CUDA-13.4.1-SELL-NROWS-DEFAULT,cuSPARSE CUDA 13.4.1 SELL-NROWS DEFAULT,sell-nrows-default,cusparse,candidate,,sell,spmv.csr.fp32,fp32,H100-SXM5-80GB,H100-SXM5-80GB,67000.0,9630d841-fbae-5247-8ae0-f8f392316afc,suitesparse_all,Gset/G13,G13,800,800,3200,pass,6400.0,13.391801,0.00278239995241,2.3001725522804817,0.0034330933616126594,2026-10-07T03:42:51.822130+00:00,source
2,full-20261009-H100-SXM5-80GB-spmv-fp32-cusparse-sell-nrows-default-13.4.1,cuSPARSE-CUDA-13.4.1-SELL-NROWS-DEFAULT,cuSPARSE CUDA 13.4.1 SELL-NROWS DEFAULT,sell-nrows-default,cusparse,candidate,,sell,spmv.csr.fp32,fp32,H100-SXM5-80GB,H100-SXM5-80GB,67000.0,b507c62e-e8c4-5489-84fd-4bc66dd1e529,suitesparse_all,Gset/G15,G15,800,800,9322,pass,18644.0,9.056309,0.0134432002902,1.386872143353495,0.002069958422915664,2026-10-07T08:03:37.104439+00:00,source
2,full-20261009-H100-SXM5-80GB-spmv-fp32-cusparse-sell-nrows-default-13.4.1,cuSPARSE-CUDA-13.4.1-SELL-NROWS-DEFAULT,cuSPARSE CUDA 13.4.1 SELL-NROWS DEFAULT,sell-nrows-default,cusparse,candidate,,sell,spmv.csr.fp32,fp32,H100-SXM5-80GB,H100-SXM5-80GB,67000.0,26cb3a9c-bd7d-5e51-9c99-6d49c0b2dba4,suitesparse_all,Gset/G18,G18,800,800,9388,pass,18776.0,4.337542,0.00851679965854,2.204583969657294,0.003290423835309394,2026-10-07T13:00:07.987118+00:00,source
2,full-20261009-H100-SXM5-80GB-spmv-fp32-cusparse-sell-nrows-default-13.4.1,cuSPARSE-CUDA-13.4.1-SELL-NROWS-DEFAULT,cuSPARSE CUDA 13.4.1 SELL-NROWS DEFAULT,sell-nrows-default,cusparse,candidate,,sell,spmv.csr.fp32,fp32,H100-SXM5-80GB,H100-SXM5-80GB,67000.0,6054a01d-2dc6-5795-9ae4-804d2647be74,suitesparse_all,Gset/G19,G19,800,800,9322,pass,18644.0,7.121911,0.0094415999949,1.974665312030884,0.002947261659747588,2026-10-07T17:33:56.772320+00:00,source
2,full-20261009-H100-SXM5-80GB-spmv-fp32-cusparse-sell-nrows-default-13.4.1,cuSPARSE-CUDA-13.4.1-SELL-NROWS-DEFAULT,cuSPARSE CUDA 13.4.1 SELL-NROWS DEFAULT,sell-nrows-default,cusparse,candidate,,sell,spmv.csr.fp32,fp32,H100-SXM5-80GB,H100-SXM5-80GB,67000.0,c27d1d0a-dd52-58f0-bf45-e28eecb2fab1,suitesparse_all,Gset/G21,G21,800,800,9334,pass,18668.0,4.5129,0.00874240025878,2.1353403467487904,0.0031870751444011795,2026-10-06T12:24:58.079981+00:00,source
2,full-20261009-H100-SXM5-80GB-spmv-fp32-cusparse-sell-nrows-default-13.4.1,cuSPARSE-CUDA-13.4.1-SELL-NROWS-DEFAULT,cuSPARSE CUDA 13.4.1 SELL-NROWS DEFAULT,sell-nrows-default,cusparse,candidate,,sell,spmv.csr.fp32,fp32,H100-SXM5-80GB,H100-SXM5-80GB,67000.0,1bbb760b-88a6-5cef-b074-0c4935b865f2,suitesparse_all,Gset/G22,G22,2000,2000,39980,pass,79960.0,8.977753,0.00592960007489,13.484889198279252,0.02012670029593918,2026-10-06T19:03:34.702286+00:00,source
2,full-20261009-H100-SXM5-80GB-spmv-fp32-cusparse-sell-nrows-default-13.4.1,cuSPARSE-CUDA-13.4.1-SELL-NROWS-DEFAULT,cuSPARSE CUDA 13.4.1 SELL-NROWS DEFAULT,sell-nrows-default,cusparse,candidate,,sell,spmv.csr.fp32,fp32,H100-SXM5-80GB,H100-SXM5-80GB,67000.0,ca497226-ebef-56c9-ba00-9b037f2146f7,suitesparse_all,Gset/G24,G24,2000,2000,39980,pass,79960.0,8.803024,0.00576799996197,13.862690798751409,0.020690583281718522,2026-10-08T21:12:00.728308+00:00,source
2,full-20261009-H100-SXM5-80GB-spmv-fp32-cusparse-sell-nrows-default-13.4.1,cuSPARSE-CUDA-13.4.1-SELL-NROWS-DEFAULT,cuSPARSE CUDA 13.4.1 SELL-NROWS DEFAULT,sell-nrows-default,cusparse,candidate,,sell,spmv.csr.fp32,fp32,H100-SXM5-80GB,H100-SXM5-80GB,67000.0,9630d841-fbae-5247-8ae0-f8f392316afc,suitesparse_all,Gset/G28,G28,2000,2000,39980,pass,79960.0,3.777865,0.00502399988472,15.915605460738655,0.023754635016027845,2026-10-07T03:42:52.181739+00:00,source
2,full-20261009-H100-SXM5-80GB-spmv-fp32-cusparse-sell-nrows-default-13.4.1,cuSPARSE-CUDA-13.4.1-SELL-NROWS-DEFAULT,cuSPARSE CUDA 13.4.1 SELL-NROWS DEFAULT,sell-nrows-default,cusparse,candidate,,sell,spmv.csr.fp32,fp32,H100-SXM5-80GB,H100-SXM5-80GB,67000.0,b507c62e-e8c4-5489-84fd-4bc66dd1e529,suitesparse_all,Gset/G3,G3,800,800,38352,pass,76704.0,8.993281,0.0087760001421,8.740200405425881,0.013045075231978929,2026-10-07T08:03:37.611390+00:00,source
2,full-20261009-H100-SXM5-80GB-spmv-fp32-cusparse-sell-nrows-default-13.4.1,cuSPARSE-CUDA-13.4.1-SELL-NROWS-DEFAULT,cuSPARSE CUDA 13.4.1 SELL-NROWS DEFAULT,sell-nrows-default,cusparse,candidate,,sell,spmv.csr.fp32,fp32,H100-SXM5-80GB,H100-SXM5-80GB,67000.0,26cb3a9c-bd7d-5e51-9c99-6d49c0b2dba4,suitesparse_all,Gset/G32,G32,2000,2000,8000,pass,16000.0,4.208767,0.00293920002878,5.443658084965814,0.008124862813381812,2026-10-07T13:00:08.415855+00:00,source
2,full-20261009-H100-SXM5-80GB-spmv-fp32-cusparse-sell-nrows-default-13.4.1,cuSPARSE-CUDA-13.4.1-SELL-NROWS-DEFAULT,cuSPARSE CUDA 13.4.1 SELL-NROWS DEFAULT,sell-nrows-default,cusparse,candidate,,sell,spmv.csr.fp32,fp32,H100-SXM5-80GB,H100-SXM5-80GB,67000.0,6054a01d-2dc6-5795-9ae4-804d2647be74,suitesparse_all,Gset/G33,G33,2000,2000,8000,pass,16000.0,6.434927,0.00296480003744,5.396654006323959,0.008054707472125312,2026-10-07T17:33:57.264986+00:00,source
2,full-20261009-H100-SXM5-80GB-spmv-fp32-cusparse-sell-nrows-default-13.4.1,cuSPARSE-CUDA-13.4.1-SELL-NROWS-DEFAULT,cuSPARSE CUDA 13.4.1 SELL-NROWS DEFAULT,sell-nrows-default,cusparse,candidate,,sell,spmv.csr.fp32,fp32,H100-SXM5-80GB,H100-SXM5-80GB,67000.0,c27d1d0a-dd52-58f0-bf45-e28eecb2fab1,suitesparse_all,Gset/G36,G36,2000,2000,23532,pass,47064.0,7.556672,0.0214175999165,2.1974451004541438,0.003279768806647976,2026-10-06T12:24:58.438033+00:00,source
2,full-20261009-H100-SXM5-80GB-spmv-fp32-cusparse-sell-nrows-default-13.4.1,cuSPARSE-CUDA-13.4.1-SELL-NROWS-DEFAULT,cuSPARSE CUDA 13.4.1 SELL-NROWS DEFAULT,sell-nrows-default,cusparse,candidate,,sell,spmv.csr.fp32,fp32,H100-SXM5-80GB,H100-SXM5-80GB,67000.0,1bbb760b-88a6-5cef-b074-0c4935b865f2,suitesparse_all,Gset/G37,G37,2000,2000,23570,pass,47140.0,9.519483,0.024284799397,1.9411319496352681,0.0028972118651272656,2026-10-06T19:03:35.221650+00:00,source
2,full-20261009-H100-SXM5-80GB-spmv-fp32-cusparse-sell-nrows-default-13.4.1,cuSPARSE-CUDA-13.4.1-SELL-NROWS-DEFAULT,cuSPARSE CUDA 13.4.1 SELL-NROWS DEFAULT,sell-nrows-default,cusparse,candidate,,sell,spmv.csr.fp32,fp32,H100-SXM5-80GB,H100-SXM5-80GB,67000.0,ca497226-ebef-56c9-ba00-9b037f2146f7,suitesparse_all,Gset/G39,G39,2000,2000,23556,pass,47112.0,8.88444,0.0175919994712,2.6780355511678717,0.003997067986817719,2026-10-08T21:12:01.285762+00:00,source
2,full-20261009-H100-SXM5-80GB-spmv-fp32-cusparse-sell-nrows-default-13.4.1,cuSPARSE-CUDA-13.4.1-SELL-NROWS-DEFAULT,cuSPARSE CUDA 13.4.1 SELL-NROWS DEFAULT,sell-nrows-default,cusparse,candidate,,sell,spmv.csr.fp32,fp32,H100-SXM5-80GB,H100-SXM5-80GB,67000.0,9630d841-fbae-5247-8ae0-f8f392316afc,suitesparse_all,Gset/G42,G42,2000,2000,23558,pass,47116.0,14.58512,0.019420799613,2.4260587071019075,0.0036209831449282204,2026-10-07T03:42:52.542667+00:00,source
2,full-20261009-H100-SXM5-80GB-spmv-fp32-cusparse-sell-nrows-default-13.4.1,cuSPARSE-CUDA-13.4.1-SELL-NROWS-DEFAULT,cuSPARSE CUDA 13.4.1 SELL-NROWS DEFAULT,sell-nrows-default,cusparse,candidate,,sell,spmv.csr.fp32,fp32,H100-SXM5-80GB,H100-SXM5-80GB,67000.0,b507c62e-e8c4-5489-84fd-4bc66dd1e529,suitesparse_all,Gset/G44,G44,1000,1000,19980,pass,39960.0,8.992634,0.00581919997931,6.866923312839676,0.010249139272895039,2026-10-07T08:03:38.119330+00:00,source
2,full-20261009-H100-SXM5-80GB-spmv-fp32-cusparse-sell-nrows-default-13.4.1,cuSPARSE-CUDA-13.4.1-SELL-NROWS-DEFAULT,cuSPARSE CUDA 13.4.1 SELL-NROWS DEFAULT,sell-nrows-default,cusparse,candidate,,sell,spmv.csr.fp32,fp32,H100-SXM5-80GB,H100-SXM5-80GB,67000.0,26cb3a9c-bd7d-5e51-9c99-6d49c0b2dba4,suitesparse_all,Gset/G47,G47,1000,1000,19980,pass,39960.0,4.140474,0.00461120009422,8.665856866651406,0.012934114726345383,2026-10-07T13:00:08.786794+00:00,source
2,full-20261009-H100-SXM5-80GB-spmv-fp32-cusparse-sell-nrows-default-13.4.1,cuSPARSE-CUDA-13.4.1-SELL-NROWS-DEFAULT,cuSPARSE CUDA 13.4.1 SELL-NROWS DEFAULT,sell-nrows-default,cusparse,candidate,,sell,spmv.csr.fp32,fp32,H100-SXM5-80GB,H100-SXM5-80GB,67000.0,6054a01d-2dc6-5795-9ae4-804d2647be74,suitesparse_all,Gset/G48,G48,3000,3000,12000,pass,24000.0,6.771625,0.00286720003933,8.370535599465274,0.01249333671561981,2026-10-07T17:33:57.766508+00:00,source
2,full-20261009-H100-SXM5-80GB-spmv-fp32-cusparse-sell-nrows-default-13.4.1,cuSPARSE-CUDA-13.4.1-SELL-NROWS-DEFAULT,cuSPARSE CUDA 13.4.1 SELL-NROWS DEFAULT,sell-nrows-default,cusparse,candidate,,sell,spmv.csr.fp32,fp32,H100-SXM5-80GB,H100-SXM5-80GB,67000.0,c27d1d0a-dd52-58f0-bf45-e28eecb2fab1,suitesparse_all,Gset/G50,G50,3000,3000,12000,pass,24000.0,4.154076,0.00302719995379,7.928118514256856,0.011833012707846053,2026-10-06T12:24:58.786850+00:00,source
2,full-20261009-H100-SXM5-80GB-spmv-fp32-cusparse-sell-nrows-default-13.4.1,cuSPARSE-CUDA-13.4.1-SELL-NROWS-DEFAULT,cuSPARSE CUDA 13.4.1 SELL-NROWS DEFAULT,sell-nrows-default,cusparse,candidate,,sell,spmv.csr.fp32,fp32,H100-SXM5-80GB,H100-SXM5-80GB,67000.0,1bbb760b-88a6-5cef-b074-0c4935b865f2,suitesparse_all,Gset/G51,G51,1000,1000,11818,pass,23636.0,8.994637,0.0118415996432,1.996014112297142,0.002979125540742003,2026-10-06T19:03:35.747120+00:00,source
2,full-20261009-H100-SXM5-80GB-spmv-fp32-cusparse-sell-nrows-default-13.4.1,cuSPARSE-CUDA-13.4.1-SELL-NROWS-DEFAULT,cuSPARSE CUDA 13.4.1 SELL-NROWS DEFAULT,sell-nrows-default,cusparse,candidate,,sell,spmv.csr.fp32,fp32,H100-SXM5-80GB,H100-SXM5-80GB,67000.0,ca497226-ebef-56c9-ba00-9b037f2146f7,suitesparse_all,Gset/G53,G53,1000,1000,11828,pass,23656.0,5.801746,0.00968480035663,2.4425903610708533,0.0036456572553296316,2026-10-08T21:12:01.846036+00:00,source
2,full-20261009-H100-SXM5-80GB-spmv-fp32-cusparse-sell-nrows-default-13.4.1,cuSPARSE-CUDA-13.4.1-SELL-NROWS-DEFAULT,cuSPARSE CUDA 13.4.1 SELL-NROWS DEFAULT,sell-nrows-default,cusparse,candidate,,sell,spmv.csr.fp32,fp32,H100-SXM5-80GB,H100-SXM5-80GB,67000.0,9630d841-fbae-5247-8ae0-f8f392316afc,suitesparse_all,Gset/G57,G57,5000,5000,20000,pass,40000.0,3.608634,0.00300960000604,13.290802737813513,0.01983701901166196,2026-10-07T03:42:52.888719+00:00,source
2,full-20261009-H100-SXM5-80GB-spmv-fp32-cusparse-sell-nrows-default-13.4.1,cuSPARSE-CUDA-13.4.1-SELL-NROWS-DEFAULT,cuSPARSE CUDA 13.4.1 SELL-NROWS DEFAULT,sell-nrows-default,cusparse,candidate,,sell,spmv.csr.fp32,fp32,H100-SXM5-80GB,H100-SXM5-80GB,67000.0,b507c62e-e8c4-5489-84fd-4bc66dd1e529,suitesparse_all,Gset/G59,G59,5000,5000,59140,pass,118280.0,20.857193,0.0501504004002,2.358505596288884,0.0035201576064013192,2026-10-07T08:03:38.685250+00:00,source
2,full-20261009-H100-SXM5-80GB-spmv-fp32-cusparse-sell-nrows-default-13.4.1,cuSPARSE-CUDA-13.4.1-SELL-NROWS-DEFAULT,cuSPARSE CUDA 13.4.1 SELL-NROWS DEFAULT,sell-nrows-default,cusparse,candidate,,sell,spmv.csr.fp32,fp32,H100-SXM5-80GB,H100-SXM5-80GB,67000.0,26cb3a9c-bd7d-5e51-9c99-6d49c0b2dba4,suitesparse_all,Gset/G61,G61,7000,7000,34296,pass,68592.0,14.757064,0.00391199998558,17.53374239591937,0.02616976477002891,2026-10-07T13:00:09.167516+00:00,source
2,full-20261009-H100-SXM5-80GB-spmv-fp32-cusparse-sell-nrows-default-13.4.1,cuSPARSE-CUDA-13.4.1-SELL-NROWS-DEFAULT,cuSPARSE CUDA 13.4.1 SELL-NROWS DEFAULT,sell-nrows-default,cusparse,candidate,,sell,spmv.csr.fp32,fp32,H100-SXM5-80GB,H100-SXM5-80GB,67000.0,6054a01d-2dc6-5795-9ae4-804d2647be74,suitesparse_all,Gset/G62,G62,7000,7000,28000,pass,56000.0,7.563021,0.00305279996246,18.343815739199044,0.02737882946149111,2026-10-07T17:33:58.264250+00:00,source
2,full-20261009-H100-SXM5-80GB-spmv-fp32-cusparse-sell-nrows-default-13.4.1,cuSPARSE-CUDA-13.4.1-SELL-NROWS-DEFAULT,cuSPARSE CUDA 13.4.1 SELL-NROWS DEFAULT,sell-nrows-default,cusparse,candidate,,sell,spmv.csr.fp32,fp32,H100-SXM5-80GB,H100-SXM5-80GB,67000.0,c27d1d0a-dd52-58f0-bf45-e28eecb2fab1,suitesparse_all,Gset/G65,G65,8000,8000,32000,pass,64000.0,4.18054,0.00296160001308,21.609940477222437,0.032253642503317075,2026-10-06T12:24:59.205606+00:00,source
2,full-20261009-H100-SXM5-80GB-spmv-fp32-cusparse-sell-nrows-default-13.4.1,cuSPARSE-CUDA-13.4.1-SELL-NROWS-DEFAULT,cuSPARSE CUDA 13.4.1 SELL-NROWS DEFAULT,sell-nrows-default,cusparse,candidate,,sell,spmv.csr.fp32,fp32,H100-SXM5-80GB,H100-SXM5-80GB,67000.0,1bbb760b-88a6-5cef-b074-0c4935b865f2,suitesparse_all,Gset/G66,G66,9000,9000,36000,pass,72000.0,9.034881,0.00291840005666,24.671052152596694,0.03682246589939805,2026-10-06T19:03:36.272358+00:00,source
2,full-20261009-H100-SXM5-80GB-spmv-fp32-cusparse-sell-nrows-default-13.4.1,cuSPARSE-CUDA-13.4.1-SELL-NROWS-DEFAULT,cuSPARSE CUDA 13.4.1 SELL-NROWS DEFAULT,sell-nrows-default,cusparse,candidate,,sell,spmv.csr.fp32,fp32,H100-SXM5-80GB,H100-SXM5-80GB,67000.0,ca497226-ebef-56c9-ba00-9b037f2146f7,suitesparse_all,Gset/G7,G7,800,800,38352,pass,76704.0,8.489456,0.0083215996623,9.217458555173975,0.013757400828617872,2026-10-08T21:12:02.464264+00:00,source
2,full-20261009-H100-SXM5-80GB-spmv-fp32-cusparse-sell-nrows-default-13.4.1,cuSPARSE-CUDA-13.4.1-SELL-NROWS-DEFAULT,cuSPARSE CUDA 13.4.1 SELL-NROWS DEFAULT,sell-nrows-default,cusparse,candidate,,sell,spmv.csr.fp32,fp32,H100-SXM5-80GB,H100-SXM5-80GB,67000.0,b507c62e-e8c4-5489-84fd-4bc66dd1e529,suitesparse_all,Guettel/TEM27623,TEM27623,27623,27623,439469,pass,878938.0,11.473373,0.00456800013781,192.41199069257956,0.2871820756605665,2026-10-07T08:08:25.813907+00:00,source
2,full-20261009-H100-SXM5-80GB-spmv-fp32-cusparse-sell-nrows-default-13.4.1,cuSPARSE-CUDA-13.4.1-SELL-NROWS-DEFAULT,cuSPARSE CUDA 13.4.1 SELL-NROWS DEFAULT,sell-nrows-default,cusparse,candidate,,sell,spmv.csr.fp32,fp32,H100-SXM5-80GB,H100-SXM5-80GB,67000.0,9630d841-fbae-5247-8ae0-f8f392316afc,suitesparse_all,Gupta/gupta2,gupta2,62064,62064,4248286,pass,8496572.0,2302.212518,1.92961769104,4.403241139140174,0.0065720017002092145,2026-10-07T03:42:56.656431+00:00,source
2,full-20261009-H100-SXM5-80GB-spmv-fp32-cusparse-sell-nrows-default-13.4.1,cuSPARSE-CUDA-13.4.1-SELL-NROWS-DEFAULT,cuSPARSE CUDA 13.4.1 SELL-NROWS DEFAULT,sell-nrows-default,cusparse,candidate,,sell,spmv.csr.fp32,fp32,H100-SXM5-80GB,H100-SXM5-80GB,67000.0,c27d1d0a-dd52-58f0-bf45-e28eecb2fab1,suitesparse_all,HB/494_bus,494_bus,494,494,1666,pass,3332.0,8.948118,0.00290879998356,1.1454895554289908,0.0017096859036253593,2026-10-06T12:24:38.010272+00:00,source
2,full-20261009-H100-SXM5-80GB-spmv-fp32-cusparse-sell-nrows-default-13.4.1,cuSPARSE-CUDA-13.4.1-SELL-NROWS-DEFAULT,cuSPARSE CUDA 13.4.1 SELL-NROWS DEFAULT,sell-nrows-default,cusparse,candidate,,sell,spmv.csr.fp32,fp32,H100-SXM5-80GB,H100-SXM5-80GB,67000.0,1bbb760b-88a6-5cef-b074-0c4935b865f2,suitesparse_all,HB/662_bus,662_bus,662,662,2474,pass,4948.0,8.988644,0.00292319990695,1.692665625856095,0.0025263666057553655,2026-10-06T19:03:17.645122+00:00,source
2,full-20261009-H100-SXM5-80GB-spmv-fp32-cusparse-sell-nrows-default-13.4.1,cuSPARSE-CUDA-13.4.1-SELL-NROWS-DEFAULT,cuSPARSE CUDA 13.4.1 SELL-NROWS DEFAULT,sell-nrows-default,cusparse,candidate,,sell,spmv.csr.fp32,fp32,H100-SXM5-80GB,H100-SXM5-80GB,67000.0,ca497226-ebef-56c9-ba00-9b037f2146f7,suitesparse_all,HB/abb313,abb313,313,176,1557,pass,3114.0,5.1577,0.00298079997301,1.044685999797395,0.0015592328355185001,2026-10-08T21:11:44.040393+00:00,source
2,full-20261009-H100-SXM5-80GB-spmv-fp32-cusparse-sell-nrows-default-13.4.1,cuSPARSE-CUDA-13.4.1-SELL-NROWS-DEFAULT,cuSPARSE CUDA 13.4.1 SELL-NROWS DEFAULT,sell-nrows-default,cusparse,candidate,,sell,spmv.csr.fp32,fp32,H100-SXM5-80GB,H100-SXM5-80GB,67000.0,9630d841-fbae-5247-8ae0-f8f392316afc,suitesparse_all,HB/ash331,ash331,331,104,662,pass,1324.0,6.290699,0.00292319990695,0.4529283121732962,0.0006760124062288003,2026-10-07T03:42:35.268809+00:00,source
2,full-20261009-H100-SXM5-80GB-spmv-fp32-cusparse-sell-nrows-default-13.4.1,cuSPARSE-CUDA-13.4.1-SELL-NROWS-DEFAULT,cuSPARSE CUDA 13.4.1 SELL-NROWS DEFAULT,sell-nrows-default,cusparse,candidate,,sell,spmv.csr.fp32,fp32,H100-SXM5-80GB,H100-SXM5-80GB,67000.0,b507c62e-e8c4-5489-84fd-4bc66dd1e529,suitesparse_all,HB/ash85,ash85,85,85,523,pass,1046.0,8.995433,0.00295359995216,0.3541441010774153,0.0005285732851901721,2026-10-07T08:03:21.084982+00:00,source
2,full-20261009-H100-SXM5-80GB-spmv-fp32-cusparse-sell-nrows-default-13.4.1,cuSPARSE-CUDA-13.4.1-SELL-NROWS-DEFAULT,cuSPARSE CUDA 13.4.1 SELL-NROWS DEFAULT,sell-nrows-default,cusparse,candidate,,sell,spmv.csr.fp32,fp32,H100-SXM5-80GB,H100-SXM5-80GB,67000.0,26cb3a9c-bd7d-5e51-9c99-6d49c0b2dba4,suitesparse_all,HB/bcspwr02,bcspwr02,49,49,167,pass,334.0,4.116581,0.00293119996786,0.11394650779961817,0.00017006941462629577,2026-10-07T12:59:54.931549+00:00,source
2,full-20261009-H100-SXM5-80GB-spmv-fp32-cusparse-sell-nrows-default-13.4.1,cuSPARSE-CUDA-13.4.1-SELL-NROWS-DEFAULT,cuSPARSE CUDA 13.4.1 SELL-NROWS DEFAULT,sell-nrows-default,cusparse,candidate,,sell,spmv.csr.fp32,fp32,H100-SXM5-80GB,H100-SXM5-80GB,67000.0,6054a01d-2dc6-5795-9ae4-804d2647be74,suitesparse_all,HB/bcspwr03,bcspwr03,118,118,476,pass,952.0,7.20126,0.00291520003229,0.32656421153102416,0.0004874092709418271,2026-10-07T17:33:39.301935+00:00,source
2,full-20261009-H100-SXM5-80GB-spmv-fp32-cusparse-sell-nrows-default-13.4.1,cuSPARSE-CUDA-13.4.1-SELL-NROWS-DEFAULT,cuSPARSE CUDA 13.4.1 SELL-NROWS DEFAULT,sell-nrows-default,cusparse,candidate,,sell,spmv.csr.fp32,fp32,H100-SXM5-80GB,H100-SXM5-80GB,67000.0,c27d1d0a-dd52-58f0-bf45-e28eecb2fab1,suitesparse_all,HB/bcspwr06,bcspwr06,1454,1454,5300,pass,10600.0,4.807965,0.00309759993106,3.4220042083913254,0.0051074689677482465,2026-10-06T12:24:38.990484+00:00,source
2,full-20261009-H100-SXM5-80GB-spmv-fp32-cusparse-sell-nrows-default-13.4.1,cuSPARSE-CUDA-13.4.1-SELL-NROWS-DEFAULT,cuSPARSE CUDA 13.4.1 SELL-NROWS DEFAULT,sell-nrows-default,cusparse,candidate,,sell,spmv.csr.fp32,fp32,H100-SXM5-80GB,H100-SXM5-80GB,67000.0,1bbb760b-88a6-5cef-b074-0c4935b865f2,suitesparse_all,HB/bcspwr07,bcspwr07,1612,1612,5824,pass,11648.0,8.985881,0.00307359993458,3.789692948959433,0.005656258132775273,2026-10-06T19:03:18.168904+00:00,source
2,full-20261009-H100-SXM5-80GB-spmv-fp32-cusparse-sell-nrows-default-13.4.1,cuSPARSE-CUDA-13.4.1-SELL-NROWS-DEFAULT,cuSPARSE CUDA 13.4.1 SELL-NROWS DEFAULT,sell-nrows-default,cusparse,candidate,,sell,spmv.csr.fp32,fp32,H100-SXM5-80GB,H100-SXM5-80GB,67000.0,ca497226-ebef-56c9-ba00-9b037f2146f7,suitesparse_all,HB/bcspwr09,bcspwr09,1723,1723,6511,pass,13022.0,4.889113,0.00317919999361,4.095999001690184,0.006113431345806245,2026-10-08T21:11:44.374530+00:00,source
2,full-20261009-H100-SXM5-80GB-spmv-fp32-cusparse-sell-nrows-default-13.4.1,cuSPARSE-CUDA-13.4.1-SELL-NROWS-DEFAULT,cuSPARSE CUDA 13.4.1 SELL-NROWS DEFAULT,sell-nrows-default,cusparse,candidate,,sell,spmv.csr.fp32,fp32,H100-SXM5-80GB,H100-SXM5-80GB,67000.0,9630d841-fbae-5247-8ae0-f8f392316afc,suitesparse_all,HB/bcsstk03,bcsstk03,112,112,640,pass,1280.0,6.402489,0.00292160008103,0.4381160886156399,0.0006539046098740893,2026-10-07T03:42:35.833557+00:00,source
2,full-20261009-H100-SXM5-80GB-spmv-fp32-cusparse-sell-nrows-default-13.4.1,cuSPARSE-CUDA-13.4.1-SELL-NROWS-DEFAULT,cuSPARSE CUDA 13.4.1 SELL-NROWS DEFAULT,sell-nrows-default,cusparse,candidate,,sell,spmv.csr.fp32,fp32,H100-SXM5-80GB,H100-SXM5-80GB,67000.0,b507c62e-e8c4-5489-84fd-4bc66dd1e529,suitesparse_all,HB/bcsstk05,bcsstk05,153,153,2423,pass,4846.0,9.000124,0.00388000011444,1.2489690353267997,0.0018641328885474623,2026-10-07T08:03:21.541137+00:00,source
2,full-20261009-H100-SXM5-80GB-spmv-fp32-cusparse-sell-nrows-default-13.4.1,cuSPARSE-CUDA-13.4.1-SELL-NROWS-DEFAULT,cuSPARSE CUDA 13.4.1 SELL-NROWS DEFAULT,sell-nrows-default,cusparse,candidate,,sell,spmv.csr.fp32,fp32,H100-SXM5-80GB,H100-SXM5-80GB,67000.0,26cb3a9c-bd7d-5e51-9c99-6d49c0b2dba4,suitesparse_all,HB/bcsstk08,bcsstk08,1074,1074,12960,pass,25920.0,5.744653,0.0174400001764,1.4862385170772663,0.002218266443398905,2026-10-07T12:59:55.303419+00:00,source
2,full-20261009-H100-SXM5-80GB-spmv-fp32-cusparse-sell-nrows-default-13.4.1,cuSPARSE-CUDA-13.4.1-SELL-NROWS-DEFAULT,cuSPARSE CUDA 13.4.1 SELL-NROWS DEFAULT,sell-nrows-default,cusparse,candidate,,sell,spmv.csr.fp32,fp32,H100-SXM5-80GB,H100-SXM5-80GB,67000.0,6054a01d-2dc6-5795-9ae4-804d2647be74,suitesparse_all,HB/bcsstk09,bcsstk09,1083,1083,18437,pass,36874.0,7.494497,0.00380159988999,9.699600449035419,0.014477015595575253,2026-10-07T17:33:39.800240+00:00,source
2,full-20261009-H100-SXM5-80GB-spmv-fp32-cusparse-sell-nrows-default-13.4.1,cuSPARSE-CUDA-13.4.1-SELL-NROWS-DEFAULT,cuSPARSE CUDA 13.4.1 SELL-NROWS DEFAULT,sell-nrows-default,cusparse,candidate,,sell,spmv.csr.fp32,fp32,H100-SXM5-80GB,H100-SXM5-80GB,67000.0,c27d1d0a-dd52-58f0-bf45-e28eecb2fab1,suitesparse_all,HB/bcsstk12,bcsstk12,1473,1473,34241,pass,68482.0,8.738172,0.00472159981728,14.503982262404193,0.021647734720006258,2026-10-06T12:24:39.576862+00:00,source
2,full-20261009-H100-SXM5-80GB-spmv-fp32-cusparse-sell-nrows-default-13.4.1,cuSPARSE-CUDA-13.4.1-SELL-NROWS-DEFAULT,cuSPARSE CUDA 13.4.1 SELL-NROWS DEFAULT,sell-nrows-default,cusparse,candidate,,sell,spmv.csr.fp32,fp32,H100-SXM5-80GB,H100-SXM5-80GB,67000.0,1bbb760b-88a6-5cef-b074-0c4935b865f2,suitesparse_all,HB/bcsstk13,bcsstk13,2003,2003,83883,pass,167766.0,9.023551,0.00804639980197,20.849821551114804,0.03111913664345493,2026-10-06T19:03:18.731880+00:00,source
2,full-20261009-H100-SXM5-80GB-spmv-fp32-cusparse-sell-nrows-default-13.4.1,cuSPARSE-CUDA-13.4.1-SELL-NROWS-DEFAULT,cuSPARSE CUDA 13.4.1 SELL-NROWS DEFAULT,sell-nrows-default,cusparse,candidate,,sell,spmv.csr.fp32,fp32,H100-SXM5-80GB,H100-SXM5-80GB,67000.0,ca497226-ebef-56c9-ba00-9b037f2146f7,suitesparse_all,HB/bcsstk15,bcsstk15,3948,3948,117816,pass,235632.0,5.555103,0.00513279996812,45.90710751705085,0.06851807092097141,2026-10-08T21:11:44.762948+00:00,source
2,full-20261009-H100-SXM5-80GB-spmv-fp32-cusparse-sell-nrows-default-13.4.1,cuSPARSE-CUDA-13.4.1-SELL-NROWS-DEFAULT,cuSPARSE CUDA 13.4.1 SELL-NROWS DEFAULT,sell-nrows-default,cusparse,candidate,,sell,spmv.csr.fp32,fp32,H100-SXM5-80GB,H100-SXM5-80GB,67000.0,9630d841-fbae-5247-8ae0-f8f392316afc,suitesparse_all,HB/bcsstk19,bcsstk19,817,817,6853,pass,13706.0,6.393556,0.00327039994299,4.190924730590942,0.006255111538195436,2026-10-07T03:42:36.504984+00:00,source
2,full-20261009-H100-SXM5-80GB-spmv-fp32-cusparse-sell-nrows-default-13.4.1,cuSPARSE-CUDA-13.4.1-SELL-NROWS-DEFAULT,cuSPARSE CUDA 13.4.1 SELL-NROWS DEFAULT,sell-nrows-default,cusparse,candidate,,sell,spmv.csr.fp32,fp32,H100-SXM5-80GB,H100-SXM5-80GB,67000.0,b507c62e-e8c4-5489-84fd-4bc66dd1e529,suitesparse_all,HB/bcsstk21,bcsstk21,3600,3600,26600,pass,53200.0,8.999197,0.00412160009146,12.907608409227032,0.019265087177950797,2026-10-07T08:03:22.071536+00:00,source
2,full-20261009-H100-SXM5-80GB-spmv-fp32-cusparse-sell-nrows-default-13.4.1,cuSPARSE-CUDA-13.4.1-SELL-NROWS-DEFAULT,cuSPARSE CUDA 13.4.1 SELL-NROWS DEFAULT,sell-nrows-default,cusparse,candidate,,sell,spmv.csr.fp32,fp32,H100-SXM5-80GB,H100-SXM5-80GB,67000.0,26cb3a9c-bd7d-5e51-9c99-6d49c0b2dba4,suitesparse_all,HB/bcsstk24,bcsstk24,3562,3562,159910,pass,319820.0,5.339038,0.00604959987104,52.8663063372188,0.07890493483166985,2026-10-07T12:59:55.763822+00:00,source
2,full-20261009-H100-SXM5-80GB-spmv-fp32-cusparse-sell-nrows-default-13.4.1,cuSPARSE-CUDA-13.4.1-SELL-NROWS-DEFAULT,cuSPARSE CUDA 13.4.1 SELL-NROWS DEFAULT,sell-nrows-default,cusparse,candidate,,sell,spmv.csr.fp32,fp32,H100-SXM5-80GB,H100-SXM5-80GB,67000.0,6054a01d-2dc6-5795-9ae4-804d2647be74,suitesparse_all,HB/bcsstk25,bcsstk25,15439,15439,252241,pass,504482.0,11.216572,0.00528480000794,95.45905223320753,0.14247619736299633,2026-10-07T17:33:40.544201+00:00,source
2,full-20261009-H100-SXM5-80GB-spmv-fp32-cusparse-sell-nrows-default-13.4.1,cuSPARSE-CUDA-13.4.1-SELL-NROWS-DEFAULT,cuSPARSE CUDA 13.4.1 SELL-NROWS DEFAULT,sell-nrows-default,cusparse,candidate,,sell,spmv.csr.fp32,fp32,H100-SXM5-80GB,H100-SXM5-80GB,67000.0,c27d1d0a-dd52-58f0-bf45-e28eecb2fab1,suitesparse_all,HB/bcsstk28,bcsstk28,4410,4410,219024,pass,438048.0,9.394686,0.00788000002503,55.589847539160665,0.0829699217002398,2026-10-06T12:24:40.262154+00:00,source
2,full-20261009-H100-SXM5-80GB-spmv-fp32-cusparse-sell-nrows-default-13.4.1,cuSPARSE-CUDA-13.4.1-SELL-NROWS-DEFAULT,cuSPARSE CUDA 13.4.1 SELL-NROWS DEFAULT,sell-nrows-default,cusparse,candidate,,sell,spmv.csr.fp32,fp32,H100-SXM5-80GB,H100-SXM5-80GB,67000.0,1bbb760b-88a6-5cef-b074-0c4935b865f2,suitesparse_all,HB/bcsstk29,bcsstk29,13992,13992,619488,pass,1238976.0,16.186667,0.0117536000907,105.41246855764098,0.15733204262334474,2026-10-06T19:03:19.413476+00:00,source
2,full-20261009-H100-SXM5-80GB-spmv-fp32-cusparse-sell-nrows-default-13.4.1,cuSPARSE-CUDA-13.4.1-SELL-NROWS-DEFAULT,cuSPARSE CUDA 13.4.1 SELL-NROWS DEFAULT,sell-nrows-default,cusparse,candidate,,sell,spmv.csr.fp32,fp32,H100-SXM5-80GB,H100-SXM5-80GB,67000.0,ca497226-ebef-56c9-ba00-9b037f2146f7,suitesparse_all,HB/bcsstk31,bcsstk31,35588,35588,1181416,pass,2362832.0,41.774797,0.0255136013031,92.61068133540626,0.13822489751553171,2026-10-08T21:11:45.443548+00:00,source
2,full-20261009-H100-SXM5-80GB-spmv-fp32-cusparse-sell-nrows-default-13.4.1,cuSPARSE-CUDA-13.4.1-SELL-NROWS-DEFAULT,cuSPARSE CUDA 13.4.1 SELL-NROWS DEFAULT,sell-nrows-default,cusparse,candidate,,sell,spmv.csr.fp32,fp32,H100-SXM5-80GB,H100-SXM5-80GB,67000.0,9630d841-fbae-5247-8ae0-f8f392316afc,suitesparse_all,HB/bcsstm02,bcsstm02,66,66,66,pass,132.0,6.363901,0.0028511999175,0.04629629763588824,6.909895169535559e-05,2026-10-07T03:42:37.091875+00:00,source
2,full-20261009-H100-SXM5-80GB-spmv-fp32-cusparse-sell-nrows-default-13.4.1,cuSPARSE-CUDA-13.4.1-SELL-NROWS-DEFAULT,cuSPARSE CUDA 13.4.1 SELL-NROWS DEFAULT,sell-nrows-default,cusparse,candidate,,sell,spmv.csr.fp32,fp32,H100-SXM5-80GB,H100-SXM5-80GB,67000.0,b507c62e-e8c4-5489-84fd-4bc66dd1e529,suitesparse_all,HB/bcsstm04,bcsstm04,132,132,132,pass,264.0,6.907928,0.00275679994375,0.09576320566841277,0.00014293015771404892,2026-10-07T08:03:22.595020+00:00,source
2,full-20261009-H100-SXM5-80GB-spmv-fp32-cusparse-sell-nrows-default-13.4.1,cuSPARSE-CUDA-13.4.1-SELL-NROWS-DEFAULT,cuSPARSE CUDA 13.4.1 SELL-NROWS DEFAULT,sell-nrows-default,cusparse,candidate,,sell,spmv.csr.fp32,fp32,H100-SXM5-80GB,H100-SXM5-80GB,67000.0,26cb3a9c-bd7d-5e51-9c99-6d49c0b2dba4,suitesparse_all,HB/bcsstm07,bcsstm07,420,420,7252,pass,14504.0,10.682424,0.00377280004323,3.8443595827524213,0.0057378501235110764,2026-10-07T12:59:56.220769+00:00,source
2,full-20261009-H100-SXM5-80GB-spmv-fp32-cusparse-sell-nrows-default-13.4.1,cuSPARSE-CUDA-13.4.1-SELL-NROWS-DEFAULT,cuSPARSE CUDA 13.4.1 SELL-NROWS DEFAULT,sell-nrows-default,cusparse,candidate,,sell,spmv.csr.fp32,fp32,H100-SXM5-80GB,H100-SXM5-80GB,67000.0,6054a01d-2dc6-5795-9ae4-804d2647be74,suitesparse_all,HB/bcsstm08,bcsstm08,1074,1074,1074,pass,2148.0,6.148098,0.00294720008969,0.7288273393836441,0.0010878019990800659,2026-10-07T17:33:41.019364+00:00,source
2,full-20261009-H100-SXM5-80GB-spmv-fp32-cusparse-sell-nrows-default-13.4.1,cuSPARSE-CUDA-13.4.1-SELL-NROWS-DEFAULT,cuSPARSE CUDA 13.4.1 SELL-NROWS DEFAULT,sell-nrows-default,cusparse,candidate,,sell,spmv.csr.fp32,fp32,H100-SXM5-80GB,H100-SXM5-80GB,67000.0,c27d1d0a-dd52-58f0-bf45-e28eecb2fab1,suitesparse_all,HB/bcsstm11,bcsstm11,1473,1473,1473,pass,2946.0,5.707577,0.00296960007399,0.9920527770063359,0.0014806757865766208,2026-10-06T12:24:40.853295+00:00,source
2,full-20261009-H100-SXM5-80GB-spmv-fp32-cusparse-sell-nrows-default-13.4.1,cuSPARSE-CUDA-13.4.1-SELL-NROWS-DEFAULT,cuSPARSE CUDA 13.4.1 SELL-NROWS DEFAULT,sell-nrows-default,cusparse,candidate,,sell,spmv.csr.fp32,fp32,H100-SXM5-80GB,H100-SXM5-80GB,67000.0,1bbb760b-88a6-5cef-b074-0c4935b865f2,suitesparse_all,HB/bcsstm12,bcsstm12,1473,1473,19659,pass,39318.0,9.014861,0.00461440011859,8.520717534138374,0.012717488856922945,2026-10-06T19:03:19.933567+00:00,source
2,full-20261009-H100-SXM5-80GB-spmv-fp32-cusparse-sell-nrows-default-13.4.1,cuSPARSE-CUDA-13.4.1-SELL-NROWS-DEFAULT,cuSPARSE CUDA 13.4.1 SELL-NROWS DEFAULT,sell-nrows-default,cusparse,candidate,,sell,spmv.csr.fp32,fp32,H100-SXM5-80GB,H100-SXM5-80GB,67000.0,ca497226-ebef-56c9-ba00-9b037f2146f7,suitesparse_all,HB/bcsstm19,bcsstm19,817,817,817,pass,1634.0,4.643538,0.00286880005151,0.5695761191652029,0.0008501136106943327,2026-10-08T21:11:45.823107+00:00,source
2,full-20261009-H100-SXM5-80GB-spmv-fp32-cusparse-sell-nrows-default-13.4.1,cuSPARSE-CUDA-13.4.1-SELL-NROWS-DEFAULT,cuSPARSE CUDA 13.4.1 SELL-NROWS DEFAULT,sell-nrows-default,cusparse,candidate,,sell,spmv.csr.fp32,fp32,H100-SXM5-80GB,H100-SXM5-80GB,67000.0,9630d841-fbae-5247-8ae0-f8f392316afc,suitesparse_all,HB/bcsstm23,bcsstm23,3134,3134,3134,pass,6268.0,4.308525,0.00280159991235,2.2372930454378697,0.0033392433513998055,2026-10-07T03:42:37.674388+00:00,source
2,full-20261009-H100-SXM5-80GB-spmv-fp32-cusparse-sell-nrows-default-13.4.1,cuSPARSE-CUDA-13.4.1-SELL-NROWS-DEFAULT,cuSPARSE CUDA 13.4.1 SELL-NROWS DEFAULT,sell-nrows-default,cusparse,candidate,,sell,spmv.csr.fp32,fp32,H100-SXM5-80GB,H100-SXM5-80GB,67000.0,b507c62e-e8c4-5489-84fd-4bc66dd1e529,suitesparse_all,HB/bcsstm25,bcsstm25,15439,15439,15439,pass,30878.0,8.997851,0.00303199999034,10.184036971760486,0.01520005518173207,2026-10-07T08:03:23.128508+00:00,source
2,full-20261009-H100-SXM5-80GB-spmv-fp32-cusparse-sell-nrows-default-13.4.1,cuSPARSE-CUDA-13.4.1-SELL-NROWS-DEFAULT,cuSPARSE CUDA 13.4.1 SELL-NROWS DEFAULT,sell-nrows-default,cusparse,candidate,,sell,spmv.csr.fp32,fp32,H100-SXM5-80GB,H100-SXM5-80GB,67000.0,26cb3a9c-bd7d-5e51-9c99-6d49c0b2dba4,suitesparse_all,HB/beacxc,beacxc,497,506,50409,pass,100818.0,5.47082,0.0190415993333,5.2946182846988705,0.00790241535029682,2026-10-07T12:59:56.617668+00:00,source
2,full-20261009-H100-SXM5-80GB-spmv-fp32-cusparse-sell-nrows-default-13.4.1,cuSPARSE-CUDA-13.4.1-SELL-NROWS-DEFAULT,cuSPARSE CUDA 13.4.1 SELL-NROWS DEFAULT,sell-nrows-default,cusparse,candidate,,sell,spmv.csr.fp32,fp32,H100-SXM5-80GB,H100-SXM5-80GB,67000.0,6054a01d-2dc6-5795-9ae4-804d2647be74,suitesparse_all,HB/beaflw,beaflw,497,507,53403,pass,106806.0,7.713347,0.0164320006967,6.49987801068251,0.009701310463705239,2026-10-07T17:33:41.551950+00:00,source
2,full-20261009-H100-SXM5-80GB-spmv-fp32-cusparse-sell-nrows-default-13.4.1,cuSPARSE-CUDA-13.4.1-SELL-NROWS-DEFAULT,cuSPARSE CUDA 13.4.1 SELL-NROWS DEFAULT,sell-nrows-default,cusparse,candidate,,sell,spmv.csr.fp32,fp32,H100-SXM5-80GB,H100-SXM5-80GB,67000.0,c27d1d0a-dd52-58f0-bf45-e28eecb2fab1,suitesparse_all,HB/bp_0,bp_0,822,822,3276,pass,6552.0,5.153417,0.0142112001777,0.4610448039625322,0.0006881265730784063,2026-10-06T12:24:41.257350+00:00,source
2,full-20261009-H100-SXM5-80GB-spmv-fp32-cusparse-sell-nrows-default-13.4.1,cuSPARSE-CUDA-13.4.1-SELL-NROWS-DEFAULT,cuSPARSE CUDA 13.4.1 SELL-NROWS DEFAULT,sell-nrows-default,cusparse,candidate,,sell,spmv.csr.fp32,fp32,H100-SXM5-80GB,H100-SXM5-80GB,67000.0,1bbb760b-88a6-5cef-b074-0c4935b865f2,suitesparse_all,HB/bp_1000,bp_1000,822,822,4661,pass,9322.0,9.06182,0.014657600224,0.6359840531560127,0.0009492299300836011,2026-10-06T19:03:20.450689+00:00,source
2,full-20261009-H100-SXM5-80GB-spmv-fp32-cusparse-sell-nrows-default-13.4.1,cuSPARSE-CUDA-13.4.1-SELL-NROWS-DEFAULT,cuSPARSE CUDA 13.4.1 SELL-NROWS DEFAULT,sell-nrows-default,cusparse,candidate,,sell,spmv.csr.fp32,fp32,H100-SXM5-80GB,H100-SXM5-80GB,67000.0,ca497226-ebef-56c9-ba00-9b037f2146f7,suitesparse_all,HB/bp_1400,bp_1400,822,822,4790,pass,9580.0,5.606076,0.0126928001642,0.7547585935387494,0.0011265053634906708,2026-10-08T21:11:46.154201+00:00,source
2,full-20261009-H100-SXM5-80GB-spmv-fp32-cusparse-sell-nrows-default-13.4.1,cuSPARSE-CUDA-13.4.1-SELL-NROWS-DEFAULT,cuSPARSE CUDA 13.4.1 SELL-NROWS DEFAULT,sell-nrows-default,cusparse,candidate,,sell,spmv.csr.fp32,fp32,H100-SXM5-80GB,H100-SXM5-80GB,67000.0,9630d841-fbae-5247-8ae0-f8f392316afc,suitesparse_all,HB/bp_600,bp_600,822,822,4172,pass,8344.0,6.994128,0.0138208001852,0.6037277066587773,0.0009010861293414587,2026-10-07T03:42:38.253344+00:00,source
2,full-20261009-H100-SXM5-80GB-spmv-fp32-cusparse-sell-nrows-default-13.4.1,cuSPARSE-CUDA-13.4.1-SELL-NROWS-DEFAULT,cuSPARSE CUDA 13.4.1 SELL-NROWS DEFAULT,sell-nrows-default,cusparse,candidate,,sell,spmv.csr.fp32,fp32,H100-SXM5-80GB,H100-SXM5-80GB,67000.0,b507c62e-e8c4-5489-84fd-4bc66dd1e529,suitesparse_all,HB/can_1054,can_1054,1054,1054,12196,pass,24392.0,9.026527,0.00512479990721,4.759600460826437,0.007103881284815578,2026-10-07T08:03:23.657854+00:00,source
2,full-20261009-H100-SXM5-80GB-spmv-fp32-cusparse-sell-nrows-default-13.4.1,cuSPARSE-CUDA-13.4.1-SELL-NROWS-DEFAULT,cuSPARSE CUDA 13.4.1 SELL-NROWS DEFAULT,sell-nrows-default,cusparse,candidate,,sell,spmv.csr.fp32,fp32,H100-SXM5-80GB,H100-SXM5-80GB,67000.0,26cb3a9c-bd7d-5e51-9c99-6d49c0b2dba4,suitesparse_all,HB/can_161,can_161,161,161,1377,pass,2754.0,3.969397,0.00356959998608,0.7715150186966296,0.0011515149532785518,2026-10-07T12:59:56.991185+00:00,source
2,full-20261009-H100-SXM5-80GB-spmv-fp32-cusparse-sell-nrows-default-13.4.1,cuSPARSE-CUDA-13.4.1-SELL-NROWS-DEFAULT,cuSPARSE CUDA 13.4.1 SELL-NROWS DEFAULT,sell-nrows-default,cusparse,candidate,,sell,spmv.csr.fp32,fp32,H100-SXM5-80GB,H100-SXM5-80GB,67000.0,6054a01d-2dc6-5795-9ae4-804d2647be74,suitesparse_all,HB/can_187,can_187,187,187,1491,pass,2982.0,5.909694,0.00315200015903,0.9460659421152073,0.0014120387195749363,2026-10-07T17:33:42.056756+00:00,source
2,full-20261009-H100-SXM5-80GB-spmv-fp32-cusparse-sell-nrows-default-13.4.1,cuSPARSE-CUDA-13.4.1-SELL-NROWS-DEFAULT,cuSPARSE CUDA 13.4.1 SELL-NROWS DEFAULT,sell-nrows-default,cusparse,candidate,,sell,spmv.csr.fp32,fp32,H100-SXM5-80GB,H100-SXM5-80GB,67000.0,c27d1d0a-dd52-58f0-bf45-e28eecb2fab1,suitesparse_all,HB/can_256,can_256,256,256,2916,pass,5832.0,6.748847,0.00698240026832,0.8352428643285453,0.0012466311407888736,2026-10-06T12:24:41.832787+00:00,source
2,full-20261009-H100-SXM5-80GB-spmv-fp32-cusparse-sell-nrows-default-13.4.1,cuSPARSE-CUDA-13.4.1-SELL-NROWS-DEFAULT,cuSPARSE CUDA 13.4.1 SELL-NROWS DEFAULT,sell-nrows-default,cusparse,candidate,,sell,spmv.csr.fp32,fp32,H100-SXM5-80GB,H100-SXM5-80GB,67000.0,1bbb760b-88a6-5cef-b074-0c4935b865f2,suitesparse_all,HB/can_268,can_268,268,268,3082,pass,6164.0,8.981398,0.00488799996674,1.2610474717558182,0.001882160405605699,2026-10-06T19:03:20.955739+00:00,source
2,full-20261009-H100-SXM5-80GB-spmv-fp32-cusparse-sell-nrows-default-13.4.1,cuSPARSE-CUDA-13.4.1-SELL-NROWS-DEFAULT,cuSPARSE CUDA 13.4.1 SELL-NROWS DEFAULT,sell-nrows-default,cusparse,candidate,,sell,spmv.csr.fp32,fp32,H100-SXM5-80GB,H100-SXM5-80GB,67000.0,ca497226-ebef-56c9-ba00-9b037f2146f7,suitesparse_all,HB/can_445,can_445,445,445,3809,pass,7618.0,4.518474,0.00328800007701,2.316909921403518,0.003458074509557489,2026-10-08T21:11:46.474316+00:00,source
2,full-20261009-H100-SXM5-80GB-spmv-fp32-cusparse-sell-nrows-default-13.4.1,cuSPARSE-CUDA-13.4.1-SELL-NROWS-DEFAULT,cuSPARSE CUDA 13.4.1 SELL-NROWS DEFAULT,sell-nrows-default,cusparse,candidate,,sell,spmv.csr.fp32,fp32,H100-SXM5-80GB,H100-SXM5-80GB,67000.0,9630d841-fbae-5247-8ae0-f8f392316afc,suitesparse_all,HB/can_715,can_715,715,715,6665,pass,13330.0,9.967319,0.00619839988649,2.1505550213134845,0.0032097836139007227,2026-10-07T03:42:38.838359+00:00,source
2,full-20261009-H100-SXM5-80GB-spmv-fp32-cusparse-sell-nrows-default-13.4.1,cuSPARSE-CUDA-13.4.1-SELL-NROWS-DEFAULT,cuSPARSE CUDA 13.4.1 SELL-NROWS DEFAULT,sell-nrows-default,cusparse,candidate,,sell,spmv.csr.fp32,fp32,H100-SXM5-80GB,H100-SXM5-80GB,67000.0,b507c62e-e8c4-5489-84fd-4bc66dd1e529,suitesparse_all,HB/can_838,can_838,838,838,10010,pass,20020.0,8.976375,0.00467839986086,4.2792408933425055,0.006386926706481351,2026-10-07T08:03:24.166284+00:00,source
2,full-20261009-H100-SXM5-80GB-spmv-fp32-cusparse-sell-nrows-default-13.4.1,cuSPARSE-CUDA-13.4.1-SELL-NROWS-DEFAULT,cuSPARSE CUDA 13.4.1 SELL-NROWS DEFAULT,sell-nrows-default,cusparse,candidate,,sell,spmv.csr.fp32,fp32,H100-SXM5-80GB,H100-SXM5-80GB,67000.0,ca497226-ebef-56c9-ba00-9b037f2146f7,suitesparse_all,HB/cegb2802,cegb2802,2802,2802,277362,pass,554724.0,7.757089,0.00900959968567,61.57032713476746,0.09189601064890666,2026-10-08T21:12:40.644233+00:00,source
2,full-20261009-H100-SXM5-80GB-spmv-fp32-cusparse-sell-nrows-default-13.4.1,cuSPARSE-CUDA-13.4.1-SELL-NROWS-DEFAULT,cuSPARSE CUDA 13.4.1 SELL-NROWS DEFAULT,sell-nrows-default,cusparse,candidate,,sell,spmv.csr.fp32,fp32,H100-SXM5-80GB,H100-SXM5-80GB,67000.0,26cb3a9c-bd7d-5e51-9c99-6d49c0b2dba4,suitesparse_all,HB/dwt_1005,dwt_1005,1005,1005,8621,pass,17242.0,4.200866,0.00390399992466,4.416495986869571,0.0065917850550292105,2026-10-07T12:59:57.375940+00:00,source
2,full-20261009-H100-SXM5-80GB-spmv-fp32-cusparse-sell-nrows-default-13.4.1,cuSPARSE-CUDA-13.4.1-SELL-NROWS-DEFAULT,cuSPARSE CUDA 13.4.1 SELL-NROWS DEFAULT,sell-nrows-default,cusparse,candidate,,sell,spmv.csr.fp32,fp32,H100-SXM5-80GB,H100-SXM5-80GB,67000.0,6054a01d-2dc6-5795-9ae4-804d2647be74,suitesparse_all,HB/dwt_1007,dwt_1007,1007,1007,8575,pass,17150.0,6.257891,0.00309759993106,5.536544544708607,0.008263499320460608,2026-10-07T17:33:42.568287+00:00,source
2,full-20261009-H100-SXM5-80GB-spmv-fp32-cusparse-sell-nrows-default-13.4.1,cuSPARSE-CUDA-13.4.1-SELL-NROWS-DEFAULT,cuSPARSE CUDA 13.4.1 SELL-NROWS DEFAULT,sell-nrows-default,cusparse,candidate,,sell,spmv.csr.fp32,fp32,H100-SXM5-80GB,H100-SXM5-80GB,67000.0,c27d1d0a-dd52-58f0-bf45-e28eecb2fab1,suitesparse_all,HB/dwt_193,dwt_193,193,193,3493,pass,6986.0,3.765125,0.00365279987454,1.9125055409392644,0.0028544858819989022,2026-10-06T12:24:42.851370+00:00,source
2,full-20261009-H100-SXM5-80GB-spmv-fp32-cusparse-sell-nrows-default-13.4.1,cuSPARSE-CUDA-13.4.1-SELL-NROWS-DEFAULT,cuSPARSE CUDA 13.4.1 SELL-NROWS DEFAULT,sell-nrows-default,cusparse,candidate,,sell,spmv.csr.fp32,fp32,H100-SXM5-80GB,H100-SXM5-80GB,67000.0,1bbb760b-88a6-5cef-b074-0c4935b865f2,suitesparse_all,HB/dwt_198,dwt_198,198,198,1392,pass,2784.0,8.983352,0.00301760006696,0.922587466272383,0.0013769962183169896,2026-10-06T19:03:21.461711+00:00,source
2,full-20261009-H100-SXM5-80GB-spmv-fp32-cusparse-sell-nrows-default-13.4.1,cuSPARSE-CUDA-13.4.1-SELL-NROWS-DEFAULT,cuSPARSE CUDA 13.4.1 SELL-NROWS DEFAULT,sell-nrows-default,cusparse,candidate,,sell,spmv.csr.fp32,fp32,H100-SXM5-80GB,H100-SXM5-80GB,67000.0,ca497226-ebef-56c9-ba00-9b037f2146f7,suitesparse_all,HB/dwt_221,dwt_221,221,221,1629,pass,3258.0,4.75233,0.00289120003581,1.1268677226227404,0.001681892123317523,2026-10-08T21:11:46.806095+00:00,source
2,full-20261009-H100-SXM5-80GB-spmv-fp32-cusparse-sell-nrows-default-13.4.1,cuSPARSE-CUDA-13.4.1-SELL-NROWS-DEFAULT,cuSPARSE CUDA 13.4.1 SELL-NROWS DEFAULT,sell-nrows-default,cusparse,candidate,,sell,spmv.csr.fp32,fp32,H100-SXM5-80GB,H100-SXM5-80GB,67000.0,9630d841-fbae-5247-8ae0-f8f392316afc,suitesparse_all,HB/dwt_307,dwt_307,307,307,2523,pass,5046.0,16.834197,0.00291840005666,1.729029571694485,0.0025806411517828136,2026-10-07T03:42:39.433083+00:00,source
2,full-20261009-H100-SXM5-80GB-spmv-fp32-cusparse-sell-nrows-default-13.4.1,cuSPARSE-CUDA-13.4.1-SELL-NROWS-DEFAULT,cuSPARSE CUDA 13.4.1 SELL-NROWS DEFAULT,sell-nrows-default,cusparse,candidate,,sell,spmv.csr.fp32,fp32,H100-SXM5-80GB,H100-SXM5-80GB,67000.0,b507c62e-e8c4-5489-84fd-4bc66dd1e529,suitesparse_all,HB/dwt_346,dwt_346,346,346,3226,pass,6452.0,9.017966,0.00389279983938,1.6574188928829177,0.002473759541616295,2026-10-07T08:03:24.676773+00:00,source
2,full-20261009-H100-SXM5-80GB-spmv-fp32-cusparse-sell-nrows-default-13.4.1,cuSPARSE-CUDA-13.4.1-SELL-NROWS-DEFAULT,cuSPARSE CUDA 13.4.1 SELL-NROWS DEFAULT,sell-nrows-default,cusparse,candidate,,sell,spmv.csr.fp32,fp32,H100-SXM5-80GB,H100-SXM5-80GB,67000.0,26cb3a9c-bd7d-5e51-9c99-6d49c0b2dba4,suitesparse_all,HB/dwt_492,dwt_492,492,492,3156,pass,6312.0,4.042993,0.00328800007701,1.9197079842345766,0.0028652357973650397,2026-10-07T12:59:57.739254+00:00,source
2,full-20261009-H100-SXM5-80GB-spmv-fp32-cusparse-sell-nrows-default-13.4.1,cuSPARSE-CUDA-13.4.1-SELL-NROWS-DEFAULT,cuSPARSE CUDA 13.4.1 SELL-NROWS DEFAULT,sell-nrows-default,cusparse,candidate,,sell,spmv.csr.fp32,fp32,H100-SXM5-80GB,H100-SXM5-80GB,67000.0,6054a01d-2dc6-5795-9ae4-804d2647be74,suitesparse_all,HB/dwt_503,dwt_503,503,503,6027,pass,12054.0,6.587473,0.00365439988673,3.2984895943574637,0.004923118797548453,2026-10-07T17:33:43.062051+00:00,source
2,full-20261009-H100-SXM5-80GB-spmv-fp32-cusparse-sell-nrows-default-13.4.1,cuSPARSE-CUDA-13.4.1-SELL-NROWS-DEFAULT,cuSPARSE CUDA 13.4.1 SELL-NROWS DEFAULT,sell-nrows-default,cusparse,candidate,,sell,spmv.csr.fp32,fp32,H100-SXM5-80GB,H100-SXM5-80GB,67000.0,c27d1d0a-dd52-58f0-bf45-e28eecb2fab1,suitesparse_all,HB/dwt_592,dwt_592,592,592,5104,pass,10208.0,1.417353,0.00380959995091,2.6795464436000986,0.003999323050149401,2026-10-06T12:24:43.588704+00:00,source
2,full-20261009-H100-SXM5-80GB-spmv-fp32-cusparse-sell-nrows-default-13.4.1,cuSPARSE-CUDA-13.4.1-SELL-NROWS-DEFAULT,cuSPARSE CUDA 13.4.1 SELL-NROWS DEFAULT,sell-nrows-default,cusparse,candidate,,sell,spmv.csr.fp32,fp32,H100-SXM5-80GB,H100-SXM5-80GB,67000.0,1bbb760b-88a6-5cef-b074-0c4935b865f2,suitesparse_all,HB/dwt_607,dwt_607,607,607,5131,pass,10262.0,8.987301,0.00308800004423,3.32318648089879,0.0049599798222370005,2026-10-06T19:03:21.923717+00:00,source
2,full-20261009-H100-SXM5-80GB-spmv-fp32-cusparse-sell-nrows-default-13.4.1,cuSPARSE-CUDA-13.4.1-SELL-NROWS-DEFAULT,cuSPARSE CUDA 13.4.1 SELL-NROWS DEFAULT,sell-nrows-default,cusparse,candidate,,sell,spmv.csr.fp32,fp32,H100-SXM5-80GB,H100-SXM5-80GB,67000.0,ca497226-ebef-56c9-ba00-9b037f2146f7,suitesparse_all,HB/dwt_72,dwt_72,72,72,222,pass,444.0,4.700063,0.00311040002853,0.14274691227090747,0.00021305509294165294,2026-10-08T21:11:47.131297+00:00,source
2,full-20261009-H100-SXM5-80GB-spmv-fp32-cusparse-sell-nrows-default-13.4.1,cuSPARSE-CUDA-13.4.1-SELL-NROWS-DEFAULT,cuSPARSE CUDA 13.4.1 SELL-NROWS DEFAULT,sell-nrows-default,cusparse,candidate,,sell,spmv.csr.fp32,fp32,H100-SXM5-80GB,H100-SXM5-80GB,67000.0,9630d841-fbae-5247-8ae0-f8f392316afc,suitesparse_all,HB/dwt_878,dwt_878,878,878,7448,pass,14896.0,5.47278,0.00278719998896,5.344431708884374,0.007976763744603542,2026-10-07T03:42:40.001800+00:00,source
2,full-20261009-H100-SXM5-80GB-spmv-fp32-cusparse-sell-nrows-default-13.4.1,cuSPARSE-CUDA-13.4.1-SELL-NROWS-DEFAULT,cuSPARSE CUDA 13.4.1 SELL-NROWS DEFAULT,sell-nrows-default,cusparse,candidate,,sell,spmv.csr.fp32,fp32,H100-SXM5-80GB,H100-SXM5-80GB,67000.0,b507c62e-e8c4-5489-84fd-4bc66dd1e529,suitesparse_all,HB/dwt_992,dwt_992,992,992,16744,pass,33488.0,9.008132,0.00468959994614,7.140907622101946,0.010658071077764099,2026-10-07T08:03:25.201089+00:00,source
2,full-20261009-H100-SXM5-80GB-spmv-fp32-cusparse-sell-nrows-default-13.4.1,cuSPARSE-CUDA-13.4.1-SELL-NROWS-DEFAULT,cuSPARSE CUDA 13.4.1 SELL-NROWS DEFAULT,sell-nrows-default,cusparse,candidate,,sell,spmv.csr.fp32,fp32,H100-SXM5-80GB,H100-SXM5-80GB,67000.0,26cb3a9c-bd7d-5e51-9c99-6d49c0b2dba4,suitesparse_all,HB/fs_183_3,fs_183_3,183,183,1069,pass,2138.0,4.063726,0.00475680008531,0.44946181501354115,0.000670838529870957,2026-10-07T12:59:58.170319+00:00,source
2,full-20261009-H100-SXM5-80GB-spmv-fp32-cusparse-sell-nrows-default-13.4.1,cuSPARSE-CUDA-13.4.1-SELL-NROWS-DEFAULT,cuSPARSE CUDA 13.4.1 SELL-NROWS DEFAULT,sell-nrows-default,cusparse,candidate,,sell,spmv.csr.fp32,fp32,H100-SXM5-80GB,H100-SXM5-80GB,67000.0,6054a01d-2dc6-5795-9ae4-804d2647be74,suitesparse_all,HB/fs_183_4,fs_183_4,183,183,1069,pass,2138.0,6.621364,0.00495200008154,0.43174474248698175,0.0006443951380402712,2026-10-07T17:33:43.563456+00:00,source
2,full-20261009-H100-SXM5-80GB-spmv-fp32-cusparse-sell-nrows-default-13.4.1,cuSPARSE-CUDA-13.4.1-SELL-NROWS-DEFAULT,cuSPARSE CUDA 13.4.1 SELL-NROWS DEFAULT,sell-nrows-default,cusparse,candidate,,sell,spmv.csr.fp32,fp32,H100-SXM5-80GB,H100-SXM5-80GB,67000.0,c27d1d0a-dd52-58f0-bf45-e28eecb2fab1,suitesparse_all,HB/fs_541_2,fs_541_2,541,541,4285,pass,8570.0,22.585766,0.00288800001144,2.9674515117909817,0.004429032107150719,2026-10-06T12:24:44.353518+00:00,source
2,full-20261009-H100-SXM5-80GB-spmv-fp32-cusparse-sell-nrows-default-13.4.1,cuSPARSE-CUDA-13.4.1-SELL-NROWS-DEFAULT,cuSPARSE CUDA 13.4.1 SELL-NROWS DEFAULT,sell-nrows-default,cusparse,candidate,,sell,spmv.csr.fp32,fp32,H100-SXM5-80GB,H100-SXM5-80GB,67000.0,1bbb760b-88a6-5cef-b074-0c4935b865f2,suitesparse_all,HB/fs_541_3,fs_541_3,541,541,4285,pass,8570.0,8.978246,0.00314880013466,2.721671631573837,0.0040621964650355774,2026-10-06T19:03:22.444666+00:00,source
2,full-20261009-H100-SXM5-80GB-spmv-fp32-cusparse-sell-nrows-default-13.4.1,cuSPARSE-CUDA-13.4.1-SELL-NROWS-DEFAULT,cuSPARSE CUDA 13.4.1 SELL-NROWS DEFAULT,sell-nrows-default,cusparse,candidate,,sell,spmv.csr.fp32,fp32,H100-SXM5-80GB,H100-SXM5-80GB,67000.0,ca497226-ebef-56c9-ba00-9b037f2146f7,suitesparse_all,HB/fs_680_1,fs_680_1,680,680,2646,error,5292.0,4.638087,0.00302399992943,0.0,0.0,2026-10-08T21:11:47.454045+00:00,source
2,full-20261009-H100-SXM5-80GB-spmv-fp32-cusparse-sell-nrows-default-13.4.1,cuSPARSE-CUDA-13.4.1-SELL-NROWS-DEFAULT,cuSPARSE CUDA 13.4.1 SELL-NROWS DEFAULT,sell-nrows-default,cusparse,candidate,,sell,spmv.csr.fp32,fp32,H100-SXM5-80GB,H100-SXM5-80GB,67000.0,9630d841-fbae-5247-8ae0-f8f392316afc,suitesparse_all,HB/fs_760_2,fs_760_2,760,760,5976,pass,11952.0,18.350503,0.00480000004172,2.4899999783577504,0.0037164178781458963,2026-10-07T03:42:40.586605+00:00,source
2,full-20261009-H100-SXM5-80GB-spmv-fp32-cusparse-sell-nrows-default-13.4.1,cuSPARSE-CUDA-13.4.1-SELL-NROWS-DEFAULT,cuSPARSE CUDA 13.4.1 SELL-NROWS DEFAULT,sell-nrows-default,cusparse,candidate,,sell,spmv.csr.fp32,fp32,H100-SXM5-80GB,H100-SXM5-80GB,67000.0,b507c62e-e8c4-5489-84fd-4bc66dd1e529,suitesparse_all,HB/gemat1,gemat1,4929,10595,47369,pass,94738.0,109.082173,0.495852804184,0.19106073254119346,0.00028516527244954246,2026-10-07T08:03:25.809609+00:00,source
2,full-20261009-H100-SXM5-80GB-spmv-fp32-cusparse-sell-nrows-default-13.4.1,cuSPARSE-CUDA-13.4.1-SELL-NROWS-DEFAULT,cuSPARSE CUDA 13.4.1 SELL-NROWS DEFAULT,sell-nrows-default,cusparse,candidate,,sell,spmv.csr.fp32,fp32,H100-SXM5-80GB,H100-SXM5-80GB,67000.0,26cb3a9c-bd7d-5e51-9c99-6d49c0b2dba4,suitesparse_all,HB/gent113,gent113,113,113,655,pass,1310.0,15.418166,0.00335519984365,0.3904387401779617,0.000582744388325316,2026-10-07T12:59:58.551374+00:00,source
2,full-20261009-H100-SXM5-80GB-spmv-fp32-cusparse-sell-nrows-default-13.4.1,cuSPARSE-CUDA-13.4.1-SELL-NROWS-DEFAULT,cuSPARSE CUDA 13.4.1 SELL-NROWS DEFAULT,sell-nrows-default,cusparse,candidate,,sell,spmv.csr.fp32,fp32,H100-SXM5-80GB,H100-SXM5-80GB,67000.0,6054a01d-2dc6-5795-9ae4-804d2647be74,suitesparse_all,HB/gr_30_30,gr_30_30,900,900,7744,pass,15488.0,6.948038,0.00306240003556,5.057471205641432,0.0075484644860319885,2026-10-07T17:33:44.043530+00:00,source
2,full-20261009-H100-SXM5-80GB-spmv-fp32-cusparse-sell-nrows-default-13.4.1,cuSPARSE-CUDA-13.4.1-SELL-NROWS-DEFAULT,cuSPARSE CUDA 13.4.1 SELL-NROWS DEFAULT,sell-nrows-default,cusparse,candidate,,sell,spmv.csr.fp32,fp32,H100-SXM5-80GB,H100-SXM5-80GB,67000.0,c27d1d0a-dd52-58f0-bf45-e28eecb2fab1,suitesparse_all,HB/gre_185,gre_185,185,185,1005,pass,2010.0,8.76362,0.00285599995404,0.7037815239306019,0.0010504201849710476,2026-10-06T12:24:44.980311+00:00,source
2,full-20261009-H100-SXM5-80GB-spmv-fp32-cusparse-sell-nrows-default-13.4.1,cuSPARSE-CUDA-13.4.1-SELL-NROWS-DEFAULT,cuSPARSE CUDA 13.4.1 SELL-NROWS DEFAULT,sell-nrows-default,cusparse,candidate,,sell,spmv.csr.fp32,fp32,H100-SXM5-80GB,H100-SXM5-80GB,67000.0,1bbb760b-88a6-5cef-b074-0c4935b865f2,suitesparse_all,HB/gre_216a,gre_216a,216,216,876,pass,1752.0,8.985196,0.00285599995404,0.6134453880230918,0.0009155901313777489,2026-10-06T19:03:22.962848+00:00,source
2,full-20261009-H100-SXM5-80GB-spmv-fp32-cusparse-sell-nrows-default-13.4.1,cuSPARSE-CUDA-13.4.1-SELL-NROWS-DEFAULT,cuSPARSE CUDA 13.4.1 SELL-NROWS DEFAULT,sell-nrows-default,cusparse,candidate,,sell,spmv.csr.fp32,fp32,H100-SXM5-80GB,H100-SXM5-80GB,67000.0,ca497226-ebef-56c9-ba00-9b037f2146f7,suitesparse_all,HB/gre_343,gre_343,343,343,1435,pass,2870.0,4.586534,0.00280000008643,1.0249999683604474,0.0015298506990454438,2026-10-08T21:11:47.826438+00:00,source
2,full-20261009-H100-SXM5-80GB-spmv-fp32-cusparse-sell-nrows-default-13.4.1,cuSPARSE-CUDA-13.4.1-SELL-NROWS-DEFAULT,cuSPARSE CUDA 13.4.1 SELL-NROWS DEFAULT,sell-nrows-default,cusparse,candidate,,sell,spmv.csr.fp32,fp32,H100-SXM5-80GB,H100-SXM5-80GB,67000.0,9630d841-fbae-5247-8ae0-f8f392316afc,suitesparse_all,HB/illc1033,illc1033,1033,320,4732,pass,9464.0,18.355996,0.00297439992428,3.1818182628184775,0.004748982481818623,2026-10-07T03:42:41.201925+00:00,source
2,full-20261009-H100-SXM5-80GB-spmv-fp32-cusparse-sell-nrows-default-13.4.1,cuSPARSE-CUDA-13.4.1-SELL-NROWS-DEFAULT,cuSPARSE CUDA 13.4.1 SELL-NROWS DEFAULT,sell-nrows-default,cusparse,candidate,,sell,spmv.csr.fp32,fp32,H100-SXM5-80GB,H100-SXM5-80GB,67000.0,b507c62e-e8c4-5489-84fd-4bc66dd1e529,suitesparse_all,HB/impcol_a,impcol_a,207,207,572,pass,1144.0,9.006361,0.00298720002174,0.38296732447586046,0.0005715930216057619,2026-10-07T08:03:26.318127+00:00,source
2,full-20261009-H100-SXM5-80GB-spmv-fp32-cusparse-sell-nrows-default-13.4.1,cuSPARSE-CUDA-13.4.1-SELL-NROWS-DEFAULT,cuSPARSE CUDA 13.4.1 SELL-NROWS DEFAULT,sell-nrows-default,cusparse,candidate,,sell,spmv.csr.fp32,fp32,H100-SXM5-80GB,H100-SXM5-80GB,67000.0,26cb3a9c-bd7d-5e51-9c99-6d49c0b2dba4,suitesparse_all,HB/impcol_d,impcol_d,425,425,1339,pass,2678.0,4.303211,0.00304160006344,0.8804576355022907,0.001314115873884016,2026-10-07T12:59:58.918708+00:00,source
2,full-20261009-H100-SXM5-80GB-spmv-fp32-cusparse-sell-nrows-default-13.4.1,cuSPARSE-CUDA-13.4.1-SELL-NROWS-DEFAULT,cuSPARSE CUDA 13.4.1 SELL-NROWS DEFAULT,sell-nrows-default,cusparse,candidate,,sell,spmv.csr.fp32,fp32,H100-SXM5-80GB,H100-SXM5-80GB,67000.0,6054a01d-2dc6-5795-9ae4-804d2647be74,suitesparse_all,HB/impcol_e,impcol_e,225,225,1308,pass,2616.0,6.921877,0.00310880001634,0.84148223952978,0.0012559436410892238,2026-10-07T17:33:44.559953+00:00,source
2,full-20261009-H100-SXM5-80GB-spmv-fp32-cusparse-sell-nrows-default-13.4.1,cuSPARSE-CUDA-13.4.1-SELL-NROWS-DEFAULT,cuSPARSE CUDA 13.4.1 SELL-NROWS DEFAULT,sell-nrows-default,cusparse,candidate,,sell,spmv.csr.fp32,fp32,H100-SXM5-80GB,H100-SXM5-80GB,67000.0,c27d1d0a-dd52-58f0-bf45-e28eecb2fab1,suitesparse_all,HB/jagmesh3,jagmesh3,1089,1089,7361,pass,14722.0,5.737443,0.00295039992779,4.989832009326115,0.007447510461680768,2026-10-06T12:24:45.686641+00:00,source
2,full-20261009-H100-SXM5-80GB-spmv-fp32-cusparse-sell-nrows-default-13.4.1,cuSPARSE-CUDA-13.4.1-SELL-NROWS-DEFAULT,cuSPARSE CUDA 13.4.1 SELL-NROWS DEFAULT,sell-nrows-default,cusparse,candidate,,sell,spmv.csr.fp32,fp32,H100-SXM5-80GB,H100-SXM5-80GB,67000.0,1bbb760b-88a6-5cef-b074-0c4935b865f2,suitesparse_all,HB/jagmesh4,jagmesh4,1440,1440,9504,pass,19008.0,8.988086,0.00301760006696,6.29904545937696,0.009401560387129792,2026-10-06T19:03:23.482558+00:00,source
2,full-20261009-H100-SXM5-80GB-spmv-fp32-cusparse-sell-nrows-default-13.4.1,cuSPARSE-CUDA-13.4.1-SELL-NROWS-DEFAULT,cuSPARSE CUDA 13.4.1 SELL-NROWS DEFAULT,sell-nrows-default,cusparse,candidate,,sell,spmv.csr.fp32,fp32,H100-SXM5-80GB,H100-SXM5-80GB,67000.0,ca497226-ebef-56c9-ba00-9b037f2146f7,suitesparse_all,HB/jagmesh6,jagmesh6,1377,1377,8993,pass,17986.0,4.810166,0.0032063998282,5.609406488178654,0.008372248489818886,2026-10-08T21:11:48.146834+00:00,source
2,full-20261009-H100-SXM5-80GB-spmv-fp32-cusparse-sell-nrows-default-13.4.1,cuSPARSE-CUDA-13.4.1-SELL-NROWS-DEFAULT,cuSPARSE CUDA 13.4.1 SELL-NROWS DEFAULT,sell-nrows-default,cusparse,candidate,,sell,spmv.csr.fp32,fp32,H100-SXM5-80GB,H100-SXM5-80GB,67000.0,9630d841-fbae-5247-8ae0-f8f392316afc,suitesparse_all,HB/jgl009,jgl009,9,9,50,pass,100.0,12.127487,0.00299520008266,0.03338675121536163,4.9830971963226317e-05,2026-10-07T03:42:41.671298+00:00,source
2,full-20261009-H100-SXM5-80GB-spmv-fp32-cusparse-sell-nrows-default-13.4.1,cuSPARSE-CUDA-13.4.1-SELL-NROWS-DEFAULT,cuSPARSE CUDA 13.4.1 SELL-NROWS DEFAULT,sell-nrows-default,cusparse,candidate,,sell,spmv.csr.fp32,fp32,H100-SXM5-80GB,H100-SXM5-80GB,67000.0,b507c62e-e8c4-5489-84fd-4bc66dd1e529,suitesparse_all,HB/jpwh_991,jpwh_991,991,991,6027,pass,12054.0,8.984655,0.00325919985771,3.6984537697143427,0.005520080253304989,2026-10-07T08:03:26.783364+00:00,source
2,full-20261009-H100-SXM5-80GB-spmv-fp32-cusparse-sell-nrows-default-13.4.1,cuSPARSE-CUDA-13.4.1-SELL-NROWS-DEFAULT,cuSPARSE CUDA 13.4.1 SELL-NROWS DEFAULT,sell-nrows-default,cusparse,candidate,,sell,spmv.csr.fp32,fp32,H100-SXM5-80GB,H100-SXM5-80GB,67000.0,9630d841-fbae-5247-8ae0-f8f392316afc,suitesparse_all,HB/lap_25,lap_25,25,25,169,pass,338.0,3.548419,0.00296480003744,0.11400431588359364,0.00017015569534864722,2026-10-07T03:43:21.561814+00:00,source
2,full-20261009-H100-SXM5-80GB-spmv-fp32-cusparse-sell-nrows-default-13.4.1,cuSPARSE-CUDA-13.4.1-SELL-NROWS-DEFAULT,cuSPARSE CUDA 13.4.1 SELL-NROWS DEFAULT,sell-nrows-default,cusparse,candidate,,sell,spmv.csr.fp32,fp32,H100-SXM5-80GB,H100-SXM5-80GB,67000.0,26cb3a9c-bd7d-5e51-9c99-6d49c0b2dba4,suitesparse_all,HB/lns_511,lns_511,511,511,2796,pass,5592.0,13.12803,0.0033055998385,1.6916748164343787,0.0025248877857229532,2026-10-07T12:59:59.282954+00:00,source
2,full-20261009-H100-SXM5-80GB-spmv-fp32-cusparse-sell-nrows-default-13.4.1,cuSPARSE-CUDA-13.4.1-SELL-NROWS-DEFAULT,cuSPARSE CUDA 13.4.1 SELL-NROWS DEFAULT,sell-nrows-default,cusparse,candidate,,sell,spmv.csr.fp32,fp32,H100-SXM5-80GB,H100-SXM5-80GB,67000.0,6054a01d-2dc6-5795-9ae4-804d2647be74,suitesparse_all,HB/lnsp3937,lnsp3937,3937,3937,25407,pass,50814.0,11.817231,0.00306080002338,16.60154195369052,0.02477842082640376,2026-10-07T17:33:45.058140+00:00,source
2,full-20261009-H100-SXM5-80GB-spmv-fp32-cusparse-sell-nrows-default-13.4.1,cuSPARSE-CUDA-13.4.1-SELL-NROWS-DEFAULT,cuSPARSE CUDA 13.4.1 SELL-NROWS DEFAULT,sell-nrows-default,cusparse,candidate,,sell,spmv.csr.fp32,fp32,H100-SXM5-80GB,H100-SXM5-80GB,67000.0,b507c62e-e8c4-5489-84fd-4bc66dd1e529,suitesparse_all,HB/lock2232,lock2232,2232,2232,80352,pass,160704.0,6.989084,0.00552799999714,29.070911737182126,0.043389420503256906,2026-10-07T08:04:45.012688+00:00,source
2,full-20261009-H100-SXM5-80GB-spmv-fp32-cusparse-sell-nrows-default-13.4.1,cuSPARSE-CUDA-13.4.1-SELL-NROWS-DEFAULT,cuSPARSE CUDA 13.4.1 SELL-NROWS DEFAULT,sell-nrows-default,cusparse,candidate,,sell,spmv.csr.fp32,fp32,H100-SXM5-80GB,H100-SXM5-80GB,67000.0,c27d1d0a-dd52-58f0-bf45-e28eecb2fab1,suitesparse_all,HB/lshp1009,lshp1009,1009,1009,6865,pass,13730.0,3.597361,0.00299839992076,4.5791089790717034,0.006834491013539856,2026-10-06T12:24:46.496802+00:00,source
2,full-20261009-H100-SXM5-80GB-spmv-fp32-cusparse-sell-nrows-default-13.4.1,cuSPARSE-CUDA-13.4.1-SELL-NROWS-DEFAULT,cuSPARSE CUDA 13.4.1 SELL-NROWS DEFAULT,sell-nrows-default,cusparse,candidate,,sell,spmv.csr.fp32,fp32,H100-SXM5-80GB,H100-SXM5-80GB,67000.0,1bbb760b-88a6-5cef-b074-0c4935b865f2,suitesparse_all,HB/lshp1270,lshp1270,1270,1270,8668,pass,17336.0,8.965428,0.00304959993809,5.684680073432104,0.008484597124525529,2026-10-06T19:03:24.015949+00:00,source
2,full-20261009-H100-SXM5-80GB-spmv-fp32-cusparse-sell-nrows-default-13.4.1,cuSPARSE-CUDA-13.4.1-SELL-NROWS-DEFAULT,cuSPARSE CUDA 13.4.1 SELL-NROWS DEFAULT,sell-nrows-default,cusparse,candidate,,sell,spmv.csr.fp32,fp32,H100-SXM5-80GB,H100-SXM5-80GB,67000.0,ca497226-ebef-56c9-ba00-9b037f2146f7,suitesparse_all,HB/lshp1882,lshp1882,1882,1882,12904,pass,25808.0,4.84722,0.00314560011029,8.204475805928396,0.012245486277505067,2026-10-08T21:11:48.454574+00:00,source
2,full-20261009-H100-SXM5-80GB-spmv-fp32-cusparse-sell-nrows-default-13.4.1,cuSPARSE-CUDA-13.4.1-SELL-NROWS-DEFAULT,cuSPARSE CUDA 13.4.1 SELL-NROWS DEFAULT,sell-nrows-default,cusparse,candidate,,sell,spmv.csr.fp32,fp32,H100-SXM5-80GB,H100-SXM5-80GB,67000.0,9630d841-fbae-5247-8ae0-f8f392316afc,suitesparse_all,HB/lshp3466,lshp3466,3466,3466,23896,pass,47792.0,3.799885,0.00319840013981,14.942470582445344,0.022302194899172154,2026-10-07T03:42:42.017240+00:00,source
2,full-20261009-H100-SXM5-80GB-spmv-fp32-cusparse-sell-nrows-default-13.4.1,cuSPARSE-CUDA-13.4.1-SELL-NROWS-DEFAULT,cuSPARSE CUDA 13.4.1 SELL-NROWS DEFAULT,sell-nrows-default,cusparse,candidate,,sell,spmv.csr.fp32,fp32,H100-SXM5-80GB,H100-SXM5-80GB,67000.0,b507c62e-e8c4-5489-84fd-4bc66dd1e529,suitesparse_all,HB/lshp_406,lshp_406,406,406,2716,pass,5432.0,6.90561,0.00279040001333,1.9466743026271616,0.002905484033771883,2026-10-07T08:03:27.292771+00:00,source
2,full-20261009-H100-SXM5-80GB-spmv-fp32-cusparse-sell-nrows-default-13.4.1,cuSPARSE-CUDA-13.4.1-SELL-NROWS-DEFAULT,cuSPARSE CUDA 13.4.1 SELL-NROWS DEFAULT,sell-nrows-default,cusparse,candidate,,sell,spmv.csr.fp32,fp32,H100-SXM5-80GB,H100-SXM5-80GB,67000.0,26cb3a9c-bd7d-5e51-9c99-6d49c0b2dba4,suitesparse_all,HB/lund_a,lund_a,147,147,2449,pass,4898.0,3.99228,0.00360479988158,1.3587439416618001,0.002027976032331045,2026-10-07T12:59:59.647493+00:00,source
2,full-20261009-H100-SXM5-80GB-spmv-fp32-cusparse-sell-nrows-default-13.4.1,cuSPARSE-CUDA-13.4.1-SELL-NROWS-DEFAULT,cuSPARSE CUDA 13.4.1 SELL-NROWS DEFAULT,sell-nrows-default,cusparse,candidate,,sell,spmv.csr.fp32,fp32,H100-SXM5-80GB,H100-SXM5-80GB,67000.0,6054a01d-2dc6-5795-9ae4-804d2647be74,suitesparse_all,HB/lund_b,lund_b,147,147,2441,pass,4882.0,6.560544,0.00348000004888,1.4028735435136614,0.0020938411097218826,2026-10-07T17:33:45.610294+00:00,source
2,full-20261009-H100-SXM5-80GB-spmv-fp32-cusparse-sell-nrows-default-13.4.1,cuSPARSE-CUDA-13.4.1-SELL-NROWS-DEFAULT,cuSPARSE CUDA 13.4.1 SELL-NROWS DEFAULT,sell-nrows-default,cusparse,candidate,,sell,spmv.csr.fp32,fp32,H100-SXM5-80GB,H100-SXM5-80GB,67000.0,26cb3a9c-bd7d-5e51-9c99-6d49c0b2dba4,suitesparse_all,HB/man_5976,man_5976,5976,5976,225046,pass,450092.0,5.966478,0.0060720000416,74.12582294406552,0.11063555663293362,2026-10-07T13:00:50.131559+00:00,source
2,full-20261009-H100-SXM5-80GB-spmv-fp32-cusparse-sell-nrows-default-13.4.1,cuSPARSE-CUDA-13.4.1-SELL-NROWS-DEFAULT,cuSPARSE CUDA 13.4.1 SELL-NROWS DEFAULT,sell-nrows-default,cusparse,candidate,,sell,spmv.csr.fp32,fp32,H100-SXM5-80GB,H100-SXM5-80GB,67000.0,c27d1d0a-dd52-58f0-bf45-e28eecb2fab1,suitesparse_all,HB/mbeaflw,mbeaflw,496,496,49920,pass,99840.0,8.807969,0.0415423989296,2.403327746411426,0.0035870563379275014,2026-10-06T12:24:47.312042+00:00,source
2,full-20261009-H100-SXM5-80GB-spmv-fp32-cusparse-sell-nrows-default-13.4.1,cuSPARSE-CUDA-13.4.1-SELL-NROWS-DEFAULT,cuSPARSE CUDA 13.4.1 SELL-NROWS DEFAULT,sell-nrows-default,cusparse,candidate,,sell,spmv.csr.fp32,fp32,H100-SXM5-80GB,H100-SXM5-80GB,67000.0,1bbb760b-88a6-5cef-b074-0c4935b865f2,suitesparse_all,HB/mbeause,mbeause,496,496,41063,pass,82126.0,9.075234,0.0398048013449,2.0632184366000463,0.0030794305023881287,2026-10-06T19:03:24.550187+00:00,source
2,full-20261009-H100-SXM5-80GB-spmv-fp32-cusparse-sell-nrows-default-13.4.1,cuSPARSE-CUDA-13.4.1-SELL-NROWS-DEFAULT,cuSPARSE CUDA 13.4.1 SELL-NROWS DEFAULT,sell-nrows-default,cusparse,candidate,,sell,spmv.csr.fp32,fp32,H100-SXM5-80GB,H100-SXM5-80GB,67000.0,ca497226-ebef-56c9-ba00-9b037f2146f7,suitesparse_all,HB/mcfe,mcfe,765,765,24382,pass,48764.0,4.955974,0.00603520013392,8.07993089175763,0.012059598345906912,2026-10-08T21:11:48.813697+00:00,source
2,full-20261009-H100-SXM5-80GB-spmv-fp32-cusparse-sell-nrows-default-13.4.1,cuSPARSE-CUDA-13.4.1-SELL-NROWS-DEFAULT,cuSPARSE CUDA 13.4.1 SELL-NROWS DEFAULT,sell-nrows-default,cusparse,candidate,,sell,spmv.csr.fp32,fp32,H100-SXM5-80GB,H100-SXM5-80GB,67000.0,9630d841-fbae-5247-8ae0-f8f392316afc,suitesparse_all,HB/nos1,nos1,237,237,1017,pass,2034.0,3.788601,0.00291520003229,0.6977222754769992,0.0010413765305626853,2026-10-07T03:42:42.358448+00:00,source
2,full-20261009-H100-SXM5-80GB-spmv-fp32-cusparse-sell-nrows-default-13.4.1,cuSPARSE-CUDA-13.4.1-SELL-NROWS-DEFAULT,cuSPARSE CUDA 13.4.1 SELL-NROWS DEFAULT,sell-nrows-default,cusparse,candidate,,sell,spmv.csr.fp32,fp32,H100-SXM5-80GB,H100-SXM5-80GB,67000.0,b507c62e-e8c4-5489-84fd-4bc66dd1e529,suitesparse_all,HB/nos3,nos3,960,960,15844,pass,31688.0,9.011759,0.00402080006897,7.881018567560225,0.011762714279940634,2026-10-07T08:03:27.827912+00:00,source
2,full-20261009-H100-SXM5-80GB-spmv-fp32-cusparse-sell-nrows-default-13.4.1,cuSPARSE-CUDA-13.4.1-SELL-NROWS-DEFAULT,cuSPARSE CUDA 13.4.1 SELL-NROWS DEFAULT,sell-nrows-default,cusparse,candidate,,sell,spmv.csr.fp32,fp32,H100-SXM5-80GB,H100-SXM5-80GB,67000.0,26cb3a9c-bd7d-5e51-9c99-6d49c0b2dba4,suitesparse_all,HB/nos6,nos6,675,675,3255,pass,6510.0,4.009152,0.00308800004423,2.108160591566081,0.0031465083456210163,2026-10-07T13:00:00.058644+00:00,source
2,full-20261009-H100-SXM5-80GB-spmv-fp32-cusparse-sell-nrows-default-13.4.1,cuSPARSE-CUDA-13.4.1-SELL-NROWS-DEFAULT,cuSPARSE CUDA 13.4.1 SELL-NROWS DEFAULT,sell-nrows-default,cusparse,candidate,,sell,spmv.csr.fp32,fp32,H100-SXM5-80GB,H100-SXM5-80GB,67000.0,6054a01d-2dc6-5795-9ae4-804d2647be74,suitesparse_all,HB/nos7,nos7,729,729,4617,pass,9234.0,6.879287,0.00305599998683,3.0215968716604817,0.004509846077105196,2026-10-07T17:33:46.108874+00:00,source
2,full-20261009-H100-SXM5-80GB-spmv-fp32-cusparse-sell-nrows-default-13.4.1,cuSPARSE-CUDA-13.4.1-SELL-NROWS-DEFAULT,cuSPARSE CUDA 13.4.1 SELL-NROWS DEFAULT,sell-nrows-default,cusparse,candidate,,sell,spmv.csr.fp32,fp32,H100-SXM5-80GB,H100-SXM5-80GB,67000.0,c27d1d0a-dd52-58f0-bf45-e28eecb2fab1,suitesparse_all,HB/orsirr_2,orsirr_2,886,886,5970,pass,11940.0,6.975428,0.00302719995379,3.944238960842786,0.005886923822153412,2026-10-06T12:24:47.944022+00:00,source
2,full-20261009-H100-SXM5-80GB-spmv-fp32-cusparse-sell-nrows-default-13.4.1,cuSPARSE-CUDA-13.4.1-SELL-NROWS-DEFAULT,cuSPARSE CUDA 13.4.1 SELL-NROWS DEFAULT,sell-nrows-default,cusparse,candidate,,sell,spmv.csr.fp32,fp32,H100-SXM5-80GB,H100-SXM5-80GB,67000.0,1bbb760b-88a6-5cef-b074-0c4935b865f2,suitesparse_all,HB/orsreg_1,orsreg_1,2205,2205,14133,pass,28266.0,9.011011,0.00294080004096,9.611670159924508,0.01434577635809628,2026-10-06T19:03:25.072905+00:00,source
2,full-20261009-H100-SXM5-80GB-spmv-fp32-cusparse-sell-nrows-default-13.4.1,cuSPARSE-CUDA-13.4.1-SELL-NROWS-DEFAULT,cuSPARSE CUDA 13.4.1 SELL-NROWS DEFAULT,sell-nrows-default,cusparse,candidate,,sell,spmv.csr.fp32,fp32,H100-SXM5-80GB,H100-SXM5-80GB,67000.0,ca497226-ebef-56c9-ba00-9b037f2146f7,suitesparse_all,HB/plat362,plat362,362,362,5786,pass,11572.0,4.631617,0.00363680012524,3.181918060244331,0.004749131433200494,2026-10-08T21:11:49.136507+00:00,source
2,full-20261009-H100-SXM5-80GB-spmv-fp32-cusparse-sell-nrows-default-13.4.1,cuSPARSE-CUDA-13.4.1-SELL-NROWS-DEFAULT,cuSPARSE CUDA 13.4.1 SELL-NROWS DEFAULT,sell-nrows-default,cusparse,candidate,,sell,spmv.csr.fp32,fp32,H100-SXM5-80GB,H100-SXM5-80GB,67000.0,9630d841-fbae-5247-8ae0-f8f392316afc,suitesparse_all,HB/pores_2,pores_2,1224,1224,9613,pass,19226.0,4.018543,0.00395039990544,4.86684904318784,0.007263953795802747,2026-10-07T03:42:42.714861+00:00,source
2,full-20261009-H100-SXM5-80GB-spmv-fp32-cusparse-sell-nrows-default-13.4.1,cuSPARSE-CUDA-13.4.1-SELL-NROWS-DEFAULT,cuSPARSE CUDA 13.4.1 SELL-NROWS DEFAULT,sell-nrows-default,cusparse,candidate,,sell,spmv.csr.fp32,fp32,H100-SXM5-80GB,H100-SXM5-80GB,67000.0,b507c62e-e8c4-5489-84fd-4bc66dd1e529,suitesparse_all,HB/psmigr_1,psmigr_1,3140,3140,543162,pass,1086324.0,49.193857,0.239696002007,4.532090610206654,0.006764314343592021,2026-10-07T08:03:28.656861+00:00,source
2,full-20261009-H100-SXM5-80GB-spmv-fp32-cusparse-sell-nrows-default-13.4.1,cuSPARSE-CUDA-13.4.1-SELL-NROWS-DEFAULT,cuSPARSE CUDA 13.4.1 SELL-NROWS DEFAULT,sell-nrows-default,cusparse,candidate,,sell,spmv.csr.fp32,fp32,H100-SXM5-80GB,H100-SXM5-80GB,67000.0,26cb3a9c-bd7d-5e51-9c99-6d49c0b2dba4,suitesparse_all,HB/rgg010,rgg010,10,10,76,pass,152.0,4.04665,0.00288960002363,0.052602435893204756,7.85110983480668e-05,2026-10-07T13:00:00.418773+00:00,source
2,full-20261009-H100-SXM5-80GB-spmv-fp32-cusparse-sell-nrows-default-13.4.1,cuSPARSE-CUDA-13.4.1-SELL-NROWS-DEFAULT,cuSPARSE CUDA 13.4.1 SELL-NROWS DEFAULT,sell-nrows-default,cusparse,candidate,,sell,spmv.csr.fp32,fp32,H100-SXM5-80GB,H100-SXM5-80GB,67000.0,6054a01d-2dc6-5795-9ae4-804d2647be74,suitesparse_all,HB/saylr1,saylr1,238,238,1128,pass,2256.0,7.116769,0.00280959997326,0.8029612832685026,0.0011984496765201531,2026-10-07T17:33:46.594797+00:00,source
2,full-20261009-H100-SXM5-80GB-spmv-fp32-cusparse-sell-nrows-default-13.4.1,cuSPARSE-CUDA-13.4.1-SELL-NROWS-DEFAULT,cuSPARSE CUDA 13.4.1 SELL-NROWS DEFAULT,sell-nrows-default,cusparse,candidate,,sell,spmv.csr.fp32,fp32,H100-SXM5-80GB,H100-SXM5-80GB,67000.0,c27d1d0a-dd52-58f0-bf45-e28eecb2fab1,suitesparse_all,HB/sherman1,sherman1,1000,1000,3750,pass,7500.0,4.470501,0.00322879999876,2.3228444012885054,0.0034669319422216496,2026-10-06T12:24:48.560377+00:00,source
2,full-20261009-H100-SXM5-80GB-spmv-fp32-cusparse-sell-nrows-default-13.4.1,cuSPARSE-CUDA-13.4.1-SELL-NROWS-DEFAULT,cuSPARSE CUDA 13.4.1 SELL-NROWS DEFAULT,sell-nrows-default,cusparse,candidate,,sell,spmv.csr.fp32,fp32,H100-SXM5-80GB,H100-SXM5-80GB,67000.0,1bbb760b-88a6-5cef-b074-0c4935b865f2,suitesparse_all,HB/sherman2,sherman2,1080,1080,23094,pass,46188.0,13.203894,0.00540160015225,8.550799522019545,0.012762387346297829,2026-10-06T19:03:25.601646+00:00,source
2,full-20261009-H100-SXM5-80GB-spmv-fp32-cusparse-sell-nrows-default-13.4.1,cuSPARSE-CUDA-13.4.1-SELL-NROWS-DEFAULT,cuSPARSE CUDA 13.4.1 SELL-NROWS DEFAULT,sell-nrows-default,cusparse,candidate,,sell,spmv.csr.fp32,fp32,H100-SXM5-80GB,H100-SXM5-80GB,67000.0,ca497226-ebef-56c9-ba00-9b037f2146f7,suitesparse_all,HB/sherman4,sherman4,1104,1104,3786,pass,7572.0,4.771776,0.00320320017636,2.363885983736597,0.0035281880354277565,2026-10-08T21:11:49.514080+00:00,source
2,full-20261009-H100-SXM5-80GB-spmv-fp32-cusparse-sell-nrows-default-13.4.1,cuSPARSE-CUDA-13.4.1-SELL-NROWS-DEFAULT,cuSPARSE CUDA 13.4.1 SELL-NROWS DEFAULT,sell-nrows-default,cusparse,candidate,,sell,spmv.csr.fp32,fp32,H100-SXM5-80GB,H100-SXM5-80GB,67000.0,9630d841-fbae-5247-8ae0-f8f392316afc,suitesparse_all,HB/shl_400,shl_400,663,663,1712,pass,3424.0,4.975414,0.0231968000531,0.1476065660850674,0.00022030830758965284,2026-10-07T03:42:43.128603+00:00,source
2,full-20261009-H100-SXM5-80GB-spmv-fp32-cusparse-sell-nrows-default-13.4.1,cuSPARSE-CUDA-13.4.1-SELL-NROWS-DEFAULT,cuSPARSE CUDA 13.4.1 SELL-NROWS DEFAULT,sell-nrows-default,cusparse,candidate,,sell,spmv.csr.fp32,fp32,H100-SXM5-80GB,H100-SXM5-80GB,67000.0,b507c62e-e8c4-5489-84fd-4bc66dd1e529,suitesparse_all,HB/steam1,steam1,240,240,3762,pass,7524.0,9.002722,0.00457919985056,1.6430818146274777,0.0024523609173544444,2026-10-07T08:03:29.171881+00:00,source
2,full-20261009-H100-SXM5-80GB-spmv-fp32-cusparse-sell-nrows-default-13.4.1,cuSPARSE-CUDA-13.4.1-SELL-NROWS-DEFAULT,cuSPARSE CUDA 13.4.1 SELL-NROWS DEFAULT,sell-nrows-default,cusparse,candidate,,sell,spmv.csr.fp32,fp32,H100-SXM5-80GB,H100-SXM5-80GB,67000.0,26cb3a9c-bd7d-5e51-9c99-6d49c0b2dba4,suitesparse_all,HB/str_0,str_0,363,363,2454,pass,4908.0,3.967701,0.00386720001698,1.2691352861114198,0.0018942317703155521,2026-10-07T13:00:00.775139+00:00,source
2,full-20261009-H100-SXM5-80GB-spmv-fp32-cusparse-sell-nrows-default-13.4.1,cuSPARSE-CUDA-13.4.1-SELL-NROWS-DEFAULT,cuSPARSE CUDA 13.4.1 SELL-NROWS DEFAULT,sell-nrows-default,cusparse,candidate,,sell,spmv.csr.fp32,fp32,H100-SXM5-80GB,H100-SXM5-80GB,67000.0,6054a01d-2dc6-5795-9ae4-804d2647be74,suitesparse_all,HB/str_200,str_200,363,363,3068,pass,6136.0,7.306396,0.00356319993734,1.722047627947773,0.0025702203402205564,2026-10-07T17:33:47.084461+00:00,source
2,full-20261009-H100-SXM5-80GB-spmv-fp32-cusparse-sell-nrows-default-13.4.1,cuSPARSE-CUDA-13.4.1-SELL-NROWS-DEFAULT,cuSPARSE CUDA 13.4.1 SELL-NROWS DEFAULT,sell-nrows-default,cusparse,candidate,,sell,spmv.csr.fp32,fp32,H100-SXM5-80GB,H100-SXM5-80GB,67000.0,c27d1d0a-dd52-58f0-bf45-e28eecb2fab1,suitesparse_all,HB/watt_1,watt_1,1856,1856,11360,pass,22720.0,5.63972,0.00288479998708,7.875762653131882,0.011754869631540122,2026-10-06T12:24:49.399691+00:00,source
2,full-20261009-H100-SXM5-80GB-spmv-fp32-cusparse-sell-nrows-default-13.4.1,cuSPARSE-CUDA-13.4.1-SELL-NROWS-DEFAULT,cuSPARSE CUDA 13.4.1 SELL-NROWS DEFAULT,sell-nrows-default,cusparse,candidate,,sell,spmv.csr.fp32,fp32,H100-SXM5-80GB,H100-SXM5-80GB,67000.0,1bbb760b-88a6-5cef-b074-0c4935b865f2,suitesparse_all,HB/watt_2,watt_2,1856,1856,11550,pass,23100.0,9.048754,0.0105264000595,2.194482431736234,0.0032753469130391553,2026-10-06T19:03:26.135771+00:00,source
2,full-20261009-H100-SXM5-80GB-spmv-fp32-cusparse-sell-nrows-default-13.4.1,cuSPARSE-CUDA-13.4.1-SELL-NROWS-DEFAULT,cuSPARSE CUDA 13.4.1 SELL-NROWS DEFAULT,sell-nrows-default,cusparse,candidate,,sell,spmv.csr.fp32,fp32,H100-SXM5-80GB,H100-SXM5-80GB,67000.0,ca497226-ebef-56c9-ba00-9b037f2146f7,suitesparse_all,HB/well1850,well1850,1850,712,8758,pass,17516.0,4.975325,0.00307839997113,5.689968868330756,0.00849249084825486,2026-10-08T21:11:49.902544+00:00,source
2,full-20261009-H100-SXM5-80GB-spmv-fp32-cusparse-sell-nrows-default-13.4.1,cuSPARSE-CUDA-13.4.1-SELL-NROWS-DEFAULT,cuSPARSE CUDA 13.4.1 SELL-NROWS DEFAULT,sell-nrows-default,cusparse,candidate,,sell,spmv.csr.fp32,fp32,H100-SXM5-80GB,H100-SXM5-80GB,67000.0,9630d841-fbae-5247-8ae0-f8f392316afc,suitesparse_all,HB/west0167,west0167,167,167,507,pass,1014.0,5.198151,0.00294240005314,0.34461663325417075,0.0005143531839614489,2026-10-07T03:42:43.723743+00:00,source
2,full-20261009-H100-SXM5-80GB-spmv-fp32-cusparse-sell-nrows-default-13.4.1,cuSPARSE-CUDA-13.4.1-SELL-NROWS-DEFAULT,cuSPARSE CUDA 13.4.1 SELL-NROWS DEFAULT,sell-nrows-default,cusparse,candidate,,sell,spmv.csr.fp32,fp32,H100-SXM5-80GB,H100-SXM5-80GB,67000.0,b507c62e-e8c4-5489-84fd-4bc66dd1e529,suitesparse_all,HB/west0479,west0479,479,479,1910,pass,3820.0,9.004276,0.00312319993973,1.2231045317995999,0.0018255291519397013,2026-10-07T08:03:29.687510+00:00,source
2,full-20261009-H100-SXM5-80GB-spmv-fp32-cusparse-sell-nrows-default-13.4.1,cuSPARSE-CUDA-13.4.1-SELL-NROWS-DEFAULT,cuSPARSE CUDA 13.4.1 SELL-NROWS DEFAULT,sell-nrows-default,cusparse,candidate,,sell,spmv.csr.fp32,fp32,H100-SXM5-80GB,H100-SXM5-80GB,67000.0,26cb3a9c-bd7d-5e51-9c99-6d49c0b2dba4,suitesparse_all,HB/west0989,west0989,989,989,3537,pass,7074.0,3.969994,0.00304000005126,2.326973644973464,0.003473094992497708,2026-10-07T13:00:01.137852+00:00,source
2,full-20261009-H100-SXM5-80GB-spmv-fp32-cusparse-sell-nrows-default-13.4.1,cuSPARSE-CUDA-13.4.1-SELL-NROWS-DEFAULT,cuSPARSE CUDA 13.4.1 SELL-NROWS DEFAULT,sell-nrows-default,cusparse,candidate,,sell,spmv.csr.fp32,fp32,H100-SXM5-80GB,H100-SXM5-80GB,67000.0,6054a01d-2dc6-5795-9ae4-804d2647be74,suitesparse_all,HB/west1505,west1505,1505,1505,5445,pass,10890.0,7.131699,0.00311840008944,3.4921753744419686,0.005212202051405924,2026-10-07T17:33:47.587677+00:00,source
2,full-20261009-H100-SXM5-80GB-spmv-fp32-cusparse-sell-nrows-default-13.4.1,cuSPARSE-CUDA-13.4.1-SELL-NROWS-DEFAULT,cuSPARSE CUDA 13.4.1 SELL-NROWS DEFAULT,sell-nrows-default,cusparse,candidate,,sell,spmv.csr.fp32,fp32,H100-SXM5-80GB,H100-SXM5-80GB,67000.0,c27d1d0a-dd52-58f0-bf45-e28eecb2fab1,suitesparse_all,HB/will57,will57,57,57,281,pass,562.0,5.539275,0.00292479991913,0.19214989590370696,0.00028679088940851785,2026-10-06T12:24:50.255990+00:00,source
2,full-20261009-H100-SXM5-80GB-spmv-fp32-cusparse-sell-nrows-default-13.4.1,cuSPARSE-CUDA-13.4.1-SELL-NROWS-DEFAULT,cuSPARSE CUDA 13.4.1 SELL-NROWS DEFAULT,sell-nrows-default,cusparse,candidate,,sell,spmv.csr.fp32,fp32,H100-SXM5-80GB,H100-SXM5-80GB,67000.0,1bbb760b-88a6-5cef-b074-0c4935b865f2,suitesparse_all,HB/wm1,wm1,207,277,2909,pass,5818.0,6.890319,0.00703520029783,0.8269842724726054,0.0012343048842874708,2026-10-06T19:03:26.656218+00:00,source
2,full-20261009-H100-SXM5-80GB-spmv-fp32-cusparse-sell-nrows-default-13.4.1,cuSPARSE-CUDA-13.4.1-SELL-NROWS-DEFAULT,cuSPARSE CUDA 13.4.1 SELL-NROWS DEFAULT,sell-nrows-default,cusparse,candidate,,sell,spmv.csr.fp32,fp32,H100-SXM5-80GB,H100-SXM5-80GB,67000.0,ca497226-ebef-56c9-ba00-9b037f2146f7,suitesparse_all,HB/wm3,wm3,207,260,2948,pass,5896.0,4.807732,0.00610079988837,0.9664306497316179,0.0014424338055695788,2026-10-08T21:11:50.265369+00:00,source
2,full-20261009-H100-SXM5-80GB-spmv-fp32-cusparse-sell-nrows-default-13.4.1,cuSPARSE-CUDA-13.4.1-SELL-NROWS-DEFAULT,cuSPARSE CUDA 13.4.1 SELL-NROWS DEFAULT,sell-nrows-default,cusparse,candidate,,sell,spmv.csr.fp32,fp32,H100-SXM5-80GB,H100-SXM5-80GB,67000.0,9630d841-fbae-5247-8ae0-f8f392316afc,suitesparse_all,HB/young4c,young4c,841,841,4089,pass,8178.0,15.608581,0.00294560007751,2.776344304999169,0.004143797470148014,2026-10-07T03:42:44.294210+00:00,source
2,full-20261009-H100-SXM5-80GB-spmv-fp32-cusparse-sell-nrows-default-13.4.1,cuSPARSE-CUDA-13.4.1-SELL-NROWS-DEFAULT,cuSPARSE CUDA 13.4.1 SELL-NROWS DEFAULT,sell-nrows-default,cusparse,candidate,,sell,spmv.csr.fp32,fp32,H100-SXM5-80GB,H100-SXM5-80GB,67000.0,c27d1d0a-dd52-58f0-bf45-e28eecb2fab1,suitesparse_all,HVDC/hvdc1,hvdc1,24842,24842,159981,pass,319962.0,27.90054,0.020241600275,15.807149417686048,0.023592760324904552,2026-10-06T12:27:33.675863+00:00,source
2,full-20261009-H100-SXM5-80GB-spmv-fp32-cusparse-sell-nrows-default-13.4.1,cuSPARSE-CUDA-13.4.1-SELL-NROWS-DEFAULT,cuSPARSE CUDA 13.4.1 SELL-NROWS DEFAULT,sell-nrows-default,cusparse,candidate,,sell,spmv.csr.fp32,fp32,H100-SXM5-80GB,H100-SXM5-80GB,67000.0,1bbb760b-88a6-5cef-b074-0c4935b865f2,suitesparse_all,HVDC/hvdc2,hvdc2,189860,189860,1347273,pass,2694546.0,58.176463,0.0351359993219,76.6890383652902,0.11446125129147791,2026-10-06T19:06:10.465313+00:00,source
2,full-20261009-H100-SXM5-80GB-spmv-fp32-cusparse-sell-nrows-default-13.4.1,cuSPARSE-CUDA-13.4.1-SELL-NROWS-DEFAULT,cuSPARSE CUDA 13.4.1 SELL-NROWS DEFAULT,sell-nrows-default,cusparse,candidate,,sell,spmv.csr.fp32,fp32,H100-SXM5-80GB,H100-SXM5-80GB,67000.0,b507c62e-e8c4-5489-84fd-4bc66dd1e529,suitesparse_all,Hamm/add20,add20,2395,2395,17319,pass,34638.0,9.144007,0.0107632003725,3.218187788132252,0.0048032653554212715,2026-10-07T08:03:39.215322+00:00,source
2,full-20261009-H100-SXM5-80GB-spmv-fp32-cusparse-sell-nrows-default-13.4.1,cuSPARSE-CUDA-13.4.1-SELL-NROWS-DEFAULT,cuSPARSE CUDA 13.4.1 SELL-NROWS DEFAULT,sell-nrows-default,cusparse,candidate,,sell,spmv.csr.fp32,fp32,H100-SXM5-80GB,H100-SXM5-80GB,67000.0,26cb3a9c-bd7d-5e51-9c99-6d49c0b2dba4,suitesparse_all,Hamm/hcircuit,hcircuit,105676,105676,513072,pass,1026144.0,625.988881,0.491478395462,2.0878720396964816,0.003116226924920122,2026-10-07T13:00:10.640225+00:00,source
2,full-20261009-H100-SXM5-80GB-spmv-fp32-cusparse-sell-nrows-default-13.4.1,cuSPARSE-CUDA-13.4.1-SELL-NROWS-DEFAULT,cuSPARSE CUDA 13.4.1 SELL-NROWS DEFAULT,sell-nrows-default,cusparse,candidate,,sell,spmv.csr.fp32,fp32,H100-SXM5-80GB,H100-SXM5-80GB,67000.0,6054a01d-2dc6-5795-9ae4-804d2647be74,suitesparse_all,Hamm/memplus,memplus,17758,17758,126150,pass,252300.0,55.562443,0.0474559992552,5.316503792138656,0.007935080286774114,2026-10-07T17:33:59.235440+00:00,source
2,full-20261009-H100-SXM5-80GB-spmv-fp32-cusparse-sell-nrows-default-13.4.1,cuSPARSE-CUDA-13.4.1-SELL-NROWS-DEFAULT,cuSPARSE CUDA 13.4.1 SELL-NROWS DEFAULT,sell-nrows-default,cusparse,candidate,,sell,spmv.csr.fp32,fp32,H100-SXM5-80GB,H100-SXM5-80GB,67000.0,6054a01d-2dc6-5795-9ae4-804d2647be74,suitesparse_all,Hamrle/Hamrle1,Hamrle1,32,32,98,pass,196.0,7.574744,0.00298399999738,0.06568364617027184,9.80352927914505e-05,2026-10-07T17:35:03.017193+00:00,source
2,full-20261009-H100-SXM5-80GB-spmv-fp32-cusparse-sell-nrows-default-13.4.1,cuSPARSE-CUDA-13.4.1-SELL-NROWS-DEFAULT,cuSPARSE CUDA 13.4.1 SELL-NROWS DEFAULT,sell-nrows-default,cusparse,candidate,,sell,spmv.csr.fp32,fp32,H100-SXM5-80GB,H100-SXM5-80GB,67000.0,6054a01d-2dc6-5795-9ae4-804d2647be74,suitesparse_all,Hardesty/Hardesty1,Hardesty1,938905,938905,12143314,pass,24286628.0,80.33178,0.0401439994574,604.9877522983846,0.9029667944752009,2026-10-07T17:42:06.478019+00:00,source
2,full-20261009-H100-SXM5-80GB-spmv-fp32-cusparse-sell-nrows-default-13.4.1,cuSPARSE-CUDA-13.4.1-SELL-NROWS-DEFAULT,cuSPARSE CUDA 13.4.1 SELL-NROWS DEFAULT,sell-nrows-default,cusparse,candidate,,sell,spmv.csr.fp32,fp32,H100-SXM5-80GB,H100-SXM5-80GB,67000.0,ca497226-ebef-56c9-ba00-9b037f2146f7,suitesparse_all,Harvard_Seismology/JP,JP,87616,67320,13734559,pass,27469118.0,255.616436,0.10802719593,254.27965396602144,0.37952187159107675,2026-10-08T21:22:35.064187+00:00,source
2,full-20261009-H100-SXM5-80GB-spmv-fp32-cusparse-sell-nrows-default-13.4.1,cuSPARSE-CUDA-13.4.1-SELL-NROWS-DEFAULT,cuSPARSE CUDA 13.4.1 SELL-NROWS DEFAULT,sell-nrows-default,cusparse,candidate,,sell,spmv.csr.fp32,fp32,H100-SXM5-80GB,H100-SXM5-80GB,67000.0,ca497226-ebef-56c9-ba00-9b037f2146f7,suitesparse_all,Hohn/fd12,fd12,7500,7500,28462,pass,56924.0,5.261786,0.00322239995003,17.665094613556597,0.026365812856054622,2026-10-08T21:12:21.150180+00:00,source
2,full-20261009-H100-SXM5-80GB-spmv-fp32-cusparse-sell-nrows-default-13.4.1,cuSPARSE-CUDA-13.4.1-SELL-NROWS-DEFAULT,cuSPARSE CUDA 13.4.1 SELL-NROWS DEFAULT,sell-nrows-default,cusparse,candidate,,sell,spmv.csr.fp32,fp32,H100-SXM5-80GB,H100-SXM5-80GB,67000.0,9630d841-fbae-5247-8ae0-f8f392316afc,suitesparse_all,Hohn/sinc15,sinc15,11532,11532,568526,pass,1137052.0,12.817644,0.0103519998491,109.83887331672007,0.16393861689062697,2026-10-07T03:43:11.404425+00:00,source
2,full-20261009-H100-SXM5-80GB-spmv-fp32-cusparse-sell-nrows-default-13.4.1,cuSPARSE-CUDA-13.4.1-SELL-NROWS-DEFAULT,cuSPARSE CUDA 13.4.1 SELL-NROWS DEFAULT,sell-nrows-default,cusparse,candidate,,sell,spmv.csr.fp32,fp32,H100-SXM5-80GB,H100-SXM5-80GB,67000.0,c27d1d0a-dd52-58f0-bf45-e28eecb2fab1,suitesparse_all,Hollinger/g7jac010sc,g7jac010sc,2880,2880,19635,pass,39270.0,4.432278,0.00512639991939,7.66034656240257,0.011433353078212792,2026-10-06T12:24:59.566229+00:00,source
2,full-20261009-H100-SXM5-80GB-spmv-fp32-cusparse-sell-nrows-default-13.4.1,cuSPARSE-CUDA-13.4.1-SELL-NROWS-DEFAULT,cuSPARSE CUDA 13.4.1 SELL-NROWS DEFAULT,sell-nrows-default,cusparse,candidate,,sell,spmv.csr.fp32,fp32,H100-SXM5-80GB,H100-SXM5-80GB,67000.0,1bbb760b-88a6-5cef-b074-0c4935b865f2,suitesparse_all,Hollinger/g7jac020,g7jac020,5850,5850,45465,pass,90930.0,9.153358,0.00698399990797,13.01975962173661,0.019432477047368075,2026-10-06T19:03:36.833809+00:00,source
2,full-20261009-H100-SXM5-80GB-spmv-fp32-cusparse-sell-nrows-default-13.4.1,cuSPARSE-CUDA-13.4.1-SELL-NROWS-DEFAULT,cuSPARSE CUDA 13.4.1 SELL-NROWS DEFAULT,sell-nrows-default,cusparse,candidate,,sell,spmv.csr.fp32,fp32,H100-SXM5-80GB,H100-SXM5-80GB,67000.0,ca497226-ebef-56c9-ba00-9b037f2146f7,suitesparse_all,Hollinger/g7jac040,g7jac040,11790,11790,114671,pass,229342.0,14.077662,0.0136240005493,16.833675187409145,0.02512488833941663,2026-10-08T21:12:03.125976+00:00,source
2,full-20261009-H100-SXM5-80GB-spmv-fp32-cusparse-sell-nrows-default-13.4.1,cuSPARSE-CUDA-13.4.1-SELL-NROWS-DEFAULT,cuSPARSE CUDA 13.4.1 SELL-NROWS DEFAULT,sell-nrows-default,cusparse,candidate,,sell,spmv.csr.fp32,fp32,H100-SXM5-80GB,H100-SXM5-80GB,67000.0,9630d841-fbae-5247-8ae0-f8f392316afc,suitesparse_all,Hollinger/g7jac060sc,g7jac060sc,17730,17730,203316,pass,406632.0,27.586818,0.0118607997894,34.28369142217603,0.05116968868981496,2026-10-07T03:42:57.197385+00:00,source
2,full-20261009-H100-SXM5-80GB-spmv-fp32-cusparse-sell-nrows-default-13.4.1,cuSPARSE-CUDA-13.4.1-SELL-NROWS-DEFAULT,cuSPARSE CUDA 13.4.1 SELL-NROWS DEFAULT,sell-nrows-default,cusparse,candidate,,sell,spmv.csr.fp32,fp32,H100-SXM5-80GB,H100-SXM5-80GB,67000.0,b507c62e-e8c4-5489-84fd-4bc66dd1e529,suitesparse_all,Hollinger/g7jac080sc,g7jac080sc,23670,23670,293976,pass,587952.0,25.12742,0.018257600069,32.20313720193145,0.04806438388347977,2026-10-07T08:03:39.990747+00:00,source
2,full-20261009-H100-SXM5-80GB-spmv-fp32-cusparse-sell-nrows-default-13.4.1,cuSPARSE-CUDA-13.4.1-SELL-NROWS-DEFAULT,cuSPARSE CUDA 13.4.1 SELL-NROWS DEFAULT,sell-nrows-default,cusparse,candidate,,sell,spmv.csr.fp32,fp32,H100-SXM5-80GB,H100-SXM5-80GB,67000.0,26cb3a9c-bd7d-5e51-9c99-6d49c0b2dba4,suitesparse_all,Hollinger/g7jac120,g7jac120,35550,35550,475296,pass,950592.0,31.397175,0.0219615995884,43.28427882375642,0.0646034012294872,2026-10-07T13:00:11.429845+00:00,source
2,full-20261009-H100-SXM5-80GB-spmv-fp32-cusparse-sell-nrows-default-13.4.1,cuSPARSE-CUDA-13.4.1-SELL-NROWS-DEFAULT,cuSPARSE CUDA 13.4.1 SELL-NROWS DEFAULT,sell-nrows-default,cusparse,candidate,,sell,spmv.csr.fp32,fp32,H100-SXM5-80GB,H100-SXM5-80GB,67000.0,6054a01d-2dc6-5795-9ae4-804d2647be74,suitesparse_all,Hollinger/g7jac120sc,g7jac120sc,35550,35550,475296,pass,950592.0,36.081205,0.019793599844,48.0252206517225,0.07167943380854104,2026-10-07T17:34:00.124615+00:00,source
2,full-20261009-H100-SXM5-80GB-spmv-fp32-cusparse-sell-nrows-default-13.4.1,cuSPARSE-CUDA-13.4.1-SELL-NROWS-DEFAULT,cuSPARSE CUDA 13.4.1 SELL-NROWS DEFAULT,sell-nrows-default,cusparse,candidate,,sell,spmv.csr.fp32,fp32,H100-SXM5-80GB,H100-SXM5-80GB,67000.0,c27d1d0a-dd52-58f0-bf45-e28eecb2fab1,suitesparse_all,Hollinger/g7jac160,g7jac160,47430,47430,656616,pass,1313232.0,47.960521,0.0267311990261,49.12731369504888,0.07332434879858042,2026-10-06T12:25:00.497900+00:00,source
2,full-20261009-H100-SXM5-80GB-spmv-fp32-cusparse-sell-nrows-default-13.4.1,cuSPARSE-CUDA-13.4.1-SELL-NROWS-DEFAULT,cuSPARSE CUDA 13.4.1 SELL-NROWS DEFAULT,sell-nrows-default,cusparse,candidate,,sell,spmv.csr.fp32,fp32,H100-SXM5-80GB,H100-SXM5-80GB,67000.0,1bbb760b-88a6-5cef-b074-0c4935b865f2,suitesparse_all,Hollinger/g7jac160sc,g7jac160sc,47430,47430,656616,pass,1313232.0,43.455415,0.0268559992313,48.899018379083834,0.07298360952102065,2026-10-06T19:03:37.914750+00:00,source
2,full-20261009-H100-SXM5-80GB-spmv-fp32-cusparse-sell-nrows-default-13.4.1,cuSPARSE-CUDA-13.4.1-SELL-NROWS-DEFAULT,cuSPARSE CUDA 13.4.1 SELL-NROWS DEFAULT,sell-nrows-default,cusparse,candidate,,sell,spmv.csr.fp32,fp32,H100-SXM5-80GB,H100-SXM5-80GB,67000.0,ca497226-ebef-56c9-ba00-9b037f2146f7,suitesparse_all,Hollinger/g7jac180sc,g7jac180sc,53370,53370,747276,pass,1494552.0,52.428542,0.0294975996017,50.666902398182465,0.07562224238534697,2026-10-08T21:12:04.387856+00:00,source
2,full-20261009-H100-SXM5-80GB-spmv-fp32-cusparse-sell-nrows-default-13.4.1,cuSPARSE-CUDA-13.4.1-SELL-NROWS-DEFAULT,cuSPARSE CUDA 13.4.1 SELL-NROWS DEFAULT,sell-nrows-default,cusparse,candidate,,sell,spmv.csr.fp32,fp32,H100-SXM5-80GB,H100-SXM5-80GB,67000.0,9630d841-fbae-5247-8ae0-f8f392316afc,suitesparse_all,Hollinger/jan99jac020sc,jan99jac020sc,6774,6774,38692,pass,77384.0,14.913354,0.00631999969482,12.244304388721016,0.018275081177195545,2026-10-07T03:42:57.589710+00:00,source
2,full-20261009-H100-SXM5-80GB-spmv-fp32-cusparse-sell-nrows-default-13.4.1,cuSPARSE-CUDA-13.4.1-SELL-NROWS-DEFAULT,cuSPARSE CUDA 13.4.1 SELL-NROWS DEFAULT,sell-nrows-default,cusparse,candidate,,sell,spmv.csr.fp32,fp32,H100-SXM5-80GB,H100-SXM5-80GB,67000.0,b507c62e-e8c4-5489-84fd-4bc66dd1e529,suitesparse_all,Hollinger/jan99jac040sc,jan99jac040sc,13694,13694,82842,pass,165684.0,12.265198,0.0087567999959,18.920610277450038,0.02823971683201498,2026-10-07T08:03:40.567821+00:00,source
2,full-20261009-H100-SXM5-80GB-spmv-fp32-cusparse-sell-nrows-default-13.4.1,cuSPARSE-CUDA-13.4.1-SELL-NROWS-DEFAULT,cuSPARSE CUDA 13.4.1 SELL-NROWS DEFAULT,sell-nrows-default,cusparse,candidate,,sell,spmv.csr.fp32,fp32,H100-SXM5-80GB,H100-SXM5-80GB,67000.0,26cb3a9c-bd7d-5e51-9c99-6d49c0b2dba4,suitesparse_all,Hollinger/jan99jac080,jan99jac080,27534,27534,171522,pass,343044.0,13.269975,0.00693600028753,49.45847545836283,0.0738186200871087,2026-10-07T13:00:11.913465+00:00,source
2,full-20261009-H100-SXM5-80GB-spmv-fp32-cusparse-sell-nrows-default-13.4.1,cuSPARSE-CUDA-13.4.1-SELL-NROWS-DEFAULT,cuSPARSE CUDA 13.4.1 SELL-NROWS DEFAULT,sell-nrows-default,cusparse,candidate,,sell,spmv.csr.fp32,fp32,H100-SXM5-80GB,H100-SXM5-80GB,67000.0,6054a01d-2dc6-5795-9ae4-804d2647be74,suitesparse_all,Hollinger/jan99jac080sc,jan99jac080sc,27534,27534,171522,pass,343044.0,16.334235,0.00724639967084,47.33992266261991,0.07065660098898494,2026-10-07T17:34:00.748094+00:00,source
2,full-20261009-H100-SXM5-80GB-spmv-fp32-cusparse-sell-nrows-default-13.4.1,cuSPARSE-CUDA-13.4.1-SELL-NROWS-DEFAULT,cuSPARSE CUDA 13.4.1 SELL-NROWS DEFAULT,sell-nrows-default,cusparse,candidate,,sell,spmv.csr.fp32,fp32,H100-SXM5-80GB,H100-SXM5-80GB,67000.0,c27d1d0a-dd52-58f0-bf45-e28eecb2fab1,suitesparse_all,Hollinger/jan99jac120,jan99jac120,41374,41374,260202,pass,520404.0,18.930983,0.0122784003615,42.38369695386154,0.06325924918486797,2026-10-06T12:25:01.059230+00:00,source
2,full-20261009-H100-SXM5-80GB-spmv-fp32-cusparse-sell-nrows-default-13.4.1,cuSPARSE-CUDA-13.4.1-SELL-NROWS-DEFAULT,cuSPARSE CUDA 13.4.1 SELL-NROWS DEFAULT,sell-nrows-default,cusparse,candidate,,sell,spmv.csr.fp32,fp32,H100-SXM5-80GB,H100-SXM5-80GB,67000.0,1bbb760b-88a6-5cef-b074-0c4935b865f2,suitesparse_all,Hollinger/jan99jac120sc,jan99jac120sc,41374,41374,260202,pass,520404.0,20.127872,0.0130640000105,39.8349662876403,0.05945517356364224,2026-10-06T19:03:38.597141+00:00,source
2,full-20261009-H100-SXM5-80GB-spmv-fp32-cusparse-sell-nrows-default-13.4.1,cuSPARSE-CUDA-13.4.1-SELL-NROWS-DEFAULT,cuSPARSE CUDA 13.4.1 SELL-NROWS DEFAULT,sell-nrows-default,cusparse,candidate,,sell,spmv.csr.fp32,fp32,H100-SXM5-80GB,H100-SXM5-80GB,67000.0,ca497226-ebef-56c9-ba00-9b037f2146f7,suitesparse_all,Hollinger/mark3jac020sc,mark3jac020sc,9129,9129,56175,pass,112350.0,8.905366,0.00541119985282,20.762493172646316,0.03098879578006913,2026-10-08T21:12:05.071740+00:00,source
2,full-20261009-H100-SXM5-80GB-spmv-fp32-cusparse-sell-nrows-default-13.4.1,cuSPARSE-CUDA-13.4.1-SELL-NROWS-DEFAULT,cuSPARSE CUDA 13.4.1 SELL-NROWS DEFAULT,sell-nrows-default,cusparse,candidate,,sell,spmv.csr.fp32,fp32,H100-SXM5-80GB,H100-SXM5-80GB,67000.0,9630d841-fbae-5247-8ae0-f8f392316afc,suitesparse_all,Hollinger/mark3jac060sc,mark3jac060sc,27449,27449,170695,pass,341390.0,9.583208,0.0052976001054,64.44238772420952,0.09618266824508884,2026-10-07T03:42:58.070733+00:00,source
2,full-20261009-H100-SXM5-80GB-spmv-fp32-cusparse-sell-nrows-default-13.4.1,cuSPARSE-CUDA-13.4.1-SELL-NROWS-DEFAULT,cuSPARSE CUDA 13.4.1 SELL-NROWS DEFAULT,sell-nrows-default,cusparse,candidate,,sell,spmv.csr.fp32,fp32,H100-SXM5-80GB,H100-SXM5-80GB,67000.0,b507c62e-e8c4-5489-84fd-4bc66dd1e529,suitesparse_all,Hollinger/mark3jac080sc,mark3jac080sc,36609,36609,227955,pass,455910.0,14.477967,0.00825280025601,55.24306730530514,0.08245233926164947,2026-10-07T08:03:41.251335+00:00,source
2,full-20261009-H100-SXM5-80GB-spmv-fp32-cusparse-sell-nrows-default-13.4.1,cuSPARSE-CUDA-13.4.1-SELL-NROWS-DEFAULT,cuSPARSE CUDA 13.4.1 SELL-NROWS DEFAULT,sell-nrows-default,cusparse,candidate,,sell,spmv.csr.fp32,fp32,H100-SXM5-80GB,H100-SXM5-80GB,67000.0,26cb3a9c-bd7d-5e51-9c99-6d49c0b2dba4,suitesparse_all,Hollinger/mark3jac120,mark3jac120,54929,54929,342475,pass,684950.0,15.883585,0.00688799992204,99.44105803606634,0.14841948960606915,2026-10-07T13:00:12.573395+00:00,source
2,full-20261009-H100-SXM5-80GB-spmv-fp32-cusparse-sell-nrows-default-13.4.1,cuSPARSE-CUDA-13.4.1-SELL-NROWS-DEFAULT,cuSPARSE CUDA 13.4.1 SELL-NROWS DEFAULT,sell-nrows-default,cusparse,candidate,,sell,spmv.csr.fp32,fp32,H100-SXM5-80GB,H100-SXM5-80GB,67000.0,6054a01d-2dc6-5795-9ae4-804d2647be74,suitesparse_all,Hollinger/mark3jac120sc,mark3jac120sc,54929,54929,342475,pass,684950.0,19.925952,0.00652159973979,105.02791145260562,0.15675807679493375,2026-10-07T17:34:01.628369+00:00,source
2,full-20261009-H100-SXM5-80GB-spmv-fp32-cusparse-sell-nrows-default-13.4.1,cuSPARSE-CUDA-13.4.1-SELL-NROWS-DEFAULT,cuSPARSE CUDA 13.4.1 SELL-NROWS DEFAULT,sell-nrows-default,cusparse,candidate,,sell,spmv.csr.fp32,fp32,H100-SXM5-80GB,H100-SXM5-80GB,67000.0,6054a01d-2dc6-5795-9ae4-804d2647be74,suitesparse_all,IBM_Austin/coupled,coupled,11341,11341,98523,pass,197046.0,170.469154,0.227718400955,0.8653055667597926,0.0012915008459101383,2026-10-07T17:35:02.528667+00:00,source
2,full-20261009-H100-SXM5-80GB-spmv-fp32-cusparse-sell-nrows-default-13.4.1,cuSPARSE-CUDA-13.4.1-SELL-NROWS-DEFAULT,cuSPARSE CUDA 13.4.1 SELL-NROWS DEFAULT,sell-nrows-default,cusparse,candidate,,sell,spmv.csr.fp32,fp32,H100-SXM5-80GB,H100-SXM5-80GB,67000.0,ca497226-ebef-56c9-ba00-9b037f2146f7,suitesparse_all,IBM_EDA/ckt11752_dc_1,ckt11752_dc_1,49702,49702,333029,pass,666058.0,665.230406,0.767219209671,0.8681456246196181,0.001295739738238236,2026-10-08T21:13:14.195197+00:00,source
2,full-20261009-H100-SXM5-80GB-spmv-fp32-cusparse-sell-nrows-default-13.4.1,cuSPARSE-CUDA-13.4.1-SELL-NROWS-DEFAULT,cuSPARSE CUDA 13.4.1 SELL-NROWS DEFAULT,sell-nrows-default,cusparse,candidate,,sell,spmv.csr.fp32,fp32,H100-SXM5-80GB,H100-SXM5-80GB,67000.0,9630d841-fbae-5247-8ae0-f8f392316afc,suitesparse_all,IBM_EDA/dc2,dc2,116835,116835,766396,fail,1532792.0,0.0,0.0,0.0,0.0,2026-10-07T03:43:35.704244+00:00,source
2,full-20261009-H100-SXM5-80GB-spmv-fp32-cusparse-sell-nrows-default-13.4.1,cuSPARSE-CUDA-13.4.1-SELL-NROWS-DEFAULT,cuSPARSE CUDA 13.4.1 SELL-NROWS DEFAULT,sell-nrows-default,cusparse,candidate,,sell,spmv.csr.fp32,fp32,H100-SXM5-80GB,H100-SXM5-80GB,67000.0,b507c62e-e8c4-5489-84fd-4bc66dd1e529,suitesparse_all,IBM_EDA/trans4,trans4,116835,116835,749800,fail,1499600.0,0.0,0.0,0.0,0.0,2026-10-07T08:04:55.770337+00:00,source
2,full-20261009-H100-SXM5-80GB-spmv-fp32-cusparse-sell-nrows-default-13.4.1,cuSPARSE-CUDA-13.4.1-SELL-NROWS-DEFAULT,cuSPARSE CUDA 13.4.1 SELL-NROWS DEFAULT,sell-nrows-default,cusparse,candidate,,sell,spmv.csr.fp32,fp32,H100-SXM5-80GB,H100-SXM5-80GB,67000.0,9630d841-fbae-5247-8ae0-f8f392316afc,suitesparse_all,IPSO/OPF_3754,OPF_3754,15435,15435,158273,pass,316546.0,15.074216,0.00608800016344,51.995070877451646,0.07760458339918157,2026-10-07T03:46:07.512076+00:00,source
2,full-20261009-H100-SXM5-80GB-spmv-fp32-cusparse-sell-nrows-default-13.4.1,cuSPARSE-CUDA-13.4.1-SELL-NROWS-DEFAULT,cuSPARSE CUDA 13.4.1 SELL-NROWS DEFAULT,sell-nrows-default,cusparse,candidate,,sell,spmv.csr.fp32,fp32,H100-SXM5-80GB,H100-SXM5-80GB,67000.0,b507c62e-e8c4-5489-84fd-4bc66dd1e529,suitesparse_all,IPSO/TSC_OPF_1047,TSC_OPF_1047,8140,8140,2016902,pass,4033804.0,65.656849,0.105871999264,38.10076345060226,0.056866811120301876,2026-10-07T08:08:05.828499+00:00,source
2,full-20261009-H100-SXM5-80GB-spmv-fp32-cusparse-sell-nrows-default-13.4.1,cuSPARSE-CUDA-13.4.1-SELL-NROWS-DEFAULT,cuSPARSE CUDA 13.4.1 SELL-NROWS DEFAULT,sell-nrows-default,cusparse,candidate,,sell,spmv.csr.fp32,fp32,H100-SXM5-80GB,H100-SXM5-80GB,67000.0,c27d1d0a-dd52-58f0-bf45-e28eecb2fab1,suitesparse_all,JGD_BIBD/bibd_11_5,bibd_11_5,55,462,4620,pass,9240.0,8.616886,0.00604319982231,1.5289913078644535,0.0022820765789021693,2026-10-06T12:27:39.477313+00:00,source
2,full-20261009-H100-SXM5-80GB-spmv-fp32-cusparse-sell-nrows-default-13.4.1,cuSPARSE-CUDA-13.4.1-SELL-NROWS-DEFAULT,cuSPARSE CUDA 13.4.1 SELL-NROWS DEFAULT,sell-nrows-default,cusparse,candidate,,sell,spmv.csr.fp32,fp32,H100-SXM5-80GB,H100-SXM5-80GB,67000.0,1bbb760b-88a6-5cef-b074-0c4935b865f2,suitesparse_all,JGD_BIBD/bibd_12_4,bibd_12_4,66,495,2970,pass,5940.0,8.951236,0.00508960001171,1.1670858193833356,0.0017419191334079637,2026-10-06T19:06:12.138198+00:00,source
2,full-20261009-H100-SXM5-80GB-spmv-fp32-cusparse-sell-nrows-default-13.4.1,cuSPARSE-CUDA-13.4.1-SELL-NROWS-DEFAULT,cuSPARSE CUDA 13.4.1 SELL-NROWS DEFAULT,sell-nrows-default,cusparse,candidate,,sell,spmv.csr.fp32,fp32,H100-SXM5-80GB,H100-SXM5-80GB,67000.0,ca497226-ebef-56c9-ba00-9b037f2146f7,suitesparse_all,JGD_BIBD/bibd_13_6,bibd_13_6,78,1716,25740,pass,51480.0,4.878339,0.0172831997275,2.978615118246194,0.004445694206337603,2026-10-08T21:14:04.675496+00:00,source
2,full-20261009-H100-SXM5-80GB-spmv-fp32-cusparse-sell-nrows-default-13.4.1,cuSPARSE-CUDA-13.4.1-SELL-NROWS-DEFAULT,cuSPARSE CUDA 13.4.1 SELL-NROWS DEFAULT,sell-nrows-default,cusparse,candidate,,sell,spmv.csr.fp32,fp32,H100-SXM5-80GB,H100-SXM5-80GB,67000.0,9630d841-fbae-5247-8ae0-f8f392316afc,suitesparse_all,JGD_BIBD/bibd_16_8,bibd_16_8,120,12870,360360,pass,720720.0,7.117205,0.199891197681,3.6055614672446663,0.005381435025738308,2026-10-07T03:44:28.968203+00:00,source
2,full-20261009-H100-SXM5-80GB-spmv-fp32-cusparse-sell-nrows-default-13.4.1,cuSPARSE-CUDA-13.4.1-SELL-NROWS-DEFAULT,cuSPARSE CUDA 13.4.1 SELL-NROWS DEFAULT,sell-nrows-default,cusparse,candidate,,sell,spmv.csr.fp32,fp32,H100-SXM5-80GB,H100-SXM5-80GB,67000.0,b507c62e-e8c4-5489-84fd-4bc66dd1e529,suitesparse_all,JGD_BIBD/bibd_17_4b,bibd_17_4b,136,2380,14280,pass,28560.0,17.189338,0.00980480015278,2.912858962444253,0.004347550690215303,2026-10-07T08:05:45.745119+00:00,source
2,full-20261009-H100-SXM5-80GB-spmv-fp32-cusparse-sell-nrows-default-13.4.1,cuSPARSE-CUDA-13.4.1-SELL-NROWS-DEFAULT,cuSPARSE CUDA 13.4.1 SELL-NROWS DEFAULT,sell-nrows-default,cusparse,candidate,,sell,spmv.csr.fp32,fp32,H100-SXM5-80GB,H100-SXM5-80GB,67000.0,26cb3a9c-bd7d-5e51-9c99-6d49c0b2dba4,suitesparse_all,JGD_BIBD/bibd_18_9,bibd_18_9,153,48620,1750320,pass,3500640.0,25.113754,1.82065124512,1.9227405629622771,0.0028697620342720553,2026-10-07T13:02:22.559308+00:00,source
2,full-20261009-H100-SXM5-80GB-spmv-fp32-cusparse-sell-nrows-default-13.4.1,cuSPARSE-CUDA-13.4.1-SELL-NROWS-DEFAULT,cuSPARSE CUDA 13.4.1 SELL-NROWS DEFAULT,sell-nrows-default,cusparse,candidate,,sell,spmv.csr.fp32,fp32,H100-SXM5-80GB,H100-SXM5-80GB,67000.0,6054a01d-2dc6-5795-9ae4-804d2647be74,suitesparse_all,JGD_BIBD/bibd_19_9,bibd_19_9,171,92378,3325608,pass,6651216.0,47.127651,1.09964160919,6.0485306707330855,0.009027657717512067,2026-10-07T17:38:06.197650+00:00,source
2,full-20261009-H100-SXM5-80GB-spmv-fp32-cusparse-sell-nrows-default-13.4.1,cuSPARSE-CUDA-13.4.1-SELL-NROWS-DEFAULT,cuSPARSE CUDA 13.4.1 SELL-NROWS DEFAULT,sell-nrows-default,cusparse,candidate,,sell,spmv.csr.fp32,fp32,H100-SXM5-80GB,H100-SXM5-80GB,67000.0,c27d1d0a-dd52-58f0-bf45-e28eecb2fab1,suitesparse_all,JGD_BIBD/bibd_49_3,bibd_49_3,1176,18424,55272,pass,110544.0,7.90573,0.00795999988914,13.887437379341872,0.02072751847662966,2026-10-06T12:27:40.078947+00:00,source
2,full-20261009-H100-SXM5-80GB-spmv-fp32-cusparse-sell-nrows-default-13.4.1,cuSPARSE-CUDA-13.4.1-SELL-NROWS-DEFAULT,cuSPARSE CUDA 13.4.1 SELL-NROWS DEFAULT,sell-nrows-default,cusparse,candidate,,sell,spmv.csr.fp32,fp32,H100-SXM5-80GB,H100-SXM5-80GB,67000.0,1bbb760b-88a6-5cef-b074-0c4935b865f2,suitesparse_all,JGD_BIBD/bibd_81_2,bibd_81_2,3240,3240,3240,pass,6480.0,8.97946,0.00301600005478,2.1485410750341245,0.003206777723931529,2026-10-06T19:06:12.659476+00:00,source
2,full-20261009-H100-SXM5-80GB-spmv-fp32-cusparse-sell-nrows-default-13.4.1,cuSPARSE-CUDA-13.4.1-SELL-NROWS-DEFAULT,cuSPARSE CUDA 13.4.1 SELL-NROWS DEFAULT,sell-nrows-default,cusparse,candidate,,sell,spmv.csr.fp32,fp32,H100-SXM5-80GB,H100-SXM5-80GB,67000.0,ca497226-ebef-56c9-ba00-9b037f2146f7,suitesparse_all,JGD_CAG/CAG_mat1916,CAG_mat1916,1916,1916,195985,pass,391970.0,8.572529,0.0147343993187,26.602373908961162,0.03970503568501666,2026-10-08T21:14:05.171157+00:00,source
2,full-20261009-H100-SXM5-80GB-spmv-fp32-cusparse-sell-nrows-default-13.4.1,cuSPARSE-CUDA-13.4.1-SELL-NROWS-DEFAULT,cuSPARSE CUDA 13.4.1 SELL-NROWS DEFAULT,sell-nrows-default,cusparse,candidate,,sell,spmv.csr.fp32,fp32,H100-SXM5-80GB,H100-SXM5-80GB,67000.0,9630d841-fbae-5247-8ae0-f8f392316afc,suitesparse_all,JGD_Forest/TF11,TF11,216,236,1607,pass,3214.0,4.06895,0.00378880016506,0.8482896589899992,0.0012661039686417898,2026-10-07T03:44:29.367241+00:00,source
2,full-20261009-H100-SXM5-80GB-spmv-fp32-cusparse-sell-nrows-default-13.4.1,cuSPARSE-CUDA-13.4.1-SELL-NROWS-DEFAULT,cuSPARSE CUDA 13.4.1 SELL-NROWS DEFAULT,sell-nrows-default,cusparse,candidate,,sell,spmv.csr.fp32,fp32,H100-SXM5-80GB,H100-SXM5-80GB,67000.0,b507c62e-e8c4-5489-84fd-4bc66dd1e529,suitesparse_all,JGD_Forest/TF13,TF13,1121,1302,11185,pass,22370.0,6.557924,0.00453599989414,4.931657963418279,0.007360683527489969,2026-10-07T08:05:46.226144+00:00,source
2,full-20261009-H100-SXM5-80GB-spmv-fp32-cusparse-sell-nrows-default-13.4.1,cuSPARSE-CUDA-13.4.1-SELL-NROWS-DEFAULT,cuSPARSE CUDA 13.4.1 SELL-NROWS DEFAULT,sell-nrows-default,cusparse,candidate,,sell,spmv.csr.fp32,fp32,H100-SXM5-80GB,H100-SXM5-80GB,67000.0,26cb3a9c-bd7d-5e51-9c99-6d49c0b2dba4,suitesparse_all,JGD_Forest/TF16,TF16,15437,19321,216173,pass,432346.0,10.243228,0.00774879977107,55.79522155342764,0.08327645007974274,2026-10-07T13:02:23.334382+00:00,source
2,full-20261009-H100-SXM5-80GB-spmv-fp32-cusparse-sell-nrows-default-13.4.1,cuSPARSE-CUDA-13.4.1-SELL-NROWS-DEFAULT,cuSPARSE CUDA 13.4.1 SELL-NROWS DEFAULT,sell-nrows-default,cusparse,candidate,,sell,spmv.csr.fp32,fp32,H100-SXM5-80GB,H100-SXM5-80GB,67000.0,6054a01d-2dc6-5795-9ae4-804d2647be74,suitesparse_all,JGD_Forest/TF17,TF17,38132,48630,586218,pass,1172436.0,23.409247,0.00803999975324,145.8253776099341,0.21764981732825986,2026-10-07T17:38:07.049800+00:00,source
2,full-20261009-H100-SXM5-80GB-spmv-fp32-cusparse-sell-nrows-default-13.4.1,cuSPARSE-CUDA-13.4.1-SELL-NROWS-DEFAULT,cuSPARSE CUDA 13.4.1 SELL-NROWS DEFAULT,sell-nrows-default,cusparse,candidate,,sell,spmv.csr.fp32,fp32,H100-SXM5-80GB,H100-SXM5-80GB,67000.0,c27d1d0a-dd52-58f0-bf45-e28eecb2fab1,suitesparse_all,JGD_Franz/Franz1,Franz1,2240,768,5120,pass,10240.0,6.676749,0.00298239998519,3.43347641189974,0.005124591659551851,2026-10-06T12:27:40.647937+00:00,source
2,full-20261009-H100-SXM5-80GB-spmv-fp32-cusparse-sell-nrows-default-13.4.1,cuSPARSE-CUDA-13.4.1-SELL-NROWS-DEFAULT,cuSPARSE CUDA 13.4.1 SELL-NROWS DEFAULT,sell-nrows-default,cusparse,candidate,,sell,spmv.csr.fp32,fp32,H100-SXM5-80GB,H100-SXM5-80GB,67000.0,b507c62e-e8c4-5489-84fd-4bc66dd1e529,suitesparse_all,JGD_Franz/Franz10,Franz10,19588,4164,97508,pass,195016.0,6.215512,0.00327679999173,59.514160306452055,0.08882710493500308,2026-10-07T08:05:46.764612+00:00,source
2,full-20261009-H100-SXM5-80GB-spmv-fp32-cusparse-sell-nrows-default-13.4.1,cuSPARSE-CUDA-13.4.1-SELL-NROWS-DEFAULT,cuSPARSE CUDA 13.4.1 SELL-NROWS DEFAULT,sell-nrows-default,cusparse,candidate,,sell,spmv.csr.fp32,fp32,H100-SXM5-80GB,H100-SXM5-80GB,67000.0,1bbb760b-88a6-5cef-b074-0c4935b865f2,suitesparse_all,JGD_Franz/Franz2,Franz2,4032,4480,21504,pass,43008.0,9.009047,0.00314880013466,13.658536001251761,0.020385874628733973,2026-10-06T19:06:13.149732+00:00,source
2,full-20261009-H100-SXM5-80GB-spmv-fp32-cusparse-sell-nrows-default-13.4.1,cuSPARSE-CUDA-13.4.1-SELL-NROWS-DEFAULT,cuSPARSE CUDA 13.4.1 SELL-NROWS DEFAULT,sell-nrows-default,cusparse,candidate,,sell,spmv.csr.fp32,fp32,H100-SXM5-80GB,H100-SXM5-80GB,67000.0,ca497226-ebef-56c9-ba00-9b037f2146f7,suitesparse_all,JGD_Franz/Franz4,Franz4,6784,5252,46528,pass,93056.0,4.793777,0.00314400009811,29.59796345297195,0.04417606485518201,2026-10-08T21:14:05.528222+00:00,source
2,full-20261009-H100-SXM5-80GB-spmv-fp32-cusparse-sell-nrows-default-13.4.1,cuSPARSE-CUDA-13.4.1-SELL-NROWS-DEFAULT,cuSPARSE CUDA 13.4.1 SELL-NROWS DEFAULT,sell-nrows-default,cusparse,candidate,,sell,spmv.csr.fp32,fp32,H100-SXM5-80GB,H100-SXM5-80GB,67000.0,9630d841-fbae-5247-8ae0-f8f392316afc,suitesparse_all,JGD_Franz/Franz8,Franz8,16728,7176,100368,pass,200736.0,4.349799,0.00323360003531,62.0781784413717,0.0926539976736891,2026-10-07T03:44:29.754356+00:00,source
2,full-20261009-H100-SXM5-80GB-spmv-fp32-cusparse-sell-nrows-default-13.4.1,cuSPARSE-CUDA-13.4.1-SELL-NROWS-DEFAULT,cuSPARSE CUDA 13.4.1 SELL-NROWS DEFAULT,sell-nrows-default,cusparse,candidate,,sell,spmv.csr.fp32,fp32,H100-SXM5-80GB,H100-SXM5-80GB,67000.0,c27d1d0a-dd52-58f0-bf45-e28eecb2fab1,suitesparse_all,JGD_G5/IG5-11,IG5-11,1227,1692,22110,pass,44220.0,7.908706,0.00722879990935,6.117197951876382,0.00913014619683042,2026-10-06T12:27:41.261339+00:00,source
2,full-20261009-H100-SXM5-80GB-spmv-fp32-cusparse-sell-nrows-default-13.4.1,cuSPARSE-CUDA-13.4.1-SELL-NROWS-DEFAULT,cuSPARSE CUDA 13.4.1 SELL-NROWS DEFAULT,sell-nrows-default,cusparse,candidate,,sell,spmv.csr.fp32,fp32,H100-SXM5-80GB,H100-SXM5-80GB,67000.0,1bbb760b-88a6-5cef-b074-0c4935b865f2,suitesparse_all,JGD_G5/IG5-12,IG5-12,2296,2875,46260,pass,92520.0,7.021741,0.0144544005394,6.400818888878009,0.009553461028176133,2026-10-06T19:06:13.714502+00:00,source
2,full-20261009-H100-SXM5-80GB-spmv-fp32-cusparse-sell-nrows-default-13.4.1,cuSPARSE-CUDA-13.4.1-SELL-NROWS-DEFAULT,cuSPARSE CUDA 13.4.1 SELL-NROWS DEFAULT,sell-nrows-default,cusparse,candidate,,sell,spmv.csr.fp32,fp32,H100-SXM5-80GB,H100-SXM5-80GB,67000.0,ca497226-ebef-56c9-ba00-9b037f2146f7,suitesparse_all,JGD_G5/IG5-14,IG5-14,6735,7621,173337,pass,346674.0,9.043276,0.00871199965477,39.79270130138135,0.059392091494599036,2026-10-08T21:14:06.006700+00:00,source
2,full-20261009-H100-SXM5-80GB-spmv-fp32-cusparse-sell-nrows-default-13.4.1,cuSPARSE-CUDA-13.4.1-SELL-NROWS-DEFAULT,cuSPARSE CUDA 13.4.1 SELL-NROWS DEFAULT,sell-nrows-default,cusparse,candidate,,sell,spmv.csr.fp32,fp32,H100-SXM5-80GB,H100-SXM5-80GB,67000.0,9630d841-fbae-5247-8ae0-f8f392316afc,suitesparse_all,JGD_G5/IG5-18,IG5-18,47894,41550,1790490,pass,3580980.0,43.498123,0.0219776004553,162.93771502868643,0.24319061944580062,2026-10-07T03:44:31.197378+00:00,source
2,full-20261009-H100-SXM5-80GB-spmv-fp32-cusparse-sell-nrows-default-13.4.1,cuSPARSE-CUDA-13.4.1-SELL-NROWS-DEFAULT,cuSPARSE CUDA 13.4.1 SELL-NROWS DEFAULT,sell-nrows-default,cusparse,candidate,,sell,spmv.csr.fp32,fp32,H100-SXM5-80GB,H100-SXM5-80GB,67000.0,26cb3a9c-bd7d-5e51-9c99-6d49c0b2dba4,suitesparse_all,JGD_G5/IG5-7,IG5-7,62,150,549,pass,1098.0,4.489822,0.00354560017586,0.3096795875281328,0.00046220833959422804,2026-10-07T13:02:23.934872+00:00,source
2,full-20261009-H100-SXM5-80GB-spmv-fp32-cusparse-sell-nrows-default-13.4.1,cuSPARSE-CUDA-13.4.1-SELL-NROWS-DEFAULT,cuSPARSE CUDA 13.4.1 SELL-NROWS DEFAULT,sell-nrows-default,cusparse,candidate,,sell,spmv.csr.fp32,fp32,H100-SXM5-80GB,H100-SXM5-80GB,67000.0,6054a01d-2dc6-5795-9ae4-804d2647be74,suitesparse_all,JGD_G5/IG5-8,IG5-8,156,292,1711,pass,3422.0,6.70243,0.00426080003381,0.8031355550239361,0.001198709783617815,2026-10-07T17:38:07.562840+00:00,source
2,full-20261009-H100-SXM5-80GB-spmv-fp32-cusparse-sell-nrows-default-13.4.1,cuSPARSE-CUDA-13.4.1-SELL-NROWS-DEFAULT,cuSPARSE CUDA 13.4.1 SELL-NROWS DEFAULT,sell-nrows-default,cusparse,candidate,,sell,spmv.csr.fp32,fp32,H100-SXM5-80GB,H100-SXM5-80GB,67000.0,26cb3a9c-bd7d-5e51-9c99-6d49c0b2dba4,suitesparse_all,JGD_GL6/GL6_D_10,GL6_D_10,163,341,2053,pass,4106.0,6.946773,0.00471520014107,0.8708007883347753,0.001299702669156381,2026-10-07T13:02:24.527751+00:00,source
2,full-20261009-H100-SXM5-80GB-spmv-fp32-cusparse-sell-nrows-default-13.4.1,cuSPARSE-CUDA-13.4.1-SELL-NROWS-DEFAULT,cuSPARSE CUDA 13.4.1 SELL-NROWS DEFAULT,sell-nrows-default,cusparse,candidate,,sell,spmv.csr.fp32,fp32,H100-SXM5-80GB,H100-SXM5-80GB,67000.0,b507c62e-e8c4-5489-84fd-4bc66dd1e529,suitesparse_all,JGD_GL6/GL6_D_7,GL6_D_7,636,470,5378,pass,10756.0,6.487798,0.0031615998596,3.4020750498644157,0.005077723955021516,2026-10-07T08:05:47.249819+00:00,source
2,full-20261009-H100-SXM5-80GB-spmv-fp32-cusparse-sell-nrows-default-13.4.1,cuSPARSE-CUDA-13.4.1-SELL-NROWS-DEFAULT,cuSPARSE CUDA 13.4.1 SELL-NROWS DEFAULT,sell-nrows-default,cusparse,candidate,,sell,spmv.csr.fp32,fp32,H100-SXM5-80GB,H100-SXM5-80GB,67000.0,6054a01d-2dc6-5795-9ae4-804d2647be74,suitesparse_all,JGD_GL7d/GL7d10,GL7d10,1,60,8,pass,16.0,6.912092,0.00282240007073,0.005668934098298006,8.4610956691015e-06,2026-10-07T17:38:08.068357+00:00,source
2,full-20261009-H100-SXM5-80GB-spmv-fp32-cusparse-sell-nrows-default-13.4.1,cuSPARSE-CUDA-13.4.1-SELL-NROWS-DEFAULT,cuSPARSE CUDA 13.4.1 SELL-NROWS DEFAULT,sell-nrows-default,cusparse,candidate,,sell,spmv.csr.fp32,fp32,H100-SXM5-80GB,H100-SXM5-80GB,67000.0,c27d1d0a-dd52-58f0-bf45-e28eecb2fab1,suitesparse_all,JGD_GL7d/GL7d13,GL7d13,47271,8899,356232,pass,712464.0,8.068854,0.00539040006697,132.17274991621974,0.1972727610689847,2026-10-06T12:27:41.898288+00:00,source
2,full-20261009-H100-SXM5-80GB-spmv-fp32-cusparse-sell-nrows-default-13.4.1,cuSPARSE-CUDA-13.4.1-SELL-NROWS-DEFAULT,cuSPARSE CUDA 13.4.1 SELL-NROWS DEFAULT,sell-nrows-default,cusparse,candidate,,sell,spmv.csr.fp32,fp32,H100-SXM5-80GB,H100-SXM5-80GB,67000.0,1bbb760b-88a6-5cef-b074-0c4935b865f2,suitesparse_all,JGD_GL7d/GL7d14,GL7d14,171375,47271,1831183,pass,3662366.0,24.412016,0.0192144006491,190.60526877124033,0.2844854757779707,2026-10-06T19:06:15.403626+00:00,source
2,full-20261009-H100-SXM5-80GB-spmv-fp32-cusparse-sell-nrows-default-13.4.1,cuSPARSE-CUDA-13.4.1-SELL-NROWS-DEFAULT,cuSPARSE CUDA 13.4.1 SELL-NROWS DEFAULT,sell-nrows-default,cusparse,candidate,,sell,spmv.csr.fp32,fp32,H100-SXM5-80GB,H100-SXM5-80GB,67000.0,ca497226-ebef-56c9-ba00-9b037f2146f7,suitesparse_all,JGD_GL7d/GL7d16,GL7d16,955128,460261,14488881,pass,28977762.0,305.436238,0.209308791161,138.44503061369434,0.2066343740502901,2026-10-08T21:14:16.168632+00:00,source
2,full-20261009-H100-SXM5-80GB-spmv-fp32-cusparse-sell-nrows-default-13.4.1,cuSPARSE-CUDA-13.4.1-SELL-NROWS-DEFAULT,cuSPARSE CUDA 13.4.1 SELL-NROWS DEFAULT,sell-nrows-default,cusparse,candidate,,sell,spmv.csr.fp32,fp32,H100-SXM5-80GB,H100-SXM5-80GB,67000.0,9630d841-fbae-5247-8ae0-f8f392316afc,suitesparse_all,JGD_GL7d/GL7d20,GL7d20,1437547,1911130,29893084,pass,59786168.0,2475.31825,1.86330242157,32.08613229280557,0.04788974969075459,2026-10-07T03:44:54.343018+00:00,source
2,full-20261009-H100-SXM5-80GB-spmv-fp32-cusparse-sell-nrows-default-13.4.1,cuSPARSE-CUDA-13.4.1-SELL-NROWS-DEFAULT,cuSPARSE CUDA 13.4.1 SELL-NROWS DEFAULT,sell-nrows-default,cusparse,candidate,,sell,spmv.csr.fp32,fp32,H100-SXM5-80GB,H100-SXM5-80GB,67000.0,b507c62e-e8c4-5489-84fd-4bc66dd1e529,suitesparse_all,JGD_GL7d/GL7d22,GL7d22,349443,822922,8251000,pass,16502000.0,554.494912,0.46692481041,35.34187867530498,0.052749072649708934,2026-10-07T08:05:53.469410+00:00,source
2,full-20261009-H100-SXM5-80GB-spmv-fp32-cusparse-sell-nrows-default-13.4.1,cuSPARSE-CUDA-13.4.1-SELL-NROWS-DEFAULT,cuSPARSE CUDA 13.4.1 SELL-NROWS DEFAULT,sell-nrows-default,cusparse,candidate,,sell,spmv.csr.fp32,fp32,H100-SXM5-80GB,H100-SXM5-80GB,67000.0,26cb3a9c-bd7d-5e51-9c99-6d49c0b2dba4,suitesparse_all,JGD_GL7d/GL7d25,GL7d25,2798,21074,81671,pass,163342.0,14.340223,0.0318208009005,5.133183181364659,0.007661467434872626,2026-10-07T13:02:25.296800+00:00,source
2,full-20261009-H100-SXM5-80GB-spmv-fp32-cusparse-sell-nrows-default-13.4.1,cuSPARSE-CUDA-13.4.1-SELL-NROWS-DEFAULT,cuSPARSE CUDA 13.4.1 SELL-NROWS DEFAULT,sell-nrows-default,cusparse,candidate,,sell,spmv.csr.fp32,fp32,H100-SXM5-80GB,H100-SXM5-80GB,67000.0,6054a01d-2dc6-5795-9ae4-804d2647be74,suitesparse_all,JGD_GL7d/GL7d26,GL7d26,305,2798,7412,pass,14824.0,7.031147,0.0141072005033,1.0508108959344786,0.0015683744715439978,2026-10-07T17:38:08.568971+00:00,source
2,full-20261009-H100-SXM5-80GB-spmv-fp32-cusparse-sell-nrows-default-13.4.1,cuSPARSE-CUDA-13.4.1-SELL-NROWS-DEFAULT,cuSPARSE CUDA 13.4.1 SELL-NROWS DEFAULT,sell-nrows-default,cusparse,candidate,,sell,spmv.csr.fp32,fp32,H100-SXM5-80GB,H100-SXM5-80GB,67000.0,c27d1d0a-dd52-58f0-bf45-e28eecb2fab1,suitesparse_all,JGD_Groebner/f855_mat9,f855_mat9,2456,2511,171214,pass,342428.0,9.06601,0.0206671997905,16.56866936358753,0.024729357259085868,2026-10-06T12:27:42.568771+00:00,source
2,full-20261009-H100-SXM5-80GB-spmv-fp32-cusparse-sell-nrows-default-13.4.1,cuSPARSE-CUDA-13.4.1-SELL-NROWS-DEFAULT,cuSPARSE CUDA 13.4.1 SELL-NROWS DEFAULT,sell-nrows-default,cusparse,candidate,,sell,spmv.csr.fp32,fp32,H100-SXM5-80GB,H100-SXM5-80GB,67000.0,1bbb760b-88a6-5cef-b074-0c4935b865f2,suitesparse_all,JGD_Groebner/f855_mat9_I,f855_mat9_I,2456,2511,171214,pass,342428.0,11.556956,0.0215136006474,15.916814930809071,0.02375644019523742,2026-10-06T19:06:16.049072+00:00,source
2,full-20261009-H100-SXM5-80GB-spmv-fp32-cusparse-sell-nrows-default-13.4.1,cuSPARSE-CUDA-13.4.1-SELL-NROWS-DEFAULT,cuSPARSE CUDA 13.4.1 SELL-NROWS DEFAULT,sell-nrows-default,cusparse,candidate,,sell,spmv.csr.fp32,fp32,H100-SXM5-80GB,H100-SXM5-80GB,67000.0,ca497226-ebef-56c9-ba00-9b037f2146f7,suitesparse_all,JGD_Groebner/rkat7_mat5,rkat7_mat5,694,738,38114,pass,76228.0,5.621546,0.00806559994817,9.451001846092717,0.014105972904615996,2026-10-08T21:14:16.585336+00:00,source
2,full-20261009-H100-SXM5-80GB-spmv-fp32-cusparse-sell-nrows-default-13.4.1,cuSPARSE-CUDA-13.4.1-SELL-NROWS-DEFAULT,cuSPARSE CUDA 13.4.1 SELL-NROWS DEFAULT,sell-nrows-default,cusparse,candidate,,sell,spmv.csr.fp32,fp32,H100-SXM5-80GB,H100-SXM5-80GB,67000.0,9630d841-fbae-5247-8ae0-f8f392316afc,suitesparse_all,JGD_Homology/ch3-3-b2,ch3-3-b2,6,18,18,pass,36.0,4.013419,0.00278079994023,0.012945915122906125,1.932226137747183e-05,2026-10-07T03:44:54.718788+00:00,source
2,full-20261009-H100-SXM5-80GB-spmv-fp32-cusparse-sell-nrows-default-13.4.1,cuSPARSE-CUDA-13.4.1-SELL-NROWS-DEFAULT,cuSPARSE CUDA 13.4.1 SELL-NROWS DEFAULT,sell-nrows-default,cusparse,candidate,,sell,spmv.csr.fp32,fp32,H100-SXM5-80GB,H100-SXM5-80GB,67000.0,b507c62e-e8c4-5489-84fd-4bc66dd1e529,suitesparse_all,JGD_Homology/ch4-4-b2,ch4-4-b2,96,72,288,pass,576.0,5.929769,0.00296640004963,0.19417475403287046,0.00028981306572070214,2026-10-07T08:05:53.951706+00:00,source
2,full-20261009-H100-SXM5-80GB-spmv-fp32-cusparse-sell-nrows-default-13.4.1,cuSPARSE-CUDA-13.4.1-SELL-NROWS-DEFAULT,cuSPARSE CUDA 13.4.1 SELL-NROWS DEFAULT,sell-nrows-default,cusparse,candidate,,sell,spmv.csr.fp32,fp32,H100-SXM5-80GB,H100-SXM5-80GB,67000.0,26cb3a9c-bd7d-5e51-9c99-6d49c0b2dba4,suitesparse_all,JGD_Homology/ch5-5-b2,ch5-5-b2,600,200,1800,pass,3600.0,7.446966,0.00319360010326,1.1272544725700475,0.0016824693620448472,2026-10-07T13:02:25.899634+00:00,source
2,full-20261009-H100-SXM5-80GB-spmv-fp32-cusparse-sell-nrows-default-13.4.1,cuSPARSE-CUDA-13.4.1-SELL-NROWS-DEFAULT,cuSPARSE CUDA 13.4.1 SELL-NROWS DEFAULT,sell-nrows-default,cusparse,candidate,,sell,spmv.csr.fp32,fp32,H100-SXM5-80GB,H100-SXM5-80GB,67000.0,6054a01d-2dc6-5795-9ae4-804d2647be74,suitesparse_all,JGD_Homology/ch5-5-b3,ch5-5-b3,600,600,2400,pass,4800.0,7.545097,0.00307199992239,1.5625000394744883,0.0023320896111559525,2026-10-07T17:38:09.070252+00:00,source
2,full-20261009-H100-SXM5-80GB-spmv-fp32-cusparse-sell-nrows-default-13.4.1,cuSPARSE-CUDA-13.4.1-SELL-NROWS-DEFAULT,cuSPARSE CUDA 13.4.1 SELL-NROWS DEFAULT,sell-nrows-default,cusparse,candidate,,sell,spmv.csr.fp32,fp32,H100-SXM5-80GB,H100-SXM5-80GB,67000.0,c27d1d0a-dd52-58f0-bf45-e28eecb2fab1,suitesparse_all,JGD_Homology/ch6-6-b2,ch6-6-b2,2400,450,7200,pass,14400.0,7.973086,0.00323520004749,4.451038510330174,0.00664334106019429,2026-10-06T12:27:43.177354+00:00,source
2,full-20261009-H100-SXM5-80GB-spmv-fp32-cusparse-sell-nrows-default-13.4.1,cuSPARSE-CUDA-13.4.1-SELL-NROWS-DEFAULT,cuSPARSE CUDA 13.4.1 SELL-NROWS DEFAULT,sell-nrows-default,cusparse,candidate,,sell,spmv.csr.fp32,fp32,H100-SXM5-80GB,H100-SXM5-80GB,67000.0,1bbb760b-88a6-5cef-b074-0c4935b865f2,suitesparse_all,JGD_Homology/ch6-6-b3,ch6-6-b3,5400,2400,21600,pass,43200.0,8.992756,0.00313600003719,13.775510040717085,0.020560462747338935,2026-10-06T19:06:16.592775+00:00,source
2,full-20261009-H100-SXM5-80GB-spmv-fp32-cusparse-sell-nrows-default-13.4.1,cuSPARSE-CUDA-13.4.1-SELL-NROWS-DEFAULT,cuSPARSE CUDA 13.4.1 SELL-NROWS DEFAULT,sell-nrows-default,cusparse,candidate,,sell,spmv.csr.fp32,fp32,H100-SXM5-80GB,H100-SXM5-80GB,67000.0,ca497226-ebef-56c9-ba00-9b037f2146f7,suitesparse_all,JGD_Homology/ch6-6-b5,ch6-6-b5,720,4320,4320,pass,8640.0,5.018748,0.00309280008078,2.793585027914576,0.004169529892409815,2026-10-08T21:14:17.041883+00:00,source
2,full-20261009-H100-SXM5-80GB-spmv-fp32-cusparse-sell-nrows-default-13.4.1,cuSPARSE-CUDA-13.4.1-SELL-NROWS-DEFAULT,cuSPARSE CUDA 13.4.1 SELL-NROWS DEFAULT,sell-nrows-default,cusparse,candidate,,sell,spmv.csr.fp32,fp32,H100-SXM5-80GB,H100-SXM5-80GB,67000.0,9630d841-fbae-5247-8ae0-f8f392316afc,suitesparse_all,JGD_Homology/ch7-6-b4,ch7-6-b4,15120,12600,75600,pass,151200.0,13.544409,0.00308800004423,48.96372986863155,0.07308019383377844,2026-10-07T03:44:55.122119+00:00,source
2,full-20261009-H100-SXM5-80GB-spmv-fp32-cusparse-sell-nrows-default-13.4.1,cuSPARSE-CUDA-13.4.1-SELL-NROWS-DEFAULT,cuSPARSE CUDA 13.4.1 SELL-NROWS DEFAULT,sell-nrows-default,cusparse,candidate,,sell,spmv.csr.fp32,fp32,H100-SXM5-80GB,H100-SXM5-80GB,67000.0,b507c62e-e8c4-5489-84fd-4bc66dd1e529,suitesparse_all,JGD_Homology/ch7-7-b1,ch7-7-b1,882,49,1764,pass,3528.0,7.025545,0.00272480007261,1.2947738938588034,0.00193249834904299,2026-10-07T08:05:54.412974+00:00,source
2,full-20261009-H100-SXM5-80GB-spmv-fp32-cusparse-sell-nrows-default-13.4.1,cuSPARSE-CUDA-13.4.1-SELL-NROWS-DEFAULT,cuSPARSE CUDA 13.4.1 SELL-NROWS DEFAULT,sell-nrows-default,cusparse,candidate,,sell,spmv.csr.fp32,fp32,H100-SXM5-80GB,H100-SXM5-80GB,67000.0,26cb3a9c-bd7d-5e51-9c99-6d49c0b2dba4,suitesparse_all,JGD_Homology/ch7-8-b1,ch7-8-b1,1176,56,2352,pass,4704.0,6.94014,0.00310559999198,1.5146831569254762,0.0022607211297395167,2026-10-07T13:02:26.463249+00:00,source
2,full-20261009-H100-SXM5-80GB-spmv-fp32-cusparse-sell-nrows-default-13.4.1,cuSPARSE-CUDA-13.4.1-SELL-NROWS-DEFAULT,cuSPARSE CUDA 13.4.1 SELL-NROWS DEFAULT,sell-nrows-default,cusparse,candidate,,sell,spmv.csr.fp32,fp32,H100-SXM5-80GB,H100-SXM5-80GB,67000.0,6054a01d-2dc6-5795-9ae4-804d2647be74,suitesparse_all,JGD_Homology/ch7-8-b2,ch7-8-b2,11760,1176,35280,pass,70560.0,7.022566,0.00317439995706,22.22782288132016,0.03317585504674651,2026-10-07T17:38:09.599549+00:00,source
2,full-20261009-H100-SXM5-80GB-spmv-fp32-cusparse-sell-nrows-default-13.4.1,cuSPARSE-CUDA-13.4.1-SELL-NROWS-DEFAULT,cuSPARSE CUDA 13.4.1 SELL-NROWS DEFAULT,sell-nrows-default,cusparse,candidate,,sell,spmv.csr.fp32,fp32,H100-SXM5-80GB,H100-SXM5-80GB,67000.0,c27d1d0a-dd52-58f0-bf45-e28eecb2fab1,suitesparse_all,JGD_Homology/ch7-8-b5,ch7-8-b5,141120,141120,846720,pass,1693440.0,9.853227,0.00478559993207,353.8615897772103,0.5281516265331497,2026-10-06T12:27:44.244246+00:00,source
2,full-20261009-H100-SXM5-80GB-spmv-fp32-cusparse-sell-nrows-default-13.4.1,cuSPARSE-CUDA-13.4.1-SELL-NROWS-DEFAULT,cuSPARSE CUDA 13.4.1 SELL-NROWS DEFAULT,sell-nrows-default,cusparse,candidate,,sell,spmv.csr.fp32,fp32,H100-SXM5-80GB,H100-SXM5-80GB,67000.0,1bbb760b-88a6-5cef-b074-0c4935b865f2,suitesparse_all,JGD_Homology/ch7-9-b1,ch7-9-b1,1512,63,3024,pass,6048.0,8.975337,0.00309120006859,1.9565216957175777,0.0029201816353993694,2026-10-06T19:06:17.130797+00:00,source
2,full-20261009-H100-SXM5-80GB-spmv-fp32-cusparse-sell-nrows-default-13.4.1,cuSPARSE-CUDA-13.4.1-SELL-NROWS-DEFAULT,cuSPARSE CUDA 13.4.1 SELL-NROWS DEFAULT,sell-nrows-default,cusparse,candidate,,sell,spmv.csr.fp32,fp32,H100-SXM5-80GB,H100-SXM5-80GB,67000.0,ca497226-ebef-56c9-ba00-9b037f2146f7,suitesparse_all,JGD_Homology/ch7-9-b3,ch7-9-b3,105840,17640,423360,pass,846720.0,7.586656,0.00392960011959,215.47230614608785,0.3216004569344595,2026-10-08T21:14:17.620611+00:00,source
2,full-20261009-H100-SXM5-80GB-spmv-fp32-cusparse-sell-nrows-default-13.4.1,cuSPARSE-CUDA-13.4.1-SELL-NROWS-DEFAULT,cuSPARSE CUDA 13.4.1 SELL-NROWS DEFAULT,sell-nrows-default,cusparse,candidate,,sell,spmv.csr.fp32,fp32,H100-SXM5-80GB,H100-SXM5-80GB,67000.0,9630d841-fbae-5247-8ae0-f8f392316afc,suitesparse_all,JGD_Homology/ch8-8-b2,ch8-8-b2,18816,1568,56448,pass,112896.0,4.26137,0.00312319993973,36.1475416811643,0.05395155474800642,2026-10-07T03:44:55.504460+00:00,source
2,full-20261009-H100-SXM5-80GB-spmv-fp32-cusparse-sell-nrows-default-13.4.1,cuSPARSE-CUDA-13.4.1-SELL-NROWS-DEFAULT,cuSPARSE CUDA 13.4.1 SELL-NROWS DEFAULT,sell-nrows-default,cusparse,candidate,,sell,spmv.csr.fp32,fp32,H100-SXM5-80GB,H100-SXM5-80GB,67000.0,b507c62e-e8c4-5489-84fd-4bc66dd1e529,suitesparse_all,JGD_Homology/ch8-8-b4,ch8-8-b4,376320,117600,1881600,pass,3763200.0,15.131534,0.00643680021167,584.6383103793203,0.872594493103463,2026-10-07T08:05:55.945085+00:00,source
2,full-20261009-H100-SXM5-80GB-spmv-fp32-cusparse-sell-nrows-default-13.4.1,cuSPARSE-CUDA-13.4.1-SELL-NROWS-DEFAULT,cuSPARSE CUDA 13.4.1 SELL-NROWS DEFAULT,sell-nrows-default,cusparse,candidate,,sell,spmv.csr.fp32,fp32,H100-SXM5-80GB,H100-SXM5-80GB,67000.0,26cb3a9c-bd7d-5e51-9c99-6d49c0b2dba4,suitesparse_all,JGD_Homology/cis-n4c6-b13,cis-n4c6-b13,6300,25605,88200,pass,176400.0,13.251751,0.00330879986286,53.3123813198924,0.07957071838789911,2026-10-07T13:02:27.116567+00:00,source
2,full-20261009-H100-SXM5-80GB-spmv-fp32-cusparse-sell-nrows-default-13.4.1,cuSPARSE-CUDA-13.4.1-SELL-NROWS-DEFAULT,cuSPARSE CUDA 13.4.1 SELL-NROWS DEFAULT,sell-nrows-default,cusparse,candidate,,sell,spmv.csr.fp32,fp32,H100-SXM5-80GB,H100-SXM5-80GB,67000.0,6054a01d-2dc6-5795-9ae4-804d2647be74,suitesparse_all,JGD_Homology/cis-n4c6-b14,cis-n4c6-b14,920,6300,13800,pass,27600.0,7.340913,0.00366239994764,7.536042047451716,0.01124782395142047,2026-10-07T17:38:10.113486+00:00,source
2,full-20261009-H100-SXM5-80GB-spmv-fp32-cusparse-sell-nrows-default-13.4.1,cuSPARSE-CUDA-13.4.1-SELL-NROWS-DEFAULT,cuSPARSE CUDA 13.4.1 SELL-NROWS DEFAULT,sell-nrows-default,cusparse,candidate,,sell,spmv.csr.fp32,fp32,H100-SXM5-80GB,H100-SXM5-80GB,67000.0,c27d1d0a-dd52-58f0-bf45-e28eecb2fab1,suitesparse_all,JGD_Homology/cis-n4c6-b3,cis-n4c6-b3,5970,1330,23880,pass,47760.0,7.638911,0.00299839992076,15.928495618387805,0.02377387405729523,2026-10-06T12:27:44.816809+00:00,source
2,full-20261009-H100-SXM5-80GB-spmv-fp32-cusparse-sell-nrows-default-13.4.1,cuSPARSE-CUDA-13.4.1-SELL-NROWS-DEFAULT,cuSPARSE CUDA 13.4.1 SELL-NROWS DEFAULT,sell-nrows-default,cusparse,candidate,,sell,spmv.csr.fp32,fp32,H100-SXM5-80GB,H100-SXM5-80GB,67000.0,1bbb760b-88a6-5cef-b074-0c4935b865f2,suitesparse_all,JGD_Homology/cis-n4c6-b4,cis-n4c6-b4,20058,5970,100290,pass,200580.0,13.200733,0.00325599983335,61.603197256195585,0.0919450705316352,2026-10-06T19:06:17.701981+00:00,source
2,full-20261009-H100-SXM5-80GB-spmv-fp32-cusparse-sell-nrows-default-13.4.1,cuSPARSE-CUDA-13.4.1-SELL-NROWS-DEFAULT,cuSPARSE CUDA 13.4.1 SELL-NROWS DEFAULT,sell-nrows-default,cusparse,candidate,,sell,spmv.csr.fp32,fp32,H100-SXM5-80GB,H100-SXM5-80GB,67000.0,ca497226-ebef-56c9-ba00-9b037f2146f7,suitesparse_all,JGD_Homology/klein-b1,klein-b1,30,10,60,pass,120.0,4.692441,0.00284000001848,0.042253520851815114,6.306495649524644e-05,2026-10-08T21:14:17.944983+00:00,source
2,full-20261009-H100-SXM5-80GB-spmv-fp32-cusparse-sell-nrows-default-13.4.1,cuSPARSE-CUDA-13.4.1-SELL-NROWS-DEFAULT,cuSPARSE CUDA 13.4.1 SELL-NROWS DEFAULT,sell-nrows-default,cusparse,candidate,,sell,spmv.csr.fp32,fp32,H100-SXM5-80GB,H100-SXM5-80GB,67000.0,9630d841-fbae-5247-8ae0-f8f392316afc,suitesparse_all,JGD_Homology/mk10-b1,mk10-b1,630,45,1260,pass,2520.0,3.909101,0.00283519998193,0.8888261907664677,0.001326606254875325,2026-10-07T03:44:55.875188+00:00,source
2,full-20261009-H100-SXM5-80GB-spmv-fp32-cusparse-sell-nrows-default-13.4.1,cuSPARSE-CUDA-13.4.1-SELL-NROWS-DEFAULT,cuSPARSE CUDA 13.4.1 SELL-NROWS DEFAULT,sell-nrows-default,cusparse,candidate,,sell,spmv.csr.fp32,fp32,H100-SXM5-80GB,H100-SXM5-80GB,67000.0,b507c62e-e8c4-5489-84fd-4bc66dd1e529,suitesparse_all,JGD_Homology/mk10-b3,mk10-b3,4725,3150,18900,pass,37800.0,6.401053,0.00285759996623,13.22788369495578,0.019743109992471315,2026-10-07T08:05:56.436536+00:00,source
2,full-20261009-H100-SXM5-80GB-spmv-fp32-cusparse-sell-nrows-default-13.4.1,cuSPARSE-CUDA-13.4.1-SELL-NROWS-DEFAULT,cuSPARSE CUDA 13.4.1 SELL-NROWS DEFAULT,sell-nrows-default,cusparse,candidate,,sell,spmv.csr.fp32,fp32,H100-SXM5-80GB,H100-SXM5-80GB,67000.0,26cb3a9c-bd7d-5e51-9c99-6d49c0b2dba4,suitesparse_all,JGD_Homology/mk11-b2,mk11-b2,6930,990,20790,pass,41580.0,18.17164,0.00320479981601,12.97428931201307,0.019364610913452346,2026-10-07T13:02:27.688750+00:00,source
2,full-20261009-H100-SXM5-80GB-spmv-fp32-cusparse-sell-nrows-default-13.4.1,cuSPARSE-CUDA-13.4.1-SELL-NROWS-DEFAULT,cuSPARSE CUDA 13.4.1 SELL-NROWS DEFAULT,sell-nrows-default,cusparse,candidate,,sell,spmv.csr.fp32,fp32,H100-SXM5-80GB,H100-SXM5-80GB,67000.0,6054a01d-2dc6-5795-9ae4-804d2647be74,suitesparse_all,JGD_Homology/mk11-b3,mk11-b3,17325,6930,69300,pass,138600.0,7.684476,0.00317279994488,43.68381316435066,0.06519972114082188,2026-10-07T17:38:10.654990+00:00,source
2,full-20261009-H100-SXM5-80GB-spmv-fp32-cusparse-sell-nrows-default-13.4.1,cuSPARSE-CUDA-13.4.1-SELL-NROWS-DEFAULT,cuSPARSE CUDA 13.4.1 SELL-NROWS DEFAULT,sell-nrows-default,cusparse,candidate,,sell,spmv.csr.fp32,fp32,H100-SXM5-80GB,H100-SXM5-80GB,67000.0,c27d1d0a-dd52-58f0-bf45-e28eecb2fab1,suitesparse_all,JGD_Homology/mk12-b1,mk12-b1,1485,66,2970,pass,5940.0,5.47355,0.00279520004988,2.125071513309041,0.0031717485273269268,2026-10-06T12:27:45.405870+00:00,source
2,full-20261009-H100-SXM5-80GB-spmv-fp32-cusparse-sell-nrows-default-13.4.1,cuSPARSE-CUDA-13.4.1-SELL-NROWS-DEFAULT,cuSPARSE CUDA 13.4.1 SELL-NROWS DEFAULT,sell-nrows-default,cusparse,candidate,,sell,spmv.csr.fp32,fp32,H100-SXM5-80GB,H100-SXM5-80GB,67000.0,1bbb760b-88a6-5cef-b074-0c4935b865f2,suitesparse_all,JGD_Homology/mk12-b2,mk12-b2,13860,1485,41580,pass,83160.0,8.974578,0.00310399997979,26.791237287838566,0.03998692132513219,2026-10-06T19:06:18.267564+00:00,source
2,full-20261009-H100-SXM5-80GB-spmv-fp32-cusparse-sell-nrows-default-13.4.1,cuSPARSE-CUDA-13.4.1-SELL-NROWS-DEFAULT,cuSPARSE CUDA 13.4.1 SELL-NROWS DEFAULT,sell-nrows-default,cusparse,candidate,,sell,spmv.csr.fp32,fp32,H100-SXM5-80GB,H100-SXM5-80GB,67000.0,ca497226-ebef-56c9-ba00-9b037f2146f7,suitesparse_all,JGD_Homology/mk12-b4,mk12-b4,62370,51975,311850,pass,623700.0,6.598347,0.00349280014634,178.5673310434198,0.26651840454241765,2026-10-08T21:14:18.508406+00:00,source
2,full-20261009-H100-SXM5-80GB-spmv-fp32-cusparse-sell-nrows-default-13.4.1,cuSPARSE-CUDA-13.4.1-SELL-NROWS-DEFAULT,cuSPARSE CUDA 13.4.1 SELL-NROWS DEFAULT,sell-nrows-default,cusparse,candidate,,sell,spmv.csr.fp32,fp32,H100-SXM5-80GB,H100-SXM5-80GB,67000.0,9630d841-fbae-5247-8ae0-f8f392316afc,suitesparse_all,JGD_Homology/mk9-b2,mk9-b2,1260,378,3780,pass,7560.0,3.786984,0.00290879998356,2.599009915679223,0.0038791192771331683,2026-10-07T03:44:56.218129+00:00,source
2,full-20261009-H100-SXM5-80GB-spmv-fp32-cusparse-sell-nrows-default-13.4.1,cuSPARSE-CUDA-13.4.1-SELL-NROWS-DEFAULT,cuSPARSE CUDA 13.4.1 SELL-NROWS DEFAULT,sell-nrows-default,cusparse,candidate,,sell,spmv.csr.fp32,fp32,H100-SXM5-80GB,H100-SXM5-80GB,67000.0,b507c62e-e8c4-5489-84fd-4bc66dd1e529,suitesparse_all,JGD_Homology/n2c6-b10,n2c6-b10,30,306,330,pass,660.0,5.985318,0.00296480003744,0.22261197776086333,0.00033225668322516916,2026-10-07T08:05:56.905363+00:00,source
2,full-20261009-H100-SXM5-80GB-spmv-fp32-cusparse-sell-nrows-default-13.4.1,cuSPARSE-CUDA-13.4.1-SELL-NROWS-DEFAULT,cuSPARSE CUDA 13.4.1 SELL-NROWS DEFAULT,sell-nrows-default,cusparse,candidate,,sell,spmv.csr.fp32,fp32,H100-SXM5-80GB,H100-SXM5-80GB,67000.0,26cb3a9c-bd7d-5e51-9c99-6d49c0b2dba4,suitesparse_all,JGD_Homology/n2c6-b3,n2c6-b3,1365,455,5460,pass,10920.0,6.957793,0.00306560005993,3.562108489862617,0.005316579835615847,2026-10-07T13:02:28.339451+00:00,source
2,full-20261009-H100-SXM5-80GB-spmv-fp32-cusparse-sell-nrows-default-13.4.1,cuSPARSE-CUDA-13.4.1-SELL-NROWS-DEFAULT,cuSPARSE CUDA 13.4.1 SELL-NROWS DEFAULT,sell-nrows-default,cusparse,candidate,,sell,spmv.csr.fp32,fp32,H100-SXM5-80GB,H100-SXM5-80GB,67000.0,6054a01d-2dc6-5795-9ae4-804d2647be74,suitesparse_all,JGD_Homology/n2c6-b4,n2c6-b4,3003,1365,15015,pass,30030.0,7.035684,0.00291680004448,10.295529190227256,0.015366461477951128,2026-10-07T17:38:11.272032+00:00,source
2,full-20261009-H100-SXM5-80GB-spmv-fp32-cusparse-sell-nrows-default-13.4.1,cuSPARSE-CUDA-13.4.1-SELL-NROWS-DEFAULT,cuSPARSE CUDA 13.4.1 SELL-NROWS DEFAULT,sell-nrows-default,cusparse,candidate,,sell,spmv.csr.fp32,fp32,H100-SXM5-80GB,H100-SXM5-80GB,67000.0,c27d1d0a-dd52-58f0-bf45-e28eecb2fab1,suitesparse_all,JGD_Homology/n2c6-b7,n2c6-b7,3990,5715,31920,pass,63840.0,4.320306,0.00298399999738,21.39410189545997,0.03193149536635816,2026-10-06T12:27:45.807127+00:00,source
2,full-20261009-H100-SXM5-80GB-spmv-fp32-cusparse-sell-nrows-default-13.4.1,cuSPARSE-CUDA-13.4.1-SELL-NROWS-DEFAULT,cuSPARSE CUDA 13.4.1 SELL-NROWS DEFAULT,sell-nrows-default,cusparse,candidate,,sell,spmv.csr.fp32,fp32,H100-SXM5-80GB,H100-SXM5-80GB,67000.0,1bbb760b-88a6-5cef-b074-0c4935b865f2,suitesparse_all,JGD_Homology/n2c6-b8,n2c6-b8,1470,3990,13230,pass,26460.0,11.119523,0.00299200005829,8.843582715410284,0.013199377187179527,2026-10-06T19:06:18.789561+00:00,source
2,full-20261009-H100-SXM5-80GB-spmv-fp32-cusparse-sell-nrows-default-13.4.1,cuSPARSE-CUDA-13.4.1-SELL-NROWS-DEFAULT,cuSPARSE CUDA 13.4.1 SELL-NROWS DEFAULT,sell-nrows-default,cusparse,candidate,,sell,spmv.csr.fp32,fp32,H100-SXM5-80GB,H100-SXM5-80GB,67000.0,ca497226-ebef-56c9-ba00-9b037f2146f7,suitesparse_all,JGD_Homology/n3c4-b1,n3c4-b1,15,6,30,pass,60.0,4.720913,0.00292959995568,0.020480611997440168,3.0568077608119654e-05,2026-10-08T21:14:18.841367+00:00,source
2,full-20261009-H100-SXM5-80GB-spmv-fp32-cusparse-sell-nrows-default-13.4.1,cuSPARSE-CUDA-13.4.1-SELL-NROWS-DEFAULT,cuSPARSE CUDA 13.4.1 SELL-NROWS DEFAULT,sell-nrows-default,cusparse,candidate,,sell,spmv.csr.fp32,fp32,H100-SXM5-80GB,H100-SXM5-80GB,67000.0,9630d841-fbae-5247-8ae0-f8f392316afc,suitesparse_all,JGD_Homology/n3c5-b1,n3c5-b1,45,10,90,pass,180.0,3.64821,0.00293119996786,0.061408297616560685,9.16541755471055e-05,2026-10-07T03:44:56.591171+00:00,source
2,full-20261009-H100-SXM5-80GB-spmv-fp32-cusparse-sell-nrows-default-13.4.1,cuSPARSE-CUDA-13.4.1-SELL-NROWS-DEFAULT,cuSPARSE CUDA 13.4.1 SELL-NROWS DEFAULT,sell-nrows-default,cusparse,candidate,,sell,spmv.csr.fp32,fp32,H100-SXM5-80GB,H100-SXM5-80GB,67000.0,b507c62e-e8c4-5489-84fd-4bc66dd1e529,suitesparse_all,JGD_Homology/n3c5-b3,n3c5-b3,210,120,840,pass,1680.0,6.665495,0.00297439992428,0.564819809967777,0.0008430146417429509,2026-10-07T08:05:57.365916+00:00,source
2,full-20261009-H100-SXM5-80GB-spmv-fp32-cusparse-sell-nrows-default-13.4.1,cuSPARSE-CUDA-13.4.1-SELL-NROWS-DEFAULT,cuSPARSE CUDA 13.4.1 SELL-NROWS DEFAULT,sell-nrows-default,cusparse,candidate,,sell,spmv.csr.fp32,fp32,H100-SXM5-80GB,H100-SXM5-80GB,67000.0,26cb3a9c-bd7d-5e51-9c99-6d49c0b2dba4,suitesparse_all,JGD_Homology/n3c5-b6,n3c5-b6,120,210,840,pass,1680.0,6.9326,0.00309759993106,0.5423553839714553,0.00080948564771859,2026-10-07T13:02:28.919209+00:00,source
2,full-20261009-H100-SXM5-80GB-spmv-fp32-cusparse-sell-nrows-default-13.4.1,cuSPARSE-CUDA-13.4.1-SELL-NROWS-DEFAULT,cuSPARSE CUDA 13.4.1 SELL-NROWS DEFAULT,sell-nrows-default,cusparse,candidate,,sell,spmv.csr.fp32,fp32,H100-SXM5-80GB,H100-SXM5-80GB,67000.0,6054a01d-2dc6-5795-9ae4-804d2647be74,suitesparse_all,JGD_Homology/n3c5-b7,n3c5-b7,30,120,240,pass,480.0,6.925943,0.00285919997841,0.16787912829620538,0.00025056586312866474,2026-10-07T17:38:11.775130+00:00,source
2,full-20261009-H100-SXM5-80GB-spmv-fp32-cusparse-sell-nrows-default-13.4.1,cuSPARSE-CUDA-13.4.1-SELL-NROWS-DEFAULT,cuSPARSE CUDA 13.4.1 SELL-NROWS DEFAULT,sell-nrows-default,cusparse,candidate,,sell,spmv.csr.fp32,fp32,H100-SXM5-80GB,H100-SXM5-80GB,67000.0,c27d1d0a-dd52-58f0-bf45-e28eecb2fab1,suitesparse_all,JGD_Homology/n3c6-b11,n3c6-b11,60,675,720,pass,1440.0,4.092155,0.00313440002501,0.4594180667783162,0.0006856986071318152,2026-10-06T12:27:46.144876+00:00,source
2,full-20261009-H100-SXM5-80GB-spmv-fp32-cusparse-sell-nrows-default-13.4.1,cuSPARSE-CUDA-13.4.1-SELL-NROWS-DEFAULT,cuSPARSE CUDA 13.4.1 SELL-NROWS DEFAULT,sell-nrows-default,cusparse,candidate,,sell,spmv.csr.fp32,fp32,H100-SXM5-80GB,H100-SXM5-80GB,67000.0,1bbb760b-88a6-5cef-b074-0c4935b865f2,suitesparse_all,JGD_Homology/n3c6-b2,n3c6-b2,455,105,1365,pass,2730.0,9.004826,0.00274560004473,0.9943181656192265,0.0014840569636107857,2026-10-06T19:06:19.313523+00:00,source
2,full-20261009-H100-SXM5-80GB-spmv-fp32-cusparse-sell-nrows-default-13.4.1,cuSPARSE-CUDA-13.4.1-SELL-NROWS-DEFAULT,cuSPARSE CUDA 13.4.1 SELL-NROWS DEFAULT,sell-nrows-default,cusparse,candidate,,sell,spmv.csr.fp32,fp32,H100-SXM5-80GB,H100-SXM5-80GB,67000.0,ca497226-ebef-56c9-ba00-9b037f2146f7,suitesparse_all,JGD_Homology/n3c6-b4,n3c6-b4,3003,1365,15015,pass,30030.0,4.71732,0.00295839998871,10.15075720477354,0.015150383887721703,2026-10-08T21:14:19.173992+00:00,source
2,full-20261009-H100-SXM5-80GB-spmv-fp32-cusparse-sell-nrows-default-13.4.1,cuSPARSE-CUDA-13.4.1-SELL-NROWS-DEFAULT,cuSPARSE CUDA 13.4.1 SELL-NROWS DEFAULT,sell-nrows-default,cusparse,candidate,,sell,spmv.csr.fp32,fp32,H100-SXM5-80GB,H100-SXM5-80GB,67000.0,9630d841-fbae-5247-8ae0-f8f392316afc,suitesparse_all,JGD_Homology/n3c6-b8,n3c6-b8,4935,6435,44415,pass,88830.0,3.748896,0.00319360010326,27.81500411066592,0.0415149315084566,2026-10-07T03:44:56.962947+00:00,source
2,full-20261009-H100-SXM5-80GB-spmv-fp32-cusparse-sell-nrows-default-13.4.1,cuSPARSE-CUDA-13.4.1-SELL-NROWS-DEFAULT,cuSPARSE CUDA 13.4.1 SELL-NROWS DEFAULT,sell-nrows-default,cusparse,candidate,,sell,spmv.csr.fp32,fp32,H100-SXM5-80GB,H100-SXM5-80GB,67000.0,b507c62e-e8c4-5489-84fd-4bc66dd1e529,suitesparse_all,JGD_Homology/n4c5-b10,n4c5-b10,120,630,1320,pass,2640.0,6.327831,0.00344480015337,0.7663724693629397,0.0011438395065118503,2026-10-07T08:05:57.843817+00:00,source
2,full-20261009-H100-SXM5-80GB-spmv-fp32-cusparse-sell-nrows-default-13.4.1,cuSPARSE-CUDA-13.4.1-SELL-NROWS-DEFAULT,cuSPARSE CUDA 13.4.1 SELL-NROWS DEFAULT,sell-nrows-default,cusparse,candidate,,sell,spmv.csr.fp32,fp32,H100-SXM5-80GB,H100-SXM5-80GB,67000.0,26cb3a9c-bd7d-5e51-9c99-6d49c0b2dba4,suitesparse_all,JGD_Homology/n4c5-b2,n4c5-b2,455,105,1365,pass,2730.0,8.801365,0.00294560007751,0.9268060592623786,0.0013832926257647442,2026-10-07T13:02:29.541969+00:00,source
2,full-20261009-H100-SXM5-80GB-spmv-fp32-cusparse-sell-nrows-default-13.4.1,cuSPARSE-CUDA-13.4.1-SELL-NROWS-DEFAULT,cuSPARSE CUDA 13.4.1 SELL-NROWS DEFAULT,sell-nrows-default,cusparse,candidate,,sell,spmv.csr.fp32,fp32,H100-SXM5-80GB,H100-SXM5-80GB,67000.0,6054a01d-2dc6-5795-9ae4-804d2647be74,suitesparse_all,JGD_Homology/n4c5-b3,n4c5-b3,1350,455,5400,pass,10800.0,6.626849,0.00294720008969,3.6644950024875964,0.00546939552610089,2026-10-07T17:38:12.275643+00:00,source
2,full-20261009-H100-SXM5-80GB-spmv-fp32-cusparse-sell-nrows-default-13.4.1,cuSPARSE-CUDA-13.4.1-SELL-NROWS-DEFAULT,cuSPARSE CUDA 13.4.1 SELL-NROWS DEFAULT,sell-nrows-default,cusparse,candidate,,sell,spmv.csr.fp32,fp32,H100-SXM5-80GB,H100-SXM5-80GB,67000.0,c27d1d0a-dd52-58f0-bf45-e28eecb2fab1,suitesparse_all,JGD_Homology/n4c5-b6,n4c5-b6,4735,4340,33145,pass,66290.0,4.204992,0.00313920006156,21.11684464196198,0.03151767857009251,2026-10-06T12:27:46.506774+00:00,source
2,full-20261009-H100-SXM5-80GB-spmv-fp32-cusparse-sell-nrows-default-13.4.1,cuSPARSE-CUDA-13.4.1-SELL-NROWS-DEFAULT,cuSPARSE CUDA 13.4.1 SELL-NROWS DEFAULT,sell-nrows-default,cusparse,candidate,,sell,spmv.csr.fp32,fp32,H100-SXM5-80GB,H100-SXM5-80GB,67000.0,1bbb760b-88a6-5cef-b074-0c4935b865f2,suitesparse_all,JGD_Homology/n4c5-b7,n4c5-b7,3635,4735,29080,pass,58160.0,8.988913,0.00319200009108,18.22055085854393,0.02719485202767751,2026-10-06T19:06:19.845697+00:00,source
2,full-20261009-H100-SXM5-80GB-spmv-fp32-cusparse-sell-nrows-default-13.4.1,cuSPARSE-CUDA-13.4.1-SELL-NROWS-DEFAULT,cuSPARSE CUDA 13.4.1 SELL-NROWS DEFAULT,sell-nrows-default,cusparse,candidate,,sell,spmv.csr.fp32,fp32,H100-SXM5-80GB,H100-SXM5-80GB,67000.0,ca497226-ebef-56c9-ba00-9b037f2146f7,suitesparse_all,JGD_Homology/n4c5-b9,n4c5-b9,630,1895,6300,pass,12600.0,4.720097,0.00355519987643,3.5441045336253927,0.005289708259142377,2026-10-08T21:14:19.531017+00:00,source
2,full-20261009-H100-SXM5-80GB-spmv-fp32-cusparse-sell-nrows-default-13.4.1,cuSPARSE-CUDA-13.4.1-SELL-NROWS-DEFAULT,cuSPARSE CUDA 13.4.1 SELL-NROWS DEFAULT,sell-nrows-default,cusparse,candidate,,sell,spmv.csr.fp32,fp32,H100-SXM5-80GB,H100-SXM5-80GB,67000.0,9630d841-fbae-5247-8ae0-f8f392316afc,suitesparse_all,JGD_Homology/n4c6-b12,n4c6-b12,25605,69235,332865,pass,665730.0,5.404939,0.00372800007463,178.57564020195815,0.2665308062715793,2026-10-07T03:44:57.498688+00:00,source
2,full-20261009-H100-SXM5-80GB-spmv-fp32-cusparse-sell-nrows-default-13.4.1,cuSPARSE-CUDA-13.4.1-SELL-NROWS-DEFAULT,cuSPARSE CUDA 13.4.1 SELL-NROWS DEFAULT,sell-nrows-default,cusparse,candidate,,sell,spmv.csr.fp32,fp32,H100-SXM5-80GB,H100-SXM5-80GB,67000.0,b507c62e-e8c4-5489-84fd-4bc66dd1e529,suitesparse_all,JGD_Homology/n4c6-b14,n4c6-b14,920,6300,13800,pass,27600.0,6.394425,0.00345119982958,7.9972187537337796,0.011936147393632506,2026-10-07T08:05:58.324860+00:00,source
2,full-20261009-H100-SXM5-80GB-spmv-fp32-cusparse-sell-nrows-default-13.4.1,cuSPARSE-CUDA-13.4.1-SELL-NROWS-DEFAULT,cuSPARSE CUDA 13.4.1 SELL-NROWS DEFAULT,sell-nrows-default,cusparse,candidate,,sell,spmv.csr.fp32,fp32,H100-SXM5-80GB,H100-SXM5-80GB,67000.0,26cb3a9c-bd7d-5e51-9c99-6d49c0b2dba4,suitesparse_all,JGD_Homology/n4c6-b3,n4c6-b3,5970,1330,23880,pass,47760.0,6.951165,0.00298560000956,15.996784514694111,0.02387579778312554,2026-10-07T13:02:30.130517+00:00,source
2,full-20261009-H100-SXM5-80GB-spmv-fp32-cusparse-sell-nrows-default-13.4.1,cuSPARSE-CUDA-13.4.1-SELL-NROWS-DEFAULT,cuSPARSE CUDA 13.4.1 SELL-NROWS DEFAULT,sell-nrows-default,cusparse,candidate,,sell,spmv.csr.fp32,fp32,H100-SXM5-80GB,H100-SXM5-80GB,67000.0,6054a01d-2dc6-5795-9ae4-804d2647be74,suitesparse_all,JGD_Homology/n4c6-b4,n4c6-b4,20058,5970,100290,pass,200580.0,7.643994,0.00327840000391,61.18228396802626,0.09131684174332277,2026-10-07T17:38:12.835746+00:00,source
2,full-20261009-H100-SXM5-80GB-spmv-fp32-cusparse-sell-nrows-default-13.4.1,cuSPARSE-CUDA-13.4.1-SELL-NROWS-DEFAULT,cuSPARSE CUDA 13.4.1 SELL-NROWS DEFAULT,sell-nrows-default,cusparse,candidate,,sell,spmv.csr.fp32,fp32,H100-SXM5-80GB,H100-SXM5-80GB,67000.0,c27d1d0a-dd52-58f0-bf45-e28eecb2fab1,suitesparse_all,JGD_Homology/n4c6-b7,n4c6-b7,163215,104115,1305720,pass,2611440.0,11.370283,0.00661920011044,394.5250115465098,0.5888433008156863,2026-10-06T12:27:47.688701+00:00,source
2,full-20261009-H100-SXM5-80GB-spmv-fp32-cusparse-sell-nrows-default-13.4.1,cuSPARSE-CUDA-13.4.1-SELL-NROWS-DEFAULT,cuSPARSE CUDA 13.4.1 SELL-NROWS DEFAULT,sell-nrows-default,cusparse,candidate,,sell,spmv.csr.fp32,fp32,H100-SXM5-80GB,H100-SXM5-80GB,67000.0,1bbb760b-88a6-5cef-b074-0c4935b865f2,suitesparse_all,JGD_Homology/n4c6-b8,n4c6-b8,198895,163215,1790055,pass,3580110.0,18.498383,0.00813760012388,439.94666062468144,0.6566368069025096,2026-10-06T19:06:21.503537+00:00,source
2,full-20261009-H100-SXM5-80GB-spmv-fp32-cusparse-sell-nrows-default-13.4.1,cuSPARSE-CUDA-13.4.1-SELL-NROWS-DEFAULT,cuSPARSE CUDA 13.4.1 SELL-NROWS DEFAULT,sell-nrows-default,cusparse,candidate,,sell,spmv.csr.fp32,fp32,H100-SXM5-80GB,H100-SXM5-80GB,67000.0,ca497226-ebef-56c9-ba00-9b037f2146f7,suitesparse_all,JGD_Homology/shar_te2-b1,shar_te2-b1,17160,286,34320,pass,68640.0,4.877649,0.00319840013981,21.46072942708086,0.032030939443404266,2026-10-08T21:14:19.877949+00:00,source
2,full-20261009-H100-SXM5-80GB-spmv-fp32-cusparse-sell-nrows-default-13.4.1,cuSPARSE-CUDA-13.4.1-SELL-NROWS-DEFAULT,cuSPARSE CUDA 13.4.1 SELL-NROWS DEFAULT,sell-nrows-default,cusparse,candidate,,sell,spmv.csr.fp32,fp32,H100-SXM5-80GB,H100-SXM5-80GB,67000.0,c27d1d0a-dd52-58f0-bf45-e28eecb2fab1,suitesparse_all,JGD_Kocay/Trec12,Trec12,551,2726,151219,pass,302438.0,14.580756,0.0220159992576,13.73719159695181,0.02050327104022658,2026-10-06T12:27:48.141429+00:00,source
2,full-20261009-H100-SXM5-80GB-spmv-fp32-cusparse-sell-nrows-default-13.4.1,cuSPARSE-CUDA-13.4.1-SELL-NROWS-DEFAULT,cuSPARSE CUDA 13.4.1 SELL-NROWS DEFAULT,sell-nrows-default,cusparse,candidate,,sell,spmv.csr.fp32,fp32,H100-SXM5-80GB,H100-SXM5-80GB,67000.0,1bbb760b-88a6-5cef-b074-0c4935b865f2,suitesparse_all,JGD_Kocay/Trec13,Trec13,1301,6561,654517,pass,1309034.0,16.440267,0.062603199482,20.910017552319836,0.031208981421372888,2026-10-06T19:06:22.373187+00:00,source
2,full-20261009-H100-SXM5-80GB-spmv-fp32-cusparse-sell-nrows-default-13.4.1,cuSPARSE-CUDA-13.4.1-SELL-NROWS-DEFAULT,cuSPARSE CUDA 13.4.1 SELL-NROWS DEFAULT,sell-nrows-default,cusparse,candidate,,sell,spmv.csr.fp32,fp32,H100-SXM5-80GB,H100-SXM5-80GB,67000.0,9630d841-fbae-5247-8ae0-f8f392316afc,suitesparse_all,JGD_Kocay/Trec3,Trec3,1,2,1,pass,2.0,3.640587,0.00272000003606,0.0007352941078990054,1.0974538923865754e-06,2026-10-07T03:44:57.851023+00:00,source
2,full-20261009-H100-SXM5-80GB-spmv-fp32-cusparse-sell-nrows-default-13.4.1,cuSPARSE-CUDA-13.4.1-SELL-NROWS-DEFAULT,cuSPARSE CUDA 13.4.1 SELL-NROWS DEFAULT,sell-nrows-default,cusparse,candidate,,sell,spmv.csr.fp32,fp32,H100-SXM5-80GB,H100-SXM5-80GB,67000.0,b507c62e-e8c4-5489-84fd-4bc66dd1e529,suitesparse_all,JGD_Kocay/Trec5,Trec5,3,7,12,pass,24.0,5.588814,0.00280000008643,0.008571428306846946,1.27931765773835e-05,2026-10-07T08:05:58.796341+00:00,source
2,full-20261009-H100-SXM5-80GB-spmv-fp32-cusparse-sell-nrows-default-13.4.1,cuSPARSE-CUDA-13.4.1-SELL-NROWS-DEFAULT,cuSPARSE CUDA 13.4.1 SELL-NROWS DEFAULT,sell-nrows-default,cusparse,candidate,,sell,spmv.csr.fp32,fp32,H100-SXM5-80GB,H100-SXM5-80GB,67000.0,26cb3a9c-bd7d-5e51-9c99-6d49c0b2dba4,suitesparse_all,JGD_Kocay/Trec8,Trec8,23,84,549,pass,1098.0,9.042747,0.00433919988573,0.25304204206192715,0.00037767468964466737,2026-10-07T13:02:30.719955+00:00,source
2,full-20261009-H100-SXM5-80GB-spmv-fp32-cusparse-sell-nrows-default-13.4.1,cuSPARSE-CUDA-13.4.1-SELL-NROWS-DEFAULT,cuSPARSE CUDA 13.4.1 SELL-NROWS DEFAULT,sell-nrows-default,cusparse,candidate,,sell,spmv.csr.fp32,fp32,H100-SXM5-80GB,H100-SXM5-80GB,67000.0,6054a01d-2dc6-5795-9ae4-804d2647be74,suitesparse_all,JGD_Kocay/Trec9,Trec9,47,201,2147,pass,4294.0,7.331868,0.00527199991047,0.8144916678530802,0.001215659205750866,2026-10-07T17:38:13.331333+00:00,source
2,full-20261009-H100-SXM5-80GB-spmv-fp32-cusparse-sell-nrows-default-13.4.1,cuSPARSE-CUDA-13.4.1-SELL-NROWS-DEFAULT,cuSPARSE CUDA 13.4.1 SELL-NROWS DEFAULT,sell-nrows-default,cusparse,candidate,,sell,spmv.csr.fp32,fp32,H100-SXM5-80GB,H100-SXM5-80GB,67000.0,ca497226-ebef-56c9-ba00-9b037f2146f7,suitesparse_all,JGD_Margulies/cat_ears_2_1,cat_ears_2_1,85,85,254,pass,508.0,4.680808,0.00278880000114,0.18215720015502754,0.00027187641814183214,2026-10-08T21:14:20.207692+00:00,source
2,full-20261009-H100-SXM5-80GB-spmv-fp32-cusparse-sell-nrows-default-13.4.1,cuSPARSE-CUDA-13.4.1-SELL-NROWS-DEFAULT,cuSPARSE CUDA 13.4.1 SELL-NROWS DEFAULT,sell-nrows-default,cusparse,candidate,,sell,spmv.csr.fp32,fp32,H100-SXM5-80GB,H100-SXM5-80GB,67000.0,9630d841-fbae-5247-8ae0-f8f392316afc,suitesparse_all,JGD_Margulies/cat_ears_4_1,cat_ears_4_1,377,313,938,pass,1876.0,3.550405,0.00277440007776,0.6761822186491028,0.0010092271920135861,2026-10-07T03:44:58.173222+00:00,source
2,full-20261009-H100-SXM5-80GB-spmv-fp32-cusparse-sell-nrows-default-13.4.1,cuSPARSE-CUDA-13.4.1-SELL-NROWS-DEFAULT,cuSPARSE CUDA 13.4.1 SELL-NROWS DEFAULT,sell-nrows-default,cusparse,candidate,,sell,spmv.csr.fp32,fp32,H100-SXM5-80GB,H100-SXM5-80GB,67000.0,b507c62e-e8c4-5489-84fd-4bc66dd1e529,suitesparse_all,JGD_Margulies/flower_4_1,flower_4_1,121,129,386,pass,772.0,5.388631,0.00295039992779,0.2616594424126994,0.00039053648121298415,2026-10-07T08:05:59.273874+00:00,source
2,full-20261009-H100-SXM5-80GB-spmv-fp32-cusparse-sell-nrows-default-13.4.1,cuSPARSE-CUDA-13.4.1-SELL-NROWS-DEFAULT,cuSPARSE CUDA 13.4.1 SELL-NROWS DEFAULT,sell-nrows-default,cusparse,candidate,,sell,spmv.csr.fp32,fp32,H100-SXM5-80GB,H100-SXM5-80GB,67000.0,26cb3a9c-bd7d-5e51-9c99-6d49c0b2dba4,suitesparse_all,JGD_Margulies/flower_5_4,flower_5_4,5226,14721,43942,pass,87884.0,9.051533,0.00346399992704,25.37067028032451,0.03786667206018583,2026-10-07T13:02:31.321003+00:00,source
2,full-20261009-H100-SXM5-80GB-spmv-fp32-cusparse-sell-nrows-default-13.4.1,cuSPARSE-CUDA-13.4.1-SELL-NROWS-DEFAULT,cuSPARSE CUDA 13.4.1 SELL-NROWS DEFAULT,sell-nrows-default,cusparse,candidate,,sell,spmv.csr.fp32,fp32,H100-SXM5-80GB,H100-SXM5-80GB,67000.0,6054a01d-2dc6-5795-9ae4-804d2647be74,suitesparse_all,JGD_Margulies/flower_7_1,flower_7_1,463,393,1178,pass,2356.0,6.984282,0.00302719995379,0.7782769674828814,0.0011616074141535544,2026-10-07T17:38:13.836337+00:00,source
2,full-20261009-H100-SXM5-80GB-spmv-fp32-cusparse-sell-nrows-default-13.4.1,cuSPARSE-CUDA-13.4.1-SELL-NROWS-DEFAULT,cuSPARSE CUDA 13.4.1 SELL-NROWS DEFAULT,sell-nrows-default,cusparse,candidate,,sell,spmv.csr.fp32,fp32,H100-SXM5-80GB,H100-SXM5-80GB,67000.0,c27d1d0a-dd52-58f0-bf45-e28eecb2fab1,suitesparse_all,JGD_Margulies/flower_8_4,flower_8_4,55081,125361,375266,pass,750532.0,20.279235,0.00440640002489,170.3277041940231,0.25422045402093,2026-10-06T12:27:48.672347+00:00,source
2,full-20261009-H100-SXM5-80GB-spmv-fp32-cusparse-sell-nrows-default-13.4.1,cuSPARSE-CUDA-13.4.1-SELL-NROWS-DEFAULT,cuSPARSE CUDA 13.4.1 SELL-NROWS DEFAULT,sell-nrows-default,cusparse,candidate,,sell,spmv.csr.fp32,fp32,H100-SXM5-80GB,H100-SXM5-80GB,67000.0,1bbb760b-88a6-5cef-b074-0c4935b865f2,suitesparse_all,JGD_Margulies/kneser_10_4_1,kneser_10_4_1,349651,330751,992252,pass,1984504.0,42.206684,0.0197167992592,100.65041358444711,0.1502244978872345,2026-10-06T19:06:23.400211+00:00,source
2,full-20261009-H100-SXM5-80GB-spmv-fp32-cusparse-sell-nrows-default-13.4.1,cuSPARSE-CUDA-13.4.1-SELL-NROWS-DEFAULT,cuSPARSE CUDA 13.4.1 SELL-NROWS DEFAULT,sell-nrows-default,cusparse,candidate,,sell,spmv.csr.fp32,fp32,H100-SXM5-80GB,H100-SXM5-80GB,67000.0,ca497226-ebef-56c9-ba00-9b037f2146f7,suitesparse_all,JGD_Margulies/kneser_8_3_1,kneser_8_3_1,15737,15681,47042,pass,94084.0,5.588324,0.00359040014446,26.20432158381342,0.03911092773703496,2026-10-08T21:14:20.657166+00:00,source
2,full-20261009-H100-SXM5-80GB-spmv-fp32-cusparse-sell-nrows-default-13.4.1,cuSPARSE-CUDA-13.4.1-SELL-NROWS-DEFAULT,cuSPARSE CUDA 13.4.1 SELL-NROWS DEFAULT,sell-nrows-default,cusparse,candidate,,sell,spmv.csr.fp32,fp32,H100-SXM5-80GB,H100-SXM5-80GB,67000.0,9630d841-fbae-5247-8ae0-f8f392316afc,suitesparse_all,JGD_Margulies/wheel_601,wheel_601,902103,723605,2170814,pass,4341628.0,2328.272786,1.81576633453,2.391071977399451,0.0035687641453723143,2026-10-07T03:45:01.965256+00:00,source
2,full-20261009-H100-SXM5-80GB-spmv-fp32-cusparse-sell-nrows-default-13.4.1,cuSPARSE-CUDA-13.4.1-SELL-NROWS-DEFAULT,cuSPARSE CUDA 13.4.1 SELL-NROWS DEFAULT,sell-nrows-default,cusparse,candidate,,sell,spmv.csr.fp32,fp32,H100-SXM5-80GB,H100-SXM5-80GB,67000.0,b507c62e-e8c4-5489-84fd-4bc66dd1e529,suitesparse_all,JGD_Margulies/wheel_7_1,wheel_7_1,114,113,338,pass,676.0,6.420523,0.00297120008618,0.2275174947470861,0.00033957835036878525,2026-10-07T08:05:59.750691+00:00,source
2,full-20261009-H100-SXM5-80GB-spmv-fp32-cusparse-sell-nrows-default-13.4.1,cuSPARSE-CUDA-13.4.1-SELL-NROWS-DEFAULT,cuSPARSE CUDA 13.4.1 SELL-NROWS DEFAULT,sell-nrows-default,cusparse,candidate,,sell,spmv.csr.fp32,fp32,H100-SXM5-80GB,H100-SXM5-80GB,67000.0,26cb3a9c-bd7d-5e51-9c99-6d49c0b2dba4,suitesparse_all,JGD_Relat/rel5,rel5,340,35,656,pass,1312.0,9.041228,0.00294879991561,0.444926762597453,0.0006640697949215716,2026-10-07T13:02:31.930912+00:00,source
2,full-20261009-H100-SXM5-80GB-spmv-fp32-cusparse-sell-nrows-default-13.4.1,cuSPARSE-CUDA-13.4.1-SELL-NROWS-DEFAULT,cuSPARSE CUDA 13.4.1 SELL-NROWS DEFAULT,sell-nrows-default,cusparse,candidate,,sell,spmv.csr.fp32,fp32,H100-SXM5-80GB,H100-SXM5-80GB,67000.0,6054a01d-2dc6-5795-9ae4-804d2647be74,suitesparse_all,JGD_Relat/rel6,rel6,2340,157,5101,pass,10202.0,7.043988,0.00312639996409,3.263178133693938,0.004870415124916325,2026-10-07T17:38:14.329623+00:00,source
2,full-20261009-H100-SXM5-80GB-spmv-fp32-cusparse-sell-nrows-default-13.4.1,cuSPARSE-CUDA-13.4.1-SELL-NROWS-DEFAULT,cuSPARSE CUDA 13.4.1 SELL-NROWS DEFAULT,sell-nrows-default,cusparse,candidate,,sell,spmv.csr.fp32,fp32,H100-SXM5-80GB,H100-SXM5-80GB,67000.0,c27d1d0a-dd52-58f0-bf45-e28eecb2fab1,suitesparse_all,JGD_Relat/rel9,rel9,9888048,274669,23667183,pass,47334366.0,215.811117,0.160134398937,295.5914926100436,0.4411813322537964,2026-10-06T12:28:05.036676+00:00,source
2,full-20261009-H100-SXM5-80GB-spmv-fp32-cusparse-sell-nrows-default-13.4.1,cuSPARSE-CUDA-13.4.1-SELL-NROWS-DEFAULT,cuSPARSE CUDA 13.4.1 SELL-NROWS DEFAULT,sell-nrows-default,cusparse,candidate,,sell,spmv.csr.fp32,fp32,H100-SXM5-80GB,H100-SXM5-80GB,67000.0,1bbb760b-88a6-5cef-b074-0c4935b865f2,suitesparse_all,JGD_Relat/relat3,relat3,12,5,24,pass,48.0,8.974028,0.00269120000303,0.0178359096113099,2.6620760613895373e-05,2026-10-06T19:06:24.003407+00:00,source
2,full-20261009-H100-SXM5-80GB-spmv-fp32-cusparse-sell-nrows-default-13.4.1,cuSPARSE-CUDA-13.4.1-SELL-NROWS-DEFAULT,cuSPARSE CUDA 13.4.1 SELL-NROWS DEFAULT,sell-nrows-default,cusparse,candidate,,sell,spmv.csr.fp32,fp32,H100-SXM5-80GB,H100-SXM5-80GB,67000.0,ca497226-ebef-56c9-ba00-9b037f2146f7,suitesparse_all,JGD_Relat/relat5,relat5,340,35,1058,pass,2116.0,4.922452,0.00289760008454,0.7302595038182845,0.0010899395579377382,2026-10-08T21:14:20.989053+00:00,source
2,full-20261009-H100-SXM5-80GB-spmv-fp32-cusparse-sell-nrows-default-13.4.1,cuSPARSE-CUDA-13.4.1-SELL-NROWS-DEFAULT,cuSPARSE CUDA 13.4.1 SELL-NROWS DEFAULT,sell-nrows-default,cusparse,candidate,,sell,spmv.csr.fp32,fp32,H100-SXM5-80GB,H100-SXM5-80GB,67000.0,9630d841-fbae-5247-8ae0-f8f392316afc,suitesparse_all,JGD_Relat/relat8,relat8,345688,12347,1334038,pass,2668076.0,11.597752,0.00683360025287,390.434895409554,0.5827386498650059,2026-10-07T03:45:03.090580+00:00,source
2,full-20261009-H100-SXM5-80GB-spmv-fp32-cusparse-sell-nrows-default-13.4.1,cuSPARSE-CUDA-13.4.1-SELL-NROWS-DEFAULT,cuSPARSE CUDA 13.4.1 SELL-NROWS DEFAULT,sell-nrows-default,cusparse,candidate,,sell,spmv.csr.fp32,fp32,H100-SXM5-80GB,H100-SXM5-80GB,67000.0,b507c62e-e8c4-5489-84fd-4bc66dd1e529,suitesparse_all,JGD_SL6/D_5,D_5,434,115,1832,pass,3664.0,6.550333,0.00279680006206,1.3100686208156256,0.0019553262997248143,2026-10-07T08:06:00.223371+00:00,source
2,full-20261009-H100-SXM5-80GB-spmv-fp32-cusparse-sell-nrows-default-13.4.1,cuSPARSE-CUDA-13.4.1-SELL-NROWS-DEFAULT,cuSPARSE CUDA 13.4.1 SELL-NROWS DEFAULT,sell-nrows-default,cusparse,candidate,,sell,spmv.csr.fp32,fp32,H100-SXM5-80GB,H100-SXM5-80GB,67000.0,26cb3a9c-bd7d-5e51-9c99-6d49c0b2dba4,suitesparse_all,JGD_SL6/D_8,D_8,1132,1271,14966,pass,29932.0,9.046194,0.00388640016317,7.701728783272158,0.011495117586973372,2026-10-07T13:02:32.543447+00:00,source
2,full-20261009-H100-SXM5-80GB-spmv-fp32-cusparse-sell-nrows-default-13.4.1,cuSPARSE-CUDA-13.4.1-SELL-NROWS-DEFAULT,cuSPARSE CUDA 13.4.1 SELL-NROWS DEFAULT,sell-nrows-default,cusparse,candidate,,sell,spmv.csr.fp32,fp32,H100-SXM5-80GB,H100-SXM5-80GB,67000.0,6054a01d-2dc6-5795-9ae4-804d2647be74,suitesparse_all,JGD_SL6/D_9,D_9,815,1133,12395,pass,24790.0,6.74379,0.00449119992554,5.519683027029658,0.008238332876163669,2026-10-07T17:38:14.832909+00:00,source
2,full-20261009-H100-SXM5-80GB-spmv-fp32-cusparse-sell-nrows-default-13.4.1,cuSPARSE-CUDA-13.4.1-SELL-NROWS-DEFAULT,cuSPARSE CUDA 13.4.1 SELL-NROWS DEFAULT,sell-nrows-default,cusparse,candidate,,sell,spmv.csr.fp32,fp32,H100-SXM5-80GB,H100-SXM5-80GB,67000.0,c27d1d0a-dd52-58f0-bf45-e28eecb2fab1,suitesparse_all,JGD_SPG/08blocks,08blocks,300,300,592,pass,1184.0,4.231114,0.00417120009661,0.28385116335278554,0.0004236584527653515,2026-10-06T12:28:05.470568+00:00,source
2,full-20261009-H100-SXM5-80GB-spmv-fp32-cusparse-sell-nrows-default-13.4.1,cuSPARSE-CUDA-13.4.1-SELL-NROWS-DEFAULT,cuSPARSE CUDA 13.4.1 SELL-NROWS DEFAULT,sell-nrows-default,cusparse,candidate,,sell,spmv.csr.fp32,fp32,H100-SXM5-80GB,H100-SXM5-80GB,67000.0,1bbb760b-88a6-5cef-b074-0c4935b865f2,suitesparse_all,JGD_SPG/EX1,EX1,560,560,8736,pass,17472.0,8.976187,0.00468159988523,3.7320575077597917,0.005570235086208644,2026-10-06T19:06:24.610285+00:00,source
2,full-20261009-H100-SXM5-80GB-spmv-fp32-cusparse-sell-nrows-default-13.4.1,cuSPARSE-CUDA-13.4.1-SELL-NROWS-DEFAULT,cuSPARSE CUDA 13.4.1 SELL-NROWS DEFAULT,sell-nrows-default,cusparse,candidate,,sell,spmv.csr.fp32,fp32,H100-SXM5-80GB,H100-SXM5-80GB,67000.0,ca497226-ebef-56c9-ba00-9b037f2146f7,suitesparse_all,JGD_SPG/EX3,EX3,2600,2600,71760,pass,143520.0,5.260607,0.00488799996674,29.3617023274489,0.04382343630962522,2026-10-08T21:14:21.355289+00:00,source
2,full-20261009-H100-SXM5-80GB-spmv-fp32-cusparse-sell-nrows-default-13.4.1,cuSPARSE-CUDA-13.4.1-SELL-NROWS-DEFAULT,cuSPARSE CUDA 13.4.1 SELL-NROWS DEFAULT,sell-nrows-default,cusparse,candidate,,sell,spmv.csr.fp32,fp32,H100-SXM5-80GB,H100-SXM5-80GB,67000.0,9630d841-fbae-5247-8ae0-f8f392316afc,suitesparse_all,JGD_Taha/abtaha2,abtaha2,37932,331,137228,pass,274456.0,16.523313,0.00327359996736,83.839199271906,0.12513313324165073,2026-10-07T03:45:03.528532+00:00,source
2,full-20261009-H100-SXM5-80GB-spmv-fp32-cusparse-sell-nrows-default-13.4.1,cuSPARSE-CUDA-13.4.1-SELL-NROWS-DEFAULT,cuSPARSE CUDA 13.4.1 SELL-NROWS DEFAULT,sell-nrows-default,cusparse,candidate,,sell,spmv.csr.fp32,fp32,H100-SXM5-80GB,H100-SXM5-80GB,67000.0,6054a01d-2dc6-5795-9ae4-804d2647be74,suitesparse_all,JGD_Trefethen/Trefethen_200,Trefethen_200,200,200,2890,pass,5780.0,7.041019,0.00348320007324,1.659393626109902,0.0024767069046416445,2026-10-07T17:38:15.319486+00:00,source
2,full-20261009-H100-SXM5-80GB-spmv-fp32-cusparse-sell-nrows-default-13.4.1,cuSPARSE-CUDA-13.4.1-SELL-NROWS-DEFAULT,cuSPARSE CUDA 13.4.1 SELL-NROWS DEFAULT,sell-nrows-default,cusparse,candidate,,sell,spmv.csr.fp32,fp32,H100-SXM5-80GB,H100-SXM5-80GB,67000.0,1bbb760b-88a6-5cef-b074-0c4935b865f2,suitesparse_all,JGD_Trefethen/Trefethen_2000,Trefethen_2000,2000,2000,41906,pass,83812.0,9.018101,0.0048656001687,17.22541867273756,0.025709580108563525,2026-10-06T19:06:25.136183+00:00,source
2,full-20261009-H100-SXM5-80GB-spmv-fp32-cusparse-sell-nrows-default-13.4.1,cuSPARSE-CUDA-13.4.1-SELL-NROWS-DEFAULT,cuSPARSE CUDA 13.4.1 SELL-NROWS DEFAULT,sell-nrows-default,cusparse,candidate,,sell,spmv.csr.fp32,fp32,H100-SXM5-80GB,H100-SXM5-80GB,67000.0,ca497226-ebef-56c9-ba00-9b037f2146f7,suitesparse_all,JGD_Trefethen/Trefethen_20000,Trefethen_20000,20000,20000,554466,pass,1108932.0,8.298895,0.00489119999111,226.71982376830618,0.3383877966691137,2026-10-08T21:14:21.880811+00:00,source
2,full-20261009-H100-SXM5-80GB-spmv-fp32-cusparse-sell-nrows-default-13.4.1,cuSPARSE-CUDA-13.4.1-SELL-NROWS-DEFAULT,cuSPARSE CUDA 13.4.1 SELL-NROWS DEFAULT,sell-nrows-default,cusparse,candidate,,sell,spmv.csr.fp32,fp32,H100-SXM5-80GB,H100-SXM5-80GB,67000.0,26cb3a9c-bd7d-5e51-9c99-6d49c0b2dba4,suitesparse_all,JGD_Trefethen/Trefethen_200b,Trefethen_200b,199,199,2873,pass,5746.0,15.325974,0.00324640013278,1.7699604993175964,0.002641732088533726,2026-10-07T13:02:33.138656+00:00,source
2,full-20261009-H100-SXM5-80GB-spmv-fp32-cusparse-sell-nrows-default-13.4.1,cuSPARSE-CUDA-13.4.1-SELL-NROWS-DEFAULT,cuSPARSE CUDA 13.4.1 SELL-NROWS DEFAULT,sell-nrows-default,cusparse,candidate,,sell,spmv.csr.fp32,fp32,H100-SXM5-80GB,H100-SXM5-80GB,67000.0,b507c62e-e8c4-5489-84fd-4bc66dd1e529,suitesparse_all,JGD_Trefethen/Trefethen_20b,Trefethen_20b,19,19,147,pass,294.0,5.602236,0.00275519993156,0.10670731972381277,0.00015926465630419816,2026-10-07T08:06:00.702624+00:00,source
2,full-20261009-H100-SXM5-80GB-spmv-fp32-cusparse-sell-nrows-default-13.4.1,cuSPARSE-CUDA-13.4.1-SELL-NROWS-DEFAULT,cuSPARSE CUDA 13.4.1 SELL-NROWS DEFAULT,sell-nrows-default,cusparse,candidate,,sell,spmv.csr.fp32,fp32,H100-SXM5-80GB,H100-SXM5-80GB,67000.0,c27d1d0a-dd52-58f0-bf45-e28eecb2fab1,suitesparse_all,JGD_Trefethen/Trefethen_700,Trefethen_700,700,700,12654,pass,25308.0,4.227372,0.00386079996824,6.555118164160421,0.009783758453970776,2026-10-06T12:28:05.823769+00:00,source
2,full-20261009-H100-SXM5-80GB-spmv-fp32-cusparse-sell-nrows-default-13.4.1,cuSPARSE-CUDA-13.4.1-SELL-NROWS-DEFAULT,cuSPARSE CUDA 13.4.1 SELL-NROWS DEFAULT,sell-nrows-default,cusparse,candidate,,sell,spmv.csr.fp32,fp32,H100-SXM5-80GB,H100-SXM5-80GB,67000.0,1bbb760b-88a6-5cef-b074-0c4935b865f2,suitesparse_all,Janna/Bump_2911,Bump_2911,2911419,2911419,127729899,fail,255459798.0,0.0,0.0,0.0,0.0,2026-10-06T19:10:03.907212+00:00,source
2,full-20261009-H100-SXM5-80GB-spmv-fp32-cusparse-sell-nrows-default-13.4.1,cuSPARSE-CUDA-13.4.1-SELL-NROWS-DEFAULT,cuSPARSE CUDA 13.4.1 SELL-NROWS DEFAULT,sell-nrows-default,cusparse,candidate,,sell,spmv.csr.fp32,fp32,H100-SXM5-80GB,H100-SXM5-80GB,67000.0,ca497226-ebef-56c9-ba00-9b037f2146f7,suitesparse_all,Janna/Cube_Coup_dt6,Cube_Coup_dt6,2164760,2164760,127206144,pass,254412288.0,1524.353726,0.440849590302,577.0954393441019,0.861336476632988,2026-10-08T21:21:42.294319+00:00,source
2,full-20261009-H100-SXM5-80GB-spmv-fp32-cusparse-sell-nrows-default-13.4.1,cuSPARSE-CUDA-13.4.1-SELL-NROWS-DEFAULT,cuSPARSE CUDA 13.4.1 SELL-NROWS DEFAULT,sell-nrows-default,cusparse,candidate,,sell,spmv.csr.fp32,fp32,H100-SXM5-80GB,H100-SXM5-80GB,67000.0,26cb3a9c-bd7d-5e51-9c99-6d49c0b2dba4,suitesparse_all,Janna/Emilia_923,Emilia_923,923136,923136,41005206,pass,82010412.0,536.493481,0.157936000824,519.2635724098801,0.7750202573281793,2026-10-07T13:05:27.813044+00:00,source
2,full-20261009-H100-SXM5-80GB-spmv-fp32-cusparse-sell-nrows-default-13.4.1,cuSPARSE-CUDA-13.4.1-SELL-NROWS-DEFAULT,cuSPARSE CUDA 13.4.1 SELL-NROWS DEFAULT,sell-nrows-default,cusparse,candidate,,sell,spmv.csr.fp32,fp32,H100-SXM5-80GB,H100-SXM5-80GB,67000.0,6054a01d-2dc6-5795-9ae4-804d2647be74,suitesparse_all,Janna/Fault_639,Fault_639,638802,638802,28614564,pass,57229128.0,1089.435436,0.615860795975,92.92542791167233,0.13869466852488407,2026-10-07T17:41:25.977647+00:00,source
2,full-20261009-H100-SXM5-80GB-spmv-fp32-cusparse-sell-nrows-default-13.4.1,cuSPARSE-CUDA-13.4.1-SELL-NROWS-DEFAULT,cuSPARSE CUDA 13.4.1 SELL-NROWS DEFAULT,sell-nrows-default,cusparse,candidate,,sell,spmv.csr.fp32,fp32,H100-SXM5-80GB,H100-SXM5-80GB,67000.0,c27d1d0a-dd52-58f0-bf45-e28eecb2fab1,suitesparse_all,Janna/Hook_1498,Hook_1498,1498023,1498023,60917445,pass,121834890.0,1001.781704,0.410993623734,296.4398544510097,0.44244754395673086,2026-10-06T12:32:37.329766+00:00,source
2,full-20261009-H100-SXM5-80GB-spmv-fp32-cusparse-sell-nrows-default-13.4.1,cuSPARSE-CUDA-13.4.1-SELL-NROWS-DEFAULT,cuSPARSE CUDA 13.4.1 SELL-NROWS DEFAULT,sell-nrows-default,cusparse,candidate,,sell,spmv.csr.fp32,fp32,H100-SXM5-80GB,H100-SXM5-80GB,67000.0,ca497226-ebef-56c9-ba00-9b037f2146f7,suitesparse_all,Janna/PFlow_742,PFlow_742,742793,742793,37138461,pass,74276922.0,729.975259,0.298496007919,248.83723744860205,0.3713988618635851,2026-10-08T21:22:18.815381+00:00,source
2,full-20261009-H100-SXM5-80GB-spmv-fp32-cusparse-sell-nrows-default-13.4.1,cuSPARSE-CUDA-13.4.1-SELL-NROWS-DEFAULT,cuSPARSE CUDA 13.4.1 SELL-NROWS DEFAULT,sell-nrows-default,cusparse,candidate,,sell,spmv.csr.fp32,fp32,H100-SXM5-80GB,H100-SXM5-80GB,67000.0,1bbb760b-88a6-5cef-b074-0c4935b865f2,suitesparse_all,Janna/StocF-1465,StocF-1465,1465137,1465137,21005389,fail,42010778.0,0.0,0.0,0.0,0.0,2026-10-06T19:08:56.309701+00:00,source
2,full-20261009-H100-SXM5-80GB-spmv-fp32-cusparse-sell-nrows-default-13.4.1,cuSPARSE-CUDA-13.4.1-SELL-NROWS-DEFAULT,cuSPARSE CUDA 13.4.1 SELL-NROWS DEFAULT,sell-nrows-default,cusparse,candidate,,sell,spmv.csr.fp32,fp32,H100-SXM5-80GB,H100-SXM5-80GB,67000.0,9630d841-fbae-5247-8ae0-f8f392316afc,suitesparse_all,Janna/Transport,Transport,1602111,1602111,23500731,pass,47001462.0,151.978478,0.0685168027878,685.9844605645991,1.02385740382776,2026-10-07T03:46:36.792956+00:00,source
2,full-20261009-H100-SXM5-80GB-spmv-fp32-cusparse-sell-nrows-default-13.4.1,cuSPARSE-CUDA-13.4.1-SELL-NROWS-DEFAULT,cuSPARSE CUDA 13.4.1 SELL-NROWS DEFAULT,sell-nrows-default,cusparse,candidate,,sell,spmv.csr.fp32,fp32,H100-SXM5-80GB,H100-SXM5-80GB,67000.0,1bbb760b-88a6-5cef-b074-0c4935b865f2,suitesparse_all,Kamvar/Stanford,Stanford,281903,281903,2312497,fail,4624994.0,0.0,0.0,0.0,0.0,2026-10-06T19:04:36.398431+00:00,source
2,full-20261009-H100-SXM5-80GB-spmv-fp32-cusparse-sell-nrows-default-13.4.1,cuSPARSE-CUDA-13.4.1-SELL-NROWS-DEFAULT,cuSPARSE CUDA 13.4.1 SELL-NROWS DEFAULT,sell-nrows-default,cusparse,candidate,,sell,spmv.csr.fp32,fp32,H100-SXM5-80GB,H100-SXM5-80GB,67000.0,26cb3a9c-bd7d-5e51-9c99-6d49c0b2dba4,suitesparse_all,Kim/kim1,kim1,38415,38415,933195,pass,1866390.0,9.351873,0.00476640015841,391.5722427767374,0.5844361832488618,2026-10-07T13:00:23.169022+00:00,source
2,full-20261009-H100-SXM5-80GB-spmv-fp32-cusparse-sell-nrows-default-13.4.1,cuSPARSE-CUDA-13.4.1-SELL-NROWS-DEFAULT,cuSPARSE CUDA 13.4.1 SELL-NROWS DEFAULT,sell-nrows-default,cusparse,candidate,,sell,spmv.csr.fp32,fp32,H100-SXM5-80GB,H100-SXM5-80GB,67000.0,6054a01d-2dc6-5795-9ae4-804d2647be74,suitesparse_all,Kim/kim2,kim2,456976,456976,11330020,pass,22660040.0,69.078823,0.0370752006769,611.1912973169291,0.912225816890939,2026-10-07T17:34:26.968980+00:00,source
2,full-20261009-H100-SXM5-80GB-spmv-fp32-cusparse-sell-nrows-default-13.4.1,cuSPARSE-CUDA-13.4.1-SELL-NROWS-DEFAULT,cuSPARSE CUDA 13.4.1 SELL-NROWS DEFAULT,sell-nrows-default,cusparse,candidate,,sell,spmv.csr.fp32,fp32,H100-SXM5-80GB,H100-SXM5-80GB,67000.0,1bbb760b-88a6-5cef-b074-0c4935b865f2,suitesparse_all,Koutsovasilis/F1,F1,343791,343791,26837113,fail,53674226.0,0.0,0.0,0.0,0.0,2026-10-06T19:05:35.939114+00:00,source
2,full-20261009-H100-SXM5-80GB-spmv-fp32-cusparse-sell-nrows-default-13.4.1,cuSPARSE-CUDA-13.4.1-SELL-NROWS-DEFAULT,cuSPARSE CUDA 13.4.1 SELL-NROWS DEFAULT,sell-nrows-default,cusparse,candidate,,sell,spmv.csr.fp32,fp32,H100-SXM5-80GB,H100-SXM5-80GB,67000.0,ca497226-ebef-56c9-ba00-9b037f2146f7,suitesparse_all,Koutsovasilis/F2,F2,71505,71505,5294285,pass,10588570.0,147.882638,0.0819664001465,129.181835252919,0.1928087093327149,2026-10-08T21:13:55.545753+00:00,source
2,full-20261009-H100-SXM5-80GB-spmv-fp32-cusparse-sell-nrows-default-13.4.1,cuSPARSE-CUDA-13.4.1-SELL-NROWS-DEFAULT,cuSPARSE CUDA 13.4.1 SELL-NROWS DEFAULT,sell-nrows-default,cusparse,candidate,,sell,spmv.csr.fp32,fp32,H100-SXM5-80GB,H100-SXM5-80GB,67000.0,ca497226-ebef-56c9-ba00-9b037f2146f7,suitesparse_all,LAW/arabic-2005,arabic-2005,22744080,22744080,639999458,fail,1279998916.0,0.0,0.0,0.0,0.0,2026-10-08T21:20:21.448018+00:00,source
2,full-20261009-H100-SXM5-80GB-spmv-fp32-cusparse-sell-nrows-default-13.4.1,cuSPARSE-CUDA-13.4.1-SELL-NROWS-DEFAULT,cuSPARSE CUDA 13.4.1 SELL-NROWS DEFAULT,sell-nrows-default,cusparse,candidate,,sell,spmv.csr.fp32,fp32,H100-SXM5-80GB,H100-SXM5-80GB,67000.0,9630d841-fbae-5247-8ae0-f8f392316afc,suitesparse_all,LAW/cnr-2000,cnr-2000,325557,325557,3216152,pass,6432304.0,3820.066676,3.02631511688,2.125457446292449,0.003172324546705148,2026-10-07T03:45:48.172816+00:00,source
2,full-20261009-H100-SXM5-80GB-spmv-fp32-cusparse-sell-nrows-default-13.4.1,cuSPARSE-CUDA-13.4.1-SELL-NROWS-DEFAULT,cuSPARSE CUDA 13.4.1 SELL-NROWS DEFAULT,sell-nrows-default,cusparse,candidate,,sell,spmv.csr.fp32,fp32,H100-SXM5-80GB,H100-SXM5-80GB,67000.0,b507c62e-e8c4-5489-84fd-4bc66dd1e529,suitesparse_all,LAW/eu-2005,eu-2005,862664,862664,19235140,fail,38470280.0,0.0,0.0,0.0,0.0,2026-10-07T08:06:54.043479+00:00,source
2,full-20261009-H100-SXM5-80GB-spmv-fp32-cusparse-sell-nrows-default-13.4.1,cuSPARSE-CUDA-13.4.1-SELL-NROWS-DEFAULT,cuSPARSE CUDA 13.4.1 SELL-NROWS DEFAULT,sell-nrows-default,cusparse,candidate,,sell,spmv.csr.fp32,fp32,H100-SXM5-80GB,H100-SXM5-80GB,67000.0,6054a01d-2dc6-5795-9ae4-804d2647be74,suitesparse_all,LAW/hollywood-2009,hollywood-2009,1139905,1139905,113891327,fail,227782654.0,0.0,0.0,0.0,0.0,2026-10-07T17:39:17.601413+00:00,source
2,full-20261009-H100-SXM5-80GB-spmv-fp32-cusparse-sell-nrows-default-13.4.1,cuSPARSE-CUDA-13.4.1-SELL-NROWS-DEFAULT,cuSPARSE CUDA 13.4.1 SELL-NROWS DEFAULT,sell-nrows-default,cusparse,candidate,,sell,spmv.csr.fp32,fp32,H100-SXM5-80GB,H100-SXM5-80GB,67000.0,1bbb760b-88a6-5cef-b074-0c4935b865f2,suitesparse_all,LAW/indochina-2004,indochina-2004,7414866,7414866,194109311,fail,388218622.0,0.0,0.0,0.0,0.0,2026-10-06T19:08:38.123263+00:00,source
2,full-20261009-H100-SXM5-80GB-spmv-fp32-cusparse-sell-nrows-default-13.4.1,cuSPARSE-CUDA-13.4.1-SELL-NROWS-DEFAULT,cuSPARSE CUDA 13.4.1 SELL-NROWS DEFAULT,sell-nrows-default,cusparse,candidate,,sell,spmv.csr.fp32,fp32,H100-SXM5-80GB,H100-SXM5-80GB,67000.0,26cb3a9c-bd7d-5e51-9c99-6d49c0b2dba4,suitesparse_all,LAW/ljournal-2008,ljournal-2008,5363260,5363260,79023142,fail,158046284.0,0.0,0.0,0.0,0.0,2026-10-07T13:03:37.031878+00:00,source
2,full-20261009-H100-SXM5-80GB-spmv-fp32-cusparse-sell-nrows-default-13.4.1,cuSPARSE-CUDA-13.4.1-SELL-NROWS-DEFAULT,cuSPARSE CUDA 13.4.1 SELL-NROWS DEFAULT,sell-nrows-default,cusparse,candidate,,sell,spmv.csr.fp32,fp32,H100-SXM5-80GB,H100-SXM5-80GB,67000.0,c27d1d0a-dd52-58f0-bf45-e28eecb2fab1,suitesparse_all,LAW/uk-2002,uk-2002,18520486,18520486,298113762,fail,596227524.0,0.0,0.0,0.0,0.0,2026-10-06T12:31:33.905179+00:00,source
2,full-20261009-H100-SXM5-80GB-spmv-fp32-cusparse-sell-nrows-default-13.4.1,cuSPARSE-CUDA-13.4.1-SELL-NROWS-DEFAULT,cuSPARSE CUDA 13.4.1 SELL-NROWS DEFAULT,sell-nrows-default,cusparse,candidate,,sell,spmv.csr.fp32,fp32,H100-SXM5-80GB,H100-SXM5-80GB,67000.0,c27d1d0a-dd52-58f0-bf45-e28eecb2fab1,suitesparse_all,LPnetlib/lp_25fv47,lp_25fv47,821,1876,10705,pass,21410.0,17.214629,0.0129391998053,1.6546618277917227,0.0024696445190921235,2026-10-06T12:25:01.439669+00:00,source
2,full-20261009-H100-SXM5-80GB-spmv-fp32-cusparse-sell-nrows-default-13.4.1,cuSPARSE-CUDA-13.4.1-SELL-NROWS-DEFAULT,cuSPARSE CUDA 13.4.1 SELL-NROWS DEFAULT,sell-nrows-default,cusparse,candidate,,sell,spmv.csr.fp32,fp32,H100-SXM5-80GB,H100-SXM5-80GB,67000.0,1bbb760b-88a6-5cef-b074-0c4935b865f2,suitesparse_all,LPnetlib/lp_80bau3b,lp_80bau3b,2262,12061,23264,pass,46528.0,9.049027,0.0106831997633,4.355249459982734,0.006500372328332438,2026-10-06T19:03:39.124723+00:00,source
2,full-20261009-H100-SXM5-80GB-spmv-fp32-cusparse-sell-nrows-default-13.4.1,cuSPARSE-CUDA-13.4.1-SELL-NROWS-DEFAULT,cuSPARSE CUDA 13.4.1 SELL-NROWS DEFAULT,sell-nrows-default,cusparse,candidate,,sell,spmv.csr.fp32,fp32,H100-SXM5-80GB,H100-SXM5-80GB,67000.0,ca497226-ebef-56c9-ba00-9b037f2146f7,suitesparse_all,LPnetlib/lp_afiro,lp_afiro,27,51,102,pass,204.0,5.260621,0.00276480000466,0.07378472209785995,0.00011012645089232828,2026-10-08T21:12:05.656010+00:00,source
2,full-20261009-H100-SXM5-80GB-spmv-fp32-cusparse-sell-nrows-default-13.4.1,cuSPARSE-CUDA-13.4.1-SELL-NROWS-DEFAULT,cuSPARSE CUDA 13.4.1 SELL-NROWS DEFAULT,sell-nrows-default,cusparse,candidate,,sell,spmv.csr.fp32,fp32,H100-SXM5-80GB,H100-SXM5-80GB,67000.0,9630d841-fbae-5247-8ae0-f8f392316afc,suitesparse_all,LPnetlib/lp_bandm,lp_bandm,305,472,2494,pass,4988.0,3.945593,0.00489760003984,1.018458011970074,0.001520086585029961,2026-10-07T03:42:58.426876+00:00,source
2,full-20261009-H100-SXM5-80GB-spmv-fp32-cusparse-sell-nrows-default-13.4.1,cuSPARSE-CUDA-13.4.1-SELL-NROWS-DEFAULT,cuSPARSE CUDA 13.4.1 SELL-NROWS DEFAULT,sell-nrows-default,cusparse,candidate,,sell,spmv.csr.fp32,fp32,H100-SXM5-80GB,H100-SXM5-80GB,67000.0,b507c62e-e8c4-5489-84fd-4bc66dd1e529,suitesparse_all,LPnetlib/lp_blend,lp_blend,74,114,522,pass,1044.0,8.977644,0.00381119996309,0.27392947368564674,0.0004088499607248459,2026-10-07T08:03:41.770816+00:00,source
2,full-20261009-H100-SXM5-80GB-spmv-fp32-cusparse-sell-nrows-default-13.4.1,cuSPARSE-CUDA-13.4.1-SELL-NROWS-DEFAULT,cuSPARSE CUDA 13.4.1 SELL-NROWS DEFAULT,sell-nrows-default,cusparse,candidate,,sell,spmv.csr.fp32,fp32,H100-SXM5-80GB,H100-SXM5-80GB,67000.0,26cb3a9c-bd7d-5e51-9c99-6d49c0b2dba4,suitesparse_all,LPnetlib/lp_bore3d,lp_bore3d,233,334,1448,pass,2896.0,4.05897,0.00485280007124,0.5967688669399493,0.0008906998014029094,2026-10-07T13:00:12.947036+00:00,source
2,full-20261009-H100-SXM5-80GB-spmv-fp32-cusparse-sell-nrows-default-13.4.1,cuSPARSE-CUDA-13.4.1-SELL-NROWS-DEFAULT,cuSPARSE CUDA 13.4.1 SELL-NROWS DEFAULT,sell-nrows-default,cusparse,candidate,,sell,spmv.csr.fp32,fp32,H100-SXM5-80GB,H100-SXM5-80GB,67000.0,6054a01d-2dc6-5795-9ae4-804d2647be74,suitesparse_all,LPnetlib/lp_brandy,lp_brandy,220,303,2202,pass,4404.0,6.509894,0.0063055999577,0.6984267999149095,0.0010424280595744918,2026-10-07T17:34:02.121336+00:00,source
2,full-20261009-H100-SXM5-80GB-spmv-fp32-cusparse-sell-nrows-default-13.4.1,cuSPARSE-CUDA-13.4.1-SELL-NROWS-DEFAULT,cuSPARSE CUDA 13.4.1 SELL-NROWS DEFAULT,sell-nrows-default,cusparse,candidate,,sell,spmv.csr.fp32,fp32,H100-SXM5-80GB,H100-SXM5-80GB,67000.0,c27d1d0a-dd52-58f0-bf45-e28eecb2fab1,suitesparse_all,LPnetlib/lp_cre_b,lp_cre_b,9648,77137,260785,pass,521570.0,43.029331,0.123347198963,4.228470564268374,0.006311150095922946,2026-10-06T12:25:01.994621+00:00,source
2,full-20261009-H100-SXM5-80GB-spmv-fp32-cusparse-sell-nrows-default-13.4.1,cuSPARSE-CUDA-13.4.1-SELL-NROWS-DEFAULT,cuSPARSE CUDA 13.4.1 SELL-NROWS DEFAULT,sell-nrows-default,cusparse,candidate,,sell,spmv.csr.fp32,fp32,H100-SXM5-80GB,H100-SXM5-80GB,67000.0,1bbb760b-88a6-5cef-b074-0c4935b865f2,suitesparse_all,LPnetlib/lp_cre_c,lp_cre_c,3068,6411,15977,pass,31954.0,12.316498,0.024990400672,1.278650967601421,0.001908434280002121,2026-10-06T19:03:39.657626+00:00,source
2,full-20261009-H100-SXM5-80GB-spmv-fp32-cusparse-sell-nrows-default-13.4.1,cuSPARSE-CUDA-13.4.1-SELL-NROWS-DEFAULT,cuSPARSE CUDA 13.4.1 SELL-NROWS DEFAULT,sell-nrows-default,cusparse,candidate,,sell,spmv.csr.fp32,fp32,H100-SXM5-80GB,H100-SXM5-80GB,67000.0,ca497226-ebef-56c9-ba00-9b037f2146f7,suitesparse_all,LPnetlib/lp_cycle,lp_cycle,1903,3371,21234,pass,42468.0,5.330701,0.00617920011282,6.872734209059122,0.010257812252327048,2026-10-08T21:12:06.121792+00:00,source
2,full-20261009-H100-SXM5-80GB-spmv-fp32-cusparse-sell-nrows-default-13.4.1,cuSPARSE-CUDA-13.4.1-SELL-NROWS-DEFAULT,cuSPARSE CUDA 13.4.1 SELL-NROWS DEFAULT,sell-nrows-default,cusparse,candidate,,sell,spmv.csr.fp32,fp32,H100-SXM5-80GB,H100-SXM5-80GB,67000.0,9630d841-fbae-5247-8ae0-f8f392316afc,suitesparse_all,LPnetlib/lp_degen2,lp_degen2,444,757,4201,pass,8402.0,12.419174,0.00606399998069,1.385554094121875,0.0020679911852565297,2026-10-07T03:42:58.782325+00:00,source
2,full-20261009-H100-SXM5-80GB-spmv-fp32-cusparse-sell-nrows-default-13.4.1,cuSPARSE-CUDA-13.4.1-SELL-NROWS-DEFAULT,cuSPARSE CUDA 13.4.1 SELL-NROWS DEFAULT,sell-nrows-default,cusparse,candidate,,sell,spmv.csr.fp32,fp32,H100-SXM5-80GB,H100-SXM5-80GB,67000.0,b507c62e-e8c4-5489-84fd-4bc66dd1e529,suitesparse_all,LPnetlib/lp_dfl001,lp_dfl001,6071,12230,35632,pass,71264.0,14.895485,0.0204431995749,3.4859513912634976,0.005202912524273877,2026-10-07T08:03:42.317819+00:00,source
2,full-20261009-H100-SXM5-80GB-spmv-fp32-cusparse-sell-nrows-default-13.4.1,cuSPARSE-CUDA-13.4.1-SELL-NROWS-DEFAULT,cuSPARSE CUDA 13.4.1 SELL-NROWS DEFAULT,sell-nrows-default,cusparse,candidate,,sell,spmv.csr.fp32,fp32,H100-SXM5-80GB,H100-SXM5-80GB,67000.0,26cb3a9c-bd7d-5e51-9c99-6d49c0b2dba4,suitesparse_all,LPnetlib/lp_fffff800,lp_fffff800,524,1028,6401,pass,12802.0,16.179504,0.0102816000581,1.2451369366302465,0.0018584133382540992,2026-10-07T13:00:13.339668+00:00,source
2,full-20261009-H100-SXM5-80GB-spmv-fp32-cusparse-sell-nrows-default-13.4.1,cuSPARSE-CUDA-13.4.1-SELL-NROWS-DEFAULT,cuSPARSE CUDA 13.4.1 SELL-NROWS DEFAULT,sell-nrows-default,cusparse,candidate,,sell,spmv.csr.fp32,fp32,H100-SXM5-80GB,H100-SXM5-80GB,67000.0,6054a01d-2dc6-5795-9ae4-804d2647be74,suitesparse_all,LPnetlib/lp_finnis,lp_finnis,497,1064,2760,pass,5520.0,7.369031,0.00453119985759,1.2182203772702072,0.0018182393690600106,2026-10-07T17:34:02.620870+00:00,source
2,full-20261009-H100-SXM5-80GB-spmv-fp32-cusparse-sell-nrows-default-13.4.1,cuSPARSE-CUDA-13.4.1-SELL-NROWS-DEFAULT,cuSPARSE CUDA 13.4.1 SELL-NROWS DEFAULT,sell-nrows-default,cusparse,candidate,,sell,spmv.csr.fp32,fp32,H100-SXM5-80GB,H100-SXM5-80GB,67000.0,c27d1d0a-dd52-58f0-bf45-e28eecb2fab1,suitesparse_all,LPnetlib/lp_fit2d,lp_fit2d,25,10524,129042,pass,258084.0,21.375067,0.32632958889,0.7908691359489182,0.0011804016954461464,2026-10-06T12:25:02.580536+00:00,source
2,full-20261009-H100-SXM5-80GB-spmv-fp32-cusparse-sell-nrows-default-13.4.1,cuSPARSE-CUDA-13.4.1-SELL-NROWS-DEFAULT,cuSPARSE CUDA 13.4.1 SELL-NROWS DEFAULT,sell-nrows-default,cusparse,candidate,,sell,spmv.csr.fp32,fp32,H100-SXM5-80GB,H100-SXM5-80GB,67000.0,1bbb760b-88a6-5cef-b074-0c4935b865f2,suitesparse_all,LPnetlib/lp_fit2p,lp_fit2p,3000,13525,50284,pass,100568.0,9.00569,0.00510400012136,19.7037612869811,0.029408598935792684,2026-10-06T19:03:40.199201+00:00,source
2,full-20261009-H100-SXM5-80GB-spmv-fp32-cusparse-sell-nrows-default-13.4.1,cuSPARSE-CUDA-13.4.1-SELL-NROWS-DEFAULT,cuSPARSE CUDA 13.4.1 SELL-NROWS DEFAULT,sell-nrows-default,cusparse,candidate,,sell,spmv.csr.fp32,fp32,H100-SXM5-80GB,H100-SXM5-80GB,67000.0,ca497226-ebef-56c9-ba00-9b037f2146f7,suitesparse_all,LPnetlib/lp_gfrd_pnc,lp_gfrd_pnc,616,1160,2445,pass,4890.0,4.666432,0.00346079990268,1.4129681395949085,0.002108907671037177,2026-10-08T21:12:06.447580+00:00,source
2,full-20261009-H100-SXM5-80GB-spmv-fp32-cusparse-sell-nrows-default-13.4.1,cuSPARSE-CUDA-13.4.1-SELL-NROWS-DEFAULT,cuSPARSE CUDA 13.4.1 SELL-NROWS DEFAULT,sell-nrows-default,cusparse,candidate,,sell,spmv.csr.fp32,fp32,H100-SXM5-80GB,H100-SXM5-80GB,67000.0,9630d841-fbae-5247-8ae0-f8f392316afc,suitesparse_all,LPnetlib/lp_grow22,lp_grow22,440,946,8252,pass,16504.0,3.742878,0.00379999987781,4.343158034392231,0.006482325424466017,2026-10-07T03:42:59.170086+00:00,source
2,full-20261009-H100-SXM5-80GB-spmv-fp32-cusparse-sell-nrows-default-13.4.1,cuSPARSE-CUDA-13.4.1-SELL-NROWS-DEFAULT,cuSPARSE CUDA 13.4.1 SELL-NROWS DEFAULT,sell-nrows-default,cusparse,candidate,,sell,spmv.csr.fp32,fp32,H100-SXM5-80GB,H100-SXM5-80GB,67000.0,b507c62e-e8c4-5489-84fd-4bc66dd1e529,suitesparse_all,LPnetlib/lp_israel,lp_israel,174,316,2443,pass,4886.0,9.009032,0.0074256002903,0.6579939410935627,0.0009820805090948698,2026-10-07T08:03:42.827014+00:00,source
2,full-20261009-H100-SXM5-80GB-spmv-fp32-cusparse-sell-nrows-default-13.4.1,cuSPARSE-CUDA-13.4.1-SELL-NROWS-DEFAULT,cuSPARSE CUDA 13.4.1 SELL-NROWS DEFAULT,sell-nrows-default,cusparse,candidate,,sell,spmv.csr.fp32,fp32,H100-SXM5-80GB,H100-SXM5-80GB,67000.0,26cb3a9c-bd7d-5e51-9c99-6d49c0b2dba4,suitesparse_all,LPnetlib/lp_ken_11,lp_ken_11,14694,21349,49058,pass,98116.0,12.193854,0.0112319998443,8.73539898149053,0.013037908927597807,2026-10-07T13:00:13.733982+00:00,source
2,full-20261009-H100-SXM5-80GB-spmv-fp32-cusparse-sell-nrows-default-13.4.1,cuSPARSE-CUDA-13.4.1-SELL-NROWS-DEFAULT,cuSPARSE CUDA 13.4.1 SELL-NROWS DEFAULT,sell-nrows-default,cusparse,candidate,,sell,spmv.csr.fp32,fp32,H100-SXM5-80GB,H100-SXM5-80GB,67000.0,6054a01d-2dc6-5795-9ae4-804d2647be74,suitesparse_all,LPnetlib/lp_ken_13,lp_ken_13,28632,42659,97246,pass,194492.0,30.088281,0.0265359997749,7.329363945200476,0.01093934917194101,2026-10-07T17:34:03.221532+00:00,source
2,full-20261009-H100-SXM5-80GB-spmv-fp32-cusparse-sell-nrows-default-13.4.1,cuSPARSE-CUDA-13.4.1-SELL-NROWS-DEFAULT,cuSPARSE CUDA 13.4.1 SELL-NROWS DEFAULT,sell-nrows-default,cusparse,candidate,,sell,spmv.csr.fp32,fp32,H100-SXM5-80GB,H100-SXM5-80GB,67000.0,c27d1d0a-dd52-58f0-bf45-e28eecb2fab1,suitesparse_all,LPnetlib/lp_maros,lp_maros,846,1966,10137,pass,20274.0,4.843036,0.00973440036178,2.0827168851202624,0.0031085326643586005,2026-10-06T12:25:03.130043+00:00,source
2,full-20261009-H100-SXM5-80GB-spmv-fp32-cusparse-sell-nrows-default-13.4.1,cuSPARSE-CUDA-13.4.1-SELL-NROWS-DEFAULT,cuSPARSE CUDA 13.4.1 SELL-NROWS DEFAULT,sell-nrows-default,cusparse,candidate,,sell,spmv.csr.fp32,fp32,H100-SXM5-80GB,H100-SXM5-80GB,67000.0,1bbb760b-88a6-5cef-b074-0c4935b865f2,suitesparse_all,LPnetlib/lp_maros_r7,lp_maros_r7,3136,9408,144848,pass,289696.0,9.039407,0.00774239972234,37.41682299921924,0.05584600447644663,2026-10-06T19:03:40.820400+00:00,source
2,full-20261009-H100-SXM5-80GB-spmv-fp32-cusparse-sell-nrows-default-13.4.1,cuSPARSE-CUDA-13.4.1-SELL-NROWS-DEFAULT,cuSPARSE CUDA 13.4.1 SELL-NROWS DEFAULT,sell-nrows-default,cusparse,candidate,,sell,spmv.csr.fp32,fp32,H100-SXM5-80GB,H100-SXM5-80GB,67000.0,ca497226-ebef-56c9-ba00-9b037f2146f7,suitesparse_all,LPnetlib/lp_osa_07,lp_osa_07,1118,25067,144812,pass,289624.0,96.145607,1.09170084,0.26529612269969494,0.00039596436223835065,2026-10-08T21:12:07.030770+00:00,source
2,full-20261009-H100-SXM5-80GB-spmv-fp32-cusparse-sell-nrows-default-13.4.1,cuSPARSE-CUDA-13.4.1-SELL-NROWS-DEFAULT,cuSPARSE CUDA 13.4.1 SELL-NROWS DEFAULT,sell-nrows-default,cusparse,candidate,,sell,spmv.csr.fp32,fp32,H100-SXM5-80GB,H100-SXM5-80GB,67000.0,9630d841-fbae-5247-8ae0-f8f392316afc,suitesparse_all,LPnetlib/lp_pds_02,lp_pds_02,2953,7716,16571,pass,33142.0,5.293574,0.00740320011973,4.476712700454288,0.006681660746946699,2026-10-07T03:42:59.497999+00:00,source
2,full-20261009-H100-SXM5-80GB-spmv-fp32-cusparse-sell-nrows-default-13.4.1,cuSPARSE-CUDA-13.4.1-SELL-NROWS-DEFAULT,cuSPARSE CUDA 13.4.1 SELL-NROWS DEFAULT,sell-nrows-default,cusparse,candidate,,sell,spmv.csr.fp32,fp32,H100-SXM5-80GB,H100-SXM5-80GB,67000.0,b507c62e-e8c4-5489-84fd-4bc66dd1e529,suitesparse_all,LPnetlib/lp_pds_10,lp_pds_10,16558,49932,107605,pass,215210.0,14.709595,0.0125568002462,17.138920408097427,0.025580478221040932,2026-10-07T08:03:43.394320+00:00,source
2,full-20261009-H100-SXM5-80GB-spmv-fp32-cusparse-sell-nrows-default-13.4.1,cuSPARSE-CUDA-13.4.1-SELL-NROWS-DEFAULT,cuSPARSE CUDA 13.4.1 SELL-NROWS DEFAULT,sell-nrows-default,cusparse,candidate,,sell,spmv.csr.fp32,fp32,H100-SXM5-80GB,H100-SXM5-80GB,67000.0,26cb3a9c-bd7d-5e51-9c99-6d49c0b2dba4,suitesparse_all,LPnetlib/lp_pilot,lp_pilot,1441,4860,44375,pass,88750.0,5.763813,0.0133471995592,6.649334911519033,0.00992438046495378,2026-10-07T13:00:14.122183+00:00,source
2,full-20261009-H100-SXM5-80GB-spmv-fp32-cusparse-sell-nrows-default-13.4.1,cuSPARSE-CUDA-13.4.1-SELL-NROWS-DEFAULT,cuSPARSE CUDA 13.4.1 SELL-NROWS DEFAULT,sell-nrows-default,cusparse,candidate,,sell,spmv.csr.fp32,fp32,H100-SXM5-80GB,H100-SXM5-80GB,67000.0,6054a01d-2dc6-5795-9ae4-804d2647be74,suitesparse_all,LPnetlib/lp_pilot4,lp_pilot4,410,1123,5264,pass,10528.0,9.553446,0.00552799999714,1.9044862527942892,0.0028425167952153573,2026-10-07T17:34:03.740937+00:00,source
2,full-20261009-H100-SXM5-80GB-spmv-fp32-cusparse-sell-nrows-default-13.4.1,cuSPARSE-CUDA-13.4.1-SELL-NROWS-DEFAULT,cuSPARSE CUDA 13.4.1 SELL-NROWS DEFAULT,sell-nrows-default,cusparse,candidate,,sell,spmv.csr.fp32,fp32,H100-SXM5-80GB,H100-SXM5-80GB,67000.0,c27d1d0a-dd52-58f0-bf45-e28eecb2fab1,suitesparse_all,LPnetlib/lp_pilot_we,lp_pilot_we,722,2928,9265,pass,18530.0,4.342489,0.0064432002604,2.8759000575980296,0.0042923881456687005,2026-10-06T12:25:03.573671+00:00,source
2,full-20261009-H100-SXM5-80GB-spmv-fp32-cusparse-sell-nrows-default-13.4.1,cuSPARSE-CUDA-13.4.1-SELL-NROWS-DEFAULT,cuSPARSE CUDA 13.4.1 SELL-NROWS DEFAULT,sell-nrows-default,cusparse,candidate,,sell,spmv.csr.fp32,fp32,H100-SXM5-80GB,H100-SXM5-80GB,67000.0,1bbb760b-88a6-5cef-b074-0c4935b865f2,suitesparse_all,LPnetlib/lp_pilotnov,lp_pilotnov,975,2446,13331,pass,26662.0,9.018201,0.0126527994871,2.107201653450914,0.0031450770947028567,2026-10-06T19:03:41.350286+00:00,source
2,full-20261009-H100-SXM5-80GB-spmv-fp32-cusparse-sell-nrows-default-13.4.1,cuSPARSE-CUDA-13.4.1-SELL-NROWS-DEFAULT,cuSPARSE CUDA 13.4.1 SELL-NROWS DEFAULT,sell-nrows-default,cusparse,candidate,,sell,spmv.csr.fp32,fp32,H100-SXM5-80GB,H100-SXM5-80GB,67000.0,ca497226-ebef-56c9-ba00-9b037f2146f7,suitesparse_all,LPnetlib/lp_qap15,lp_qap15,6330,22275,94950,pass,189900.0,5.175835,0.00346399992704,54.82101732094152,0.08182241391185302,2026-10-08T21:12:07.412547+00:00,source
2,full-20261009-H100-SXM5-80GB-spmv-fp32-cusparse-sell-nrows-default-13.4.1,cuSPARSE-CUDA-13.4.1-SELL-NROWS-DEFAULT,cuSPARSE CUDA 13.4.1 SELL-NROWS DEFAULT,sell-nrows-default,cusparse,candidate,,sell,spmv.csr.fp32,fp32,H100-SXM5-80GB,H100-SXM5-80GB,67000.0,9630d841-fbae-5247-8ae0-f8f392316afc,suitesparse_all,LPnetlib/lp_sc205,lp_sc205,205,317,665,pass,1330.0,3.562281,0.00286079999059,0.46490492322943067,0.0006938879451185532,2026-10-07T03:42:59.849574+00:00,source
2,full-20261009-H100-SXM5-80GB-spmv-fp32-cusparse-sell-nrows-default-13.4.1,cuSPARSE-CUDA-13.4.1-SELL-NROWS-DEFAULT,cuSPARSE CUDA 13.4.1 SELL-NROWS DEFAULT,sell-nrows-default,cusparse,candidate,,sell,spmv.csr.fp32,fp32,H100-SXM5-80GB,H100-SXM5-80GB,67000.0,b507c62e-e8c4-5489-84fd-4bc66dd1e529,suitesparse_all,LPnetlib/lp_sc50b,lp_sc50b,50,78,148,pass,296.0,8.997085,0.00279360003769,0.10595647050633615,0.00015814398583035246,2026-10-07T08:03:43.908629+00:00,source
2,full-20261009-H100-SXM5-80GB-spmv-fp32-cusparse-sell-nrows-default-13.4.1,cuSPARSE-CUDA-13.4.1-SELL-NROWS-DEFAULT,cuSPARSE CUDA 13.4.1 SELL-NROWS DEFAULT,sell-nrows-default,cusparse,candidate,,sell,spmv.csr.fp32,fp32,H100-SXM5-80GB,H100-SXM5-80GB,67000.0,26cb3a9c-bd7d-5e51-9c99-6d49c0b2dba4,suitesparse_all,LPnetlib/lp_scfxm1,lp_scfxm1,330,600,2732,pass,5464.0,4.014951,0.00472639985383,1.1560596159828271,0.0017254621134072047,2026-10-07T13:00:14.535524+00:00,source
2,full-20261009-H100-SXM5-80GB-spmv-fp32-cusparse-sell-nrows-default-13.4.1,cuSPARSE-CUDA-13.4.1-SELL-NROWS-DEFAULT,cuSPARSE CUDA 13.4.1 SELL-NROWS DEFAULT,sell-nrows-default,cusparse,candidate,,sell,spmv.csr.fp32,fp32,H100-SXM5-80GB,H100-SXM5-80GB,67000.0,6054a01d-2dc6-5795-9ae4-804d2647be74,suitesparse_all,LPnetlib/lp_scfxm2,lp_scfxm2,660,1200,5469,pass,10938.0,7.607494,0.00472799986601,2.3134518422122277,0.0034529131973316833,2026-10-07T17:34:04.267772+00:00,source
2,full-20261009-H100-SXM5-80GB-spmv-fp32-cusparse-sell-nrows-default-13.4.1,cuSPARSE-CUDA-13.4.1-SELL-NROWS-DEFAULT,cuSPARSE CUDA 13.4.1 SELL-NROWS DEFAULT,sell-nrows-default,cusparse,candidate,,sell,spmv.csr.fp32,fp32,H100-SXM5-80GB,H100-SXM5-80GB,67000.0,c27d1d0a-dd52-58f0-bf45-e28eecb2fab1,suitesparse_all,LPnetlib/lp_scrs8,lp_scrs8,490,1275,3288,pass,6576.0,4.209192,0.00446080006659,1.4741750138617928,0.002200261214719094,2026-10-06T12:25:03.983531+00:00,source
2,full-20261009-H100-SXM5-80GB-spmv-fp32-cusparse-sell-nrows-default-13.4.1,cuSPARSE-CUDA-13.4.1-SELL-NROWS-DEFAULT,cuSPARSE CUDA 13.4.1 SELL-NROWS DEFAULT,sell-nrows-default,cusparse,candidate,,sell,spmv.csr.fp32,fp32,H100-SXM5-80GB,H100-SXM5-80GB,67000.0,1bbb760b-88a6-5cef-b074-0c4935b865f2,suitesparse_all,LPnetlib/lp_scsd1,lp_scsd1,77,760,2388,pass,4776.0,8.978803,0.00504480004311,0.9467174038984723,0.0014130110505947348,2026-10-06T19:03:41.884085+00:00,source
2,full-20261009-H100-SXM5-80GB-spmv-fp32-cusparse-sell-nrows-default-13.4.1,cuSPARSE-CUDA-13.4.1-SELL-NROWS-DEFAULT,cuSPARSE CUDA 13.4.1 SELL-NROWS DEFAULT,sell-nrows-default,cusparse,candidate,,sell,spmv.csr.fp32,fp32,H100-SXM5-80GB,H100-SXM5-80GB,67000.0,ca497226-ebef-56c9-ba00-9b037f2146f7,suitesparse_all,LPnetlib/lp_scsd8,lp_scsd8,397,2750,8584,pass,17168.0,4.715781,0.00374559983611,4.583511520501843,0.006841061970898273,2026-10-08T21:12:07.741103+00:00,source
2,full-20261009-H100-SXM5-80GB-spmv-fp32-cusparse-sell-nrows-default-13.4.1,cuSPARSE-CUDA-13.4.1-SELL-NROWS-DEFAULT,cuSPARSE CUDA 13.4.1 SELL-NROWS DEFAULT,sell-nrows-default,cusparse,candidate,,sell,spmv.csr.fp32,fp32,H100-SXM5-80GB,H100-SXM5-80GB,67000.0,9630d841-fbae-5247-8ae0-f8f392316afc,suitesparse_all,LPnetlib/lp_share1b,lp_share1b,117,253,1179,pass,2358.0,11.627017,0.00399839989841,0.5897359093415544,0.0008802028497635141,2026-10-07T03:43:00.190602+00:00,source
2,full-20261009-H100-SXM5-80GB-spmv-fp32-cusparse-sell-nrows-default-13.4.1,cuSPARSE-CUDA-13.4.1-SELL-NROWS-DEFAULT,cuSPARSE CUDA 13.4.1 SELL-NROWS DEFAULT,sell-nrows-default,cusparse,candidate,,sell,spmv.csr.fp32,fp32,H100-SXM5-80GB,H100-SXM5-80GB,67000.0,b507c62e-e8c4-5489-84fd-4bc66dd1e529,suitesparse_all,LPnetlib/lp_shell,lp_shell,536,1777,3558,pass,7116.0,9.04886,0.0268783986568,0.264747914891117,0.0003951461416285328,2026-10-07T08:03:44.432316+00:00,source
2,full-20261009-H100-SXM5-80GB-spmv-fp32-cusparse-sell-nrows-default-13.4.1,cuSPARSE-CUDA-13.4.1-SELL-NROWS-DEFAULT,cuSPARSE CUDA 13.4.1 SELL-NROWS DEFAULT,sell-nrows-default,cusparse,candidate,,sell,spmv.csr.fp32,fp32,H100-SXM5-80GB,H100-SXM5-80GB,67000.0,26cb3a9c-bd7d-5e51-9c99-6d49c0b2dba4,suitesparse_all,LPnetlib/lp_ship08l,lp_ship08l,778,4363,12882,pass,25764.0,4.163252,0.00731360018253,3.522752045092987,0.005257838873273115,2026-10-07T13:00:14.904208+00:00,source
2,full-20261009-H100-SXM5-80GB-spmv-fp32-cusparse-sell-nrows-default-13.4.1,cuSPARSE-CUDA-13.4.1-SELL-NROWS-DEFAULT,cuSPARSE CUDA 13.4.1 SELL-NROWS DEFAULT,sell-nrows-default,cusparse,candidate,,sell,spmv.csr.fp32,fp32,H100-SXM5-80GB,H100-SXM5-80GB,67000.0,6054a01d-2dc6-5795-9ae4-804d2647be74,suitesparse_all,LPnetlib/lp_ship08s,lp_ship08s,778,2467,7194,pass,14388.0,7.083521,0.00523039996624,2.750841253607449,0.004105733214339476,2026-10-07T17:34:04.768144+00:00,source
2,full-20261009-H100-SXM5-80GB-spmv-fp32-cusparse-sell-nrows-default-13.4.1,cuSPARSE-CUDA-13.4.1-SELL-NROWS-DEFAULT,cuSPARSE CUDA 13.4.1 SELL-NROWS DEFAULT,sell-nrows-default,cusparse,candidate,,sell,spmv.csr.fp32,fp32,H100-SXM5-80GB,H100-SXM5-80GB,67000.0,c27d1d0a-dd52-58f0-bf45-e28eecb2fab1,suitesparse_all,LPnetlib/lp_sierra,lp_sierra,1227,2735,8001,pass,16002.0,0.519233,0.00384959988296,4.156795637601663,0.006204172593435318,2026-10-06T12:25:04.509956+00:00,source
2,full-20261009-H100-SXM5-80GB-spmv-fp32-cusparse-sell-nrows-default-13.4.1,cuSPARSE-CUDA-13.4.1-SELL-NROWS-DEFAULT,cuSPARSE CUDA 13.4.1 SELL-NROWS DEFAULT,sell-nrows-default,cusparse,candidate,,sell,spmv.csr.fp32,fp32,H100-SXM5-80GB,H100-SXM5-80GB,67000.0,1bbb760b-88a6-5cef-b074-0c4935b865f2,suitesparse_all,LPnetlib/lp_stair,lp_stair,356,614,4003,pass,8006.0,6.881995,0.00461120009422,1.7362074593195986,0.0025913544168949237,2026-10-06T19:03:42.390501+00:00,source
2,full-20261009-H100-SXM5-80GB-spmv-fp32-cusparse-sell-nrows-default-13.4.1,cuSPARSE-CUDA-13.4.1-SELL-NROWS-DEFAULT,cuSPARSE CUDA 13.4.1 SELL-NROWS DEFAULT,sell-nrows-default,cusparse,candidate,,sell,spmv.csr.fp32,fp32,H100-SXM5-80GB,H100-SXM5-80GB,67000.0,ca497226-ebef-56c9-ba00-9b037f2146f7,suitesparse_all,LPnetlib/lp_standgub,lp_standgub,361,1383,3339,pass,6678.0,5.730226,0.0239215999842,0.2791619291523459,0.00041665959574977004,2026-10-08T21:12:08.069889+00:00,source
2,full-20261009-H100-SXM5-80GB-spmv-fp32-cusparse-sell-nrows-default-13.4.1,cuSPARSE-CUDA-13.4.1-SELL-NROWS-DEFAULT,cuSPARSE CUDA 13.4.1 SELL-NROWS DEFAULT,sell-nrows-default,cusparse,candidate,,sell,spmv.csr.fp32,fp32,H100-SXM5-80GB,H100-SXM5-80GB,67000.0,9630d841-fbae-5247-8ae0-f8f392316afc,suitesparse_all,LPnetlib/lp_stocfor3,lp_stocfor3,16675,23541,76473,pass,152946.0,4.494865,0.00341919995844,44.731516687833945,0.06676345774303574,2026-10-07T03:43:00.581979+00:00,source
2,full-20261009-H100-SXM5-80GB-spmv-fp32-cusparse-sell-nrows-default-13.4.1,cuSPARSE-CUDA-13.4.1-SELL-NROWS-DEFAULT,cuSPARSE CUDA 13.4.1 SELL-NROWS DEFAULT,sell-nrows-default,cusparse,candidate,,sell,spmv.csr.fp32,fp32,H100-SXM5-80GB,H100-SXM5-80GB,67000.0,b507c62e-e8c4-5489-84fd-4bc66dd1e529,suitesparse_all,LPnetlib/lp_tuff,lp_tuff,333,628,4561,pass,9122.0,9.003174,0.00849440023303,1.073883941155682,0.0016028118524711672,2026-10-07T08:03:44.950612+00:00,source
2,full-20261009-H100-SXM5-80GB-spmv-fp32-cusparse-sell-nrows-default-13.4.1,cuSPARSE-CUDA-13.4.1-SELL-NROWS-DEFAULT,cuSPARSE CUDA 13.4.1 SELL-NROWS DEFAULT,sell-nrows-default,cusparse,candidate,,sell,spmv.csr.fp32,fp32,H100-SXM5-80GB,H100-SXM5-80GB,67000.0,26cb3a9c-bd7d-5e51-9c99-6d49c0b2dba4,suitesparse_all,LPnetlib/lp_woodw,lp_woodw,1098,8418,37487,pass,74974.0,11.484014,0.0651232004166,1.1512640582831217,0.0017183045646016744,2026-10-07T13:00:15.315565+00:00,source
2,full-20261009-H100-SXM5-80GB-spmv-fp32-cusparse-sell-nrows-default-13.4.1,cuSPARSE-CUDA-13.4.1-SELL-NROWS-DEFAULT,cuSPARSE CUDA 13.4.1 SELL-NROWS DEFAULT,sell-nrows-default,cusparse,candidate,,sell,spmv.csr.fp32,fp32,H100-SXM5-80GB,H100-SXM5-80GB,67000.0,6054a01d-2dc6-5795-9ae4-804d2647be74,suitesparse_all,LPnetlib/lpi_bgdbg1,lpi_bgdbg1,348,629,1662,pass,3324.0,6.952988,0.00356159992516,0.9332884293147198,0.0013929678049473429,2026-10-07T17:34:05.256784+00:00,source
2,full-20261009-H100-SXM5-80GB-spmv-fp32-cusparse-sell-nrows-default-13.4.1,cuSPARSE-CUDA-13.4.1-SELL-NROWS-DEFAULT,cuSPARSE CUDA 13.4.1 SELL-NROWS DEFAULT,sell-nrows-default,cusparse,candidate,,sell,spmv.csr.fp32,fp32,H100-SXM5-80GB,H100-SXM5-80GB,67000.0,c27d1d0a-dd52-58f0-bf45-e28eecb2fab1,suitesparse_all,LPnetlib/lpi_bgprtr,lpi_bgprtr,20,40,70,pass,140.0,4.273396,0.00292799994349,0.04781420857308093,7.136449040758347e-05,2026-10-06T12:25:04.875874+00:00,source
2,full-20261009-H100-SXM5-80GB-spmv-fp32-cusparse-sell-nrows-default-13.4.1,cuSPARSE-CUDA-13.4.1-SELL-NROWS-DEFAULT,cuSPARSE CUDA 13.4.1 SELL-NROWS DEFAULT,sell-nrows-default,cusparse,candidate,,sell,spmv.csr.fp32,fp32,H100-SXM5-80GB,H100-SXM5-80GB,67000.0,1bbb760b-88a6-5cef-b074-0c4935b865f2,suitesparse_all,LPnetlib/lpi_box1,lpi_box1,231,261,651,pass,1302.0,8.965311,0.00440960004926,0.29526487333437323,0.000440693840797572,2026-10-06T19:03:42.915220+00:00,source
2,full-20261009-H100-SXM5-80GB-spmv-fp32-cusparse-sell-nrows-default-13.4.1,cuSPARSE-CUDA-13.4.1-SELL-NROWS-DEFAULT,cuSPARSE CUDA 13.4.1 SELL-NROWS DEFAULT,sell-nrows-default,cusparse,candidate,,sell,spmv.csr.fp32,fp32,H100-SXM5-80GB,H100-SXM5-80GB,67000.0,ca497226-ebef-56c9-ba00-9b037f2146f7,suitesparse_all,LPnetlib/lpi_chemcom,lpi_chemcom,288,744,1590,pass,3180.0,4.666268,0.00339360013604,0.9370579539493858,0.0013985939611184865,2026-10-08T21:12:08.450845+00:00,source
2,full-20261009-H100-SXM5-80GB-spmv-fp32-cusparse-sell-nrows-default-13.4.1,cuSPARSE-CUDA-13.4.1-SELL-NROWS-DEFAULT,cuSPARSE CUDA 13.4.1 SELL-NROWS DEFAULT,sell-nrows-default,cusparse,candidate,,sell,spmv.csr.fp32,fp32,H100-SXM5-80GB,H100-SXM5-80GB,67000.0,9630d841-fbae-5247-8ae0-f8f392316afc,suitesparse_all,LPnetlib/lpi_ex73a,lpi_ex73a,193,211,457,pass,914.0,3.507389,0.00280319992453,0.3260559448513992,0.0004866506639573123,2026-10-07T03:43:00.916784+00:00,source
2,full-20261009-H100-SXM5-80GB-spmv-fp32-cusparse-sell-nrows-default-13.4.1,cuSPARSE-CUDA-13.4.1-SELL-NROWS-DEFAULT,cuSPARSE CUDA 13.4.1 SELL-NROWS DEFAULT,sell-nrows-default,cusparse,candidate,,sell,spmv.csr.fp32,fp32,H100-SXM5-80GB,H100-SXM5-80GB,67000.0,b507c62e-e8c4-5489-84fd-4bc66dd1e529,suitesparse_all,LPnetlib/lpi_galenet,lpi_galenet,8,14,22,pass,44.0,9.001519,0.00309440009296,0.01421923431947388,2.1222737790259524e-05,2026-10-07T08:03:45.468282+00:00,source
2,full-20261009-H100-SXM5-80GB-spmv-fp32-cusparse-sell-nrows-default-13.4.1,cuSPARSE-CUDA-13.4.1-SELL-NROWS-DEFAULT,cuSPARSE CUDA 13.4.1 SELL-NROWS DEFAULT,sell-nrows-default,cusparse,candidate,,sell,spmv.csr.fp32,fp32,H100-SXM5-80GB,H100-SXM5-80GB,67000.0,26cb3a9c-bd7d-5e51-9c99-6d49c0b2dba4,suitesparse_all,LPnetlib/lpi_greenbea,lpi_greenbea,2393,5596,31074,pass,62148.0,7.489955,0.0138400003314,4.490462320221155,0.006702182567494263,2026-10-07T13:00:15.707668+00:00,source
2,full-20261009-H100-SXM5-80GB-spmv-fp32-cusparse-sell-nrows-default-13.4.1,cuSPARSE-CUDA-13.4.1-SELL-NROWS-DEFAULT,cuSPARSE CUDA 13.4.1 SELL-NROWS DEFAULT,sell-nrows-default,cusparse,candidate,,sell,spmv.csr.fp32,fp32,H100-SXM5-80GB,H100-SXM5-80GB,67000.0,6054a01d-2dc6-5795-9ae4-804d2647be74,suitesparse_all,LPnetlib/lpi_itest2,lpi_itest2,9,13,26,pass,52.0,17.225824,0.00292799994349,0.0177595631842872,2.6506810722816717e-05,2026-10-07T17:34:05.770402+00:00,source
2,full-20261009-H100-SXM5-80GB-spmv-fp32-cusparse-sell-nrows-default-13.4.1,cuSPARSE-CUDA-13.4.1-SELL-NROWS-DEFAULT,cuSPARSE CUDA 13.4.1 SELL-NROWS DEFAULT,sell-nrows-default,cusparse,candidate,,sell,spmv.csr.fp32,fp32,H100-SXM5-80GB,H100-SXM5-80GB,67000.0,c27d1d0a-dd52-58f0-bf45-e28eecb2fab1,suitesparse_all,LPnetlib/lpi_klein2,lpi_klein2,477,531,5062,pass,10124.0,4.313434,0.00417440012097,2.4252586495344146,0.0036197890291558422,2026-10-06T12:25:05.357558+00:00,source
2,full-20261009-H100-SXM5-80GB-spmv-fp32-cusparse-sell-nrows-default-13.4.1,cuSPARSE-CUDA-13.4.1-SELL-NROWS-DEFAULT,cuSPARSE CUDA 13.4.1 SELL-NROWS DEFAULT,sell-nrows-default,cusparse,candidate,,sell,spmv.csr.fp32,fp32,H100-SXM5-80GB,H100-SXM5-80GB,67000.0,1bbb760b-88a6-5cef-b074-0c4935b865f2,suitesparse_all,LPnetlib/lpi_klein3,lpi_klein3,994,1082,13101,pass,26202.0,9.029944,0.00595519989729,4.399852305868624,0.006566943740102424,2026-10-06T19:03:43.427468+00:00,source
2,full-20261009-H100-SXM5-80GB-spmv-fp32-cusparse-sell-nrows-default-13.4.1,cuSPARSE-CUDA-13.4.1-SELL-NROWS-DEFAULT,cuSPARSE CUDA 13.4.1 SELL-NROWS DEFAULT,sell-nrows-default,cusparse,candidate,,sell,spmv.csr.fp32,fp32,H100-SXM5-80GB,H100-SXM5-80GB,67000.0,ca497226-ebef-56c9-ba00-9b037f2146f7,suitesparse_all,LPnetlib/lpi_pang,lpi_pang,361,741,2933,pass,5866.0,4.63111,0.00401119999588,1.4624052667593512,0.002182694427999032,2026-10-08T21:12:08.776518+00:00,source
2,full-20261009-H100-SXM5-80GB-spmv-fp32-cusparse-sell-nrows-default-13.4.1,cuSPARSE-CUDA-13.4.1-SELL-NROWS-DEFAULT,cuSPARSE CUDA 13.4.1 SELL-NROWS DEFAULT,sell-nrows-default,cusparse,candidate,,sell,spmv.csr.fp32,fp32,H100-SXM5-80GB,H100-SXM5-80GB,67000.0,9630d841-fbae-5247-8ae0-f8f392316afc,suitesparse_all,LPnetlib/lpi_refinery,lpi_refinery,323,464,1626,pass,3252.0,3.567358,0.00303840003908,1.0703001442116475,0.0015974629018084294,2026-10-07T03:43:01.273824+00:00,source
2,full-20261009-H100-SXM5-80GB-spmv-fp32-cusparse-sell-nrows-default-13.4.1,cuSPARSE-CUDA-13.4.1-SELL-NROWS-DEFAULT,cuSPARSE CUDA 13.4.1 SELL-NROWS DEFAULT,sell-nrows-default,cusparse,candidate,,sell,spmv.csr.fp32,fp32,H100-SXM5-80GB,H100-SXM5-80GB,67000.0,b507c62e-e8c4-5489-84fd-4bc66dd1e529,suitesparse_all,LPnetlib/lpi_woodinfe,lpi_woodinfe,35,89,140,pass,280.0,13.183972,0.00280959997326,0.09965831529928224,0.00014874375417803318,2026-10-07T08:03:45.980919+00:00,source
2,full-20261009-H100-SXM5-80GB-spmv-fp32-cusparse-sell-nrows-default-13.4.1,cuSPARSE-CUDA-13.4.1-SELL-NROWS-DEFAULT,cuSPARSE CUDA 13.4.1 SELL-NROWS DEFAULT,sell-nrows-default,cusparse,candidate,,sell,spmv.csr.fp32,fp32,H100-SXM5-80GB,H100-SXM5-80GB,67000.0,6054a01d-2dc6-5795-9ae4-804d2647be74,suitesparse_all,LeGresley/LeGresley_2508,LeGresley_2508,2508,2508,16727,pass,33454.0,7.596311,0.00388640016317,8.607965879847214,0.012847710268428677,2026-10-07T17:41:36.031759+00:00,source
2,full-20261009-H100-SXM5-80GB-spmv-fp32-cusparse-sell-nrows-default-13.4.1,cuSPARSE-CUDA-13.4.1-SELL-NROWS-DEFAULT,cuSPARSE CUDA 13.4.1 SELL-NROWS DEFAULT,sell-nrows-default,cusparse,candidate,,sell,spmv.csr.fp32,fp32,H100-SXM5-80GB,H100-SXM5-80GB,67000.0,1bbb760b-88a6-5cef-b074-0c4935b865f2,suitesparse_all,Lourakis/bundle1,bundle1,10581,10581,770901,pass,1541802.0,86.442167,0.232110404968,6.642537202123968,0.009914234630035773,2026-10-06T19:05:17.593803+00:00,source
2,full-20261009-H100-SXM5-80GB-spmv-fp32-cusparse-sell-nrows-default-13.4.1,cuSPARSE-CUDA-13.4.1-SELL-NROWS-DEFAULT,cuSPARSE CUDA 13.4.1 SELL-NROWS DEFAULT,sell-nrows-default,cusparse,candidate,,sell,spmv.csr.fp32,fp32,H100-SXM5-80GB,H100-SXM5-80GB,67000.0,26cb3a9c-bd7d-5e51-9c99-6d49c0b2dba4,suitesparse_all,Luong/photogrammetry2,photogrammetry2,4472,936,37056,pass,74112.0,6.949367,0.00399199984968,18.565130959596814,0.027709150685965394,2026-10-07T13:02:21.174176+00:00,source
2,full-20261009-H100-SXM5-80GB-spmv-fp32-cusparse-sell-nrows-default-13.4.1,cuSPARSE-CUDA-13.4.1-SELL-NROWS-DEFAULT,cuSPARSE CUDA 13.4.1 SELL-NROWS DEFAULT,sell-nrows-default,cusparse,candidate,,sell,spmv.csr.fp32,fp32,H100-SXM5-80GB,H100-SXM5-80GB,67000.0,c27d1d0a-dd52-58f0-bf45-e28eecb2fab1,suitesparse_all,MAWI/mawi_201512020030,mawi_201512020030,68863315,68863315,143414960,fail,286829920.0,0.0,0.0,0.0,0.0,2026-10-06T12:34:09.844114+00:00,source
2,full-20261009-H100-SXM5-80GB-spmv-fp32-cusparse-sell-nrows-default-13.4.1,cuSPARSE-CUDA-13.4.1-SELL-NROWS-DEFAULT,cuSPARSE CUDA 13.4.1 SELL-NROWS DEFAULT,sell-nrows-default,cusparse,candidate,,sell,spmv.csr.fp32,fp32,H100-SXM5-80GB,H100-SXM5-80GB,67000.0,1bbb760b-88a6-5cef-b074-0c4935b865f2,suitesparse_all,MAWI/mawi_201512020130,mawi_201512020130,128568730,128568730,270234840,fail,540469680.0,0.0,0.0,0.0,0.0,2026-10-06T19:11:50.760467+00:00,source
2,full-20261009-H100-SXM5-80GB-spmv-fp32-cusparse-sell-nrows-default-13.4.1,cuSPARSE-CUDA-13.4.1-SELL-NROWS-DEFAULT,cuSPARSE CUDA 13.4.1 SELL-NROWS DEFAULT,sell-nrows-default,cusparse,candidate,,sell,spmv.csr.fp32,fp32,H100-SXM5-80GB,H100-SXM5-80GB,67000.0,1bbb760b-88a6-5cef-b074-0c4935b865f2,suitesparse_all,MKS/fp,fp,7548,7548,848553,pass,1697106.0,44.442202,0.0664111971855,25.554515984098845,0.03814106863298335,2026-10-06T19:05:20.297036+00:00,source
2,full-20261009-H100-SXM5-80GB-spmv-fp32-cusparse-sell-nrows-default-13.4.1,cuSPARSE-CUDA-13.4.1-SELL-NROWS-DEFAULT,cuSPARSE CUDA 13.4.1 SELL-NROWS DEFAULT,sell-nrows-default,cusparse,candidate,,sell,spmv.csr.fp32,fp32,H100-SXM5-80GB,H100-SXM5-80GB,67000.0,9630d841-fbae-5247-8ae0-f8f392316afc,suitesparse_all,ML_Graph/Binaryalphadigs_10NN,Binaryalphadigs_10NN,1404,1404,19392,pass,38784.0,8.477488,0.00466400012374,8.31560869876213,0.01241135626680915,2026-10-07T03:48:07.037432+00:00,source
2,full-20261009-H100-SXM5-80GB-spmv-fp32-cusparse-sell-nrows-default-13.4.1,cuSPARSE-CUDA-13.4.1-SELL-NROWS-DEFAULT,cuSPARSE CUDA 13.4.1 SELL-NROWS DEFAULT,sell-nrows-default,cusparse,candidate,,sell,spmv.csr.fp32,fp32,H100-SXM5-80GB,H100-SXM5-80GB,67000.0,1bbb760b-88a6-5cef-b074-0c4935b865f2,suitesparse_all,ML_Graph/Ecoli_10NN,Ecoli_10NN,336,336,4560,pass,9120.0,8.9915,0.00484480001032,1.8824306432821407,0.0028095979750479712,2026-10-06T19:12:34.934381+00:00,source
2,full-20261009-H100-SXM5-80GB-spmv-fp32-cusparse-sell-nrows-default-13.4.1,cuSPARSE-CUDA-13.4.1-SELL-NROWS-DEFAULT,cuSPARSE CUDA 13.4.1 SELL-NROWS DEFAULT,sell-nrows-default,cusparse,candidate,,sell,spmv.csr.fp32,fp32,H100-SXM5-80GB,H100-SXM5-80GB,67000.0,ca497226-ebef-56c9-ba00-9b037f2146f7,suitesparse_all,ML_Graph/Glass_10NN,Glass_10NN,214,214,2986,pass,5972.0,43.24511,0.00390399992466,1.529713144274741,0.002283153946678718,2026-10-08T21:45:28.494455+00:00,source
2,full-20261009-H100-SXM5-80GB-spmv-fp32-cusparse-sell-nrows-default-13.4.1,cuSPARSE-CUDA-13.4.1-SELL-NROWS-DEFAULT,cuSPARSE CUDA 13.4.1 SELL-NROWS DEFAULT,sell-nrows-default,cusparse,candidate,,sell,spmv.csr.fp32,fp32,H100-SXM5-80GB,H100-SXM5-80GB,67000.0,9630d841-fbae-5247-8ae0-f8f392316afc,suitesparse_all,ML_Graph/JapaneseVowelsSmall_10NN,JapaneseVowelsSmall_10NN,9961,9961,131144,pass,262288.0,8.745494,0.00458079986274,57.25812256794662,0.08545988442977108,2026-10-07T03:48:07.765274+00:00,source
2,full-20261009-H100-SXM5-80GB-spmv-fp32-cusparse-sell-nrows-default-13.4.1,cuSPARSE-CUDA-13.4.1-SELL-NROWS-DEFAULT,cuSPARSE CUDA 13.4.1 SELL-NROWS DEFAULT,sell-nrows-default,cusparse,candidate,,sell,spmv.csr.fp32,fp32,H100-SXM5-80GB,H100-SXM5-80GB,67000.0,6054a01d-2dc6-5795-9ae4-804d2647be74,suitesparse_all,ML_Graph/Olivetti_norm_10NN,Olivetti_norm_10NN,400,400,5656,pass,11312.0,6.450828,0.00595679990947,1.8990062066742264,0.0028343376219018305,2026-10-07T17:42:37.293047+00:00,source
2,full-20261009-H100-SXM5-80GB-spmv-fp32-cusparse-sell-nrows-default-13.4.1,cuSPARSE-CUDA-13.4.1-SELL-NROWS-DEFAULT,cuSPARSE CUDA 13.4.1 SELL-NROWS DEFAULT,sell-nrows-default,cusparse,candidate,,sell,spmv.csr.fp32,fp32,H100-SXM5-80GB,H100-SXM5-80GB,67000.0,ca497226-ebef-56c9-ba00-9b037f2146f7,suitesparse_all,ML_Graph/Spectro_10NN,Spectro_10NN,531,531,7422,pass,14844.0,5.619375,0.00435359999537,3.4095920653680665,0.005088943381146368,2026-10-08T21:45:29.137894+00:00,source
2,full-20261009-H100-SXM5-80GB-spmv-fp32-cusparse-sell-nrows-default-13.4.1,cuSPARSE-CUDA-13.4.1-SELL-NROWS-DEFAULT,cuSPARSE CUDA 13.4.1 SELL-NROWS DEFAULT,sell-nrows-default,cusparse,candidate,,sell,spmv.csr.fp32,fp32,H100-SXM5-80GB,H100-SXM5-80GB,67000.0,b507c62e-e8c4-5489-84fd-4bc66dd1e529,suitesparse_all,ML_Graph/YaleB_10NN,YaleB_10NN,2414,2414,34808,pass,69616.0,6.812423,0.00543680004776,12.804590823361673,0.019111329587106974,2026-10-07T08:09:25.005507+00:00,source
2,full-20261009-H100-SXM5-80GB-spmv-fp32-cusparse-sell-nrows-default-13.4.1,cuSPARSE-CUDA-13.4.1-SELL-NROWS-DEFAULT,cuSPARSE CUDA 13.4.1 SELL-NROWS DEFAULT,sell-nrows-default,cusparse,candidate,,sell,spmv.csr.fp32,fp32,H100-SXM5-80GB,H100-SXM5-80GB,67000.0,b507c62e-e8c4-5489-84fd-4bc66dd1e529,suitesparse_all,ML_Graph/cnae9_10NN,cnae9_10NN,1080,1080,18278,pass,36556.0,7.035101,0.0120736002922,3.0277629799966586,0.00451904922387561,2026-10-07T08:09:23.968057+00:00,source
2,full-20261009-H100-SXM5-80GB-spmv-fp32-cusparse-sell-nrows-default-13.4.1,cuSPARSE-CUDA-13.4.1-SELL-NROWS-DEFAULT,cuSPARSE CUDA 13.4.1 SELL-NROWS DEFAULT,sell-nrows-default,cusparse,candidate,,sell,spmv.csr.fp32,fp32,H100-SXM5-80GB,H100-SXM5-80GB,67000.0,26cb3a9c-bd7d-5e51-9c99-6d49c0b2dba4,suitesparse_all,ML_Graph/dataset16mfeatkarhunen_10NN,dataset16mfeatkarhunen_10NN,2000,2000,27668,pass,55336.0,4.583689,0.00466720014811,11.856358896973493,0.01769605805518432,2026-10-07T13:07:09.907721+00:00,source
2,full-20261009-H100-SXM5-80GB-spmv-fp32-cusparse-sell-nrows-default-13.4.1,cuSPARSE-CUDA-13.4.1-SELL-NROWS-DEFAULT,cuSPARSE CUDA 13.4.1 SELL-NROWS DEFAULT,sell-nrows-default,cusparse,candidate,,sell,spmv.csr.fp32,fp32,H100-SXM5-80GB,H100-SXM5-80GB,67000.0,6054a01d-2dc6-5795-9ae4-804d2647be74,suitesparse_all,ML_Graph/dataset18mfeatmorphological_10NN,dataset18mfeatmorphological_10NN,2000,2000,22832,pass,45664.0,7.849289,0.00434079989791,10.519720114715772,0.015701074798083244,2026-10-07T17:42:36.807658+00:00,source
2,full-20261009-H100-SXM5-80GB-spmv-fp32-cusparse-sell-nrows-default-13.4.1,cuSPARSE-CUDA-13.4.1-SELL-NROWS-DEFAULT,cuSPARSE CUDA 13.4.1 SELL-NROWS DEFAULT,sell-nrows-default,cusparse,candidate,,sell,spmv.csr.fp32,fp32,H100-SXM5-80GB,H100-SXM5-80GB,67000.0,c27d1d0a-dd52-58f0-bf45-e28eecb2fab1,suitesparse_all,ML_Graph/dermatology_5NN,dermatology_5NN,366,366,2440,pass,4880.0,4.078098,0.00301760006696,1.617179179385499,0.002413700267739551,2026-10-06T12:34:13.291011+00:00,source
2,full-20261009-H100-SXM5-80GB-spmv-fp32-cusparse-sell-nrows-default-13.4.1,cuSPARSE-CUDA-13.4.1-SELL-NROWS-DEFAULT,cuSPARSE CUDA 13.4.1 SELL-NROWS DEFAULT,sell-nrows-default,cusparse,candidate,,sell,spmv.csr.fp32,fp32,H100-SXM5-80GB,H100-SXM5-80GB,67000.0,b507c62e-e8c4-5489-84fd-4bc66dd1e529,suitesparse_all,ML_Graph/kmnist_norm_10NN,kmnist_norm_10NN,10000,10000,156932,pass,313864.0,13.221421,0.0103711999953,30.26303611368369,0.045168710617438344,2026-10-07T08:09:24.516325+00:00,source
2,full-20261009-H100-SXM5-80GB-spmv-fp32-cusparse-sell-nrows-default-13.4.1,cuSPARSE-CUDA-13.4.1-SELL-NROWS-DEFAULT,cuSPARSE CUDA 13.4.1 SELL-NROWS DEFAULT,sell-nrows-default,cusparse,candidate,,sell,spmv.csr.fp32,fp32,H100-SXM5-80GB,H100-SXM5-80GB,67000.0,26cb3a9c-bd7d-5e51-9c99-6d49c0b2dba4,suitesparse_all,ML_Graph/mnist_test_norm_10NN,mnist_test_norm_10NN,10000,10000,145600,pass,291200.0,6.394012,0.00615679994226,47.2972977408631,0.07059298170278075,2026-10-07T13:07:10.332963+00:00,source
2,full-20261009-H100-SXM5-80GB-spmv-fp32-cusparse-sell-nrows-default-13.4.1,cuSPARSE-CUDA-13.4.1-SELL-NROWS-DEFAULT,cuSPARSE CUDA 13.4.1 SELL-NROWS DEFAULT,sell-nrows-default,cusparse,candidate,,sell,spmv.csr.fp32,fp32,H100-SXM5-80GB,H100-SXM5-80GB,67000.0,c27d1d0a-dd52-58f0-bf45-e28eecb2fab1,suitesparse_all,ML_Graph/plantsmargin_12NN,plantsmargin_12NN,1600,1600,25482,pass,50964.0,4.425606,0.00515040010214,9.895153578228683,0.01476888593765475,2026-10-06T12:34:13.666638+00:00,source
2,full-20261009-H100-SXM5-80GB-spmv-fp32-cusparse-sell-nrows-default-13.4.1,cuSPARSE-CUDA-13.4.1-SELL-NROWS-DEFAULT,cuSPARSE CUDA 13.4.1 SELL-NROWS DEFAULT,sell-nrows-default,cusparse,candidate,,sell,spmv.csr.fp32,fp32,H100-SXM5-80GB,H100-SXM5-80GB,67000.0,1bbb760b-88a6-5cef-b074-0c4935b865f2,suitesparse_all,ML_Graph/plantstexture_10NN,plantstexture_10NN,1599,1599,21204,pass,42408.0,8.989481,0.00563040003181,7.531969266909644,0.011241745174492005,2026-10-06T19:12:35.475170+00:00,source
2,full-20261009-H100-SXM5-80GB-spmv-fp32-cusparse-sell-nrows-default-13.4.1,cuSPARSE-CUDA-13.4.1-SELL-NROWS-DEFAULT,cuSPARSE CUDA 13.4.1 SELL-NROWS DEFAULT,sell-nrows-default,cusparse,candidate,,sell,spmv.csr.fp32,fp32,H100-SXM5-80GB,H100-SXM5-80GB,67000.0,9630d841-fbae-5247-8ae0-f8f392316afc,suitesparse_all,ML_Graph/worms20_10NN,worms20_10NN,20055,20055,240826,pass,481652.0,8.348639,0.00502079986036,95.93132835322074,0.1431810870943593,2026-10-07T03:48:08.466865+00:00,source
2,full-20261009-H100-SXM5-80GB-spmv-fp32-cusparse-sell-nrows-default-13.4.1,cuSPARSE-CUDA-13.4.1-SELL-NROWS-DEFAULT,cuSPARSE CUDA 13.4.1 SELL-NROWS DEFAULT,sell-nrows-default,cusparse,candidate,,sell,spmv.csr.fp32,fp32,H100-SXM5-80GB,H100-SXM5-80GB,67000.0,26cb3a9c-bd7d-5e51-9c99-6d49c0b2dba4,suitesparse_all,Mallya/lhr01,lhr01,1477,1477,18592,pass,37184.0,4.330154,0.00435520000756,8.537839808838612,0.012743044490803898,2026-10-07T13:00:16.140668+00:00,source
2,full-20261009-H100-SXM5-80GB-spmv-fp32-cusparse-sell-nrows-default-13.4.1,cuSPARSE-CUDA-13.4.1-SELL-NROWS-DEFAULT,cuSPARSE CUDA 13.4.1 SELL-NROWS DEFAULT,sell-nrows-default,cusparse,candidate,,sell,spmv.csr.fp32,fp32,H100-SXM5-80GB,H100-SXM5-80GB,67000.0,6054a01d-2dc6-5795-9ae4-804d2647be74,suitesparse_all,Mallya/lhr02,lhr02,2954,2954,37206,pass,74412.0,7.201342,0.00439039990306,16.948797750322626,0.025296713060183024,2026-10-07T17:34:06.296445+00:00,source
2,full-20261009-H100-SXM5-80GB-spmv-fp32-cusparse-sell-nrows-default-13.4.1,cuSPARSE-CUDA-13.4.1-SELL-NROWS-DEFAULT,cuSPARSE CUDA 13.4.1 SELL-NROWS DEFAULT,sell-nrows-default,cusparse,candidate,,sell,spmv.csr.fp32,fp32,H100-SXM5-80GB,H100-SXM5-80GB,67000.0,c27d1d0a-dd52-58f0-bf45-e28eecb2fab1,suitesparse_all,Mallya/lhr07,lhr07,7337,7337,156508,pass,313016.0,17.170819,0.00505760014057,61.89022289229899,0.09237346700343134,2026-10-06T12:25:06.052897+00:00,source
2,full-20261009-H100-SXM5-80GB-spmv-fp32-cusparse-sell-nrows-default-13.4.1,cuSPARSE-CUDA-13.4.1-SELL-NROWS-DEFAULT,cuSPARSE CUDA 13.4.1 SELL-NROWS DEFAULT,sell-nrows-default,cusparse,candidate,,sell,spmv.csr.fp32,fp32,H100-SXM5-80GB,H100-SXM5-80GB,67000.0,1bbb760b-88a6-5cef-b074-0c4935b865f2,suitesparse_all,Mallya/lhr07c,lhr07c,7337,7337,156508,pass,313016.0,11.579734,0.00645600035787,48.48450784523686,0.07236493708244307,2026-10-06T19:03:44.056740+00:00,source
2,full-20261009-H100-SXM5-80GB-spmv-fp32-cusparse-sell-nrows-default-13.4.1,cuSPARSE-CUDA-13.4.1-SELL-NROWS-DEFAULT,cuSPARSE CUDA 13.4.1 SELL-NROWS DEFAULT,sell-nrows-default,cusparse,candidate,,sell,spmv.csr.fp32,fp32,H100-SXM5-80GB,H100-SXM5-80GB,67000.0,ca497226-ebef-56c9-ba00-9b037f2146f7,suitesparse_all,Mallya/lhr10c,lhr10c,10672,10672,232633,pass,465266.0,10.709448,0.00786880031228,59.12794600644635,0.0882506656812632,2026-10-08T21:12:09.361124+00:00,source
2,full-20261009-H100-SXM5-80GB-spmv-fp32-cusparse-sell-nrows-default-13.4.1,cuSPARSE-CUDA-13.4.1-SELL-NROWS-DEFAULT,cuSPARSE CUDA 13.4.1 SELL-NROWS DEFAULT,sell-nrows-default,cusparse,candidate,,sell,spmv.csr.fp32,fp32,H100-SXM5-80GB,H100-SXM5-80GB,67000.0,9630d841-fbae-5247-8ae0-f8f392316afc,suitesparse_all,Mallya/lhr14c,lhr14c,14270,14270,307858,pass,615716.0,10.252195,0.00529280006886,116.33086305725831,0.17362815381680347,2026-10-07T03:43:01.858519+00:00,source
2,full-20261009-H100-SXM5-80GB-spmv-fp32-cusparse-sell-nrows-default-13.4.1,cuSPARSE-CUDA-13.4.1-SELL-NROWS-DEFAULT,cuSPARSE CUDA 13.4.1 SELL-NROWS DEFAULT,sell-nrows-default,cusparse,candidate,,sell,spmv.csr.fp32,fp32,H100-SXM5-80GB,H100-SXM5-80GB,67000.0,b507c62e-e8c4-5489-84fd-4bc66dd1e529,suitesparse_all,Mallya/lhr17c,lhr17c,17576,17576,381975,pass,763950.0,15.557143,0.00929440036416,82.19465162549444,0.12267858451566335,2026-10-07T08:03:46.810247+00:00,source
2,full-20261009-H100-SXM5-80GB-spmv-fp32-cusparse-sell-nrows-default-13.4.1,cuSPARSE-CUDA-13.4.1-SELL-NROWS-DEFAULT,cuSPARSE CUDA 13.4.1 SELL-NROWS DEFAULT,sell-nrows-default,cusparse,candidate,,sell,spmv.csr.fp32,fp32,H100-SXM5-80GB,H100-SXM5-80GB,67000.0,26cb3a9c-bd7d-5e51-9c99-6d49c0b2dba4,suitesparse_all,Mallya/lhr71,lhr71,70304,70304,1528092,pass,3056184.0,48.930606,0.0148208007216,206.2091014789696,0.3077747783268203,2026-10-07T13:00:17.670377+00:00,source
2,full-20261009-H100-SXM5-80GB-spmv-fp32-cusparse-sell-nrows-default-13.4.1,cuSPARSE-CUDA-13.4.1-SELL-NROWS-DEFAULT,cuSPARSE CUDA 13.4.1 SELL-NROWS DEFAULT,sell-nrows-default,cusparse,candidate,,sell,spmv.csr.fp32,fp32,H100-SXM5-80GB,H100-SXM5-80GB,67000.0,6054a01d-2dc6-5795-9ae4-804d2647be74,suitesparse_all,Mallya/lhr71c,lhr71c,70304,70304,1528092,pass,3056184.0,45.175663,0.00957119986415,319.3104358260534,0.4765827400388856,2026-10-07T17:34:08.397634+00:00,source
2,full-20261009-H100-SXM5-80GB-spmv-fp32-cusparse-sell-nrows-default-13.4.1,cuSPARSE-CUDA-13.4.1-SELL-NROWS-DEFAULT,cuSPARSE CUDA 13.4.1 SELL-NROWS DEFAULT,sell-nrows-default,cusparse,candidate,,sell,spmv.csr.fp32,fp32,H100-SXM5-80GB,H100-SXM5-80GB,67000.0,1bbb760b-88a6-5cef-b074-0c4935b865f2,suitesparse_all,Marini/eurqsa,eurqsa,7245,7245,46142,pass,92284.0,9.108126,0.00598560012877,15.417668740755612,0.023011445881724792,2026-10-06T19:06:11.017181+00:00,source
2,full-20261009-H100-SXM5-80GB-spmv-fp32-cusparse-sell-nrows-default-13.4.1,cuSPARSE-CUDA-13.4.1-SELL-NROWS-DEFAULT,cuSPARSE CUDA 13.4.1 SELL-NROWS DEFAULT,sell-nrows-default,cusparse,candidate,,sell,spmv.csr.fp32,fp32,H100-SXM5-80GB,H100-SXM5-80GB,67000.0,c27d1d0a-dd52-58f0-bf45-e28eecb2fab1,suitesparse_all,MathWorks/Kuu,Kuu,7102,7102,340200,pass,680400.0,5.148392,0.00713599994779,95.34753432988997,0.14230975273117905,2026-10-06T12:26:14.105120+00:00,source
2,full-20261009-H100-SXM5-80GB-spmv-fp32-cusparse-sell-nrows-default-13.4.1,cuSPARSE-CUDA-13.4.1-SELL-NROWS-DEFAULT,cuSPARSE CUDA 13.4.1 SELL-NROWS DEFAULT,sell-nrows-default,cusparse,candidate,,sell,spmv.csr.fp32,fp32,H100-SXM5-80GB,H100-SXM5-80GB,67000.0,1bbb760b-88a6-5cef-b074-0c4935b865f2,suitesparse_all,MathWorks/Muu,Muu,7102,7102,170134,pass,340268.0,9.119357,0.00630400031805,53.976520119411134,0.0805619703274793,2026-10-06T19:05:16.702664+00:00,source
2,full-20261009-H100-SXM5-80GB-spmv-fp32-cusparse-sell-nrows-default-13.4.1,cuSPARSE-CUDA-13.4.1-SELL-NROWS-DEFAULT,cuSPARSE CUDA 13.4.1 SELL-NROWS DEFAULT,sell-nrows-default,cusparse,candidate,,sell,spmv.csr.fp32,fp32,H100-SXM5-80GB,H100-SXM5-80GB,67000.0,c27d1d0a-dd52-58f0-bf45-e28eecb2fab1,suitesparse_all,MathWorks/Pd,Pd,8081,8081,13036,pass,26072.0,4.23811,0.00298239998519,8.741952833110354,0.013047690795687097,2026-10-06T12:26:01.446941+00:00,source
2,full-20261009-H100-SXM5-80GB-spmv-fp32-cusparse-sell-nrows-default-13.4.1,cuSPARSE-CUDA-13.4.1-SELL-NROWS-DEFAULT,cuSPARSE CUDA 13.4.1 SELL-NROWS DEFAULT,sell-nrows-default,cusparse,candidate,,sell,spmv.csr.fp32,fp32,H100-SXM5-80GB,H100-SXM5-80GB,67000.0,1bbb760b-88a6-5cef-b074-0c4935b865f2,suitesparse_all,MathWorks/Pd_rhs,Pd_rhs,8081,12406,6323,pass,12646.0,9.006504,0.00338080003858,3.740534741981238,0.005582887674598863,2026-10-06T19:04:42.745541+00:00,source
2,full-20261009-H100-SXM5-80GB-spmv-fp32-cusparse-sell-nrows-default-13.4.1,cuSPARSE-CUDA-13.4.1-SELL-NROWS-DEFAULT,cuSPARSE CUDA 13.4.1 SELL-NROWS DEFAULT,sell-nrows-default,cusparse,candidate,,sell,spmv.csr.fp32,fp32,H100-SXM5-80GB,H100-SXM5-80GB,67000.0,c27d1d0a-dd52-58f0-bf45-e28eecb2fab1,suitesparse_all,MathWorks/Sieber,Sieber,2290,2290,14873,pass,29746.0,28.178123,0.13436319828,0.2213850249233588,0.0003304254103333713,2026-10-06T12:26:23.974617+00:00,source
2,full-20261009-H100-SXM5-80GB-spmv-fp32-cusparse-sell-nrows-default-13.4.1,cuSPARSE-CUDA-13.4.1-SELL-NROWS-DEFAULT,cuSPARSE CUDA 13.4.1 SELL-NROWS DEFAULT,sell-nrows-default,cusparse,candidate,,sell,spmv.csr.fp32,fp32,H100-SXM5-80GB,H100-SXM5-80GB,67000.0,ca497226-ebef-56c9-ba00-9b037f2146f7,suitesparse_all,MaxPlanck/shallow_water1,shallow_water1,81920,81920,327680,pass,655360.0,6.928894,0.00356959998608,183.59480125382106,0.27402209142361356,2026-10-08T21:14:25.471020+00:00,source
2,full-20261009-H100-SXM5-80GB-spmv-fp32-cusparse-sell-nrows-default-13.4.1,cuSPARSE-CUDA-13.4.1-SELL-NROWS-DEFAULT,cuSPARSE CUDA 13.4.1 SELL-NROWS DEFAULT,sell-nrows-default,cusparse,candidate,,sell,spmv.csr.fp32,fp32,H100-SXM5-80GB,H100-SXM5-80GB,67000.0,b507c62e-e8c4-5489-84fd-4bc66dd1e529,suitesparse_all,McRae/ecology2,ecology2,999999,999999,4995991,pass,9991982.0,32.810437,0.0201104000211,496.8564518615407,0.7415767938231951,2026-10-07T08:05:40.892994+00:00,source
2,full-20261009-H100-SXM5-80GB-spmv-fp32-cusparse-sell-nrows-default-13.4.1,cuSPARSE-CUDA-13.4.1-SELL-NROWS-DEFAULT,cuSPARSE CUDA 13.4.1 SELL-NROWS DEFAULT,sell-nrows-default,cusparse,candidate,,sell,spmv.csr.fp32,fp32,H100-SXM5-80GB,H100-SXM5-80GB,67000.0,6054a01d-2dc6-5795-9ae4-804d2647be74,suitesparse_all,Meszaros/aa01,aa01,823,8904,72965,pass,145930.0,9.037994,0.0188447996974,7.743780902066781,0.011557881943383256,2026-10-07T17:36:12.090803+00:00,source
2,full-20261009-H100-SXM5-80GB-spmv-fp32-cusparse-sell-nrows-default-13.4.1,cuSPARSE-CUDA-13.4.1-SELL-NROWS-DEFAULT,cuSPARSE CUDA 13.4.1 SELL-NROWS DEFAULT,sell-nrows-default,cusparse,candidate,,sell,spmv.csr.fp32,fp32,H100-SXM5-80GB,H100-SXM5-80GB,67000.0,c27d1d0a-dd52-58f0-bf45-e28eecb2fab1,suitesparse_all,Meszaros/aa4,aa4,426,7195,52121,pass,104242.0,4.829261,0.0205072000623,5.083190278698078,0.007586851162235937,2026-10-06T12:26:59.831773+00:00,source
2,full-20261009-H100-SXM5-80GB-spmv-fp32-cusparse-sell-nrows-default-13.4.1,cuSPARSE-CUDA-13.4.1-SELL-NROWS-DEFAULT,cuSPARSE CUDA 13.4.1 SELL-NROWS DEFAULT,sell-nrows-default,cusparse,candidate,,sell,spmv.csr.fp32,fp32,H100-SXM5-80GB,H100-SXM5-80GB,67000.0,1bbb760b-88a6-5cef-b074-0c4935b865f2,suitesparse_all,Meszaros/aa5,aa5,801,8308,65953,pass,131906.0,9.109029,0.0236080005765,5.587343137025443,0.008339318114963348,2026-10-06T19:05:50.443767+00:00,source
2,full-20261009-H100-SXM5-80GB-spmv-fp32-cusparse-sell-nrows-default-13.4.1,cuSPARSE-CUDA-13.4.1-SELL-NROWS-DEFAULT,cuSPARSE CUDA 13.4.1 SELL-NROWS DEFAULT,sell-nrows-default,cusparse,candidate,,sell,spmv.csr.fp32,fp32,H100-SXM5-80GB,H100-SXM5-80GB,67000.0,ca497226-ebef-56c9-ba00-9b037f2146f7,suitesparse_all,Meszaros/air02,air02,50,6774,61555,pass,123110.0,5.546796,0.126820802689,0.9707397949680233,0.0014488653656239154,2026-10-08T21:13:27.728890+00:00,source
2,full-20261009-H100-SXM5-80GB-spmv-fp32-cusparse-sell-nrows-default-13.4.1,cuSPARSE-CUDA-13.4.1-SELL-NROWS-DEFAULT,cuSPARSE CUDA 13.4.1 SELL-NROWS DEFAULT,sell-nrows-default,cusparse,candidate,,sell,spmv.csr.fp32,fp32,H100-SXM5-80GB,H100-SXM5-80GB,67000.0,9630d841-fbae-5247-8ae0-f8f392316afc,suitesparse_all,Meszaros/air06,air06,825,8627,70806,pass,141612.0,6.01174,0.0213152006269,6.643709457807505,0.009915984265384335,2026-10-07T03:44:09.746807+00:00,source
2,full-20261009-H100-SXM5-80GB-spmv-fp32-cusparse-sell-nrows-default-13.4.1,cuSPARSE-CUDA-13.4.1-SELL-NROWS-DEFAULT,cuSPARSE CUDA 13.4.1 SELL-NROWS DEFAULT,sell-nrows-default,cusparse,candidate,,sell,spmv.csr.fp32,fp32,H100-SXM5-80GB,H100-SXM5-80GB,67000.0,b507c62e-e8c4-5489-84fd-4bc66dd1e529,suitesparse_all,Meszaros/bas1lp,bas1lp,5411,9825,587775,pass,1175550.0,17.863198,0.0210255995393,55.91041519661404,0.08344838089046872,2026-10-07T08:05:26.514082+00:00,source
2,full-20261009-H100-SXM5-80GB-spmv-fp32-cusparse-sell-nrows-default-13.4.1,cuSPARSE-CUDA-13.4.1-SELL-NROWS-DEFAULT,cuSPARSE CUDA 13.4.1 SELL-NROWS DEFAULT,sell-nrows-default,cusparse,candidate,,sell,spmv.csr.fp32,fp32,H100-SXM5-80GB,H100-SXM5-80GB,67000.0,26cb3a9c-bd7d-5e51-9c99-6d49c0b2dba4,suitesparse_all,Meszaros/cari,cari,400,1200,152800,pass,305600.0,14.41883,0.0327760010958,9.323895221591275,0.013916261524763097,2026-10-07T13:01:29.425016+00:00,source
2,full-20261009-H100-SXM5-80GB-spmv-fp32-cusparse-sell-nrows-default-13.4.1,cuSPARSE-CUDA-13.4.1-SELL-NROWS-DEFAULT,cuSPARSE CUDA 13.4.1 SELL-NROWS DEFAULT,sell-nrows-default,cusparse,candidate,,sell,spmv.csr.fp32,fp32,H100-SXM5-80GB,H100-SXM5-80GB,67000.0,6054a01d-2dc6-5795-9ae4-804d2647be74,suitesparse_all,Meszaros/ch,ch,3700,8291,24102,pass,48204.0,10.017479,0.00646720007062,7.453611991839733,0.011124794017671245,2026-10-07T17:36:12.837226+00:00,source
2,full-20261009-H100-SXM5-80GB-spmv-fp32-cusparse-sell-nrows-default-13.4.1,cuSPARSE-CUDA-13.4.1-SELL-NROWS-DEFAULT,cuSPARSE CUDA 13.4.1 SELL-NROWS DEFAULT,sell-nrows-default,cusparse,candidate,,sell,spmv.csr.fp32,fp32,H100-SXM5-80GB,H100-SXM5-80GB,67000.0,c27d1d0a-dd52-58f0-bf45-e28eecb2fab1,suitesparse_all,Meszaros/complex,complex,1023,1408,46463,pass,92926.0,6.15123,0.0139295995235,6.671117848235962,0.009956892310799943,2026-10-06T12:27:00.247378+00:00,source
2,full-20261009-H100-SXM5-80GB-spmv-fp32-cusparse-sell-nrows-default-13.4.1,cuSPARSE-CUDA-13.4.1-SELL-NROWS-DEFAULT,cuSPARSE CUDA 13.4.1 SELL-NROWS DEFAULT,sell-nrows-default,cusparse,candidate,,sell,spmv.csr.fp32,fp32,H100-SXM5-80GB,H100-SXM5-80GB,67000.0,1bbb760b-88a6-5cef-b074-0c4935b865f2,suitesparse_all,Meszaros/cq5,cq5,5048,11748,51571,pass,103142.0,15.730209,0.048942399025,2.1074161065810157,0.003145397174001516,2026-10-06T19:05:51.017129+00:00,source
2,full-20261009-H100-SXM5-80GB-spmv-fp32-cusparse-sell-nrows-default-13.4.1,cuSPARSE-CUDA-13.4.1-SELL-NROWS-DEFAULT,cuSPARSE CUDA 13.4.1 SELL-NROWS DEFAULT,sell-nrows-default,cusparse,candidate,,sell,spmv.csr.fp32,fp32,H100-SXM5-80GB,H100-SXM5-80GB,67000.0,ca497226-ebef-56c9-ba00-9b037f2146f7,suitesparse_all,Meszaros/cr42,cr42,905,1513,6614,pass,13228.0,5.072384,0.00300799999386,4.397606391955221,0.006563591629783912,2026-10-08T21:13:28.063321+00:00,source
2,full-20261009-H100-SXM5-80GB-spmv-fp32-cusparse-sell-nrows-default-13.4.1,cuSPARSE-CUDA-13.4.1-SELL-NROWS-DEFAULT,cuSPARSE CUDA 13.4.1 SELL-NROWS DEFAULT,sell-nrows-default,cusparse,candidate,,sell,spmv.csr.fp32,fp32,H100-SXM5-80GB,H100-SXM5-80GB,67000.0,9630d841-fbae-5247-8ae0-f8f392316afc,suitesparse_all,Meszaros/dbir1,dbir1,18804,45775,1077025,pass,2154050.0,293.838492,0.271806406975,7.924941961350172,0.011828271584104735,2026-10-07T03:44:11.094711+00:00,source
2,full-20261009-H100-SXM5-80GB-spmv-fp32-cusparse-sell-nrows-default-13.4.1,cuSPARSE-CUDA-13.4.1-SELL-NROWS-DEFAULT,cuSPARSE CUDA 13.4.1 SELL-NROWS DEFAULT,sell-nrows-default,cusparse,candidate,,sell,spmv.csr.fp32,fp32,H100-SXM5-80GB,H100-SXM5-80GB,67000.0,9630d841-fbae-5247-8ae0-f8f392316afc,suitesparse_all,Meszaros/de080285,de080285,936,1908,5082,pass,10164.0,3.879038,0.00402720011771,2.52383782849599,0.003766922132083567,2026-10-07T03:44:13.062499+00:00,source
2,full-20261009-H100-SXM5-80GB-spmv-fp32-cusparse-sell-nrows-default-13.4.1,cuSPARSE-CUDA-13.4.1-SELL-NROWS-DEFAULT,cuSPARSE CUDA 13.4.1 SELL-NROWS DEFAULT,sell-nrows-default,cusparse,candidate,,sell,spmv.csr.fp32,fp32,H100-SXM5-80GB,H100-SXM5-80GB,67000.0,c27d1d0a-dd52-58f0-bf45-e28eecb2fab1,suitesparse_all,Meszaros/deter0,deter0,1923,5468,11173,pass,22346.0,4.235723,0.00419199988246,5.33062992045855,0.007956164060385896,2026-10-06T12:27:02.703102+00:00,source
2,full-20261009-H100-SXM5-80GB-spmv-fp32-cusparse-sell-nrows-default-13.4.1,cuSPARSE-CUDA-13.4.1-SELL-NROWS-DEFAULT,cuSPARSE CUDA 13.4.1 SELL-NROWS DEFAULT,sell-nrows-default,cusparse,candidate,,sell,spmv.csr.fp32,fp32,H100-SXM5-80GB,H100-SXM5-80GB,67000.0,1bbb760b-88a6-5cef-b074-0c4935b865f2,suitesparse_all,Meszaros/deter1,deter1,5527,15737,32187,pass,64374.0,9.012485,0.00454559996724,14.161826923605563,0.021137055109859047,2026-10-06T19:05:55.071980+00:00,source
2,full-20261009-H100-SXM5-80GB-spmv-fp32-cusparse-sell-nrows-default-13.4.1,cuSPARSE-CUDA-13.4.1-SELL-NROWS-DEFAULT,cuSPARSE CUDA 13.4.1 SELL-NROWS DEFAULT,sell-nrows-default,cusparse,candidate,,sell,spmv.csr.fp32,fp32,H100-SXM5-80GB,H100-SXM5-80GB,67000.0,ca497226-ebef-56c9-ba00-9b037f2146f7,suitesparse_all,Meszaros/deter3,deter3,7647,21777,44547,pass,89094.0,6.513681,0.00414559990168,21.491220116030675,0.03207644793437414,2026-10-08T21:13:30.491690+00:00,source
2,full-20261009-H100-SXM5-80GB-spmv-fp32-cusparse-sell-nrows-default-13.4.1,cuSPARSE-CUDA-13.4.1-SELL-NROWS-DEFAULT,cuSPARSE CUDA 13.4.1 SELL-NROWS DEFAULT,sell-nrows-default,cusparse,candidate,,sell,spmv.csr.fp32,fp32,H100-SXM5-80GB,H100-SXM5-80GB,67000.0,9630d841-fbae-5247-8ae0-f8f392316afc,suitesparse_all,Meszaros/deter7,deter7,6375,18153,37131,pass,74262.0,4.393959,0.00432000011206,17.19027733186517,0.025657130346067415,2026-10-07T03:44:13.401795+00:00,source
2,full-20261009-H100-SXM5-80GB-spmv-fp32-cusparse-sell-nrows-default-13.4.1,cuSPARSE-CUDA-13.4.1-SELL-NROWS-DEFAULT,cuSPARSE CUDA 13.4.1 SELL-NROWS DEFAULT,sell-nrows-default,cusparse,candidate,,sell,spmv.csr.fp32,fp32,H100-SXM5-80GB,H100-SXM5-80GB,67000.0,b507c62e-e8c4-5489-84fd-4bc66dd1e529,suitesparse_all,Meszaros/df2177,df2177,630,10358,22336,pass,44672.0,6.178116,0.00490400008857,9.109298367289854,0.013595967712372916,2026-10-07T08:05:27.012112+00:00,source
2,full-20261009-H100-SXM5-80GB-spmv-fp32-cusparse-sell-nrows-default-13.4.1,cuSPARSE-CUDA-13.4.1-SELL-NROWS-DEFAULT,cuSPARSE CUDA 13.4.1 SELL-NROWS DEFAULT,sell-nrows-default,cusparse,candidate,,sell,spmv.csr.fp32,fp32,H100-SXM5-80GB,H100-SXM5-80GB,67000.0,26cb3a9c-bd7d-5e51-9c99-6d49c0b2dba4,suitesparse_all,Meszaros/farm,farm,7,17,41,pass,82.0,17.308044,0.00286079999059,0.028663311056250612,4.2781061277985984e-05,2026-10-07T13:01:29.956863+00:00,source
2,full-20261009-H100-SXM5-80GB-spmv-fp32-cusparse-sell-nrows-default-13.4.1,cuSPARSE-CUDA-13.4.1-SELL-NROWS-DEFAULT,cuSPARSE CUDA 13.4.1 SELL-NROWS DEFAULT,sell-nrows-default,cusparse,candidate,,sell,spmv.csr.fp32,fp32,H100-SXM5-80GB,H100-SXM5-80GB,67000.0,b507c62e-e8c4-5489-84fd-4bc66dd1e529,suitesparse_all,Meszaros/fxm2-6,fxm2-6,1520,2845,12812,pass,25624.0,6.609487,0.00555359981954,4.613944258252733,0.006886483967541393,2026-10-07T08:05:30.095758+00:00,source
2,full-20261009-H100-SXM5-80GB-spmv-fp32-cusparse-sell-nrows-default-13.4.1,cuSPARSE-CUDA-13.4.1-SELL-NROWS-DEFAULT,cuSPARSE CUDA 13.4.1 SELL-NROWS DEFAULT,sell-nrows-default,cusparse,candidate,,sell,spmv.csr.fp32,fp32,H100-SXM5-80GB,H100-SXM5-80GB,67000.0,26cb3a9c-bd7d-5e51-9c99-6d49c0b2dba4,suitesparse_all,Meszaros/fxm3_16,fxm3_16,41340,85575,392252,pass,784504.0,20.939999,0.0102048002183,76.87597828649008,0.11474026609923893,2026-10-07T13:01:36.847229+00:00,source
2,full-20261009-H100-SXM5-80GB-spmv-fp32-cusparse-sell-nrows-default-13.4.1,cuSPARSE-CUDA-13.4.1-SELL-NROWS-DEFAULT,cuSPARSE CUDA 13.4.1 SELL-NROWS DEFAULT,sell-nrows-default,cusparse,candidate,,sell,spmv.csr.fp32,fp32,H100-SXM5-80GB,H100-SXM5-80GB,67000.0,6054a01d-2dc6-5795-9ae4-804d2647be74,suitesparse_all,Meszaros/fxm4_6,fxm4_6,22400,47185,265442,pass,530884.0,81.172292,0.00608320012689,87.27051369776508,0.1302544980563658,2026-10-07T17:36:23.934067+00:00,source
2,full-20261009-H100-SXM5-80GB-spmv-fp32-cusparse-sell-nrows-default-13.4.1,cuSPARSE-CUDA-13.4.1-SELL-NROWS-DEFAULT,cuSPARSE CUDA 13.4.1 SELL-NROWS DEFAULT,sell-nrows-default,cusparse,candidate,,sell,spmv.csr.fp32,fp32,H100-SXM5-80GB,H100-SXM5-80GB,67000.0,6054a01d-2dc6-5795-9ae4-804d2647be74,suitesparse_all,Meszaros/gams10a,gams10a,114,171,407,pass,814.0,6.814093,0.00344000011683,0.23662789894033795,0.00035317596856766857,2026-10-07T17:36:13.635637+00:00,source
2,full-20261009-H100-SXM5-80GB-spmv-fp32-cusparse-sell-nrows-default-13.4.1,cuSPARSE-CUDA-13.4.1-SELL-NROWS-DEFAULT,cuSPARSE CUDA 13.4.1 SELL-NROWS DEFAULT,sell-nrows-default,cusparse,candidate,,sell,spmv.csr.fp32,fp32,H100-SXM5-80GB,H100-SXM5-80GB,67000.0,b507c62e-e8c4-5489-84fd-4bc66dd1e529,suitesparse_all,Meszaros/gams10am,gams10am,114,171,407,pass,814.0,6.185485,0.00354400016367,0.2296839623046348,0.00034281188403676837,2026-10-07T08:05:25.715819+00:00,source
2,full-20261009-H100-SXM5-80GB-spmv-fp32-cusparse-sell-nrows-default-13.4.1,cuSPARSE-CUDA-13.4.1-SELL-NROWS-DEFAULT,cuSPARSE CUDA 13.4.1 SELL-NROWS DEFAULT,sell-nrows-default,cusparse,candidate,,sell,spmv.csr.fp32,fp32,H100-SXM5-80GB,H100-SXM5-80GB,67000.0,26cb3a9c-bd7d-5e51-9c99-6d49c0b2dba4,suitesparse_all,Meszaros/gas11,gas11,459,862,2166,pass,4332.0,6.919702,0.00301760006696,1.4355779108807338,0.0021426535983294537,2026-10-07T13:01:28.803304+00:00,source
2,full-20261009-H100-SXM5-80GB-spmv-fp32-cusparse-sell-nrows-default-13.4.1,cuSPARSE-CUDA-13.4.1-SELL-NROWS-DEFAULT,cuSPARSE CUDA 13.4.1 SELL-NROWS DEFAULT,sell-nrows-default,cusparse,candidate,,sell,spmv.csr.fp32,fp32,H100-SXM5-80GB,H100-SXM5-80GB,67000.0,b507c62e-e8c4-5489-84fd-4bc66dd1e529,suitesparse_all,Meszaros/gen2,gen2,1121,3264,81855,pass,163710.0,17.084239,0.0921199977398,1.7771385585832455,0.0026524456098257396,2026-10-07T08:05:29.615389+00:00,source
2,full-20261009-H100-SXM5-80GB-spmv-fp32-cusparse-sell-nrows-default-13.4.1,cuSPARSE-CUDA-13.4.1-SELL-NROWS-DEFAULT,cuSPARSE CUDA 13.4.1 SELL-NROWS DEFAULT,sell-nrows-default,cusparse,candidate,,sell,spmv.csr.fp32,fp32,H100-SXM5-80GB,H100-SXM5-80GB,67000.0,c27d1d0a-dd52-58f0-bf45-e28eecb2fab1,suitesparse_all,Meszaros/iiasa,iiasa,669,3639,7317,pass,14634.0,4.199736,0.00400479994714,3.654115110156943,0.005453903149487975,2026-10-06T12:27:00.603942+00:00,source
2,full-20261009-H100-SXM5-80GB-spmv-fp32-cusparse-sell-nrows-default-13.4.1,cuSPARSE-CUDA-13.4.1-SELL-NROWS-DEFAULT,cuSPARSE CUDA 13.4.1 SELL-NROWS DEFAULT,sell-nrows-default,cusparse,candidate,,sell,spmv.csr.fp32,fp32,H100-SXM5-80GB,H100-SXM5-80GB,67000.0,26cb3a9c-bd7d-5e51-9c99-6d49c0b2dba4,suitesparse_all,Meszaros/iprob,iprob,3001,3001,9000,pass,18000.0,57.834766,0.315331196785,0.05708283919739413,8.519826745879721e-05,2026-10-07T13:01:36.042949+00:00,source
2,full-20261009-H100-SXM5-80GB-spmv-fp32-cusparse-sell-nrows-default-13.4.1,cuSPARSE-CUDA-13.4.1-SELL-NROWS-DEFAULT,cuSPARSE CUDA 13.4.1 SELL-NROWS DEFAULT,sell-nrows-default,cusparse,candidate,,sell,spmv.csr.fp32,fp32,H100-SXM5-80GB,H100-SXM5-80GB,67000.0,1bbb760b-88a6-5cef-b074-0c4935b865f2,suitesparse_all,Meszaros/jendrec1,jendrec1,2109,4228,89608,pass,179216.0,9.025822,0.00667359977961,26.85447223664246,0.040081301845735016,2026-10-06T19:05:51.596871+00:00,source
2,full-20261009-H100-SXM5-80GB-spmv-fp32-cusparse-sell-nrows-default-13.4.1,cuSPARSE-CUDA-13.4.1-SELL-NROWS-DEFAULT,cuSPARSE CUDA 13.4.1 SELL-NROWS DEFAULT,sell-nrows-default,cusparse,candidate,,sell,spmv.csr.fp32,fp32,H100-SXM5-80GB,H100-SXM5-80GB,67000.0,ca497226-ebef-56c9-ba00-9b037f2146f7,suitesparse_all,Meszaros/karted,karted,46502,133115,1770349,fail,3540698.0,0.0,0.0,0.0,0.0,2026-10-08T21:13:32.017303+00:00,source
2,full-20261009-H100-SXM5-80GB-spmv-fp32-cusparse-sell-nrows-default-13.4.1,cuSPARSE-CUDA-13.4.1-SELL-NROWS-DEFAULT,cuSPARSE CUDA 13.4.1 SELL-NROWS DEFAULT,sell-nrows-default,cusparse,candidate,,sell,spmv.csr.fp32,fp32,H100-SXM5-80GB,H100-SXM5-80GB,67000.0,9630d841-fbae-5247-8ae0-f8f392316afc,suitesparse_all,Meszaros/kleemin,kleemin,8,16,44,pass,88.0,3.723543,0.00328480005264,0.026790062892648285,3.998516849648998e-05,2026-10-07T03:44:13.754095+00:00,source
2,full-20261009-H100-SXM5-80GB-spmv-fp32-cusparse-sell-nrows-default-13.4.1,cuSPARSE-CUDA-13.4.1-SELL-NROWS-DEFAULT,cuSPARSE CUDA 13.4.1 SELL-NROWS DEFAULT,sell-nrows-default,cusparse,candidate,,sell,spmv.csr.fp32,fp32,H100-SXM5-80GB,H100-SXM5-80GB,67000.0,6054a01d-2dc6-5795-9ae4-804d2647be74,suitesparse_all,Meszaros/l30,l30,2701,16281,52070,pass,104140.0,8.00159,0.00416320003569,25.014411776334466,0.03733494294975293,2026-10-07T17:36:20.293268+00:00,source
2,full-20261009-H100-SXM5-80GB-spmv-fp32-cusparse-sell-nrows-default-13.4.1,cuSPARSE-CUDA-13.4.1-SELL-NROWS-DEFAULT,cuSPARSE CUDA 13.4.1 SELL-NROWS DEFAULT,sell-nrows-default,cusparse,candidate,,sell,spmv.csr.fp32,fp32,H100-SXM5-80GB,H100-SXM5-80GB,67000.0,ca497226-ebef-56c9-ba00-9b037f2146f7,suitesparse_all,Meszaros/l9,l9,244,1483,4659,pass,9318.0,4.881409,0.00364959985018,2.55315661511232,0.0038106815150930153,2026-10-08T21:13:28.497841+00:00,source
2,full-20261009-H100-SXM5-80GB-spmv-fp32-cusparse-sell-nrows-default-13.4.1,cuSPARSE-CUDA-13.4.1-SELL-NROWS-DEFAULT,cuSPARSE CUDA 13.4.1 SELL-NROWS DEFAULT,sell-nrows-default,cusparse,candidate,,sell,spmv.csr.fp32,fp32,H100-SXM5-80GB,H100-SXM5-80GB,67000.0,9630d841-fbae-5247-8ae0-f8f392316afc,suitesparse_all,Meszaros/mod2,mod2,34774,66409,199810,pass,399620.0,51.384565,0.0439983993769,9.082603132372313,0.013556124078167631,2026-10-07T03:44:11.606775+00:00,source
2,full-20261009-H100-SXM5-80GB-spmv-fp32-cusparse-sell-nrows-default-13.4.1,cuSPARSE-CUDA-13.4.1-SELL-NROWS-DEFAULT,cuSPARSE CUDA 13.4.1 SELL-NROWS DEFAULT,sell-nrows-default,cusparse,candidate,,sell,spmv.csr.fp32,fp32,H100-SXM5-80GB,H100-SXM5-80GB,67000.0,1bbb760b-88a6-5cef-b074-0c4935b865f2,suitesparse_all,Meszaros/model10,model10,4400,16819,150372,pass,300744.0,17.957854,0.0583855986595,5.150996254297472,0.007688054110891749,2026-10-06T19:05:52.232826+00:00,source
2,full-20261009-H100-SXM5-80GB-spmv-fp32-cusparse-sell-nrows-default-13.4.1,cuSPARSE-CUDA-13.4.1-SELL-NROWS-DEFAULT,cuSPARSE CUDA 13.4.1 SELL-NROWS DEFAULT,sell-nrows-default,cusparse,candidate,,sell,spmv.csr.fp32,fp32,H100-SXM5-80GB,H100-SXM5-80GB,67000.0,b507c62e-e8c4-5489-84fd-4bc66dd1e529,suitesparse_all,Meszaros/model2,model2,379,1321,7607,pass,15214.0,6.386388,0.00871199965477,1.7463269746194288,0.0026064581710737744,2026-10-07T08:05:27.517906+00:00,source
2,full-20261009-H100-SXM5-80GB-spmv-fp32-cusparse-sell-nrows-default-13.4.1,cuSPARSE-CUDA-13.4.1-SELL-NROWS-DEFAULT,cuSPARSE CUDA 13.4.1 SELL-NROWS DEFAULT,sell-nrows-default,cusparse,candidate,,sell,spmv.csr.fp32,fp32,H100-SXM5-80GB,H100-SXM5-80GB,67000.0,26cb3a9c-bd7d-5e51-9c99-6d49c0b2dba4,suitesparse_all,Meszaros/model5,model5,1888,11802,89925,pass,179850.0,9.934816,0.0435440003872,4.130304942144633,0.006164634242006915,2026-10-07T13:01:30.561047+00:00,source
2,full-20261009-H100-SXM5-80GB-spmv-fp32-cusparse-sell-nrows-default-13.4.1,cuSPARSE-CUDA-13.4.1-SELL-NROWS-DEFAULT,cuSPARSE CUDA 13.4.1 SELL-NROWS DEFAULT,sell-nrows-default,cusparse,candidate,,sell,spmv.csr.fp32,fp32,H100-SXM5-80GB,H100-SXM5-80GB,67000.0,6054a01d-2dc6-5795-9ae4-804d2647be74,suitesparse_all,Meszaros/model6,model6,2096,5289,27628,pass,55256.0,8.284205,0.0161088004708,3.430174711032091,0.0051196637478090916,2026-10-07T17:36:14.385053+00:00,source
2,full-20261009-H100-SXM5-80GB-spmv-fp32-cusparse-sell-nrows-default-13.4.1,cuSPARSE-CUDA-13.4.1-SELL-NROWS-DEFAULT,cuSPARSE CUDA 13.4.1 SELL-NROWS DEFAULT,sell-nrows-default,cusparse,candidate,,sell,spmv.csr.fp32,fp32,H100-SXM5-80GB,H100-SXM5-80GB,67000.0,c27d1d0a-dd52-58f0-bf45-e28eecb2fab1,suitesparse_all,Meszaros/model9,model9,2879,10939,55956,pass,111912.0,7.683172,0.0105648003519,10.592911959748816,0.015810316357834052,2026-10-06T12:27:00.987969+00:00,source
2,full-20261009-H100-SXM5-80GB-spmv-fp32-cusparse-sell-nrows-default-13.4.1,cuSPARSE-CUDA-13.4.1-SELL-NROWS-DEFAULT,cuSPARSE CUDA 13.4.1 SELL-NROWS DEFAULT,sell-nrows-default,cusparse,candidate,,sell,spmv.csr.fp32,fp32,H100-SXM5-80GB,H100-SXM5-80GB,67000.0,ca497226-ebef-56c9-ba00-9b037f2146f7,suitesparse_all,Meszaros/nemscem,nemscem,651,1712,3840,pass,7680.0,4.849825,0.0069008000195,1.1129144415572352,0.0016610663306824405,2026-10-08T21:13:28.849925+00:00,source
2,full-20261009-H100-SXM5-80GB-spmv-fp32-cusparse-sell-nrows-default-13.4.1,cuSPARSE-CUDA-13.4.1-SELL-NROWS-DEFAULT,cuSPARSE CUDA 13.4.1 SELL-NROWS DEFAULT,sell-nrows-default,cusparse,candidate,,sell,spmv.csr.fp32,fp32,H100-SXM5-80GB,H100-SXM5-80GB,67000.0,9630d841-fbae-5247-8ae0-f8f392316afc,suitesparse_all,Meszaros/nemspmm2,nemspmm2,2301,8734,68225,pass,136450.0,9.873238,0.0306623995304,4.450075730854583,0.006641904075902363,2026-10-07T03:44:12.001933+00:00,source
2,full-20261009-H100-SXM5-80GB-spmv-fp32-cusparse-sell-nrows-default-13.4.1,cuSPARSE-CUDA-13.4.1-SELL-NROWS-DEFAULT,cuSPARSE CUDA 13.4.1 SELL-NROWS DEFAULT,sell-nrows-default,cusparse,candidate,,sell,spmv.csr.fp32,fp32,H100-SXM5-80GB,H100-SXM5-80GB,67000.0,b507c62e-e8c4-5489-84fd-4bc66dd1e529,suitesparse_all,Meszaros/nl,nl,7039,15325,47035,pass,94070.0,10.568506,0.0109360001981,8.601865242864896,0.012838604840096858,2026-10-07T08:05:28.014851+00:00,source
2,full-20261009-H100-SXM5-80GB-spmv-fp32-cusparse-sell-nrows-default-13.4.1,cuSPARSE-CUDA-13.4.1-SELL-NROWS-DEFAULT,cuSPARSE CUDA 13.4.1 SELL-NROWS DEFAULT,sell-nrows-default,cusparse,candidate,,sell,spmv.csr.fp32,fp32,H100-SXM5-80GB,H100-SXM5-80GB,67000.0,b507c62e-e8c4-5489-84fd-4bc66dd1e529,suitesparse_all,Meszaros/nsct,nsct,23003,37563,697738,pass,1395476.0,93.521271,0.0722736001015,19.30823977275539,0.028818268317545356,2026-10-07T08:05:31.178418+00:00,source
2,full-20261009-H100-SXM5-80GB-spmv-fp32-cusparse-sell-nrows-default-13.4.1,cuSPARSE-CUDA-13.4.1-SELL-NROWS-DEFAULT,cuSPARSE CUDA 13.4.1 SELL-NROWS DEFAULT,sell-nrows-default,cusparse,candidate,,sell,spmv.csr.fp32,fp32,H100-SXM5-80GB,H100-SXM5-80GB,67000.0,26cb3a9c-bd7d-5e51-9c99-6d49c0b2dba4,suitesparse_all,Meszaros/p0040,p0040,23,63,133,pass,266.0,6.91835,0.00293600000441,0.09059945490478762,0.00013522306702207107,2026-10-07T13:01:31.142976+00:00,source
2,full-20261009-H100-SXM5-80GB-spmv-fp32-cusparse-sell-nrows-default-13.4.1,cuSPARSE-CUDA-13.4.1-SELL-NROWS-DEFAULT,cuSPARSE CUDA 13.4.1 SELL-NROWS DEFAULT,sell-nrows-default,cusparse,candidate,,sell,spmv.csr.fp32,fp32,H100-SXM5-80GB,H100-SXM5-80GB,67000.0,6054a01d-2dc6-5795-9ae4-804d2647be74,suitesparse_all,Meszaros/p010,p010,10090,19090,118000,pass,236000.0,58.297829,0.087307202816,2.7030988553987942,0.00403447590358029,2026-10-07T17:36:15.295935+00:00,source
2,full-20261009-H100-SXM5-80GB-spmv-fp32-cusparse-sell-nrows-default-13.4.1,cuSPARSE-CUDA-13.4.1-SELL-NROWS-DEFAULT,cuSPARSE CUDA 13.4.1 SELL-NROWS DEFAULT,sell-nrows-default,cusparse,candidate,,sell,spmv.csr.fp32,fp32,H100-SXM5-80GB,H100-SXM5-80GB,67000.0,c27d1d0a-dd52-58f0-bf45-e28eecb2fab1,suitesparse_all,Meszaros/p0291,p0291,252,543,2283,pass,4566.0,4.400582,0.00428639985621,1.0652295990036775,0.0015898949238860858,2026-10-06T12:27:01.351445+00:00,source
2,full-20261009-H100-SXM5-80GB-spmv-fp32-cusparse-sell-nrows-default-13.4.1,cuSPARSE-CUDA-13.4.1-SELL-NROWS-DEFAULT,cuSPARSE CUDA 13.4.1 SELL-NROWS DEFAULT,sell-nrows-default,cusparse,candidate,,sell,spmv.csr.fp32,fp32,H100-SXM5-80GB,H100-SXM5-80GB,67000.0,1bbb760b-88a6-5cef-b074-0c4935b865f2,suitesparse_all,Meszaros/p0548,p0548,176,724,1887,pass,3774.0,8.976865,0.0100783996284,0.37446421447361705,0.0005589018126471897,2026-10-06T19:05:52.758053+00:00,source
2,full-20261009-H100-SXM5-80GB-spmv-fp32-cusparse-sell-nrows-default-13.4.1,cuSPARSE-CUDA-13.4.1-SELL-NROWS-DEFAULT,cuSPARSE CUDA 13.4.1 SELL-NROWS DEFAULT,sell-nrows-default,cusparse,candidate,,sell,spmv.csr.fp32,fp32,H100-SXM5-80GB,H100-SXM5-80GB,67000.0,ca497226-ebef-56c9-ba00-9b037f2146f7,suitesparse_all,Meszaros/p2756,p2756,755,3511,9692,pass,19384.0,6.412583,0.020900799334,0.9274286447249617,0.0013842218577984503,2026-10-08T21:13:29.184745+00:00,source
2,full-20261009-H100-SXM5-80GB-spmv-fp32-cusparse-sell-nrows-default-13.4.1,cuSPARSE-CUDA-13.4.1-SELL-NROWS-DEFAULT,cuSPARSE CUDA 13.4.1 SELL-NROWS DEFAULT,sell-nrows-default,cusparse,candidate,,sell,spmv.csr.fp32,fp32,H100-SXM5-80GB,H100-SXM5-80GB,67000.0,9630d841-fbae-5247-8ae0-f8f392316afc,suitesparse_all,Meszaros/pf2177,pf2177,9728,10178,30984,pass,61968.0,4.081975,0.00326239988208,18.99460588519002,0.028350158037597044,2026-10-07T03:44:12.349547+00:00,source
2,full-20261009-H100-SXM5-80GB-spmv-fp32-cusparse-sell-nrows-default-13.4.1,cuSPARSE-CUDA-13.4.1-SELL-NROWS-DEFAULT,cuSPARSE CUDA 13.4.1 SELL-NROWS DEFAULT,sell-nrows-default,cusparse,candidate,,sell,spmv.csr.fp32,fp32,H100-SXM5-80GB,H100-SXM5-80GB,67000.0,26cb3a9c-bd7d-5e51-9c99-6d49c0b2dba4,suitesparse_all,Meszaros/plddb,plddb,3069,5049,10839,pass,21678.0,6.973246,0.00316799990833,6.842803228308009,0.010213139146728372,2026-10-07T13:01:37.407200+00:00,source
2,full-20261009-H100-SXM5-80GB-spmv-fp32-cusparse-sell-nrows-default-13.4.1,cuSPARSE-CUDA-13.4.1-SELL-NROWS-DEFAULT,cuSPARSE CUDA 13.4.1 SELL-NROWS DEFAULT,sell-nrows-default,cusparse,candidate,,sell,spmv.csr.fp32,fp32,H100-SXM5-80GB,H100-SXM5-80GB,67000.0,b507c62e-e8c4-5489-84fd-4bc66dd1e529,suitesparse_all,Meszaros/problem,problem,12,46,86,pass,172.0,6.143676,0.00275040008128,0.06253635649979819,9.333784552208685e-05,2026-10-07T08:05:28.490886+00:00,source
2,full-20261009-H100-SXM5-80GB-spmv-fp32-cusparse-sell-nrows-default-13.4.1,cuSPARSE-CUDA-13.4.1-SELL-NROWS-DEFAULT,cuSPARSE CUDA 13.4.1 SELL-NROWS DEFAULT,sell-nrows-default,cusparse,candidate,,sell,spmv.csr.fp32,fp32,H100-SXM5-80GB,H100-SXM5-80GB,67000.0,26cb3a9c-bd7d-5e51-9c99-6d49c0b2dba4,suitesparse_all,Meszaros/r05,r05,5190,9690,104145,pass,208290.0,18.805892,0.0454703986645,4.5807823577016,0.006836988593584478,2026-10-07T13:01:31.714612+00:00,source
2,full-20261009-H100-SXM5-80GB-spmv-fp32-cusparse-sell-nrows-default-13.4.1,cuSPARSE-CUDA-13.4.1-SELL-NROWS-DEFAULT,cuSPARSE CUDA 13.4.1 SELL-NROWS DEFAULT,sell-nrows-default,cusparse,candidate,,sell,spmv.csr.fp32,fp32,H100-SXM5-80GB,H100-SXM5-80GB,67000.0,6054a01d-2dc6-5795-9ae4-804d2647be74,suitesparse_all,Meszaros/rat,rat,3136,9408,268908,pass,537816.0,89.799415,0.00824960023165,65.19297722290133,0.09730295107895721,2026-10-07T17:36:25.448667+00:00,source
2,full-20261009-H100-SXM5-80GB-spmv-fp32-cusparse-sell-nrows-default-13.4.1,cuSPARSE-CUDA-13.4.1-SELL-NROWS-DEFAULT,cuSPARSE CUDA 13.4.1 SELL-NROWS DEFAULT,sell-nrows-default,cusparse,candidate,,sell,spmv.csr.fp32,fp32,H100-SXM5-80GB,H100-SXM5-80GB,67000.0,6054a01d-2dc6-5795-9ae4-804d2647be74,suitesparse_all,Meszaros/refine,refine,29,62,153,pass,306.0,5.339776,0.00356159992516,0.08591644385388214,0.00012823349828937634,2026-10-07T17:36:15.948819+00:00,source
2,full-20261009-H100-SXM5-80GB-spmv-fp32-cusparse-sell-nrows-default-13.4.1,cuSPARSE-CUDA-13.4.1-SELL-NROWS-DEFAULT,cuSPARSE CUDA 13.4.1 SELL-NROWS DEFAULT,sell-nrows-default,cusparse,candidate,,sell,spmv.csr.fp32,fp32,H100-SXM5-80GB,H100-SXM5-80GB,67000.0,c27d1d0a-dd52-58f0-bf45-e28eecb2fab1,suitesparse_all,Meszaros/rlfprim,rlfprim,58866,62716,320591,pass,641182.0,17.72684,0.00689600035548,92.9788235133248,0.13877436345272356,2026-10-06T12:27:01.935690+00:00,source
2,full-20261009-H100-SXM5-80GB-spmv-fp32-cusparse-sell-nrows-default-13.4.1,cuSPARSE-CUDA-13.4.1-SELL-NROWS-DEFAULT,cuSPARSE CUDA 13.4.1 SELL-NROWS DEFAULT,sell-nrows-default,cusparse,candidate,,sell,spmv.csr.fp32,fp32,H100-SXM5-80GB,H100-SXM5-80GB,67000.0,1bbb760b-88a6-5cef-b074-0c4935b865f2,suitesparse_all,Meszaros/rosen1,rosen1,520,1544,23794,pass,47588.0,9.237397,0.101152002811,0.47046028430022285,0.0007021795288063028,2026-10-06T19:05:53.294376+00:00,source
2,full-20261009-H100-SXM5-80GB-spmv-fp32-cusparse-sell-nrows-default-13.4.1,cuSPARSE-CUDA-13.4.1-SELL-NROWS-DEFAULT,cuSPARSE CUDA 13.4.1 SELL-NROWS DEFAULT,sell-nrows-default,cusparse,candidate,,sell,spmv.csr.fp32,fp32,H100-SXM5-80GB,H100-SXM5-80GB,67000.0,ca497226-ebef-56c9-ba00-9b037f2146f7,suitesparse_all,Meszaros/rosen7,rosen7,264,776,8034,pass,16068.0,5.041765,0.0280752003193,0.5723200482011956,0.0008542090271659636,2026-10-08T21:13:29.512300+00:00,source
2,full-20261009-H100-SXM5-80GB-spmv-fp32-cusparse-sell-nrows-default-13.4.1,cuSPARSE-CUDA-13.4.1-SELL-NROWS-DEFAULT,cuSPARSE CUDA 13.4.1 SELL-NROWS DEFAULT,sell-nrows-default,cusparse,candidate,,sell,spmv.csr.fp32,fp32,H100-SXM5-80GB,H100-SXM5-80GB,67000.0,c27d1d0a-dd52-58f0-bf45-e28eecb2fab1,suitesparse_all,Meszaros/sc205-2r,sc205-2r,35213,62423,123239,pass,246478.0,6.500542,0.00318560004234,77.37255045330431,0.11548141858702136,2026-10-06T12:27:03.551684+00:00,source
2,full-20261009-H100-SXM5-80GB-spmv-fp32-cusparse-sell-nrows-default-13.4.1,cuSPARSE-CUDA-13.4.1-SELL-NROWS-DEFAULT,cuSPARSE CUDA 13.4.1 SELL-NROWS DEFAULT,sell-nrows-default,cusparse,candidate,,sell,spmv.csr.fp32,fp32,H100-SXM5-80GB,H100-SXM5-80GB,67000.0,1bbb760b-88a6-5cef-b074-0c4935b865f2,suitesparse_all,Meszaros/scagr7-2b,scagr7-2b,9743,13847,35885,pass,71770.0,9.008643,0.00327199995518,21.93459687747819,0.03273820429474357,2026-10-06T19:05:56.138402+00:00,source
2,full-20261009-H100-SXM5-80GB-spmv-fp32-cusparse-sell-nrows-default-13.4.1,cuSPARSE-CUDA-13.4.1-SELL-NROWS-DEFAULT,cuSPARSE CUDA 13.4.1 SELL-NROWS DEFAULT,sell-nrows-default,cusparse,candidate,,sell,spmv.csr.fp32,fp32,H100-SXM5-80GB,H100-SXM5-80GB,67000.0,ca497226-ebef-56c9-ba00-9b037f2146f7,suitesparse_all,Meszaros/scagr7-2r,scagr7-2r,32847,46679,120141,pass,240282.0,6.248593,0.00355679988861,67.55567013186744,0.10082935840577231,2026-10-08T21:13:32.472234+00:00,source
2,full-20261009-H100-SXM5-80GB-spmv-fp32-cusparse-sell-nrows-default-13.4.1,cuSPARSE-CUDA-13.4.1-SELL-NROWS-DEFAULT,cuSPARSE CUDA 13.4.1 SELL-NROWS DEFAULT,sell-nrows-default,cusparse,candidate,,sell,spmv.csr.fp32,fp32,H100-SXM5-80GB,H100-SXM5-80GB,67000.0,9630d841-fbae-5247-8ae0-f8f392316afc,suitesparse_all,Meszaros/scrs8-2c,scrs8-2c,1820,3499,7367,pass,14734.0,3.86189,0.00322559997439,4.56783237753664,0.006817660264980061,2026-10-07T03:44:14.121665+00:00,source
2,full-20261009-H100-SXM5-80GB-spmv-fp32-cusparse-sell-nrows-default-13.4.1,cuSPARSE-CUDA-13.4.1-SELL-NROWS-DEFAULT,cuSPARSE CUDA 13.4.1 SELL-NROWS DEFAULT,sell-nrows-default,cusparse,candidate,,sell,spmv.csr.fp32,fp32,H100-SXM5-80GB,H100-SXM5-80GB,67000.0,b507c62e-e8c4-5489-84fd-4bc66dd1e529,suitesparse_all,Meszaros/scsd8-2b,scsd8-2b,5130,35910,112770,pass,225540.0,6.74769,0.00383520014584,58.807882619800374,0.08777295913403041,2026-10-07T08:05:31.754966+00:00,source
2,full-20261009-H100-SXM5-80GB-spmv-fp32-cusparse-sell-nrows-default-13.4.1,cuSPARSE-CUDA-13.4.1-SELL-NROWS-DEFAULT,cuSPARSE CUDA 13.4.1 SELL-NROWS DEFAULT,sell-nrows-default,cusparse,candidate,,sell,spmv.csr.fp32,fp32,H100-SXM5-80GB,H100-SXM5-80GB,67000.0,26cb3a9c-bd7d-5e51-9c99-6d49c0b2dba4,suitesparse_all,Meszaros/sctap1-2b,sctap1-2b,15390,33858,99454,pass,198908.0,6.115878,0.00480960011482,41.35645277184217,0.061726048913197266,2026-10-07T13:01:38.088281+00:00,source
2,full-20261009-H100-SXM5-80GB-spmv-fp32-cusparse-sell-nrows-default-13.4.1,cuSPARSE-CUDA-13.4.1-SELL-NROWS-DEFAULT,cuSPARSE CUDA 13.4.1 SELL-NROWS DEFAULT,sell-nrows-default,cusparse,candidate,,sell,spmv.csr.fp32,fp32,H100-SXM5-80GB,H100-SXM5-80GB,67000.0,6054a01d-2dc6-5795-9ae4-804d2647be74,suitesparse_all,Meszaros/sctap1-2c,sctap1-2c,3390,7458,21854,pass,43708.0,7.473336,0.00388800017536,11.241769040288936,0.016778759761625277,2026-10-07T17:36:26.085284+00:00,source
2,full-20261009-H100-SXM5-80GB-spmv-fp32-cusparse-sell-nrows-default-13.4.1,cuSPARSE-CUDA-13.4.1-SELL-NROWS-DEFAULT,cuSPARSE CUDA 13.4.1 SELL-NROWS DEFAULT,sell-nrows-default,cusparse,candidate,,sell,spmv.csr.fp32,fp32,H100-SXM5-80GB,H100-SXM5-80GB,67000.0,9630d841-fbae-5247-8ae0-f8f392316afc,suitesparse_all,Meszaros/seymourl,seymourl,4944,6316,38493,pass,76986.0,12.981483,0.00395039990544,19.48815356490477,0.029086796365529508,2026-10-07T03:44:12.720196+00:00,source
2,full-20261009-H100-SXM5-80GB-spmv-fp32-cusparse-sell-nrows-default-13.4.1,cuSPARSE-CUDA-13.4.1-SELL-NROWS-DEFAULT,cuSPARSE CUDA 13.4.1 SELL-NROWS DEFAULT,sell-nrows-default,cusparse,candidate,,sell,spmv.csr.fp32,fp32,H100-SXM5-80GB,H100-SXM5-80GB,67000.0,b507c62e-e8c4-5489-84fd-4bc66dd1e529,suitesparse_all,Meszaros/south31,south31,18425,36321,112398,pass,224796.0,19.301561,0.0100160002708,22.443689489042423,0.03349804401349615,2026-10-07T08:05:29.065380+00:00,source
2,full-20261009-H100-SXM5-80GB-spmv-fp32-cusparse-sell-nrows-default-13.4.1,cuSPARSE-CUDA-13.4.1-SELL-NROWS-DEFAULT,cuSPARSE CUDA 13.4.1 SELL-NROWS DEFAULT,sell-nrows-default,cusparse,candidate,,sell,spmv.csr.fp32,fp32,H100-SXM5-80GB,H100-SXM5-80GB,67000.0,26cb3a9c-bd7d-5e51-9c99-6d49c0b2dba4,suitesparse_all,Meszaros/stat96v3,stat96v3,33841,1113780,3317736,pass,6635472.0,560.101347,0.630166387558,10.529714264376368,0.015715991439367714,2026-10-07T13:01:35.461531+00:00,source
2,full-20261009-H100-SXM5-80GB-spmv-fp32-cusparse-sell-nrows-default-13.4.1,cuSPARSE-CUDA-13.4.1-SELL-NROWS-DEFAULT,cuSPARSE CUDA 13.4.1 SELL-NROWS DEFAULT,sell-nrows-default,cusparse,candidate,,sell,spmv.csr.fp32,fp32,H100-SXM5-80GB,H100-SXM5-80GB,67000.0,6054a01d-2dc6-5795-9ae4-804d2647be74,suitesparse_all,Meszaros/stat96v4,stat96v4,3173,63076,491336,pass,982672.0,686.444356,2.52960472107,0.3884685982023067,0.0005798038779138906,2026-10-07T17:36:19.722260+00:00,source
2,full-20261009-H100-SXM5-80GB-spmv-fp32-cusparse-sell-nrows-default-13.4.1,cuSPARSE-CUDA-13.4.1-SELL-NROWS-DEFAULT,cuSPARSE CUDA 13.4.1 SELL-NROWS DEFAULT,sell-nrows-default,cusparse,candidate,,sell,spmv.csr.fp32,fp32,H100-SXM5-80GB,H100-SXM5-80GB,67000.0,c27d1d0a-dd52-58f0-bf45-e28eecb2fab1,suitesparse_all,Meszaros/stormg2-27,stormg2-27,14441,37485,94274,pass,188548.0,7.573481,0.00491839982569,38.33523232803642,0.05721676466871107,2026-10-06T12:27:03.130532+00:00,source
2,full-20261009-H100-SXM5-80GB-spmv-fp32-cusparse-sell-nrows-default-13.4.1,cuSPARSE-CUDA-13.4.1-SELL-NROWS-DEFAULT,cuSPARSE CUDA 13.4.1 SELL-NROWS DEFAULT,sell-nrows-default,cusparse,candidate,,sell,spmv.csr.fp32,fp32,H100-SXM5-80GB,H100-SXM5-80GB,67000.0,1bbb760b-88a6-5cef-b074-0c4935b865f2,suitesparse_all,Meszaros/stormg2-8,stormg2-8,4409,11322,28553,pass,57106.0,9.036982,0.00527999997139,10.815530361634908,0.016142582629305832,2026-10-06T19:05:55.597481+00:00,source
2,full-20261009-H100-SXM5-80GB-spmv-fp32-cusparse-sell-nrows-default-13.4.1,cuSPARSE-CUDA-13.4.1-SELL-NROWS-DEFAULT,cuSPARSE CUDA 13.4.1 SELL-NROWS DEFAULT,sell-nrows-default,cusparse,candidate,,sell,spmv.csr.fp32,fp32,H100-SXM5-80GB,H100-SXM5-80GB,67000.0,c27d1d0a-dd52-58f0-bf45-e28eecb2fab1,suitesparse_all,Meszaros/testbig,testbig,17613,31223,61639,pass,123278.0,14.535354,0.00308480001986,39.9630443485263,0.05964633484854673,2026-10-06T12:27:02.343040+00:00,source
2,full-20261009-H100-SXM5-80GB-spmv-fp32-cusparse-sell-nrows-default-13.4.1,cuSPARSE-CUDA-13.4.1-SELL-NROWS-DEFAULT,cuSPARSE CUDA 13.4.1 SELL-NROWS DEFAULT,sell-nrows-default,cusparse,candidate,,sell,spmv.csr.fp32,fp32,H100-SXM5-80GB,H100-SXM5-80GB,67000.0,1bbb760b-88a6-5cef-b074-0c4935b865f2,suitesparse_all,Meszaros/ulevimin,ulevimin,6590,46937,164538,fail,329076.0,0.0,0.0,0.0,0.0,2026-10-06T19:05:54.536829+00:00,source
2,full-20261009-H100-SXM5-80GB-spmv-fp32-cusparse-sell-nrows-default-13.4.1,cuSPARSE-CUDA-13.4.1-SELL-NROWS-DEFAULT,cuSPARSE CUDA 13.4.1 SELL-NROWS DEFAULT,sell-nrows-default,cusparse,candidate,,sell,spmv.csr.fp32,fp32,H100-SXM5-80GB,H100-SXM5-80GB,67000.0,ca497226-ebef-56c9-ba00-9b037f2146f7,suitesparse_all,Meszaros/world,world,34506,67147,198883,pass,397766.0,59.648881,0.0455808013678,8.726612697972373,0.013024795071600558,2026-10-08T21:13:30.019677+00:00,source
2,full-20261009-H100-SXM5-80GB-spmv-fp32-cusparse-sell-nrows-default-13.4.1,cuSPARSE-CUDA-13.4.1-SELL-NROWS-DEFAULT,cuSPARSE CUDA 13.4.1 SELL-NROWS DEFAULT,sell-nrows-default,cusparse,candidate,,sell,spmv.csr.fp32,fp32,H100-SXM5-80GB,H100-SXM5-80GB,67000.0,6054a01d-2dc6-5795-9ae4-804d2647be74,suitesparse_all,Mittelmann/cont11_l,cont11_l,1468599,1961394,5382999,pass,10765998.0,49.383479,0.0271023988724,397.2341360145674,0.5928867701709961,2026-10-07T17:36:11.299250+00:00,source
2,full-20261009-H100-SXM5-80GB-spmv-fp32-cusparse-sell-nrows-default-13.4.1,cuSPARSE-CUDA-13.4.1-SELL-NROWS-DEFAULT,cuSPARSE CUDA 13.4.1 SELL-NROWS DEFAULT,sell-nrows-default,cusparse,candidate,,sell,spmv.csr.fp32,fp32,H100-SXM5-80GB,H100-SXM5-80GB,67000.0,c27d1d0a-dd52-58f0-bf45-e28eecb2fab1,suitesparse_all,Mittelmann/fome12,fome12,24284,48920,142528,pass,285056.0,30.34257,0.0250768005848,11.36731932911662,0.016966148252412865,2026-10-06T12:26:59.449092+00:00,source
2,full-20261009-H100-SXM5-80GB-spmv-fp32-cusparse-sell-nrows-default-13.4.1,cuSPARSE-CUDA-13.4.1-SELL-NROWS-DEFAULT,cuSPARSE CUDA 13.4.1 SELL-NROWS DEFAULT,sell-nrows-default,cusparse,candidate,,sell,spmv.csr.fp32,fp32,H100-SXM5-80GB,H100-SXM5-80GB,67000.0,1bbb760b-88a6-5cef-b074-0c4935b865f2,suitesparse_all,Mittelmann/fome13,fome13,48568,97840,285056,pass,570112.0,56.830361,0.0455615997314,12.512993471717193,0.01867610965927939,2026-10-06T19:05:49.888703+00:00,source
2,full-20261009-H100-SXM5-80GB-spmv-fp32-cusparse-sell-nrows-default-13.4.1,cuSPARSE-CUDA-13.4.1-SELL-NROWS-DEFAULT,cuSPARSE CUDA 13.4.1 SELL-NROWS DEFAULT,sell-nrows-default,cusparse,candidate,,sell,spmv.csr.fp32,fp32,H100-SXM5-80GB,H100-SXM5-80GB,67000.0,ca497226-ebef-56c9-ba00-9b037f2146f7,suitesparse_all,Mittelmann/fome21,fome21,67748,216350,465294,pass,930588.0,36.688311,0.0257488012314,36.14102231932925,0.05394182435720784,2026-10-08T21:13:27.373458+00:00,source
2,full-20261009-H100-SXM5-80GB-spmv-fp32-cusparse-sell-nrows-default-13.4.1,cuSPARSE-CUDA-13.4.1-SELL-NROWS-DEFAULT,cuSPARSE CUDA 13.4.1 SELL-NROWS DEFAULT,sell-nrows-default,cusparse,candidate,,sell,spmv.csr.fp32,fp32,H100-SXM5-80GB,H100-SXM5-80GB,67000.0,9630d841-fbae-5247-8ae0-f8f392316afc,suitesparse_all,Mittelmann/neos3,neos3,512209,518832,2055024,fail,4110048.0,0.0,0.0,0.0,0.0,2026-10-07T03:44:09.345003+00:00,source
2,full-20261009-H100-SXM5-80GB-spmv-fp32-cusparse-sell-nrows-default-13.4.1,cuSPARSE-CUDA-13.4.1-SELL-NROWS-DEFAULT,cuSPARSE CUDA 13.4.1 SELL-NROWS DEFAULT,sell-nrows-default,cusparse,candidate,,sell,spmv.csr.fp32,fp32,H100-SXM5-80GB,H100-SXM5-80GB,67000.0,ca497226-ebef-56c9-ba00-9b037f2146f7,suitesparse_all,Mittelmann/pds-100,pds-100,156243,514577,1096002,pass,2192004.0,84.92684,0.0562287986279,38.98365345676008,0.05818455739814937,2026-10-08T21:13:26.719621+00:00,source
2,full-20261009-H100-SXM5-80GB-spmv-fp32-cusparse-sell-nrows-default-13.4.1,cuSPARSE-CUDA-13.4.1-SELL-NROWS-DEFAULT,cuSPARSE CUDA 13.4.1 SELL-NROWS DEFAULT,sell-nrows-default,cusparse,candidate,,sell,spmv.csr.fp32,fp32,H100-SXM5-80GB,H100-SXM5-80GB,67000.0,26cb3a9c-bd7d-5e51-9c99-6d49c0b2dba4,suitesparse_all,Mittelmann/pds-30,pds-30,49944,158489,340635,pass,681270.0,28.597046,0.0199919998646,34.077131083135434,0.05086138967632154,2026-10-07T13:01:26.427220+00:00,source
2,full-20261009-H100-SXM5-80GB-spmv-fp32-cusparse-sell-nrows-default-13.4.1,cuSPARSE-CUDA-13.4.1-SELL-NROWS-DEFAULT,cuSPARSE CUDA 13.4.1 SELL-NROWS DEFAULT,sell-nrows-default,cusparse,candidate,,sell,spmv.csr.fp32,fp32,H100-SXM5-80GB,H100-SXM5-80GB,67000.0,6054a01d-2dc6-5795-9ae4-804d2647be74,suitesparse_all,Mittelmann/pds-40,pds-40,66844,217531,466800,pass,933600.0,38.392414,0.0243696004152,38.310024952960966,0.05717914172083727,2026-10-07T17:36:07.192489+00:00,source
2,full-20261009-H100-SXM5-80GB-spmv-fp32-cusparse-sell-nrows-default-13.4.1,cuSPARSE-CUDA-13.4.1-SELL-NROWS-DEFAULT,cuSPARSE CUDA 13.4.1 SELL-NROWS DEFAULT,sell-nrows-default,cusparse,candidate,,sell,spmv.csr.fp32,fp32,H100-SXM5-80GB,H100-SXM5-80GB,67000.0,c27d1d0a-dd52-58f0-bf45-e28eecb2fab1,suitesparse_all,Mittelmann/pds-70,pds-70,114944,390005,833465,pass,1666930.0,60.076363,0.0369967997074,45.05605925873057,0.06724784963989637,2026-10-06T12:26:58.968454+00:00,source
2,full-20261009-H100-SXM5-80GB-spmv-fp32-cusparse-sell-nrows-default-13.4.1,cuSPARSE-CUDA-13.4.1-SELL-NROWS-DEFAULT,cuSPARSE CUDA 13.4.1 SELL-NROWS DEFAULT,sell-nrows-default,cusparse,candidate,,sell,spmv.csr.fp32,fp32,H100-SXM5-80GB,H100-SXM5-80GB,67000.0,1bbb760b-88a6-5cef-b074-0c4935b865f2,suitesparse_all,Mittelmann/pds-80,pds-80,129181,434580,927826,pass,1855652.0,66.032713,0.0464576005936,39.94291518050621,0.05961629131418837,2026-10-06T19:05:49.135367+00:00,source
2,full-20261009-H100-SXM5-80GB-spmv-fp32-cusparse-sell-nrows-default-13.4.1,cuSPARSE-CUDA-13.4.1-SELL-NROWS-DEFAULT,cuSPARSE CUDA 13.4.1 SELL-NROWS DEFAULT,sell-nrows-default,cusparse,candidate,,sell,spmv.csr.fp32,fp32,H100-SXM5-80GB,H100-SXM5-80GB,67000.0,9630d841-fbae-5247-8ae0-f8f392316afc,suitesparse_all,Mittelmann/rail2586,rail2586,2586,923269,8011362,pass,16022724.0,886.965964,6.30278244019,2.542166757626016,0.003794278742725397,2026-10-07T03:44:07.753480+00:00,source
2,full-20261009-H100-SXM5-80GB-spmv-fp32-cusparse-sell-nrows-default-13.4.1,cuSPARSE-CUDA-13.4.1-SELL-NROWS-DEFAULT,cuSPARSE CUDA 13.4.1 SELL-NROWS DEFAULT,sell-nrows-default,cusparse,candidate,,sell,spmv.csr.fp32,fp32,H100-SXM5-80GB,H100-SXM5-80GB,67000.0,b507c62e-e8c4-5489-84fd-4bc66dd1e529,suitesparse_all,Mittelmann/sgpf5y6,sgpf5y6,246077,312540,831976,pass,1663952.0,80.733848,0.0451344013214,36.8666017779005,0.05502477877298581,2026-10-07T08:05:25.239955+00:00,source
2,full-20261009-H100-SXM5-80GB-spmv-fp32-cusparse-sell-nrows-default-13.4.1,cuSPARSE-CUDA-13.4.1-SELL-NROWS-DEFAULT,cuSPARSE CUDA 13.4.1 SELL-NROWS DEFAULT,sell-nrows-default,cusparse,candidate,,sell,spmv.csr.fp32,fp32,H100-SXM5-80GB,H100-SXM5-80GB,67000.0,26cb3a9c-bd7d-5e51-9c99-6d49c0b2dba4,suitesparse_all,Mittelmann/watson_2,watson_2,352013,677224,1846391,pass,3692782.0,172.360817,0.235990405083,15.648017548430472,0.023355250072284287,2026-10-07T13:01:28.330598+00:00,source
2,full-20261009-H100-SXM5-80GB-spmv-fp32-cusparse-sell-nrows-default-13.4.1,cuSPARSE-CUDA-13.4.1-SELL-NROWS-DEFAULT,cuSPARSE CUDA 13.4.1 SELL-NROWS DEFAULT,sell-nrows-default,cusparse,candidate,,sell,spmv.csr.fp32,fp32,H100-SXM5-80GB,H100-SXM5-80GB,67000.0,26cb3a9c-bd7d-5e51-9c99-6d49c0b2dba4,suitesparse_all,Morandini/rotor1,rotor1,100,100,708,pass,1416.0,4.301006,0.00375359989703,0.3772378620109182,0.0005630415850909227,2026-10-07T13:00:58.036251+00:00,source
2,full-20261009-H100-SXM5-80GB-spmv-fp32-cusparse-sell-nrows-default-13.4.1,cuSPARSE-CUDA-13.4.1-SELL-NROWS-DEFAULT,cuSPARSE CUDA 13.4.1 SELL-NROWS DEFAULT,sell-nrows-default,cusparse,candidate,,sell,spmv.csr.fp32,fp32,H100-SXM5-80GB,H100-SXM5-80GB,67000.0,6054a01d-2dc6-5795-9ae4-804d2647be74,suitesparse_all,Morandini/rotor2,rotor2,791,791,10685,pass,21370.0,7.030539,0.00415199995041,5.14691720983517,0.007681965984828612,2026-10-07T17:35:13.130408+00:00,source
2,full-20261009-H100-SXM5-80GB-spmv-fp32-cusparse-sell-nrows-default-13.4.1,cuSPARSE-CUDA-13.4.1-SELL-NROWS-DEFAULT,cuSPARSE CUDA 13.4.1 SELL-NROWS DEFAULT,sell-nrows-default,cusparse,candidate,,sell,spmv.csr.fp32,fp32,H100-SXM5-80GB,H100-SXM5-80GB,67000.0,9630d841-fbae-5247-8ae0-f8f392316afc,suitesparse_all,Muite/Chebyshev2,Chebyshev2,2053,2053,18447,pass,36894.0,31.588984,0.110503995419,0.3338702809804148,0.0004983138522095744,2026-10-07T03:44:16.893425+00:00,source
2,full-20261009-H100-SXM5-80GB-spmv-fp32-cusparse-sell-nrows-default-13.4.1,cuSPARSE-CUDA-13.4.1-SELL-NROWS-DEFAULT,cuSPARSE CUDA 13.4.1 SELL-NROWS DEFAULT,sell-nrows-default,cusparse,candidate,,sell,spmv.csr.fp32,fp32,H100-SXM5-80GB,H100-SXM5-80GB,67000.0,b507c62e-e8c4-5489-84fd-4bc66dd1e529,suitesparse_all,Muite/Chebyshev4,Chebyshev4,68121,68121,5377761,fail,10755522.0,0.0,0.0,0.0,0.0,2026-10-07T08:05:38.305213+00:00,source
2,full-20261009-H100-SXM5-80GB-spmv-fp32-cusparse-sell-nrows-default-13.4.1,cuSPARSE-CUDA-13.4.1-SELL-NROWS-DEFAULT,cuSPARSE CUDA 13.4.1 SELL-NROWS DEFAULT,sell-nrows-default,cusparse,candidate,,sell,spmv.csr.fp32,fp32,H100-SXM5-80GB,H100-SXM5-80GB,67000.0,26cb3a9c-bd7d-5e51-9c99-6d49c0b2dba4,suitesparse_all,Mycielski/mycielskian10,mycielskian10,767,767,44392,pass,88784.0,6.665813,0.0218176007271,4.069375047720986,0.006073694101076099,2026-10-07T13:05:46.938828+00:00,source
2,full-20261009-H100-SXM5-80GB-spmv-fp32-cusparse-sell-nrows-default-13.4.1,cuSPARSE-CUDA-13.4.1-SELL-NROWS-DEFAULT,cuSPARSE CUDA 13.4.1 SELL-NROWS DEFAULT,sell-nrows-default,cusparse,candidate,,sell,spmv.csr.fp32,fp32,H100-SXM5-80GB,H100-SXM5-80GB,67000.0,6054a01d-2dc6-5795-9ae4-804d2647be74,suitesparse_all,Mycielski/mycielskian11,mycielskian11,1535,1535,134710,pass,269420.0,21.067707,0.0548816025257,4.909113211004285,0.007327034643289977,2026-10-07T17:41:42.200335+00:00,source
2,full-20261009-H100-SXM5-80GB-spmv-fp32-cusparse-sell-nrows-default-13.4.1,cuSPARSE-CUDA-13.4.1-SELL-NROWS-DEFAULT,cuSPARSE CUDA 13.4.1 SELL-NROWS DEFAULT,sell-nrows-default,cusparse,candidate,,sell,spmv.csr.fp32,fp32,H100-SXM5-80GB,H100-SXM5-80GB,67000.0,c27d1d0a-dd52-58f0-bf45-e28eecb2fab1,suitesparse_all,Mycielski/mycielskian14,mycielskian14,12287,12287,3695512,pass,7391024.0,407.772892,0.463963222504,15.93019369102317,0.023776408494064434,2026-10-06T12:33:02.507171+00:00,source
2,full-20261009-H100-SXM5-80GB-spmv-fp32-cusparse-sell-nrows-default-13.4.1,cuSPARSE-CUDA-13.4.1-SELL-NROWS-DEFAULT,cuSPARSE CUDA 13.4.1 SELL-NROWS DEFAULT,sell-nrows-default,cusparse,candidate,,sell,spmv.csr.fp32,fp32,H100-SXM5-80GB,H100-SXM5-80GB,67000.0,1bbb760b-88a6-5cef-b074-0c4935b865f2,suitesparse_all,Mycielski/mycielskian15,mycielskian15,24575,24575,11111110,fail,22222220.0,0.0,0.0,0.0,0.0,2026-10-06T19:10:11.560788+00:00,source
2,full-20261009-H100-SXM5-80GB-spmv-fp32-cusparse-sell-nrows-default-13.4.1,cuSPARSE-CUDA-13.4.1-SELL-NROWS-DEFAULT,cuSPARSE CUDA 13.4.1 SELL-NROWS DEFAULT,sell-nrows-default,cusparse,candidate,,sell,spmv.csr.fp32,fp32,H100-SXM5-80GB,H100-SXM5-80GB,67000.0,ca497226-ebef-56c9-ba00-9b037f2146f7,suitesparse_all,Mycielski/mycielskian17,mycielskian17,98303,98303,100245742,fail,200491484.0,0.0,0.0,0.0,0.0,2026-10-08T21:23:02.840477+00:00,source
2,full-20261009-H100-SXM5-80GB-spmv-fp32-cusparse-sell-nrows-default-13.4.1,cuSPARSE-CUDA-13.4.1-SELL-NROWS-DEFAULT,cuSPARSE CUDA 13.4.1 SELL-NROWS DEFAULT,sell-nrows-default,cusparse,candidate,,sell,spmv.csr.fp32,fp32,H100-SXM5-80GB,H100-SXM5-80GB,67000.0,9630d841-fbae-5247-8ae0-f8f392316afc,suitesparse_all,Mycielski/mycielskian5,mycielskian5,23,23,142,pass,284.0,13.531041,0.00298399999738,0.09517426281814899,0.00014205113853455075,2026-10-07T03:46:41.043805+00:00,source
2,full-20261009-H100-SXM5-80GB-spmv-fp32-cusparse-sell-nrows-default-13.4.1,cuSPARSE-CUDA-13.4.1-SELL-NROWS-DEFAULT,cuSPARSE CUDA 13.4.1 SELL-NROWS DEFAULT,sell-nrows-default,cusparse,candidate,,sell,spmv.csr.fp32,fp32,H100-SXM5-80GB,H100-SXM5-80GB,67000.0,b507c62e-e8c4-5489-84fd-4bc66dd1e529,suitesparse_all,Mycielski/mycielskian7,mycielskian7,95,95,1510,pass,3020.0,5.211877,0.00426560007036,0.7079894856962349,0.0010567007249197534,2026-10-07T08:08:22.470872+00:00,source
2,full-20261009-H100-SXM5-80GB-spmv-fp32-cusparse-sell-nrows-default-13.4.1,cuSPARSE-CUDA-13.4.1-SELL-NROWS-DEFAULT,cuSPARSE CUDA 13.4.1 SELL-NROWS DEFAULT,sell-nrows-default,cusparse,candidate,,sell,spmv.csr.fp32,fp32,H100-SXM5-80GB,H100-SXM5-80GB,67000.0,b507c62e-e8c4-5489-84fd-4bc66dd1e529,suitesparse_all,ND/nd24k,nd24k,72000,72000,28715634,pass,57431268.0,315.654552,0.128137600422,448.1999648101698,0.6689551713584624,2026-10-07T08:04:11.909453+00:00,source
2,full-20261009-H100-SXM5-80GB-spmv-fp32-cusparse-sell-nrows-default-13.4.1,cuSPARSE-CUDA-13.4.1-SELL-NROWS-DEFAULT,cuSPARSE CUDA 13.4.1 SELL-NROWS DEFAULT,sell-nrows-default,cusparse,candidate,,sell,spmv.csr.fp32,fp32,H100-SXM5-80GB,H100-SXM5-80GB,67000.0,9630d841-fbae-5247-8ae0-f8f392316afc,suitesparse_all,ND/nd6k,nd6k,18000,18000,6897316,pass,13794632.0,69.928122,0.06895840168,200.04280354428306,0.2985713485735568,2026-10-07T03:43:15.505806+00:00,source
2,full-20261009-H100-SXM5-80GB-spmv-fp32-cusparse-sell-nrows-default-13.4.1,cuSPARSE-CUDA-13.4.1-SELL-NROWS-DEFAULT,cuSPARSE CUDA 13.4.1 SELL-NROWS DEFAULT,sell-nrows-default,cusparse,candidate,,sell,spmv.csr.fp32,fp32,H100-SXM5-80GB,H100-SXM5-80GB,67000.0,26cb3a9c-bd7d-5e51-9c99-6d49c0b2dba4,suitesparse_all,NYPA/Maragal_3,Maragal_3,1690,860,18391,pass,36782.0,9.296042,0.026329600811,1.3969828203636565,0.0020850489856173975,2026-10-07T13:01:40.052397+00:00,source
2,full-20261009-H100-SXM5-80GB-spmv-fp32-cusparse-sell-nrows-default-13.4.1,cuSPARSE-CUDA-13.4.1-SELL-NROWS-DEFAULT,cuSPARSE CUDA 13.4.1 SELL-NROWS DEFAULT,sell-nrows-default,cusparse,candidate,,sell,spmv.csr.fp32,fp32,H100-SXM5-80GB,H100-SXM5-80GB,67000.0,6054a01d-2dc6-5795-9ae4-804d2647be74,suitesparse_all,NYPA/Maragal_4,Maragal_4,1964,1034,26719,pass,53438.0,13.214924,0.0253455996513,2.1083738690419627,0.0031468266702118844,2026-10-07T17:36:28.905396+00:00,source
2,full-20261009-H100-SXM5-80GB-spmv-fp32-cusparse-sell-nrows-default-13.4.1,cuSPARSE-CUDA-13.4.1-SELL-NROWS-DEFAULT,cuSPARSE CUDA 13.4.1 SELL-NROWS DEFAULT,sell-nrows-default,cusparse,candidate,,sell,spmv.csr.fp32,fp32,H100-SXM5-80GB,H100-SXM5-80GB,67000.0,c27d1d0a-dd52-58f0-bf45-e28eecb2fab1,suitesparse_all,NYPA/Maragal_7,Maragal_7,46845,26564,1200537,pass,2401074.0,1883.944121,3.15723514557,0.7604989458479233,0.0011350730535043632,2026-10-06T12:27:37.234529+00:00,source
2,full-20261009-H100-SXM5-80GB-spmv-fp32-cusparse-sell-nrows-default-13.4.1,cuSPARSE-CUDA-13.4.1-SELL-NROWS-DEFAULT,cuSPARSE CUDA 13.4.1 SELL-NROWS DEFAULT,sell-nrows-default,cusparse,candidate,,sell,spmv.csr.fp32,fp32,H100-SXM5-80GB,H100-SXM5-80GB,67000.0,9630d841-fbae-5247-8ae0-f8f392316afc,suitesparse_all,NYPA/Maragal_8,Maragal_8,33212,75077,1308415,pass,2616830.0,917.587838,0.855731201172,3.058004658958349,0.00456418605814679,2026-10-07T03:45:06.013817+00:00,source
2,full-20261009-H100-SXM5-80GB-spmv-fp32-cusparse-sell-nrows-default-13.4.1,cuSPARSE-CUDA-13.4.1-SELL-NROWS-DEFAULT,cuSPARSE CUDA 13.4.1 SELL-NROWS DEFAULT,sell-nrows-default,cusparse,candidate,,sell,spmv.csr.fp32,fp32,H100-SXM5-80GB,H100-SXM5-80GB,67000.0,c27d1d0a-dd52-58f0-bf45-e28eecb2fab1,suitesparse_all,Nasa/barth,barth,6691,6691,26439,pass,52878.0,4.36009,0.00343840010464,15.378664027098825,0.022953229891192275,2026-10-06T12:25:06.441117+00:00,source
2,full-20261009-H100-SXM5-80GB-spmv-fp32-cusparse-sell-nrows-default-13.4.1,cuSPARSE-CUDA-13.4.1-SELL-NROWS-DEFAULT,cuSPARSE CUDA 13.4.1 SELL-NROWS DEFAULT,sell-nrows-default,cusparse,candidate,,sell,spmv.csr.fp32,fp32,H100-SXM5-80GB,H100-SXM5-80GB,67000.0,1bbb760b-88a6-5cef-b074-0c4935b865f2,suitesparse_all,Nasa/barth4,barth4,6019,6019,23492,pass,46984.0,8.990193,0.00321279987693,14.624004544253062,0.021826872454109046,2026-10-06T19:03:44.590813+00:00,source
2,full-20261009-H100-SXM5-80GB-spmv-fp32-cusparse-sell-nrows-default-13.4.1,cuSPARSE-CUDA-13.4.1-SELL-NROWS-DEFAULT,cuSPARSE CUDA 13.4.1 SELL-NROWS DEFAULT,sell-nrows-default,cusparse,candidate,,sell,spmv.csr.fp32,fp32,H100-SXM5-80GB,H100-SXM5-80GB,67000.0,ca497226-ebef-56c9-ba00-9b037f2146f7,suitesparse_all,Nasa/nasa1824,nasa1824,1824,1824,39208,pass,78416.0,5.25526,0.00518559999764,15.121875971090642,0.02256996413595618,2026-10-08T21:12:09.767677+00:00,source
2,full-20261009-H100-SXM5-80GB-spmv-fp32-cusparse-sell-nrows-default-13.4.1,cuSPARSE-CUDA-13.4.1-SELL-NROWS-DEFAULT,cuSPARSE CUDA 13.4.1 SELL-NROWS DEFAULT,sell-nrows-default,cusparse,candidate,,sell,spmv.csr.fp32,fp32,H100-SXM5-80GB,H100-SXM5-80GB,67000.0,9630d841-fbae-5247-8ae0-f8f392316afc,suitesparse_all,Nasa/nasasrb,nasasrb,54870,54870,2677324,pass,5354648.0,96.628386,0.046887999773,114.2008195257547,0.17044898436679806,2026-10-07T03:43:03.608244+00:00,source
2,full-20261009-H100-SXM5-80GB-spmv-fp32-cusparse-sell-nrows-default-13.4.1,cuSPARSE-CUDA-13.4.1-SELL-NROWS-DEFAULT,cuSPARSE CUDA 13.4.1 SELL-NROWS DEFAULT,sell-nrows-default,cusparse,candidate,,sell,spmv.csr.fp32,fp32,H100-SXM5-80GB,H100-SXM5-80GB,67000.0,b507c62e-e8c4-5489-84fd-4bc66dd1e529,suitesparse_all,Nasa/shuttle_eddy,shuttle_eddy,10429,10429,103599,pass,207198.0,9.122678,0.00494240000844,41.92254767849095,0.06257096668431485,2026-10-07T08:03:47.374611+00:00,source
2,full-20261009-H100-SXM5-80GB-spmv-fp32-cusparse-sell-nrows-default-13.4.1,cuSPARSE-CUDA-13.4.1-SELL-NROWS-DEFAULT,cuSPARSE CUDA 13.4.1 SELL-NROWS DEFAULT,sell-nrows-default,cusparse,candidate,,sell,spmv.csr.fp32,fp32,H100-SXM5-80GB,H100-SXM5-80GB,67000.0,c27d1d0a-dd52-58f0-bf45-e28eecb2fab1,suitesparse_all,Negre/dendrimer,dendrimer,730,730,63024,pass,126048.0,4.902323,0.0108159996569,11.653846523523923,0.01739380078137899,2026-10-06T12:34:12.922323+00:00,source
2,full-20261009-H100-SXM5-80GB-spmv-fp32-cusparse-sell-nrows-default-13.4.1,cuSPARSE-CUDA-13.4.1-SELL-NROWS-DEFAULT,cuSPARSE CUDA 13.4.1 SELL-NROWS DEFAULT,sell-nrows-default,cusparse,candidate,,sell,spmv.csr.fp32,fp32,H100-SXM5-80GB,H100-SXM5-80GB,67000.0,26cb3a9c-bd7d-5e51-9c99-6d49c0b2dba4,suitesparse_all,Nemeth/nemeth02,nemeth02,9506,9506,394808,pass,789616.0,7.220163,0.00519040003419,152.13008531108824,0.22705982882251977,2026-10-07T13:00:18.256924+00:00,source
2,full-20261009-H100-SXM5-80GB-spmv-fp32-cusparse-sell-nrows-default-13.4.1,cuSPARSE-CUDA-13.4.1-SELL-NROWS-DEFAULT,cuSPARSE CUDA 13.4.1 SELL-NROWS DEFAULT,sell-nrows-default,cusparse,candidate,,sell,spmv.csr.fp32,fp32,H100-SXM5-80GB,H100-SXM5-80GB,67000.0,6054a01d-2dc6-5795-9ae4-804d2647be74,suitesparse_all,Nemeth/nemeth03,nemeth03,9506,9506,394808,pass,789616.0,25.00933,0.00512479990721,154.07743020153853,0.22996631373363963,2026-10-07T17:34:09.241056+00:00,source
2,full-20261009-H100-SXM5-80GB-spmv-fp32-cusparse-sell-nrows-default-13.4.1,cuSPARSE-CUDA-13.4.1-SELL-NROWS-DEFAULT,cuSPARSE CUDA 13.4.1 SELL-NROWS DEFAULT,sell-nrows-default,cusparse,candidate,,sell,spmv.csr.fp32,fp32,H100-SXM5-80GB,H100-SXM5-80GB,67000.0,c27d1d0a-dd52-58f0-bf45-e28eecb2fab1,suitesparse_all,Nemeth/nemeth06,nemeth06,9506,9506,394808,pass,789616.0,7.525065,0.00526559986174,149.95746367614686,0.2238171099643983,2026-10-06T12:25:06.997268+00:00,source
2,full-20261009-H100-SXM5-80GB-spmv-fp32-cusparse-sell-nrows-default-13.4.1,cuSPARSE-CUDA-13.4.1-SELL-NROWS-DEFAULT,cuSPARSE CUDA 13.4.1 SELL-NROWS DEFAULT,sell-nrows-default,cusparse,candidate,,sell,spmv.csr.fp32,fp32,H100-SXM5-80GB,H100-SXM5-80GB,67000.0,1bbb760b-88a6-5cef-b074-0c4935b865f2,suitesparse_all,Nemeth/nemeth07,nemeth07,9506,9506,394812,pass,789624.0,9.539023,0.00648479983211,121.76536214581584,0.1817393464862923,2026-10-06T19:03:45.347136+00:00,source
2,full-20261009-H100-SXM5-80GB-spmv-fp32-cusparse-sell-nrows-default-13.4.1,cuSPARSE-CUDA-13.4.1-SELL-NROWS-DEFAULT,cuSPARSE CUDA 13.4.1 SELL-NROWS DEFAULT,sell-nrows-default,cusparse,candidate,,sell,spmv.csr.fp32,fp32,H100-SXM5-80GB,H100-SXM5-80GB,67000.0,ca497226-ebef-56c9-ba00-9b037f2146f7,suitesparse_all,Nemeth/nemeth09,nemeth09,9506,9506,395506,pass,791012.0,11.434651,0.00590079985559,134.05165729365507,0.20007710043829113,2026-10-08T21:12:10.431160+00:00,source
2,full-20261009-H100-SXM5-80GB-spmv-fp32-cusparse-sell-nrows-default-13.4.1,cuSPARSE-CUDA-13.4.1-SELL-NROWS-DEFAULT,cuSPARSE CUDA 13.4.1 SELL-NROWS DEFAULT,sell-nrows-default,cusparse,candidate,,sell,spmv.csr.fp32,fp32,H100-SXM5-80GB,H100-SXM5-80GB,67000.0,9630d841-fbae-5247-8ae0-f8f392316afc,suitesparse_all,Nemeth/nemeth13,nemeth13,9506,9506,474472,pass,948944.0,8.819678,0.00539360009134,175.93888755742768,0.2625953545633249,2026-10-07T03:43:04.201972+00:00,source
2,full-20261009-H100-SXM5-80GB-spmv-fp32-cusparse-sell-nrows-default-13.4.1,cuSPARSE-CUDA-13.4.1-SELL-NROWS-DEFAULT,cuSPARSE CUDA 13.4.1 SELL-NROWS DEFAULT,sell-nrows-default,cusparse,candidate,,sell,spmv.csr.fp32,fp32,H100-SXM5-80GB,H100-SXM5-80GB,67000.0,b507c62e-e8c4-5489-84fd-4bc66dd1e529,suitesparse_all,Nemeth/nemeth15,nemeth15,9506,9506,539802,pass,1079604.0,13.857296,0.00800480023026,134.86957437349238,0.20129787219924236,2026-10-07T08:03:48.144443+00:00,source
2,full-20261009-H100-SXM5-80GB-spmv-fp32-cusparse-sell-nrows-default-13.4.1,cuSPARSE-CUDA-13.4.1-SELL-NROWS-DEFAULT,cuSPARSE CUDA 13.4.1 SELL-NROWS DEFAULT,sell-nrows-default,cusparse,candidate,,sell,spmv.csr.fp32,fp32,H100-SXM5-80GB,H100-SXM5-80GB,67000.0,26cb3a9c-bd7d-5e51-9c99-6d49c0b2dba4,suitesparse_all,Nemeth/nemeth18,nemeth18,9506,9506,695234,pass,1390468.0,10.747328,0.00667200013995,208.40347284681263,0.3110499594728547,2026-10-07T13:00:18.974488+00:00,source
2,full-20261009-H100-SXM5-80GB-spmv-fp32-cusparse-sell-nrows-default-13.4.1,cuSPARSE-CUDA-13.4.1-SELL-NROWS-DEFAULT,cuSPARSE CUDA 13.4.1 SELL-NROWS DEFAULT,sell-nrows-default,cusparse,candidate,,sell,spmv.csr.fp32,fp32,H100-SXM5-80GB,H100-SXM5-80GB,67000.0,6054a01d-2dc6-5795-9ae4-804d2647be74,suitesparse_all,Nemeth/nemeth19,nemeth19,9506,9506,818302,pass,1636604.0,11.138131,0.00717760026455,228.01548423964886,0.3403216182681326,2026-10-07T17:34:10.424806+00:00,source
2,full-20261009-H100-SXM5-80GB-spmv-fp32-cusparse-sell-nrows-default-13.4.1,cuSPARSE-CUDA-13.4.1-SELL-NROWS-DEFAULT,cuSPARSE CUDA 13.4.1 SELL-NROWS DEFAULT,sell-nrows-default,cusparse,candidate,,sell,spmv.csr.fp32,fp32,H100-SXM5-80GB,H100-SXM5-80GB,67000.0,c27d1d0a-dd52-58f0-bf45-e28eecb2fab1,suitesparse_all,Nemeth/nemeth22,nemeth22,9506,9506,1358832,pass,2717664.0,20.771473,0.0150928005576,180.06359983545377,0.2687516415454534,2026-10-06T12:25:08.303198+00:00,source
2,full-20261009-H100-SXM5-80GB-spmv-fp32-cusparse-sell-nrows-default-13.4.1,cuSPARSE-CUDA-13.4.1-SELL-NROWS-DEFAULT,cuSPARSE CUDA 13.4.1 SELL-NROWS DEFAULT,sell-nrows-default,cusparse,candidate,,sell,spmv.csr.fp32,fp32,H100-SXM5-80GB,H100-SXM5-80GB,67000.0,1bbb760b-88a6-5cef-b074-0c4935b865f2,suitesparse_all,Nemeth/nemeth23,nemeth23,9506,9506,1506810,pass,3013620.0,22.962709,0.0159999996424,188.35125420965056,0.28112127493977696,2026-10-06T19:03:46.587666+00:00,source
2,full-20261009-H100-SXM5-80GB-spmv-fp32-cusparse-sell-nrows-default-13.4.1,cuSPARSE-CUDA-13.4.1-SELL-NROWS-DEFAULT,cuSPARSE CUDA 13.4.1 SELL-NROWS DEFAULT,sell-nrows-default,cusparse,candidate,,sell,spmv.csr.fp32,fp32,H100-SXM5-80GB,H100-SXM5-80GB,67000.0,ca497226-ebef-56c9-ba00-9b037f2146f7,suitesparse_all,Nemeth/nemeth25,nemeth25,9506,9506,1511758,pass,3023516.0,22.013257,0.0163663998246,184.73922380017964,0.27573018477638755,2026-10-08T21:12:11.610399+00:00,source
2,full-20261009-H100-SXM5-80GB-spmv-fp32-cusparse-sell-nrows-default-13.4.1,cuSPARSE-CUDA-13.4.1-SELL-NROWS-DEFAULT,cuSPARSE CUDA 13.4.1 SELL-NROWS DEFAULT,sell-nrows-default,cusparse,candidate,,sell,spmv.csr.fp32,fp32,H100-SXM5-80GB,H100-SXM5-80GB,67000.0,ca497226-ebef-56c9-ba00-9b037f2146f7,suitesparse_all,Newman/adjnoun,adjnoun,112,112,850,pass,1700.0,4.91553,0.00511040017009,0.3326549670121158,0.0004964999507643519,2026-10-08T21:14:51.208946+00:00,source
2,full-20261009-H100-SXM5-80GB-spmv-fp32-cusparse-sell-nrows-default-13.4.1,cuSPARSE-CUDA-13.4.1-SELL-NROWS-DEFAULT,cuSPARSE CUDA 13.4.1 SELL-NROWS DEFAULT,sell-nrows-default,cusparse,candidate,,sell,spmv.csr.fp32,fp32,H100-SXM5-80GB,H100-SXM5-80GB,67000.0,9630d841-fbae-5247-8ae0-f8f392316afc,suitesparse_all,Newman/cond-mat,cond-mat,16726,16726,95188,pass,190376.0,12.5005,0.00856639966369,22.223572034227857,0.03316951049884755,2026-10-07T03:45:41.747924+00:00,source
2,full-20261009-H100-SXM5-80GB-spmv-fp32-cusparse-sell-nrows-default-13.4.1,cuSPARSE-CUDA-13.4.1-SELL-NROWS-DEFAULT,cuSPARSE CUDA 13.4.1 SELL-NROWS DEFAULT,sell-nrows-default,cusparse,candidate,,sell,spmv.csr.fp32,fp32,H100-SXM5-80GB,H100-SXM5-80GB,67000.0,b507c62e-e8c4-5489-84fd-4bc66dd1e529,suitesparse_all,Newman/cond-mat-2005,cond-mat-2005,40421,40421,351386,pass,702772.0,55.890209,0.0418767988682,16.781894007988853,0.025047602996998288,2026-10-07T08:06:42.916166+00:00,source
2,full-20261009-H100-SXM5-80GB-spmv-fp32-cusparse-sell-nrows-default-13.4.1,cuSPARSE-CUDA-13.4.1-SELL-NROWS-DEFAULT,cuSPARSE CUDA 13.4.1 SELL-NROWS DEFAULT,sell-nrows-default,cusparse,candidate,,sell,spmv.csr.fp32,fp32,H100-SXM5-80GB,H100-SXM5-80GB,67000.0,26cb3a9c-bd7d-5e51-9c99-6d49c0b2dba4,suitesparse_all,Newman/hep-th,hep-th,8361,8361,31502,pass,63004.0,7.120382,0.00694079995155,9.077339851284739,0.013548268434753343,2026-10-07T13:02:55.385437+00:00,source
2,full-20261009-H100-SXM5-80GB-spmv-fp32-cusparse-sell-nrows-default-13.4.1,cuSPARSE-CUDA-13.4.1-SELL-NROWS-DEFAULT,cuSPARSE CUDA 13.4.1 SELL-NROWS DEFAULT,sell-nrows-default,cusparse,candidate,,sell,spmv.csr.fp32,fp32,H100-SXM5-80GB,H100-SXM5-80GB,67000.0,6054a01d-2dc6-5795-9ae4-804d2647be74,suitesparse_all,Newman/karate,karate,34,34,156,pass,312.0,6.250213,0.00323520004749,0.09643916772382045,0.00014393905630420963,2026-10-07T17:38:41.707175+00:00,source
2,full-20261009-H100-SXM5-80GB-spmv-fp32-cusparse-sell-nrows-default-13.4.1,cuSPARSE-CUDA-13.4.1-SELL-NROWS-DEFAULT,cuSPARSE CUDA 13.4.1 SELL-NROWS DEFAULT,sell-nrows-default,cusparse,candidate,,sell,spmv.csr.fp32,fp32,H100-SXM5-80GB,H100-SXM5-80GB,67000.0,c27d1d0a-dd52-58f0-bf45-e28eecb2fab1,suitesparse_all,Newman/polblogs,polblogs,1490,1490,19025,pass,38050.0,5.902479,0.0111567996442,3.410476230948609,0.005090263031266582,2026-10-06T12:29:02.234800+00:00,source
2,full-20261009-H100-SXM5-80GB-spmv-fp32-cusparse-sell-nrows-default-13.4.1,cuSPARSE-CUDA-13.4.1-SELL-NROWS-DEFAULT,cuSPARSE CUDA 13.4.1 SELL-NROWS DEFAULT,sell-nrows-default,cusparse,candidate,,sell,spmv.csr.fp32,fp32,H100-SXM5-80GB,H100-SXM5-80GB,67000.0,1bbb760b-88a6-5cef-b074-0c4935b865f2,suitesparse_all,Newman/polbooks,polbooks,105,105,882,pass,1764.0,8.998163,0.00352800004184,0.49999999407029483,0.0007462686478661117,2026-10-06T19:07:02.381587+00:00,source
2,full-20261009-H100-SXM5-80GB-spmv-fp32-cusparse-sell-nrows-default-13.4.1,cuSPARSE-CUDA-13.4.1-SELL-NROWS-DEFAULT,cuSPARSE CUDA 13.4.1 SELL-NROWS DEFAULT,sell-nrows-default,cusparse,candidate,,sell,spmv.csr.fp32,fp32,H100-SXM5-80GB,H100-SXM5-80GB,67000.0,9630d841-fbae-5247-8ae0-f8f392316afc,suitesparse_all,Norris/fv3,fv3,9801,9801,87025,pass,174050.0,6.679147,0.00313600003719,55.50063709691687,0.08283677178644308,2026-10-07T03:43:09.708950+00:00,source
2,full-20261009-H100-SXM5-80GB-spmv-fp32-cusparse-sell-nrows-default-13.4.1,cuSPARSE-CUDA-13.4.1-SELL-NROWS-DEFAULT,cuSPARSE CUDA 13.4.1 SELL-NROWS DEFAULT,sell-nrows-default,cusparse,candidate,,sell,spmv.csr.fp32,fp32,H100-SXM5-80GB,H100-SXM5-80GB,67000.0,b507c62e-e8c4-5489-84fd-4bc66dd1e529,suitesparse_all,Norris/heart2,heart2,2339,2339,682797,pass,1365594.0,18.608352,0.03794080019,35.99275695719057,0.053720532771926226,2026-10-07T08:03:57.682874+00:00,source
2,full-20261009-H100-SXM5-80GB-spmv-fp32-cusparse-sell-nrows-default-13.4.1,cuSPARSE-CUDA-13.4.1-SELL-NROWS-DEFAULT,cuSPARSE CUDA 13.4.1 SELL-NROWS DEFAULT,sell-nrows-default,cusparse,candidate,,sell,spmv.csr.fp32,fp32,H100-SXM5-80GB,H100-SXM5-80GB,67000.0,26cb3a9c-bd7d-5e51-9c99-6d49c0b2dba4,suitesparse_all,Norris/lung2,lung2,109460,109460,492564,pass,985128.0,8.401309,0.00429919995368,229.1421684531693,0.3420032364972676,2026-10-07T13:00:24.345185+00:00,source
2,full-20261009-H100-SXM5-80GB-spmv-fp32-cusparse-sell-nrows-default-13.4.1,cuSPARSE-CUDA-13.4.1-SELL-NROWS-DEFAULT,cuSPARSE CUDA 13.4.1 SELL-NROWS DEFAULT,sell-nrows-default,cusparse,candidate,,sell,spmv.csr.fp32,fp32,H100-SXM5-80GB,H100-SXM5-80GB,67000.0,6054a01d-2dc6-5795-9ae4-804d2647be74,suitesparse_all,Norris/stomach,stomach,213360,213360,3021648,pass,6043296.0,30.234018,0.0111312001944,542.9150401086421,0.8103209553860329,2026-10-07T17:34:31.269451+00:00,source
2,full-20261009-H100-SXM5-80GB-spmv-fp32-cusparse-sell-nrows-default-13.4.1,cuSPARSE-CUDA-13.4.1-SELL-NROWS-DEFAULT,cuSPARSE CUDA 13.4.1 SELL-NROWS DEFAULT,sell-nrows-default,cusparse,candidate,,sell,spmv.csr.fp32,fp32,H100-SXM5-80GB,H100-SXM5-80GB,67000.0,c27d1d0a-dd52-58f0-bf45-e28eecb2fab1,suitesparse_all,Norris/torso3,torso3,259156,259156,4429042,pass,8858084.0,37.428494,0.0194544002414,455.32547341909435,0.6795902588344692,2026-10-06T12:25:23.296354+00:00,source
2,full-20261009-H100-SXM5-80GB-spmv-fp32-cusparse-sell-nrows-default-13.4.1,cuSPARSE-CUDA-13.4.1-SELL-NROWS-DEFAULT,cuSPARSE CUDA 13.4.1 SELL-NROWS DEFAULT,sell-nrows-default,cusparse,candidate,,sell,spmv.csr.fp32,fp32,H100-SXM5-80GB,H100-SXM5-80GB,67000.0,26cb3a9c-bd7d-5e51-9c99-6d49c0b2dba4,suitesparse_all,Oberwolfach/LF10,LF10,18,18,82,pass,164.0,4.021879,0.00281760003418,0.05820556431378968,8.687397658774579e-05,2026-10-07T13:01:05.920302+00:00,source
2,full-20261009-H100-SXM5-80GB-spmv-fp32-cusparse-sell-nrows-default-13.4.1,cuSPARSE-CUDA-13.4.1-SELL-NROWS-DEFAULT,cuSPARSE CUDA 13.4.1 SELL-NROWS DEFAULT,sell-nrows-default,cusparse,candidate,,sell,spmv.csr.fp32,fp32,H100-SXM5-80GB,H100-SXM5-80GB,67000.0,6054a01d-2dc6-5795-9ae4-804d2647be74,suitesparse_all,Oberwolfach/LFAT5000,LFAT5000,19994,19994,79966,pass,159932.0,0.895065,0.00317119993269,50.43264486460057,0.07527260427552324,2026-10-07T17:35:22.915436+00:00,source
2,full-20261009-H100-SXM5-80GB-spmv-fp32-cusparse-sell-nrows-default-13.4.1,cuSPARSE-CUDA-13.4.1-SELL-NROWS-DEFAULT,cuSPARSE CUDA 13.4.1 SELL-NROWS DEFAULT,sell-nrows-default,cusparse,candidate,,sell,spmv.csr.fp32,fp32,H100-SXM5-80GB,H100-SXM5-80GB,67000.0,26cb3a9c-bd7d-5e51-9c99-6d49c0b2dba4,suitesparse_all,Oberwolfach/boneS01,boneS01,127224,127224,6715152,pass,13430304.0,96.392166,0.0319103986025,420.8754696955685,0.6281723428292068,2026-10-07T13:01:09.191613+00:00,source
2,full-20261009-H100-SXM5-80GB-spmv-fp32-cusparse-sell-nrows-default-13.4.1,cuSPARSE-CUDA-13.4.1-SELL-NROWS-DEFAULT,cuSPARSE CUDA 13.4.1 SELL-NROWS DEFAULT,sell-nrows-default,cusparse,candidate,,sell,spmv.csr.fp32,fp32,H100-SXM5-80GB,H100-SXM5-80GB,67000.0,6054a01d-2dc6-5795-9ae4-804d2647be74,suitesparse_all,Oberwolfach/boneS10,boneS10,914898,914898,55468422,pass,110936844.0,643.034862,0.21231200695,522.5179941242131,0.7798776031704674,2026-10-07T17:35:45.900250+00:00,source
2,full-20261009-H100-SXM5-80GB-spmv-fp32-cusparse-sell-nrows-default-13.4.1,cuSPARSE-CUDA-13.4.1-SELL-NROWS-DEFAULT,cuSPARSE CUDA 13.4.1 SELL-NROWS DEFAULT,sell-nrows-default,cusparse,candidate,,sell,spmv.csr.fp32,fp32,H100-SXM5-80GB,H100-SXM5-80GB,67000.0,ca497226-ebef-56c9-ba00-9b037f2146f7,suitesparse_all,Oberwolfach/chipcool1,chipcool1,20082,20082,281150,pass,562300.0,10.548869,0.00514560006559,109.27782820904604,0.16310123613290453,2026-10-08T21:13:15.044966+00:00,source
2,full-20261009-H100-SXM5-80GB-spmv-fp32-cusparse-sell-nrows-default-13.4.1,cuSPARSE-CUDA-13.4.1-SELL-NROWS-DEFAULT,cuSPARSE CUDA 13.4.1 SELL-NROWS DEFAULT,sell-nrows-default,cusparse,candidate,,sell,spmv.csr.fp32,fp32,H100-SXM5-80GB,H100-SXM5-80GB,67000.0,9630d841-fbae-5247-8ae0-f8f392316afc,suitesparse_all,Oberwolfach/flowmeter5,flowmeter5,9669,9669,67391,pass,134782.0,4.475207,0.00328480005264,41.03202564541956,0.06124182932152173,2026-10-07T03:43:55.229421+00:00,source
2,full-20261009-H100-SXM5-80GB-spmv-fp32-cusparse-sell-nrows-default-13.4.1,cuSPARSE-CUDA-13.4.1-SELL-NROWS-DEFAULT,cuSPARSE CUDA 13.4.1 SELL-NROWS DEFAULT,sell-nrows-default,cusparse,candidate,,sell,spmv.csr.fp32,fp32,H100-SXM5-80GB,H100-SXM5-80GB,67000.0,b507c62e-e8c4-5489-84fd-4bc66dd1e529,suitesparse_all,Oberwolfach/gyro,gyro,17361,17361,1021159,pass,2042318.0,45.473387,0.0303375989199,67.3196980879175,0.10047716132525,2026-10-07T08:05:14.465868+00:00,source
2,full-20261009-H100-SXM5-80GB-spmv-fp32-cusparse-sell-nrows-default-13.4.1,cuSPARSE-CUDA-13.4.1-SELL-NROWS-DEFAULT,cuSPARSE CUDA 13.4.1 SELL-NROWS DEFAULT,sell-nrows-default,cusparse,candidate,,sell,spmv.csr.fp32,fp32,H100-SXM5-80GB,H100-SXM5-80GB,67000.0,c27d1d0a-dd52-58f0-bf45-e28eecb2fab1,suitesparse_all,Oberwolfach/gyro_k,gyro_k,17361,17361,1021159,pass,2042318.0,41.924677,0.0309103995562,66.07219671446636,0.09861521897681547,2026-10-06T12:26:02.698659+00:00,source
2,full-20261009-H100-SXM5-80GB-spmv-fp32-cusparse-sell-nrows-default-13.4.1,cuSPARSE-CUDA-13.4.1-SELL-NROWS-DEFAULT,cuSPARSE CUDA 13.4.1 SELL-NROWS DEFAULT,sell-nrows-default,cusparse,candidate,,sell,spmv.csr.fp32,fp32,H100-SXM5-80GB,H100-SXM5-80GB,67000.0,1bbb760b-88a6-5cef-b074-0c4935b865f2,suitesparse_all,Oberwolfach/gyro_m,gyro_m,17361,17361,340431,pass,680862.0,17.059616,0.013831999898,49.22368457351185,0.0734681859306147,2026-10-06T19:04:44.041987+00:00,source
2,full-20261009-H100-SXM5-80GB-spmv-fp32-cusparse-sell-nrows-default-13.4.1,cuSPARSE-CUDA-13.4.1-SELL-NROWS-DEFAULT,cuSPARSE CUDA 13.4.1 SELL-NROWS DEFAULT,sell-nrows-default,cusparse,candidate,,sell,spmv.csr.fp32,fp32,H100-SXM5-80GB,H100-SXM5-80GB,67000.0,c27d1d0a-dd52-58f0-bf45-e28eecb2fab1,suitesparse_all,Oberwolfach/rail_1357,rail_1357,1357,1357,8985,pass,17970.0,4.137868,0.00313120000064,5.739013795454468,0.008565692232021594,2026-10-06T12:26:26.255336+00:00,source
2,full-20261009-H100-SXM5-80GB-spmv-fp32-cusparse-sell-nrows-default-13.4.1,cuSPARSE-CUDA-13.4.1-SELL-NROWS-DEFAULT,cuSPARSE CUDA 13.4.1 SELL-NROWS DEFAULT,sell-nrows-default,cusparse,candidate,,sell,spmv.csr.fp32,fp32,H100-SXM5-80GB,H100-SXM5-80GB,67000.0,1bbb760b-88a6-5cef-b074-0c4935b865f2,suitesparse_all,Oberwolfach/rail_20209,rail_20209,20209,20209,139233,pass,278466.0,8.672289,0.00359200015664,77.5239387128759,0.11570737121324763,2026-10-06T19:05:37.094198+00:00,source
2,full-20261009-H100-SXM5-80GB-spmv-fp32-cusparse-sell-nrows-default-13.4.1,cuSPARSE-CUDA-13.4.1-SELL-NROWS-DEFAULT,cuSPARSE CUDA 13.4.1 SELL-NROWS DEFAULT,sell-nrows-default,cusparse,candidate,,sell,spmv.csr.fp32,fp32,H100-SXM5-80GB,H100-SXM5-80GB,67000.0,ca497226-ebef-56c9-ba00-9b037f2146f7,suitesparse_all,Oberwolfach/rail_79841,rail_79841,79841,79841,553921,pass,1107842.0,10.895344,0.00448159985244,247.19788389783108,0.3689520655191509,2026-10-08T21:13:15.934222+00:00,source
2,full-20261009-H100-SXM5-80GB-spmv-fp32-cusparse-sell-nrows-default-13.4.1,cuSPARSE-CUDA-13.4.1-SELL-NROWS-DEFAULT,cuSPARSE CUDA 13.4.1 SELL-NROWS DEFAULT,sell-nrows-default,cusparse,candidate,,sell,spmv.csr.fp32,fp32,H100-SXM5-80GB,H100-SXM5-80GB,67000.0,ca497226-ebef-56c9-ba00-9b037f2146f7,suitesparse_all,Oberwolfach/t2dah_e,t2dah_e,11445,11445,176117,pass,352234.0,6.08464,0.00422720015049,83.32560263539224,0.12436657109760037,2026-10-08T21:12:41.457955+00:00,source
2,full-20261009-H100-SXM5-80GB-spmv-fp32-cusparse-sell-nrows-default-13.4.1,cuSPARSE-CUDA-13.4.1-SELL-NROWS-DEFAULT,cuSPARSE CUDA 13.4.1 SELL-NROWS DEFAULT,sell-nrows-default,cusparse,candidate,,sell,spmv.csr.fp32,fp32,H100-SXM5-80GB,H100-SXM5-80GB,67000.0,9630d841-fbae-5247-8ae0-f8f392316afc,suitesparse_all,Oberwolfach/t2dal,t2dal,4257,4257,37465,pass,74930.0,4.100169,0.00306240003556,24.467737437933405,0.03651901110139314,2026-10-07T03:43:55.602042+00:00,source
2,full-20261009-H100-SXM5-80GB-spmv-fp32-cusparse-sell-nrows-default-13.4.1,cuSPARSE-CUDA-13.4.1-SELL-NROWS-DEFAULT,cuSPARSE CUDA 13.4.1 SELL-NROWS DEFAULT,sell-nrows-default,cusparse,candidate,,sell,spmv.csr.fp32,fp32,H100-SXM5-80GB,H100-SXM5-80GB,67000.0,9630d841-fbae-5247-8ae0-f8f392316afc,suitesparse_all,Oberwolfach/t3dh_e,t3dh_e,79171,79171,4352105,pass,8704210.0,57.815815,0.0216688007116,401.6932047070034,0.599542096577617,2026-10-07T03:43:24.730615+00:00,source
2,full-20261009-H100-SXM5-80GB-spmv-fp32-cusparse-sell-nrows-default-13.4.1,cuSPARSE-CUDA-13.4.1-SELL-NROWS-DEFAULT,cuSPARSE CUDA 13.4.1 SELL-NROWS DEFAULT,sell-nrows-default,cusparse,candidate,,sell,spmv.csr.fp32,fp32,H100-SXM5-80GB,H100-SXM5-80GB,67000.0,b507c62e-e8c4-5489-84fd-4bc66dd1e529,suitesparse_all,Oberwolfach/t3dl,t3dl,20360,20360,509866,pass,1019732.0,8.582973,0.00487199984491,209.30460436392676,0.31239493188645784,2026-10-07T08:05:15.176430+00:00,source
2,full-20261009-H100-SXM5-80GB-spmv-fp32-cusparse-sell-nrows-default-13.4.1,cuSPARSE-CUDA-13.4.1-SELL-NROWS-DEFAULT,cuSPARSE CUDA 13.4.1 SELL-NROWS DEFAULT,sell-nrows-default,cusparse,candidate,,sell,spmv.csr.fp32,fp32,H100-SXM5-80GB,H100-SXM5-80GB,67000.0,b507c62e-e8c4-5489-84fd-4bc66dd1e529,suitesparse_all,Oberwolfach/t3dl_e,t3dl_e,20360,20360,20360,pass,40720.0,7.096922,0.00305279996246,13.338574587503306,0.01990832027985568,2026-10-07T08:04:45.985805+00:00,source
2,full-20261009-H100-SXM5-80GB-spmv-fp32-cusparse-sell-nrows-default-13.4.1,cuSPARSE-CUDA-13.4.1-SELL-NROWS-DEFAULT,cuSPARSE CUDA 13.4.1 SELL-NROWS DEFAULT,sell-nrows-default,cusparse,candidate,,sell,spmv.csr.fp32,fp32,H100-SXM5-80GB,H100-SXM5-80GB,67000.0,ca497226-ebef-56c9-ba00-9b037f2146f7,suitesparse_all,PARSEC/CO,CO,221119,221119,7666057,pass,15332114.0,344.138749,0.216217589378,70.91057690591398,0.10583668194912535,2026-10-08T21:13:05.578010+00:00,source
2,full-20261009-H100-SXM5-80GB-spmv-fp32-cusparse-sell-nrows-default-13.4.1,cuSPARSE-CUDA-13.4.1-SELL-NROWS-DEFAULT,cuSPARSE CUDA 13.4.1 SELL-NROWS DEFAULT,sell-nrows-default,cusparse,candidate,,sell,spmv.csr.fp32,fp32,H100-SXM5-80GB,H100-SXM5-80GB,67000.0,9630d841-fbae-5247-8ae0-f8f392316afc,suitesparse_all,PARSEC/Ga41As41H72,Ga41As41H72,268096,268096,18488476,pass,36976952.0,904.209727,0.631710386276,58.534658924927726,0.087365162574519,2026-10-07T03:43:47.814006+00:00,source
2,full-20261009-H100-SXM5-80GB-spmv-fp32-cusparse-sell-nrows-default-13.4.1,cuSPARSE-CUDA-13.4.1-SELL-NROWS-DEFAULT,cuSPARSE CUDA 13.4.1 SELL-NROWS DEFAULT,sell-nrows-default,cusparse,candidate,,sell,spmv.csr.fp32,fp32,H100-SXM5-80GB,H100-SXM5-80GB,67000.0,b507c62e-e8c4-5489-84fd-4bc66dd1e529,suitesparse_all,PARSEC/Ge87H76,Ge87H76,112985,112985,7892195,pass,15784390.0,267.798828,0.172924804687,91.278923394306,0.1362371990959791,2026-10-07T08:05:01.845622+00:00,source
2,full-20261009-H100-SXM5-80GB-spmv-fp32-cusparse-sell-nrows-default-13.4.1,cuSPARSE-CUDA-13.4.1-SELL-NROWS-DEFAULT,cuSPARSE CUDA 13.4.1 SELL-NROWS DEFAULT,sell-nrows-default,cusparse,candidate,,sell,spmv.csr.fp32,fp32,H100-SXM5-80GB,H100-SXM5-80GB,67000.0,26cb3a9c-bd7d-5e51-9c99-6d49c0b2dba4,suitesparse_all,PARSEC/Na5,Na5,5832,5832,305630,pass,611260.0,11.290642,0.0152592003345,40.05845565956581,0.059788739790396735,2026-10-07T13:01:00.626233+00:00,source
2,full-20261009-H100-SXM5-80GB-spmv-fp32-cusparse-sell-nrows-default-13.4.1,cuSPARSE-CUDA-13.4.1-SELL-NROWS-DEFAULT,cuSPARSE CUDA 13.4.1 SELL-NROWS DEFAULT,sell-nrows-default,cusparse,candidate,,sell,spmv.csr.fp32,fp32,H100-SXM5-80GB,H100-SXM5-80GB,67000.0,6054a01d-2dc6-5795-9ae4-804d2647be74,suitesparse_all,PARSEC/Si10H16,Si10H16,17077,17077,875923,pass,1751846.0,55.243711,0.0308432012796,56.79844916612752,0.08477380472556346,2026-10-07T17:35:15.115431+00:00,source
2,full-20261009-H100-SXM5-80GB-spmv-fp32-cusparse-sell-nrows-default-13.4.1,cuSPARSE-CUDA-13.4.1-SELL-NROWS-DEFAULT,cuSPARSE CUDA 13.4.1 SELL-NROWS DEFAULT,sell-nrows-default,cusparse,candidate,,sell,spmv.csr.fp32,fp32,H100-SXM5-80GB,H100-SXM5-80GB,67000.0,c27d1d0a-dd52-58f0-bf45-e28eecb2fab1,suitesparse_all,PARSEC/Si41Ge41H72,Si41Ge41H72,185639,185639,15011265,pass,30022530.0,598.09918,0.406836795807,73.79502127000931,0.11014182279105868,2026-10-06T12:26:23.587729+00:00,source
2,full-20261009-H100-SXM5-80GB-spmv-fp32-cusparse-sell-nrows-default-13.4.1,cuSPARSE-CUDA-13.4.1-SELL-NROWS-DEFAULT,cuSPARSE CUDA 13.4.1 SELL-NROWS DEFAULT,sell-nrows-default,cusparse,candidate,,sell,spmv.csr.fp32,fp32,H100-SXM5-80GB,H100-SXM5-80GB,67000.0,1bbb760b-88a6-5cef-b074-0c4935b865f2,suitesparse_all,PARSEC/Si5H12,Si5H12,19896,19896,738598,pass,1477196.0,43.022662,0.0435936003923,33.88561593230825,0.05057554616762425,2026-10-06T19:05:18.493876+00:00,source
2,full-20261009-H100-SXM5-80GB-spmv-fp32-cusparse-sell-nrows-default-13.4.1,cuSPARSE-CUDA-13.4.1-SELL-NROWS-DEFAULT,cuSPARSE CUDA 13.4.1 SELL-NROWS DEFAULT,sell-nrows-default,cusparse,candidate,,sell,spmv.csr.fp32,fp32,H100-SXM5-80GB,H100-SXM5-80GB,67000.0,ca497226-ebef-56c9-ba00-9b037f2146f7,suitesparse_all,PARSEC/SiH4,SiH4,5041,5041,171903,pass,343806.0,10.538363,0.0117536000907,29.25112283444418,0.043658392290215196,2026-10-08T21:13:06.066137+00:00,source
2,full-20261009-H100-SXM5-80GB-spmv-fp32-cusparse-sell-nrows-default-13.4.1,cuSPARSE-CUDA-13.4.1-SELL-NROWS-DEFAULT,cuSPARSE CUDA 13.4.1 SELL-NROWS DEFAULT,sell-nrows-default,cusparse,candidate,,sell,spmv.csr.fp32,fp32,H100-SXM5-80GB,H100-SXM5-80GB,67000.0,b507c62e-e8c4-5489-84fd-4bc66dd1e529,suitesparse_all,POLYFLOW/mixtank_new,mixtank_new,29957,29957,1995041,pass,3990082.0,35.194867,0.0150575995445,264.98792109645615,0.3955043598454569,2026-10-07T08:05:24.137892+00:00,source
2,full-20261009-H100-SXM5-80GB-spmv-fp32-cusparse-sell-nrows-default-13.4.1,cuSPARSE-CUDA-13.4.1-SELL-NROWS-DEFAULT,cuSPARSE CUDA 13.4.1 SELL-NROWS DEFAULT,sell-nrows-default,cusparse,candidate,,sell,spmv.csr.fp32,fp32,H100-SXM5-80GB,H100-SXM5-80GB,67000.0,c27d1d0a-dd52-58f0-bf45-e28eecb2fab1,suitesparse_all,Pajek/CSphd,CSphd,1882,1882,1740,pass,3480.0,15.684739,0.00475840009749,0.7313382499793699,0.0010915496268348805,2026-10-06T12:26:26.623175+00:00,source
2,full-20261009-H100-SXM5-80GB-spmv-fp32-cusparse-sell-nrows-default-13.4.1,cuSPARSE-CUDA-13.4.1-SELL-NROWS-DEFAULT,cuSPARSE CUDA 13.4.1 SELL-NROWS DEFAULT,sell-nrows-default,cusparse,candidate,,sell,spmv.csr.fp32,fp32,H100-SXM5-80GB,H100-SXM5-80GB,67000.0,ca497226-ebef-56c9-ba00-9b037f2146f7,suitesparse_all,Pajek/EAT_RS,EAT_RS,23219,23219,325592,pass,651184.0,124.940773,0.236369609833,2.754939606915097,0.004111850159574772,2026-10-08T21:13:16.791655+00:00,source
2,full-20261009-H100-SXM5-80GB-spmv-fp32-cusparse-sell-nrows-default-13.4.1,cuSPARSE-CUDA-13.4.1-SELL-NROWS-DEFAULT,cuSPARSE CUDA 13.4.1 SELL-NROWS DEFAULT,sell-nrows-default,cusparse,candidate,,sell,spmv.csr.fp32,fp32,H100-SXM5-80GB,H100-SXM5-80GB,67000.0,6054a01d-2dc6-5795-9ae4-804d2647be74,suitesparse_all,Pajek/EVA,EVA,8497,8497,6726,pass,13452.0,25.307796,0.0349839985371,0.38451865317037326,0.0005739084375677212,2026-10-07T17:35:46.662439+00:00,source
2,full-20261009-H100-SXM5-80GB-spmv-fp32-cusparse-sell-nrows-default-13.4.1,cuSPARSE-CUDA-13.4.1-SELL-NROWS-DEFAULT,cuSPARSE CUDA 13.4.1 SELL-NROWS DEFAULT,sell-nrows-default,cusparse,candidate,,sell,spmv.csr.fp32,fp32,H100-SXM5-80GB,H100-SXM5-80GB,67000.0,9630d841-fbae-5247-8ae0-f8f392316afc,suitesparse_all,Pajek/Erdos971,Erdos971,472,472,2628,pass,5256.0,12.238637,0.00480480007827,1.0939060760864077,0.0016326956359498622,2026-10-07T03:43:56.001220+00:00,source
2,full-20261009-H100-SXM5-80GB-spmv-fp32-cusparse-sell-nrows-default-13.4.1,cuSPARSE-CUDA-13.4.1-SELL-NROWS-DEFAULT,cuSPARSE CUDA 13.4.1 SELL-NROWS DEFAULT,sell-nrows-default,cusparse,candidate,,sell,spmv.csr.fp32,fp32,H100-SXM5-80GB,H100-SXM5-80GB,67000.0,b507c62e-e8c4-5489-84fd-4bc66dd1e529,suitesparse_all,Pajek/Erdos981,Erdos981,485,485,2762,pass,5524.0,5.831774,0.00412320010364,1.3397360936044218,0.001999606109857346,2026-10-07T08:05:15.655681+00:00,source
2,full-20261009-H100-SXM5-80GB-spmv-fp32-cusparse-sell-nrows-default-13.4.1,cuSPARSE-CUDA-13.4.1-SELL-NROWS-DEFAULT,cuSPARSE CUDA 13.4.1 SELL-NROWS DEFAULT,sell-nrows-default,cusparse,candidate,,sell,spmv.csr.fp32,fp32,H100-SXM5-80GB,H100-SXM5-80GB,67000.0,26cb3a9c-bd7d-5e51-9c99-6d49c0b2dba4,suitesparse_all,Pajek/Erdos992,Erdos992,6100,6100,15030,pass,30060.0,5.895177,0.00607040002942,4.951897709263832,0.007390892103378854,2026-10-07T13:01:09.576782+00:00,source
2,full-20261009-H100-SXM5-80GB-spmv-fp32-cusparse-sell-nrows-default-13.4.1,cuSPARSE-CUDA-13.4.1-SELL-NROWS-DEFAULT,cuSPARSE CUDA 13.4.1 SELL-NROWS DEFAULT,sell-nrows-default,cusparse,candidate,,sell,spmv.csr.fp32,fp32,H100-SXM5-80GB,H100-SXM5-80GB,67000.0,1bbb760b-88a6-5cef-b074-0c4935b865f2,suitesparse_all,Pajek/GD00_a,GD00_a,352,352,458,pass,916.0,8.959089,0.00308800004423,0.29663212010361445,0.000442734507617335,2026-10-06T19:05:38.186091+00:00,source
2,full-20261009-H100-SXM5-80GB-spmv-fp32-cusparse-sell-nrows-default-13.4.1,cuSPARSE-CUDA-13.4.1-SELL-NROWS-DEFAULT,cuSPARSE CUDA 13.4.1 SELL-NROWS DEFAULT,sell-nrows-default,cusparse,candidate,,sell,spmv.csr.fp32,fp32,H100-SXM5-80GB,H100-SXM5-80GB,67000.0,ca497226-ebef-56c9-ba00-9b037f2146f7,suitesparse_all,Pajek/GD01_a,GD01_a,311,311,645,pass,1290.0,8.871456,0.00288800001144,0.44667589850762734,0.0006666804455337721,2026-10-08T21:13:17.371570+00:00,source
2,full-20261009-H100-SXM5-80GB-spmv-fp32-cusparse-sell-nrows-default-13.4.1,cuSPARSE-CUDA-13.4.1-SELL-NROWS-DEFAULT,cuSPARSE CUDA 13.4.1 SELL-NROWS DEFAULT,sell-nrows-default,cusparse,candidate,,sell,spmv.csr.fp32,fp32,H100-SXM5-80GB,H100-SXM5-80GB,67000.0,9630d841-fbae-5247-8ae0-f8f392316afc,suitesparse_all,Pajek/GD02_a,GD02_a,23,23,87,pass,174.0,3.879941,0.00291200000793,0.05975274709002771,8.918320461198166e-05,2026-10-07T03:43:56.334099+00:00,source
2,full-20261009-H100-SXM5-80GB-spmv-fp32-cusparse-sell-nrows-default-13.4.1,cuSPARSE-CUDA-13.4.1-SELL-NROWS-DEFAULT,cuSPARSE CUDA 13.4.1 SELL-NROWS DEFAULT,sell-nrows-default,cusparse,candidate,,sell,spmv.csr.fp32,fp32,H100-SXM5-80GB,H100-SXM5-80GB,67000.0,b507c62e-e8c4-5489-84fd-4bc66dd1e529,suitesparse_all,Pajek/GD06_Java,GD06_Java,1538,1538,8032,pass,16064.0,6.561009,0.00522719994187,3.0731558346040995,0.004586799753140447,2026-10-07T08:05:16.154806+00:00,source
2,full-20261009-H100-SXM5-80GB-spmv-fp32-cusparse-sell-nrows-default-13.4.1,cuSPARSE-CUDA-13.4.1-SELL-NROWS-DEFAULT,cuSPARSE CUDA 13.4.1 SELL-NROWS DEFAULT,sell-nrows-default,cusparse,candidate,,sell,spmv.csr.fp32,fp32,H100-SXM5-80GB,H100-SXM5-80GB,67000.0,26cb3a9c-bd7d-5e51-9c99-6d49c0b2dba4,suitesparse_all,Pajek/GD95_b,GD95_b,73,73,96,pass,192.0,4.16037,0.00336479991674,0.05706134235346153,8.516618261710677e-05,2026-10-07T13:01:10.004967+00:00,source
2,full-20261009-H100-SXM5-80GB-spmv-fp32-cusparse-sell-nrows-default-13.4.1,cuSPARSE-CUDA-13.4.1-SELL-NROWS-DEFAULT,cuSPARSE CUDA 13.4.1 SELL-NROWS DEFAULT,sell-nrows-default,cusparse,candidate,,sell,spmv.csr.fp32,fp32,H100-SXM5-80GB,H100-SXM5-80GB,67000.0,6054a01d-2dc6-5795-9ae4-804d2647be74,suitesparse_all,Pajek/GD95_c,GD95_c,62,62,287,pass,574.0,0.383242,0.00280639994889,0.20453250087430733,0.00030527238936463785,2026-10-07T17:35:47.442294+00:00,source
2,full-20261009-H100-SXM5-80GB-spmv-fp32-cusparse-sell-nrows-default-13.4.1,cuSPARSE-CUDA-13.4.1-SELL-NROWS-DEFAULT,cuSPARSE CUDA 13.4.1 SELL-NROWS DEFAULT,sell-nrows-default,cusparse,candidate,,sell,spmv.csr.fp32,fp32,H100-SXM5-80GB,H100-SXM5-80GB,67000.0,c27d1d0a-dd52-58f0-bf45-e28eecb2fab1,suitesparse_all,Pajek/GD96_c,GD96_c,65,65,250,pass,500.0,3.986458,0.00288159996271,0.1735147162931579,0.0002589771884972506,2026-10-06T12:26:27.357514+00:00,source
2,full-20261009-H100-SXM5-80GB-spmv-fp32-cusparse-sell-nrows-default-13.4.1,cuSPARSE-CUDA-13.4.1-SELL-NROWS-DEFAULT,cuSPARSE CUDA 13.4.1 SELL-NROWS DEFAULT,sell-nrows-default,cusparse,candidate,,sell,spmv.csr.fp32,fp32,H100-SXM5-80GB,H100-SXM5-80GB,67000.0,1bbb760b-88a6-5cef-b074-0c4935b865f2,suitesparse_all,Pajek/GD96_d,GD96_d,180,180,229,pass,458.0,8.990206,0.00406400002539,0.11269684968962279,0.00016820425326809373,2026-10-06T19:05:38.724022+00:00,source
2,full-20261009-H100-SXM5-80GB-spmv-fp32-cusparse-sell-nrows-default-13.4.1,cuSPARSE-CUDA-13.4.1-SELL-NROWS-DEFAULT,cuSPARSE CUDA 13.4.1 SELL-NROWS DEFAULT,sell-nrows-default,cusparse,candidate,,sell,spmv.csr.fp32,fp32,H100-SXM5-80GB,H100-SXM5-80GB,67000.0,ca497226-ebef-56c9-ba00-9b037f2146f7,suitesparse_all,Pajek/GD97_b,GD97_b,47,47,264,pass,528.0,8.832937,0.00351999998093,0.15000000081264203,0.00022388059822782392,2026-10-08T21:13:17.910132+00:00,source
2,full-20261009-H100-SXM5-80GB-spmv-fp32-cusparse-sell-nrows-default-13.4.1,cuSPARSE-CUDA-13.4.1-SELL-NROWS-DEFAULT,cuSPARSE CUDA 13.4.1 SELL-NROWS DEFAULT,sell-nrows-default,cusparse,candidate,,sell,spmv.csr.fp32,fp32,H100-SXM5-80GB,H100-SXM5-80GB,67000.0,9630d841-fbae-5247-8ae0-f8f392316afc,suitesparse_all,Pajek/GD98_c,GD98_c,112,112,336,pass,672.0,3.653613,0.00307199992239,0.21875000552642837,0.0003264925455618334,2026-10-07T03:43:56.685331+00:00,source
2,full-20261009-H100-SXM5-80GB-spmv-fp32-cusparse-sell-nrows-default-13.4.1,cuSPARSE-CUDA-13.4.1-SELL-NROWS-DEFAULT,cuSPARSE CUDA 13.4.1 SELL-NROWS DEFAULT,sell-nrows-default,cusparse,candidate,,sell,spmv.csr.fp32,fp32,H100-SXM5-80GB,H100-SXM5-80GB,67000.0,b507c62e-e8c4-5489-84fd-4bc66dd1e529,suitesparse_all,Pajek/GD99_c,GD99_c,105,105,149,pass,298.0,5.846996,0.00296960007399,0.10035021301693418,0.00014977643733870774,2026-10-07T08:05:16.650319+00:00,source
2,full-20261009-H100-SXM5-80GB-spmv-fp32-cusparse-sell-nrows-default-13.4.1,cuSPARSE-CUDA-13.4.1-SELL-NROWS-DEFAULT,cuSPARSE CUDA 13.4.1 SELL-NROWS DEFAULT,sell-nrows-default,cusparse,candidate,,sell,spmv.csr.fp32,fp32,H100-SXM5-80GB,H100-SXM5-80GB,67000.0,26cb3a9c-bd7d-5e51-9c99-6d49c0b2dba4,suitesparse_all,Pajek/HEP-th,HEP-th,27240,27240,342437,pass,684874.0,77.177566,0.0685231983662,9.994775730401741,0.014917575717017526,2026-10-07T13:01:10.617705+00:00,source
2,full-20261009-H100-SXM5-80GB-spmv-fp32-cusparse-sell-nrows-default-13.4.1,cuSPARSE-CUDA-13.4.1-SELL-NROWS-DEFAULT,cuSPARSE CUDA 13.4.1 SELL-NROWS DEFAULT,sell-nrows-default,cusparse,candidate,,sell,spmv.csr.fp32,fp32,H100-SXM5-80GB,H100-SXM5-80GB,67000.0,6054a01d-2dc6-5795-9ae4-804d2647be74,suitesparse_all,Pajek/HEP-th-new,HEP-th-new,27770,27770,352807,pass,705614.0,81.521385,0.0579663991928,12.172810625222416,0.018168374067496145,2026-10-07T17:35:48.296427+00:00,source
2,full-20261009-H100-SXM5-80GB-spmv-fp32-cusparse-sell-nrows-default-13.4.1,cuSPARSE-CUDA-13.4.1-SELL-NROWS-DEFAULT,cuSPARSE CUDA 13.4.1 SELL-NROWS DEFAULT,sell-nrows-default,cusparse,candidate,,sell,spmv.csr.fp32,fp32,H100-SXM5-80GB,H100-SXM5-80GB,67000.0,c27d1d0a-dd52-58f0-bf45-e28eecb2fab1,suitesparse_all,Pajek/Journals,Journals,124,124,12068,pass,24136.0,4.047586,0.00652640014887,3.6982102613151877,0.005519716807933116,2026-10-06T12:26:27.750723+00:00,source
2,full-20261009-H100-SXM5-80GB-spmv-fp32-cusparse-sell-nrows-default-13.4.1,cuSPARSE-CUDA-13.4.1-SELL-NROWS-DEFAULT,cuSPARSE CUDA 13.4.1 SELL-NROWS DEFAULT,sell-nrows-default,cusparse,candidate,,sell,spmv.csr.fp32,fp32,H100-SXM5-80GB,H100-SXM5-80GB,67000.0,1bbb760b-88a6-5cef-b074-0c4935b865f2,suitesparse_all,Pajek/Kohonen,Kohonen,4470,4470,12731,pass,25462.0,21.322835,0.0522271990776,0.48752375102804496,0.0007276473895940969,2026-10-06T19:05:39.253273+00:00,source
2,full-20261009-H100-SXM5-80GB-spmv-fp32-cusparse-sell-nrows-default-13.4.1,cuSPARSE-CUDA-13.4.1-SELL-NROWS-DEFAULT,cuSPARSE CUDA 13.4.1 SELL-NROWS DEFAULT,sell-nrows-default,cusparse,candidate,,sell,spmv.csr.fp32,fp32,H100-SXM5-80GB,H100-SXM5-80GB,67000.0,b507c62e-e8c4-5489-84fd-4bc66dd1e529,suitesparse_all,Pajek/Ragusa16,Ragusa16,24,24,81,pass,162.0,6.709037,0.00342720001936,0.047268907296006635,7.055060790448751e-05,2026-10-07T08:05:17.130072+00:00,source
2,full-20261009-H100-SXM5-80GB-spmv-fp32-cusparse-sell-nrows-default-13.4.1,cuSPARSE-CUDA-13.4.1-SELL-NROWS-DEFAULT,cuSPARSE CUDA 13.4.1 SELL-NROWS DEFAULT,sell-nrows-default,cusparse,candidate,,sell,spmv.csr.fp32,fp32,H100-SXM5-80GB,H100-SXM5-80GB,67000.0,26cb3a9c-bd7d-5e51-9c99-6d49c0b2dba4,suitesparse_all,Pajek/Roget,Roget,1022,1022,5075,pass,10150.0,4.166736,0.00385919995606,2.6300788027481503,0.003925490750370374,2026-10-07T13:01:10.982049+00:00,source
2,full-20261009-H100-SXM5-80GB-spmv-fp32-cusparse-sell-nrows-default-13.4.1,cuSPARSE-CUDA-13.4.1-SELL-NROWS-DEFAULT,cuSPARSE CUDA 13.4.1 SELL-NROWS DEFAULT,sell-nrows-default,cusparse,candidate,,sell,spmv.csr.fp32,fp32,H100-SXM5-80GB,H100-SXM5-80GB,67000.0,6054a01d-2dc6-5795-9ae4-804d2647be74,suitesparse_all,Pajek/Sandi_authors,Sandi_authors,86,86,248,pass,496.0,0.405751,0.00282559990883,0.17553794450870414,0.0002619969321025435,2026-10-07T17:35:50.890459+00:00,source
2,full-20261009-H100-SXM5-80GB-spmv-fp32-cusparse-sell-nrows-default-13.4.1,cuSPARSE-CUDA-13.4.1-SELL-NROWS-DEFAULT,cuSPARSE CUDA 13.4.1 SELL-NROWS DEFAULT,sell-nrows-default,cusparse,candidate,,sell,spmv.csr.fp32,fp32,H100-SXM5-80GB,H100-SXM5-80GB,67000.0,c27d1d0a-dd52-58f0-bf45-e28eecb2fab1,suitesparse_all,Pajek/SmaGri,SmaGri,1059,1059,4919,pass,9838.0,4.956256,0.0102031998336,0.9642073232362492,0.0014391154078152973,2026-10-06T12:26:28.095665+00:00,source
2,full-20261009-H100-SXM5-80GB-spmv-fp32-cusparse-sell-nrows-default-13.4.1,cuSPARSE-CUDA-13.4.1-SELL-NROWS-DEFAULT,cuSPARSE CUDA 13.4.1 SELL-NROWS DEFAULT,sell-nrows-default,cusparse,candidate,,sell,spmv.csr.fp32,fp32,H100-SXM5-80GB,H100-SXM5-80GB,67000.0,1bbb760b-88a6-5cef-b074-0c4935b865f2,suitesparse_all,Pajek/SmallW,SmallW,396,396,994,pass,1988.0,9.01993,0.0102223999798,0.19447487908205435,0.00029026101355530504,2026-10-06T19:05:39.775791+00:00,source
2,full-20261009-H100-SXM5-80GB-spmv-fp32-cusparse-sell-nrows-default-13.4.1,cuSPARSE-CUDA-13.4.1-SELL-NROWS-DEFAULT,cuSPARSE CUDA 13.4.1 SELL-NROWS DEFAULT,sell-nrows-default,cusparse,candidate,,sell,spmv.csr.fp32,fp32,H100-SXM5-80GB,H100-SXM5-80GB,67000.0,ca497226-ebef-56c9-ba00-9b037f2146f7,suitesparse_all,Pajek/Tina_AskCal,Tina_AskCal,11,11,29,pass,58.0,5.345923,0.00292799994349,0.019808743551704953,2.9565288883141725e-05,2026-10-08T21:13:20.877335+00:00,source
2,full-20261009-H100-SXM5-80GB-spmv-fp32-cusparse-sell-nrows-default-13.4.1,cuSPARSE-CUDA-13.4.1-SELL-NROWS-DEFAULT,cuSPARSE CUDA 13.4.1 SELL-NROWS DEFAULT,sell-nrows-default,cusparse,candidate,,sell,spmv.csr.fp32,fp32,H100-SXM5-80GB,H100-SXM5-80GB,67000.0,9630d841-fbae-5247-8ae0-f8f392316afc,suitesparse_all,Pajek/USAir97,USAir97,332,332,4252,pass,8504.0,14.452811,0.0069711998105,1.2198760946704326,0.0018207105890603473,2026-10-07T03:43:58.039579+00:00,source
2,full-20261009-H100-SXM5-80GB-spmv-fp32-cusparse-sell-nrows-default-13.4.1,cuSPARSE-CUDA-13.4.1-SELL-NROWS-DEFAULT,cuSPARSE CUDA 13.4.1 SELL-NROWS DEFAULT,sell-nrows-default,cusparse,candidate,,sell,spmv.csr.fp32,fp32,H100-SXM5-80GB,H100-SXM5-80GB,67000.0,b507c62e-e8c4-5489-84fd-4bc66dd1e529,suitesparse_all,Pajek/Wordnet3,Wordnet3,82670,82670,132964,pass,265928.0,27.990965,0.0150335997343,17.688910487171636,0.02640135893607707,2026-10-07T08:05:17.707878+00:00,source
2,full-20261009-H100-SXM5-80GB-spmv-fp32-cusparse-sell-nrows-default-13.4.1,cuSPARSE-CUDA-13.4.1-SELL-NROWS-DEFAULT,cuSPARSE CUDA 13.4.1 SELL-NROWS DEFAULT,sell-nrows-default,cusparse,candidate,,sell,spmv.csr.fp32,fp32,H100-SXM5-80GB,H100-SXM5-80GB,67000.0,26cb3a9c-bd7d-5e51-9c99-6d49c0b2dba4,suitesparse_all,Pajek/Zewail,Zewail,6752,6752,54233,pass,108466.0,11.654785,0.0168431997299,6.4397502695079645,0.009611567566429797,2026-10-07T13:01:11.400953+00:00,source
2,full-20261009-H100-SXM5-80GB-spmv-fp32-cusparse-sell-nrows-default-13.4.1,cuSPARSE-CUDA-13.4.1-SELL-NROWS-DEFAULT,cuSPARSE CUDA 13.4.1 SELL-NROWS DEFAULT,sell-nrows-default,cusparse,candidate,,sell,spmv.csr.fp32,fp32,H100-SXM5-80GB,H100-SXM5-80GB,67000.0,1bbb760b-88a6-5cef-b074-0c4935b865f2,suitesparse_all,Pajek/dictionary28,dictionary28,52652,52652,178076,pass,356152.0,17.413741,0.0100015997887,35.6095032319117,0.05314851228643537,2026-10-06T19:05:37.669403+00:00,source
2,full-20261009-H100-SXM5-80GB-spmv-fp32-cusparse-sell-nrows-default-13.4.1,cuSPARSE-CUDA-13.4.1-SELL-NROWS-DEFAULT,cuSPARSE CUDA 13.4.1 SELL-NROWS DEFAULT,sell-nrows-default,cusparse,candidate,,sell,spmv.csr.fp32,fp32,H100-SXM5-80GB,H100-SXM5-80GB,67000.0,c27d1d0a-dd52-58f0-bf45-e28eecb2fab1,suitesparse_all,Pajek/football,football,35,35,118,pass,236.0,4.047351,0.00280000008643,0.08428571168399497,0.00012579956967760444,2026-10-06T12:26:26.956354+00:00,source
2,full-20261009-H100-SXM5-80GB-spmv-fp32-cusparse-sell-nrows-default-13.4.1,cuSPARSE-CUDA-13.4.1-SELL-NROWS-DEFAULT,cuSPARSE CUDA 13.4.1 SELL-NROWS DEFAULT,sell-nrows-default,cusparse,candidate,,sell,spmv.csr.fp32,fp32,H100-SXM5-80GB,H100-SXM5-80GB,67000.0,9630d841-fbae-5247-8ae0-f8f392316afc,suitesparse_all,Pajek/patents_main,patents_main,240547,240547,560943,pass,1121886.0,224.227021,0.153500795364,7.308665713031947,0.010908456288107384,2026-10-07T03:43:57.674812+00:00,source
2,full-20261009-H100-SXM5-80GB-spmv-fp32-cusparse-sell-nrows-default-13.4.1,cuSPARSE-CUDA-13.4.1-SELL-NROWS-DEFAULT,cuSPARSE CUDA 13.4.1 SELL-NROWS DEFAULT,sell-nrows-default,cusparse,candidate,,sell,spmv.csr.fp32,fp32,H100-SXM5-80GB,H100-SXM5-80GB,67000.0,c27d1d0a-dd52-58f0-bf45-e28eecb2fab1,suitesparse_all,Pothen/barth4,barth4,6019,6019,40965,pass,81930.0,4.523746,0.00320000015199,25.60312378393163,0.03821361758795766,2026-10-06T12:25:17.742581+00:00,source
2,full-20261009-H100-SXM5-80GB-spmv-fp32-cusparse-sell-nrows-default-13.4.1,cuSPARSE-CUDA-13.4.1-SELL-NROWS-DEFAULT,cuSPARSE CUDA 13.4.1 SELL-NROWS DEFAULT,sell-nrows-default,cusparse,candidate,,sell,spmv.csr.fp32,fp32,H100-SXM5-80GB,H100-SXM5-80GB,67000.0,1bbb760b-88a6-5cef-b074-0c4935b865f2,suitesparse_all,Pothen/barth5,barth5,15606,15606,107362,pass,214724.0,9.02934,0.00325439982116,65.97960047928704,0.09847701564072693,2026-10-06T19:03:51.281101+00:00,source
2,full-20261009-H100-SXM5-80GB-spmv-fp32-cusparse-sell-nrows-default-13.4.1,cuSPARSE-CUDA-13.4.1-SELL-NROWS-DEFAULT,cuSPARSE CUDA 13.4.1 SELL-NROWS DEFAULT,sell-nrows-default,cusparse,candidate,,sell,spmv.csr.fp32,fp32,H100-SXM5-80GB,H100-SXM5-80GB,67000.0,ca497226-ebef-56c9-ba00-9b037f2146f7,suitesparse_all,Pothen/bodyy5,bodyy5,18589,18589,129281,pass,258562.0,7.837216,0.00326559990644,79.17748879466127,0.11817535640994219,2026-10-08T21:12:18.246849+00:00,source
2,full-20261009-H100-SXM5-80GB-spmv-fp32-cusparse-sell-nrows-default-13.4.1,cuSPARSE-CUDA-13.4.1-SELL-NROWS-DEFAULT,cuSPARSE CUDA 13.4.1 SELL-NROWS DEFAULT,sell-nrows-default,cusparse,candidate,,sell,spmv.csr.fp32,fp32,H100-SXM5-80GB,H100-SXM5-80GB,67000.0,9630d841-fbae-5247-8ae0-f8f392316afc,suitesparse_all,Pothen/mesh1em1,mesh1em1,48,48,306,pass,612.0,5.632633,0.00292160008103,0.2094742548693528,0.00031264814159604897,2026-10-07T03:43:09.030274+00:00,source
2,full-20261009-H100-SXM5-80GB-spmv-fp32-cusparse-sell-nrows-default-13.4.1,cuSPARSE-CUDA-13.4.1-SELL-NROWS-DEFAULT,cuSPARSE CUDA 13.4.1 SELL-NROWS DEFAULT,sell-nrows-default,cusparse,candidate,,sell,spmv.csr.fp32,fp32,H100-SXM5-80GB,H100-SXM5-80GB,67000.0,b507c62e-e8c4-5489-84fd-4bc66dd1e529,suitesparse_all,Pothen/mesh2e1,mesh2e1,306,306,2018,pass,4036.0,15.312085,0.00281119998544,1.43568583555193,0.0021428146799282537,2026-10-07T08:03:56.523859+00:00,source
2,full-20261009-H100-SXM5-80GB-spmv-fp32-cusparse-sell-nrows-default-13.4.1,cuSPARSE-CUDA-13.4.1-SELL-NROWS-DEFAULT,cuSPARSE CUDA 13.4.1 SELL-NROWS DEFAULT,sell-nrows-default,cusparse,candidate,,sell,spmv.csr.fp32,fp32,H100-SXM5-80GB,H100-SXM5-80GB,67000.0,26cb3a9c-bd7d-5e51-9c99-6d49c0b2dba4,suitesparse_all,Pothen/mesh3em5,mesh3em5,289,289,1889,pass,3778.0,4.016691,0.00302559994161,1.2486779722733696,0.0018636984660796562,2026-10-07T13:00:23.539207+00:00,source
2,full-20261009-H100-SXM5-80GB-spmv-fp32-cusparse-sell-nrows-default-13.4.1,cuSPARSE-CUDA-13.4.1-SELL-NROWS-DEFAULT,cuSPARSE CUDA 13.4.1 SELL-NROWS DEFAULT,sell-nrows-default,cusparse,candidate,,sell,spmv.csr.fp32,fp32,H100-SXM5-80GB,H100-SXM5-80GB,67000.0,6054a01d-2dc6-5795-9ae4-804d2647be74,suitesparse_all,Pothen/onera_dual,onera_dual,85567,85567,419201,pass,838402.0,15.714457,0.00381119996309,219.98373428830806,0.3283339317735941,2026-10-07T17:34:27.772518+00:00,source
2,full-20261009-H100-SXM5-80GB-spmv-fp32-cusparse-sell-nrows-default-13.4.1,cuSPARSE-CUDA-13.4.1-SELL-NROWS-DEFAULT,cuSPARSE CUDA 13.4.1 SELL-NROWS DEFAULT,sell-nrows-default,cusparse,candidate,,sell,spmv.csr.fp32,fp32,H100-SXM5-80GB,H100-SXM5-80GB,67000.0,c27d1d0a-dd52-58f0-bf45-e28eecb2fab1,suitesparse_all,Pothen/skirt,skirt,12598,12598,196520,pass,393040.0,8.038236,0.00547839999199,71.74357487125184,0.10707996249440574,2026-10-06T12:25:18.461078+00:00,source
2,full-20261009-H100-SXM5-80GB-spmv-fp32-cusparse-sell-nrows-default-13.4.1,cuSPARSE-CUDA-13.4.1-SELL-NROWS-DEFAULT,cuSPARSE CUDA 13.4.1 SELL-NROWS DEFAULT,sell-nrows-default,cusparse,candidate,,sell,spmv.csr.fp32,fp32,H100-SXM5-80GB,H100-SXM5-80GB,67000.0,1bbb760b-88a6-5cef-b074-0c4935b865f2,suitesparse_all,Pothen/sphere2,sphere2,66,66,450,pass,900.0,9.008528,0.00292319990695,0.30788178319937054,0.00045952504955129933,2026-10-06T19:03:51.807217+00:00,source
2,full-20261009-H100-SXM5-80GB-spmv-fp32-cusparse-sell-nrows-default-13.4.1,cuSPARSE-CUDA-13.4.1-SELL-NROWS-DEFAULT,cuSPARSE CUDA 13.4.1 SELL-NROWS DEFAULT,sell-nrows-default,cusparse,candidate,,sell,spmv.csr.fp32,fp32,H100-SXM5-80GB,H100-SXM5-80GB,67000.0,ca497226-ebef-56c9-ba00-9b037f2146f7,suitesparse_all,Pothen/tandem_dual,tandem_dual,94069,94069,460493,pass,920986.0,9.143308,0.00427840016782,215.26410898335294,0.32128971490052677,2026-10-08T21:12:19.036755+00:00,source
2,full-20261009-H100-SXM5-80GB-spmv-fp32-cusparse-sell-nrows-default-13.4.1,cuSPARSE-CUDA-13.4.1-SELL-NROWS-DEFAULT,cuSPARSE CUDA 13.4.1 SELL-NROWS DEFAULT,sell-nrows-default,cusparse,candidate,,sell,spmv.csr.fp32,fp32,H100-SXM5-80GB,H100-SXM5-80GB,67000.0,1bbb760b-88a6-5cef-b074-0c4935b865f2,suitesparse_all,Precima/analytics,analytics,303813,303813,2006126,fail,4012252.0,0.0,0.0,0.0,0.0,2026-10-06T19:12:34.419418+00:00,source
2,full-20261009-H100-SXM5-80GB-spmv-fp32-cusparse-sell-nrows-default-13.4.1,cuSPARSE-CUDA-13.4.1-SELL-NROWS-DEFAULT,cuSPARSE CUDA 13.4.1 SELL-NROWS DEFAULT,sell-nrows-default,cusparse,candidate,,sell,spmv.csr.fp32,fp32,H100-SXM5-80GB,H100-SXM5-80GB,67000.0,b507c62e-e8c4-5489-84fd-4bc66dd1e529,suitesparse_all,Priebel/145bit,145bit,1002,993,11315,pass,22630.0,6.253112,0.00344480015337,6.5693215839709564,0.009804957588016352,2026-10-07T08:06:26.003155+00:00,source
2,full-20261009-H100-SXM5-80GB-spmv-fp32-cusparse-sell-nrows-default-13.4.1,cuSPARSE-CUDA-13.4.1-SELL-NROWS-DEFAULT,cuSPARSE CUDA 13.4.1 SELL-NROWS DEFAULT,sell-nrows-default,cusparse,candidate,,sell,spmv.csr.fp32,fp32,H100-SXM5-80GB,H100-SXM5-80GB,67000.0,26cb3a9c-bd7d-5e51-9c99-6d49c0b2dba4,suitesparse_all,Priebel/192bit,192bit,13691,13682,154303,pass,308606.0,6.974778,0.00399519987404,77.24419546698009,0.11528984398056728,2026-10-07T13:02:40.954395+00:00,source
2,full-20261009-H100-SXM5-80GB-spmv-fp32-cusparse-sell-nrows-default-13.4.1,cuSPARSE-CUDA-13.4.1-SELL-NROWS-DEFAULT,cuSPARSE CUDA 13.4.1 SELL-NROWS DEFAULT,sell-nrows-default,cusparse,candidate,,sell,spmv.csr.fp32,fp32,H100-SXM5-80GB,H100-SXM5-80GB,67000.0,6054a01d-2dc6-5795-9ae4-804d2647be74,suitesparse_all,Priebel/208bit,208bit,24430,24421,299756,pass,599512.0,9.461979,0.00565279982984,106.05576316983596,0.15829218383557606,2026-10-07T17:38:26.393894+00:00,source
2,full-20261009-H100-SXM5-80GB-spmv-fp32-cusparse-sell-nrows-default-13.4.1,cuSPARSE-CUDA-13.4.1-SELL-NROWS-DEFAULT,cuSPARSE CUDA 13.4.1 SELL-NROWS DEFAULT,sell-nrows-default,cusparse,candidate,,sell,spmv.csr.fp32,fp32,H100-SXM5-80GB,H100-SXM5-80GB,67000.0,26cb3a9c-bd7d-5e51-9c99-6d49c0b2dba4,suitesparse_all,Puri/ABACUS_shell_ld,ABACUS_shell_ld,23412,23412,218484,pass,436968.0,8.785084,0.00367040000856,119.05187417745096,0.17768936444395664,2026-10-07T13:02:41.797723+00:00,source
2,full-20261009-H100-SXM5-80GB-spmv-fp32-cusparse-sell-nrows-default-13.4.1,cuSPARSE-CUDA-13.4.1-SELL-NROWS-DEFAULT,cuSPARSE CUDA 13.4.1 SELL-NROWS DEFAULT,sell-nrows-default,cusparse,candidate,,sell,spmv.csr.fp32,fp32,H100-SXM5-80GB,H100-SXM5-80GB,67000.0,6054a01d-2dc6-5795-9ae4-804d2647be74,suitesparse_all,Puri/ABACUS_shell_md,ABACUS_shell_md,23412,23412,218484,pass,436968.0,8.553548,0.00370399989188,117.97192568982847,0.17607750102959474,2026-10-07T17:38:27.231524+00:00,source
2,full-20261009-H100-SXM5-80GB-spmv-fp32-cusparse-sell-nrows-default-13.4.1,cuSPARSE-CUDA-13.4.1-SELL-NROWS-DEFAULT,cuSPARSE CUDA 13.4.1 SELL-NROWS DEFAULT,sell-nrows-default,cusparse,candidate,,sell,spmv.csr.fp32,fp32,H100-SXM5-80GB,H100-SXM5-80GB,67000.0,9630d841-fbae-5247-8ae0-f8f392316afc,suitesparse_all,QCD/conf5_0-4x4-18,conf5_0-4x4-18,3072,3072,119808,pass,239616.0,5.050635,0.00520320013165,46.051659351418174,0.06873381992748981,2026-10-07T03:44:00.370422+00:00,source
2,full-20261009-H100-SXM5-80GB-spmv-fp32-cusparse-sell-nrows-default-13.4.1,cuSPARSE-CUDA-13.4.1-SELL-NROWS-DEFAULT,cuSPARSE CUDA 13.4.1 SELL-NROWS DEFAULT,sell-nrows-default,cusparse,candidate,,sell,spmv.csr.fp32,fp32,H100-SXM5-80GB,H100-SXM5-80GB,67000.0,b507c62e-e8c4-5489-84fd-4bc66dd1e529,suitesparse_all,QCD/conf5_0-4x4-26,conf5_0-4x4-26,3072,3072,119808,pass,239616.0,7.537783,0.00504480004311,47.49762090714747,0.07089197150320518,2026-10-07T08:05:20.967724+00:00,source
2,full-20261009-H100-SXM5-80GB-spmv-fp32-cusparse-sell-nrows-default-13.4.1,cuSPARSE-CUDA-13.4.1-SELL-NROWS-DEFAULT,cuSPARSE CUDA 13.4.1 SELL-NROWS DEFAULT,sell-nrows-default,cusparse,candidate,,sell,spmv.csr.fp32,fp32,H100-SXM5-80GB,H100-SXM5-80GB,67000.0,26cb3a9c-bd7d-5e51-9c99-6d49c0b2dba4,suitesparse_all,QCD/conf5_4-8x8-05,conf5_4-8x8-05,49152,49152,1916928,pass,3833856.0,26.407305,0.00626560002565,611.8896808454145,0.9132681803662903,2026-10-07T13:01:25.073284+00:00,source
2,full-20261009-H100-SXM5-80GB-spmv-fp32-cusparse-sell-nrows-default-13.4.1,cuSPARSE-CUDA-13.4.1-SELL-NROWS-DEFAULT,cuSPARSE CUDA 13.4.1 SELL-NROWS DEFAULT,sell-nrows-default,cusparse,candidate,,sell,spmv.csr.fp32,fp32,H100-SXM5-80GB,H100-SXM5-80GB,67000.0,6054a01d-2dc6-5795-9ae4-804d2647be74,suitesparse_all,QCD/conf5_4-8x8-10,conf5_4-8x8-10,49152,49152,1916928,pass,3833856.0,25.032323,0.00604160018265,634.5762520018948,0.9471287343311862,2026-10-07T17:36:05.023984+00:00,source
2,full-20261009-H100-SXM5-80GB-spmv-fp32-cusparse-sell-nrows-default-13.4.1,cuSPARSE-CUDA-13.4.1-SELL-NROWS-DEFAULT,cuSPARSE CUDA 13.4.1 SELL-NROWS DEFAULT,sell-nrows-default,cusparse,candidate,,sell,spmv.csr.fp32,fp32,H100-SXM5-80GB,H100-SXM5-80GB,67000.0,c27d1d0a-dd52-58f0-bf45-e28eecb2fab1,suitesparse_all,QCD/conf6_0-8x8-20,conf6_0-8x8-20,49152,49152,1916928,pass,3833856.0,26.525188,0.00609919987619,628.5834335363514,0.9381842291587336,2026-10-06T12:26:57.350336+00:00,source
2,full-20261009-H100-SXM5-80GB-spmv-fp32-cusparse-sell-nrows-default-13.4.1,cuSPARSE-CUDA-13.4.1-SELL-NROWS-DEFAULT,cuSPARSE CUDA 13.4.1 SELL-NROWS DEFAULT,sell-nrows-default,cusparse,candidate,,sell,spmv.csr.fp32,fp32,H100-SXM5-80GB,H100-SXM5-80GB,67000.0,1bbb760b-88a6-5cef-b074-0c4935b865f2,suitesparse_all,QCD/conf6_0-8x8-30,conf6_0-8x8-30,49152,49152,1916928,pass,3833856.0,27.53652,0.00997920036316,384.18469020357225,0.573409985378466,2026-10-06T19:05:46.970590+00:00,source
2,full-20261009-H100-SXM5-80GB-spmv-fp32-cusparse-sell-nrows-default-13.4.1,cuSPARSE-CUDA-13.4.1-SELL-NROWS-DEFAULT,cuSPARSE CUDA 13.4.1 SELL-NROWS DEFAULT,sell-nrows-default,cusparse,candidate,,sell,spmv.csr.fp32,fp32,H100-SXM5-80GB,H100-SXM5-80GB,67000.0,c27d1d0a-dd52-58f0-bf45-e28eecb2fab1,suitesparse_all,QLi/crashbasis,crashbasis,160000,160000,1750416,pass,3500832.0,15.720843,0.00807999968529,433.27130400430843,0.6466735880661321,2026-10-06T12:27:32.947653+00:00,source
2,full-20261009-H100-SXM5-80GB-spmv-fp32-cusparse-sell-nrows-default-13.4.1,cuSPARSE-CUDA-13.4.1-SELL-NROWS-DEFAULT,cuSPARSE CUDA 13.4.1 SELL-NROWS DEFAULT,sell-nrows-default,cusparse,candidate,,sell,spmv.csr.fp32,fp32,H100-SXM5-80GB,H100-SXM5-80GB,67000.0,ca497226-ebef-56c9-ba00-9b037f2146f7,suitesparse_all,QLi/largebasis,largebasis,440020,440020,5560100,pass,11120200.0,42.078917,0.0198911994696,559.0512536458727,0.8344048561878697,2026-10-08T21:14:01.967582+00:00,source
2,full-20261009-H100-SXM5-80GB-spmv-fp32-cusparse-sell-nrows-default-13.4.1,cuSPARSE-CUDA-13.4.1-SELL-NROWS-DEFAULT,cuSPARSE CUDA 13.4.1 SELL-NROWS DEFAULT,sell-nrows-default,cusparse,candidate,,sell,spmv.csr.fp32,fp32,H100-SXM5-80GB,H100-SXM5-80GB,67000.0,1bbb760b-88a6-5cef-b074-0c4935b865f2,suitesparse_all,QLi/majorbasis,majorbasis,160000,160000,1750416,pass,3500832.0,16.577499,0.00805599987507,434.56207228026807,0.6486001078809972,2026-10-06T19:06:08.550648+00:00,source
2,full-20261009-H100-SXM5-80GB-spmv-fp32-cusparse-sell-nrows-default-13.4.1,cuSPARSE-CUDA-13.4.1-SELL-NROWS-DEFAULT,cuSPARSE CUDA 13.4.1 SELL-NROWS DEFAULT,sell-nrows-default,cusparse,candidate,,sell,spmv.csr.fp32,fp32,H100-SXM5-80GB,H100-SXM5-80GB,67000.0,9630d841-fbae-5247-8ae0-f8f392316afc,suitesparse_all,Qaplib/lp_nug05,lp_nug05,210,225,1050,pass,2100.0,3.731521,0.00299839992076,0.7003735510597653,0.0010453336582981572,2026-10-07T03:43:04.530457+00:00,source
2,full-20261009-H100-SXM5-80GB-spmv-fp32-cusparse-sell-nrows-default-13.4.1,cuSPARSE-CUDA-13.4.1-SELL-NROWS-DEFAULT,cuSPARSE CUDA 13.4.1 SELL-NROWS DEFAULT,sell-nrows-default,cusparse,candidate,,sell,spmv.csr.fp32,fp32,H100-SXM5-80GB,H100-SXM5-80GB,67000.0,b507c62e-e8c4-5489-84fd-4bc66dd1e529,suitesparse_all,Qaplib/lp_nug07,lp_nug07,602,931,4214,pass,8428.0,11.109369,0.00307679995894,2.73920960493758,0.004088372544682955,2026-10-07T08:03:48.671205+00:00,source
2,full-20261009-H100-SXM5-80GB-spmv-fp32-cusparse-sell-nrows-default-13.4.1,cuSPARSE-CUDA-13.4.1-SELL-NROWS-DEFAULT,cuSPARSE CUDA 13.4.1 SELL-NROWS DEFAULT,sell-nrows-default,cusparse,candidate,,sell,spmv.csr.fp32,fp32,H100-SXM5-80GB,H100-SXM5-80GB,67000.0,26cb3a9c-bd7d-5e51-9c99-6d49c0b2dba4,suitesparse_all,Qaplib/lp_nug15,lp_nug15,6330,22275,94950,pass,189900.0,14.579872,0.00345279984176,54.99884404049382,0.08208782692611019,2026-10-07T13:00:19.399775+00:00,source
2,full-20261009-H100-SXM5-80GB-spmv-fp32-cusparse-sell-nrows-default-13.4.1,cuSPARSE-CUDA-13.4.1-SELL-NROWS-DEFAULT,cuSPARSE CUDA 13.4.1 SELL-NROWS DEFAULT,sell-nrows-default,cusparse,candidate,,sell,spmv.csr.fp32,fp32,H100-SXM5-80GB,H100-SXM5-80GB,67000.0,6054a01d-2dc6-5795-9ae4-804d2647be74,suitesparse_all,Qaplib/lp_nug20,lp_nug20,15240,72600,304800,pass,609600.0,3.796373,0.00451520010829,135.010627520309,0.20150839928404327,2026-10-07T17:34:11.200477+00:00,source
2,full-20261009-H100-SXM5-80GB-spmv-fp32-cusparse-sell-nrows-default-13.4.1,cuSPARSE-CUDA-13.4.1-SELL-NROWS-DEFAULT,cuSPARSE CUDA 13.4.1 SELL-NROWS DEFAULT,sell-nrows-default,cusparse,candidate,,sell,spmv.csr.fp32,fp32,H100-SXM5-80GB,H100-SXM5-80GB,67000.0,c27d1d0a-dd52-58f0-bf45-e28eecb2fab1,suitesparse_all,Rajat/rajat02,rajat02,1960,1960,11187,pass,22374.0,8.968978,0.0320351988077,0.6984192648313509,0.0010424168131811207,2026-10-06T12:26:01.795220+00:00,source
2,full-20261009-H100-SXM5-80GB-spmv-fp32-cusparse-sell-nrows-default-13.4.1,cuSPARSE-CUDA-13.4.1-SELL-NROWS-DEFAULT,cuSPARSE CUDA 13.4.1 SELL-NROWS DEFAULT,sell-nrows-default,cusparse,candidate,,sell,spmv.csr.fp32,fp32,H100-SXM5-80GB,H100-SXM5-80GB,67000.0,1bbb760b-88a6-5cef-b074-0c4935b865f2,suitesparse_all,Rajat/rajat03,rajat03,7602,7602,32653,pass,65306.0,9.138432,0.00714239999652,9.143425183666432,0.01364690325920363,2026-10-06T19:04:43.306111+00:00,source
2,full-20261009-H100-SXM5-80GB-spmv-fp32-cusparse-sell-nrows-default-13.4.1,cuSPARSE-CUDA-13.4.1-SELL-NROWS-DEFAULT,cuSPARSE CUDA 13.4.1 SELL-NROWS DEFAULT,sell-nrows-default,cusparse,candidate,,sell,spmv.csr.fp32,fp32,H100-SXM5-80GB,H100-SXM5-80GB,67000.0,ca497226-ebef-56c9-ba00-9b037f2146f7,suitesparse_all,Rajat/rajat05,rajat05,301,301,1384,pass,2768.0,4.692023,0.00388480015099,0.7125205653872837,0.0010634635304287816,2026-10-08T21:12:40.970563+00:00,source
2,full-20261009-H100-SXM5-80GB-spmv-fp32-cusparse-sell-nrows-default-13.4.1,cuSPARSE-CUDA-13.4.1-SELL-NROWS-DEFAULT,cuSPARSE CUDA 13.4.1 SELL-NROWS DEFAULT,sell-nrows-default,cusparse,candidate,,sell,spmv.csr.fp32,fp32,H100-SXM5-80GB,H100-SXM5-80GB,67000.0,9630d841-fbae-5247-8ae0-f8f392316afc,suitesparse_all,Rajat/rajat09,rajat09,24482,24482,105573,pass,211146.0,14.582284,0.0117104001343,18.030639224833067,0.026911401828109055,2026-10-07T03:43:21.959454+00:00,source
2,full-20261009-H100-SXM5-80GB-spmv-fp32-cusparse-sell-nrows-default-13.4.1,cuSPARSE-CUDA-13.4.1-SELL-NROWS-DEFAULT,cuSPARSE CUDA 13.4.1 SELL-NROWS DEFAULT,sell-nrows-default,cusparse,candidate,,sell,spmv.csr.fp32,fp32,H100-SXM5-80GB,H100-SXM5-80GB,67000.0,b507c62e-e8c4-5489-84fd-4bc66dd1e529,suitesparse_all,Rajat/rajat11,rajat11,135,135,812,pass,1624.0,7.002012,0.00406400002539,0.39960629671604236,0.0005964273085314064,2026-10-07T08:04:45.485724+00:00,source
2,full-20261009-H100-SXM5-80GB-spmv-fp32-cusparse-sell-nrows-default-13.4.1,cuSPARSE-CUDA-13.4.1-SELL-NROWS-DEFAULT,cuSPARSE CUDA 13.4.1 SELL-NROWS DEFAULT,sell-nrows-default,cusparse,candidate,,sell,spmv.csr.fp32,fp32,H100-SXM5-80GB,H100-SXM5-80GB,67000.0,26cb3a9c-bd7d-5e51-9c99-6d49c0b2dba4,suitesparse_all,Rajat/rajat14,rajat14,180,180,1503,pass,3006.0,4.155904,0.00755039975047,0.3981246158275105,0.0005942158445186725,2026-10-07T13:00:50.496168+00:00,source
2,full-20261009-H100-SXM5-80GB-spmv-fp32-cusparse-sell-nrows-default-13.4.1,cuSPARSE-CUDA-13.4.1-SELL-NROWS-DEFAULT,cuSPARSE CUDA 13.4.1 SELL-NROWS DEFAULT,sell-nrows-default,cusparse,candidate,,sell,spmv.csr.fp32,fp32,H100-SXM5-80GB,H100-SXM5-80GB,67000.0,6054a01d-2dc6-5795-9ae4-804d2647be74,suitesparse_all,Rajat/rajat16,rajat16,94294,94294,476766,fail,953532.0,0.0,0.0,0.0,0.0,2026-10-07T17:35:14.148366+00:00,source
2,full-20261009-H100-SXM5-80GB-spmv-fp32-cusparse-sell-nrows-default-13.4.1,cuSPARSE-CUDA-13.4.1-SELL-NROWS-DEFAULT,cuSPARSE CUDA 13.4.1 SELL-NROWS DEFAULT,sell-nrows-default,cusparse,candidate,,sell,spmv.csr.fp32,fp32,H100-SXM5-80GB,H100-SXM5-80GB,67000.0,c27d1d0a-dd52-58f0-bf45-e28eecb2fab1,suitesparse_all,Rajat/rajat19,rajat19,1157,1157,5399,pass,10798.0,24.855522,0.0151151999831,0.7143802273256739,0.0010662391452621997,2026-10-06T12:26:14.656254+00:00,source
2,full-20261009-H100-SXM5-80GB-spmv-fp32-cusparse-sell-nrows-default-13.4.1,cuSPARSE-CUDA-13.4.1-SELL-NROWS-DEFAULT,cuSPARSE CUDA 13.4.1 SELL-NROWS DEFAULT,sell-nrows-default,cusparse,candidate,,sell,spmv.csr.fp32,fp32,H100-SXM5-80GB,H100-SXM5-80GB,67000.0,9630d841-fbae-5247-8ae0-f8f392316afc,suitesparse_all,Rajat/rajat20,rajat20,86916,86916,604299,fail,1208598.0,0.0,0.0,0.0,0.0,2026-10-07T03:43:48.715482+00:00,source
2,full-20261009-H100-SXM5-80GB-spmv-fp32-cusparse-sell-nrows-default-13.4.1,cuSPARSE-CUDA-13.4.1-SELL-NROWS-DEFAULT,cuSPARSE CUDA 13.4.1 SELL-NROWS DEFAULT,sell-nrows-default,cusparse,candidate,,sell,spmv.csr.fp32,fp32,H100-SXM5-80GB,H100-SXM5-80GB,67000.0,b507c62e-e8c4-5489-84fd-4bc66dd1e529,suitesparse_all,Rajat/rajat22,rajat22,39899,39899,197264,pass,394528.0,542.722329,0.431465578079,0.9143904404994346,0.0013647618514916935,2026-10-07T08:05:03.053804+00:00,source
2,full-20261009-H100-SXM5-80GB-spmv-fp32-cusparse-sell-nrows-default-13.4.1,cuSPARSE-CUDA-13.4.1-SELL-NROWS-DEFAULT,cuSPARSE CUDA 13.4.1 SELL-NROWS DEFAULT,sell-nrows-default,cusparse,candidate,,sell,spmv.csr.fp32,fp32,H100-SXM5-80GB,H100-SXM5-80GB,67000.0,26cb3a9c-bd7d-5e51-9c99-6d49c0b2dba4,suitesparse_all,Rajat/rajat25,rajat25,87190,87190,606489,fail,1212978.0,0.0,0.0,0.0,0.0,2026-10-07T13:01:01.538891+00:00,source
2,full-20261009-H100-SXM5-80GB-spmv-fp32-cusparse-sell-nrows-default-13.4.1,cuSPARSE-CUDA-13.4.1-SELL-NROWS-DEFAULT,cuSPARSE CUDA 13.4.1 SELL-NROWS DEFAULT,sell-nrows-default,cusparse,candidate,,sell,spmv.csr.fp32,fp32,H100-SXM5-80GB,H100-SXM5-80GB,67000.0,6054a01d-2dc6-5795-9ae4-804d2647be74,suitesparse_all,Rajat/rajat26,rajat26,51032,51032,249302,pass,498604.0,863.646483,0.654387187958,0.761940345372412,0.0011372243960782267,2026-10-07T17:35:16.957827+00:00,source
2,full-20261009-H100-SXM5-80GB-spmv-fp32-cusparse-sell-nrows-default-13.4.1,cuSPARSE-CUDA-13.4.1-SELL-NROWS-DEFAULT,cuSPARSE CUDA 13.4.1 SELL-NROWS DEFAULT,sell-nrows-default,cusparse,candidate,,sell,spmv.csr.fp32,fp32,H100-SXM5-80GB,H100-SXM5-80GB,67000.0,ca497226-ebef-56c9-ba00-9b037f2146f7,suitesparse_all,Rajat/rajat30,rajat30,643994,643994,6175244,fail,12350488.0,0.0,0.0,0.0,0.0,2026-10-08T21:13:12.816429+00:00,source
2,full-20261009-H100-SXM5-80GB-spmv-fp32-cusparse-sell-nrows-default-13.4.1,cuSPARSE-CUDA-13.4.1-SELL-NROWS-DEFAULT,cuSPARSE CUDA 13.4.1 SELL-NROWS DEFAULT,sell-nrows-default,cusparse,candidate,,sell,spmv.csr.fp32,fp32,H100-SXM5-80GB,H100-SXM5-80GB,67000.0,9630d841-fbae-5247-8ae0-f8f392316afc,suitesparse_all,Rommes/M10PI_n,M10PI_n,682,682,1633,pass,3266.0,3.894211,0.00313760004938,1.0409229820879726,0.0015536163911760788,2026-10-07T03:45:39.562326+00:00,source
2,full-20261009-H100-SXM5-80GB-spmv-fp32-cusparse-sell-nrows-default-13.4.1,cuSPARSE-CUDA-13.4.1-SELL-NROWS-DEFAULT,cuSPARSE CUDA 13.4.1 SELL-NROWS DEFAULT,sell-nrows-default,cusparse,candidate,,sell,spmv.csr.fp32,fp32,H100-SXM5-80GB,H100-SXM5-80GB,67000.0,ca497226-ebef-56c9-ba00-9b037f2146f7,suitesparse_all,Rommes/M10PI_n1,M10PI_n1,528,528,1317,pass,2634.0,4.586589,0.00312799997628,0.8420716176387272,0.001256823309908548,2026-10-08T21:14:48.209772+00:00,source
2,full-20261009-H100-SXM5-80GB-spmv-fp32-cusparse-sell-nrows-default-13.4.1,cuSPARSE-CUDA-13.4.1-SELL-NROWS-DEFAULT,cuSPARSE CUDA 13.4.1 SELL-NROWS DEFAULT,sell-nrows-default,cusparse,candidate,,sell,spmv.csr.fp32,fp32,H100-SXM5-80GB,H100-SXM5-80GB,67000.0,b507c62e-e8c4-5489-84fd-4bc66dd1e529,suitesparse_all,Rommes/M40PI_n,M40PI_n,2182,2182,5341,pass,10682.0,6.327702,0.00296800006181,3.599056528821535,0.005371726162420201,2026-10-07T08:06:39.452246+00:00,source
2,full-20261009-H100-SXM5-80GB-spmv-fp32-cusparse-sell-nrows-default-13.4.1,cuSPARSE-CUDA-13.4.1-SELL-NROWS-DEFAULT,cuSPARSE CUDA 13.4.1 SELL-NROWS DEFAULT,sell-nrows-default,cusparse,candidate,,sell,spmv.csr.fp32,fp32,H100-SXM5-80GB,H100-SXM5-80GB,67000.0,c27d1d0a-dd52-58f0-bf45-e28eecb2fab1,suitesparse_all,Rommes/S20PI_n,S20PI_n,1182,1182,2881,pass,5762.0,4.192767,0.00306080002338,1.8825143609470774,0.0028097229267866827,2026-10-06T12:28:33.593562+00:00,source
2,full-20261009-H100-SXM5-80GB-spmv-fp32-cusparse-sell-nrows-default-13.4.1,cuSPARSE-CUDA-13.4.1-SELL-NROWS-DEFAULT,cuSPARSE CUDA 13.4.1 SELL-NROWS DEFAULT,sell-nrows-default,cusparse,candidate,,sell,spmv.csr.fp32,fp32,H100-SXM5-80GB,H100-SXM5-80GB,67000.0,26cb3a9c-bd7d-5e51-9c99-6d49c0b2dba4,suitesparse_all,Rommes/S20PI_n1,S20PI_n1,1028,1028,2547,pass,5094.0,6.415119,0.00323200002313,1.5761138501065861,0.0023524087315023676,2026-10-07T13:02:53.366217+00:00,source
2,full-20261009-H100-SXM5-80GB-spmv-fp32-cusparse-sell-nrows-default-13.4.1,cuSPARSE-CUDA-13.4.1-SELL-NROWS-DEFAULT,cuSPARSE CUDA 13.4.1 SELL-NROWS DEFAULT,sell-nrows-default,cusparse,candidate,,sell,spmv.csr.fp32,fp32,H100-SXM5-80GB,H100-SXM5-80GB,67000.0,1bbb760b-88a6-5cef-b074-0c4935b865f2,suitesparse_all,Rommes/S40PI_n,S40PI_n,2182,2182,5341,pass,10682.0,9.00072,0.00311520006508,3.4289932514256294,0.005117900375262134,2026-10-06T19:06:41.384462+00:00,source
2,full-20261009-H100-SXM5-80GB-spmv-fp32-cusparse-sell-nrows-default-13.4.1,cuSPARSE-CUDA-13.4.1-SELL-NROWS-DEFAULT,cuSPARSE CUDA 13.4.1 SELL-NROWS DEFAULT,sell-nrows-default,cusparse,candidate,,sell,spmv.csr.fp32,fp32,H100-SXM5-80GB,H100-SXM5-80GB,67000.0,6054a01d-2dc6-5795-9ae4-804d2647be74,suitesparse_all,Rommes/S40PI_n1,S40PI_n1,2028,2028,5007,pass,10014.0,6.746167,0.00310720000416,3.2228372768386317,0.004810204890803928,2026-10-07T17:38:39.838852+00:00,source
2,full-20261009-H100-SXM5-80GB-spmv-fp32-cusparse-sell-nrows-default-13.4.1,cuSPARSE-CUDA-13.4.1-SELL-NROWS-DEFAULT,cuSPARSE CUDA 13.4.1 SELL-NROWS DEFAULT,sell-nrows-default,cusparse,candidate,,sell,spmv.csr.fp32,fp32,H100-SXM5-80GB,H100-SXM5-80GB,67000.0,9630d841-fbae-5247-8ae0-f8f392316afc,suitesparse_all,Rommes/bauru5727,bauru5727,40366,40366,145019,pass,290038.0,18.763861,0.00574879981577,50.451922017596296,0.07530137614566612,2026-10-07T03:45:39.195318+00:00,source
2,full-20261009-H100-SXM5-80GB-spmv-fp32-cusparse-sell-nrows-default-13.4.1,cuSPARSE-CUDA-13.4.1-SELL-NROWS-DEFAULT,cuSPARSE CUDA 13.4.1 SELL-NROWS DEFAULT,sell-nrows-default,cusparse,candidate,,sell,spmv.csr.fp32,fp32,H100-SXM5-80GB,H100-SXM5-80GB,67000.0,c27d1d0a-dd52-58f0-bf45-e28eecb2fab1,suitesparse_all,Rommes/bips07_1998,bips07_1998,15066,15066,62198,pass,124396.0,6.398013,0.00404319986701,30.76672044214141,0.04592047827185285,2026-10-06T12:28:33.244484+00:00,source
2,full-20261009-H100-SXM5-80GB-spmv-fp32-cusparse-sell-nrows-default-13.4.1,cuSPARSE-CUDA-13.4.1-SELL-NROWS-DEFAULT,cuSPARSE CUDA 13.4.1 SELL-NROWS DEFAULT,sell-nrows-default,cusparse,candidate,,sell,spmv.csr.fp32,fp32,H100-SXM5-80GB,H100-SXM5-80GB,67000.0,1bbb760b-88a6-5cef-b074-0c4935b865f2,suitesparse_all,Rommes/bips07_2476,bips07_2476,16861,16861,66498,pass,132996.0,8.891281,0.00524320006371,25.365425386017844,0.037858843859728125,2026-10-06T19:06:40.877998+00:00,source
2,full-20261009-H100-SXM5-80GB-spmv-fp32-cusparse-sell-nrows-default-13.4.1,cuSPARSE-CUDA-13.4.1-SELL-NROWS-DEFAULT,cuSPARSE CUDA 13.4.1 SELL-NROWS DEFAULT,sell-nrows-default,cusparse,candidate,,sell,spmv.csr.fp32,fp32,H100-SXM5-80GB,H100-SXM5-80GB,67000.0,6054a01d-2dc6-5795-9ae4-804d2647be74,suitesparse_all,Rommes/bips98_1142,bips98_1142,9735,9735,40983,pass,81966.0,9.360391,0.00410719998181,19.956661560920253,0.02978606203122426,2026-10-07T17:38:36.482209+00:00,source
2,full-20261009-H100-SXM5-80GB-spmv-fp32-cusparse-sell-nrows-default-13.4.1,cuSPARSE-CUDA-13.4.1-SELL-NROWS-DEFAULT,cuSPARSE CUDA 13.4.1 SELL-NROWS DEFAULT,sell-nrows-default,cusparse,candidate,,sell,spmv.csr.fp32,fp32,H100-SXM5-80GB,H100-SXM5-80GB,67000.0,26cb3a9c-bd7d-5e51-9c99-6d49c0b2dba4,suitesparse_all,Rommes/bips98_606,bips98_606,7135,7135,34738,pass,69476.0,6.986238,0.00436480008066,15.917338415530493,0.023757221515717155,2026-10-07T13:02:52.793001+00:00,source
2,full-20261009-H100-SXM5-80GB-spmv-fp32-cusparse-sell-nrows-default-13.4.1,cuSPARSE-CUDA-13.4.1-SELL-NROWS-DEFAULT,cuSPARSE CUDA 13.4.1 SELL-NROWS DEFAULT,sell-nrows-default,cusparse,candidate,,sell,spmv.csr.fp32,fp32,H100-SXM5-80GB,H100-SXM5-80GB,67000.0,b507c62e-e8c4-5489-84fd-4bc66dd1e529,suitesparse_all,Rommes/descriptor_xingo6u,descriptor_xingo6u,20738,20738,73916,pass,147832.0,9.063111,0.00507999993861,29.100787753247513,0.04343401157201121,2026-10-07T08:06:38.968091+00:00,source
2,full-20261009-H100-SXM5-80GB-spmv-fp32-cusparse-sell-nrows-default-13.4.1,cuSPARSE-CUDA-13.4.1-SELL-NROWS-DEFAULT,cuSPARSE CUDA 13.4.1 SELL-NROWS DEFAULT,sell-nrows-default,cusparse,candidate,,sell,spmv.csr.fp32,fp32,H100-SXM5-80GB,H100-SXM5-80GB,67000.0,ca497226-ebef-56c9-ba00-9b037f2146f7,suitesparse_all,Rommes/mimo8x8_system,mimo8x8_system,13309,13309,48872,pass,97744.0,7.073386,0.00430880002677,22.684738069237273,0.033857818013786976,2026-10-08T21:14:47.885901+00:00,source
2,full-20261009-H100-SXM5-80GB-spmv-fp32-cusparse-sell-nrows-default-13.4.1,cuSPARSE-CUDA-13.4.1-SELL-NROWS-DEFAULT,cuSPARSE CUDA 13.4.1 SELL-NROWS DEFAULT,sell-nrows-default,cusparse,candidate,,sell,spmv.csr.fp32,fp32,H100-SXM5-80GB,H100-SXM5-80GB,67000.0,c27d1d0a-dd52-58f0-bf45-e28eecb2fab1,suitesparse_all,Rommes/ww_36_pmec_36,ww_36_pmec_36,66,66,1194,pass,2388.0,4.128468,0.00334080010653,0.7147988277815137,0.0010668639220619608,2026-10-06T12:28:32.871226+00:00,source
2,full-20261009-H100-SXM5-80GB-spmv-fp32-cusparse-sell-nrows-default-13.4.1,cuSPARSE-CUDA-13.4.1-SELL-NROWS-DEFAULT,cuSPARSE CUDA 13.4.1 SELL-NROWS DEFAULT,sell-nrows-default,cusparse,candidate,,sell,spmv.csr.fp32,fp32,H100-SXM5-80GB,H100-SXM5-80GB,67000.0,1bbb760b-88a6-5cef-b074-0c4935b865f2,suitesparse_all,Rommes/ww_vref_6405,ww_vref_6405,13251,13251,48737,pass,97474.0,9.189251,0.00518880002201,18.785460913223098,0.02803800136301955,2026-10-06T19:06:40.302306+00:00,source
2,full-20261009-H100-SXM5-80GB-spmv-fp32-cusparse-sell-nrows-default-13.4.1,cuSPARSE-CUDA-13.4.1-SELL-NROWS-DEFAULT,cuSPARSE CUDA 13.4.1 SELL-NROWS DEFAULT,sell-nrows-default,cusparse,candidate,,sell,spmv.csr.fp32,fp32,H100-SXM5-80GB,H100-SXM5-80GB,67000.0,c27d1d0a-dd52-58f0-bf45-e28eecb2fab1,suitesparse_all,Ronis/xenon2,xenon2,157464,157464,3866688,pass,7733376.0,40.870917,0.0157360002398,491.4448323685517,0.7334997498038085,2026-10-06T12:25:12.908746+00:00,source
2,full-20261009-H100-SXM5-80GB-spmv-fp32-cusparse-sell-nrows-default-13.4.1,cuSPARSE-CUDA-13.4.1-SELL-NROWS-DEFAULT,cuSPARSE CUDA 13.4.1 SELL-NROWS DEFAULT,sell-nrows-default,cusparse,candidate,,sell,spmv.csr.fp32,fp32,H100-SXM5-80GB,H100-SXM5-80GB,67000.0,ca497226-ebef-56c9-ba00-9b037f2146f7,suitesparse_all,Rost/RFdevice,RFdevice,74104,74104,365580,pass,731160.0,96.766411,0.0726080000401,10.069964736615724,0.015029798114351827,2026-10-08T21:13:56.349132+00:00,source
2,full-20261009-H100-SXM5-80GB-spmv-fp32-cusparse-sell-nrows-default-13.4.1,cuSPARSE-CUDA-13.4.1-SELL-NROWS-DEFAULT,cuSPARSE CUDA 13.4.1 SELL-NROWS DEFAULT,sell-nrows-default,cusparse,candidate,,sell,spmv.csr.fp32,fp32,H100-SXM5-80GB,H100-SXM5-80GB,67000.0,1bbb760b-88a6-5cef-b074-0c4935b865f2,suitesparse_all,Rothberg/3dtube,3dtube,45330,45330,3213618,pass,6427236.0,472.588163,0.729510402679,8.810341807871545,0.01314976389234559,2026-10-06T19:03:48.404925+00:00,source
2,full-20261009-H100-SXM5-80GB-spmv-fp32-cusparse-sell-nrows-default-13.4.1,cuSPARSE-CUDA-13.4.1-SELL-NROWS-DEFAULT,cuSPARSE CUDA 13.4.1 SELL-NROWS DEFAULT,sell-nrows-default,cusparse,candidate,,sell,spmv.csr.fp32,fp32,H100-SXM5-80GB,H100-SXM5-80GB,67000.0,ca497226-ebef-56c9-ba00-9b037f2146f7,suitesparse_all,Rothberg/cfd2,cfd2,123440,123440,3087898,pass,6175796.0,24.550123,0.0133328005672,463.20320842367244,0.691348072274138,2026-10-08T21:12:13.655906+00:00,source
2,full-20261009-H100-SXM5-80GB-spmv-fp32-cusparse-sell-nrows-default-13.4.1,cuSPARSE-CUDA-13.4.1-SELL-NROWS-DEFAULT,cuSPARSE CUDA 13.4.1 SELL-NROWS DEFAULT,sell-nrows-default,cusparse,candidate,,sell,spmv.csr.fp32,fp32,H100-SXM5-80GB,H100-SXM5-80GB,67000.0,9630d841-fbae-5247-8ae0-f8f392316afc,suitesparse_all,Rucci/Rucci1,Rucci1,1977885,109900,7791168,pass,15582336.0,49.086611,0.0307024002075,507.52826797539876,0.757504877575222,2026-10-07T03:44:24.689705+00:00,source
2,full-20261009-H100-SXM5-80GB-spmv-fp32-cusparse-sell-nrows-default-13.4.1,cuSPARSE-CUDA-13.4.1-SELL-NROWS-DEFAULT,cuSPARSE CUDA 13.4.1 SELL-NROWS DEFAULT,sell-nrows-default,cusparse,candidate,,sell,spmv.csr.fp32,fp32,H100-SXM5-80GB,H100-SXM5-80GB,67000.0,9630d841-fbae-5247-8ae0-f8f392316afc,suitesparse_all,SNAP/CollegeMsg,CollegeMsg,1899,1899,20296,pass,40592.0,23.467368,0.0145439997315,2.790979149434674,0.0041656405215442895,2026-10-07T03:46:41.635445+00:00,source
2,full-20261009-H100-SXM5-80GB-spmv-fp32-cusparse-sell-nrows-default-13.4.1,cuSPARSE-CUDA-13.4.1-SELL-NROWS-DEFAULT,cuSPARSE CUDA 13.4.1 SELL-NROWS DEFAULT,sell-nrows-default,cusparse,candidate,,sell,spmv.csr.fp32,fp32,H100-SXM5-80GB,H100-SXM5-80GB,67000.0,1bbb760b-88a6-5cef-b074-0c4935b865f2,suitesparse_all,SNAP/Oregon-1,Oregon-1,11492,11492,46818,pass,93636.0,122.674551,0.303788805008,0.3082272896709745,0.00046004073085220075,2026-10-06T19:06:39.731745+00:00,source
2,full-20261009-H100-SXM5-80GB-spmv-fp32-cusparse-sell-nrows-default-13.4.1,cuSPARSE-CUDA-13.4.1-SELL-NROWS-DEFAULT,cuSPARSE CUDA 13.4.1 SELL-NROWS DEFAULT,sell-nrows-default,cusparse,candidate,,sell,spmv.csr.fp32,fp32,H100-SXM5-80GB,H100-SXM5-80GB,67000.0,c27d1d0a-dd52-58f0-bf45-e28eecb2fab1,suitesparse_all,SNAP/amazon0505,amazon0505,410236,410236,3356824,pass,6713648.0,27.489668,0.020025600493,335.2532675535385,0.5003780112739381,2026-10-06T12:28:31.687431+00:00,source
2,full-20261009-H100-SXM5-80GB-spmv-fp32-cusparse-sell-nrows-default-13.4.1,cuSPARSE-CUDA-13.4.1-SELL-NROWS-DEFAULT,cuSPARSE CUDA 13.4.1 SELL-NROWS DEFAULT,sell-nrows-default,cusparse,candidate,,sell,spmv.csr.fp32,fp32,H100-SXM5-80GB,H100-SXM5-80GB,67000.0,1bbb760b-88a6-5cef-b074-0c4935b865f2,suitesparse_all,SNAP/amazon0601,amazon0601,403394,403394,3387388,pass,6774776.0,43.287168,0.0231199994683,293.0266503374684,0.4373532094589081,2026-10-06T19:06:39.072781+00:00,source
2,full-20261009-H100-SXM5-80GB-spmv-fp32-cusparse-sell-nrows-default-13.4.1,cuSPARSE-CUDA-13.4.1-SELL-NROWS-DEFAULT,cuSPARSE CUDA 13.4.1 SELL-NROWS DEFAULT,sell-nrows-default,cusparse,candidate,,sell,spmv.csr.fp32,fp32,H100-SXM5-80GB,H100-SXM5-80GB,67000.0,c27d1d0a-dd52-58f0-bf45-e28eecb2fab1,suitesparse_all,SNAP/as-caida,as-caida,31379,31379,106762,pass,213524.0,361.138041,0.322267198563,0.662568207227141,0.0009889077719808076,2026-10-06T12:28:32.524149+00:00,source
2,full-20261009-H100-SXM5-80GB-spmv-fp32-cusparse-sell-nrows-default-13.4.1,cuSPARSE-CUDA-13.4.1-SELL-NROWS-DEFAULT,cuSPARSE CUDA 13.4.1 SELL-NROWS DEFAULT,sell-nrows-default,cusparse,candidate,,sell,spmv.csr.fp32,fp32,H100-SXM5-80GB,H100-SXM5-80GB,67000.0,9630d841-fbae-5247-8ae0-f8f392316afc,suitesparse_all,SNAP/ca-GrQc,ca-GrQc,5242,5242,28980,pass,57960.0,6.110244,0.00709439963102,8.169824511516387,0.012193767927636398,2026-10-07T03:45:25.202547+00:00,source
2,full-20261009-H100-SXM5-80GB-spmv-fp32-cusparse-sell-nrows-default-13.4.1,cuSPARSE-CUDA-13.4.1-SELL-NROWS-DEFAULT,cuSPARSE CUDA 13.4.1 SELL-NROWS DEFAULT,sell-nrows-default,cusparse,candidate,,sell,spmv.csr.fp32,fp32,H100-SXM5-80GB,H100-SXM5-80GB,67000.0,b507c62e-e8c4-5489-84fd-4bc66dd1e529,suitesparse_all,SNAP/ca-HepTh,ca-HepTh,9877,9877,51971,pass,103942.0,9.721047,0.00710240006447,14.63477121205456,0.02184294210754412,2026-10-07T08:06:37.391005+00:00,source
2,full-20261009-H100-SXM5-80GB-spmv-fp32-cusparse-sell-nrows-default-13.4.1,cuSPARSE-CUDA-13.4.1-SELL-NROWS-DEFAULT,cuSPARSE CUDA 13.4.1 SELL-NROWS DEFAULT,sell-nrows-default,cusparse,candidate,,sell,spmv.csr.fp32,fp32,H100-SXM5-80GB,H100-SXM5-80GB,67000.0,ca497226-ebef-56c9-ba00-9b037f2146f7,suitesparse_all,SNAP/cit-HepTh,cit-HepTh,27770,27770,352807,pass,705614.0,79.273868,0.056787198782,12.425582087765536,0.01854564490711274,2026-10-08T21:14:44.981359+00:00,source
2,full-20261009-H100-SXM5-80GB-spmv-fp32-cusparse-sell-nrows-default-13.4.1,cuSPARSE-CUDA-13.4.1-SELL-NROWS-DEFAULT,cuSPARSE CUDA 13.4.1 SELL-NROWS DEFAULT,sell-nrows-default,cusparse,candidate,,sell,spmv.csr.fp32,fp32,H100-SXM5-80GB,H100-SXM5-80GB,67000.0,b507c62e-e8c4-5489-84fd-4bc66dd1e529,suitesparse_all,SNAP/com-DBLP,com-DBLP,317080,317080,2099732,pass,4199464.0,460.680914,0.358152008057,11.72536773640441,0.01750054886030509,2026-10-07T08:08:24.042154+00:00,source
2,full-20261009-H100-SXM5-80GB-spmv-fp32-cusparse-sell-nrows-default-13.4.1,cuSPARSE-CUDA-13.4.1-SELL-NROWS-DEFAULT,cuSPARSE CUDA 13.4.1 SELL-NROWS DEFAULT,sell-nrows-default,cusparse,candidate,,sell,spmv.csr.fp32,fp32,H100-SXM5-80GB,H100-SXM5-80GB,67000.0,26cb3a9c-bd7d-5e51-9c99-6d49c0b2dba4,suitesparse_all,SNAP/com-Orkut,com-Orkut,3072441,3072441,234370166,fail,468740332.0,0.0,0.0,0.0,0.0,2026-10-07T13:07:01.551776+00:00,source
2,full-20261009-H100-SXM5-80GB-spmv-fp32-cusparse-sell-nrows-default-13.4.1,cuSPARSE-CUDA-13.4.1-SELL-NROWS-DEFAULT,cuSPARSE CUDA 13.4.1 SELL-NROWS DEFAULT,sell-nrows-default,cusparse,candidate,,sell,spmv.csr.fp32,fp32,H100-SXM5-80GB,H100-SXM5-80GB,67000.0,6054a01d-2dc6-5795-9ae4-804d2647be74,suitesparse_all,SNAP/com-Youtube,com-Youtube,1134890,1134890,5975248,fail,11950496.0,0.0,0.0,0.0,0.0,2026-10-07T17:41:44.435882+00:00,source
2,full-20261009-H100-SXM5-80GB-spmv-fp32-cusparse-sell-nrows-default-13.4.1,cuSPARSE-CUDA-13.4.1-SELL-NROWS-DEFAULT,cuSPARSE CUDA 13.4.1 SELL-NROWS DEFAULT,sell-nrows-default,cusparse,candidate,,sell,spmv.csr.fp32,fp32,H100-SXM5-80GB,H100-SXM5-80GB,67000.0,c27d1d0a-dd52-58f0-bf45-e28eecb2fab1,suitesparse_all,SNAP/email-Enron,email-Enron,36692,36692,367662,pass,735324.0,223.413263,0.177171194553,4.150358650881201,0.0061945651505689574,2026-10-06T12:28:29.717691+00:00,source
2,full-20261009-H100-SXM5-80GB-spmv-fp32-cusparse-sell-nrows-default-13.4.1,cuSPARSE-CUDA-13.4.1-SELL-NROWS-DEFAULT,cuSPARSE CUDA 13.4.1 SELL-NROWS DEFAULT,sell-nrows-default,cusparse,candidate,,sell,spmv.csr.fp32,fp32,H100-SXM5-80GB,H100-SXM5-80GB,67000.0,c27d1d0a-dd52-58f0-bf45-e28eecb2fab1,suitesparse_all,SNAP/higgs-twitter,higgs-twitter,456626,456626,14855842,pass,29711684.0,2670.283121,3.754870224,7.912839120268887,0.01181020764219237,2026-10-06T12:33:12.649368+00:00,source
2,full-20261009-H100-SXM5-80GB-spmv-fp32-cusparse-sell-nrows-default-13.4.1,cuSPARSE-CUDA-13.4.1-SELL-NROWS-DEFAULT,cuSPARSE CUDA 13.4.1 SELL-NROWS DEFAULT,sell-nrows-default,cusparse,candidate,,sell,spmv.csr.fp32,fp32,H100-SXM5-80GB,H100-SXM5-80GB,67000.0,1bbb760b-88a6-5cef-b074-0c4935b865f2,suitesparse_all,SNAP/loc-Brightkite,loc-Brightkite,58228,58228,428156,pass,856312.0,303.4505,0.484484815598,1.7674692218022423,0.0026380137638839438,2026-10-06T19:10:12.582085+00:00,source
2,full-20261009-H100-SXM5-80GB-spmv-fp32-cusparse-sell-nrows-default-13.4.1,cuSPARSE-CUDA-13.4.1-SELL-NROWS-DEFAULT,cuSPARSE CUDA 13.4.1 SELL-NROWS DEFAULT,sell-nrows-default,cusparse,candidate,,sell,spmv.csr.fp32,fp32,H100-SXM5-80GB,H100-SXM5-80GB,67000.0,ca497226-ebef-56c9-ba00-9b037f2146f7,suitesparse_all,SNAP/p2p-Gnutella05,p2p-Gnutella05,8846,8846,31839,pass,63678.0,7.43856,0.00632959976792,10.060351733886254,0.01501545034908396,2026-10-08T21:14:45.333758+00:00,source
2,full-20261009-H100-SXM5-80GB-spmv-fp32-cusparse-sell-nrows-default-13.4.1,cuSPARSE-CUDA-13.4.1-SELL-NROWS-DEFAULT,cuSPARSE CUDA 13.4.1 SELL-NROWS DEFAULT,sell-nrows-default,cusparse,candidate,,sell,spmv.csr.fp32,fp32,H100-SXM5-80GB,H100-SXM5-80GB,67000.0,9630d841-fbae-5247-8ae0-f8f392316afc,suitesparse_all,SNAP/p2p-Gnutella24,p2p-Gnutella24,26518,26518,65369,pass,130738.0,17.749878,0.00758880004287,17.22775659675391,0.025713069547393896,2026-10-07T03:45:25.579573+00:00,source
2,full-20261009-H100-SXM5-80GB-spmv-fp32-cusparse-sell-nrows-default-13.4.1,cuSPARSE-CUDA-13.4.1-SELL-NROWS-DEFAULT,cuSPARSE CUDA 13.4.1 SELL-NROWS DEFAULT,sell-nrows-default,cusparse,candidate,,sell,spmv.csr.fp32,fp32,H100-SXM5-80GB,H100-SXM5-80GB,67000.0,b507c62e-e8c4-5489-84fd-4bc66dd1e529,suitesparse_all,SNAP/p2p-Gnutella30,p2p-Gnutella30,36682,36682,88328,pass,176656.0,14.593542,0.0069104000926,25.56378757131183,0.03815490682285348,2026-10-07T08:06:37.920388+00:00,source
2,full-20261009-H100-SXM5-80GB-spmv-fp32-cusparse-sell-nrows-default-13.4.1,cuSPARSE-CUDA-13.4.1-SELL-NROWS-DEFAULT,cuSPARSE CUDA 13.4.1 SELL-NROWS DEFAULT,sell-nrows-default,cusparse,candidate,,sell,spmv.csr.fp32,fp32,H100-SXM5-80GB,H100-SXM5-80GB,67000.0,26cb3a9c-bd7d-5e51-9c99-6d49c0b2dba4,suitesparse_all,SNAP/roadNet-PA,roadNet-PA,1090920,1090920,3083796,pass,6167592.0,59.809877,0.0341711997986,180.49094080251427,0.2693894638843497,2026-10-07T13:02:51.453504+00:00,source
2,full-20261009-H100-SXM5-80GB-spmv-fp32-cusparse-sell-nrows-default-13.4.1,cuSPARSE-CUDA-13.4.1-SELL-NROWS-DEFAULT,cuSPARSE CUDA 13.4.1 SELL-NROWS DEFAULT,sell-nrows-default,cusparse,candidate,,sell,spmv.csr.fp32,fp32,H100-SXM5-80GB,H100-SXM5-80GB,67000.0,6054a01d-2dc6-5795-9ae4-804d2647be74,suitesparse_all,SNAP/roadNet-TX,roadNet-TX,1393383,1393383,3843320,pass,7686640.0,211.642094,0.0499615997076,153.8509584357991,0.22962829617283448,2026-10-07T17:38:35.215779+00:00,source
2,full-20261009-H100-SXM5-80GB-spmv-fp32-cusparse-sell-nrows-default-13.4.1,cuSPARSE-CUDA-13.4.1-SELL-NROWS-DEFAULT,cuSPARSE CUDA 13.4.1 SELL-NROWS DEFAULT,sell-nrows-default,cusparse,candidate,,sell,spmv.csr.fp32,fp32,H100-SXM5-80GB,H100-SXM5-80GB,67000.0,ca497226-ebef-56c9-ba00-9b037f2146f7,suitesparse_all,SNAP/soc-Pokec,soc-Pokec,1632803,1632803,30622564,fail,61245128.0,0.0,0.0,0.0,0.0,2026-10-08T21:23:18.218567+00:00,source
2,full-20261009-H100-SXM5-80GB-spmv-fp32-cusparse-sell-nrows-default-13.4.1,cuSPARSE-CUDA-13.4.1-SELL-NROWS-DEFAULT,cuSPARSE CUDA 13.4.1 SELL-NROWS DEFAULT,sell-nrows-default,cusparse,candidate,,sell,spmv.csr.fp32,fp32,H100-SXM5-80GB,H100-SXM5-80GB,67000.0,26cb3a9c-bd7d-5e51-9c99-6d49c0b2dba4,suitesparse_all,SNAP/soc-Slashdot0811,soc-Slashdot0811,77360,77360,905468,pass,1810936.0,834.912232,1.6611951828,1.0901404114040392,0.0016270752409015508,2026-10-07T13:02:43.602666+00:00,source
2,full-20261009-H100-SXM5-80GB-spmv-fp32-cusparse-sell-nrows-default-13.4.1,cuSPARSE-CUDA-13.4.1-SELL-NROWS-DEFAULT,cuSPARSE CUDA 13.4.1 SELL-NROWS DEFAULT,sell-nrows-default,cusparse,candidate,,sell,spmv.csr.fp32,fp32,H100-SXM5-80GB,H100-SXM5-80GB,67000.0,6054a01d-2dc6-5795-9ae4-804d2647be74,suitesparse_all,SNAP/soc-Slashdot0902,soc-Slashdot0902,82168,82168,948464,pass,1896928.0,988.759559,0.775935983658,2.444696521299734,0.0036488007780593043,2026-10-07T17:38:29.184908+00:00,source
2,full-20261009-H100-SXM5-80GB-spmv-fp32-cusparse-sell-nrows-default-13.4.1,cuSPARSE-CUDA-13.4.1-SELL-NROWS-DEFAULT,cuSPARSE CUDA 13.4.1 SELL-NROWS DEFAULT,sell-nrows-default,cusparse,candidate,,sell,spmv.csr.fp32,fp32,H100-SXM5-80GB,H100-SXM5-80GB,67000.0,ca497226-ebef-56c9-ba00-9b037f2146f7,suitesparse_all,SNAP/soc-sign-epinions,soc-sign-epinions,131828,131828,841372,pass,1682744.0,1249.900805,1.00239515305,1.678723201005007,0.0025055570164253835,2026-10-08T21:14:47.480240+00:00,source
2,full-20261009-H100-SXM5-80GB-spmv-fp32-cusparse-sell-nrows-default-13.4.1,cuSPARSE-CUDA-13.4.1-SELL-NROWS-DEFAULT,cuSPARSE CUDA 13.4.1 SELL-NROWS DEFAULT,sell-nrows-default,cusparse,candidate,,sell,spmv.csr.fp32,fp32,H100-SXM5-80GB,H100-SXM5-80GB,67000.0,9630d841-fbae-5247-8ae0-f8f392316afc,suitesparse_all,SNAP/sx-mathoverflow,sx-mathoverflow,24818,24818,239978,pass,479956.0,214.169557,0.333464002609,1.4393037816521617,0.0021482145994808385,2026-10-07T03:46:42.545095+00:00,source
2,full-20261009-H100-SXM5-80GB-spmv-fp32-cusparse-sell-nrows-default-13.4.1,cuSPARSE-CUDA-13.4.1-SELL-NROWS-DEFAULT,cuSPARSE CUDA 13.4.1 SELL-NROWS DEFAULT,sell-nrows-default,cusparse,candidate,,sell,spmv.csr.fp32,fp32,H100-SXM5-80GB,H100-SXM5-80GB,67000.0,b507c62e-e8c4-5489-84fd-4bc66dd1e529,suitesparse_all,SNAP/sx-superuser,sx-superuser,194085,194085,924886,fail,1849772.0,0.0,0.0,0.0,0.0,2026-10-07T08:08:25.061866+00:00,source
2,full-20261009-H100-SXM5-80GB-spmv-fp32-cusparse-sell-nrows-default-13.4.1,cuSPARSE-CUDA-13.4.1-SELL-NROWS-DEFAULT,cuSPARSE CUDA 13.4.1 SELL-NROWS DEFAULT,sell-nrows-default,cusparse,candidate,,sell,spmv.csr.fp32,fp32,H100-SXM5-80GB,H100-SXM5-80GB,67000.0,26cb3a9c-bd7d-5e51-9c99-6d49c0b2dba4,suitesparse_all,SNAP/web-NotreDame,web-NotreDame,325729,325729,1497134,pass,2994268.0,4862.567373,8.08353424072,0.37041570071128943,0.0005528592547929693,2026-10-07T13:02:49.953977+00:00,source
2,full-20261009-H100-SXM5-80GB-spmv-fp32-cusparse-sell-nrows-default-13.4.1,cuSPARSE-CUDA-13.4.1-SELL-NROWS-DEFAULT,cuSPARSE CUDA 13.4.1 SELL-NROWS DEFAULT,sell-nrows-default,cusparse,candidate,,sell,spmv.csr.fp32,fp32,H100-SXM5-80GB,H100-SXM5-80GB,67000.0,6054a01d-2dc6-5795-9ae4-804d2647be74,suitesparse_all,SNAP/web-Stanford,web-Stanford,281903,281903,2312497,pass,4624994.0,365.306381,0.248169589043,18.636425268039726,0.027815560101551833,2026-10-07T17:38:31.350940+00:00,source
2,full-20261009-H100-SXM5-80GB-spmv-fp32-cusparse-sell-nrows-default-13.4.1,cuSPARSE-CUDA-13.4.1-SELL-NROWS-DEFAULT,cuSPARSE CUDA 13.4.1 SELL-NROWS DEFAULT,sell-nrows-default,cusparse,candidate,,sell,spmv.csr.fp32,fp32,H100-SXM5-80GB,H100-SXM5-80GB,67000.0,1bbb760b-88a6-5cef-b074-0c4935b865f2,suitesparse_all,SNAP/wiki-Talk,wiki-Talk,2394385,2394385,5021410,fail,10042820.0,0.0,0.0,0.0,0.0,2026-10-06T19:06:36.932932+00:00,source
2,full-20261009-H100-SXM5-80GB-spmv-fp32-cusparse-sell-nrows-default-13.4.1,cuSPARSE-CUDA-13.4.1-SELL-NROWS-DEFAULT,cuSPARSE CUDA 13.4.1 SELL-NROWS DEFAULT,sell-nrows-default,cusparse,candidate,,sell,spmv.csr.fp32,fp32,H100-SXM5-80GB,H100-SXM5-80GB,67000.0,26cb3a9c-bd7d-5e51-9c99-6d49c0b2dba4,suitesparse_all,SNAP/wiki-talk-temporal,wiki-talk-temporal,1140149,1140149,3309592,fail,6619184.0,0.0,0.0,0.0,0.0,2026-10-07T13:07:03.952752+00:00,source
2,full-20261009-H100-SXM5-80GB-spmv-fp32-cusparse-sell-nrows-default-13.4.1,cuSPARSE-CUDA-13.4.1-SELL-NROWS-DEFAULT,cuSPARSE CUDA 13.4.1 SELL-NROWS DEFAULT,sell-nrows-default,cusparse,candidate,,sell,spmv.csr.fp32,fp32,H100-SXM5-80GB,H100-SXM5-80GB,67000.0,6054a01d-2dc6-5795-9ae4-804d2647be74,suitesparse_all,SNAP/wiki-topcats,wiki-topcats,1791489,1791489,28511807,fail,57023614.0,0.0,0.0,0.0,0.0,2026-10-07T17:41:58.910644+00:00,source
2,full-20261009-H100-SXM5-80GB-spmv-fp32-cusparse-sell-nrows-default-13.4.1,cuSPARSE-CUDA-13.4.1-SELL-NROWS-DEFAULT,cuSPARSE CUDA 13.4.1 SELL-NROWS DEFAULT,sell-nrows-default,cusparse,candidate,,sell,spmv.csr.fp32,fp32,H100-SXM5-80GB,H100-SXM5-80GB,67000.0,9630d841-fbae-5247-8ae0-f8f392316afc,suitesparse_all,Sandia/ASIC_320k,ASIC_320k,321821,321821,1931828,fail,3863656.0,0.0,0.0,0.0,0.0,2026-10-07T03:43:54.822679+00:00,source
2,full-20261009-H100-SXM5-80GB-spmv-fp32-cusparse-sell-nrows-default-13.4.1,cuSPARSE-CUDA-13.4.1-SELL-NROWS-DEFAULT,cuSPARSE CUDA 13.4.1 SELL-NROWS DEFAULT,sell-nrows-default,cusparse,candidate,,sell,spmv.csr.fp32,fp32,H100-SXM5-80GB,H100-SXM5-80GB,67000.0,b507c62e-e8c4-5489-84fd-4bc66dd1e529,suitesparse_all,Sandia/ASIC_680k,ASIC_680k,682862,682862,2638997,fail,5277994.0,0.0,0.0,0.0,0.0,2026-10-07T08:05:13.291757+00:00,source
2,full-20261009-H100-SXM5-80GB-spmv-fp32-cusparse-sell-nrows-default-13.4.1,cuSPARSE-CUDA-13.4.1-SELL-NROWS-DEFAULT,cuSPARSE CUDA 13.4.1 SELL-NROWS DEFAULT,sell-nrows-default,cusparse,candidate,,sell,spmv.csr.fp32,fp32,H100-SXM5-80GB,H100-SXM5-80GB,67000.0,9630d841-fbae-5247-8ae0-f8f392316afc,suitesparse_all,Sandia/adder_dcop_02,adder_dcop_02,1813,1813,11246,pass,22492.0,13.652295,0.0745343983173,0.30176670782595477,0.00045039807138202206,2026-10-07T03:43:17.376156+00:00,source
2,full-20261009-H100-SXM5-80GB-spmv-fp32-cusparse-sell-nrows-default-13.4.1,cuSPARSE-CUDA-13.4.1-SELL-NROWS-DEFAULT,cuSPARSE CUDA 13.4.1 SELL-NROWS DEFAULT,sell-nrows-default,cusparse,candidate,,sell,spmv.csr.fp32,fp32,H100-SXM5-80GB,H100-SXM5-80GB,67000.0,b507c62e-e8c4-5489-84fd-4bc66dd1e529,suitesparse_all,Sandia/adder_dcop_04,adder_dcop_04,1813,1813,11107,pass,22214.0,15.610682,0.0520160019398,0.4270608884110137,0.0006374043110612145,2026-10-07T08:04:39.038806+00:00,source
2,full-20261009-H100-SXM5-80GB-spmv-fp32-cusparse-sell-nrows-default-13.4.1,cuSPARSE-CUDA-13.4.1-SELL-NROWS-DEFAULT,cuSPARSE CUDA 13.4.1 SELL-NROWS DEFAULT,sell-nrows-default,cusparse,candidate,,sell,spmv.csr.fp32,fp32,H100-SXM5-80GB,H100-SXM5-80GB,67000.0,26cb3a9c-bd7d-5e51-9c99-6d49c0b2dba4,suitesparse_all,Sandia/adder_dcop_07,adder_dcop_07,1813,1813,11226,pass,22452.0,15.33726,0.0515359997749,0.4356566302791507,0.0006502337765360458,2026-10-07T13:00:45.441734+00:00,source
2,full-20261009-H100-SXM5-80GB-spmv-fp32-cusparse-sell-nrows-default-13.4.1,cuSPARSE-CUDA-13.4.1-SELL-NROWS-DEFAULT,cuSPARSE CUDA 13.4.1 SELL-NROWS DEFAULT,sell-nrows-default,cusparse,candidate,,sell,spmv.csr.fp32,fp32,H100-SXM5-80GB,H100-SXM5-80GB,67000.0,6054a01d-2dc6-5795-9ae4-804d2647be74,suitesparse_all,Sandia/adder_dcop_08,adder_dcop_08,1813,1813,11242,pass,22484.0,17.416474,0.0511744022369,0.43936028594756316,0.0006557616208172584,2026-10-07T17:34:55.217349+00:00,source
2,full-20261009-H100-SXM5-80GB-spmv-fp32-cusparse-sell-nrows-default-13.4.1,cuSPARSE-CUDA-13.4.1-SELL-NROWS-DEFAULT,cuSPARSE CUDA 13.4.1 SELL-NROWS DEFAULT,sell-nrows-default,cusparse,candidate,,sell,spmv.csr.fp32,fp32,H100-SXM5-80GB,H100-SXM5-80GB,67000.0,c27d1d0a-dd52-58f0-bf45-e28eecb2fab1,suitesparse_all,Sandia/adder_dcop_11,adder_dcop_11,1813,1813,11243,pass,22486.0,15.377065,0.051172798872,0.43941313540900667,0.0006558405006104578,2026-10-06T12:25:57.298648+00:00,source
2,full-20261009-H100-SXM5-80GB-spmv-fp32-cusparse-sell-nrows-default-13.4.1,cuSPARSE-CUDA-13.4.1-SELL-NROWS-DEFAULT,cuSPARSE CUDA 13.4.1 SELL-NROWS DEFAULT,sell-nrows-default,cusparse,candidate,,sell,spmv.csr.fp32,fp32,H100-SXM5-80GB,H100-SXM5-80GB,67000.0,1bbb760b-88a6-5cef-b074-0c4935b865f2,suitesparse_all,Sandia/adder_dcop_12,adder_dcop_12,1813,1813,11246,pass,22492.0,18.05003,0.0764688014984,0.29413302627046684,0.0004390045168215923,2026-10-06T19:04:36.940462+00:00,source
2,full-20261009-H100-SXM5-80GB-spmv-fp32-cusparse-sell-nrows-default-13.4.1,cuSPARSE-CUDA-13.4.1-SELL-NROWS-DEFAULT,cuSPARSE CUDA 13.4.1 SELL-NROWS DEFAULT,sell-nrows-default,cusparse,candidate,,sell,spmv.csr.fp32,fp32,H100-SXM5-80GB,H100-SXM5-80GB,67000.0,ca497226-ebef-56c9-ba00-9b037f2146f7,suitesparse_all,Sandia/adder_dcop_14,adder_dcop_14,1813,1813,11246,pass,22492.0,18.493161,0.0767711997032,0.29297444988426413,0.0004372752983347226,2026-10-08T21:12:32.338574+00:00,source
2,full-20261009-H100-SXM5-80GB-spmv-fp32-cusparse-sell-nrows-default-13.4.1,cuSPARSE-CUDA-13.4.1-SELL-NROWS-DEFAULT,cuSPARSE CUDA 13.4.1 SELL-NROWS DEFAULT,sell-nrows-default,cusparse,candidate,,sell,spmv.csr.fp32,fp32,H100-SXM5-80GB,H100-SXM5-80GB,67000.0,9630d841-fbae-5247-8ae0-f8f392316afc,suitesparse_all,Sandia/adder_dcop_18,adder_dcop_18,1813,1813,11246,pass,22492.0,12.967795,0.0750880002975,0.2995418696847205,0.00044707741743988137,2026-10-07T03:43:17.737405+00:00,source
2,full-20261009-H100-SXM5-80GB-spmv-fp32-cusparse-sell-nrows-default-13.4.1,cuSPARSE-CUDA-13.4.1-SELL-NROWS-DEFAULT,cuSPARSE CUDA 13.4.1 SELL-NROWS DEFAULT,sell-nrows-default,cusparse,candidate,,sell,spmv.csr.fp32,fp32,H100-SXM5-80GB,H100-SXM5-80GB,67000.0,b507c62e-e8c4-5489-84fd-4bc66dd1e529,suitesparse_all,Sandia/adder_dcop_20,adder_dcop_20,1813,1813,11246,pass,22492.0,16.387634,0.051489597559,0.43682609820803636,0.0006519792510567707,2026-10-07T08:04:39.545552+00:00,source
2,full-20261009-H100-SXM5-80GB-spmv-fp32-cusparse-sell-nrows-default-13.4.1,cuSPARSE-CUDA-13.4.1-SELL-NROWS-DEFAULT,cuSPARSE CUDA 13.4.1 SELL-NROWS DEFAULT,sell-nrows-default,cusparse,candidate,,sell,spmv.csr.fp32,fp32,H100-SXM5-80GB,H100-SXM5-80GB,67000.0,26cb3a9c-bd7d-5e51-9c99-6d49c0b2dba4,suitesparse_all,Sandia/adder_dcop_23,adder_dcop_23,1813,1813,11246,pass,22492.0,25.542481,0.051214402914,0.43917333250509444,0.0006554825858284992,2026-10-07T13:00:45.837369+00:00,source
2,full-20261009-H100-SXM5-80GB-spmv-fp32-cusparse-sell-nrows-default-13.4.1,cuSPARSE-CUDA-13.4.1-SELL-NROWS-DEFAULT,cuSPARSE CUDA 13.4.1 SELL-NROWS DEFAULT,sell-nrows-default,cusparse,candidate,,sell,spmv.csr.fp32,fp32,H100-SXM5-80GB,H100-SXM5-80GB,67000.0,6054a01d-2dc6-5795-9ae4-804d2647be74,suitesparse_all,Sandia/adder_dcop_24,adder_dcop_24,1813,1813,11246,pass,22492.0,18.032841,0.0511856019497,0.4394204452670665,0.0006558514108463678,2026-10-07T17:34:55.727794+00:00,source
2,full-20261009-H100-SXM5-80GB-spmv-fp32-cusparse-sell-nrows-default-13.4.1,cuSPARSE-CUDA-13.4.1-SELL-NROWS-DEFAULT,cuSPARSE CUDA 13.4.1 SELL-NROWS DEFAULT,sell-nrows-default,cusparse,candidate,,sell,spmv.csr.fp32,fp32,H100-SXM5-80GB,H100-SXM5-80GB,67000.0,c27d1d0a-dd52-58f0-bf45-e28eecb2fab1,suitesparse_all,Sandia/adder_dcop_27,adder_dcop_27,1813,1813,11246,pass,22492.0,14.926071,0.0508671998978,0.44217098730006515,0.0006599566974627838,2026-10-06T12:25:57.660676+00:00,source
2,full-20261009-H100-SXM5-80GB-spmv-fp32-cusparse-sell-nrows-default-13.4.1,cuSPARSE-CUDA-13.4.1-SELL-NROWS-DEFAULT,cuSPARSE CUDA 13.4.1 SELL-NROWS DEFAULT,sell-nrows-default,cusparse,candidate,,sell,spmv.csr.fp32,fp32,H100-SXM5-80GB,H100-SXM5-80GB,67000.0,1bbb760b-88a6-5cef-b074-0c4935b865f2,suitesparse_all,Sandia/adder_dcop_28,adder_dcop_28,1813,1813,11246,pass,22492.0,21.323075,0.0765775978565,0.2937151416286017,0.0004383808084008981,2026-10-06T19:04:37.496314+00:00,source
2,full-20261009-H100-SXM5-80GB-spmv-fp32-cusparse-sell-nrows-default-13.4.1,cuSPARSE-CUDA-13.4.1-SELL-NROWS-DEFAULT,cuSPARSE CUDA 13.4.1 SELL-NROWS DEFAULT,sell-nrows-default,cusparse,candidate,,sell,spmv.csr.fp32,fp32,H100-SXM5-80GB,H100-SXM5-80GB,67000.0,ca497226-ebef-56c9-ba00-9b037f2146f7,suitesparse_all,Sandia/adder_dcop_30,adder_dcop_30,1813,1813,11246,pass,22492.0,16.762889,0.0768751978874,0.2925781086501305,0.0004366837442539261,2026-10-08T21:12:32.923490+00:00,source
2,full-20261009-H100-SXM5-80GB-spmv-fp32-cusparse-sell-nrows-default-13.4.1,cuSPARSE-CUDA-13.4.1-SELL-NROWS-DEFAULT,cuSPARSE CUDA 13.4.1 SELL-NROWS DEFAULT,sell-nrows-default,cusparse,candidate,,sell,spmv.csr.fp32,fp32,H100-SXM5-80GB,H100-SXM5-80GB,67000.0,9630d841-fbae-5247-8ae0-f8f392316afc,suitesparse_all,Sandia/adder_dcop_34,adder_dcop_34,1813,1813,11246,pass,22492.0,13.333164,0.07477440238,0.3007981245466425,0.0004489524246964814,2026-10-07T03:43:18.112198+00:00,source
2,full-20261009-H100-SXM5-80GB-spmv-fp32-cusparse-sell-nrows-default-13.4.1,cuSPARSE-CUDA-13.4.1-SELL-NROWS-DEFAULT,cuSPARSE CUDA 13.4.1 SELL-NROWS DEFAULT,sell-nrows-default,cusparse,candidate,,sell,spmv.csr.fp32,fp32,H100-SXM5-80GB,H100-SXM5-80GB,67000.0,b507c62e-e8c4-5489-84fd-4bc66dd1e529,suitesparse_all,Sandia/adder_dcop_36,adder_dcop_36,1813,1813,11246,pass,22492.0,16.533479,0.0514880001545,0.43683965064691327,0.0006519994785774824,2026-10-07T08:04:40.046926+00:00,source
2,full-20261009-H100-SXM5-80GB-spmv-fp32-cusparse-sell-nrows-default-13.4.1,cuSPARSE-CUDA-13.4.1-SELL-NROWS-DEFAULT,cuSPARSE CUDA 13.4.1 SELL-NROWS DEFAULT,sell-nrows-default,cusparse,candidate,,sell,spmv.csr.fp32,fp32,H100-SXM5-80GB,H100-SXM5-80GB,67000.0,26cb3a9c-bd7d-5e51-9c99-6d49c0b2dba4,suitesparse_all,Sandia/adder_dcop_39,adder_dcop_39,1813,1813,11246,pass,22492.0,15.338339,0.051217597723,0.43914593811375974,0.0006554416986772534,2026-10-07T13:00:46.244205+00:00,source
2,full-20261009-H100-SXM5-80GB-spmv-fp32-cusparse-sell-nrows-default-13.4.1,cuSPARSE-CUDA-13.4.1-SELL-NROWS-DEFAULT,cuSPARSE CUDA 13.4.1 SELL-NROWS DEFAULT,sell-nrows-default,cusparse,candidate,,sell,spmv.csr.fp32,fp32,H100-SXM5-80GB,H100-SXM5-80GB,67000.0,6054a01d-2dc6-5795-9ae4-804d2647be74,suitesparse_all,Sandia/adder_dcop_40,adder_dcop_40,1813,1813,11246,pass,22492.0,18.10649,0.0512351989746,0.4389950746780641,0.0006552165293702449,2026-10-07T17:34:56.572966+00:00,source
2,full-20261009-H100-SXM5-80GB-spmv-fp32-cusparse-sell-nrows-default-13.4.1,cuSPARSE-CUDA-13.4.1-SELL-NROWS-DEFAULT,cuSPARSE CUDA 13.4.1 SELL-NROWS DEFAULT,sell-nrows-default,cusparse,candidate,,sell,spmv.csr.fp32,fp32,H100-SXM5-80GB,H100-SXM5-80GB,67000.0,c27d1d0a-dd52-58f0-bf45-e28eecb2fab1,suitesparse_all,Sandia/adder_dcop_43,adder_dcop_43,1813,1813,11246,pass,22492.0,15.163965,0.0507423996925,0.44325850051046045,0.0006615798515081499,2026-10-06T12:25:58.030974+00:00,source
2,full-20261009-H100-SXM5-80GB-spmv-fp32-cusparse-sell-nrows-default-13.4.1,cuSPARSE-CUDA-13.4.1-SELL-NROWS-DEFAULT,cuSPARSE CUDA 13.4.1 SELL-NROWS DEFAULT,sell-nrows-default,cusparse,candidate,,sell,spmv.csr.fp32,fp32,H100-SXM5-80GB,H100-SXM5-80GB,67000.0,1bbb760b-88a6-5cef-b074-0c4935b865f2,suitesparse_all,Sandia/adder_dcop_44,adder_dcop_44,1813,1813,11245,pass,22490.0,18.070003,0.0764847993851,0.29404535516610475,0.00043887366442702197,2026-10-06T19:04:38.041650+00:00,source
2,full-20261009-H100-SXM5-80GB-spmv-fp32-cusparse-sell-nrows-default-13.4.1,cuSPARSE-CUDA-13.4.1-SELL-NROWS-DEFAULT,cuSPARSE CUDA 13.4.1 SELL-NROWS DEFAULT,sell-nrows-default,cusparse,candidate,,sell,spmv.csr.fp32,fp32,H100-SXM5-80GB,H100-SXM5-80GB,67000.0,ca497226-ebef-56c9-ba00-9b037f2146f7,suitesparse_all,Sandia/adder_dcop_46,adder_dcop_46,1813,1813,11246,pass,22492.0,16.606854,0.0767455995083,0.2930721780024339,0.0004374211611976625,2026-10-08T21:12:33.575523+00:00,source
2,full-20261009-H100-SXM5-80GB-spmv-fp32-cusparse-sell-nrows-default-13.4.1,cuSPARSE-CUDA-13.4.1-SELL-NROWS-DEFAULT,cuSPARSE CUDA 13.4.1 SELL-NROWS DEFAULT,sell-nrows-default,cusparse,candidate,,sell,spmv.csr.fp32,fp32,H100-SXM5-80GB,H100-SXM5-80GB,67000.0,9630d841-fbae-5247-8ae0-f8f392316afc,suitesparse_all,Sandia/adder_dcop_50,adder_dcop_50,1813,1813,11246,pass,22492.0,21.766054,0.0747520029545,0.3008882586556298,0.0004490869532173579,2026-10-07T03:43:18.483233+00:00,source
2,full-20261009-H100-SXM5-80GB-spmv-fp32-cusparse-sell-nrows-default-13.4.1,cuSPARSE-CUDA-13.4.1-SELL-NROWS-DEFAULT,cuSPARSE CUDA 13.4.1 SELL-NROWS DEFAULT,sell-nrows-default,cusparse,candidate,,sell,spmv.csr.fp32,fp32,H100-SXM5-80GB,H100-SXM5-80GB,67000.0,b507c62e-e8c4-5489-84fd-4bc66dd1e529,suitesparse_all,Sandia/adder_dcop_52,adder_dcop_52,1813,1813,11246,pass,22492.0,16.893745,0.0515375971794,0.4364192595496136,0.0006513720291785278,2026-10-07T08:04:40.544436+00:00,source
2,full-20261009-H100-SXM5-80GB-spmv-fp32-cusparse-sell-nrows-default-13.4.1,cuSPARSE-CUDA-13.4.1-SELL-NROWS-DEFAULT,cuSPARSE CUDA 13.4.1 SELL-NROWS DEFAULT,sell-nrows-default,cusparse,candidate,,sell,spmv.csr.fp32,fp32,H100-SXM5-80GB,H100-SXM5-80GB,67000.0,26cb3a9c-bd7d-5e51-9c99-6d49c0b2dba4,suitesparse_all,Sandia/adder_dcop_55,adder_dcop_55,1813,1813,11246,pass,22492.0,15.048281,0.0508095979691,0.4426722686071748,0.0006607048785181713,2026-10-07T13:00:46.632331+00:00,source
2,full-20261009-H100-SXM5-80GB-spmv-fp32-cusparse-sell-nrows-default-13.4.1,cuSPARSE-CUDA-13.4.1-SELL-NROWS-DEFAULT,cuSPARSE CUDA 13.4.1 SELL-NROWS DEFAULT,sell-nrows-default,cusparse,candidate,,sell,spmv.csr.fp32,fp32,H100-SXM5-80GB,H100-SXM5-80GB,67000.0,6054a01d-2dc6-5795-9ae4-804d2647be74,suitesparse_all,Sandia/adder_dcop_56,adder_dcop_56,1813,1813,11246,pass,22492.0,17.918181,0.0510191977024,0.4408536592675967,0.0006579905362202935,2026-10-07T17:34:57.097322+00:00,source
2,full-20261009-H100-SXM5-80GB-spmv-fp32-cusparse-sell-nrows-default-13.4.1,cuSPARSE-CUDA-13.4.1-SELL-NROWS-DEFAULT,cuSPARSE CUDA 13.4.1 SELL-NROWS DEFAULT,sell-nrows-default,cusparse,candidate,,sell,spmv.csr.fp32,fp32,H100-SXM5-80GB,H100-SXM5-80GB,67000.0,c27d1d0a-dd52-58f0-bf45-e28eecb2fab1,suitesparse_all,Sandia/adder_dcop_59,adder_dcop_59,1813,1813,11246,pass,22492.0,15.287499,0.0515375971794,0.4364192595496136,0.0006513720291785278,2026-10-06T12:25:58.412472+00:00,source
2,full-20261009-H100-SXM5-80GB-spmv-fp32-cusparse-sell-nrows-default-13.4.1,cuSPARSE-CUDA-13.4.1-SELL-NROWS-DEFAULT,cuSPARSE CUDA 13.4.1 SELL-NROWS DEFAULT,sell-nrows-default,cusparse,candidate,,sell,spmv.csr.fp32,fp32,H100-SXM5-80GB,H100-SXM5-80GB,67000.0,1bbb760b-88a6-5cef-b074-0c4935b865f2,suitesparse_all,Sandia/adder_dcop_60,adder_dcop_60,1813,1813,11246,pass,22492.0,17.995097,0.0766528010368,0.29342698108581694,0.00043795071803853276,2026-10-06T19:04:38.613727+00:00,source
2,full-20261009-H100-SXM5-80GB-spmv-fp32-cusparse-sell-nrows-default-13.4.1,cuSPARSE-CUDA-13.4.1-SELL-NROWS-DEFAULT,cuSPARSE CUDA 13.4.1 SELL-NROWS DEFAULT,sell-nrows-default,cusparse,candidate,,sell,spmv.csr.fp32,fp32,H100-SXM5-80GB,H100-SXM5-80GB,67000.0,ca497226-ebef-56c9-ba00-9b037f2146f7,suitesparse_all,Sandia/adder_dcop_62,adder_dcop_62,1813,1813,11246,pass,22492.0,18.26259,0.0768415987492,0.2927060389960219,0.00043687468506868935,2026-10-08T21:12:34.161361+00:00,source
2,full-20261009-H100-SXM5-80GB-spmv-fp32-cusparse-sell-nrows-default-13.4.1,cuSPARSE-CUDA-13.4.1-SELL-NROWS-DEFAULT,cuSPARSE CUDA 13.4.1 SELL-NROWS DEFAULT,sell-nrows-default,cusparse,candidate,,sell,spmv.csr.fp32,fp32,H100-SXM5-80GB,H100-SXM5-80GB,67000.0,9630d841-fbae-5247-8ae0-f8f392316afc,suitesparse_all,Sandia/adder_dcop_66,adder_dcop_66,1813,1813,11246,pass,22492.0,12.988287,0.074505597353,0.30188335909093084,0.00045057217774765795,2026-10-07T03:43:18.825484+00:00,source
2,full-20261009-H100-SXM5-80GB-spmv-fp32-cusparse-sell-nrows-default-13.4.1,cuSPARSE-CUDA-13.4.1-SELL-NROWS-DEFAULT,cuSPARSE CUDA 13.4.1 SELL-NROWS DEFAULT,sell-nrows-default,cusparse,candidate,,sell,spmv.csr.fp32,fp32,H100-SXM5-80GB,H100-SXM5-80GB,67000.0,b507c62e-e8c4-5489-84fd-4bc66dd1e529,suitesparse_all,Sandia/adder_dcop_68,adder_dcop_68,1813,1813,11246,pass,22492.0,16.50112,0.0517264008522,0.43482630976524594,0.0006489944921869342,2026-10-07T08:04:41.063058+00:00,source
2,full-20261009-H100-SXM5-80GB-spmv-fp32-cusparse-sell-nrows-default-13.4.1,cuSPARSE-CUDA-13.4.1-SELL-NROWS-DEFAULT,cuSPARSE CUDA 13.4.1 SELL-NROWS DEFAULT,sell-nrows-default,cusparse,candidate,,sell,spmv.csr.fp32,fp32,H100-SXM5-80GB,H100-SXM5-80GB,67000.0,26cb3a9c-bd7d-5e51-9c99-6d49c0b2dba4,suitesparse_all,Sandia/adder_trans_02,adder_trans_02,1814,1814,14579,pass,29158.0,26.170335,0.0547951996326,0.532126905194313,0.0007942192614840492,2026-10-07T13:00:47.076570+00:00,source
2,full-20261009-H100-SXM5-80GB-spmv-fp32-cusparse-sell-nrows-default-13.4.1,cuSPARSE-CUDA-13.4.1-SELL-NROWS-DEFAULT,cuSPARSE CUDA 13.4.1 SELL-NROWS DEFAULT,sell-nrows-default,cusparse,candidate,,sell,spmv.csr.fp32,fp32,H100-SXM5-80GB,H100-SXM5-80GB,67000.0,6054a01d-2dc6-5795-9ae4-804d2647be74,suitesparse_all,Sandia/fpga_dcop_01,fpga_dcop_01,1220,1220,5892,pass,11784.0,0.765133,0.00431040003896,2.7338529819712996,0.004080377585031791,2026-10-07T17:34:57.852325+00:00,source
2,full-20261009-H100-SXM5-80GB-spmv-fp32-cusparse-sell-nrows-default-13.4.1,cuSPARSE-CUDA-13.4.1-SELL-NROWS-DEFAULT,cuSPARSE CUDA 13.4.1 SELL-NROWS DEFAULT,sell-nrows-default,cusparse,candidate,,sell,spmv.csr.fp32,fp32,H100-SXM5-80GB,H100-SXM5-80GB,67000.0,c27d1d0a-dd52-58f0-bf45-e28eecb2fab1,suitesparse_all,Sandia/fpga_dcop_04,fpga_dcop_04,1220,1220,5884,pass,11768.0,4.264021,0.00455680005252,2.5825140151787136,0.0038544985301174834,2026-10-06T12:25:58.763219+00:00,source
2,full-20261009-H100-SXM5-80GB-spmv-fp32-cusparse-sell-nrows-default-13.4.1,cuSPARSE-CUDA-13.4.1-SELL-NROWS-DEFAULT,cuSPARSE CUDA 13.4.1 SELL-NROWS DEFAULT,sell-nrows-default,cusparse,candidate,,sell,spmv.csr.fp32,fp32,H100-SXM5-80GB,H100-SXM5-80GB,67000.0,1bbb760b-88a6-5cef-b074-0c4935b865f2,suitesparse_all,Sandia/fpga_dcop_05,fpga_dcop_05,1220,1220,5852,pass,11704.0,9.028231,0.00508479997516,2.3017621257818934,0.00343546585937596,2026-10-06T19:04:39.128464+00:00,source
2,full-20261009-H100-SXM5-80GB-spmv-fp32-cusparse-sell-nrows-default-13.4.1,cuSPARSE-CUDA-13.4.1-SELL-NROWS-DEFAULT,cuSPARSE CUDA 13.4.1 SELL-NROWS DEFAULT,sell-nrows-default,cusparse,candidate,,sell,spmv.csr.fp32,fp32,H100-SXM5-80GB,H100-SXM5-80GB,67000.0,ca497226-ebef-56c9-ba00-9b037f2146f7,suitesparse_all,Sandia/fpga_dcop_07,fpga_dcop_07,1220,1220,5855,pass,11710.0,9.17294,0.00483039990067,2.4242299272935486,0.003618253622826192,2026-10-08T21:12:34.707232+00:00,source
2,full-20261009-H100-SXM5-80GB-spmv-fp32-cusparse-sell-nrows-default-13.4.1,cuSPARSE-CUDA-13.4.1-SELL-NROWS-DEFAULT,cuSPARSE CUDA 13.4.1 SELL-NROWS DEFAULT,sell-nrows-default,cusparse,candidate,,sell,spmv.csr.fp32,fp32,H100-SXM5-80GB,H100-SXM5-80GB,67000.0,9630d841-fbae-5247-8ae0-f8f392316afc,suitesparse_all,Sandia/fpga_dcop_11,fpga_dcop_11,1220,1220,5892,pass,11784.0,3.894821,0.00436640009284,2.698790708465617,0.004028045833530771,2026-10-07T03:43:19.166606+00:00,source
2,full-20261009-H100-SXM5-80GB-spmv-fp32-cusparse-sell-nrows-default-13.4.1,cuSPARSE-CUDA-13.4.1-SELL-NROWS-DEFAULT,cuSPARSE CUDA 13.4.1 SELL-NROWS DEFAULT,sell-nrows-default,cusparse,candidate,,sell,spmv.csr.fp32,fp32,H100-SXM5-80GB,H100-SXM5-80GB,67000.0,b507c62e-e8c4-5489-84fd-4bc66dd1e529,suitesparse_all,Sandia/fpga_dcop_13,fpga_dcop_13,1220,1220,5892,pass,11784.0,6.890629,0.00430880002677,2.7348681597631774,0.004081892775765937,2026-10-07T08:04:41.538612+00:00,source
2,full-20261009-H100-SXM5-80GB-spmv-fp32-cusparse-sell-nrows-default-13.4.1,cuSPARSE-CUDA-13.4.1-SELL-NROWS-DEFAULT,cuSPARSE CUDA 13.4.1 SELL-NROWS DEFAULT,sell-nrows-default,cusparse,candidate,,sell,spmv.csr.fp32,fp32,H100-SXM5-80GB,H100-SXM5-80GB,67000.0,26cb3a9c-bd7d-5e51-9c99-6d49c0b2dba4,suitesparse_all,Sandia/fpga_dcop_16,fpga_dcop_16,1220,1220,5892,pass,11784.0,4.101991,0.00431040003896,2.7338529819712996,0.004080377585031791,2026-10-07T13:00:47.451836+00:00,source
2,full-20261009-H100-SXM5-80GB-spmv-fp32-cusparse-sell-nrows-default-13.4.1,cuSPARSE-CUDA-13.4.1-SELL-NROWS-DEFAULT,cuSPARSE CUDA 13.4.1 SELL-NROWS DEFAULT,sell-nrows-default,cusparse,candidate,,sell,spmv.csr.fp32,fp32,H100-SXM5-80GB,H100-SXM5-80GB,67000.0,6054a01d-2dc6-5795-9ae4-804d2647be74,suitesparse_all,Sandia/fpga_dcop_17,fpga_dcop_17,1220,1220,5892,pass,11784.0,6.223611,0.00435039997101,2.708716457917821,0.004042860384951972,2026-10-07T17:34:58.360960+00:00,source
2,full-20261009-H100-SXM5-80GB-spmv-fp32-cusparse-sell-nrows-default-13.4.1,cuSPARSE-CUDA-13.4.1-SELL-NROWS-DEFAULT,cuSPARSE CUDA 13.4.1 SELL-NROWS DEFAULT,sell-nrows-default,cusparse,candidate,,sell,spmv.csr.fp32,fp32,H100-SXM5-80GB,H100-SXM5-80GB,67000.0,c27d1d0a-dd52-58f0-bf45-e28eecb2fab1,suitesparse_all,Sandia/fpga_dcop_20,fpga_dcop_20,1220,1220,5892,pass,11784.0,4.386527,0.00456160008907,2.583304053381512,0.003855677691614197,2026-10-06T12:25:59.165242+00:00,source
2,full-20261009-H100-SXM5-80GB-spmv-fp32-cusparse-sell-nrows-default-13.4.1,cuSPARSE-CUDA-13.4.1-SELL-NROWS-DEFAULT,cuSPARSE CUDA 13.4.1 SELL-NROWS DEFAULT,sell-nrows-default,cusparse,candidate,,sell,spmv.csr.fp32,fp32,H100-SXM5-80GB,H100-SXM5-80GB,67000.0,1bbb760b-88a6-5cef-b074-0c4935b865f2,suitesparse_all,Sandia/fpga_dcop_21,fpga_dcop_21,1220,1220,5892,pass,11784.0,9.031653,0.00527839995921,2.232494712614326,0.0033320816606183974,2026-10-06T19:04:39.653676+00:00,source
2,full-20261009-H100-SXM5-80GB-spmv-fp32-cusparse-sell-nrows-default-13.4.1,cuSPARSE-CUDA-13.4.1-SELL-NROWS-DEFAULT,cuSPARSE CUDA 13.4.1 SELL-NROWS DEFAULT,sell-nrows-default,cusparse,candidate,,sell,spmv.csr.fp32,fp32,H100-SXM5-80GB,H100-SXM5-80GB,67000.0,ca497226-ebef-56c9-ba00-9b037f2146f7,suitesparse_all,Sandia/fpga_dcop_23,fpga_dcop_23,1220,1220,5892,pass,11784.0,5.625013,0.00503199994564,2.3418124259342057,0.003495242426767471,2026-10-08T21:12:35.309375+00:00,source
2,full-20261009-H100-SXM5-80GB-spmv-fp32-cusparse-sell-nrows-default-13.4.1,cuSPARSE-CUDA-13.4.1-SELL-NROWS-DEFAULT,cuSPARSE CUDA 13.4.1 SELL-NROWS DEFAULT,sell-nrows-default,cusparse,candidate,,sell,spmv.csr.fp32,fp32,H100-SXM5-80GB,H100-SXM5-80GB,67000.0,9630d841-fbae-5247-8ae0-f8f392316afc,suitesparse_all,Sandia/fpga_dcop_27,fpga_dcop_27,1220,1220,5892,pass,11784.0,3.722684,0.00430079996586,2.7399553788927817,0.004089485640138481,2026-10-07T03:43:19.517102+00:00,source
2,full-20261009-H100-SXM5-80GB-spmv-fp32-cusparse-sell-nrows-default-13.4.1,cuSPARSE-CUDA-13.4.1-SELL-NROWS-DEFAULT,cuSPARSE CUDA 13.4.1 SELL-NROWS DEFAULT,sell-nrows-default,cusparse,candidate,,sell,spmv.csr.fp32,fp32,H100-SXM5-80GB,H100-SXM5-80GB,67000.0,b507c62e-e8c4-5489-84fd-4bc66dd1e529,suitesparse_all,Sandia/fpga_dcop_29,fpga_dcop_29,1220,1220,5892,pass,11784.0,6.767569,0.00449279993773,2.6228632842160113,0.00391472131972539,2026-10-07T08:04:42.034627+00:00,source
2,full-20261009-H100-SXM5-80GB-spmv-fp32-cusparse-sell-nrows-default-13.4.1,cuSPARSE-CUDA-13.4.1-SELL-NROWS-DEFAULT,cuSPARSE CUDA 13.4.1 SELL-NROWS DEFAULT,sell-nrows-default,cusparse,candidate,,sell,spmv.csr.fp32,fp32,H100-SXM5-80GB,H100-SXM5-80GB,67000.0,26cb3a9c-bd7d-5e51-9c99-6d49c0b2dba4,suitesparse_all,Sandia/fpga_dcop_32,fpga_dcop_32,1220,1220,5892,pass,11784.0,4.22785,0.00431360006332,2.731824885715145,0.004077350575694246,2026-10-07T13:00:47.824559+00:00,source
2,full-20261009-H100-SXM5-80GB-spmv-fp32-cusparse-sell-nrows-default-13.4.1,cuSPARSE-CUDA-13.4.1-SELL-NROWS-DEFAULT,cuSPARSE CUDA 13.4.1 SELL-NROWS DEFAULT,sell-nrows-default,cusparse,candidate,,sell,spmv.csr.fp32,fp32,H100-SXM5-80GB,H100-SXM5-80GB,67000.0,6054a01d-2dc6-5795-9ae4-804d2647be74,suitesparse_all,Sandia/fpga_dcop_33,fpga_dcop_33,1220,1220,5892,pass,11784.0,7.532889,0.00431040003896,2.7338529819712996,0.004080377585031791,2026-10-07T17:34:58.858360+00:00,source
2,full-20261009-H100-SXM5-80GB-spmv-fp32-cusparse-sell-nrows-default-13.4.1,cuSPARSE-CUDA-13.4.1-SELL-NROWS-DEFAULT,cuSPARSE CUDA 13.4.1 SELL-NROWS DEFAULT,sell-nrows-default,cusparse,candidate,,sell,spmv.csr.fp32,fp32,H100-SXM5-80GB,H100-SXM5-80GB,67000.0,c27d1d0a-dd52-58f0-bf45-e28eecb2fab1,suitesparse_all,Sandia/fpga_dcop_36,fpga_dcop_36,1220,1220,5892,pass,11784.0,4.239073,0.00459519997239,2.5644150571908733,0.003827485159986378,2026-10-06T12:25:59.619544+00:00,source
2,full-20261009-H100-SXM5-80GB-spmv-fp32-cusparse-sell-nrows-default-13.4.1,cuSPARSE-CUDA-13.4.1-SELL-NROWS-DEFAULT,cuSPARSE CUDA 13.4.1 SELL-NROWS DEFAULT,sell-nrows-default,cusparse,candidate,,sell,spmv.csr.fp32,fp32,H100-SXM5-80GB,H100-SXM5-80GB,67000.0,1bbb760b-88a6-5cef-b074-0c4935b865f2,suitesparse_all,Sandia/fpga_dcop_37,fpga_dcop_37,1220,1220,5892,pass,11784.0,8.99067,0.00452480018139,2.6043138984272236,0.0038870356692943635,2026-10-06T19:04:40.163792+00:00,source
2,full-20261009-H100-SXM5-80GB-spmv-fp32-cusparse-sell-nrows-default-13.4.1,cuSPARSE-CUDA-13.4.1-SELL-NROWS-DEFAULT,cuSPARSE CUDA 13.4.1 SELL-NROWS DEFAULT,sell-nrows-default,cusparse,candidate,,sell,spmv.csr.fp32,fp32,H100-SXM5-80GB,H100-SXM5-80GB,67000.0,ca497226-ebef-56c9-ba00-9b037f2146f7,suitesparse_all,Sandia/fpga_dcop_39,fpga_dcop_39,1220,1220,5892,pass,11784.0,4.853059,0.0051088001579,2.3066081341580364,0.0034426987076985618,2026-10-08T21:12:35.690511+00:00,source
2,full-20261009-H100-SXM5-80GB-spmv-fp32-cusparse-sell-nrows-default-13.4.1,cuSPARSE-CUDA-13.4.1-SELL-NROWS-DEFAULT,cuSPARSE CUDA 13.4.1 SELL-NROWS DEFAULT,sell-nrows-default,cusparse,candidate,,sell,spmv.csr.fp32,fp32,H100-SXM5-80GB,H100-SXM5-80GB,67000.0,9630d841-fbae-5247-8ae0-f8f392316afc,suitesparse_all,Sandia/fpga_dcop_43,fpga_dcop_43,1220,1220,5892,pass,11784.0,3.987267,0.00450240001082,2.617270782622852,0.003906374302422167,2026-10-07T03:43:19.880017+00:00,source
2,full-20261009-H100-SXM5-80GB-spmv-fp32-cusparse-sell-nrows-default-13.4.1,cuSPARSE-CUDA-13.4.1-SELL-NROWS-DEFAULT,cuSPARSE CUDA 13.4.1 SELL-NROWS DEFAULT,sell-nrows-default,cusparse,candidate,,sell,spmv.csr.fp32,fp32,H100-SXM5-80GB,H100-SXM5-80GB,67000.0,b507c62e-e8c4-5489-84fd-4bc66dd1e529,suitesparse_all,Sandia/fpga_dcop_45,fpga_dcop_45,1220,1220,5892,pass,11784.0,7.307222,0.00447839982808,2.6312969927591507,0.003927308944416643,2026-10-07T08:04:42.540000+00:00,source
2,full-20261009-H100-SXM5-80GB-spmv-fp32-cusparse-sell-nrows-default-13.4.1,cuSPARSE-CUDA-13.4.1-SELL-NROWS-DEFAULT,cuSPARSE CUDA 13.4.1 SELL-NROWS DEFAULT,sell-nrows-default,cusparse,candidate,,sell,spmv.csr.fp32,fp32,H100-SXM5-80GB,H100-SXM5-80GB,67000.0,26cb3a9c-bd7d-5e51-9c99-6d49c0b2dba4,suitesparse_all,Sandia/fpga_dcop_48,fpga_dcop_48,1220,1220,5892,pass,11784.0,4.147263,0.00437120012939,2.6958271529984725,0.0040236226164156305,2026-10-07T13:00:48.187536+00:00,source
2,full-20261009-H100-SXM5-80GB-spmv-fp32-cusparse-sell-nrows-default-13.4.1,cuSPARSE-CUDA-13.4.1-SELL-NROWS-DEFAULT,cuSPARSE CUDA 13.4.1 SELL-NROWS DEFAULT,sell-nrows-default,cusparse,candidate,,sell,spmv.csr.fp32,fp32,H100-SXM5-80GB,H100-SXM5-80GB,67000.0,6054a01d-2dc6-5795-9ae4-804d2647be74,suitesparse_all,Sandia/fpga_dcop_49,fpga_dcop_49,1220,1220,5892,pass,11784.0,7.377788,0.00433279983699,2.7197194523960184,0.004059282764770177,2026-10-07T17:34:59.436285+00:00,source
2,full-20261009-H100-SXM5-80GB-spmv-fp32-cusparse-sell-nrows-default-13.4.1,cuSPARSE-CUDA-13.4.1-SELL-NROWS-DEFAULT,cuSPARSE CUDA 13.4.1 SELL-NROWS DEFAULT,sell-nrows-default,cusparse,candidate,,sell,spmv.csr.fp32,fp32,H100-SXM5-80GB,H100-SXM5-80GB,67000.0,c27d1d0a-dd52-58f0-bf45-e28eecb2fab1,suitesparse_all,Sandia/fpga_trans_01,fpga_trans_01,1220,1220,7382,pass,14764.0,14.782729,0.00488159991801,3.0244182743305585,0.004514057125866505,2026-10-06T12:25:59.990581+00:00,source
2,full-20261009-H100-SXM5-80GB-spmv-fp32-cusparse-sell-nrows-default-13.4.1,cuSPARSE-CUDA-13.4.1-SELL-NROWS-DEFAULT,cuSPARSE CUDA 13.4.1 SELL-NROWS DEFAULT,sell-nrows-default,cusparse,candidate,,sell,spmv.csr.fp32,fp32,H100-SXM5-80GB,H100-SXM5-80GB,67000.0,1bbb760b-88a6-5cef-b074-0c4935b865f2,suitesparse_all,Sandia/fpga_trans_02,fpga_trans_02,1220,1220,7382,pass,14764.0,9.004933,0.00569920018315,2.590538939770984,0.003866476029508932,2026-10-06T19:04:40.678172+00:00,source
2,full-20261009-H100-SXM5-80GB-spmv-fp32-cusparse-sell-nrows-default-13.4.1,cuSPARSE-CUDA-13.4.1-SELL-NROWS-DEFAULT,cuSPARSE CUDA 13.4.1 SELL-NROWS DEFAULT,sell-nrows-default,cusparse,candidate,,sell,spmv.csr.fp32,fp32,H100-SXM5-80GB,H100-SXM5-80GB,67000.0,ca497226-ebef-56c9-ba00-9b037f2146f7,suitesparse_all,Sandia/mult_dcop_01,mult_dcop_01,25187,25187,193276,pass,386552.0,2657.868766,2.24270401001,0.1723597934790674,0.00025725342310308565,2026-10-08T21:12:38.968168+00:00,source
2,full-20261009-H100-SXM5-80GB-spmv-fp32-cusparse-sell-nrows-default-13.4.1,cuSPARSE-CUDA-13.4.1-SELL-NROWS-DEFAULT,cuSPARSE CUDA 13.4.1 SELL-NROWS DEFAULT,sell-nrows-default,cusparse,candidate,,sell,spmv.csr.fp32,fp32,H100-SXM5-80GB,H100-SXM5-80GB,67000.0,9630d841-fbae-5247-8ae0-f8f392316afc,suitesparse_all,Sandia/oscil_dcop_02,oscil_dcop_02,430,430,1544,pass,3088.0,3.777475,0.00285599995404,1.081232510396865,0.0016137798662639775,2026-10-07T03:43:20.211017+00:00,source
2,full-20261009-H100-SXM5-80GB-spmv-fp32-cusparse-sell-nrows-default-13.4.1,cuSPARSE-CUDA-13.4.1-SELL-NROWS-DEFAULT,cuSPARSE CUDA 13.4.1 SELL-NROWS DEFAULT,sell-nrows-default,cusparse,candidate,,sell,spmv.csr.fp32,fp32,H100-SXM5-80GB,H100-SXM5-80GB,67000.0,b507c62e-e8c4-5489-84fd-4bc66dd1e529,suitesparse_all,Sandia/oscil_dcop_04,oscil_dcop_04,430,430,1544,pass,3088.0,6.297418,0.00289280004799,1.0674778583973097,0.001593250534921358,2026-10-07T08:04:43.026478+00:00,source
2,full-20261009-H100-SXM5-80GB-spmv-fp32-cusparse-sell-nrows-default-13.4.1,cuSPARSE-CUDA-13.4.1-SELL-NROWS-DEFAULT,cuSPARSE CUDA 13.4.1 SELL-NROWS DEFAULT,sell-nrows-default,cusparse,candidate,,sell,spmv.csr.fp32,fp32,H100-SXM5-80GB,H100-SXM5-80GB,67000.0,26cb3a9c-bd7d-5e51-9c99-6d49c0b2dba4,suitesparse_all,Sandia/oscil_dcop_07,oscil_dcop_07,430,430,1544,pass,3088.0,4.134218,0.00303039997816,1.0190073991074187,0.0015209065658319681,2026-10-07T13:00:48.568320+00:00,source
2,full-20261009-H100-SXM5-80GB-spmv-fp32-cusparse-sell-nrows-default-13.4.1,cuSPARSE-CUDA-13.4.1-SELL-NROWS-DEFAULT,cuSPARSE CUDA 13.4.1 SELL-NROWS DEFAULT,sell-nrows-default,cusparse,candidate,,sell,spmv.csr.fp32,fp32,H100-SXM5-80GB,H100-SXM5-80GB,67000.0,6054a01d-2dc6-5795-9ae4-804d2647be74,suitesparse_all,Sandia/oscil_dcop_08,oscil_dcop_08,430,430,1544,pass,3088.0,6.315434,0.00290719997138,1.0621904342322133,0.0015853588570630048,2026-10-07T17:34:59.924254+00:00,source
2,full-20261009-H100-SXM5-80GB-spmv-fp32-cusparse-sell-nrows-default-13.4.1,cuSPARSE-CUDA-13.4.1-SELL-NROWS-DEFAULT,cuSPARSE CUDA 13.4.1 SELL-NROWS DEFAULT,sell-nrows-default,cusparse,candidate,,sell,spmv.csr.fp32,fp32,H100-SXM5-80GB,H100-SXM5-80GB,67000.0,c27d1d0a-dd52-58f0-bf45-e28eecb2fab1,suitesparse_all,Sandia/oscil_dcop_11,oscil_dcop_11,430,430,1544,pass,3088.0,4.036274,0.00307519994676,1.0041623482900637,0.0014987497735672593,2026-10-06T12:26:00.359257+00:00,source
2,full-20261009-H100-SXM5-80GB-spmv-fp32-cusparse-sell-nrows-default-13.4.1,cuSPARSE-CUDA-13.4.1-SELL-NROWS-DEFAULT,cuSPARSE CUDA 13.4.1 SELL-NROWS DEFAULT,sell-nrows-default,cusparse,candidate,,sell,spmv.csr.fp32,fp32,H100-SXM5-80GB,H100-SXM5-80GB,67000.0,1bbb760b-88a6-5cef-b074-0c4935b865f2,suitesparse_all,Sandia/oscil_dcop_12,oscil_dcop_12,430,430,1544,pass,3088.0,9.019071,0.00305759999901,1.0099424388408698,0.001507376774389358,2026-10-06T19:04:41.195437+00:00,source
2,full-20261009-H100-SXM5-80GB-spmv-fp32-cusparse-sell-nrows-default-13.4.1,cuSPARSE-CUDA-13.4.1-SELL-NROWS-DEFAULT,cuSPARSE CUDA 13.4.1 SELL-NROWS DEFAULT,sell-nrows-default,cusparse,candidate,,sell,spmv.csr.fp32,fp32,H100-SXM5-80GB,H100-SXM5-80GB,67000.0,ca497226-ebef-56c9-ba00-9b037f2146f7,suitesparse_all,Sandia/oscil_dcop_14,oscil_dcop_14,430,430,1544,pass,3088.0,5.002431,0.00292959995568,1.0540688308015873,0.0015732370608978914,2026-10-08T21:12:39.413799+00:00,source
2,full-20261009-H100-SXM5-80GB-spmv-fp32-cusparse-sell-nrows-default-13.4.1,cuSPARSE-CUDA-13.4.1-SELL-NROWS-DEFAULT,cuSPARSE CUDA 13.4.1 SELL-NROWS DEFAULT,sell-nrows-default,cusparse,candidate,,sell,spmv.csr.fp32,fp32,H100-SXM5-80GB,H100-SXM5-80GB,67000.0,9630d841-fbae-5247-8ae0-f8f392316afc,suitesparse_all,Sandia/oscil_dcop_18,oscil_dcop_18,430,430,1544,pass,3088.0,4.004558,0.00305759999901,1.0099424388408698,0.001507376774389358,2026-10-07T03:43:20.549721+00:00,source
2,full-20261009-H100-SXM5-80GB-spmv-fp32-cusparse-sell-nrows-default-13.4.1,cuSPARSE-CUDA-13.4.1-SELL-NROWS-DEFAULT,cuSPARSE CUDA 13.4.1 SELL-NROWS DEFAULT,sell-nrows-default,cusparse,candidate,,sell,spmv.csr.fp32,fp32,H100-SXM5-80GB,H100-SXM5-80GB,67000.0,b507c62e-e8c4-5489-84fd-4bc66dd1e529,suitesparse_all,Sandia/oscil_dcop_20,oscil_dcop_20,430,430,1544,pass,3088.0,15.831559,0.00292959995568,1.0540688308015873,0.0015732370608978914,2026-10-07T08:04:43.516040+00:00,source
2,full-20261009-H100-SXM5-80GB-spmv-fp32-cusparse-sell-nrows-default-13.4.1,cuSPARSE-CUDA-13.4.1-SELL-NROWS-DEFAULT,cuSPARSE CUDA 13.4.1 SELL-NROWS DEFAULT,sell-nrows-default,cusparse,candidate,,sell,spmv.csr.fp32,fp32,H100-SXM5-80GB,H100-SXM5-80GB,67000.0,26cb3a9c-bd7d-5e51-9c99-6d49c0b2dba4,suitesparse_all,Sandia/oscil_dcop_23,oscil_dcop_23,430,430,1544,pass,3088.0,4.052221,0.00290239993483,1.0639471021697329,0.0015879807495070642,2026-10-07T13:00:48.938320+00:00,source
2,full-20261009-H100-SXM5-80GB-spmv-fp32-cusparse-sell-nrows-default-13.4.1,cuSPARSE-CUDA-13.4.1-SELL-NROWS-DEFAULT,cuSPARSE CUDA 13.4.1 SELL-NROWS DEFAULT,sell-nrows-default,cusparse,candidate,,sell,spmv.csr.fp32,fp32,H100-SXM5-80GB,H100-SXM5-80GB,67000.0,6054a01d-2dc6-5795-9ae4-804d2647be74,suitesparse_all,Sandia/oscil_dcop_24,oscil_dcop_24,430,430,1544,pass,3088.0,2.54772,0.00293439999223,1.0523446047494267,0.0015706635891782489,2026-10-07T17:35:00.753198+00:00,source
2,full-20261009-H100-SXM5-80GB-spmv-fp32-cusparse-sell-nrows-default-13.4.1,cuSPARSE-CUDA-13.4.1-SELL-NROWS-DEFAULT,cuSPARSE CUDA 13.4.1 SELL-NROWS DEFAULT,sell-nrows-default,cusparse,candidate,,sell,spmv.csr.fp32,fp32,H100-SXM5-80GB,H100-SXM5-80GB,67000.0,c27d1d0a-dd52-58f0-bf45-e28eecb2fab1,suitesparse_all,Sandia/oscil_dcop_27,oscil_dcop_27,430,430,1544,pass,3088.0,4.03731,0.00307679995894,1.0036401589994361,0.0014979703865663227,2026-10-06T12:26:00.714804+00:00,source
2,full-20261009-H100-SXM5-80GB-spmv-fp32-cusparse-sell-nrows-default-13.4.1,cuSPARSE-CUDA-13.4.1-SELL-NROWS-DEFAULT,cuSPARSE CUDA 13.4.1 SELL-NROWS DEFAULT,sell-nrows-default,cusparse,candidate,,sell,spmv.csr.fp32,fp32,H100-SXM5-80GB,H100-SXM5-80GB,67000.0,1bbb760b-88a6-5cef-b074-0c4935b865f2,suitesparse_all,Sandia/oscil_dcop_28,oscil_dcop_28,430,430,1544,pass,3088.0,8.980875,0.00301760006696,1.0233297758078732,0.0015273578743401094,2026-10-06T19:04:41.717468+00:00,source
2,full-20261009-H100-SXM5-80GB-spmv-fp32-cusparse-sell-nrows-default-13.4.1,cuSPARSE-CUDA-13.4.1-SELL-NROWS-DEFAULT,cuSPARSE CUDA 13.4.1 SELL-NROWS DEFAULT,sell-nrows-default,cusparse,candidate,,sell,spmv.csr.fp32,fp32,H100-SXM5-80GB,H100-SXM5-80GB,67000.0,ca497226-ebef-56c9-ba00-9b037f2146f7,suitesparse_all,Sandia/oscil_dcop_30,oscil_dcop_30,430,430,1544,pass,3088.0,4.85827,0.00289280004799,1.0674778583973097,0.001593250534921358,2026-10-08T21:12:39.846402+00:00,source
2,full-20261009-H100-SXM5-80GB-spmv-fp32-cusparse-sell-nrows-default-13.4.1,cuSPARSE-CUDA-13.4.1-SELL-NROWS-DEFAULT,cuSPARSE CUDA 13.4.1 SELL-NROWS DEFAULT,sell-nrows-default,cusparse,candidate,,sell,spmv.csr.fp32,fp32,H100-SXM5-80GB,H100-SXM5-80GB,67000.0,9630d841-fbae-5247-8ae0-f8f392316afc,suitesparse_all,Sandia/oscil_dcop_34,oscil_dcop_34,430,430,1544,pass,3088.0,14.266386,0.00302239991724,1.0217046335879683,0.001524932288937266,2026-10-07T03:43:20.873633+00:00,source
2,full-20261009-H100-SXM5-80GB-spmv-fp32-cusparse-sell-nrows-default-13.4.1,cuSPARSE-CUDA-13.4.1-SELL-NROWS-DEFAULT,cuSPARSE CUDA 13.4.1 SELL-NROWS DEFAULT,sell-nrows-default,cusparse,candidate,,sell,spmv.csr.fp32,fp32,H100-SXM5-80GB,H100-SXM5-80GB,67000.0,b507c62e-e8c4-5489-84fd-4bc66dd1e529,suitesparse_all,Sandia/oscil_dcop_36,oscil_dcop_36,430,430,1544,pass,3088.0,12.065278,0.00285599995404,1.081232510396865,0.0016137798662639775,2026-10-07T08:04:44.009249+00:00,source
2,full-20261009-H100-SXM5-80GB-spmv-fp32-cusparse-sell-nrows-default-13.4.1,cuSPARSE-CUDA-13.4.1-SELL-NROWS-DEFAULT,cuSPARSE CUDA 13.4.1 SELL-NROWS DEFAULT,sell-nrows-default,cusparse,candidate,,sell,spmv.csr.fp32,fp32,H100-SXM5-80GB,H100-SXM5-80GB,67000.0,26cb3a9c-bd7d-5e51-9c99-6d49c0b2dba4,suitesparse_all,Sandia/oscil_dcop_39,oscil_dcop_39,430,430,1544,pass,3088.0,4.038121,0.00296320002526,1.0421166217859523,0.001555397942964108,2026-10-07T13:00:49.303442+00:00,source
2,full-20261009-H100-SXM5-80GB-spmv-fp32-cusparse-sell-nrows-default-13.4.1,cuSPARSE-CUDA-13.4.1-SELL-NROWS-DEFAULT,cuSPARSE CUDA 13.4.1 SELL-NROWS DEFAULT,sell-nrows-default,cusparse,candidate,,sell,spmv.csr.fp32,fp32,H100-SXM5-80GB,H100-SXM5-80GB,67000.0,6054a01d-2dc6-5795-9ae4-804d2647be74,suitesparse_all,Sandia/oscil_dcop_40,oscil_dcop_40,430,430,1544,pass,3088.0,16.964894,0.00309919994324,0.996386182419618,0.001487143555850176,2026-10-07T17:35:01.266418+00:00,source
2,full-20261009-H100-SXM5-80GB-spmv-fp32-cusparse-sell-nrows-default-13.4.1,cuSPARSE-CUDA-13.4.1-SELL-NROWS-DEFAULT,cuSPARSE CUDA 13.4.1 SELL-NROWS DEFAULT,sell-nrows-default,cusparse,candidate,,sell,spmv.csr.fp32,fp32,H100-SXM5-80GB,H100-SXM5-80GB,67000.0,c27d1d0a-dd52-58f0-bf45-e28eecb2fab1,suitesparse_all,Sandia/oscil_dcop_43,oscil_dcop_43,430,430,1544,pass,3088.0,4.072814,0.00297120008618,1.0393106860636123,0.0015512099791994214,2026-10-06T12:26:01.087712+00:00,source
2,full-20261009-H100-SXM5-80GB-spmv-fp32-cusparse-sell-nrows-default-13.4.1,cuSPARSE-CUDA-13.4.1-SELL-NROWS-DEFAULT,cuSPARSE CUDA 13.4.1 SELL-NROWS DEFAULT,sell-nrows-default,cusparse,candidate,,sell,spmv.csr.fp32,fp32,H100-SXM5-80GB,H100-SXM5-80GB,67000.0,1bbb760b-88a6-5cef-b074-0c4935b865f2,suitesparse_all,Sandia/oscil_dcop_44,oscil_dcop_44,430,430,1544,pass,3088.0,8.979964,0.00288639999926,1.0698447896312657,0.0015967832681063668,2026-10-06T19:04:42.227262+00:00,source
2,full-20261009-H100-SXM5-80GB-spmv-fp32-cusparse-sell-nrows-default-13.4.1,cuSPARSE-CUDA-13.4.1-SELL-NROWS-DEFAULT,cuSPARSE CUDA 13.4.1 SELL-NROWS DEFAULT,sell-nrows-default,cusparse,candidate,,sell,spmv.csr.fp32,fp32,H100-SXM5-80GB,H100-SXM5-80GB,67000.0,ca497226-ebef-56c9-ba00-9b037f2146f7,suitesparse_all,Sandia/oscil_dcop_46,oscil_dcop_46,430,430,1544,pass,3088.0,4.868898,0.00289440006018,1.066887761123098,0.001592369792721042,2026-10-08T21:12:40.250134+00:00,source
2,full-20261009-H100-SXM5-80GB-spmv-fp32-cusparse-sell-nrows-default-13.4.1,cuSPARSE-CUDA-13.4.1-SELL-NROWS-DEFAULT,cuSPARSE CUDA 13.4.1 SELL-NROWS DEFAULT,sell-nrows-default,cusparse,candidate,,sell,spmv.csr.fp32,fp32,H100-SXM5-80GB,H100-SXM5-80GB,67000.0,9630d841-fbae-5247-8ae0-f8f392316afc,suitesparse_all,Sandia/oscil_dcop_50,oscil_dcop_50,430,430,1544,pass,3088.0,3.869193,0.00306080002338,1.0088865578973576,0.0015058008326826232,2026-10-07T03:43:21.225855+00:00,source
2,full-20261009-H100-SXM5-80GB-spmv-fp32-cusparse-sell-nrows-default-13.4.1,cuSPARSE-CUDA-13.4.1-SELL-NROWS-DEFAULT,cuSPARSE CUDA 13.4.1 SELL-NROWS DEFAULT,sell-nrows-default,cusparse,candidate,,sell,spmv.csr.fp32,fp32,H100-SXM5-80GB,H100-SXM5-80GB,67000.0,b507c62e-e8c4-5489-84fd-4bc66dd1e529,suitesparse_all,Sandia/oscil_dcop_52,oscil_dcop_52,430,430,1544,pass,3088.0,6.885771,0.00307839997113,1.0031185125259976,0.001497191809740295,2026-10-07T08:04:44.501398+00:00,source
2,full-20261009-H100-SXM5-80GB-spmv-fp32-cusparse-sell-nrows-default-13.4.1,cuSPARSE-CUDA-13.4.1-SELL-NROWS-DEFAULT,cuSPARSE CUDA 13.4.1 SELL-NROWS DEFAULT,sell-nrows-default,cusparse,candidate,,sell,spmv.csr.fp32,fp32,H100-SXM5-80GB,H100-SXM5-80GB,67000.0,26cb3a9c-bd7d-5e51-9c99-6d49c0b2dba4,suitesparse_all,Sandia/oscil_dcop_55,oscil_dcop_55,430,430,1544,pass,3088.0,4.070007,0.00289440006018,1.066887761123098,0.001592369792721042,2026-10-07T13:00:49.683627+00:00,source
2,full-20261009-H100-SXM5-80GB-spmv-fp32-cusparse-sell-nrows-default-13.4.1,cuSPARSE-CUDA-13.4.1-SELL-NROWS-DEFAULT,cuSPARSE CUDA 13.4.1 SELL-NROWS DEFAULT,sell-nrows-default,cusparse,candidate,,sell,spmv.csr.fp32,fp32,H100-SXM5-80GB,H100-SXM5-80GB,67000.0,6054a01d-2dc6-5795-9ae4-804d2647be74,suitesparse_all,Sandia/oscil_dcop_56,oscil_dcop_56,430,430,1544,pass,3088.0,7.485883,0.00282240007073,1.0941042809715151,0.0016329914641365897,2026-10-07T17:35:01.758243+00:00,source
2,full-20261009-H100-SXM5-80GB-spmv-fp32-cusparse-sell-nrows-default-13.4.1,cuSPARSE-CUDA-13.4.1-SELL-NROWS-DEFAULT,cuSPARSE CUDA 13.4.1 SELL-NROWS DEFAULT,sell-nrows-default,cusparse,candidate,,sell,spmv.csr.fp32,fp32,H100-SXM5-80GB,H100-SXM5-80GB,67000.0,26cb3a9c-bd7d-5e51-9c99-6d49c0b2dba4,suitesparse_all,Schenk/nlpkkt120,nlpkkt120,3542400,3542400,96845792,pass,193691584.0,572.492094,0.328260803223,590.0539513041341,0.8806775392599017,2026-10-07T13:02:20.467112+00:00,source
2,full-20261009-H100-SXM5-80GB-spmv-fp32-cusparse-sell-nrows-default-13.4.1,cuSPARSE-CUDA-13.4.1-SELL-NROWS-DEFAULT,cuSPARSE CUDA 13.4.1 SELL-NROWS DEFAULT,sell-nrows-default,cusparse,candidate,,sell,spmv.csr.fp32,fp32,H100-SXM5-80GB,H100-SXM5-80GB,67000.0,6054a01d-2dc6-5795-9ae4-804d2647be74,suitesparse_all,Schenk/nlpkkt160,nlpkkt160,8345600,8345600,229518112,pass,459036224.0,2995.177212,0.65170879364,704.3578795924132,1.051280417302109,2026-10-07T17:38:02.740460+00:00,source
2,full-20261009-H100-SXM5-80GB-spmv-fp32-cusparse-sell-nrows-default-13.4.1,cuSPARSE-CUDA-13.4.1-SELL-NROWS-DEFAULT,cuSPARSE CUDA 13.4.1 SELL-NROWS DEFAULT,sell-nrows-default,cusparse,candidate,,sell,spmv.csr.fp32,fp32,H100-SXM5-80GB,H100-SXM5-80GB,67000.0,26cb3a9c-bd7d-5e51-9c99-6d49c0b2dba4,suitesparse_all,Schenk_AFE/af_2_k101,af_2_k101,503625,503625,17550675,pass,35101350.0,111.264574,0.0513920009136,683.0119352428451,1.019420798869918,2026-10-07T13:01:22.225230+00:00,source
2,full-20261009-H100-SXM5-80GB-spmv-fp32-cusparse-sell-nrows-default-13.4.1,cuSPARSE-CUDA-13.4.1-SELL-NROWS-DEFAULT,cuSPARSE CUDA 13.4.1 SELL-NROWS DEFAULT,sell-nrows-default,cusparse,candidate,,sell,spmv.csr.fp32,fp32,H100-SXM5-80GB,H100-SXM5-80GB,67000.0,6054a01d-2dc6-5795-9ae4-804d2647be74,suitesparse_all,Schenk_AFE/af_3_k101,af_3_k101,503625,503625,17550675,pass,35101350.0,167.523685,0.052614402771,667.1433704716907,0.9957363738383443,2026-10-07T17:36:01.768598+00:00,source
2,full-20261009-H100-SXM5-80GB-spmv-fp32-cusparse-sell-nrows-default-13.4.1,cuSPARSE-CUDA-13.4.1-SELL-NROWS-DEFAULT,cuSPARSE CUDA 13.4.1 SELL-NROWS DEFAULT,sell-nrows-default,cusparse,candidate,,sell,spmv.csr.fp32,fp32,H100-SXM5-80GB,H100-SXM5-80GB,67000.0,c27d1d0a-dd52-58f0-bf45-e28eecb2fab1,suitesparse_all,Schenk_AFE/af_shell10,af_shell10,1508065,1508065,52672325,pass,105344650.0,422.594944,0.147585594654,713.7868045114445,1.06535343956932,2026-10-06T12:26:54.578611+00:00,source
2,full-20261009-H100-SXM5-80GB-spmv-fp32-cusparse-sell-nrows-default-13.4.1,cuSPARSE-CUDA-13.4.1-SELL-NROWS-DEFAULT,cuSPARSE CUDA 13.4.1 SELL-NROWS DEFAULT,sell-nrows-default,cusparse,candidate,,sell,spmv.csr.fp32,fp32,H100-SXM5-80GB,H100-SXM5-80GB,67000.0,26cb3a9c-bd7d-5e51-9c99-6d49c0b2dba4,suitesparse_all,Schenk_AFE/af_shell3,af_shell3,504855,504855,17588875,pass,35177750.0,174.160246,0.0574847996235,611.9487278445554,0.9133563102157544,2026-10-07T13:00:33.657380+00:00,source
2,full-20261009-H100-SXM5-80GB-spmv-fp32-cusparse-sell-nrows-default-13.4.1,cuSPARSE-CUDA-13.4.1-SELL-NROWS-DEFAULT,cuSPARSE CUDA 13.4.1 SELL-NROWS DEFAULT,sell-nrows-default,cusparse,candidate,,sell,spmv.csr.fp32,fp32,H100-SXM5-80GB,H100-SXM5-80GB,67000.0,6054a01d-2dc6-5795-9ae4-804d2647be74,suitesparse_all,Schenk_AFE/af_shell4,af_shell4,504855,504855,17588875,pass,35177750.0,184.491537,0.0586383998394,599.9097877217918,0.8953877428683459,2026-10-07T17:34:41.544651+00:00,source
2,full-20261009-H100-SXM5-80GB-spmv-fp32-cusparse-sell-nrows-default-13.4.1,cuSPARSE-CUDA-13.4.1-SELL-NROWS-DEFAULT,cuSPARSE CUDA 13.4.1 SELL-NROWS DEFAULT,sell-nrows-default,cusparse,candidate,,sell,spmv.csr.fp32,fp32,H100-SXM5-80GB,H100-SXM5-80GB,67000.0,c27d1d0a-dd52-58f0-bf45-e28eecb2fab1,suitesparse_all,Schenk_AFE/af_shell7,af_shell7,504855,504855,17588875,pass,35177750.0,130.138758,0.0575648009777,611.0982649558276,0.9120869626206383,2026-10-06T12:25:40.631094+00:00,source
2,full-20261009-H100-SXM5-80GB-spmv-fp32-cusparse-sell-nrows-default-13.4.1,cuSPARSE-CUDA-13.4.1-SELL-NROWS-DEFAULT,cuSPARSE CUDA 13.4.1 SELL-NROWS DEFAULT,sell-nrows-default,cusparse,candidate,,sell,spmv.csr.fp32,fp32,H100-SXM5-80GB,H100-SXM5-80GB,67000.0,1bbb760b-88a6-5cef-b074-0c4935b865f2,suitesparse_all,Schenk_AFE/af_shell8,af_shell8,504855,504855,17588875,pass,35177750.0,124.068794,0.056831997633,618.9778903631874,0.9238475975569961,2026-10-06T19:04:28.330169+00:00,source
2,full-20261009-H100-SXM5-80GB-spmv-fp32-cusparse-sell-nrows-default-13.4.1,cuSPARSE-CUDA-13.4.1-SELL-NROWS-DEFAULT,cuSPARSE CUDA 13.4.1 SELL-NROWS DEFAULT,sell-nrows-default,cusparse,candidate,,sell,spmv.csr.fp32,fp32,H100-SXM5-80GB,H100-SXM5-80GB,67000.0,c27d1d0a-dd52-58f0-bf45-e28eecb2fab1,suitesparse_all,Schenk_IBMNA/c-19,c-19,2327,2327,21817,pass,43634.0,8.050191,0.0134944006801,3.2334892845109033,0.004826103409717766,2026-10-06T12:26:28.447692+00:00,source
2,full-20261009-H100-SXM5-80GB-spmv-fp32-cusparse-sell-nrows-default-13.4.1,cuSPARSE-CUDA-13.4.1-SELL-NROWS-DEFAULT,cuSPARSE CUDA 13.4.1 SELL-NROWS DEFAULT,sell-nrows-default,cusparse,candidate,,sell,spmv.csr.fp32,fp32,H100-SXM5-80GB,H100-SXM5-80GB,67000.0,1bbb760b-88a6-5cef-b074-0c4935b865f2,suitesparse_all,Schenk_IBMNA/c-20,c-20,2921,2921,22685,pass,45370.0,9.168997,0.0116287998855,3.901520401651424,0.005823164778584215,2026-10-06T19:05:40.288496+00:00,source
2,full-20261009-H100-SXM5-80GB-spmv-fp32-cusparse-sell-nrows-default-13.4.1,cuSPARSE-CUDA-13.4.1-SELL-NROWS-DEFAULT,cuSPARSE CUDA 13.4.1 SELL-NROWS DEFAULT,sell-nrows-default,cusparse,candidate,,sell,spmv.csr.fp32,fp32,H100-SXM5-80GB,H100-SXM5-80GB,67000.0,ca497226-ebef-56c9-ba00-9b037f2146f7,suitesparse_all,Schenk_IBMNA/c-22,c-22,3792,3792,28872,pass,57744.0,11.952103,0.019008000195,3.0378787567136807,0.004534147398080121,2026-10-08T21:13:21.475387+00:00,source
2,full-20261009-H100-SXM5-80GB-spmv-fp32-cusparse-sell-nrows-default-13.4.1,cuSPARSE-CUDA-13.4.1-SELL-NROWS-DEFAULT,cuSPARSE CUDA 13.4.1 SELL-NROWS DEFAULT,sell-nrows-default,cusparse,candidate,,sell,spmv.csr.fp32,fp32,H100-SXM5-80GB,H100-SXM5-80GB,67000.0,9630d841-fbae-5247-8ae0-f8f392316afc,suitesparse_all,Schenk_IBMNA/c-26,c-26,4307,4307,34537,pass,69074.0,11.56097,0.0168960005045,4.0881864309605795,0.006101770792478476,2026-10-07T03:43:58.401759+00:00,source
2,full-20261009-H100-SXM5-80GB-spmv-fp32-cusparse-sell-nrows-default-13.4.1,cuSPARSE-CUDA-13.4.1-SELL-NROWS-DEFAULT,cuSPARSE CUDA 13.4.1 SELL-NROWS DEFAULT,sell-nrows-default,cusparse,candidate,,sell,spmv.csr.fp32,fp32,H100-SXM5-80GB,H100-SXM5-80GB,67000.0,b507c62e-e8c4-5489-84fd-4bc66dd1e529,suitesparse_all,Schenk_IBMNA/c-28,c-28,4598,4598,30590,pass,61180.0,13.398394,0.0149552002549,4.0908847061378975,0.006105798068862534,2026-10-07T08:05:18.209568+00:00,source
2,full-20261009-H100-SXM5-80GB-spmv-fp32-cusparse-sell-nrows-default-13.4.1,cuSPARSE-CUDA-13.4.1-SELL-NROWS-DEFAULT,cuSPARSE CUDA 13.4.1 SELL-NROWS DEFAULT,sell-nrows-default,cusparse,candidate,,sell,spmv.csr.fp32,fp32,H100-SXM5-80GB,H100-SXM5-80GB,67000.0,26cb3a9c-bd7d-5e51-9c99-6d49c0b2dba4,suitesparse_all,Schenk_IBMNA/c-31,c-31,5339,5339,78571,pass,157142.0,15.690198,0.0201072007418,7.815210183550026,0.011664492811268695,2026-10-07T13:01:11.811946+00:00,source
2,full-20261009-H100-SXM5-80GB-spmv-fp32-cusparse-sell-nrows-default-13.4.1,cuSPARSE-CUDA-13.4.1-SELL-NROWS-DEFAULT,cuSPARSE CUDA 13.4.1 SELL-NROWS DEFAULT,sell-nrows-default,cusparse,candidate,,sell,spmv.csr.fp32,fp32,H100-SXM5-80GB,H100-SXM5-80GB,67000.0,6054a01d-2dc6-5795-9ae4-804d2647be74,suitesparse_all,Schenk_IBMNA/c-32,c-32,5975,5975,54471,pass,108942.0,63.737424,0.11639200449,0.9359921283025924,0.0013970031765710334,2026-10-07T17:35:51.741448+00:00,source
2,full-20261009-H100-SXM5-80GB-spmv-fp32-cusparse-sell-nrows-default-13.4.1,cuSPARSE-CUDA-13.4.1-SELL-NROWS-DEFAULT,cuSPARSE CUDA 13.4.1 SELL-NROWS DEFAULT,sell-nrows-default,cusparse,candidate,,sell,spmv.csr.fp32,fp32,H100-SXM5-80GB,H100-SXM5-80GB,67000.0,c27d1d0a-dd52-58f0-bf45-e28eecb2fab1,suitesparse_all,Schenk_IBMNA/c-35,c-35,6537,6537,62891,pass,125782.0,33.124861,0.0608464002609,2.0672052818353452,0.0030853810176646947,2026-10-06T12:26:28.864438+00:00,source
2,full-20261009-H100-SXM5-80GB-spmv-fp32-cusparse-sell-nrows-default-13.4.1,cuSPARSE-CUDA-13.4.1-SELL-NROWS-DEFAULT,cuSPARSE CUDA 13.4.1 SELL-NROWS DEFAULT,sell-nrows-default,cusparse,candidate,,sell,spmv.csr.fp32,fp32,H100-SXM5-80GB,H100-SXM5-80GB,67000.0,1bbb760b-88a6-5cef-b074-0c4935b865f2,suitesparse_all,Schenk_IBMNA/c-36,c-36,7479,7479,65941,pass,131882.0,29.494908,0.0414272010326,3.183463924975744,0.0047514386939936475,2026-10-06T19:05:40.889764+00:00,source
2,full-20261009-H100-SXM5-80GB-spmv-fp32-cusparse-sell-nrows-default-13.4.1,cuSPARSE-CUDA-13.4.1-SELL-NROWS-DEFAULT,cuSPARSE CUDA 13.4.1 SELL-NROWS DEFAULT,sell-nrows-default,cusparse,candidate,,sell,spmv.csr.fp32,fp32,H100-SXM5-80GB,H100-SXM5-80GB,67000.0,ca497226-ebef-56c9-ba00-9b037f2146f7,suitesparse_all,Schenk_IBMNA/c-38,c-38,8127,8127,77689,pass,155378.0,41.2166,0.061001598835,2.547113566978363,0.0038016620402662135,2026-10-08T21:13:22.128051+00:00,source
2,full-20261009-H100-SXM5-80GB-spmv-fp32-cusparse-sell-nrows-default-13.4.1,cuSPARSE-CUDA-13.4.1-SELL-NROWS-DEFAULT,cuSPARSE CUDA 13.4.1 SELL-NROWS DEFAULT,sell-nrows-default,cusparse,candidate,,sell,spmv.csr.fp32,fp32,H100-SXM5-80GB,H100-SXM5-80GB,67000.0,9630d841-fbae-5247-8ae0-f8f392316afc,suitesparse_all,Schenk_IBMNA/c-42,c-42,10471,10471,110285,pass,220570.0,63.993337,0.0896031975746,2.4616309012450404,0.0036740759720075233,2026-10-07T03:43:58.865041+00:00,source
2,full-20261009-H100-SXM5-80GB-spmv-fp32-cusparse-sell-nrows-default-13.4.1,cuSPARSE-CUDA-13.4.1-SELL-NROWS-DEFAULT,cuSPARSE CUDA 13.4.1 SELL-NROWS DEFAULT,sell-nrows-default,cusparse,candidate,,sell,spmv.csr.fp32,fp32,H100-SXM5-80GB,H100-SXM5-80GB,67000.0,b507c62e-e8c4-5489-84fd-4bc66dd1e529,suitesparse_all,Schenk_IBMNA/c-44,c-44,10728,10728,85000,pass,170000.0,40.538064,0.0732976019382,2.3193118943145437,0.00346165954375305,2026-10-07T08:05:18.767483+00:00,source
2,full-20261009-H100-SXM5-80GB-spmv-fp32-cusparse-sell-nrows-default-13.4.1,cuSPARSE-CUDA-13.4.1-SELL-NROWS-DEFAULT,cuSPARSE CUDA 13.4.1 SELL-NROWS DEFAULT,sell-nrows-default,cusparse,candidate,,sell,spmv.csr.fp32,fp32,H100-SXM5-80GB,H100-SXM5-80GB,67000.0,26cb3a9c-bd7d-5e51-9c99-6d49c0b2dba4,suitesparse_all,Schenk_IBMNA/c-47,c-47,15343,15343,211401,pass,422802.0,148.95633,0.139932799339,3.02146460298935,0.004509648661178135,2026-10-07T13:01:12.415627+00:00,source
2,full-20261009-H100-SXM5-80GB-spmv-fp32-cusparse-sell-nrows-default-13.4.1,cuSPARSE-CUDA-13.4.1-SELL-NROWS-DEFAULT,cuSPARSE CUDA 13.4.1 SELL-NROWS DEFAULT,sell-nrows-default,cusparse,candidate,,sell,spmv.csr.fp32,fp32,H100-SXM5-80GB,H100-SXM5-80GB,67000.0,6054a01d-2dc6-5795-9ae4-804d2647be74,suitesparse_all,Schenk_IBMNA/c-48,c-48,18354,18354,166080,pass,332160.0,88.877144,0.0671184003353,4.9488664560037945,0.007386367844781783,2026-10-07T17:35:52.389960+00:00,source
2,full-20261009-H100-SXM5-80GB-spmv-fp32-cusparse-sell-nrows-default-13.4.1,cuSPARSE-CUDA-13.4.1-SELL-NROWS-DEFAULT,cuSPARSE CUDA 13.4.1 SELL-NROWS DEFAULT,sell-nrows-default,cusparse,candidate,,sell,spmv.csr.fp32,fp32,H100-SXM5-80GB,H100-SXM5-80GB,67000.0,c27d1d0a-dd52-58f0-bf45-e28eecb2fab1,suitesparse_all,Schenk_IBMNA/c-51,c-51,23196,23196,203050,pass,406100.0,162.151694,0.136067199707,2.9845546970502403,0.004454559249328717,2026-10-06T12:26:29.468149+00:00,source
2,full-20261009-H100-SXM5-80GB-spmv-fp32-cusparse-sell-nrows-default-13.4.1,cuSPARSE-CUDA-13.4.1-SELL-NROWS-DEFAULT,cuSPARSE CUDA 13.4.1 SELL-NROWS DEFAULT,sell-nrows-default,cusparse,candidate,,sell,spmv.csr.fp32,fp32,H100-SXM5-80GB,H100-SXM5-80GB,67000.0,1bbb760b-88a6-5cef-b074-0c4935b865f2,suitesparse_all,Schenk_IBMNA/c-52,c-52,23948,23948,202716,pass,405432.0,178.942691,0.258195209503,1.5702537656698436,0.0023436623368206623,2026-10-06T19:05:41.686063+00:00,source
2,full-20261009-H100-SXM5-80GB-spmv-fp32-cusparse-sell-nrows-default-13.4.1,cuSPARSE-CUDA-13.4.1-SELL-NROWS-DEFAULT,cuSPARSE CUDA 13.4.1 SELL-NROWS DEFAULT,sell-nrows-default,cusparse,candidate,,sell,spmv.csr.fp32,fp32,H100-SXM5-80GB,H100-SXM5-80GB,67000.0,ca497226-ebef-56c9-ba00-9b037f2146f7,suitesparse_all,Schenk_IBMNA/c-54,c-54,31793,31793,391693,pass,783386.0,268.058436,0.198276805878,3.950971453927992,0.0058969723192955105,2026-10-08T21:13:22.962444+00:00,source
2,full-20261009-H100-SXM5-80GB-spmv-fp32-cusparse-sell-nrows-default-13.4.1,cuSPARSE-CUDA-13.4.1-SELL-NROWS-DEFAULT,cuSPARSE CUDA 13.4.1 SELL-NROWS DEFAULT,sell-nrows-default,cusparse,candidate,,sell,spmv.csr.fp32,fp32,H100-SXM5-80GB,H100-SXM5-80GB,67000.0,9630d841-fbae-5247-8ae0-f8f392316afc,suitesparse_all,Schenk_IBMNA/c-61,c-61,43618,43618,310016,pass,620032.0,527.102902,0.353679990768,1.7530875825166945,0.002616548630621932,2026-10-07T03:43:59.875372+00:00,source
2,full-20261009-H100-SXM5-80GB-spmv-fp32-cusparse-sell-nrows-default-13.4.1,cuSPARSE-CUDA-13.4.1-SELL-NROWS-DEFAULT,cuSPARSE CUDA 13.4.1 SELL-NROWS DEFAULT,sell-nrows-default,cusparse,candidate,,sell,spmv.csr.fp32,fp32,H100-SXM5-80GB,H100-SXM5-80GB,67000.0,ca497226-ebef-56c9-ba00-9b037f2146f7,suitesparse_all,Schenk_IBMNA/c-62,c-62,41731,41731,559343,pass,1118686.0,963.185281,1.35174722672,0.8275852007586356,0.001235201792177068,2026-10-08T21:12:23.791490+00:00,source
2,full-20261009-H100-SXM5-80GB-spmv-fp32-cusparse-sell-nrows-default-13.4.1,cuSPARSE-CUDA-13.4.1-SELL-NROWS-DEFAULT,cuSPARSE CUDA 13.4.1 SELL-NROWS DEFAULT,sell-nrows-default,cusparse,candidate,,sell,spmv.csr.fp32,fp32,H100-SXM5-80GB,H100-SXM5-80GB,67000.0,1bbb760b-88a6-5cef-b074-0c4935b865f2,suitesparse_all,Schenk_IBMNA/c-64b,c-64b,51035,51035,707601,fail,1415202.0,0.0,0.0,0.0,0.0,2026-10-06T19:05:44.158256+00:00,source
2,full-20261009-H100-SXM5-80GB-spmv-fp32-cusparse-sell-nrows-default-13.4.1,cuSPARSE-CUDA-13.4.1-SELL-NROWS-DEFAULT,cuSPARSE CUDA 13.4.1 SELL-NROWS DEFAULT,sell-nrows-default,cusparse,candidate,,sell,spmv.csr.fp32,fp32,H100-SXM5-80GB,H100-SXM5-80GB,67000.0,ca497226-ebef-56c9-ba00-9b037f2146f7,suitesparse_all,Schenk_IBMNA/c-67b,c-67b,57975,57975,531935,pass,1063870.0,622.149354,0.480849599838,2.2124797449315166,0.003302208574524652,2026-10-08T21:13:24.240664+00:00,source
2,full-20261009-H100-SXM5-80GB-spmv-fp32-cusparse-sell-nrows-default-13.4.1,cuSPARSE-CUDA-13.4.1-SELL-NROWS-DEFAULT,cuSPARSE CUDA 13.4.1 SELL-NROWS DEFAULT,sell-nrows-default,cusparse,candidate,,sell,spmv.csr.fp32,fp32,H100-SXM5-80GB,H100-SXM5-80GB,67000.0,9630d841-fbae-5247-8ae0-f8f392316afc,suitesparse_all,Schenk_IBMNA/c-73,c-73,169422,169422,1279274,fail,2558548.0,0.0,0.0,0.0,0.0,2026-10-07T03:43:16.500113+00:00,source
2,full-20261009-H100-SXM5-80GB-spmv-fp32-cusparse-sell-nrows-default-13.4.1,cuSPARSE-CUDA-13.4.1-SELL-NROWS-DEFAULT,cuSPARSE CUDA 13.4.1 SELL-NROWS DEFAULT,sell-nrows-default,cusparse,candidate,,sell,spmv.csr.fp32,fp32,H100-SXM5-80GB,H100-SXM5-80GB,67000.0,b507c62e-e8c4-5489-84fd-4bc66dd1e529,suitesparse_all,Schenk_IBMNA/c-big,c-big,345241,345241,2340859,fail,4681718.0,0.0,0.0,0.0,0.0,2026-10-07T08:05:20.352953+00:00,source
2,full-20261009-H100-SXM5-80GB-spmv-fp32-cusparse-sell-nrows-default-13.4.1,cuSPARSE-CUDA-13.4.1-SELL-NROWS-DEFAULT,cuSPARSE CUDA 13.4.1 SELL-NROWS DEFAULT,sell-nrows-default,cusparse,candidate,,sell,spmv.csr.fp32,fp32,H100-SXM5-80GB,H100-SXM5-80GB,67000.0,b507c62e-e8c4-5489-84fd-4bc66dd1e529,suitesparse_all,Schenk_IBMSDS/2D_54019_highK,2D_54019_highK,54019,54019,996414,pass,1992828.0,325.759681,0.239771199226,8.311373536242064,0.012405035128719499,2026-10-07T08:04:13.258424+00:00,source
2,full-20261009-H100-SXM5-80GB-spmv-fp32-cusparse-sell-nrows-default-13.4.1,cuSPARSE-CUDA-13.4.1-SELL-NROWS-DEFAULT,cuSPARSE CUDA 13.4.1 SELL-NROWS DEFAULT,sell-nrows-default,cusparse,candidate,,sell,spmv.csr.fp32,fp32,H100-SXM5-80GB,H100-SXM5-80GB,67000.0,26cb3a9c-bd7d-5e51-9c99-6d49c0b2dba4,suitesparse_all,Schenk_IBMSDS/ibm_matrix_2,ibm_matrix_2,51448,51448,1056610,pass,2113220.0,1238.372232,1.18297758102,1.7863567610283162,0.002666204120937785,2026-10-07T13:00:36.095474+00:00,source
2,full-20261009-H100-SXM5-80GB-spmv-fp32-cusparse-sell-nrows-default-13.4.1,cuSPARSE-CUDA-13.4.1-SELL-NROWS-DEFAULT,cuSPARSE CUDA 13.4.1 SELL-NROWS DEFAULT,sell-nrows-default,cusparse,candidate,,sell,spmv.csr.fp32,fp32,H100-SXM5-80GB,H100-SXM5-80GB,67000.0,6054a01d-2dc6-5795-9ae4-804d2647be74,suitesparse_all,Schenk_IBMSDS/matrix_9,matrix_9,103430,103430,2121550,pass,4243100.0,1940.630508,1.52924957275,2.7746288608534777,0.0041412371057514595,2026-10-07T17:34:45.572059+00:00,source
2,full-20261009-H100-SXM5-80GB-spmv-fp32-cusparse-sell-nrows-default-13.4.1,cuSPARSE-CUDA-13.4.1-SELL-NROWS-DEFAULT,cuSPARSE CUDA 13.4.1 SELL-NROWS DEFAULT,sell-nrows-default,cusparse,candidate,,sell,spmv.csr.fp32,fp32,H100-SXM5-80GB,H100-SXM5-80GB,67000.0,c27d1d0a-dd52-58f0-bf45-e28eecb2fab1,suitesparse_all,Schenk_ISEI/barrier2-11,barrier2-11,115625,115625,3897557,pass,7795114.0,4057.498398,3.89901275635,1.9992532692550804,0.0029839601033657915,2026-10-06T12:25:48.019876+00:00,source
2,full-20261009-H100-SXM5-80GB-spmv-fp32-cusparse-sell-nrows-default-13.4.1,cuSPARSE-CUDA-13.4.1-SELL-NROWS-DEFAULT,cuSPARSE CUDA 13.4.1 SELL-NROWS DEFAULT,sell-nrows-default,cusparse,candidate,,sell,spmv.csr.fp32,fp32,H100-SXM5-80GB,H100-SXM5-80GB,67000.0,1bbb760b-88a6-5cef-b074-0c4935b865f2,suitesparse_all,Schenk_ISEI/barrier2-12,barrier2-12,115625,115625,2158759,fail,4317518.0,0.0,0.0,0.0,0.0,2026-10-06T19:04:34.770242+00:00,source
2,full-20261009-H100-SXM5-80GB-spmv-fp32-cusparse-sell-nrows-default-13.4.1,cuSPARSE-CUDA-13.4.1-SELL-NROWS-DEFAULT,cuSPARSE CUDA 13.4.1 SELL-NROWS DEFAULT,sell-nrows-default,cusparse,candidate,,sell,spmv.csr.fp32,fp32,H100-SXM5-80GB,H100-SXM5-80GB,67000.0,ca497226-ebef-56c9-ba00-9b037f2146f7,suitesparse_all,Schenk_ISEI/barrier2-2,barrier2-2,113076,113076,3805068,pass,7610136.0,3765.150603,5.61009101868,1.3565084727966839,0.0020246395116368414,2026-10-08T21:12:31.126650+00:00,source
2,full-20261009-H100-SXM5-80GB-spmv-fp32-cusparse-sell-nrows-default-13.4.1,cuSPARSE-CUDA-13.4.1-SELL-NROWS-DEFAULT,cuSPARSE CUDA 13.4.1 SELL-NROWS DEFAULT,sell-nrows-default,cusparse,candidate,,sell,spmv.csr.fp32,fp32,H100-SXM5-80GB,H100-SXM5-80GB,67000.0,9630d841-fbae-5247-8ae0-f8f392316afc,suitesparse_all,Schenk_ISEI/igbt3,igbt3,10938,10938,234006,pass,468012.0,6.114317,0.0057744000107,81.04945953393786,0.12096934258796696,2026-10-07T03:43:17.002307+00:00,source
2,full-20261009-H100-SXM5-80GB-spmv-fp32-cusparse-sell-nrows-default-13.4.1,cuSPARSE-CUDA-13.4.1-SELL-NROWS-DEFAULT,cuSPARSE CUDA 13.4.1 SELL-NROWS DEFAULT,sell-nrows-default,cusparse,candidate,,sell,spmv.csr.fp32,fp32,H100-SXM5-80GB,H100-SXM5-80GB,67000.0,b507c62e-e8c4-5489-84fd-4bc66dd1e529,suitesparse_all,Schenk_ISEI/ohne2,ohne2,181343,181343,11063545,pass,22127090.0,2427.23093,2.17007522583,10.196462194778034,0.015218600290713483,2026-10-07T08:04:38.535598+00:00,source
2,full-20261009-H100-SXM5-80GB-spmv-fp32-cusparse-sell-nrows-default-13.4.1,cuSPARSE-CUDA-13.4.1-SELL-NROWS-DEFAULT,cuSPARSE CUDA 13.4.1 SELL-NROWS DEFAULT,sell-nrows-default,cusparse,candidate,,sell,spmv.csr.fp32,fp32,H100-SXM5-80GB,H100-SXM5-80GB,67000.0,26cb3a9c-bd7d-5e51-9c99-6d49c0b2dba4,suitesparse_all,Schenk_ISEI/para-5,para-5,155924,155924,5416358,pass,10832716.0,4738.867958,3.91753921509,2.7651838067819146,0.00412714001012226,2026-10-07T13:00:45.048862+00:00,source
2,full-20261009-H100-SXM5-80GB-spmv-fp32-cusparse-sell-nrows-default-13.4.1,cuSPARSE-CUDA-13.4.1-SELL-NROWS-DEFAULT,cuSPARSE CUDA 13.4.1 SELL-NROWS DEFAULT,sell-nrows-default,cusparse,candidate,,sell,spmv.csr.fp32,fp32,H100-SXM5-80GB,H100-SXM5-80GB,67000.0,6054a01d-2dc6-5795-9ae4-804d2647be74,suitesparse_all,Schenk_ISEI/para-6,para-6,155924,155924,5416358,pass,10832716.0,5024.791109,3.80621109009,2.8460628545286104,0.00424785500675912,2026-10-07T17:34:54.701760+00:00,source
2,full-20261009-H100-SXM5-80GB-spmv-fp32-cusparse-sell-nrows-default-13.4.1,cuSPARSE-CUDA-13.4.1-SELL-NROWS-DEFAULT,cuSPARSE CUDA 13.4.1 SELL-NROWS DEFAULT,sell-nrows-default,cusparse,candidate,,sell,spmv.csr.fp32,fp32,H100-SXM5-80GB,H100-SXM5-80GB,67000.0,c27d1d0a-dd52-58f0-bf45-e28eecb2fab1,suitesparse_all,Schenk_ISEI/para-9,para-9,155924,155924,5416358,pass,10832716.0,4544.165203,3.92815513611,2.757710839986706,0.004115986328338367,2026-10-06T12:25:56.692606+00:00,source
2,full-20261009-H100-SXM5-80GB-spmv-fp32-cusparse-sell-nrows-default-13.4.1,cuSPARSE-CUDA-13.4.1-SELL-NROWS-DEFAULT,cuSPARSE CUDA 13.4.1 SELL-NROWS DEFAULT,sell-nrows-default,cusparse,candidate,,sell,spmv.csr.fp32,fp32,H100-SXM5-80GB,H100-SXM5-80GB,67000.0,b507c62e-e8c4-5489-84fd-4bc66dd1e529,suitesparse_all,Schmid/thermal2,thermal2,1228045,1228045,8580313,pass,17160626.0,70.828326,0.0468528002501,366.2668166768404,0.5466668905624483,2026-10-07T08:05:09.460400+00:00,source
2,full-20261009-H100-SXM5-80GB-spmv-fp32-cusparse-sell-nrows-default-13.4.1,cuSPARSE-CUDA-13.4.1-SELL-NROWS-DEFAULT,cuSPARSE CUDA 13.4.1 SELL-NROWS DEFAULT,sell-nrows-default,cusparse,candidate,,sell,spmv.csr.fp32,fp32,H100-SXM5-80GB,H100-SXM5-80GB,67000.0,9630d841-fbae-5247-8ae0-f8f392316afc,suitesparse_all,Schulthess/N_pid,N_pid,3625,3923,8054,pass,16108.0,7.099225,0.0101648002863,1.584684356436415,0.0023652005319946493,2026-10-07T03:46:07.871077+00:00,source
2,full-20261009-H100-SXM5-80GB-spmv-fp32-cusparse-sell-nrows-default-13.4.1,cuSPARSE-CUDA-13.4.1-SELL-NROWS-DEFAULT,cuSPARSE CUDA 13.4.1 SELL-NROWS DEFAULT,sell-nrows-default,cusparse,candidate,,sell,spmv.csr.fp32,fp32,H100-SXM5-80GB,H100-SXM5-80GB,67000.0,1bbb760b-88a6-5cef-b074-0c4935b865f2,suitesparse_all,Shen/e40r0100,e40r0100,17281,17281,553562,pass,1107124.0,23.647131,0.00808639973402,136.91185650175797,0.20434605448023577,2026-10-06T19:03:52.720069+00:00,source
2,full-20261009-H100-SXM5-80GB-spmv-fp32-cusparse-sell-nrows-default-13.4.1,cuSPARSE-CUDA-13.4.1-SELL-NROWS-DEFAULT,cuSPARSE CUDA 13.4.1 SELL-NROWS DEFAULT,sell-nrows-default,cusparse,candidate,,sell,spmv.csr.fp32,fp32,H100-SXM5-80GB,H100-SXM5-80GB,67000.0,ca497226-ebef-56c9-ba00-9b037f2146f7,suitesparse_all,Shen/shermanACb,shermanACb,18510,18510,145149,pass,290298.0,880.766245,1.37150239944,0.21166423049535454,0.000315916761933365,2026-10-08T21:12:20.593128+00:00,source
2,full-20261009-H100-SXM5-80GB-spmv-fp32-cusparse-sell-nrows-default-13.4.1,cuSPARSE-CUDA-13.4.1-SELL-NROWS-DEFAULT,cuSPARSE CUDA 13.4.1 SELL-NROWS DEFAULT,sell-nrows-default,cusparse,candidate,,sell,spmv.csr.fp32,fp32,H100-SXM5-80GB,H100-SXM5-80GB,67000.0,9630d841-fbae-5247-8ae0-f8f392316afc,suitesparse_all,Shyy/shyy161,shyy161,76480,76480,329762,pass,659524.0,8.255979,0.00387360006571,170.26125279123633,0.2541212728227408,2026-10-07T03:43:05.345044+00:00,source
2,full-20261009-H100-SXM5-80GB-spmv-fp32-cusparse-sell-nrows-default-13.4.1,cuSPARSE-CUDA-13.4.1-SELL-NROWS-DEFAULT,cuSPARSE CUDA 13.4.1 SELL-NROWS DEFAULT,sell-nrows-default,cusparse,candidate,,sell,spmv.csr.fp32,fp32,H100-SXM5-80GB,H100-SXM5-80GB,67000.0,b507c62e-e8c4-5489-84fd-4bc66dd1e529,suitesparse_all,Simon/appu,appu,14000,14000,1853104,pass,3706208.0,39.192354,0.0352575987577,105.11799244951676,0.15689252604405488,2026-10-07T08:03:50.720131+00:00,source
2,full-20261009-H100-SXM5-80GB-spmv-fp32-cusparse-sell-nrows-default-13.4.1,cuSPARSE-CUDA-13.4.1-SELL-NROWS-DEFAULT,cuSPARSE CUDA 13.4.1 SELL-NROWS DEFAULT,sell-nrows-default,cusparse,candidate,,sell,spmv.csr.fp32,fp32,H100-SXM5-80GB,H100-SXM5-80GB,67000.0,26cb3a9c-bd7d-5e51-9c99-6d49c0b2dba4,suitesparse_all,Simon/raefsky1,raefsky1,3242,3242,294276,pass,588552.0,6.85968,0.00757120028138,77.7356268658534,0.11602332368037822,2026-10-07T13:00:20.023534+00:00,source
2,full-20261009-H100-SXM5-80GB-spmv-fp32-cusparse-sell-nrows-default-13.4.1,cuSPARSE-CUDA-13.4.1-SELL-NROWS-DEFAULT,cuSPARSE CUDA 13.4.1 SELL-NROWS DEFAULT,sell-nrows-default,cusparse,candidate,,sell,spmv.csr.fp32,fp32,H100-SXM5-80GB,H100-SXM5-80GB,67000.0,6054a01d-2dc6-5795-9ae4-804d2647be74,suitesparse_all,Simon/raefsky2,raefsky2,3242,3242,294276,pass,588552.0,10.142843,0.00755039975047,77.9497800713616,0.11634295533039045,2026-10-07T17:34:12.309899+00:00,source
2,full-20261009-H100-SXM5-80GB-spmv-fp32-cusparse-sell-nrows-default-13.4.1,cuSPARSE-CUDA-13.4.1-SELL-NROWS-DEFAULT,cuSPARSE CUDA 13.4.1 SELL-NROWS DEFAULT,sell-nrows-default,cusparse,candidate,,sell,spmv.csr.fp32,fp32,H100-SXM5-80GB,H100-SXM5-80GB,67000.0,c27d1d0a-dd52-58f0-bf45-e28eecb2fab1,suitesparse_all,Simon/raefsky5,raefsky5,6316,6316,168658,pass,337316.0,8.256648,0.00685919970274,49.177165648822644,0.07339875469973528,2026-10-06T12:25:13.656571+00:00,source
2,full-20261009-H100-SXM5-80GB-spmv-fp32-cusparse-sell-nrows-default-13.4.1,cuSPARSE-CUDA-13.4.1-SELL-NROWS-DEFAULT,cuSPARSE CUDA 13.4.1 SELL-NROWS DEFAULT,sell-nrows-default,cusparse,candidate,,sell,spmv.csr.fp32,fp32,H100-SXM5-80GB,H100-SXM5-80GB,67000.0,1bbb760b-88a6-5cef-b074-0c4935b865f2,suitesparse_all,Simon/raefsky6,raefsky6,3402,3402,137845,pass,275690.0,9.828178,0.0147456005216,18.696424034827015,0.027905110499741814,2026-10-06T19:03:49.038159+00:00,source
2,full-20261009-H100-SXM5-80GB-spmv-fp32-cusparse-sell-nrows-default-13.4.1,cuSPARSE-CUDA-13.4.1-SELL-NROWS-DEFAULT,cuSPARSE CUDA 13.4.1 SELL-NROWS DEFAULT,sell-nrows-default,cusparse,candidate,,sell,spmv.csr.fp32,fp32,H100-SXM5-80GB,H100-SXM5-80GB,67000.0,ca497226-ebef-56c9-ba00-9b037f2146f7,suitesparse_all,Simon/venkat25,venkat25,62424,62424,1717792,pass,3435584.0,20.9379,0.0117551997304,292.2607934185305,0.4362101394306425,2026-10-08T21:12:15.793447+00:00,source
2,full-20261009-H100-SXM5-80GB-spmv-fp32-cusparse-sell-nrows-default-13.4.1,cuSPARSE-CUDA-13.4.1-SELL-NROWS-DEFAULT,cuSPARSE CUDA 13.4.1 SELL-NROWS DEFAULT,sell-nrows-default,cusparse,candidate,,sell,spmv.csr.fp32,fp32,H100-SXM5-80GB,H100-SXM5-80GB,67000.0,26cb3a9c-bd7d-5e51-9c99-6d49c0b2dba4,suitesparse_all,Sorensen/Linux_call_graph,Linux_call_graph,324085,324085,1208908,pass,2417816.0,1068.246974,1.28755683899,1.8778324395345611,0.002802734984379942,2026-10-07T13:05:42.386658+00:00,source
2,full-20261009-H100-SXM5-80GB-spmv-fp32-cusparse-sell-nrows-default-13.4.1,cuSPARSE-CUDA-13.4.1-SELL-NROWS-DEFAULT,cuSPARSE CUDA 13.4.1 SELL-NROWS DEFAULT,sell-nrows-default,cusparse,candidate,,sell,spmv.csr.fp32,fp32,H100-SXM5-80GB,H100-SXM5-80GB,67000.0,ca497226-ebef-56c9-ba00-9b037f2146f7,suitesparse_all,Sumner/graphics,graphics,29493,11822,117954,pass,235908.0,6.508587,0.00327199995518,72.09902299250557,0.10761048207836653,2026-10-08T21:12:31.771851+00:00,source
2,full-20261009-H100-SXM5-80GB-spmv-fp32-cusparse-sell-nrows-default-13.4.1,cuSPARSE-CUDA-13.4.1-SELL-NROWS-DEFAULT,cuSPARSE CUDA 13.4.1 SELL-NROWS DEFAULT,sell-nrows-default,cusparse,candidate,,sell,spmv.csr.fp32,fp32,H100-SXM5-80GB,H100-SXM5-80GB,67000.0,b507c62e-e8c4-5489-84fd-4bc66dd1e529,suitesparse_all,TAMU_SmartGridCenter/ACTIVSg2000,ACTIVSg2000,4000,4000,29336,pass,58672.0,9.867956,0.00469119995832,12.506821393520703,0.018666897602269708,2026-10-07T08:08:26.332881+00:00,source
2,full-20261009-H100-SXM5-80GB-spmv-fp32-cusparse-sell-nrows-default-13.4.1,cuSPARSE-CUDA-13.4.1-SELL-NROWS-DEFAULT,cuSPARSE CUDA 13.4.1 SELL-NROWS DEFAULT,sell-nrows-default,cusparse,candidate,,sell,spmv.csr.fp32,fp32,H100-SXM5-80GB,H100-SXM5-80GB,67000.0,9630d841-fbae-5247-8ae0-f8f392316afc,suitesparse_all,TKK/cyl6,cyl6,13681,13681,714241,pass,1428482.0,55.970072,0.0527855992317,27.061964262823707,0.04039099143705031,2026-10-07T03:44:28.458247+00:00,source
2,full-20261009-H100-SXM5-80GB-spmv-fp32-cusparse-sell-nrows-default-13.4.1,cuSPARSE-CUDA-13.4.1-SELL-NROWS-DEFAULT,cuSPARSE CUDA 13.4.1 SELL-NROWS DEFAULT,sell-nrows-default,cusparse,candidate,,sell,spmv.csr.fp32,fp32,H100-SXM5-80GB,H100-SXM5-80GB,67000.0,1bbb760b-88a6-5cef-b074-0c4935b865f2,suitesparse_all,TKK/g3rmt3m3,g3rmt3m3,5357,5357,207695,pass,415390.0,9.008253,0.00597920008004,69.47250375291357,0.10369030410882622,2026-10-06T19:06:11.610463+00:00,source
2,full-20261009-H100-SXM5-80GB-spmv-fp32-cusparse-sell-nrows-default-13.4.1,cuSPARSE-CUDA-13.4.1-SELL-NROWS-DEFAULT,cuSPARSE CUDA 13.4.1 SELL-NROWS DEFAULT,sell-nrows-default,cusparse,candidate,,sell,spmv.csr.fp32,fp32,H100-SXM5-80GB,H100-SXM5-80GB,67000.0,c27d1d0a-dd52-58f0-bf45-e28eecb2fab1,suitesparse_all,TKK/s4dkt3m2,s4dkt3m2,90449,90449,3753461,pass,7506922.0,52.027135,0.0137520000339,545.8785617724488,0.8147441220484312,2026-10-06T12:27:38.863367+00:00,source
2,full-20261009-H100-SXM5-80GB-spmv-fp32-cusparse-sell-nrows-default-13.4.1,cuSPARSE-CUDA-13.4.1-SELL-NROWS-DEFAULT,cuSPARSE CUDA 13.4.1 SELL-NROWS DEFAULT,sell-nrows-default,cusparse,candidate,,sell,spmv.csr.fp32,fp32,H100-SXM5-80GB,H100-SXM5-80GB,67000.0,ca497226-ebef-56c9-ba00-9b037f2146f7,suitesparse_all,TKK/smt,smt,25710,25710,3753184,pass,7506368.0,69.916751,0.039924800396,188.01266194312774,0.2806159133479519,2026-10-08T21:14:04.326024+00:00,source
2,full-20261009-H100-SXM5-80GB-spmv-fp32-cusparse-sell-nrows-default-13.4.1,cuSPARSE-CUDA-13.4.1-SELL-NROWS-DEFAULT,cuSPARSE CUDA 13.4.1 SELL-NROWS DEFAULT,sell-nrows-default,cusparse,candidate,,sell,spmv.csr.fp32,fp32,H100-SXM5-80GB,H100-SXM5-80GB,67000.0,b507c62e-e8c4-5489-84fd-4bc66dd1e529,suitesparse_all,TKK/tube2,tube2,21498,21498,897056,pass,1794112.0,14.607487,0.00530560016632,338.1543922945871,0.5047080482008763,2026-10-07T08:05:45.245315+00:00,source
2,full-20261009-H100-SXM5-80GB-spmv-fp32-cusparse-sell-nrows-default-13.4.1,cuSPARSE-CUDA-13.4.1-SELL-NROWS-DEFAULT,cuSPARSE CUDA 13.4.1 SELL-NROWS DEFAULT,sell-nrows-default,cusparse,candidate,,sell,spmv.csr.fp32,fp32,H100-SXM5-80GB,H100-SXM5-80GB,67000.0,9630d841-fbae-5247-8ae0-f8f392316afc,suitesparse_all,TOKAMAK/utm3060,utm3060,3060,3060,42211,pass,84422.0,7.890382,0.00436480008066,19.341550229085083,0.0288679854165449,2026-10-07T03:43:05.931919+00:00,source
2,full-20261009-H100-SXM5-80GB-spmv-fp32-cusparse-sell-nrows-default-13.4.1,cuSPARSE-CUDA-13.4.1-SELL-NROWS-DEFAULT,cuSPARSE CUDA 13.4.1 SELL-NROWS DEFAULT,sell-nrows-default,cusparse,candidate,,sell,spmv.csr.fp32,fp32,H100-SXM5-80GB,H100-SXM5-80GB,67000.0,26cb3a9c-bd7d-5e51-9c99-6d49c0b2dba4,suitesparse_all,TSOPF/TSOPF_FS_b162_c3,TSOPF_FS_b162_c3,30798,30798,1801300,pass,3602600.0,2034.73102,3.62018241882,0.9951432229689324,0.001485288392490944,2026-10-07T13:02:36.790961+00:00,source
2,full-20261009-H100-SXM5-80GB-spmv-fp32-cusparse-sell-nrows-default-13.4.1,cuSPARSE-CUDA-13.4.1-SELL-NROWS-DEFAULT,cuSPARSE CUDA 13.4.1 SELL-NROWS DEFAULT,sell-nrows-default,cusparse,candidate,,sell,spmv.csr.fp32,fp32,H100-SXM5-80GB,H100-SXM5-80GB,67000.0,6054a01d-2dc6-5795-9ae4-804d2647be74,suitesparse_all,TSOPF/TSOPF_FS_b162_c4,TSOPF_FS_b162_c4,40798,40798,2398220,pass,4796440.0,3850.679692,2.92176647186,1.6416233282828319,0.0024501840720639284,2026-10-07T17:38:21.040683+00:00,source
2,full-20261009-H100-SXM5-80GB-spmv-fp32-cusparse-sell-nrows-default-13.4.1,cuSPARSE-CUDA-13.4.1-SELL-NROWS-DEFAULT,cuSPARSE CUDA 13.4.1 SELL-NROWS DEFAULT,sell-nrows-default,cusparse,candidate,,sell,spmv.csr.fp32,fp32,H100-SXM5-80GB,H100-SXM5-80GB,67000.0,c27d1d0a-dd52-58f0-bf45-e28eecb2fab1,suitesparse_all,TSOPF/TSOPF_FS_b300_c3,TSOPF_FS_b300_c3,84414,84414,13135930,fail,26271860.0,0.0,0.0,0.0,0.0,2026-10-06T12:28:13.032633+00:00,source
2,full-20261009-H100-SXM5-80GB-spmv-fp32-cusparse-sell-nrows-default-13.4.1,cuSPARSE-CUDA-13.4.1-SELL-NROWS-DEFAULT,cuSPARSE CUDA 13.4.1 SELL-NROWS DEFAULT,sell-nrows-default,cusparse,candidate,,sell,spmv.csr.fp32,fp32,H100-SXM5-80GB,H100-SXM5-80GB,67000.0,1bbb760b-88a6-5cef-b074-0c4935b865f2,suitesparse_all,TSOPF/TSOPF_FS_b39_c19,TSOPF_FS_b39_c19,76216,76216,1977600,fail,3955200.0,0.0,0.0,0.0,0.0,2026-10-06T19:06:26.523956+00:00,source
2,full-20261009-H100-SXM5-80GB-spmv-fp32-cusparse-sell-nrows-default-13.4.1,cuSPARSE-CUDA-13.4.1-SELL-NROWS-DEFAULT,cuSPARSE CUDA 13.4.1 SELL-NROWS DEFAULT,sell-nrows-default,cusparse,candidate,,sell,spmv.csr.fp32,fp32,H100-SXM5-80GB,H100-SXM5-80GB,67000.0,ca497226-ebef-56c9-ba00-9b037f2146f7,suitesparse_all,TSOPF/TSOPF_FS_b39_c7,TSOPF_FS_b39_c7,28216,28216,730080,pass,1460160.0,1830.049536,1.96119995117,0.744523779499845,0.0011112295216415598,2026-10-08T21:14:24.508865+00:00,source
2,full-20261009-H100-SXM5-80GB-spmv-fp32-cusparse-sell-nrows-default-13.4.1,cuSPARSE-CUDA-13.4.1-SELL-NROWS-DEFAULT,cuSPARSE CUDA 13.4.1 SELL-NROWS DEFAULT,sell-nrows-default,cusparse,candidate,,sell,spmv.csr.fp32,fp32,H100-SXM5-80GB,H100-SXM5-80GB,67000.0,9630d841-fbae-5247-8ae0-f8f392316afc,suitesparse_all,TSOPF/TSOPF_RS_b162_c3,TSOPF_RS_b162_c3,15374,15374,610299,pass,1220598.0,18.922994,0.00620479993522,196.7183491399263,0.2936094763282482,2026-10-07T03:45:06.966716+00:00,source
2,full-20261009-H100-SXM5-80GB-spmv-fp32-cusparse-sell-nrows-default-13.4.1,cuSPARSE-CUDA-13.4.1-SELL-NROWS-DEFAULT,cuSPARSE CUDA 13.4.1 SELL-NROWS DEFAULT,sell-nrows-default,cusparse,candidate,,sell,spmv.csr.fp32,fp32,H100-SXM5-80GB,H100-SXM5-80GB,67000.0,b507c62e-e8c4-5489-84fd-4bc66dd1e529,suitesparse_all,TSOPF/TSOPF_RS_b2052_c1,TSOPF_RS_b2052_c1,25626,25626,6761100,pass,13522200.0,109.136676,0.0592863976955,228.08267200599997,0.34042189851641785,2026-10-07T08:06:25.500605+00:00,source
2,full-20261009-H100-SXM5-80GB-spmv-fp32-cusparse-sell-nrows-default-13.4.1,cuSPARSE-CUDA-13.4.1-SELL-NROWS-DEFAULT,cuSPARSE CUDA 13.4.1 SELL-NROWS DEFAULT,sell-nrows-default,cusparse,candidate,,sell,spmv.csr.fp32,fp32,H100-SXM5-80GB,H100-SXM5-80GB,67000.0,b507c62e-e8c4-5489-84fd-4bc66dd1e529,suitesparse_all,TSOPF/TSOPF_RS_b2383,TSOPF_RS_b2383,38120,38120,16171169,pass,32342338.0,240.732669,0.141804802418,228.0764646084696,0.34041263374398445,2026-10-07T08:06:17.856984+00:00,source
2,full-20261009-H100-SXM5-80GB-spmv-fp32-cusparse-sell-nrows-default-13.4.1,cuSPARSE-CUDA-13.4.1-SELL-NROWS-DEFAULT,cuSPARSE CUDA 13.4.1 SELL-NROWS DEFAULT,sell-nrows-default,cusparse,candidate,,sell,spmv.csr.fp32,fp32,H100-SXM5-80GB,H100-SXM5-80GB,67000.0,26cb3a9c-bd7d-5e51-9c99-6d49c0b2dba4,suitesparse_all,TSOPF/TSOPF_RS_b300_c2,TSOPF_RS_b300_c2,28338,28338,2943887,pass,5887774.0,52.834652,0.0243632003665,241.66669039490537,0.360696552828217,2026-10-07T13:02:40.327193+00:00,source
2,full-20261009-H100-SXM5-80GB-spmv-fp32-cusparse-sell-nrows-default-13.4.1,cuSPARSE-CUDA-13.4.1-SELL-NROWS-DEFAULT,cuSPARSE CUDA 13.4.1 SELL-NROWS DEFAULT,sell-nrows-default,cusparse,candidate,,sell,spmv.csr.fp32,fp32,H100-SXM5-80GB,H100-SXM5-80GB,67000.0,6054a01d-2dc6-5795-9ae4-804d2647be74,suitesparse_all,TSOPF/TSOPF_RS_b300_c3,TSOPF_RS_b300_c3,42138,42138,4413449,pass,8826898.0,70.398809,0.0303312003613,291.0171010331118,0.4343538821389729,2026-10-07T17:38:25.764814+00:00,source
2,full-20261009-H100-SXM5-80GB-spmv-fp32-cusparse-sell-nrows-default-13.4.1,cuSPARSE-CUDA-13.4.1-SELL-NROWS-DEFAULT,cuSPARSE CUDA 13.4.1 SELL-NROWS DEFAULT,sell-nrows-default,cusparse,candidate,,sell,spmv.csr.fp32,fp32,H100-SXM5-80GB,H100-SXM5-80GB,67000.0,c27d1d0a-dd52-58f0-bf45-e28eecb2fab1,suitesparse_all,TSOPF/TSOPF_RS_b39_c7,TSOPF_RS_b39_c7,14098,14098,252446,pass,504892.0,6.490787,0.00453439988196,111.34703889012978,0.1661896102837758,2026-10-06T12:28:13.600553+00:00,source
2,full-20261009-H100-SXM5-80GB-spmv-fp32-cusparse-sell-nrows-default-13.4.1,cuSPARSE-CUDA-13.4.1-SELL-NROWS-DEFAULT,cuSPARSE CUDA 13.4.1 SELL-NROWS DEFAULT,sell-nrows-default,cusparse,candidate,,sell,spmv.csr.fp32,fp32,H100-SXM5-80GB,H100-SXM5-80GB,67000.0,1bbb760b-88a6-5cef-b074-0c4935b865f2,suitesparse_all,TSOPF/TSOPF_RS_b678_c1,TSOPF_RS_b678_c1,18696,18696,4396289,pass,8792578.0,66.810373,0.0654799997807,134.27883368123622,0.2004161696734869,2026-10-06T19:06:31.217662+00:00,source
2,full-20261009-H100-SXM5-80GB-spmv-fp32-cusparse-sell-nrows-default-13.4.1,cuSPARSE-CUDA-13.4.1-SELL-NROWS-DEFAULT,cuSPARSE CUDA 13.4.1 SELL-NROWS DEFAULT,sell-nrows-default,cusparse,candidate,,sell,spmv.csr.fp32,fp32,H100-SXM5-80GB,H100-SXM5-80GB,67000.0,ca497226-ebef-56c9-ba00-9b037f2146f7,suitesparse_all,TSOPF/TSOPF_RS_b9_c6,TSOPF_RS_b9_c6,7224,7224,54082,pass,108164.0,5.405077,0.00369280017912,29.290509844422626,0.043717178872272576,2026-10-08T21:14:24.907008+00:00,source
2,full-20261009-H100-SXM5-80GB-spmv-fp32-cusparse-sell-nrows-default-13.4.1,cuSPARSE-CUDA-13.4.1-SELL-NROWS-DEFAULT,cuSPARSE CUDA 13.4.1 SELL-NROWS DEFAULT,sell-nrows-default,cusparse,candidate,,sell,spmv.csr.fp32,fp32,H100-SXM5-80GB,H100-SXM5-80GB,67000.0,9630d841-fbae-5247-8ae0-f8f392316afc,suitesparse_all,UTEP/Dubcova3,Dubcova3,146689,146689,3636649,pass,7273298.0,51.881963,0.0247648000717,293.69500173399615,0.4383507488567107,2026-10-07T03:44:16.499979+00:00,source
2,full-20261009-H100-SXM5-80GB-spmv-fp32-cusparse-sell-nrows-default-13.4.1,cuSPARSE-CUDA-13.4.1-SELL-NROWS-DEFAULT,cuSPARSE CUDA 13.4.1 SELL-NROWS DEFAULT,sell-nrows-default,cusparse,candidate,,sell,spmv.csr.fp32,fp32,H100-SXM5-80GB,H100-SXM5-80GB,67000.0,6054a01d-2dc6-5795-9ae4-804d2647be74,suitesparse_all,Um/2cubes_sphere,2cubes_sphere,101492,101492,1647264,pass,3294528.0,28.662585,0.00790560021996,416.7334431713357,0.6219902136885608,2026-10-07T17:38:04.162159+00:00,source
2,full-20261009-H100-SXM5-80GB-spmv-fp32-cusparse-sell-nrows-default-13.4.1,cuSPARSE-CUDA-13.4.1-SELL-NROWS-DEFAULT,cuSPARSE CUDA 13.4.1 SELL-NROWS DEFAULT,sell-nrows-default,cusparse,candidate,,sell,spmv.csr.fp32,fp32,H100-SXM5-80GB,H100-SXM5-80GB,67000.0,b507c62e-e8c4-5489-84fd-4bc66dd1e529,suitesparse_all,Um/offshore,offshore,259789,259789,4242673,pass,8485346.0,44.323111,0.0263664007187,321.8242068960853,0.48033463715833624,2026-10-07T08:06:36.874140+00:00,source
2,full-20261009-H100-SXM5-80GB-spmv-fp32-cusparse-sell-nrows-default-13.4.1,cuSPARSE-CUDA-13.4.1-SELL-NROWS-DEFAULT,cuSPARSE CUDA 13.4.1 SELL-NROWS DEFAULT,sell-nrows-default,cusparse,candidate,,sell,spmv.csr.fp32,fp32,H100-SXM5-80GB,H100-SXM5-80GB,67000.0,9630d841-fbae-5247-8ae0-f8f392316afc,suitesparse_all,VDOL/dynamicSoaringProblem_1,dynamicSoaringProblem_1,647,647,5367,pass,10734.0,6.962923,0.0129999995232,0.825692337976162,0.001232376623845018,2026-10-07T03:46:37.374746+00:00,source
2,full-20261009-H100-SXM5-80GB-spmv-fp32-cusparse-sell-nrows-default-13.4.1,cuSPARSE-CUDA-13.4.1-SELL-NROWS-DEFAULT,cuSPARSE CUDA 13.4.1 SELL-NROWS DEFAULT,sell-nrows-default,cusparse,candidate,,sell,spmv.csr.fp32,fp32,H100-SXM5-80GB,H100-SXM5-80GB,67000.0,b507c62e-e8c4-5489-84fd-4bc66dd1e529,suitesparse_all,VDOL/dynamicSoaringProblem_3,dynamicSoaringProblem_3,2871,2871,32022,pass,64044.0,19.030353,0.0432063996792,1.4822804139089476,0.0022123588267297725,2026-10-07T08:08:18.703149+00:00,source
2,full-20261009-H100-SXM5-80GB-spmv-fp32-cusparse-sell-nrows-default-13.4.1,cuSPARSE-CUDA-13.4.1-SELL-NROWS-DEFAULT,cuSPARSE CUDA 13.4.1 SELL-NROWS DEFAULT,sell-nrows-default,cusparse,candidate,,sell,spmv.csr.fp32,fp32,H100-SXM5-80GB,H100-SXM5-80GB,67000.0,26cb3a9c-bd7d-5e51-9c99-6d49c0b2dba4,suitesparse_all,VDOL/dynamicSoaringProblem_6,dynamicSoaringProblem_6,3431,3431,36741,pass,73482.0,24.608919,0.0807215988636,0.9103139808239779,0.00135867758331937,2026-10-07T13:05:43.045457+00:00,source
2,full-20261009-H100-SXM5-80GB-spmv-fp32-cusparse-sell-nrows-default-13.4.1,cuSPARSE-CUDA-13.4.1-SELL-NROWS-DEFAULT,cuSPARSE CUDA 13.4.1 SELL-NROWS DEFAULT,sell-nrows-default,cusparse,candidate,,sell,spmv.csr.fp32,fp32,H100-SXM5-80GB,H100-SXM5-80GB,67000.0,6054a01d-2dc6-5795-9ae4-804d2647be74,suitesparse_all,VDOL/dynamicSoaringProblem_7,dynamicSoaringProblem_7,3511,3511,37680,pass,75360.0,29.506207,0.0872832000256,0.8633963921796755,0.001288651331611456,2026-10-07T17:41:36.614139+00:00,source
2,full-20261009-H100-SXM5-80GB-spmv-fp32-cusparse-sell-nrows-default-13.4.1,cuSPARSE-CUDA-13.4.1-SELL-NROWS-DEFAULT,cuSPARSE CUDA 13.4.1 SELL-NROWS DEFAULT,sell-nrows-default,cusparse,candidate,,sell,spmv.csr.fp32,fp32,H100-SXM5-80GB,H100-SXM5-80GB,67000.0,b507c62e-e8c4-5489-84fd-4bc66dd1e529,suitesparse_all,VDOL/freeFlyingRobot_11,freeFlyingRobot_11,5438,5438,40054,pass,80108.0,31.847978,0.062511998415,1.2814819879566954,0.001912659683517456,2026-10-07T08:08:19.241245+00:00,source
2,full-20261009-H100-SXM5-80GB-spmv-fp32-cusparse-sell-nrows-default-13.4.1,cuSPARSE-CUDA-13.4.1-SELL-NROWS-DEFAULT,cuSPARSE CUDA 13.4.1 SELL-NROWS DEFAULT,sell-nrows-default,cusparse,candidate,,sell,spmv.csr.fp32,fp32,H100-SXM5-80GB,H100-SXM5-80GB,67000.0,26cb3a9c-bd7d-5e51-9c99-6d49c0b2dba4,suitesparse_all,VDOL/freeFlyingRobot_14,freeFlyingRobot_14,5958,5958,43298,pass,86596.0,38.935157,0.0735072016716,1.1780614420186388,0.0017583006597293117,2026-10-07T13:05:43.708541+00:00,source
2,full-20261009-H100-SXM5-80GB-spmv-fp32-cusparse-sell-nrows-default-13.4.1,cuSPARSE-CUDA-13.4.1-SELL-NROWS-DEFAULT,cuSPARSE CUDA 13.4.1 SELL-NROWS DEFAULT,sell-nrows-default,cusparse,candidate,,sell,spmv.csr.fp32,fp32,H100-SXM5-80GB,H100-SXM5-80GB,67000.0,6054a01d-2dc6-5795-9ae4-804d2647be74,suitesparse_all,VDOL/freeFlyingRobot_15,freeFlyingRobot_15,6038,6038,43378,pass,86756.0,53.288897,0.0770816028118,1.1255085109195342,0.001679863449133633,2026-10-07T17:41:37.324794+00:00,source
2,full-20261009-H100-SXM5-80GB-spmv-fp32-cusparse-sell-nrows-default-13.4.1,cuSPARSE-CUDA-13.4.1-SELL-NROWS-DEFAULT,cuSPARSE CUDA 13.4.1 SELL-NROWS DEFAULT,sell-nrows-default,cusparse,candidate,,sell,spmv.csr.fp32,fp32,H100-SXM5-80GB,H100-SXM5-80GB,67000.0,c27d1d0a-dd52-58f0-bf45-e28eecb2fab1,suitesparse_all,VDOL/freeFlyingRobot_2,freeFlyingRobot_2,1338,1338,11600,pass,23200.0,7.095159,0.013937599957,1.664562053120779,0.002484420974807133,2026-10-06T12:32:57.559360+00:00,source
2,full-20261009-H100-SXM5-80GB-spmv-fp32-cusparse-sell-nrows-default-13.4.1,cuSPARSE-CUDA-13.4.1-SELL-NROWS-DEFAULT,cuSPARSE CUDA 13.4.1 SELL-NROWS DEFAULT,sell-nrows-default,cusparse,candidate,,sell,spmv.csr.fp32,fp32,H100-SXM5-80GB,H100-SXM5-80GB,67000.0,1bbb760b-88a6-5cef-b074-0c4935b865f2,suitesparse_all,VDOL/freeFlyingRobot_3,freeFlyingRobot_3,1718,1718,12922,pass,25844.0,9.836814,0.0190927997231,1.3535992821802796,0.0020202974360899696,2026-10-06T19:10:04.453355+00:00,source
2,full-20261009-H100-SXM5-80GB-spmv-fp32-cusparse-sell-nrows-default-13.4.1,cuSPARSE-CUDA-13.4.1-SELL-NROWS-DEFAULT,cuSPARSE CUDA 13.4.1 SELL-NROWS DEFAULT,sell-nrows-default,cusparse,candidate,,sell,spmv.csr.fp32,fp32,H100-SXM5-80GB,H100-SXM5-80GB,67000.0,ca497226-ebef-56c9-ba00-9b037f2146f7,suitesparse_all,VDOL/freeFlyingRobot_5,freeFlyingRobot_5,2878,2878,24582,pass,49164.0,12.284702,0.0214223995805,2.2949809994559214,0.0034253447753073455,2026-10-08T21:22:19.229457+00:00,source
2,full-20261009-H100-SXM5-80GB-spmv-fp32-cusparse-sell-nrows-default-13.4.1,cuSPARSE-CUDA-13.4.1-SELL-NROWS-DEFAULT,cuSPARSE CUDA 13.4.1 SELL-NROWS DEFAULT,sell-nrows-default,cusparse,candidate,,sell,spmv.csr.fp32,fp32,H100-SXM5-80GB,H100-SXM5-80GB,67000.0,9630d841-fbae-5247-8ae0-f8f392316afc,suitesparse_all,VDOL/freeFlyingRobot_9,freeFlyingRobot_9,4778,4778,39964,pass,79928.0,26.342595,0.0540831983089,1.4778711780964875,0.0022057778777559516,2026-10-07T03:46:38.034829+00:00,source
2,full-20261009-H100-SXM5-80GB-spmv-fp32-cusparse-sell-nrows-default-13.4.1,cuSPARSE-CUDA-13.4.1-SELL-NROWS-DEFAULT,cuSPARSE CUDA 13.4.1 SELL-NROWS DEFAULT,sell-nrows-default,cusparse,candidate,,sell,spmv.csr.fp32,fp32,H100-SXM5-80GB,H100-SXM5-80GB,67000.0,c27d1d0a-dd52-58f0-bf45-e28eecb2fab1,suitesparse_all,VDOL/goddardRocketProblem_2,goddardRocketProblem_2,867,867,9058,pass,18116.0,14.033434,0.0140863999724,1.2860631556320523,0.0019194972472120185,2026-10-06T12:32:58.207967+00:00,source
2,full-20261009-H100-SXM5-80GB-spmv-fp32-cusparse-sell-nrows-default-13.4.1,cuSPARSE-CUDA-13.4.1-SELL-NROWS-DEFAULT,cuSPARSE CUDA 13.4.1 SELL-NROWS DEFAULT,sell-nrows-default,cusparse,candidate,,sell,spmv.csr.fp32,fp32,H100-SXM5-80GB,H100-SXM5-80GB,67000.0,1bbb760b-88a6-5cef-b074-0c4935b865f2,suitesparse_all,VDOL/hangGlider_1,hangGlider_1,360,360,3477,pass,6954.0,8.998424,0.0255151987076,0.2725434389005432,0.000406781252090363,2026-10-06T19:10:04.976208+00:00,source
2,full-20261009-H100-SXM5-80GB-spmv-fp32-cusparse-sell-nrows-default-13.4.1,cuSPARSE-CUDA-13.4.1-SELL-NROWS-DEFAULT,cuSPARSE CUDA 13.4.1 SELL-NROWS DEFAULT,sell-nrows-default,cusparse,candidate,,sell,spmv.csr.fp32,fp32,H100-SXM5-80GB,H100-SXM5-80GB,67000.0,ca497226-ebef-56c9-ba00-9b037f2146f7,suitesparse_all,VDOL/hangGlider_3,hangGlider_3,10260,10260,92703,pass,185406.0,425.896608,0.594723176956,0.3117517648277513,0.0004653011415339572,2026-10-08T21:22:20.098067+00:00,source
2,full-20261009-H100-SXM5-80GB-spmv-fp32-cusparse-sell-nrows-default-13.4.1,cuSPARSE-CUDA-13.4.1-SELL-NROWS-DEFAULT,cuSPARSE CUDA 13.4.1 SELL-NROWS DEFAULT,sell-nrows-default,cusparse,candidate,,sell,spmv.csr.fp32,fp32,H100-SXM5-80GB,H100-SXM5-80GB,67000.0,9630d841-fbae-5247-8ae0-f8f392316afc,suitesparse_all,VDOL/kineticBatchReactor_2,kineticBatchReactor_2,4361,4361,44840,pass,89680.0,28.876996,0.0741071999073,1.2101388274308011,0.00180617735437433,2026-10-07T03:46:38.656093+00:00,source
2,full-20261009-H100-SXM5-80GB-spmv-fp32-cusparse-sell-nrows-default-13.4.1,cuSPARSE-CUDA-13.4.1-SELL-NROWS-DEFAULT,cuSPARSE CUDA 13.4.1 SELL-NROWS DEFAULT,sell-nrows-default,cusparse,candidate,,sell,spmv.csr.fp32,fp32,H100-SXM5-80GB,H100-SXM5-80GB,67000.0,b507c62e-e8c4-5489-84fd-4bc66dd1e529,suitesparse_all,VDOL/kineticBatchReactor_4,kineticBatchReactor_4,7105,7105,74869,pass,149738.0,77.320305,0.14924479723,1.0033046563709684,0.0014974696363745797,2026-10-07T08:08:19.846407+00:00,source
2,full-20261009-H100-SXM5-80GB-spmv-fp32-cusparse-sell-nrows-default-13.4.1,cuSPARSE-CUDA-13.4.1-SELL-NROWS-DEFAULT,cuSPARSE CUDA 13.4.1 SELL-NROWS DEFAULT,sell-nrows-default,cusparse,candidate,,sell,spmv.csr.fp32,fp32,H100-SXM5-80GB,H100-SXM5-80GB,67000.0,26cb3a9c-bd7d-5e51-9c99-6d49c0b2dba4,suitesparse_all,VDOL/kineticBatchReactor_7,kineticBatchReactor_7,7968,7968,84508,pass,169016.0,105.852708,0.407276821136,0.41499047141590534,0.0006193887633073213,2026-10-07T13:05:44.480533+00:00,source
2,full-20261009-H100-SXM5-80GB-spmv-fp32-cusparse-sell-nrows-default-13.4.1,cuSPARSE-CUDA-13.4.1-SELL-NROWS-DEFAULT,cuSPARSE CUDA 13.4.1 SELL-NROWS DEFAULT,sell-nrows-default,cusparse,candidate,,sell,spmv.csr.fp32,fp32,H100-SXM5-80GB,H100-SXM5-80GB,67000.0,6054a01d-2dc6-5795-9ae4-804d2647be74,suitesparse_all,VDOL/kineticBatchReactor_8,kineticBatchReactor_8,8052,8052,85194,pass,170388.0,114.425292,0.189924800396,0.8971340217008782,0.001339006002538624,2026-10-07T17:41:38.105502+00:00,source
2,full-20261009-H100-SXM5-80GB-spmv-fp32-cusparse-sell-nrows-default-13.4.1,cuSPARSE-CUDA-13.4.1-SELL-NROWS-DEFAULT,cuSPARSE CUDA 13.4.1 SELL-NROWS DEFAULT,sell-nrows-default,cusparse,candidate,,sell,spmv.csr.fp32,fp32,H100-SXM5-80GB,H100-SXM5-80GB,67000.0,b507c62e-e8c4-5489-84fd-4bc66dd1e529,suitesparse_all,VDOL/lowThrust_11,lowThrust_11,18368,18368,223801,pass,447602.0,518.49238,0.888153553009,0.5039691599313618,0.0007521927760169579,2026-10-07T08:08:20.965968+00:00,source
2,full-20261009-H100-SXM5-80GB-spmv-fp32-cusparse-sell-nrows-default-13.4.1,cuSPARSE-CUDA-13.4.1-SELL-NROWS-DEFAULT,cuSPARSE CUDA 13.4.1 SELL-NROWS DEFAULT,sell-nrows-default,cusparse,candidate,,sell,spmv.csr.fp32,fp32,H100-SXM5-80GB,H100-SXM5-80GB,67000.0,c27d1d0a-dd52-58f0-bf45-e28eecb2fab1,suitesparse_all,VDOL/lowThrust_2,lowThrust_2,2312,2312,26261,pass,52522.0,16.72475,0.0820415973663,0.6401874376665211,0.0009555036383082405,2026-10-06T12:32:58.805609+00:00,source
2,full-20261009-H100-SXM5-80GB-spmv-fp32-cusparse-sell-nrows-default-13.4.1,cuSPARSE-CUDA-13.4.1-SELL-NROWS-DEFAULT,cuSPARSE CUDA 13.4.1 SELL-NROWS DEFAULT,sell-nrows-default,cusparse,candidate,,sell,spmv.csr.fp32,fp32,H100-SXM5-80GB,H100-SXM5-80GB,67000.0,1bbb760b-88a6-5cef-b074-0c4935b865f2,suitesparse_all,VDOL/lowThrust_3,lowThrust_3,7064,7064,80645,pass,161290.0,106.664588,0.683345603943,0.23602990795482412,0.0003522834447086927,2026-10-06T19:10:05.655411+00:00,source
2,full-20261009-H100-SXM5-80GB-spmv-fp32-cusparse-sell-nrows-default-13.4.1,cuSPARSE-CUDA-13.4.1-SELL-NROWS-DEFAULT,cuSPARSE CUDA 13.4.1 SELL-NROWS DEFAULT,sell-nrows-default,cusparse,candidate,,sell,spmv.csr.fp32,fp32,H100-SXM5-80GB,H100-SXM5-80GB,67000.0,ca497226-ebef-56c9-ba00-9b037f2146f7,suitesparse_all,VDOL/lowThrust_5,lowThrust_5,16262,16262,198369,pass,396738.0,463.028898,0.465342378616,0.8525722526711622,0.0012724958995091974,2026-10-08T21:22:21.064837+00:00,source
2,full-20261009-H100-SXM5-80GB-spmv-fp32-cusparse-sell-nrows-default-13.4.1,cuSPARSE-CUDA-13.4.1-SELL-NROWS-DEFAULT,cuSPARSE CUDA 13.4.1 SELL-NROWS DEFAULT,sell-nrows-default,cusparse,candidate,,sell,spmv.csr.fp32,fp32,H100-SXM5-80GB,H100-SXM5-80GB,67000.0,9630d841-fbae-5247-8ae0-f8f392316afc,suitesparse_all,VDOL/lowThrust_9,lowThrust_9,18044,18044,219589,pass,439178.0,546.693351,0.544795179367,0.8061341521235245,0.0012031853016769023,2026-10-07T03:46:39.835307+00:00,source
2,full-20261009-H100-SXM5-80GB-spmv-fp32-cusparse-sell-nrows-default-13.4.1,cuSPARSE-CUDA-13.4.1-SELL-NROWS-DEFAULT,cuSPARSE CUDA 13.4.1 SELL-NROWS DEFAULT,sell-nrows-default,cusparse,candidate,,sell,spmv.csr.fp32,fp32,H100-SXM5-80GB,H100-SXM5-80GB,67000.0,26cb3a9c-bd7d-5e51-9c99-6d49c0b2dba4,suitesparse_all,VDOL/orbitRaising_1,orbitRaising_1,442,442,2906,pass,5812.0,6.609991,0.00303840003908,1.9128488432220467,0.0028549982734657415,2026-10-07T13:05:45.067814+00:00,source
2,full-20261009-H100-SXM5-80GB-spmv-fp32-cusparse-sell-nrows-default-13.4.1,cuSPARSE-CUDA-13.4.1-SELL-NROWS-DEFAULT,cuSPARSE CUDA 13.4.1 SELL-NROWS DEFAULT,sell-nrows-default,cusparse,candidate,,sell,spmv.csr.fp32,fp32,H100-SXM5-80GB,H100-SXM5-80GB,67000.0,6054a01d-2dc6-5795-9ae4-804d2647be74,suitesparse_all,VDOL/orbitRaising_2,orbitRaising_2,739,739,6526,pass,13052.0,7.598206,0.00394879989326,3.305308030998931,0.004933295568655121,2026-10-07T17:41:38.798550+00:00,source
2,full-20261009-H100-SXM5-80GB-spmv-fp32-cusparse-sell-nrows-default-13.4.1,cuSPARSE-CUDA-13.4.1-SELL-NROWS-DEFAULT,cuSPARSE CUDA 13.4.1 SELL-NROWS DEFAULT,sell-nrows-default,cusparse,candidate,,sell,spmv.csr.fp32,fp32,H100-SXM5-80GB,H100-SXM5-80GB,67000.0,c27d1d0a-dd52-58f0-bf45-e28eecb2fab1,suitesparse_all,VDOL/reorientation_1,reorientation_1,677,677,7326,pass,14652.0,6.740293,0.0351583987474,0.4167425287274646,0.0006220037742200964,2026-10-06T12:32:59.380043+00:00,source
2,full-20261009-H100-SXM5-80GB-spmv-fp32-cusparse-sell-nrows-default-13.4.1,cuSPARSE-CUDA-13.4.1-SELL-NROWS-DEFAULT,cuSPARSE CUDA 13.4.1 SELL-NROWS DEFAULT,sell-nrows-default,cusparse,candidate,,sell,spmv.csr.fp32,fp32,H100-SXM5-80GB,H100-SXM5-80GB,67000.0,1bbb760b-88a6-5cef-b074-0c4935b865f2,suitesparse_all,VDOL/reorientation_2,reorientation_2,1544,1544,17910,pass,35820.0,18.060265,0.26150560379,0.13697603218004065,0.00020444183907468753,2026-10-06T19:10:06.190442+00:00,source
2,full-20261009-H100-SXM5-80GB-spmv-fp32-cusparse-sell-nrows-default-13.4.1,cuSPARSE-CUDA-13.4.1-SELL-NROWS-DEFAULT,cuSPARSE CUDA 13.4.1 SELL-NROWS DEFAULT,sell-nrows-default,cusparse,candidate,,sell,spmv.csr.fp32,fp32,H100-SXM5-80GB,H100-SXM5-80GB,67000.0,ca497226-ebef-56c9-ba00-9b037f2146f7,suitesparse_all,VDOL/reorientation_4,reorientation_4,2717,2717,33630,pass,67260.0,34.746628,0.157884800434,0.4260068088575534,0.0006358310579963483,2026-10-08T21:22:21.499531+00:00,source
2,full-20261009-H100-SXM5-80GB-spmv-fp32-cusparse-sell-nrows-default-13.4.1,cuSPARSE-CUDA-13.4.1-SELL-NROWS-DEFAULT,cuSPARSE CUDA 13.4.1 SELL-NROWS DEFAULT,sell-nrows-default,cusparse,candidate,,sell,spmv.csr.fp32,fp32,H100-SXM5-80GB,H100-SXM5-80GB,67000.0,9630d841-fbae-5247-8ae0-f8f392316afc,suitesparse_all,VDOL/reorientation_8,reorientation_8,3108,3108,37894,pass,75788.0,42.136556,0.179454398155,0.4223245614439591,0.0006303351663342672,2026-10-07T03:46:40.271584+00:00,source
2,full-20261009-H100-SXM5-80GB-spmv-fp32-cusparse-sell-nrows-default-13.4.1,cuSPARSE-CUDA-13.4.1-SELL-NROWS-DEFAULT,cuSPARSE CUDA 13.4.1 SELL-NROWS DEFAULT,sell-nrows-default,cusparse,candidate,,sell,spmv.csr.fp32,fp32,H100-SXM5-80GB,H100-SXM5-80GB,67000.0,b507c62e-e8c4-5489-84fd-4bc66dd1e529,suitesparse_all,VDOL/spaceShuttleEntry_2,spaceShuttleEntry_2,1428,1428,24073,pass,48146.0,14.26831,0.0476671993732,1.0100446561387284,0.0015075293375204901,2026-10-07T08:08:21.474087+00:00,source
2,full-20261009-H100-SXM5-80GB-spmv-fp32-cusparse-sell-nrows-default-13.4.1,cuSPARSE-CUDA-13.4.1-SELL-NROWS-DEFAULT,cuSPARSE CUDA 13.4.1 SELL-NROWS DEFAULT,sell-nrows-default,cusparse,candidate,,sell,spmv.csr.fp32,fp32,H100-SXM5-80GB,H100-SXM5-80GB,67000.0,26cb3a9c-bd7d-5e51-9c99-6d49c0b2dba4,suitesparse_all,VDOL/spaceStation_1,spaceStation_1,99,99,927,pass,1854.0,7.045694,0.00332800000906,0.5570913446372453,0.0008314796188615602,2026-10-07T13:05:45.674241+00:00,source
2,full-20261009-H100-SXM5-80GB-spmv-fp32-cusparse-sell-nrows-default-13.4.1,cuSPARSE-CUDA-13.4.1-SELL-NROWS-DEFAULT,cuSPARSE CUDA 13.4.1 SELL-NROWS DEFAULT,sell-nrows-default,cusparse,candidate,,sell,spmv.csr.fp32,fp32,H100-SXM5-80GB,H100-SXM5-80GB,67000.0,9630d841-fbae-5247-8ae0-f8f392316afc,suitesparse_all,VDOL/spaceStation_12,spaceStation_12,1410,1410,19728,pass,39456.0,5.091884,0.00924960002303,4.265697965507803,0.00636671338135493,2026-10-07T03:46:40.657122+00:00,source
2,full-20261009-H100-SXM5-80GB-spmv-fp32-cusparse-sell-nrows-default-13.4.1,cuSPARSE-CUDA-13.4.1-SELL-NROWS-DEFAULT,cuSPARSE CUDA 13.4.1 SELL-NROWS DEFAULT,sell-nrows-default,cusparse,candidate,,sell,spmv.csr.fp32,fp32,H100-SXM5-80GB,H100-SXM5-80GB,67000.0,b507c62e-e8c4-5489-84fd-4bc66dd1e529,suitesparse_all,VDOL/spaceStation_14,spaceStation_14,1640,1640,24324,pass,48648.0,7.948899,0.0124463997781,3.9086001468150124,0.005833731562410466,2026-10-07T08:08:21.961701+00:00,source
2,full-20261009-H100-SXM5-80GB-spmv-fp32-cusparse-sell-nrows-default-13.4.1,cuSPARSE-CUDA-13.4.1-SELL-NROWS-DEFAULT,cuSPARSE CUDA 13.4.1 SELL-NROWS DEFAULT,sell-nrows-default,cusparse,candidate,,sell,spmv.csr.fp32,fp32,H100-SXM5-80GB,H100-SXM5-80GB,67000.0,6054a01d-2dc6-5795-9ae4-804d2647be74,suitesparse_all,VDOL/spaceStation_2,spaceStation_2,329,329,5817,pass,11634.0,7.509546,0.00412480011582,2.8205003087009444,0.0042097019532849915,2026-10-07T17:41:39.348965+00:00,source
2,full-20261009-H100-SXM5-80GB-spmv-fp32-cusparse-sell-nrows-default-13.4.1,cuSPARSE-CUDA-13.4.1-SELL-NROWS-DEFAULT,cuSPARSE CUDA 13.4.1 SELL-NROWS DEFAULT,sell-nrows-default,cusparse,candidate,,sell,spmv.csr.fp32,fp32,H100-SXM5-80GB,H100-SXM5-80GB,67000.0,c27d1d0a-dd52-58f0-bf45-e28eecb2fab1,suitesparse_all,VDOL/spaceStation_5,spaceStation_5,1019,1019,15219,pass,30438.0,5.611656,0.00861599966884,3.532729940796059,0.005272731254919491,2026-10-06T12:32:59.978042+00:00,source
2,full-20261009-H100-SXM5-80GB-spmv-fp32-cusparse-sell-nrows-default-13.4.1,cuSPARSE-CUDA-13.4.1-SELL-NROWS-DEFAULT,cuSPARSE CUDA 13.4.1 SELL-NROWS DEFAULT,sell-nrows-default,cusparse,candidate,,sell,spmv.csr.fp32,fp32,H100-SXM5-80GB,H100-SXM5-80GB,67000.0,1bbb760b-88a6-5cef-b074-0c4935b865f2,suitesparse_all,VDOL/spaceStation_6,spaceStation_6,1111,1111,17595,pass,35190.0,9.036885,0.00946239978075,3.7189297446076415,0.005550641409862151,2026-10-06T19:10:06.721448+00:00,source
2,full-20261009-H100-SXM5-80GB-spmv-fp32-cusparse-sell-nrows-default-13.4.1,cuSPARSE-CUDA-13.4.1-SELL-NROWS-DEFAULT,cuSPARSE CUDA 13.4.1 SELL-NROWS DEFAULT,sell-nrows-default,cusparse,candidate,,sell,spmv.csr.fp32,fp32,H100-SXM5-80GB,H100-SXM5-80GB,67000.0,ca497226-ebef-56c9-ba00-9b037f2146f7,suitesparse_all,VDOL/spaceStation_8,spaceStation_8,1157,1157,18945,pass,37890.0,5.228568,0.00850879997015,4.453036871582732,0.006646323688929451,2026-10-08T21:22:21.840172+00:00,source
2,full-20261009-H100-SXM5-80GB-spmv-fp32-cusparse-sell-nrows-default-13.4.1,cuSPARSE-CUDA-13.4.1-SELL-NROWS-DEFAULT,cuSPARSE CUDA 13.4.1 SELL-NROWS DEFAULT,sell-nrows-default,cusparse,candidate,,sell,spmv.csr.fp32,fp32,H100-SXM5-80GB,H100-SXM5-80GB,67000.0,26cb3a9c-bd7d-5e51-9c99-6d49c0b2dba4,suitesparse_all,VDOL/tumorAntiAngiogenesis_3,tumorAntiAngiogenesis_3,410,410,3952,pass,7904.0,5.750029,0.0193215996027,0.4090758613430482,0.0006105609870791764,2026-10-07T13:05:46.326949+00:00,source
2,full-20261009-H100-SXM5-80GB-spmv-fp32-cusparse-sell-nrows-default-13.4.1,cuSPARSE-CUDA-13.4.1-SELL-NROWS-DEFAULT,cuSPARSE CUDA 13.4.1 SELL-NROWS DEFAULT,sell-nrows-default,cusparse,candidate,,sell,spmv.csr.fp32,fp32,H100-SXM5-80GB,H100-SXM5-80GB,67000.0,6054a01d-2dc6-5795-9ae4-804d2647be74,suitesparse_all,VDOL/tumorAntiAngiogenesis_4,tumorAntiAngiogenesis_4,455,455,4593,pass,9186.0,9.142444,0.0217695996165,0.4219645818859059,0.0006297978834117998,2026-10-07T17:41:41.368756+00:00,source
2,full-20261009-H100-SXM5-80GB-spmv-fp32-cusparse-sell-nrows-default-13.4.1,cuSPARSE-CUDA-13.4.1-SELL-NROWS-DEFAULT,cuSPARSE CUDA 13.4.1 SELL-NROWS DEFAULT,sell-nrows-default,cusparse,candidate,,sell,spmv.csr.fp32,fp32,H100-SXM5-80GB,H100-SXM5-80GB,67000.0,c27d1d0a-dd52-58f0-bf45-e28eecb2fab1,suitesparse_all,VDOL/tumorAntiAngiogenesis_7,tumorAntiAngiogenesis_7,475,475,4597,pass,9194.0,5.616939,0.0214031994343,0.42956194601756714,0.0006411372328620405,2026-10-06T12:33:00.607894+00:00,source
2,full-20261009-H100-SXM5-80GB-spmv-fp32-cusparse-sell-nrows-default-13.4.1,cuSPARSE-CUDA-13.4.1-SELL-NROWS-DEFAULT,cuSPARSE CUDA 13.4.1 SELL-NROWS DEFAULT,sell-nrows-default,cusparse,candidate,,sell,spmv.csr.fp32,fp32,H100-SXM5-80GB,H100-SXM5-80GB,67000.0,1bbb760b-88a6-5cef-b074-0c4935b865f2,suitesparse_all,VDOL/tumorAntiAngiogenesis_8,tumorAntiAngiogenesis_8,490,490,4776,pass,9552.0,9.052321,0.0233263999224,0.409493107885343,0.0006111837431124522,2026-10-06T19:10:07.245645+00:00,source
2,full-20261009-H100-SXM5-80GB-spmv-fp32-cusparse-sell-nrows-default-13.4.1,cuSPARSE-CUDA-13.4.1-SELL-NROWS-DEFAULT,cuSPARSE CUDA 13.4.1 SELL-NROWS DEFAULT,sell-nrows-default,cusparse,candidate,,sell,spmv.csr.fp32,fp32,H100-SXM5-80GB,H100-SXM5-80GB,67000.0,9630d841-fbae-5247-8ae0-f8f392316afc,suitesparse_all,VLSI/dgreen,dgreen,1200611,1200611,38259877,pass,76519754.0,1114.669562,1.32985277176,57.540019184777556,0.08588062564892172,2026-10-07T03:48:06.442709+00:00,source
2,full-20261009-H100-SXM5-80GB-spmv-fp32-cusparse-sell-nrows-default-13.4.1,cuSPARSE-CUDA-13.4.1-SELL-NROWS-DEFAULT,cuSPARSE CUDA 13.4.1 SELL-NROWS DEFAULT,sell-nrows-default,cusparse,candidate,,sell,spmv.csr.fp32,fp32,H100-SXM5-80GB,H100-SXM5-80GB,67000.0,ca497226-ebef-56c9-ba00-9b037f2146f7,suitesparse_all,VLSI/mosfet2,mosfet2,46994,46994,1499460,pass,2998920.0,47.143126,0.0260751992464,115.0104346916558,0.17165736521142658,2026-10-08T21:25:26.547836+00:00,source
2,full-20261009-H100-SXM5-80GB-spmv-fp32-cusparse-sell-nrows-default-13.4.1,cuSPARSE-CUDA-13.4.1-SELL-NROWS-DEFAULT,cuSPARSE CUDA 13.4.1 SELL-NROWS DEFAULT,sell-nrows-default,cusparse,candidate,,sell,spmv.csr.fp32,fp32,H100-SXM5-80GB,H100-SXM5-80GB,67000.0,c27d1d0a-dd52-58f0-bf45-e28eecb2fab1,suitesparse_all,VLSI/nv1,nv1,75468,75468,2449194,pass,4898388.0,56.260526,0.0302751988173,161.7954032130398,0.24148567643737284,2026-10-06T12:34:12.476779+00:00,source
2,full-20261009-H100-SXM5-80GB-spmv-fp32-cusparse-sell-nrows-default-13.4.1,cuSPARSE-CUDA-13.4.1-SELL-NROWS-DEFAULT,cuSPARSE CUDA 13.4.1 SELL-NROWS DEFAULT,sell-nrows-default,cusparse,candidate,,sell,spmv.csr.fp32,fp32,H100-SXM5-80GB,H100-SXM5-80GB,67000.0,1bbb760b-88a6-5cef-b074-0c4935b865f2,suitesparse_all,VLSI/nv2,nv2,1453908,1453908,37475646,fail,74951292.0,0.0,0.0,0.0,0.0,2026-10-06T19:12:33.006823+00:00,source
2,full-20261009-H100-SXM5-80GB-spmv-fp32-cusparse-sell-nrows-default-13.4.1,cuSPARSE-CUDA-13.4.1-SELL-NROWS-DEFAULT,cuSPARSE CUDA 13.4.1 SELL-NROWS DEFAULT,sell-nrows-default,cusparse,candidate,,sell,spmv.csr.fp32,fp32,H100-SXM5-80GB,H100-SXM5-80GB,67000.0,6054a01d-2dc6-5795-9ae4-804d2647be74,suitesparse_all,VLSI/ss,ss,1652680,1652680,34753577,pass,69507154.0,445.443981,0.222979211807,311.7203322978916,0.465254227310286,2026-10-07T17:42:36.315192+00:00,source
2,full-20261009-H100-SXM5-80GB-spmv-fp32-cusparse-sell-nrows-default-13.4.1,cuSPARSE-CUDA-13.4.1-SELL-NROWS-DEFAULT,cuSPARSE CUDA 13.4.1 SELL-NROWS DEFAULT,sell-nrows-default,cusparse,candidate,,sell,spmv.csr.fp32,fp32,H100-SXM5-80GB,H100-SXM5-80GB,67000.0,26cb3a9c-bd7d-5e51-9c99-6d49c0b2dba4,suitesparse_all,VLSI/ss1,ss1,205282,205282,845089,pass,1690178.0,12.750314,0.00638080015779,264.8849608518998,0.3953506878386564,2026-10-07T13:07:09.516641+00:00,source
2,full-20261009-H100-SXM5-80GB-spmv-fp32-cusparse-sell-nrows-default-13.4.1,cuSPARSE-CUDA-13.4.1-SELL-NROWS-DEFAULT,cuSPARSE CUDA 13.4.1 SELL-NROWS DEFAULT,sell-nrows-default,cusparse,candidate,,sell,spmv.csr.fp32,fp32,H100-SXM5-80GB,H100-SXM5-80GB,67000.0,b507c62e-e8c4-5489-84fd-4bc66dd1e529,suitesparse_all,VLSI/vas_stokes_2M,vas_stokes_2M,2146677,2146677,65129037,pass,130258074.0,5321.026334,4.52205276489,28.805076095384432,0.04299265088863349,2026-10-07T08:09:23.488523+00:00,source
2,full-20261009-H100-SXM5-80GB-spmv-fp32-cusparse-sell-nrows-default-13.4.1,cuSPARSE-CUDA-13.4.1-SELL-NROWS-DEFAULT,cuSPARSE CUDA 13.4.1 SELL-NROWS DEFAULT,sell-nrows-default,cusparse,candidate,,sell,spmv.csr.fp32,fp32,H100-SXM5-80GB,H100-SXM5-80GB,67000.0,9630d841-fbae-5247-8ae0-f8f392316afc,suitesparse_all,VanVelzen/Zd_Jac2_db,Zd_Jac2_db,22835,22835,676439,pass,1352878.0,40.288104,0.0217375993729,62.236771264016234,0.09289070337912872,2026-10-07T03:43:36.720984+00:00,source
2,full-20261009-H100-SXM5-80GB-spmv-fp32-cusparse-sell-nrows-default-13.4.1,cuSPARSE-CUDA-13.4.1-SELL-NROWS-DEFAULT,cuSPARSE CUDA 13.4.1 SELL-NROWS DEFAULT,sell-nrows-default,cusparse,candidate,,sell,spmv.csr.fp32,fp32,H100-SXM5-80GB,H100-SXM5-80GB,67000.0,b507c62e-e8c4-5489-84fd-4bc66dd1e529,suitesparse_all,VanVelzen/Zd_Jac3_db,Zd_Jac3_db,22835,22835,713907,pass,1427814.0,30.321568,0.019289599359,74.01988882334257,0.1104774460049889,2026-10-07T08:04:56.961532+00:00,source
2,full-20261009-H100-SXM5-80GB-spmv-fp32-cusparse-sell-nrows-default-13.4.1,cuSPARSE-CUDA-13.4.1-SELL-NROWS-DEFAULT,cuSPARSE CUDA 13.4.1 SELL-NROWS DEFAULT,sell-nrows-default,cusparse,candidate,,sell,spmv.csr.fp32,fp32,H100-SXM5-80GB,H100-SXM5-80GB,67000.0,26cb3a9c-bd7d-5e51-9c99-6d49c0b2dba4,suitesparse_all,VanVelzen/Zd_Jac6,Zd_Jac6,22835,22835,1711983,pass,3423966.0,117.922984,0.0893136024475,38.336444910646875,0.057218574493502795,2026-10-07T13:01:00.112451+00:00,source
2,full-20261009-H100-SXM5-80GB-spmv-fp32-cusparse-sell-nrows-default-13.4.1,cuSPARSE-CUDA-13.4.1-SELL-NROWS-DEFAULT,cuSPARSE CUDA 13.4.1 SELL-NROWS DEFAULT,sell-nrows-default,cusparse,candidate,,sell,spmv.csr.fp32,fp32,H100-SXM5-80GB,H100-SXM5-80GB,67000.0,ca497226-ebef-56c9-ba00-9b037f2146f7,suitesparse_all,VanVelzen/std1_Jac2_db,std1_Jac2_db,21982,21982,498771,pass,997542.0,30.461903,0.0205599993467,48.51858130822904,0.07241579299735677,2026-10-08T21:13:00.725358+00:00,source
2,full-20261009-H100-SXM5-80GB-spmv-fp32-cusparse-sell-nrows-default-13.4.1,cuSPARSE-CUDA-13.4.1-SELL-NROWS-DEFAULT,cuSPARSE CUDA 13.4.1 SELL-NROWS DEFAULT,sell-nrows-default,cusparse,candidate,,sell,spmv.csr.fp32,fp32,H100-SXM5-80GB,H100-SXM5-80GB,67000.0,b507c62e-e8c4-5489-84fd-4bc66dd1e529,suitesparse_all,Vavasis/av41092,av41092,41092,41092,1683902,pass,3367804.0,396.005494,0.699713611603,4.813117744393413,0.007183757827452854,2026-10-07T08:03:53.163628+00:00,source
2,full-20261009-H100-SXM5-80GB-spmv-fp32-cusparse-sell-nrows-default-13.4.1,cuSPARSE-CUDA-13.4.1-SELL-NROWS-DEFAULT,cuSPARSE CUDA 13.4.1 SELL-NROWS DEFAULT,sell-nrows-default,cusparse,candidate,,sell,spmv.csr.fp32,fp32,H100-SXM5-80GB,H100-SXM5-80GB,67000.0,26cb3a9c-bd7d-5e51-9c99-6d49c0b2dba4,suitesparse_all,Wang/wang1,wang1,2903,2903,19093,pass,38186.0,4.103264,0.00307679995894,12.410946603482016,0.018523800900719426,2026-10-07T13:00:20.420786+00:00,source
2,full-20261009-H100-SXM5-80GB-spmv-fp32-cusparse-sell-nrows-default-13.4.1,cuSPARSE-CUDA-13.4.1-SELL-NROWS-DEFAULT,cuSPARSE CUDA 13.4.1 SELL-NROWS DEFAULT,sell-nrows-default,cusparse,candidate,,sell,spmv.csr.fp32,fp32,H100-SXM5-80GB,H100-SXM5-80GB,67000.0,6054a01d-2dc6-5795-9ae4-804d2647be74,suitesparse_all,Wang/wang2,wang2,2903,2903,19093,pass,38186.0,1.978288,0.00293760001659,12.999046767546913,0.019401562339622258,2026-10-07T17:34:13.062699+00:00,source
2,full-20261009-H100-SXM5-80GB-spmv-fp32-cusparse-sell-nrows-default-13.4.1,cuSPARSE-CUDA-13.4.1-SELL-NROWS-DEFAULT,cuSPARSE CUDA 13.4.1 SELL-NROWS DEFAULT,sell-nrows-default,cusparse,candidate,,sell,spmv.csr.fp32,fp32,H100-SXM5-80GB,H100-SXM5-80GB,67000.0,6054a01d-2dc6-5795-9ae4-804d2647be74,suitesparse_all,Watson/Baumann,Baumann,112211,112211,760631,pass,1521262.0,13.350594,0.00409919992089,371.11193143995536,0.5538984051342617,2026-10-07T17:36:27.340593+00:00,source
2,full-20261009-H100-SXM5-80GB-spmv-fp32-cusparse-sell-nrows-default-13.4.1,cuSPARSE-CUDA-13.4.1-SELL-NROWS-DEFAULT,cuSPARSE CUDA 13.4.1 SELL-NROWS DEFAULT,sell-nrows-default,cusparse,candidate,,sell,spmv.csr.fp32,fp32,H100-SXM5-80GB,H100-SXM5-80GB,67000.0,26cb3a9c-bd7d-5e51-9c99-6d49c0b2dba4,suitesparse_all,Watson/chem_master1,chem_master1,40401,40401,201201,pass,402402.0,8.53097,0.00374559983611,107.43325972000132,0.16034814883582285,2026-10-07T13:01:38.787889+00:00,source
2,full-20261009-H100-SXM5-80GB-spmv-fp32-cusparse-sell-nrows-default-13.4.1,cuSPARSE-CUDA-13.4.1-SELL-NROWS-DEFAULT,cuSPARSE CUDA 13.4.1 SELL-NROWS DEFAULT,sell-nrows-default,cusparse,candidate,,sell,spmv.csr.fp32,fp32,H100-SXM5-80GB,H100-SXM5-80GB,67000.0,9630d841-fbae-5247-8ae0-f8f392316afc,suitesparse_all,Williams/mc2depi,mc2depi,525825,525825,2100225,pass,4200450.0,15.876163,0.00871519967914,481.96830303886884,0.7193556761774161,2026-10-07T03:45:41.289669+00:00,source
2,full-20261009-H100-SXM5-80GB-spmv-fp32-cusparse-sell-nrows-default-13.4.1,cuSPARSE-CUDA-13.4.1-SELL-NROWS-DEFAULT,cuSPARSE CUDA 13.4.1 SELL-NROWS DEFAULT,sell-nrows-default,cusparse,candidate,,sell,spmv.csr.fp32,fp32,H100-SXM5-80GB,H100-SXM5-80GB,67000.0,ca497226-ebef-56c9-ba00-9b037f2146f7,suitesparse_all,Williams/pdb1HYS,pdb1HYS,36417,36417,4344765,pass,8689530.0,62.106485,0.0257183998823,337.87210867579427,0.504286729366857,2026-10-08T21:14:50.806275+00:00,source
2,full-20261009-H100-SXM5-80GB-spmv-fp32-cusparse-sell-nrows-default-13.4.1,cuSPARSE-CUDA-13.4.1-SELL-NROWS-DEFAULT,cuSPARSE CUDA 13.4.1 SELL-NROWS DEFAULT,sell-nrows-default,cusparse,candidate,,sell,spmv.csr.fp32,fp32,H100-SXM5-80GB,H100-SXM5-80GB,67000.0,b507c62e-e8c4-5489-84fd-4bc66dd1e529,suitesparse_all,Williams/webbase-1M,webbase-1M,1000005,1000005,3105536,fail,6211072.0,0.0,0.0,0.0,0.0,2026-10-07T08:06:42.268375+00:00,source
2,full-20261009-H100-SXM5-80GB-spmv-fp32-cusparse-sell-nrows-default-13.4.1,cuSPARSE-CUDA-13.4.1-SELL-NROWS-DEFAULT,cuSPARSE CUDA 13.4.1 SELL-NROWS DEFAULT,sell-nrows-default,cusparse,candidate,,sell,spmv.csr.fp32,fp32,H100-SXM5-80GB,H100-SXM5-80GB,67000.0,26cb3a9c-bd7d-5e51-9c99-6d49c0b2dba4,suitesparse_all,YCheng/psse0,psse0,26722,11028,102432,pass,204864.0,6.927118,0.00396159999073,51.71243953942203,0.07718274558122691,2026-10-07T13:01:39.396788+00:00,source
2,full-20261009-H100-SXM5-80GB-spmv-fp32-cusparse-sell-nrows-default-13.4.1,cuSPARSE-CUDA-13.4.1-SELL-NROWS-DEFAULT,cuSPARSE CUDA 13.4.1 SELL-NROWS DEFAULT,sell-nrows-default,cusparse,candidate,,sell,spmv.csr.fp32,fp32,H100-SXM5-80GB,H100-SXM5-80GB,67000.0,6054a01d-2dc6-5795-9ae4-804d2647be74,suitesparse_all,YCheng/psse1,psse1,14318,11028,57376,pass,114752.0,9.148111,0.00444799996912,25.798561330184256,0.03850531541818546,2026-10-07T17:36:28.052782+00:00,source
2,full-20261009-H100-SXM5-80GB-spmv-fp32-cusparse-sell-nrows-default-13.4.1,cuSPARSE-CUDA-13.4.1-SELL-NROWS-DEFAULT,cuSPARSE CUDA 13.4.1 SELL-NROWS DEFAULT,sell-nrows-default,cusparse,candidate,,sell,spmv.csr.fp32,fp32,H100-SXM5-80GB,H100-SXM5-80GB,67000.0,9630d841-fbae-5247-8ae0-f8f392316afc,suitesparse_all,Yoshiyasu/mesh_deform,mesh_deform,234023,9393,853829,pass,1707658.0,9.324891,0.00522719994187,326.6869488426524,0.4875924609591827,2026-10-07T03:45:08.095583+00:00,source
2,full-20261009-H100-SXM5-80GB-spmv-fp32-cusparse-sell-nrows-default-13.4.1,cuSPARSE-CUDA-13.4.1-SELL-NROWS-DEFAULT,cuSPARSE CUDA 13.4.1 SELL-NROWS DEFAULT,sell-nrows-default,cusparse,candidate,,sell,spmv.csr.fp32,fp32,H100-SXM5-80GB,H100-SXM5-80GB,67000.0,c27d1d0a-dd52-58f0-bf45-e28eecb2fab1,suitesparse_all,Zhao/Zhao1,Zhao1,33861,33861,166453,pass,332906.0,8.543892,0.00338560007513,98.32998364026119,0.14676116961233013,2026-10-06T12:25:14.367733+00:00,source
2,full-20261009-H100-SXM5-80GB-spmv-fp32-cusparse-sell-nrows-default-13.4.1,cuSPARSE-CUDA-13.4.1-SELL-NROWS-DEFAULT,cuSPARSE CUDA 13.4.1 SELL-NROWS DEFAULT,sell-nrows-default,cusparse,candidate,,sell,spmv.csr.fp32,fp32,H100-SXM5-80GB,H100-SXM5-80GB,67000.0,1bbb760b-88a6-5cef-b074-0c4935b865f2,suitesparse_all,Zhao/Zhao2,Zhao2,33861,33861,166453,pass,332906.0,8.671752,0.00337439998984,98.65635401918816,0.14724828958087785,2026-10-06T19:03:49.675341+00:00,source
2,full-20261009-H100-SXM5-80GB-spmv-fp32-cusparse-sell-nrows-default-13.4.1,cuSPARSE-CUDA-13.4.1-SELL-NROWS-DEFAULT,cuSPARSE CUDA 13.4.1 SELL-NROWS DEFAULT,sell-nrows-default,cusparse,candidate,,sell,spmv.csr.fp32,fp32,H100-SXM5-80GB,H100-SXM5-80GB,67000.0,6054a01d-2dc6-5795-9ae4-804d2647be74,suitesparse_all,Zitney/extr1b,extr1b,2836,2836,11404,pass,22808.0,7.324515,0.00300159994513,7.598614211399241,0.01134121524089439,2026-10-07T17:35:51.263523+00:00,source
2,full-20261009-H100-SXM5-80GB-spmv-fp32-cusparse-sell-nrows-default-13.4.1,cuSPARSE-CUDA-13.4.1-SELL-NROWS-DEFAULT,cuSPARSE CUDA 13.4.1 SELL-NROWS DEFAULT,sell-nrows-default,cusparse,candidate,,sell,spmv.csr.fp32,fp32,H100-SXM5-80GB,H100-SXM5-80GB,67000.0,ca497226-ebef-56c9-ba00-9b037f2146f7,suitesparse_all,Zitney/hydr1,hydr1,5308,5308,23752,pass,47504.0,8.789508,0.00314880013466,15.086381468644523,0.022516987266633617,2026-10-08T21:12:16.367712+00:00,source
2,full-20261009-H100-SXM5-80GB-spmv-fp32-cusparse-sell-nrows-default-13.4.1,cuSPARSE-CUDA-13.4.1-SELL-NROWS-DEFAULT,cuSPARSE CUDA 13.4.1 SELL-NROWS DEFAULT,sell-nrows-default,cusparse,candidate,,sell,spmv.csr.fp32,fp32,H100-SXM5-80GB,H100-SXM5-80GB,67000.0,9630d841-fbae-5247-8ae0-f8f392316afc,suitesparse_all,Zitney/rdist3a,rdist3a,2398,2398,61896,pass,123792.0,7.597795,0.00720480009913,17.18187851109821,0.02564459479268389,2026-10-07T03:43:06.538898+00:00,source
2,full-20261009-H100-SXM5-80GB-spmv-fp32-cusparse-sell-nrows-default-13.4.1,cuSPARSE-CUDA-13.4.1-SELL-NROWS-DEFAULT,cuSPARSE CUDA 13.4.1 SELL-NROWS DEFAULT,sell-nrows-default,cusparse,candidate,,sell,spmv.csr.fp32,fp32,H100-SXM5-80GB,H100-SXM5-80GB,67000.0,6054a01d-2dc6-5795-9ae4-804d2647be74,suitesparse_all,vanHeukelum/cage10,cage10,11397,11397,150645,pass,301290.0,16.257731,0.00418719984591,71.9550083797161,0.10739553489509868,2026-10-07T17:34:32.047003+00:00,source
2,full-20261009-H100-SXM5-80GB-spmv-fp32-cusparse-sell-nrows-default-13.4.1,cuSPARSE-CUDA-13.4.1-SELL-NROWS-DEFAULT,cuSPARSE CUDA 13.4.1 SELL-NROWS DEFAULT,sell-nrows-default,cusparse,candidate,,sell,spmv.csr.fp32,fp32,H100-SXM5-80GB,H100-SXM5-80GB,67000.0,c27d1d0a-dd52-58f0-bf45-e28eecb2fab1,suitesparse_all,vanHeukelum/cage13,cage13,445315,445315,7479343,pass,14958686.0,93.713022,0.0498928010464,299.81652034505964,0.4474873437985965,2026-10-06T12:25:30.572800+00:00,source
2,full-20261009-H100-SXM5-80GB-spmv-fp32-cusparse-sell-nrows-default-13.4.1,cuSPARSE-CUDA-13.4.1-SELL-NROWS-DEFAULT,cuSPARSE CUDA 13.4.1 SELL-NROWS DEFAULT,sell-nrows-default,cusparse,candidate,,sell,spmv.csr.fp32,fp32,H100-SXM5-80GB,H100-SXM5-80GB,67000.0,1bbb760b-88a6-5cef-b074-0c4935b865f2,suitesparse_all,vanHeukelum/cage14,cage14,1505785,1505785,27130349,pass,54260698.0,335.934743,0.294627189636,184.16731350231765,0.274876587316892,2026-10-06T19:04:17.138337+00:00,source
2,full-20261009-H100-SXM5-80GB-spmv-fp32-cusparse-sell-nrows-default-13.4.1,cuSPARSE-CUDA-13.4.1-SELL-NROWS-DEFAULT,cuSPARSE CUDA 13.4.1 SELL-NROWS DEFAULT,sell-nrows-default,cusparse,candidate,,sell,spmv.csr.fp32,fp32,H100-SXM5-80GB,H100-SXM5-80GB,67000.0,9630d841-fbae-5247-8ae0-f8f392316afc,suitesparse_all,vanHeukelum/cage4,cage4,9,9,49,pass,98.0,5.411393,0.00284480005503,0.03444881823125757,5.141614661381726e-05,2026-10-07T03:43:10.289537+00:00,source
2,full-20261009-H100-SXM5-80GB-spmv-fp32-cusparse-sell-nrows-default-13.4.1,cuSPARSE-CUDA-13.4.1-SELL-NROWS-DEFAULT,cuSPARSE CUDA 13.4.1 SELL-NROWS DEFAULT,sell-nrows-default,cusparse,candidate,,sell,spmv.csr.fp32,fp32,H100-SXM5-80GB,H100-SXM5-80GB,67000.0,b507c62e-e8c4-5489-84fd-4bc66dd1e529,suitesparse_all,vanHeukelum/cage6,cage6,93,93,785,pass,1570.0,19.496198,0.00317919999361,0.4938349280182452,0.0007370670567436496,2026-10-07T08:03:58.208343+00:00,source
2,full-20261009-H100-SXM5-80GB-spmv-fp32-cusparse-sell-nrows-default-13.4.1,cuSPARSE-CUDA-13.4.1-SELL-NROWS-DEFAULT,cuSPARSE CUDA 13.4.1 SELL-NROWS DEFAULT,sell-nrows-default,cusparse,candidate,,sell,spmv.csr.fp32,fp32,H100-SXM5-80GB,H100-SXM5-80GB,67000.0,26cb3a9c-bd7d-5e51-9c99-6d49c0b2dba4,suitesparse_all,vanHeukelum/cage9,cage9,3534,3534,41594,pass,83188.0,15.876209,0.00395999997854,21.007070820912052,0.03135383704613739,2026-10-07T13:00:24.770993+00:00,source
