schema_version,submission_id,method_id,method_name,configuration_id,candidate_group,selection_role,selection_metric,selected_from,base_format,format,algorithm,preprocess_policy,operator_id,dtype,backend_id,hardware,cpu_model,peak_gflops,job_id,dataset_id,matrix_id,matrix_name,rows,cols,nnz,rhs_columns,dense_layout,op_a,op_b,alpha,beta,input_seed,ranking_scope,status,validation_status,failed_elements,invalid_elements,operations,preprocess_ms,solve_ms,pre_plus_solve_ms,pre_amortized_ms,solve_gflops,pre_plus_solve_gflops,pre_amortized_gflops,solve_only_efficiency_percent,pre_plus_solve_efficiency_percent,pre_amortized_efficiency_percent,library_version,gpu_runtime,runtime_version,driver_version,timestamp,source_kind,selected_configuration_id,nan_elements,inf_elements,error,error_type,failure_stage,warmup,iterations,validation_safety_factor,public_ranked
3,full-20261009-H100-SXM5-80GB-spmm-fp32-alphasparse-csr-alg5-n2,AlphaSparse-SpMM-CSR-ALG5,AlphaSparse SpMM CSR ALG5 [AlphaSparse 248af573c867cf4c7e05d40c611c7c34ebac4715],csr-alg5,AlphaSparse-SpMM-CSR,candidate,,,csr,csr,ALPHASPARSE_SPMM_CSR_ALG5,workspace-setup,spmm.csr.fp32,fp32,H100-SXM5-80GB,H100-SXM5-80GB,,67000.0,43011b5b-eebc-56e1-9bb3-83faaf7aff5c,suitesparse_all,AG-Monien/3elt,3elt,4720,4720,27444,2,row-major,N,N,1.0,0.0,20260922,main,pass,pass,0,0,109776.0,0.008743,0.00893120020628,0.0176742002063,0.00936835020628,12.291293159323724,6.2110872751611215,11.717751533926702,0.018345213670632424,0.009270279515165852,0.017489181393920448,AlphaSparse 248af573c867cf4c7e05d40c611c7c34ebac4715,CUDA,13040,13000,2026-10-07T06:57:34.229322+00:00,source,csr-alg5,0,0,,,,5,20,4,true
3,full-20261009-H100-SXM5-80GB-spmm-fp32-alphasparse-csr-alg5-n2,AlphaSparse-SpMM-CSR-ALG5,AlphaSparse SpMM CSR ALG5 [AlphaSparse 248af573c867cf4c7e05d40c611c7c34ebac4715],csr-alg5,AlphaSparse-SpMM-CSR,candidate,,,csr,csr,ALPHASPARSE_SPMM_CSR_ALG5,workspace-setup,spmm.csr.fp32,fp32,H100-SXM5-80GB,H100-SXM5-80GB,,67000.0,308bf16b-13aa-5a36-aa42-fdafa106bc58,suitesparse_all,AG-Monien/bfly,bfly,49152,49152,196608,2,row-major,N,N,1.0,0.0,20260922,main,pass,pass,0,0,786432.0,0.013279,0.0097903996706,0.0230693996706,0.0104543496706,80.32685349522649,34.08983377240809,75.2253391917457,0.11989082611227833,0.05088034891404193,0.11227662565932194,AlphaSparse 248af573c867cf4c7e05d40c611c7c34ebac4715,CUDA,13040,13000,2026-10-08T13:36:47.276130+00:00,source,csr-alg5,0,0,,,,5,20,4,true
3,full-20261009-H100-SXM5-80GB-spmm-fp32-alphasparse-csr-alg5-n2,AlphaSparse-SpMM-CSR-ALG5,AlphaSparse SpMM CSR ALG5 [AlphaSparse 248af573c867cf4c7e05d40c611c7c34ebac4715],csr-alg5,AlphaSparse-SpMM-CSR,candidate,,,csr,csr,ALPHASPARSE_SPMM_CSR_ALG5,workspace-setup,spmm.csr.fp32,fp32,H100-SXM5-80GB,H100-SXM5-80GB,,67000.0,308bf16b-13aa-5a36-aa42-fdafa106bc58,suitesparse_all,AG-Monien/grid2_dual,grid2_dual,3136,3136,12224,2,row-major,N,N,1.0,0.0,20260922,main,pass,pass,0,0,48896.0,0.008845,0.00919520035386,0.0180402003539,0.00963745035386,5.317556781617514,2.7103911841771464,5.073541051281902,0.007936651912861963,0.0040453599763838,0.007572449330271495,AlphaSparse 248af573c867cf4c7e05d40c611c7c34ebac4715,CUDA,13040,13000,2026-10-08T13:36:46.753169+00:00,source,csr-alg5,0,0,,,,5,20,4,true
3,full-20261009-H100-SXM5-80GB-spmm-fp32-alphasparse-csr-alg5-n2,AlphaSparse-SpMM-CSR-ALG5,AlphaSparse SpMM CSR ALG5 [AlphaSparse 248af573c867cf4c7e05d40c611c7c34ebac4715],csr-alg5,AlphaSparse-SpMM-CSR,candidate,,,csr,csr,ALPHASPARSE_SPMM_CSR_ALG5,workspace-setup,spmm.csr.fp32,fp32,H100-SXM5-80GB,H100-SXM5-80GB,,67000.0,43011b5b-eebc-56e1-9bb3-83faaf7aff5c,suitesparse_all,AG-Monien/whitaker3_dual,whitaker3_dual,19190,19190,57162,2,row-major,N,N,1.0,0.0,20260922,main,pass,pass,0,0,228648.0,0.009522,0.00946239978075,0.0189843997808,0.00993849978075,24.163849054988578,12.043994155203405,23.006289182887652,0.03606544635072922,0.017976110679408068,0.03433774504908605,AlphaSparse 248af573c867cf4c7e05d40c611c7c34ebac4715,CUDA,13040,13000,2026-10-07T06:57:34.671704+00:00,source,csr-alg5,0,0,,,,5,20,4,true
3,full-20261009-H100-SXM5-80GB-spmm-fp32-alphasparse-csr-alg5-n2,AlphaSparse-SpMM-CSR-ALG5,AlphaSparse SpMM CSR ALG5 [AlphaSparse 248af573c867cf4c7e05d40c611c7c34ebac4715],csr-alg5,AlphaSparse-SpMM-CSR,candidate,,,csr,csr,ALPHASPARSE_SPMM_CSR_ALG5,workspace-setup,spmm.csr.fp32,fp32,H100-SXM5-80GB,H100-SXM5-80GB,,67000.0,308bf16b-13aa-5a36-aa42-fdafa106bc58,suitesparse_all,Andrianov/ex3sta1,ex3sta1,16782,16782,678998,2,row-major,N,N,1.0,0.0,20260922,main,pass,pass,0,0,2715992.0,0.026869,0.0141967996955,0.0410657996955,0.0155402496955,191.31015850430683,66.1375650818659,174.77145176029387,0.2855375500064281,0.09871278370427747,0.2608529130750655,AlphaSparse 248af573c867cf4c7e05d40c611c7c34ebac4715,CUDA,13040,13000,2026-10-08T13:35:02.823852+00:00,source,csr-alg5,0,0,,,,5,20,4,true
3,full-20261009-H100-SXM5-80GB-spmm-fp32-alphasparse-csr-alg5-n2,AlphaSparse-SpMM-CSR-ALG5,AlphaSparse SpMM CSR ALG5 [AlphaSparse 248af573c867cf4c7e05d40c611c7c34ebac4715],csr-alg5,AlphaSparse-SpMM-CSR,candidate,,,csr,csr,ALPHASPARSE_SPMM_CSR_ALG5,workspace-setup,spmm.csr.fp32,fp32,H100-SXM5-80GB,H100-SXM5-80GB,,67000.0,43011b5b-eebc-56e1-9bb3-83faaf7aff5c,suitesparse_all,Andrianov/mip1,mip1,66463,66463,10352819,2,row-major,N,N,1.0,0.0,20260922,main,pass,pass,0,0,41411276.0,0.015356,0.231504011154,0.246860011154,0.232271811154,178.87930232212085,167.75206241956369,178.28799712825958,0.26698403331659826,0.25037621256651293,0.26610148825113367,AlphaSparse 248af573c867cf4c7e05d40c611c7c34ebac4715,CUDA,13040,13000,2026-10-07T06:55:40.128367+00:00,source,csr-alg5,0,0,,,,5,20,4,true
3,full-20261009-H100-SXM5-80GB-spmm-fp32-alphasparse-csr-alg5-n2,AlphaSparse-SpMM-CSR-ALG5,AlphaSparse SpMM CSR ALG5 [AlphaSparse 248af573c867cf4c7e05d40c611c7c34ebac4715],csr-alg5,AlphaSparse-SpMM-CSR,candidate,,,csr,csr,ALPHASPARSE_SPMM_CSR_ALG5,workspace-setup,spmm.csr.fp32,fp32,H100-SXM5-80GB,H100-SXM5-80GB,,67000.0,308bf16b-13aa-5a36-aa42-fdafa106bc58,suitesparse_all,Bai/af23560,af23560,23560,23560,484256,2,row-major,N,N,1.0,0.0,20260922,main,pass,pass,0,0,1937024.0,0.018639,0.0122496001422,0.0308886001422,0.0131815501422,158.12956974219364,62.70999627961897,146.9496363556457,0.23601428319730394,0.09359700937256563,0.21932781545618762,AlphaSparse 248af573c867cf4c7e05d40c611c7c34ebac4715,CUDA,13040,13000,2026-10-08T13:33:13.124779+00:00,source,csr-alg5,0,0,,,,5,20,4,true
3,full-20261009-H100-SXM5-80GB-spmm-fp32-alphasparse-csr-alg5-n2,AlphaSparse-SpMM-CSR-ALG5,AlphaSparse SpMM CSR ALG5 [AlphaSparse 248af573c867cf4c7e05d40c611c7c34ebac4715],csr-alg5,AlphaSparse-SpMM-CSR,candidate,,,csr,csr,ALPHASPARSE_SPMM_CSR_ALG5,workspace-setup,spmm.csr.fp32,fp32,H100-SXM5-80GB,H100-SXM5-80GB,,67000.0,43011b5b-eebc-56e1-9bb3-83faaf7aff5c,suitesparse_all,Bai/bfwb782,bfwb782,782,782,5982,2,row-major,N,N,1.0,0.0,20260922,main,pass,pass,0,0,23928.0,0.009478,0.00866400003433,0.0181420000343,0.00913790003433,2.7617728422424213,1.3189284508191355,2.6185447323898665,0.004122049018272271,0.0019685499265957246,0.003908275719984875,AlphaSparse 248af573c867cf4c7e05d40c611c7c34ebac4715,CUDA,13040,13000,2026-10-07T06:54:30.381554+00:00,source,csr-alg5,0,0,,,,5,20,4,true
3,full-20261009-H100-SXM5-80GB-spmm-fp32-alphasparse-csr-alg5-n2,AlphaSparse-SpMM-CSR-ALG5,AlphaSparse SpMM CSR ALG5 [AlphaSparse 248af573c867cf4c7e05d40c611c7c34ebac4715],csr-alg5,AlphaSparse-SpMM-CSR,candidate,,,csr,csr,ALPHASPARSE_SPMM_CSR_ALG5,workspace-setup,spmm.csr.fp32,fp32,H100-SXM5-80GB,H100-SXM5-80GB,,67000.0,308bf16b-13aa-5a36-aa42-fdafa106bc58,suitesparse_all,Bai/ck400,ck400,400,400,2860,2,row-major,N,N,1.0,0.0,20260922,main,pass,pass,0,0,11440.0,0.010445,0.00825280025601,0.018697800256,0.00877505025601,1.3861961570763766,0.6118366782920884,1.3036962371998708,0.0020689494881736964,0.0009131890720777439,0.0019458152794027924,AlphaSparse 248af573c867cf4c7e05d40c611c7c34ebac4715,CUDA,13040,13000,2026-10-08T13:33:13.550953+00:00,source,csr-alg5,0,0,,,,5,20,4,true
3,full-20261009-H100-SXM5-80GB-spmm-fp32-alphasparse-csr-alg5-n2,AlphaSparse-SpMM-CSR-ALG5,AlphaSparse SpMM CSR ALG5 [AlphaSparse 248af573c867cf4c7e05d40c611c7c34ebac4715],csr-alg5,AlphaSparse-SpMM-CSR,candidate,,,csr,csr,ALPHASPARSE_SPMM_CSR_ALG5,workspace-setup,spmm.csr.fp32,fp32,H100-SXM5-80GB,H100-SXM5-80GB,,67000.0,308bf16b-13aa-5a36-aa42-fdafa106bc58,suitesparse_all,Bai/dwg961b,dwg961b,961,961,10591,2,row-major,N,N,1.0,0.0,20260922,main,pass,pass,0,0,42364.0,0.010026,0.00839039981365,0.0184163998137,0.00889169981365,5.0491038497450065,2.300341023682888,4.764443344675824,0.007535975895141801,0.003433344811466997,0.007111109469665409,AlphaSparse 248af573c867cf4c7e05d40c611c7c34ebac4715,CUDA,13040,13000,2026-10-08T13:35:28.345572+00:00,source,csr-alg5,0,0,,,,5,20,4,true
3,full-20261009-H100-SXM5-80GB-spmm-fp32-alphasparse-csr-alg5-n2,AlphaSparse-SpMM-CSR-ALG5,AlphaSparse SpMM CSR ALG5 [AlphaSparse 248af573c867cf4c7e05d40c611c7c34ebac4715],csr-alg5,AlphaSparse-SpMM-CSR,candidate,,,csr,csr,ALPHASPARSE_SPMM_CSR_ALG5,workspace-setup,spmm.csr.fp32,fp32,H100-SXM5-80GB,H100-SXM5-80GB,,67000.0,43011b5b-eebc-56e1-9bb3-83faaf7aff5c,suitesparse_all,Bai/lop163,lop163,163,163,935,2,row-major,N,N,1.0,0.0,20260922,main,pass,pass,0,0,3740.0,0.009365,0.00826560035348,0.0176306003535,0.00873385035348,0.45247771971280676,0.21213117676151858,0.4282189239147884,0.0006753398801683684,0.00031661369665898293,0.0006391327222608782,AlphaSparse 248af573c867cf4c7e05d40c611c7c34ebac4715,CUDA,13040,13000,2026-10-07T06:54:30.813246+00:00,source,csr-alg5,0,0,,,,5,20,4,true
3,full-20261009-H100-SXM5-80GB-spmm-fp32-alphasparse-csr-alg5-n2,AlphaSparse-SpMM-CSR-ALG5,AlphaSparse SpMM CSR ALG5 [AlphaSparse 248af573c867cf4c7e05d40c611c7c34ebac4715],csr-alg5,AlphaSparse-SpMM-CSR,candidate,,,csr,csr,ALPHASPARSE_SPMM_CSR_ALG5,workspace-setup,spmm.csr.fp32,fp32,H100-SXM5-80GB,H100-SXM5-80GB,,67000.0,43011b5b-eebc-56e1-9bb3-83faaf7aff5c,suitesparse_all,Bai/mhd4800b,mhd4800b,4800,4800,27520,2,row-major,N,N,1.0,0.0,20260922,main,pass,pass,0,0,110080.0,0.009312,0.00909759998322,0.0184095999832,0.00956319998322,12.099894499982,5.979488967737236,11.510791387103803,0.018059544029823883,0.008924610399607815,0.017180285652393733,AlphaSparse 248af573c867cf4c7e05d40c611c7c34ebac4715,CUDA,13040,13000,2026-10-07T06:55:53.081780+00:00,source,csr-alg5,0,0,,,,5,20,4,true
3,full-20261009-H100-SXM5-80GB-spmm-fp32-alphasparse-csr-alg5-n2,AlphaSparse-SpMM-CSR-ALG5,AlphaSparse SpMM CSR ALG5 [AlphaSparse 248af573c867cf4c7e05d40c611c7c34ebac4715],csr-alg5,AlphaSparse-SpMM-CSR,candidate,,,csr,csr,ALPHASPARSE_SPMM_CSR_ALG5,workspace-setup,spmm.csr.fp32,fp32,H100-SXM5-80GB,H100-SXM5-80GB,,67000.0,308bf16b-13aa-5a36-aa42-fdafa106bc58,suitesparse_all,Bai/pde225,pde225,225,225,1065,2,row-major,N,N,1.0,0.0,20260922,main,pass,pass,0,0,4260.0,0.009758,0.00851199999452,0.0182699999945,0.00899989999452,0.5004699251342312,0.23316912979104712,0.4733385929392433,0.0007469700375137778,0.00034801362655380167,0.0007064755118496169,AlphaSparse 248af573c867cf4c7e05d40c611c7c34ebac4715,CUDA,13040,13000,2026-10-08T13:33:13.973535+00:00,source,csr-alg5,0,0,,,,5,20,4,true
3,full-20261009-H100-SXM5-80GB-spmm-fp32-alphasparse-csr-alg5-n2,AlphaSparse-SpMM-CSR-ALG5,AlphaSparse SpMM CSR ALG5 [AlphaSparse 248af573c867cf4c7e05d40c611c7c34ebac4715],csr-alg5,AlphaSparse-SpMM-CSR,candidate,,,csr,csr,ALPHASPARSE_SPMM_CSR_ALG5,workspace-setup,spmm.csr.fp32,fp32,H100-SXM5-80GB,H100-SXM5-80GB,,67000.0,43011b5b-eebc-56e1-9bb3-83faaf7aff5c,suitesparse_all,Bai/rbsa480,rbsa480,480,480,17088,2,row-major,N,N,1.0,0.0,20260922,main,pass,pass,0,0,68352.0,0.009817,0.00866879969835,0.0184857996984,0.00915964969835,7.884828624314616,3.697540875438354,7.462294110692113,0.01176840093181286,0.005518717724534857,0.01113775240401808,AlphaSparse 248af573c867cf4c7e05d40c611c7c34ebac4715,CUDA,13040,13000,2026-10-07T06:54:31.229835+00:00,source,csr-alg5,0,0,,,,5,20,4,true
3,full-20261009-H100-SXM5-80GB-spmm-fp32-alphasparse-csr-alg5-n2,AlphaSparse-SpMM-CSR-ALG5,AlphaSparse SpMM CSR ALG5 [AlphaSparse 248af573c867cf4c7e05d40c611c7c34ebac4715],csr-alg5,AlphaSparse-SpMM-CSR,candidate,,,csr,csr,ALPHASPARSE_SPMM_CSR_ALG5,workspace-setup,spmm.csr.fp32,fp32,H100-SXM5-80GB,H100-SXM5-80GB,,67000.0,308bf16b-13aa-5a36-aa42-fdafa106bc58,suitesparse_all,Bai/rdb450l,rdb450l,450,450,2580,2,row-major,N,N,1.0,0.0,20260922,main,pass,pass,0,0,10320.0,0.010792,0.00816320031881,0.0189552003188,0.00870280031881,1.2642100643077703,0.5444416216358579,1.18582520820277,0.001886880692996672,0.0008125994352773998,0.0017698883704518958,AlphaSparse 248af573c867cf4c7e05d40c611c7c34ebac4715,CUDA,13040,13000,2026-10-08T13:35:28.853742+00:00,source,csr-alg5,0,0,,,,5,20,4,true
3,full-20261009-H100-SXM5-80GB-spmm-fp32-alphasparse-csr-alg5-n2,AlphaSparse-SpMM-CSR-ALG5,AlphaSparse SpMM CSR ALG5 [AlphaSparse 248af573c867cf4c7e05d40c611c7c34ebac4715],csr-alg5,AlphaSparse-SpMM-CSR,candidate,,,csr,csr,ALPHASPARSE_SPMM_CSR_ALG5,workspace-setup,spmm.csr.fp32,fp32,H100-SXM5-80GB,H100-SXM5-80GB,,67000.0,43011b5b-eebc-56e1-9bb3-83faaf7aff5c,suitesparse_all,Bai/tols90,tols90,90,90,1746,2,row-major,N,N,1.0,0.0,20260922,main,pass,pass,0,0,6984.0,0.010735,0.00821919962764,0.0189541996276,0.00875594962764,0.8497177725813838,0.368467154362472,0.7976290747440496,0.001268235481464752,0.000549950976660406,0.0011904911563344024,AlphaSparse 248af573c867cf4c7e05d40c611c7c34ebac4715,CUDA,13040,13000,2026-10-07T06:55:53.737306+00:00,source,csr-alg5,0,0,,,,5,20,4,true
3,full-20261009-H100-SXM5-80GB-spmm-fp32-alphasparse-csr-alg5-n2,AlphaSparse-SpMM-CSR-ALG5,AlphaSparse SpMM CSR ALG5 [AlphaSparse 248af573c867cf4c7e05d40c611c7c34ebac4715],csr-alg5,AlphaSparse-SpMM-CSR,candidate,,,csr,csr,ALPHASPARSE_SPMM_CSR_ALG5,workspace-setup,spmm.csr.fp32,fp32,H100-SXM5-80GB,H100-SXM5-80GB,,67000.0,43011b5b-eebc-56e1-9bb3-83faaf7aff5c,suitesparse_all,Bates/Chem97ZtZ,Chem97ZtZ,2541,2541,7361,2,row-major,N,N,1.0,0.0,20260922,main,pass,pass,0,0,29444.0,0.009128,0.00902720019221,0.0181552001922,0.00948360019221,3.26169790999081,1.621794289696128,3.104728099375787,0.004868205835807179,0.002420588492083773,0.004633922536381771,AlphaSparse 248af573c867cf4c7e05d40c611c7c34ebac4715,CUDA,13040,13000,2026-10-07T06:55:40.745956+00:00,source,csr-alg5,0,0,,,,5,20,4,true
3,full-20261009-H100-SXM5-80GB-spmm-fp32-alphasparse-csr-alg5-n2,AlphaSparse-SpMM-CSR-ALG5,AlphaSparse SpMM CSR ALG5 [AlphaSparse 248af573c867cf4c7e05d40c611c7c34ebac4715],csr-alg5,AlphaSparse-SpMM-CSR,candidate,,,csr,csr,ALPHASPARSE_SPMM_CSR_ALG5,workspace-setup,spmm.csr.fp32,fp32,H100-SXM5-80GB,H100-SXM5-80GB,,67000.0,43011b5b-eebc-56e1-9bb3-83faaf7aff5c,suitesparse_all,Belcastro/human_gene2,human_gene2,14340,14340,18068388,2,row-major,N,N,1.0,0.0,20260922,main,pass,pass,0,0,72273552.0,0.014765,0.183731198311,0.198496198311,0.184469448311,393.3657030727208,364.10547211973903,391.7914465605863,0.5871129896607773,0.5434410031637896,0.584763353075502,AlphaSparse 248af573c867cf4c7e05d40c611c7c34ebac4715,CUDA,13040,13000,2026-10-07T06:57:16.731105+00:00,source,csr-alg5,0,0,,,,5,20,4,true
3,full-20261009-H100-SXM5-80GB-spmm-fp32-alphasparse-csr-alg5-n2,AlphaSparse-SpMM-CSR-ALG5,AlphaSparse SpMM CSR ALG5 [AlphaSparse 248af573c867cf4c7e05d40c611c7c34ebac4715],csr-alg5,AlphaSparse-SpMM-CSR,candidate,,,csr,csr,ALPHASPARSE_SPMM_CSR_ALG5,workspace-setup,spmm.csr.fp32,fp32,H100-SXM5-80GB,H100-SXM5-80GB,,67000.0,43011b5b-eebc-56e1-9bb3-83faaf7aff5c,suitesparse_all,Bodendiek/CurlCurl_0,CurlCurl_0,11083,11083,113343,2,row-major,N,N,1.0,0.0,20260922,main,pass,pass,0,0,453372.0,0.010637,0.00880319997668,0.0194401999767,0.00933504997668,51.50081802083323,23.321365034484614,48.5666387574329,0.0768668925684078,0.034808007514156136,0.07248752053348194,AlphaSparse 248af573c867cf4c7e05d40c611c7c34ebac4715,CUDA,13040,13000,2026-10-07T06:57:51.181995+00:00,source,csr-alg5,0,0,,,,5,20,4,true
3,full-20261009-H100-SXM5-80GB-spmm-fp32-alphasparse-csr-alg5-n2,AlphaSparse-SpMM-CSR-ALG5,AlphaSparse SpMM CSR ALG5 [AlphaSparse 248af573c867cf4c7e05d40c611c7c34ebac4715],csr-alg5,AlphaSparse-SpMM-CSR,candidate,,,csr,csr,ALPHASPARSE_SPMM_CSR_ALG5,workspace-setup,spmm.csr.fp32,fp32,H100-SXM5-80GB,H100-SXM5-80GB,,67000.0,308bf16b-13aa-5a36-aa42-fdafa106bc58,suitesparse_all,Boeing/bcsstk34,bcsstk34,588,588,21418,2,row-major,N,N,1.0,0.0,20260922,main,pass,pass,0,0,85672.0,0.008936,0.00866239964962,0.0175983996496,0.00910919964962,9.890100141449631,4.868169930550888,9.404997507500442,0.014761343494700943,0.007265925269478937,0.014037309712687225,AlphaSparse 248af573c867cf4c7e05d40c611c7c34ebac4715,CUDA,13040,13000,2026-10-08T13:33:14.410050+00:00,source,csr-alg5,0,0,,,,5,20,4,true
3,full-20261009-H100-SXM5-80GB-spmm-fp32-alphasparse-csr-alg5-n2,AlphaSparse-SpMM-CSR-ALG5,AlphaSparse SpMM CSR ALG5 [AlphaSparse 248af573c867cf4c7e05d40c611c7c34ebac4715],csr-alg5,AlphaSparse-SpMM-CSR,candidate,,,csr,csr,ALPHASPARSE_SPMM_CSR_ALG5,workspace-setup,spmm.csr.fp32,fp32,H100-SXM5-80GB,H100-SXM5-80GB,,67000.0,43011b5b-eebc-56e1-9bb3-83faaf7aff5c,suitesparse_all,Boeing/bcsstm35,bcsstm35,30237,30237,20619,2,row-major,N,N,1.0,0.0,20260922,main,pass,pass,0,0,82476.0,0.009578,0.0114880003035,0.0210660003035,0.0119669003035,7.179317359077054,3.9151238399202466,6.892010287398982,0.010715399043398587,0.005843468417791413,0.010286582518505942,AlphaSparse 248af573c867cf4c7e05d40c611c7c34ebac4715,CUDA,13040,13000,2026-10-07T06:54:31.663915+00:00,source,csr-alg5,0,0,,,,5,20,4,true
3,full-20261009-H100-SXM5-80GB-spmm-fp32-alphasparse-csr-alg5-n2,AlphaSparse-SpMM-CSR-ALG5,AlphaSparse SpMM CSR ALG5 [AlphaSparse 248af573c867cf4c7e05d40c611c7c34ebac4715],csr-alg5,AlphaSparse-SpMM-CSR,candidate,,,csr,csr,ALPHASPARSE_SPMM_CSR_ALG5,workspace-setup,spmm.csr.fp32,fp32,H100-SXM5-80GB,H100-SXM5-80GB,,67000.0,308bf16b-13aa-5a36-aa42-fdafa106bc58,suitesparse_all,Boeing/crystm03,crystm03,24696,24696,583770,2,row-major,N,N,1.0,0.0,20260922,main,pass,pass,0,0,2335080.0,0.014587,0.0134688004851,0.0280558004851,0.0141981504851,173.36955897321417,83.22984764737419,164.46367450820506,0.2587605357809167,0.12422365320503609,0.24546817090776873,AlphaSparse 248af573c867cf4c7e05d40c611c7c34ebac4715,CUDA,13040,13000,2026-10-08T13:33:15.227658+00:00,source,csr-alg5,0,0,,,,5,20,4,true
3,full-20261009-H100-SXM5-80GB-spmm-fp32-alphasparse-csr-alg5-n2,AlphaSparse-SpMM-CSR-ALG5,AlphaSparse SpMM CSR ALG5 [AlphaSparse 248af573c867cf4c7e05d40c611c7c34ebac4715],csr-alg5,AlphaSparse-SpMM-CSR,candidate,,,csr,csr,ALPHASPARSE_SPMM_CSR_ALG5,workspace-setup,spmm.csr.fp32,fp32,H100-SXM5-80GB,H100-SXM5-80GB,,67000.0,43011b5b-eebc-56e1-9bb3-83faaf7aff5c,suitesparse_all,Boeing/msc10848,msc10848,10848,10848,1229778,2,row-major,N,N,1.0,0.0,20260922,main,pass,pass,0,0,4919112.0,0.014194,0.0196879997849,0.0338819997849,0.0203976997849,249.85331439168266,145.18363825125437,241.16013334216822,0.3729153946144517,0.21669199738993192,0.35994049752562424,AlphaSparse 248af573c867cf4c7e05d40c611c7c34ebac4715,CUDA,13040,13000,2026-10-07T06:54:32.759876+00:00,source,csr-alg5,0,0,,,,5,20,4,true
3,full-20261009-H100-SXM5-80GB-spmm-fp32-alphasparse-csr-alg5-n2,AlphaSparse-SpMM-CSR-ALG5,AlphaSparse SpMM CSR ALG5 [AlphaSparse 248af573c867cf4c7e05d40c611c7c34ebac4715],csr-alg5,AlphaSparse-SpMM-CSR,candidate,,,csr,csr,ALPHASPARSE_SPMM_CSR_ALG5,workspace-setup,spmm.csr.fp32,fp32,H100-SXM5-80GB,H100-SXM5-80GB,,67000.0,308bf16b-13aa-5a36-aa42-fdafa106bc58,suitesparse_all,Bomhof/circuit_2,circuit_2,4510,4510,21199,2,row-major,N,N,1.0,0.0,20260922,main,pass,pass,0,0,84796.0,0.009893,0.00931200012565,0.0192050001256,0.00980665012565,9.106099533485674,4.4153084845320105,8.646785488778676,0.013591193333560708,0.0065900126634806135,0.012905649983251756,AlphaSparse 248af573c867cf4c7e05d40c611c7c34ebac4715,CUDA,13040,13000,2026-10-08T13:33:15.781198+00:00,source,csr-alg5,0,0,,,,5,20,4,true
3,full-20261009-H100-SXM5-80GB-spmm-fp32-alphasparse-csr-alg5-n2,AlphaSparse-SpMM-CSR-ALG5,AlphaSparse SpMM CSR ALG5 [AlphaSparse 248af573c867cf4c7e05d40c611c7c34ebac4715],csr-alg5,AlphaSparse-SpMM-CSR,candidate,,,csr,csr,ALPHASPARSE_SPMM_CSR_ALG5,workspace-setup,spmm.csr.fp32,fp32,H100-SXM5-80GB,H100-SXM5-80GB,,67000.0,308bf16b-13aa-5a36-aa42-fdafa106bc58,suitesparse_all,Botonakis/thermomech_dM,thermomech_dM,204316,204316,1423116,2,row-major,N,N,1.0,0.0,20260922,main,pass,pass,0,0,5692464.0,0.015892,0.0230128005147,0.0389048005147,0.0238074005147,247.3607676025261,146.3177789036376,239.10481098031508,0.3691951755261583,0.2183847446322949,0.3568728522094255,AlphaSparse 248af573c867cf4c7e05d40c611c7c34ebac4715,CUDA,13040,13000,2026-10-08T13:36:14.564914+00:00,source,csr-alg5,0,0,,,,5,20,4,true
3,full-20261009-H100-SXM5-80GB-spmm-fp32-alphasparse-csr-alg5-n2,AlphaSparse-SpMM-CSR-ALG5,AlphaSparse SpMM CSR ALG5 [AlphaSparse 248af573c867cf4c7e05d40c611c7c34ebac4715],csr-alg5,AlphaSparse-SpMM-CSR,candidate,,,csr,csr,ALPHASPARSE_SPMM_CSR_ALG5,workspace-setup,spmm.csr.fp32,fp32,H100-SXM5-80GB,H100-SXM5-80GB,,67000.0,43011b5b-eebc-56e1-9bb3-83faaf7aff5c,suitesparse_all,Bourchtein/atmosmodd,atmosmodd,1270432,1270432,8814880,2,row-major,N,N,1.0,0.0,20260922,main,pass,pass,0,0,35259520.0,0.151886,0.138507199287,0.290393199287,0.146101499287,254.5681392845071,121.41992335417082,241.33578486238957,0.3799524466932942,0.18122376620025496,0.36020266397371575,AlphaSparse 248af573c867cf4c7e05d40c611c7c34ebac4715,CUDA,13040,13000,2026-10-07T06:57:08.488852+00:00,source,csr-alg5,0,0,,,,5,20,4,true
3,full-20261009-H100-SXM5-80GB-spmm-fp32-alphasparse-csr-alg5-n2,AlphaSparse-SpMM-CSR-ALG5,AlphaSparse SpMM CSR ALG5 [AlphaSparse 248af573c867cf4c7e05d40c611c7c34ebac4715],csr-alg5,AlphaSparse-SpMM-CSR,candidate,,,csr,csr,ALPHASPARSE_SPMM_CSR_ALG5,workspace-setup,spmm.csr.fp32,fp32,H100-SXM5-80GB,H100-SXM5-80GB,,67000.0,43011b5b-eebc-56e1-9bb3-83faaf7aff5c,suitesparse_all,Brunetiere/thermal,thermal,3456,3456,66528,2,row-major,N,N,1.0,0.0,20260922,main,pass,pass,0,0,266112.0,0.007652,0.00834880024195,0.0160008002419,0.00873140024195,31.874280410120956,16.63116819014802,30.477585796773493,0.0475735528509268,0.024822639089773165,0.04548893402503506,AlphaSparse 248af573c867cf4c7e05d40c611c7c34ebac4715,CUDA,13040,13000,2026-10-07T06:54:33.225737+00:00,source,csr-alg5,0,0,,,,5,20,4,true
3,full-20261009-H100-SXM5-80GB-spmm-fp32-alphasparse-csr-alg5-n2,AlphaSparse-SpMM-CSR-ALG5,AlphaSparse SpMM CSR ALG5 [AlphaSparse 248af573c867cf4c7e05d40c611c7c34ebac4715],csr-alg5,AlphaSparse-SpMM-CSR,candidate,,,csr,csr,ALPHASPARSE_SPMM_CSR_ALG5,workspace-setup,spmm.csr.fp32,fp32,H100-SXM5-80GB,H100-SXM5-80GB,,67000.0,43011b5b-eebc-56e1-9bb3-83faaf7aff5c,suitesparse_all,CEMW/t2em,t2em,921632,921632,4590832,2,row-major,N,N,1.0,0.0,20260922,main,pass,pass,0,0,18363328.0,2.303962,0.0795664012432,2.38352840124,0.194764501243,230.79249171859948,7.70426229888711,94.2847792221068,0.34446640555014846,0.01149889895356285,0.14072355107777135,AlphaSparse 248af573c867cf4c7e05d40c611c7c34ebac4715,CUDA,13040,13000,2026-10-07T06:56:23.293469+00:00,source,csr-alg5,0,0,,,,5,20,4,true
3,full-20261009-H100-SXM5-80GB-spmm-fp32-alphasparse-csr-alg5-n2,AlphaSparse-SpMM-CSR-ALG5,AlphaSparse SpMM CSR ALG5 [AlphaSparse 248af573c867cf4c7e05d40c611c7c34ebac4715],csr-alg5,AlphaSparse-SpMM-CSR,candidate,,,csr,csr,ALPHASPARSE_SPMM_CSR_ALG5,workspace-setup,spmm.csr.fp32,fp32,H100-SXM5-80GB,H100-SXM5-80GB,,67000.0,308bf16b-13aa-5a36-aa42-fdafa106bc58,suitesparse_all,CPM/cz2548,cz2548,2548,2548,25674,2,row-major,N,N,1.0,0.0,20260922,main,pass,pass,0,0,102696.0,0.010543,0.0088944002986,0.0194374002986,0.0094215502986,11.546141004713334,5.283422598823403,10.900116938850305,0.017233046275691544,0.007885705371378214,0.01626883125201538,AlphaSparse 248af573c867cf4c7e05d40c611c7c34ebac4715,CUDA,13040,13000,2026-10-08T13:38:43.047452+00:00,source,csr-alg5,0,0,,,,5,20,4,true
3,full-20261009-H100-SXM5-80GB-spmm-fp32-alphasparse-csr-alg5-n2,AlphaSparse-SpMM-CSR-ALG5,AlphaSparse SpMM CSR ALG5 [AlphaSparse 248af573c867cf4c7e05d40c611c7c34ebac4715],csr-alg5,AlphaSparse-SpMM-CSR,candidate,,,csr,csr,ALPHASPARSE_SPMM_CSR_ALG5,workspace-setup,spmm.csr.fp32,fp32,H100-SXM5-80GB,H100-SXM5-80GB,,67000.0,308bf16b-13aa-5a36-aa42-fdafa106bc58,suitesparse_all,Chen/pkustk05,pkustk05,37164,37164,2205144,2,row-major,N,N,1.0,0.0,20260922,main,pass,pass,0,0,8820576.0,0.015089,0.0258224010468,0.0409114010468,0.0265768510468,341.58620586884103,215.6019049533364,331.88943206505445,0.5098301580131956,0.3217938879900543,0.495357361291126,AlphaSparse 248af573c867cf4c7e05d40c611c7c34ebac4715,CUDA,13040,13000,2026-10-08T13:33:33.604434+00:00,source,csr-alg5,0,0,,,,5,20,4,true
3,full-20261009-H100-SXM5-80GB-spmm-fp32-alphasparse-csr-alg5-n2,AlphaSparse-SpMM-CSR-ALG5,AlphaSparse SpMM CSR ALG5 [AlphaSparse 248af573c867cf4c7e05d40c611c7c34ebac4715],csr-alg5,AlphaSparse-SpMM-CSR,candidate,,,csr,csr,ALPHASPARSE_SPMM_CSR_ALG5,workspace-setup,spmm.csr.fp32,fp32,H100-SXM5-80GB,H100-SXM5-80GB,,67000.0,43011b5b-eebc-56e1-9bb3-83faaf7aff5c,suitesparse_all,Chen/pkustk11,pkustk11,87804,87804,5217912,2,row-major,N,N,1.0,0.0,20260922,main,pass,pass,0,0,20871648.0,0.015898,0.0598591983318,0.0757571983318,0.0606540983318,348.67904318244115,275.50712618207893,344.1094431216253,0.5204164823618525,0.4112046659434014,0.5135961837636199,AlphaSparse 248af573c867cf4c7e05d40c611c7c34ebac4715,CUDA,13040,13000,2026-10-07T06:54:52.093049+00:00,source,csr-alg5,0,0,,,,5,20,4,true
3,full-20261009-H100-SXM5-80GB-spmm-fp32-alphasparse-csr-alg5-n2,AlphaSparse-SpMM-CSR-ALG5,AlphaSparse SpMM CSR ALG5 [AlphaSparse 248af573c867cf4c7e05d40c611c7c34ebac4715],csr-alg5,AlphaSparse-SpMM-CSR,candidate,,,csr,csr,ALPHASPARSE_SPMM_CSR_ALG5,workspace-setup,spmm.csr.fp32,fp32,H100-SXM5-80GB,H100-SXM5-80GB,,67000.0,43011b5b-eebc-56e1-9bb3-83faaf7aff5c,suitesparse_all,Cylshell/s2rmt3m1,s2rmt3m1,5489,5489,219521,2,row-major,N,N,1.0,0.0,20260922,main,pass,pass,0,0,878084.0,0.012839,0.0095600001514,0.0223990001514,0.0102019501514,91.84978934037049,39.20192839255449,86.0702107899931,0.1370892378214485,0.05851034088440969,0.12846300117909418,AlphaSparse 248af573c867cf4c7e05d40c611c7c34ebac4715,CUDA,13040,13000,2026-10-07T06:55:52.435580+00:00,source,csr-alg5,0,0,,,,5,20,4,true
3,full-20261009-H100-SXM5-80GB-spmm-fp32-alphasparse-csr-alg5-n2,AlphaSparse-SpMM-CSR-ALG5,AlphaSparse SpMM CSR ALG5 [AlphaSparse 248af573c867cf4c7e05d40c611c7c34ebac4715],csr-alg5,AlphaSparse-SpMM-CSR,candidate,,,csr,csr,ALPHASPARSE_SPMM_CSR_ALG5,workspace-setup,spmm.csr.fp32,fp32,H100-SXM5-80GB,H100-SXM5-80GB,,67000.0,308bf16b-13aa-5a36-aa42-fdafa106bc58,suitesparse_all,DIMACS10/M6,M6,3501776,3501776,21003872,2,row-major,N,N,1.0,0.0,20260922,main,pass,pass,0,0,84015488.0,0.175331,0.657300806046,0.832631806046,0.666067356046,127.81893347339106,100.90352949519495,126.1366245281021,0.19077452757222543,0.15060228282864918,0.18826361869865985,AlphaSparse 248af573c867cf4c7e05d40c611c7c34ebac4715,CUDA,13040,13000,2026-10-08T13:38:50.585701+00:00,source,csr-alg5,0,0,,,,5,20,4,true
3,full-20261009-H100-SXM5-80GB-spmm-fp32-alphasparse-csr-alg5-n2,AlphaSparse-SpMM-CSR-ALG5,AlphaSparse SpMM CSR ALG5 [AlphaSparse 248af573c867cf4c7e05d40c611c7c34ebac4715],csr-alg5,AlphaSparse-SpMM-CSR,candidate,,,csr,csr,ALPHASPARSE_SPMM_CSR_ALG5,workspace-setup,spmm.csr.fp32,fp32,H100-SXM5-80GB,H100-SXM5-80GB,,67000.0,43011b5b-eebc-56e1-9bb3-83faaf7aff5c,suitesparse_all,DIMACS10/az2010,az2010,241666,241666,1196094,2,row-major,N,N,1.0,0.0,20260922,main,pass,pass,0,0,4784376.0,0.018334,0.0226784005761,0.0410124005761,0.0235951005761,210.96620036961923,116.65681434868502,202.76989218881317,0.3148749259248048,0.17411464828161943,0.30264163013255696,AlphaSparse 248af573c867cf4c7e05d40c611c7c34ebac4715,CUDA,13040,13000,2026-10-07T06:57:52.093236+00:00,source,csr-alg5,0,0,,,,5,20,4,true
3,full-20261009-H100-SXM5-80GB-spmm-fp32-alphasparse-csr-alg5-n2,AlphaSparse-SpMM-CSR-ALG5,AlphaSparse SpMM CSR ALG5 [AlphaSparse 248af573c867cf4c7e05d40c611c7c34ebac4715],csr-alg5,AlphaSparse-SpMM-CSR,candidate,,,csr,csr,ALPHASPARSE_SPMM_CSR_ALG5,workspace-setup,spmm.csr.fp32,fp32,H100-SXM5-80GB,H100-SXM5-80GB,,67000.0,43011b5b-eebc-56e1-9bb3-83faaf7aff5c,suitesparse_all,DIMACS10/chesapeake,chesapeake,39,39,340,2,row-major,N,N,1.0,0.0,20260922,main,pass,pass,0,0,1360.0,0.009538,0.00811680033803,0.017654800338,0.00859370033803,0.167553708772154,0.07703287343741581,0.1582554599887018,0.0002500801623464985,0.00011497443796629226,0.00023620217908761464,AlphaSparse 248af573c867cf4c7e05d40c611c7c34ebac4715,CUDA,13040,13000,2026-10-07T06:57:36.984558+00:00,source,csr-alg5,0,0,,,,5,20,4,true
3,full-20261009-H100-SXM5-80GB-spmm-fp32-alphasparse-csr-alg5-n2,AlphaSparse-SpMM-CSR-ALG5,AlphaSparse SpMM CSR ALG5 [AlphaSparse 248af573c867cf4c7e05d40c611c7c34ebac4715],csr-alg5,AlphaSparse-SpMM-CSR,candidate,,,csr,csr,ALPHASPARSE_SPMM_CSR_ALG5,workspace-setup,spmm.csr.fp32,fp32,H100-SXM5-80GB,H100-SXM5-80GB,,67000.0,43011b5b-eebc-56e1-9bb3-83faaf7aff5c,suitesparse_all,DIMACS10/cti,cti,16840,16840,96464,2,row-major,N,N,1.0,0.0,20260922,main,pass,pass,0,0,385856.0,0.011761,0.00873119980097,0.020492199801,0.00931924980097,44.19278092309066,18.829408445508644,41.404191135625304,0.0659593745120756,0.028103594694789024,0.06179730020242582,AlphaSparse 248af573c867cf4c7e05d40c611c7c34ebac4715,CUDA,13040,13000,2026-10-07T06:57:49.637857+00:00,source,csr-alg5,0,0,,,,5,20,4,true
3,full-20261009-H100-SXM5-80GB-spmm-fp32-alphasparse-csr-alg5-n2,AlphaSparse-SpMM-CSR-ALG5,AlphaSparse SpMM CSR ALG5 [AlphaSparse 248af573c867cf4c7e05d40c611c7c34ebac4715],csr-alg5,AlphaSparse-SpMM-CSR,candidate,,,csr,csr,ALPHASPARSE_SPMM_CSR_ALG5,workspace-setup,spmm.csr.fp32,fp32,H100-SXM5-80GB,H100-SXM5-80GB,,67000.0,308bf16b-13aa-5a36-aa42-fdafa106bc58,suitesparse_all,DIMACS10/delaunay_n12,delaunay_n12,4096,4096,24528,2,row-major,N,N,1.0,0.0,20260922,main,pass,pass,0,0,98112.0,0.008449,0.00829280018806,0.0167418001881,0.00871525018806,11.830985647195742,5.860301693824873,11.25750814754746,0.017658187533127975,0.008746718946007273,0.016802250966488744,AlphaSparse 248af573c867cf4c7e05d40c611c7c34ebac4715,CUDA,13040,13000,2026-10-08T13:38:24.237080+00:00,source,csr-alg5,0,0,,,,5,20,4,true
3,full-20261009-H100-SXM5-80GB-spmm-fp32-alphasparse-csr-alg5-n2,AlphaSparse-SpMM-CSR-ALG5,AlphaSparse SpMM CSR ALG5 [AlphaSparse 248af573c867cf4c7e05d40c611c7c34ebac4715],csr-alg5,AlphaSparse-SpMM-CSR,candidate,,,csr,csr,ALPHASPARSE_SPMM_CSR_ALG5,workspace-setup,spmm.csr.fp32,fp32,H100-SXM5-80GB,H100-SXM5-80GB,,67000.0,43011b5b-eebc-56e1-9bb3-83faaf7aff5c,suitesparse_all,DIMACS10/delaunay_n18,delaunay_n18,262144,262144,1572792,2,row-major,N,N,1.0,0.0,20260922,main,pass,pass,0,0,6291168.0,0.015057,0.0243791997433,0.0394361997433,0.0251320497433,258.0547379012704,159.52774458367622,250.3245085163487,0.38515632522577675,0.23810111131891973,0.3736186694273861,AlphaSparse 248af573c867cf4c7e05d40c611c7c34ebac4715,CUDA,13040,13000,2026-10-07T06:57:37.832548+00:00,source,csr-alg5,0,0,,,,5,20,4,true
3,full-20261009-H100-SXM5-80GB-spmm-fp32-alphasparse-csr-alg5-n2,AlphaSparse-SpMM-CSR-ALG5,AlphaSparse SpMM CSR ALG5 [AlphaSparse 248af573c867cf4c7e05d40c611c7c34ebac4715],csr-alg5,AlphaSparse-SpMM-CSR,candidate,,,csr,csr,ALPHASPARSE_SPMM_CSR_ALG5,workspace-setup,spmm.csr.fp32,fp32,H100-SXM5-80GB,H100-SXM5-80GB,,67000.0,308bf16b-13aa-5a36-aa42-fdafa106bc58,suitesparse_all,DIMACS10/hugetrace-00000,hugetrace-00000,4588484,4588484,13758266,2,row-major,N,N,1.0,0.0,20260922,main,pass,pass,0,0,55033064.0,0.159964,0.302481603622,0.462445603622,0.310479803622,181.93854879443438,119.00440520780401,177.25167098791758,0.271550072827514,0.17761851523552838,0.26455473281778746,AlphaSparse 248af573c867cf4c7e05d40c611c7c34ebac4715,CUDA,13040,13000,2026-10-08T13:38:29.250493+00:00,source,csr-alg5,0,0,,,,5,20,4,true
3,full-20261009-H100-SXM5-80GB-spmm-fp32-alphasparse-csr-alg5-n2,AlphaSparse-SpMM-CSR-ALG5,AlphaSparse SpMM CSR ALG5 [AlphaSparse 248af573c867cf4c7e05d40c611c7c34ebac4715],csr-alg5,AlphaSparse-SpMM-CSR,candidate,,,csr,csr,ALPHASPARSE_SPMM_CSR_ALG5,workspace-setup,spmm.csr.fp32,fp32,H100-SXM5-80GB,H100-SXM5-80GB,,67000.0,308bf16b-13aa-5a36-aa42-fdafa106bc58,suitesparse_all,DIMACS10/il2010,il2010,451554,451554,2164464,2,row-major,N,N,1.0,0.0,20260922,main,pass,pass,0,0,8657856.0,0.020458,0.0343183994293,0.0547763994293,0.0353412994293,252.28029698285368,158.05814347426596,244.97842863191758,0.3765377566908264,0.23590767682726263,0.36563944571928,AlphaSparse 248af573c867cf4c7e05d40c611c7c34ebac4715,CUDA,13040,13000,2026-10-08T13:38:52.149143+00:00,source,csr-alg5,0,0,,,,5,20,4,true
3,full-20261009-H100-SXM5-80GB-spmm-fp32-alphasparse-csr-alg5-n2,AlphaSparse-SpMM-CSR-ALG5,AlphaSparse SpMM CSR ALG5 [AlphaSparse 248af573c867cf4c7e05d40c611c7c34ebac4715],csr-alg5,AlphaSparse-SpMM-CSR,candidate,,,csr,csr,ALPHASPARSE_SPMM_CSR_ALG5,workspace-setup,spmm.csr.fp32,fp32,H100-SXM5-80GB,H100-SXM5-80GB,,67000.0,43011b5b-eebc-56e1-9bb3-83faaf7aff5c,suitesparse_all,DIMACS10/kron_g500-logn16,kron_g500-logn16,65536,65536,4912469,2,row-major,N,N,1.0,0.0,20260922,main,pass,pass,0,0,19649876.0,0.015736,0.0636080026627,0.0793440026627,0.0643948026627,308.92144348878867,247.65420624837597,305.1469247126365,0.4610767813265503,0.3696331436542925,0.4554431712128903,AlphaSparse 248af573c867cf4c7e05d40c611c7c34ebac4715,CUDA,13040,13000,2026-10-07T06:57:39.979707+00:00,source,csr-alg5,0,0,,,,5,20,4,true
3,full-20261009-H100-SXM5-80GB-spmm-fp32-alphasparse-csr-alg5-n2,AlphaSparse-SpMM-CSR-ALG5,AlphaSparse SpMM CSR ALG5 [AlphaSparse 248af573c867cf4c7e05d40c611c7c34ebac4715],csr-alg5,AlphaSparse-SpMM-CSR,candidate,,,csr,csr,ALPHASPARSE_SPMM_CSR_ALG5,workspace-setup,spmm.csr.fp32,fp32,H100-SXM5-80GB,H100-SXM5-80GB,,67000.0,308bf16b-13aa-5a36-aa42-fdafa106bc58,suitesparse_all,DIMACS10/luxembourg_osm,luxembourg_osm,114599,114599,239332,2,row-major,N,N,1.0,0.0,20260922,main,pass,pass,0,0,957328.0,0.015366,0.0113568000495,0.0267228000495,0.0121251000495,84.29557585124059,35.824389593406856,78.95423510666019,0.12581429231528446,0.053469238199114706,0.1178421419502391,AlphaSparse 248af573c867cf4c7e05d40c611c7c34ebac4715,CUDA,13040,13000,2026-10-08T13:38:30.295709+00:00,source,csr-alg5,0,0,,,,5,20,4,true
3,full-20261009-H100-SXM5-80GB-spmm-fp32-alphasparse-csr-alg5-n2,AlphaSparse-SpMM-CSR-ALG5,AlphaSparse SpMM CSR ALG5 [AlphaSparse 248af573c867cf4c7e05d40c611c7c34ebac4715],csr-alg5,AlphaSparse-SpMM-CSR,candidate,,,csr,csr,ALPHASPARSE_SPMM_CSR_ALG5,workspace-setup,spmm.csr.fp32,fp32,H100-SXM5-80GB,H100-SXM5-80GB,,67000.0,43011b5b-eebc-56e1-9bb3-83faaf7aff5c,suitesparse_all,DIMACS10/md2010,md2010,145247,145247,700378,2,row-major,N,N,1.0,0.0,20260922,main,pass,pass,0,0,2801512.0,0.020283,0.0167759999633,0.0370589999633,0.0177901499633,166.9952316481119,75.59599564948793,157.4754572490591,0.24924661440016704,0.11282984425296708,0.23503799589411806,AlphaSparse 248af573c867cf4c7e05d40c611c7c34ebac4715,CUDA,13040,13000,2026-10-07T06:57:52.788659+00:00,source,csr-alg5,0,0,,,,5,20,4,true
3,full-20261009-H100-SXM5-80GB-spmm-fp32-alphasparse-csr-alg5-n2,AlphaSparse-SpMM-CSR-ALG5,AlphaSparse SpMM CSR ALG5 [AlphaSparse 248af573c867cf4c7e05d40c611c7c34ebac4715],csr-alg5,AlphaSparse-SpMM-CSR,candidate,,,csr,csr,ALPHASPARSE_SPMM_CSR_ALG5,workspace-setup,spmm.csr.fp32,fp32,H100-SXM5-80GB,H100-SXM5-80GB,,67000.0,308bf16b-13aa-5a36-aa42-fdafa106bc58,suitesparse_all,DIMACS10/nh2010,nh2010,48837,48837,234550,2,row-major,N,N,1.0,0.0,20260922,main,pass,pass,0,0,938200.0,0.015598,0.010311999917,0.025909999917,0.011091899917,90.98138164773609,36.209957661344134,84.5842467945521,0.1357931069369195,0.05404471292737931,0.12624514446948074,AlphaSparse 248af573c867cf4c7e05d40c611c7c34ebac4715,CUDA,13040,13000,2026-10-08T13:38:52.920272+00:00,source,csr-alg5,0,0,,,,5,20,4,true
3,full-20261009-H100-SXM5-80GB-spmm-fp32-alphasparse-csr-alg5-n2,AlphaSparse-SpMM-CSR-ALG5,AlphaSparse SpMM CSR ALG5 [AlphaSparse 248af573c867cf4c7e05d40c611c7c34ebac4715],csr-alg5,AlphaSparse-SpMM-CSR,candidate,,,csr,csr,ALPHASPARSE_SPMM_CSR_ALG5,workspace-setup,spmm.csr.fp32,fp32,H100-SXM5-80GB,H100-SXM5-80GB,,67000.0,43011b5b-eebc-56e1-9bb3-83faaf7aff5c,suitesparse_all,DIMACS10/ok2010,ok2010,269118,269118,1274148,2,row-major,N,N,1.0,0.0,20260922,main,pass,pass,0,0,5096592.0,0.017742,0.0234576001763,0.0411996001763,0.0243447001763,217.26826110495554,123.7048898093872,209.3511919675077,0.3242809867238143,0.18463416389460774,0.31246446562314584,AlphaSparse 248af573c867cf4c7e05d40c611c7c34ebac4715,CUDA,13040,13000,2026-10-07T06:57:53.761691+00:00,source,csr-alg5,0,0,,,,5,20,4,true
3,full-20261009-H100-SXM5-80GB-spmm-fp32-alphasparse-csr-alg5-n2,AlphaSparse-SpMM-CSR-ALG5,AlphaSparse SpMM CSR ALG5 [AlphaSparse 248af573c867cf4c7e05d40c611c7c34ebac4715],csr-alg5,AlphaSparse-SpMM-CSR,candidate,,,csr,csr,ALPHASPARSE_SPMM_CSR_ALG5,workspace-setup,spmm.csr.fp32,fp32,H100-SXM5-80GB,H100-SXM5-80GB,,67000.0,308bf16b-13aa-5a36-aa42-fdafa106bc58,suitesparse_all,DIMACS10/rgg_n_2_15_s0,rgg_n_2_15_s0,32768,32768,320480,2,row-major,N,N,1.0,0.0,20260922,main,pass,pass,0,0,1281920.0,0.012495,0.0116640001535,0.0241590001535,0.0122887501535,109.9039766057733,53.061798578377164,104.31654838672848,0.1640357859787661,0.07919671429608532,0.15569634087571416,AlphaSparse 248af573c867cf4c7e05d40c611c7c34ebac4715,CUDA,13040,13000,2026-10-08T13:38:29.786284+00:00,source,csr-alg5,0,0,,,,5,20,4,true
3,full-20261009-H100-SXM5-80GB-spmm-fp32-alphasparse-csr-alg5-n2,AlphaSparse-SpMM-CSR-ALG5,AlphaSparse SpMM CSR ALG5 [AlphaSparse 248af573c867cf4c7e05d40c611c7c34ebac4715],csr-alg5,AlphaSparse-SpMM-CSR,candidate,,,csr,csr,ALPHASPARSE_SPMM_CSR_ALG5,workspace-setup,spmm.csr.fp32,fp32,H100-SXM5-80GB,H100-SXM5-80GB,,67000.0,43011b5b-eebc-56e1-9bb3-83faaf7aff5c,suitesparse_all,DIMACS10/rgg_n_2_21_s0,rgg_n_2_21_s0,2097152,2097152,28975990,2,row-major,N,N,1.0,0.0,20260922,main,pass,pass,0,0,115903960.0,0.172919,0.388587188721,0.561506188721,0.397233138721,298.2701523987127,206.41617550824557,291.77817433153814,0.4451793319383772,0.30808384404215755,0.4354898124351315,AlphaSparse 248af573c867cf4c7e05d40c611c7c34ebac4715,CUDA,13040,13000,2026-10-07T06:57:49.199890+00:00,source,csr-alg5,0,0,,,,5,20,4,true
3,full-20261009-H100-SXM5-80GB-spmm-fp32-alphasparse-csr-alg5-n2,AlphaSparse-SpMM-CSR-ALG5,AlphaSparse SpMM CSR ALG5 [AlphaSparse 248af573c867cf4c7e05d40c611c7c34ebac4715],csr-alg5,AlphaSparse-SpMM-CSR,candidate,,,csr,csr,ALPHASPARSE_SPMM_CSR_ALG5,workspace-setup,spmm.csr.fp32,fp32,H100-SXM5-80GB,H100-SXM5-80GB,,67000.0,308bf16b-13aa-5a36-aa42-fdafa106bc58,suitesparse_all,DIMACS10/uk,uk,4824,4824,13674,2,row-major,N,N,1.0,0.0,20260922,main,pass,pass,0,0,54696.0,0.011327,0.0091728001833,0.0204998001833,0.0097391501833,5.962846557976869,2.668123567592511,5.616095754821483,0.008899770982055029,0.0039822739814813594,0.008382232469882811,AlphaSparse 248af573c867cf4c7e05d40c611c7c34ebac4715,CUDA,13040,13000,2026-10-08T13:38:30.735326+00:00,source,csr-alg5,0,0,,,,5,20,4,true
3,full-20261009-H100-SXM5-80GB-spmm-fp32-alphasparse-csr-alg5-n2,AlphaSparse-SpMM-CSR-ALG5,AlphaSparse SpMM CSR ALG5 [AlphaSparse 248af573c867cf4c7e05d40c611c7c34ebac4715],csr-alg5,AlphaSparse-SpMM-CSR,candidate,,,csr,csr,ALPHASPARSE_SPMM_CSR_ALG5,workspace-setup,spmm.csr.fp32,fp32,H100-SXM5-80GB,H100-SXM5-80GB,,67000.0,43011b5b-eebc-56e1-9bb3-83faaf7aff5c,suitesparse_all,DIMACS10/vsp_bcsstk30_500sep_10in_1Kout,vsp_bcsstk30_500sep_10in_1Kout,58348,58348,4033156,2,row-major,N,N,1.0,0.0,20260922,main,pass,pass,0,0,16132624.0,0.0141,0.0524416029453,0.0665416029453,0.0531466029453,307.6302609748099,242.44417456041296,303.549485874086,0.45914964324598495,0.36185697695584024,0.45305893414042686,AlphaSparse 248af573c867cf4c7e05d40c611c7c34ebac4715,CUDA,13040,13000,2026-10-07T06:57:55.394464+00:00,source,csr-alg5,0,0,,,,5,20,4,true
3,full-20261009-H100-SXM5-80GB-spmm-fp32-alphasparse-csr-alg5-n2,AlphaSparse-SpMM-CSR-ALG5,AlphaSparse SpMM CSR ALG5 [AlphaSparse 248af573c867cf4c7e05d40c611c7c34ebac4715],csr-alg5,AlphaSparse-SpMM-CSR,candidate,,,csr,csr,ALPHASPARSE_SPMM_CSR_ALG5,workspace-setup,spmm.csr.fp32,fp32,H100-SXM5-80GB,H100-SXM5-80GB,,67000.0,308bf16b-13aa-5a36-aa42-fdafa106bc58,suitesparse_all,DIMACS10/vsp_p0291_seymourl_iiasa,vsp_p0291_seymourl_iiasa,10498,10498,107736,2,row-major,N,N,1.0,0.0,20260922,main,pass,pass,0,0,430944.0,0.00998,0.00936959981918,0.0193495998192,0.00986859981918,45.99385334663258,22.271468352145856,43.668200950092626,0.06864754230840683,0.0332409975405162,0.06517641932849645,AlphaSparse 248af573c867cf4c7e05d40c611c7c34ebac4715,CUDA,13040,13000,2026-10-08T13:38:53.866338+00:00,source,csr-alg5,0,0,,,,5,20,4,true
3,full-20261009-H100-SXM5-80GB-spmm-fp32-alphasparse-csr-alg5-n2,AlphaSparse-SpMM-CSR-ALG5,AlphaSparse SpMM CSR ALG5 [AlphaSparse 248af573c867cf4c7e05d40c611c7c34ebac4715],csr-alg5,AlphaSparse-SpMM-CSR,candidate,,,csr,csr,ALPHASPARSE_SPMM_CSR_ALG5,workspace-setup,spmm.csr.fp32,fp32,H100-SXM5-80GB,H100-SXM5-80GB,,67000.0,308bf16b-13aa-5a36-aa42-fdafa106bc58,suitesparse_all,DIMACS10/vt2010,vt2010,32580,32580,155598,2,row-major,N,N,1.0,0.0,20260922,main,pass,pass,0,0,622392.0,0.01119,0.00987199991941,0.0210619999194,0.0104314999194,63.0461917626512,29.550470153915487,59.66466997162176,0.0940987936755988,0.04410517933420222,0.08905174622630113,AlphaSparse 248af573c867cf4c7e05d40c611c7c34ebac4715,CUDA,13040,13000,2026-10-08T13:38:53.415257+00:00,source,csr-alg5,0,0,,,,5,20,4,true
3,full-20261009-H100-SXM5-80GB-spmm-fp32-alphasparse-csr-alg5-n2,AlphaSparse-SpMM-CSR-ALG5,AlphaSparse SpMM CSR ALG5 [AlphaSparse 248af573c867cf4c7e05d40c611c7c34ebac4715],csr-alg5,AlphaSparse-SpMM-CSR,candidate,,,csr,csr,ALPHASPARSE_SPMM_CSR_ALG5,workspace-setup,spmm.csr.fp32,fp32,H100-SXM5-80GB,H100-SXM5-80GB,,67000.0,308bf16b-13aa-5a36-aa42-fdafa106bc58,suitesparse_all,DNVS/thread,thread,29736,29736,4470048,2,row-major,N,N,1.0,0.0,20260922,main,pass,pass,0,0,17880192.0,0.014529,0.050361597538,0.064890597538,0.051088047538,355.03623542737347,275.5436485159401,349.98777329864606,0.5299048289960798,0.41125917688946284,0.5223698108935017,AlphaSparse 248af573c867cf4c7e05d40c611c7c34ebac4715,CUDA,13040,13000,2026-10-08T13:34:58.824614+00:00,source,csr-alg5,0,0,,,,5,20,4,true
3,full-20261009-H100-SXM5-80GB-spmm-fp32-alphasparse-csr-alg5-n2,AlphaSparse-SpMM-CSR-ALG5,AlphaSparse SpMM CSR ALG5 [AlphaSparse 248af573c867cf4c7e05d40c611c7c34ebac4715],csr-alg5,AlphaSparse-SpMM-CSR,candidate,,,csr,csr,ALPHASPARSE_SPMM_CSR_ALG5,workspace-setup,spmm.csr.fp32,fp32,H100-SXM5-80GB,H100-SXM5-80GB,,67000.0,308bf16b-13aa-5a36-aa42-fdafa106bc58,suitesparse_all,DRIVCAV/cavity08,cavity08,1182,1182,32747,2,row-major,N,N,1.0,0.0,20260922,main,pass,pass,0,0,130988.0,0.00941,0.00861599966884,0.0180259996688,0.00908649966884,15.202878950160793,7.2666150231167705,14.4156721261095,0.0226908641047176,0.010845694064353388,0.02151592854643209,AlphaSparse 248af573c867cf4c7e05d40c611c7c34ebac4715,CUDA,13040,13000,2026-10-08T13:33:16.240660+00:00,source,csr-alg5,0,0,,,,5,20,4,true
3,full-20261009-H100-SXM5-80GB-spmm-fp32-alphasparse-csr-alg5-n2,AlphaSparse-SpMM-CSR-ALG5,AlphaSparse SpMM CSR ALG5 [AlphaSparse 248af573c867cf4c7e05d40c611c7c34ebac4715],csr-alg5,AlphaSparse-SpMM-CSR,candidate,,,csr,csr,ALPHASPARSE_SPMM_CSR_ALG5,workspace-setup,spmm.csr.fp32,fp32,H100-SXM5-80GB,H100-SXM5-80GB,,67000.0,43011b5b-eebc-56e1-9bb3-83faaf7aff5c,suitesparse_all,DRIVCAV/cavity14,cavity14,2597,2597,76367,2,row-major,N,N,1.0,0.0,20260922,main,pass,pass,0,0,305468.0,0.010233,0.00897120013833,0.0192042001383,0.00948285013833,34.04984787875474,15.906312046331376,32.21267820792486,0.05082066847575334,0.023740764248255785,0.048078624190932624,AlphaSparse 248af573c867cf4c7e05d40c611c7c34ebac4715,CUDA,13040,13000,2026-10-07T06:54:33.698368+00:00,source,csr-alg5,0,0,,,,5,20,4,true
3,full-20261009-H100-SXM5-80GB-spmm-fp32-alphasparse-csr-alg5-n2,AlphaSparse-SpMM-CSR-ALG5,AlphaSparse SpMM CSR ALG5 [AlphaSparse 248af573c867cf4c7e05d40c611c7c34ebac4715],csr-alg5,AlphaSparse-SpMM-CSR,candidate,,,csr,csr,ALPHASPARSE_SPMM_CSR_ALG5,workspace-setup,spmm.csr.fp32,fp32,H100-SXM5-80GB,H100-SXM5-80GB,,67000.0,308bf16b-13aa-5a36-aa42-fdafa106bc58,suitesparse_all,DRIVCAV/cavity24,cavity24,4562,4562,138187,2,row-major,N,N,1.0,0.0,20260922,main,pass,pass,0,0,552748.0,0.009814,0.00890880003572,0.0187228000357,0.00939950003572,62.04516857306782,29.52272090424717,58.80610648432851,0.09260472921353406,0.04406376254365249,0.08777030818556494,AlphaSparse 248af573c867cf4c7e05d40c611c7c34ebac4715,CUDA,13040,13000,2026-10-08T13:33:16.801678+00:00,source,csr-alg5,0,0,,,,5,20,4,true
3,full-20261009-H100-SXM5-80GB-spmm-fp32-alphasparse-csr-alg5-n2,AlphaSparse-SpMM-CSR-ALG5,AlphaSparse SpMM CSR ALG5 [AlphaSparse 248af573c867cf4c7e05d40c611c7c34ebac4715],csr-alg5,AlphaSparse-SpMM-CSR,candidate,,,csr,csr,ALPHASPARSE_SPMM_CSR_ALG5,workspace-setup,spmm.csr.fp32,fp32,H100-SXM5-80GB,H100-SXM5-80GB,,67000.0,308bf16b-13aa-5a36-aa42-fdafa106bc58,suitesparse_all,Dziekonski/dielFilterV3clx,dielFilterV3clx,420408,420408,32886208,2,row-major,N,N,1.0,0.0,20260922,main,pass,pass,0,0,131544832.0,0.178345,0.338953590393,0.517298590393,0.347870840393,388.09098274333144,254.2918817931889,378.1427378373821,0.5792402727512409,0.3795401220793864,0.5643921460259435,AlphaSparse 248af573c867cf4c7e05d40c611c7c34ebac4715,CUDA,13040,13000,2026-10-08T13:36:45.877047+00:00,source,csr-alg5,0,0,,,,5,20,4,true
3,full-20261009-H100-SXM5-80GB-spmm-fp32-alphasparse-csr-alg5-n2,AlphaSparse-SpMM-CSR-ALG5,AlphaSparse SpMM CSR ALG5 [AlphaSparse 248af573c867cf4c7e05d40c611c7c34ebac4715],csr-alg5,AlphaSparse-SpMM-CSR,candidate,,,csr,csr,ALPHASPARSE_SPMM_CSR_ALG5,workspace-setup,spmm.csr.fp32,fp32,H100-SXM5-80GB,H100-SXM5-80GB,,67000.0,43011b5b-eebc-56e1-9bb3-83faaf7aff5c,suitesparse_all,Dziekonski/gsm_106857,gsm_106857,589446,589446,21758924,2,row-major,N,N,1.0,0.0,20260922,main,pass,pass,0,0,87035696.0,0.163975,0.260500788689,0.424475788689,0.268699538689,334.1091458418114,205.04278057603963,323.9145717355973,0.49867036692807676,0.3060340008597606,0.483454584679996,AlphaSparse 248af573c867cf4c7e05d40c611c7c34ebac4715,CUDA,13040,13000,2026-10-07T06:57:30.570798+00:00,source,csr-alg5,0,0,,,,5,20,4,true
3,full-20261009-H100-SXM5-80GB-spmm-fp32-alphasparse-csr-alg5-n2,AlphaSparse-SpMM-CSR-ALG5,AlphaSparse SpMM CSR ALG5 [AlphaSparse 248af573c867cf4c7e05d40c611c7c34ebac4715],csr-alg5,AlphaSparse-SpMM-CSR,candidate,,,csr,csr,ALPHASPARSE_SPMM_CSR_ALG5,workspace-setup,spmm.csr.fp32,fp32,H100-SXM5-80GB,H100-SXM5-80GB,,67000.0,308bf16b-13aa-5a36-aa42-fdafa106bc58,suitesparse_all,FEMLAB/sme3Db,sme3Db,29067,29067,2081063,2,row-major,N,N,1.0,0.0,20260922,main,pass,pass,0,0,8324252.0,0.013457,0.0278384000063,0.0412954000063,0.0285112500063,299.0204896156449,201.57819027615807,291.96376862328475,0.44629923823230583,0.30086297056142997,0.43576681884072355,AlphaSparse 248af573c867cf4c7e05d40c611c7c34ebac4715,CUDA,13040,13000,2026-10-08T13:34:03.555958+00:00,source,csr-alg5,0,0,,,,5,20,4,true
3,full-20261009-H100-SXM5-80GB-spmm-fp32-alphasparse-csr-alg5-n2,AlphaSparse-SpMM-CSR-ALG5,AlphaSparse SpMM CSR ALG5 [AlphaSparse 248af573c867cf4c7e05d40c611c7c34ebac4715],csr-alg5,AlphaSparse-SpMM-CSR,candidate,,,csr,csr,ALPHASPARSE_SPMM_CSR_ALG5,workspace-setup,spmm.csr.fp32,fp32,H100-SXM5-80GB,H100-SXM5-80GB,,67000.0,43011b5b-eebc-56e1-9bb3-83faaf7aff5c,suitesparse_all,FIDAP/ex11,ex11,16614,16614,1096948,2,row-major,N,N,1.0,0.0,20260922,main,pass,pass,0,0,4387792.0,0.013708,0.0177711993456,0.0314791993456,0.0184565993456,246.9046638141719,139.38702671017276,237.73566938516424,0.3685144236032416,0.2080403383733922,0.3548293572912899,AlphaSparse 248af573c867cf4c7e05d40c611c7c34ebac4715,CUDA,13040,13000,2026-10-07T06:54:35.102828+00:00,source,csr-alg5,0,0,,,,5,20,4,true
3,full-20261009-H100-SXM5-80GB-spmm-fp32-alphasparse-csr-alg5-n2,AlphaSparse-SpMM-CSR-ALG5,AlphaSparse SpMM CSR ALG5 [AlphaSparse 248af573c867cf4c7e05d40c611c7c34ebac4715],csr-alg5,AlphaSparse-SpMM-CSR,candidate,,,csr,csr,ALPHASPARSE_SPMM_CSR_ALG5,workspace-setup,spmm.csr.fp32,fp32,H100-SXM5-80GB,H100-SXM5-80GB,,67000.0,308bf16b-13aa-5a36-aa42-fdafa106bc58,suitesparse_all,FIDAP/ex22,ex22,839,839,22715,2,row-major,N,N,1.0,0.0,20260922,main,pass,pass,0,0,90860.0,0.009187,0.00813120007515,0.0173182000751,0.00859055007515,11.174242320968084,5.246503655460011,10.576738300243653,0.0166779736133852,0.007830602470835836,0.01578617656752784,AlphaSparse 248af573c867cf4c7e05d40c611c7c34ebac4715,CUDA,13040,13000,2026-10-08T13:33:17.256523+00:00,source,csr-alg5,0,0,,,,5,20,4,true
3,full-20261009-H100-SXM5-80GB-spmm-fp32-alphasparse-csr-alg5-n2,AlphaSparse-SpMM-CSR-ALG5,AlphaSparse SpMM CSR ALG5 [AlphaSparse 248af573c867cf4c7e05d40c611c7c34ebac4715],csr-alg5,AlphaSparse-SpMM-CSR,candidate,,,csr,csr,ALPHASPARSE_SPMM_CSR_ALG5,workspace-setup,spmm.csr.fp32,fp32,H100-SXM5-80GB,H100-SXM5-80GB,,67000.0,43011b5b-eebc-56e1-9bb3-83faaf7aff5c,suitesparse_all,FIDAP/ex28,ex28,2603,2603,77781,2,row-major,N,N,1.0,0.0,20260922,main,pass,pass,0,0,311124.0,0.009052,0.00862400010228,0.0176760001023,0.00907660010228,36.076530184379926,17.60149344870826,34.27759254501552,0.05384556743937303,0.026270885744340687,0.05116058588808287,AlphaSparse 248af573c867cf4c7e05d40c611c7c34ebac4715,CUDA,13040,13000,2026-10-07T06:54:35.559377+00:00,source,csr-alg5,0,0,,,,5,20,4,true
3,full-20261009-H100-SXM5-80GB-spmm-fp32-alphasparse-csr-alg5-n2,AlphaSparse-SpMM-CSR-ALG5,AlphaSparse SpMM CSR ALG5 [AlphaSparse 248af573c867cf4c7e05d40c611c7c34ebac4715],csr-alg5,AlphaSparse-SpMM-CSR,candidate,,,csr,csr,ALPHASPARSE_SPMM_CSR_ALG5,workspace-setup,spmm.csr.fp32,fp32,H100-SXM5-80GB,H100-SXM5-80GB,,67000.0,308bf16b-13aa-5a36-aa42-fdafa106bc58,suitesparse_all,FIDAP/ex40,ex40,7740,7740,458012,2,row-major,N,N,1.0,0.0,20260922,main,pass,pass,0,0,1832048.0,0.013753,0.0122879996896,0.0260409996896,0.0129756496896,149.09245168280412,70.35244506114968,141.1912346453364,0.22252604728776734,0.1050036493449995,0.21073318603781555,AlphaSparse 248af573c867cf4c7e05d40c611c7c34ebac4715,CUDA,13040,13000,2026-10-08T13:33:18.105919+00:00,source,csr-alg5,0,0,,,,5,20,4,true
3,full-20261009-H100-SXM5-80GB-spmm-fp32-alphasparse-csr-alg5-n2,AlphaSparse-SpMM-CSR-ALG5,AlphaSparse SpMM CSR ALG5 [AlphaSparse 248af573c867cf4c7e05d40c611c7c34ebac4715],csr-alg5,AlphaSparse-SpMM-CSR,candidate,,,csr,csr,ALPHASPARSE_SPMM_CSR_ALG5,workspace-setup,spmm.csr.fp32,fp32,H100-SXM5-80GB,H100-SXM5-80GB,,67000.0,308bf16b-13aa-5a36-aa42-fdafa106bc58,suitesparse_all,FlowIPM22/Spielman_k600,Spielman_k600,72180402,72180402,216902404,2,row-major,N,N,1.0,0.0,20260922,main,pass,pass,0,0,867609616.0,0.174616,7.67664489746,7.85126089746,7.68537569746,113.01937598899087,110.50576809652124,112.89098284248396,0.168685635804464,0.16493398223361377,0.16849400424251337,AlphaSparse 248af573c867cf4c7e05d40c611c7c34ebac4715,CUDA,13040,13000,2026-10-08T13:45:32.480863+00:00,source,csr-alg5,0,0,,,,5,20,4,true
3,full-20261009-H100-SXM5-80GB-spmm-fp32-alphasparse-csr-alg5-n2,AlphaSparse-SpMM-CSR-ALG5,AlphaSparse SpMM CSR ALG5 [AlphaSparse 248af573c867cf4c7e05d40c611c7c34ebac4715],csr-alg5,AlphaSparse-SpMM-CSR,candidate,,,csr,csr,ALPHASPARSE_SPMM_CSR_ALG5,workspace-setup,spmm.csr.fp32,fp32,H100-SXM5-80GB,H100-SXM5-80GB,,67000.0,308bf16b-13aa-5a36-aa42-fdafa106bc58,suitesparse_all,Freescale/transient,transient,178866,178866,961790,2,row-major,N,N,1.0,0.0,20260922,main,pass,pass,0,0,3847160.0,0.017128,0.0197359994054,0.0368639994054,0.0205923994054,194.93109626601287,104.36089578051728,186.824270657413,0.2909419347253923,0.15576253101569743,0.27884219501106416,AlphaSparse 248af573c867cf4c7e05d40c611c7c34ebac4715,CUDA,13040,13000,2026-10-08T13:36:16.002866+00:00,source,csr-alg5,0,0,,,,5,20,4,true
3,full-20261009-H100-SXM5-80GB-spmm-fp32-alphasparse-csr-alg5-n2,AlphaSparse-SpMM-CSR-ALG5,AlphaSparse SpMM CSR ALG5 [AlphaSparse 248af573c867cf4c7e05d40c611c7c34ebac4715],csr-alg5,AlphaSparse-SpMM-CSR,candidate,,,csr,csr,ALPHASPARSE_SPMM_CSR_ALG5,workspace-setup,spmm.csr.fp32,fp32,H100-SXM5-80GB,H100-SXM5-80GB,,67000.0,308bf16b-13aa-5a36-aa42-fdafa106bc58,suitesparse_all,GHS_indef/bmw3_2,bmw3_2,227362,227362,11288630,2,row-major,N,N,1.0,0.0,20260922,main,pass,pass,0,0,45154520.0,0.024787,0.121379196644,0.146166196644,0.122618546644,372.0120189329995,308.9258736750031,368.25195890714394,0.5552418193029843,0.4610833935447808,0.5496297894136476,AlphaSparse 248af573c867cf4c7e05d40c611c7c34ebac4715,CUDA,13040,13000,2026-10-08T13:34:32.450154+00:00,source,csr-alg5,0,0,,,,5,20,4,true
3,full-20261009-H100-SXM5-80GB-spmm-fp32-alphasparse-csr-alg5-n2,AlphaSparse-SpMM-CSR-ALG5,AlphaSparse SpMM CSR ALG5 [AlphaSparse 248af573c867cf4c7e05d40c611c7c34ebac4715],csr-alg5,AlphaSparse-SpMM-CSR,candidate,,,csr,csr,ALPHASPARSE_SPMM_CSR_ALG5,workspace-setup,spmm.csr.fp32,fp32,H100-SXM5-80GB,H100-SXM5-80GB,,67000.0,308bf16b-13aa-5a36-aa42-fdafa106bc58,suitesparse_all,GHS_indef/bratu3d,bratu3d,27792,27792,173796,2,row-major,N,N,1.0,0.0,20260922,main,pass,pass,0,0,695184.0,0.012987,0.00928959995508,0.0222765999551,0.00993894995508,74.83465416827126,31.20691673779619,69.94541708550179,0.11169351368398694,0.04657748766835252,0.104396144903734,AlphaSparse 248af573c867cf4c7e05d40c611c7c34ebac4715,CUDA,13040,13000,2026-10-08T13:34:59.425107+00:00,source,csr-alg5,0,0,,,,5,20,4,true
3,full-20261009-H100-SXM5-80GB-spmm-fp32-alphasparse-csr-alg5-n2,AlphaSparse-SpMM-CSR-ALG5,AlphaSparse SpMM CSR ALG5 [AlphaSparse 248af573c867cf4c7e05d40c611c7c34ebac4715],csr-alg5,AlphaSparse-SpMM-CSR,candidate,,,csr,csr,ALPHASPARSE_SPMM_CSR_ALG5,workspace-setup,spmm.csr.fp32,fp32,H100-SXM5-80GB,H100-SXM5-80GB,,67000.0,43011b5b-eebc-56e1-9bb3-83faaf7aff5c,suitesparse_all,GHS_indef/c-68,c-68,64810,64810,566006,2,row-major,N,N,1.0,0.0,20260922,main,pass,pass,0,0,2264024.0,0.014477,0.0151840001345,0.0296610001345,0.0159078501345,149.1058996275854,76.32999527101633,142.3211798488043,0.22254611884714234,0.11392536607614377,0.2124196714161258,AlphaSparse 248af573c867cf4c7e05d40c611c7c34ebac4715,CUDA,13040,13000,2026-10-07T06:55:12.885308+00:00,source,csr-alg5,0,0,,,,5,20,4,true
3,full-20261009-H100-SXM5-80GB-spmm-fp32-alphasparse-csr-alg5-n2,AlphaSparse-SpMM-CSR-ALG5,AlphaSparse SpMM CSR ALG5 [AlphaSparse 248af573c867cf4c7e05d40c611c7c34ebac4715],csr-alg5,AlphaSparse-SpMM-CSR,candidate,,,csr,csr,ALPHASPARSE_SPMM_CSR_ALG5,workspace-setup,spmm.csr.fp32,fp32,H100-SXM5-80GB,H100-SXM5-80GB,,67000.0,308bf16b-13aa-5a36-aa42-fdafa106bc58,suitesparse_all,GHS_indef/exdata_1,exdata_1,6001,6001,2269501,2,row-major,N,N,1.0,0.0,20260922,main,pass,pass,0,0,9078004.0,0.014384,0.0295231997967,0.0439071997967,0.0302423997967,307.4871308839195,206.75433737594648,300.17472360082274,0.458936016244656,0.3085885632476813,0.44802197552361606,AlphaSparse 248af573c867cf4c7e05d40c611c7c34ebac4715,CUDA,13040,13000,2026-10-08T13:34:33.964933+00:00,source,csr-alg5,0,0,,,,5,20,4,true
3,full-20261009-H100-SXM5-80GB-spmm-fp32-alphasparse-csr-alg5-n2,AlphaSparse-SpMM-CSR-ALG5,AlphaSparse SpMM CSR ALG5 [AlphaSparse 248af573c867cf4c7e05d40c611c7c34ebac4715],csr-alg5,AlphaSparse-SpMM-CSR,candidate,,,csr,csr,ALPHASPARSE_SPMM_CSR_ALG5,workspace-setup,spmm.csr.fp32,fp32,H100-SXM5-80GB,H100-SXM5-80GB,,67000.0,43011b5b-eebc-56e1-9bb3-83faaf7aff5c,suitesparse_all,GHS_indef/mario002,mario002,389874,389874,2101242,2,row-major,N,N,1.0,0.0,20260922,main,pass,pass,0,0,8404968.0,0.016984,0.0339359998703,0.0509199998703,0.0347851998703,247.67114663257152,165.06221566002688,241.6248298511649,0.36965842780980823,0.24636151591048788,0.3606340744047237,AlphaSparse 248af573c867cf4c7e05d40c611c7c34ebac4715,CUDA,13040,13000,2026-10-07T06:55:14.486482+00:00,source,csr-alg5,0,0,,,,5,20,4,true
3,full-20261009-H100-SXM5-80GB-spmm-fp32-alphasparse-csr-alg5-n2,AlphaSparse-SpMM-CSR-ALG5,AlphaSparse SpMM CSR ALG5 [AlphaSparse 248af573c867cf4c7e05d40c611c7c34ebac4715],csr-alg5,AlphaSparse-SpMM-CSR,candidate,,,csr,csr,ALPHASPARSE_SPMM_CSR_ALG5,workspace-setup,spmm.csr.fp32,fp32,H100-SXM5-80GB,H100-SXM5-80GB,,67000.0,43011b5b-eebc-56e1-9bb3-83faaf7aff5c,suitesparse_all,GHS_indef/ncvxqp3,ncvxqp3,75000,75000,499964,2,row-major,N,N,1.0,0.0,20260922,main,pass,pass,0,0,1999856.0,0.013012,0.0139791995287,0.0269911995287,0.0146297995287,143.05940736407655,74.09289082812099,136.6974302058469,0.21352150352847246,0.1105864042210761,0.2040260152326073,AlphaSparse 248af573c867cf4c7e05d40c611c7c34ebac4715,CUDA,13040,13000,2026-10-07T06:55:22.292948+00:00,source,csr-alg5,0,0,,,,5,20,4,true
3,full-20261009-H100-SXM5-80GB-spmm-fp32-alphasparse-csr-alg5-n2,AlphaSparse-SpMM-CSR-ALG5,AlphaSparse SpMM CSR ALG5 [AlphaSparse 248af573c867cf4c7e05d40c611c7c34ebac4715],csr-alg5,AlphaSparse-SpMM-CSR,candidate,,,csr,csr,ALPHASPARSE_SPMM_CSR_ALG5,workspace-setup,spmm.csr.fp32,fp32,H100-SXM5-80GB,H100-SXM5-80GB,,67000.0,308bf16b-13aa-5a36-aa42-fdafa106bc58,suitesparse_all,GHS_indef/qpband,qpband,20000,20000,45000,2,row-major,N,N,1.0,0.0,20260922,main,pass,pass,0,0,180000.0,0.009423,0.00904960036278,0.0184726003628,0.00952075036278,19.890381097967595,9.744161431786443,18.90607285573667,0.029687135967115814,0.014543524525054393,0.02821801918766667,AlphaSparse 248af573c867cf4c7e05d40c611c7c34ebac4715,CUDA,13040,13000,2026-10-08T13:35:19.245024+00:00,source,csr-alg5,0,0,,,,5,20,4,true
3,full-20261009-H100-SXM5-80GB-spmm-fp32-alphasparse-csr-alg5-n2,AlphaSparse-SpMM-CSR-ALG5,AlphaSparse SpMM CSR ALG5 [AlphaSparse 248af573c867cf4c7e05d40c611c7c34ebac4715],csr-alg5,AlphaSparse-SpMM-CSR,candidate,,,csr,csr,ALPHASPARSE_SPMM_CSR_ALG5,workspace-setup,spmm.csr.fp32,fp32,H100-SXM5-80GB,H100-SXM5-80GB,,67000.0,308bf16b-13aa-5a36-aa42-fdafa106bc58,suitesparse_all,GHS_indef/turon_m,turon_m,189924,189924,1690876,2,row-major,N,N,1.0,0.0,20260922,main,pass,pass,0,0,6763504.0,0.017054,0.0236448004842,0.0406988004842,0.0244975004842,286.04614382428514,166.18435726688585,276.08955470221196,0.4269345430213211,0.2480363541296804,0.4120739622421074,AlphaSparse 248af573c867cf4c7e05d40c611c7c34ebac4715,CUDA,13040,13000,2026-10-08T13:34:35.477345+00:00,source,csr-alg5,0,0,,,,5,20,4,true
3,full-20261009-H100-SXM5-80GB-spmm-fp32-alphasparse-csr-alg5-n2,AlphaSparse-SpMM-CSR-ALG5,AlphaSparse SpMM CSR ALG5 [AlphaSparse 248af573c867cf4c7e05d40c611c7c34ebac4715],csr-alg5,AlphaSparse-SpMM-CSR,candidate,,,csr,csr,ALPHASPARSE_SPMM_CSR_ALG5,workspace-setup,spmm.csr.fp32,fp32,H100-SXM5-80GB,H100-SXM5-80GB,,67000.0,43011b5b-eebc-56e1-9bb3-83faaf7aff5c,suitesparse_all,GHS_psdef/crankseg_1,crankseg_1,52804,52804,10614210,2,row-major,N,N,1.0,0.0,20260922,main,pass,pass,0,0,42456840.0,0.014723,0.131451201439,0.146174201439,0.132187351439,322.98556068886234,290.45371605958576,321.18685742479977,0.4820680010281527,0.43351300904415785,0.479383369290746,AlphaSparse 248af573c867cf4c7e05d40c611c7c34ebac4715,CUDA,13040,13000,2026-10-07T06:55:19.869372+00:00,source,csr-alg5,0,0,,,,5,20,4,true
3,full-20261009-H100-SXM5-80GB-spmm-fp32-alphasparse-csr-alg5-n2,AlphaSparse-SpMM-CSR-ALG5,AlphaSparse SpMM CSR ALG5 [AlphaSparse 248af573c867cf4c7e05d40c611c7c34ebac4715],csr-alg5,AlphaSparse-SpMM-CSR,candidate,,,csr,csr,ALPHASPARSE_SPMM_CSR_ALG5,workspace-setup,spmm.csr.fp32,fp32,H100-SXM5-80GB,H100-SXM5-80GB,,67000.0,308bf16b-13aa-5a36-aa42-fdafa106bc58,suitesparse_all,GHS_psdef/inline_1,inline_1,503712,503712,36816342,2,row-major,N,N,1.0,0.0,20260922,main,pass,pass,0,0,147265368.0,0.158229,0.534532785416,0.692761785416,0.542444235416,275.50296636227984,212.57721066638786,271.4848059673126,0.4111984572571341,0.3172794189050565,0.4052012029362875,AlphaSparse 248af573c867cf4c7e05d40c611c7c34ebac4715,CUDA,13040,13000,2026-10-08T13:34:56.070954+00:00,source,csr-alg5,0,0,,,,5,20,4,true
3,full-20261009-H100-SXM5-80GB-spmm-fp32-alphasparse-csr-alg5-n2,AlphaSparse-SpMM-CSR-ALG5,AlphaSparse SpMM CSR ALG5 [AlphaSparse 248af573c867cf4c7e05d40c611c7c34ebac4715],csr-alg5,AlphaSparse-SpMM-CSR,candidate,,,csr,csr,ALPHASPARSE_SPMM_CSR_ALG5,workspace-setup,spmm.csr.fp32,fp32,H100-SXM5-80GB,H100-SXM5-80GB,,67000.0,43011b5b-eebc-56e1-9bb3-83faaf7aff5c,suitesparse_all,GHS_psdef/pwt,pwt,36519,36519,326107,2,row-major,N,N,1.0,0.0,20260922,main,pass,pass,0,0,1304428.0,0.012846,0.0120719999075,0.0249179999075,0.0127142999075,108.05401010561597,52.34882433751771,102.59534614489743,0.16127464194868055,0.07813257363808614,0.15312738230581707,AlphaSparse 248af573c867cf4c7e05d40c611c7c34ebac4715,CUDA,13040,13000,2026-10-07T06:55:20.560198+00:00,source,csr-alg5,0,0,,,,5,20,4,true
3,full-20261009-H100-SXM5-80GB-spmm-fp32-alphasparse-csr-alg5-n2,AlphaSparse-SpMM-CSR-ALG5,AlphaSparse SpMM CSR ALG5 [AlphaSparse 248af573c867cf4c7e05d40c611c7c34ebac4715],csr-alg5,AlphaSparse-SpMM-CSR,candidate,,,csr,csr,ALPHASPARSE_SPMM_CSR_ALG5,workspace-setup,spmm.csr.fp32,fp32,H100-SXM5-80GB,H100-SXM5-80GB,,67000.0,308bf16b-13aa-5a36-aa42-fdafa106bc58,suitesparse_all,GHS_psdef/torsion1,torsion1,40000,40000,197608,2,row-major,N,N,1.0,0.0,20260922,main,pass,pass,0,0,790432.0,0.013723,0.0095408000052,0.0232638000052,0.0102269500052,82.84755990788955,33.97690832208495,77.28912330637155,0.12365307448938738,0.050711803465798434,0.11535690045727097,AlphaSparse 248af573c867cf4c7e05d40c611c7c34ebac4715,CUDA,13040,13000,2026-10-08T13:34:59.962638+00:00,source,csr-alg5,0,0,,,,5,20,4,true
3,full-20261009-H100-SXM5-80GB-spmm-fp32-alphasparse-csr-alg5-n2,AlphaSparse-SpMM-CSR-ALG5,AlphaSparse SpMM CSR ALG5 [AlphaSparse 248af573c867cf4c7e05d40c611c7c34ebac4715],csr-alg5,AlphaSparse-SpMM-CSR,candidate,,,csr,csr,ALPHASPARSE_SPMM_CSR_ALG5,workspace-setup,spmm.csr.fp32,fp32,H100-SXM5-80GB,H100-SXM5-80GB,,67000.0,43011b5b-eebc-56e1-9bb3-83faaf7aff5c,suitesparse_all,GHS_psdef/wathen120,wathen120,36441,36441,565761,2,row-major,N,N,1.0,0.0,20260922,main,pass,pass,0,0,2263044.0,0.013549,0.0137935996056,0.0273425996056,0.0144710496056,164.06478835888763,82.76623410513275,156.3842334646029,0.24487281844610093,0.12353169269422798,0.23340930367851176,AlphaSparse 248af573c867cf4c7e05d40c611c7c34ebac4715,CUDA,13040,13000,2026-10-07T06:55:21.465724+00:00,source,csr-alg5,0,0,,,,5,20,4,true
3,full-20261009-H100-SXM5-80GB-spmm-fp32-alphasparse-csr-alg5-n2,AlphaSparse-SpMM-CSR-ALG5,AlphaSparse SpMM CSR ALG5 [AlphaSparse 248af573c867cf4c7e05d40c611c7c34ebac4715],csr-alg5,AlphaSparse-SpMM-CSR,candidate,,,csr,csr,ALPHASPARSE_SPMM_CSR_ALG5,workspace-setup,spmm.csr.fp32,fp32,H100-SXM5-80GB,H100-SXM5-80GB,,67000.0,43011b5b-eebc-56e1-9bb3-83faaf7aff5c,suitesparse_all,Gaertner/big,big,13209,13209,91465,2,row-major,N,N,1.0,0.0,20260922,main,pass,pass,0,0,365860.0,0.008962,0.00918719992042,0.0181491999204,0.00963529992042,39.822797279813024,20.158464373339527,37.970795203233514,0.05943701086539257,0.030087260258715713,0.05667282866154256,AlphaSparse 248af573c867cf4c7e05d40c611c7c34ebac4715,CUDA,13040,13000,2026-10-07T06:54:36.018303+00:00,source,csr-alg5,0,0,,,,5,20,4,true
3,full-20261009-H100-SXM5-80GB-spmm-fp32-alphasparse-csr-alg5-n2,AlphaSparse-SpMM-CSR-ALG5,AlphaSparse SpMM CSR ALG5 [AlphaSparse 248af573c867cf4c7e05d40c611c7c34ebac4715],csr-alg5,AlphaSparse-SpMM-CSR,candidate,,,csr,csr,ALPHASPARSE_SPMM_CSR_ALG5,workspace-setup,spmm.csr.fp32,fp32,H100-SXM5-80GB,H100-SXM5-80GB,,67000.0,43011b5b-eebc-56e1-9bb3-83faaf7aff5c,suitesparse_all,GenBank/kmer_V2a,kmer_V2a,55042369,55042369,117217600,2,row-major,N,N,1.0,0.0,20260922,main,pass,pass,0,0,468870400.0,0.163619,3.21791687012,3.38153587012,3.22609782012,145.70618786137732,138.65604802333837,145.3366965737448,0.21747192218116018,0.20694932540796773,0.2169204426473803,AlphaSparse 248af573c867cf4c7e05d40c611c7c34ebac4715,CUDA,13040,13000,2026-10-07T06:59:08.267872+00:00,source,csr-alg5,0,0,,,,5,20,4,true
3,full-20261009-H100-SXM5-80GB-spmm-fp32-alphasparse-csr-alg5-n2,AlphaSparse-SpMM-CSR-ALG5,AlphaSparse SpMM CSR ALG5 [AlphaSparse 248af573c867cf4c7e05d40c611c7c34ebac4715],csr-alg5,AlphaSparse-SpMM-CSR,candidate,,,csr,csr,ALPHASPARSE_SPMM_CSR_ALG5,workspace-setup,spmm.csr.fp32,fp32,H100-SXM5-80GB,H100-SXM5-80GB,,67000.0,308bf16b-13aa-5a36-aa42-fdafa106bc58,suitesparse_all,Gleich/wikipedia-20051105,wikipedia-20051105,1634989,1634989,19753078,2,row-major,N,N,1.0,0.0,20260922,main,pass,pass,0,0,79012312.0,0.167404,0.520864009857,0.688268009857,0.529234209857,151.6947043849168,114.79875697900913,149.29554916971307,0.22641000654465196,0.1713414283268793,0.2228291778652434,AlphaSparse 248af573c867cf4c7e05d40c611c7c34ebac4715,CUDA,13040,13000,2026-10-08T13:35:46.253965+00:00,source,csr-alg5,0,0,,,,5,20,4,true
3,full-20261009-H100-SXM5-80GB-spmm-fp32-alphasparse-csr-alg5-n2,AlphaSparse-SpMM-CSR-ALG5,AlphaSparse SpMM CSR ALG5 [AlphaSparse 248af573c867cf4c7e05d40c611c7c34ebac4715],csr-alg5,AlphaSparse-SpMM-CSR,candidate,,,csr,csr,ALPHASPARSE_SPMM_CSR_ALG5,workspace-setup,spmm.csr.fp32,fp32,H100-SXM5-80GB,H100-SXM5-80GB,,67000.0,308bf16b-13aa-5a36-aa42-fdafa106bc58,suitesparse_all,Goodwin/Goodwin_017,Goodwin_017,3317,3317,97773,2,row-major,N,N,1.0,0.0,20260922,main,pass,pass,0,0,391092.0,0.010178,0.0089840002358,0.0191620002358,0.0094929002358,43.53205584763371,20.409769083987918,41.19836828423609,0.06497321768303538,0.030462341916399877,0.06149010191677028,AlphaSparse 248af573c867cf4c7e05d40c611c7c34ebac4715,CUDA,13040,13000,2026-10-08T13:42:00.642917+00:00,source,csr-alg5,0,0,,,,5,20,4,true
3,full-20261009-H100-SXM5-80GB-spmm-fp32-alphasparse-csr-alg5-n2,AlphaSparse-SpMM-CSR-ALG5,AlphaSparse SpMM CSR ALG5 [AlphaSparse 248af573c867cf4c7e05d40c611c7c34ebac4715],csr-alg5,AlphaSparse-SpMM-CSR,candidate,,,csr,csr,ALPHASPARSE_SPMM_CSR_ALG5,workspace-setup,spmm.csr.fp32,fp32,H100-SXM5-80GB,H100-SXM5-80GB,,67000.0,43011b5b-eebc-56e1-9bb3-83faaf7aff5c,suitesparse_all,Goodwin/Goodwin_095,Goodwin_095,100037,100037,3226066,2,row-major,N,N,1.0,0.0,20260922,main,pass,pass,0,0,12904264.0,0.013521,0.0350032001734,0.0485242001734,0.0356792501734,368.65954930047633,265.9346048752363,361.67419262696654,0.550238133284293,0.3969173207093079,0.5398122278014426,AlphaSparse 248af573c867cf4c7e05d40c611c7c34ebac4715,CUDA,13040,13000,2026-10-07T06:59:11.551763+00:00,source,csr-alg5,0,0,,,,5,20,4,true
3,full-20261009-H100-SXM5-80GB-spmm-fp32-alphasparse-csr-alg5-n2,AlphaSparse-SpMM-CSR-ALG5,AlphaSparse SpMM CSR ALG5 [AlphaSparse 248af573c867cf4c7e05d40c611c7c34ebac4715],csr-alg5,AlphaSparse-SpMM-CSR,candidate,,,csr,csr,ALPHASPARSE_SPMM_CSR_ALG5,workspace-setup,spmm.csr.fp32,fp32,H100-SXM5-80GB,H100-SXM5-80GB,,67000.0,308bf16b-13aa-5a36-aa42-fdafa106bc58,suitesparse_all,Grund/b_dyn,b_dyn,1089,1089,4264,2,row-major,N,N,1.0,0.0,20260922,main,pass,pass,0,0,17056.0,0.009854,0.00906720012426,0.0189212001243,0.00955990012426,1.8810657938789004,0.9014227368218269,1.7841190575534647,0.0028075608863864184,0.0013454070698833238,0.002662864265005171,AlphaSparse 248af573c867cf4c7e05d40c611c7c34ebac4715,CUDA,13040,13000,2026-10-08T13:33:18.536287+00:00,source,csr-alg5,0,0,,,,5,20,4,true
3,full-20261009-H100-SXM5-80GB-spmm-fp32-alphasparse-csr-alg5-n2,AlphaSparse-SpMM-CSR-ALG5,AlphaSparse SpMM CSR ALG5 [AlphaSparse 248af573c867cf4c7e05d40c611c7c34ebac4715],csr-alg5,AlphaSparse-SpMM-CSR,candidate,,,csr,csr,ALPHASPARSE_SPMM_CSR_ALG5,workspace-setup,spmm.csr.fp32,fp32,H100-SXM5-80GB,H100-SXM5-80GB,,67000.0,43011b5b-eebc-56e1-9bb3-83faaf7aff5c,suitesparse_all,Grund/bayer06,bayer06,3008,3008,27576,2,row-major,N,N,1.0,0.0,20260922,main,pass,pass,0,0,110304.0,0.008829,0.00920640006661,0.0180354000666,0.00964785006661,11.981230361697325,6.115971899302276,11.433013494037217,0.01788243337566765,0.009128316267615337,0.017064199244831667,AlphaSparse 248af573c867cf4c7e05d40c611c7c34ebac4715,CUDA,13040,13000,2026-10-07T06:54:36.461332+00:00,source,csr-alg5,0,0,,,,5,20,4,true
3,full-20261009-H100-SXM5-80GB-spmm-fp32-alphasparse-csr-alg5-n2,AlphaSparse-SpMM-CSR-ALG5,AlphaSparse SpMM CSR ALG5 [AlphaSparse 248af573c867cf4c7e05d40c611c7c34ebac4715],csr-alg5,AlphaSparse-SpMM-CSR,candidate,,,csr,csr,ALPHASPARSE_SPMM_CSR_ALG5,workspace-setup,spmm.csr.fp32,fp32,H100-SXM5-80GB,H100-SXM5-80GB,,67000.0,308bf16b-13aa-5a36-aa42-fdafa106bc58,suitesparse_all,Grund/poli,poli,4008,4008,8188,2,row-major,N,N,1.0,0.0,20260922,main,pass,pass,0,0,32752.0,0.010014,0.0097199998796,0.0197339998796,0.0102206998796,3.3695473668408953,1.6596736697995698,3.204477226199679,0.005029175174389396,0.0024771248802978652,0.004782801830148774,AlphaSparse 248af573c867cf4c7e05d40c611c7c34ebac4715,CUDA,13040,13000,2026-10-08T13:33:18.985545+00:00,source,csr-alg5,0,0,,,,5,20,4,true
3,full-20261009-H100-SXM5-80GB-spmm-fp32-alphasparse-csr-alg5-n2,AlphaSparse-SpMM-CSR-ALG5,AlphaSparse SpMM CSR ALG5 [AlphaSparse 248af573c867cf4c7e05d40c611c7c34ebac4715],csr-alg5,AlphaSparse-SpMM-CSR,candidate,,,csr,csr,ALPHASPARSE_SPMM_CSR_ALG5,workspace-setup,spmm.csr.fp32,fp32,H100-SXM5-80GB,H100-SXM5-80GB,,67000.0,43011b5b-eebc-56e1-9bb3-83faaf7aff5c,suitesparse_all,Gset/G13,G13,800,800,3200,2,row-major,N,N,1.0,0.0,20260922,main,pass,pass,0,0,12800.0,0.008679,0.0081423997879,0.0168213997879,0.0085763497879,1.5720181191571334,0.760935484644228,1.4924764400420056,0.0023462957002345275,0.001135724603946609,0.002227576776182098,AlphaSparse 248af573c867cf4c7e05d40c611c7c34ebac4715,CUDA,13040,13000,2026-10-07T06:54:36.906700+00:00,source,csr-alg5,0,0,,,,5,20,4,true
3,full-20261009-H100-SXM5-80GB-spmm-fp32-alphasparse-csr-alg5-n2,AlphaSparse-SpMM-CSR-ALG5,AlphaSparse SpMM CSR ALG5 [AlphaSparse 248af573c867cf4c7e05d40c611c7c34ebac4715],csr-alg5,AlphaSparse-SpMM-CSR,candidate,,,csr,csr,ALPHASPARSE_SPMM_CSR_ALG5,workspace-setup,spmm.csr.fp32,fp32,H100-SXM5-80GB,H100-SXM5-80GB,,67000.0,308bf16b-13aa-5a36-aa42-fdafa106bc58,suitesparse_all,Gset/G22,G22,2000,2000,39980,2,row-major,N,N,1.0,0.0,20260922,main,pass,pass,0,0,159920.0,0.009342,0.00878880023956,0.0181308002396,0.00925590023956,18.195885176701456,8.820349785262879,17.277627876378467,0.027158037577166352,0.013164701172034148,0.025787504293102188,AlphaSparse 248af573c867cf4c7e05d40c611c7c34ebac4715,CUDA,13040,13000,2026-10-08T13:33:19.422054+00:00,source,csr-alg5,0,0,,,,5,20,4,true
3,full-20261009-H100-SXM5-80GB-spmm-fp32-alphasparse-csr-alg5-n2,AlphaSparse-SpMM-CSR-ALG5,AlphaSparse SpMM CSR ALG5 [AlphaSparse 248af573c867cf4c7e05d40c611c7c34ebac4715],csr-alg5,AlphaSparse-SpMM-CSR,candidate,,,csr,csr,ALPHASPARSE_SPMM_CSR_ALG5,workspace-setup,spmm.csr.fp32,fp32,H100-SXM5-80GB,H100-SXM5-80GB,,67000.0,43011b5b-eebc-56e1-9bb3-83faaf7aff5c,suitesparse_all,Gset/G28,G28,2000,2000,39980,2,row-major,N,N,1.0,0.0,20260922,main,pass,pass,0,0,159920.0,0.009624,0.00912799984217,0.0187519998422,0.00960919984217,17.519719847188583,8.528157068352346,16.642384654983513,0.02614883559281878,0.012728592639331859,0.024839380082064946,AlphaSparse 248af573c867cf4c7e05d40c611c7c34ebac4715,CUDA,13040,13000,2026-10-07T06:54:37.335984+00:00,source,csr-alg5,0,0,,,,5,20,4,true
3,full-20261009-H100-SXM5-80GB-spmm-fp32-alphasparse-csr-alg5-n2,AlphaSparse-SpMM-CSR-ALG5,AlphaSparse SpMM CSR ALG5 [AlphaSparse 248af573c867cf4c7e05d40c611c7c34ebac4715],csr-alg5,AlphaSparse-SpMM-CSR,candidate,,,csr,csr,ALPHASPARSE_SPMM_CSR_ALG5,workspace-setup,spmm.csr.fp32,fp32,H100-SXM5-80GB,H100-SXM5-80GB,,67000.0,308bf16b-13aa-5a36-aa42-fdafa106bc58,suitesparse_all,Gset/G37,G37,2000,2000,23570,2,row-major,N,N,1.0,0.0,20260922,main,pass,pass,0,0,94280.0,0.009624,0.00892319977283,0.0185471997728,0.00940439977283,10.565716603932877,5.083247129211618,10.02509487871643,0.015769726274526684,0.0075869360137486835,0.014962828177188702,AlphaSparse 248af573c867cf4c7e05d40c611c7c34ebac4715,CUDA,13040,13000,2026-10-08T13:33:19.861940+00:00,source,csr-alg5,0,0,,,,5,20,4,true
3,full-20261009-H100-SXM5-80GB-spmm-fp32-alphasparse-csr-alg5-n2,AlphaSparse-SpMM-CSR-ALG5,AlphaSparse SpMM CSR ALG5 [AlphaSparse 248af573c867cf4c7e05d40c611c7c34ebac4715],csr-alg5,AlphaSparse-SpMM-CSR,candidate,,,csr,csr,ALPHASPARSE_SPMM_CSR_ALG5,workspace-setup,spmm.csr.fp32,fp32,H100-SXM5-80GB,H100-SXM5-80GB,,67000.0,43011b5b-eebc-56e1-9bb3-83faaf7aff5c,suitesparse_all,Gset/G42,G42,2000,2000,23558,2,row-major,N,N,1.0,0.0,20260922,main,pass,pass,0,0,94232.0,0.00964,0.00897279977798,0.018612799778,0.00945479977798,10.501961743451936,5.06275257478354,9.96657805694247,0.015674569766346173,0.007556347126542597,0.014875489637227568,AlphaSparse 248af573c867cf4c7e05d40c611c7c34ebac4715,CUDA,13040,13000,2026-10-07T06:54:37.736309+00:00,source,csr-alg5,0,0,,,,5,20,4,true
3,full-20261009-H100-SXM5-80GB-spmm-fp32-alphasparse-csr-alg5-n2,AlphaSparse-SpMM-CSR-ALG5,AlphaSparse SpMM CSR ALG5 [AlphaSparse 248af573c867cf4c7e05d40c611c7c34ebac4715],csr-alg5,AlphaSparse-SpMM-CSR,candidate,,,csr,csr,ALPHASPARSE_SPMM_CSR_ALG5,workspace-setup,spmm.csr.fp32,fp32,H100-SXM5-80GB,H100-SXM5-80GB,,67000.0,308bf16b-13aa-5a36-aa42-fdafa106bc58,suitesparse_all,Gset/G51,G51,1000,1000,11818,2,row-major,N,N,1.0,0.0,20260922,main,pass,pass,0,0,47272.0,0.009041,0.00911199972034,0.0181529997203,0.00956404972034,5.187884268090838,2.6040875187772423,4.942676102934302,0.007743110847896774,0.0038866977892197648,0.0073771285118422415,AlphaSparse 248af573c867cf4c7e05d40c611c7c34ebac4715,CUDA,13040,13000,2026-10-08T13:33:20.271906+00:00,source,csr-alg5,0,0,,,,5,20,4,true
3,full-20261009-H100-SXM5-80GB-spmm-fp32-alphasparse-csr-alg5-n2,AlphaSparse-SpMM-CSR-ALG5,AlphaSparse SpMM CSR ALG5 [AlphaSparse 248af573c867cf4c7e05d40c611c7c34ebac4715],csr-alg5,AlphaSparse-SpMM-CSR,candidate,,,csr,csr,ALPHASPARSE_SPMM_CSR_ALG5,workspace-setup,spmm.csr.fp32,fp32,H100-SXM5-80GB,H100-SXM5-80GB,,67000.0,43011b5b-eebc-56e1-9bb3-83faaf7aff5c,suitesparse_all,Gset/G57,G57,5000,5000,20000,2,row-major,N,N,1.0,0.0,20260922,main,pass,pass,0,0,80000.0,0.009319,0.00826879963279,0.0175877996328,0.00873474963279,9.67492303027386,4.548607652477782,9.158820042154648,0.014440183627274417,0.006788966645489227,0.013669880659932309,AlphaSparse 248af573c867cf4c7e05d40c611c7c34ebac4715,CUDA,13040,13000,2026-10-07T06:54:38.148214+00:00,source,csr-alg5,0,0,,,,5,20,4,true
3,full-20261009-H100-SXM5-80GB-spmm-fp32-alphasparse-csr-alg5-n2,AlphaSparse-SpMM-CSR-ALG5,AlphaSparse SpMM CSR ALG5 [AlphaSparse 248af573c867cf4c7e05d40c611c7c34ebac4715],csr-alg5,AlphaSparse-SpMM-CSR,candidate,,,csr,csr,ALPHASPARSE_SPMM_CSR_ALG5,workspace-setup,spmm.csr.fp32,fp32,H100-SXM5-80GB,H100-SXM5-80GB,,67000.0,308bf16b-13aa-5a36-aa42-fdafa106bc58,suitesparse_all,Gset/G66,G66,9000,9000,36000,2,row-major,N,N,1.0,0.0,20260922,main,pass,pass,0,0,144000.0,0.009684,0.00845279991627,0.0181367999163,0.00893699991627,17.035775296517777,7.939658631321371,16.112789677646177,0.02542653029331011,0.011850236763166225,0.024048939817382355,AlphaSparse 248af573c867cf4c7e05d40c611c7c34ebac4715,CUDA,13040,13000,2026-10-08T13:33:20.700220+00:00,source,csr-alg5,0,0,,,,5,20,4,true
3,full-20261009-H100-SXM5-80GB-spmm-fp32-alphasparse-csr-alg5-n2,AlphaSparse-SpMM-CSR-ALG5,AlphaSparse SpMM CSR ALG5 [AlphaSparse 248af573c867cf4c7e05d40c611c7c34ebac4715],csr-alg5,AlphaSparse-SpMM-CSR,candidate,,,csr,csr,ALPHASPARSE_SPMM_CSR_ALG5,workspace-setup,spmm.csr.fp32,fp32,H100-SXM5-80GB,H100-SXM5-80GB,,67000.0,43011b5b-eebc-56e1-9bb3-83faaf7aff5c,suitesparse_all,Gupta/gupta2,gupta2,62064,62064,4248286,2,row-major,N,N,1.0,0.0,20260922,main,pass,pass,0,0,16993144.0,0.014523,0.0504559993744,0.0649789993744,0.0511821493744,336.7913471281248,261.5174773943171,332.01309846709046,0.502673652430037,0.3903245931258464,0.49554193801058277,AlphaSparse 248af573c867cf4c7e05d40c611c7c34ebac4715,CUDA,13040,13000,2026-10-07T06:54:39.779489+00:00,source,csr-alg5,0,0,,,,5,20,4,true
3,full-20261009-H100-SXM5-80GB-spmm-fp32-alphasparse-csr-alg5-n2,AlphaSparse-SpMM-CSR-ALG5,AlphaSparse SpMM CSR ALG5 [AlphaSparse 248af573c867cf4c7e05d40c611c7c34ebac4715],csr-alg5,AlphaSparse-SpMM-CSR,candidate,,,csr,csr,ALPHASPARSE_SPMM_CSR_ALG5,workspace-setup,spmm.csr.fp32,fp32,H100-SXM5-80GB,H100-SXM5-80GB,,67000.0,1704c989-a9ea-5adc-844f-b2c050c3df76,suitesparse_all,HB/494_bus,494_bus,494,494,1666,2,row-major,N,N,1.0,0.0,20260922,main,pass,pass,0,0,6664.0,0.005049,0.00860479995608,0.0136537999561,0.00885724995608,0.7744514729004636,0.48806925701462156,0.7523779991582537,0.0011558977207469605,0.0007284615776337635,0.0011229522375496323,AlphaSparse 248af573c867cf4c7e05d40c611c7c34ebac4715,CUDA,13040,13000,2026-10-07T22:42:40.705018+00:00,source,csr-alg5,0,0,,,,5,20,4,true
3,full-20261009-H100-SXM5-80GB-spmm-fp32-alphasparse-csr-alg5-n2,AlphaSparse-SpMM-CSR-ALG5,AlphaSparse SpMM CSR ALG5 [AlphaSparse 248af573c867cf4c7e05d40c611c7c34ebac4715],csr-alg5,AlphaSparse-SpMM-CSR,candidate,,,csr,csr,ALPHASPARSE_SPMM_CSR_ALG5,workspace-setup,spmm.csr.fp32,fp32,H100-SXM5-80GB,H100-SXM5-80GB,,67000.0,308bf16b-13aa-5a36-aa42-fdafa106bc58,suitesparse_all,HB/662_bus,662_bus,662,662,2474,2,row-major,N,N,1.0,0.0,20260922,main,pass,pass,0,0,9896.0,0.005508,0.0084207996726,0.0139287996726,0.0086961996726,1.175185301248773,0.7104704089805304,1.1379683508395435,0.0017540079123116012,0.0010604035954933288,0.001698460225133647,AlphaSparse 248af573c867cf4c7e05d40c611c7c34ebac4715,CUDA,13040,13000,2026-10-08T12:27:09.327235+00:00,source,csr-alg5,0,0,,,,5,20,4,true
3,full-20261009-H100-SXM5-80GB-spmm-fp32-alphasparse-csr-alg5-n2,AlphaSparse-SpMM-CSR-ALG5,AlphaSparse SpMM CSR ALG5 [AlphaSparse 248af573c867cf4c7e05d40c611c7c34ebac4715],csr-alg5,AlphaSparse-SpMM-CSR,candidate,,,csr,csr,ALPHASPARSE_SPMM_CSR_ALG5,workspace-setup,spmm.csr.fp32,fp32,H100-SXM5-80GB,H100-SXM5-80GB,,67000.0,43011b5b-eebc-56e1-9bb3-83faaf7aff5c,suitesparse_all,HB/ash331,ash331,331,104,662,2,row-major,N,N,1.0,0.0,20260922,main,pass,pass,0,0,2648.0,0.004865,0.00849919989705,0.0133641998971,0.00874244989705,0.31155873871364037,0.19814130440944763,0.30288992572820184,0.00046501304285617967,0.00029573329016335467,0.00045207451601224157,AlphaSparse 248af573c867cf4c7e05d40c611c7c34ebac4715,CUDA,13040,13000,2026-10-07T06:29:33.166024+00:00,source,csr-alg5,0,0,,,,5,20,4,true
3,full-20261009-H100-SXM5-80GB-spmm-fp32-alphasparse-csr-alg5-n2,AlphaSparse-SpMM-CSR-ALG5,AlphaSparse SpMM CSR ALG5 [AlphaSparse 248af573c867cf4c7e05d40c611c7c34ebac4715],csr-alg5,AlphaSparse-SpMM-CSR,candidate,,,csr,csr,ALPHASPARSE_SPMM_CSR_ALG5,workspace-setup,spmm.csr.fp32,fp32,H100-SXM5-80GB,H100-SXM5-80GB,,67000.0,eec5d446-31bf-518c-81c9-c5ac4034987c,suitesparse_all,HB/ash85,ash85,85,85,523,2,row-major,N,N,1.0,0.0,20260922,main,pass,pass,0,0,2092.0,0.003857,0.00863680019975,0.0124938001997,0.00882965019975,0.242219334894485,0.16744304907727217,0.23692897823508707,0.000361521395364903,0.00024991499862279427,0.0003536253406493837,AlphaSparse 248af573c867cf4c7e05d40c611c7c34ebac4715,CUDA,13040,13000,2026-10-07T11:03:03.921128+00:00,source,csr-alg5,0,0,,,,5,20,4,true
3,full-20261009-H100-SXM5-80GB-spmm-fp32-alphasparse-csr-alg5-n2,AlphaSparse-SpMM-CSR-ALG5,AlphaSparse SpMM CSR ALG5 [AlphaSparse 248af573c867cf4c7e05d40c611c7c34ebac4715],csr-alg5,AlphaSparse-SpMM-CSR,candidate,,,csr,csr,ALPHASPARSE_SPMM_CSR_ALG5,workspace-setup,spmm.csr.fp32,fp32,H100-SXM5-80GB,H100-SXM5-80GB,,67000.0,1704c989-a9ea-5adc-844f-b2c050c3df76,suitesparse_all,HB/bcspwr06,bcspwr06,1454,1454,5300,2,row-major,N,N,1.0,0.0,20260922,main,pass,pass,0,0,21200.0,0.005396,0.00884319990873,0.0142391999087,0.00911299990873,2.397322261037136,1.488847697618672,2.3263470001454722,0.0035780929269210986,0.0022221607427144355,0.0034721597017096603,AlphaSparse 248af573c867cf4c7e05d40c611c7c34ebac4715,CUDA,13040,13000,2026-10-07T22:42:41.804843+00:00,source,csr-alg5,0,0,,,,5,20,4,true
3,full-20261009-H100-SXM5-80GB-spmm-fp32-alphasparse-csr-alg5-n2,AlphaSparse-SpMM-CSR-ALG5,AlphaSparse SpMM CSR ALG5 [AlphaSparse 248af573c867cf4c7e05d40c611c7c34ebac4715],csr-alg5,AlphaSparse-SpMM-CSR,candidate,,,csr,csr,ALPHASPARSE_SPMM_CSR_ALG5,workspace-setup,spmm.csr.fp32,fp32,H100-SXM5-80GB,H100-SXM5-80GB,,67000.0,308bf16b-13aa-5a36-aa42-fdafa106bc58,suitesparse_all,HB/bcspwr07,bcspwr07,1612,1612,5824,2,row-major,N,N,1.0,0.0,20260922,main,pass,pass,0,0,23296.0,0.005183,0.00908960029483,0.0142726002948,0.00934875029483,2.562928978653807,1.6322183427561925,2.491883863117302,0.0038252671323191156,0.002436146780233123,0.003719229646443734,AlphaSparse 248af573c867cf4c7e05d40c611c7c34ebac4715,CUDA,13040,13000,2026-10-08T12:27:10.474443+00:00,source,csr-alg5,0,0,,,,5,20,4,true
3,full-20261009-H100-SXM5-80GB-spmm-fp32-alphasparse-csr-alg5-n2,AlphaSparse-SpMM-CSR-ALG5,AlphaSparse SpMM CSR ALG5 [AlphaSparse 248af573c867cf4c7e05d40c611c7c34ebac4715],csr-alg5,AlphaSparse-SpMM-CSR,candidate,,,csr,csr,ALPHASPARSE_SPMM_CSR_ALG5,workspace-setup,spmm.csr.fp32,fp32,H100-SXM5-80GB,H100-SXM5-80GB,,67000.0,43011b5b-eebc-56e1-9bb3-83faaf7aff5c,suitesparse_all,HB/bcsstk03,bcsstk03,112,112,640,2,row-major,N,N,1.0,0.0,20260922,main,pass,pass,0,0,2560.0,0.006473,0.00781600028276,0.0142890002828,0.00813965028276,0.32753325324804217,0.17915878993168832,0.31450982672095257,0.0004888556018627495,0.00026740117900251985,0.0004694176518223172,AlphaSparse 248af573c867cf4c7e05d40c611c7c34ebac4715,CUDA,13040,13000,2026-10-07T06:29:34.274876+00:00,source,csr-alg5,0,0,,,,5,20,4,true
3,full-20261009-H100-SXM5-80GB-spmm-fp32-alphasparse-csr-alg5-n2,AlphaSparse-SpMM-CSR-ALG5,AlphaSparse SpMM CSR ALG5 [AlphaSparse 248af573c867cf4c7e05d40c611c7c34ebac4715],csr-alg5,AlphaSparse-SpMM-CSR,candidate,,,csr,csr,ALPHASPARSE_SPMM_CSR_ALG5,workspace-setup,spmm.csr.fp32,fp32,H100-SXM5-80GB,H100-SXM5-80GB,,67000.0,eec5d446-31bf-518c-81c9-c5ac4034987c,suitesparse_all,HB/bcsstk05,bcsstk05,153,153,2423,2,row-major,N,N,1.0,0.0,20260922,main,pass,pass,0,0,9692.0,0.004263,0.0084399998188,0.0127029998188,0.0086531498188,1.1483412568814497,0.762969388195706,1.12005457006453,0.0017139421744499252,0.0011387602808891136,0.0016717232389022833,AlphaSparse 248af573c867cf4c7e05d40c611c7c34ebac4715,CUDA,13040,13000,2026-10-07T11:03:04.948804+00:00,source,csr-alg5,0,0,,,,5,20,4,true
3,full-20261009-H100-SXM5-80GB-spmm-fp32-alphasparse-csr-alg5-n2,AlphaSparse-SpMM-CSR-ALG5,AlphaSparse SpMM CSR ALG5 [AlphaSparse 248af573c867cf4c7e05d40c611c7c34ebac4715],csr-alg5,AlphaSparse-SpMM-CSR,candidate,,,csr,csr,ALPHASPARSE_SPMM_CSR_ALG5,workspace-setup,spmm.csr.fp32,fp32,H100-SXM5-80GB,H100-SXM5-80GB,,67000.0,1704c989-a9ea-5adc-844f-b2c050c3df76,suitesparse_all,HB/bcsstk12,bcsstk12,1473,1473,34241,2,row-major,N,N,1.0,0.0,20260922,main,pass,pass,0,0,136964.0,0.005312,0.00838079974055,0.0136927997406,0.00864639974055,16.342593098521117,10.002629308445464,15.840581526396981,0.024391929997792713,0.014929297475291736,0.02364265899462236,AlphaSparse 248af573c867cf4c7e05d40c611c7c34ebac4715,CUDA,13040,13000,2026-10-07T22:42:43.035077+00:00,source,csr-alg5,0,0,,,,5,20,4,true
3,full-20261009-H100-SXM5-80GB-spmm-fp32-alphasparse-csr-alg5-n2,AlphaSparse-SpMM-CSR-ALG5,AlphaSparse SpMM CSR ALG5 [AlphaSparse 248af573c867cf4c7e05d40c611c7c34ebac4715],csr-alg5,AlphaSparse-SpMM-CSR,candidate,,,csr,csr,ALPHASPARSE_SPMM_CSR_ALG5,workspace-setup,spmm.csr.fp32,fp32,H100-SXM5-80GB,H100-SXM5-80GB,,67000.0,308bf16b-13aa-5a36-aa42-fdafa106bc58,suitesparse_all,HB/bcsstk13,bcsstk13,2003,2003,83883,2,row-major,N,N,1.0,0.0,20260922,main,pass,pass,0,0,335532.0,0.009255,0.00865119993687,0.0179061999369,0.00911394993687,38.78444637142386,18.738314169527182,36.81521210058694,0.05788723339018487,0.02796763308884654,0.05494807776207006,AlphaSparse 248af573c867cf4c7e05d40c611c7c34ebac4715,CUDA,13040,13000,2026-10-08T12:27:11.793134+00:00,source,csr-alg5,0,0,,,,5,20,4,true
3,full-20261009-H100-SXM5-80GB-spmm-fp32-alphasparse-csr-alg5-n2,AlphaSparse-SpMM-CSR-ALG5,AlphaSparse SpMM CSR ALG5 [AlphaSparse 248af573c867cf4c7e05d40c611c7c34ebac4715],csr-alg5,AlphaSparse-SpMM-CSR,candidate,,,csr,csr,ALPHASPARSE_SPMM_CSR_ALG5,workspace-setup,spmm.csr.fp32,fp32,H100-SXM5-80GB,H100-SXM5-80GB,,67000.0,43011b5b-eebc-56e1-9bb3-83faaf7aff5c,suitesparse_all,HB/bcsstk19,bcsstk19,817,817,6853,2,row-major,N,N,1.0,0.0,20260922,main,pass,pass,0,0,27412.0,0.004943,0.00818559974432,0.0131285997443,0.00843274974432,3.3488077668372718,2.0879606762253053,3.2506597291664856,0.0049982205475183165,0.0031163592182467245,0.004851730939054456,AlphaSparse 248af573c867cf4c7e05d40c611c7c34ebac4715,CUDA,13040,13000,2026-10-07T06:29:35.331687+00:00,source,csr-alg5,0,0,,,,5,20,4,true
3,full-20261009-H100-SXM5-80GB-spmm-fp32-alphasparse-csr-alg5-n2,AlphaSparse-SpMM-CSR-ALG5,AlphaSparse SpMM CSR ALG5 [AlphaSparse 248af573c867cf4c7e05d40c611c7c34ebac4715],csr-alg5,AlphaSparse-SpMM-CSR,candidate,,,csr,csr,ALPHASPARSE_SPMM_CSR_ALG5,workspace-setup,spmm.csr.fp32,fp32,H100-SXM5-80GB,H100-SXM5-80GB,,67000.0,eec5d446-31bf-518c-81c9-c5ac4034987c,suitesparse_all,HB/bcsstk21,bcsstk21,3600,3600,26600,2,row-major,N,N,1.0,0.0,20260922,main,pass,pass,0,0,106400.0,0.004033,0.00887200012803,0.012905000128,0.00907365012803,11.9927861208931,8.244866249101676,11.726262143535033,0.01789968077745239,0.012305770521047277,0.017501883796320943,AlphaSparse 248af573c867cf4c7e05d40c611c7c34ebac4715,CUDA,13040,13000,2026-10-07T11:03:06.072213+00:00,source,csr-alg5,0,0,,,,5,20,4,true
3,full-20261009-H100-SXM5-80GB-spmm-fp32-alphasparse-csr-alg5-n2,AlphaSparse-SpMM-CSR-ALG5,AlphaSparse SpMM CSR ALG5 [AlphaSparse 248af573c867cf4c7e05d40c611c7c34ebac4715],csr-alg5,AlphaSparse-SpMM-CSR,candidate,,,csr,csr,ALPHASPARSE_SPMM_CSR_ALG5,workspace-setup,spmm.csr.fp32,fp32,H100-SXM5-80GB,H100-SXM5-80GB,,67000.0,308bf16b-13aa-5a36-aa42-fdafa106bc58,suitesparse_all,HB/bcsstk29,bcsstk29,13992,13992,619488,2,row-major,N,N,1.0,0.0,20260922,main,pass,pass,0,0,2477952.0,0.014652,0.0140239998698,0.0286759998698,0.0147565998698,176.69366963815713,86.41205228242603,167.92160944007384,0.26372189498232407,0.1289732123618299,0.25062926782100575,AlphaSparse 248af573c867cf4c7e05d40c611c7c34ebac4715,CUDA,13040,13000,2026-10-08T13:33:05.969632+00:00,source,csr-alg5,0,0,,,,5,20,4,true
3,full-20261009-H100-SXM5-80GB-spmm-fp32-alphasparse-csr-alg5-n2,AlphaSparse-SpMM-CSR-ALG5,AlphaSparse SpMM CSR ALG5 [AlphaSparse 248af573c867cf4c7e05d40c611c7c34ebac4715],csr-alg5,AlphaSparse-SpMM-CSR,candidate,,,csr,csr,ALPHASPARSE_SPMM_CSR_ALG5,workspace-setup,spmm.csr.fp32,fp32,H100-SXM5-80GB,H100-SXM5-80GB,,67000.0,43011b5b-eebc-56e1-9bb3-83faaf7aff5c,suitesparse_all,HB/bcsstm02,bcsstm02,66,66,66,2,row-major,N,N,1.0,0.0,20260922,main,pass,pass,0,0,264.0,0.008788,0.00784960016608,0.0166376001661,0.00828900016608,0.03363228628393165,0.015867673063685837,0.03184943837742131,5.019744221482336e-05,2.3683094124904235e-05,4.753647519018106e-05,AlphaSparse 248af573c867cf4c7e05d40c611c7c34ebac4715,CUDA,13040,13000,2026-10-07T06:54:23.951566+00:00,source,csr-alg5,0,0,,,,5,20,4,true
3,full-20261009-H100-SXM5-80GB-spmm-fp32-alphasparse-csr-alg5-n2,AlphaSparse-SpMM-CSR-ALG5,AlphaSparse SpMM CSR ALG5 [AlphaSparse 248af573c867cf4c7e05d40c611c7c34ebac4715],csr-alg5,AlphaSparse-SpMM-CSR,candidate,,,csr,csr,ALPHASPARSE_SPMM_CSR_ALG5,workspace-setup,spmm.csr.fp32,fp32,H100-SXM5-80GB,H100-SXM5-80GB,,67000.0,308bf16b-13aa-5a36-aa42-fdafa106bc58,suitesparse_all,HB/bcsstm12,bcsstm12,1473,1473,19659,2,row-major,N,N,1.0,0.0,20260922,main,pass,pass,0,0,78636.0,0.010437,0.00810879990458,0.0185457999046,0.00863064990458,9.697612584518819,4.240097510191273,9.111248963797093,0.014474048633610176,0.006328503746554139,0.013598879050443423,AlphaSparse 248af573c867cf4c7e05d40c611c7c34ebac4715,CUDA,13040,13000,2026-10-08T13:33:06.464819+00:00,source,csr-alg5,0,0,,,,5,20,4,true
3,full-20261009-H100-SXM5-80GB-spmm-fp32-alphasparse-csr-alg5-n2,AlphaSparse-SpMM-CSR-ALG5,AlphaSparse SpMM CSR ALG5 [AlphaSparse 248af573c867cf4c7e05d40c611c7c34ebac4715],csr-alg5,AlphaSparse-SpMM-CSR,candidate,,,csr,csr,ALPHASPARSE_SPMM_CSR_ALG5,workspace-setup,spmm.csr.fp32,fp32,H100-SXM5-80GB,H100-SXM5-80GB,,67000.0,43011b5b-eebc-56e1-9bb3-83faaf7aff5c,suitesparse_all,HB/bcsstm23,bcsstm23,3134,3134,3134,2,row-major,N,N,1.0,0.0,20260922,main,pass,pass,0,0,12536.0,0.009948,0.00940639972687,0.0193543997269,0.00990379972687,1.3327096831947396,0.6477080238544756,1.2657768074599265,0.0019891189301414025,0.0009667283938126501,0.0018892191156118306,AlphaSparse 248af573c867cf4c7e05d40c611c7c34ebac4715,CUDA,13040,13000,2026-10-07T06:54:24.375045+00:00,source,csr-alg5,0,0,,,,5,20,4,true
3,full-20261009-H100-SXM5-80GB-spmm-fp32-alphasparse-csr-alg5-n2,AlphaSparse-SpMM-CSR-ALG5,AlphaSparse SpMM CSR ALG5 [AlphaSparse 248af573c867cf4c7e05d40c611c7c34ebac4715],csr-alg5,AlphaSparse-SpMM-CSR,candidate,,,csr,csr,ALPHASPARSE_SPMM_CSR_ALG5,workspace-setup,spmm.csr.fp32,fp32,H100-SXM5-80GB,H100-SXM5-80GB,,67000.0,308bf16b-13aa-5a36-aa42-fdafa106bc58,suitesparse_all,HB/bp_1000,bp_1000,822,822,4661,2,row-major,N,N,1.0,0.0,20260922,main,pass,pass,0,0,18644.0,0.010266,0.00901279971004,0.01927879971,0.00952609971004,2.0686135939791406,0.9670726539230176,1.957149365164656,0.0030874829760882696,0.0014433920207806233,0.002921118455469636,AlphaSparse 248af573c867cf4c7e05d40c611c7c34ebac4715,CUDA,13040,13000,2026-10-08T13:33:06.932820+00:00,source,csr-alg5,0,0,,,,5,20,4,true
3,full-20261009-H100-SXM5-80GB-spmm-fp32-alphasparse-csr-alg5-n2,AlphaSparse-SpMM-CSR-ALG5,AlphaSparse SpMM CSR ALG5 [AlphaSparse 248af573c867cf4c7e05d40c611c7c34ebac4715],csr-alg5,AlphaSparse-SpMM-CSR,candidate,,,csr,csr,ALPHASPARSE_SPMM_CSR_ALG5,workspace-setup,spmm.csr.fp32,fp32,H100-SXM5-80GB,H100-SXM5-80GB,,67000.0,43011b5b-eebc-56e1-9bb3-83faaf7aff5c,suitesparse_all,HB/bp_600,bp_600,822,822,4172,2,row-major,N,N,1.0,0.0,20260922,main,pass,pass,0,0,16688.0,0.009558,0.00884480029345,0.0184028002934,0.00932270029345,1.886758258675243,0.9068185131577504,1.790039309933063,0.0028160571025003626,0.0013534604673996274,0.002671700462586661,AlphaSparse 248af573c867cf4c7e05d40c611c7c34ebac4715,CUDA,13040,13000,2026-10-07T06:54:24.846233+00:00,source,csr-alg5,0,0,,,,5,20,4,true
3,full-20261009-H100-SXM5-80GB-spmm-fp32-alphasparse-csr-alg5-n2,AlphaSparse-SpMM-CSR-ALG5,AlphaSparse SpMM CSR ALG5 [AlphaSparse 248af573c867cf4c7e05d40c611c7c34ebac4715],csr-alg5,AlphaSparse-SpMM-CSR,candidate,,,csr,csr,ALPHASPARSE_SPMM_CSR_ALG5,workspace-setup,spmm.csr.fp32,fp32,H100-SXM5-80GB,H100-SXM5-80GB,,67000.0,308bf16b-13aa-5a36-aa42-fdafa106bc58,suitesparse_all,HB/can_268,can_268,268,268,3082,2,row-major,N,N,1.0,0.0,20260922,main,pass,pass,0,0,12328.0,0.009896,0.00873280018568,0.0186288001857,0.00922760018568,1.4116892334506164,0.6617710146176415,1.335991997045061,0.0021069988558964424,0.0009877179322651368,0.0019940179060374047,AlphaSparse 248af573c867cf4c7e05d40c611c7c34ebac4715,CUDA,13040,13000,2026-10-08T13:33:07.400800+00:00,source,csr-alg5,0,0,,,,5,20,4,true
3,full-20261009-H100-SXM5-80GB-spmm-fp32-alphasparse-csr-alg5-n2,AlphaSparse-SpMM-CSR-ALG5,AlphaSparse SpMM CSR ALG5 [AlphaSparse 248af573c867cf4c7e05d40c611c7c34ebac4715],csr-alg5,AlphaSparse-SpMM-CSR,candidate,,,csr,csr,ALPHASPARSE_SPMM_CSR_ALG5,workspace-setup,spmm.csr.fp32,fp32,H100-SXM5-80GB,H100-SXM5-80GB,,67000.0,43011b5b-eebc-56e1-9bb3-83faaf7aff5c,suitesparse_all,HB/can_715,can_715,715,715,6665,2,row-major,N,N,1.0,0.0,20260922,main,pass,pass,0,0,26660.0,0.009947,0.00863360017538,0.0185806001754,0.00913095017538,3.0879354450562775,1.434829862777889,2.919739949067294,0.0046088588732183244,0.002141537108623715,0.0043578208195034236,AlphaSparse 248af573c867cf4c7e05d40c611c7c34ebac4715,CUDA,13040,13000,2026-10-07T06:54:25.372742+00:00,source,csr-alg5,0,0,,,,5,20,4,true
3,full-20261009-H100-SXM5-80GB-spmm-fp32-alphasparse-csr-alg5-n2,AlphaSparse-SpMM-CSR-ALG5,AlphaSparse SpMM CSR ALG5 [AlphaSparse 248af573c867cf4c7e05d40c611c7c34ebac4715],csr-alg5,AlphaSparse-SpMM-CSR,candidate,,,csr,csr,ALPHASPARSE_SPMM_CSR_ALG5,workspace-setup,spmm.csr.fp32,fp32,H100-SXM5-80GB,H100-SXM5-80GB,,67000.0,308bf16b-13aa-5a36-aa42-fdafa106bc58,suitesparse_all,HB/dwt_198,dwt_198,198,198,1392,2,row-major,N,N,1.0,0.0,20260922,main,pass,pass,0,0,5568.0,0.010181,0.00882560014725,0.0190066001472,0.00933465014725,0.6308919401628402,0.29295086742908427,0.5964872718492122,0.0009416297614370749,0.00043724010064042425,0.0008902795102227048,AlphaSparse 248af573c867cf4c7e05d40c611c7c34ebac4715,CUDA,13040,13000,2026-10-08T13:33:07.883696+00:00,source,csr-alg5,0,0,,,,5,20,4,true
3,full-20261009-H100-SXM5-80GB-spmm-fp32-alphasparse-csr-alg5-n2,AlphaSparse-SpMM-CSR-ALG5,AlphaSparse SpMM CSR ALG5 [AlphaSparse 248af573c867cf4c7e05d40c611c7c34ebac4715],csr-alg5,AlphaSparse-SpMM-CSR,candidate,,,csr,csr,ALPHASPARSE_SPMM_CSR_ALG5,workspace-setup,spmm.csr.fp32,fp32,H100-SXM5-80GB,H100-SXM5-80GB,,67000.0,43011b5b-eebc-56e1-9bb3-83faaf7aff5c,suitesparse_all,HB/dwt_307,dwt_307,307,307,2523,2,row-major,N,N,1.0,0.0,20260922,main,pass,pass,0,0,10092.0,0.010083,0.00838399976492,0.0184669997649,0.00888814976492,1.2037214077970932,0.546488337492793,1.1354444138454314,0.0017965991161150647,0.0008156542350638701,0.0016946931549931812,AlphaSparse 248af573c867cf4c7e05d40c611c7c34ebac4715,CUDA,13040,13000,2026-10-07T06:54:25.784340+00:00,source,csr-alg5,0,0,,,,5,20,4,true
3,full-20261009-H100-SXM5-80GB-spmm-fp32-alphasparse-csr-alg5-n2,AlphaSparse-SpMM-CSR-ALG5,AlphaSparse SpMM CSR ALG5 [AlphaSparse 248af573c867cf4c7e05d40c611c7c34ebac4715],csr-alg5,AlphaSparse-SpMM-CSR,candidate,,,csr,csr,ALPHASPARSE_SPMM_CSR_ALG5,workspace-setup,spmm.csr.fp32,fp32,H100-SXM5-80GB,H100-SXM5-80GB,,67000.0,308bf16b-13aa-5a36-aa42-fdafa106bc58,suitesparse_all,HB/dwt_607,dwt_607,607,607,5131,2,row-major,N,N,1.0,0.0,20260922,main,pass,pass,0,0,20524.0,0.009807,0.00874880030751,0.0185558003075,0.00923915030751,2.345921643951815,1.106069243033645,2.221416398358317,0.003501375587987784,0.001650849616468127,0.0033155468632213685,AlphaSparse 248af573c867cf4c7e05d40c611c7c34ebac4715,CUDA,13040,13000,2026-10-08T13:33:08.312234+00:00,source,csr-alg5,0,0,,,,5,20,4,true
3,full-20261009-H100-SXM5-80GB-spmm-fp32-alphasparse-csr-alg5-n2,AlphaSparse-SpMM-CSR-ALG5,AlphaSparse SpMM CSR ALG5 [AlphaSparse 248af573c867cf4c7e05d40c611c7c34ebac4715],csr-alg5,AlphaSparse-SpMM-CSR,candidate,,,csr,csr,ALPHASPARSE_SPMM_CSR_ALG5,workspace-setup,spmm.csr.fp32,fp32,H100-SXM5-80GB,H100-SXM5-80GB,,67000.0,43011b5b-eebc-56e1-9bb3-83faaf7aff5c,suitesparse_all,HB/dwt_878,dwt_878,878,878,7448,2,row-major,N,N,1.0,0.0,20260922,main,pass,pass,0,0,29792.0,0.009338,0.00882240012288,0.0181604001229,0.00928930012288,3.3768588575729486,1.6404924890632075,3.2071307424572115,0.005040087847123804,0.0024484962523331454,0.004786762302174943,AlphaSparse 248af573c867cf4c7e05d40c611c7c34ebac4715,CUDA,13040,13000,2026-10-07T06:54:26.198530+00:00,source,csr-alg5,0,0,,,,5,20,4,true
3,full-20261009-H100-SXM5-80GB-spmm-fp32-alphasparse-csr-alg5-n2,AlphaSparse-SpMM-CSR-ALG5,AlphaSparse SpMM CSR ALG5 [AlphaSparse 248af573c867cf4c7e05d40c611c7c34ebac4715],csr-alg5,AlphaSparse-SpMM-CSR,candidate,,,csr,csr,ALPHASPARSE_SPMM_CSR_ALG5,workspace-setup,spmm.csr.fp32,fp32,H100-SXM5-80GB,H100-SXM5-80GB,,67000.0,308bf16b-13aa-5a36-aa42-fdafa106bc58,suitesparse_all,HB/fs_541_3,fs_541_3,541,541,4285,2,row-major,N,N,1.0,0.0,20260922,main,pass,pass,0,0,17140.0,0.009987,0.00857599973679,0.0185629997368,0.00907534973679,1.9986008076086426,0.9233421452902899,1.8886324491184303,0.002982986280012899,0.0013781226049108804,0.002818854401669299,AlphaSparse 248af573c867cf4c7e05d40c611c7c34ebac4715,CUDA,13040,13000,2026-10-08T13:33:08.740608+00:00,source,csr-alg5,0,0,,,,5,20,4,true
3,full-20261009-H100-SXM5-80GB-spmm-fp32-alphasparse-csr-alg5-n2,AlphaSparse-SpMM-CSR-ALG5,AlphaSparse SpMM CSR ALG5 [AlphaSparse 248af573c867cf4c7e05d40c611c7c34ebac4715],csr-alg5,AlphaSparse-SpMM-CSR,candidate,,,csr,csr,ALPHASPARSE_SPMM_CSR_ALG5,workspace-setup,spmm.csr.fp32,fp32,H100-SXM5-80GB,H100-SXM5-80GB,,67000.0,43011b5b-eebc-56e1-9bb3-83faaf7aff5c,suitesparse_all,HB/fs_760_2,fs_760_2,760,760,5976,2,row-major,N,N,1.0,0.0,20260922,main,pass,pass,0,0,23904.0,0.009949,0.00877759978175,0.0187265997818,0.00927504978175,2.7232957293974764,1.2764730532251674,2.577236841039341,0.004064620491638025,0.0019051836615301004,0.0038466221508049866,AlphaSparse 248af573c867cf4c7e05d40c611c7c34ebac4715,CUDA,13040,13000,2026-10-07T06:54:26.666509+00:00,source,csr-alg5,0,0,,,,5,20,4,true
3,full-20261009-H100-SXM5-80GB-spmm-fp32-alphasparse-csr-alg5-n2,AlphaSparse-SpMM-CSR-ALG5,AlphaSparse SpMM CSR ALG5 [AlphaSparse 248af573c867cf4c7e05d40c611c7c34ebac4715],csr-alg5,AlphaSparse-SpMM-CSR,candidate,,,csr,csr,ALPHASPARSE_SPMM_CSR_ALG5,workspace-setup,spmm.csr.fp32,fp32,H100-SXM5-80GB,H100-SXM5-80GB,,67000.0,308bf16b-13aa-5a36-aa42-fdafa106bc58,suitesparse_all,HB/gre_216a,gre_216a,216,216,876,2,row-major,N,N,1.0,0.0,20260922,main,pass,pass,0,0,3504.0,0.009842,0.0080208003521,0.0178628003521,0.0085129003521,0.4368641340240548,0.19616185205742728,0.4116105974546756,0.000652036020931425,0.0002927788836678019,0.0006143441753054859,AlphaSparse 248af573c867cf4c7e05d40c611c7c34ebac4715,CUDA,13040,13000,2026-10-08T13:33:09.176669+00:00,source,csr-alg5,0,0,,,,5,20,4,true
3,full-20261009-H100-SXM5-80GB-spmm-fp32-alphasparse-csr-alg5-n2,AlphaSparse-SpMM-CSR-ALG5,AlphaSparse SpMM CSR ALG5 [AlphaSparse 248af573c867cf4c7e05d40c611c7c34ebac4715],csr-alg5,AlphaSparse-SpMM-CSR,candidate,,,csr,csr,ALPHASPARSE_SPMM_CSR_ALG5,workspace-setup,spmm.csr.fp32,fp32,H100-SXM5-80GB,H100-SXM5-80GB,,67000.0,43011b5b-eebc-56e1-9bb3-83faaf7aff5c,suitesparse_all,HB/illc1033,illc1033,1033,320,4732,2,row-major,N,N,1.0,0.0,20260922,main,pass,pass,0,0,18928.0,0.010087,0.00822720006108,0.0183142000611,0.00873155006108,2.300661204234201,1.0335149740011704,2.167770884618717,0.003433822692886867,0.0015425596626883142,0.0032354789322667416,AlphaSparse 248af573c867cf4c7e05d40c611c7c34ebac4715,CUDA,13040,13000,2026-10-07T06:54:27.074601+00:00,source,csr-alg5,0,0,,,,5,20,4,true
3,full-20261009-H100-SXM5-80GB-spmm-fp32-alphasparse-csr-alg5-n2,AlphaSparse-SpMM-CSR-ALG5,AlphaSparse SpMM CSR ALG5 [AlphaSparse 248af573c867cf4c7e05d40c611c7c34ebac4715],csr-alg5,AlphaSparse-SpMM-CSR,candidate,,,csr,csr,ALPHASPARSE_SPMM_CSR_ALG5,workspace-setup,spmm.csr.fp32,fp32,H100-SXM5-80GB,H100-SXM5-80GB,,67000.0,308bf16b-13aa-5a36-aa42-fdafa106bc58,suitesparse_all,HB/jagmesh4,jagmesh4,1440,1440,9504,2,row-major,N,N,1.0,0.0,20260922,main,pass,pass,0,0,38016.0,0.009662,0.0080016002059,0.0176636002059,0.0084847002059,4.751049667786302,2.1522226248815284,4.48053544349921,0.007091118907143734,0.003212272574450042,0.006687366333580911,AlphaSparse 248af573c867cf4c7e05d40c611c7c34ebac4715,CUDA,13040,13000,2026-10-08T13:33:09.593316+00:00,source,csr-alg5,0,0,,,,5,20,4,true
3,full-20261009-H100-SXM5-80GB-spmm-fp32-alphasparse-csr-alg5-n2,AlphaSparse-SpMM-CSR-ALG5,AlphaSparse SpMM CSR ALG5 [AlphaSparse 248af573c867cf4c7e05d40c611c7c34ebac4715],csr-alg5,AlphaSparse-SpMM-CSR,candidate,,,csr,csr,ALPHASPARSE_SPMM_CSR_ALG5,workspace-setup,spmm.csr.fp32,fp32,H100-SXM5-80GB,H100-SXM5-80GB,,67000.0,43011b5b-eebc-56e1-9bb3-83faaf7aff5c,suitesparse_all,HB/jgl009,jgl009,9,9,50,2,row-major,N,N,1.0,0.0,20260922,main,pass,pass,0,0,200.0,0.008475,0.00799520015717,0.0164702001572,0.00841895015717,0.025015008513657084,0.012143143258193457,0.02375593111567123,3.733583360247326e-05,1.8124094415214113e-05,3.545661360547945e-05,AlphaSparse 248af573c867cf4c7e05d40c611c7c34ebac4715,CUDA,13040,13000,2026-10-07T06:54:27.464429+00:00,source,csr-alg5,0,0,,,,5,20,4,true
3,full-20261009-H100-SXM5-80GB-spmm-fp32-alphasparse-csr-alg5-n2,AlphaSparse-SpMM-CSR-ALG5,AlphaSparse SpMM CSR ALG5 [AlphaSparse 248af573c867cf4c7e05d40c611c7c34ebac4715],csr-alg5,AlphaSparse-SpMM-CSR,candidate,,,csr,csr,ALPHASPARSE_SPMM_CSR_ALG5,workspace-setup,spmm.csr.fp32,fp32,H100-SXM5-80GB,H100-SXM5-80GB,,67000.0,43011b5b-eebc-56e1-9bb3-83faaf7aff5c,suitesparse_all,HB/lap_25,lap_25,25,25,169,2,row-major,N,N,1.0,0.0,20260922,main,pass,pass,0,0,676.0,0.009267,0.00862559974194,0.0178925997419,0.00908894974194,0.078371362018238,0.03778098262696711,0.07437603014577904,0.00011697218211677312,5.638952630890612e-05,0.00011100900021758064,AlphaSparse 248af573c867cf4c7e05d40c611c7c34ebac4715,CUDA,13040,13000,2026-10-07T06:55:08.633717+00:00,source,csr-alg5,0,0,,,,5,20,4,true
3,full-20261009-H100-SXM5-80GB-spmm-fp32-alphasparse-csr-alg5-n2,AlphaSparse-SpMM-CSR-ALG5,AlphaSparse SpMM CSR ALG5 [AlphaSparse 248af573c867cf4c7e05d40c611c7c34ebac4715],csr-alg5,AlphaSparse-SpMM-CSR,candidate,,,csr,csr,ALPHASPARSE_SPMM_CSR_ALG5,workspace-setup,spmm.csr.fp32,fp32,H100-SXM5-80GB,H100-SXM5-80GB,,67000.0,308bf16b-13aa-5a36-aa42-fdafa106bc58,suitesparse_all,HB/lshp1270,lshp1270,1270,1270,8668,2,row-major,N,N,1.0,0.0,20260922,main,pass,pass,0,0,34672.0,0.009522,0.00869439989328,0.0182163998933,0.00917049989328,3.9878542999613327,1.9033398587583914,3.7808189742641076,0.00595202134322587,0.0028408057593408823,0.005643013394424041,AlphaSparse 248af573c867cf4c7e05d40c611c7c34ebac4715,CUDA,13040,13000,2026-10-08T13:33:10.024355+00:00,source,csr-alg5,0,0,,,,5,20,4,true
3,full-20261009-H100-SXM5-80GB-spmm-fp32-alphasparse-csr-alg5-n2,AlphaSparse-SpMM-CSR-ALG5,AlphaSparse SpMM CSR ALG5 [AlphaSparse 248af573c867cf4c7e05d40c611c7c34ebac4715],csr-alg5,AlphaSparse-SpMM-CSR,candidate,,,csr,csr,ALPHASPARSE_SPMM_CSR_ALG5,workspace-setup,spmm.csr.fp32,fp32,H100-SXM5-80GB,H100-SXM5-80GB,,67000.0,43011b5b-eebc-56e1-9bb3-83faaf7aff5c,suitesparse_all,HB/lshp3466,lshp3466,3466,3466,23896,2,row-major,N,N,1.0,0.0,20260922,main,pass,pass,0,0,95584.0,0.009199,0.00817760005593,0.0173766000559,0.00863755005593,11.688514887774085,5.5007308502531655,11.066100848165624,0.017445544608618038,0.008210046045153978,0.016516568430097946,AlphaSparse 248af573c867cf4c7e05d40c611c7c34ebac4715,CUDA,13040,13000,2026-10-07T06:54:27.876293+00:00,source,csr-alg5,0,0,,,,5,20,4,true
3,full-20261009-H100-SXM5-80GB-spmm-fp32-alphasparse-csr-alg5-n2,AlphaSparse-SpMM-CSR-ALG5,AlphaSparse SpMM CSR ALG5 [AlphaSparse 248af573c867cf4c7e05d40c611c7c34ebac4715],csr-alg5,AlphaSparse-SpMM-CSR,candidate,,,csr,csr,ALPHASPARSE_SPMM_CSR_ALG5,workspace-setup,spmm.csr.fp32,fp32,H100-SXM5-80GB,H100-SXM5-80GB,,67000.0,308bf16b-13aa-5a36-aa42-fdafa106bc58,suitesparse_all,HB/mbeause,mbeause,496,496,41063,2,row-major,N,N,1.0,0.0,20260922,main,pass,pass,0,0,164252.0,0.009651,0.00910080000758,0.0187518000076,0.00958335000758,18.04808366991864,8.759265773601978,17.139309309383883,0.026937438313311402,0.013073531005376086,0.02558105867072221,AlphaSparse 248af573c867cf4c7e05d40c611c7c34ebac4715,CUDA,13040,13000,2026-10-08T13:33:10.477338+00:00,source,csr-alg5,0,0,,,,5,20,4,true
3,full-20261009-H100-SXM5-80GB-spmm-fp32-alphasparse-csr-alg5-n2,AlphaSparse-SpMM-CSR-ALG5,AlphaSparse SpMM CSR ALG5 [AlphaSparse 248af573c867cf4c7e05d40c611c7c34ebac4715],csr-alg5,AlphaSparse-SpMM-CSR,candidate,,,csr,csr,ALPHASPARSE_SPMM_CSR_ALG5,workspace-setup,spmm.csr.fp32,fp32,H100-SXM5-80GB,H100-SXM5-80GB,,67000.0,43011b5b-eebc-56e1-9bb3-83faaf7aff5c,suitesparse_all,HB/nos1,nos1,237,237,1017,2,row-major,N,N,1.0,0.0,20260922,main,pass,pass,0,0,4068.0,0.009124,0.00839520022273,0.0175192002227,0.00885140022273,0.4845625943483626,0.23220238071878452,0.4595883021483491,0.0007232277527587501,0.0003465707174907232,0.0006859526897736554,AlphaSparse 248af573c867cf4c7e05d40c611c7c34ebac4715,CUDA,13040,13000,2026-10-07T06:54:28.292404+00:00,source,csr-alg5,0,0,,,,5,20,4,true
3,full-20261009-H100-SXM5-80GB-spmm-fp32-alphasparse-csr-alg5-n2,AlphaSparse-SpMM-CSR-ALG5,AlphaSparse SpMM CSR ALG5 [AlphaSparse 248af573c867cf4c7e05d40c611c7c34ebac4715],csr-alg5,AlphaSparse-SpMM-CSR,candidate,,,csr,csr,ALPHASPARSE_SPMM_CSR_ALG5,workspace-setup,spmm.csr.fp32,fp32,H100-SXM5-80GB,H100-SXM5-80GB,,67000.0,308bf16b-13aa-5a36-aa42-fdafa106bc58,suitesparse_all,HB/orsreg_1,orsreg_1,2205,2205,14133,2,row-major,N,N,1.0,0.0,20260922,main,pass,pass,0,0,56532.0,0.013422,0.00871680006385,0.0221388000638,0.00938790006385,6.485407441481591,2.553525929006317,6.0217939704841825,0.009679712599226255,0.0038112327298601744,0.008987752194752511,AlphaSparse 248af573c867cf4c7e05d40c611c7c34ebac4715,CUDA,13040,13000,2026-10-08T13:33:10.953234+00:00,source,csr-alg5,0,0,,,,5,20,4,true
3,full-20261009-H100-SXM5-80GB-spmm-fp32-alphasparse-csr-alg5-n2,AlphaSparse-SpMM-CSR-ALG5,AlphaSparse SpMM CSR ALG5 [AlphaSparse 248af573c867cf4c7e05d40c611c7c34ebac4715],csr-alg5,AlphaSparse-SpMM-CSR,candidate,,,csr,csr,ALPHASPARSE_SPMM_CSR_ALG5,workspace-setup,spmm.csr.fp32,fp32,H100-SXM5-80GB,H100-SXM5-80GB,,67000.0,43011b5b-eebc-56e1-9bb3-83faaf7aff5c,suitesparse_all,HB/pores_2,pores_2,1224,1224,9613,2,row-major,N,N,1.0,0.0,20260922,main,pass,pass,0,0,38452.0,0.010636,0.00835840031505,0.018994400315,0.00889020031505,4.600401817410439,2.0243861012887154,4.325211877948977,0.006866271369269312,0.003021471792968232,0.006455540116341757,AlphaSparse 248af573c867cf4c7e05d40c611c7c34ebac4715,CUDA,13040,13000,2026-10-07T06:54:28.765320+00:00,source,csr-alg5,0,0,,,,5,20,4,true
3,full-20261009-H100-SXM5-80GB-spmm-fp32-alphasparse-csr-alg5-n2,AlphaSparse-SpMM-CSR-ALG5,AlphaSparse SpMM CSR ALG5 [AlphaSparse 248af573c867cf4c7e05d40c611c7c34ebac4715],csr-alg5,AlphaSparse-SpMM-CSR,candidate,,,csr,csr,ALPHASPARSE_SPMM_CSR_ALG5,workspace-setup,spmm.csr.fp32,fp32,H100-SXM5-80GB,H100-SXM5-80GB,,67000.0,308bf16b-13aa-5a36-aa42-fdafa106bc58,suitesparse_all,HB/sherman2,sherman2,1080,1080,23094,2,row-major,N,N,1.0,0.0,20260922,main,pass,pass,0,0,92376.0,0.009237,0.00871040001512,0.0179474000151,0.00917225001512,10.605253471671627,5.147040792665215,10.071247496276566,0.015828736524883025,0.007682150436813753,0.0150317126810098,AlphaSparse 248af573c867cf4c7e05d40c611c7c34ebac4715,CUDA,13040,13000,2026-10-08T13:33:11.398186+00:00,source,csr-alg5,0,0,,,,5,20,4,true
3,full-20261009-H100-SXM5-80GB-spmm-fp32-alphasparse-csr-alg5-n2,AlphaSparse-SpMM-CSR-ALG5,AlphaSparse SpMM CSR ALG5 [AlphaSparse 248af573c867cf4c7e05d40c611c7c34ebac4715],csr-alg5,AlphaSparse-SpMM-CSR,candidate,,,csr,csr,ALPHASPARSE_SPMM_CSR_ALG5,workspace-setup,spmm.csr.fp32,fp32,H100-SXM5-80GB,H100-SXM5-80GB,,67000.0,43011b5b-eebc-56e1-9bb3-83faaf7aff5c,suitesparse_all,HB/shl_400,shl_400,663,663,1712,2,row-major,N,N,1.0,0.0,20260922,main,pass,pass,0,0,6848.0,0.009796,0.00888639986515,0.0186823998652,0.00937619986515,0.7706157841102739,0.36654819773748004,0.730359857777034,0.0011501728121048865,0.0005470868622947464,0.0010900893399657225,AlphaSparse 248af573c867cf4c7e05d40c611c7c34ebac4715,CUDA,13040,13000,2026-10-07T06:54:29.169514+00:00,source,csr-alg5,0,0,,,,5,20,4,true
3,full-20261009-H100-SXM5-80GB-spmm-fp32-alphasparse-csr-alg5-n2,AlphaSparse-SpMM-CSR-ALG5,AlphaSparse SpMM CSR ALG5 [AlphaSparse 248af573c867cf4c7e05d40c611c7c34ebac4715],csr-alg5,AlphaSparse-SpMM-CSR,candidate,,,csr,csr,ALPHASPARSE_SPMM_CSR_ALG5,workspace-setup,spmm.csr.fp32,fp32,H100-SXM5-80GB,H100-SXM5-80GB,,67000.0,308bf16b-13aa-5a36-aa42-fdafa106bc58,suitesparse_all,HB/watt_2,watt_2,1856,1856,11550,2,row-major,N,N,1.0,0.0,20260922,main,pass,pass,0,0,46200.0,0.009195,0.00857599973679,0.0177709997368,0.00903574973679,5.38712703101046,2.5997411898177862,5.113023417624314,0.008040488105985762,0.0038802107310713227,0.00763137823526017,AlphaSparse 248af573c867cf4c7e05d40c611c7c34ebac4715,CUDA,13040,13000,2026-10-08T13:33:11.834149+00:00,source,csr-alg5,0,0,,,,5,20,4,true
3,full-20261009-H100-SXM5-80GB-spmm-fp32-alphasparse-csr-alg5-n2,AlphaSparse-SpMM-CSR-ALG5,AlphaSparse SpMM CSR ALG5 [AlphaSparse 248af573c867cf4c7e05d40c611c7c34ebac4715],csr-alg5,AlphaSparse-SpMM-CSR,candidate,,,csr,csr,ALPHASPARSE_SPMM_CSR_ALG5,workspace-setup,spmm.csr.fp32,fp32,H100-SXM5-80GB,H100-SXM5-80GB,,67000.0,43011b5b-eebc-56e1-9bb3-83faaf7aff5c,suitesparse_all,HB/west0167,west0167,167,167,507,2,row-major,N,N,1.0,0.0,20260922,main,pass,pass,0,0,2028.0,0.009117,0.00875039994717,0.0178673999472,0.00920624994717,0.23176083518969706,0.11350280432480091,0.22028513364699673,0.00034591169431298066,0.0001694071706340312,0.0003287837815626817,AlphaSparse 248af573c867cf4c7e05d40c611c7c34ebac4715,CUDA,13040,13000,2026-10-07T06:54:29.568759+00:00,source,csr-alg5,0,0,,,,5,20,4,true
3,full-20261009-H100-SXM5-80GB-spmm-fp32-alphasparse-csr-alg5-n2,AlphaSparse-SpMM-CSR-ALG5,AlphaSparse SpMM CSR ALG5 [AlphaSparse 248af573c867cf4c7e05d40c611c7c34ebac4715],csr-alg5,AlphaSparse-SpMM-CSR,candidate,,,csr,csr,ALPHASPARSE_SPMM_CSR_ALG5,workspace-setup,spmm.csr.fp32,fp32,H100-SXM5-80GB,H100-SXM5-80GB,,67000.0,308bf16b-13aa-5a36-aa42-fdafa106bc58,suitesparse_all,HB/wm1,wm1,207,277,2909,2,row-major,N,N,1.0,0.0,20260922,main,pass,pass,0,0,11636.0,0.010236,0.0085583999753,0.0187943999753,0.0090701999753,1.3595999291435452,0.6191205899253117,1.2828824096146938,0.002029253625587381,0.0009240605819780772,0.0019147498650965579,AlphaSparse 248af573c867cf4c7e05d40c611c7c34ebac4715,CUDA,13040,13000,2026-10-08T13:33:12.260991+00:00,source,csr-alg5,0,0,,,,5,20,4,true
3,full-20261009-H100-SXM5-80GB-spmm-fp32-alphasparse-csr-alg5-n2,AlphaSparse-SpMM-CSR-ALG5,AlphaSparse SpMM CSR ALG5 [AlphaSparse 248af573c867cf4c7e05d40c611c7c34ebac4715],csr-alg5,AlphaSparse-SpMM-CSR,candidate,,,csr,csr,ALPHASPARSE_SPMM_CSR_ALG5,workspace-setup,spmm.csr.fp32,fp32,H100-SXM5-80GB,H100-SXM5-80GB,,67000.0,43011b5b-eebc-56e1-9bb3-83faaf7aff5c,suitesparse_all,HB/young4c,young4c,841,841,4089,2,row-major,N,N,1.0,0.0,20260922,main,pass,pass,0,0,16356.0,0.009225,0.00832799971104,0.017552999711,0.00878924971104,1.9639770133898653,0.9318065441401522,1.8609096951080542,0.002931308975208754,0.001390756036030078,0.0027774771568776927,AlphaSparse 248af573c867cf4c7e05d40c611c7c34ebac4715,CUDA,13040,13000,2026-10-07T06:54:29.992367+00:00,source,csr-alg5,0,0,,,,5,20,4,true
3,full-20261009-H100-SXM5-80GB-spmm-fp32-alphasparse-csr-alg5-n2,AlphaSparse-SpMM-CSR-ALG5,AlphaSparse SpMM CSR ALG5 [AlphaSparse 248af573c867cf4c7e05d40c611c7c34ebac4715],csr-alg5,AlphaSparse-SpMM-CSR,candidate,,,csr,csr,ALPHASPARSE_SPMM_CSR_ALG5,workspace-setup,spmm.csr.fp32,fp32,H100-SXM5-80GB,H100-SXM5-80GB,,67000.0,308bf16b-13aa-5a36-aa42-fdafa106bc58,suitesparse_all,HVDC/hvdc2,hvdc2,189860,189860,1347273,2,row-major,N,N,1.0,0.0,20260922,main,pass,pass,0,0,5389092.0,0.017653,0.0217712000012,0.0394242000012,0.0226538500012,247.5330711997024,136.69502487903284,237.8885708042798,0.3694523450741827,0.20402242519258632,0.3550575683645967,AlphaSparse 248af573c867cf4c7e05d40c611c7c34ebac4715,CUDA,13040,13000,2026-10-08T13:35:50.358236+00:00,source,csr-alg5,0,0,,,,5,20,4,true
3,full-20261009-H100-SXM5-80GB-spmm-fp32-alphasparse-csr-alg5-n2,AlphaSparse-SpMM-CSR-ALG5,AlphaSparse SpMM CSR ALG5 [AlphaSparse 248af573c867cf4c7e05d40c611c7c34ebac4715],csr-alg5,AlphaSparse-SpMM-CSR,candidate,,,csr,csr,ALPHASPARSE_SPMM_CSR_ALG5,workspace-setup,spmm.csr.fp32,fp32,H100-SXM5-80GB,H100-SXM5-80GB,,67000.0,43011b5b-eebc-56e1-9bb3-83faaf7aff5c,suitesparse_all,Hohn/sinc15,sinc15,11532,11532,568526,2,row-major,N,N,1.0,0.0,20260922,main,pass,pass,0,0,2274104.0,0.012127,0.0150095999241,0.0271365999241,0.0156159499241,151.50996772063257,83.80209777056002,145.62700386803812,0.2261342801800486,0.12507775786650752,0.2173537371164748,AlphaSparse 248af573c867cf4c7e05d40c611c7c34ebac4715,CUDA,13040,13000,2026-10-07T06:54:54.499153+00:00,source,csr-alg5,0,0,,,,5,20,4,true
3,full-20261009-H100-SXM5-80GB-spmm-fp32-alphasparse-csr-alg5-n2,AlphaSparse-SpMM-CSR-ALG5,AlphaSparse SpMM CSR ALG5 [AlphaSparse 248af573c867cf4c7e05d40c611c7c34ebac4715],csr-alg5,AlphaSparse-SpMM-CSR,candidate,,,csr,csr,ALPHASPARSE_SPMM_CSR_ALG5,workspace-setup,spmm.csr.fp32,fp32,H100-SXM5-80GB,H100-SXM5-80GB,,67000.0,308bf16b-13aa-5a36-aa42-fdafa106bc58,suitesparse_all,Hollinger/g7jac020,g7jac020,5850,5850,45465,2,row-major,N,N,1.0,0.0,20260922,main,pass,pass,0,0,181860.0,0.010186,0.00904320031404,0.019229200314,0.00955250031404,20.110137305888678,9.457491576890751,19.037947555228783,0.030015130307296533,0.014115659069986197,0.028414847097356394,AlphaSparse 248af573c867cf4c7e05d40c611c7c34ebac4715,CUDA,13040,13000,2026-10-08T13:33:21.222664+00:00,source,csr-alg5,0,0,,,,5,20,4,true
3,full-20261009-H100-SXM5-80GB-spmm-fp32-alphasparse-csr-alg5-n2,AlphaSparse-SpMM-CSR-ALG5,AlphaSparse SpMM CSR ALG5 [AlphaSparse 248af573c867cf4c7e05d40c611c7c34ebac4715],csr-alg5,AlphaSparse-SpMM-CSR,candidate,,,csr,csr,ALPHASPARSE_SPMM_CSR_ALG5,workspace-setup,spmm.csr.fp32,fp32,H100-SXM5-80GB,H100-SXM5-80GB,,67000.0,43011b5b-eebc-56e1-9bb3-83faaf7aff5c,suitesparse_all,Hollinger/g7jac060sc,g7jac060sc,17730,17730,203316,2,row-major,N,N,1.0,0.0,20260922,main,pass,pass,0,0,813264.0,0.011279,0.00952799990773,0.0208069999077,0.0100919499077,85.3551645545467,39.08607697446267,80.58541782688519,0.12739576799186075,0.05833742832009354,0.12027674302520178,AlphaSparse 248af573c867cf4c7e05d40c611c7c34ebac4715,CUDA,13040,13000,2026-10-07T06:54:40.386195+00:00,source,csr-alg5,0,0,,,,5,20,4,true
3,full-20261009-H100-SXM5-80GB-spmm-fp32-alphasparse-csr-alg5-n2,AlphaSparse-SpMM-CSR-ALG5,AlphaSparse SpMM CSR ALG5 [AlphaSparse 248af573c867cf4c7e05d40c611c7c34ebac4715],csr-alg5,AlphaSparse-SpMM-CSR,candidate,,,csr,csr,ALPHASPARSE_SPMM_CSR_ALG5,workspace-setup,spmm.csr.fp32,fp32,H100-SXM5-80GB,H100-SXM5-80GB,,67000.0,308bf16b-13aa-5a36-aa42-fdafa106bc58,suitesparse_all,Hollinger/g7jac160sc,g7jac160sc,47430,47430,656616,2,row-major,N,N,1.0,0.0,20260922,main,pass,pass,0,0,2626464.0,0.014057,0.015035200119,0.029092200119,0.015738050119,174.68766489386027,90.2806934249248,166.88623940961793,0.2607278580505377,0.13474730361929074,0.24908393941734017,AlphaSparse 248af573c867cf4c7e05d40c611c7c34ebac4715,CUDA,13040,13000,2026-10-08T13:33:22.214426+00:00,source,csr-alg5,0,0,,,,5,20,4,true
3,full-20261009-H100-SXM5-80GB-spmm-fp32-alphasparse-csr-alg5-n2,AlphaSparse-SpMM-CSR-ALG5,AlphaSparse SpMM CSR ALG5 [AlphaSparse 248af573c867cf4c7e05d40c611c7c34ebac4715],csr-alg5,AlphaSparse-SpMM-CSR,candidate,,,csr,csr,ALPHASPARSE_SPMM_CSR_ALG5,workspace-setup,spmm.csr.fp32,fp32,H100-SXM5-80GB,H100-SXM5-80GB,,67000.0,43011b5b-eebc-56e1-9bb3-83faaf7aff5c,suitesparse_all,Hollinger/jan99jac020sc,jan99jac020sc,6774,6774,38692,2,row-major,N,N,1.0,0.0,20260922,main,pass,pass,0,0,154768.0,0.009362,0.0089263997972,0.0182883997972,0.0093944997972,17.338233052091958,8.462632144759619,16.47432043653118,0.02587795977924173,0.012630794245909878,0.02458853796497191,AlphaSparse 248af573c867cf4c7e05d40c611c7c34ebac4715,CUDA,13040,13000,2026-10-07T06:54:40.869530+00:00,source,csr-alg5,0,0,,,,5,20,4,true
3,full-20261009-H100-SXM5-80GB-spmm-fp32-alphasparse-csr-alg5-n2,AlphaSparse-SpMM-CSR-ALG5,AlphaSparse SpMM CSR ALG5 [AlphaSparse 248af573c867cf4c7e05d40c611c7c34ebac4715],csr-alg5,AlphaSparse-SpMM-CSR,candidate,,,csr,csr,ALPHASPARSE_SPMM_CSR_ALG5,workspace-setup,spmm.csr.fp32,fp32,H100-SXM5-80GB,H100-SXM5-80GB,,67000.0,308bf16b-13aa-5a36-aa42-fdafa106bc58,suitesparse_all,Hollinger/jan99jac120sc,jan99jac120sc,41374,41374,260202,2,row-major,N,N,1.0,0.0,20260922,main,pass,pass,0,0,1040808.0,0.013404,0.0104496002197,0.0238536002197,0.0111198002197,99.60266212269323,43.633161888092125,93.5995233220188,0.14866068973536303,0.06512412222103302,0.13970078107764,AlphaSparse 248af573c867cf4c7e05d40c611c7c34ebac4715,CUDA,13040,13000,2026-10-08T13:33:22.876685+00:00,source,csr-alg5,0,0,,,,5,20,4,true
3,full-20261009-H100-SXM5-80GB-spmm-fp32-alphasparse-csr-alg5-n2,AlphaSparse-SpMM-CSR-ALG5,AlphaSparse SpMM CSR ALG5 [AlphaSparse 248af573c867cf4c7e05d40c611c7c34ebac4715],csr-alg5,AlphaSparse-SpMM-CSR,candidate,,,csr,csr,ALPHASPARSE_SPMM_CSR_ALG5,workspace-setup,spmm.csr.fp32,fp32,H100-SXM5-80GB,H100-SXM5-80GB,,67000.0,43011b5b-eebc-56e1-9bb3-83faaf7aff5c,suitesparse_all,Hollinger/mark3jac060sc,mark3jac060sc,27449,27449,170695,2,row-major,N,N,1.0,0.0,20260922,main,pass,pass,0,0,682780.0,0.01104,0.00918880030513,0.0202288003051,0.00974080030513,74.30567400826111,33.75286669016454,70.09485654278461,0.11090399105710613,0.05037741297039483,0.10461918886982778,AlphaSparse 248af573c867cf4c7e05d40c611c7c34ebac4715,CUDA,13040,13000,2026-10-07T06:54:41.416614+00:00,source,csr-alg5,0,0,,,,5,20,4,true
3,full-20261009-H100-SXM5-80GB-spmm-fp32-alphasparse-csr-alg5-n2,AlphaSparse-SpMM-CSR-ALG5,AlphaSparse SpMM CSR ALG5 [AlphaSparse 248af573c867cf4c7e05d40c611c7c34ebac4715],csr-alg5,AlphaSparse-SpMM-CSR,candidate,,,csr,csr,ALPHASPARSE_SPMM_CSR_ALG5,workspace-setup,spmm.csr.fp32,fp32,H100-SXM5-80GB,H100-SXM5-80GB,,67000.0,43011b5b-eebc-56e1-9bb3-83faaf7aff5c,suitesparse_all,IBM_EDA/dc2,dc2,116835,116835,766396,2,row-major,N,N,1.0,0.0,20260922,main,pass,pass,0,0,3065584.0,0.018046,0.0185072004795,0.0365532004795,0.0194095004795,165.64277257360868,83.86636354097804,157.94244695981848,0.24722801876658013,0.1251736769268329,0.23573499546241566,AlphaSparse 248af573c867cf4c7e05d40c611c7c34ebac4715,CUDA,13040,13000,2026-10-07T06:55:23.506356+00:00,source,csr-alg5,0,0,,,,5,20,4,true
3,full-20261009-H100-SXM5-80GB-spmm-fp32-alphasparse-csr-alg5-n2,AlphaSparse-SpMM-CSR-ALG5,AlphaSparse SpMM CSR ALG5 [AlphaSparse 248af573c867cf4c7e05d40c611c7c34ebac4715],csr-alg5,AlphaSparse-SpMM-CSR,candidate,,,csr,csr,ALPHASPARSE_SPMM_CSR_ALG5,workspace-setup,spmm.csr.fp32,fp32,H100-SXM5-80GB,H100-SXM5-80GB,,67000.0,43011b5b-eebc-56e1-9bb3-83faaf7aff5c,suitesparse_all,IPSO/OPF_3754,OPF_3754,15435,15435,158273,2,row-major,N,N,1.0,0.0,20260922,main,pass,pass,0,0,633092.0,0.011171,0.00922719985247,0.0203981998525,0.00978574985247,68.6114975422939,31.036660321886604,64.6952977078402,0.10240522021237897,0.04632337361475613,0.09656014583259731,AlphaSparse 248af573c867cf4c7e05d40c611c7c34ebac4715,CUDA,13040,13000,2026-10-07T06:57:50.184489+00:00,source,csr-alg5,0,0,,,,5,20,4,true
3,full-20261009-H100-SXM5-80GB-spmm-fp32-alphasparse-csr-alg5-n2,AlphaSparse-SpMM-CSR-ALG5,AlphaSparse SpMM CSR ALG5 [AlphaSparse 248af573c867cf4c7e05d40c611c7c34ebac4715],csr-alg5,AlphaSparse-SpMM-CSR,candidate,,,csr,csr,ALPHASPARSE_SPMM_CSR_ALG5,workspace-setup,spmm.csr.fp32,fp32,H100-SXM5-80GB,H100-SXM5-80GB,,67000.0,308bf16b-13aa-5a36-aa42-fdafa106bc58,suitesparse_all,JGD_BIBD/bibd_12_4,bibd_12_4,66,495,2970,2,row-major,N,N,1.0,0.0,20260922,main,pass,pass,0,0,11880.0,0.009737,0.0084207996726,0.0181577996726,0.0089076496726,1.4107923786212029,0.6542642949149198,1.3336851399245047,0.00210566026659881,0.000976513873007343,0.001990574835708216,AlphaSparse 248af573c867cf4c7e05d40c611c7c34ebac4715,CUDA,13040,13000,2026-10-08T13:35:52.480636+00:00,source,csr-alg5,0,0,,,,5,20,4,true
3,full-20261009-H100-SXM5-80GB-spmm-fp32-alphasparse-csr-alg5-n2,AlphaSparse-SpMM-CSR-ALG5,AlphaSparse SpMM CSR ALG5 [AlphaSparse 248af573c867cf4c7e05d40c611c7c34ebac4715],csr-alg5,AlphaSparse-SpMM-CSR,candidate,,,csr,csr,ALPHASPARSE_SPMM_CSR_ALG5,workspace-setup,spmm.csr.fp32,fp32,H100-SXM5-80GB,H100-SXM5-80GB,,67000.0,43011b5b-eebc-56e1-9bb3-83faaf7aff5c,suitesparse_all,JGD_BIBD/bibd_16_8,bibd_16_8,120,12870,360360,2,row-major,N,N,1.0,0.0,20260922,main,pass,pass,0,0,1441440.0,0.012142,0.0134527996182,0.0255947996182,0.0140598996182,107.14795737014526,56.317690370782124,102.5213578434167,0.15992232443305263,0.08405625428474944,0.15301695200509954,AlphaSparse 248af573c867cf4c7e05d40c611c7c34ebac4715,CUDA,13040,13000,2026-10-07T06:56:24.555377+00:00,source,csr-alg5,0,0,,,,5,20,4,true
3,full-20261009-H100-SXM5-80GB-spmm-fp32-alphasparse-csr-alg5-n2,AlphaSparse-SpMM-CSR-ALG5,AlphaSparse SpMM CSR ALG5 [AlphaSparse 248af573c867cf4c7e05d40c611c7c34ebac4715],csr-alg5,AlphaSparse-SpMM-CSR,candidate,,,csr,csr,ALPHASPARSE_SPMM_CSR_ALG5,workspace-setup,spmm.csr.fp32,fp32,H100-SXM5-80GB,H100-SXM5-80GB,,67000.0,308bf16b-13aa-5a36-aa42-fdafa106bc58,suitesparse_all,JGD_BIBD/bibd_81_2,bibd_81_2,3240,3240,3240,2,row-major,N,N,1.0,0.0,20260922,main,pass,pass,0,0,12960.0,0.010172,0.00967200025916,0.0198440002592,0.0101806002592,1.3399503363046392,0.6530941257164888,1.273009416933772,0.001999925875081551,0.000974767351815655,0.0019000140551250328,AlphaSparse 248af573c867cf4c7e05d40c611c7c34ebac4715,CUDA,13040,13000,2026-10-08T13:35:53.137189+00:00,source,csr-alg5,0,0,,,,5,20,4,true
3,full-20261009-H100-SXM5-80GB-spmm-fp32-alphasparse-csr-alg5-n2,AlphaSparse-SpMM-CSR-ALG5,AlphaSparse SpMM CSR ALG5 [AlphaSparse 248af573c867cf4c7e05d40c611c7c34ebac4715],csr-alg5,AlphaSparse-SpMM-CSR,candidate,,,csr,csr,ALPHASPARSE_SPMM_CSR_ALG5,workspace-setup,spmm.csr.fp32,fp32,H100-SXM5-80GB,H100-SXM5-80GB,,67000.0,43011b5b-eebc-56e1-9bb3-83faaf7aff5c,suitesparse_all,JGD_Forest/TF11,TF11,216,236,1607,2,row-major,N,N,1.0,0.0,20260922,main,pass,pass,0,0,6428.0,0.009641,0.00851199999452,0.0181529999945,0.00899404999452,0.7551691734185065,0.3541012505892997,0.7146947152747125,0.0011271181692813531,0.0005285093292377608,0.001066708530260765,AlphaSparse 248af573c867cf4c7e05d40c611c7c34ebac4715,CUDA,13040,13000,2026-10-07T06:56:24.990130+00:00,source,csr-alg5,0,0,,,,5,20,4,true
3,full-20261009-H100-SXM5-80GB-spmm-fp32-alphasparse-csr-alg5-n2,AlphaSparse-SpMM-CSR-ALG5,AlphaSparse SpMM CSR ALG5 [AlphaSparse 248af573c867cf4c7e05d40c611c7c34ebac4715],csr-alg5,AlphaSparse-SpMM-CSR,candidate,,,csr,csr,ALPHASPARSE_SPMM_CSR_ALG5,workspace-setup,spmm.csr.fp32,fp32,H100-SXM5-80GB,H100-SXM5-80GB,,67000.0,308bf16b-13aa-5a36-aa42-fdafa106bc58,suitesparse_all,JGD_Franz/Franz2,Franz2,4032,4480,21504,2,row-major,N,N,1.0,0.0,20260922,main,pass,pass,0,0,86016.0,0.009206,0.00891520008445,0.0181212000844,0.00937550008445,9.648241114636356,4.7467054940830655,9.17455060798989,0.014400359872591577,0.0070846350657956195,0.01369335911640282,AlphaSparse 248af573c867cf4c7e05d40c611c7c34ebac4715,CUDA,13040,13000,2026-10-08T13:35:53.864373+00:00,source,csr-alg5,0,0,,,,5,20,4,true
3,full-20261009-H100-SXM5-80GB-spmm-fp32-alphasparse-csr-alg5-n2,AlphaSparse-SpMM-CSR-ALG5,AlphaSparse SpMM CSR ALG5 [AlphaSparse 248af573c867cf4c7e05d40c611c7c34ebac4715],csr-alg5,AlphaSparse-SpMM-CSR,candidate,,,csr,csr,ALPHASPARSE_SPMM_CSR_ALG5,workspace-setup,spmm.csr.fp32,fp32,H100-SXM5-80GB,H100-SXM5-80GB,,67000.0,43011b5b-eebc-56e1-9bb3-83faaf7aff5c,suitesparse_all,JGD_Franz/Franz8,Franz8,16728,7176,100368,2,row-major,N,N,1.0,0.0,20260922,main,pass,pass,0,0,401472.0,0.009905,0.009073600173,0.018978600173,0.009568850173,44.246163853973464,21.15393107712739,41.95613817141956,0.0660390505283186,0.031573031458399084,0.0626211017483874,AlphaSparse 248af573c867cf4c7e05d40c611c7c34ebac4715,CUDA,13040,13000,2026-10-07T06:56:25.510594+00:00,source,csr-alg5,0,0,,,,5,20,4,true
3,full-20261009-H100-SXM5-80GB-spmm-fp32-alphasparse-csr-alg5-n2,AlphaSparse-SpMM-CSR-ALG5,AlphaSparse SpMM CSR ALG5 [AlphaSparse 248af573c867cf4c7e05d40c611c7c34ebac4715],csr-alg5,AlphaSparse-SpMM-CSR,candidate,,,csr,csr,ALPHASPARSE_SPMM_CSR_ALG5,workspace-setup,spmm.csr.fp32,fp32,H100-SXM5-80GB,H100-SXM5-80GB,,67000.0,308bf16b-13aa-5a36-aa42-fdafa106bc58,suitesparse_all,JGD_G5/IG5-12,IG5-12,2296,2875,46260,2,row-major,N,N,1.0,0.0,20260922,main,pass,pass,0,0,185040.0,0.009548,0.00858400017023,0.0181320001702,0.00906140017023,21.556383542690686,10.205162048482322,20.420685161651267,0.03217370678013535,0.015231585146988542,0.030478634569628755,AlphaSparse 248af573c867cf4c7e05d40c611c7c34ebac4715,CUDA,13040,13000,2026-10-08T13:35:54.447984+00:00,source,csr-alg5,0,0,,,,5,20,4,true
3,full-20261009-H100-SXM5-80GB-spmm-fp32-alphasparse-csr-alg5-n2,AlphaSparse-SpMM-CSR-ALG5,AlphaSparse SpMM CSR ALG5 [AlphaSparse 248af573c867cf4c7e05d40c611c7c34ebac4715],csr-alg5,AlphaSparse-SpMM-CSR,candidate,,,csr,csr,ALPHASPARSE_SPMM_CSR_ALG5,workspace-setup,spmm.csr.fp32,fp32,H100-SXM5-80GB,H100-SXM5-80GB,,67000.0,43011b5b-eebc-56e1-9bb3-83faaf7aff5c,suitesparse_all,JGD_G5/IG5-18,IG5-18,47894,41550,1790490,2,row-major,N,N,1.0,0.0,20260922,main,pass,pass,0,0,7161960.0,0.013964,0.0249295994639,0.0388935994639,0.0256277994639,287.2874075001115,184.14238071864597,279.46059161608963,0.4287871753733008,0.2748393742069343,0.4171053606210293,AlphaSparse 248af573c867cf4c7e05d40c611c7c34ebac4715,CUDA,13040,13000,2026-10-07T06:56:27.001506+00:00,source,csr-alg5,0,0,,,,5,20,4,true
3,full-20261009-H100-SXM5-80GB-spmm-fp32-alphasparse-csr-alg5-n2,AlphaSparse-SpMM-CSR-ALG5,AlphaSparse SpMM CSR ALG5 [AlphaSparse 248af573c867cf4c7e05d40c611c7c34ebac4715],csr-alg5,AlphaSparse-SpMM-CSR,candidate,,,csr,csr,ALPHASPARSE_SPMM_CSR_ALG5,workspace-setup,spmm.csr.fp32,fp32,H100-SXM5-80GB,H100-SXM5-80GB,,67000.0,308bf16b-13aa-5a36-aa42-fdafa106bc58,suitesparse_all,JGD_GL7d/GL7d14,GL7d14,171375,47271,1831183,2,row-major,N,N,1.0,0.0,20260922,main,pass,pass,0,0,7324732.0,0.020094,0.026927998662,0.047021998662,0.027932698662,272.01174851276437,155.772451372199,262.227867369101,0.4059876843474095,0.23249619607790895,0.3913848766703,AlphaSparse 248af573c867cf4c7e05d40c611c7c34ebac4715,CUDA,13040,13000,2026-10-08T13:35:56.357128+00:00,source,csr-alg5,0,0,,,,5,20,4,true
3,full-20261009-H100-SXM5-80GB-spmm-fp32-alphasparse-csr-alg5-n2,AlphaSparse-SpMM-CSR-ALG5,AlphaSparse SpMM CSR ALG5 [AlphaSparse 248af573c867cf4c7e05d40c611c7c34ebac4715],csr-alg5,AlphaSparse-SpMM-CSR,candidate,,,csr,csr,ALPHASPARSE_SPMM_CSR_ALG5,workspace-setup,spmm.csr.fp32,fp32,H100-SXM5-80GB,H100-SXM5-80GB,,67000.0,43011b5b-eebc-56e1-9bb3-83faaf7aff5c,suitesparse_all,JGD_GL7d/GL7d20,GL7d20,1437547,1911130,29893084,2,row-major,N,N,1.0,0.0,20260922,main,pass,pass,0,0,119572336.0,0.180333,0.376822400093,0.557155400093,0.385839050093,317.31748423259734,214.6121817719815,309.90211066292824,0.47360818542178706,0.3203166892119127,0.46254046367601226,AlphaSparse 248af573c867cf4c7e05d40c611c7c34ebac4715,CUDA,13040,13000,2026-10-07T06:56:47.871816+00:00,source,csr-alg5,0,0,,,,5,20,4,true
3,full-20261009-H100-SXM5-80GB-spmm-fp32-alphasparse-csr-alg5-n2,AlphaSparse-SpMM-CSR-ALG5,AlphaSparse SpMM CSR ALG5 [AlphaSparse 248af573c867cf4c7e05d40c611c7c34ebac4715],csr-alg5,AlphaSparse-SpMM-CSR,candidate,,,csr,csr,ALPHASPARSE_SPMM_CSR_ALG5,workspace-setup,spmm.csr.fp32,fp32,H100-SXM5-80GB,H100-SXM5-80GB,,67000.0,308bf16b-13aa-5a36-aa42-fdafa106bc58,suitesparse_all,JGD_Groebner/f855_mat9_I,f855_mat9_I,2456,2511,171214,2,row-major,N,N,1.0,0.0,20260922,main,pass,pass,0,0,684856.0,0.012185,0.00941120013595,0.0215962001359,0.0100204501359,72.77031516776562,31.711875037754616,68.345831845057,0.10861241069815764,0.047331156772768085,0.10200870424635375,AlphaSparse 248af573c867cf4c7e05d40c611c7c34ebac4715,CUDA,13040,13000,2026-10-08T13:35:57.131098+00:00,source,csr-alg5,0,0,,,,5,20,4,true
3,full-20261009-H100-SXM5-80GB-spmm-fp32-alphasparse-csr-alg5-n2,AlphaSparse-SpMM-CSR-ALG5,AlphaSparse SpMM CSR ALG5 [AlphaSparse 248af573c867cf4c7e05d40c611c7c34ebac4715],csr-alg5,AlphaSparse-SpMM-CSR,candidate,,,csr,csr,ALPHASPARSE_SPMM_CSR_ALG5,workspace-setup,spmm.csr.fp32,fp32,H100-SXM5-80GB,H100-SXM5-80GB,,67000.0,43011b5b-eebc-56e1-9bb3-83faaf7aff5c,suitesparse_all,JGD_Homology/ch3-3-b2,ch3-3-b2,6,18,18,2,row-major,N,N,1.0,0.0,20260922,main,pass,pass,0,0,72.0,0.009815,0.0077840000391,0.0175990000391,0.0082747500391,0.009249743016230093,0.004091141533043716,0.008701169178498962,1.38055865913882e-05,6.106181392602562e-06,1.2986819669401435e-05,AlphaSparse 248af573c867cf4c7e05d40c611c7c34ebac4715,CUDA,13040,13000,2026-10-07T06:56:48.314323+00:00,source,csr-alg5,0,0,,,,5,20,4,true
3,full-20261009-H100-SXM5-80GB-spmm-fp32-alphasparse-csr-alg5-n2,AlphaSparse-SpMM-CSR-ALG5,AlphaSparse SpMM CSR ALG5 [AlphaSparse 248af573c867cf4c7e05d40c611c7c34ebac4715],csr-alg5,AlphaSparse-SpMM-CSR,candidate,,,csr,csr,ALPHASPARSE_SPMM_CSR_ALG5,workspace-setup,spmm.csr.fp32,fp32,H100-SXM5-80GB,H100-SXM5-80GB,,67000.0,308bf16b-13aa-5a36-aa42-fdafa106bc58,suitesparse_all,JGD_Homology/ch6-6-b3,ch6-6-b3,5400,2400,21600,2,row-major,N,N,1.0,0.0,20260922,main,pass,pass,0,0,86400.0,0.015088,0.00886719971895,0.023955199719,0.00962159971895,9.743775119371165,3.60673260976706,8.97979572251721,0.014542947939359948,0.005383182999652328,0.013402680182861507,AlphaSparse 248af573c867cf4c7e05d40c611c7c34ebac4715,CUDA,13040,13000,2026-10-08T13:35:57.992193+00:00,source,csr-alg5,0,0,,,,5,20,4,true
3,full-20261009-H100-SXM5-80GB-spmm-fp32-alphasparse-csr-alg5-n2,AlphaSparse-SpMM-CSR-ALG5,AlphaSparse SpMM CSR ALG5 [AlphaSparse 248af573c867cf4c7e05d40c611c7c34ebac4715],csr-alg5,AlphaSparse-SpMM-CSR,candidate,,,csr,csr,ALPHASPARSE_SPMM_CSR_ALG5,workspace-setup,spmm.csr.fp32,fp32,H100-SXM5-80GB,H100-SXM5-80GB,,67000.0,43011b5b-eebc-56e1-9bb3-83faaf7aff5c,suitesparse_all,JGD_Homology/ch7-6-b4,ch7-6-b4,15120,12600,75600,2,row-major,N,N,1.0,0.0,20260922,main,pass,pass,0,0,302400.0,0.009821,0.0088175997138,0.0186385997138,0.0093086497138,34.29504738423636,16.224394785199625,32.485914638263196,0.05118663788691994,0.02421551460477556,0.048486439758601785,AlphaSparse 248af573c867cf4c7e05d40c611c7c34ebac4715,CUDA,13040,13000,2026-10-07T06:56:48.809136+00:00,source,csr-alg5,0,0,,,,5,20,4,true
3,full-20261009-H100-SXM5-80GB-spmm-fp32-alphasparse-csr-alg5-n2,AlphaSparse-SpMM-CSR-ALG5,AlphaSparse SpMM CSR ALG5 [AlphaSparse 248af573c867cf4c7e05d40c611c7c34ebac4715],csr-alg5,AlphaSparse-SpMM-CSR,candidate,,,csr,csr,ALPHASPARSE_SPMM_CSR_ALG5,workspace-setup,spmm.csr.fp32,fp32,H100-SXM5-80GB,H100-SXM5-80GB,,67000.0,308bf16b-13aa-5a36-aa42-fdafa106bc58,suitesparse_all,JGD_Homology/ch7-9-b1,ch7-9-b1,1512,63,3024,2,row-major,N,N,1.0,0.0,20260922,main,pass,pass,0,0,12096.0,0.009764,0.00854720026255,0.0183112002625,0.00903540026255,1.4152002560416477,0.660579308106401,1.338734272806441,0.0021122391881218624,0.0009859392658304491,0.001998110854934987,AlphaSparse 248af573c867cf4c7e05d40c611c7c34ebac4715,CUDA,13040,13000,2026-10-08T13:35:58.647705+00:00,source,csr-alg5,0,0,,,,5,20,4,true
3,full-20261009-H100-SXM5-80GB-spmm-fp32-alphasparse-csr-alg5-n2,AlphaSparse-SpMM-CSR-ALG5,AlphaSparse SpMM CSR ALG5 [AlphaSparse 248af573c867cf4c7e05d40c611c7c34ebac4715],csr-alg5,AlphaSparse-SpMM-CSR,candidate,,,csr,csr,ALPHASPARSE_SPMM_CSR_ALG5,workspace-setup,spmm.csr.fp32,fp32,H100-SXM5-80GB,H100-SXM5-80GB,,67000.0,43011b5b-eebc-56e1-9bb3-83faaf7aff5c,suitesparse_all,JGD_Homology/ch8-8-b2,ch8-8-b2,18816,1568,56448,2,row-major,N,N,1.0,0.0,20260922,main,pass,pass,0,0,225792.0,0.008669,0.00875359997153,0.0174225999715,0.00918704997153,25.794187618164013,12.95971900688485,24.57720385757267,0.038498787489797036,0.019342864189380374,0.03668239381727264,AlphaSparse 248af573c867cf4c7e05d40c611c7c34ebac4715,CUDA,13040,13000,2026-10-07T06:56:49.286892+00:00,source,csr-alg5,0,0,,,,5,20,4,true
3,full-20261009-H100-SXM5-80GB-spmm-fp32-alphasparse-csr-alg5-n2,AlphaSparse-SpMM-CSR-ALG5,AlphaSparse SpMM CSR ALG5 [AlphaSparse 248af573c867cf4c7e05d40c611c7c34ebac4715],csr-alg5,AlphaSparse-SpMM-CSR,candidate,,,csr,csr,ALPHASPARSE_SPMM_CSR_ALG5,workspace-setup,spmm.csr.fp32,fp32,H100-SXM5-80GB,H100-SXM5-80GB,,67000.0,308bf16b-13aa-5a36-aa42-fdafa106bc58,suitesparse_all,JGD_Homology/cis-n4c6-b4,cis-n4c6-b4,20058,5970,100290,2,row-major,N,N,1.0,0.0,20260922,main,pass,pass,0,0,401160.0,0.010532,0.00859040021896,0.019122400219,0.00911700021896,46.698639152410365,20.97853801853848,44.00131516567643,0.06969946142150801,0.03131125077393803,0.0656736047248902,AlphaSparse 248af573c867cf4c7e05d40c611c7c34ebac4715,CUDA,13040,13000,2026-10-08T13:35:59.351855+00:00,source,csr-alg5,0,0,,,,5,20,4,true
3,full-20261009-H100-SXM5-80GB-spmm-fp32-alphasparse-csr-alg5-n2,AlphaSparse-SpMM-CSR-ALG5,AlphaSparse SpMM CSR ALG5 [AlphaSparse 248af573c867cf4c7e05d40c611c7c34ebac4715],csr-alg5,AlphaSparse-SpMM-CSR,candidate,,,csr,csr,ALPHASPARSE_SPMM_CSR_ALG5,workspace-setup,spmm.csr.fp32,fp32,H100-SXM5-80GB,H100-SXM5-80GB,,67000.0,43011b5b-eebc-56e1-9bb3-83faaf7aff5c,suitesparse_all,JGD_Homology/mk10-b1,mk10-b1,630,45,1260,2,row-major,N,N,1.0,0.0,20260922,main,pass,pass,0,0,5040.0,0.009911,0.00851199999452,0.0184229999945,0.00900754999452,0.5921052635390903,0.27357107971039685,0.559530616323665,0.0008837391993120751,0.00040831504434387587,0.0008351203228711417,AlphaSparse 248af573c867cf4c7e05d40c611c7c34ebac4715,CUDA,13040,13000,2026-10-07T06:56:49.820803+00:00,source,csr-alg5,0,0,,,,5,20,4,true
3,full-20261009-H100-SXM5-80GB-spmm-fp32-alphasparse-csr-alg5-n2,AlphaSparse-SpMM-CSR-ALG5,AlphaSparse SpMM CSR ALG5 [AlphaSparse 248af573c867cf4c7e05d40c611c7c34ebac4715],csr-alg5,AlphaSparse-SpMM-CSR,candidate,,,csr,csr,ALPHASPARSE_SPMM_CSR_ALG5,workspace-setup,spmm.csr.fp32,fp32,H100-SXM5-80GB,H100-SXM5-80GB,,67000.0,308bf16b-13aa-5a36-aa42-fdafa106bc58,suitesparse_all,JGD_Homology/mk12-b2,mk12-b2,13860,1485,41580,2,row-major,N,N,1.0,0.0,20260922,main,pass,pass,0,0,166320.0,0.01077,0.00896800011396,0.019738000114,0.00950650011396,18.545940888325667,8.426385603373799,17.49539767592957,0.027680508788545773,0.012576694930408654,0.026112533844671004,AlphaSparse 248af573c867cf4c7e05d40c611c7c34ebac4715,CUDA,13040,13000,2026-10-08T13:36:00.068497+00:00,source,csr-alg5,0,0,,,,5,20,4,true
3,full-20261009-H100-SXM5-80GB-spmm-fp32-alphasparse-csr-alg5-n2,AlphaSparse-SpMM-CSR-ALG5,AlphaSparse SpMM CSR ALG5 [AlphaSparse 248af573c867cf4c7e05d40c611c7c34ebac4715],csr-alg5,AlphaSparse-SpMM-CSR,candidate,,,csr,csr,ALPHASPARSE_SPMM_CSR_ALG5,workspace-setup,spmm.csr.fp32,fp32,H100-SXM5-80GB,H100-SXM5-80GB,,67000.0,43011b5b-eebc-56e1-9bb3-83faaf7aff5c,suitesparse_all,JGD_Homology/mk9-b2,mk9-b2,1260,378,3780,2,row-major,N,N,1.0,0.0,20260922,main,pass,pass,0,0,15120.0,0.009681,0.00897279977798,0.018653799778,0.00945684977798,1.6850927663744086,0.810558716183514,1.5988410892606628,0.002515063830409565,0.0012097891286321106,0.0023863299839711385,AlphaSparse 248af573c867cf4c7e05d40c611c7c34ebac4715,CUDA,13040,13000,2026-10-07T06:56:50.253496+00:00,source,csr-alg5,0,0,,,,5,20,4,true
3,full-20261009-H100-SXM5-80GB-spmm-fp32-alphasparse-csr-alg5-n2,AlphaSparse-SpMM-CSR-ALG5,AlphaSparse SpMM CSR ALG5 [AlphaSparse 248af573c867cf4c7e05d40c611c7c34ebac4715],csr-alg5,AlphaSparse-SpMM-CSR,candidate,,,csr,csr,ALPHASPARSE_SPMM_CSR_ALG5,workspace-setup,spmm.csr.fp32,fp32,H100-SXM5-80GB,H100-SXM5-80GB,,67000.0,308bf16b-13aa-5a36-aa42-fdafa106bc58,suitesparse_all,JGD_Homology/n2c6-b8,n2c6-b8,1470,3990,13230,2,row-major,N,N,1.0,0.0,20260922,main,pass,pass,0,0,52920.0,0.012512,0.00826560035348,0.0207776003535,0.00889120035348,6.402438750588699,2.546973620612815,5.951952255725201,0.00955587873222194,0.0038014531650937535,0.0088835108294406,AlphaSparse 248af573c867cf4c7e05d40c611c7c34ebac4715,CUDA,13040,13000,2026-10-08T13:36:00.743026+00:00,source,csr-alg5,0,0,,,,5,20,4,true
3,full-20261009-H100-SXM5-80GB-spmm-fp32-alphasparse-csr-alg5-n2,AlphaSparse-SpMM-CSR-ALG5,AlphaSparse SpMM CSR ALG5 [AlphaSparse 248af573c867cf4c7e05d40c611c7c34ebac4715],csr-alg5,AlphaSparse-SpMM-CSR,candidate,,,csr,csr,ALPHASPARSE_SPMM_CSR_ALG5,workspace-setup,spmm.csr.fp32,fp32,H100-SXM5-80GB,H100-SXM5-80GB,,67000.0,43011b5b-eebc-56e1-9bb3-83faaf7aff5c,suitesparse_all,JGD_Homology/n3c5-b1,n3c5-b1,45,10,90,2,row-major,N,N,1.0,0.0,20260922,main,pass,pass,0,0,360.0,0.009209,0.00755039975047,0.0167593997505,0.00801084975047,0.0476795947098815,0.02148048291462585,0.04493905281132986,7.116357419385298e-05,3.20604222606356e-05,6.70732131512386e-05,AlphaSparse 248af573c867cf4c7e05d40c611c7c34ebac4715,CUDA,13040,13000,2026-10-07T06:56:50.705097+00:00,source,csr-alg5,0,0,,,,5,20,4,true
3,full-20261009-H100-SXM5-80GB-spmm-fp32-alphasparse-csr-alg5-n2,AlphaSparse-SpMM-CSR-ALG5,AlphaSparse SpMM CSR ALG5 [AlphaSparse 248af573c867cf4c7e05d40c611c7c34ebac4715],csr-alg5,AlphaSparse-SpMM-CSR,candidate,,,csr,csr,ALPHASPARSE_SPMM_CSR_ALG5,workspace-setup,spmm.csr.fp32,fp32,H100-SXM5-80GB,H100-SXM5-80GB,,67000.0,308bf16b-13aa-5a36-aa42-fdafa106bc58,suitesparse_all,JGD_Homology/n3c6-b2,n3c6-b2,455,105,1365,2,row-major,N,N,1.0,0.0,20260922,main,pass,pass,0,0,5460.0,0.011795,0.0086575999856,0.0204525999856,0.0092473499856,0.6306597681899719,0.26695872426215767,0.590439424105536,0.0009412832361044356,0.00039844585710769806,0.0008812528717993073,AlphaSparse 248af573c867cf4c7e05d40c611c7c34ebac4715,CUDA,13040,13000,2026-10-08T13:36:01.399923+00:00,source,csr-alg5,0,0,,,,5,20,4,true
3,full-20261009-H100-SXM5-80GB-spmm-fp32-alphasparse-csr-alg5-n2,AlphaSparse-SpMM-CSR-ALG5,AlphaSparse SpMM CSR ALG5 [AlphaSparse 248af573c867cf4c7e05d40c611c7c34ebac4715],csr-alg5,AlphaSparse-SpMM-CSR,candidate,,,csr,csr,ALPHASPARSE_SPMM_CSR_ALG5,workspace-setup,spmm.csr.fp32,fp32,H100-SXM5-80GB,H100-SXM5-80GB,,67000.0,43011b5b-eebc-56e1-9bb3-83faaf7aff5c,suitesparse_all,JGD_Homology/n3c6-b8,n3c6-b8,4935,6435,44415,2,row-major,N,N,1.0,0.0,20260922,main,pass,pass,0,0,177660.0,0.00877,0.00906879976392,0.0178387997639,0.00950729976392,19.590243982099594,9.959190211862053,18.68669384699701,0.02923917012253671,0.014864463002779185,0.02789058783133882,AlphaSparse 248af573c867cf4c7e05d40c611c7c34ebac4715,CUDA,13040,13000,2026-10-07T06:56:51.159361+00:00,source,csr-alg5,0,0,,,,5,20,4,true
3,full-20261009-H100-SXM5-80GB-spmm-fp32-alphasparse-csr-alg5-n2,AlphaSparse-SpMM-CSR-ALG5,AlphaSparse SpMM CSR ALG5 [AlphaSparse 248af573c867cf4c7e05d40c611c7c34ebac4715],csr-alg5,AlphaSparse-SpMM-CSR,candidate,,,csr,csr,ALPHASPARSE_SPMM_CSR_ALG5,workspace-setup,spmm.csr.fp32,fp32,H100-SXM5-80GB,H100-SXM5-80GB,,67000.0,308bf16b-13aa-5a36-aa42-fdafa106bc58,suitesparse_all,JGD_Homology/n4c5-b7,n4c5-b7,3635,4735,29080,2,row-major,N,N,1.0,0.0,20260922,main,pass,pass,0,0,116320.0,0.010002,0.00850400030613,0.0185060003061,0.00900410030613,13.678268557463742,6.285528913649605,12.918558883757571,0.020415326205169764,0.009381386438282992,0.01928143116978742,AlphaSparse 248af573c867cf4c7e05d40c611c7c34ebac4715,CUDA,13040,13000,2026-10-08T13:36:01.925925+00:00,source,csr-alg5,0,0,,,,5,20,4,true
3,full-20261009-H100-SXM5-80GB-spmm-fp32-alphasparse-csr-alg5-n2,AlphaSparse-SpMM-CSR-ALG5,AlphaSparse SpMM CSR ALG5 [AlphaSparse 248af573c867cf4c7e05d40c611c7c34ebac4715],csr-alg5,AlphaSparse-SpMM-CSR,candidate,,,csr,csr,ALPHASPARSE_SPMM_CSR_ALG5,workspace-setup,spmm.csr.fp32,fp32,H100-SXM5-80GB,H100-SXM5-80GB,,67000.0,43011b5b-eebc-56e1-9bb3-83faaf7aff5c,suitesparse_all,JGD_Homology/n4c6-b12,n4c6-b12,25605,69235,332865,2,row-major,N,N,1.0,0.0,20260922,main,pass,pass,0,0,1331460.0,0.013921,0.0114416003227,0.0253626003227,0.0121376503227,116.37008481745329,52.49698307977982,109.69668466308387,0.17368669375739296,0.07835370608922361,0.16372639501952818,AlphaSparse 248af573c867cf4c7e05d40c611c7c34ebac4715,CUDA,13040,13000,2026-10-07T06:56:51.885884+00:00,source,csr-alg5,0,0,,,,5,20,4,true
3,full-20261009-H100-SXM5-80GB-spmm-fp32-alphasparse-csr-alg5-n2,AlphaSparse-SpMM-CSR-ALG5,AlphaSparse SpMM CSR ALG5 [AlphaSparse 248af573c867cf4c7e05d40c611c7c34ebac4715],csr-alg5,AlphaSparse-SpMM-CSR,candidate,,,csr,csr,ALPHASPARSE_SPMM_CSR_ALG5,workspace-setup,spmm.csr.fp32,fp32,H100-SXM5-80GB,H100-SXM5-80GB,,67000.0,308bf16b-13aa-5a36-aa42-fdafa106bc58,suitesparse_all,JGD_Homology/n4c6-b8,n4c6-b8,198895,163215,1790055,2,row-major,N,N,1.0,0.0,20260922,main,pass,pass,0,0,7160220.0,0.017356,0.0248927995563,0.0422487995563,0.0257605995563,287.6422149226624,169.477478063215,277.9523816730772,0.4293167386905408,0.25295145979584327,0.4148543010045928,AlphaSparse 248af573c867cf4c7e05d40c611c7c34ebac4715,CUDA,13040,13000,2026-10-08T13:36:03.697014+00:00,source,csr-alg5,0,0,,,,5,20,4,true
3,full-20261009-H100-SXM5-80GB-spmm-fp32-alphasparse-csr-alg5-n2,AlphaSparse-SpMM-CSR-ALG5,AlphaSparse SpMM CSR ALG5 [AlphaSparse 248af573c867cf4c7e05d40c611c7c34ebac4715],csr-alg5,AlphaSparse-SpMM-CSR,candidate,,,csr,csr,ALPHASPARSE_SPMM_CSR_ALG5,workspace-setup,spmm.csr.fp32,fp32,H100-SXM5-80GB,H100-SXM5-80GB,,67000.0,308bf16b-13aa-5a36-aa42-fdafa106bc58,suitesparse_all,JGD_Kocay/Trec13,Trec13,1301,6561,654517,2,row-major,N,N,1.0,0.0,20260922,main,pass,pass,0,0,2618068.0,0.01552,0.0159040004015,0.0314240004015,0.0166800004015,164.61694755447027,83.31428101289829,156.95850941134043,0.24569693664846312,0.12434967315357955,0.23426643195722455,AlphaSparse 248af573c867cf4c7e05d40c611c7c34ebac4715,CUDA,13040,13000,2026-10-08T13:36:04.726596+00:00,source,csr-alg5,0,0,,,,5,20,4,true
3,full-20261009-H100-SXM5-80GB-spmm-fp32-alphasparse-csr-alg5-n2,AlphaSparse-SpMM-CSR-ALG5,AlphaSparse SpMM CSR ALG5 [AlphaSparse 248af573c867cf4c7e05d40c611c7c34ebac4715],csr-alg5,AlphaSparse-SpMM-CSR,candidate,,,csr,csr,ALPHASPARSE_SPMM_CSR_ALG5,workspace-setup,spmm.csr.fp32,fp32,H100-SXM5-80GB,H100-SXM5-80GB,,67000.0,43011b5b-eebc-56e1-9bb3-83faaf7aff5c,suitesparse_all,JGD_Kocay/Trec3,Trec3,1,2,1,2,row-major,N,N,1.0,0.0,20260922,main,pass,pass,0,0,4.0,0.010503,0.00751359984279,0.0180165998428,0.00803874984279,0.0005323679838817039,0.00022201747471227348,0.0004975898091402386,7.945790804204536e-07,3.3136936524219923e-07,7.426713569257293e-07,AlphaSparse 248af573c867cf4c7e05d40c611c7c34ebac4715,CUDA,13040,13000,2026-10-07T06:56:52.318236+00:00,source,csr-alg5,0,0,,,,5,20,4,true
3,full-20261009-H100-SXM5-80GB-spmm-fp32-alphasparse-csr-alg5-n2,AlphaSparse-SpMM-CSR-ALG5,AlphaSparse SpMM CSR ALG5 [AlphaSparse 248af573c867cf4c7e05d40c611c7c34ebac4715],csr-alg5,AlphaSparse-SpMM-CSR,candidate,,,csr,csr,ALPHASPARSE_SPMM_CSR_ALG5,workspace-setup,spmm.csr.fp32,fp32,H100-SXM5-80GB,H100-SXM5-80GB,,67000.0,43011b5b-eebc-56e1-9bb3-83faaf7aff5c,suitesparse_all,JGD_Margulies/cat_ears_4_1,cat_ears_4_1,377,313,938,2,row-major,N,N,1.0,0.0,20260922,main,pass,pass,0,0,3752.0,0.009263,0.0089744001627,0.0182374001627,0.0094375501627,0.4180780812063978,0.20573107825279666,0.39756080077105366,0.0006239971361289519,0.00030706131082506964,0.0005933743295090353,AlphaSparse 248af573c867cf4c7e05d40c611c7c34ebac4715,CUDA,13040,13000,2026-10-07T06:56:52.751663+00:00,source,csr-alg5,0,0,,,,5,20,4,true
3,full-20261009-H100-SXM5-80GB-spmm-fp32-alphasparse-csr-alg5-n2,AlphaSparse-SpMM-CSR-ALG5,AlphaSparse SpMM CSR ALG5 [AlphaSparse 248af573c867cf4c7e05d40c611c7c34ebac4715],csr-alg5,AlphaSparse-SpMM-CSR,candidate,,,csr,csr,ALPHASPARSE_SPMM_CSR_ALG5,workspace-setup,spmm.csr.fp32,fp32,H100-SXM5-80GB,H100-SXM5-80GB,,67000.0,308bf16b-13aa-5a36-aa42-fdafa106bc58,suitesparse_all,JGD_Margulies/kneser_10_4_1,kneser_10_4_1,349651,330751,992252,2,row-major,N,N,1.0,0.0,20260922,main,pass,pass,0,0,3969008.0,0.024335,0.0228863999248,0.0472213999248,0.0241031499248,173.42212025663028,84.05104478733453,164.66760620014412,0.25883898545765716,0.12544932057811123,0.2457725465673793,AlphaSparse 248af573c867cf4c7e05d40c611c7c34ebac4715,CUDA,13040,13000,2026-10-08T13:36:05.670636+00:00,source,csr-alg5,0,0,,,,5,20,4,true
3,full-20261009-H100-SXM5-80GB-spmm-fp32-alphasparse-csr-alg5-n2,AlphaSparse-SpMM-CSR-ALG5,AlphaSparse SpMM CSR ALG5 [AlphaSparse 248af573c867cf4c7e05d40c611c7c34ebac4715],csr-alg5,AlphaSparse-SpMM-CSR,candidate,,,csr,csr,ALPHASPARSE_SPMM_CSR_ALG5,workspace-setup,spmm.csr.fp32,fp32,H100-SXM5-80GB,H100-SXM5-80GB,,67000.0,43011b5b-eebc-56e1-9bb3-83faaf7aff5c,suitesparse_all,JGD_Margulies/wheel_601,wheel_601,902103,723605,2170814,2,row-major,N,N,1.0,0.0,20260922,main,pass,pass,0,0,8683256.0,0.141566,0.045332801342,0.186898801342,0.052411101342,191.54465956100367,46.459666609154944,165.67589265752773,0.2858875515835876,0.06934278598381334,0.24727745172765334,AlphaSparse 248af573c867cf4c7e05d40c611c7c34ebac4715,CUDA,13040,13000,2026-10-07T06:56:54.275365+00:00,source,csr-alg5,0,0,,,,5,20,4,true
3,full-20261009-H100-SXM5-80GB-spmm-fp32-alphasparse-csr-alg5-n2,AlphaSparse-SpMM-CSR-ALG5,AlphaSparse SpMM CSR ALG5 [AlphaSparse 248af573c867cf4c7e05d40c611c7c34ebac4715],csr-alg5,AlphaSparse-SpMM-CSR,candidate,,,csr,csr,ALPHASPARSE_SPMM_CSR_ALG5,workspace-setup,spmm.csr.fp32,fp32,H100-SXM5-80GB,H100-SXM5-80GB,,67000.0,308bf16b-13aa-5a36-aa42-fdafa106bc58,suitesparse_all,JGD_Relat/relat3,relat3,12,5,24,2,row-major,N,N,1.0,0.0,20260922,main,pass,pass,0,0,96.0,0.009475,0.00795999988914,0.0174349998891,0.00843374988914,0.012060301675503145,0.005506165793555134,0.011382836965988,1.8000450261944995e-05,8.21815790082856e-06,1.69893089044597e-05,AlphaSparse 248af573c867cf4c7e05d40c611c7c34ebac4715,CUDA,13040,13000,2026-10-08T13:36:06.166278+00:00,source,csr-alg5,0,0,,,,5,20,4,true
3,full-20261009-H100-SXM5-80GB-spmm-fp32-alphasparse-csr-alg5-n2,AlphaSparse-SpMM-CSR-ALG5,AlphaSparse SpMM CSR ALG5 [AlphaSparse 248af573c867cf4c7e05d40c611c7c34ebac4715],csr-alg5,AlphaSparse-SpMM-CSR,candidate,,,csr,csr,ALPHASPARSE_SPMM_CSR_ALG5,workspace-setup,spmm.csr.fp32,fp32,H100-SXM5-80GB,H100-SXM5-80GB,,67000.0,43011b5b-eebc-56e1-9bb3-83faaf7aff5c,suitesparse_all,JGD_Relat/relat8,relat8,345688,12347,1334038,2,row-major,N,N,1.0,0.0,20260922,main,pass,pass,0,0,5336152.0,0.020411,0.0730336010456,0.0934446010456,0.0740541510456,73.06434194129722,57.10497921004568,72.05743263080798,0.1090512566288018,0.08523131225379953,0.1075484069116537,AlphaSparse 248af573c867cf4c7e05d40c611c7c34ebac4715,CUDA,13040,13000,2026-10-07T06:56:55.510372+00:00,source,csr-alg5,0,0,,,,5,20,4,true
3,full-20261009-H100-SXM5-80GB-spmm-fp32-alphasparse-csr-alg5-n2,AlphaSparse-SpMM-CSR-ALG5,AlphaSparse SpMM CSR ALG5 [AlphaSparse 248af573c867cf4c7e05d40c611c7c34ebac4715],csr-alg5,AlphaSparse-SpMM-CSR,candidate,,,csr,csr,ALPHASPARSE_SPMM_CSR_ALG5,workspace-setup,spmm.csr.fp32,fp32,H100-SXM5-80GB,H100-SXM5-80GB,,67000.0,308bf16b-13aa-5a36-aa42-fdafa106bc58,suitesparse_all,JGD_SPG/EX1,EX1,560,560,8736,2,row-major,N,N,1.0,0.0,20260922,main,pass,pass,0,0,34944.0,0.009363,0.00874079987407,0.0181037998741,0.00920894987407,3.997803462319627,1.9302025123461646,3.794569465340797,0.005966870839283025,0.0028808992721584543,0.005663536515434026,AlphaSparse 248af573c867cf4c7e05d40c611c7c34ebac4715,CUDA,13040,13000,2026-10-08T13:36:06.609831+00:00,source,csr-alg5,0,0,,,,5,20,4,true
3,full-20261009-H100-SXM5-80GB-spmm-fp32-alphasparse-csr-alg5-n2,AlphaSparse-SpMM-CSR-ALG5,AlphaSparse SpMM CSR ALG5 [AlphaSparse 248af573c867cf4c7e05d40c611c7c34ebac4715],csr-alg5,AlphaSparse-SpMM-CSR,candidate,,,csr,csr,ALPHASPARSE_SPMM_CSR_ALG5,workspace-setup,spmm.csr.fp32,fp32,H100-SXM5-80GB,H100-SXM5-80GB,,67000.0,43011b5b-eebc-56e1-9bb3-83faaf7aff5c,suitesparse_all,JGD_Taha/abtaha2,abtaha2,37932,331,137228,2,row-major,N,N,1.0,0.0,20260922,main,pass,pass,0,0,548912.0,0.012009,0.00992479994893,0.0219337999489,0.0105252499489,55.30710974775654,25.025850572122522,52.1519206351358,0.08254792499665155,0.037352015779287345,0.07783868751512805,AlphaSparse 248af573c867cf4c7e05d40c611c7c34ebac4715,CUDA,13040,13000,2026-10-07T06:56:56.084265+00:00,source,csr-alg5,0,0,,,,5,20,4,true
3,full-20261009-H100-SXM5-80GB-spmm-fp32-alphasparse-csr-alg5-n2,AlphaSparse-SpMM-CSR-ALG5,AlphaSparse SpMM CSR ALG5 [AlphaSparse 248af573c867cf4c7e05d40c611c7c34ebac4715],csr-alg5,AlphaSparse-SpMM-CSR,candidate,,,csr,csr,ALPHASPARSE_SPMM_CSR_ALG5,workspace-setup,spmm.csr.fp32,fp32,H100-SXM5-80GB,H100-SXM5-80GB,,67000.0,308bf16b-13aa-5a36-aa42-fdafa106bc58,suitesparse_all,JGD_Trefethen/Trefethen_2000,Trefethen_2000,2000,2000,41906,2,row-major,N,N,1.0,0.0,20260922,main,pass,pass,0,0,167624.0,0.009439,0.0097199998796,0.0191589998796,0.0101919498796,17.245267703326157,8.749099694837497,16.446705682443827,0.025739205527352475,0.0130583577534888,0.02454732191409526,AlphaSparse 248af573c867cf4c7e05d40c611c7c34ebac4715,CUDA,13040,13000,2026-10-08T13:36:07.057451+00:00,source,csr-alg5,0,0,,,,5,20,4,true
3,full-20261009-H100-SXM5-80GB-spmm-fp32-alphasparse-csr-alg5-n2,AlphaSparse-SpMM-CSR-ALG5,AlphaSparse SpMM CSR ALG5 [AlphaSparse 248af573c867cf4c7e05d40c611c7c34ebac4715],csr-alg5,AlphaSparse-SpMM-CSR,candidate,,,csr,csr,ALPHASPARSE_SPMM_CSR_ALG5,workspace-setup,spmm.csr.fp32,fp32,H100-SXM5-80GB,H100-SXM5-80GB,,67000.0,308bf16b-13aa-5a36-aa42-fdafa106bc58,suitesparse_all,Janna/Bump_2911,Bump_2911,2911419,2911419,127729899,2,row-major,N,N,1.0,0.0,20260922,main,pass,pass,0,0,510919596.0,0.162147,1.3302816391,1.4924286391,1.3383889891,384.06874227450203,342.341055789513,381.74222902384156,0.5732369287679135,0.5109567996858403,0.5697645209311067,AlphaSparse 248af573c867cf4c7e05d40c611c7c34ebac4715,CUDA,13040,13000,2026-10-08T13:39:56.579445+00:00,source,csr-alg5,0,0,,,,5,20,4,true
3,full-20261009-H100-SXM5-80GB-spmm-fp32-alphasparse-csr-alg5-n2,AlphaSparse-SpMM-CSR-ALG5,AlphaSparse SpMM CSR ALG5 [AlphaSparse 248af573c867cf4c7e05d40c611c7c34ebac4715],csr-alg5,AlphaSparse-SpMM-CSR,candidate,,,csr,csr,ALPHASPARSE_SPMM_CSR_ALG5,workspace-setup,spmm.csr.fp32,fp32,H100-SXM5-80GB,H100-SXM5-80GB,,67000.0,308bf16b-13aa-5a36-aa42-fdafa106bc58,suitesparse_all,Janna/StocF-1465,StocF-1465,1465137,1465137,21005389,2,row-major,N,N,1.0,0.0,20260922,main,pass,pass,0,0,84021556.0,0.163243,0.509110403061,0.672353403061,0.517272553061,165.03602262853937,124.96635789672213,162.43188528522538,0.24632242183364084,0.1865169520846599,0.24243564967944084,AlphaSparse 248af573c867cf4c7e05d40c611c7c34ebac4715,CUDA,13040,13000,2026-10-08T13:38:42.228129+00:00,source,csr-alg5,0,0,,,,5,20,4,true
3,full-20261009-H100-SXM5-80GB-spmm-fp32-alphasparse-csr-alg5-n2,AlphaSparse-SpMM-CSR-ALG5,AlphaSparse SpMM CSR ALG5 [AlphaSparse 248af573c867cf4c7e05d40c611c7c34ebac4715],csr-alg5,AlphaSparse-SpMM-CSR,candidate,,,csr,csr,ALPHASPARSE_SPMM_CSR_ALG5,workspace-setup,spmm.csr.fp32,fp32,H100-SXM5-80GB,H100-SXM5-80GB,,67000.0,43011b5b-eebc-56e1-9bb3-83faaf7aff5c,suitesparse_all,Janna/Transport,Transport,1602111,1602111,23500731,2,row-major,N,N,1.0,0.0,20260922,main,pass,pass,0,0,94002924.0,0.185712,0.295623993874,0.481335993874,0.304909593874,317.9813748137969,195.29585403207406,308.2976918031825,0.474599066886264,0.2914863493016031,0.4601458086614664,AlphaSparse 248af573c867cf4c7e05d40c611c7c34ebac4715,CUDA,13040,13000,2026-10-07T06:58:19.367331+00:00,source,csr-alg5,0,0,,,,5,20,4,true
3,full-20261009-H100-SXM5-80GB-spmm-fp32-alphasparse-csr-alg5-n2,AlphaSparse-SpMM-CSR-ALG5,AlphaSparse SpMM CSR ALG5 [AlphaSparse 248af573c867cf4c7e05d40c611c7c34ebac4715],csr-alg5,AlphaSparse-SpMM-CSR,candidate,,,csr,csr,ALPHASPARSE_SPMM_CSR_ALG5,workspace-setup,spmm.csr.fp32,fp32,H100-SXM5-80GB,H100-SXM5-80GB,,67000.0,308bf16b-13aa-5a36-aa42-fdafa106bc58,suitesparse_all,Kamvar/Stanford,Stanford,281903,281903,2312497,2,row-major,N,N,1.0,0.0,20260922,main,pass,pass,0,0,9249988.0,0.014714,0.0367648005486,0.0514788005486,0.0375005005486,251.59902575215355,179.6853831368369,246.6630542174277,0.3755209339584381,0.2681871390102043,0.36815381226481747,AlphaSparse 248af573c867cf4c7e05d40c611c7c34ebac4715,CUDA,13040,13000,2026-10-08T13:34:17.983753+00:00,source,csr-alg5,0,0,,,,5,20,4,true
3,full-20261009-H100-SXM5-80GB-spmm-fp32-alphasparse-csr-alg5-n2,AlphaSparse-SpMM-CSR-ALG5,AlphaSparse SpMM CSR ALG5 [AlphaSparse 248af573c867cf4c7e05d40c611c7c34ebac4715],csr-alg5,AlphaSparse-SpMM-CSR,candidate,,,csr,csr,ALPHASPARSE_SPMM_CSR_ALG5,workspace-setup,spmm.csr.fp32,fp32,H100-SXM5-80GB,H100-SXM5-80GB,,67000.0,308bf16b-13aa-5a36-aa42-fdafa106bc58,suitesparse_all,Koutsovasilis/F1,F1,343791,343791,26837113,2,row-major,N,N,1.0,0.0,20260922,main,pass,pass,0,0,107348452.0,0.020519,0.277628803253,0.298147803253,0.278654753253,386.6617971269162,360.05112507539445,385.2381872077192,0.5771071598909198,0.5373897389184992,0.5749823689667451,AlphaSparse 248af573c867cf4c7e05d40c611c7c34ebac4715,CUDA,13040,13000,2026-10-08T13:35:18.749782+00:00,source,csr-alg5,0,0,,,,5,20,4,true
3,full-20261009-H100-SXM5-80GB-spmm-fp32-alphasparse-csr-alg5-n2,AlphaSparse-SpMM-CSR-ALG5,AlphaSparse SpMM CSR ALG5 [AlphaSparse 248af573c867cf4c7e05d40c611c7c34ebac4715],csr-alg5,AlphaSparse-SpMM-CSR,candidate,,,csr,csr,ALPHASPARSE_SPMM_CSR_ALG5,workspace-setup,spmm.csr.fp32,fp32,H100-SXM5-80GB,H100-SXM5-80GB,,67000.0,43011b5b-eebc-56e1-9bb3-83faaf7aff5c,suitesparse_all,LAW/cnr-2000,cnr-2000,325557,325557,3216152,2,row-major,N,N,1.0,0.0,20260922,main,pass,pass,0,0,12864608.0,0.016355,0.0431840002537,0.0595390002537,0.0440017502537,297.90218424467895,216.0702723455713,292.3658246734912,0.44463012573832683,0.32249294379936017,0.43636690249774807,AlphaSparse 248af573c867cf4c7e05d40c611c7c34ebac4715,CUDA,13040,13000,2026-10-07T06:57:36.553113+00:00,source,csr-alg5,0,0,,,,5,20,4,true
3,full-20261009-H100-SXM5-80GB-spmm-fp32-alphasparse-csr-alg5-n2,AlphaSparse-SpMM-CSR-ALG5,AlphaSparse SpMM CSR ALG5 [AlphaSparse 248af573c867cf4c7e05d40c611c7c34ebac4715],csr-alg5,AlphaSparse-SpMM-CSR,candidate,,,csr,csr,ALPHASPARSE_SPMM_CSR_ALG5,workspace-setup,spmm.csr.fp32,fp32,H100-SXM5-80GB,H100-SXM5-80GB,,67000.0,308bf16b-13aa-5a36-aa42-fdafa106bc58,suitesparse_all,LAW/indochina-2004,indochina-2004,7414866,7414866,194109311,2,row-major,N,N,1.0,0.0,20260922,main,pass,pass,0,0,776437244.0,0.190716,2.07265281677,2.26336881677,2.08218861677,374.61037261898576,343.04495062719616,372.89476935305225,0.5591199591328146,0.5120073889958152,0.5565593572433616,AlphaSparse 248af573c867cf4c7e05d40c611c7c34ebac4715,CUDA,13040,13000,2026-10-08T13:38:23.662791+00:00,source,csr-alg5,0,0,,,,5,20,4,true
3,full-20261009-H100-SXM5-80GB-spmm-fp32-alphasparse-csr-alg5-n2,AlphaSparse-SpMM-CSR-ALG5,AlphaSparse SpMM CSR ALG5 [AlphaSparse 248af573c867cf4c7e05d40c611c7c34ebac4715],csr-alg5,AlphaSparse-SpMM-CSR,candidate,,,csr,csr,ALPHASPARSE_SPMM_CSR_ALG5,workspace-setup,spmm.csr.fp32,fp32,H100-SXM5-80GB,H100-SXM5-80GB,,67000.0,308bf16b-13aa-5a36-aa42-fdafa106bc58,suitesparse_all,LPnetlib/lp_80bau3b,lp_80bau3b,2262,12061,23264,2,row-major,N,N,1.0,0.0,20260922,main,pass,pass,0,0,93056.0,0.009945,0.00879039987922,0.0187353998792,0.00928764987922,10.586094066093516,4.966854222487696,10.019326870643736,0.0158001403971545,0.007413215257444324,0.014954219209916023,AlphaSparse 248af573c867cf4c7e05d40c611c7c34ebac4715,CUDA,13040,13000,2026-10-08T13:33:23.375439+00:00,source,csr-alg5,0,0,,,,5,20,4,true
3,full-20261009-H100-SXM5-80GB-spmm-fp32-alphasparse-csr-alg5-n2,AlphaSparse-SpMM-CSR-ALG5,AlphaSparse SpMM CSR ALG5 [AlphaSparse 248af573c867cf4c7e05d40c611c7c34ebac4715],csr-alg5,AlphaSparse-SpMM-CSR,candidate,,,csr,csr,ALPHASPARSE_SPMM_CSR_ALG5,workspace-setup,spmm.csr.fp32,fp32,H100-SXM5-80GB,H100-SXM5-80GB,,67000.0,43011b5b-eebc-56e1-9bb3-83faaf7aff5c,suitesparse_all,LPnetlib/lp_bandm,lp_bandm,305,472,2494,2,row-major,N,N,1.0,0.0,20260922,main,pass,pass,0,0,9976.0,0.009032,0.00805120021105,0.017083200211,0.00850280021105,1.2390699198249073,0.5839655261767862,1.1732605438659456,0.0018493580892909064,0.0008715903375772928,0.0017511351400984262,AlphaSparse 248af573c867cf4c7e05d40c611c7c34ebac4715,CUDA,13040,13000,2026-10-07T06:54:41.830412+00:00,source,csr-alg5,0,0,,,,5,20,4,true
3,full-20261009-H100-SXM5-80GB-spmm-fp32-alphasparse-csr-alg5-n2,AlphaSparse-SpMM-CSR-ALG5,AlphaSparse SpMM CSR ALG5 [AlphaSparse 248af573c867cf4c7e05d40c611c7c34ebac4715],csr-alg5,AlphaSparse-SpMM-CSR,candidate,,,csr,csr,ALPHASPARSE_SPMM_CSR_ALG5,workspace-setup,spmm.csr.fp32,fp32,H100-SXM5-80GB,H100-SXM5-80GB,,67000.0,308bf16b-13aa-5a36-aa42-fdafa106bc58,suitesparse_all,LPnetlib/lp_cre_c,lp_cre_c,3068,6411,15977,2,row-major,N,N,1.0,0.0,20260922,main,pass,pass,0,0,63908.0,0.009564,0.00916000008583,0.0187240000858,0.00963820008583,6.976855829822758,3.4131595656457443,6.630698619128793,0.010413217656451876,0.005094268008426484,0.009896565103177303,AlphaSparse 248af573c867cf4c7e05d40c611c7c34ebac4715,CUDA,13040,13000,2026-10-08T13:33:23.813181+00:00,source,csr-alg5,0,0,,,,5,20,4,true
3,full-20261009-H100-SXM5-80GB-spmm-fp32-alphasparse-csr-alg5-n2,AlphaSparse-SpMM-CSR-ALG5,AlphaSparse SpMM CSR ALG5 [AlphaSparse 248af573c867cf4c7e05d40c611c7c34ebac4715],csr-alg5,AlphaSparse-SpMM-CSR,candidate,,,csr,csr,ALPHASPARSE_SPMM_CSR_ALG5,workspace-setup,spmm.csr.fp32,fp32,H100-SXM5-80GB,H100-SXM5-80GB,,67000.0,43011b5b-eebc-56e1-9bb3-83faaf7aff5c,suitesparse_all,LPnetlib/lp_degen2,lp_degen2,444,757,4201,2,row-major,N,N,1.0,0.0,20260922,main,pass,pass,0,0,16804.0,0.009574,0.0085487999022,0.0181227999022,0.0090274999022,1.9656560209902159,0.9272297928953072,1.8614234485790324,0.0029338149567018144,0.0013839250640228465,0.0027782439531030337,AlphaSparse 248af573c867cf4c7e05d40c611c7c34ebac4715,CUDA,13040,13000,2026-10-07T06:54:42.239440+00:00,source,csr-alg5,0,0,,,,5,20,4,true
3,full-20261009-H100-SXM5-80GB-spmm-fp32-alphasparse-csr-alg5-n2,AlphaSparse-SpMM-CSR-ALG5,AlphaSparse SpMM CSR ALG5 [AlphaSparse 248af573c867cf4c7e05d40c611c7c34ebac4715],csr-alg5,AlphaSparse-SpMM-CSR,candidate,,,csr,csr,ALPHASPARSE_SPMM_CSR_ALG5,workspace-setup,spmm.csr.fp32,fp32,H100-SXM5-80GB,H100-SXM5-80GB,,67000.0,308bf16b-13aa-5a36-aa42-fdafa106bc58,suitesparse_all,LPnetlib/lp_fit2p,lp_fit2p,3000,13525,50284,2,row-major,N,N,1.0,0.0,20260922,main,pass,pass,0,0,201136.0,0.009828,0.00898080021143,0.0188088002114,0.00947220021143,22.396222526363648,10.693717714014085,21.234348462914816,0.033427197800542756,0.01596077270748371,0.031693057407335544,AlphaSparse 248af573c867cf4c7e05d40c611c7c34ebac4715,CUDA,13040,13000,2026-10-08T13:33:24.266737+00:00,source,csr-alg5,0,0,,,,5,20,4,true
3,full-20261009-H100-SXM5-80GB-spmm-fp32-alphasparse-csr-alg5-n2,AlphaSparse-SpMM-CSR-ALG5,AlphaSparse SpMM CSR ALG5 [AlphaSparse 248af573c867cf4c7e05d40c611c7c34ebac4715],csr-alg5,AlphaSparse-SpMM-CSR,candidate,,,csr,csr,ALPHASPARSE_SPMM_CSR_ALG5,workspace-setup,spmm.csr.fp32,fp32,H100-SXM5-80GB,H100-SXM5-80GB,,67000.0,43011b5b-eebc-56e1-9bb3-83faaf7aff5c,suitesparse_all,LPnetlib/lp_grow22,lp_grow22,440,946,8252,2,row-major,N,N,1.0,0.0,20260922,main,pass,pass,0,0,33008.0,0.009002,0.00820479989052,0.0172067998905,0.00865489989052,4.023010974117497,1.9183113774818734,3.813793390742134,0.0060044939912201455,0.002863151309674438,0.005692228941406171,AlphaSparse 248af573c867cf4c7e05d40c611c7c34ebac4715,CUDA,13040,13000,2026-10-07T06:54:42.629264+00:00,source,csr-alg5,0,0,,,,5,20,4,true
3,full-20261009-H100-SXM5-80GB-spmm-fp32-alphasparse-csr-alg5-n2,AlphaSparse-SpMM-CSR-ALG5,AlphaSparse SpMM CSR ALG5 [AlphaSparse 248af573c867cf4c7e05d40c611c7c34ebac4715],csr-alg5,AlphaSparse-SpMM-CSR,candidate,,,csr,csr,ALPHASPARSE_SPMM_CSR_ALG5,workspace-setup,spmm.csr.fp32,fp32,H100-SXM5-80GB,H100-SXM5-80GB,,67000.0,308bf16b-13aa-5a36-aa42-fdafa106bc58,suitesparse_all,LPnetlib/lp_maros_r7,lp_maros_r7,3136,9408,144848,2,row-major,N,N,1.0,0.0,20260922,main,pass,pass,0,0,579392.0,0.009753,0.00893919989467,0.0186921998947,0.00942684989467,64.81474928706568,30.996458590424186,61.46188880419024,0.09673843177173982,0.04626337103048386,0.09173416239431378,AlphaSparse 248af573c867cf4c7e05d40c611c7c34ebac4715,CUDA,13040,13000,2026-10-08T13:33:24.769469+00:00,source,csr-alg5,0,0,,,,5,20,4,true
3,full-20261009-H100-SXM5-80GB-spmm-fp32-alphasparse-csr-alg5-n2,AlphaSparse-SpMM-CSR-ALG5,AlphaSparse SpMM CSR ALG5 [AlphaSparse 248af573c867cf4c7e05d40c611c7c34ebac4715],csr-alg5,AlphaSparse-SpMM-CSR,candidate,,,csr,csr,ALPHASPARSE_SPMM_CSR_ALG5,workspace-setup,spmm.csr.fp32,fp32,H100-SXM5-80GB,H100-SXM5-80GB,,67000.0,43011b5b-eebc-56e1-9bb3-83faaf7aff5c,suitesparse_all,LPnetlib/lp_pds_02,lp_pds_02,2953,7716,16571,2,row-major,N,N,1.0,0.0,20260922,main,pass,pass,0,0,66284.0,0.00979,0.00890239998698,0.018692399987,0.00939189998698,7.445632649279087,3.5460401043257432,7.057570895334233,0.011112884551162817,0.005292597170635438,0.01053368790348393,AlphaSparse 248af573c867cf4c7e05d40c611c7c34ebac4715,CUDA,13040,13000,2026-10-07T06:54:43.039300+00:00,source,csr-alg5,0,0,,,,5,20,4,true
3,full-20261009-H100-SXM5-80GB-spmm-fp32-alphasparse-csr-alg5-n2,AlphaSparse-SpMM-CSR-ALG5,AlphaSparse SpMM CSR ALG5 [AlphaSparse 248af573c867cf4c7e05d40c611c7c34ebac4715],csr-alg5,AlphaSparse-SpMM-CSR,candidate,,,csr,csr,ALPHASPARSE_SPMM_CSR_ALG5,workspace-setup,spmm.csr.fp32,fp32,H100-SXM5-80GB,H100-SXM5-80GB,,67000.0,308bf16b-13aa-5a36-aa42-fdafa106bc58,suitesparse_all,LPnetlib/lp_pilotnov,lp_pilotnov,975,2446,13331,2,row-major,N,N,1.0,0.0,20260922,main,pass,pass,0,0,53324.0,0.010041,0.00911839976907,0.0191593997691,0.00962044976907,5.847955929819756,2.7831769597500737,5.542776198617871,0.0087282924325668,0.004153995462313543,0.008272800296444584,AlphaSparse 248af573c867cf4c7e05d40c611c7c34ebac4715,CUDA,13040,13000,2026-10-08T13:33:25.262523+00:00,source,csr-alg5,0,0,,,,5,20,4,true
3,full-20261009-H100-SXM5-80GB-spmm-fp32-alphasparse-csr-alg5-n2,AlphaSparse-SpMM-CSR-ALG5,AlphaSparse SpMM CSR ALG5 [AlphaSparse 248af573c867cf4c7e05d40c611c7c34ebac4715],csr-alg5,AlphaSparse-SpMM-CSR,candidate,,,csr,csr,ALPHASPARSE_SPMM_CSR_ALG5,workspace-setup,spmm.csr.fp32,fp32,H100-SXM5-80GB,H100-SXM5-80GB,,67000.0,43011b5b-eebc-56e1-9bb3-83faaf7aff5c,suitesparse_all,LPnetlib/lp_sc205,lp_sc205,205,317,665,2,row-major,N,N,1.0,0.0,20260922,main,pass,pass,0,0,2660.0,0.008582,0.00867360010743,0.0172556001074,0.00910270010743,0.3066777309368211,0.15415285376596485,0.29222098592798834,0.00045772795662212104,0.000230078886217858,0.00043615072526565423,AlphaSparse 248af573c867cf4c7e05d40c611c7c34ebac4715,CUDA,13040,13000,2026-10-07T06:54:43.461104+00:00,source,csr-alg5,0,0,,,,5,20,4,true
3,full-20261009-H100-SXM5-80GB-spmm-fp32-alphasparse-csr-alg5-n2,AlphaSparse-SpMM-CSR-ALG5,AlphaSparse SpMM CSR ALG5 [AlphaSparse 248af573c867cf4c7e05d40c611c7c34ebac4715],csr-alg5,AlphaSparse-SpMM-CSR,candidate,,,csr,csr,ALPHASPARSE_SPMM_CSR_ALG5,workspace-setup,spmm.csr.fp32,fp32,H100-SXM5-80GB,H100-SXM5-80GB,,67000.0,308bf16b-13aa-5a36-aa42-fdafa106bc58,suitesparse_all,LPnetlib/lp_scsd1,lp_scsd1,77,760,2388,2,row-major,N,N,1.0,0.0,20260922,main,pass,pass,0,0,9552.0,0.009993,0.00851199999452,0.0185049999945,0.00901164999452,1.122180451850276,0.5161848150683067,1.059961272997574,0.001674896196791457,0.0007704250971168757,0.001582031750742648,AlphaSparse 248af573c867cf4c7e05d40c611c7c34ebac4715,CUDA,13040,13000,2026-10-08T13:33:25.754864+00:00,source,csr-alg5,0,0,,,,5,20,4,true
3,full-20261009-H100-SXM5-80GB-spmm-fp32-alphasparse-csr-alg5-n2,AlphaSparse-SpMM-CSR-ALG5,AlphaSparse SpMM CSR ALG5 [AlphaSparse 248af573c867cf4c7e05d40c611c7c34ebac4715],csr-alg5,AlphaSparse-SpMM-CSR,candidate,,,csr,csr,ALPHASPARSE_SPMM_CSR_ALG5,workspace-setup,spmm.csr.fp32,fp32,H100-SXM5-80GB,H100-SXM5-80GB,,67000.0,43011b5b-eebc-56e1-9bb3-83faaf7aff5c,suitesparse_all,LPnetlib/lp_share1b,lp_share1b,117,253,1179,2,row-major,N,N,1.0,0.0,20260922,main,pass,pass,0,0,4716.0,0.00956,0.00845279991627,0.0180127999163,0.00893079991627,0.5579216409609572,0.2618138224992126,0.5280602011258209,0.0008327188671059064,0.0003907668992525561,0.0007881495539191355,AlphaSparse 248af573c867cf4c7e05d40c611c7c34ebac4715,CUDA,13040,13000,2026-10-07T06:54:43.862107+00:00,source,csr-alg5,0,0,,,,5,20,4,true
3,full-20261009-H100-SXM5-80GB-spmm-fp32-alphasparse-csr-alg5-n2,AlphaSparse-SpMM-CSR-ALG5,AlphaSparse SpMM CSR ALG5 [AlphaSparse 248af573c867cf4c7e05d40c611c7c34ebac4715],csr-alg5,AlphaSparse-SpMM-CSR,candidate,,,csr,csr,ALPHASPARSE_SPMM_CSR_ALG5,workspace-setup,spmm.csr.fp32,fp32,H100-SXM5-80GB,H100-SXM5-80GB,,67000.0,308bf16b-13aa-5a36-aa42-fdafa106bc58,suitesparse_all,LPnetlib/lp_stair,lp_stair,356,614,4003,2,row-major,N,N,1.0,0.0,20260922,main,pass,pass,0,0,16012.0,0.009563,0.00860000029206,0.0181630002921,0.00907815029206,1.8618604018866338,0.8815724132848484,1.7637954302215657,0.0027788961222188564,0.0013157797213206692,0.0026325304928680082,AlphaSparse 248af573c867cf4c7e05d40c611c7c34ebac4715,CUDA,13040,13000,2026-10-08T13:33:26.184230+00:00,source,csr-alg5,0,0,,,,5,20,4,true
3,full-20261009-H100-SXM5-80GB-spmm-fp32-alphasparse-csr-alg5-n2,AlphaSparse-SpMM-CSR-ALG5,AlphaSparse SpMM CSR ALG5 [AlphaSparse 248af573c867cf4c7e05d40c611c7c34ebac4715],csr-alg5,AlphaSparse-SpMM-CSR,candidate,,,csr,csr,ALPHASPARSE_SPMM_CSR_ALG5,workspace-setup,spmm.csr.fp32,fp32,H100-SXM5-80GB,H100-SXM5-80GB,,67000.0,43011b5b-eebc-56e1-9bb3-83faaf7aff5c,suitesparse_all,LPnetlib/lp_stocfor3,lp_stocfor3,16675,23541,76473,2,row-major,N,N,1.0,0.0,20260922,main,pass,pass,0,0,305892.0,0.009601,0.00866559967399,0.018266599674,0.00914564967399,35.299576660359925,16.74597382431254,33.44672176433231,0.05268593531397004,0.02499399078255603,0.04992048024527211,AlphaSparse 248af573c867cf4c7e05d40c611c7c34ebac4715,CUDA,13040,13000,2026-10-07T06:54:44.324083+00:00,source,csr-alg5,0,0,,,,5,20,4,true
3,full-20261009-H100-SXM5-80GB-spmm-fp32-alphasparse-csr-alg5-n2,AlphaSparse-SpMM-CSR-ALG5,AlphaSparse SpMM CSR ALG5 [AlphaSparse 248af573c867cf4c7e05d40c611c7c34ebac4715],csr-alg5,AlphaSparse-SpMM-CSR,candidate,,,csr,csr,ALPHASPARSE_SPMM_CSR_ALG5,workspace-setup,spmm.csr.fp32,fp32,H100-SXM5-80GB,H100-SXM5-80GB,,67000.0,308bf16b-13aa-5a36-aa42-fdafa106bc58,suitesparse_all,LPnetlib/lpi_box1,lpi_box1,231,261,651,2,row-major,N,N,1.0,0.0,20260922,main,pass,pass,0,0,2604.0,0.010401,0.00834880024195,0.0187498002419,0.00886885024195,0.31190110249802705,0.13888147961069292,0.2936119033426656,0.0004655240335791448,0.00020728579046372074,0.00043822672140696363,AlphaSparse 248af573c867cf4c7e05d40c611c7c34ebac4715,CUDA,13040,13000,2026-10-08T13:33:26.661459+00:00,source,csr-alg5,0,0,,,,5,20,4,true
3,full-20261009-H100-SXM5-80GB-spmm-fp32-alphasparse-csr-alg5-n2,AlphaSparse-SpMM-CSR-ALG5,AlphaSparse SpMM CSR ALG5 [AlphaSparse 248af573c867cf4c7e05d40c611c7c34ebac4715],csr-alg5,AlphaSparse-SpMM-CSR,candidate,,,csr,csr,ALPHASPARSE_SPMM_CSR_ALG5,workspace-setup,spmm.csr.fp32,fp32,H100-SXM5-80GB,H100-SXM5-80GB,,67000.0,43011b5b-eebc-56e1-9bb3-83faaf7aff5c,suitesparse_all,LPnetlib/lpi_ex73a,lpi_ex73a,193,211,457,2,row-major,N,N,1.0,0.0,20260922,main,pass,pass,0,0,1828.0,0.009373,0.0086575999856,0.0180305999856,0.0091262499856,0.21114396634638619,0.10138320418953992,0.200301328901174,0.0003151402482781883,0.00015131821520826853,0.00029895720731518507,AlphaSparse 248af573c867cf4c7e05d40c611c7c34ebac4715,CUDA,13040,13000,2026-10-07T06:54:44.737176+00:00,source,csr-alg5,0,0,,,,5,20,4,true
3,full-20261009-H100-SXM5-80GB-spmm-fp32-alphasparse-csr-alg5-n2,AlphaSparse-SpMM-CSR-ALG5,AlphaSparse SpMM CSR ALG5 [AlphaSparse 248af573c867cf4c7e05d40c611c7c34ebac4715],csr-alg5,AlphaSparse-SpMM-CSR,candidate,,,csr,csr,ALPHASPARSE_SPMM_CSR_ALG5,workspace-setup,spmm.csr.fp32,fp32,H100-SXM5-80GB,H100-SXM5-80GB,,67000.0,308bf16b-13aa-5a36-aa42-fdafa106bc58,suitesparse_all,LPnetlib/lpi_klein3,lpi_klein3,994,1082,13101,2,row-major,N,N,1.0,0.0,20260922,main,pass,pass,0,0,52404.0,0.010893,0.00889919996262,0.0197921999626,0.00944384996262,5.888619226460422,2.6477097088259183,5.5490081065902075,0.008788983920090183,0.003951805535561072,0.008282101651627174,AlphaSparse 248af573c867cf4c7e05d40c611c7c34ebac4715,CUDA,13040,13000,2026-10-08T13:33:27.099943+00:00,source,csr-alg5,0,0,,,,5,20,4,true
3,full-20261009-H100-SXM5-80GB-spmm-fp32-alphasparse-csr-alg5-n2,AlphaSparse-SpMM-CSR-ALG5,AlphaSparse SpMM CSR ALG5 [AlphaSparse 248af573c867cf4c7e05d40c611c7c34ebac4715],csr-alg5,AlphaSparse-SpMM-CSR,candidate,,,csr,csr,ALPHASPARSE_SPMM_CSR_ALG5,workspace-setup,spmm.csr.fp32,fp32,H100-SXM5-80GB,H100-SXM5-80GB,,67000.0,43011b5b-eebc-56e1-9bb3-83faaf7aff5c,suitesparse_all,LPnetlib/lpi_refinery,lpi_refinery,323,464,1626,2,row-major,N,N,1.0,0.0,20260922,main,pass,pass,0,0,6504.0,0.009217,0.0086864002049,0.0179034002049,0.0091472502049,0.748756659442319,0.3632829476838658,0.711033354757907,0.0011175472528989834,0.0005422133547520386,0.001061243813071503,AlphaSparse 248af573c867cf4c7e05d40c611c7c34ebac4715,CUDA,13040,13000,2026-10-07T06:54:45.207263+00:00,source,csr-alg5,0,0,,,,5,20,4,true
3,full-20261009-H100-SXM5-80GB-spmm-fp32-alphasparse-csr-alg5-n2,AlphaSparse-SpMM-CSR-ALG5,AlphaSparse SpMM CSR ALG5 [AlphaSparse 248af573c867cf4c7e05d40c611c7c34ebac4715],csr-alg5,AlphaSparse-SpMM-CSR,candidate,,,csr,csr,ALPHASPARSE_SPMM_CSR_ALG5,workspace-setup,spmm.csr.fp32,fp32,H100-SXM5-80GB,H100-SXM5-80GB,,67000.0,308bf16b-13aa-5a36-aa42-fdafa106bc58,suitesparse_all,Lourakis/bundle1,bundle1,10581,10581,770901,2,row-major,N,N,1.0,0.0,20260922,main,pass,pass,0,0,3083604.0,0.013941,0.0161456003785,0.0300866003785,0.0168426503785,190.98726140318857,102.49094152237802,183.0830617927144,0.2850556140346098,0.15297155451101196,0.2732583011831558,AlphaSparse 248af573c867cf4c7e05d40c611c7c34ebac4715,CUDA,13040,13000,2026-10-08T13:35:01.347805+00:00,source,csr-alg5,0,0,,,,5,20,4,true
3,full-20261009-H100-SXM5-80GB-spmm-fp32-alphasparse-csr-alg5-n2,AlphaSparse-SpMM-CSR-ALG5,AlphaSparse SpMM CSR ALG5 [AlphaSparse 248af573c867cf4c7e05d40c611c7c34ebac4715],csr-alg5,AlphaSparse-SpMM-CSR,candidate,,,csr,csr,ALPHASPARSE_SPMM_CSR_ALG5,workspace-setup,spmm.csr.fp32,fp32,H100-SXM5-80GB,H100-SXM5-80GB,,67000.0,308bf16b-13aa-5a36-aa42-fdafa106bc58,suitesparse_all,MAWI/mawi_201512020130,mawi_201512020130,128568730,128568730,270234840,2,row-major,N,N,1.0,0.0,20260922,main,pass,pass,0,0,1080939360.0,0.174124,7.33488311768,7.50900711768,7.34358931768,147.36967756098312,143.9523685434952,147.19496328554118,0.21995474262833303,0.21485428140820179,0.21969397505304653,AlphaSparse 248af573c867cf4c7e05d40c611c7c34ebac4715,CUDA,13040,13000,2026-10-08T13:42:00.107256+00:00,source,csr-alg5,0,0,,,,5,20,4,true
3,full-20261009-H100-SXM5-80GB-spmm-fp32-alphasparse-csr-alg5-n2,AlphaSparse-SpMM-CSR-ALG5,AlphaSparse SpMM CSR ALG5 [AlphaSparse 248af573c867cf4c7e05d40c611c7c34ebac4715],csr-alg5,AlphaSparse-SpMM-CSR,candidate,,,csr,csr,ALPHASPARSE_SPMM_CSR_ALG5,workspace-setup,spmm.csr.fp32,fp32,H100-SXM5-80GB,H100-SXM5-80GB,,67000.0,308bf16b-13aa-5a36-aa42-fdafa106bc58,suitesparse_all,MKS/fp,fp,7548,7548,848553,2,row-major,N,N,1.0,0.0,20260922,main,pass,pass,0,0,3394212.0,0.014364,0.0171856001019,0.0315496001019,0.0179038001019,197.50325737096279,107.58336045583005,189.5805348965998,0.29478098115069074,0.16057217978482097,0.28295602223373106,AlphaSparse 248af573c867cf4c7e05d40c611c7c34ebac4715,CUDA,13040,13000,2026-10-08T13:35:03.908234+00:00,source,csr-alg5,0,0,,,,5,20,4,true
3,full-20261009-H100-SXM5-80GB-spmm-fp32-alphasparse-csr-alg5-n2,AlphaSparse-SpMM-CSR-ALG5,AlphaSparse SpMM CSR ALG5 [AlphaSparse 248af573c867cf4c7e05d40c611c7c34ebac4715],csr-alg5,AlphaSparse-SpMM-CSR,candidate,,,csr,csr,ALPHASPARSE_SPMM_CSR_ALG5,workspace-setup,spmm.csr.fp32,fp32,H100-SXM5-80GB,H100-SXM5-80GB,,67000.0,43011b5b-eebc-56e1-9bb3-83faaf7aff5c,suitesparse_all,ML_Graph/Binaryalphadigs_10NN,Binaryalphadigs_10NN,1404,1404,19392,2,row-major,N,N,1.0,0.0,20260922,main,pass,pass,0,0,77568.0,0.009212,0.0085872001946,0.0177992001946,0.0090478001946,9.032979113352695,4.357948624204638,8.573133616091006,0.013482058378138352,0.006504400931648713,0.012795721815061204,AlphaSparse 248af573c867cf4c7e05d40c611c7c34ebac4715,CUDA,13040,13000,2026-10-07T06:59:42.559181+00:00,source,csr-alg5,0,0,,,,5,20,4,true
3,full-20261009-H100-SXM5-80GB-spmm-fp32-alphasparse-csr-alg5-n2,AlphaSparse-SpMM-CSR-ALG5,AlphaSparse SpMM CSR ALG5 [AlphaSparse 248af573c867cf4c7e05d40c611c7c34ebac4715],csr-alg5,AlphaSparse-SpMM-CSR,candidate,,,csr,csr,ALPHASPARSE_SPMM_CSR_ALG5,workspace-setup,spmm.csr.fp32,fp32,H100-SXM5-80GB,H100-SXM5-80GB,,67000.0,308bf16b-13aa-5a36-aa42-fdafa106bc58,suitesparse_all,ML_Graph/Ecoli_10NN,Ecoli_10NN,336,336,4560,2,row-major,N,N,1.0,0.0,20260922,main,pass,pass,0,0,18240.0,0.009346,0.00825280025601,0.017598800256,0.00872010025601,2.210158907786111,1.0364342872623602,2.0917190702513735,0.0032987446384867333,0.001546916846660239,0.003121968761569214,AlphaSparse 248af573c867cf4c7e05d40c611c7c34ebac4715,CUDA,13040,13000,2026-10-08T13:42:44.199825+00:00,source,csr-alg5,0,0,,,,5,20,4,true
3,full-20261009-H100-SXM5-80GB-spmm-fp32-alphasparse-csr-alg5-n2,AlphaSparse-SpMM-CSR-ALG5,AlphaSparse SpMM CSR ALG5 [AlphaSparse 248af573c867cf4c7e05d40c611c7c34ebac4715],csr-alg5,AlphaSparse-SpMM-CSR,candidate,,,csr,csr,ALPHASPARSE_SPMM_CSR_ALG5,workspace-setup,spmm.csr.fp32,fp32,H100-SXM5-80GB,H100-SXM5-80GB,,67000.0,43011b5b-eebc-56e1-9bb3-83faaf7aff5c,suitesparse_all,ML_Graph/JapaneseVowelsSmall_10NN,JapaneseVowelsSmall_10NN,9961,9961,131144,2,row-major,N,N,1.0,0.0,20260922,main,pass,pass,0,0,524576.0,0.010593,0.00895040035248,0.0195434003525,0.00948005035248,58.60922186063432,26.84159309732894,55.33472718979492,0.08747645053826018,0.040062079249744684,0.0825891450593954,AlphaSparse 248af573c867cf4c7e05d40c611c7c34ebac4715,CUDA,13040,13000,2026-10-07T06:59:43.089838+00:00,source,csr-alg5,0,0,,,,5,20,4,true
3,full-20261009-H100-SXM5-80GB-spmm-fp32-alphasparse-csr-alg5-n2,AlphaSparse-SpMM-CSR-ALG5,AlphaSparse SpMM CSR ALG5 [AlphaSparse 248af573c867cf4c7e05d40c611c7c34ebac4715],csr-alg5,AlphaSparse-SpMM-CSR,candidate,,,csr,csr,ALPHASPARSE_SPMM_CSR_ALG5,workspace-setup,spmm.csr.fp32,fp32,H100-SXM5-80GB,H100-SXM5-80GB,,67000.0,308bf16b-13aa-5a36-aa42-fdafa106bc58,suitesparse_all,ML_Graph/plantstexture_10NN,plantstexture_10NN,1599,1599,21204,2,row-major,N,N,1.0,0.0,20260922,main,pass,pass,0,0,84816.0,0.010331,0.00878880023956,0.0191198002396,0.00930535023956,9.650463964151518,4.436029609992119,9.114756330118585,0.0144036775584351,0.006620939716406147,0.013604113925550127,AlphaSparse 248af573c867cf4c7e05d40c611c7c34ebac4715,CUDA,13040,13000,2026-10-08T13:42:44.648045+00:00,source,csr-alg5,0,0,,,,5,20,4,true
3,full-20261009-H100-SXM5-80GB-spmm-fp32-alphasparse-csr-alg5-n2,AlphaSparse-SpMM-CSR-ALG5,AlphaSparse SpMM CSR ALG5 [AlphaSparse 248af573c867cf4c7e05d40c611c7c34ebac4715],csr-alg5,AlphaSparse-SpMM-CSR,candidate,,,csr,csr,ALPHASPARSE_SPMM_CSR_ALG5,workspace-setup,spmm.csr.fp32,fp32,H100-SXM5-80GB,H100-SXM5-80GB,,67000.0,43011b5b-eebc-56e1-9bb3-83faaf7aff5c,suitesparse_all,ML_Graph/worms20_10NN,worms20_10NN,20055,20055,240826,2,row-major,N,N,1.0,0.0,20260922,main,pass,pass,0,0,963304.0,0.013253,0.0100175999105,0.0232705999105,0.0106802499105,96.16115722392823,41.39575273971964,90.19489319748536,0.14352411525959438,0.06178470558167111,0.13461924357833635,AlphaSparse 248af573c867cf4c7e05d40c611c7c34ebac4715,CUDA,13040,13000,2026-10-07T06:59:43.619420+00:00,source,csr-alg5,0,0,,,,5,20,4,true
3,full-20261009-H100-SXM5-80GB-spmm-fp32-alphasparse-csr-alg5-n2,AlphaSparse-SpMM-CSR-ALG5,AlphaSparse SpMM CSR ALG5 [AlphaSparse 248af573c867cf4c7e05d40c611c7c34ebac4715],csr-alg5,AlphaSparse-SpMM-CSR,candidate,,,csr,csr,ALPHASPARSE_SPMM_CSR_ALG5,workspace-setup,spmm.csr.fp32,fp32,H100-SXM5-80GB,H100-SXM5-80GB,,67000.0,308bf16b-13aa-5a36-aa42-fdafa106bc58,suitesparse_all,Mallya/lhr07c,lhr07c,7337,7337,156508,2,row-major,N,N,1.0,0.0,20260922,main,pass,pass,0,0,626032.0,0.011439,0.0100528001785,0.0214918001785,0.0106247501785,62.27439010862858,29.128876818158343,58.92204423467988,0.09294685090840087,0.043475935549490065,0.08794334960399983,AlphaSparse 248af573c867cf4c7e05d40c611c7c34ebac4715,CUDA,13040,13000,2026-10-08T13:33:27.660397+00:00,source,csr-alg5,0,0,,,,5,20,4,true
3,full-20261009-H100-SXM5-80GB-spmm-fp32-alphasparse-csr-alg5-n2,AlphaSparse-SpMM-CSR-ALG5,AlphaSparse SpMM CSR ALG5 [AlphaSparse 248af573c867cf4c7e05d40c611c7c34ebac4715],csr-alg5,AlphaSparse-SpMM-CSR,candidate,,,csr,csr,ALPHASPARSE_SPMM_CSR_ALG5,workspace-setup,spmm.csr.fp32,fp32,H100-SXM5-80GB,H100-SXM5-80GB,,67000.0,43011b5b-eebc-56e1-9bb3-83faaf7aff5c,suitesparse_all,Mallya/lhr14c,lhr14c,14270,14270,307858,2,row-major,N,N,1.0,0.0,20260922,main,pass,pass,0,0,1231432.0,0.013509,0.0118639998138,0.0253729998138,0.0125394498138,103.7956860524913,48.53316553174143,98.20462765796759,0.15491893440670346,0.07243756049513647,0.14657407113129492,AlphaSparse 248af573c867cf4c7e05d40c611c7c34ebac4715,CUDA,13040,13000,2026-10-07T06:54:45.865843+00:00,source,csr-alg5,0,0,,,,5,20,4,true
3,full-20261009-H100-SXM5-80GB-spmm-fp32-alphasparse-csr-alg5-n2,AlphaSparse-SpMM-CSR-ALG5,AlphaSparse SpMM CSR ALG5 [AlphaSparse 248af573c867cf4c7e05d40c611c7c34ebac4715],csr-alg5,AlphaSparse-SpMM-CSR,candidate,,,csr,csr,ALPHASPARSE_SPMM_CSR_ALG5,workspace-setup,spmm.csr.fp32,fp32,H100-SXM5-80GB,H100-SXM5-80GB,,67000.0,308bf16b-13aa-5a36-aa42-fdafa106bc58,suitesparse_all,Marini/eurqsa,eurqsa,7245,7245,46142,2,row-major,N,N,1.0,0.0,20260922,main,pass,pass,0,0,184568.0,0.011564,0.00878880023956,0.0203528002396,0.00936700023956,21.000363527347638,9.06843273786425,19.704066966979152,0.031343826160220356,0.013534974235618282,0.02940905517459575,AlphaSparse 248af573c867cf4c7e05d40c611c7c34ebac4715,CUDA,13040,13000,2026-10-08T13:35:51.040842+00:00,source,csr-alg5,0,0,,,,5,20,4,true
3,full-20261009-H100-SXM5-80GB-spmm-fp32-alphasparse-csr-alg5-n2,AlphaSparse-SpMM-CSR-ALG5,AlphaSparse SpMM CSR ALG5 [AlphaSparse 248af573c867cf4c7e05d40c611c7c34ebac4715],csr-alg5,AlphaSparse-SpMM-CSR,candidate,,,csr,csr,ALPHASPARSE_SPMM_CSR_ALG5,workspace-setup,spmm.csr.fp32,fp32,H100-SXM5-80GB,H100-SXM5-80GB,,67000.0,308bf16b-13aa-5a36-aa42-fdafa106bc58,suitesparse_all,MathWorks/Muu,Muu,7102,7102,170134,2,row-major,N,N,1.0,0.0,20260922,main,pass,pass,0,0,680536.0,0.012355,0.00899040028453,0.0213454002845,0.00960815028453,75.69585095905182,31.882091266949555,70.82903366902214,0.11297888202843556,0.04758521084619336,0.10571497562540619,AlphaSparse 248af573c867cf4c7e05d40c611c7c34ebac4715,CUDA,13040,13000,2026-10-08T13:35:00.533214+00:00,source,csr-alg5,0,0,,,,5,20,4,true
3,full-20261009-H100-SXM5-80GB-spmm-fp32-alphasparse-csr-alg5-n2,AlphaSparse-SpMM-CSR-ALG5,AlphaSparse SpMM CSR ALG5 [AlphaSparse 248af573c867cf4c7e05d40c611c7c34ebac4715],csr-alg5,AlphaSparse-SpMM-CSR,candidate,,,csr,csr,ALPHASPARSE_SPMM_CSR_ALG5,workspace-setup,spmm.csr.fp32,fp32,H100-SXM5-80GB,H100-SXM5-80GB,,67000.0,308bf16b-13aa-5a36-aa42-fdafa106bc58,suitesparse_all,MathWorks/Pd_rhs,Pd_rhs,8081,12406,6323,2,row-major,N,N,1.0,0.0,20260922,main,pass,pass,0,0,25292.0,0.01038,0.0108240000904,0.0212040000904,0.0113430000904,2.3366592561683297,1.1927938074029163,2.229745199544303,0.003487551128609447,0.001780289264780472,0.003327977909767617,AlphaSparse 248af573c867cf4c7e05d40c611c7c34ebac4715,CUDA,13040,13000,2026-10-08T13:34:25.557428+00:00,source,csr-alg5,0,0,,,,5,20,4,true
3,full-20261009-H100-SXM5-80GB-spmm-fp32-alphasparse-csr-alg5-n2,AlphaSparse-SpMM-CSR-ALG5,AlphaSparse SpMM CSR ALG5 [AlphaSparse 248af573c867cf4c7e05d40c611c7c34ebac4715],csr-alg5,AlphaSparse-SpMM-CSR,candidate,,,csr,csr,ALPHASPARSE_SPMM_CSR_ALG5,workspace-setup,spmm.csr.fp32,fp32,H100-SXM5-80GB,H100-SXM5-80GB,,67000.0,308bf16b-13aa-5a36-aa42-fdafa106bc58,suitesparse_all,Meszaros/aa5,aa5,801,8308,65953,2,row-major,N,N,1.0,0.0,20260922,main,pass,pass,0,0,263812.0,0.009479,0.00957759991288,0.0190565999129,0.0100515499129,27.54468785496296,13.843602804580977,26.245902600695228,0.04111147441039248,0.02066209373818056,0.039172988956261534,AlphaSparse 248af573c867cf4c7e05d40c611c7c34ebac4715,CUDA,13040,13000,2026-10-08T13:35:31.068176+00:00,source,csr-alg5,0,0,,,,5,20,4,true
3,full-20261009-H100-SXM5-80GB-spmm-fp32-alphasparse-csr-alg5-n2,AlphaSparse-SpMM-CSR-ALG5,AlphaSparse SpMM CSR ALG5 [AlphaSparse 248af573c867cf4c7e05d40c611c7c34ebac4715],csr-alg5,AlphaSparse-SpMM-CSR,candidate,,,csr,csr,ALPHASPARSE_SPMM_CSR_ALG5,workspace-setup,spmm.csr.fp32,fp32,H100-SXM5-80GB,H100-SXM5-80GB,,67000.0,43011b5b-eebc-56e1-9bb3-83faaf7aff5c,suitesparse_all,Meszaros/air06,air06,825,8627,70806,2,row-major,N,N,1.0,0.0,20260922,main,pass,pass,0,0,283224.0,0.01016,0.00975520014763,0.0199152001476,0.0102632001476,29.033130608684488,14.221499051021668,27.596071003860384,0.043333030759230576,0.021226117986599506,0.04118816567740356,AlphaSparse 248af573c867cf4c7e05d40c611c7c34ebac4715,CUDA,13040,13000,2026-10-07T06:56:01.657373+00:00,source,csr-alg5,0,0,,,,5,20,4,true
3,full-20261009-H100-SXM5-80GB-spmm-fp32-alphasparse-csr-alg5-n2,AlphaSparse-SpMM-CSR-ALG5,AlphaSparse SpMM CSR ALG5 [AlphaSparse 248af573c867cf4c7e05d40c611c7c34ebac4715],csr-alg5,AlphaSparse-SpMM-CSR,candidate,,,csr,csr,ALPHASPARSE_SPMM_CSR_ALG5,workspace-setup,spmm.csr.fp32,fp32,H100-SXM5-80GB,H100-SXM5-80GB,,67000.0,308bf16b-13aa-5a36-aa42-fdafa106bc58,suitesparse_all,Meszaros/cq5,cq5,5048,11748,51571,2,row-major,N,N,1.0,0.0,20260922,main,pass,pass,0,0,206284.0,0.009315,0.00931840017438,0.0186334001744,0.00978415017438,22.137276371448074,11.07065796200786,21.083486692606062,0.033040711002161306,0.016523370092549044,0.031467890585979194,AlphaSparse 248af573c867cf4c7e05d40c611c7c34ebac4715,CUDA,13040,13000,2026-10-08T13:35:31.548295+00:00,source,csr-alg5,0,0,,,,5,20,4,true
3,full-20261009-H100-SXM5-80GB-spmm-fp32-alphasparse-csr-alg5-n2,AlphaSparse-SpMM-CSR-ALG5,AlphaSparse SpMM CSR ALG5 [AlphaSparse 248af573c867cf4c7e05d40c611c7c34ebac4715],csr-alg5,AlphaSparse-SpMM-CSR,candidate,,,csr,csr,ALPHASPARSE_SPMM_CSR_ALG5,workspace-setup,spmm.csr.fp32,fp32,H100-SXM5-80GB,H100-SXM5-80GB,,67000.0,43011b5b-eebc-56e1-9bb3-83faaf7aff5c,suitesparse_all,Meszaros/dbir1,dbir1,18804,45775,1077025,2,row-major,N,N,1.0,0.0,20260922,main,pass,pass,0,0,4308100.0,0.014289,0.0205423995852,0.0348313995852,0.0212568495852,209.71746665388685,123.68437821345913,202.66879072237955,0.3130111442595326,0.18460354957232705,0.302490732421462,AlphaSparse 248af573c867cf4c7e05d40c611c7c34ebac4715,CUDA,13040,13000,2026-10-07T06:56:03.149205+00:00,source,csr-alg5,0,0,,,,5,20,4,true
3,full-20261009-H100-SXM5-80GB-spmm-fp32-alphasparse-csr-alg5-n2,AlphaSparse-SpMM-CSR-ALG5,AlphaSparse SpMM CSR ALG5 [AlphaSparse 248af573c867cf4c7e05d40c611c7c34ebac4715],csr-alg5,AlphaSparse-SpMM-CSR,candidate,,,csr,csr,ALPHASPARSE_SPMM_CSR_ALG5,workspace-setup,spmm.csr.fp32,fp32,H100-SXM5-80GB,H100-SXM5-80GB,,67000.0,43011b5b-eebc-56e1-9bb3-83faaf7aff5c,suitesparse_all,Meszaros/de080285,de080285,936,1908,5082,2,row-major,N,N,1.0,0.0,20260922,main,pass,pass,0,0,20328.0,0.010754,0.00876479968429,0.0195187996843,0.00930249968429,2.3192771919746034,1.0414574834922294,2.185219101305619,0.003461607749215826,0.001554414154466014,0.0032615210467248044,AlphaSparse 248af573c867cf4c7e05d40c611c7c34ebac4715,CUDA,13040,13000,2026-10-07T06:56:06.523393+00:00,source,csr-alg5,0,0,,,,5,20,4,true
3,full-20261009-H100-SXM5-80GB-spmm-fp32-alphasparse-csr-alg5-n2,AlphaSparse-SpMM-CSR-ALG5,AlphaSparse SpMM CSR ALG5 [AlphaSparse 248af573c867cf4c7e05d40c611c7c34ebac4715],csr-alg5,AlphaSparse-SpMM-CSR,candidate,,,csr,csr,ALPHASPARSE_SPMM_CSR_ALG5,workspace-setup,spmm.csr.fp32,fp32,H100-SXM5-80GB,H100-SXM5-80GB,,67000.0,308bf16b-13aa-5a36-aa42-fdafa106bc58,suitesparse_all,Meszaros/deter1,deter1,5527,15737,32187,2,row-major,N,N,1.0,0.0,20260922,main,pass,pass,0,0,128748.0,0.009236,0.00899199992418,0.0182279999242,0.00945379992418,14.318060618949662,7.063199502709596,13.618650810527628,0.021370239729775614,0.010542088810014323,0.020326344493324818,AlphaSparse 248af573c867cf4c7e05d40c611c7c34ebac4715,CUDA,13040,13000,2026-10-08T13:35:34.749423+00:00,source,csr-alg5,0,0,,,,5,20,4,true
3,full-20261009-H100-SXM5-80GB-spmm-fp32-alphasparse-csr-alg5-n2,AlphaSparse-SpMM-CSR-ALG5,AlphaSparse SpMM CSR ALG5 [AlphaSparse 248af573c867cf4c7e05d40c611c7c34ebac4715],csr-alg5,AlphaSparse-SpMM-CSR,candidate,,,csr,csr,ALPHASPARSE_SPMM_CSR_ALG5,workspace-setup,spmm.csr.fp32,fp32,H100-SXM5-80GB,H100-SXM5-80GB,,67000.0,43011b5b-eebc-56e1-9bb3-83faaf7aff5c,suitesparse_all,Meszaros/deter7,deter7,6375,18153,37131,2,row-major,N,N,1.0,0.0,20260922,main,pass,pass,0,0,148524.0,0.010918,0.00910239964724,0.0200203996472,0.00964829964724,16.31701592502972,7.418633125077109,15.393800506857897,0.02435375511198466,0.011072586753846432,0.02297582165202671,AlphaSparse 248af573c867cf4c7e05d40c611c7c34ebac4715,CUDA,13040,13000,2026-10-07T06:56:07.172635+00:00,source,csr-alg5,0,0,,,,5,20,4,true
3,full-20261009-H100-SXM5-80GB-spmm-fp32-alphasparse-csr-alg5-n2,AlphaSparse-SpMM-CSR-ALG5,AlphaSparse SpMM CSR ALG5 [AlphaSparse 248af573c867cf4c7e05d40c611c7c34ebac4715],csr-alg5,AlphaSparse-SpMM-CSR,candidate,,,csr,csr,ALPHASPARSE_SPMM_CSR_ALG5,workspace-setup,spmm.csr.fp32,fp32,H100-SXM5-80GB,H100-SXM5-80GB,,67000.0,308bf16b-13aa-5a36-aa42-fdafa106bc58,suitesparse_all,Meszaros/jendrec1,jendrec1,2109,4228,89608,2,row-major,N,N,1.0,0.0,20260922,main,pass,pass,0,0,358432.0,0.009768,0.00873920023441,0.0185072002344,0.00922760023441,41.01427938322076,19.367164966085443,38.84346860448031,0.06121534236301606,0.028906216367291706,0.05797532627534374,AlphaSparse 248af573c867cf4c7e05d40c611c7c34ebac4715,CUDA,13040,13000,2026-10-08T13:35:32.052954+00:00,source,csr-alg5,0,0,,,,5,20,4,true
3,full-20261009-H100-SXM5-80GB-spmm-fp32-alphasparse-csr-alg5-n2,AlphaSparse-SpMM-CSR-ALG5,AlphaSparse SpMM CSR ALG5 [AlphaSparse 248af573c867cf4c7e05d40c611c7c34ebac4715],csr-alg5,AlphaSparse-SpMM-CSR,candidate,,,csr,csr,ALPHASPARSE_SPMM_CSR_ALG5,workspace-setup,spmm.csr.fp32,fp32,H100-SXM5-80GB,H100-SXM5-80GB,,67000.0,43011b5b-eebc-56e1-9bb3-83faaf7aff5c,suitesparse_all,Meszaros/kleemin,kleemin,8,16,44,2,row-major,N,N,1.0,0.0,20260922,main,pass,pass,0,0,176.0,0.009683,0.00791520029306,0.0175982002931,0.00839935029306,0.022235697579796654,0.010001022665312376,0.020954001661940544,3.3187608328054704e-05,1.4926899500466232e-05,3.127462934617992e-05,AlphaSparse 248af573c867cf4c7e05d40c611c7c34ebac4715,CUDA,13040,13000,2026-10-07T06:56:07.786823+00:00,source,csr-alg5,0,0,,,,5,20,4,true
3,full-20261009-H100-SXM5-80GB-spmm-fp32-alphasparse-csr-alg5-n2,AlphaSparse-SpMM-CSR-ALG5,AlphaSparse SpMM CSR ALG5 [AlphaSparse 248af573c867cf4c7e05d40c611c7c34ebac4715],csr-alg5,AlphaSparse-SpMM-CSR,candidate,,,csr,csr,ALPHASPARSE_SPMM_CSR_ALG5,workspace-setup,spmm.csr.fp32,fp32,H100-SXM5-80GB,H100-SXM5-80GB,,67000.0,43011b5b-eebc-56e1-9bb3-83faaf7aff5c,suitesparse_all,Meszaros/mod2,mod2,34774,66409,199810,2,row-major,N,N,1.0,0.0,20260922,main,pass,pass,0,0,799240.0,0.014286,0.0102912001312,0.0245772001312,0.0110055001312,77.66246791537276,32.51957081089108,72.62187001699247,0.11591413121697426,0.04853667285207624,0.10839085077163056,AlphaSparse 248af573c867cf4c7e05d40c611c7c34ebac4715,CUDA,13040,13000,2026-10-07T06:56:03.946030+00:00,source,csr-alg5,0,0,,,,5,20,4,true
3,full-20261009-H100-SXM5-80GB-spmm-fp32-alphasparse-csr-alg5-n2,AlphaSparse-SpMM-CSR-ALG5,AlphaSparse SpMM CSR ALG5 [AlphaSparse 248af573c867cf4c7e05d40c611c7c34ebac4715],csr-alg5,AlphaSparse-SpMM-CSR,candidate,,,csr,csr,ALPHASPARSE_SPMM_CSR_ALG5,workspace-setup,spmm.csr.fp32,fp32,H100-SXM5-80GB,H100-SXM5-80GB,,67000.0,308bf16b-13aa-5a36-aa42-fdafa106bc58,suitesparse_all,Meszaros/model10,model10,4400,16819,150372,2,row-major,N,N,1.0,0.0,20260922,main,pass,pass,0,0,601488.0,0.011124,0.00963200032711,0.0207560003271,0.0101882003271,62.44684173307865,28.97899356913525,59.03770839684788,0.09320424139265471,0.04325222920766455,0.08811598268186252,AlphaSparse 248af573c867cf4c7e05d40c611c7c34ebac4715,CUDA,13040,13000,2026-10-08T13:35:32.623197+00:00,source,csr-alg5,0,0,,,,5,20,4,true
3,full-20261009-H100-SXM5-80GB-spmm-fp32-alphasparse-csr-alg5-n2,AlphaSparse-SpMM-CSR-ALG5,AlphaSparse SpMM CSR ALG5 [AlphaSparse 248af573c867cf4c7e05d40c611c7c34ebac4715],csr-alg5,AlphaSparse-SpMM-CSR,candidate,,,csr,csr,ALPHASPARSE_SPMM_CSR_ALG5,workspace-setup,spmm.csr.fp32,fp32,H100-SXM5-80GB,H100-SXM5-80GB,,67000.0,43011b5b-eebc-56e1-9bb3-83faaf7aff5c,suitesparse_all,Meszaros/nemspmm2,nemspmm2,2301,8734,68225,2,row-major,N,N,1.0,0.0,20260922,main,pass,pass,0,0,272900.0,0.011028,0.00942400023341,0.0204520002334,0.00997540023341,28.95797890926551,13.343438142266848,27.35729831530896,0.04322086404367986,0.01991557931681619,0.04083178853031188,AlphaSparse 248af573c867cf4c7e05d40c611c7c34ebac4715,CUDA,13040,13000,2026-10-07T06:56:04.686469+00:00,source,csr-alg5,0,0,,,,5,20,4,true
3,full-20261009-H100-SXM5-80GB-spmm-fp32-alphasparse-csr-alg5-n2,AlphaSparse-SpMM-CSR-ALG5,AlphaSparse SpMM CSR ALG5 [AlphaSparse 248af573c867cf4c7e05d40c611c7c34ebac4715],csr-alg5,AlphaSparse-SpMM-CSR,candidate,,,csr,csr,ALPHASPARSE_SPMM_CSR_ALG5,workspace-setup,spmm.csr.fp32,fp32,H100-SXM5-80GB,H100-SXM5-80GB,,67000.0,308bf16b-13aa-5a36-aa42-fdafa106bc58,suitesparse_all,Meszaros/p0548,p0548,176,724,1887,2,row-major,N,N,1.0,0.0,20260922,main,pass,pass,0,0,7548.0,0.00938,0.00866080000997,0.01804080001,0.00912980000997,0.8715130231977433,0.41838499378165883,0.8267431917191365,0.0013007657062652884,0.0006244552145994907,0.0012339450622673679,AlphaSparse 248af573c867cf4c7e05d40c611c7c34ebac4715,CUDA,13040,13000,2026-10-08T13:35:33.137436+00:00,source,csr-alg5,0,0,,,,5,20,4,true
3,full-20261009-H100-SXM5-80GB-spmm-fp32-alphasparse-csr-alg5-n2,AlphaSparse-SpMM-CSR-ALG5,AlphaSparse SpMM CSR ALG5 [AlphaSparse 248af573c867cf4c7e05d40c611c7c34ebac4715],csr-alg5,AlphaSparse-SpMM-CSR,candidate,,,csr,csr,ALPHASPARSE_SPMM_CSR_ALG5,workspace-setup,spmm.csr.fp32,fp32,H100-SXM5-80GB,H100-SXM5-80GB,,67000.0,43011b5b-eebc-56e1-9bb3-83faaf7aff5c,suitesparse_all,Meszaros/pf2177,pf2177,9728,10178,30984,2,row-major,N,N,1.0,0.0,20260922,main,pass,pass,0,0,123936.0,0.009293,0.00908479988575,0.0183777998857,0.00954944988575,13.642127681249239,6.743788743528337,12.978339221921187,0.020361384598879463,0.010065356333624384,0.01937065555510625,AlphaSparse 248af573c867cf4c7e05d40c611c7c34ebac4715,CUDA,13040,13000,2026-10-07T06:56:05.329363+00:00,source,csr-alg5,0,0,,,,5,20,4,true
3,full-20261009-H100-SXM5-80GB-spmm-fp32-alphasparse-csr-alg5-n2,AlphaSparse-SpMM-CSR-ALG5,AlphaSparse SpMM CSR ALG5 [AlphaSparse 248af573c867cf4c7e05d40c611c7c34ebac4715],csr-alg5,AlphaSparse-SpMM-CSR,candidate,,,csr,csr,ALPHASPARSE_SPMM_CSR_ALG5,workspace-setup,spmm.csr.fp32,fp32,H100-SXM5-80GB,H100-SXM5-80GB,,67000.0,308bf16b-13aa-5a36-aa42-fdafa106bc58,suitesparse_all,Meszaros/rosen1,rosen1,520,1544,23794,2,row-major,N,N,1.0,0.0,20260922,main,pass,pass,0,0,95176.0,0.009491,0.00911360010505,0.018604600105,0.00958815010505,10.443293418948826,5.1157240393692405,9.92641948209296,0.015587005102908696,0.007635409013983941,0.014815551465810388,AlphaSparse 248af573c867cf4c7e05d40c611c7c34ebac4715,CUDA,13040,13000,2026-10-08T13:35:33.597577+00:00,source,csr-alg5,0,0,,,,5,20,4,true
3,full-20261009-H100-SXM5-80GB-spmm-fp32-alphasparse-csr-alg5-n2,AlphaSparse-SpMM-CSR-ALG5,AlphaSparse SpMM CSR ALG5 [AlphaSparse 248af573c867cf4c7e05d40c611c7c34ebac4715],csr-alg5,AlphaSparse-SpMM-CSR,candidate,,,csr,csr,ALPHASPARSE_SPMM_CSR_ALG5,workspace-setup,spmm.csr.fp32,fp32,H100-SXM5-80GB,H100-SXM5-80GB,,67000.0,308bf16b-13aa-5a36-aa42-fdafa106bc58,suitesparse_all,Meszaros/scagr7-2b,scagr7-2b,9743,13847,35885,2,row-major,N,N,1.0,0.0,20260922,main,pass,pass,0,0,143540.0,0.01053,0.00951839983463,0.0200483998346,0.0100448998346,15.080265852855895,7.159673648979969,14.289838859873106,0.02250785948187447,0.010686080073104431,0.021328117701303145,AlphaSparse 248af573c867cf4c7e05d40c611c7c34ebac4715,CUDA,13040,13000,2026-10-08T13:35:35.834908+00:00,source,csr-alg5,0,0,,,,5,20,4,true
3,full-20261009-H100-SXM5-80GB-spmm-fp32-alphasparse-csr-alg5-n2,AlphaSparse-SpMM-CSR-ALG5,AlphaSparse SpMM CSR ALG5 [AlphaSparse 248af573c867cf4c7e05d40c611c7c34ebac4715],csr-alg5,AlphaSparse-SpMM-CSR,candidate,,,csr,csr,ALPHASPARSE_SPMM_CSR_ALG5,workspace-setup,spmm.csr.fp32,fp32,H100-SXM5-80GB,H100-SXM5-80GB,,67000.0,43011b5b-eebc-56e1-9bb3-83faaf7aff5c,suitesparse_all,Meszaros/scrs8-2c,scrs8-2c,1820,3499,7367,2,row-major,N,N,1.0,0.0,20260922,main,pass,pass,0,0,29468.0,0.009853,0.00843840017915,0.0182914001791,0.00893105017915,3.4921311355689113,1.6110303044854124,3.2994999925982476,0.005212136023237181,0.002404522842515541,0.00492462685462425,AlphaSparse 248af573c867cf4c7e05d40c611c7c34ebac4715,CUDA,13040,13000,2026-10-07T06:56:08.405533+00:00,source,csr-alg5,0,0,,,,5,20,4,true
3,full-20261009-H100-SXM5-80GB-spmm-fp32-alphasparse-csr-alg5-n2,AlphaSparse-SpMM-CSR-ALG5,AlphaSparse SpMM CSR ALG5 [AlphaSparse 248af573c867cf4c7e05d40c611c7c34ebac4715],csr-alg5,AlphaSparse-SpMM-CSR,candidate,,,csr,csr,ALPHASPARSE_SPMM_CSR_ALG5,workspace-setup,spmm.csr.fp32,fp32,H100-SXM5-80GB,H100-SXM5-80GB,,67000.0,43011b5b-eebc-56e1-9bb3-83faaf7aff5c,suitesparse_all,Meszaros/seymourl,seymourl,4944,6316,38493,2,row-major,N,N,1.0,0.0,20260922,main,pass,pass,0,0,153972.0,0.009692,0.0086864002049,0.0183784002049,0.0091710002049,17.72563966292324,8.377878285562003,16.789008457085615,0.02645617860137797,0.012504295948600004,0.025058221577739726,AlphaSparse 248af573c867cf4c7e05d40c611c7c34ebac4715,CUDA,13040,13000,2026-10-07T06:56:05.896174+00:00,source,csr-alg5,0,0,,,,5,20,4,true
3,full-20261009-H100-SXM5-80GB-spmm-fp32-alphasparse-csr-alg5-n2,AlphaSparse-SpMM-CSR-ALG5,AlphaSparse SpMM CSR ALG5 [AlphaSparse 248af573c867cf4c7e05d40c611c7c34ebac4715],csr-alg5,AlphaSparse-SpMM-CSR,candidate,,,csr,csr,ALPHASPARSE_SPMM_CSR_ALG5,workspace-setup,spmm.csr.fp32,fp32,H100-SXM5-80GB,H100-SXM5-80GB,,67000.0,308bf16b-13aa-5a36-aa42-fdafa106bc58,suitesparse_all,Meszaros/stormg2-8,stormg2-8,4409,11322,28553,2,row-major,N,N,1.0,0.0,20260922,main,pass,pass,0,0,114212.0,0.00922,0.00911839976907,0.0183383997691,0.00957939976907,12.525443377401807,6.228024333532414,11.922667677860998,0.0186946916080624,0.009295558706764797,0.01779502638486716,AlphaSparse 248af573c867cf4c7e05d40c611c7c34ebac4715,CUDA,13040,13000,2026-10-08T13:35:35.271253+00:00,source,csr-alg5,0,0,,,,5,20,4,true
3,full-20261009-H100-SXM5-80GB-spmm-fp32-alphasparse-csr-alg5-n2,AlphaSparse-SpMM-CSR-ALG5,AlphaSparse SpMM CSR ALG5 [AlphaSparse 248af573c867cf4c7e05d40c611c7c34ebac4715],csr-alg5,AlphaSparse-SpMM-CSR,candidate,,,csr,csr,ALPHASPARSE_SPMM_CSR_ALG5,workspace-setup,spmm.csr.fp32,fp32,H100-SXM5-80GB,H100-SXM5-80GB,,67000.0,308bf16b-13aa-5a36-aa42-fdafa106bc58,suitesparse_all,Meszaros/ulevimin,ulevimin,6590,46937,164538,2,row-major,N,N,1.0,0.0,20260922,main,pass,pass,0,0,658152.0,0.011871,0.0100336000323,0.0219046000323,0.0106271500323,65.59480125590895,30.04629160219793,61.93118550125129,0.09790268844165516,0.04484521134656408,0.0924346052257482,AlphaSparse 248af573c867cf4c7e05d40c611c7c34ebac4715,CUDA,13040,13000,2026-10-08T13:35:34.172479+00:00,source,csr-alg5,0,0,,,,5,20,4,true
3,full-20261009-H100-SXM5-80GB-spmm-fp32-alphasparse-csr-alg5-n2,AlphaSparse-SpMM-CSR-ALG5,AlphaSparse SpMM CSR ALG5 [AlphaSparse 248af573c867cf4c7e05d40c611c7c34ebac4715],csr-alg5,AlphaSparse-SpMM-CSR,candidate,,,csr,csr,ALPHASPARSE_SPMM_CSR_ALG5,workspace-setup,spmm.csr.fp32,fp32,H100-SXM5-80GB,H100-SXM5-80GB,,67000.0,308bf16b-13aa-5a36-aa42-fdafa106bc58,suitesparse_all,Mittelmann/fome13,fome13,48568,97840,285056,2,row-major,N,N,1.0,0.0,20260922,main,pass,pass,0,0,1140224.0,0.015034,0.0130447998643,0.0280787998643,0.0137964998643,87.40831686659116,40.60800338727103,82.64588926285994,0.130460174427748,0.06060896027950901,0.12335207352665663,AlphaSparse 248af573c867cf4c7e05d40c611c7c34ebac4715,CUDA,13040,13000,2026-10-08T13:35:30.535089+00:00,source,csr-alg5,0,0,,,,5,20,4,true
3,full-20261009-H100-SXM5-80GB-spmm-fp32-alphasparse-csr-alg5-n2,AlphaSparse-SpMM-CSR-ALG5,AlphaSparse SpMM CSR ALG5 [AlphaSparse 248af573c867cf4c7e05d40c611c7c34ebac4715],csr-alg5,AlphaSparse-SpMM-CSR,candidate,,,csr,csr,ALPHASPARSE_SPMM_CSR_ALG5,workspace-setup,spmm.csr.fp32,fp32,H100-SXM5-80GB,H100-SXM5-80GB,,67000.0,43011b5b-eebc-56e1-9bb3-83faaf7aff5c,suitesparse_all,Mittelmann/neos3,neos3,512209,518832,2055024,2,row-major,N,N,1.0,0.0,20260922,main,pass,pass,0,0,8220096.0,0.015976,0.0331743985415,0.0491503985415,0.0339731985415,247.78432651060578,167.24373034451358,241.9582598311646,0.36982735300090414,0.24961750797688592,0.36113173109129043,AlphaSparse 248af573c867cf4c7e05d40c611c7c34ebac4715,CUDA,13040,13000,2026-10-07T06:56:01.103541+00:00,source,csr-alg5,0,0,,,,5,20,4,true
3,full-20261009-H100-SXM5-80GB-spmm-fp32-alphasparse-csr-alg5-n2,AlphaSparse-SpMM-CSR-ALG5,AlphaSparse SpMM CSR ALG5 [AlphaSparse 248af573c867cf4c7e05d40c611c7c34ebac4715],csr-alg5,AlphaSparse-SpMM-CSR,candidate,,,csr,csr,ALPHASPARSE_SPMM_CSR_ALG5,workspace-setup,spmm.csr.fp32,fp32,H100-SXM5-80GB,H100-SXM5-80GB,,67000.0,308bf16b-13aa-5a36-aa42-fdafa106bc58,suitesparse_all,Mittelmann/pds-80,pds-80,129181,434580,927826,2,row-major,N,N,1.0,0.0,20260922,main,pass,pass,0,0,3711304.0,0.013615,0.019280000031,0.032895000031,0.019960750031,192.49502043737834,112.82273891176455,185.9300875085439,0.2873060006528035,0.1683921476294993,0.2775075932963342,AlphaSparse 248af573c867cf4c7e05d40c611c7c34ebac4715,CUDA,13040,13000,2026-10-08T13:35:29.907175+00:00,source,csr-alg5,0,0,,,,5,20,4,true
3,full-20261009-H100-SXM5-80GB-spmm-fp32-alphasparse-csr-alg5-n2,AlphaSparse-SpMM-CSR-ALG5,AlphaSparse SpMM CSR ALG5 [AlphaSparse 248af573c867cf4c7e05d40c611c7c34ebac4715],csr-alg5,AlphaSparse-SpMM-CSR,candidate,,,csr,csr,ALPHASPARSE_SPMM_CSR_ALG5,workspace-setup,spmm.csr.fp32,fp32,H100-SXM5-80GB,H100-SXM5-80GB,,67000.0,43011b5b-eebc-56e1-9bb3-83faaf7aff5c,suitesparse_all,Mittelmann/rail2586,rail2586,2586,923269,8011362,2,row-major,N,N,1.0,0.0,20260922,main,pass,pass,0,0,32045448.0,0.015897,0.104102396965,0.119999396965,0.104897246965,307.8262262373644,267.0467419877671,305.4936990929064,0.4594421287124842,0.39857722684741365,0.4559607449147857,AlphaSparse 248af573c867cf4c7e05d40c611c7c34ebac4715,CUDA,13040,13000,2026-10-07T06:55:59.247115+00:00,source,csr-alg5,0,0,,,,5,20,4,true
3,full-20261009-H100-SXM5-80GB-spmm-fp32-alphasparse-csr-alg5-n2,AlphaSparse-SpMM-CSR-ALG5,AlphaSparse SpMM CSR ALG5 [AlphaSparse 248af573c867cf4c7e05d40c611c7c34ebac4715],csr-alg5,AlphaSparse-SpMM-CSR,candidate,,,csr,csr,ALPHASPARSE_SPMM_CSR_ALG5,workspace-setup,spmm.csr.fp32,fp32,H100-SXM5-80GB,H100-SXM5-80GB,,67000.0,43011b5b-eebc-56e1-9bb3-83faaf7aff5c,suitesparse_all,Muite/Chebyshev2,Chebyshev2,2053,2053,18447,2,row-major,N,N,1.0,0.0,20260922,main,pass,pass,0,0,73788.0,0.009635,0.00911040008068,0.0187454000807,0.00959215008068,8.09931499676713,3.9363256949618846,7.692540189568122,0.01208852984592109,0.005875112977555052,0.011481403268012122,AlphaSparse 248af573c867cf4c7e05d40c611c7c34ebac4715,CUDA,13040,13000,2026-10-07T06:56:11.760855+00:00,source,csr-alg5,0,0,,,,5,20,4,true
3,full-20261009-H100-SXM5-80GB-spmm-fp32-alphasparse-csr-alg5-n2,AlphaSparse-SpMM-CSR-ALG5,AlphaSparse SpMM CSR ALG5 [AlphaSparse 248af573c867cf4c7e05d40c611c7c34ebac4715],csr-alg5,AlphaSparse-SpMM-CSR,candidate,,,csr,csr,ALPHASPARSE_SPMM_CSR_ALG5,workspace-setup,spmm.csr.fp32,fp32,H100-SXM5-80GB,H100-SXM5-80GB,,67000.0,308bf16b-13aa-5a36-aa42-fdafa106bc58,suitesparse_all,Mycielski/mycielskian15,mycielskian15,24575,24575,11111110,2,row-major,N,N,1.0,0.0,20260922,main,pass,pass,0,0,44444440.0,0.017241,0.120937597752,0.138178597752,0.121799647752,367.49894843404894,321.6448909097191,364.89793542338225,0.5485058931851476,0.4800670013577897,0.5446237842140034,AlphaSparse 248af573c867cf4c7e05d40c611c7c34ebac4715,CUDA,13040,13000,2026-10-08T13:40:02.796749+00:00,source,csr-alg5,0,0,,,,5,20,4,true
3,full-20261009-H100-SXM5-80GB-spmm-fp32-alphasparse-csr-alg5-n2,AlphaSparse-SpMM-CSR-ALG5,AlphaSparse SpMM CSR ALG5 [AlphaSparse 248af573c867cf4c7e05d40c611c7c34ebac4715],csr-alg5,AlphaSparse-SpMM-CSR,candidate,,,csr,csr,ALPHASPARSE_SPMM_CSR_ALG5,workspace-setup,spmm.csr.fp32,fp32,H100-SXM5-80GB,H100-SXM5-80GB,,67000.0,43011b5b-eebc-56e1-9bb3-83faaf7aff5c,suitesparse_all,Mycielski/mycielskian5,mycielskian5,23,23,142,2,row-major,N,N,1.0,0.0,20260922,main,pass,pass,0,0,568.0,0.009248,0.00792640000582,0.0171744000058,0.00838880000582,0.07165926518759375,0.03307247995901922,0.0677093266743672,0.00010695412714566232,4.936191038659585e-05,0.00010105869652890627,AlphaSparse 248af573c867cf4c7e05d40c611c7c34ebac4715,CUDA,13040,13000,2026-10-07T06:58:22.693373+00:00,source,csr-alg5,0,0,,,,5,20,4,true
3,full-20261009-H100-SXM5-80GB-spmm-fp32-alphasparse-csr-alg5-n2,AlphaSparse-SpMM-CSR-ALG5,AlphaSparse SpMM CSR ALG5 [AlphaSparse 248af573c867cf4c7e05d40c611c7c34ebac4715],csr-alg5,AlphaSparse-SpMM-CSR,candidate,,,csr,csr,ALPHASPARSE_SPMM_CSR_ALG5,workspace-setup,spmm.csr.fp32,fp32,H100-SXM5-80GB,H100-SXM5-80GB,,67000.0,43011b5b-eebc-56e1-9bb3-83faaf7aff5c,suitesparse_all,ND/nd6k,nd6k,18000,18000,6897316,2,row-major,N,N,1.0,0.0,20260922,main,pass,pass,0,0,27589264.0,0.020806,0.0776431977749,0.0984491977749,0.0786834977749,355.333947990984,280.2385862308569,350.635962815585,0.5303491761059462,0.4182665466132193,0.523337257933709,AlphaSparse 248af573c867cf4c7e05d40c611c7c34ebac4715,CUDA,13040,13000,2026-10-07T06:54:58.644201+00:00,source,csr-alg5,0,0,,,,5,20,4,true
3,full-20261009-H100-SXM5-80GB-spmm-fp32-alphasparse-csr-alg5-n2,AlphaSparse-SpMM-CSR-ALG5,AlphaSparse SpMM CSR ALG5 [AlphaSparse 248af573c867cf4c7e05d40c611c7c34ebac4715],csr-alg5,AlphaSparse-SpMM-CSR,candidate,,,csr,csr,ALPHASPARSE_SPMM_CSR_ALG5,workspace-setup,spmm.csr.fp32,fp32,H100-SXM5-80GB,H100-SXM5-80GB,,67000.0,43011b5b-eebc-56e1-9bb3-83faaf7aff5c,suitesparse_all,NYPA/Maragal_8,Maragal_8,33212,75077,1308415,2,row-major,N,N,1.0,0.0,20260922,main,pass,pass,0,0,5233660.0,0.014876,0.0223744004965,0.0372504004965,0.0231182004965,233.9128595118647,140.49942900591762,226.3869975862678,0.3491236709132309,0.20970064030733973,0.337891041173534,AlphaSparse 248af573c867cf4c7e05d40c611c7c34ebac4715,CUDA,13040,13000,2026-10-07T06:56:57.764445+00:00,source,csr-alg5,0,0,,,,5,20,4,true
3,full-20261009-H100-SXM5-80GB-spmm-fp32-alphasparse-csr-alg5-n2,AlphaSparse-SpMM-CSR-ALG5,AlphaSparse SpMM CSR ALG5 [AlphaSparse 248af573c867cf4c7e05d40c611c7c34ebac4715],csr-alg5,AlphaSparse-SpMM-CSR,candidate,,,csr,csr,ALPHASPARSE_SPMM_CSR_ALG5,workspace-setup,spmm.csr.fp32,fp32,H100-SXM5-80GB,H100-SXM5-80GB,,67000.0,308bf16b-13aa-5a36-aa42-fdafa106bc58,suitesparse_all,Nasa/barth4,barth4,6019,6019,23492,2,row-major,N,N,1.0,0.0,20260922,main,pass,pass,0,0,93968.0,0.009377,0.00913759991527,0.0185145999153,0.00960644991527,10.283663201643186,5.075345966420112,9.781761298794938,0.015348751047228635,0.007575143233462854,0.014599643729544684,AlphaSparse 248af573c867cf4c7e05d40c611c7c34ebac4715,CUDA,13040,13000,2026-10-08T13:33:28.109250+00:00,source,csr-alg5,0,0,,,,5,20,4,true
3,full-20261009-H100-SXM5-80GB-spmm-fp32-alphasparse-csr-alg5-n2,AlphaSparse-SpMM-CSR-ALG5,AlphaSparse SpMM CSR ALG5 [AlphaSparse 248af573c867cf4c7e05d40c611c7c34ebac4715],csr-alg5,AlphaSparse-SpMM-CSR,candidate,,,csr,csr,ALPHASPARSE_SPMM_CSR_ALG5,workspace-setup,spmm.csr.fp32,fp32,H100-SXM5-80GB,H100-SXM5-80GB,,67000.0,43011b5b-eebc-56e1-9bb3-83faaf7aff5c,suitesparse_all,Nasa/nasasrb,nasasrb,54870,54870,2677324,2,row-major,N,N,1.0,0.0,20260922,main,pass,pass,0,0,10709296.0,0.014779,0.0290239989758,0.0438029989758,0.0297629489758,368.9807186435382,244.48773486757386,359.8197211139137,0.5507174905127435,0.36490706696652814,0.537044359871513,AlphaSparse 248af573c867cf4c7e05d40c611c7c34ebac4715,CUDA,13040,13000,2026-10-07T06:54:47.604928+00:00,source,csr-alg5,0,0,,,,5,20,4,true
3,full-20261009-H100-SXM5-80GB-spmm-fp32-alphasparse-csr-alg5-n2,AlphaSparse-SpMM-CSR-ALG5,AlphaSparse SpMM CSR ALG5 [AlphaSparse 248af573c867cf4c7e05d40c611c7c34ebac4715],csr-alg5,AlphaSparse-SpMM-CSR,candidate,,,csr,csr,ALPHASPARSE_SPMM_CSR_ALG5,workspace-setup,spmm.csr.fp32,fp32,H100-SXM5-80GB,H100-SXM5-80GB,,67000.0,308bf16b-13aa-5a36-aa42-fdafa106bc58,suitesparse_all,Nemeth/nemeth07,nemeth07,9506,9506,394812,2,row-major,N,N,1.0,0.0,20260922,main,pass,pass,0,0,1579248.0,0.013113,0.0115295998752,0.0246425998752,0.0121852498752,136.97335701969493,64.08609513598178,129.60325115812034,0.20443784629805214,0.09565088826265937,0.19343768829570201,AlphaSparse 248af573c867cf4c7e05d40c611c7c34ebac4715,CUDA,13040,13000,2026-10-08T13:33:28.757629+00:00,source,csr-alg5,0,0,,,,5,20,4,true
3,full-20261009-H100-SXM5-80GB-spmm-fp32-alphasparse-csr-alg5-n2,AlphaSparse-SpMM-CSR-ALG5,AlphaSparse SpMM CSR ALG5 [AlphaSparse 248af573c867cf4c7e05d40c611c7c34ebac4715],csr-alg5,AlphaSparse-SpMM-CSR,candidate,,,csr,csr,ALPHASPARSE_SPMM_CSR_ALG5,workspace-setup,spmm.csr.fp32,fp32,H100-SXM5-80GB,H100-SXM5-80GB,,67000.0,43011b5b-eebc-56e1-9bb3-83faaf7aff5c,suitesparse_all,Nemeth/nemeth13,nemeth13,9506,9506,474472,2,row-major,N,N,1.0,0.0,20260922,main,pass,pass,0,0,1897888.0,0.014357,0.0117951996624,0.0261521996624,0.0125130496624,160.90342294501116,72.57087451533435,151.67269779987316,0.24015436260449427,0.10831473808258858,0.22637716089533308,AlphaSparse 248af573c867cf4c7e05d40c611c7c34ebac4715,CUDA,13040,13000,2026-10-07T06:54:48.275720+00:00,source,csr-alg5,0,0,,,,5,20,4,true
3,full-20261009-H100-SXM5-80GB-spmm-fp32-alphasparse-csr-alg5-n2,AlphaSparse-SpMM-CSR-ALG5,AlphaSparse SpMM CSR ALG5 [AlphaSparse 248af573c867cf4c7e05d40c611c7c34ebac4715],csr-alg5,AlphaSparse-SpMM-CSR,candidate,,,csr,csr,ALPHASPARSE_SPMM_CSR_ALG5,workspace-setup,spmm.csr.fp32,fp32,H100-SXM5-80GB,H100-SXM5-80GB,,67000.0,308bf16b-13aa-5a36-aa42-fdafa106bc58,suitesparse_all,Nemeth/nemeth23,nemeth23,9506,9506,1506810,2,row-major,N,N,1.0,0.0,20260922,main,pass,pass,0,0,6027240.0,0.012709,0.0214304000139,0.0341394000139,0.0220658500139,281.24720005649283,176.54791816921164,273.1478731253609,0.4197719403828251,0.2635043554764353,0.4076833927244192,AlphaSparse 248af573c867cf4c7e05d40c611c7c34ebac4715,CUDA,13040,13000,2026-10-08T13:33:29.976527+00:00,source,csr-alg5,0,0,,,,5,20,4,true
3,full-20261009-H100-SXM5-80GB-spmm-fp32-alphasparse-csr-alg5-n2,AlphaSparse-SpMM-CSR-ALG5,AlphaSparse SpMM CSR ALG5 [AlphaSparse 248af573c867cf4c7e05d40c611c7c34ebac4715],csr-alg5,AlphaSparse-SpMM-CSR,candidate,,,csr,csr,ALPHASPARSE_SPMM_CSR_ALG5,workspace-setup,spmm.csr.fp32,fp32,H100-SXM5-80GB,H100-SXM5-80GB,,67000.0,43011b5b-eebc-56e1-9bb3-83faaf7aff5c,suitesparse_all,Newman/cond-mat,cond-mat,16726,16726,95188,2,row-major,N,N,1.0,0.0,20260922,main,pass,pass,0,0,380752.0,0.010315,0.00983999967575,0.0201549996758,0.0103557496758,38.69431021815347,18.891193556165963,36.7672077753836,0.057752701818139504,0.028195811277859646,0.05487642951549791,AlphaSparse 248af573c867cf4c7e05d40c611c7c34ebac4715,CUDA,13040,13000,2026-10-07T06:57:33.800845+00:00,source,csr-alg5,0,0,,,,5,20,4,true
3,full-20261009-H100-SXM5-80GB-spmm-fp32-alphasparse-csr-alg5-n2,AlphaSparse-SpMM-CSR-ALG5,AlphaSparse SpMM CSR ALG5 [AlphaSparse 248af573c867cf4c7e05d40c611c7c34ebac4715],csr-alg5,AlphaSparse-SpMM-CSR,candidate,,,csr,csr,ALPHASPARSE_SPMM_CSR_ALG5,workspace-setup,spmm.csr.fp32,fp32,H100-SXM5-80GB,H100-SXM5-80GB,,67000.0,308bf16b-13aa-5a36-aa42-fdafa106bc58,suitesparse_all,Newman/polbooks,polbooks,105,105,882,2,row-major,N,N,1.0,0.0,20260922,main,pass,pass,0,0,3528.0,0.009138,0.0082992002368,0.0174372002368,0.0087561002368,0.42510120244554117,0.20232605877601847,0.40291909692543,0.000634479406635136,0.00030197919220301264,0.0006013717864558657,AlphaSparse 248af573c867cf4c7e05d40c611c7c34ebac4715,CUDA,13040,13000,2026-10-08T13:36:46.321460+00:00,source,csr-alg5,0,0,,,,5,20,4,true
3,full-20261009-H100-SXM5-80GB-spmm-fp32-alphasparse-csr-alg5-n2,AlphaSparse-SpMM-CSR-ALG5,AlphaSparse SpMM CSR ALG5 [AlphaSparse 248af573c867cf4c7e05d40c611c7c34ebac4715],csr-alg5,AlphaSparse-SpMM-CSR,candidate,,,csr,csr,ALPHASPARSE_SPMM_CSR_ALG5,workspace-setup,spmm.csr.fp32,fp32,H100-SXM5-80GB,H100-SXM5-80GB,,67000.0,43011b5b-eebc-56e1-9bb3-83faaf7aff5c,suitesparse_all,Norris/fv3,fv3,9801,9801,87025,2,row-major,N,N,1.0,0.0,20260922,main,pass,pass,0,0,348100.0,0.009804,0.00849919989705,0.0183031998971,0.00898939989705,40.95679642984072,19.01853238543025,38.7233857639634,0.06112954691021003,0.02838586923198545,0.057796098155169257,AlphaSparse 248af573c867cf4c7e05d40c611c7c34ebac4715,CUDA,13040,13000,2026-10-07T06:54:53.110105+00:00,source,csr-alg5,0,0,,,,5,20,4,true
3,full-20261009-H100-SXM5-80GB-spmm-fp32-alphasparse-csr-alg5-n2,AlphaSparse-SpMM-CSR-ALG5,AlphaSparse SpMM CSR ALG5 [AlphaSparse 248af573c867cf4c7e05d40c611c7c34ebac4715],csr-alg5,AlphaSparse-SpMM-CSR,candidate,,,csr,csr,ALPHASPARSE_SPMM_CSR_ALG5,workspace-setup,spmm.csr.fp32,fp32,H100-SXM5-80GB,H100-SXM5-80GB,,67000.0,43011b5b-eebc-56e1-9bb3-83faaf7aff5c,suitesparse_all,Oberwolfach/flowmeter5,flowmeter5,9669,9669,67391,2,row-major,N,N,1.0,0.0,20260922,main,pass,pass,0,0,269564.0,0.008958,0.00960000008345,0.0185580000834,0.0100479000834,28.079583089245713,14.525487595030407,26.82789416321357,0.04190982550633688,0.021679832231388668,0.04004163307942324,AlphaSparse 248af573c867cf4c7e05d40c611c7c34ebac4715,CUDA,13040,13000,2026-10-07T06:55:44.466681+00:00,source,csr-alg5,0,0,,,,5,20,4,true
3,full-20261009-H100-SXM5-80GB-spmm-fp32-alphasparse-csr-alg5-n2,AlphaSparse-SpMM-CSR-ALG5,AlphaSparse SpMM CSR ALG5 [AlphaSparse 248af573c867cf4c7e05d40c611c7c34ebac4715],csr-alg5,AlphaSparse-SpMM-CSR,candidate,,,csr,csr,ALPHASPARSE_SPMM_CSR_ALG5,workspace-setup,spmm.csr.fp32,fp32,H100-SXM5-80GB,H100-SXM5-80GB,,67000.0,308bf16b-13aa-5a36-aa42-fdafa106bc58,suitesparse_all,Oberwolfach/gyro_m,gyro_m,17361,17361,340431,2,row-major,N,N,1.0,0.0,20260922,main,pass,pass,0,0,1361724.0,0.012182,0.0118671998382,0.0240491998382,0.0124762998382,114.74686687390819,56.62242441168556,109.14486006745896,0.17126398040881818,0.08451108121147098,0.162902776220088,AlphaSparse 248af573c867cf4c7e05d40c611c7c34ebac4715,CUDA,13040,13000,2026-10-08T13:34:26.728488+00:00,source,csr-alg5,0,0,,,,5,20,4,true
3,full-20261009-H100-SXM5-80GB-spmm-fp32-alphasparse-csr-alg5-n2,AlphaSparse-SpMM-CSR-ALG5,AlphaSparse SpMM CSR ALG5 [AlphaSparse 248af573c867cf4c7e05d40c611c7c34ebac4715],csr-alg5,AlphaSparse-SpMM-CSR,candidate,,,csr,csr,ALPHASPARSE_SPMM_CSR_ALG5,workspace-setup,spmm.csr.fp32,fp32,H100-SXM5-80GB,H100-SXM5-80GB,,67000.0,308bf16b-13aa-5a36-aa42-fdafa106bc58,suitesparse_all,Oberwolfach/rail_20209,rail_20209,20209,20209,139233,2,row-major,N,N,1.0,0.0,20260922,main,pass,pass,0,0,556932.0,0.010955,0.00919200032949,0.0201470003295,0.00973975032949,60.58877067413032,27.643420404600835,57.18134255595056,0.09043100100616466,0.041258836424777366,0.08534528739694112,AlphaSparse 248af573c867cf4c7e05d40c611c7c34ebac4715,CUDA,13040,13000,2026-10-08T13:35:19.795538+00:00,source,csr-alg5,0,0,,,,5,20,4,true
3,full-20261009-H100-SXM5-80GB-spmm-fp32-alphasparse-csr-alg5-n2,AlphaSparse-SpMM-CSR-ALG5,AlphaSparse SpMM CSR ALG5 [AlphaSparse 248af573c867cf4c7e05d40c611c7c34ebac4715],csr-alg5,AlphaSparse-SpMM-CSR,candidate,,,csr,csr,ALPHASPARSE_SPMM_CSR_ALG5,workspace-setup,spmm.csr.fp32,fp32,H100-SXM5-80GB,H100-SXM5-80GB,,67000.0,43011b5b-eebc-56e1-9bb3-83faaf7aff5c,suitesparse_all,Oberwolfach/t2dal,t2dal,4257,4257,37465,2,row-major,N,N,1.0,0.0,20260922,main,pass,pass,0,0,149860.0,0.011284,0.00858879983425,0.0198727998343,0.00915299983425,17.448305105725662,7.540960571712953,16.37277425038647,0.026042246426456212,0.011255165032407392,0.024436976493114135,AlphaSparse 248af573c867cf4c7e05d40c611c7c34ebac4715,CUDA,13040,13000,2026-10-07T06:55:45.111471+00:00,source,csr-alg5,0,0,,,,5,20,4,true
3,full-20261009-H100-SXM5-80GB-spmm-fp32-alphasparse-csr-alg5-n2,AlphaSparse-SpMM-CSR-ALG5,AlphaSparse SpMM CSR ALG5 [AlphaSparse 248af573c867cf4c7e05d40c611c7c34ebac4715],csr-alg5,AlphaSparse-SpMM-CSR,candidate,,,csr,csr,ALPHASPARSE_SPMM_CSR_ALG5,workspace-setup,spmm.csr.fp32,fp32,H100-SXM5-80GB,H100-SXM5-80GB,,67000.0,43011b5b-eebc-56e1-9bb3-83faaf7aff5c,suitesparse_all,Oberwolfach/t3dh_e,t3dh_e,79171,79171,4352105,2,row-major,N,N,1.0,0.0,20260922,main,pass,pass,0,0,17408420.0,0.013396,0.0488783985376,0.0622743985376,0.0495481985376,356.15774085987016,279.54376772485654,351.3431469519421,0.5315787177012987,0.41722950406695003,0.5243927566446897,AlphaSparse 248af573c867cf4c7e05d40c611c7c34ebac4715,CUDA,13040,13000,2026-10-07T06:55:12.112420+00:00,source,csr-alg5,0,0,,,,5,20,4,true
3,full-20261009-H100-SXM5-80GB-spmm-fp32-alphasparse-csr-alg5-n2,AlphaSparse-SpMM-CSR-ALG5,AlphaSparse SpMM CSR ALG5 [AlphaSparse 248af573c867cf4c7e05d40c611c7c34ebac4715],csr-alg5,AlphaSparse-SpMM-CSR,candidate,,,csr,csr,ALPHASPARSE_SPMM_CSR_ALG5,workspace-setup,spmm.csr.fp32,fp32,H100-SXM5-80GB,H100-SXM5-80GB,,67000.0,43011b5b-eebc-56e1-9bb3-83faaf7aff5c,suitesparse_all,PARSEC/Ga41As41H72,Ga41As41H72,268096,268096,18488476,2,row-major,N,N,1.0,0.0,20260922,main,pass,pass,0,0,73953904.0,0.020325,0.223320007324,0.243645007324,0.224336257324,331.15664326799543,303.53137465138303,329.656493703518,0.49426364666864986,0.4530319024647508,0.4920246174679373,AlphaSparse 248af573c867cf4c7e05d40c611c7c34ebac4715,CUDA,13040,13000,2026-10-07T06:55:35.365637+00:00,source,csr-alg5,0,0,,,,5,20,4,true
3,full-20261009-H100-SXM5-80GB-spmm-fp32-alphasparse-csr-alg5-n2,AlphaSparse-SpMM-CSR-ALG5,AlphaSparse SpMM CSR ALG5 [AlphaSparse 248af573c867cf4c7e05d40c611c7c34ebac4715],csr-alg5,AlphaSparse-SpMM-CSR,candidate,,,csr,csr,ALPHASPARSE_SPMM_CSR_ALG5,workspace-setup,spmm.csr.fp32,fp32,H100-SXM5-80GB,H100-SXM5-80GB,,67000.0,308bf16b-13aa-5a36-aa42-fdafa106bc58,suitesparse_all,PARSEC/Si5H12,Si5H12,19896,19896,738598,2,row-major,N,N,1.0,0.0,20260922,main,pass,pass,0,0,2954392.0,0.013825,0.0147551998496,0.0285801998496,0.0154464498496,200.22717618969364,103.37198534464933,191.26673305300028,0.2988465316264084,0.15428654529052138,0.28547273590000044,AlphaSparse 248af573c867cf4c7e05d40c611c7c34ebac4715,CUDA,13040,13000,2026-10-08T13:35:02.185884+00:00,source,csr-alg5,0,0,,,,5,20,4,true
3,full-20261009-H100-SXM5-80GB-spmm-fp32-alphasparse-csr-alg5-n2,AlphaSparse-SpMM-CSR-ALG5,AlphaSparse SpMM CSR ALG5 [AlphaSparse 248af573c867cf4c7e05d40c611c7c34ebac4715],csr-alg5,AlphaSparse-SpMM-CSR,candidate,,,csr,csr,ALPHASPARSE_SPMM_CSR_ALG5,workspace-setup,spmm.csr.fp32,fp32,H100-SXM5-80GB,H100-SXM5-80GB,,67000.0,43011b5b-eebc-56e1-9bb3-83faaf7aff5c,suitesparse_all,Pajek/Erdos971,Erdos971,472,472,2628,2,row-major,N,N,1.0,0.0,20260922,main,pass,pass,0,0,10512.0,0.009201,0.00850559994578,0.0177065999458,0.00896564994578,1.2358916557338746,0.5936769358418493,1.1724749531346408,0.0018446144115430963,0.0008860849788684317,0.001749962616618867,AlphaSparse 248af573c867cf4c7e05d40c611c7c34ebac4715,CUDA,13040,13000,2026-10-07T06:55:45.741943+00:00,source,csr-alg5,0,0,,,,5,20,4,true
3,full-20261009-H100-SXM5-80GB-spmm-fp32-alphasparse-csr-alg5-n2,AlphaSparse-SpMM-CSR-ALG5,AlphaSparse SpMM CSR ALG5 [AlphaSparse 248af573c867cf4c7e05d40c611c7c34ebac4715],csr-alg5,AlphaSparse-SpMM-CSR,candidate,,,csr,csr,ALPHASPARSE_SPMM_CSR_ALG5,workspace-setup,spmm.csr.fp32,fp32,H100-SXM5-80GB,H100-SXM5-80GB,,67000.0,308bf16b-13aa-5a36-aa42-fdafa106bc58,suitesparse_all,Pajek/GD00_a,GD00_a,352,352,458,2,row-major,N,N,1.0,0.0,20260922,main,pass,pass,0,0,1832.0,0.009759,0.00887039974332,0.0186293997433,0.00935834974332,0.20652958750586384,0.09833918565512947,0.19576101024731243,0.0003082531156803938,0.00014677490396287983,0.00029218061230942155,AlphaSparse 248af573c867cf4c7e05d40c611c7c34ebac4715,CUDA,13040,13000,2026-10-08T13:35:20.865558+00:00,source,csr-alg5,0,0,,,,5,20,4,true
3,full-20261009-H100-SXM5-80GB-spmm-fp32-alphasparse-csr-alg5-n2,AlphaSparse-SpMM-CSR-ALG5,AlphaSparse SpMM CSR ALG5 [AlphaSparse 248af573c867cf4c7e05d40c611c7c34ebac4715],csr-alg5,AlphaSparse-SpMM-CSR,candidate,,,csr,csr,ALPHASPARSE_SPMM_CSR_ALG5,workspace-setup,spmm.csr.fp32,fp32,H100-SXM5-80GB,H100-SXM5-80GB,,67000.0,43011b5b-eebc-56e1-9bb3-83faaf7aff5c,suitesparse_all,Pajek/GD02_a,GD02_a,23,23,87,2,row-major,N,N,1.0,0.0,20260922,main,pass,pass,0,0,348.0,0.00981,0.00826879963279,0.0180787996328,0.00875929963279,0.04208591518169129,0.019249065594412067,0.039729203770730644,6.281479877864372e-05,2.872994864837622e-05,5.9297319060792e-05,AlphaSparse 248af573c867cf4c7e05d40c611c7c34ebac4715,CUDA,13040,13000,2026-10-07T06:55:46.408329+00:00,source,csr-alg5,0,0,,,,5,20,4,true
3,full-20261009-H100-SXM5-80GB-spmm-fp32-alphasparse-csr-alg5-n2,AlphaSparse-SpMM-CSR-ALG5,AlphaSparse SpMM CSR ALG5 [AlphaSparse 248af573c867cf4c7e05d40c611c7c34ebac4715],csr-alg5,AlphaSparse-SpMM-CSR,candidate,,,csr,csr,ALPHASPARSE_SPMM_CSR_ALG5,workspace-setup,spmm.csr.fp32,fp32,H100-SXM5-80GB,H100-SXM5-80GB,,67000.0,308bf16b-13aa-5a36-aa42-fdafa106bc58,suitesparse_all,Pajek/GD96_d,GD96_d,180,180,229,2,row-major,N,N,1.0,0.0,20260922,main,pass,pass,0,0,916.0,0.009947,0.00894080027938,0.0188878002794,0.00943815027938,0.10245167897470583,0.048496912634079285,0.09705291533672983,0.0001529129536935908,7.238345169265565e-05,0.00014485509751750722,AlphaSparse 248af573c867cf4c7e05d40c611c7c34ebac4715,CUDA,13040,13000,2026-10-08T13:35:21.359984+00:00,source,csr-alg5,0,0,,,,5,20,4,true
3,full-20261009-H100-SXM5-80GB-spmm-fp32-alphasparse-csr-alg5-n2,AlphaSparse-SpMM-CSR-ALG5,AlphaSparse SpMM CSR ALG5 [AlphaSparse 248af573c867cf4c7e05d40c611c7c34ebac4715],csr-alg5,AlphaSparse-SpMM-CSR,candidate,,,csr,csr,ALPHASPARSE_SPMM_CSR_ALG5,workspace-setup,spmm.csr.fp32,fp32,H100-SXM5-80GB,H100-SXM5-80GB,,67000.0,43011b5b-eebc-56e1-9bb3-83faaf7aff5c,suitesparse_all,Pajek/GD98_c,GD98_c,112,112,336,2,row-major,N,N,1.0,0.0,20260922,main,pass,pass,0,0,1344.0,0.009116,0.00834240019321,0.0174584001932,0.00879820019321,0.1611047143355579,0.07698299873567364,0.15275851543333038,0.00024045479751575805,0.00011489999811294573,0.0002279977842288513,AlphaSparse 248af573c867cf4c7e05d40c611c7c34ebac4715,CUDA,13040,13000,2026-10-07T06:55:47.031400+00:00,source,csr-alg5,0,0,,,,5,20,4,true
3,full-20261009-H100-SXM5-80GB-spmm-fp32-alphasparse-csr-alg5-n2,AlphaSparse-SpMM-CSR-ALG5,AlphaSparse SpMM CSR ALG5 [AlphaSparse 248af573c867cf4c7e05d40c611c7c34ebac4715],csr-alg5,AlphaSparse-SpMM-CSR,candidate,,,csr,csr,ALPHASPARSE_SPMM_CSR_ALG5,workspace-setup,spmm.csr.fp32,fp32,H100-SXM5-80GB,H100-SXM5-80GB,,67000.0,308bf16b-13aa-5a36-aa42-fdafa106bc58,suitesparse_all,Pajek/Kohonen,Kohonen,4470,4470,12731,2,row-major,N,N,1.0,0.0,20260922,main,pass,pass,0,0,50924.0,0.010449,0.0117968000472,0.0222458000472,0.0123192500472,4.316763850895899,2.2891512057085857,4.133693187888036,0.006442931120740149,0.003416643590609829,0.006169691325206024,AlphaSparse 248af573c867cf4c7e05d40c611c7c34ebac4715,CUDA,13040,13000,2026-10-08T13:35:21.886828+00:00,source,csr-alg5,0,0,,,,5,20,4,true
3,full-20261009-H100-SXM5-80GB-spmm-fp32-alphasparse-csr-alg5-n2,AlphaSparse-SpMM-CSR-ALG5,AlphaSparse SpMM CSR ALG5 [AlphaSparse 248af573c867cf4c7e05d40c611c7c34ebac4715],csr-alg5,AlphaSparse-SpMM-CSR,candidate,,,csr,csr,ALPHASPARSE_SPMM_CSR_ALG5,workspace-setup,spmm.csr.fp32,fp32,H100-SXM5-80GB,H100-SXM5-80GB,,67000.0,308bf16b-13aa-5a36-aa42-fdafa106bc58,suitesparse_all,Pajek/SmallW,SmallW,396,396,994,2,row-major,N,N,1.0,0.0,20260922,main,pass,pass,0,0,3976.0,0.010173,0.0100528001785,0.0202258001785,0.0105614501785,0.39551169121052476,0.19658060323499502,0.3764634527267822,0.000590315957030634,0.0002934038854253657,0.0005618857503384809,AlphaSparse 248af573c867cf4c7e05d40c611c7c34ebac4715,CUDA,13040,13000,2026-10-08T13:35:22.340376+00:00,source,csr-alg5,0,0,,,,5,20,4,true
3,full-20261009-H100-SXM5-80GB-spmm-fp32-alphasparse-csr-alg5-n2,AlphaSparse-SpMM-CSR-ALG5,AlphaSparse SpMM CSR ALG5 [AlphaSparse 248af573c867cf4c7e05d40c611c7c34ebac4715],csr-alg5,AlphaSparse-SpMM-CSR,candidate,,,csr,csr,ALPHASPARSE_SPMM_CSR_ALG5,workspace-setup,spmm.csr.fp32,fp32,H100-SXM5-80GB,H100-SXM5-80GB,,67000.0,43011b5b-eebc-56e1-9bb3-83faaf7aff5c,suitesparse_all,Pajek/USAir97,USAir97,332,332,4252,2,row-major,N,N,1.0,0.0,20260922,main,pass,pass,0,0,17008.0,0.009659,0.00909280031919,0.0187518003192,0.00957575031919,1.8704908722239593,0.907006245292911,1.776153244713954,0.00279177742122979,0.001353740664616285,0.002650974992110379,AlphaSparse 248af573c867cf4c7e05d40c611c7c34ebac4715,CUDA,13040,13000,2026-10-07T06:55:48.734275+00:00,source,csr-alg5,0,0,,,,5,20,4,true
3,full-20261009-H100-SXM5-80GB-spmm-fp32-alphasparse-csr-alg5-n2,AlphaSparse-SpMM-CSR-ALG5,AlphaSparse SpMM CSR ALG5 [AlphaSparse 248af573c867cf4c7e05d40c611c7c34ebac4715],csr-alg5,AlphaSparse-SpMM-CSR,candidate,,,csr,csr,ALPHASPARSE_SPMM_CSR_ALG5,workspace-setup,spmm.csr.fp32,fp32,H100-SXM5-80GB,H100-SXM5-80GB,,67000.0,308bf16b-13aa-5a36-aa42-fdafa106bc58,suitesparse_all,Pajek/dictionary28,dictionary28,52652,52652,178076,2,row-major,N,N,1.0,0.0,20260922,main,pass,pass,0,0,712304.0,0.014735,0.0114607997239,0.0261957997239,0.0121975497239,62.151334737538704,27.191534807395946,58.397302419214945,0.0927631861754309,0.04058438030954619,0.08716015286449992,AlphaSparse 248af573c867cf4c7e05d40c611c7c34ebac4715,CUDA,13040,13000,2026-10-08T13:35:20.298708+00:00,source,csr-alg5,0,0,,,,5,20,4,true
3,full-20261009-H100-SXM5-80GB-spmm-fp32-alphasparse-csr-alg5-n2,AlphaSparse-SpMM-CSR-ALG5,AlphaSparse SpMM CSR ALG5 [AlphaSparse 248af573c867cf4c7e05d40c611c7c34ebac4715],csr-alg5,AlphaSparse-SpMM-CSR,candidate,,,csr,csr,ALPHASPARSE_SPMM_CSR_ALG5,workspace-setup,spmm.csr.fp32,fp32,H100-SXM5-80GB,H100-SXM5-80GB,,67000.0,43011b5b-eebc-56e1-9bb3-83faaf7aff5c,suitesparse_all,Pajek/patents_main,patents_main,240547,240547,560943,2,row-major,N,N,1.0,0.0,20260922,main,pass,pass,0,0,2243772.0,0.01574,0.0193504005671,0.0350904005671,0.0201374005671,115.95480890534708,63.94261575069372,111.42312000615516,0.1730668789632046,0.09543673992640854,0.16630316418829127,AlphaSparse 248af573c867cf4c7e05d40c611c7c34ebac4715,CUDA,13040,13000,2026-10-07T06:55:48.114648+00:00,source,csr-alg5,0,0,,,,5,20,4,true
3,full-20261009-H100-SXM5-80GB-spmm-fp32-alphasparse-csr-alg5-n2,AlphaSparse-SpMM-CSR-ALG5,AlphaSparse SpMM CSR ALG5 [AlphaSparse 248af573c867cf4c7e05d40c611c7c34ebac4715],csr-alg5,AlphaSparse-SpMM-CSR,candidate,,,csr,csr,ALPHASPARSE_SPMM_CSR_ALG5,workspace-setup,spmm.csr.fp32,fp32,H100-SXM5-80GB,H100-SXM5-80GB,,67000.0,308bf16b-13aa-5a36-aa42-fdafa106bc58,suitesparse_all,Pothen/barth5,barth5,15606,15606,107362,2,row-major,N,N,1.0,0.0,20260922,main,pass,pass,0,0,429448.0,0.012298,0.00880480036139,0.0211028003614,0.00941970036139,48.77430292266203,20.35028492168845,45.59040983514143,0.0727974670487493,0.030373559584609622,0.06804538781364393,AlphaSparse 248af573c867cf4c7e05d40c611c7c34ebac4715,CUDA,13040,13000,2026-10-08T13:33:34.076429+00:00,source,csr-alg5,0,0,,,,5,20,4,true
3,full-20261009-H100-SXM5-80GB-spmm-fp32-alphasparse-csr-alg5-n2,AlphaSparse-SpMM-CSR-ALG5,AlphaSparse SpMM CSR ALG5 [AlphaSparse 248af573c867cf4c7e05d40c611c7c34ebac4715],csr-alg5,AlphaSparse-SpMM-CSR,candidate,,,csr,csr,ALPHASPARSE_SPMM_CSR_ALG5,workspace-setup,spmm.csr.fp32,fp32,H100-SXM5-80GB,H100-SXM5-80GB,,67000.0,43011b5b-eebc-56e1-9bb3-83faaf7aff5c,suitesparse_all,Pothen/mesh1em1,mesh1em1,48,48,306,2,row-major,N,N,1.0,0.0,20260922,main,pass,pass,0,0,1224.0,0.009741,0.007774399966,0.017515399966,0.008261449966,0.1574398031170191,0.06988136168034793,0.14815801161265546,0.0002349847807716703,0.00010430053982141482,0.00022113136061590368,AlphaSparse 248af573c867cf4c7e05d40c611c7c34ebac4715,CUDA,13040,13000,2026-10-07T06:54:52.511160+00:00,source,csr-alg5,0,0,,,,5,20,4,true
3,full-20261009-H100-SXM5-80GB-spmm-fp32-alphasparse-csr-alg5-n2,AlphaSparse-SpMM-CSR-ALG5,AlphaSparse SpMM CSR ALG5 [AlphaSparse 248af573c867cf4c7e05d40c611c7c34ebac4715],csr-alg5,AlphaSparse-SpMM-CSR,candidate,,,csr,csr,ALPHASPARSE_SPMM_CSR_ALG5,workspace-setup,spmm.csr.fp32,fp32,H100-SXM5-80GB,H100-SXM5-80GB,,67000.0,308bf16b-13aa-5a36-aa42-fdafa106bc58,suitesparse_all,Pothen/sphere2,sphere2,66,66,450,2,row-major,N,N,1.0,0.0,20260922,main,pass,pass,0,0,1800.0,0.009629,0.00791520029306,0.0175442002931,0.00839665029306,0.2274105434297385,0.1025980078845729,0.214371200082935,0.0003394187215369231,0.00015313135505160135,0.00031995701504915674,AlphaSparse 248af573c867cf4c7e05d40c611c7c34ebac4715,CUDA,13040,13000,2026-10-08T13:33:34.508342+00:00,source,csr-alg5,0,0,,,,5,20,4,true
3,full-20261009-H100-SXM5-80GB-spmm-fp32-alphasparse-csr-alg5-n2,AlphaSparse-SpMM-CSR-ALG5,AlphaSparse SpMM CSR ALG5 [AlphaSparse 248af573c867cf4c7e05d40c611c7c34ebac4715],csr-alg5,AlphaSparse-SpMM-CSR,candidate,,,csr,csr,ALPHASPARSE_SPMM_CSR_ALG5,workspace-setup,spmm.csr.fp32,fp32,H100-SXM5-80GB,H100-SXM5-80GB,,67000.0,308bf16b-13aa-5a36-aa42-fdafa106bc58,suitesparse_all,Precima/analytics,analytics,303813,303813,2006126,2,row-major,N,N,1.0,0.0,20260922,main,pass,pass,0,0,8024504.0,0.017742,0.0312095999718,0.0489515999718,0.0320966999718,257.116528480041,163.9273078841703,250.01025049460813,0.3837560126567776,0.24466762370771689,0.37314962760389275,AlphaSparse 248af573c867cf4c7e05d40c611c7c34ebac4715,CUDA,13040,13000,2026-10-08T13:42:43.747329+00:00,source,csr-alg5,0,0,,,,5,20,4,true
3,full-20261009-H100-SXM5-80GB-spmm-fp32-alphasparse-csr-alg5-n2,AlphaSparse-SpMM-CSR-ALG5,AlphaSparse SpMM CSR ALG5 [AlphaSparse 248af573c867cf4c7e05d40c611c7c34ebac4715],csr-alg5,AlphaSparse-SpMM-CSR,candidate,,,csr,csr,ALPHASPARSE_SPMM_CSR_ALG5,workspace-setup,spmm.csr.fp32,fp32,H100-SXM5-80GB,H100-SXM5-80GB,,67000.0,43011b5b-eebc-56e1-9bb3-83faaf7aff5c,suitesparse_all,QCD/conf5_0-4x4-18,conf5_0-4x4-18,3072,3072,119808,2,row-major,N,N,1.0,0.0,20260922,main,pass,pass,0,0,479232.0,0.008691,0.0085391998291,0.0172301998291,0.0089737498291,56.12141764932901,27.81349054296094,53.403761986538846,0.08376330992437166,0.04151267245218051,0.07970710744259529,AlphaSparse 248af573c867cf4c7e05d40c611c7c34ebac4715,CUDA,13040,13000,2026-10-07T06:55:51.643303+00:00,source,csr-alg5,0,0,,,,5,20,4,true
3,full-20261009-H100-SXM5-80GB-spmm-fp32-alphasparse-csr-alg5-n2,AlphaSparse-SpMM-CSR-ALG5,AlphaSparse SpMM CSR ALG5 [AlphaSparse 248af573c867cf4c7e05d40c611c7c34ebac4715],csr-alg5,AlphaSparse-SpMM-CSR,candidate,,,csr,csr,ALPHASPARSE_SPMM_CSR_ALG5,workspace-setup,spmm.csr.fp32,fp32,H100-SXM5-80GB,H100-SXM5-80GB,,67000.0,308bf16b-13aa-5a36-aa42-fdafa106bc58,suitesparse_all,QCD/conf6_0-8x8-30,conf6_0-8x8-30,49152,49152,1916928,2,row-major,N,N,1.0,0.0,20260922,main,pass,pass,0,0,7667712.0,0.0131,0.0234975993633,0.0365975993633,0.0241525993633,326.31895205328533,209.51407014114608,317.4694319507129,0.48704321201982886,0.3127075673748449,0.47383497306076544,AlphaSparse 248af573c867cf4c7e05d40c611c7c34ebac4715,CUDA,13040,13000,2026-10-08T13:35:27.886544+00:00,source,csr-alg5,0,0,,,,5,20,4,true
3,full-20261009-H100-SXM5-80GB-spmm-fp32-alphasparse-csr-alg5-n2,AlphaSparse-SpMM-CSR-ALG5,AlphaSparse SpMM CSR ALG5 [AlphaSparse 248af573c867cf4c7e05d40c611c7c34ebac4715],csr-alg5,AlphaSparse-SpMM-CSR,candidate,,,csr,csr,ALPHASPARSE_SPMM_CSR_ALG5,workspace-setup,spmm.csr.fp32,fp32,H100-SXM5-80GB,H100-SXM5-80GB,,67000.0,308bf16b-13aa-5a36-aa42-fdafa106bc58,suitesparse_all,QLi/majorbasis,majorbasis,160000,160000,1750416,2,row-major,N,N,1.0,0.0,20260922,main,pass,pass,0,0,7001664.0,0.019738,0.0241536006331,0.0438916006331,0.0251405006331,289.88075551787284,159.521728508571,278.5013752185032,0.4326578440565266,0.23809213210234476,0.4156736943559749,AlphaSparse 248af573c867cf4c7e05d40c611c7c34ebac4715,CUDA,13040,13000,2026-10-08T13:35:48.402497+00:00,source,csr-alg5,0,0,,,,5,20,4,true
3,full-20261009-H100-SXM5-80GB-spmm-fp32-alphasparse-csr-alg5-n2,AlphaSparse-SpMM-CSR-ALG5,AlphaSparse SpMM CSR ALG5 [AlphaSparse 248af573c867cf4c7e05d40c611c7c34ebac4715],csr-alg5,AlphaSparse-SpMM-CSR,candidate,,,csr,csr,ALPHASPARSE_SPMM_CSR_ALG5,workspace-setup,spmm.csr.fp32,fp32,H100-SXM5-80GB,H100-SXM5-80GB,,67000.0,43011b5b-eebc-56e1-9bb3-83faaf7aff5c,suitesparse_all,Qaplib/lp_nug05,lp_nug05,210,225,1050,2,row-major,N,N,1.0,0.0,20260922,main,pass,pass,0,0,4200.0,0.008064,0.00877119973302,0.016835199733,0.00917439973302,0.4788398540496927,0.24947728964374857,0.45779561848429046,0.0007146863493278996,0.00037235416364738593,0.0006832770425138664,AlphaSparse 248af573c867cf4c7e05d40c611c7c34ebac4715,CUDA,13040,13000,2026-10-07T06:54:48.682944+00:00,source,csr-alg5,0,0,,,,5,20,4,true
3,full-20261009-H100-SXM5-80GB-spmm-fp32-alphasparse-csr-alg5-n2,AlphaSparse-SpMM-CSR-ALG5,AlphaSparse SpMM CSR ALG5 [AlphaSparse 248af573c867cf4c7e05d40c611c7c34ebac4715],csr-alg5,AlphaSparse-SpMM-CSR,candidate,,,csr,csr,ALPHASPARSE_SPMM_CSR_ALG5,workspace-setup,spmm.csr.fp32,fp32,H100-SXM5-80GB,H100-SXM5-80GB,,67000.0,308bf16b-13aa-5a36-aa42-fdafa106bc58,suitesparse_all,Rajat/rajat03,rajat03,7602,7602,32653,2,row-major,N,N,1.0,0.0,20260922,main,pass,pass,0,0,130612.0,0.010153,0.00891840010881,0.0190714001088,0.00942605010881,14.645227664878542,6.848579509363473,13.856493281096004,0.02185854875355006,0.010221760461736527,0.020681333255367168,AlphaSparse 248af573c867cf4c7e05d40c611c7c34ebac4715,CUDA,13040,13000,2026-10-08T13:34:26.037535+00:00,source,csr-alg5,0,0,,,,5,20,4,true
3,full-20261009-H100-SXM5-80GB-spmm-fp32-alphasparse-csr-alg5-n2,AlphaSparse-SpMM-CSR-ALG5,AlphaSparse SpMM CSR ALG5 [AlphaSparse 248af573c867cf4c7e05d40c611c7c34ebac4715],csr-alg5,AlphaSparse-SpMM-CSR,candidate,,,csr,csr,ALPHASPARSE_SPMM_CSR_ALG5,workspace-setup,spmm.csr.fp32,fp32,H100-SXM5-80GB,H100-SXM5-80GB,,67000.0,43011b5b-eebc-56e1-9bb3-83faaf7aff5c,suitesparse_all,Rajat/rajat09,rajat09,24482,24482,105573,2,row-major,N,N,1.0,0.0,20260922,main,pass,pass,0,0,422292.0,0.010628,0.00947680026293,0.0201048002629,0.0100082002629,44.56060994045235,21.004535955488613,42.19459931926219,0.06650837304545128,0.031350053664908374,0.06297701390934654,AlphaSparse 248af573c867cf4c7e05d40c611c7c34ebac4715,CUDA,13040,13000,2026-10-07T06:55:09.252877+00:00,source,csr-alg5,0,0,,,,5,20,4,true
3,full-20261009-H100-SXM5-80GB-spmm-fp32-alphasparse-csr-alg5-n2,AlphaSparse-SpMM-CSR-ALG5,AlphaSparse SpMM CSR ALG5 [AlphaSparse 248af573c867cf4c7e05d40c611c7c34ebac4715],csr-alg5,AlphaSparse-SpMM-CSR,candidate,,,csr,csr,ALPHASPARSE_SPMM_CSR_ALG5,workspace-setup,spmm.csr.fp32,fp32,H100-SXM5-80GB,H100-SXM5-80GB,,67000.0,43011b5b-eebc-56e1-9bb3-83faaf7aff5c,suitesparse_all,Rajat/rajat20,rajat20,86916,86916,605045,2,row-major,N,N,1.0,0.0,20260922,main,pass,pass,0,0,2420180.0,0.012826,0.0157695993781,0.0285955993781,0.0164108993781,153.47124184784428,84.6347008852523,147.47394059521682,0.2290615549967825,0.12632044908246612,0.22011035909733856,AlphaSparse 248af573c867cf4c7e05d40c611c7c34ebac4715,CUDA,13040,13000,2026-10-07T06:55:36.590998+00:00,source,csr-alg5,0,0,,,,5,20,4,true
3,full-20261009-H100-SXM5-80GB-spmm-fp32-alphasparse-csr-alg5-n2,AlphaSparse-SpMM-CSR-ALG5,AlphaSparse SpMM CSR ALG5 [AlphaSparse 248af573c867cf4c7e05d40c611c7c34ebac4715],csr-alg5,AlphaSparse-SpMM-CSR,candidate,,,csr,csr,ALPHASPARSE_SPMM_CSR_ALG5,workspace-setup,spmm.csr.fp32,fp32,H100-SXM5-80GB,H100-SXM5-80GB,,67000.0,43011b5b-eebc-56e1-9bb3-83faaf7aff5c,suitesparse_all,Rommes/M10PI_n,M10PI_n,682,682,1633,2,row-major,N,N,1.0,0.0,20260922,main,pass,pass,0,0,6532.0,0.009656,0.00832640007138,0.0179824000714,0.00880920007138,0.7844926911994273,0.36324405941722876,0.7414975193061693,0.0011708846137304886,0.000542155312563028,0.001106712715382342,AlphaSparse 248af573c867cf4c7e05d40c611c7c34ebac4715,CUDA,13040,13000,2026-10-07T06:57:31.533193+00:00,source,csr-alg5,0,0,,,,5,20,4,true
3,full-20261009-H100-SXM5-80GB-spmm-fp32-alphasparse-csr-alg5-n2,AlphaSparse-SpMM-CSR-ALG5,AlphaSparse SpMM CSR ALG5 [AlphaSparse 248af573c867cf4c7e05d40c611c7c34ebac4715],csr-alg5,AlphaSparse-SpMM-CSR,candidate,,,csr,csr,ALPHASPARSE_SPMM_CSR_ALG5,workspace-setup,spmm.csr.fp32,fp32,H100-SXM5-80GB,H100-SXM5-80GB,,67000.0,308bf16b-13aa-5a36-aa42-fdafa106bc58,suitesparse_all,Rommes/S40PI_n,S40PI_n,2182,2182,5341,2,row-major,N,N,1.0,0.0,20260922,main,pass,pass,0,0,21364.0,0.011618,0.00879679992795,0.0204147999279,0.00937769992795,2.428610423674675,1.046495683300955,2.2781705710507043,0.00362479167712638,0.0015619338556730673,0.0034002545836577676,AlphaSparse 248af573c867cf4c7e05d40c611c7c34ebac4715,CUDA,13040,13000,2026-10-08T13:36:24.363023+00:00,source,csr-alg5,0,0,,,,5,20,4,true
3,full-20261009-H100-SXM5-80GB-spmm-fp32-alphasparse-csr-alg5-n2,AlphaSparse-SpMM-CSR-ALG5,AlphaSparse SpMM CSR ALG5 [AlphaSparse 248af573c867cf4c7e05d40c611c7c34ebac4715],csr-alg5,AlphaSparse-SpMM-CSR,candidate,,,csr,csr,ALPHASPARSE_SPMM_CSR_ALG5,workspace-setup,spmm.csr.fp32,fp32,H100-SXM5-80GB,H100-SXM5-80GB,,67000.0,43011b5b-eebc-56e1-9bb3-83faaf7aff5c,suitesparse_all,Rommes/bauru5727,bauru5727,40366,40366,145019,2,row-major,N,N,1.0,0.0,20260922,main,pass,pass,0,0,580076.0,0.012829,0.00974719971418,0.0225761997142,0.0103886497142,59.51206674837275,25.694138399880615,55.83747801286513,0.08882398022145188,0.03834946029832927,0.08333951942218676,AlphaSparse 248af573c867cf4c7e05d40c611c7c34ebac4715,CUDA,13040,13000,2026-10-07T06:57:31.120453+00:00,source,csr-alg5,0,0,,,,5,20,4,true
3,full-20261009-H100-SXM5-80GB-spmm-fp32-alphasparse-csr-alg5-n2,AlphaSparse-SpMM-CSR-ALG5,AlphaSparse SpMM CSR ALG5 [AlphaSparse 248af573c867cf4c7e05d40c611c7c34ebac4715],csr-alg5,AlphaSparse-SpMM-CSR,candidate,,,csr,csr,ALPHASPARSE_SPMM_CSR_ALG5,workspace-setup,spmm.csr.fp32,fp32,H100-SXM5-80GB,H100-SXM5-80GB,,67000.0,308bf16b-13aa-5a36-aa42-fdafa106bc58,suitesparse_all,Rommes/bips07_2476,bips07_2476,16861,16861,66498,2,row-major,N,N,1.0,0.0,20260922,main,pass,pass,0,0,265992.0,0.01032,0.0094704002142,0.0197904002142,0.0099864002142,28.08666941035599,13.44045583318449,26.635423605572807,0.04192040210500894,0.020060381840573866,0.039754363590407175,AlphaSparse 248af573c867cf4c7e05d40c611c7c34ebac4715,CUDA,13040,13000,2026-10-08T13:36:23.596601+00:00,source,csr-alg5,0,0,,,,5,20,4,true
3,full-20261009-H100-SXM5-80GB-spmm-fp32-alphasparse-csr-alg5-n2,AlphaSparse-SpMM-CSR-ALG5,AlphaSparse SpMM CSR ALG5 [AlphaSparse 248af573c867cf4c7e05d40c611c7c34ebac4715],csr-alg5,AlphaSparse-SpMM-CSR,candidate,,,csr,csr,ALPHASPARSE_SPMM_CSR_ALG5,workspace-setup,spmm.csr.fp32,fp32,H100-SXM5-80GB,H100-SXM5-80GB,,67000.0,308bf16b-13aa-5a36-aa42-fdafa106bc58,suitesparse_all,Rommes/ww_vref_6405,ww_vref_6405,13251,13251,48737,2,row-major,N,N,1.0,0.0,20260922,main,pass,pass,0,0,194948.0,0.021424,0.00935039967299,0.030774399673,0.010421599673,20.849162262350763,6.334745830023067,18.706149354888968,0.031118152630374273,0.009454844522422488,0.027919625902819354,AlphaSparse 248af573c867cf4c7e05d40c611c7c34ebac4715,CUDA,13040,13000,2026-10-08T13:36:22.883764+00:00,source,csr-alg5,0,0,,,,5,20,4,true
3,full-20261009-H100-SXM5-80GB-spmm-fp32-alphasparse-csr-alg5-n2,AlphaSparse-SpMM-CSR-ALG5,AlphaSparse SpMM CSR ALG5 [AlphaSparse 248af573c867cf4c7e05d40c611c7c34ebac4715],csr-alg5,AlphaSparse-SpMM-CSR,candidate,,,csr,csr,ALPHASPARSE_SPMM_CSR_ALG5,workspace-setup,spmm.csr.fp32,fp32,H100-SXM5-80GB,H100-SXM5-80GB,,67000.0,308bf16b-13aa-5a36-aa42-fdafa106bc58,suitesparse_all,Rothberg/3dtube,3dtube,45330,45330,3213618,2,row-major,N,N,1.0,0.0,20260922,main,pass,pass,0,0,12854472.0,0.013126,0.03439039886,0.04751639886,0.03504669886,373.78083494551254,270.5270666212267,366.7812495364934,0.5578818432022575,0.4037717412257115,0.5474347008007365,AlphaSparse 248af573c867cf4c7e05d40c611c7c34ebac4715,CUDA,13040,13000,2026-10-08T13:33:31.262227+00:00,source,csr-alg5,0,0,,,,5,20,4,true
3,full-20261009-H100-SXM5-80GB-spmm-fp32-alphasparse-csr-alg5-n2,AlphaSparse-SpMM-CSR-ALG5,AlphaSparse SpMM CSR ALG5 [AlphaSparse 248af573c867cf4c7e05d40c611c7c34ebac4715],csr-alg5,AlphaSparse-SpMM-CSR,candidate,,,csr,csr,ALPHASPARSE_SPMM_CSR_ALG5,workspace-setup,spmm.csr.fp32,fp32,H100-SXM5-80GB,H100-SXM5-80GB,,67000.0,43011b5b-eebc-56e1-9bb3-83faaf7aff5c,suitesparse_all,Rucci/Rucci1,Rucci1,1977885,109900,7791168,2,row-major,N,N,1.0,0.0,20260922,main,pass,pass,0,0,31164672.0,0.017896,0.147350394726,0.165246394726,0.148245194726,211.50043105042994,188.5951705734644,210.2238258555451,0.3156722851498954,0.28148532921412595,0.31376690426200765,AlphaSparse 248af573c867cf4c7e05d40c611c7c34ebac4715,CUDA,13040,13000,2026-10-07T06:56:19.862859+00:00,source,csr-alg5,0,0,,,,5,20,4,true
3,full-20261009-H100-SXM5-80GB-spmm-fp32-alphasparse-csr-alg5-n2,AlphaSparse-SpMM-CSR-ALG5,AlphaSparse SpMM CSR ALG5 [AlphaSparse 248af573c867cf4c7e05d40c611c7c34ebac4715],csr-alg5,AlphaSparse-SpMM-CSR,candidate,,,csr,csr,ALPHASPARSE_SPMM_CSR_ALG5,workspace-setup,spmm.csr.fp32,fp32,H100-SXM5-80GB,H100-SXM5-80GB,,67000.0,43011b5b-eebc-56e1-9bb3-83faaf7aff5c,suitesparse_all,SNAP/CollegeMsg,CollegeMsg,1899,1899,20296,2,row-major,N,N,1.0,0.0,20260922,main,pass,pass,0,0,81184.0,0.010619,0.00945279970765,0.0200717997077,0.00998374970765,8.588355038803908,4.044679659136692,8.131614110657557,0.012818440356423743,0.006036835312144316,0.012136737478593368,AlphaSparse 248af573c867cf4c7e05d40c611c7c34ebac4715,CUDA,13040,13000,2026-10-07T06:58:23.119349+00:00,source,csr-alg5,0,0,,,,5,20,4,true
3,full-20261009-H100-SXM5-80GB-spmm-fp32-alphasparse-csr-alg5-n2,AlphaSparse-SpMM-CSR-ALG5,AlphaSparse SpMM CSR ALG5 [AlphaSparse 248af573c867cf4c7e05d40c611c7c34ebac4715],csr-alg5,AlphaSparse-SpMM-CSR,candidate,,,csr,csr,ALPHASPARSE_SPMM_CSR_ALG5,workspace-setup,spmm.csr.fp32,fp32,H100-SXM5-80GB,H100-SXM5-80GB,,67000.0,308bf16b-13aa-5a36-aa42-fdafa106bc58,suitesparse_all,SNAP/Oregon-1,Oregon-1,11492,11492,46818,2,row-major,N,N,1.0,0.0,20260922,main,pass,pass,0,0,187272.0,0.00997,0.0100096002221,0.0199796002221,0.0105081002221,18.70923871530112,9.373160519641086,17.821680041282903,0.027924236888509132,0.01398979182035983,0.026599522449675977,AlphaSparse 248af573c867cf4c7e05d40c611c7c34ebac4715,CUDA,13040,13000,2026-10-08T13:36:22.271316+00:00,source,csr-alg5,0,0,,,,5,20,4,true
3,full-20261009-H100-SXM5-80GB-spmm-fp32-alphasparse-csr-alg5-n2,AlphaSparse-SpMM-CSR-ALG5,AlphaSparse SpMM CSR ALG5 [AlphaSparse 248af573c867cf4c7e05d40c611c7c34ebac4715],csr-alg5,AlphaSparse-SpMM-CSR,candidate,,,csr,csr,ALPHASPARSE_SPMM_CSR_ALG5,workspace-setup,spmm.csr.fp32,fp32,H100-SXM5-80GB,H100-SXM5-80GB,,67000.0,308bf16b-13aa-5a36-aa42-fdafa106bc58,suitesparse_all,SNAP/amazon0601,amazon0601,403394,403394,3387388,2,row-major,N,N,1.0,0.0,20260922,main,pass,pass,0,0,13549552.0,0.019792,0.0460191994905,0.0658111994905,0.0470087994905,294.4325879201161,205.8852004658555,288.23437626264473,0.43945162376136726,0.3072913439788888,0.4302005615860369,AlphaSparse 248af573c867cf4c7e05d40c611c7c34ebac4715,CUDA,13040,13000,2026-10-08T13:36:21.470993+00:00,source,csr-alg5,0,0,,,,5,20,4,true
3,full-20261009-H100-SXM5-80GB-spmm-fp32-alphasparse-csr-alg5-n2,AlphaSparse-SpMM-CSR-ALG5,AlphaSparse SpMM CSR ALG5 [AlphaSparse 248af573c867cf4c7e05d40c611c7c34ebac4715],csr-alg5,AlphaSparse-SpMM-CSR,candidate,,,csr,csr,ALPHASPARSE_SPMM_CSR_ALG5,workspace-setup,spmm.csr.fp32,fp32,H100-SXM5-80GB,H100-SXM5-80GB,,67000.0,43011b5b-eebc-56e1-9bb3-83faaf7aff5c,suitesparse_all,SNAP/ca-GrQc,ca-GrQc,5242,5242,28980,2,row-major,N,N,1.0,0.0,20260922,main,pass,pass,0,0,115920.0,0.01047,0.00882880017161,0.0192988001716,0.00935230017161,13.129756903180773,6.0065910299743495,12.394811743948159,0.01959665209429966,0.008965061238767686,0.018499719020818147,AlphaSparse 248af573c867cf4c7e05d40c611c7c34ebac4715,CUDA,13040,13000,2026-10-07T06:57:17.167872+00:00,source,csr-alg5,0,0,,,,5,20,4,true
3,full-20261009-H100-SXM5-80GB-spmm-fp32-alphasparse-csr-alg5-n2,AlphaSparse-SpMM-CSR-ALG5,AlphaSparse SpMM CSR ALG5 [AlphaSparse 248af573c867cf4c7e05d40c611c7c34ebac4715],csr-alg5,AlphaSparse-SpMM-CSR,candidate,,,csr,csr,ALPHASPARSE_SPMM_CSR_ALG5,workspace-setup,spmm.csr.fp32,fp32,H100-SXM5-80GB,H100-SXM5-80GB,,67000.0,308bf16b-13aa-5a36-aa42-fdafa106bc58,suitesparse_all,SNAP/loc-Brightkite,loc-Brightkite,58228,58228,428156,2,row-major,N,N,1.0,0.0,20260922,main,pass,pass,0,0,1712624.0,0.015145,0.0141824007034,0.0293274007034,0.0149396507034,120.75698859569145,58.396719754350784,114.63614739066404,0.18023431133685291,0.08715928321544893,0.1710987274487523,AlphaSparse 248af573c867cf4c7e05d40c611c7c34ebac4715,CUDA,13040,13000,2026-10-08T13:40:03.462135+00:00,source,csr-alg5,0,0,,,,5,20,4,true
3,full-20261009-H100-SXM5-80GB-spmm-fp32-alphasparse-csr-alg5-n2,AlphaSparse-SpMM-CSR-ALG5,AlphaSparse SpMM CSR ALG5 [AlphaSparse 248af573c867cf4c7e05d40c611c7c34ebac4715],csr-alg5,AlphaSparse-SpMM-CSR,candidate,,,csr,csr,ALPHASPARSE_SPMM_CSR_ALG5,workspace-setup,spmm.csr.fp32,fp32,H100-SXM5-80GB,H100-SXM5-80GB,,67000.0,43011b5b-eebc-56e1-9bb3-83faaf7aff5c,suitesparse_all,SNAP/p2p-Gnutella24,p2p-Gnutella24,26518,26518,65369,2,row-major,N,N,1.0,0.0,20260922,main,pass,pass,0,0,261476.0,0.009851,0.01024639979,0.02009739979,0.01073894979,25.51881688778025,13.01043929723209,24.348377179627356,0.038087786399672016,0.019418566115271776,0.036340861462130385,AlphaSparse 248af573c867cf4c7e05d40c611c7c34ebac4715,CUDA,13040,13000,2026-10-07T06:57:17.634989+00:00,source,csr-alg5,0,0,,,,5,20,4,true
3,full-20261009-H100-SXM5-80GB-spmm-fp32-alphasparse-csr-alg5-n2,AlphaSparse-SpMM-CSR-ALG5,AlphaSparse SpMM CSR ALG5 [AlphaSparse 248af573c867cf4c7e05d40c611c7c34ebac4715],csr-alg5,AlphaSparse-SpMM-CSR,candidate,,,csr,csr,ALPHASPARSE_SPMM_CSR_ALG5,workspace-setup,spmm.csr.fp32,fp32,H100-SXM5-80GB,H100-SXM5-80GB,,67000.0,43011b5b-eebc-56e1-9bb3-83faaf7aff5c,suitesparse_all,SNAP/sx-mathoverflow,sx-mathoverflow,24818,24818,239978,2,row-major,N,N,1.0,0.0,20260922,main,pass,pass,0,0,959912.0,0.01309,0.0116800002754,0.0247700002754,0.0123345002754,82.1842446375393,38.753007239702136,77.82333929769771,0.12266305169781984,0.05784030931298826,0.1161542377577578,AlphaSparse 248af573c867cf4c7e05d40c611c7c34ebac4715,CUDA,13040,13000,2026-10-07T06:58:23.676990+00:00,source,csr-alg5,0,0,,,,5,20,4,true
3,full-20261009-H100-SXM5-80GB-spmm-fp32-alphasparse-csr-alg5-n2,AlphaSparse-SpMM-CSR-ALG5,AlphaSparse SpMM CSR ALG5 [AlphaSparse 248af573c867cf4c7e05d40c611c7c34ebac4715],csr-alg5,AlphaSparse-SpMM-CSR,candidate,,,csr,csr,ALPHASPARSE_SPMM_CSR_ALG5,workspace-setup,spmm.csr.fp32,fp32,H100-SXM5-80GB,H100-SXM5-80GB,,67000.0,308bf16b-13aa-5a36-aa42-fdafa106bc58,suitesparse_all,SNAP/wiki-Talk,wiki-Talk,2394385,2394385,5021410,2,row-major,N,N,1.0,0.0,20260922,main,pass,pass,0,0,20085640.0,0.148011,0.434371185303,0.582382185303,0.441771735303,46.24072838991163,34.4887610007334,45.46610476612717,0.06901601252225617,0.05147576268766179,0.06785985785989129,AlphaSparse 248af573c867cf4c7e05d40c611c7c34ebac4715,CUDA,13040,13000,2026-10-08T13:36:19.145360+00:00,source,csr-alg5,0,0,,,,5,20,4,true
3,full-20261009-H100-SXM5-80GB-spmm-fp32-alphasparse-csr-alg5-n2,AlphaSparse-SpMM-CSR-ALG5,AlphaSparse SpMM CSR ALG5 [AlphaSparse 248af573c867cf4c7e05d40c611c7c34ebac4715],csr-alg5,AlphaSparse-SpMM-CSR,candidate,,,csr,csr,ALPHASPARSE_SPMM_CSR_ALG5,workspace-setup,spmm.csr.fp32,fp32,H100-SXM5-80GB,H100-SXM5-80GB,,67000.0,43011b5b-eebc-56e1-9bb3-83faaf7aff5c,suitesparse_all,Sandia/ASIC_320k,ASIC_320k,321821,321821,2635364,2,row-major,N,N,1.0,0.0,20260922,main,pass,pass,0,0,10541456.0,0.018329,0.0405375987291,0.0588665987291,0.0414540487291,260.0414511585955,179.07363815108545,254.29255581011768,0.38812156889342614,0.26727408679266484,0.3795411280748025,AlphaSparse 248af573c867cf4c7e05d40c611c7c34ebac4715,CUDA,13040,13000,2026-10-07T06:55:43.794819+00:00,source,csr-alg5,0,0,,,,5,20,4,true
3,full-20261009-H100-SXM5-80GB-spmm-fp32-alphasparse-csr-alg5-n2,AlphaSparse-SpMM-CSR-ALG5,AlphaSparse SpMM CSR ALG5 [AlphaSparse 248af573c867cf4c7e05d40c611c7c34ebac4715],csr-alg5,AlphaSparse-SpMM-CSR,candidate,,,csr,csr,ALPHASPARSE_SPMM_CSR_ALG5,workspace-setup,spmm.csr.fp32,fp32,H100-SXM5-80GB,H100-SXM5-80GB,,67000.0,43011b5b-eebc-56e1-9bb3-83faaf7aff5c,suitesparse_all,Sandia/adder_dcop_02,adder_dcop_02,1813,1813,11246,2,row-major,N,N,1.0,0.0,20260922,main,pass,pass,0,0,44984.0,0.009043,0.00956320017576,0.0186062001758,0.0100153501758,4.703864728673325,2.4176887045699993,4.491505460157992,0.00702069362488556,0.00360849060383582,0.006703739492773123,AlphaSparse 248af573c867cf4c7e05d40c611c7c34ebac4715,CUDA,13040,13000,2026-10-07T06:55:01.381855+00:00,source,csr-alg5,0,0,,,,5,20,4,true
3,full-20261009-H100-SXM5-80GB-spmm-fp32-alphasparse-csr-alg5-n2,AlphaSparse-SpMM-CSR-ALG5,AlphaSparse SpMM CSR ALG5 [AlphaSparse 248af573c867cf4c7e05d40c611c7c34ebac4715],csr-alg5,AlphaSparse-SpMM-CSR,candidate,,,csr,csr,ALPHASPARSE_SPMM_CSR_ALG5,workspace-setup,spmm.csr.fp32,fp32,H100-SXM5-80GB,H100-SXM5-80GB,,67000.0,308bf16b-13aa-5a36-aa42-fdafa106bc58,suitesparse_all,Sandia/adder_dcop_12,adder_dcop_12,1813,1813,11246,2,row-major,N,N,1.0,0.0,20260922,main,pass,pass,0,0,44984.0,0.010776,0.00915519967675,0.0199311996768,0.00969399967675,4.9134919595733875,2.256963992607106,4.640396276047874,0.007333570088915504,0.0033686029740404564,0.00692596459111623,AlphaSparse 248af573c867cf4c7e05d40c611c7c34ebac4715,CUDA,13040,13000,2026-10-08T13:34:18.722709+00:00,source,csr-alg5,0,0,,,,5,20,4,true
3,full-20261009-H100-SXM5-80GB-spmm-fp32-alphasparse-csr-alg5-n2,AlphaSparse-SpMM-CSR-ALG5,AlphaSparse SpMM CSR ALG5 [AlphaSparse 248af573c867cf4c7e05d40c611c7c34ebac4715],csr-alg5,AlphaSparse-SpMM-CSR,candidate,,,csr,csr,ALPHASPARSE_SPMM_CSR_ALG5,workspace-setup,spmm.csr.fp32,fp32,H100-SXM5-80GB,H100-SXM5-80GB,,67000.0,43011b5b-eebc-56e1-9bb3-83faaf7aff5c,suitesparse_all,Sandia/adder_dcop_18,adder_dcop_18,1813,1813,11246,2,row-major,N,N,1.0,0.0,20260922,main,pass,pass,0,0,44984.0,0.009984,0.00941440016031,0.0193984001603,0.00991360016031,4.778212019247625,2.318954121384839,4.537604833014906,0.007131659730220335,0.0034611255543057296,0.006772544526887919,AlphaSparse 248af573c867cf4c7e05d40c611c7c34ebac4715,CUDA,13040,13000,2026-10-07T06:55:01.964837+00:00,source,csr-alg5,0,0,,,,5,20,4,true
3,full-20261009-H100-SXM5-80GB-spmm-fp32-alphasparse-csr-alg5-n2,AlphaSparse-SpMM-CSR-ALG5,AlphaSparse SpMM CSR ALG5 [AlphaSparse 248af573c867cf4c7e05d40c611c7c34ebac4715],csr-alg5,AlphaSparse-SpMM-CSR,candidate,,,csr,csr,ALPHASPARSE_SPMM_CSR_ALG5,workspace-setup,spmm.csr.fp32,fp32,H100-SXM5-80GB,H100-SXM5-80GB,,67000.0,308bf16b-13aa-5a36-aa42-fdafa106bc58,suitesparse_all,Sandia/adder_dcop_28,adder_dcop_28,1813,1813,11246,2,row-major,N,N,1.0,0.0,20260922,main,pass,pass,0,0,44984.0,0.010894,0.00877119973302,0.019665199733,0.00931589973302,5.128602855850327,2.2874926576266983,4.828733808775894,0.007654631128134817,0.00341416814571149,0.007207065386232677,AlphaSparse 248af573c867cf4c7e05d40c611c7c34ebac4715,CUDA,13040,13000,2026-10-08T13:34:19.393500+00:00,source,csr-alg5,0,0,,,,5,20,4,true
3,full-20261009-H100-SXM5-80GB-spmm-fp32-alphasparse-csr-alg5-n2,AlphaSparse-SpMM-CSR-ALG5,AlphaSparse SpMM CSR ALG5 [AlphaSparse 248af573c867cf4c7e05d40c611c7c34ebac4715],csr-alg5,AlphaSparse-SpMM-CSR,candidate,,,csr,csr,ALPHASPARSE_SPMM_CSR_ALG5,workspace-setup,spmm.csr.fp32,fp32,H100-SXM5-80GB,H100-SXM5-80GB,,67000.0,43011b5b-eebc-56e1-9bb3-83faaf7aff5c,suitesparse_all,Sandia/adder_dcop_34,adder_dcop_34,1813,1813,11246,2,row-major,N,N,1.0,0.0,20260922,main,pass,pass,0,0,44984.0,0.009824,0.00977120026946,0.0195952002695,0.0102624002695,4.603733293707839,2.2956642127316127,4.383379990906522,0.006871243721951997,0.0034263644966143476,0.006542358195382869,AlphaSparse 248af573c867cf4c7e05d40c611c7c34ebac4715,CUDA,13040,13000,2026-10-07T06:55:02.559787+00:00,source,csr-alg5,0,0,,,,5,20,4,true
3,full-20261009-H100-SXM5-80GB-spmm-fp32-alphasparse-csr-alg5-n2,AlphaSparse-SpMM-CSR-ALG5,AlphaSparse SpMM CSR ALG5 [AlphaSparse 248af573c867cf4c7e05d40c611c7c34ebac4715],csr-alg5,AlphaSparse-SpMM-CSR,candidate,,,csr,csr,ALPHASPARSE_SPMM_CSR_ALG5,workspace-setup,spmm.csr.fp32,fp32,H100-SXM5-80GB,H100-SXM5-80GB,,67000.0,308bf16b-13aa-5a36-aa42-fdafa106bc58,suitesparse_all,Sandia/adder_dcop_44,adder_dcop_44,1813,1813,11245,2,row-major,N,N,1.0,0.0,20260922,main,pass,pass,0,0,44980.0,0.010804,0.00895679965615,0.0197607996562,0.00949699965615,5.021883008080394,2.276223674272585,4.736232665952786,0.007495347773254319,0.003397348767571023,0.007069003979034008,AlphaSparse 248af573c867cf4c7e05d40c611c7c34ebac4715,CUDA,13040,13000,2026-10-08T13:34:20.116914+00:00,source,csr-alg5,0,0,,,,5,20,4,true
3,full-20261009-H100-SXM5-80GB-spmm-fp32-alphasparse-csr-alg5-n2,AlphaSparse-SpMM-CSR-ALG5,AlphaSparse SpMM CSR ALG5 [AlphaSparse 248af573c867cf4c7e05d40c611c7c34ebac4715],csr-alg5,AlphaSparse-SpMM-CSR,candidate,,,csr,csr,ALPHASPARSE_SPMM_CSR_ALG5,workspace-setup,spmm.csr.fp32,fp32,H100-SXM5-80GB,H100-SXM5-80GB,,67000.0,43011b5b-eebc-56e1-9bb3-83faaf7aff5c,suitesparse_all,Sandia/adder_dcop_50,adder_dcop_50,1813,1813,11246,2,row-major,N,N,1.0,0.0,20260922,main,pass,pass,0,0,44984.0,0.009878,0.00956799983978,0.0194459998398,0.0100618998398,4.701505095450998,2.3132778139765047,4.470726275972764,0.007017171784255221,0.0034526534536962754,0.006672725785033975,AlphaSparse 248af573c867cf4c7e05d40c611c7c34ebac4715,CUDA,13040,13000,2026-10-07T06:55:03.219080+00:00,source,csr-alg5,0,0,,,,5,20,4,true
3,full-20261009-H100-SXM5-80GB-spmm-fp32-alphasparse-csr-alg5-n2,AlphaSparse-SpMM-CSR-ALG5,AlphaSparse SpMM CSR ALG5 [AlphaSparse 248af573c867cf4c7e05d40c611c7c34ebac4715],csr-alg5,AlphaSparse-SpMM-CSR,candidate,,,csr,csr,ALPHASPARSE_SPMM_CSR_ALG5,workspace-setup,spmm.csr.fp32,fp32,H100-SXM5-80GB,H100-SXM5-80GB,,67000.0,308bf16b-13aa-5a36-aa42-fdafa106bc58,suitesparse_all,Sandia/adder_dcop_60,adder_dcop_60,1813,1813,11246,2,row-major,N,N,1.0,0.0,20260922,main,pass,pass,0,0,44984.0,0.009802,0.00914879962802,0.018950799628,0.00963889962802,4.916929196069356,2.3737256940617786,4.66692275425639,0.007338700292640829,0.003542874170241461,0.006965556349636403,AlphaSparse 248af573c867cf4c7e05d40c611c7c34ebac4715,CUDA,13040,13000,2026-10-08T13:34:20.876490+00:00,source,csr-alg5,0,0,,,,5,20,4,true
3,full-20261009-H100-SXM5-80GB-spmm-fp32-alphasparse-csr-alg5-n2,AlphaSparse-SpMM-CSR-ALG5,AlphaSparse SpMM CSR ALG5 [AlphaSparse 248af573c867cf4c7e05d40c611c7c34ebac4715],csr-alg5,AlphaSparse-SpMM-CSR,candidate,,,csr,csr,ALPHASPARSE_SPMM_CSR_ALG5,workspace-setup,spmm.csr.fp32,fp32,H100-SXM5-80GB,H100-SXM5-80GB,,67000.0,43011b5b-eebc-56e1-9bb3-83faaf7aff5c,suitesparse_all,Sandia/adder_dcop_66,adder_dcop_66,1813,1813,11246,2,row-major,N,N,1.0,0.0,20260922,main,pass,pass,0,0,44984.0,0.009268,0.0097392000258,0.0190072000258,0.0102026000258,4.6188598530509095,2.366682096202471,4.409072186133528,0.006893820676195387,0.0035323613376156285,0.006580704755423177,AlphaSparse 248af573c867cf4c7e05d40c611c7c34ebac4715,CUDA,13040,13000,2026-10-07T06:55:03.808838+00:00,source,csr-alg5,0,0,,,,5,20,4,true
3,full-20261009-H100-SXM5-80GB-spmm-fp32-alphasparse-csr-alg5-n2,AlphaSparse-SpMM-CSR-ALG5,AlphaSparse SpMM CSR ALG5 [AlphaSparse 248af573c867cf4c7e05d40c611c7c34ebac4715],csr-alg5,AlphaSparse-SpMM-CSR,candidate,,,csr,csr,ALPHASPARSE_SPMM_CSR_ALG5,workspace-setup,spmm.csr.fp32,fp32,H100-SXM5-80GB,H100-SXM5-80GB,,67000.0,308bf16b-13aa-5a36-aa42-fdafa106bc58,suitesparse_all,Sandia/fpga_dcop_05,fpga_dcop_05,1220,1220,5852,2,row-major,N,N,1.0,0.0,20260922,main,pass,pass,0,0,23408.0,0.010846,0.00872159972787,0.0195675997279,0.00926389972787,2.6839112926954667,1.1962632272482687,2.5267976432838704,0.004005837750291742,0.001785467503355625,0.003771339766095329,AlphaSparse 248af573c867cf4c7e05d40c611c7c34ebac4715,CUDA,13040,13000,2026-10-08T13:34:21.547067+00:00,source,csr-alg5,0,0,,,,5,20,4,true
3,full-20261009-H100-SXM5-80GB-spmm-fp32-alphasparse-csr-alg5-n2,AlphaSparse-SpMM-CSR-ALG5,AlphaSparse SpMM CSR ALG5 [AlphaSparse 248af573c867cf4c7e05d40c611c7c34ebac4715],csr-alg5,AlphaSparse-SpMM-CSR,candidate,,,csr,csr,ALPHASPARSE_SPMM_CSR_ALG5,workspace-setup,spmm.csr.fp32,fp32,H100-SXM5-80GB,H100-SXM5-80GB,,67000.0,43011b5b-eebc-56e1-9bb3-83faaf7aff5c,suitesparse_all,Sandia/fpga_dcop_11,fpga_dcop_11,1220,1220,5892,2,row-major,N,N,1.0,0.0,20260922,main,pass,pass,0,0,23568.0,0.009355,0.00981279984117,0.0191677998412,0.0102805498412,2.4017610041447597,1.229562088255014,2.2924843869293494,0.0035847179166339695,0.0018351672959030058,0.003421618487954253,AlphaSparse 248af573c867cf4c7e05d40c611c7c34ebac4715,CUDA,13040,13000,2026-10-07T06:55:04.368629+00:00,source,csr-alg5,0,0,,,,5,20,4,true
3,full-20261009-H100-SXM5-80GB-spmm-fp32-alphasparse-csr-alg5-n2,AlphaSparse-SpMM-CSR-ALG5,AlphaSparse SpMM CSR ALG5 [AlphaSparse 248af573c867cf4c7e05d40c611c7c34ebac4715],csr-alg5,AlphaSparse-SpMM-CSR,candidate,,,csr,csr,ALPHASPARSE_SPMM_CSR_ALG5,workspace-setup,spmm.csr.fp32,fp32,H100-SXM5-80GB,H100-SXM5-80GB,,67000.0,308bf16b-13aa-5a36-aa42-fdafa106bc58,suitesparse_all,Sandia/fpga_dcop_21,fpga_dcop_21,1220,1220,5892,2,row-major,N,N,1.0,0.0,20260922,main,pass,pass,0,0,23568.0,0.010344,0.00912320017815,0.0194672001781,0.00964040017815,2.583304053378681,1.210651751889482,2.444711792505974,0.003855677691609972,0.0018069429132678834,0.003648823570904439,AlphaSparse 248af573c867cf4c7e05d40c611c7c34ebac4715,CUDA,13040,13000,2026-10-08T13:34:22.257715+00:00,source,csr-alg5,0,0,,,,5,20,4,true
3,full-20261009-H100-SXM5-80GB-spmm-fp32-alphasparse-csr-alg5-n2,AlphaSparse-SpMM-CSR-ALG5,AlphaSparse SpMM CSR ALG5 [AlphaSparse 248af573c867cf4c7e05d40c611c7c34ebac4715],csr-alg5,AlphaSparse-SpMM-CSR,candidate,,,csr,csr,ALPHASPARSE_SPMM_CSR_ALG5,workspace-setup,spmm.csr.fp32,fp32,H100-SXM5-80GB,H100-SXM5-80GB,,67000.0,43011b5b-eebc-56e1-9bb3-83faaf7aff5c,suitesparse_all,Sandia/fpga_dcop_27,fpga_dcop_27,1220,1220,5892,2,row-major,N,N,1.0,0.0,20260922,main,pass,pass,0,0,23568.0,0.008931,0.0102752000093,0.0192062000093,0.0107217500093,2.293677979861102,1.2271037471539363,2.1981486212192243,0.0034233999699419424,0.001831498130080502,0.0032808188376406335,AlphaSparse 248af573c867cf4c7e05d40c611c7c34ebac4715,CUDA,13040,13000,2026-10-07T06:55:04.904055+00:00,source,csr-alg5,0,0,,,,5,20,4,true
3,full-20261009-H100-SXM5-80GB-spmm-fp32-alphasparse-csr-alg5-n2,AlphaSparse-SpMM-CSR-ALG5,AlphaSparse SpMM CSR ALG5 [AlphaSparse 248af573c867cf4c7e05d40c611c7c34ebac4715],csr-alg5,AlphaSparse-SpMM-CSR,candidate,,,csr,csr,ALPHASPARSE_SPMM_CSR_ALG5,workspace-setup,spmm.csr.fp32,fp32,H100-SXM5-80GB,H100-SXM5-80GB,,67000.0,308bf16b-13aa-5a36-aa42-fdafa106bc58,suitesparse_all,Sandia/fpga_dcop_37,fpga_dcop_37,1220,1220,5892,2,row-major,N,N,1.0,0.0,20260922,main,pass,pass,0,0,23568.0,0.013132,0.00884480029345,0.0219768002934,0.00950140029345,2.6646164094234255,1.0724036113245232,2.4804764847395306,0.0039770394170498885,0.001600602404961975,0.0037022037085664636,AlphaSparse 248af573c867cf4c7e05d40c611c7c34ebac4715,CUDA,13040,13000,2026-10-08T13:34:22.937461+00:00,source,csr-alg5,0,0,,,,5,20,4,true
3,full-20261009-H100-SXM5-80GB-spmm-fp32-alphasparse-csr-alg5-n2,AlphaSparse-SpMM-CSR-ALG5,AlphaSparse SpMM CSR ALG5 [AlphaSparse 248af573c867cf4c7e05d40c611c7c34ebac4715],csr-alg5,AlphaSparse-SpMM-CSR,candidate,,,csr,csr,ALPHASPARSE_SPMM_CSR_ALG5,workspace-setup,spmm.csr.fp32,fp32,H100-SXM5-80GB,H100-SXM5-80GB,,67000.0,43011b5b-eebc-56e1-9bb3-83faaf7aff5c,suitesparse_all,Sandia/fpga_dcop_43,fpga_dcop_43,1220,1220,5892,2,row-major,N,N,1.0,0.0,20260922,main,pass,pass,0,0,23568.0,0.009715,0.00949760004878,0.0192126000488,0.00998335004878,2.481468989950508,1.2266949783026393,2.360730604941584,0.0037036850596276235,0.0018308880273173722,0.003523478514838185,AlphaSparse 248af573c867cf4c7e05d40c611c7c34ebac4715,CUDA,13040,13000,2026-10-07T06:55:05.565964+00:00,source,csr-alg5,0,0,,,,5,20,4,true
3,full-20261009-H100-SXM5-80GB-spmm-fp32-alphasparse-csr-alg5-n2,AlphaSparse-SpMM-CSR-ALG5,AlphaSparse SpMM CSR ALG5 [AlphaSparse 248af573c867cf4c7e05d40c611c7c34ebac4715],csr-alg5,AlphaSparse-SpMM-CSR,candidate,,,csr,csr,ALPHASPARSE_SPMM_CSR_ALG5,workspace-setup,spmm.csr.fp32,fp32,H100-SXM5-80GB,H100-SXM5-80GB,,67000.0,308bf16b-13aa-5a36-aa42-fdafa106bc58,suitesparse_all,Sandia/fpga_trans_02,fpga_trans_02,1220,1220,7382,2,row-major,N,N,1.0,0.0,20260922,main,pass,pass,0,0,29528.0,0.010377,0.0084207996726,0.0187977996726,0.0089396496726,3.506555332990478,1.570822144840735,3.3030377119254726,0.005233664676105191,0.0023445106639413955,0.004929907032724586,AlphaSparse 248af573c867cf4c7e05d40c611c7c34ebac4715,CUDA,13040,13000,2026-10-08T13:34:23.607411+00:00,source,csr-alg5,0,0,,,,5,20,4,true
3,full-20261009-H100-SXM5-80GB-spmm-fp32-alphasparse-csr-alg5-n2,AlphaSparse-SpMM-CSR-ALG5,AlphaSparse SpMM CSR ALG5 [AlphaSparse 248af573c867cf4c7e05d40c611c7c34ebac4715],csr-alg5,AlphaSparse-SpMM-CSR,candidate,,,csr,csr,ALPHASPARSE_SPMM_CSR_ALG5,workspace-setup,spmm.csr.fp32,fp32,H100-SXM5-80GB,H100-SXM5-80GB,,67000.0,43011b5b-eebc-56e1-9bb3-83faaf7aff5c,suitesparse_all,Sandia/oscil_dcop_02,oscil_dcop_02,430,430,1544,2,row-major,N,N,1.0,0.0,20260922,main,pass,pass,0,0,6176.0,0.010438,0.00953600034118,0.0199740003412,0.0100579003412,0.6476509835396851,0.3092019572694649,0.6140446604647055,0.0009666432590144553,0.0004614954586111417,0.0009164845678577694,AlphaSparse 248af573c867cf4c7e05d40c611c7c34ebac4715,CUDA,13040,13000,2026-10-07T06:55:06.168071+00:00,source,csr-alg5,0,0,,,,5,20,4,true
3,full-20261009-H100-SXM5-80GB-spmm-fp32-alphasparse-csr-alg5-n2,AlphaSparse-SpMM-CSR-ALG5,AlphaSparse SpMM CSR ALG5 [AlphaSparse 248af573c867cf4c7e05d40c611c7c34ebac4715],csr-alg5,AlphaSparse-SpMM-CSR,candidate,,,csr,csr,ALPHASPARSE_SPMM_CSR_ALG5,workspace-setup,spmm.csr.fp32,fp32,H100-SXM5-80GB,H100-SXM5-80GB,,67000.0,308bf16b-13aa-5a36-aa42-fdafa106bc58,suitesparse_all,Sandia/oscil_dcop_12,oscil_dcop_12,430,430,1544,2,row-major,N,N,1.0,0.0,20260922,main,pass,pass,0,0,6176.0,0.010123,0.0090351998806,0.0191581998806,0.0095413498806,0.6835487959996156,0.3223684917419589,0.6472878656884162,0.0010202220835815157,0.0004811470025999387,0.0009661012920722631,AlphaSparse 248af573c867cf4c7e05d40c611c7c34ebac4715,CUDA,13040,13000,2026-10-08T13:34:24.057187+00:00,source,csr-alg5,0,0,,,,5,20,4,true
3,full-20261009-H100-SXM5-80GB-spmm-fp32-alphasparse-csr-alg5-n2,AlphaSparse-SpMM-CSR-ALG5,AlphaSparse SpMM CSR ALG5 [AlphaSparse 248af573c867cf4c7e05d40c611c7c34ebac4715],csr-alg5,AlphaSparse-SpMM-CSR,candidate,,,csr,csr,ALPHASPARSE_SPMM_CSR_ALG5,workspace-setup,spmm.csr.fp32,fp32,H100-SXM5-80GB,H100-SXM5-80GB,,67000.0,43011b5b-eebc-56e1-9bb3-83faaf7aff5c,suitesparse_all,Sandia/oscil_dcop_18,oscil_dcop_18,430,430,1544,2,row-major,N,N,1.0,0.0,20260922,main,pass,pass,0,0,6176.0,0.009846,0.00864320024848,0.0184892002485,0.00913550024848,0.7145501460626363,0.33403283630405,0.6760439857716152,0.0010664927553173675,0.000498556472095597,0.0010090208742859928,AlphaSparse 248af573c867cf4c7e05d40c611c7c34ebac4715,CUDA,13040,13000,2026-10-07T06:55:06.797773+00:00,source,csr-alg5,0,0,,,,5,20,4,true
3,full-20261009-H100-SXM5-80GB-spmm-fp32-alphasparse-csr-alg5-n2,AlphaSparse-SpMM-CSR-ALG5,AlphaSparse SpMM CSR ALG5 [AlphaSparse 248af573c867cf4c7e05d40c611c7c34ebac4715],csr-alg5,AlphaSparse-SpMM-CSR,candidate,,,csr,csr,ALPHASPARSE_SPMM_CSR_ALG5,workspace-setup,spmm.csr.fp32,fp32,H100-SXM5-80GB,H100-SXM5-80GB,,67000.0,308bf16b-13aa-5a36-aa42-fdafa106bc58,suitesparse_all,Sandia/oscil_dcop_28,oscil_dcop_28,430,430,1544,2,row-major,N,N,1.0,0.0,20260922,main,pass,pass,0,0,6176.0,0.009651,0.00906879976392,0.0187197997639,0.00955134976392,0.681016249203237,0.32991805884110154,0.6466101810374167,0.0010164421629899059,0.000492415013195674,0.0009650898224439055,AlphaSparse 248af573c867cf4c7e05d40c611c7c34ebac4715,CUDA,13040,13000,2026-10-08T13:34:24.520451+00:00,source,csr-alg5,0,0,,,,5,20,4,true
3,full-20261009-H100-SXM5-80GB-spmm-fp32-alphasparse-csr-alg5-n2,AlphaSparse-SpMM-CSR-ALG5,AlphaSparse SpMM CSR ALG5 [AlphaSparse 248af573c867cf4c7e05d40c611c7c34ebac4715],csr-alg5,AlphaSparse-SpMM-CSR,candidate,,,csr,csr,ALPHASPARSE_SPMM_CSR_ALG5,workspace-setup,spmm.csr.fp32,fp32,H100-SXM5-80GB,H100-SXM5-80GB,,67000.0,43011b5b-eebc-56e1-9bb3-83faaf7aff5c,suitesparse_all,Sandia/oscil_dcop_34,oscil_dcop_34,430,430,1544,2,row-major,N,N,1.0,0.0,20260922,main,pass,pass,0,0,6176.0,0.01082,0.00870399996638,0.0195239999664,0.00924499996638,0.7095588262701479,0.3163286217285721,0.6680367790653754,0.0010590430242838028,0.0004721322712366748,0.0009970698195005602,AlphaSparse 248af573c867cf4c7e05d40c611c7c34ebac4715,CUDA,13040,13000,2026-10-07T06:55:07.411879+00:00,source,csr-alg5,0,0,,,,5,20,4,true
3,full-20261009-H100-SXM5-80GB-spmm-fp32-alphasparse-csr-alg5-n2,AlphaSparse-SpMM-CSR-ALG5,AlphaSparse SpMM CSR ALG5 [AlphaSparse 248af573c867cf4c7e05d40c611c7c34ebac4715],csr-alg5,AlphaSparse-SpMM-CSR,candidate,,,csr,csr,ALPHASPARSE_SPMM_CSR_ALG5,workspace-setup,spmm.csr.fp32,fp32,H100-SXM5-80GB,H100-SXM5-80GB,,67000.0,308bf16b-13aa-5a36-aa42-fdafa106bc58,suitesparse_all,Sandia/oscil_dcop_44,oscil_dcop_44,430,430,1544,2,row-major,N,N,1.0,0.0,20260922,main,pass,pass,0,0,6176.0,0.010148,0.00857599973679,0.0187239997368,0.00908339973679,0.7201492758337793,0.32984405505313796,0.6799216349563131,0.0010748496654235512,0.0004923045597808029,0.0010148084103825568,AlphaSparse 248af573c867cf4c7e05d40c611c7c34ebac4715,CUDA,13040,13000,2026-10-08T13:34:25.009854+00:00,source,csr-alg5,0,0,,,,5,20,4,true
3,full-20261009-H100-SXM5-80GB-spmm-fp32-alphasparse-csr-alg5-n2,AlphaSparse-SpMM-CSR-ALG5,AlphaSparse SpMM CSR ALG5 [AlphaSparse 248af573c867cf4c7e05d40c611c7c34ebac4715],csr-alg5,AlphaSparse-SpMM-CSR,candidate,,,csr,csr,ALPHASPARSE_SPMM_CSR_ALG5,workspace-setup,spmm.csr.fp32,fp32,H100-SXM5-80GB,H100-SXM5-80GB,,67000.0,43011b5b-eebc-56e1-9bb3-83faaf7aff5c,suitesparse_all,Sandia/oscil_dcop_50,oscil_dcop_50,430,430,1544,2,row-major,N,N,1.0,0.0,20260922,main,pass,pass,0,0,6176.0,0.010523,0.00927359983325,0.0197965998333,0.00979974983325,0.6659765475167776,0.3119727656267167,0.63022016940118,0.0009939948470399666,0.00046563099347271157,0.0009406271185092238,AlphaSparse 248af573c867cf4c7e05d40c611c7c34ebac4715,CUDA,13040,13000,2026-10-07T06:55:08.038944+00:00,source,csr-alg5,0,0,,,,5,20,4,true
3,full-20261009-H100-SXM5-80GB-spmm-fp32-alphasparse-csr-alg5-n2,AlphaSparse-SpMM-CSR-ALG5,AlphaSparse SpMM CSR ALG5 [AlphaSparse 248af573c867cf4c7e05d40c611c7c34ebac4715],csr-alg5,AlphaSparse-SpMM-CSR,candidate,,,csr,csr,ALPHASPARSE_SPMM_CSR_ALG5,workspace-setup,spmm.csr.fp32,fp32,H100-SXM5-80GB,H100-SXM5-80GB,,67000.0,308bf16b-13aa-5a36-aa42-fdafa106bc58,suitesparse_all,Schenk_AFE/af_shell8,af_shell8,504855,504855,17588875,2,row-major,N,N,1.0,0.0,20260922,main,pass,pass,0,0,70355500.0,0.151366,0.204030394554,0.355396394554,0.211598694554,344.82852495479176,197.96346017604287,332.49496244904896,0.5146694402310326,0.2954678510090192,0.4962611379836552,AlphaSparse 248af573c867cf4c7e05d40c611c7c34ebac4715,CUDA,13040,13000,2026-10-08T13:34:12.520632+00:00,source,csr-alg5,0,0,,,,5,20,4,true
3,full-20261009-H100-SXM5-80GB-spmm-fp32-alphasparse-csr-alg5-n2,AlphaSparse-SpMM-CSR-ALG5,AlphaSparse SpMM CSR ALG5 [AlphaSparse 248af573c867cf4c7e05d40c611c7c34ebac4715],csr-alg5,AlphaSparse-SpMM-CSR,candidate,,,csr,csr,ALPHASPARSE_SPMM_CSR_ALG5,workspace-setup,spmm.csr.fp32,fp32,H100-SXM5-80GB,H100-SXM5-80GB,,67000.0,308bf16b-13aa-5a36-aa42-fdafa106bc58,suitesparse_all,Schenk_IBMNA/c-20,c-20,2921,2921,22685,2,row-major,N,N,1.0,0.0,20260922,main,pass,pass,0,0,90740.0,0.010162,0.00934080034494,0.0195028003449,0.00984890034494,9.714371001319465,4.652665176041172,9.213211305018318,0.014499061195999202,0.006944276382151002,0.013751061649281072,AlphaSparse 248af573c867cf4c7e05d40c611c7c34ebac4715,CUDA,13040,13000,2026-10-08T13:35:22.857573+00:00,source,csr-alg5,0,0,,,,5,20,4,true
3,full-20261009-H100-SXM5-80GB-spmm-fp32-alphasparse-csr-alg5-n2,AlphaSparse-SpMM-CSR-ALG5,AlphaSparse SpMM CSR ALG5 [AlphaSparse 248af573c867cf4c7e05d40c611c7c34ebac4715],csr-alg5,AlphaSparse-SpMM-CSR,candidate,,,csr,csr,ALPHASPARSE_SPMM_CSR_ALG5,workspace-setup,spmm.csr.fp32,fp32,H100-SXM5-80GB,H100-SXM5-80GB,,67000.0,43011b5b-eebc-56e1-9bb3-83faaf7aff5c,suitesparse_all,Schenk_IBMNA/c-26,c-26,4307,4307,34537,2,row-major,N,N,1.0,0.0,20260922,main,pass,pass,0,0,138148.0,0.010435,0.00981760025024,0.0202526002502,0.0103393502502,14.071463135466617,6.821247558008546,13.361381194850974,0.02100218378427853,0.010180966504490368,0.019942359992314886,AlphaSparse 248af573c867cf4c7e05d40c611c7c34ebac4715,CUDA,13040,13000,2026-10-07T06:55:49.420169+00:00,source,csr-alg5,0,0,,,,5,20,4,true
3,full-20261009-H100-SXM5-80GB-spmm-fp32-alphasparse-csr-alg5-n2,AlphaSparse-SpMM-CSR-ALG5,AlphaSparse SpMM CSR ALG5 [AlphaSparse 248af573c867cf4c7e05d40c611c7c34ebac4715],csr-alg5,AlphaSparse-SpMM-CSR,candidate,,,csr,csr,ALPHASPARSE_SPMM_CSR_ALG5,workspace-setup,spmm.csr.fp32,fp32,H100-SXM5-80GB,H100-SXM5-80GB,,67000.0,308bf16b-13aa-5a36-aa42-fdafa106bc58,suitesparse_all,Schenk_IBMNA/c-36,c-36,7479,7479,65941,2,row-major,N,N,1.0,0.0,20260922,main,pass,pass,0,0,263764.0,0.010181,0.00970560014248,0.0198866001425,0.0102146501425,27.176475037905522,13.263403402792083,25.822127661774687,0.040561903041650034,0.01979612448177923,0.03854048904742491,AlphaSparse 248af573c867cf4c7e05d40c611c7c34ebac4715,CUDA,13040,13000,2026-10-08T13:35:23.381921+00:00,source,csr-alg5,0,0,,,,5,20,4,true
3,full-20261009-H100-SXM5-80GB-spmm-fp32-alphasparse-csr-alg5-n2,AlphaSparse-SpMM-CSR-ALG5,AlphaSparse SpMM CSR ALG5 [AlphaSparse 248af573c867cf4c7e05d40c611c7c34ebac4715],csr-alg5,AlphaSparse-SpMM-CSR,candidate,,,csr,csr,ALPHASPARSE_SPMM_CSR_ALG5,workspace-setup,spmm.csr.fp32,fp32,H100-SXM5-80GB,H100-SXM5-80GB,,67000.0,43011b5b-eebc-56e1-9bb3-83faaf7aff5c,suitesparse_all,Schenk_IBMNA/c-42,c-42,10471,10471,110285,2,row-major,N,N,1.0,0.0,20260922,main,pass,pass,0,0,441140.0,0.009666,0.010267200321,0.019933200321,0.010750500321,42.965948477474925,22.13091690726906,41.03436926914724,0.06412828130966407,0.03303121926458069,0.061245327267383944,AlphaSparse 248af573c867cf4c7e05d40c611c7c34ebac4715,CUDA,13040,13000,2026-10-07T06:55:50.116714+00:00,source,csr-alg5,0,0,,,,5,20,4,true
3,full-20261009-H100-SXM5-80GB-spmm-fp32-alphasparse-csr-alg5-n2,AlphaSparse-SpMM-CSR-ALG5,AlphaSparse SpMM CSR ALG5 [AlphaSparse 248af573c867cf4c7e05d40c611c7c34ebac4715],csr-alg5,AlphaSparse-SpMM-CSR,candidate,,,csr,csr,ALPHASPARSE_SPMM_CSR_ALG5,workspace-setup,spmm.csr.fp32,fp32,H100-SXM5-80GB,H100-SXM5-80GB,,67000.0,308bf16b-13aa-5a36-aa42-fdafa106bc58,suitesparse_all,Schenk_IBMNA/c-52,c-52,23948,23948,202716,2,row-major,N,N,1.0,0.0,20260922,main,pass,pass,0,0,810864.0,0.011891,0.0102191999555,0.0221101999555,0.0108137499555,79.3471116653893,36.67375245958797,74.98453388850416,0.11842852487371539,0.05473694396953429,0.11191721475896142,AlphaSparse 248af573c867cf4c7e05d40c611c7c34ebac4715,CUDA,13040,13000,2026-10-08T13:35:23.935463+00:00,source,csr-alg5,0,0,,,,5,20,4,true
3,full-20261009-H100-SXM5-80GB-spmm-fp32-alphasparse-csr-alg5-n2,AlphaSparse-SpMM-CSR-ALG5,AlphaSparse SpMM CSR ALG5 [AlphaSparse 248af573c867cf4c7e05d40c611c7c34ebac4715],csr-alg5,AlphaSparse-SpMM-CSR,candidate,,,csr,csr,ALPHASPARSE_SPMM_CSR_ALG5,workspace-setup,spmm.csr.fp32,fp32,H100-SXM5-80GB,H100-SXM5-80GB,,67000.0,43011b5b-eebc-56e1-9bb3-83faaf7aff5c,suitesparse_all,Schenk_IBMNA/c-61,c-61,43618,43618,310016,2,row-major,N,N,1.0,0.0,20260922,main,pass,pass,0,0,1240064.0,0.013426,0.0128496006131,0.0262756006131,0.0135209006131,96.50603449384806,47.19450635057042,91.71460063825472,0.1440388574535046,0.07043956171726928,0.13688746363918614,AlphaSparse 248af573c867cf4c7e05d40c611c7c34ebac4715,CUDA,13040,13000,2026-10-07T06:55:50.878331+00:00,source,csr-alg5,0,0,,,,5,20,4,true
3,full-20261009-H100-SXM5-80GB-spmm-fp32-alphasparse-csr-alg5-n2,AlphaSparse-SpMM-CSR-ALG5,AlphaSparse SpMM CSR ALG5 [AlphaSparse 248af573c867cf4c7e05d40c611c7c34ebac4715],csr-alg5,AlphaSparse-SpMM-CSR,candidate,,,csr,csr,ALPHASPARSE_SPMM_CSR_ALG5,workspace-setup,spmm.csr.fp32,fp32,H100-SXM5-80GB,H100-SXM5-80GB,,67000.0,308bf16b-13aa-5a36-aa42-fdafa106bc58,suitesparse_all,Schenk_IBMNA/c-64b,c-64b,51035,51035,717841,2,row-major,N,N,1.0,0.0,20260922,main,pass,pass,0,0,2871364.0,0.014677,0.0160367995501,0.0307137995501,0.0167706495501,179.0484436143055,93.48774954776479,171.21364270490517,0.2672364830064261,0.1395339545489027,0.2555427503058286,AlphaSparse 248af573c867cf4c7e05d40c611c7c34ebac4715,CUDA,13040,13000,2026-10-08T13:35:24.867753+00:00,source,csr-alg5,0,0,,,,5,20,4,true
3,full-20261009-H100-SXM5-80GB-spmm-fp32-alphasparse-csr-alg5-n2,AlphaSparse-SpMM-CSR-ALG5,AlphaSparse SpMM CSR ALG5 [AlphaSparse 248af573c867cf4c7e05d40c611c7c34ebac4715],csr-alg5,AlphaSparse-SpMM-CSR,candidate,,,csr,csr,ALPHASPARSE_SPMM_CSR_ALG5,workspace-setup,spmm.csr.fp32,fp32,H100-SXM5-80GB,H100-SXM5-80GB,,67000.0,43011b5b-eebc-56e1-9bb3-83faaf7aff5c,suitesparse_all,Schenk_IBMNA/c-73,c-73,169422,169422,1279274,2,row-major,N,N,1.0,0.0,20260922,main,pass,pass,0,0,5117096.0,0.019196,0.0238000005484,0.0429960005484,0.0247598005484,215.00402865931895,119.01330204514618,206.66951617793507,0.32090153531241633,0.1776317940972331,0.3084619644446792,AlphaSparse 248af573c867cf4c7e05d40c611c7c34ebac4715,CUDA,13040,13000,2026-10-07T06:54:59.924331+00:00,source,csr-alg5,0,0,,,,5,20,4,true
3,full-20261009-H100-SXM5-80GB-spmm-fp32-alphasparse-csr-alg5-n2,AlphaSparse-SpMM-CSR-ALG5,AlphaSparse SpMM CSR ALG5 [AlphaSparse 248af573c867cf4c7e05d40c611c7c34ebac4715],csr-alg5,AlphaSparse-SpMM-CSR,candidate,,,csr,csr,ALPHASPARSE_SPMM_CSR_ALG5,workspace-setup,spmm.csr.fp32,fp32,H100-SXM5-80GB,H100-SXM5-80GB,,67000.0,308bf16b-13aa-5a36-aa42-fdafa106bc58,suitesparse_all,Schenk_ISEI/barrier2-12,barrier2-12,115625,115625,3897557,2,row-major,N,N,1.0,0.0,20260922,main,pass,pass,0,0,15590228.0,0.017864,0.044284799695,0.062148799695,0.045177999695,352.0446768953146,250.853243771565,345.08451248950325,0.5254398162616636,0.3744078265247239,0.515051511178363,AlphaSparse 248af573c867cf4c7e05d40c611c7c34ebac4715,CUDA,13040,13000,2026-10-08T13:34:16.135442+00:00,source,csr-alg5,0,0,,,,5,20,4,true
3,full-20261009-H100-SXM5-80GB-spmm-fp32-alphasparse-csr-alg5-n2,AlphaSparse-SpMM-CSR-ALG5,AlphaSparse SpMM CSR ALG5 [AlphaSparse 248af573c867cf4c7e05d40c611c7c34ebac4715],csr-alg5,AlphaSparse-SpMM-CSR,candidate,,,csr,csr,ALPHASPARSE_SPMM_CSR_ALG5,workspace-setup,spmm.csr.fp32,fp32,H100-SXM5-80GB,H100-SXM5-80GB,,67000.0,43011b5b-eebc-56e1-9bb3-83faaf7aff5c,suitesparse_all,Schenk_ISEI/igbt3,igbt3,10938,10938,234006,2,row-major,N,N,1.0,0.0,20260922,main,pass,pass,0,0,936024.0,0.01195,0.00992960035801,0.021879600358,0.010527100358,94.26602947266947,42.78067170718475,88.91565275984804,0.1406955663771186,0.06385174881669366,0.13270992949231053,AlphaSparse 248af573c867cf4c7e05d40c611c7c34ebac4715,CUDA,13040,13000,2026-10-07T06:55:00.745404+00:00,source,csr-alg5,0,0,,,,5,20,4,true
3,full-20261009-H100-SXM5-80GB-spmm-fp32-alphasparse-csr-alg5-n2,AlphaSparse-SpMM-CSR-ALG5,AlphaSparse SpMM CSR ALG5 [AlphaSparse 248af573c867cf4c7e05d40c611c7c34ebac4715],csr-alg5,AlphaSparse-SpMM-CSR,candidate,,,csr,csr,ALPHASPARSE_SPMM_CSR_ALG5,workspace-setup,spmm.csr.fp32,fp32,H100-SXM5-80GB,H100-SXM5-80GB,,67000.0,43011b5b-eebc-56e1-9bb3-83faaf7aff5c,suitesparse_all,Schulthess/N_pid,N_pid,3625,3923,8054,2,row-major,N,N,1.0,0.0,20260922,main,pass,pass,0,0,32216.0,0.009683,0.00988159999251,0.0195645999925,0.0103657499925,3.2602007796732213,1.6466475170639756,3.1079275521124337,0.004865971312945107,0.002457682861289516,0.004638697838973782,AlphaSparse 248af573c867cf4c7e05d40c611c7c34ebac4715,CUDA,13040,13000,2026-10-07T06:57:50.621113+00:00,source,csr-alg5,0,0,,,,5,20,4,true
3,full-20261009-H100-SXM5-80GB-spmm-fp32-alphasparse-csr-alg5-n2,AlphaSparse-SpMM-CSR-ALG5,AlphaSparse SpMM CSR ALG5 [AlphaSparse 248af573c867cf4c7e05d40c611c7c34ebac4715],csr-alg5,AlphaSparse-SpMM-CSR,candidate,,,csr,csr,ALPHASPARSE_SPMM_CSR_ALG5,workspace-setup,spmm.csr.fp32,fp32,H100-SXM5-80GB,H100-SXM5-80GB,,67000.0,308bf16b-13aa-5a36-aa42-fdafa106bc58,suitesparse_all,Shen/e40r0100,e40r0100,17281,17281,553562,2,row-major,N,N,1.0,0.0,20260922,main,pass,pass,0,0,2214248.0,0.014305,0.013836799562,0.028141799562,0.014552049562,160.02602264189682,78.68181972946425,152.16055927833708,0.23884480991327883,0.11743555183502127,0.22710531235572698,AlphaSparse 248af573c867cf4c7e05d40c611c7c34ebac4715,CUDA,13040,13000,2026-10-08T13:33:35.380972+00:00,source,csr-alg5,0,0,,,,5,20,4,true
3,full-20261009-H100-SXM5-80GB-spmm-fp32-alphasparse-csr-alg5-n2,AlphaSparse-SpMM-CSR-ALG5,AlphaSparse SpMM CSR ALG5 [AlphaSparse 248af573c867cf4c7e05d40c611c7c34ebac4715],csr-alg5,AlphaSparse-SpMM-CSR,candidate,,,csr,csr,ALPHASPARSE_SPMM_CSR_ALG5,workspace-setup,spmm.csr.fp32,fp32,H100-SXM5-80GB,H100-SXM5-80GB,,67000.0,43011b5b-eebc-56e1-9bb3-83faaf7aff5c,suitesparse_all,Shyy/shyy161,shyy161,76480,76480,329762,2,row-major,N,N,1.0,0.0,20260922,main,pass,pass,0,0,1319048.0,0.013056,0.0123567998409,0.0254127998409,0.0130095998409,106.74673191954268,51.90486716371531,101.39035912950483,0.15932348047692937,0.07746995099061986,0.15132889422314152,AlphaSparse 248af573c867cf4c7e05d40c611c7c34ebac4715,CUDA,13040,13000,2026-10-07T06:54:49.340748+00:00,source,csr-alg5,0,0,,,,5,20,4,true
3,full-20261009-H100-SXM5-80GB-spmm-fp32-alphasparse-csr-alg5-n2,AlphaSparse-SpMM-CSR-ALG5,AlphaSparse SpMM CSR ALG5 [AlphaSparse 248af573c867cf4c7e05d40c611c7c34ebac4715],csr-alg5,AlphaSparse-SpMM-CSR,candidate,,,csr,csr,ALPHASPARSE_SPMM_CSR_ALG5,workspace-setup,spmm.csr.fp32,fp32,H100-SXM5-80GB,H100-SXM5-80GB,,67000.0,308bf16b-13aa-5a36-aa42-fdafa106bc58,suitesparse_all,Simon/raefsky6,raefsky6,3402,3402,137845,2,row-major,N,N,1.0,0.0,20260922,main,pass,pass,0,0,551380.0,0.01013,0.00891200006008,0.0190420000601,0.00941850006008,61.869389169982846,28.955991926254846,58.542230342706674,0.09234237189549678,0.04321789839739529,0.08737646319806966,AlphaSparse 248af573c867cf4c7e05d40c611c7c34ebac4715,CUDA,13040,13000,2026-10-08T13:33:31.810485+00:00,source,csr-alg5,0,0,,,,5,20,4,true
3,full-20261009-H100-SXM5-80GB-spmm-fp32-alphasparse-csr-alg5-n2,AlphaSparse-SpMM-CSR-ALG5,AlphaSparse SpMM CSR ALG5 [AlphaSparse 248af573c867cf4c7e05d40c611c7c34ebac4715],csr-alg5,AlphaSparse-SpMM-CSR,candidate,,,csr,csr,ALPHASPARSE_SPMM_CSR_ALG5,workspace-setup,spmm.csr.fp32,fp32,H100-SXM5-80GB,H100-SXM5-80GB,,67000.0,43011b5b-eebc-56e1-9bb3-83faaf7aff5c,suitesparse_all,TKK/cyl6,cyl6,13681,13681,714241,2,row-major,N,N,1.0,0.0,20260922,main,pass,pass,0,0,2856964.0,0.013904,0.0144079998136,0.0283119998136,0.0151031998136,198.2901191672181,100.9100034900263,189.16282875549228,0.2959554017421166,0.15061194550750193,0.282332580232078,AlphaSparse 248af573c867cf4c7e05d40c611c7c34ebac4715,CUDA,13040,13000,2026-10-07T06:56:23.965396+00:00,source,csr-alg5,0,0,,,,5,20,4,true
3,full-20261009-H100-SXM5-80GB-spmm-fp32-alphasparse-csr-alg5-n2,AlphaSparse-SpMM-CSR-ALG5,AlphaSparse SpMM CSR ALG5 [AlphaSparse 248af573c867cf4c7e05d40c611c7c34ebac4715],csr-alg5,AlphaSparse-SpMM-CSR,candidate,,,csr,csr,ALPHASPARSE_SPMM_CSR_ALG5,workspace-setup,spmm.csr.fp32,fp32,H100-SXM5-80GB,H100-SXM5-80GB,,67000.0,308bf16b-13aa-5a36-aa42-fdafa106bc58,suitesparse_all,TKK/g3rmt3m3,g3rmt3m3,5357,5357,207695,2,row-major,N,N,1.0,0.0,20260922,main,pass,pass,0,0,830780.0,0.012976,0.00874399989843,0.0217199998984,0.00939279989843,95.01143751719027,38.249539773763956,88.44859988328551,0.14180811569729893,0.05708886533397605,0.13201283564669478,AlphaSparse 248af573c867cf4c7e05d40c611c7c34ebac4715,CUDA,13040,13000,2026-10-08T13:35:51.820437+00:00,source,csr-alg5,0,0,,,,5,20,4,true
3,full-20261009-H100-SXM5-80GB-spmm-fp32-alphasparse-csr-alg5-n2,AlphaSparse-SpMM-CSR-ALG5,AlphaSparse SpMM CSR ALG5 [AlphaSparse 248af573c867cf4c7e05d40c611c7c34ebac4715],csr-alg5,AlphaSparse-SpMM-CSR,candidate,,,csr,csr,ALPHASPARSE_SPMM_CSR_ALG5,workspace-setup,spmm.csr.fp32,fp32,H100-SXM5-80GB,H100-SXM5-80GB,,67000.0,43011b5b-eebc-56e1-9bb3-83faaf7aff5c,suitesparse_all,TOKAMAK/utm3060,utm3060,3060,3060,42211,2,row-major,N,N,1.0,0.0,20260922,main,pass,pass,0,0,168844.0,0.008808,0.00919520035386,0.0180032003539,0.00963560035386,18.362188261522977,9.378554739209111,17.522935136300198,0.02740625113660146,0.013997842894341956,0.026153634531791342,AlphaSparse 248af573c867cf4c7e05d40c611c7c34ebac4715,CUDA,13040,13000,2026-10-07T06:54:49.791278+00:00,source,csr-alg5,0,0,,,,5,20,4,true
3,full-20261009-H100-SXM5-80GB-spmm-fp32-alphasparse-csr-alg5-n2,AlphaSparse-SpMM-CSR-ALG5,AlphaSparse SpMM CSR ALG5 [AlphaSparse 248af573c867cf4c7e05d40c611c7c34ebac4715],csr-alg5,AlphaSparse-SpMM-CSR,candidate,,,csr,csr,ALPHASPARSE_SPMM_CSR_ALG5,workspace-setup,spmm.csr.fp32,fp32,H100-SXM5-80GB,H100-SXM5-80GB,,67000.0,308bf16b-13aa-5a36-aa42-fdafa106bc58,suitesparse_all,TSOPF/TSOPF_FS_b39_c19,TSOPF_FS_b39_c19,76216,76216,1977600,2,row-major,N,N,1.0,0.0,20260922,main,pass,pass,0,0,7910400.0,0.014473,0.0265439987183,0.0410169987183,0.0272676487183,298.0108642992965,192.8566264520647,290.1020209597732,0.4447923347750694,0.28784571112248464,0.4329880909847361,AlphaSparse 248af573c867cf4c7e05d40c611c7c34ebac4715,CUDA,13040,13000,2026-10-08T13:36:08.563692+00:00,source,csr-alg5,0,0,,,,5,20,4,true
3,full-20261009-H100-SXM5-80GB-spmm-fp32-alphasparse-csr-alg5-n2,AlphaSparse-SpMM-CSR-ALG5,AlphaSparse SpMM CSR ALG5 [AlphaSparse 248af573c867cf4c7e05d40c611c7c34ebac4715],csr-alg5,AlphaSparse-SpMM-CSR,candidate,,,csr,csr,ALPHASPARSE_SPMM_CSR_ALG5,workspace-setup,spmm.csr.fp32,fp32,H100-SXM5-80GB,H100-SXM5-80GB,,67000.0,43011b5b-eebc-56e1-9bb3-83faaf7aff5c,suitesparse_all,TSOPF/TSOPF_RS_b162_c3,TSOPF_RS_b162_c3,15374,15374,610299,2,row-major,N,N,1.0,0.0,20260922,main,pass,pass,0,0,2441196.0,0.013601,0.0142879992723,0.0278889992723,0.0149680492723,170.85639168058484,87.53257785139148,163.09379770132762,0.25500953982176844,0.1306456385841664,0.24342357865869796,AlphaSparse 248af573c867cf4c7e05d40c611c7c34ebac4715,CUDA,13040,13000,2026-10-07T06:56:58.800292+00:00,source,csr-alg5,0,0,,,,5,20,4,true
3,full-20261009-H100-SXM5-80GB-spmm-fp32-alphasparse-csr-alg5-n2,AlphaSparse-SpMM-CSR-ALG5,AlphaSparse SpMM CSR ALG5 [AlphaSparse 248af573c867cf4c7e05d40c611c7c34ebac4715],csr-alg5,AlphaSparse-SpMM-CSR,candidate,,,csr,csr,ALPHASPARSE_SPMM_CSR_ALG5,workspace-setup,spmm.csr.fp32,fp32,H100-SXM5-80GB,H100-SXM5-80GB,,67000.0,308bf16b-13aa-5a36-aa42-fdafa106bc58,suitesparse_all,TSOPF/TSOPF_RS_b678_c1,TSOPF_RS_b678_c1,18696,18696,4396289,2,row-major,N,N,1.0,0.0,20260922,main,pass,pass,0,0,17585156.0,0.014044,0.0519967973232,0.0660407973232,0.0526989973232,338.19690644973304,266.2771606759867,333.69052341074394,0.5047715021637806,0.39742859802386077,0.4980455573294686,AlphaSparse 248af573c867cf4c7e05d40c611c7c34ebac4715,CUDA,13040,13000,2026-10-08T13:36:13.231209+00:00,source,csr-alg5,0,0,,,,5,20,4,true
3,full-20261009-H100-SXM5-80GB-spmm-fp32-alphasparse-csr-alg5-n2,AlphaSparse-SpMM-CSR-ALG5,AlphaSparse SpMM CSR ALG5 [AlphaSparse 248af573c867cf4c7e05d40c611c7c34ebac4715],csr-alg5,AlphaSparse-SpMM-CSR,candidate,,,csr,csr,ALPHASPARSE_SPMM_CSR_ALG5,workspace-setup,spmm.csr.fp32,fp32,H100-SXM5-80GB,H100-SXM5-80GB,,67000.0,43011b5b-eebc-56e1-9bb3-83faaf7aff5c,suitesparse_all,UTEP/Dubcova3,Dubcova3,146689,146689,3636649,2,row-major,N,N,1.0,0.0,20260922,main,pass,pass,0,0,14546596.0,0.017692,0.0427168011665,0.0604088011665,0.0436014011665,340.53570498644797,240.8025936470146,333.62680122253727,0.5082622462484299,0.359406856189574,0.49795044958587653,AlphaSparse 248af573c867cf4c7e05d40c611c7c34ebac4715,CUDA,13040,13000,2026-10-07T06:56:11.115545+00:00,source,csr-alg5,0,0,,,,5,20,4,true
3,full-20261009-H100-SXM5-80GB-spmm-fp32-alphasparse-csr-alg5-n2,AlphaSparse-SpMM-CSR-ALG5,AlphaSparse SpMM CSR ALG5 [AlphaSparse 248af573c867cf4c7e05d40c611c7c34ebac4715],csr-alg5,AlphaSparse-SpMM-CSR,candidate,,,csr,csr,ALPHASPARSE_SPMM_CSR_ALG5,workspace-setup,spmm.csr.fp32,fp32,H100-SXM5-80GB,H100-SXM5-80GB,,67000.0,43011b5b-eebc-56e1-9bb3-83faaf7aff5c,suitesparse_all,VDOL/dynamicSoaringProblem_1,dynamicSoaringProblem_1,647,647,5367,2,row-major,N,N,1.0,0.0,20260922,main,pass,pass,0,0,21468.0,0.01016,0.00884160026908,0.0190016002691,0.00934960026908,2.4280672442381093,1.1297995798233271,2.296140945297595,0.003623980961549417,0.0016862680295870556,0.003427076037757605,AlphaSparse 248af573c867cf4c7e05d40c611c7c34ebac4715,CUDA,13040,13000,2026-10-07T06:58:19.920284+00:00,source,csr-alg5,0,0,,,,5,20,4,true
3,full-20261009-H100-SXM5-80GB-spmm-fp32-alphasparse-csr-alg5-n2,AlphaSparse-SpMM-CSR-ALG5,AlphaSparse SpMM CSR ALG5 [AlphaSparse 248af573c867cf4c7e05d40c611c7c34ebac4715],csr-alg5,AlphaSparse-SpMM-CSR,candidate,,,csr,csr,ALPHASPARSE_SPMM_CSR_ALG5,workspace-setup,spmm.csr.fp32,fp32,H100-SXM5-80GB,H100-SXM5-80GB,,67000.0,308bf16b-13aa-5a36-aa42-fdafa106bc58,suitesparse_all,VDOL/freeFlyingRobot_3,freeFlyingRobot_3,1718,1718,12922,2,row-major,N,N,1.0,0.0,20260922,main,pass,pass,0,0,51688.0,0.010378,0.00881439968944,0.0191923996894,0.00933329968944,5.864040867346221,2.6931494152108235,5.538019962916383,0.008752299802009285,0.004019625992851976,0.008265701437188633,AlphaSparse 248af573c867cf4c7e05d40c611c7c34ebac4715,CUDA,13040,13000,2026-10-08T13:39:57.032659+00:00,source,csr-alg5,0,0,,,,5,20,4,true
3,full-20261009-H100-SXM5-80GB-spmm-fp32-alphasparse-csr-alg5-n2,AlphaSparse-SpMM-CSR-ALG5,AlphaSparse SpMM CSR ALG5 [AlphaSparse 248af573c867cf4c7e05d40c611c7c34ebac4715],csr-alg5,AlphaSparse-SpMM-CSR,candidate,,,csr,csr,ALPHASPARSE_SPMM_CSR_ALG5,workspace-setup,spmm.csr.fp32,fp32,H100-SXM5-80GB,H100-SXM5-80GB,,67000.0,43011b5b-eebc-56e1-9bb3-83faaf7aff5c,suitesparse_all,VDOL/freeFlyingRobot_9,freeFlyingRobot_9,4778,4778,39964,2,row-major,N,N,1.0,0.0,20260922,main,pass,pass,0,0,159856.0,0.009342,0.0094319999218,0.0187739999218,0.0098990999218,16.948261378854326,8.514754483107158,16.14853888361727,0.025295912505752725,0.012708588780756952,0.024102296841219804,AlphaSparse 248af573c867cf4c7e05d40c611c7c34ebac4715,CUDA,13040,13000,2026-10-07T06:58:20.375149+00:00,source,csr-alg5,0,0,,,,5,20,4,true
3,full-20261009-H100-SXM5-80GB-spmm-fp32-alphasparse-csr-alg5-n2,AlphaSparse-SpMM-CSR-ALG5,AlphaSparse SpMM CSR ALG5 [AlphaSparse 248af573c867cf4c7e05d40c611c7c34ebac4715],csr-alg5,AlphaSparse-SpMM-CSR,candidate,,,csr,csr,ALPHASPARSE_SPMM_CSR_ALG5,workspace-setup,spmm.csr.fp32,fp32,H100-SXM5-80GB,H100-SXM5-80GB,,67000.0,308bf16b-13aa-5a36-aa42-fdafa106bc58,suitesparse_all,VDOL/hangGlider_1,hangGlider_1,360,360,3477,2,row-major,N,N,1.0,0.0,20260922,main,pass,pass,0,0,13908.0,0.01058,0.0088944002986,0.0194744002986,0.0094234002986,1.563680465583402,0.7141683331321804,1.4759003713411452,0.0023338514411692566,0.001065922885271911,0.0022028363751360374,AlphaSparse 248af573c867cf4c7e05d40c611c7c34ebac4715,CUDA,13040,13000,2026-10-08T13:39:57.565766+00:00,source,csr-alg5,0,0,,,,5,20,4,true
3,full-20261009-H100-SXM5-80GB-spmm-fp32-alphasparse-csr-alg5-n2,AlphaSparse-SpMM-CSR-ALG5,AlphaSparse SpMM CSR ALG5 [AlphaSparse 248af573c867cf4c7e05d40c611c7c34ebac4715],csr-alg5,AlphaSparse-SpMM-CSR,candidate,,,csr,csr,ALPHASPARSE_SPMM_CSR_ALG5,workspace-setup,spmm.csr.fp32,fp32,H100-SXM5-80GB,H100-SXM5-80GB,,67000.0,43011b5b-eebc-56e1-9bb3-83faaf7aff5c,suitesparse_all,VDOL/kineticBatchReactor_2,kineticBatchReactor_2,4361,4361,44840,2,row-major,N,N,1.0,0.0,20260922,main,pass,pass,0,0,179360.0,0.009082,0.00958240032196,0.018664400322,0.010036500322,18.71764839431311,9.609738159579965,17.870771110009635,0.02793678864822852,0.014342892775492486,0.026672792701506916,AlphaSparse 248af573c867cf4c7e05d40c611c7c34ebac4715,CUDA,13040,13000,2026-10-07T06:58:20.815432+00:00,source,csr-alg5,0,0,,,,5,20,4,true
3,full-20261009-H100-SXM5-80GB-spmm-fp32-alphasparse-csr-alg5-n2,AlphaSparse-SpMM-CSR-ALG5,AlphaSparse SpMM CSR ALG5 [AlphaSparse 248af573c867cf4c7e05d40c611c7c34ebac4715],csr-alg5,AlphaSparse-SpMM-CSR,candidate,,,csr,csr,ALPHASPARSE_SPMM_CSR_ALG5,workspace-setup,spmm.csr.fp32,fp32,H100-SXM5-80GB,H100-SXM5-80GB,,67000.0,308bf16b-13aa-5a36-aa42-fdafa106bc58,suitesparse_all,VDOL/lowThrust_3,lowThrust_3,7064,7064,80645,2,row-major,N,N,1.0,0.0,20260922,main,pass,pass,0,0,322580.0,0.009633,0.00983679965138,0.0194697996514,0.0103184496514,32.79318593773996,16.568223904492232,31.262448419877938,0.04894505363841786,0.024728692394764527,0.046660370775937224,AlphaSparse 248af573c867cf4c7e05d40c611c7c34ebac4715,CUDA,13040,13000,2026-10-08T13:39:58.037869+00:00,source,csr-alg5,0,0,,,,5,20,4,true
3,full-20261009-H100-SXM5-80GB-spmm-fp32-alphasparse-csr-alg5-n2,AlphaSparse-SpMM-CSR-ALG5,AlphaSparse SpMM CSR ALG5 [AlphaSparse 248af573c867cf4c7e05d40c611c7c34ebac4715],csr-alg5,AlphaSparse-SpMM-CSR,candidate,,,csr,csr,ALPHASPARSE_SPMM_CSR_ALG5,workspace-setup,spmm.csr.fp32,fp32,H100-SXM5-80GB,H100-SXM5-80GB,,67000.0,43011b5b-eebc-56e1-9bb3-83faaf7aff5c,suitesparse_all,VDOL/lowThrust_9,lowThrust_9,18044,18044,219589,2,row-major,N,N,1.0,0.0,20260922,main,pass,pass,0,0,878356.0,0.012142,0.0101903997362,0.0223323997362,0.0107974997362,86.19445975997984,39.33101728320836,81.34809182307261,0.12864844740295497,0.05870301087046024,0.12141506242249643,AlphaSparse 248af573c867cf4c7e05d40c611c7c34ebac4715,CUDA,13040,13000,2026-10-07T06:58:21.363441+00:00,source,csr-alg5,0,0,,,,5,20,4,true
3,full-20261009-H100-SXM5-80GB-spmm-fp32-alphasparse-csr-alg5-n2,AlphaSparse-SpMM-CSR-ALG5,AlphaSparse SpMM CSR ALG5 [AlphaSparse 248af573c867cf4c7e05d40c611c7c34ebac4715],csr-alg5,AlphaSparse-SpMM-CSR,candidate,,,csr,csr,ALPHASPARSE_SPMM_CSR_ALG5,workspace-setup,spmm.csr.fp32,fp32,H100-SXM5-80GB,H100-SXM5-80GB,,67000.0,308bf16b-13aa-5a36-aa42-fdafa106bc58,suitesparse_all,VDOL/reorientation_2,reorientation_2,1544,1544,17910,2,row-major,N,N,1.0,0.0,20260922,main,pass,pass,0,0,71640.0,0.009507,0.0088175997138,0.0183245997138,0.0092929497138,8.124660035075044,3.9094987677165425,7.7090700161236025,0.012126358261306036,0.005835072787636631,0.01150607465093075,AlphaSparse 248af573c867cf4c7e05d40c611c7c34ebac4715,CUDA,13040,13000,2026-10-08T13:39:58.474185+00:00,source,csr-alg5,0,0,,,,5,20,4,true
3,full-20261009-H100-SXM5-80GB-spmm-fp32-alphasparse-csr-alg5-n2,AlphaSparse-SpMM-CSR-ALG5,AlphaSparse SpMM CSR ALG5 [AlphaSparse 248af573c867cf4c7e05d40c611c7c34ebac4715],csr-alg5,AlphaSparse-SpMM-CSR,candidate,,,csr,csr,ALPHASPARSE_SPMM_CSR_ALG5,workspace-setup,spmm.csr.fp32,fp32,H100-SXM5-80GB,H100-SXM5-80GB,,67000.0,43011b5b-eebc-56e1-9bb3-83faaf7aff5c,suitesparse_all,VDOL/reorientation_8,reorientation_8,3108,3108,37894,2,row-major,N,N,1.0,0.0,20260922,main,pass,pass,0,0,151576.0,0.009303,0.00962560027838,0.0189286002784,0.0100907502784,15.747173746706883,8.007776474257739,15.021281452624951,0.023503244398069972,0.01195190518545931,0.02241982306361933,AlphaSparse 248af573c867cf4c7e05d40c611c7c34ebac4715,CUDA,13040,13000,2026-10-07T06:58:21.844817+00:00,source,csr-alg5,0,0,,,,5,20,4,true
3,full-20261009-H100-SXM5-80GB-spmm-fp32-alphasparse-csr-alg5-n2,AlphaSparse-SpMM-CSR-ALG5,AlphaSparse SpMM CSR ALG5 [AlphaSparse 248af573c867cf4c7e05d40c611c7c34ebac4715],csr-alg5,AlphaSparse-SpMM-CSR,candidate,,,csr,csr,ALPHASPARSE_SPMM_CSR_ALG5,workspace-setup,spmm.csr.fp32,fp32,H100-SXM5-80GB,H100-SXM5-80GB,,67000.0,43011b5b-eebc-56e1-9bb3-83faaf7aff5c,suitesparse_all,VDOL/spaceStation_12,spaceStation_12,1410,1410,19728,2,row-major,N,N,1.0,0.0,20260922,main,pass,pass,0,0,78912.0,0.008836,0.00906879976392,0.0179047997639,0.00951059976392,8.70148223075224,4.4073098297979225,8.297268517109242,0.012987286911570509,0.00657807437283272,0.012383982861357076,AlphaSparse 248af573c867cf4c7e05d40c611c7c34ebac4715,CUDA,13040,13000,2026-10-07T06:58:22.288351+00:00,source,csr-alg5,0,0,,,,5,20,4,true
3,full-20261009-H100-SXM5-80GB-spmm-fp32-alphasparse-csr-alg5-n2,AlphaSparse-SpMM-CSR-ALG5,AlphaSparse SpMM CSR ALG5 [AlphaSparse 248af573c867cf4c7e05d40c611c7c34ebac4715],csr-alg5,AlphaSparse-SpMM-CSR,candidate,,,csr,csr,ALPHASPARSE_SPMM_CSR_ALG5,workspace-setup,spmm.csr.fp32,fp32,H100-SXM5-80GB,H100-SXM5-80GB,,67000.0,308bf16b-13aa-5a36-aa42-fdafa106bc58,suitesparse_all,VDOL/spaceStation_6,spaceStation_6,1111,1111,17595,2,row-major,N,N,1.0,0.0,20260922,main,pass,pass,0,0,70380.0,0.009699,0.00893919989467,0.0186381998947,0.00942414989467,7.873187850062966,3.7761157406629926,7.468047599689039,0.011751026641885024,0.005635993642780586,0.011146339701028418,AlphaSparse 248af573c867cf4c7e05d40c611c7c34ebac4715,CUDA,13040,13000,2026-10-08T13:39:58.930023+00:00,source,csr-alg5,0,0,,,,5,20,4,true
3,full-20261009-H100-SXM5-80GB-spmm-fp32-alphasparse-csr-alg5-n2,AlphaSparse-SpMM-CSR-ALG5,AlphaSparse SpMM CSR ALG5 [AlphaSparse 248af573c867cf4c7e05d40c611c7c34ebac4715],csr-alg5,AlphaSparse-SpMM-CSR,candidate,,,csr,csr,ALPHASPARSE_SPMM_CSR_ALG5,workspace-setup,spmm.csr.fp32,fp32,H100-SXM5-80GB,H100-SXM5-80GB,,67000.0,308bf16b-13aa-5a36-aa42-fdafa106bc58,suitesparse_all,VDOL/tumorAntiAngiogenesis_8,tumorAntiAngiogenesis_8,490,490,4776,2,row-major,N,N,1.0,0.0,20260922,main,pass,pass,0,0,19104.0,0.009507,0.0093423999846,0.0188493999846,0.0098177499846,2.044870700407926,1.0135070620607556,1.9458633627833564,0.0030520458215043665,0.0015126971075533665,0.0029042736757960543,AlphaSparse 248af573c867cf4c7e05d40c611c7c34ebac4715,CUDA,13040,13000,2026-10-08T13:39:59.365022+00:00,source,csr-alg5,0,0,,,,5,20,4,true
3,full-20261009-H100-SXM5-80GB-spmm-fp32-alphasparse-csr-alg5-n2,AlphaSparse-SpMM-CSR-ALG5,AlphaSparse SpMM CSR ALG5 [AlphaSparse 248af573c867cf4c7e05d40c611c7c34ebac4715],csr-alg5,AlphaSparse-SpMM-CSR,candidate,,,csr,csr,ALPHASPARSE_SPMM_CSR_ALG5,workspace-setup,spmm.csr.fp32,fp32,H100-SXM5-80GB,H100-SXM5-80GB,,67000.0,43011b5b-eebc-56e1-9bb3-83faaf7aff5c,suitesparse_all,VLSI/dgreen,dgreen,1200611,1200611,38259877,2,row-major,N,N,1.0,0.0,20260922,main,pass,pass,0,0,153039508.0,0.163981,0.468113613129,0.632094613129,0.476312663129,326.92812964152415,242.11487461097408,321.30052347265064,0.48795243230078233,0.3613654844939912,0.47955302010843376,AlphaSparse 248af573c867cf4c7e05d40c611c7c34ebac4715,CUDA,13040,13000,2026-10-07T06:59:42.116668+00:00,source,csr-alg5,0,0,,,,5,20,4,true
3,full-20261009-H100-SXM5-80GB-spmm-fp32-alphasparse-csr-alg5-n2,AlphaSparse-SpMM-CSR-ALG5,AlphaSparse SpMM CSR ALG5 [AlphaSparse 248af573c867cf4c7e05d40c611c7c34ebac4715],csr-alg5,AlphaSparse-SpMM-CSR,candidate,,,csr,csr,ALPHASPARSE_SPMM_CSR_ALG5,workspace-setup,spmm.csr.fp32,fp32,H100-SXM5-80GB,H100-SXM5-80GB,,67000.0,308bf16b-13aa-5a36-aa42-fdafa106bc58,suitesparse_all,VLSI/nv2,nv2,1453908,1453908,52728362,2,row-major,N,N,1.0,0.0,20260922,main,pass,pass,0,0,210913448.0,0.147418,0.637571191788,0.784989191788,0.644942091788,330.807681897477,268.6832509369898,327.0269543351959,0.49374280880220445,0.40101977751789525,0.488099931843576,AlphaSparse 248af573c867cf4c7e05d40c611c7c34ebac4715,CUDA,13040,13000,2026-10-08T13:42:42.188531+00:00,source,csr-alg5,0,0,,,,5,20,4,true
3,full-20261009-H100-SXM5-80GB-spmm-fp32-alphasparse-csr-alg5-n2,AlphaSparse-SpMM-CSR-ALG5,AlphaSparse SpMM CSR ALG5 [AlphaSparse 248af573c867cf4c7e05d40c611c7c34ebac4715],csr-alg5,AlphaSparse-SpMM-CSR,candidate,,,csr,csr,ALPHASPARSE_SPMM_CSR_ALG5,workspace-setup,spmm.csr.fp32,fp32,H100-SXM5-80GB,H100-SXM5-80GB,,67000.0,43011b5b-eebc-56e1-9bb3-83faaf7aff5c,suitesparse_all,VanVelzen/Zd_Jac2_db,Zd_Jac2_db,22835,22835,676439,2,row-major,N,N,1.0,0.0,20260922,main,pass,pass,0,0,2705756.0,0.013497,0.0166160002351,0.0301130002351,0.0172908502351,162.84039249616174,89.85341808771831,156.4848439035914,0.24304536193456974,0.13410957923540048,0.233559468512823,AlphaSparse 248af573c867cf4c7e05d40c611c7c34ebac4715,CUDA,13040,13000,2026-10-07T06:55:24.813806+00:00,source,csr-alg5,0,0,,,,5,20,4,true
3,full-20261009-H100-SXM5-80GB-spmm-fp32-alphasparse-csr-alg5-n2,AlphaSparse-SpMM-CSR-ALG5,AlphaSparse SpMM CSR ALG5 [AlphaSparse 248af573c867cf4c7e05d40c611c7c34ebac4715],csr-alg5,AlphaSparse-SpMM-CSR,candidate,,,csr,csr,ALPHASPARSE_SPMM_CSR_ALG5,workspace-setup,spmm.csr.fp32,fp32,H100-SXM5-80GB,H100-SXM5-80GB,,67000.0,43011b5b-eebc-56e1-9bb3-83faaf7aff5c,suitesparse_all,Williams/mc2depi,mc2depi,525825,525825,2100225,2,row-major,N,N,1.0,0.0,20260922,main,pass,pass,0,0,8400900.0,0.149256,0.0355904012918,0.184846401292,0.0430532012918,236.04398082287318,45.44800407950157,195.12834697381845,0.352304448989363,0.06783284190970384,0.2912363387668932,AlphaSparse 248af573c867cf4c7e05d40c611c7c34ebac4715,CUDA,13040,13000,2026-10-07T06:57:33.354011+00:00,source,csr-alg5,0,0,,,,5,20,4,true
3,full-20261009-H100-SXM5-80GB-spmm-fp32-alphasparse-csr-alg5-n2,AlphaSparse-SpMM-CSR-ALG5,AlphaSparse SpMM CSR ALG5 [AlphaSparse 248af573c867cf4c7e05d40c611c7c34ebac4715],csr-alg5,AlphaSparse-SpMM-CSR,candidate,,,csr,csr,ALPHASPARSE_SPMM_CSR_ALG5,workspace-setup,spmm.csr.fp32,fp32,H100-SXM5-80GB,H100-SXM5-80GB,,67000.0,43011b5b-eebc-56e1-9bb3-83faaf7aff5c,suitesparse_all,Yoshiyasu/mesh_deform,mesh_deform,234023,9393,853829,2,row-major,N,N,1.0,0.0,20260922,main,pass,pass,0,0,3415316.0,0.017387,0.0189359992743,0.0363229992743,0.0198053492743,180.36101240430855,94.02626622896955,172.44411864181635,0.2691955409019531,0.14033771078950677,0.25737928155494977,AlphaSparse 248af573c867cf4c7e05d40c611c7c34ebac4715,CUDA,13040,13000,2026-10-07T06:57:00.040965+00:00,source,csr-alg5,0,0,,,,5,20,4,true
3,full-20261009-H100-SXM5-80GB-spmm-fp32-alphasparse-csr-alg5-n2,AlphaSparse-SpMM-CSR-ALG5,AlphaSparse SpMM CSR ALG5 [AlphaSparse 248af573c867cf4c7e05d40c611c7c34ebac4715],csr-alg5,AlphaSparse-SpMM-CSR,candidate,,,csr,csr,ALPHASPARSE_SPMM_CSR_ALG5,workspace-setup,spmm.csr.fp32,fp32,H100-SXM5-80GB,H100-SXM5-80GB,,67000.0,308bf16b-13aa-5a36-aa42-fdafa106bc58,suitesparse_all,Zhao/Zhao2,Zhao2,33861,33861,166453,2,row-major,N,N,1.0,0.0,20260922,main,pass,pass,0,0,665812.0,0.013229,0.00970399975777,0.0229329997578,0.0103654497578,68.61212042661933,29.032922296767705,64.23377813384089,0.10240614989047661,0.04333271984592195,0.0958713106475237,AlphaSparse 248af573c867cf4c7e05d40c611c7c34ebac4715,CUDA,13040,13000,2026-10-08T13:33:32.388776+00:00,source,csr-alg5,0,0,,,,5,20,4,true
3,full-20261009-H100-SXM5-80GB-spmm-fp32-alphasparse-csr-alg5-n2,AlphaSparse-SpMM-CSR-ALG5,AlphaSparse SpMM CSR ALG5 [AlphaSparse 248af573c867cf4c7e05d40c611c7c34ebac4715],csr-alg5,AlphaSparse-SpMM-CSR,candidate,,,csr,csr,ALPHASPARSE_SPMM_CSR_ALG5,workspace-setup,spmm.csr.fp32,fp32,H100-SXM5-80GB,H100-SXM5-80GB,,67000.0,43011b5b-eebc-56e1-9bb3-83faaf7aff5c,suitesparse_all,Zitney/rdist3a,rdist3a,2398,2398,61896,2,row-major,N,N,1.0,0.0,20260922,main,pass,pass,0,0,247584.0,0.009948,0.00904799997807,0.0189959999781,0.00954539997807,27.36339529178595,13.033480747811813,25.937519702559328,0.04084088849520291,0.019452956340017633,0.03871271597396914,AlphaSparse 248af573c867cf4c7e05d40c611c7c34ebac4715,CUDA,13040,13000,2026-10-07T06:54:50.266037+00:00,source,csr-alg5,0,0,,,,5,20,4,true
3,full-20261009-H100-SXM5-80GB-spmm-fp32-alphasparse-csr-alg5-n2,AlphaSparse-SpMM-CSR-ALG5,AlphaSparse SpMM CSR ALG5 [AlphaSparse 248af573c867cf4c7e05d40c611c7c34ebac4715],csr-alg5,AlphaSparse-SpMM-CSR,candidate,,,csr,csr,ALPHASPARSE_SPMM_CSR_ALG5,workspace-setup,spmm.csr.fp32,fp32,H100-SXM5-80GB,H100-SXM5-80GB,,67000.0,308bf16b-13aa-5a36-aa42-fdafa106bc58,suitesparse_all,vanHeukelum/cage14,cage14,1505785,1505785,27130349,2,row-major,N,N,1.0,0.0,20260922,main,pass,pass,0,0,108521396.0,0.176698,0.59206237793,0.76876037793,0.60089727793,183.29385558903147,141.16413789718166,180.5989143000277,0.27357291878959916,0.2106927431301219,0.2695506183582503,AlphaSparse 248af573c867cf4c7e05d40c611c7c34ebac4715,CUDA,13040,13000,2026-10-08T13:34:00.914660+00:00,source,csr-alg5,0,0,,,,5,20,4,true
3,full-20261009-H100-SXM5-80GB-spmm-fp32-alphasparse-csr-alg5-n2,AlphaSparse-SpMM-CSR-ALG5,AlphaSparse SpMM CSR ALG5 [AlphaSparse 248af573c867cf4c7e05d40c611c7c34ebac4715],csr-alg5,AlphaSparse-SpMM-CSR,candidate,,,csr,csr,ALPHASPARSE_SPMM_CSR_ALG5,workspace-setup,spmm.csr.fp32,fp32,H100-SXM5-80GB,H100-SXM5-80GB,,67000.0,43011b5b-eebc-56e1-9bb3-83faaf7aff5c,suitesparse_all,vanHeukelum/cage4,cage4,9,9,49,2,row-major,N,N,1.0,0.0,20260922,main,pass,pass,0,0,196.0,0.008803,0.00810559988022,0.0169085998802,0.00854574988022,0.024180813622233743,0.011591734465815608,0.022935377555767435,3.609076660034887e-05,1.7301096217635234e-05,3.423190679965289e-05,AlphaSparse 248af573c867cf4c7e05d40c611c7c34ebac4715,CUDA,13040,13000,2026-10-07T06:54:53.571516+00:00,source,csr-alg5,0,0,,,,5,20,4,true
