schema_version,submission_id,method_id,method_name,configuration_id,candidate_group,selection_role,selection_metric,selected_from,base_format,format,algorithm,preprocess_policy,operator_id,dtype,backend_id,hardware,cpu_model,peak_gflops,job_id,dataset_id,matrix_id,matrix_name,rows,cols,nnz,rhs_columns,dense_layout,op_a,op_b,alpha,beta,input_seed,ranking_scope,status,validation_status,failed_elements,invalid_elements,operations,preprocess_ms,solve_ms,pre_plus_solve_ms,pre_amortized_ms,solve_gflops,pre_plus_solve_gflops,pre_amortized_gflops,solve_only_efficiency_percent,pre_plus_solve_efficiency_percent,pre_amortized_efficiency_percent,library_version,gpu_runtime,runtime_version,driver_version,timestamp,source_kind,selected_configuration_id,nan_elements,inf_elements,error,error_type,failure_stage,warmup,iterations,validation_safety_factor,public_ranked
3,full-20261009-A100-SXM4-80GB-spmm-fp32-cusparse-csr-alg2-n16-13.4.1,cuSPARSE-CUDA-13.4.1-SpMM-CSR-ALG2,cuSPARSE CUDA 13.4.1 SpMM CSR ALG2 [cuSPARSE 12.8.6],csr-alg2,cuSPARSE-SpMM-CSR,candidate,,,csr,csr,CUSPARSE_SPMM_CSR_ALG2,library-preprocess,spmm.csr.fp32,fp32,A100-SXM4-80GB,A100-SXM4-80GB,,19500.0,2793479a-b9ba-5e32-964d-96d3a38ca48f,suitesparse_all,AG-Monien/3elt,3elt,4720,4720,27444,16,row-major,N,N,1.0,0.0,20260922,main,pass,pass,0,0,878208.0,0.01435,0.0239616006613,0.0383116006613,0.0246791006613,36.65064001414479,22.922769731391337,35.58508926450237,0.1879520000725374,0.11755266528918634,0.1824876372538583,cuSPARSE 12.8.6,CUDA,13040,13000,2026-10-07T09:38:17.406315+00:00,source,csr-alg2,0,0,,,,5,20,4,true
3,full-20261009-A100-SXM4-80GB-spmm-fp32-cusparse-csr-alg2-n16-13.4.1,cuSPARSE-CUDA-13.4.1-SpMM-CSR-ALG2,cuSPARSE CUDA 13.4.1 SpMM CSR ALG2 [cuSPARSE 12.8.6],csr-alg2,cuSPARSE-SpMM-CSR,candidate,,,csr,csr,CUSPARSE_SPMM_CSR_ALG2,library-preprocess,spmm.csr.fp32,fp32,A100-SXM4-80GB,A100-SXM4-80GB,,19500.0,238ed034-08d6-5e0f-b7b4-c4d0b9e54f50,suitesparse_all,AG-Monien/L-9,L-9,17983,17983,71192,16,row-major,N,N,1.0,0.0,20260922,main,pass,pass,0,0,2278144.0,0.01644,0.0297472000122,0.0461872000122,0.0305692000122,76.58347673279104,49.32414174053083,74.52416154465296,0.39273577811687715,0.2529443166181068,0.38217518740847667,cuSPARSE 12.8.6,CUDA,13040,13000,2026-10-07T14:52:52.435867+00:00,source,csr-alg2,0,0,,,,5,20,4,true
3,full-20261009-A100-SXM4-80GB-spmm-fp32-cusparse-csr-alg2-n16-13.4.1,cuSPARSE-CUDA-13.4.1-SpMM-CSR-ALG2,cuSPARSE CUDA 13.4.1 SpMM CSR ALG2 [cuSPARSE 12.8.6],csr-alg2,cuSPARSE-SpMM-CSR,candidate,,,csr,csr,CUSPARSE_SPMM_CSR_ALG2,library-preprocess,spmm.csr.fp32,fp32,A100-SXM4-80GB,A100-SXM4-80GB,,19500.0,2793479a-b9ba-5e32-964d-96d3a38ca48f,suitesparse_all,AG-Monien/biplane-9,biplane-9,21701,21701,84076,16,row-major,N,N,1.0,0.0,20260922,main,pass,pass,0,0,2690432.0,0.01754,0.0331775993109,0.0507175993109,0.0340545993109,81.09182267193452,53.04730579828104,79.00348424122735,0.41585550088171547,0.27203746563221043,0.40514607303193517,cuSPARSE 12.8.6,CUDA,13040,13000,2026-10-07T09:38:20.328012+00:00,source,csr-alg2,0,0,,,,5,20,4,true
3,full-20261009-A100-SXM4-80GB-spmm-fp32-cusparse-csr-alg2-n16-13.4.1,cuSPARSE-CUDA-13.4.1-SpMM-CSR-ALG2,cuSPARSE CUDA 13.4.1 SpMM CSR ALG2 [cuSPARSE 12.8.6],csr-alg2,cuSPARSE-SpMM-CSR,candidate,,,csr,csr,CUSPARSE_SPMM_CSR_ALG2,library-preprocess,spmm.csr.fp32,fp32,A100-SXM4-80GB,A100-SXM4-80GB,,19500.0,238ed034-08d6-5e0f-b7b4-c4d0b9e54f50,suitesparse_all,AG-Monien/ccc,ccc,49152,49152,147456,16,row-major,N,N,1.0,0.0,20260922,main,pass,pass,0,0,4718592.0,0.05017,0.0497152000666,0.0998852000666,0.0522237000666,94.91246125287297,47.24015166264678,90.3534600953678,0.48673057052755375,0.2422571880135732,0.46335107741214254,cuSPARSE 12.8.6,CUDA,13040,13000,2026-10-07T14:52:53.804111+00:00,source,csr-alg2,0,0,,,,5,20,4,true
3,full-20261009-A100-SXM4-80GB-spmm-fp32-cusparse-csr-alg2-n16-13.4.1,cuSPARSE-CUDA-13.4.1-SpMM-CSR-ALG2,cuSPARSE CUDA 13.4.1 SpMM CSR ALG2 [cuSPARSE 12.8.6],csr-alg2,cuSPARSE-SpMM-CSR,candidate,,,csr,csr,CUSPARSE_SPMM_CSR_ALG2,library-preprocess,spmm.csr.fp32,fp32,A100-SXM4-80GB,A100-SXM4-80GB,,19500.0,238ed034-08d6-5e0f-b7b4-c4d0b9e54f50,suitesparse_all,AG-Monien/crack,crack,10240,10240,60760,16,row-major,N,N,1.0,0.0,20260922,main,pass,pass,0,0,1944320.0,0.0125,0.026419198513,0.038919198513,0.027044198513,73.59496538258968,49.95786332420356,71.89416240475295,0.3774100788850753,0.2561941708933516,0.3686880123320664,cuSPARSE 12.8.6,CUDA,13040,13000,2026-10-07T14:52:50.854338+00:00,source,csr-alg2,0,0,,,,5,20,4,true
3,full-20261009-A100-SXM4-80GB-spmm-fp32-cusparse-csr-alg2-n16-13.4.1,cuSPARSE-CUDA-13.4.1-SpMM-CSR-ALG2,cuSPARSE CUDA 13.4.1 SpMM CSR ALG2 [cuSPARSE 12.8.6],csr-alg2,cuSPARSE-SpMM-CSR,candidate,,,csr,csr,CUSPARSE_SPMM_CSR_ALG2,library-preprocess,spmm.csr.fp32,fp32,A100-SXM4-80GB,A100-SXM4-80GB,,19500.0,df2405bf-ab33-5b32-9511-7da1122118f9,suitesparse_all,AG-Monien/crack_dual,crack_dual,20141,20141,60086,16,row-major,N,N,1.0,0.0,20260922,main,pass,pass,0,0,1922752.0,0.02636,0.0253439992666,0.0517039992666,0.0266619992666,75.86616381156269,37.1876842656941,72.11582225225955,0.3890572503157061,0.19070607315740565,0.36982472949876694,cuSPARSE 12.8.6,CUDA,13040,13000,2026-10-08T10:01:27.524537+00:00,source,csr-alg2,0,0,,,,5,20,4,true
3,full-20261009-A100-SXM4-80GB-spmm-fp32-cusparse-csr-alg2-n16-13.4.1,cuSPARSE-CUDA-13.4.1-SpMM-CSR-ALG2,cuSPARSE CUDA 13.4.1 SpMM CSR ALG2 [cuSPARSE 12.8.6],csr-alg2,cuSPARSE-SpMM-CSR,candidate,,,csr,csr,CUSPARSE_SPMM_CSR_ALG2,library-preprocess,spmm.csr.fp32,fp32,A100-SXM4-80GB,A100-SXM4-80GB,,19500.0,df2405bf-ab33-5b32-9511-7da1122118f9,suitesparse_all,AG-Monien/debr,debr,1048576,1048576,4194298,16,row-major,N,N,1.0,0.0,20260922,main,pass,pass,0,0,134217536.0,0.32972,1.9958272934,2.3255472934,2.0123132934,67.24907332605575,57.71438679441822,66.69813117083093,0.3448670426977218,0.29597121433034984,0.34204169831195347,cuSPARSE 12.8.6,CUDA,13040,13000,2026-10-08T10:01:52.025937+00:00,source,csr-alg2,0,0,,,,5,20,4,true
3,full-20261009-A100-SXM4-80GB-spmm-fp32-cusparse-csr-alg2-n16-13.4.1,cuSPARSE-CUDA-13.4.1-SpMM-CSR-ALG2,cuSPARSE CUDA 13.4.1 SpMM CSR ALG2 [cuSPARSE 12.8.6],csr-alg2,cuSPARSE-SpMM-CSR,candidate,,,csr,csr,CUSPARSE_SPMM_CSR_ALG2,library-preprocess,spmm.csr.fp32,fp32,A100-SXM4-80GB,A100-SXM4-80GB,,19500.0,2793479a-b9ba-5e32-964d-96d3a38ca48f,suitesparse_all,AG-Monien/grid1_dual,grid1_dual,224,224,840,16,row-major,N,N,1.0,0.0,20260922,main,pass,pass,0,0,26880.0,0.012649,0.0195583999157,0.0322073999157,0.0201908499157,1.3743455556618809,0.8345908105080201,1.3312961124582798,0.0070479259264711845,0.004279952874400103,0.006827159551068102,cuSPARSE 12.8.6,CUDA,13040,13000,2026-10-07T09:38:18.344906+00:00,source,csr-alg2,0,0,,,,5,20,4,true
3,full-20261009-A100-SXM4-80GB-spmm-fp32-cusparse-csr-alg2-n16-13.4.1,cuSPARSE-CUDA-13.4.1-SpMM-CSR-ALG2,cuSPARSE CUDA 13.4.1 SpMM CSR ALG2 [cuSPARSE 12.8.6],csr-alg2,cuSPARSE-SpMM-CSR,candidate,,,csr,csr,CUSPARSE_SPMM_CSR_ALG2,library-preprocess,spmm.csr.fp32,fp32,A100-SXM4-80GB,A100-SXM4-80GB,,19500.0,df2405bf-ab33-5b32-9511-7da1122118f9,suitesparse_all,AG-Monien/stufe,stufe,1036,1036,3736,16,row-major,N,N,1.0,0.0,20260922,main,pass,pass,0,0,119552.0,0.015129,0.0180224001408,0.0331514001408,0.0187788501408,6.633522675448331,3.6062428582877644,6.366310988352503,0.03401806500229913,0.01849355311942443,0.032647748658217964,cuSPARSE 12.8.6,CUDA,13040,13000,2026-10-08T10:01:28.996881+00:00,source,csr-alg2,0,0,,,,5,20,4,true
3,full-20261009-A100-SXM4-80GB-spmm-fp32-cusparse-csr-alg2-n16-13.4.1,cuSPARSE-CUDA-13.4.1-SpMM-CSR-ALG2,cuSPARSE CUDA 13.4.1 SpMM CSR ALG2 [cuSPARSE 12.8.6],csr-alg2,cuSPARSE-SpMM-CSR,candidate,,,csr,csr,CUSPARSE_SPMM_CSR_ALG2,library-preprocess,spmm.csr.fp32,fp32,A100-SXM4-80GB,A100-SXM4-80GB,,19500.0,238ed034-08d6-5e0f-b7b4-c4d0b9e54f50,suitesparse_all,AG-Monien/ukerbe1,ukerbe1,5981,5981,15704,16,row-major,N,N,1.0,0.0,20260922,main,pass,pass,0,0,502528.0,0.19962,0.0253439992666,0.224963999267,0.0353249992666,19.82828340207004,2.2338151954863292,14.2258460136797,0.10168350462600019,0.011455462540955535,0.07295305648040872,cuSPARSE 12.8.6,CUDA,13040,13000,2026-10-07T14:52:51.538367+00:00,source,csr-alg2,0,0,,,,5,20,4,true
3,full-20261009-A100-SXM4-80GB-spmm-fp32-cusparse-csr-alg2-n16-13.4.1,cuSPARSE-CUDA-13.4.1-SpMM-CSR-ALG2,cuSPARSE CUDA 13.4.1 SpMM CSR ALG2 [cuSPARSE 12.8.6],csr-alg2,cuSPARSE-SpMM-CSR,candidate,,,csr,csr,CUSPARSE_SPMM_CSR_ALG2,library-preprocess,spmm.csr.fp32,fp32,A100-SXM4-80GB,A100-SXM4-80GB,,19500.0,df2405bf-ab33-5b32-9511-7da1122118f9,suitesparse_all,AG-Monien/ukerbe1_dual,ukerbe1_dual,1866,1866,7076,16,row-major,N,N,1.0,0.0,20260922,main,pass,pass,0,0,226432.0,0.01691,0.0187391996384,0.0356491996384,0.0195846996384,12.083333566498752,6.351671350177966,11.561678462304908,0.06196581316153206,0.03257267359065624,0.05929065878105081,cuSPARSE 12.8.6,CUDA,13040,13000,2026-10-08T10:01:28.270160+00:00,source,csr-alg2,0,0,,,,5,20,4,true
3,full-20261009-A100-SXM4-80GB-spmm-fp32-cusparse-csr-alg2-n16-13.4.1,cuSPARSE-CUDA-13.4.1-SpMM-CSR-ALG2,cuSPARSE CUDA 13.4.1 SpMM CSR ALG2 [cuSPARSE 12.8.6],csr-alg2,cuSPARSE-SpMM-CSR,candidate,,,csr,csr,CUSPARSE_SPMM_CSR_ALG2,library-preprocess,spmm.csr.fp32,fp32,A100-SXM4-80GB,A100-SXM4-80GB,,19500.0,2793479a-b9ba-5e32-964d-96d3a38ca48f,suitesparse_all,AG-Monien/whitaker3_dual,whitaker3_dual,19190,19190,57162,16,row-major,N,N,1.0,0.0,20260922,main,pass,pass,0,0,1829184.0,0.04276,0.0294912010431,0.0722512010431,0.0316292010431,62.024737389526244,25.317004749981074,57.8321278968582,0.3180755763565448,0.12983079358964653,0.2965750148556831,cuSPARSE 12.8.6,CUDA,13040,13000,2026-10-07T09:38:19.358121+00:00,source,csr-alg2,0,0,,,,5,20,4,true
3,full-20261009-A100-SXM4-80GB-spmm-fp32-cusparse-csr-alg2-n16-13.4.1,cuSPARSE-CUDA-13.4.1-SpMM-CSR-ALG2,cuSPARSE CUDA 13.4.1 SpMM CSR ALG2 [cuSPARSE 12.8.6],csr-alg2,cuSPARSE-SpMM-CSR,candidate,,,csr,csr,CUSPARSE_SPMM_CSR_ALG2,library-preprocess,spmm.csr.fp32,fp32,A100-SXM4-80GB,A100-SXM4-80GB,,19500.0,238ed034-08d6-5e0f-b7b4-c4d0b9e54f50,suitesparse_all,ATandT/twotone,twotone,120750,120750,1224224,16,row-major,N,N,1.0,0.0,20260922,main,pass,pass,0,0,39175168.0,0.05163,0.192255997658,0.243885997658,0.194837497658,203.76564828779934,160.6290167381201,201.06585472969132,1.044952042501535,0.823738547374975,1.0311069473317505,cuSPARSE 12.8.6,CUDA,13040,13000,2026-10-07T14:27:18.954789+00:00,source,csr-alg2,0,0,,,,5,20,4,true
3,full-20261009-A100-SXM4-80GB-spmm-fp32-cusparse-csr-alg2-n16-13.4.1,cuSPARSE-CUDA-13.4.1-SpMM-CSR-ALG2,cuSPARSE CUDA 13.4.1 SpMM CSR ALG2 [cuSPARSE 12.8.6],csr-alg2,cuSPARSE-SpMM-CSR,candidate,,,csr,csr,CUSPARSE_SPMM_CSR_ALG2,library-preprocess,spmm.csr.fp32,fp32,A100-SXM4-80GB,A100-SXM4-80GB,,19500.0,238ed034-08d6-5e0f-b7b4-c4d0b9e54f50,suitesparse_all,Andrianov/ins2,ins2,309412,309412,2751484,16,row-major,N,N,1.0,0.0,20260922,main,pass,pass,0,0,88047488.0,0.04946,0.488265609741,0.537725609741,0.490738609741,180.32703152430642,163.74055169588965,179.4183018256284,0.9247540078169559,0.8396951369019983,0.9200938555160431,cuSPARSE 12.8.6,CUDA,13040,13000,2026-10-07T14:33:41.327664+00:00,source,csr-alg2,0,0,,,,5,20,4,true
3,full-20261009-A100-SXM4-80GB-spmm-fp32-cusparse-csr-alg2-n16-13.4.1,cuSPARSE-CUDA-13.4.1-SpMM-CSR-ALG2,cuSPARSE CUDA 13.4.1 SpMM CSR ALG2 [cuSPARSE 12.8.6],csr-alg2,cuSPARSE-SpMM-CSR,candidate,,,csr,csr,CUSPARSE_SPMM_CSR_ALG2,library-preprocess,spmm.csr.fp32,fp32,A100-SXM4-80GB,A100-SXM4-80GB,,19500.0,df2405bf-ab33-5b32-9511-7da1122118f9,suitesparse_all,Andrianov/lp1,lp1,534388,534388,1643420,16,row-major,N,N,1.0,0.0,20260922,main,pass,pass,0,0,52589440.0,0.974351,0.388403201103,1.3627542011,0.437120751103,135.3990900452283,38.5905543035937,120.30872445954459,0.6943543079242476,0.19790027847996766,0.6169678177412543,cuSPARSE 12.8.6,CUDA,13040,13000,2026-10-08T09:39:52.543111+00:00,source,csr-alg2,0,0,,,,5,20,4,true
3,full-20261009-A100-SXM4-80GB-spmm-fp32-cusparse-csr-alg2-n16-13.4.1,cuSPARSE-CUDA-13.4.1-SpMM-CSR-ALG2,cuSPARSE CUDA 13.4.1 SpMM CSR ALG2 [cuSPARSE 12.8.6],csr-alg2,cuSPARSE-SpMM-CSR,candidate,,,csr,csr,CUSPARSE_SPMM_CSR_ALG2,library-preprocess,spmm.csr.fp32,fp32,A100-SXM4-80GB,A100-SXM4-80GB,,19500.0,2793479a-b9ba-5e32-964d-96d3a38ca48f,suitesparse_all,Andrianov/mip1,mip1,66463,66463,10352819,16,row-major,N,N,1.0,0.0,20260922,main,pass,pass,0,0,331290208.0,0.08998,1.0937456131,1.1837256131,1.0982446131,302.8951193331191,279.87077776614177,301.6542981848749,1.5533083042724056,1.4352347577750861,1.5469451188967944,cuSPARSE 12.8.6,CUDA,13040,13000,2026-10-07T09:00:31.567624+00:00,source,csr-alg2,0,0,,,,5,20,4,true
3,full-20261009-A100-SXM4-80GB-spmm-fp32-cusparse-csr-alg2-n16-13.4.1,cuSPARSE-CUDA-13.4.1-SpMM-CSR-ALG2,cuSPARSE CUDA 13.4.1 SpMM CSR ALG2 [cuSPARSE 12.8.6],csr-alg2,cuSPARSE-SpMM-CSR,candidate,,,csr,csr,CUSPARSE_SPMM_CSR_ALG2,library-preprocess,spmm.csr.fp32,fp32,A100-SXM4-80GB,A100-SXM4-80GB,,19500.0,238ed034-08d6-5e0f-b7b4-c4d0b9e54f50,suitesparse_all,Andrianov/net4-1,net4-1,88343,88343,2441727,16,row-major,N,N,1.0,0.0,20260922,main,pass,pass,0,0,78135264.0,0.04902,0.743899202347,0.792919202347,0.746350202347,105.03474631170923,98.54126847820514,104.68981418413635,0.538639724675432,0.5053398383497699,0.5368708419699301,cuSPARSE 12.8.6,CUDA,13040,13000,2026-10-07T14:33:47.963423+00:00,source,csr-alg2,0,0,,,,5,20,4,true
3,full-20261009-A100-SXM4-80GB-spmm-fp32-cusparse-csr-alg2-n16-13.4.1,cuSPARSE-CUDA-13.4.1-SpMM-CSR-ALG2,cuSPARSE CUDA 13.4.1 SpMM CSR ALG2 [cuSPARSE 12.8.6],csr-alg2,cuSPARSE-SpMM-CSR,candidate,,,csr,csr,CUSPARSE_SPMM_CSR_ALG2,library-preprocess,spmm.csr.fp32,fp32,A100-SXM4-80GB,A100-SXM4-80GB,,19500.0,df2405bf-ab33-5b32-9511-7da1122118f9,suitesparse_all,Andrianov/net50,net50,16320,16320,945200,16,row-major,N,N,1.0,0.0,20260922,main,pass,pass,0,0,30246400.0,0.02533,0.116889595985,0.142219595985,0.118156095985,258.76041186660797,212.67392717941703,255.98679228399524,1.32697647111081,1.0906355239970105,1.3127527809435653,cuSPARSE 12.8.6,CUDA,13040,13000,2026-10-08T09:39:55.359762+00:00,source,csr-alg2,0,0,,,,5,20,4,true
3,full-20261009-A100-SXM4-80GB-spmm-fp32-cusparse-csr-alg2-n16-13.4.1,cuSPARSE-CUDA-13.4.1-SpMM-CSR-ALG2,cuSPARSE CUDA 13.4.1 SpMM CSR ALG2 [cuSPARSE 12.8.6],csr-alg2,cuSPARSE-SpMM-CSR,candidate,,,csr,csr,CUSPARSE_SPMM_CSR_ALG2,library-preprocess,spmm.csr.fp32,fp32,A100-SXM4-80GB,A100-SXM4-80GB,,19500.0,2793479a-b9ba-5e32-964d-96d3a38ca48f,suitesparse_all,Andrianov/pattern1,pattern1,19242,19242,9323432,16,row-major,N,N,1.0,0.0,20260922,main,pass,pass,0,0,298349824.0,0.8047,1.105971241,1.910671241,1.146206241,269.7627324651202,156.1492200216772,260.2933166196222,1.3833986280262576,0.8007652308803959,1.3348375211262677,cuSPARSE 12.8.6,CUDA,13040,13000,2026-10-07T09:00:52.133077+00:00,source,csr-alg2,0,0,,,,5,20,4,true
3,full-20261009-A100-SXM4-80GB-spmm-fp32-cusparse-csr-alg2-n16-13.4.1,cuSPARSE-CUDA-13.4.1-SpMM-CSR-ALG2,cuSPARSE CUDA 13.4.1 SpMM CSR ALG2 [cuSPARSE 12.8.6],csr-alg2,cuSPARSE-SpMM-CSR,candidate,,,csr,csr,CUSPARSE_SPMM_CSR_ALG2,library-preprocess,spmm.csr.fp32,fp32,A100-SXM4-80GB,A100-SXM4-80GB,,19500.0,df2405bf-ab33-5b32-9511-7da1122118f9,suitesparse_all,Arenas/celegans_metabolic,celegans_metabolic,453,453,4065,16,row-major,N,N,1.0,0.0,20260922,main,pass,pass,0,0,130080.0,0.01457,0.0169471994042,0.0315171994042,0.0176756994042,7.675604499452721,4.127270266997944,7.359256175690062,0.0393620743561678,0.021165488548707406,0.03773977525994904,cuSPARSE 12.8.6,CUDA,13040,13000,2026-10-08T10:01:26.468330+00:00,source,csr-alg2,0,0,,,,5,20,4,true
3,full-20261009-A100-SXM4-80GB-spmm-fp32-cusparse-csr-alg2-n16-13.4.1,cuSPARSE-CUDA-13.4.1-SpMM-CSR-ALG2,cuSPARSE CUDA 13.4.1 SpMM CSR ALG2 [cuSPARSE 12.8.6],csr-alg2,cuSPARSE-SpMM-CSR,candidate,,,csr,csr,CUSPARSE_SPMM_CSR_ALG2,library-preprocess,spmm.csr.fp32,fp32,A100-SXM4-80GB,A100-SXM4-80GB,,19500.0,238ed034-08d6-5e0f-b7b4-c4d0b9e54f50,suitesparse_all,Arenas/jazz,jazz,198,198,5484,16,row-major,N,N,1.0,0.0,20260922,main,pass,pass,0,0,175488.0,0.01294,0.0196096003056,0.0325496003056,0.0202566003056,8.949086022415516,5.391402608707553,8.663250365436978,0.04589274883290008,0.02764821850619258,0.04442692495095886,cuSPARSE 12.8.6,CUDA,13040,13000,2026-10-07T14:52:50.058853+00:00,source,csr-alg2,0,0,,,,5,20,4,true
3,full-20261009-A100-SXM4-80GB-spmm-fp32-cusparse-csr-alg2-n16-13.4.1,cuSPARSE-CUDA-13.4.1-SpMM-CSR-ALG2,cuSPARSE CUDA 13.4.1 SpMM CSR ALG2 [cuSPARSE 12.8.6],csr-alg2,cuSPARSE-SpMM-CSR,candidate,,,csr,csr,CUSPARSE_SPMM_CSR_ALG2,library-preprocess,spmm.csr.fp32,fp32,A100-SXM4-80GB,A100-SXM4-80GB,,19500.0,df2405bf-ab33-5b32-9511-7da1122118f9,suitesparse_all,Averous/epb0,epb0,1794,1794,7764,16,row-major,N,N,1.0,0.0,20260922,main,pass,pass,0,0,248448.0,0.01435,0.0207872003317,0.0351372003317,0.0215047003317,11.951970252632941,7.070796695656362,11.553195169791032,0.06129215514170739,0.03626049587516083,0.05924715471687708,cuSPARSE 12.8.6,CUDA,13040,13000,2026-10-08T09:33:50.653374+00:00,source,csr-alg2,0,0,,,,5,20,4,true
3,full-20261009-A100-SXM4-80GB-spmm-fp32-cusparse-csr-alg2-n16-13.4.1,cuSPARSE-CUDA-13.4.1-SpMM-CSR-ALG2,cuSPARSE CUDA 13.4.1 SpMM CSR ALG2 [cuSPARSE 12.8.6],csr-alg2,cuSPARSE-SpMM-CSR,candidate,,,csr,csr,CUSPARSE_SPMM_CSR_ALG2,library-preprocess,spmm.csr.fp32,fp32,A100-SXM4-80GB,A100-SXM4-80GB,,19500.0,2793479a-b9ba-5e32-964d-96d3a38ca48f,suitesparse_all,Averous/epb2,epb2,25228,25228,175027,16,row-major,N,N,1.0,0.0,20260922,main,pass,pass,0,0,5600864.0,0.02301,0.0423424005508,0.0653524005508,0.0434929005508,132.27554241475758,85.7024983442852,128.77651131724713,0.6783361149474748,0.43949999150915486,0.6603923657294725,cuSPARSE 12.8.6,CUDA,13040,13000,2026-10-07T08:50:49.944378+00:00,source,csr-alg2,0,0,,,,5,20,4,true
3,full-20261009-A100-SXM4-80GB-spmm-fp32-cusparse-csr-alg2-n16-13.4.1,cuSPARSE-CUDA-13.4.1-SpMM-CSR-ALG2,cuSPARSE CUDA 13.4.1 SpMM CSR ALG2 [cuSPARSE 12.8.6],csr-alg2,cuSPARSE-SpMM-CSR,candidate,,,csr,csr,CUSPARSE_SPMM_CSR_ALG2,library-preprocess,spmm.csr.fp32,fp32,A100-SXM4-80GB,A100-SXM4-80GB,,19500.0,238ed034-08d6-5e0f-b7b4-c4d0b9e54f50,suitesparse_all,Bai/bfwa782,bfwa782,782,782,7514,16,row-major,N,N,1.0,0.0,20260922,main,pass,pass,0,0,240448.0,0.0129,0.0174751996994,0.0303751996994,0.0181201996994,13.759384964754116,7.915931496073409,13.269610930831064,0.07056094853720059,0.040594520492684145,0.0680492868247747,cuSPARSE 12.8.6,CUDA,13040,13000,2026-10-07T14:27:19.907965+00:00,source,csr-alg2,0,0,,,,5,20,4,true
3,full-20261009-A100-SXM4-80GB-spmm-fp32-cusparse-csr-alg2-n16-13.4.1,cuSPARSE-CUDA-13.4.1-SpMM-CSR-ALG2,cuSPARSE CUDA 13.4.1 SpMM CSR ALG2 [cuSPARSE 12.8.6],csr-alg2,cuSPARSE-SpMM-CSR,candidate,,,csr,csr,CUSPARSE_SPMM_CSR_ALG2,library-preprocess,spmm.csr.fp32,fp32,A100-SXM4-80GB,A100-SXM4-80GB,,19500.0,df2405bf-ab33-5b32-9511-7da1122118f9,suitesparse_all,Bai/bfwb398,bfwb398,398,398,2910,16,row-major,N,N,1.0,0.0,20260922,main,pass,pass,0,0,93120.0,0.0142,0.0192000001669,0.0334000001669,0.0199100001669,4.849999957840366,2.788023938164036,4.677046670989498,0.02487179465559162,0.014297558657251467,0.023984854723023065,cuSPARSE 12.8.6,CUDA,13040,13000,2026-10-08T09:33:51.351655+00:00,source,csr-alg2,0,0,,,,5,20,4,true
3,full-20261009-A100-SXM4-80GB-spmm-fp32-cusparse-csr-alg2-n16-13.4.1,cuSPARSE-CUDA-13.4.1-SpMM-CSR-ALG2,cuSPARSE CUDA 13.4.1 SpMM CSR ALG2 [cuSPARSE 12.8.6],csr-alg2,cuSPARSE-SpMM-CSR,candidate,,,csr,csr,CUSPARSE_SPMM_CSR_ALG2,library-preprocess,spmm.csr.fp32,fp32,A100-SXM4-80GB,A100-SXM4-80GB,,19500.0,2793479a-b9ba-5e32-964d-96d3a38ca48f,suitesparse_all,Bai/bfwb782,bfwb782,782,782,5982,16,row-major,N,N,1.0,0.0,20260922,main,pass,pass,0,0,191424.0,0.01424,0.020377600193,0.034617600193,0.021089600193,9.3938441321347,5.5296727367805145,9.07670122943046,0.048173559651972814,0.028357296086053918,0.04654718579195108,cuSPARSE 12.8.6,CUDA,13040,13000,2026-10-07T08:50:51.144179+00:00,source,csr-alg2,0,0,,,,5,20,4,true
3,full-20261009-A100-SXM4-80GB-spmm-fp32-cusparse-csr-alg2-n16-13.4.1,cuSPARSE-CUDA-13.4.1-SpMM-CSR-ALG2,cuSPARSE CUDA 13.4.1 SpMM CSR ALG2 [cuSPARSE 12.8.6],csr-alg2,cuSPARSE-SpMM-CSR,candidate,,,csr,csr,CUSPARSE_SPMM_CSR_ALG2,library-preprocess,spmm.csr.fp32,fp32,A100-SXM4-80GB,A100-SXM4-80GB,,19500.0,238ed034-08d6-5e0f-b7b4-c4d0b9e54f50,suitesparse_all,Bai/cdde3,cdde3,961,961,4681,16,row-major,N,N,1.0,0.0,20260922,main,pass,pass,0,0,149792.0,0.01459,0.0172368004918,0.0318268004918,0.0179663004918,8.690243880890772,4.706473716658798,8.337386991181996,0.04456535323533729,0.024135762649532298,0.04275583072401023,cuSPARSE 12.8.6,CUDA,13040,13000,2026-10-07T14:27:20.919223+00:00,source,csr-alg2,0,0,,,,5,20,4,true
3,full-20261009-A100-SXM4-80GB-spmm-fp32-cusparse-csr-alg2-n16-13.4.1,cuSPARSE-CUDA-13.4.1-SpMM-CSR-ALG2,cuSPARSE CUDA 13.4.1 SpMM CSR ALG2 [cuSPARSE 12.8.6],csr-alg2,cuSPARSE-SpMM-CSR,candidate,,,csr,csr,CUSPARSE_SPMM_CSR_ALG2,library-preprocess,spmm.csr.fp32,fp32,A100-SXM4-80GB,A100-SXM4-80GB,,19500.0,df2405bf-ab33-5b32-9511-7da1122118f9,suitesparse_all,Bai/cdde4,cdde4,961,961,4681,16,row-major,N,N,1.0,0.0,20260922,main,pass,pass,0,0,149792.0,0.01416,0.0205824002624,0.0347424002624,0.0212904002624,7.277674036571941,4.311504066174511,7.035659177556225,0.03732140531575355,0.022110277262433392,0.0360803034746473,cuSPARSE 12.8.6,CUDA,13040,13000,2026-10-08T09:33:51.921088+00:00,source,csr-alg2,0,0,,,,5,20,4,true
3,full-20261009-A100-SXM4-80GB-spmm-fp32-cusparse-csr-alg2-n16-13.4.1,cuSPARSE-CUDA-13.4.1-SpMM-CSR-ALG2,cuSPARSE CUDA 13.4.1 SpMM CSR ALG2 [cuSPARSE 12.8.6],csr-alg2,cuSPARSE-SpMM-CSR,candidate,,,csr,csr,CUSPARSE_SPMM_CSR_ALG2,library-preprocess,spmm.csr.fp32,fp32,A100-SXM4-80GB,A100-SXM4-80GB,,19500.0,2793479a-b9ba-5e32-964d-96d3a38ca48f,suitesparse_all,Bai/cdde6,cdde6,961,961,4681,16,row-major,N,N,1.0,0.0,20260922,main,pass,pass,0,0,149792.0,0.01452,0.0202736005187,0.0347936005187,0.0209996005187,7.388524789261513,4.305159505395066,7.133088073109355,0.037889870714161604,0.02207774105330803,0.03657993883645823,cuSPARSE 12.8.6,CUDA,13040,13000,2026-10-07T08:50:52.397135+00:00,source,csr-alg2,0,0,,,,5,20,4,true
3,full-20261009-A100-SXM4-80GB-spmm-fp32-cusparse-csr-alg2-n16-13.4.1,cuSPARSE-CUDA-13.4.1-SpMM-CSR-ALG2,cuSPARSE CUDA 13.4.1 SpMM CSR ALG2 [cuSPARSE 12.8.6],csr-alg2,cuSPARSE-SpMM-CSR,candidate,,,csr,csr,CUSPARSE_SPMM_CSR_ALG2,library-preprocess,spmm.csr.fp32,fp32,A100-SXM4-80GB,A100-SXM4-80GB,,19500.0,238ed034-08d6-5e0f-b7b4-c4d0b9e54f50,suitesparse_all,Bai/dw2048,dw2048,2048,2048,10114,16,row-major,N,N,1.0,0.0,20260922,main,pass,pass,0,0,323648.0,0.023729,0.0173567995429,0.0410857995429,0.0185432495429,18.64675565331352,7.8773689109314,17.453683037120165,0.09562438796571035,0.04039676364580205,0.08950606685702649,cuSPARSE 12.8.6,CUDA,13040,13000,2026-10-07T14:37:40.172426+00:00,source,csr-alg2,0,0,,,,5,20,4,true
3,full-20261009-A100-SXM4-80GB-spmm-fp32-cusparse-csr-alg2-n16-13.4.1,cuSPARSE-CUDA-13.4.1-SpMM-CSR-ALG2,cuSPARSE CUDA 13.4.1 SpMM CSR ALG2 [cuSPARSE 12.8.6],csr-alg2,cuSPARSE-SpMM-CSR,candidate,,,csr,csr,CUSPARSE_SPMM_CSR_ALG2,library-preprocess,spmm.csr.fp32,fp32,A100-SXM4-80GB,A100-SXM4-80GB,,19500.0,238ed034-08d6-5e0f-b7b4-c4d0b9e54f50,suitesparse_all,Bai/dw256A,dw256A,512,512,2480,16,row-major,N,N,1.0,0.0,20260922,main,pass,pass,0,0,79360.0,0.01369,0.0163552001119,0.0300452001119,0.0170397001119,4.8522793641795845,2.6413536839306286,4.657358960477093,0.024883483918869662,0.013545403507336556,0.023883892105010733,cuSPARSE 12.8.6,CUDA,13040,13000,2026-10-07T14:27:21.596109+00:00,source,csr-alg2,0,0,,,,5,20,4,true
3,full-20261009-A100-SXM4-80GB-spmm-fp32-cusparse-csr-alg2-n16-13.4.1,cuSPARSE-CUDA-13.4.1-SpMM-CSR-ALG2,cuSPARSE CUDA 13.4.1 SpMM CSR ALG2 [cuSPARSE 12.8.6],csr-alg2,cuSPARSE-SpMM-CSR,candidate,,,csr,csr,CUSPARSE_SPMM_CSR_ALG2,library-preprocess,spmm.csr.fp32,fp32,A100-SXM4-80GB,A100-SXM4-80GB,,19500.0,df2405bf-ab33-5b32-9511-7da1122118f9,suitesparse_all,Bai/dw256B,dw256B,512,512,2500,16,row-major,N,N,1.0,0.0,20260922,main,pass,pass,0,0,80000.0,0.013351,0.0198144003749,0.0331654003749,0.0204819503749,4.0374676238671565,2.4121523966448186,3.905878030933887,0.020704962173677725,0.01237001229048625,0.020030143748378908,cuSPARSE 12.8.6,CUDA,13040,13000,2026-10-08T09:33:52.552217+00:00,source,csr-alg2,0,0,,,,5,20,4,true
3,full-20261009-A100-SXM4-80GB-spmm-fp32-cusparse-csr-alg2-n16-13.4.1,cuSPARSE-CUDA-13.4.1-SpMM-CSR-ALG2,cuSPARSE CUDA 13.4.1 SpMM CSR ALG2 [cuSPARSE 12.8.6],csr-alg2,cuSPARSE-SpMM-CSR,candidate,,,csr,csr,CUSPARSE_SPMM_CSR_ALG2,library-preprocess,spmm.csr.fp32,fp32,A100-SXM4-80GB,A100-SXM4-80GB,,19500.0,df2405bf-ab33-5b32-9511-7da1122118f9,suitesparse_all,Bai/dw8192,dw8192,8192,8192,41746,16,row-major,N,N,1.0,0.0,20260922,main,pass,pass,0,0,1335872.0,0.03255,0.0198607996106,0.0524107996106,0.0214882996106,67.26174304115256,25.488487295084543,62.16741316009134,0.3449320155956541,0.1307101912568438,0.3188072469748274,cuSPARSE 12.8.6,CUDA,13040,13000,2026-10-08T09:44:03.099715+00:00,source,csr-alg2,0,0,,,,5,20,4,true
3,full-20261009-A100-SXM4-80GB-spmm-fp32-cusparse-csr-alg2-n16-13.4.1,cuSPARSE-CUDA-13.4.1-SpMM-CSR-ALG2,cuSPARSE CUDA 13.4.1 SpMM CSR ALG2 [cuSPARSE 12.8.6],csr-alg2,cuSPARSE-SpMM-CSR,candidate,,,csr,csr,CUSPARSE_SPMM_CSR_ALG2,library-preprocess,spmm.csr.fp32,fp32,A100-SXM4-80GB,A100-SXM4-80GB,,19500.0,2793479a-b9ba-5e32-964d-96d3a38ca48f,suitesparse_all,Bai/dwb512,dwb512,512,512,2500,16,row-major,N,N,1.0,0.0,20260922,main,pass,pass,0,0,80000.0,0.01681,0.0196096003056,0.0364196003056,0.0204501003056,4.079634401174105,2.196619384307162,3.911961252243493,0.020921202057303103,0.011264714791318782,0.020061339755094835,cuSPARSE 12.8.6,CUDA,13040,13000,2026-10-07T09:02:35.841422+00:00,source,csr-alg2,0,0,,,,5,20,4,true
3,full-20261009-A100-SXM4-80GB-spmm-fp32-cusparse-csr-alg2-n16-13.4.1,cuSPARSE-CUDA-13.4.1-SpMM-CSR-ALG2,cuSPARSE CUDA 13.4.1 SpMM CSR ALG2 [cuSPARSE 12.8.6],csr-alg2,cuSPARSE-SpMM-CSR,candidate,,,csr,csr,CUSPARSE_SPMM_CSR_ALG2,library-preprocess,spmm.csr.fp32,fp32,A100-SXM4-80GB,A100-SXM4-80GB,,19500.0,2793479a-b9ba-5e32-964d-96d3a38ca48f,suitesparse_all,Bai/lop163,lop163,163,163,935,16,row-major,N,N,1.0,0.0,20260922,main,pass,pass,0,0,29920.0,0.014631,0.0180592000484,0.0326902000484,0.0187907500484,1.6567732745532566,0.915259005931486,1.5922727896935458,0.008496273202837214,0.0046936359278537745,0.008165501485607927,cuSPARSE 12.8.6,CUDA,13040,13000,2026-10-07T08:50:53.394665+00:00,source,csr-alg2,0,0,,,,5,20,4,true
3,full-20261009-A100-SXM4-80GB-spmm-fp32-cusparse-csr-alg2-n16-13.4.1,cuSPARSE-CUDA-13.4.1-SpMM-CSR-ALG2,cuSPARSE CUDA 13.4.1 SpMM CSR ALG2 [cuSPARSE 12.8.6],csr-alg2,cuSPARSE-SpMM-CSR,candidate,,,csr,csr,CUSPARSE_SPMM_CSR_ALG2,library-preprocess,spmm.csr.fp32,fp32,A100-SXM4-80GB,A100-SXM4-80GB,,19500.0,238ed034-08d6-5e0f-b7b4-c4d0b9e54f50,suitesparse_all,Bai/mhd3200a,mhd3200a,3200,3200,68026,16,row-major,N,N,1.0,0.0,20260922,main,pass,pass,0,0,2176832.0,0.0188,0.0193039998412,0.0381039998412,0.0202439998412,112.76585256460926,57.12870063699448,107.52973804958121,0.5782864234082526,0.29296769557433067,0.5514345541004164,cuSPARSE 12.8.6,CUDA,13040,13000,2026-10-07T14:37:41.185946+00:00,source,csr-alg2,0,0,,,,5,20,4,true
3,full-20261009-A100-SXM4-80GB-spmm-fp32-cusparse-csr-alg2-n16-13.4.1,cuSPARSE-CUDA-13.4.1-SpMM-CSR-ALG2,cuSPARSE CUDA 13.4.1 SpMM CSR ALG2 [cuSPARSE 12.8.6],csr-alg2,cuSPARSE-SpMM-CSR,candidate,,,csr,csr,CUSPARSE_SPMM_CSR_ALG2,library-preprocess,spmm.csr.fp32,fp32,A100-SXM4-80GB,A100-SXM4-80GB,,19500.0,df2405bf-ab33-5b32-9511-7da1122118f9,suitesparse_all,Bai/mhd3200b,mhd3200b,3200,3200,18316,16,row-major,N,N,1.0,0.0,20260922,main,pass,pass,0,0,586112.0,0.01418,0.0175935998559,0.0317735998559,0.0183025998559,33.31393261188942,18.446509135198465,32.02342861749566,0.1708406800609714,0.09459748274460751,0.1642227108589521,cuSPARSE 12.8.6,CUDA,13040,13000,2026-10-08T09:44:03.970441+00:00,source,csr-alg2,0,0,,,,5,20,4,true
3,full-20261009-A100-SXM4-80GB-spmm-fp32-cusparse-csr-alg2-n16-13.4.1,cuSPARSE-CUDA-13.4.1-SpMM-CSR-ALG2,cuSPARSE CUDA 13.4.1 SpMM CSR ALG2 [cuSPARSE 12.8.6],csr-alg2,cuSPARSE-SpMM-CSR,candidate,,,csr,csr,CUSPARSE_SPMM_CSR_ALG2,library-preprocess,spmm.csr.fp32,fp32,A100-SXM4-80GB,A100-SXM4-80GB,,19500.0,2793479a-b9ba-5e32-964d-96d3a38ca48f,suitesparse_all,Bai/mhd4800b,mhd4800b,4800,4800,27520,16,row-major,N,N,1.0,0.0,20260922,main,pass,pass,0,0,880640.0,0.02614,0.0227328002453,0.0488728002453,0.0240398002453,38.738738320725446,18.01902071458837,36.632583923910644,0.19866019651654074,0.09240523443378651,0.1878594047380033,cuSPARSE 12.8.6,CUDA,13040,13000,2026-10-07T09:02:36.787464+00:00,source,csr-alg2,0,0,,,,5,20,4,true
3,full-20261009-A100-SXM4-80GB-spmm-fp32-cusparse-csr-alg2-n16-13.4.1,cuSPARSE-CUDA-13.4.1-SpMM-CSR-ALG2,cuSPARSE CUDA 13.4.1 SpMM CSR ALG2 [cuSPARSE 12.8.6],csr-alg2,cuSPARSE-SpMM-CSR,candidate,,,csr,csr,CUSPARSE_SPMM_CSR_ALG2,library-preprocess,spmm.csr.fp32,fp32,A100-SXM4-80GB,A100-SXM4-80GB,,19500.0,238ed034-08d6-5e0f-b7b4-c4d0b9e54f50,suitesparse_all,Bai/olm100,olm100,100,100,396,16,row-major,N,N,1.0,0.0,20260922,main,pass,pass,0,0,12672.0,0.01274,0.0146415993571,0.0273815993571,0.0152785993571,0.8654792206054387,0.46279254307744344,0.829395398349214,0.004438354977463788,0.002373295092704838,0.0042533097351241745,cuSPARSE 12.8.6,CUDA,13040,13000,2026-10-07T14:27:22.174554+00:00,source,csr-alg2,0,0,,,,5,20,4,true
3,full-20261009-A100-SXM4-80GB-spmm-fp32-cusparse-csr-alg2-n16-13.4.1,cuSPARSE-CUDA-13.4.1-SpMM-CSR-ALG2,cuSPARSE CUDA 13.4.1 SpMM CSR ALG2 [cuSPARSE 12.8.6],csr-alg2,cuSPARSE-SpMM-CSR,candidate,,,csr,csr,CUSPARSE_SPMM_CSR_ALG2,library-preprocess,spmm.csr.fp32,fp32,A100-SXM4-80GB,A100-SXM4-80GB,,19500.0,df2405bf-ab33-5b32-9511-7da1122118f9,suitesparse_all,Bai/olm1000,olm1000,1000,1000,3996,16,row-major,N,N,1.0,0.0,20260922,main,pass,pass,0,0,127872.0,0.01399,0.0190464004874,0.0330364004874,0.0197459004874,6.713709505614603,3.8706396009689388,6.475875844790975,0.03442927951597232,0.019849433851122762,0.0332096197168768,cuSPARSE 12.8.6,CUDA,13040,13000,2026-10-08T09:33:53.255642+00:00,source,csr-alg2,0,0,,,,5,20,4,true
3,full-20261009-A100-SXM4-80GB-spmm-fp32-cusparse-csr-alg2-n16-13.4.1,cuSPARSE-CUDA-13.4.1-SpMM-CSR-ALG2,cuSPARSE CUDA 13.4.1 SpMM CSR ALG2 [cuSPARSE 12.8.6],csr-alg2,cuSPARSE-SpMM-CSR,candidate,,,csr,csr,CUSPARSE_SPMM_CSR_ALG2,library-preprocess,spmm.csr.fp32,fp32,A100-SXM4-80GB,A100-SXM4-80GB,,19500.0,2793479a-b9ba-5e32-964d-96d3a38ca48f,suitesparse_all,Bai/olm500,olm500,500,500,1996,16,row-major,N,N,1.0,0.0,20260922,main,pass,pass,0,0,63872.0,0.01791,0.0184832006693,0.0363932006693,0.0193787006693,3.4556785452256293,1.7550531095188924,3.295989813248258,0.017721428437054508,0.00900027235650714,0.01690251186281158,cuSPARSE 12.8.6,CUDA,13040,13000,2026-10-07T08:50:54.640835+00:00,source,csr-alg2,0,0,,,,5,20,4,true
3,full-20261009-A100-SXM4-80GB-spmm-fp32-cusparse-csr-alg2-n16-13.4.1,cuSPARSE-CUDA-13.4.1-SpMM-CSR-ALG2,cuSPARSE CUDA 13.4.1 SpMM CSR ALG2 [cuSPARSE 12.8.6],csr-alg2,cuSPARSE-SpMM-CSR,candidate,,,csr,csr,CUSPARSE_SPMM_CSR_ALG2,library-preprocess,spmm.csr.fp32,fp32,A100-SXM4-80GB,A100-SXM4-80GB,,19500.0,238ed034-08d6-5e0f-b7b4-c4d0b9e54f50,suitesparse_all,Bai/qc2534,qc2534,2534,2534,463360,16,row-major,N,N,1.0,0.0,20260922,main,pass,pass,0,0,14827520.0,0.05749,0.0517535984516,0.109243598452,0.0546280984516,286.5022035881564,135.7289599583722,271.4266178079958,1.4692420696828534,0.6960459485044728,1.3919313733743375,cuSPARSE 12.8.6,CUDA,13040,13000,2026-10-07T14:27:23.782581+00:00,source,csr-alg2,0,0,,,,5,20,4,true
3,full-20261009-A100-SXM4-80GB-spmm-fp32-cusparse-csr-alg2-n16-13.4.1,cuSPARSE-CUDA-13.4.1-SpMM-CSR-ALG2,cuSPARSE CUDA 13.4.1 SpMM CSR ALG2 [cuSPARSE 12.8.6],csr-alg2,cuSPARSE-SpMM-CSR,candidate,,,csr,csr,CUSPARSE_SPMM_CSR_ALG2,library-preprocess,spmm.csr.fp32,fp32,A100-SXM4-80GB,A100-SXM4-80GB,,19500.0,df2405bf-ab33-5b32-9511-7da1122118f9,suitesparse_all,Bai/qc324,qc324,324,324,26730,16,row-major,N,N,1.0,0.0,20260922,main,pass,pass,0,0,855360.0,0.01996,0.0208384007215,0.0407984007215,0.0218364007215,41.04729587609299,20.96552768915869,39.17129067693914,0.21049895321073328,0.1075155266110702,0.200878413727893,cuSPARSE 12.8.6,CUDA,13040,13000,2026-10-08T09:33:54.115841+00:00,source,csr-alg2,0,0,,,,5,20,4,true
3,full-20261009-A100-SXM4-80GB-spmm-fp32-cusparse-csr-alg2-n16-13.4.1,cuSPARSE-CUDA-13.4.1-SpMM-CSR-ALG2,cuSPARSE CUDA 13.4.1 SpMM CSR ALG2 [cuSPARSE 12.8.6],csr-alg2,cuSPARSE-SpMM-CSR,candidate,,,csr,csr,CUSPARSE_SPMM_CSR_ALG2,library-preprocess,spmm.csr.fp32,fp32,A100-SXM4-80GB,A100-SXM4-80GB,,19500.0,2793479a-b9ba-5e32-964d-96d3a38ca48f,suitesparse_all,Bai/rbsa480,rbsa480,480,480,17088,16,row-major,N,N,1.0,0.0,20260922,main,pass,pass,0,0,546816.0,0.01352,0.0206336006522,0.0341536006522,0.0213096006522,26.50123985712097,16.01049346358674,25.660546573572077,0.1359037941390819,0.0821050946850602,0.13159254653113886,cuSPARSE 12.8.6,CUDA,13040,13000,2026-10-07T08:50:56.437146+00:00,source,csr-alg2,0,0,,,,5,20,4,true
3,full-20261009-A100-SXM4-80GB-spmm-fp32-cusparse-csr-alg2-n16-13.4.1,cuSPARSE-CUDA-13.4.1-SpMM-CSR-ALG2,cuSPARSE CUDA 13.4.1 SpMM CSR ALG2 [cuSPARSE 12.8.6],csr-alg2,cuSPARSE-SpMM-CSR,candidate,,,csr,csr,CUSPARSE_SPMM_CSR_ALG2,library-preprocess,spmm.csr.fp32,fp32,A100-SXM4-80GB,A100-SXM4-80GB,,19500.0,238ed034-08d6-5e0f-b7b4-c4d0b9e54f50,suitesparse_all,Bai/rdb200,rdb200,200,200,1120,16,row-major,N,N,1.0,0.0,20260922,main,pass,pass,0,0,35840.0,0.01521,0.0151695996523,0.0303795996523,0.0159300996523,2.3626200309489365,1.179739048907664,2.249828989288551,0.012116000158712495,0.006049943840552123,0.011537584560454107,cuSPARSE 12.8.6,CUDA,13040,13000,2026-10-07T14:37:41.794961+00:00,source,csr-alg2,0,0,,,,5,20,4,true
3,full-20261009-A100-SXM4-80GB-spmm-fp32-cusparse-csr-alg2-n16-13.4.1,cuSPARSE-CUDA-13.4.1-SpMM-CSR-ALG2,cuSPARSE CUDA 13.4.1 SpMM CSR ALG2 [cuSPARSE 12.8.6],csr-alg2,cuSPARSE-SpMM-CSR,candidate,,,csr,csr,CUSPARSE_SPMM_CSR_ALG2,library-preprocess,spmm.csr.fp32,fp32,A100-SXM4-80GB,A100-SXM4-80GB,,19500.0,df2405bf-ab33-5b32-9511-7da1122118f9,suitesparse_all,Bai/rdb200l,rdb200l,200,200,1120,16,row-major,N,N,1.0,0.0,20260922,main,pass,pass,0,0,35840.0,0.01321,0.0149440005422,0.0281540005422,0.0156045005422,2.3982868508865676,1.2729984836890043,2.29677328685248,0.012298906927623424,0.006528197352251304,0.011778324547961436,cuSPARSE 12.8.6,CUDA,13040,13000,2026-10-08T09:44:04.886026+00:00,source,csr-alg2,0,0,,,,5,20,4,true
3,full-20261009-A100-SXM4-80GB-spmm-fp32-cusparse-csr-alg2-n16-13.4.1,cuSPARSE-CUDA-13.4.1-SpMM-CSR-ALG2,cuSPARSE CUDA 13.4.1 SpMM CSR ALG2 [cuSPARSE 12.8.6],csr-alg2,cuSPARSE-SpMM-CSR,candidate,,,csr,csr,CUSPARSE_SPMM_CSR_ALG2,library-preprocess,spmm.csr.fp32,fp32,A100-SXM4-80GB,A100-SXM4-80GB,,19500.0,2793479a-b9ba-5e32-964d-96d3a38ca48f,suitesparse_all,Bai/rdb3200l,rdb3200l,3200,3200,18880,16,row-major,N,N,1.0,0.0,20260922,main,pass,pass,0,0,604160.0,0.01395,0.021606400609,0.035556400609,0.022303900609,27.962084519914956,16.99159615855705,27.0876386418352,0.14339530523033311,0.08713639055670283,0.13891096739402667,cuSPARSE 12.8.6,CUDA,13040,13000,2026-10-07T09:02:37.508976+00:00,source,csr-alg2,0,0,,,,5,20,4,true
3,full-20261009-A100-SXM4-80GB-spmm-fp32-cusparse-csr-alg2-n16-13.4.1,cuSPARSE-CUDA-13.4.1-SpMM-CSR-ALG2,cuSPARSE CUDA 13.4.1 SpMM CSR ALG2 [cuSPARSE 12.8.6],csr-alg2,cuSPARSE-SpMM-CSR,candidate,,,csr,csr,CUSPARSE_SPMM_CSR_ALG2,library-preprocess,spmm.csr.fp32,fp32,A100-SXM4-80GB,A100-SXM4-80GB,,19500.0,238ed034-08d6-5e0f-b7b4-c4d0b9e54f50,suitesparse_all,Bai/rw136,rw136,136,136,479,16,row-major,N,N,1.0,0.0,20260922,main,pass,pass,0,0,15328.0,0.01399,0.019148799777,0.033138799777,0.019848299777,0.8004679237604626,0.4625393829331865,0.772257582372971,0.004104963711592116,0.0023719968355548028,0.003960295294220364,cuSPARSE 12.8.6,CUDA,13040,13000,2026-10-07T14:27:24.678435+00:00,source,csr-alg2,0,0,,,,5,20,4,true
3,full-20261009-A100-SXM4-80GB-spmm-fp32-cusparse-csr-alg2-n16-13.4.1,cuSPARSE-CUDA-13.4.1-SpMM-CSR-ALG2,cuSPARSE CUDA 13.4.1 SpMM CSR ALG2 [cuSPARSE 12.8.6],csr-alg2,cuSPARSE-SpMM-CSR,candidate,,,csr,csr,CUSPARSE_SPMM_CSR_ALG2,library-preprocess,spmm.csr.fp32,fp32,A100-SXM4-80GB,A100-SXM4-80GB,,19500.0,df2405bf-ab33-5b32-9511-7da1122118f9,suitesparse_all,Bai/rw496,rw496,496,496,1859,16,row-major,N,N,1.0,0.0,20260922,main,pass,pass,0,0,59488.0,0.013129,0.0203263998032,0.0334553998032,0.0209828498032,2.92663730793265,1.7781285039167276,2.835077244413566,0.015008396450936665,0.009118607712393475,0.014538857663659312,cuSPARSE 12.8.6,CUDA,13040,13000,2026-10-08T09:33:54.665567+00:00,source,csr-alg2,0,0,,,,5,20,4,true
3,full-20261009-A100-SXM4-80GB-spmm-fp32-cusparse-csr-alg2-n16-13.4.1,cuSPARSE-CUDA-13.4.1-SpMM-CSR-ALG2,cuSPARSE CUDA 13.4.1 SpMM CSR ALG2 [cuSPARSE 12.8.6],csr-alg2,cuSPARSE-SpMM-CSR,candidate,,,csr,csr,CUSPARSE_SPMM_CSR_ALG2,library-preprocess,spmm.csr.fp32,fp32,A100-SXM4-80GB,A100-SXM4-80GB,,19500.0,238ed034-08d6-5e0f-b7b4-c4d0b9e54f50,suitesparse_all,Bai/tols2000,tols2000,2000,2000,5184,16,row-major,N,N,1.0,0.0,20260922,main,pass,pass,0,0,165888.0,0.01398,0.0207359999418,0.0347159999418,0.0214349999418,8.000000022453703,4.778430702791354,7.739118285533786,0.04102564114078822,0.024504772834827458,0.03968778607966044,cuSPARSE 12.8.6,CUDA,13040,13000,2026-10-07T14:37:42.451096+00:00,source,csr-alg2,0,0,,,,5,20,4,true
3,full-20261009-A100-SXM4-80GB-spmm-fp32-cusparse-csr-alg2-n16-13.4.1,cuSPARSE-CUDA-13.4.1-SpMM-CSR-ALG2,cuSPARSE CUDA 13.4.1 SpMM CSR ALG2 [cuSPARSE 12.8.6],csr-alg2,cuSPARSE-SpMM-CSR,candidate,,,csr,csr,CUSPARSE_SPMM_CSR_ALG2,library-preprocess,spmm.csr.fp32,fp32,A100-SXM4-80GB,A100-SXM4-80GB,,19500.0,df2405bf-ab33-5b32-9511-7da1122118f9,suitesparse_all,Bai/tols340,tols340,340,340,2196,16,row-major,N,N,1.0,0.0,20260922,main,pass,pass,0,0,70272.0,0.0148,0.0186223998666,0.0334223998666,0.0193623998666,3.773520088892279,2.102542016147228,3.6293021776302994,0.019351385071242455,0.010782266749472965,0.018611806039129743,cuSPARSE 12.8.6,CUDA,13040,13000,2026-10-08T09:44:05.489206+00:00,source,csr-alg2,0,0,,,,5,20,4,true
3,full-20261009-A100-SXM4-80GB-spmm-fp32-cusparse-csr-alg2-n16-13.4.1,cuSPARSE-CUDA-13.4.1-SpMM-CSR-ALG2,cuSPARSE CUDA 13.4.1 SpMM CSR ALG2 [cuSPARSE 12.8.6],csr-alg2,cuSPARSE-SpMM-CSR,candidate,,,csr,csr,CUSPARSE_SPMM_CSR_ALG2,library-preprocess,spmm.csr.fp32,fp32,A100-SXM4-80GB,A100-SXM4-80GB,,19500.0,2793479a-b9ba-5e32-964d-96d3a38ca48f,suitesparse_all,Bai/tols90,tols90,90,90,1746,16,row-major,N,N,1.0,0.0,20260922,main,pass,pass,0,0,55872.0,0.0144,0.0201215997338,0.0345215997338,0.0208415997338,2.776717593986672,1.6184649735480214,2.68079229587109,0.014239577405059857,0.00829982037716934,0.013747652799338922,cuSPARSE 12.8.6,CUDA,13040,13000,2026-10-07T09:02:38.144104+00:00,source,csr-alg2,0,0,,,,5,20,4,true
3,full-20261009-A100-SXM4-80GB-spmm-fp32-cusparse-csr-alg2-n16-13.4.1,cuSPARSE-CUDA-13.4.1-SpMM-CSR-ALG2,cuSPARSE CUDA 13.4.1 SpMM CSR ALG2 [cuSPARSE 12.8.6],csr-alg2,cuSPARSE-SpMM-CSR,candidate,,,csr,csr,CUSPARSE_SPMM_CSR_ALG2,library-preprocess,spmm.csr.fp32,fp32,A100-SXM4-80GB,A100-SXM4-80GB,,19500.0,2793479a-b9ba-5e32-964d-96d3a38ca48f,suitesparse_all,Bai/tub100,tub100,100,100,396,16,row-major,N,N,1.0,0.0,20260922,main,pass,pass,0,0,12672.0,0.01487,0.0177279993892,0.0325979993892,0.0184714993892,0.7148014686710705,0.3887355125295923,0.6860298524227612,0.003665648557287541,0.001993515448869704,0.0035181018072962113,cuSPARSE 12.8.6,CUDA,13040,13000,2026-10-07T08:50:57.485303+00:00,source,csr-alg2,0,0,,,,5,20,4,true
3,full-20261009-A100-SXM4-80GB-spmm-fp32-cusparse-csr-alg2-n16-13.4.1,cuSPARSE-CUDA-13.4.1-SpMM-CSR-ALG2,cuSPARSE CUDA 13.4.1 SpMM CSR ALG2 [cuSPARSE 12.8.6],csr-alg2,cuSPARSE-SpMM-CSR,candidate,,,csr,csr,CUSPARSE_SPMM_CSR_ALG2,library-preprocess,spmm.csr.fp32,fp32,A100-SXM4-80GB,A100-SXM4-80GB,,19500.0,238ed034-08d6-5e0f-b7b4-c4d0b9e54f50,suitesparse_all,Barabasi/NotreDame_www,NotreDame_www,325729,325729,929849,16,row-major,N,N,1.0,0.0,20260922,main,pass,pass,0,0,29755168.0,0.060401,0.737331199646,0.797732199646,0.740351249646,40.35522708693969,37.2996953278357,40.19060954408799,0.20694988249712662,0.1912804888606959,0.206105689969682,cuSPARSE 12.8.6,CUDA,13040,13000,2026-10-07T14:36:25.148884+00:00,source,csr-alg2,0,0,,,,5,20,4,true
3,full-20261009-A100-SXM4-80GB-spmm-fp32-cusparse-csr-alg2-n16-13.4.1,cuSPARSE-CUDA-13.4.1-SpMM-CSR-ALG2,cuSPARSE CUDA 13.4.1 SpMM CSR ALG2 [cuSPARSE 12.8.6],csr-alg2,cuSPARSE-SpMM-CSR,candidate,,,csr,csr,CUSPARSE_SPMM_CSR_ALG2,library-preprocess,spmm.csr.fp32,fp32,A100-SXM4-80GB,A100-SXM4-80GB,,19500.0,df2405bf-ab33-5b32-9511-7da1122118f9,suitesparse_all,Barabasi/NotreDame_yeast,NotreDame_yeast,2114,2114,4480,16,row-major,N,N,1.0,0.0,20260922,main,pass,pass,0,0,143360.0,0.02118,0.0202575996518,0.0414375996518,0.0213165996518,7.076850291454035,3.459659854930149,6.725275247541392,0.03629153995617454,0.0177418454098982,0.034488591013032775,cuSPARSE 12.8.6,CUDA,13040,13000,2026-10-08T09:42:58.019902+00:00,source,csr-alg2,0,0,,,,5,20,4,true
3,full-20261009-A100-SXM4-80GB-spmm-fp32-cusparse-csr-alg2-n16-13.4.1,cuSPARSE-CUDA-13.4.1-SpMM-CSR-ALG2,cuSPARSE CUDA 13.4.1 SpMM CSR ALG2 [cuSPARSE 12.8.6],csr-alg2,cuSPARSE-SpMM-CSR,candidate,,,csr,csr,CUSPARSE_SPMM_CSR_ALG2,library-preprocess,spmm.csr.fp32,fp32,A100-SXM4-80GB,A100-SXM4-80GB,,19500.0,2793479a-b9ba-5e32-964d-96d3a38ca48f,suitesparse_all,Bates/Chem97ZtZ,Chem97ZtZ,2541,2541,7361,16,row-major,N,N,1.0,0.0,20260922,main,pass,pass,0,0,235552.0,0.01952,0.0218608006835,0.0413808006835,0.0228368006835,10.775085661788633,5.692301649782309,10.314579667465878,0.05525684954763402,0.02919129051170415,0.052895280345978866,cuSPARSE 12.8.6,CUDA,13040,13000,2026-10-07T09:00:53.186642+00:00,source,csr-alg2,0,0,,,,5,20,4,true
3,full-20261009-A100-SXM4-80GB-spmm-fp32-cusparse-csr-alg2-n16-13.4.1,cuSPARSE-CUDA-13.4.1-SpMM-CSR-ALG2,cuSPARSE CUDA 13.4.1 SpMM CSR ALG2 [cuSPARSE 12.8.6],csr-alg2,cuSPARSE-SpMM-CSR,candidate,,,csr,csr,CUSPARSE_SPMM_CSR_ALG2,library-preprocess,spmm.csr.fp32,fp32,A100-SXM4-80GB,A100-SXM4-80GB,,19500.0,2793479a-b9ba-5e32-964d-96d3a38ca48f,suitesparse_all,Belcastro/human_gene2,human_gene2,14340,14340,18068388,16,row-major,N,N,1.0,0.0,20260922,main,pass,pass,0,0,578188416.0,2.031851,2.07861766815,4.11046866815,2.18021021815,278.1600603417348,140.66240681509086,265.1984708569145,1.4264618479063322,0.7213456759748249,1.3599921582405872,cuSPARSE 12.8.6,CUDA,13040,13000,2026-10-07T09:32:34.894525+00:00,source,csr-alg2,0,0,,,,5,20,4,true
3,full-20261009-A100-SXM4-80GB-spmm-fp32-cusparse-csr-alg2-n16-13.4.1,cuSPARSE-CUDA-13.4.1-SpMM-CSR-ALG2,cuSPARSE CUDA 13.4.1 SpMM CSR ALG2 [cuSPARSE 12.8.6],csr-alg2,cuSPARSE-SpMM-CSR,candidate,,,csr,csr,CUSPARSE_SPMM_CSR_ALG2,library-preprocess,spmm.csr.fp32,fp32,A100-SXM4-80GB,A100-SXM4-80GB,,19500.0,df2405bf-ab33-5b32-9511-7da1122118f9,suitesparse_all,Bindel/ted_AB,ted_AB,10605,10605,522387,16,row-major,N,N,1.0,0.0,20260922,main,pass,pass,0,0,16716384.0,0.01552,0.0726527988911,0.0881727988911,0.0734287988911,230.085891461062,189.5866322747221,227.65432980582395,1.1799276485182668,0.9722391398703697,1.1674581015683279,cuSPARSE 12.8.6,CUDA,13040,13000,2026-10-08T09:40:07.642425+00:00,source,csr-alg2,0,0,,,,5,20,4,true
3,full-20261009-A100-SXM4-80GB-spmm-fp32-cusparse-csr-alg2-n16-13.4.1,cuSPARSE-CUDA-13.4.1-SpMM-CSR-ALG2,cuSPARSE CUDA 13.4.1 SpMM CSR ALG2 [cuSPARSE 12.8.6],csr-alg2,cuSPARSE-SpMM-CSR,candidate,,,csr,csr,CUSPARSE_SPMM_CSR_ALG2,library-preprocess,spmm.csr.fp32,fp32,A100-SXM4-80GB,A100-SXM4-80GB,,19500.0,238ed034-08d6-5e0f-b7b4-c4d0b9e54f50,suitesparse_all,Bindel/ted_B,ted_B,10605,10605,144579,16,row-major,N,N,1.0,0.0,20260922,main,pass,pass,0,0,4626528.0,0.02819,0.0287743985653,0.0569643985653,0.0301838985653,160.78626246524863,81.2178854955604,153.27801310990182,0.8245449357192238,0.4165019769003097,0.7860410928712914,cuSPARSE 12.8.6,CUDA,13040,13000,2026-10-07T14:35:44.413191+00:00,source,csr-alg2,0,0,,,,5,20,4,true
3,full-20261009-A100-SXM4-80GB-spmm-fp32-cusparse-csr-alg2-n16-13.4.1,cuSPARSE-CUDA-13.4.1-SpMM-CSR-ALG2,cuSPARSE CUDA 13.4.1 SpMM CSR ALG2 [cuSPARSE 12.8.6],csr-alg2,cuSPARSE-SpMM-CSR,candidate,,,csr,csr,CUSPARSE_SPMM_CSR_ALG2,library-preprocess,spmm.csr.fp32,fp32,A100-SXM4-80GB,A100-SXM4-80GB,,19500.0,2793479a-b9ba-5e32-964d-96d3a38ca48f,suitesparse_all,Bindel/ted_B_unscaled,ted_B_unscaled,10605,10605,144579,16,row-major,N,N,1.0,0.0,20260922,main,pass,pass,0,0,4626528.0,0.035951,0.0286208003759,0.0645718003759,0.0304183503759,161.64914814526796,71.64935735207949,152.09661085584472,0.8289699904885536,0.36743260180553583,0.7799826197735626,cuSPARSE 12.8.6,CUDA,13040,13000,2026-10-07T09:00:55.512186+00:00,source,csr-alg2,0,0,,,,5,20,4,true
3,full-20261009-A100-SXM4-80GB-spmm-fp32-cusparse-csr-alg2-n16-13.4.1,cuSPARSE-CUDA-13.4.1-SpMM-CSR-ALG2,cuSPARSE CUDA 13.4.1 SpMM CSR ALG2 [cuSPARSE 12.8.6],csr-alg2,cuSPARSE-SpMM-CSR,candidate,,,csr,csr,CUSPARSE_SPMM_CSR_ALG2,library-preprocess,spmm.csr.fp32,fp32,A100-SXM4-80GB,A100-SXM4-80GB,,19500.0,2793479a-b9ba-5e32-964d-96d3a38ca48f,suitesparse_all,Bodendiek/CurlCurl_0,CurlCurl_0,11083,11083,113343,16,row-major,N,N,1.0,0.0,20260922,main,pass,pass,0,0,3626976.0,0.01453,0.0332287997007,0.0477587997007,0.0339552997007,109.15158033600575,75.94361714971743,106.81619752940153,0.5597516940307987,0.3894544469216278,0.547775371945649,cuSPARSE 12.8.6,CUDA,13040,13000,2026-10-07T10:14:03.950623+00:00,source,csr-alg2,0,0,,,,5,20,4,true
3,full-20261009-A100-SXM4-80GB-spmm-fp32-cusparse-csr-alg2-n16-13.4.1,cuSPARSE-CUDA-13.4.1-SpMM-CSR-ALG2,cuSPARSE CUDA 13.4.1 SpMM CSR ALG2 [cuSPARSE 12.8.6],csr-alg2,cuSPARSE-SpMM-CSR,candidate,,,csr,csr,CUSPARSE_SPMM_CSR_ALG2,library-preprocess,spmm.csr.fp32,fp32,A100-SXM4-80GB,A100-SXM4-80GB,,19500.0,238ed034-08d6-5e0f-b7b4-c4d0b9e54f50,suitesparse_all,Boeing/bcsstk37,bcsstk37,25503,25503,1140977,16,row-major,N,N,1.0,0.0,20260922,main,pass,pass,0,0,36511264.0,0.0571,0.136652803421,0.193752803421,0.139507803421,267.1826928242086,188.44250692293573,261.7148511027591,1.3701676555087619,0.9663718303740293,1.3421274415526108,cuSPARSE 12.8.6,CUDA,13040,13000,2026-10-07T14:27:28.047300+00:00,source,csr-alg2,0,0,,,,5,20,4,true
3,full-20261009-A100-SXM4-80GB-spmm-fp32-cusparse-csr-alg2-n16-13.4.1,cuSPARSE-CUDA-13.4.1-SpMM-CSR-ALG2,cuSPARSE CUDA 13.4.1 SpMM CSR ALG2 [cuSPARSE 12.8.6],csr-alg2,cuSPARSE-SpMM-CSR,candidate,,,csr,csr,CUSPARSE_SPMM_CSR_ALG2,library-preprocess,spmm.csr.fp32,fp32,A100-SXM4-80GB,A100-SXM4-80GB,,19500.0,df2405bf-ab33-5b32-9511-7da1122118f9,suitesparse_all,Boeing/bcsstk38,bcsstk38,8032,8032,355460,16,row-major,N,N,1.0,0.0,20260922,main,pass,pass,0,0,11374720.0,0.01498,0.0546303987503,0.0696103987503,0.0553793987503,208.2122821762771,163.40547108201957,205.39623500225127,1.0677552932116774,0.8379767747795875,1.0533140256525706,cuSPARSE 12.8.6,CUDA,13040,13000,2026-10-08T09:33:56.212833+00:00,source,csr-alg2,0,0,,,,5,20,4,true
3,full-20261009-A100-SXM4-80GB-spmm-fp32-cusparse-csr-alg2-n16-13.4.1,cuSPARSE-CUDA-13.4.1-SpMM-CSR-ALG2,cuSPARSE CUDA 13.4.1 SpMM CSR ALG2 [cuSPARSE 12.8.6],csr-alg2,cuSPARSE-SpMM-CSR,candidate,,,csr,csr,CUSPARSE_SPMM_CSR_ALG2,library-preprocess,spmm.csr.fp32,fp32,A100-SXM4-80GB,A100-SXM4-80GB,,19500.0,238ed034-08d6-5e0f-b7b4-c4d0b9e54f50,suitesparse_all,Boeing/bcsstk39,bcsstk39,46772,46772,2089294,16,row-major,N,N,1.0,0.0,20260922,main,pass,pass,0,0,66857408.0,0.04962,0.197119998932,0.246739998932,0.199600998932,339.1711057337396,270.96299055438305,334.95527756740813,1.739339003762767,1.3895537977147847,1.7177193721405546,cuSPARSE 12.8.6,CUDA,13040,13000,2026-10-07T14:29:15.738429+00:00,source,csr-alg2,0,0,,,,5,20,4,true
3,full-20261009-A100-SXM4-80GB-spmm-fp32-cusparse-csr-alg2-n16-13.4.1,cuSPARSE-CUDA-13.4.1-SpMM-CSR-ALG2,cuSPARSE CUDA 13.4.1 SpMM CSR ALG2 [cuSPARSE 12.8.6],csr-alg2,cuSPARSE-SpMM-CSR,candidate,,,csr,csr,CUSPARSE_SPMM_CSR_ALG2,library-preprocess,spmm.csr.fp32,fp32,A100-SXM4-80GB,A100-SXM4-80GB,,19500.0,2793479a-b9ba-5e32-964d-96d3a38ca48f,suitesparse_all,Boeing/bcsstm35,bcsstm35,30237,30237,20619,16,row-major,N,N,1.0,0.0,20260922,main,pass,pass,0,0,659808.0,0.03496,0.0363647997379,0.0713247997379,0.0381127997379,18.144139518313835,9.250751525761334,17.311979296652826,0.09304686932468634,0.04743975141416069,0.08877938100847603,cuSPARSE 12.8.6,CUDA,13040,13000,2026-10-07T08:50:59.848149+00:00,source,csr-alg2,0,0,,,,5,20,4,true
3,full-20261009-A100-SXM4-80GB-spmm-fp32-cusparse-csr-alg2-n16-13.4.1,cuSPARSE-CUDA-13.4.1-SpMM-CSR-ALG2,cuSPARSE CUDA 13.4.1 SpMM CSR ALG2 [cuSPARSE 12.8.6],csr-alg2,cuSPARSE-SpMM-CSR,candidate,,,csr,csr,CUSPARSE_SPMM_CSR_ALG2,library-preprocess,spmm.csr.fp32,fp32,A100-SXM4-80GB,A100-SXM4-80GB,,19500.0,238ed034-08d6-5e0f-b7b4-c4d0b9e54f50,suitesparse_all,Boeing/crystk01,crystk01,4875,4875,315891,16,row-major,N,N,1.0,0.0,20260922,main,pass,pass,0,0,10108512.0,0.02524,0.0412304013968,0.0664704013968,0.0424924013968,245.17132158661323,152.07538675231532,237.88987366483005,1.2572888286492987,0.7798737782170017,1.2199480700760517,cuSPARSE 12.8.6,CUDA,13040,13000,2026-10-07T14:27:29.452036+00:00,source,csr-alg2,0,0,,,,5,20,4,true
3,full-20261009-A100-SXM4-80GB-spmm-fp32-cusparse-csr-alg2-n16-13.4.1,cuSPARSE-CUDA-13.4.1-SpMM-CSR-ALG2,cuSPARSE CUDA 13.4.1 SpMM CSR ALG2 [cuSPARSE 12.8.6],csr-alg2,cuSPARSE-SpMM-CSR,candidate,,,csr,csr,CUSPARSE_SPMM_CSR_ALG2,library-preprocess,spmm.csr.fp32,fp32,A100-SXM4-80GB,A100-SXM4-80GB,,19500.0,df2405bf-ab33-5b32-9511-7da1122118f9,suitesparse_all,Boeing/crystk02,crystk02,13965,13965,968583,16,row-major,N,N,1.0,0.0,20260922,main,pass,pass,0,0,30994656.0,0.0388,0.11550719738,0.15430719738,0.11744719738,268.3352786929164,200.86332022265907,263.9029001238479,1.376078352271366,1.030068308834149,1.3533482057633228,cuSPARSE 12.8.6,CUDA,13040,13000,2026-10-08T09:33:59.068275+00:00,source,csr-alg2,0,0,,,,5,20,4,true
3,full-20261009-A100-SXM4-80GB-spmm-fp32-cusparse-csr-alg2-n16-13.4.1,cuSPARSE-CUDA-13.4.1-SpMM-CSR-ALG2,cuSPARSE CUDA 13.4.1 SpMM CSR ALG2 [cuSPARSE 12.8.6],csr-alg2,cuSPARSE-SpMM-CSR,candidate,,,csr,csr,CUSPARSE_SPMM_CSR_ALG2,library-preprocess,spmm.csr.fp32,fp32,A100-SXM4-80GB,A100-SXM4-80GB,,19500.0,2793479a-b9ba-5e32-964d-96d3a38ca48f,suitesparse_all,Boeing/crystm01,crystm01,4875,4875,105339,16,row-major,N,N,1.0,0.0,20260922,main,pass,pass,0,0,3370848.0,0.02121,0.0315903991461,0.0528003991461,0.0326508991461,106.7048246022605,63.84133556780094,103.23905583478036,0.547204228729541,0.32739146445026124,0.5294310555629762,cuSPARSE 12.8.6,CUDA,13040,13000,2026-10-07T08:51:01.416223+00:00,source,csr-alg2,0,0,,,,5,20,4,true
3,full-20261009-A100-SXM4-80GB-spmm-fp32-cusparse-csr-alg2-n16-13.4.1,cuSPARSE-CUDA-13.4.1-SpMM-CSR-ALG2,cuSPARSE CUDA 13.4.1 SpMM CSR ALG2 [cuSPARSE 12.8.6],csr-alg2,cuSPARSE-SpMM-CSR,candidate,,,csr,csr,CUSPARSE_SPMM_CSR_ALG2,library-preprocess,spmm.csr.fp32,fp32,A100-SXM4-80GB,A100-SXM4-80GB,,19500.0,238ed034-08d6-5e0f-b7b4-c4d0b9e54f50,suitesparse_all,Boeing/msc01050,msc01050,1050,1050,29156,16,row-major,N,N,1.0,0.0,20260922,main,pass,pass,0,0,932992.0,0.0128,0.0178192004561,0.0306192004561,0.0184592004561,52.358802646535764,30.470815243450552,50.54346759053071,0.268506680238645,0.1562605909920541,0.25919726969502926,cuSPARSE 12.8.6,CUDA,13040,13000,2026-10-07T14:27:30.590070+00:00,source,csr-alg2,0,0,,,,5,20,4,true
3,full-20261009-A100-SXM4-80GB-spmm-fp32-cusparse-csr-alg2-n16-13.4.1,cuSPARSE-CUDA-13.4.1-SpMM-CSR-ALG2,cuSPARSE CUDA 13.4.1 SpMM CSR ALG2 [cuSPARSE 12.8.6],csr-alg2,cuSPARSE-SpMM-CSR,candidate,,,csr,csr,CUSPARSE_SPMM_CSR_ALG2,library-preprocess,spmm.csr.fp32,fp32,A100-SXM4-80GB,A100-SXM4-80GB,,19500.0,df2405bf-ab33-5b32-9511-7da1122118f9,suitesparse_all,Boeing/msc01440,msc01440,1440,1440,46270,16,row-major,N,N,1.0,0.0,20260922,main,pass,pass,0,0,1480640.0,0.0141,0.0220159992576,0.0361159992576,0.0227209992576,67.25290924457485,40.9967889698753,65.16614798553533,0.34488671407474286,0.21023994343525795,0.33418537428479655,cuSPARSE 12.8.6,CUDA,13040,13000,2026-10-08T09:33:59.702145+00:00,source,csr-alg2,0,0,,,,5,20,4,true
3,full-20261009-A100-SXM4-80GB-spmm-fp32-cusparse-csr-alg2-n16-13.4.1,cuSPARSE-CUDA-13.4.1-SpMM-CSR-ALG2,cuSPARSE CUDA 13.4.1 SpMM CSR ALG2 [cuSPARSE 12.8.6],csr-alg2,cuSPARSE-SpMM-CSR,candidate,,,csr,csr,CUSPARSE_SPMM_CSR_ALG2,library-preprocess,spmm.csr.fp32,fp32,A100-SXM4-80GB,A100-SXM4-80GB,,19500.0,2793479a-b9ba-5e32-964d-96d3a38ca48f,suitesparse_all,Boeing/msc10848,msc10848,10848,10848,1229778,16,row-major,N,N,1.0,0.0,20260922,main,pass,pass,0,0,39352896.0,0.02328,0.141158401966,0.164438401966,0.142322401966,278.78536064384394,239.3169450049556,276.505282769196,1.4296685161222766,1.227266384640798,1.4179758090728,cuSPARSE 12.8.6,CUDA,13040,13000,2026-10-07T08:51:05.272799+00:00,source,csr-alg2,0,0,,,,5,20,4,true
3,full-20261009-A100-SXM4-80GB-spmm-fp32-cusparse-csr-alg2-n16-13.4.1,cuSPARSE-CUDA-13.4.1-SpMM-CSR-ALG2,cuSPARSE CUDA 13.4.1 SpMM CSR ALG2 [cuSPARSE 12.8.6],csr-alg2,cuSPARSE-SpMM-CSR,candidate,,,csr,csr,CUSPARSE_SPMM_CSR_ALG2,library-preprocess,spmm.csr.fp32,fp32,A100-SXM4-80GB,A100-SXM4-80GB,,19500.0,238ed034-08d6-5e0f-b7b4-c4d0b9e54f50,suitesparse_all,Boeing/pcrystk02,pcrystk02,13965,13965,968583,16,row-major,N,N,1.0,0.0,20260922,main,pass,pass,0,0,30994656.0,0.01976,0.0965680003166,0.116328000317,0.0975560003166,320.96197392908044,266.44192211280097,317.7114262517176,1.645958840661951,1.3663688313476972,1.6292893653934235,cuSPARSE 12.8.6,CUDA,13040,13000,2026-10-07T14:27:33.343455+00:00,source,csr-alg2,0,0,,,,5,20,4,true
3,full-20261009-A100-SXM4-80GB-spmm-fp32-cusparse-csr-alg2-n16-13.4.1,cuSPARSE-CUDA-13.4.1-SpMM-CSR-ALG2,cuSPARSE CUDA 13.4.1 SpMM CSR ALG2 [cuSPARSE 12.8.6],csr-alg2,cuSPARSE-SpMM-CSR,candidate,,,csr,csr,CUSPARSE_SPMM_CSR_ALG2,library-preprocess,spmm.csr.fp32,fp32,A100-SXM4-80GB,A100-SXM4-80GB,,19500.0,df2405bf-ab33-5b32-9511-7da1122118f9,suitesparse_all,Boeing/pcrystk03,pcrystk03,24696,24696,1751178,16,row-major,N,N,1.0,0.0,20260922,main,pass,pass,0,0,56037696.0,0.04258,0.193996798992,0.236576798992,0.196125798992,288.85886927603826,236.86894166614772,285.72322605189635,1.4813275347489143,1.21471252136486,1.465247313086648,cuSPARSE 12.8.6,CUDA,13040,13000,2026-10-08T09:34:03.902673+00:00,source,csr-alg2,0,0,,,,5,20,4,true
3,full-20261009-A100-SXM4-80GB-spmm-fp32-cusparse-csr-alg2-n16-13.4.1,cuSPARSE-CUDA-13.4.1-SpMM-CSR-ALG2,cuSPARSE CUDA 13.4.1 SpMM CSR ALG2 [cuSPARSE 12.8.6],csr-alg2,cuSPARSE-SpMM-CSR,candidate,,,csr,csr,CUSPARSE_SPMM_CSR_ALG2,library-preprocess,spmm.csr.fp32,fp32,A100-SXM4-80GB,A100-SXM4-80GB,,19500.0,2793479a-b9ba-5e32-964d-96d3a38ca48f,suitesparse_all,Boeing/pwtk,pwtk,217918,217918,11634424,16,row-major,N,N,1.0,0.0,20260922,main,pass,pass,0,0,372301568.0,0.320691,1.47553281784,1.79622381784,1.49156736784,252.31669773702768,207.2690297847743,249.60425926932496,1.2939317832668087,1.062918101460381,1.2800218424067946,cuSPARSE 12.8.6,CUDA,13040,13000,2026-10-07T08:51:35.252748+00:00,source,csr-alg2,0,0,,,,5,20,4,true
3,full-20261009-A100-SXM4-80GB-spmm-fp32-cusparse-csr-alg2-n16-13.4.1,cuSPARSE-CUDA-13.4.1-SpMM-CSR-ALG2,cuSPARSE CUDA 13.4.1 SpMM CSR ALG2 [cuSPARSE 12.8.6],csr-alg2,cuSPARSE-SpMM-CSR,candidate,,,csr,csr,CUSPARSE_SPMM_CSR_ALG2,library-preprocess,spmm.csr.fp32,fp32,A100-SXM4-80GB,A100-SXM4-80GB,,19500.0,2793479a-b9ba-5e32-964d-96d3a38ca48f,suitesparse_all,Botonakis/thermomech_TC,thermomech_TC,102158,102158,711558,16,row-major,N,N,1.0,0.0,20260922,main,pass,pass,0,0,22769856.0,0.0434,0.133580803871,0.176980803871,0.135750803871,170.45754584610097,128.65720745961116,167.73275259303455,0.8741412607492357,0.6597805510749291,0.8601679620155617,cuSPARSE 12.8.6,CUDA,13040,13000,2026-10-07T09:30:36.585975+00:00,source,csr-alg2,0,0,,,,5,20,4,true
3,full-20261009-A100-SXM4-80GB-spmm-fp32-cusparse-csr-alg2-n16-13.4.1,cuSPARSE-CUDA-13.4.1-SpMM-CSR-ALG2,cuSPARSE CUDA 13.4.1 SpMM CSR ALG2 [cuSPARSE 12.8.6],csr-alg2,cuSPARSE-SpMM-CSR,candidate,,,csr,csr,CUSPARSE_SPMM_CSR_ALG2,library-preprocess,spmm.csr.fp32,fp32,A100-SXM4-80GB,A100-SXM4-80GB,,19500.0,2793479a-b9ba-5e32-964d-96d3a38ca48f,suitesparse_all,Bourchtein/atmosmodd,atmosmodd,1270432,1270432,8814880,16,row-major,N,N,1.0,0.0,20260922,main,pass,pass,0,0,282076160.0,1.351481,1.5553024292,2.9067834292,1.6228764792,181.36418660716126,97.04065227784533,173.8124642357562,0.9300727518315961,0.49764437065561706,0.8913459704397754,cuSPARSE 12.8.6,CUDA,13040,13000,2026-10-07T09:31:16.083990+00:00,source,csr-alg2,0,0,,,,5,20,4,true
3,full-20261009-A100-SXM4-80GB-spmm-fp32-cusparse-csr-alg2-n16-13.4.1,cuSPARSE-CUDA-13.4.1-SpMM-CSR-ALG2,cuSPARSE CUDA 13.4.1 SpMM CSR ALG2 [cuSPARSE 12.8.6],csr-alg2,cuSPARSE-SpMM-CSR,candidate,,,csr,csr,CUSPARSE_SPMM_CSR_ALG2,library-preprocess,spmm.csr.fp32,fp32,A100-SXM4-80GB,A100-SXM4-80GB,,19500.0,238ed034-08d6-5e0f-b7b4-c4d0b9e54f50,suitesparse_all,Bova/rma10,rma10,46835,46835,2374001,16,row-major,N,N,1.0,0.0,20260922,main,pass,pass,0,0,75968032.0,0.06509,0.276377606392,0.341467606392,0.279632106392,274.870431768089,222.47507692659363,271.67135054765436,1.409591957785072,1.1408978303927877,1.393186413064894,cuSPARSE 12.8.6,CUDA,13040,13000,2026-10-07T14:27:39.838761+00:00,source,csr-alg2,0,0,,,,5,20,4,true
3,full-20261009-A100-SXM4-80GB-spmm-fp32-cusparse-csr-alg2-n16-13.4.1,cuSPARSE-CUDA-13.4.1-SpMM-CSR-ALG2,cuSPARSE CUDA 13.4.1 SpMM CSR ALG2 [cuSPARSE 12.8.6],csr-alg2,cuSPARSE-SpMM-CSR,candidate,,,csr,csr,CUSPARSE_SPMM_CSR_ALG2,library-preprocess,spmm.csr.fp32,fp32,A100-SXM4-80GB,A100-SXM4-80GB,,19500.0,df2405bf-ab33-5b32-9511-7da1122118f9,suitesparse_all,Brethour/coater1,coater1,1348,1348,19457,16,row-major,N,N,1.0,0.0,20260922,main,pass,pass,0,0,622624.0,0.01415,0.0217087998986,0.0358587998986,0.0224162998986,28.680719473587896,17.363213542021203,27.77550277326927,0.14708061268506614,0.08904212072831387,0.14243847576035523,cuSPARSE 12.8.6,CUDA,13040,13000,2026-10-08T09:34:04.527876+00:00,source,csr-alg2,0,0,,,,5,20,4,true
3,full-20261009-A100-SXM4-80GB-spmm-fp32-cusparse-csr-alg2-n16-13.4.1,cuSPARSE-CUDA-13.4.1-SpMM-CSR-ALG2,cuSPARSE CUDA 13.4.1 SpMM CSR ALG2 [cuSPARSE 12.8.6],csr-alg2,cuSPARSE-SpMM-CSR,candidate,,,csr,csr,CUSPARSE_SPMM_CSR_ALG2,library-preprocess,spmm.csr.fp32,fp32,A100-SXM4-80GB,A100-SXM4-80GB,,19500.0,2793479a-b9ba-5e32-964d-96d3a38ca48f,suitesparse_all,Brunetiere/thermal,thermal,3456,3456,66528,16,row-major,N,N,1.0,0.0,20260922,main,pass,pass,0,0,2128896.0,0.02479,0.0238639995456,0.0486539995456,0.0251034995456,89.20952231548806,43.75582726769943,84.80474987692068,0.4574847298230157,0.22438885778307402,0.4348961532149778,cuSPARSE 12.8.6,CUDA,13040,13000,2026-10-07T08:51:36.342450+00:00,source,csr-alg2,0,0,,,,5,20,4,true
3,full-20261009-A100-SXM4-80GB-spmm-fp32-cusparse-csr-alg2-n16-13.4.1,cuSPARSE-CUDA-13.4.1-SpMM-CSR-ALG2,cuSPARSE CUDA 13.4.1 SpMM CSR ALG2 [cuSPARSE 12.8.6],csr-alg2,cuSPARSE-SpMM-CSR,candidate,,,csr,csr,CUSPARSE_SPMM_CSR_ALG2,library-preprocess,spmm.csr.fp32,fp32,A100-SXM4-80GB,A100-SXM4-80GB,,19500.0,df2405bf-ab33-5b32-9511-7da1122118f9,suitesparse_all,Buss/12month1,12month1,12471,872622,22624727,16,row-major,N,N,1.0,0.0,20260922,main,pass,pass,0,0,723991264.0,0.26923,3.41263999939,3.68186999939,3.42610149939,212.14990861310054,196.63683511909667,211.31635012240676,1.0879482492979515,1.0083940262517779,1.0836735903713166,cuSPARSE 12.8.6,CUDA,13040,13000,2026-10-08T10:00:17.112951+00:00,source,csr-alg2,0,0,,,,5,20,4,true
3,full-20261009-A100-SXM4-80GB-spmm-fp32-cusparse-csr-alg2-n16-13.4.1,cuSPARSE-CUDA-13.4.1-SpMM-CSR-ALG2,cuSPARSE CUDA 13.4.1 SpMM CSR ALG2 [cuSPARSE 12.8.6],csr-alg2,cuSPARSE-SpMM-CSR,candidate,,,csr,csr,CUSPARSE_SPMM_CSR_ALG2,library-preprocess,spmm.csr.fp32,fp32,A100-SXM4-80GB,A100-SXM4-80GB,,19500.0,df2405bf-ab33-5b32-9511-7da1122118f9,suitesparse_all,Buss/connectus,connectus,512,394792,1127525,16,row-major,N,N,1.0,0.0,20260922,main,pass,pass,0,0,36080800.0,0.0542,0.196761596203,0.250961596203,0.199471596203,183.37318204501273,143.77020446911186,180.88189339639604,0.9403752925385268,0.7372830998415992,0.9275994533148514,cuSPARSE 12.8.6,CUDA,13040,13000,2026-10-08T09:59:30.078619+00:00,source,csr-alg2,0,0,,,,5,20,4,true
3,full-20261009-A100-SXM4-80GB-spmm-fp32-cusparse-csr-alg2-n16-13.4.1,cuSPARSE-CUDA-13.4.1-SpMM-CSR-ALG2,cuSPARSE CUDA 13.4.1 SpMM CSR ALG2 [cuSPARSE 12.8.6],csr-alg2,cuSPARSE-SpMM-CSR,candidate,,,csr,csr,CUSPARSE_SPMM_CSR_ALG2,library-preprocess,spmm.csr.fp32,fp32,A100-SXM4-80GB,A100-SXM4-80GB,,19500.0,238ed034-08d6-5e0f-b7b4-c4d0b9e54f50,suitesparse_all,Bydder/mri2,mri2,63240,147456,569160,16,row-major,N,N,1.0,0.0,20260922,main,pass,pass,0,0,18213120.0,0.04789,0.0930303990841,0.140920399084,0.0954248990841,195.77600633030968,129.24402796463485,190.86339283365012,1.0039795196426138,0.6627898869981275,0.9787866299161545,cuSPARSE 12.8.6,CUDA,13040,13000,2026-10-07T14:32:55.964911+00:00,source,csr-alg2,0,0,,,,5,20,4,true
3,full-20261009-A100-SXM4-80GB-spmm-fp32-cusparse-csr-alg2-n16-13.4.1,cuSPARSE-CUDA-13.4.1-SpMM-CSR-ALG2,cuSPARSE CUDA 13.4.1 SpMM CSR ALG2 [cuSPARSE 12.8.6],csr-alg2,cuSPARSE-SpMM-CSR,candidate,,,csr,csr,CUSPARSE_SPMM_CSR_ALG2,library-preprocess,spmm.csr.fp32,fp32,A100-SXM4-80GB,A100-SXM4-80GB,,19500.0,2793479a-b9ba-5e32-964d-96d3a38ca48f,suitesparse_all,CEMW/t2em,t2em,921632,921632,4590832,16,row-major,N,N,1.0,0.0,20260922,main,pass,pass,0,0,146906624.0,0.7766,0.850607967377,1.62720796738,0.889437967377,172.70779211369552,90.28140652269377,165.16792557578296,0.8856809851984386,0.4629815719112501,0.8470150029527331,cuSPARSE 12.8.6,CUDA,13040,13000,2026-10-07T09:05:46.315536+00:00,source,csr-alg2,0,0,,,,5,20,4,true
3,full-20261009-A100-SXM4-80GB-spmm-fp32-cusparse-csr-alg2-n16-13.4.1,cuSPARSE-CUDA-13.4.1-SpMM-CSR-ALG2,cuSPARSE CUDA 13.4.1 SpMM CSR ALG2 [cuSPARSE 12.8.6],csr-alg2,cuSPARSE-SpMM-CSR,candidate,,,csr,csr,CUSPARSE_SPMM_CSR_ALG2,library-preprocess,spmm.csr.fp32,fp32,A100-SXM4-80GB,A100-SXM4-80GB,,19500.0,df2405bf-ab33-5b32-9511-7da1122118f9,suitesparse_all,CPM/cz148,cz148,148,148,1527,16,row-major,N,N,1.0,0.0,20260922,main,pass,pass,0,0,48864.0,0.01413,0.0193023994565,0.0334323994565,0.0200088994565,2.531498745019768,1.4615762193072195,2.442113325934389,0.012982044846255222,0.007495262663113946,0.012523658081714815,cuSPARSE 12.8.6,CUDA,13040,13000,2026-10-08T11:01:46.862636+00:00,source,csr-alg2,0,0,,,,5,20,4,true
3,full-20261009-A100-SXM4-80GB-spmm-fp32-cusparse-csr-alg2-n16-13.4.1,cuSPARSE-CUDA-13.4.1-SpMM-CSR-ALG2,cuSPARSE CUDA 13.4.1 SpMM CSR ALG2 [cuSPARSE 12.8.6],csr-alg2,cuSPARSE-SpMM-CSR,candidate,,,csr,csr,CUSPARSE_SPMM_CSR_ALG2,library-preprocess,spmm.csr.fp32,fp32,A100-SXM4-80GB,A100-SXM4-80GB,,19500.0,238ed034-08d6-5e0f-b7b4-c4d0b9e54f50,suitesparse_all,CPM/cz20468,cz20468,20468,20468,206076,16,row-major,N,N,1.0,0.0,20260922,main,pass,pass,0,0,6594432.0,0.02064,0.0369152009487,0.0575552009487,0.0379472009487,178.63730470177023,114.57577927453919,173.77914141585487,0.9160887420603602,0.5875680988437907,0.8911750841838711,cuSPARSE 12.8.6,CUDA,13040,13000,2026-10-07T15:36:21.591678+00:00,source,csr-alg2,0,0,,,,5,20,4,true
3,full-20261009-A100-SXM4-80GB-spmm-fp32-cusparse-csr-alg2-n16-13.4.1,cuSPARSE-CUDA-13.4.1-SpMM-CSR-ALG2,cuSPARSE CUDA 13.4.1 SpMM CSR ALG2 [cuSPARSE 12.8.6],csr-alg2,cuSPARSE-SpMM-CSR,candidate,,,csr,csr,CUSPARSE_SPMM_CSR_ALG2,library-preprocess,spmm.csr.fp32,fp32,A100-SXM4-80GB,A100-SXM4-80GB,,19500.0,df2405bf-ab33-5b32-9511-7da1122118f9,suitesparse_all,CPM/cz40948,cz40948,40948,40948,412148,16,row-major,N,N,1.0,0.0,20260922,main,pass,pass,0,0,13188736.0,0.05932,0.0713728010654,0.130692801065,0.0743388010654,184.78658260749717,100.91402045504088,177.41389168217998,0.9476235005512675,0.5175077972053379,0.9098148291393845,cuSPARSE 12.8.6,CUDA,13040,13000,2026-10-08T11:01:49.144894+00:00,source,csr-alg2,0,0,,,,5,20,4,true
3,full-20261009-A100-SXM4-80GB-spmm-fp32-cusparse-csr-alg2-n16-13.4.1,cuSPARSE-CUDA-13.4.1-SpMM-CSR-ALG2,cuSPARSE CUDA 13.4.1 SpMM CSR ALG2 [cuSPARSE 12.8.6],csr-alg2,cuSPARSE-SpMM-CSR,candidate,,,csr,csr,CUSPARSE_SPMM_CSR_ALG2,library-preprocess,spmm.csr.fp32,fp32,A100-SXM4-80GB,A100-SXM4-80GB,,19500.0,2793479a-b9ba-5e32-964d-96d3a38ca48f,suitesparse_all,CPM/cz628,cz628,628,628,6346,16,row-major,N,N,1.0,0.0,20260922,main,pass,pass,0,0,203072.0,0.01264,0.0207872003317,0.0334272003317,0.0214192003317,9.769088514066029,6.07505259144963,9.480839473706093,0.05009788981572322,0.031154115853587846,0.04861968960874919,cuSPARSE 12.8.6,CUDA,13040,13000,2026-10-07T10:14:02.951102+00:00,source,csr-alg2,0,0,,,,5,20,4,true
3,full-20261009-A100-SXM4-80GB-spmm-fp32-cusparse-csr-alg2-n16-13.4.1,cuSPARSE-CUDA-13.4.1-SpMM-CSR-ALG2,cuSPARSE CUDA 13.4.1 SpMM CSR ALG2 [cuSPARSE 12.8.6],csr-alg2,cuSPARSE-SpMM-CSR,candidate,,,csr,csr,CUSPARSE_SPMM_CSR_ALG2,library-preprocess,spmm.csr.fp32,fp32,A100-SXM4-80GB,A100-SXM4-80GB,,19500.0,238ed034-08d6-5e0f-b7b4-c4d0b9e54f50,suitesparse_all,Cannizzo/sts4098,sts4098,4098,4098,72356,16,row-major,N,N,1.0,0.0,20260922,main,pass,pass,0,0,2315392.0,0.0129,0.0245759993792,0.0374759993792,0.0252209993792,94.21354404654005,61.783329020041904,91.80413373744128,0.48314637972584645,0.31683758471816365,0.4707904294227757,cuSPARSE 12.8.6,CUDA,13040,13000,2026-10-07T14:31:33.424493+00:00,source,csr-alg2,0,0,,,,5,20,4,true
3,full-20261009-A100-SXM4-80GB-spmm-fp32-cusparse-csr-alg2-n16-13.4.1,cuSPARSE-CUDA-13.4.1-SpMM-CSR-ALG2,cuSPARSE CUDA 13.4.1 SpMM CSR ALG2 [cuSPARSE 12.8.6],csr-alg2,cuSPARSE-SpMM-CSR,candidate,,,csr,csr,CUSPARSE_SPMM_CSR_ALG2,library-preprocess,spmm.csr.fp32,fp32,A100-SXM4-80GB,A100-SXM4-80GB,,19500.0,df2405bf-ab33-5b32-9511-7da1122118f9,suitesparse_all,Chen/pkustk01,pkustk01,22044,22044,979380,16,row-major,N,N,1.0,0.0,20260922,main,pass,pass,0,0,31340160.0,0.05593,0.119193601608,0.175123601608,0.121990101608,262.9349191332475,178.96022987325495,256.9074013948091,1.3483842006833204,0.9177447685807946,1.3174738533067132,cuSPARSE 12.8.6,CUDA,13040,13000,2026-10-08T09:35:18.806083+00:00,source,csr-alg2,0,0,,,,5,20,4,true
3,full-20261009-A100-SXM4-80GB-spmm-fp32-cusparse-csr-alg2-n16-13.4.1,cuSPARSE-CUDA-13.4.1-SpMM-CSR-ALG2,cuSPARSE CUDA 13.4.1 SpMM CSR ALG2 [cuSPARSE 12.8.6],csr-alg2,cuSPARSE-SpMM-CSR,candidate,,,csr,csr,CUSPARSE_SPMM_CSR_ALG2,library-preprocess,spmm.csr.fp32,fp32,A100-SXM4-80GB,A100-SXM4-80GB,,19500.0,2793479a-b9ba-5e32-964d-96d3a38ca48f,suitesparse_all,Chen/pkustk03,pkustk03,63336,63336,3130416,16,row-major,N,N,1.0,0.0,20260922,main,pass,pass,0,0,100173312.0,0.03979,0.446199989319,0.485989989319,0.448189489319,224.5031698743128,206.122171652896,223.50660688676123,1.151298307047758,1.0570367777071588,1.1461877276244166,cuSPARSE 12.8.6,CUDA,13040,13000,2026-10-07T08:53:37.267607+00:00,source,csr-alg2,0,0,,,,5,20,4,true
3,full-20261009-A100-SXM4-80GB-spmm-fp32-cusparse-csr-alg2-n16-13.4.1,cuSPARSE-CUDA-13.4.1-SpMM-CSR-ALG2,cuSPARSE CUDA 13.4.1 SpMM CSR ALG2 [cuSPARSE 12.8.6],csr-alg2,cuSPARSE-SpMM-CSR,candidate,,,csr,csr,CUSPARSE_SPMM_CSR_ALG2,library-preprocess,spmm.csr.fp32,fp32,A100-SXM4-80GB,A100-SXM4-80GB,,19500.0,238ed034-08d6-5e0f-b7b4-c4d0b9e54f50,suitesparse_all,Chen/pkustk08,pkustk08,22209,22209,3226671,16,row-major,N,N,1.0,0.0,20260922,main,pass,pass,0,0,103253472.0,0.0501,0.727947187424,0.778047187424,0.730452187424,141.84198219844072,132.70849592279498,141.35555177695053,0.7273947805048242,0.6805563893476666,0.7249002655228233,cuSPARSE 12.8.6,CUDA,13040,13000,2026-10-07T14:29:22.558916+00:00,source,csr-alg2,0,0,,,,5,20,4,true
3,full-20261009-A100-SXM4-80GB-spmm-fp32-cusparse-csr-alg2-n16-13.4.1,cuSPARSE-CUDA-13.4.1-SpMM-CSR-ALG2,cuSPARSE CUDA 13.4.1 SpMM CSR ALG2 [cuSPARSE 12.8.6],csr-alg2,cuSPARSE-SpMM-CSR,candidate,,,csr,csr,CUSPARSE_SPMM_CSR_ALG2,library-preprocess,spmm.csr.fp32,fp32,A100-SXM4-80GB,A100-SXM4-80GB,,19500.0,df2405bf-ab33-5b32-9511-7da1122118f9,suitesparse_all,Chen/pkustk09,pkustk09,33960,33960,1583640,16,row-major,N,N,1.0,0.0,20260922,main,pass,pass,0,0,50676480.0,0.049831,0.180121600628,0.229952600628,0.182613150628,281.34593420952706,220.37793815596197,277.5072869928887,1.4427996626129593,1.1301432725946767,1.423114292271224,cuSPARSE 12.8.6,CUDA,13040,13000,2026-10-08T09:35:22.863670+00:00,source,csr-alg2,0,0,,,,5,20,4,true
3,full-20261009-A100-SXM4-80GB-spmm-fp32-cusparse-csr-alg2-n16-13.4.1,cuSPARSE-CUDA-13.4.1-SpMM-CSR-ALG2,cuSPARSE CUDA 13.4.1 SpMM CSR ALG2 [cuSPARSE 12.8.6],csr-alg2,cuSPARSE-SpMM-CSR,candidate,,,csr,csr,CUSPARSE_SPMM_CSR_ALG2,library-preprocess,spmm.csr.fp32,fp32,A100-SXM4-80GB,A100-SXM4-80GB,,19500.0,2793479a-b9ba-5e32-964d-96d3a38ca48f,suitesparse_all,Chen/pkustk11,pkustk11,87804,87804,5217912,16,row-major,N,N,1.0,0.0,20260922,main,pass,pass,0,0,166973184.0,0.04044,0.665312004089,0.705752004089,0.667334004089,250.96974498248144,236.58903273754444,250.20931494108513,1.2870243332434945,1.2132770909617663,1.2831246920055648,cuSPARSE 12.8.6,CUDA,13040,13000,2026-10-07T08:53:49.839213+00:00,source,csr-alg2,0,0,,,,5,20,4,true
3,full-20261009-A100-SXM4-80GB-spmm-fp32-cusparse-csr-alg2-n16-13.4.1,cuSPARSE-CUDA-13.4.1-SpMM-CSR-ALG2,cuSPARSE CUDA 13.4.1 SpMM CSR ALG2 [cuSPARSE 12.8.6],csr-alg2,cuSPARSE-SpMM-CSR,candidate,,,csr,csr,CUSPARSE_SPMM_CSR_ALG2,library-preprocess,spmm.csr.fp32,fp32,A100-SXM4-80GB,A100-SXM4-80GB,,19500.0,238ed034-08d6-5e0f-b7b4-c4d0b9e54f50,suitesparse_all,Chevron/Chevron4,Chevron4,711450,711450,6376412,16,row-major,N,N,1.0,0.0,20260922,main,pass,pass,0,0,204045184.0,1.32927,1.67772159576,3.00699159576,1.74418509576,121.62040741185578,67.85691861850007,116.98596926210442,0.6236943969838757,0.34798419804359015,0.5999280474979714,cuSPARSE 12.8.6,CUDA,13040,13000,2026-10-07T15:36:19.717791+00:00,source,csr-alg2,0,0,,,,5,20,4,true
3,full-20261009-A100-SXM4-80GB-spmm-fp32-cusparse-csr-alg2-n16-13.4.1,cuSPARSE-CUDA-13.4.1-SpMM-CSR-ALG2,cuSPARSE CUDA 13.4.1 SpMM CSR ALG2 [cuSPARSE 12.8.6],csr-alg2,cuSPARSE-SpMM-CSR,candidate,,,csr,csr,CUSPARSE_SPMM_CSR_ALG2,library-preprocess,spmm.csr.fp32,fp32,A100-SXM4-80GB,A100-SXM4-80GB,,19500.0,238ed034-08d6-5e0f-b7b4-c4d0b9e54f50,suitesparse_all,Cylshell/s2rmq4m1,s2rmq4m1,5489,5489,281111,16,row-major,N,N,1.0,0.0,20260922,main,pass,pass,0,0,8995552.0,0.02944,0.0466944009066,0.0761344009066,0.0481664009066,192.64733726840743,118.1535796286825,186.7598955015006,0.98793506291491,0.6059157929676026,0.9577430538538493,cuSPARSE 12.8.6,CUDA,13040,13000,2026-10-07T14:37:39.431459+00:00,source,csr-alg2,0,0,,,,5,20,4,true
3,full-20261009-A100-SXM4-80GB-spmm-fp32-cusparse-csr-alg2-n16-13.4.1,cuSPARSE-CUDA-13.4.1-SpMM-CSR-ALG2,cuSPARSE CUDA 13.4.1 SpMM CSR ALG2 [cuSPARSE 12.8.6],csr-alg2,cuSPARSE-SpMM-CSR,candidate,,,csr,csr,CUSPARSE_SPMM_CSR_ALG2,library-preprocess,spmm.csr.fp32,fp32,A100-SXM4-80GB,A100-SXM4-80GB,,19500.0,2793479a-b9ba-5e32-964d-96d3a38ca48f,suitesparse_all,Cylshell/s2rmt3m1,s2rmt3m1,5489,5489,219521,16,row-major,N,N,1.0,0.0,20260922,main,pass,pass,0,0,7024672.0,0.03085,0.0402431994677,0.0710931994677,0.0417856994677,174.55550485338878,98.80933834172903,168.11186816269557,0.8951564351455835,0.5067145555986103,0.8621121444240799,cuSPARSE 12.8.6,CUDA,13040,13000,2026-10-07T09:02:35.284295+00:00,source,csr-alg2,0,0,,,,5,20,4,true
3,full-20261009-A100-SXM4-80GB-spmm-fp32-cusparse-csr-alg2-n16-13.4.1,cuSPARSE-CUDA-13.4.1-SpMM-CSR-ALG2,cuSPARSE CUDA 13.4.1 SpMM CSR ALG2 [cuSPARSE 12.8.6],csr-alg2,cuSPARSE-SpMM-CSR,candidate,,,csr,csr,CUSPARSE_SPMM_CSR_ALG2,library-preprocess,spmm.csr.fp32,fp32,A100-SXM4-80GB,A100-SXM4-80GB,,19500.0,df2405bf-ab33-5b32-9511-7da1122118f9,suitesparse_all,Cylshell/s3rmq4m1,s3rmq4m1,5489,5489,281111,16,row-major,N,N,1.0,0.0,20260922,main,pass,pass,0,0,8995552.0,0.01767,0.0381951987743,0.0558651987743,0.0390786987743,235.51525554705955,161.0224647430822,230.19067374668833,1.2077705412669721,0.8257562294517036,1.1804649935727607,cuSPARSE 12.8.6,CUDA,13040,13000,2026-10-08T09:44:01.889775+00:00,source,csr-alg2,0,0,,,,5,20,4,true
3,full-20261009-A100-SXM4-80GB-spmm-fp32-cusparse-csr-alg2-n16-13.4.1,cuSPARSE-CUDA-13.4.1-SpMM-CSR-ALG2,cuSPARSE CUDA 13.4.1 SpMM CSR ALG2 [cuSPARSE 12.8.6],csr-alg2,cuSPARSE-SpMM-CSR,candidate,,,csr,csr,CUSPARSE_SPMM_CSR_ALG2,library-preprocess,spmm.csr.fp32,fp32,A100-SXM4-80GB,A100-SXM4-80GB,,19500.0,2793479a-b9ba-5e32-964d-96d3a38ca48f,suitesparse_all,DIMACS10/333SP,333SP,3712815,3712815,22217266,16,row-major,N,N,1.0,0.0,20260922,main,pass,pass,0,0,710952512.0,0.29856,4.25400314331,4.55256314331,4.26893114331,167.12552578106806,156.1653270080935,166.54110552102958,0.8570539783644516,0.8008478308107359,0.8540569513898952,cuSPARSE 12.8.6,CUDA,13040,13000,2026-10-07T10:15:33.153589+00:00,source,csr-alg2,0,0,,,,5,20,4,true
3,full-20261009-A100-SXM4-80GB-spmm-fp32-cusparse-csr-alg2-n16-13.4.1,cuSPARSE-CUDA-13.4.1-SpMM-CSR-ALG2,cuSPARSE CUDA 13.4.1 SpMM CSR ALG2 [cuSPARSE 12.8.6],csr-alg2,cuSPARSE-SpMM-CSR,candidate,,,csr,csr,CUSPARSE_SPMM_CSR_ALG2,library-preprocess,spmm.csr.fp32,fp32,A100-SXM4-80GB,A100-SXM4-80GB,,19500.0,238ed034-08d6-5e0f-b7b4-c4d0b9e54f50,suitesparse_all,DIMACS10/598a,598a,110971,110971,1483868,16,row-major,N,N,1.0,0.0,20260922,main,pass,pass,0,0,47483776.0,0.06078,0.229427194595,0.290207194595,0.232466194595,206.9666417872628,163.62025781706137,204.26099408873492,1.0613673937808348,0.8390782452156994,1.047492277378128,cuSPARSE 12.8.6,CUDA,13040,13000,2026-10-07T15:30:33.143384+00:00,source,csr-alg2,0,0,,,,5,20,4,true
3,full-20261009-A100-SXM4-80GB-spmm-fp32-cusparse-csr-alg2-n16-13.4.1,cuSPARSE-CUDA-13.4.1-SpMM-CSR-ALG2,cuSPARSE CUDA 13.4.1 SpMM CSR ALG2 [cuSPARSE 12.8.6],csr-alg2,cuSPARSE-SpMM-CSR,candidate,,,csr,csr,CUSPARSE_SPMM_CSR_ALG2,library-preprocess,spmm.csr.fp32,fp32,A100-SXM4-80GB,A100-SXM4-80GB,,19500.0,238ed034-08d6-5e0f-b7b4-c4d0b9e54f50,suitesparse_all,DIMACS10/G_n_pin_pout,G_n_pin_pout,100000,100000,1002396,16,row-major,N,N,1.0,0.0,20260922,main,pass,pass,0,0,32076672.0,0.08916,0.257587194443,0.346747194443,0.262045194443,124.52743262087148,92.50737284702939,122.40893052124757,0.6386022185685717,0.4743967838309199,0.6277381052371671,cuSPARSE 12.8.6,CUDA,13040,13000,2026-10-07T15:36:25.860538+00:00,source,csr-alg2,0,0,,,,5,20,4,true
3,full-20261009-A100-SXM4-80GB-spmm-fp32-cusparse-csr-alg2-n16-13.4.1,cuSPARSE-CUDA-13.4.1-SpMM-CSR-ALG2,cuSPARSE CUDA 13.4.1 SpMM CSR ALG2 [cuSPARSE 12.8.6],csr-alg2,cuSPARSE-SpMM-CSR,candidate,,,csr,csr,CUSPARSE_SPMM_CSR_ALG2,library-preprocess,spmm.csr.fp32,fp32,A100-SXM4-80GB,A100-SXM4-80GB,,19500.0,df2405bf-ab33-5b32-9511-7da1122118f9,suitesparse_all,DIMACS10/adaptive,adaptive,6815744,6815744,27248640,16,row-major,N,N,1.0,0.0,20260922,main,pass,pass,0,0,871956480.0,7.339973,4.67176170349,12.0117347035,5.03876035349,186.64404037316638,72.592052815313,173.04980170292407,0.9571489249905968,0.37226693751442563,0.8874348805278157,cuSPARSE 12.8.6,CUDA,13040,13000,2026-10-08T10:39:20.148332+00:00,source,csr-alg2,0,0,,,,5,20,4,true
3,full-20261009-A100-SXM4-80GB-spmm-fp32-cusparse-csr-alg2-n16-13.4.1,cuSPARSE-CUDA-13.4.1-SpMM-CSR-ALG2,cuSPARSE CUDA 13.4.1 SpMM CSR ALG2 [cuSPARSE 12.8.6],csr-alg2,cuSPARSE-SpMM-CSR,candidate,,,csr,csr,CUSPARSE_SPMM_CSR_ALG2,library-preprocess,spmm.csr.fp32,fp32,A100-SXM4-80GB,A100-SXM4-80GB,,19500.0,238ed034-08d6-5e0f-b7b4-c4d0b9e54f50,suitesparse_all,DIMACS10/ak2010,ak2010,45292,45292,217098,16,row-major,N,N,1.0,0.0,20260922,main,pass,pass,0,0,6947136.0,0.04731,0.0469503998756,0.0942603998756,0.0493158998756,147.96755764396394,73.70153329678709,140.87010512885786,0.7588079879177638,0.37795658100916457,0.7224107955326045,cuSPARSE 12.8.6,CUDA,13040,13000,2026-10-07T15:36:27.563328+00:00,source,csr-alg2,0,0,,,,5,20,4,true
3,full-20261009-A100-SXM4-80GB-spmm-fp32-cusparse-csr-alg2-n16-13.4.1,cuSPARSE-CUDA-13.4.1-SpMM-CSR-ALG2,cuSPARSE CUDA 13.4.1 SpMM CSR ALG2 [cuSPARSE 12.8.6],csr-alg2,cuSPARSE-SpMM-CSR,candidate,,,csr,csr,CUSPARSE_SPMM_CSR_ALG2,library-preprocess,spmm.csr.fp32,fp32,A100-SXM4-80GB,A100-SXM4-80GB,,19500.0,df2405bf-ab33-5b32-9511-7da1122118f9,suitesparse_all,DIMACS10/al2010,al2010,252266,252266,1230482,16,row-major,N,N,1.0,0.0,20260922,main,pass,pass,0,0,39375424.0,0.04368,0.30115840435,0.34483840435,0.30334240435,130.7465554049048,114.18514731333461,129.80520835645578,0.6704951559225887,0.5855648580171006,0.6656677351613117,cuSPARSE 12.8.6,CUDA,13040,13000,2026-10-08T11:02:00.730115+00:00,source,csr-alg2,0,0,,,,5,20,4,true
3,full-20261009-A100-SXM4-80GB-spmm-fp32-cusparse-csr-alg2-n16-13.4.1,cuSPARSE-CUDA-13.4.1-SpMM-CSR-ALG2,cuSPARSE CUDA 13.4.1 SpMM CSR ALG2 [cuSPARSE 12.8.6],csr-alg2,cuSPARSE-SpMM-CSR,candidate,,,csr,csr,CUSPARSE_SPMM_CSR_ALG2,library-preprocess,spmm.csr.fp32,fp32,A100-SXM4-80GB,A100-SXM4-80GB,,19500.0,df2405bf-ab33-5b32-9511-7da1122118f9,suitesparse_all,DIMACS10/auto,auto,448695,448695,6629222,16,row-major,N,N,1.0,0.0,20260922,main,pass,pass,0,0,212135104.0,0.347781,1.86675205231,2.21453305231,1.88414110231,113.63860762198965,95.79225009927934,112.58981810858938,0.5827620903691777,0.4912423082014325,0.5773836826081508,cuSPARSE 12.8.6,CUDA,13040,13000,2026-10-08T10:57:01.370169+00:00,source,csr-alg2,0,0,,,,5,20,4,true
3,full-20261009-A100-SXM4-80GB-spmm-fp32-cusparse-csr-alg2-n16-13.4.1,cuSPARSE-CUDA-13.4.1-SpMM-CSR-ALG2,cuSPARSE CUDA 13.4.1 SpMM CSR ALG2 [cuSPARSE 12.8.6],csr-alg2,cuSPARSE-SpMM-CSR,candidate,,,csr,csr,CUSPARSE_SPMM_CSR_ALG2,library-preprocess,spmm.csr.fp32,fp32,A100-SXM4-80GB,A100-SXM4-80GB,,19500.0,2793479a-b9ba-5e32-964d-96d3a38ca48f,suitesparse_all,DIMACS10/az2010,az2010,241666,241666,1196094,16,row-major,N,N,1.0,0.0,20260922,main,pass,pass,0,0,38275008.0,0.04797,0.290713596344,0.338683596344,0.293112096344,131.658816379229,113.01110657016933,130.5814685828591,0.6751734173293795,0.5795441362572786,0.6696485568351748,cuSPARSE 12.8.6,CUDA,13040,13000,2026-10-07T10:15:38.778678+00:00,source,csr-alg2,0,0,,,,5,20,4,true
3,full-20261009-A100-SXM4-80GB-spmm-fp32-cusparse-csr-alg2-n16-13.4.1,cuSPARSE-CUDA-13.4.1-SpMM-CSR-ALG2,cuSPARSE CUDA 13.4.1 SpMM CSR ALG2 [cuSPARSE 12.8.6],csr-alg2,cuSPARSE-SpMM-CSR,candidate,,,csr,csr,CUSPARSE_SPMM_CSR_ALG2,library-preprocess,spmm.csr.fp32,fp32,A100-SXM4-80GB,A100-SXM4-80GB,,19500.0,238ed034-08d6-5e0f-b7b4-c4d0b9e54f50,suitesparse_all,DIMACS10/belgium_osm,belgium_osm,1441295,1441295,3099940,16,row-major,N,N,1.0,0.0,20260922,main,pass,pass,0,0,99198080.0,0.30309,0.807577610016,1.11066761002,0.822732110016,122.83411373680191,89.31392173956861,120.57154302397515,0.6299185319835995,0.45802011148496724,0.6183156052511546,cuSPARSE 12.8.6,CUDA,13040,13000,2026-10-07T15:30:27.406510+00:00,source,csr-alg2,0,0,,,,5,20,4,true
3,full-20261009-A100-SXM4-80GB-spmm-fp32-cusparse-csr-alg2-n16-13.4.1,cuSPARSE-CUDA-13.4.1-SpMM-CSR-ALG2,cuSPARSE CUDA 13.4.1 SpMM CSR ALG2 [cuSPARSE 12.8.6],csr-alg2,cuSPARSE-SpMM-CSR,candidate,,,csr,csr,CUSPARSE_SPMM_CSR_ALG2,library-preprocess,spmm.csr.fp32,fp32,A100-SXM4-80GB,A100-SXM4-80GB,,19500.0,2793479a-b9ba-5e32-964d-96d3a38ca48f,suitesparse_all,DIMACS10/chesapeake,chesapeake,39,39,340,16,row-major,N,N,1.0,0.0,20260922,main,pass,pass,0,0,10880.0,0.01791,0.0142335996032,0.0321435996032,0.0151290996032,0.764388510518025,0.33848107039377323,0.719143920349281,0.003919941079579616,0.001735800360993709,0.003687917540252723,cuSPARSE 12.8.6,CUDA,13040,13000,2026-10-07T09:58:49.748310+00:00,source,csr-alg2,0,0,,,,5,20,4,true
3,full-20261009-A100-SXM4-80GB-spmm-fp32-cusparse-csr-alg2-n16-13.4.1,cuSPARSE-CUDA-13.4.1-SpMM-CSR-ALG2,cuSPARSE CUDA 13.4.1 SpMM CSR ALG2 [cuSPARSE 12.8.6],csr-alg2,cuSPARSE-SpMM-CSR,candidate,,,csr,csr,CUSPARSE_SPMM_CSR_ALG2,library-preprocess,spmm.csr.fp32,fp32,A100-SXM4-80GB,A100-SXM4-80GB,,19500.0,238ed034-08d6-5e0f-b7b4-c4d0b9e54f50,suitesparse_all,DIMACS10/coAuthorsDBLP,coAuthorsDBLP,299067,299067,1955352,16,row-major,N,N,1.0,0.0,20260922,main,pass,pass,0,0,62571264.0,0.06082,0.406275177002,0.467095177002,0.409316177002,154.01202815719154,133.95827463175044,152.8678012637997,0.7898052726009822,0.6869655109320536,0.7839374423784599,cuSPARSE 12.8.6,CUDA,13040,13000,2026-10-07T15:17:21.663172+00:00,source,csr-alg2,0,0,,,,5,20,4,true
3,full-20261009-A100-SXM4-80GB-spmm-fp32-cusparse-csr-alg2-n16-13.4.1,cuSPARSE-CUDA-13.4.1-SpMM-CSR-ALG2,cuSPARSE CUDA 13.4.1 SpMM CSR ALG2 [cuSPARSE 12.8.6],csr-alg2,cuSPARSE-SpMM-CSR,candidate,,,csr,csr,CUSPARSE_SPMM_CSR_ALG2,library-preprocess,spmm.csr.fp32,fp32,A100-SXM4-80GB,A100-SXM4-80GB,,19500.0,df2405bf-ab33-5b32-9511-7da1122118f9,suitesparse_all,DIMACS10/coPapersCiteseer,coPapersCiteseer,434102,434102,32073440,16,row-major,N,N,1.0,0.0,20260922,main,pass,pass,0,0,1026350080.0,0.35805,4.11939849854,4.47744849854,4.13730099854,249.15047193510404,229.22655175925993,248.07237384038189,1.2776947278723285,1.175520778252615,1.2721660196942661,cuSPARSE 12.8.6,CUDA,13040,13000,2026-10-08T10:27:24.486466+00:00,source,csr-alg2,0,0,,,,5,20,4,true
3,full-20261009-A100-SXM4-80GB-spmm-fp32-cusparse-csr-alg2-n16-13.4.1,cuSPARSE-CUDA-13.4.1-SpMM-CSR-ALG2,cuSPARSE CUDA 13.4.1 SpMM CSR ALG2 [cuSPARSE 12.8.6],csr-alg2,cuSPARSE-SpMM-CSR,candidate,,,csr,csr,CUSPARSE_SPMM_CSR_ALG2,library-preprocess,spmm.csr.fp32,fp32,A100-SXM4-80GB,A100-SXM4-80GB,,19500.0,2793479a-b9ba-5e32-964d-96d3a38ca48f,suitesparse_all,DIMACS10/cti,cti,16840,16840,96464,16,row-major,N,N,1.0,0.0,20260922,main,pass,pass,0,0,3086848.0,0.019071,0.0326144009829,0.0516854009829,0.0335679509829,94.64677893726946,59.72378933504408,91.95818957113246,0.48536809711420237,0.3062758427438158,0.47158045933914083,cuSPARSE 12.8.6,CUDA,13040,13000,2026-10-07T10:11:19.650129+00:00,source,csr-alg2,0,0,,,,5,20,4,true
3,full-20261009-A100-SXM4-80GB-spmm-fp32-cusparse-csr-alg2-n16-13.4.1,cuSPARSE-CUDA-13.4.1-SpMM-CSR-ALG2,cuSPARSE CUDA 13.4.1 SpMM CSR ALG2 [cuSPARSE 12.8.6],csr-alg2,cuSPARSE-SpMM-CSR,candidate,,,csr,csr,CUSPARSE_SPMM_CSR_ALG2,library-preprocess,spmm.csr.fp32,fp32,A100-SXM4-80GB,A100-SXM4-80GB,,19500.0,2793479a-b9ba-5e32-964d-96d3a38ca48f,suitesparse_all,DIMACS10/delaunay_n10,delaunay_n10,1024,1024,6112,16,row-major,N,N,1.0,0.0,20260922,main,pass,pass,0,0,195584.0,0.01409,0.017049600184,0.031139600184,0.017754100184,11.47147134767087,6.280877045444342,11.016272183495975,0.058828058193183944,0.03220962587407355,0.05649370350510756,cuSPARSE 12.8.6,CUDA,13040,13000,2026-10-07T09:58:50.377542+00:00,source,csr-alg2,0,0,,,,5,20,4,true
3,full-20261009-A100-SXM4-80GB-spmm-fp32-cusparse-csr-alg2-n16-13.4.1,cuSPARSE-CUDA-13.4.1-SpMM-CSR-ALG2,cuSPARSE CUDA 13.4.1 SpMM CSR ALG2 [cuSPARSE 12.8.6],csr-alg2,cuSPARSE-SpMM-CSR,candidate,,,csr,csr,CUSPARSE_SPMM_CSR_ALG2,library-preprocess,spmm.csr.fp32,fp32,A100-SXM4-80GB,A100-SXM4-80GB,,19500.0,238ed034-08d6-5e0f-b7b4-c4d0b9e54f50,suitesparse_all,DIMACS10/delaunay_n15,delaunay_n15,32768,32768,196548,16,row-major,N,N,1.0,0.0,20260922,main,pass,pass,0,0,6289536.0,0.03044,0.0482816010714,0.0787216010714,0.0498036010714,130.26775956950726,79.895935987067,126.28677173329544,0.6680397926641398,0.4097227486516257,0.6476244704271561,cuSPARSE 12.8.6,CUDA,13040,13000,2026-10-07T15:17:23.222395+00:00,source,csr-alg2,0,0,,,,5,20,4,true
3,full-20261009-A100-SXM4-80GB-spmm-fp32-cusparse-csr-alg2-n16-13.4.1,cuSPARSE-CUDA-13.4.1-SpMM-CSR-ALG2,cuSPARSE CUDA 13.4.1 SpMM CSR ALG2 [cuSPARSE 12.8.6],csr-alg2,cuSPARSE-SpMM-CSR,candidate,,,csr,csr,CUSPARSE_SPMM_CSR_ALG2,library-preprocess,spmm.csr.fp32,fp32,A100-SXM4-80GB,A100-SXM4-80GB,,19500.0,df2405bf-ab33-5b32-9511-7da1122118f9,suitesparse_all,DIMACS10/delaunay_n16,delaunay_n16,65536,65536,393150,16,row-major,N,N,1.0,0.0,20260922,main,pass,pass,0,0,12580800.0,0.05298,0.0637535989285,0.116733598928,0.0664025989285,197.33474206074914,107.77359830874141,189.46246386450272,1.0119730362089698,0.5526851195320073,0.9716023787923217,cuSPARSE 12.8.6,CUDA,13040,13000,2026-10-08T10:27:27.115486+00:00,source,csr-alg2,0,0,,,,5,20,4,true
3,full-20261009-A100-SXM4-80GB-spmm-fp32-cusparse-csr-alg2-n16-13.4.1,cuSPARSE-CUDA-13.4.1-SpMM-CSR-ALG2,cuSPARSE CUDA 13.4.1 SpMM CSR ALG2 [cuSPARSE 12.8.6],csr-alg2,cuSPARSE-SpMM-CSR,candidate,,,csr,csr,CUSPARSE_SPMM_CSR_ALG2,library-preprocess,spmm.csr.fp32,fp32,A100-SXM4-80GB,A100-SXM4-80GB,,19500.0,2793479a-b9ba-5e32-964d-96d3a38ca48f,suitesparse_all,DIMACS10/delaunay_n18,delaunay_n18,262144,262144,1572792,16,row-major,N,N,1.0,0.0,20260922,main,pass,pass,0,0,50329344.0,0.04374,0.317491197586,0.361231197586,0.319678197586,158.52201378391635,139.32723512347758,157.43752429804152,0.8129334040200837,0.7144986416588593,0.807371919477136,cuSPARSE 12.8.6,CUDA,13040,13000,2026-10-07T09:58:58.518460+00:00,source,csr-alg2,0,0,,,,5,20,4,true
3,full-20261009-A100-SXM4-80GB-spmm-fp32-cusparse-csr-alg2-n16-13.4.1,cuSPARSE-CUDA-13.4.1-SpMM-CSR-ALG2,cuSPARSE CUDA 13.4.1 SpMM CSR ALG2 [cuSPARSE 12.8.6],csr-alg2,cuSPARSE-SpMM-CSR,candidate,,,csr,csr,CUSPARSE_SPMM_CSR_ALG2,library-preprocess,spmm.csr.fp32,fp32,A100-SXM4-80GB,A100-SXM4-80GB,,19500.0,238ed034-08d6-5e0f-b7b4-c4d0b9e54f50,suitesparse_all,DIMACS10/delaunay_n23,delaunay_n23,8388608,8388608,50331568,16,row-major,N,N,1.0,0.0,20260922,main,pass,pass,0,0,1610610176.0,0.64375,16.5684738159,17.2122238159,16.6006613159,97.20932621171008,93.57362495554928,97.02084425138948,0.49850936518825684,0.4798647433617912,0.4975427910327666,cuSPARSE 12.8.6,CUDA,13040,13000,2026-10-07T15:20:49.154235+00:00,source,csr-alg2,0,0,,,,5,20,4,true
3,full-20261009-A100-SXM4-80GB-spmm-fp32-cusparse-csr-alg2-n16-13.4.1,cuSPARSE-CUDA-13.4.1-SpMM-CSR-ALG2,cuSPARSE CUDA 13.4.1 SpMM CSR ALG2 [cuSPARSE 12.8.6],csr-alg2,cuSPARSE-SpMM-CSR,candidate,,,csr,csr,CUSPARSE_SPMM_CSR_ALG2,library-preprocess,spmm.csr.fp32,fp32,A100-SXM4-80GB,A100-SXM4-80GB,,19500.0,df2405bf-ab33-5b32-9511-7da1122118f9,suitesparse_all,DIMACS10/delaunay_n24,delaunay_n24,16777216,16777216,100663202,16,row-major,N,N,1.0,0.0,20260922,main,pass,pass,0,0,3221222464.0,0.645161,14.6511871338,15.2963481338,14.6834451838,219.86085049509083,210.5876798712587,219.37783835321704,1.1274915410004658,1.0799368198526087,1.1250145556575233,cuSPARSE 12.8.6,CUDA,13040,13000,2026-10-08T10:34:31.496156+00:00,source,csr-alg2,0,0,,,,5,20,4,true
3,full-20261009-A100-SXM4-80GB-spmm-fp32-cusparse-csr-alg2-n16-13.4.1,cuSPARSE-CUDA-13.4.1-SpMM-CSR-ALG2,cuSPARSE CUDA 13.4.1 SpMM CSR ALG2 [cuSPARSE 12.8.6],csr-alg2,cuSPARSE-SpMM-CSR,candidate,,,csr,csr,CUSPARSE_SPMM_CSR_ALG2,library-preprocess,spmm.csr.fp32,fp32,A100-SXM4-80GB,A100-SXM4-80GB,,19500.0,df2405bf-ab33-5b32-9511-7da1122118f9,suitesparse_all,DIMACS10/europe_osm,europe_osm,50912018,50912018,108109320,16,row-major,N,N,1.0,0.0,20260922,main,pass,pass,0,0,3459498240.0,0.70089,22.2360061646,22.9368961646,22.2710506646,155.58091747193183,150.8267821057353,155.3361039000687,0.7978508588304196,0.7734706774653093,0.7965954046157371,cuSPARSE 12.8.6,CUDA,13040,13000,2026-10-08T10:56:39.578763+00:00,source,csr-alg2,0,0,,,,5,20,4,true
3,full-20261009-A100-SXM4-80GB-spmm-fp32-cusparse-csr-alg2-n16-13.4.1,cuSPARSE-CUDA-13.4.1-SpMM-CSR-ALG2,cuSPARSE CUDA 13.4.1 SpMM CSR ALG2 [cuSPARSE 12.8.6],csr-alg2,cuSPARSE-SpMM-CSR,candidate,,,csr,csr,CUSPARSE_SPMM_CSR_ALG2,library-preprocess,spmm.csr.fp32,fp32,A100-SXM4-80GB,A100-SXM4-80GB,,19500.0,238ed034-08d6-5e0f-b7b4-c4d0b9e54f50,suitesparse_all,DIMACS10/fe_rotor,fe_rotor,99617,99617,1324862,16,row-major,N,N,1.0,0.0,20260922,main,pass,pass,0,0,42395584.0,0.04554,0.194983994961,0.240523994961,0.197260994961,217.43109740099342,176.26342854846675,214.92127223824423,1.115031268723043,0.9039150181972653,1.1021603704525345,cuSPARSE 12.8.6,CUDA,13040,13000,2026-10-07T15:30:39.133884+00:00,source,csr-alg2,0,0,,,,5,20,4,true
3,full-20261009-A100-SXM4-80GB-spmm-fp32-cusparse-csr-alg2-n16-13.4.1,cuSPARSE-CUDA-13.4.1-SpMM-CSR-ALG2,cuSPARSE CUDA 13.4.1 SpMM CSR ALG2 [cuSPARSE 12.8.6],csr-alg2,cuSPARSE-SpMM-CSR,candidate,,,csr,csr,CUSPARSE_SPMM_CSR_ALG2,library-preprocess,spmm.csr.fp32,fp32,A100-SXM4-80GB,A100-SXM4-80GB,,19500.0,df2405bf-ab33-5b32-9511-7da1122118f9,suitesparse_all,DIMACS10/fe_sphere,fe_sphere,16386,16386,98304,16,row-major,N,N,1.0,0.0,20260922,main,pass,pass,0,0,3145728.0,0.01835,0.0265215992928,0.0448715992928,0.0274390992928,118.61004177278225,70.10510098989846,114.64399638021051,0.6082566244758064,0.3595133384097357,0.5879179301549257,cuSPARSE 12.8.6,CUDA,13040,13000,2026-10-08T10:57:02.489501+00:00,source,csr-alg2,0,0,,,,5,20,4,true
3,full-20261009-A100-SXM4-80GB-spmm-fp32-cusparse-csr-alg2-n16-13.4.1,cuSPARSE-CUDA-13.4.1-SpMM-CSR-ALG2,cuSPARSE CUDA 13.4.1 SpMM CSR ALG2 [cuSPARSE 12.8.6],csr-alg2,cuSPARSE-SpMM-CSR,candidate,,,csr,csr,CUSPARSE_SPMM_CSR_ALG2,library-preprocess,spmm.csr.fp32,fp32,A100-SXM4-80GB,A100-SXM4-80GB,,19500.0,238ed034-08d6-5e0f-b7b4-c4d0b9e54f50,suitesparse_all,DIMACS10/fl2010,fl2010,484481,484481,2346294,16,row-major,N,N,1.0,0.0,20260922,main,pass,pass,0,0,75081408.0,0.29922,0.966502380371,1.26572238037,0.981463380371,77.683624505073,59.31901747526339,76.49944919149067,0.3983775615644769,0.3042000896167353,0.3923048676486701,cuSPARSE 12.8.6,CUDA,13040,13000,2026-10-07T15:36:39.420800+00:00,source,csr-alg2,0,0,,,,5,20,4,true
3,full-20261009-A100-SXM4-80GB-spmm-fp32-cusparse-csr-alg2-n16-13.4.1,cuSPARSE-CUDA-13.4.1-SpMM-CSR-ALG2,cuSPARSE CUDA 13.4.1 SpMM CSR ALG2 [cuSPARSE 12.8.6],csr-alg2,cuSPARSE-SpMM-CSR,candidate,,,csr,csr,CUSPARSE_SPMM_CSR_ALG2,library-preprocess,spmm.csr.fp32,fp32,A100-SXM4-80GB,A100-SXM4-80GB,,19500.0,df2405bf-ab33-5b32-9511-7da1122118f9,suitesparse_all,DIMACS10/ga2010,ga2010,291086,291086,1418056,16,row-major,N,N,1.0,0.0,20260922,main,pass,pass,0,0,45377792.0,0.063211,0.341657590866,0.404868590866,0.344818140866,132.81657780522553,112.08029722171942,131.5992014980276,0.681110655411413,0.5747707549831765,0.6748676999898852,cuSPARSE 12.8.6,CUDA,13040,13000,2026-10-08T11:02:08.273257+00:00,source,csr-alg2,0,0,,,,5,20,4,true
3,full-20261009-A100-SXM4-80GB-spmm-fp32-cusparse-csr-alg2-n16-13.4.1,cuSPARSE-CUDA-13.4.1-SpMM-CSR-ALG2,cuSPARSE CUDA 13.4.1 SpMM CSR ALG2 [cuSPARSE 12.8.6],csr-alg2,cuSPARSE-SpMM-CSR,candidate,,,csr,csr,CUSPARSE_SPMM_CSR_ALG2,library-preprocess,spmm.csr.fp32,fp32,A100-SXM4-80GB,A100-SXM4-80GB,,19500.0,2793479a-b9ba-5e32-964d-96d3a38ca48f,suitesparse_all,DIMACS10/great-britain_osm,great-britain_osm,7733822,7733822,16313034,16,row-major,N,N,1.0,0.0,20260922,main,pass,pass,0,0,522017088.0,0.39433,3.59516143799,3.98949143799,3.61487793799,145.19990186917775,130.84802815443678,144.40794321543814,0.7446148813803988,0.6710155289971116,0.7405535549509649,cuSPARSE 12.8.6,CUDA,13040,13000,2026-10-07T10:11:18.685467+00:00,source,csr-alg2,0,0,,,,5,20,4,true
3,full-20261009-A100-SXM4-80GB-spmm-fp32-cusparse-csr-alg2-n16-13.4.1,cuSPARSE-CUDA-13.4.1-SpMM-CSR-ALG2,cuSPARSE CUDA 13.4.1 SpMM CSR ALG2 [cuSPARSE 12.8.6],csr-alg2,cuSPARSE-SpMM-CSR,candidate,,,csr,csr,CUSPARSE_SPMM_CSR_ALG2,library-preprocess,spmm.csr.fp32,fp32,A100-SXM4-80GB,A100-SXM4-80GB,,19500.0,2793479a-b9ba-5e32-964d-96d3a38ca48f,suitesparse_all,DIMACS10/hugebubbles-00010,hugebubbles-00010,19458087,19458087,58359528,16,row-major,N,N,1.0,0.0,20260922,main,pass,pass,0,0,1867504896.0,3.581021,12.3889663696,15.9699873696,12.5680174196,150.73936277545127,116.93840782585261,148.59184497052016,0.7730223732074424,0.59968414269668,0.7620094613872829,cuSPARSE 12.8.6,CUDA,13040,13000,2026-10-07T10:05:38.111821+00:00,source,csr-alg2,0,0,,,,5,20,4,true
3,full-20261009-A100-SXM4-80GB-spmm-fp32-cusparse-csr-alg2-n16-13.4.1,cuSPARSE-CUDA-13.4.1-SpMM-CSR-ALG2,cuSPARSE CUDA 13.4.1 SpMM CSR ALG2 [cuSPARSE 12.8.6],csr-alg2,cuSPARSE-SpMM-CSR,candidate,,,csr,csr,CUSPARSE_SPMM_CSR_ALG2,library-preprocess,spmm.csr.fp32,fp32,A100-SXM4-80GB,A100-SXM4-80GB,,19500.0,238ed034-08d6-5e0f-b7b4-c4d0b9e54f50,suitesparse_all,DIMACS10/hugetric-00000,hugetric-00000,5824554,5824554,17467046,16,row-major,N,N,1.0,0.0,20260922,main,pass,pass,0,0,558945472.0,0.490651,4.08227844238,4.57292944238,4.10681099238,136.91997738256444,122.22919225910786,136.10206874314346,0.7021537301669971,0.6268163705595275,0.6979593268879152,cuSPARSE 12.8.6,CUDA,13040,13000,2026-10-07T15:22:28.144251+00:00,source,csr-alg2,0,0,,,,5,20,4,true
3,full-20261009-A100-SXM4-80GB-spmm-fp32-cusparse-csr-alg2-n16-13.4.1,cuSPARSE-CUDA-13.4.1-SpMM-CSR-ALG2,cuSPARSE CUDA 13.4.1 SpMM CSR ALG2 [cuSPARSE 12.8.6],csr-alg2,cuSPARSE-SpMM-CSR,candidate,,,csr,csr,CUSPARSE_SPMM_CSR_ALG2,library-preprocess,spmm.csr.fp32,fp32,A100-SXM4-80GB,A100-SXM4-80GB,,19500.0,df2405bf-ab33-5b32-9511-7da1122118f9,suitesparse_all,DIMACS10/hugetric-00010,hugetric-00010,6592765,6592765,19771708,16,row-major,N,N,1.0,0.0,20260922,main,pass,pass,0,0,632694656.0,0.631161,4.59048957825,5.22165057825,4.62204762825,137.82727206216592,121.16755928391578,136.88622595166785,0.7068065233957227,0.6213720988918757,0.701980645905989,cuSPARSE 12.8.6,CUDA,13040,13000,2026-10-08T10:36:50.893222+00:00,source,csr-alg2,0,0,,,,5,20,4,true
3,full-20261009-A100-SXM4-80GB-spmm-fp32-cusparse-csr-alg2-n16-13.4.1,cuSPARSE-CUDA-13.4.1-SpMM-CSR-ALG2,cuSPARSE CUDA 13.4.1 SpMM CSR ALG2 [cuSPARSE 12.8.6],csr-alg2,cuSPARSE-SpMM-CSR,candidate,,,csr,csr,CUSPARSE_SPMM_CSR_ALG2,library-preprocess,spmm.csr.fp32,fp32,A100-SXM4-80GB,A100-SXM4-80GB,,19500.0,2793479a-b9ba-5e32-964d-96d3a38ca48f,suitesparse_all,DIMACS10/ia2010,ia2010,216007,216007,1021170,16,row-major,N,N,1.0,0.0,20260922,main,pass,pass,0,0,32677440.0,0.04774,0.251033592224,0.298773592224,0.253420592224,130.17158265751766,109.37191522435721,128.94548037010432,0.6675465777308598,0.5608816165351651,0.6612588736928428,cuSPARSE 12.8.6,CUDA,13040,13000,2026-10-07T10:15:43.864599+00:00,source,csr-alg2,0,0,,,,5,20,4,true
3,full-20261009-A100-SXM4-80GB-spmm-fp32-cusparse-csr-alg2-n16-13.4.1,cuSPARSE-CUDA-13.4.1-SpMM-CSR-ALG2,cuSPARSE CUDA 13.4.1 SpMM CSR ALG2 [cuSPARSE 12.8.6],csr-alg2,cuSPARSE-SpMM-CSR,candidate,,,csr,csr,CUSPARSE_SPMM_CSR_ALG2,library-preprocess,spmm.csr.fp32,fp32,A100-SXM4-80GB,A100-SXM4-80GB,,19500.0,2793479a-b9ba-5e32-964d-96d3a38ca48f,suitesparse_all,DIMACS10/kron_g500-logn16,kron_g500-logn16,65536,65536,4912469,16,row-major,N,N,1.0,0.0,20260922,main,pass,pass,0,0,157199008.0,0.09011,0.602214384079,0.692324384079,0.606719884079,261.0349605654358,227.05975929061353,259.09651574816587,1.3386408234124914,1.1644090220031462,1.328700080759825,cuSPARSE 12.8.6,CUDA,13040,13000,2026-10-07T10:05:54.318575+00:00,source,csr-alg2,0,0,,,,5,20,4,true
3,full-20261009-A100-SXM4-80GB-spmm-fp32-cusparse-csr-alg2-n16-13.4.1,cuSPARSE-CUDA-13.4.1-SpMM-CSR-ALG2,cuSPARSE CUDA 13.4.1 SpMM CSR ALG2 [cuSPARSE 12.8.6],csr-alg2,cuSPARSE-SpMM-CSR,candidate,,,csr,csr,CUSPARSE_SPMM_CSR_ALG2,library-preprocess,spmm.csr.fp32,fp32,A100-SXM4-80GB,A100-SXM4-80GB,,19500.0,238ed034-08d6-5e0f-b7b4-c4d0b9e54f50,suitesparse_all,DIMACS10/kron_g500-logn21,kron_g500-logn21,2097152,2097152,182082942,16,row-major,N,N,1.0,0.0,20260922,main,pass,pass,0,0,5826654144.0,0.774551,26.0891143799,26.8636653799,26.1278419299,223.33660158617977,216.89721270722924,223.00556470116015,1.1453159055701525,1.1122933984986114,1.14361828051877,cuSPARSE 12.8.6,CUDA,13040,13000,2026-10-07T15:29:48.134947+00:00,source,csr-alg2,0,0,,,,5,20,4,true
3,full-20261009-A100-SXM4-80GB-spmm-fp32-cusparse-csr-alg2-n16-13.4.1,cuSPARSE-CUDA-13.4.1-SpMM-CSR-ALG2,cuSPARSE CUDA 13.4.1 SpMM CSR ALG2 [cuSPARSE 12.8.6],csr-alg2,cuSPARSE-SpMM-CSR,candidate,,,csr,csr,CUSPARSE_SPMM_CSR_ALG2,library-preprocess,spmm.csr.fp32,fp32,A100-SXM4-80GB,A100-SXM4-80GB,,19500.0,238ed034-08d6-5e0f-b7b4-c4d0b9e54f50,suitesparse_all,DIMACS10/ky2010,ky2010,161672,161672,787778,16,row-major,N,N,1.0,0.0,20260922,main,pass,pass,0,0,25208896.0,0.05767,0.282572793961,0.340242793961,0.285456293961,89.2120421312721,74.09090345904444,88.31087817403012,0.45749765195524156,0.37995335107202277,0.4528762983283596,cuSPARSE 12.8.6,CUDA,13040,13000,2026-10-07T15:36:44.379333+00:00,source,csr-alg2,0,0,,,,5,20,4,true
3,full-20261009-A100-SXM4-80GB-spmm-fp32-cusparse-csr-alg2-n16-13.4.1,cuSPARSE-CUDA-13.4.1-SpMM-CSR-ALG2,cuSPARSE CUDA 13.4.1 SpMM CSR ALG2 [cuSPARSE 12.8.6],csr-alg2,cuSPARSE-SpMM-CSR,candidate,,,csr,csr,CUSPARSE_SPMM_CSR_ALG2,library-preprocess,spmm.csr.fp32,fp32,A100-SXM4-80GB,A100-SXM4-80GB,,19500.0,df2405bf-ab33-5b32-9511-7da1122118f9,suitesparse_all,DIMACS10/la2010,la2010,204447,204447,980634,16,row-major,N,N,1.0,0.0,20260922,main,pass,pass,0,0,31380288.0,0.0556,0.24058880806,0.29618880806,0.24336880806,130.4312043982284,105.94690665571399,128.94128976571034,0.6688779712729661,0.5433174700293025,0.6612373834138991,cuSPARSE 12.8.6,CUDA,13040,13000,2026-10-08T11:02:13.586752+00:00,source,csr-alg2,0,0,,,,5,20,4,true
3,full-20261009-A100-SXM4-80GB-spmm-fp32-cusparse-csr-alg2-n16-13.4.1,cuSPARSE-CUDA-13.4.1-SpMM-CSR-ALG2,cuSPARSE CUDA 13.4.1 SpMM CSR ALG2 [cuSPARSE 12.8.6],csr-alg2,cuSPARSE-SpMM-CSR,candidate,,,csr,csr,CUSPARSE_SPMM_CSR_ALG2,library-preprocess,spmm.csr.fp32,fp32,A100-SXM4-80GB,A100-SXM4-80GB,,19500.0,2793479a-b9ba-5e32-964d-96d3a38ca48f,suitesparse_all,DIMACS10/m14b,m14b,214765,214765,3358036,16,row-major,N,N,1.0,0.0,20260922,main,pass,pass,0,0,107457152.0,0.04705,0.544716787338,0.591766787338,0.547069287338,197.2715996603244,181.58699389566044,196.42329497764132,1.0116492290273047,0.9312153533110792,1.0072989486032888,cuSPARSE 12.8.6,CUDA,13040,13000,2026-10-07T10:11:29.922587+00:00,source,csr-alg2,0,0,,,,5,20,4,true
3,full-20261009-A100-SXM4-80GB-spmm-fp32-cusparse-csr-alg2-n16-13.4.1,cuSPARSE-CUDA-13.4.1-SpMM-CSR-ALG2,cuSPARSE CUDA 13.4.1 SpMM CSR ALG2 [cuSPARSE 12.8.6],csr-alg2,cuSPARSE-SpMM-CSR,candidate,,,csr,csr,CUSPARSE_SPMM_CSR_ALG2,library-preprocess,spmm.csr.fp32,fp32,A100-SXM4-80GB,A100-SXM4-80GB,,19500.0,2793479a-b9ba-5e32-964d-96d3a38ca48f,suitesparse_all,DIMACS10/md2010,md2010,145247,145247,700378,16,row-major,N,N,1.0,0.0,20260922,main,pass,pass,0,0,22412096.0,0.04972,0.158873605728,0.208593605728,0.161359605728,141.06871872959624,107.44383041743247,138.89533194434998,0.7234293268184423,0.5509940021406794,0.7122837535607691,cuSPARSE 12.8.6,CUDA,13040,13000,2026-10-07T10:15:47.442082+00:00,source,csr-alg2,0,0,,,,5,20,4,true
3,full-20261009-A100-SXM4-80GB-spmm-fp32-cusparse-csr-alg2-n16-13.4.1,cuSPARSE-CUDA-13.4.1-SpMM-CSR-ALG2,cuSPARSE CUDA 13.4.1 SpMM CSR ALG2 [cuSPARSE 12.8.6],csr-alg2,cuSPARSE-SpMM-CSR,candidate,,,csr,csr,CUSPARSE_SPMM_CSR_ALG2,library-preprocess,spmm.csr.fp32,fp32,A100-SXM4-80GB,A100-SXM4-80GB,,19500.0,238ed034-08d6-5e0f-b7b4-c4d0b9e54f50,suitesparse_all,DIMACS10/ms2010,ms2010,171778,171778,839980,16,row-major,N,N,1.0,0.0,20260922,main,pass,pass,0,0,26879360.0,0.05133,0.299468803406,0.350798803406,0.302035303406,89.7567950126636,76.62329443265216,88.99410001707118,0.4602912564751979,0.3929399714494982,0.45638000008754454,cuSPARSE 12.8.6,CUDA,13040,13000,2026-10-07T15:36:49.749758+00:00,source,csr-alg2,0,0,,,,5,20,4,true
3,full-20261009-A100-SXM4-80GB-spmm-fp32-cusparse-csr-alg2-n16-13.4.1,cuSPARSE-CUDA-13.4.1-SpMM-CSR-ALG2,cuSPARSE CUDA 13.4.1 SpMM CSR ALG2 [cuSPARSE 12.8.6],csr-alg2,cuSPARSE-SpMM-CSR,candidate,,,csr,csr,CUSPARSE_SPMM_CSR_ALG2,library-preprocess,spmm.csr.fp32,fp32,A100-SXM4-80GB,A100-SXM4-80GB,,19500.0,df2405bf-ab33-5b32-9511-7da1122118f9,suitesparse_all,DIMACS10/mt2010,mt2010,132288,132288,638668,16,row-major,N,N,1.0,0.0,20260922,main,pass,pass,0,0,20437376.0,0.07336,0.142694401741,0.216054401741,0.146362401741,143.22479193749464,94.59365713131713,139.63542383081125,0.7344861124999725,0.4850956775964981,0.7160790965682627,cuSPARSE 12.8.6,CUDA,13040,13000,2026-10-08T11:02:17.209197+00:00,source,csr-alg2,0,0,,,,5,20,4,true
3,full-20261009-A100-SXM4-80GB-spmm-fp32-cusparse-csr-alg2-n16-13.4.1,cuSPARSE-CUDA-13.4.1-SpMM-CSR-ALG2,cuSPARSE CUDA 13.4.1 SpMM CSR ALG2 [cuSPARSE 12.8.6],csr-alg2,cuSPARSE-SpMM-CSR,candidate,,,csr,csr,CUSPARSE_SPMM_CSR_ALG2,library-preprocess,spmm.csr.fp32,fp32,A100-SXM4-80GB,A100-SXM4-80GB,,19500.0,2793479a-b9ba-5e32-964d-96d3a38ca48f,suitesparse_all,DIMACS10/nd2010,nd2010,133769,133769,625946,16,row-major,N,N,1.0,0.0,20260922,main,pass,pass,0,0,20030272.0,0.05114,0.132351994514,0.183491994514,0.134908994514,151.34091536400098,109.16155799086776,148.47247266320247,0.7761072582769281,0.5598028614916295,0.7613972957087306,cuSPARSE 12.8.6,CUDA,13040,13000,2026-10-07T10:15:50.699177+00:00,source,csr-alg2,0,0,,,,5,20,4,true
3,full-20261009-A100-SXM4-80GB-spmm-fp32-cusparse-csr-alg2-n16-13.4.1,cuSPARSE-CUDA-13.4.1-SpMM-CSR-ALG2,cuSPARSE CUDA 13.4.1 SpMM CSR ALG2 [cuSPARSE 12.8.6],csr-alg2,cuSPARSE-SpMM-CSR,candidate,,,csr,csr,CUSPARSE_SPMM_CSR_ALG2,library-preprocess,spmm.csr.fp32,fp32,A100-SXM4-80GB,A100-SXM4-80GB,,19500.0,238ed034-08d6-5e0f-b7b4-c4d0b9e54f50,suitesparse_all,DIMACS10/nv2010,nv2010,84538,84538,416998,16,row-major,N,N,1.0,0.0,20260922,main,pass,pass,0,0,13343936.0,0.04432,0.074188798666,0.118508798666,0.076404798666,179.86456500090753,112.59869436030623,174.64787857543334,0.9223823846200386,0.5774292018477243,0.8956301465406837,cuSPARSE 12.8.6,CUDA,13040,13000,2026-10-07T15:36:52.769189+00:00,source,csr-alg2,0,0,,,,5,20,4,true
3,full-20261009-A100-SXM4-80GB-spmm-fp32-cusparse-csr-alg2-n16-13.4.1,cuSPARSE-CUDA-13.4.1-SpMM-CSR-ALG2,cuSPARSE CUDA 13.4.1 SpMM CSR ALG2 [cuSPARSE 12.8.6],csr-alg2,cuSPARSE-SpMM-CSR,candidate,,,csr,csr,CUSPARSE_SPMM_CSR_ALG2,library-preprocess,spmm.csr.fp32,fp32,A100-SXM4-80GB,A100-SXM4-80GB,,19500.0,df2405bf-ab33-5b32-9511-7da1122118f9,suitesparse_all,DIMACS10/ny2010,ny2010,350169,350169,1709544,16,row-major,N,N,1.0,0.0,20260922,main,pass,pass,0,0,54705408.0,0.05113,0.397465610504,0.448595610504,0.400022110504,137.6355753913695,121.94815713541675,136.75596064196301,0.7058234635454846,0.625375164797009,0.7013126186767334,cuSPARSE 12.8.6,CUDA,13040,13000,2026-10-08T11:02:26.996921+00:00,source,csr-alg2,0,0,,,,5,20,4,true
3,full-20261009-A100-SXM4-80GB-spmm-fp32-cusparse-csr-alg2-n16-13.4.1,cuSPARSE-CUDA-13.4.1-SpMM-CSR-ALG2,cuSPARSE CUDA 13.4.1 SpMM CSR ALG2 [cuSPARSE 12.8.6],csr-alg2,cuSPARSE-SpMM-CSR,candidate,,,csr,csr,CUSPARSE_SPMM_CSR_ALG2,library-preprocess,spmm.csr.fp32,fp32,A100-SXM4-80GB,A100-SXM4-80GB,,19500.0,2793479a-b9ba-5e32-964d-96d3a38ca48f,suitesparse_all,DIMACS10/ok2010,ok2010,269118,269118,1274148,16,row-major,N,N,1.0,0.0,20260922,main,pass,pass,0,0,40772736.0,0.04382,0.314879989624,0.358699989624,0.317070989624,129.4865896327263,113.66807131145778,128.59182118285412,0.66403379298834,0.582913186212604,0.6594452368351493,cuSPARSE 12.8.6,CUDA,13040,13000,2026-10-07T10:15:56.771639+00:00,source,csr-alg2,0,0,,,,5,20,4,true
3,full-20261009-A100-SXM4-80GB-spmm-fp32-cusparse-csr-alg2-n16-13.4.1,cuSPARSE-CUDA-13.4.1-SpMM-CSR-ALG2,cuSPARSE CUDA 13.4.1 SpMM CSR ALG2 [cuSPARSE 12.8.6],csr-alg2,cuSPARSE-SpMM-CSR,candidate,,,csr,csr,CUSPARSE_SPMM_CSR_ALG2,library-preprocess,spmm.csr.fp32,fp32,A100-SXM4-80GB,A100-SXM4-80GB,,19500.0,2793479a-b9ba-5e32-964d-96d3a38ca48f,suitesparse_all,DIMACS10/packing-500x100x100-b050,packing-500x100x100-b050,2145852,2145852,34976486,16,row-major,N,N,1.0,0.0,20260922,main,pass,pass,0,0,1119247552.0,3.427012,4.69719047546,8.12420247546,4.86854107546,238.2802140657051,137.76706764520011,229.8938295173465,1.2219498157215647,0.706497782795898,1.1789427154735717,cuSPARSE 12.8.6,CUDA,13040,13000,2026-10-07T10:07:35.103012+00:00,source,csr-alg2,0,0,,,,5,20,4,true
3,full-20261009-A100-SXM4-80GB-spmm-fp32-cusparse-csr-alg2-n16-13.4.1,cuSPARSE-CUDA-13.4.1-SpMM-CSR-ALG2,cuSPARSE CUDA 13.4.1 SpMM CSR ALG2 [cuSPARSE 12.8.6],csr-alg2,cuSPARSE-SpMM-CSR,candidate,,,csr,csr,CUSPARSE_SPMM_CSR_ALG2,library-preprocess,spmm.csr.fp32,fp32,A100-SXM4-80GB,A100-SXM4-80GB,,19500.0,df2405bf-ab33-5b32-9511-7da1122118f9,suitesparse_all,DIMACS10/preferentialAttachment,preferentialAttachment,100000,100000,999970,16,row-major,N,N,1.0,0.0,20260922,main,pass,pass,0,0,31999040.0,0.07816,0.156928002834,0.235088002834,0.160836002834,203.9090501511633,136.11515523654825,198.95445942552078,1.0456874366726325,0.6980264371105038,1.0202792791052346,cuSPARSE 12.8.6,CUDA,13040,13000,2026-10-08T11:01:53.822167+00:00,source,csr-alg2,0,0,,,,5,20,4,true
3,full-20261009-A100-SXM4-80GB-spmm-fp32-cusparse-csr-alg2-n16-13.4.1,cuSPARSE-CUDA-13.4.1-SpMM-CSR-ALG2,cuSPARSE CUDA 13.4.1 SpMM CSR ALG2 [cuSPARSE 12.8.6],csr-alg2,cuSPARSE-SpMM-CSR,candidate,,,csr,csr,CUSPARSE_SPMM_CSR_ALG2,library-preprocess,spmm.csr.fp32,fp32,A100-SXM4-80GB,A100-SXM4-80GB,,19500.0,238ed034-08d6-5e0f-b7b4-c4d0b9e54f50,suitesparse_all,DIMACS10/rgg_n_2_18_s0,rgg_n_2_18_s0,262144,262144,3094566,16,row-major,N,N,1.0,0.0,20260922,main,pass,pass,0,0,99026112.0,0.07621,1.09901437759,1.17522437759,1.10282487759,90.1044736258608,84.26145159026576,89.79314305676662,0.4620742237223631,0.432110008155209,0.46047765670136726,cuSPARSE 12.8.6,CUDA,13040,13000,2026-10-07T15:30:00.131008+00:00,source,csr-alg2,0,0,,,,5,20,4,true
3,full-20261009-A100-SXM4-80GB-spmm-fp32-cusparse-csr-alg2-n16-13.4.1,cuSPARSE-CUDA-13.4.1-SpMM-CSR-ALG2,cuSPARSE CUDA 13.4.1 SpMM CSR ALG2 [cuSPARSE 12.8.6],csr-alg2,cuSPARSE-SpMM-CSR,candidate,,,csr,csr,CUSPARSE_SPMM_CSR_ALG2,library-preprocess,spmm.csr.fp32,fp32,A100-SXM4-80GB,A100-SXM4-80GB,,19500.0,df2405bf-ab33-5b32-9511-7da1122118f9,suitesparse_all,DIMACS10/rgg_n_2_19_s0,rgg_n_2_19_s0,524288,524288,6539532,16,row-major,N,N,1.0,0.0,20260922,main,pass,pass,0,0,209265024.0,0.34156,1.12398881912,1.46554881912,1.14106681912,186.18069898937162,142.78952790235593,183.3941890987479,0.9547728153301108,0.7322539892428509,0.94048302101922,cuSPARSE 12.8.6,CUDA,13040,13000,2026-10-08T10:39:41.785441+00:00,source,csr-alg2,0,0,,,,5,20,4,true
3,full-20261009-A100-SXM4-80GB-spmm-fp32-cusparse-csr-alg2-n16-13.4.1,cuSPARSE-CUDA-13.4.1-SpMM-CSR-ALG2,cuSPARSE CUDA 13.4.1 SpMM CSR ALG2 [cuSPARSE 12.8.6],csr-alg2,cuSPARSE-SpMM-CSR,candidate,,,csr,csr,CUSPARSE_SPMM_CSR_ALG2,library-preprocess,spmm.csr.fp32,fp32,A100-SXM4-80GB,A100-SXM4-80GB,,19500.0,2793479a-b9ba-5e32-964d-96d3a38ca48f,suitesparse_all,DIMACS10/rgg_n_2_21_s0,rgg_n_2_21_s0,2097152,2097152,28975990,16,row-major,N,N,1.0,0.0,20260922,main,pass,pass,0,0,927231680.0,0.41132,4.53498878479,4.94630878479,4.55555478479,204.4617360708505,187.45931973581114,203.53869590062303,1.0485217234402588,0.9613298447990314,1.043788184105759,cuSPARSE 12.8.6,CUDA,13040,13000,2026-10-07T10:09:03.782287+00:00,source,csr-alg2,0,0,,,,5,20,4,true
3,full-20261009-A100-SXM4-80GB-spmm-fp32-cusparse-csr-alg2-n16-13.4.1,cuSPARSE-CUDA-13.4.1-SpMM-CSR-ALG2,cuSPARSE CUDA 13.4.1 SpMM CSR ALG2 [cuSPARSE 12.8.6],csr-alg2,cuSPARSE-SpMM-CSR,candidate,,,csr,csr,CUSPARSE_SPMM_CSR_ALG2,library-preprocess,spmm.csr.fp32,fp32,A100-SXM4-80GB,A100-SXM4-80GB,,19500.0,238ed034-08d6-5e0f-b7b4-c4d0b9e54f50,suitesparse_all,DIMACS10/sd2010,sd2010,88360,88360,410722,16,row-major,N,N,1.0,0.0,20260922,main,pass,pass,0,0,13143104.0,0.0612,0.0738304018974,0.135030401897,0.0768904018974,178.01750582726876,97.33440629189154,170.9329601051861,0.9129102862936859,0.4991508014968797,0.876579282590698,cuSPARSE 12.8.6,CUDA,13040,13000,2026-10-07T15:36:55.624455+00:00,source,csr-alg2,0,0,,,,5,20,4,true
3,full-20261009-A100-SXM4-80GB-spmm-fp32-cusparse-csr-alg2-n16-13.4.1,cuSPARSE-CUDA-13.4.1-SpMM-CSR-ALG2,cuSPARSE CUDA 13.4.1 SpMM CSR ALG2 [cuSPARSE 12.8.6],csr-alg2,cuSPARSE-SpMM-CSR,candidate,,,csr,csr,CUSPARSE_SPMM_CSR_ALG2,library-preprocess,spmm.csr.fp32,fp32,A100-SXM4-80GB,A100-SXM4-80GB,,19500.0,df2405bf-ab33-5b32-9511-7da1122118f9,suitesparse_all,DIMACS10/tn2010,tn2010,240116,240116,1193966,16,row-major,N,N,1.0,0.0,20260922,main,pass,pass,0,0,38206912.0,0.0497,0.28928000927,0.33898000927,0.29176500927,132.07588072337037,112.71140172035314,130.95097350979205,0.6773122088377967,0.5780071883095033,0.6715434538963695,cuSPARSE 12.8.6,CUDA,13040,13000,2026-10-08T11:02:33.446975+00:00,source,csr-alg2,0,0,,,,5,20,4,true
3,full-20261009-A100-SXM4-80GB-spmm-fp32-cusparse-csr-alg2-n16-13.4.1,cuSPARSE-CUDA-13.4.1-SpMM-CSR-ALG2,cuSPARSE CUDA 13.4.1 SpMM CSR ALG2 [cuSPARSE 12.8.6],csr-alg2,cuSPARSE-SpMM-CSR,candidate,,,csr,csr,CUSPARSE_SPMM_CSR_ALG2,library-preprocess,spmm.csr.fp32,fp32,A100-SXM4-80GB,A100-SXM4-80GB,,19500.0,2793479a-b9ba-5e32-964d-96d3a38ca48f,suitesparse_all,DIMACS10/ut2010,ut2010,115406,115406,572066,16,row-major,N,N,1.0,0.0,20260922,main,pass,pass,0,0,18306112.0,0.04868,0.116428804398,0.165108804398,0.118862804398,157.2300952041251,110.87302137972327,154.01043322773918,0.8063081805339748,0.5685795968190936,0.7897970934755855,cuSPARSE 12.8.6,CUDA,13040,13000,2026-10-07T10:15:59.746058+00:00,source,csr-alg2,0,0,,,,5,20,4,true
3,full-20261009-A100-SXM4-80GB-spmm-fp32-cusparse-csr-alg2-n16-13.4.1,cuSPARSE-CUDA-13.4.1-SpMM-CSR-ALG2,cuSPARSE CUDA 13.4.1 SpMM CSR ALG2 [cuSPARSE 12.8.6],csr-alg2,cuSPARSE-SpMM-CSR,candidate,,,csr,csr,CUSPARSE_SPMM_CSR_ALG2,library-preprocess,spmm.csr.fp32,fp32,A100-SXM4-80GB,A100-SXM4-80GB,,19500.0,2793479a-b9ba-5e32-964d-96d3a38ca48f,suitesparse_all,DIMACS10/vsp_bcsstk30_500sep_10in_1Kout,vsp_bcsstk30_500sep_10in_1Kout,58348,58348,4033156,16,row-major,N,N,1.0,0.0,20260922,main,pass,pass,0,0,129060992.0,0.07868,0.528895998001,0.607575998001,0.532829998001,244.01960402006293,212.41950377339884,242.217954102047,1.2513825847182714,1.0893307885815324,1.2421433543694718,cuSPARSE 12.8.6,CUDA,13040,13000,2026-10-07T10:16:08.609982+00:00,source,csr-alg2,0,0,,,,5,20,4,true
3,full-20261009-A100-SXM4-80GB-spmm-fp32-cusparse-csr-alg2-n16-13.4.1,cuSPARSE-CUDA-13.4.1-SpMM-CSR-ALG2,cuSPARSE CUDA 13.4.1 SpMM CSR ALG2 [cuSPARSE 12.8.6],csr-alg2,cuSPARSE-SpMM-CSR,candidate,,,csr,csr,CUSPARSE_SPMM_CSR_ALG2,library-preprocess,spmm.csr.fp32,fp32,A100-SXM4-80GB,A100-SXM4-80GB,,19500.0,238ed034-08d6-5e0f-b7b4-c4d0b9e54f50,suitesparse_all,DIMACS10/vsp_data_and_seymourl,vsp_data_and_seymourl,9167,9167,111732,16,row-major,N,N,1.0,0.0,20260922,main,pass,pass,0,0,3575424.0,0.01755,0.0324735999107,0.0500235999107,0.0333510999107,110.10248355070432,71.47474404846301,107.20557971321662,0.5646281207728426,0.366537148966477,0.5497722036575212,cuSPARSE 12.8.6,CUDA,13040,13000,2026-10-07T15:37:00.394524+00:00,source,csr-alg2,0,0,,,,5,20,4,true
3,full-20261009-A100-SXM4-80GB-spmm-fp32-cusparse-csr-alg2-n16-13.4.1,cuSPARSE-CUDA-13.4.1-SpMM-CSR-ALG2,cuSPARSE CUDA 13.4.1 SpMM CSR ALG2 [cuSPARSE 12.8.6],csr-alg2,cuSPARSE-SpMM-CSR,candidate,,,csr,csr,CUSPARSE_SPMM_CSR_ALG2,library-preprocess,spmm.csr.fp32,fp32,A100-SXM4-80GB,A100-SXM4-80GB,,19500.0,df2405bf-ab33-5b32-9511-7da1122118f9,suitesparse_all,DIMACS10/vsp_finan512_scagr7-2c_rlfddd,vsp_finan512_scagr7-2c_rlfddd,139752,139752,1104040,16,row-major,N,N,1.0,0.0,20260922,main,pass,pass,0,0,35329280.0,0.06231,0.170700800419,0.233010800419,0.173816300419,206.96610627062793,151.62078297002068,203.25642597866573,1.0613646475416818,0.7775424767693369,1.0423406460444395,cuSPARSE 12.8.6,CUDA,13040,13000,2026-10-08T11:02:40.223677+00:00,source,csr-alg2,0,0,,,,5,20,4,true
3,full-20261009-A100-SXM4-80GB-spmm-fp32-cusparse-csr-alg2-n16-13.4.1,cuSPARSE-CUDA-13.4.1-SpMM-CSR-ALG2,cuSPARSE CUDA 13.4.1 SpMM CSR ALG2 [cuSPARSE 12.8.6],csr-alg2,cuSPARSE-SpMM-CSR,candidate,,,csr,csr,CUSPARSE_SPMM_CSR_ALG2,library-preprocess,spmm.csr.fp32,fp32,A100-SXM4-80GB,A100-SXM4-80GB,,19500.0,2793479a-b9ba-5e32-964d-96d3a38ca48f,suitesparse_all,DIMACS10/vsp_model1_crew1_cr42_south31,vsp_model1_crew1_cr42_south31,45101,45101,379952,16,row-major,N,N,1.0,0.0,20260922,main,pass,pass,0,0,12158464.0,0.03973,0.0723968029022,0.112126802902,0.0743833029022,167.94200175420352,108.43494762466942,163.45689859975815,0.8612410346369411,0.5560766544854842,0.8382405056397855,cuSPARSE 12.8.6,CUDA,13040,13000,2026-10-07T10:16:10.345705+00:00,source,csr-alg2,0,0,,,,5,20,4,true
3,full-20261009-A100-SXM4-80GB-spmm-fp32-cusparse-csr-alg2-n16-13.4.1,cuSPARSE-CUDA-13.4.1-SpMM-CSR-ALG2,cuSPARSE CUDA 13.4.1 SpMM CSR ALG2 [cuSPARSE 12.8.6],csr-alg2,cuSPARSE-SpMM-CSR,candidate,,,csr,csr,CUSPARSE_SPMM_CSR_ALG2,library-preprocess,spmm.csr.fp32,fp32,A100-SXM4-80GB,A100-SXM4-80GB,,19500.0,238ed034-08d6-5e0f-b7b4-c4d0b9e54f50,suitesparse_all,DIMACS10/vsp_vibrobox_scagr7-2c_rlfddd,vsp_vibrobox_scagr7-2c_rlfddd,77328,77328,871172,16,row-major,N,N,1.0,0.0,20260922,main,pass,pass,0,0,27877504.0,0.04736,0.130713605881,0.178073605881,0.133081605881,213.2716316110147,156.55045486431888,209.4767628888378,1.0937006749282805,0.8028228454580455,1.0742398096863477,cuSPARSE 12.8.6,CUDA,13040,13000,2026-10-07T15:37:03.851209+00:00,source,csr-alg2,0,0,,,,5,20,4,true
3,full-20261009-A100-SXM4-80GB-spmm-fp32-cusparse-csr-alg2-n16-13.4.1,cuSPARSE-CUDA-13.4.1-SpMM-CSR-ALG2,cuSPARSE CUDA 13.4.1 SpMM CSR ALG2 [cuSPARSE 12.8.6],csr-alg2,cuSPARSE-SpMM-CSR,candidate,,,csr,csr,CUSPARSE_SPMM_CSR_ALG2,library-preprocess,spmm.csr.fp32,fp32,A100-SXM4-80GB,A100-SXM4-80GB,,19500.0,238ed034-08d6-5e0f-b7b4-c4d0b9e54f50,suitesparse_all,DIMACS10/wv2010,wv2010,135218,135218,662922,16,row-major,N,N,1.0,0.0,20260922,main,pass,pass,0,0,21213504.0,0.05982,0.145612800121,0.205432800121,0.148603800121,145.68433532197852,103.26249745661472,142.75209639812033,0.7470991554973258,0.5295512690082806,0.7320620328108735,cuSPARSE 12.8.6,CUDA,13040,13000,2026-10-07T15:36:59.366060+00:00,source,csr-alg2,0,0,,,,5,20,4,true
3,full-20261009-A100-SXM4-80GB-spmm-fp32-cusparse-csr-alg2-n16-13.4.1,cuSPARSE-CUDA-13.4.1-SpMM-CSR-ALG2,cuSPARSE CUDA 13.4.1 SpMM CSR ALG2 [cuSPARSE 12.8.6],csr-alg2,cuSPARSE-SpMM-CSR,candidate,,,csr,csr,CUSPARSE_SPMM_CSR_ALG2,library-preprocess,spmm.csr.fp32,fp32,A100-SXM4-80GB,A100-SXM4-80GB,,19500.0,df2405bf-ab33-5b32-9511-7da1122118f9,suitesparse_all,DIMACS10/wy2010,wy2010,86204,86204,427586,16,row-major,N,N,1.0,0.0,20260922,main,pass,pass,0,0,13682752.0,0.04736,0.0903680026531,0.137728002653,0.0927360026531,151.41146864255305,99.34618767741173,147.54519936753613,0.7764690699618105,0.5094676291149319,0.7566420480386469,cuSPARSE 12.8.6,CUDA,13040,13000,2026-10-08T11:02:35.911528+00:00,source,csr-alg2,0,0,,,,5,20,4,true
3,full-20261009-A100-SXM4-80GB-spmm-fp32-cusparse-csr-alg2-n16-13.4.1,cuSPARSE-CUDA-13.4.1-SpMM-CSR-ALG2,cuSPARSE CUDA 13.4.1 SpMM CSR ALG2 [cuSPARSE 12.8.6],csr-alg2,cuSPARSE-SpMM-CSR,candidate,,,csr,csr,CUSPARSE_SPMM_CSR_ALG2,library-preprocess,spmm.csr.fp32,fp32,A100-SXM4-80GB,A100-SXM4-80GB,,19500.0,2793479a-b9ba-5e32-964d-96d3a38ca48f,suitesparse_all,DNVS/halfb,halfb,224617,224617,12387821,16,row-major,N,N,1.0,0.0,20260922,main,pass,pass,0,0,396410272.0,2.230191,1.64034557343,3.87053657343,1.75185512343,241.66265841843133,102.4173947150455,226.28028236938832,1.2392956841970837,0.5252174087951051,1.1604117044584017,cuSPARSE 12.8.6,CUDA,13040,13000,2026-10-07T08:58:14.703742+00:00,source,csr-alg2,0,0,,,,5,20,4,true
3,full-20261009-A100-SXM4-80GB-spmm-fp32-cusparse-csr-alg2-n16-13.4.1,cuSPARSE-CUDA-13.4.1-SpMM-CSR-ALG2,cuSPARSE CUDA 13.4.1 SpMM CSR ALG2 [cuSPARSE 12.8.6],csr-alg2,cuSPARSE-SpMM-CSR,candidate,,,csr,csr,CUSPARSE_SPMM_CSR_ALG2,library-preprocess,spmm.csr.fp32,fp32,A100-SXM4-80GB,A100-SXM4-80GB,,19500.0,238ed034-08d6-5e0f-b7b4-c4d0b9e54f50,suitesparse_all,DNVS/ship_003,ship_003,121728,121728,8086034,16,row-major,N,N,1.0,0.0,20260922,main,pass,pass,0,0,258753088.0,0.059,1.04130563736,1.10030563736,1.04425563736,248.48908784937646,235.16473897274116,247.78711145305184,1.274303014612187,1.2059730203730317,1.270703135656676,cuSPARSE 12.8.6,CUDA,13040,13000,2026-10-07T14:32:40.982187+00:00,source,csr-alg2,0,0,,,,5,20,4,true
3,full-20261009-A100-SXM4-80GB-spmm-fp32-cusparse-csr-alg2-n16-13.4.1,cuSPARSE-CUDA-13.4.1-SpMM-CSR-ALG2,cuSPARSE CUDA 13.4.1 SpMM CSR ALG2 [cuSPARSE 12.8.6],csr-alg2,cuSPARSE-SpMM-CSR,candidate,,,csr,csr,CUSPARSE_SPMM_CSR_ALG2,library-preprocess,spmm.csr.fp32,fp32,A100-SXM4-80GB,A100-SXM4-80GB,,19500.0,df2405bf-ab33-5b32-9511-7da1122118f9,suitesparse_all,DNVS/shipsec1,shipsec1,140874,140874,7813404,16,row-major,N,N,1.0,0.0,20260922,main,pass,pass,0,0,250028928.0,0.07465,1.00971517563,1.08436517563,1.01344767563,247.62322488022164,230.57631655750743,246.71123533296569,1.2698626916934443,1.1824426490128586,1.265185822220337,cuSPARSE 12.8.6,CUDA,13040,13000,2026-10-08T09:38:36.660957+00:00,source,csr-alg2,0,0,,,,5,20,4,true
3,full-20261009-A100-SXM4-80GB-spmm-fp32-cusparse-csr-alg2-n16-13.4.1,cuSPARSE-CUDA-13.4.1-SpMM-CSR-ALG2,cuSPARSE CUDA 13.4.1 SpMM CSR ALG2 [cuSPARSE 12.8.6],csr-alg2,cuSPARSE-SpMM-CSR,candidate,,,csr,csr,CUSPARSE_SPMM_CSR_ALG2,library-preprocess,spmm.csr.fp32,fp32,A100-SXM4-80GB,A100-SXM4-80GB,,19500.0,2793479a-b9ba-5e32-964d-96d3a38ca48f,suitesparse_all,DNVS/shipsec8,shipsec8,114919,114919,6653399,16,row-major,N,N,1.0,0.0,20260922,main,pass,pass,0,0,212908768.0,0.07214,0.856985569,0.929125569,0.860592569,248.43915195496132,229.14961669728842,247.3978694092117,1.2740469331023658,1.175126239473274,1.268707022611342,cuSPARSE 12.8.6,CUDA,13040,13000,2026-10-07T08:58:33.198259+00:00,source,csr-alg2,0,0,,,,5,20,4,true
3,full-20261009-A100-SXM4-80GB-spmm-fp32-cusparse-csr-alg2-n16-13.4.1,cuSPARSE-CUDA-13.4.1-SpMM-CSR-ALG2,cuSPARSE CUDA 13.4.1 SpMM CSR ALG2 [cuSPARSE 12.8.6],csr-alg2,cuSPARSE-SpMM-CSR,candidate,,,csr,csr,CUSPARSE_SPMM_CSR_ALG2,library-preprocess,spmm.csr.fp32,fp32,A100-SXM4-80GB,A100-SXM4-80GB,,19500.0,238ed034-08d6-5e0f-b7b4-c4d0b9e54f50,suitesparse_all,DNVS/tsyl201,tsyl201,20685,20685,2454957,16,row-major,N,N,1.0,0.0,20260922,main,pass,pass,0,0,78558624.0,0.04453,0.269260811806,0.313790811806,0.271487311806,291.7566186965253,250.35348724158493,289.36388768008646,1.4961877881873094,1.283864037136333,1.483917372718392,cuSPARSE 12.8.6,CUDA,13040,13000,2026-10-07T14:32:46.053574+00:00,source,csr-alg2,0,0,,,,5,20,4,true
3,full-20261009-A100-SXM4-80GB-spmm-fp32-cusparse-csr-alg2-n16-13.4.1,cuSPARSE-CUDA-13.4.1-SpMM-CSR-ALG2,cuSPARSE CUDA 13.4.1 SpMM CSR ALG2 [cuSPARSE 12.8.6],csr-alg2,cuSPARSE-SpMM-CSR,candidate,,,csr,csr,CUSPARSE_SPMM_CSR_ALG2,library-preprocess,spmm.csr.fp32,fp32,A100-SXM4-80GB,A100-SXM4-80GB,,19500.0,238ed034-08d6-5e0f-b7b4-c4d0b9e54f50,suitesparse_all,DRIVCAV/cavity03,cavity03,317,317,7327,16,row-major,N,N,1.0,0.0,20260922,main,pass,pass,0,0,234464.0,0.01306,0.0166623994708,0.0297223994708,0.0173153994708,14.071442736136898,7.888461368347568,13.540779142600249,0.07216124480070205,0.04045364804280804,0.06943989303897564,cuSPARSE 12.8.6,CUDA,13040,13000,2026-10-07T14:27:40.703322+00:00,source,csr-alg2,0,0,,,,5,20,4,true
3,full-20261009-A100-SXM4-80GB-spmm-fp32-cusparse-csr-alg2-n16-13.4.1,cuSPARSE-CUDA-13.4.1-SpMM-CSR-ALG2,cuSPARSE CUDA 13.4.1 SpMM CSR ALG2 [cuSPARSE 12.8.6],csr-alg2,cuSPARSE-SpMM-CSR,candidate,,,csr,csr,CUSPARSE_SPMM_CSR_ALG2,library-preprocess,spmm.csr.fp32,fp32,A100-SXM4-80GB,A100-SXM4-80GB,,19500.0,df2405bf-ab33-5b32-9511-7da1122118f9,suitesparse_all,DRIVCAV/cavity04,cavity04,317,317,7327,16,row-major,N,N,1.0,0.0,20260922,main,pass,pass,0,0,234464.0,0.01412,0.0164864003658,0.0306064003658,0.0171924003658,14.221661175133221,7.660619909487729,13.637653556882478,0.07293159576991395,0.039285230305065276,0.06993668490708964,cuSPARSE 12.8.6,CUDA,13040,13000,2026-10-08T09:34:05.134881+00:00,source,csr-alg2,0,0,,,,5,20,4,true
3,full-20261009-A100-SXM4-80GB-spmm-fp32-cusparse-csr-alg2-n16-13.4.1,cuSPARSE-CUDA-13.4.1-SpMM-CSR-ALG2,cuSPARSE CUDA 13.4.1 SpMM CSR ALG2 [cuSPARSE 12.8.6],csr-alg2,cuSPARSE-SpMM-CSR,candidate,,,csr,csr,CUSPARSE_SPMM_CSR_ALG2,library-preprocess,spmm.csr.fp32,fp32,A100-SXM4-80GB,A100-SXM4-80GB,,19500.0,2793479a-b9ba-5e32-964d-96d3a38ca48f,suitesparse_all,DRIVCAV/cavity06,cavity06,1182,1182,32747,16,row-major,N,N,1.0,0.0,20260922,main,pass,pass,0,0,1047904.0,0.015651,0.0217999994755,0.0374509994755,0.0225825494755,48.06899198221038,27.980668464816976,46.40326377395431,0.24650765119082246,0.14349060751188192,0.23796545525104773,cuSPARSE 12.8.6,CUDA,13040,13000,2026-10-07T08:51:37.061140+00:00,source,csr-alg2,0,0,,,,5,20,4,true
3,full-20261009-A100-SXM4-80GB-spmm-fp32-cusparse-csr-alg2-n16-13.4.1,cuSPARSE-CUDA-13.4.1-SpMM-CSR-ALG2,cuSPARSE CUDA 13.4.1 SpMM CSR ALG2 [cuSPARSE 12.8.6],csr-alg2,cuSPARSE-SpMM-CSR,candidate,,,csr,csr,CUSPARSE_SPMM_CSR_ALG2,library-preprocess,spmm.csr.fp32,fp32,A100-SXM4-80GB,A100-SXM4-80GB,,19500.0,238ed034-08d6-5e0f-b7b4-c4d0b9e54f50,suitesparse_all,DRIVCAV/cavity11,cavity11,2597,2597,76367,16,row-major,N,N,1.0,0.0,20260922,main,pass,pass,0,0,2443744.0,0.014451,0.0206624001265,0.0351134001265,0.0213849501265,118.2700937470397,69.59576660750982,114.27400978465406,0.6065133012668702,0.3569013672179991,0.5860205629982259,cuSPARSE 12.8.6,CUDA,13040,13000,2026-10-07T14:27:42.116920+00:00,source,csr-alg2,0,0,,,,5,20,4,true
3,full-20261009-A100-SXM4-80GB-spmm-fp32-cusparse-csr-alg2-n16-13.4.1,cuSPARSE-CUDA-13.4.1-SpMM-CSR-ALG2,cuSPARSE CUDA 13.4.1 SpMM CSR ALG2 [cuSPARSE 12.8.6],csr-alg2,cuSPARSE-SpMM-CSR,candidate,,,csr,csr,CUSPARSE_SPMM_CSR_ALG2,library-preprocess,spmm.csr.fp32,fp32,A100-SXM4-80GB,A100-SXM4-80GB,,19500.0,df2405bf-ab33-5b32-9511-7da1122118f9,suitesparse_all,DRIVCAV/cavity12,cavity12,2597,2597,76367,16,row-major,N,N,1.0,0.0,20260922,main,pass,pass,0,0,2443744.0,0.01459,0.0202240005136,0.0348140005136,0.0209535005136,120.83385769084903,70.19428861803335,116.62700456250127,0.6196608086710207,0.3599707108617095,0.5980872028846219,cuSPARSE 12.8.6,CUDA,13040,13000,2026-10-08T09:34:05.959159+00:00,source,csr-alg2,0,0,,,,5,20,4,true
3,full-20261009-A100-SXM4-80GB-spmm-fp32-cusparse-csr-alg2-n16-13.4.1,cuSPARSE-CUDA-13.4.1-SpMM-CSR-ALG2,cuSPARSE CUDA 13.4.1 SpMM CSR ALG2 [cuSPARSE 12.8.6],csr-alg2,cuSPARSE-SpMM-CSR,candidate,,,csr,csr,CUSPARSE_SPMM_CSR_ALG2,library-preprocess,spmm.csr.fp32,fp32,A100-SXM4-80GB,A100-SXM4-80GB,,19500.0,2793479a-b9ba-5e32-964d-96d3a38ca48f,suitesparse_all,DRIVCAV/cavity14,cavity14,2597,2597,76367,16,row-major,N,N,1.0,0.0,20260922,main,pass,pass,0,0,2443744.0,0.01517,0.0245680004358,0.0397380004358,0.0253265004358,99.46857524632021,61.49640075494158,96.48960408859617,0.510095257673437,0.31536615771764914,0.4948184825056214,cuSPARSE 12.8.6,CUDA,13040,13000,2026-10-07T08:51:37.845488+00:00,source,csr-alg2,0,0,,,,5,20,4,true
3,full-20261009-A100-SXM4-80GB-spmm-fp32-cusparse-csr-alg2-n16-13.4.1,cuSPARSE-CUDA-13.4.1-SpMM-CSR-ALG2,cuSPARSE CUDA 13.4.1 SpMM CSR ALG2 [cuSPARSE 12.8.6],csr-alg2,cuSPARSE-SpMM-CSR,candidate,,,csr,csr,CUSPARSE_SPMM_CSR_ALG2,library-preprocess,spmm.csr.fp32,fp32,A100-SXM4-80GB,A100-SXM4-80GB,,19500.0,238ed034-08d6-5e0f-b7b4-c4d0b9e54f50,suitesparse_all,DRIVCAV/cavity19,cavity19,4562,4562,138187,16,row-major,N,N,1.0,0.0,20260922,main,pass,pass,0,0,4421984.0,0.01593,0.0273375988007,0.0432675988007,0.0281340988007,161.75466002839912,102.20081822355392,157.17524955482057,0.8295110770687133,0.5241067601207894,0.8060269207939517,cuSPARSE 12.8.6,CUDA,13040,13000,2026-10-07T14:27:43.211168+00:00,source,csr-alg2,0,0,,,,5,20,4,true
3,full-20261009-A100-SXM4-80GB-spmm-fp32-cusparse-csr-alg2-n16-13.4.1,cuSPARSE-CUDA-13.4.1-SpMM-CSR-ALG2,cuSPARSE CUDA 13.4.1 SpMM CSR ALG2 [cuSPARSE 12.8.6],csr-alg2,cuSPARSE-SpMM-CSR,candidate,,,csr,csr,CUSPARSE_SPMM_CSR_ALG2,library-preprocess,spmm.csr.fp32,fp32,A100-SXM4-80GB,A100-SXM4-80GB,,19500.0,df2405bf-ab33-5b32-9511-7da1122118f9,suitesparse_all,DRIVCAV/cavity20,cavity20,4562,4562,138187,16,row-major,N,N,1.0,0.0,20260922,main,pass,pass,0,0,4421984.0,0.01618,0.0262143999338,0.0423943999338,0.0270233999338,168.685303160361,104.30585187914082,163.63536826722995,0.8650528367198,0.5349018045084144,0.8391557347037433,cuSPARSE 12.8.6,CUDA,13040,13000,2026-10-08T09:34:06.868357+00:00,source,csr-alg2,0,0,,,,5,20,4,true
3,full-20261009-A100-SXM4-80GB-spmm-fp32-cusparse-csr-alg2-n16-13.4.1,cuSPARSE-CUDA-13.4.1-SpMM-CSR-ALG2,cuSPARSE CUDA 13.4.1 SpMM CSR ALG2 [cuSPARSE 12.8.6],csr-alg2,cuSPARSE-SpMM-CSR,candidate,,,csr,csr,CUSPARSE_SPMM_CSR_ALG2,library-preprocess,spmm.csr.fp32,fp32,A100-SXM4-80GB,A100-SXM4-80GB,,19500.0,2793479a-b9ba-5e32-964d-96d3a38ca48f,suitesparse_all,DRIVCAV/cavity22,cavity22,4562,4562,138187,16,row-major,N,N,1.0,0.0,20260922,main,pass,pass,0,0,4421984.0,0.01607,0.0325599998236,0.0486299998236,0.0333634998236,135.8103201460977,90.93119506560276,132.53957238838794,0.6964631802363984,0.466313820849245,0.6796901148122458,cuSPARSE 12.8.6,CUDA,13040,13000,2026-10-07T08:51:38.791952+00:00,source,csr-alg2,0,0,,,,5,20,4,true
3,full-20261009-A100-SXM4-80GB-spmm-fp32-cusparse-csr-alg2-n16-13.4.1,cuSPARSE-CUDA-13.4.1-SpMM-CSR-ALG2,cuSPARSE CUDA 13.4.1 SpMM CSR ALG2 [cuSPARSE 12.8.6],csr-alg2,cuSPARSE-SpMM-CSR,candidate,,,csr,csr,CUSPARSE_SPMM_CSR_ALG2,library-preprocess,spmm.csr.fp32,fp32,A100-SXM4-80GB,A100-SXM4-80GB,,19500.0,df2405bf-ab33-5b32-9511-7da1122118f9,suitesparse_all,Dattorro/EternityII_A,EternityII_A,7362,150638,782087,16,row-major,N,N,1.0,0.0,20260922,main,pass,pass,0,0,25026784.0,0.05005,0.0821759998798,0.13222599988,0.0846784998798,304.5510129065303,189.27279069708482,295.5506301543507,1.5618000661873348,0.9706296958824863,1.5156442572017985,cuSPARSE 12.8.6,CUDA,13040,13000,2026-10-08T10:01:23.244257+00:00,source,csr-alg2,0,0,,,,5,20,4,true
3,full-20261009-A100-SXM4-80GB-spmm-fp32-cusparse-csr-alg2-n16-13.4.1,cuSPARSE-CUDA-13.4.1-SpMM-CSR-ALG2,cuSPARSE CUDA 13.4.1 SpMM CSR ALG2 [cuSPARSE 12.8.6],csr-alg2,cuSPARSE-SpMM-CSR,candidate,,,csr,csr,CUSPARSE_SPMM_CSR_ALG2,library-preprocess,spmm.csr.fp32,fp32,A100-SXM4-80GB,A100-SXM4-80GB,,19500.0,238ed034-08d6-5e0f-b7b4-c4d0b9e54f50,suitesparse_all,Dattorro/EternityII_Etilde,EternityII_Etilde,10054,204304,1170516,16,row-major,N,N,1.0,0.0,20260922,main,pass,pass,0,0,37456512.0,0.03763,0.163839995861,0.201469995861,0.165721495861,228.61641202541094,185.9160806547211,226.02084180688846,1.1723918565405689,0.9534157982293391,1.1590812400353254,cuSPARSE 12.8.6,CUDA,13040,13000,2026-10-07T14:52:47.519132+00:00,source,csr-alg2,0,0,,,,5,20,4,true
3,full-20261009-A100-SXM4-80GB-spmm-fp32-cusparse-csr-alg2-n16-13.4.1,cuSPARSE-CUDA-13.4.1-SpMM-CSR-ALG2,cuSPARSE CUDA 13.4.1 SpMM CSR ALG2 [cuSPARSE 12.8.6],csr-alg2,cuSPARSE-SpMM-CSR,candidate,,,csr,csr,CUSPARSE_SPMM_CSR_ALG2,library-preprocess,spmm.csr.fp32,fp32,A100-SXM4-80GB,A100-SXM4-80GB,,19500.0,2793479a-b9ba-5e32-964d-96d3a38ca48f,suitesparse_all,Dehghani/light_in_tissue,light_in_tissue,29282,29282,406084,16,row-major,N,N,1.0,0.0,20260922,main,pass,pass,0,0,12994688.0,0.047649,0.0541760027409,0.101825002741,0.0565584527409,239.86059034565318,127.61785072624083,229.75678029117915,1.2300543094648881,0.6544505165448248,1.1782398989291238,cuSPARSE 12.8.6,CUDA,13040,13000,2026-10-07T09:04:37.672430+00:00,source,csr-alg2,0,0,,,,5,20,4,true
3,full-20261009-A100-SXM4-80GB-spmm-fp32-cusparse-csr-alg2-n16-13.4.1,cuSPARSE-CUDA-13.4.1-SpMM-CSR-ALG2,cuSPARSE CUDA 13.4.1 SpMM CSR ALG2 [cuSPARSE 12.8.6],csr-alg2,cuSPARSE-SpMM-CSR,candidate,,,csr,csr,CUSPARSE_SPMM_CSR_ALG2,library-preprocess,spmm.csr.fp32,fp32,A100-SXM4-80GB,A100-SXM4-80GB,,19500.0,2793479a-b9ba-5e32-964d-96d3a38ca48f,suitesparse_all,Dziekonski/dielFilterV2clx,dielFilterV2clx,607232,607232,25309272,16,row-major,N,N,1.0,0.0,20260922,main,pass,pass,0,0,809896704.0,6.539532,3.41570549011,9.95523749011,3.74268209011,237.10964143279165,81.35383056452339,216.39473631493945,1.2159468791425214,0.41719913110011997,1.109716596486869,cuSPARSE 12.8.6,CUDA,13040,13000,2026-10-07T09:38:14.538807+00:00,source,csr-alg2,0,0,,,,5,20,4,true
3,full-20261009-A100-SXM4-80GB-spmm-fp32-cusparse-csr-alg2-n16-13.4.1,cuSPARSE-CUDA-13.4.1-SpMM-CSR-ALG2,cuSPARSE CUDA 13.4.1 SpMM CSR ALG2 [cuSPARSE 12.8.6],csr-alg2,cuSPARSE-SpMM-CSR,candidate,,,csr,csr,CUSPARSE_SPMM_CSR_ALG2,library-preprocess,spmm.csr.fp32,fp32,A100-SXM4-80GB,A100-SXM4-80GB,,19500.0,2793479a-b9ba-5e32-964d-96d3a38ca48f,suitesparse_all,Dziekonski/gsm_106857,gsm_106857,589446,589446,21758924,16,row-major,N,N,1.0,0.0,20260922,main,pass,pass,0,0,696285568.0,7.955394,3.18167037964,11.1370643796,3.57944007964,218.84277279495666,62.519668044247034,194.52359936418563,1.1222706297177265,0.3206136822781899,0.9975569198163367,cuSPARSE 12.8.6,CUDA,13040,13000,2026-10-07T09:35:10.900540+00:00,source,csr-alg2,0,0,,,,5,20,4,true
3,full-20261009-A100-SXM4-80GB-spmm-fp32-cusparse-csr-alg2-n16-13.4.1,cuSPARSE-CUDA-13.4.1-SpMM-CSR-ALG2,cuSPARSE CUDA 13.4.1 SpMM CSR ALG2 [cuSPARSE 12.8.6],csr-alg2,cuSPARSE-SpMM-CSR,candidate,,,csr,csr,CUSPARSE_SPMM_CSR_ALG2,library-preprocess,spmm.csr.fp32,fp32,A100-SXM4-80GB,A100-SXM4-80GB,,19500.0,238ed034-08d6-5e0f-b7b4-c4d0b9e54f50,suitesparse_all,Embree/ifiss_mat,ifiss_mat,96307,96307,3599932,16,row-major,N,N,1.0,0.0,20260922,main,pass,pass,0,0,115197824.0,0.04721,0.458239984512,0.505449984512,0.460600484512,251.39190793810639,227.91142057551113,250.1035666995673,1.2891892714774686,1.168776515771852,1.2825823933311145,cuSPARSE 12.8.6,CUDA,13040,13000,2026-10-07T16:20:03.347026+00:00,source,csr-alg2,0,0,,,,5,20,4,true
3,full-20261009-A100-SXM4-80GB-spmm-fp32-cusparse-csr-alg2-n16-13.4.1,cuSPARSE-CUDA-13.4.1-SpMM-CSR-ALG2,cuSPARSE CUDA 13.4.1 SpMM CSR ALG2 [cuSPARSE 12.8.6],csr-alg2,cuSPARSE-SpMM-CSR,candidate,,,csr,csr,CUSPARSE_SPMM_CSR_ALG2,library-preprocess,spmm.csr.fp32,fp32,A100-SXM4-80GB,A100-SXM4-80GB,,19500.0,df2405bf-ab33-5b32-9511-7da1122118f9,suitesparse_all,Engwirda/airfoil_2d,airfoil_2d,14214,14214,259688,16,row-major,N,N,1.0,0.0,20260922,main,pass,pass,0,0,8310016.0,0.01514,0.0479232013226,0.0630632013226,0.0486802013226,173.40277299215188,131.7728219582461,170.7062784093713,0.889244989703343,0.675758061324339,0.8754168123557502,cuSPARSE 12.8.6,CUDA,13040,13000,2026-10-08T09:38:47.542696+00:00,source,csr-alg2,0,0,,,,5,20,4,true
3,full-20261009-A100-SXM4-80GB-spmm-fp32-cusparse-csr-alg2-n16-13.4.1,cuSPARSE-CUDA-13.4.1-SpMM-CSR-ALG2,cuSPARSE CUDA 13.4.1 SpMM CSR ALG2 [cuSPARSE 12.8.6],csr-alg2,cuSPARSE-SpMM-CSR,candidate,,,csr,csr,CUSPARSE_SPMM_CSR_ALG2,library-preprocess,spmm.csr.fp32,fp32,A100-SXM4-80GB,A100-SXM4-80GB,,19500.0,238ed034-08d6-5e0f-b7b4-c4d0b9e54f50,suitesparse_all,FEMLAB/poisson2D,poisson2D,367,367,2417,16,row-major,N,N,1.0,0.0,20260922,main,pass,pass,0,0,77344.0,0.01272,0.0169599995017,0.0296799995017,0.0175959995017,4.560377492478544,2.6059299628886423,4.395544566395763,0.023386551243479714,0.013363743399428935,0.02254125418664494,cuSPARSE 12.8.6,CUDA,13040,13000,2026-10-07T14:29:39.970464+00:00,source,csr-alg2,0,0,,,,5,20,4,true
3,full-20261009-A100-SXM4-80GB-spmm-fp32-cusparse-csr-alg2-n16-13.4.1,cuSPARSE-CUDA-13.4.1-SpMM-CSR-ALG2,cuSPARSE CUDA 13.4.1 SpMM CSR ALG2 [cuSPARSE 12.8.6],csr-alg2,cuSPARSE-SpMM-CSR,candidate,,,csr,csr,CUSPARSE_SPMM_CSR_ALG2,library-preprocess,spmm.csr.fp32,fp32,A100-SXM4-80GB,A100-SXM4-80GB,,19500.0,df2405bf-ab33-5b32-9511-7da1122118f9,suitesparse_all,FEMLAB/poisson3Da,poisson3Da,13514,13514,352762,16,row-major,N,N,1.0,0.0,20260922,main,pass,pass,0,0,11288384.0,0.01776,0.0565248012543,0.0742848012543,0.0574128012543,199.70674375686127,151.9608831065772,196.61789275879553,1.0241371474710834,0.7792865800337292,1.0082968859425412,cuSPARSE 12.8.6,CUDA,13040,13000,2026-10-08T09:36:21.675532+00:00,source,csr-alg2,0,0,,,,5,20,4,true
3,full-20261009-A100-SXM4-80GB-spmm-fp32-cusparse-csr-alg2-n16-13.4.1,cuSPARSE-CUDA-13.4.1-SpMM-CSR-ALG2,cuSPARSE CUDA 13.4.1 SpMM CSR ALG2 [cuSPARSE 12.8.6],csr-alg2,cuSPARSE-SpMM-CSR,candidate,,,csr,csr,CUSPARSE_SPMM_CSR_ALG2,library-preprocess,spmm.csr.fp32,fp32,A100-SXM4-80GB,A100-SXM4-80GB,,19500.0,2793479a-b9ba-5e32-964d-96d3a38ca48f,suitesparse_all,FEMLAB/problem1,problem1,415,415,2779,16,row-major,N,N,1.0,0.0,20260922,main,pass,pass,0,0,88928.0,0.01508,0.0196799993515,0.0347599993515,0.0204339993515,4.518699335893116,2.5583429706296146,4.351962553697158,0.023172817107144184,0.013119707541690333,0.02231775668562645,cuSPARSE 12.8.6,CUDA,13040,13000,2026-10-07T08:54:20.033755+00:00,source,csr-alg2,0,0,,,,5,20,4,true
3,full-20261009-A100-SXM4-80GB-spmm-fp32-cusparse-csr-alg2-n16-13.4.1,cuSPARSE-CUDA-13.4.1-SpMM-CSR-ALG2,cuSPARSE CUDA 13.4.1 SpMM CSR ALG2 [cuSPARSE 12.8.6],csr-alg2,cuSPARSE-SpMM-CSR,candidate,,,csr,csr,CUSPARSE_SPMM_CSR_ALG2,library-preprocess,spmm.csr.fp32,fp32,A100-SXM4-80GB,A100-SXM4-80GB,,19500.0,238ed034-08d6-5e0f-b7b4-c4d0b9e54f50,suitesparse_all,FIDAP/ex1,ex1,216,216,4352,16,row-major,N,N,1.0,0.0,20260922,main,pass,pass,0,0,139264.0,0.01319,0.0156351998448,0.0288251998448,0.0162946998448,8.907081545639267,4.831328169442783,8.546582712564799,0.045677341259688545,0.024776041894578375,0.0438286292952041,cuSPARSE 12.8.6,CUDA,13040,13000,2026-10-07T14:27:43.809098+00:00,source,csr-alg2,0,0,,,,5,20,4,true
3,full-20261009-A100-SXM4-80GB-spmm-fp32-cusparse-csr-alg2-n16-13.4.1,cuSPARSE-CUDA-13.4.1-SpMM-CSR-ALG2,cuSPARSE CUDA 13.4.1 SpMM CSR ALG2 [cuSPARSE 12.8.6],csr-alg2,cuSPARSE-SpMM-CSR,candidate,,,csr,csr,CUSPARSE_SPMM_CSR_ALG2,library-preprocess,spmm.csr.fp32,fp32,A100-SXM4-80GB,A100-SXM4-80GB,,19500.0,df2405bf-ab33-5b32-9511-7da1122118f9,suitesparse_all,FIDAP/ex10,ex10,2410,2410,54840,16,row-major,N,N,1.0,0.0,20260922,main,pass,pass,0,0,1754880.0,0.0145,0.0232447996736,0.0377447996736,0.0239697996736,75.49559577375425,46.493292193240144,73.21212625455523,0.38715690140386794,0.23842713945251356,0.3754468013054114,cuSPARSE 12.8.6,CUDA,13040,13000,2026-10-08T09:34:07.549422+00:00,source,csr-alg2,0,0,,,,5,20,4,true
3,full-20261009-A100-SXM4-80GB-spmm-fp32-cusparse-csr-alg2-n16-13.4.1,cuSPARSE-CUDA-13.4.1-SpMM-CSR-ALG2,cuSPARSE CUDA 13.4.1 SpMM CSR ALG2 [cuSPARSE 12.8.6],csr-alg2,cuSPARSE-SpMM-CSR,candidate,,,csr,csr,CUSPARSE_SPMM_CSR_ALG2,library-preprocess,spmm.csr.fp32,fp32,A100-SXM4-80GB,A100-SXM4-80GB,,19500.0,2793479a-b9ba-5e32-964d-96d3a38ca48f,suitesparse_all,FIDAP/ex11,ex11,16614,16614,1096948,16,row-major,N,N,1.0,0.0,20260922,main,pass,pass,0,0,35102336.0,0.04906,0.129375994205,0.178435994205,0.131828994205,271.32031885590254,196.7222821628238,266.2717425076785,1.3913862505430898,1.0088322162196093,1.3654961154239922,cuSPARSE 12.8.6,CUDA,13040,13000,2026-10-07T08:51:42.140938+00:00,source,csr-alg2,0,0,,,,5,20,4,true
3,full-20261009-A100-SXM4-80GB-spmm-fp32-cusparse-csr-alg2-n16-13.4.1,cuSPARSE-CUDA-13.4.1-SpMM-CSR-ALG2,cuSPARSE CUDA 13.4.1 SpMM CSR ALG2 [cuSPARSE 12.8.6],csr-alg2,cuSPARSE-SpMM-CSR,candidate,,,csr,csr,CUSPARSE_SPMM_CSR_ALG2,library-preprocess,spmm.csr.fp32,fp32,A100-SXM4-80GB,A100-SXM4-80GB,,19500.0,238ed034-08d6-5e0f-b7b4-c4d0b9e54f50,suitesparse_all,FIDAP/ex18,ex18,5773,5773,71805,16,row-major,N,N,1.0,0.0,20260922,main,pass,pass,0,0,2297760.0,0.01492,0.0216544002295,0.0365744002295,0.0224004002295,106.11053530218489,62.82427013380479,102.57673865014189,0.5441565912932558,0.322175744275922,0.5260345571802149,cuSPARSE 12.8.6,CUDA,13040,13000,2026-10-07T14:27:44.960247+00:00,source,csr-alg2,0,0,,,,5,20,4,true
3,full-20261009-A100-SXM4-80GB-spmm-fp32-cusparse-csr-alg2-n16-13.4.1,cuSPARSE-CUDA-13.4.1-SpMM-CSR-ALG2,cuSPARSE CUDA 13.4.1 SpMM CSR ALG2 [cuSPARSE 12.8.6],csr-alg2,cuSPARSE-SpMM-CSR,candidate,,,csr,csr,CUSPARSE_SPMM_CSR_ALG2,library-preprocess,spmm.csr.fp32,fp32,A100-SXM4-80GB,A100-SXM4-80GB,,19500.0,df2405bf-ab33-5b32-9511-7da1122118f9,suitesparse_all,FIDAP/ex19,ex19,12005,12005,259879,16,row-major,N,N,1.0,0.0,20260922,main,pass,pass,0,0,8316128.0,0.020449,0.0472575992346,0.0677065992346,0.0482800492346,175.97440696715046,122.82595927148888,172.24771167052228,0.9024328562417971,0.6298767142127636,0.8833215983103706,cuSPARSE 12.8.6,CUDA,13040,13000,2026-10-08T09:34:09.117172+00:00,source,csr-alg2,0,0,,,,5,20,4,true
3,full-20261009-A100-SXM4-80GB-spmm-fp32-cusparse-csr-alg2-n16-13.4.1,cuSPARSE-CUDA-13.4.1-SpMM-CSR-ALG2,cuSPARSE CUDA 13.4.1 SpMM CSR ALG2 [cuSPARSE 12.8.6],csr-alg2,cuSPARSE-SpMM-CSR,candidate,,,csr,csr,CUSPARSE_SPMM_CSR_ALG2,library-preprocess,spmm.csr.fp32,fp32,A100-SXM4-80GB,A100-SXM4-80GB,,19500.0,2793479a-b9ba-5e32-964d-96d3a38ca48f,suitesparse_all,FIDAP/ex20,ex20,2203,2203,69981,16,row-major,N,N,1.0,0.0,20260922,main,pass,pass,0,0,2239392.0,0.01789,0.0241567999125,0.0420467999125,0.0250512999125,92.70234501719827,53.259510941622366,89.39224742116464,0.4753966411138373,0.27312569713652496,0.45842178164699815,cuSPARSE 12.8.6,CUDA,13040,13000,2026-10-07T08:51:42.956896+00:00,source,csr-alg2,0,0,,,,5,20,4,true
3,full-20261009-A100-SXM4-80GB-spmm-fp32-cusparse-csr-alg2-n16-13.4.1,cuSPARSE-CUDA-13.4.1-SpMM-CSR-ALG2,cuSPARSE CUDA 13.4.1 SpMM CSR ALG2 [cuSPARSE 12.8.6],csr-alg2,cuSPARSE-SpMM-CSR,candidate,,,csr,csr,CUSPARSE_SPMM_CSR_ALG2,library-preprocess,spmm.csr.fp32,fp32,A100-SXM4-80GB,A100-SXM4-80GB,,19500.0,238ed034-08d6-5e0f-b7b4-c4d0b9e54f50,suitesparse_all,FIDAP/ex25,ex25,848,848,24612,16,row-major,N,N,1.0,0.0,20260922,main,pass,pass,0,0,787584.0,0.01357,0.0211456000805,0.0347156000805,0.0218241000805,37.245762570072074,22.686745963593225,36.087811048104214,0.19100391061575422,0.11634228699278577,0.1850656976825857,cuSPARSE 12.8.6,CUDA,13040,13000,2026-10-07T14:27:45.736922+00:00,source,csr-alg2,0,0,,,,5,20,4,true
3,full-20261009-A100-SXM4-80GB-spmm-fp32-cusparse-csr-alg2-n16-13.4.1,cuSPARSE-CUDA-13.4.1-SpMM-CSR-ALG2,cuSPARSE CUDA 13.4.1 SpMM CSR ALG2 [cuSPARSE 12.8.6],csr-alg2,cuSPARSE-SpMM-CSR,candidate,,,csr,csr,CUSPARSE_SPMM_CSR_ALG2,library-preprocess,spmm.csr.fp32,fp32,A100-SXM4-80GB,A100-SXM4-80GB,,19500.0,df2405bf-ab33-5b32-9511-7da1122118f9,suitesparse_all,FIDAP/ex26,ex26,2163,2163,94033,16,row-major,N,N,1.0,0.0,20260922,main,pass,pass,0,0,3009056.0,0.0161,0.0267776012421,0.0428776012421,0.0275826012421,112.37212671869702,70.17780642648252,109.09253893745178,0.5762673165061386,0.3598861868024745,0.5594489176279578,cuSPARSE 12.8.6,CUDA,13040,13000,2026-10-08T09:34:10.067696+00:00,source,csr-alg2,0,0,,,,5,20,4,true
3,full-20261009-A100-SXM4-80GB-spmm-fp32-cusparse-csr-alg2-n16-13.4.1,cuSPARSE-CUDA-13.4.1-SpMM-CSR-ALG2,cuSPARSE CUDA 13.4.1 SpMM CSR ALG2 [cuSPARSE 12.8.6],csr-alg2,cuSPARSE-SpMM-CSR,candidate,,,csr,csr,CUSPARSE_SPMM_CSR_ALG2,library-preprocess,spmm.csr.fp32,fp32,A100-SXM4-80GB,A100-SXM4-80GB,,19500.0,2793479a-b9ba-5e32-964d-96d3a38ca48f,suitesparse_all,FIDAP/ex28,ex28,2603,2603,77781,16,row-major,N,N,1.0,0.0,20260922,main,pass,pass,0,0,2488992.0,0.01928,0.0251488000154,0.0444288000154,0.0261128000154,98.97060688684361,56.022039738576346,95.31693263580004,0.5075415737786853,0.28729251147987866,0.4888047827476925,cuSPARSE 12.8.6,CUDA,13040,13000,2026-10-07T08:51:43.908320+00:00,source,csr-alg2,0,0,,,,5,20,4,true
3,full-20261009-A100-SXM4-80GB-spmm-fp32-cusparse-csr-alg2-n16-13.4.1,cuSPARSE-CUDA-13.4.1-SpMM-CSR-ALG2,cuSPARSE CUDA 13.4.1 SpMM CSR ALG2 [cuSPARSE 12.8.6],csr-alg2,cuSPARSE-SpMM-CSR,candidate,,,csr,csr,CUSPARSE_SPMM_CSR_ALG2,library-preprocess,spmm.csr.fp32,fp32,A100-SXM4-80GB,A100-SXM4-80GB,,19500.0,238ed034-08d6-5e0f-b7b4-c4d0b9e54f50,suitesparse_all,FIDAP/ex33,ex33,1733,1733,22189,16,row-major,N,N,1.0,0.0,20260922,main,pass,pass,0,0,710048.0,0.01294,0.0212479993701,0.0341879993701,0.0218949993701,33.41716966535557,20.76892515158377,32.429688076157134,0.1713701008479773,0.10650730846966036,0.1663060926982417,cuSPARSE 12.8.6,CUDA,13040,13000,2026-10-07T14:27:46.374314+00:00,source,csr-alg2,0,0,,,,5,20,4,true
3,full-20261009-A100-SXM4-80GB-spmm-fp32-cusparse-csr-alg2-n16-13.4.1,cuSPARSE-CUDA-13.4.1-SpMM-CSR-ALG2,cuSPARSE CUDA 13.4.1 SpMM CSR ALG2 [cuSPARSE 12.8.6],csr-alg2,cuSPARSE-SpMM-CSR,candidate,,,csr,csr,CUSPARSE_SPMM_CSR_ALG2,library-preprocess,spmm.csr.fp32,fp32,A100-SXM4-80GB,A100-SXM4-80GB,,19500.0,df2405bf-ab33-5b32-9511-7da1122118f9,suitesparse_all,FIDAP/ex35,ex35,19716,19716,228208,16,row-major,N,N,1.0,0.0,20260922,main,pass,pass,0,0,7302656.0,0.032,0.0389120012522,0.0709120012522,0.0405120012522,187.67104659226757,102.98194763997638,180.25907815658525,0.9624156235500901,0.5281125519998789,0.9244055290081296,cuSPARSE 12.8.6,CUDA,13040,13000,2026-10-08T09:34:11.727876+00:00,source,csr-alg2,0,0,,,,5,20,4,true
3,full-20261009-A100-SXM4-80GB-spmm-fp32-cusparse-csr-alg2-n16-13.4.1,cuSPARSE-CUDA-13.4.1-SpMM-CSR-ALG2,cuSPARSE CUDA 13.4.1 SpMM CSR ALG2 [cuSPARSE 12.8.6],csr-alg2,cuSPARSE-SpMM-CSR,candidate,,,csr,csr,CUSPARSE_SPMM_CSR_ALG2,library-preprocess,spmm.csr.fp32,fp32,A100-SXM4-80GB,A100-SXM4-80GB,,19500.0,2793479a-b9ba-5e32-964d-96d3a38ca48f,suitesparse_all,FIDAP/ex37,ex37,3565,3565,67591,16,row-major,N,N,1.0,0.0,20260922,main,pass,pass,0,0,2162912.0,0.01975,0.0251040011644,0.0448540011644,0.0260915011644,86.15805846389247,48.22116074043075,82.89718504012869,0.44183619725073064,0.24728800379708077,0.42511376943655743,cuSPARSE 12.8.6,CUDA,13040,13000,2026-10-07T08:51:44.868731+00:00,source,csr-alg2,0,0,,,,5,20,4,true
3,full-20261009-A100-SXM4-80GB-spmm-fp32-cusparse-csr-alg2-n16-13.4.1,cuSPARSE-CUDA-13.4.1-SpMM-CSR-ALG2,cuSPARSE CUDA 13.4.1 SpMM CSR ALG2 [cuSPARSE 12.8.6],csr-alg2,cuSPARSE-SpMM-CSR,candidate,,,csr,csr,CUSPARSE_SPMM_CSR_ALG2,library-preprocess,spmm.csr.fp32,fp32,A100-SXM4-80GB,A100-SXM4-80GB,,19500.0,238ed034-08d6-5e0f-b7b4-c4d0b9e54f50,suitesparse_all,FIDAP/ex7,ex7,1633,1633,54543,16,row-major,N,N,1.0,0.0,20260922,main,pass,pass,0,0,1745376.0,0.01388,0.0226815998554,0.0365615998554,0.0233755998554,76.95118559216023,47.73795476409424,74.66657586529487,0.3946214645751807,0.2448100244312525,0.38290551725792243,cuSPARSE 12.8.6,CUDA,13040,13000,2026-10-07T14:27:47.133131+00:00,source,csr-alg2,0,0,,,,5,20,4,true
3,full-20261009-A100-SXM4-80GB-spmm-fp32-cusparse-csr-alg2-n16-13.4.1,cuSPARSE-CUDA-13.4.1-SpMM-CSR-ALG2,cuSPARSE CUDA 13.4.1 SpMM CSR ALG2 [cuSPARSE 12.8.6],csr-alg2,cuSPARSE-SpMM-CSR,candidate,,,csr,csr,CUSPARSE_SPMM_CSR_ALG2,library-preprocess,spmm.csr.fp32,fp32,A100-SXM4-80GB,A100-SXM4-80GB,,19500.0,df2405bf-ab33-5b32-9511-7da1122118f9,suitesparse_all,FIDAP/ex8,ex8,3096,3096,106344,16,row-major,N,N,1.0,0.0,20260922,main,pass,pass,0,0,3403008.0,0.01473,0.0236031994224,0.0383331994224,0.0243396994224,144.175708517315,88.77443185740069,139.8130659275187,0.7393626077811025,0.4552534967046189,0.716990081679583,cuSPARSE 12.8.6,CUDA,13040,13000,2026-10-08T09:34:12.636291+00:00,source,csr-alg2,0,0,,,,5,20,4,true
3,full-20261009-A100-SXM4-80GB-spmm-fp32-cusparse-csr-alg2-n16-13.4.1,cuSPARSE-CUDA-13.4.1-SpMM-CSR-ALG2,cuSPARSE CUDA 13.4.1 SpMM CSR ALG2 [cuSPARSE 12.8.6],csr-alg2,cuSPARSE-SpMM-CSR,candidate,,,csr,csr,CUSPARSE_SPMM_CSR_ALG2,library-preprocess,spmm.csr.fp32,fp32,A100-SXM4-80GB,A100-SXM4-80GB,,19500.0,238ed034-08d6-5e0f-b7b4-c4d0b9e54f50,suitesparse_all,FlowIPM22/Spielman_k100,Spielman_k100,338402,338402,1025404,16,row-major,N,N,1.0,0.0,20260922,main,pass,pass,0,0,32812928.0,0.05019,0.24663040638,0.29682040638,0.24913990638,133.04494154481065,110.54808663657622,131.70482592199488,0.6822817515118494,0.566913264802955,0.6754093637025379,cuSPARSE 12.8.6,CUDA,13040,13000,2026-10-07T16:28:35.977527+00:00,source,csr-alg2,0,0,,,,5,20,4,true
3,full-20261009-A100-SXM4-80GB-spmm-fp32-cusparse-csr-alg2-n16-13.4.1,cuSPARSE-CUDA-13.4.1-SpMM-CSR-ALG2,cuSPARSE CUDA 13.4.1 SpMM CSR ALG2 [cuSPARSE 12.8.6],csr-alg2,cuSPARSE-SpMM-CSR,candidate,,,csr,csr,CUSPARSE_SPMM_CSR_ALG2,library-preprocess,spmm.csr.fp32,fp32,A100-SXM4-80GB,A100-SXM4-80GB,,19500.0,df2405bf-ab33-5b32-9511-7da1122118f9,suitesparse_all,FlowIPM22/Spielman_k200,Spielman_k200,2686802,2686802,8100804,16,row-major,N,N,1.0,0.0,20260922,main,pass,pass,0,0,259225728.0,0.63182,1.53272323608,2.16454323608,1.56431423608,169.12755147040116,119.76001388147795,165.71205581404877,0.8673207767712879,0.6141539173409125,0.8498054144310194,cuSPARSE 12.8.6,CUDA,13040,13000,2026-10-08T12:31:12.765781+00:00,source,csr-alg2,0,0,,,,5,20,4,true
3,full-20261009-A100-SXM4-80GB-spmm-fp32-cusparse-csr-alg2-n16-13.4.1,cuSPARSE-CUDA-13.4.1-SpMM-CSR-ALG2,cuSPARSE CUDA 13.4.1 SpMM CSR ALG2 [cuSPARSE 12.8.6],csr-alg2,cuSPARSE-SpMM-CSR,candidate,,,csr,csr,CUSPARSE_SPMM_CSR_ALG2,library-preprocess,spmm.csr.fp32,fp32,A100-SXM4-80GB,A100-SXM4-80GB,,19500.0,2793479a-b9ba-5e32-964d-96d3a38ca48f,suitesparse_all,FlowIPM22/Spielman_k400,Spielman_k400,21413602,21413602,64401604,16,row-major,N,N,1.0,0.0,20260922,main,pass,pass,0,0,2060851328.0,0.421131,9.9220993042,10.3432303042,9.9431558542,207.7031548280964,199.24639279888845,207.26330334342433,1.0651443837338277,1.021776373327633,1.0628887350944838,cuSPARSE 12.8.6,CUDA,13040,13000,2026-10-07T11:01:34.512894+00:00,source,csr-alg2,0,0,,,,5,20,4,true
3,full-20261009-A100-SXM4-80GB-spmm-fp32-cusparse-csr-alg2-n16-13.4.1,cuSPARSE-CUDA-13.4.1-SpMM-CSR-ALG2,cuSPARSE CUDA 13.4.1 SpMM CSR ALG2 [cuSPARSE 12.8.6],csr-alg2,cuSPARSE-SpMM-CSR,candidate,,,csr,csr,CUSPARSE_SPMM_CSR_ALG2,library-preprocess,spmm.csr.fp32,fp32,A100-SXM4-80GB,A100-SXM4-80GB,,19500.0,238ed034-08d6-5e0f-b7b4-c4d0b9e54f50,suitesparse_all,FlowIPM22/uni_chimera_i3,uni_chimera_i3,100000,100000,499696,16,row-major,N,N,1.0,0.0,20260922,main,pass,pass,0,0,15990272.0,0.04597,0.103628802299,0.149598802299,0.105927302299,154.30335626058184,106.88770066514688,150.95515181595403,0.7912992628747787,0.5481420546930609,0.7741289836715591,cuSPARSE 12.8.6,CUDA,13040,13000,2026-10-07T16:28:39.172298+00:00,source,csr-alg2,0,0,,,,5,20,4,true
3,full-20261009-A100-SXM4-80GB-spmm-fp32-cusparse-csr-alg2-n16-13.4.1,cuSPARSE-CUDA-13.4.1-SpMM-CSR-ALG2,cuSPARSE CUDA 13.4.1 SpMM CSR ALG2 [cuSPARSE 12.8.6],csr-alg2,cuSPARSE-SpMM-CSR,candidate,,,csr,csr,CUSPARSE_SPMM_CSR_ALG2,library-preprocess,spmm.csr.fp32,fp32,A100-SXM4-80GB,A100-SXM4-80GB,,19500.0,df2405bf-ab33-5b32-9511-7da1122118f9,suitesparse_all,FlowIPM22/uni_chimera_i4,uni_chimera_i4,100000,100000,814436,16,row-major,N,N,1.0,0.0,20260922,main,pass,pass,0,0,26061952.0,0.05223,0.136755204201,0.188985204201,0.139366704201,190.57374929362595,137.90472174891082,187.00271452507374,0.9773012784288511,0.7072037012764657,0.9589882796157628,cuSPARSE 12.8.6,CUDA,13040,13000,2026-10-08T12:31:16.769332+00:00,source,csr-alg2,0,0,,,,5,20,4,true
3,full-20261009-A100-SXM4-80GB-spmm-fp32-cusparse-csr-alg2-n16-13.4.1,cuSPARSE-CUDA-13.4.1-SpMM-CSR-ALG2,cuSPARSE CUDA 13.4.1 SpMM CSR ALG2 [cuSPARSE 12.8.6],csr-alg2,cuSPARSE-SpMM-CSR,candidate,,,csr,csr,CUSPARSE_SPMM_CSR_ALG2,library-preprocess,spmm.csr.fp32,fp32,A100-SXM4-80GB,A100-SXM4-80GB,,19500.0,238ed034-08d6-5e0f-b7b4-c4d0b9e54f50,suitesparse_all,Fluorem/DK01R,DK01R,903,903,11766,16,row-major,N,N,1.0,0.0,20260922,main,pass,pass,0,0,376512.0,0.016169,0.0201215997338,0.0362905997338,0.0209300497338,18.71183230861809,10.374918098951332,17.98906380007161,0.09595811440316969,0.053204708199750414,0.09225160923113646,cuSPARSE 12.8.6,CUDA,13040,13000,2026-10-07T14:52:26.722621+00:00,source,csr-alg2,0,0,,,,5,20,4,true
3,full-20261009-A100-SXM4-80GB-spmm-fp32-cusparse-csr-alg2-n16-13.4.1,cuSPARSE-CUDA-13.4.1-SpMM-CSR-ALG2,cuSPARSE CUDA 13.4.1 SpMM CSR ALG2 [cuSPARSE 12.8.6],csr-alg2,cuSPARSE-SpMM-CSR,candidate,,,csr,csr,CUSPARSE_SPMM_CSR_ALG2,library-preprocess,spmm.csr.fp32,fp32,A100-SXM4-80GB,A100-SXM4-80GB,,19500.0,df2405bf-ab33-5b32-9511-7da1122118f9,suitesparse_all,Fluorem/GT01R,GT01R,7980,7980,430909,16,row-major,N,N,1.0,0.0,20260922,main,pass,pass,0,0,13789088.0,0.0447,0.051148802042,0.095848802042,0.053383802042,269.5877019500343,143.86291436337157,258.3009728147755,1.3825010356412013,0.7377585351967774,1.324620373409105,cuSPARSE 12.8.6,CUDA,13040,13000,2026-10-08T10:01:06.663357+00:00,source,csr-alg2,0,0,,,,5,20,4,true
3,full-20261009-A100-SXM4-80GB-spmm-fp32-cusparse-csr-alg2-n16-13.4.1,cuSPARSE-CUDA-13.4.1-SpMM-CSR-ALG2,cuSPARSE CUDA 13.4.1 SpMM CSR ALG2 [cuSPARSE 12.8.6],csr-alg2,cuSPARSE-SpMM-CSR,candidate,,,csr,csr,CUSPARSE_SPMM_CSR_ALG2,library-preprocess,spmm.csr.fp32,fp32,A100-SXM4-80GB,A100-SXM4-80GB,,19500.0,2793479a-b9ba-5e32-964d-96d3a38ca48f,suitesparse_all,Fluorem/RM07R,RM07R,381689,381689,37464962,16,row-major,N,N,1.0,0.0,20260922,main,pass,pass,0,0,1198878784.0,0.40583,4.537241745,4.943071745,4.557533245,264.2307488511393,242.53720072193693,263.05431459337603,1.3550294812878938,1.2437805165227533,1.348996485094236,cuSPARSE 12.8.6,CUDA,13040,13000,2026-10-07T09:36:51.010871+00:00,source,csr-alg2,0,0,,,,5,20,4,true
3,full-20261009-A100-SXM4-80GB-spmm-fp32-cusparse-csr-alg2-n16-13.4.1,cuSPARSE-CUDA-13.4.1-SpMM-CSR-ALG2,cuSPARSE CUDA 13.4.1 SpMM CSR ALG2 [cuSPARSE 12.8.6],csr-alg2,cuSPARSE-SpMM-CSR,candidate,,,csr,csr,CUSPARSE_SPMM_CSR_ALG2,library-preprocess,spmm.csr.fp32,fp32,A100-SXM4-80GB,A100-SXM4-80GB,,19500.0,df2405bf-ab33-5b32-9511-7da1122118f9,suitesparse_all,FreeFieldTechnologies/mono_500Hz,mono_500Hz,169410,169410,5036288,16,row-major,N,N,1.0,0.0,20260922,main,pass,pass,0,0,161161216.0,0.04082,0.724172782898,0.764992782898,0.726213782898,222.54525412438707,210.67024369756487,221.91979799237137,1.1412577134583952,1.0803602240900763,1.138050246114725,cuSPARSE 12.8.6,CUDA,13040,13000,2026-10-08T09:59:05.050693+00:00,source,csr-alg2,0,0,,,,5,20,4,true
3,full-20261009-A100-SXM4-80GB-spmm-fp32-cusparse-csr-alg2-n16-13.4.1,cuSPARSE-CUDA-13.4.1-SpMM-CSR-ALG2,cuSPARSE CUDA 13.4.1 SpMM CSR ALG2 [cuSPARSE 12.8.6],csr-alg2,cuSPARSE-SpMM-CSR,candidate,,,csr,csr,CUSPARSE_SPMM_CSR_ALG2,library-preprocess,spmm.csr.fp32,fp32,A100-SXM4-80GB,A100-SXM4-80GB,,19500.0,238ed034-08d6-5e0f-b7b4-c4d0b9e54f50,suitesparse_all,Freescale/Freescale2,Freescale2,2999349,2999349,23042677,16,row-major,N,N,1.0,0.0,20260922,main,pass,pass,0,0,737365664.0,0.433451,7.88981781006,8.32326881006,7.91149036006,93.45788226691543,88.59087467039102,93.2018659496171,0.4792711911123868,0.454312177796877,0.47795828692111336,cuSPARSE 12.8.6,CUDA,13040,13000,2026-10-07T15:38:45.083748+00:00,source,csr-alg2,0,0,,,,5,20,4,true
3,full-20261009-A100-SXM4-80GB-spmm-fp32-cusparse-csr-alg2-n16-13.4.1,cuSPARSE-CUDA-13.4.1-SpMM-CSR-ALG2,cuSPARSE CUDA 13.4.1 SpMM CSR ALG2 [cuSPARSE 12.8.6],csr-alg2,cuSPARSE-SpMM-CSR,candidate,,,csr,csr,CUSPARSE_SPMM_CSR_ALG2,library-preprocess,spmm.csr.fp32,fp32,A100-SXM4-80GB,A100-SXM4-80GB,,19500.0,df2405bf-ab33-5b32-9511-7da1122118f9,suitesparse_all,GAP/GAP-kron,GAP-kron,134217726,134217726,4223264644,16,row-major,N,N,1.0,0.0,20260922,main,fail,runtime-error,0,0,135144468608.0,0.0,0.0,0.0,0.0,0.0,0.0,0.0,0.0,0.0,0.0,unknown,,,,2026-10-08T12:30:16.304801+00:00,source,csr-alg2,0,0,expanded matrix nnz exceeds signed int32 CSR capacity,BenchmarkDriverError,setup,5,20,4.0,true
3,full-20261009-A100-SXM4-80GB-spmm-fp32-cusparse-csr-alg2-n16-13.4.1,cuSPARSE-CUDA-13.4.1-SpMM-CSR-ALG2,cuSPARSE CUDA 13.4.1 SpMM CSR ALG2 [cuSPARSE 12.8.6],csr-alg2,cuSPARSE-SpMM-CSR,candidate,,,csr,csr,CUSPARSE_SPMM_CSR_ALG2,library-preprocess,spmm.csr.fp32,fp32,A100-SXM4-80GB,A100-SXM4-80GB,,19500.0,238ed034-08d6-5e0f-b7b4-c4d0b9e54f50,suitesparse_all,GAP/GAP-road,GAP-road,23947347,23947347,57708624,16,row-major,N,N,1.0,0.0,20260922,main,pass,pass,0,0,1846675968.0,0.64594,12.9617980957,13.6077380957,12.9940950957,142.47066297172333,135.70778295501907,142.11655020218384,0.7306187844703761,0.6959373484872773,0.7288028215496608,cuSPARSE 12.8.6,CUDA,13040,13000,2026-10-07T16:28:23.670432+00:00,source,csr-alg2,0,0,,,,5,20,4,true
3,full-20261009-A100-SXM4-80GB-spmm-fp32-cusparse-csr-alg2-n16-13.4.1,cuSPARSE-CUDA-13.4.1-SpMM-CSR-ALG2,cuSPARSE CUDA 13.4.1 SpMM CSR ALG2 [cuSPARSE 12.8.6],csr-alg2,cuSPARSE-SpMM-CSR,candidate,,,csr,csr,CUSPARSE_SPMM_CSR_ALG2,library-preprocess,spmm.csr.fp32,fp32,A100-SXM4-80GB,A100-SXM4-80GB,,19500.0,df2405bf-ab33-5b32-9511-7da1122118f9,suitesparse_all,GHS_indef/aug2d,aug2d,29008,29008,76832,16,row-major,N,N,1.0,0.0,20260922,main,pass,pass,0,0,2458624.0,0.02046,0.0352256000042,0.0556856000042,0.0362486000042,69.79651161958505,44.15188127297833,67.82672985205298,0.35793082881838484,0.22641990396399142,0.34782938385668194,cuSPARSE 12.8.6,CUDA,13040,13000,2026-10-08T09:38:02.427978+00:00,source,csr-alg2,0,0,,,,5,20,4,true
3,full-20261009-A100-SXM4-80GB-spmm-fp32-cusparse-csr-alg2-n16-13.4.1,cuSPARSE-CUDA-13.4.1-SpMM-CSR-ALG2,cuSPARSE CUDA 13.4.1 SpMM CSR ALG2 [cuSPARSE 12.8.6],csr-alg2,cuSPARSE-SpMM-CSR,candidate,,,csr,csr,CUSPARSE_SPMM_CSR_ALG2,library-preprocess,spmm.csr.fp32,fp32,A100-SXM4-80GB,A100-SXM4-80GB,,19500.0,2793479a-b9ba-5e32-964d-96d3a38ca48f,suitesparse_all,GHS_indef/aug3d,aug3d,24300,24300,69984,16,row-major,N,N,1.0,0.0,20260922,main,pass,pass,0,0,2239488.0,0.01978,0.0337408006191,0.0535208006191,0.0347298006191,66.3732916501178,41.84332024362118,64.4831804409603,0.34037585461598874,0.21458112945446756,0.3306829766203092,cuSPARSE 12.8.6,CUDA,13040,13000,2026-10-07T08:57:01.914671+00:00,source,csr-alg2,0,0,,,,5,20,4,true
3,full-20261009-A100-SXM4-80GB-spmm-fp32-cusparse-csr-alg2-n16-13.4.1,cuSPARSE-CUDA-13.4.1-SpMM-CSR-ALG2,cuSPARSE CUDA 13.4.1 SpMM CSR ALG2 [cuSPARSE 12.8.6],csr-alg2,cuSPARSE-SpMM-CSR,candidate,,,csr,csr,CUSPARSE_SPMM_CSR_ALG2,library-preprocess,spmm.csr.fp32,fp32,A100-SXM4-80GB,A100-SXM4-80GB,,19500.0,238ed034-08d6-5e0f-b7b4-c4d0b9e54f50,suitesparse_all,GHS_indef/blockqp1,blockqp1,60012,60012,640033,16,row-major,N,N,1.0,0.0,20260922,main,pass,pass,0,0,20481056.0,0.04766,0.0988672018051,0.146527201805,0.101250201805,207.15723340056638,139.77647663849072,202.28163139313955,1.0623447866695712,0.7168024442999524,1.0373416994519977,cuSPARSE 12.8.6,CUDA,13040,13000,2026-10-07T14:32:48.882759+00:00,source,csr-alg2,0,0,,,,5,20,4,true
3,full-20261009-A100-SXM4-80GB-spmm-fp32-cusparse-csr-alg2-n16-13.4.1,cuSPARSE-CUDA-13.4.1-SpMM-CSR-ALG2,cuSPARSE CUDA 13.4.1 SpMM CSR ALG2 [cuSPARSE 12.8.6],csr-alg2,cuSPARSE-SpMM-CSR,candidate,,,csr,csr,CUSPARSE_SPMM_CSR_ALG2,library-preprocess,spmm.csr.fp32,fp32,A100-SXM4-80GB,A100-SXM4-80GB,,19500.0,df2405bf-ab33-5b32-9511-7da1122118f9,suitesparse_all,GHS_indef/bloweya,bloweya,30004,30004,150009,16,row-major,N,N,1.0,0.0,20260922,main,pass,pass,0,0,4800288.0,0.02453,0.0415232002735,0.0660532002735,0.0427497002735,115.60496224717852,72.67305717397367,112.28822586565919,0.5928459602419411,0.3726823444819163,0.5758370557213291,cuSPARSE 12.8.6,CUDA,13040,13000,2026-10-08T09:38:43.302122+00:00,source,csr-alg2,0,0,,,,5,20,4,true
3,full-20261009-A100-SXM4-80GB-spmm-fp32-cusparse-csr-alg2-n16-13.4.1,cuSPARSE-CUDA-13.4.1-SpMM-CSR-ALG2,cuSPARSE CUDA 13.4.1 SpMM CSR ALG2 [cuSPARSE 12.8.6],csr-alg2,cuSPARSE-SpMM-CSR,candidate,,,csr,csr,CUSPARSE_SPMM_CSR_ALG2,library-preprocess,spmm.csr.fp32,fp32,A100-SXM4-80GB,A100-SXM4-80GB,,19500.0,2793479a-b9ba-5e32-964d-96d3a38ca48f,suitesparse_all,GHS_indef/bloweybq,bloweybq,10001,10001,69991,16,row-major,N,N,1.0,0.0,20260922,main,pass,pass,0,0,2239712.0,0.01987,0.0262143999338,0.0460843999338,0.0272078999338,85.4382326376347,48.60022053487372,82.3184444756663,0.438144782757101,0.24923190017883962,0.422145869105981,cuSPARSE 12.8.6,CUDA,13040,13000,2026-10-07T09:01:08.570458+00:00,source,csr-alg2,0,0,,,,5,20,4,true
3,full-20261009-A100-SXM4-80GB-spmm-fp32-cusparse-csr-alg2-n16-13.4.1,cuSPARSE-CUDA-13.4.1-SpMM-CSR-ALG2,cuSPARSE CUDA 13.4.1 SpMM CSR ALG2 [cuSPARSE 12.8.6],csr-alg2,cuSPARSE-SpMM-CSR,candidate,,,csr,csr,CUSPARSE_SPMM_CSR_ALG2,library-preprocess,spmm.csr.fp32,fp32,A100-SXM4-80GB,A100-SXM4-80GB,,19500.0,2793479a-b9ba-5e32-964d-96d3a38ca48f,suitesparse_all,GHS_indef/boyd2,boyd2,466316,466316,1500397,16,row-major,N,N,1.0,0.0,20260922,main,pass,pass,0,0,48012704.0,0.27462,0.403916788101,0.678536788101,0.417647788101,118.86780994107714,70.75917598273732,114.95979475507018,0.6095785125183443,0.36286756914224266,0.5895374090003599,cuSPARSE 12.8.6,CUDA,13040,13000,2026-10-07T08:58:45.288467+00:00,source,csr-alg2,0,0,,,,5,20,4,true
3,full-20261009-A100-SXM4-80GB-spmm-fp32-cusparse-csr-alg2-n16-13.4.1,cuSPARSE-CUDA-13.4.1-SpMM-CSR-ALG2,cuSPARSE CUDA 13.4.1 SpMM CSR ALG2 [cuSPARSE 12.8.6],csr-alg2,cuSPARSE-SpMM-CSR,candidate,,,csr,csr,CUSPARSE_SPMM_CSR_ALG2,library-preprocess,spmm.csr.fp32,fp32,A100-SXM4-80GB,A100-SXM4-80GB,,19500.0,238ed034-08d6-5e0f-b7b4-c4d0b9e54f50,suitesparse_all,GHS_indef/c-59,c-59,41282,41282,480536,16,row-major,N,N,1.0,0.0,20260922,main,pass,pass,0,0,15377152.0,0.04461,0.0797695994377,0.124379599438,0.0820000994377,192.76957773881696,123.63082104686396,187.52601649810038,0.9885619371221384,0.6340042104967383,0.9616718794774378,cuSPARSE 12.8.6,CUDA,13040,13000,2026-10-07T14:31:36.527352+00:00,source,csr-alg2,0,0,,,,5,20,4,true
3,full-20261009-A100-SXM4-80GB-spmm-fp32-cusparse-csr-alg2-n16-13.4.1,cuSPARSE-CUDA-13.4.1-SpMM-CSR-ALG2,cuSPARSE CUDA 13.4.1 SpMM CSR ALG2 [cuSPARSE 12.8.6],csr-alg2,cuSPARSE-SpMM-CSR,candidate,,,csr,csr,CUSPARSE_SPMM_CSR_ALG2,library-preprocess,spmm.csr.fp32,fp32,A100-SXM4-80GB,A100-SXM4-80GB,,19500.0,df2405bf-ab33-5b32-9511-7da1122118f9,suitesparse_all,GHS_indef/c-62ghs,c-62ghs,41731,41731,559343,16,row-major,N,N,1.0,0.0,20260922,main,pass,pass,0,0,17898976.0,0.04152,0.0867327988148,0.128252798815,0.0888087988148,206.36917342215108,139.56012005491294,201.54507479969578,1.0583034534469287,0.7156929233585279,1.0335644861522861,cuSPARSE 12.8.6,CUDA,13040,13000,2026-10-08T09:38:04.526882+00:00,source,csr-alg2,0,0,,,,5,20,4,true
3,full-20261009-A100-SXM4-80GB-spmm-fp32-cusparse-csr-alg2-n16-13.4.1,cuSPARSE-CUDA-13.4.1-SpMM-CSR-ALG2,cuSPARSE CUDA 13.4.1 SpMM CSR ALG2 [cuSPARSE 12.8.6],csr-alg2,cuSPARSE-SpMM-CSR,candidate,,,csr,csr,CUSPARSE_SPMM_CSR_ALG2,library-preprocess,spmm.csr.fp32,fp32,A100-SXM4-80GB,A100-SXM4-80GB,,19500.0,2793479a-b9ba-5e32-964d-96d3a38ca48f,suitesparse_all,GHS_indef/c-68,c-68,64810,64810,566006,16,row-major,N,N,1.0,0.0,20260922,main,pass,pass,0,0,18112192.0,0.13222,0.0959487974644,0.228168797464,0.102559797464,188.7693486384776,79.38066993081166,176.60128479054032,0.9680479417357826,0.407080358619547,0.9056476143104631,cuSPARSE 12.8.6,CUDA,13040,13000,2026-10-07T08:57:05.364599+00:00,source,csr-alg2,0,0,,,,5,20,4,true
3,full-20261009-A100-SXM4-80GB-spmm-fp32-cusparse-csr-alg2-n16-13.4.1,cuSPARSE-CUDA-13.4.1-SpMM-CSR-ALG2,cuSPARSE CUDA 13.4.1 SpMM CSR ALG2 [cuSPARSE 12.8.6],csr-alg2,cuSPARSE-SpMM-CSR,candidate,,,csr,csr,CUSPARSE_SPMM_CSR_ALG2,library-preprocess,spmm.csr.fp32,fp32,A100-SXM4-80GB,A100-SXM4-80GB,,19500.0,238ed034-08d6-5e0f-b7b4-c4d0b9e54f50,suitesparse_all,GHS_indef/copter2,copter2,55476,55476,759952,16,row-major,N,N,1.0,0.0,20260922,main,pass,pass,0,0,24318464.0,0.08146,0.0910336017609,0.172493601761,0.0951066017609,267.13722767855006,140.98183208960214,255.69690799317098,1.3699345009156414,0.722983754305652,1.3112661948367743,cuSPARSE 12.8.6,CUDA,13040,13000,2026-10-07T14:31:39.933412+00:00,source,csr-alg2,0,0,,,,5,20,4,true
3,full-20261009-A100-SXM4-80GB-spmm-fp32-cusparse-csr-alg2-n16-13.4.1,cuSPARSE-CUDA-13.4.1-SpMM-CSR-ALG2,cuSPARSE CUDA 13.4.1 SpMM CSR ALG2 [cuSPARSE 12.8.6],csr-alg2,cuSPARSE-SpMM-CSR,candidate,,,csr,csr,CUSPARSE_SPMM_CSR_ALG2,library-preprocess,spmm.csr.fp32,fp32,A100-SXM4-80GB,A100-SXM4-80GB,,19500.0,df2405bf-ab33-5b32-9511-7da1122118f9,suitesparse_all,GHS_indef/d_pretok,d_pretok,182730,182730,1641672,16,row-major,N,N,1.0,0.0,20260922,main,pass,pass,0,0,52533504.0,0.07504,0.283596801758,0.358636801758,0.287348801758,185.24011439602944,146.48107428598033,182.82137833392733,0.9499493045950227,0.7511849963383607,0.937545529917576,cuSPARSE 12.8.6,CUDA,13040,13000,2026-10-08T09:38:10.301698+00:00,source,csr-alg2,0,0,,,,5,20,4,true
3,full-20261009-A100-SXM4-80GB-spmm-fp32-cusparse-csr-alg2-n16-13.4.1,cuSPARSE-CUDA-13.4.1-SpMM-CSR-ALG2,cuSPARSE CUDA 13.4.1 SpMM CSR ALG2 [cuSPARSE 12.8.6],csr-alg2,cuSPARSE-SpMM-CSR,candidate,,,csr,csr,CUSPARSE_SPMM_CSR_ALG2,library-preprocess,spmm.csr.fp32,fp32,A100-SXM4-80GB,A100-SXM4-80GB,,19500.0,2793479a-b9ba-5e32-964d-96d3a38ca48f,suitesparse_all,GHS_indef/dawson5,dawson5,51537,51537,1010777,16,row-major,N,N,1.0,0.0,20260922,main,pass,pass,0,0,32344864.0,0.03991,0.137215995789,0.177125995789,0.139211495789,235.72225536837115,182.60935587642692,232.3433407326105,1.2088320788121598,0.9364582352637278,1.1915043114492847,cuSPARSE 12.8.6,CUDA,13040,13000,2026-10-07T08:57:09.547553+00:00,source,csr-alg2,0,0,,,,5,20,4,true
3,full-20261009-A100-SXM4-80GB-spmm-fp32-cusparse-csr-alg2-n16-13.4.1,cuSPARSE-CUDA-13.4.1-SpMM-CSR-ALG2,cuSPARSE CUDA 13.4.1 SpMM CSR ALG2 [cuSPARSE 12.8.6],csr-alg2,cuSPARSE-SpMM-CSR,candidate,,,csr,csr,CUSPARSE_SPMM_CSR_ALG2,library-preprocess,spmm.csr.fp32,fp32,A100-SXM4-80GB,A100-SXM4-80GB,,19500.0,238ed034-08d6-5e0f-b7b4-c4d0b9e54f50,suitesparse_all,GHS_indef/dixmaanl,dixmaanl,60000,60000,299998,16,row-major,N,N,1.0,0.0,20260922,main,pass,pass,0,0,9599936.0,0.048809,0.0670207977295,0.115829797729,0.0694612477295,143.23816375248057,82.87967507687782,138.20563715446957,0.7345546859101568,0.4250239747532196,0.708746857202408,cuSPARSE 12.8.6,CUDA,13040,13000,2026-10-07T14:32:50.941863+00:00,source,csr-alg2,0,0,,,,5,20,4,true
3,full-20261009-A100-SXM4-80GB-spmm-fp32-cusparse-csr-alg2-n16-13.4.1,cuSPARSE-CUDA-13.4.1-SpMM-CSR-ALG2,cuSPARSE CUDA 13.4.1 SpMM CSR ALG2 [cuSPARSE 12.8.6],csr-alg2,cuSPARSE-SpMM-CSR,candidate,,,csr,csr,CUSPARSE_SPMM_CSR_ALG2,library-preprocess,spmm.csr.fp32,fp32,A100-SXM4-80GB,A100-SXM4-80GB,,19500.0,238ed034-08d6-5e0f-b7b4-c4d0b9e54f50,suitesparse_all,GHS_indef/k1_san,k1_san,67759,67759,559774,16,row-major,N,N,1.0,0.0,20260922,main,pass,pass,0,0,17912768.0,0.05429,0.0953855991364,0.149675599136,0.0981000991364,187.79321157678115,119.67727607840668,182.59683891953864,0.9630421106501598,0.613729620914906,0.9363940457412238,cuSPARSE 12.8.6,CUDA,13040,13000,2026-10-07T14:31:43.028022+00:00,source,csr-alg2,0,0,,,,5,20,4,true
3,full-20261009-A100-SXM4-80GB-spmm-fp32-cusparse-csr-alg2-n16-13.4.1,cuSPARSE-CUDA-13.4.1-SpMM-CSR-ALG2,cuSPARSE CUDA 13.4.1 SpMM CSR ALG2 [cuSPARSE 12.8.6],csr-alg2,cuSPARSE-SpMM-CSR,candidate,,,csr,csr,CUSPARSE_SPMM_CSR_ALG2,library-preprocess,spmm.csr.fp32,fp32,A100-SXM4-80GB,A100-SXM4-80GB,,19500.0,df2405bf-ab33-5b32-9511-7da1122118f9,suitesparse_all,GHS_indef/laser,laser,3002,3002,9000,16,row-major,N,N,1.0,0.0,20260922,main,pass,pass,0,0,288000.0,0.01298,0.0239616006613,0.0369416006613,0.0246106006613,12.019230437520154,7.796088822477816,11.702274315184757,0.061637079166770026,0.039979942679373416,0.06001166315479363,cuSPARSE 12.8.6,CUDA,13040,13000,2026-10-08T09:38:10.934258+00:00,source,csr-alg2,0,0,,,,5,20,4,true
3,full-20261009-A100-SXM4-80GB-spmm-fp32-cusparse-csr-alg2-n16-13.4.1,cuSPARSE-CUDA-13.4.1-SpMM-CSR-ALG2,cuSPARSE CUDA 13.4.1 SpMM CSR ALG2 [cuSPARSE 12.8.6],csr-alg2,cuSPARSE-SpMM-CSR,candidate,,,csr,csr,CUSPARSE_SPMM_CSR_ALG2,library-preprocess,spmm.csr.fp32,fp32,A100-SXM4-80GB,A100-SXM4-80GB,,19500.0,df2405bf-ab33-5b32-9511-7da1122118f9,suitesparse_all,GHS_indef/linverse,linverse,11999,11999,95977,16,row-major,N,N,1.0,0.0,20260922,main,pass,pass,0,0,3071264.0,0.0168,0.0293375998735,0.0461375998735,0.0301775998735,104.68695507617869,66.56748527059897,101.77297110685677,0.5368561798778394,0.3413717193364049,0.5219126723428552,cuSPARSE 12.8.6,CUDA,13040,13000,2026-10-08T09:38:44.162774+00:00,source,csr-alg2,0,0,,,,5,20,4,true
3,full-20261009-A100-SXM4-80GB-spmm-fp32-cusparse-csr-alg2-n16-13.4.1,cuSPARSE-CUDA-13.4.1-SpMM-CSR-ALG2,cuSPARSE CUDA 13.4.1 SpMM CSR ALG2 [cuSPARSE 12.8.6],csr-alg2,cuSPARSE-SpMM-CSR,candidate,,,csr,csr,CUSPARSE_SPMM_CSR_ALG2,library-preprocess,spmm.csr.fp32,fp32,A100-SXM4-80GB,A100-SXM4-80GB,,19500.0,2793479a-b9ba-5e32-964d-96d3a38ca48f,suitesparse_all,GHS_indef/mario002,mario002,389874,389874,2101242,16,row-major,N,N,1.0,0.0,20260922,main,pass,pass,0,0,67239744.0,0.05013,0.451788806915,0.501918806915,0.454295306915,148.83003512003907,133.96538060265803,148.0088897607317,0.7632309493335337,0.6870019518085027,0.7590199474909318,cuSPARSE 12.8.6,CUDA,13040,13000,2026-10-07T08:57:19.670513+00:00,source,csr-alg2,0,0,,,,5,20,4,true
3,full-20261009-A100-SXM4-80GB-spmm-fp32-cusparse-csr-alg2-n16-13.4.1,cuSPARSE-CUDA-13.4.1-SpMM-CSR-ALG2,cuSPARSE CUDA 13.4.1 SpMM CSR ALG2 [cuSPARSE 12.8.6],csr-alg2,cuSPARSE-SpMM-CSR,candidate,,,csr,csr,CUSPARSE_SPMM_CSR_ALG2,library-preprocess,spmm.csr.fp32,fp32,A100-SXM4-80GB,A100-SXM4-80GB,,19500.0,2793479a-b9ba-5e32-964d-96d3a38ca48f,suitesparse_all,GHS_indef/ncvxqp3,ncvxqp3,75000,75000,499964,16,row-major,N,N,1.0,0.0,20260922,main,pass,pass,0,0,15998848.0,0.04242,0.0937471985817,0.136167198582,0.0958681985817,170.65947827824553,117.4941407813827,166.88378666430867,0.8751768116833104,0.6025340552891421,0.8558142905861984,cuSPARSE 12.8.6,CUDA,13040,13000,2026-10-07T08:58:48.092433+00:00,source,csr-alg2,0,0,,,,5,20,4,true
3,full-20261009-A100-SXM4-80GB-spmm-fp32-cusparse-csr-alg2-n16-13.4.1,cuSPARSE-CUDA-13.4.1-SpMM-CSR-ALG2,cuSPARSE CUDA 13.4.1 SpMM CSR ALG2 [cuSPARSE 12.8.6],csr-alg2,cuSPARSE-SpMM-CSR,candidate,,,csr,csr,CUSPARSE_SPMM_CSR_ALG2,library-preprocess,spmm.csr.fp32,fp32,A100-SXM4-80GB,A100-SXM4-80GB,,19500.0,238ed034-08d6-5e0f-b7b4-c4d0b9e54f50,suitesparse_all,GHS_indef/stokes128,stokes128,49666,49666,558594,16,row-major,N,N,1.0,0.0,20260922,main,pass,pass,0,0,17875008.0,0.08589,0.0715776026249,0.157467602625,0.0758721026249,249.72906809513267,113.51546414641429,235.59394535790432,1.280661887667347,0.5821305853662271,1.2081740787584836,cuSPARSE 12.8.6,CUDA,13040,13000,2026-10-07T14:31:45.946511+00:00,source,csr-alg2,0,0,,,,5,20,4,true
3,full-20261009-A100-SXM4-80GB-spmm-fp32-cusparse-csr-alg2-n16-13.4.1,cuSPARSE-CUDA-13.4.1-SpMM-CSR-ALG2,cuSPARSE CUDA 13.4.1 SpMM CSR ALG2 [cuSPARSE 12.8.6],csr-alg2,cuSPARSE-SpMM-CSR,candidate,,,csr,csr,CUSPARSE_SPMM_CSR_ALG2,library-preprocess,spmm.csr.fp32,fp32,A100-SXM4-80GB,A100-SXM4-80GB,,19500.0,df2405bf-ab33-5b32-9511-7da1122118f9,suitesparse_all,GHS_indef/stokes64,stokes64,12546,12546,140034,16,row-major,N,N,1.0,0.0,20260922,main,pass,pass,0,0,4481088.0,0.01539,0.0351231992245,0.0505131992245,0.0358926992245,127.58199990148509,88.71122931818927,124.84678212613372,0.654266666161462,0.45492938111891934,0.6402399083391473,cuSPARSE 12.8.6,CUDA,13040,13000,2026-10-08T09:38:11.889415+00:00,source,csr-alg2,0,0,,,,5,20,4,true
3,full-20261009-A100-SXM4-80GB-spmm-fp32-cusparse-csr-alg2-n16-13.4.1,cuSPARSE-CUDA-13.4.1-SpMM-CSR-ALG2,cuSPARSE CUDA 13.4.1 SpMM CSR ALG2 [cuSPARSE 12.8.6],csr-alg2,cuSPARSE-SpMM-CSR,candidate,,,csr,csr,CUSPARSE_SPMM_CSR_ALG2,library-preprocess,spmm.csr.fp32,fp32,A100-SXM4-80GB,A100-SXM4-80GB,,19500.0,2793479a-b9ba-5e32-964d-96d3a38ca48f,suitesparse_all,GHS_indef/tuma1,tuma1,22967,22967,87760,16,row-major,N,N,1.0,0.0,20260922,main,pass,pass,0,0,2808320.0,0.02126,0.029183998704,0.050443998704,0.030246998704,96.2280744487248,55.672033783025846,92.8462366624367,0.4934773048652553,0.2854976091437223,0.47613454698685487,cuSPARSE 12.8.6,CUDA,13040,13000,2026-10-07T08:57:21.195509+00:00,source,csr-alg2,0,0,,,,5,20,4,true
3,full-20261009-A100-SXM4-80GB-spmm-fp32-cusparse-csr-alg2-n16-13.4.1,cuSPARSE-CUDA-13.4.1-SpMM-CSR-ALG2,cuSPARSE CUDA 13.4.1 SpMM CSR ALG2 [cuSPARSE 12.8.6],csr-alg2,cuSPARSE-SpMM-CSR,candidate,,,csr,csr,CUSPARSE_SPMM_CSR_ALG2,library-preprocess,spmm.csr.fp32,fp32,A100-SXM4-80GB,A100-SXM4-80GB,,19500.0,238ed034-08d6-5e0f-b7b4-c4d0b9e54f50,suitesparse_all,GHS_psdef/apache1,apache1,80800,80800,542184,16,row-major,N,N,1.0,0.0,20260922,main,pass,pass,0,0,17349888.0,0.045991,0.0979968011379,0.143987801138,0.100296351138,177.0454524896729,120.49554103108787,172.9862333289463,0.9079253973829379,0.6179258514414763,0.8871088888663913,cuSPARSE 12.8.6,CUDA,13040,13000,2026-10-07T14:35:50.581152+00:00,source,csr-alg2,0,0,,,,5,20,4,true
3,full-20261009-A100-SXM4-80GB-spmm-fp32-cusparse-csr-alg2-n16-13.4.1,cuSPARSE-CUDA-13.4.1-SpMM-CSR-ALG2,cuSPARSE CUDA 13.4.1 SpMM CSR ALG2 [cuSPARSE 12.8.6],csr-alg2,cuSPARSE-SpMM-CSR,candidate,,,csr,csr,CUSPARSE_SPMM_CSR_ALG2,library-preprocess,spmm.csr.fp32,fp32,A100-SXM4-80GB,A100-SXM4-80GB,,19500.0,df2405bf-ab33-5b32-9511-7da1122118f9,suitesparse_all,GHS_psdef/apache2,apache2,715176,715176,4817870,16,row-major,N,N,1.0,0.0,20260922,main,pass,pass,0,0,154171840.0,0.455101,0.856780815125,1.31188181512,0.879535865125,179.94315147860436,117.5196105495964,175.2877240294107,0.9227853921979711,0.6026646694851097,0.8989114052790292,cuSPARSE 12.8.6,CUDA,13040,13000,2026-10-08T09:40:31.155415+00:00,source,csr-alg2,0,0,,,,5,20,4,true
3,full-20261009-A100-SXM4-80GB-spmm-fp32-cusparse-csr-alg2-n16-13.4.1,cuSPARSE-CUDA-13.4.1-SpMM-CSR-ALG2,cuSPARSE CUDA 13.4.1 SpMM CSR ALG2 [cuSPARSE 12.8.6],csr-alg2,cuSPARSE-SpMM-CSR,candidate,,,csr,csr,CUSPARSE_SPMM_CSR_ALG2,library-preprocess,spmm.csr.fp32,fp32,A100-SXM4-80GB,A100-SXM4-80GB,,19500.0,238ed034-08d6-5e0f-b7b4-c4d0b9e54f50,suitesparse_all,GHS_psdef/bmwcra_1,bmwcra_1,148770,148770,10644002,16,row-major,N,N,1.0,0.0,20260922,main,pass,pass,0,0,340608064.0,0.37489,1.33754882813,1.71243882813,1.35629332813,254.65093822122162,198.90232480417845,251.1315634573061,1.305902247288316,1.02001192207271,1.2878541715759286,cuSPARSE 12.8.6,CUDA,13040,13000,2026-10-07T14:32:10.218960+00:00,source,csr-alg2,0,0,,,,5,20,4,true
3,full-20261009-A100-SXM4-80GB-spmm-fp32-cusparse-csr-alg2-n16-13.4.1,cuSPARSE-CUDA-13.4.1-SpMM-CSR-ALG2,cuSPARSE CUDA 13.4.1 SpMM CSR ALG2 [cuSPARSE 12.8.6],csr-alg2,cuSPARSE-SpMM-CSR,candidate,,,csr,csr,CUSPARSE_SPMM_CSR_ALG2,library-preprocess,spmm.csr.fp32,fp32,A100-SXM4-80GB,A100-SXM4-80GB,,19500.0,df2405bf-ab33-5b32-9511-7da1122118f9,suitesparse_all,GHS_psdef/copter1,copter1,17222,17222,211064,16,row-major,N,N,1.0,0.0,20260922,main,pass,pass,0,0,6754048.0,0.01871,0.0445439994335,0.0632539994335,0.0454794994335,151.6264387099582,106.77661587392026,148.5075272184064,0.7775714805638881,0.547572389097027,0.7615770626584943,cuSPARSE 12.8.6,CUDA,13040,13000,2026-10-08T09:38:13.109264+00:00,source,csr-alg2,0,0,,,,5,20,4,true
3,full-20261009-A100-SXM4-80GB-spmm-fp32-cusparse-csr-alg2-n16-13.4.1,cuSPARSE-CUDA-13.4.1-SpMM-CSR-ALG2,cuSPARSE CUDA 13.4.1 SpMM CSR ALG2 [cuSPARSE 12.8.6],csr-alg2,cuSPARSE-SpMM-CSR,candidate,,,csr,csr,CUSPARSE_SPMM_CSR_ALG2,library-preprocess,spmm.csr.fp32,fp32,A100-SXM4-80GB,A100-SXM4-80GB,,19500.0,2793479a-b9ba-5e32-964d-96d3a38ca48f,suitesparse_all,GHS_psdef/crankseg_1,crankseg_1,52804,52804,10614210,16,row-major,N,N,1.0,0.0,20260922,main,pass,pass,0,0,339654720.0,0.06591,1.29832963943,1.36423963943,1.30162513943,261.6090010462344,248.96998311961738,260.946650238132,1.34158462074992,1.2767691442031661,1.3381879499391385,cuSPARSE 12.8.6,CUDA,13040,13000,2026-10-07T08:57:45.251327+00:00,source,csr-alg2,0,0,,,,5,20,4,true
3,full-20261009-A100-SXM4-80GB-spmm-fp32-cusparse-csr-alg2-n16-13.4.1,cuSPARSE-CUDA-13.4.1-SpMM-CSR-ALG2,cuSPARSE CUDA 13.4.1 SpMM CSR ALG2 [cuSPARSE 12.8.6],csr-alg2,cuSPARSE-SpMM-CSR,candidate,,,csr,csr,CUSPARSE_SPMM_CSR_ALG2,library-preprocess,spmm.csr.fp32,fp32,A100-SXM4-80GB,A100-SXM4-80GB,,19500.0,238ed034-08d6-5e0f-b7b4-c4d0b9e54f50,suitesparse_all,GHS_psdef/cvxbqp1,cvxbqp1,50000,50000,349968,16,row-major,N,N,1.0,0.0,20260922,main,pass,pass,0,0,11198976.0,0.04736,0.0705536007881,0.117913600788,0.0729216007881,158.7300417683131,94.97611747210516,153.5755644276469,0.8140002141964774,0.4870570126774623,0.7875669970648558,cuSPARSE 12.8.6,CUDA,13040,13000,2026-10-07T14:32:52.872672+00:00,source,csr-alg2,0,0,,,,5,20,4,true
3,full-20261009-A100-SXM4-80GB-spmm-fp32-cusparse-csr-alg2-n16-13.4.1,cuSPARSE-CUDA-13.4.1-SpMM-CSR-ALG2,cuSPARSE CUDA 13.4.1 SpMM CSR ALG2 [cuSPARSE 12.8.6],csr-alg2,cuSPARSE-SpMM-CSR,candidate,,,csr,csr,CUSPARSE_SPMM_CSR_ALG2,library-preprocess,spmm.csr.fp32,fp32,A100-SXM4-80GB,A100-SXM4-80GB,,19500.0,238ed034-08d6-5e0f-b7b4-c4d0b9e54f50,suitesparse_all,GHS_psdef/ford1,ford1,18728,18728,101576,16,row-major,N,N,1.0,0.0,20260922,main,pass,pass,0,0,3250432.0,0.01526,0.0342016011477,0.0494616011477,0.0349646011477,95.0374219605384,65.71627130091699,92.96350861459248,0.4873713946694277,0.337006519491882,0.4767359416132948,cuSPARSE 12.8.6,CUDA,13040,13000,2026-10-07T14:32:11.333830+00:00,source,csr-alg2,0,0,,,,5,20,4,true
3,full-20261009-A100-SXM4-80GB-spmm-fp32-cusparse-csr-alg2-n16-13.4.1,cuSPARSE-CUDA-13.4.1-SpMM-CSR-ALG2,cuSPARSE CUDA 13.4.1 SpMM CSR ALG2 [cuSPARSE 12.8.6],csr-alg2,cuSPARSE-SpMM-CSR,candidate,,,csr,csr,CUSPARSE_SPMM_CSR_ALG2,library-preprocess,spmm.csr.fp32,fp32,A100-SXM4-80GB,A100-SXM4-80GB,,19500.0,df2405bf-ab33-5b32-9511-7da1122118f9,suitesparse_all,GHS_psdef/ford2,ford2,100196,100196,544688,16,row-major,N,N,1.0,0.0,20260922,main,pass,pass,0,0,17430016.0,0.05992,0.105113601685,0.165033601685,0.108109601685,165.8207474636207,105.61495248263871,161.22542057629633,0.8503628075057471,0.5416151409366088,0.8267970285963914,cuSPARSE 12.8.6,CUDA,13040,13000,2026-10-08T09:38:15.825980+00:00,source,csr-alg2,0,0,,,,5,20,4,true
3,full-20261009-A100-SXM4-80GB-spmm-fp32-cusparse-csr-alg2-n16-13.4.1,cuSPARSE-CUDA-13.4.1-SpMM-CSR-ALG2,cuSPARSE CUDA 13.4.1 SpMM CSR ALG2 [cuSPARSE 12.8.6],csr-alg2,cuSPARSE-SpMM-CSR,candidate,,,csr,csr,CUSPARSE_SPMM_CSR_ALG2,library-preprocess,spmm.csr.fp32,fp32,A100-SXM4-80GB,A100-SXM4-80GB,,19500.0,df2405bf-ab33-5b32-9511-7da1122118f9,suitesparse_all,GHS_psdef/gridgena,gridgena,48962,48962,512084,16,row-major,N,N,1.0,0.0,20260922,main,pass,pass,0,0,16386688.0,0.05626,0.0825344026089,0.138794402609,0.0853474026089,198.54372821537766,118.06447300445687,191.99984415566973,1.018172965207065,0.6054588359202916,0.984614585413691,cuSPARSE 12.8.6,CUDA,13040,13000,2026-10-08T09:38:46.220345+00:00,source,csr-alg2,0,0,,,,5,20,4,true
3,full-20261009-A100-SXM4-80GB-spmm-fp32-cusparse-csr-alg2-n16-13.4.1,cuSPARSE-CUDA-13.4.1-SpMM-CSR-ALG2,cuSPARSE CUDA 13.4.1 SpMM CSR ALG2 [cuSPARSE 12.8.6],csr-alg2,cuSPARSE-SpMM-CSR,candidate,,,csr,csr,CUSPARSE_SPMM_CSR_ALG2,library-preprocess,spmm.csr.fp32,fp32,A100-SXM4-80GB,A100-SXM4-80GB,,19500.0,2793479a-b9ba-5e32-964d-96d3a38ca48f,suitesparse_all,GHS_psdef/minsurfo,minsurfo,40806,40806,203622,16,row-major,N,N,1.0,0.0,20260922,main,pass,pass,0,0,6515904.0,0.04352,0.0514047980309,0.0949247980309,0.0535807980309,126.7567279630827,68.64280077666257,121.60893901285837,0.650034502374783,0.3520143629572439,0.623635584681325,cuSPARSE 12.8.6,CUDA,13040,13000,2026-10-07T08:58:49.933193+00:00,source,csr-alg2,0,0,,,,5,20,4,true
3,full-20261009-A100-SXM4-80GB-spmm-fp32-cusparse-csr-alg2-n16-13.4.1,cuSPARSE-CUDA-13.4.1-SpMM-CSR-ALG2,cuSPARSE CUDA 13.4.1 SpMM CSR ALG2 [cuSPARSE 12.8.6],csr-alg2,cuSPARSE-SpMM-CSR,candidate,,,csr,csr,CUSPARSE_SPMM_CSR_ALG2,library-preprocess,spmm.csr.fp32,fp32,A100-SXM4-80GB,A100-SXM4-80GB,,19500.0,238ed034-08d6-5e0f-b7b4-c4d0b9e54f50,suitesparse_all,GHS_psdef/oilpan,oilpan,73752,73752,3597188,16,row-major,N,N,1.0,0.0,20260922,main,pass,pass,0,0,115110016.0,0.10326,0.379084801674,0.482344801674,0.384247801674,303.6524162712033,238.64674316071273,299.5723475801706,1.5571918783138632,1.2238294521062192,1.5362684491290797,cuSPARSE 12.8.6,CUDA,13040,13000,2026-10-07T14:32:20.381955+00:00,source,csr-alg2,0,0,,,,5,20,4,true
3,full-20261009-A100-SXM4-80GB-spmm-fp32-cusparse-csr-alg2-n16-13.4.1,cuSPARSE-CUDA-13.4.1-SpMM-CSR-ALG2,cuSPARSE CUDA 13.4.1 SpMM CSR ALG2 [cuSPARSE 12.8.6],csr-alg2,cuSPARSE-SpMM-CSR,candidate,,,csr,csr,CUSPARSE_SPMM_CSR_ALG2,library-preprocess,spmm.csr.fp32,fp32,A100-SXM4-80GB,A100-SXM4-80GB,,19500.0,df2405bf-ab33-5b32-9511-7da1122118f9,suitesparse_all,GHS_psdef/opt1,opt1,15449,15449,1930655,16,row-major,N,N,1.0,0.0,20260922,main,pass,pass,0,0,61780960.0,0.22166,0.208179211617,0.429839211617,0.219262211617,296.7681524016058,143.73039576261075,281.767476230318,1.5218879610338758,0.7370789526287731,1.4449614165657332,cuSPARSE 12.8.6,CUDA,13040,13000,2026-10-08T09:38:19.480119+00:00,source,csr-alg2,0,0,,,,5,20,4,true
3,full-20261009-A100-SXM4-80GB-spmm-fp32-cusparse-csr-alg2-n16-13.4.1,cuSPARSE-CUDA-13.4.1-SpMM-CSR-ALG2,cuSPARSE CUDA 13.4.1 SpMM CSR ALG2 [cuSPARSE 12.8.6],csr-alg2,cuSPARSE-SpMM-CSR,candidate,,,csr,csr,CUSPARSE_SPMM_CSR_ALG2,library-preprocess,spmm.csr.fp32,fp32,A100-SXM4-80GB,A100-SXM4-80GB,,19500.0,2793479a-b9ba-5e32-964d-96d3a38ca48f,suitesparse_all,GHS_psdef/pwt,pwt,36519,36519,326107,16,row-major,N,N,1.0,0.0,20260922,main,pass,pass,0,0,10435424.0,0.03879,0.0659456014633,0.104735601463,0.0678851014633,158.24291186133945,99.63588172725133,153.72185906861452,0.8115021121094331,0.5109532396269298,0.7883172259928949,cuSPARSE 12.8.6,CUDA,13040,13000,2026-10-07T08:58:16.943249+00:00,source,csr-alg2,0,0,,,,5,20,4,true
3,full-20261009-A100-SXM4-80GB-spmm-fp32-cusparse-csr-alg2-n16-13.4.1,cuSPARSE-CUDA-13.4.1-SpMM-CSR-ALG2,cuSPARSE CUDA 13.4.1 SpMM CSR ALG2 [cuSPARSE 12.8.6],csr-alg2,cuSPARSE-SpMM-CSR,candidate,,,csr,csr,CUSPARSE_SPMM_CSR_ALG2,library-preprocess,spmm.csr.fp32,fp32,A100-SXM4-80GB,A100-SXM4-80GB,,19500.0,df2405bf-ab33-5b32-9511-7da1122118f9,suitesparse_all,GHS_psdef/vanbody,vanbody,47072,47072,2336898,16,row-major,N,N,1.0,0.0,20260922,main,pass,pass,0,0,74780736.0,0.04139,0.273203206062,0.314593206062,0.275272706062,273.71836911397537,237.7061378282347,271.6605546179978,1.4036839441742328,1.219005835016588,1.3931310493230655,cuSPARSE 12.8.6,CUDA,13040,13000,2026-10-08T09:38:42.150761+00:00,source,csr-alg2,0,0,,,,5,20,4,true
3,full-20261009-A100-SXM4-80GB-spmm-fp32-cusparse-csr-alg2-n16-13.4.1,cuSPARSE-CUDA-13.4.1-SpMM-CSR-ALG2,cuSPARSE CUDA 13.4.1 SpMM CSR ALG2 [cuSPARSE 12.8.6],csr-alg2,cuSPARSE-SpMM-CSR,candidate,,,csr,csr,CUSPARSE_SPMM_CSR_ALG2,library-preprocess,spmm.csr.fp32,fp32,A100-SXM4-80GB,A100-SXM4-80GB,,19500.0,2793479a-b9ba-5e32-964d-96d3a38ca48f,suitesparse_all,GHS_psdef/wathen120,wathen120,36441,36441,565761,16,row-major,N,N,1.0,0.0,20260922,main,pass,pass,0,0,18104352.0,0.03336,0.0829439997673,0.116303999767,0.0846119997673,218.2719913531044,155.66405313892665,213.9690829881176,1.1193435454005354,0.7982771955842393,1.0972773486570133,cuSPARSE 12.8.6,CUDA,13040,13000,2026-10-07T08:58:35.354231+00:00,source,csr-alg2,0,0,,,,5,20,4,true
3,full-20261009-A100-SXM4-80GB-spmm-fp32-cusparse-csr-alg2-n16-13.4.1,cuSPARSE-CUDA-13.4.1-SpMM-CSR-ALG2,cuSPARSE CUDA 13.4.1 SpMM CSR ALG2 [cuSPARSE 12.8.6],csr-alg2,cuSPARSE-SpMM-CSR,candidate,,,csr,csr,CUSPARSE_SPMM_CSR_ALG2,library-preprocess,spmm.csr.fp32,fp32,A100-SXM4-80GB,A100-SXM4-80GB,,19500.0,2793479a-b9ba-5e32-964d-96d3a38ca48f,suitesparse_all,Gaertner/big,big,13209,13209,91465,16,row-major,N,N,1.0,0.0,20260922,main,pass,pass,0,0,2926880.0,0.03432,0.0300543993711,0.0643743993711,0.0317703993711,97.38607529167452,45.46652129719104,92.12600590291733,0.499415770726536,0.23316164767790282,0.4724410559123966,cuSPARSE 12.8.6,CUDA,13040,13000,2026-10-07T08:51:46.175211+00:00,source,csr-alg2,0,0,,,,5,20,4,true
3,full-20261009-A100-SXM4-80GB-spmm-fp32-cusparse-csr-alg2-n16-13.4.1,cuSPARSE-CUDA-13.4.1-SpMM-CSR-ALG2,cuSPARSE CUDA 13.4.1 SpMM CSR ALG2 [cuSPARSE 12.8.6],csr-alg2,cuSPARSE-SpMM-CSR,candidate,,,csr,csr,CUSPARSE_SPMM_CSR_ALG2,library-preprocess,spmm.csr.fp32,fp32,A100-SXM4-80GB,A100-SXM4-80GB,,19500.0,238ed034-08d6-5e0f-b7b4-c4d0b9e54f50,suitesparse_all,GenBank/kmer_P1a,kmer_P1a,139353211,139353211,297829984,16,row-major,N,N,1.0,0.0,20260922,main,fail,runtime-error,0,0,9530559488.0,0.0,0.0,0.0,0.0,0.0,0.0,0.0,0.0,0.0,0.0,unknown,,,,2026-10-07T16:19:48.348126+00:00,source,csr-alg2,0,0,Command '['/data1/wangyinshan/qiwu-full-20260930/campaign-a100-cuda134/build/5/90df2368d213815de4f08d09/benchmark']' timed out after 1200 seconds,BenchmarkDriverError,run,5,20,4.0,true
3,full-20261009-A100-SXM4-80GB-spmm-fp32-cusparse-csr-alg2-n16-13.4.1,cuSPARSE-CUDA-13.4.1-SpMM-CSR-ALG2,cuSPARSE CUDA 13.4.1 SpMM CSR ALG2 [cuSPARSE 12.8.6],csr-alg2,cuSPARSE-SpMM-CSR,candidate,,,csr,csr,CUSPARSE_SPMM_CSR_ALG2,library-preprocess,spmm.csr.fp32,fp32,A100-SXM4-80GB,A100-SXM4-80GB,,19500.0,df2405bf-ab33-5b32-9511-7da1122118f9,suitesparse_all,GenBank/kmer_U1a,kmer_U1a,67716231,67716231,138778562,16,row-major,N,N,1.0,0.0,20260922,main,fail,runtime-error,0,0,4440913984.0,0.0,0.0,0.0,0.0,0.0,0.0,0.0,0.0,0.0,0.0,unknown,,,,2026-10-08T12:12:40.993411+00:00,source,csr-alg2,0,0,Command '['/data1/wangyinshan/qiwu-full-20260930/campaign-a100-cuda134/build/6/90df2368d213815de4f08d09/benchmark']' timed out after 1200 seconds,BenchmarkDriverError,run,5,20,4.0,true
3,full-20261009-A100-SXM4-80GB-spmm-fp32-cusparse-csr-alg2-n16-13.4.1,cuSPARSE-CUDA-13.4.1-SpMM-CSR-ALG2,cuSPARSE CUDA 13.4.1 SpMM CSR ALG2 [cuSPARSE 12.8.6],csr-alg2,cuSPARSE-SpMM-CSR,candidate,,,csr,csr,CUSPARSE_SPMM_CSR_ALG2,library-preprocess,spmm.csr.fp32,fp32,A100-SXM4-80GB,A100-SXM4-80GB,,19500.0,2793479a-b9ba-5e32-964d-96d3a38ca48f,suitesparse_all,GenBank/kmer_V2a,kmer_V2a,55042369,55042369,117217600,16,row-major,N,N,1.0,0.0,20260922,main,pass,pass,0,0,3750963200.0,35.275264,29.4548492432,64.7301132432,31.2186124432,127.34620262454591,57.947731157322586,120.15150278778742,0.6530574493566457,0.2971678520888338,0.6161615527578842,cuSPARSE 12.8.6,CUDA,13040,13000,2026-10-07T10:48:00.423762+00:00,source,csr-alg2,0,0,,,,5,20,4,true
3,full-20261009-A100-SXM4-80GB-spmm-fp32-cusparse-csr-alg2-n16-13.4.1,cuSPARSE-CUDA-13.4.1-SpMM-CSR-ALG2,cuSPARSE CUDA 13.4.1 SpMM CSR ALG2 [cuSPARSE 12.8.6],csr-alg2,cuSPARSE-SpMM-CSR,candidate,,,csr,csr,CUSPARSE_SPMM_CSR_ALG2,library-preprocess,spmm.csr.fp32,fp32,A100-SXM4-80GB,A100-SXM4-80GB,,19500.0,2793479a-b9ba-5e32-964d-96d3a38ca48f,suitesparse_all,Gleich/wb-cs-stanford,wb-cs-stanford,9914,9914,36854,16,row-major,N,N,1.0,0.0,20260922,main,pass,pass,0,0,1179328.0,0.0157,0.0516095995903,0.0673095995903,0.0523945995903,22.850942641718426,17.52094808434952,22.508579304389478,0.11718432123958167,0.08985101581717703,0.11542861181738195,cuSPARSE 12.8.6,CUDA,13040,13000,2026-10-07T09:03:43.185069+00:00,source,csr-alg2,0,0,,,,5,20,4,true
3,full-20261009-A100-SXM4-80GB-spmm-fp32-cusparse-csr-alg2-n16-13.4.1,cuSPARSE-CUDA-13.4.1-SpMM-CSR-ALG2,cuSPARSE CUDA 13.4.1 SpMM CSR ALG2 [cuSPARSE 12.8.6],csr-alg2,cuSPARSE-SpMM-CSR,candidate,,,csr,csr,CUSPARSE_SPMM_CSR_ALG2,library-preprocess,spmm.csr.fp32,fp32,A100-SXM4-80GB,A100-SXM4-80GB,,19500.0,238ed034-08d6-5e0f-b7b4-c4d0b9e54f50,suitesparse_all,Gleich/wikipedia-20070206,wikipedia-20070206,3566907,3566907,45030389,16,row-major,N,N,1.0,0.0,20260922,main,pass,pass,0,0,1440972448.0,0.640591,7.95878372192,8.59937472192,7.99081327192,181.05435432694176,167.56711907517283,180.3286347665798,0.9284838683432911,0.8593185593598606,0.9247622295722041,cuSPARSE 12.8.6,CUDA,13040,13000,2026-10-07T14:41:33.868305+00:00,source,csr-alg2,0,0,,,,5,20,4,true
3,full-20261009-A100-SXM4-80GB-spmm-fp32-cusparse-csr-alg2-n16-13.4.1,cuSPARSE-CUDA-13.4.1-SpMM-CSR-ALG2,cuSPARSE CUDA 13.4.1 SpMM CSR ALG2 [cuSPARSE 12.8.6],csr-alg2,cuSPARSE-SpMM-CSR,candidate,,,csr,csr,CUSPARSE_SPMM_CSR_ALG2,library-preprocess,spmm.csr.fp32,fp32,A100-SXM4-80GB,A100-SXM4-80GB,,19500.0,2793479a-b9ba-5e32-964d-96d3a38ca48f,suitesparse_all,Goodwin/Goodwin_010,Goodwin_010,1182,1182,32282,16,row-major,N,N,1.0,0.0,20260922,main,pass,pass,0,0,1033024.0,0.01432,0.0214016005397,0.0357216005397,0.0221176005397,48.26853945263294,28.91874900319558,46.70597057514322,0.2475309715519638,0.14830127693946452,0.2395177978212473,cuSPARSE 12.8.6,CUDA,13040,13000,2026-10-07T10:48:01.079144+00:00,source,csr-alg2,0,0,,,,5,20,4,true
3,full-20261009-A100-SXM4-80GB-spmm-fp32-cusparse-csr-alg2-n16-13.4.1,cuSPARSE-CUDA-13.4.1-SpMM-CSR-ALG2,cuSPARSE CUDA 13.4.1 SpMM CSR ALG2 [cuSPARSE 12.8.6],csr-alg2,cuSPARSE-SpMM-CSR,candidate,,,csr,csr,CUSPARSE_SPMM_CSR_ALG2,library-preprocess,spmm.csr.fp32,fp32,A100-SXM4-80GB,A100-SXM4-80GB,,19500.0,238ed034-08d6-5e0f-b7b4-c4d0b9e54f50,suitesparse_all,Goodwin/Goodwin_040,Goodwin_040,17922,17922,561677,16,row-major,N,N,1.0,0.0,20260922,main,pass,pass,0,0,17973664.0,0.03996,0.0642048001289,0.104164800129,0.0662028001289,279.9426828510546,172.55026628708563,271.49401483025525,1.43560350180028,0.884873160446593,1.392276999129514,cuSPARSE 12.8.6,CUDA,13040,13000,2026-10-07T16:19:51.948117+00:00,source,csr-alg2,0,0,,,,5,20,4,true
3,full-20261009-A100-SXM4-80GB-spmm-fp32-cusparse-csr-alg2-n16-13.4.1,cuSPARSE-CUDA-13.4.1-SpMM-CSR-ALG2,cuSPARSE CUDA 13.4.1 SpMM CSR ALG2 [cuSPARSE 12.8.6],csr-alg2,cuSPARSE-SpMM-CSR,candidate,,,csr,csr,CUSPARSE_SPMM_CSR_ALG2,library-preprocess,spmm.csr.fp32,fp32,A100-SXM4-80GB,A100-SXM4-80GB,,19500.0,df2405bf-ab33-5b32-9511-7da1122118f9,suitesparse_all,Goodwin/Goodwin_054,Goodwin_054,32510,32510,1030878,16,row-major,N,N,1.0,0.0,20260922,main,pass,pass,0,0,32988096.0,0.04704,0.23267519474,0.27971519474,0.23502719474,141.7774509090328,117.93458710980285,140.3586339720952,0.7270638508155528,0.6047927544092454,0.7197878665235651,cuSPARSE 12.8.6,CUDA,13040,13000,2026-10-08T12:12:51.615360+00:00,source,csr-alg2,0,0,,,,5,20,4,true
3,full-20261009-A100-SXM4-80GB-spmm-fp32-cusparse-csr-alg2-n16-13.4.1,cuSPARSE-CUDA-13.4.1-SpMM-CSR-ALG2,cuSPARSE CUDA 13.4.1 SpMM CSR ALG2 [cuSPARSE 12.8.6],csr-alg2,cuSPARSE-SpMM-CSR,candidate,,,csr,csr,CUSPARSE_SPMM_CSR_ALG2,library-preprocess,spmm.csr.fp32,fp32,A100-SXM4-80GB,A100-SXM4-80GB,,19500.0,2793479a-b9ba-5e32-964d-96d3a38ca48f,suitesparse_all,Goodwin/Goodwin_095,Goodwin_095,100037,100037,3226066,16,row-major,N,N,1.0,0.0,20260922,main,pass,pass,0,0,103234112.0,0.05192,0.432076787949,0.483996787949,0.434672787949,238.92538289324904,213.29503536060255,237.49844679053712,1.2252583738115335,1.0938206941569362,1.2179407527719852,cuSPARSE 12.8.6,CUDA,13040,13000,2026-10-07T10:48:10.955030+00:00,source,csr-alg2,0,0,,,,5,20,4,true
3,full-20261009-A100-SXM4-80GB-spmm-fp32-cusparse-csr-alg2-n16-13.4.1,cuSPARSE-CUDA-13.4.1-SpMM-CSR-ALG2,cuSPARSE CUDA 13.4.1 SpMM CSR ALG2 [cuSPARSE 12.8.6],csr-alg2,cuSPARSE-SpMM-CSR,candidate,,,csr,csr,CUSPARSE_SPMM_CSR_ALG2,library-preprocess,spmm.csr.fp32,fp32,A100-SXM4-80GB,A100-SXM4-80GB,,19500.0,238ed034-08d6-5e0f-b7b4-c4d0b9e54f50,suitesparse_all,Goodwin/goodwin,goodwin,7320,7320,324784,16,row-major,N,N,1.0,0.0,20260922,main,pass,pass,0,0,10393088.0,0.01292,0.0521215975285,0.0650415975285,0.0527675975285,199.40079530979602,159.79140111750706,196.95965870696784,1.022568181075877,0.8194430826538824,1.0100495318306044,cuSPARSE 12.8.6,CUDA,13040,13000,2026-10-07T14:27:48.763886+00:00,source,csr-alg2,0,0,,,,5,20,4,true
3,full-20261009-A100-SXM4-80GB-spmm-fp32-cusparse-csr-alg2-n16-13.4.1,cuSPARSE-CUDA-13.4.1-SpMM-CSR-ALG2,cuSPARSE CUDA 13.4.1 SpMM CSR ALG2 [cuSPARSE 12.8.6],csr-alg2,cuSPARSE-SpMM-CSR,candidate,,,csr,csr,CUSPARSE_SPMM_CSR_ALG2,library-preprocess,spmm.csr.fp32,fp32,A100-SXM4-80GB,A100-SXM4-80GB,,19500.0,df2405bf-ab33-5b32-9511-7da1122118f9,suitesparse_all,Goodwin/rim,rim,22560,22560,1014951,16,row-major,N,N,1.0,0.0,20260922,main,pass,pass,0,0,32478432.0,0.04253,0.122931194305,0.165461194305,0.125057694305,264.2000851258223,196.29032738716637,259.70758681020607,1.3548722314144732,1.0066170635239302,1.3318337785138774,cuSPARSE 12.8.6,CUDA,13040,13000,2026-10-08T09:34:15.935446+00:00,source,csr-alg2,0,0,,,,5,20,4,true
3,full-20261009-A100-SXM4-80GB-spmm-fp32-cusparse-csr-alg2-n16-13.4.1,cuSPARSE-CUDA-13.4.1-SpMM-CSR-ALG2,cuSPARSE CUDA 13.4.1 SpMM CSR ALG2 [cuSPARSE 12.8.6],csr-alg2,cuSPARSE-SpMM-CSR,candidate,,,csr,csr,CUSPARSE_SPMM_CSR_ALG2,library-preprocess,spmm.csr.fp32,fp32,A100-SXM4-80GB,A100-SXM4-80GB,,19500.0,238ed034-08d6-5e0f-b7b4-c4d0b9e54f50,suitesparse_all,Grueninger/windtunnel_evap2d,windtunnel_evap2d,8256,8256,233468,16,row-major,N,N,1.0,0.0,20260922,main,pass,pass,0,0,7470976.0,0.04828,0.0353951990604,0.0836751990604,0.0378091990604,211.07314546391396,89.28542846497635,197.59678029849704,1.0824263869944306,0.45787399212808383,1.0133168220435746,cuSPARSE 12.8.6,CUDA,13040,13000,2026-10-07T16:19:49.706546+00:00,source,csr-alg2,0,0,,,,5,20,4,true
3,full-20261009-A100-SXM4-80GB-spmm-fp32-cusparse-csr-alg2-n16-13.4.1,cuSPARSE-CUDA-13.4.1-SpMM-CSR-ALG2,cuSPARSE CUDA 13.4.1 SpMM CSR ALG2 [cuSPARSE 12.8.6],csr-alg2,cuSPARSE-SpMM-CSR,candidate,,,csr,csr,CUSPARSE_SPMM_CSR_ALG2,library-preprocess,spmm.csr.fp32,fp32,A100-SXM4-80GB,A100-SXM4-80GB,,19500.0,df2405bf-ab33-5b32-9511-7da1122118f9,suitesparse_all,Grueninger/windtunnel_evap3d,windtunnel_evap3d,40816,40816,2730600,16,row-major,N,N,1.0,0.0,20260922,main,pass,pass,0,0,87379200.0,0.04797,0.544665622711,0.592635622711,0.547064122711,160.4272352734174,147.4416937683995,159.72387216143616,0.8227037706329097,0.7561112500943563,0.8190967803150573,cuSPARSE 12.8.6,CUDA,13040,13000,2026-10-08T12:12:48.091811+00:00,source,csr-alg2,0,0,,,,5,20,4,true
3,full-20261009-A100-SXM4-80GB-spmm-fp32-cusparse-csr-alg2-n16-13.4.1,cuSPARSE-CUDA-13.4.1-SpMM-CSR-ALG2,cuSPARSE CUDA 13.4.1 SpMM CSR ALG2 [cuSPARSE 12.8.6],csr-alg2,cuSPARSE-SpMM-CSR,candidate,,,csr,csr,CUSPARSE_SPMM_CSR_ALG2,library-preprocess,spmm.csr.fp32,fp32,A100-SXM4-80GB,A100-SXM4-80GB,,19500.0,2793479a-b9ba-5e32-964d-96d3a38ca48f,suitesparse_all,Grund/b1_ss,b1_ss,7,7,15,16,row-major,N,N,1.0,0.0,20260922,main,pass,pass,0,0,480.0,0.01424,0.014591999352,0.028831999352,0.015303999352,0.03289473830289134,0.016648169075610904,0.03136435051777961,0.000168690965655853,8.537522602877386e-05,0.00016084282316810057,cuSPARSE 12.8.6,CUDA,13040,13000,2026-10-07T08:51:46.962189+00:00,source,csr-alg2,0,0,,,,5,20,4,true
3,full-20261009-A100-SXM4-80GB-spmm-fp32-cusparse-csr-alg2-n16-13.4.1,cuSPARSE-CUDA-13.4.1-SpMM-CSR-ALG2,cuSPARSE CUDA 13.4.1 SpMM CSR ALG2 [cuSPARSE 12.8.6],csr-alg2,cuSPARSE-SpMM-CSR,candidate,,,csr,csr,CUSPARSE_SPMM_CSR_ALG2,library-preprocess,spmm.csr.fp32,fp32,A100-SXM4-80GB,A100-SXM4-80GB,,19500.0,238ed034-08d6-5e0f-b7b4-c4d0b9e54f50,suitesparse_all,Grund/bayer03,bayer03,6747,6747,56196,16,row-major,N,N,1.0,0.0,20260922,main,pass,pass,0,0,1798272.0,0.01318,0.0238591998816,0.0370391998816,0.0245181998816,75.37017204784019,48.55050880549202,73.344373105855,0.38651370280943687,0.24897696823329243,0.37612499028643587,cuSPARSE 12.8.6,CUDA,13040,13000,2026-10-07T14:27:49.773707+00:00,source,csr-alg2,0,0,,,,5,20,4,true
3,full-20261009-A100-SXM4-80GB-spmm-fp32-cusparse-csr-alg2-n16-13.4.1,cuSPARSE-CUDA-13.4.1-SpMM-CSR-ALG2,cuSPARSE CUDA 13.4.1 SpMM CSR ALG2 [cuSPARSE 12.8.6],csr-alg2,cuSPARSE-SpMM-CSR,candidate,,,csr,csr,CUSPARSE_SPMM_CSR_ALG2,library-preprocess,spmm.csr.fp32,fp32,A100-SXM4-80GB,A100-SXM4-80GB,,19500.0,df2405bf-ab33-5b32-9511-7da1122118f9,suitesparse_all,Grund/bayer04,bayer04,20545,20545,159082,16,row-major,N,N,1.0,0.0,20260922,main,pass,pass,0,0,5090624.0,0.02241,0.0443904012442,0.0668004012442,0.0455109012442,114.67848582840045,76.20648836210391,111.85504705092517,0.5880947991200023,0.3908025044210457,0.5736156259021803,cuSPARSE 12.8.6,CUDA,13040,13000,2026-10-08T09:34:17.285495+00:00,source,csr-alg2,0,0,,,,5,20,4,true
3,full-20261009-A100-SXM4-80GB-spmm-fp32-cusparse-csr-alg2-n16-13.4.1,cuSPARSE-CUDA-13.4.1-SpMM-CSR-ALG2,cuSPARSE CUDA 13.4.1 SpMM CSR ALG2 [cuSPARSE 12.8.6],csr-alg2,cuSPARSE-SpMM-CSR,candidate,,,csr,csr,CUSPARSE_SPMM_CSR_ALG2,library-preprocess,spmm.csr.fp32,fp32,A100-SXM4-80GB,A100-SXM4-80GB,,19500.0,2793479a-b9ba-5e32-964d-96d3a38ca48f,suitesparse_all,Grund/bayer06,bayer06,3008,3008,27576,16,row-major,N,N,1.0,0.0,20260922,main,pass,pass,0,0,882432.0,0.0137,0.026419198513,0.040119198513,0.027104198513,33.401164670676316,21.995254957899068,32.557022469295994,0.17128802395218623,0.11279617927127726,0.1669590895861333,cuSPARSE 12.8.6,CUDA,13040,13000,2026-10-07T08:51:47.661679+00:00,source,csr-alg2,0,0,,,,5,20,4,true
3,full-20261009-A100-SXM4-80GB-spmm-fp32-cusparse-csr-alg2-n16-13.4.1,cuSPARSE-CUDA-13.4.1-SpMM-CSR-ALG2,cuSPARSE CUDA 13.4.1 SpMM CSR ALG2 [cuSPARSE 12.8.6],csr-alg2,cuSPARSE-SpMM-CSR,candidate,,,csr,csr,CUSPARSE_SPMM_CSR_ALG2,library-preprocess,spmm.csr.fp32,fp32,A100-SXM4-80GB,A100-SXM4-80GB,,19500.0,238ed034-08d6-5e0f-b7b4-c4d0b9e54f50,suitesparse_all,Grund/d_dyn,d_dyn,87,87,238,16,row-major,N,N,1.0,0.0,20260922,main,pass,pass,0,0,7616.0,0.01315,0.0154111996293,0.0285611996293,0.0160686996293,0.4941860583987472,0.2666554661165911,0.47396492408837043,0.0025342874789679344,0.0013674639288030312,0.0024305893542993355,cuSPARSE 12.8.6,CUDA,13040,13000,2026-10-07T14:27:50.513912+00:00,source,csr-alg2,0,0,,,,5,20,4,true
3,full-20261009-A100-SXM4-80GB-spmm-fp32-cusparse-csr-alg2-n16-13.4.1,cuSPARSE-CUDA-13.4.1-SpMM-CSR-ALG2,cuSPARSE CUDA 13.4.1 SpMM CSR ALG2 [cuSPARSE 12.8.6],csr-alg2,cuSPARSE-SpMM-CSR,candidate,,,csr,csr,CUSPARSE_SPMM_CSR_ALG2,library-preprocess,spmm.csr.fp32,fp32,A100-SXM4-80GB,A100-SXM4-80GB,,19500.0,df2405bf-ab33-5b32-9511-7da1122118f9,suitesparse_all,Grund/d_dyn1,d_dyn1,87,87,238,16,row-major,N,N,1.0,0.0,20260922,main,pass,pass,0,0,7616.0,0.017589,0.0188927993178,0.0364817993178,0.0197722493178,0.40311654572144456,0.2087616329900714,0.38518632238486306,0.002067264337033049,0.001070572476872161,0.0019753144737685285,cuSPARSE 12.8.6,CUDA,13040,13000,2026-10-08T09:34:17.900182+00:00,source,csr-alg2,0,0,,,,5,20,4,true
3,full-20261009-A100-SXM4-80GB-spmm-fp32-cusparse-csr-alg2-n16-13.4.1,cuSPARSE-CUDA-13.4.1-SpMM-CSR-ALG2,cuSPARSE CUDA 13.4.1 SpMM CSR ALG2 [cuSPARSE 12.8.6],csr-alg2,cuSPARSE-SpMM-CSR,candidate,,,csr,csr,CUSPARSE_SPMM_CSR_ALG2,library-preprocess,spmm.csr.fp32,fp32,A100-SXM4-80GB,A100-SXM4-80GB,,19500.0,2793479a-b9ba-5e32-964d-96d3a38ca48f,suitesparse_all,Grund/meg1,meg1,2904,2904,58142,16,row-major,N,N,1.0,0.0,20260922,main,pass,pass,0,0,1860544.0,0.01814,0.0281087994576,0.0462487994576,0.0290157994576,66.19080273444229,40.229022630213585,64.12175555316897,0.33944001402278096,0.20630268015494144,0.32882951565727675,cuSPARSE 12.8.6,CUDA,13040,13000,2026-10-07T08:51:49.014127+00:00,source,csr-alg2,0,0,,,,5,20,4,true
3,full-20261009-A100-SXM4-80GB-spmm-fp32-cusparse-csr-alg2-n16-13.4.1,cuSPARSE-CUDA-13.4.1-SpMM-CSR-ALG2,cuSPARSE CUDA 13.4.1 SpMM CSR ALG2 [cuSPARSE 12.8.6],csr-alg2,cuSPARSE-SpMM-CSR,candidate,,,csr,csr,CUSPARSE_SPMM_CSR_ALG2,library-preprocess,spmm.csr.fp32,fp32,A100-SXM4-80GB,A100-SXM4-80GB,,19500.0,238ed034-08d6-5e0f-b7b4-c4d0b9e54f50,suitesparse_all,Grund/poli3,poli3,16955,16955,37849,16,row-major,N,N,1.0,0.0,20260922,main,pass,pass,0,0,1211168.0,0.02334,0.0265215992928,0.0498615992928,0.0276885992928,45.66723094744909,24.29059671527408,43.74247997134856,0.23419092793563637,0.12456716264243117,0.22432041010947978,cuSPARSE 12.8.6,CUDA,13040,13000,2026-10-07T14:50:11.892305+00:00,source,csr-alg2,0,0,,,,5,20,4,true
3,full-20261009-A100-SXM4-80GB-spmm-fp32-cusparse-csr-alg2-n16-13.4.1,cuSPARSE-CUDA-13.4.1-SpMM-CSR-ALG2,cuSPARSE CUDA 13.4.1 SpMM CSR ALG2 [cuSPARSE 12.8.6],csr-alg2,cuSPARSE-SpMM-CSR,candidate,,,csr,csr,CUSPARSE_SPMM_CSR_ALG2,library-preprocess,spmm.csr.fp32,fp32,A100-SXM4-80GB,A100-SXM4-80GB,,19500.0,df2405bf-ab33-5b32-9511-7da1122118f9,suitesparse_all,Grund/poli4,poli4,33833,33833,73249,16,row-major,N,N,1.0,0.0,20260922,main,pass,pass,0,0,2343968.0,0.02805,0.0388608008623,0.0669108008623,0.0402633008623,60.31702764710523,35.03123516371895,58.21599197781479,0.30931809049797554,0.1796473598139433,0.29854354860417837,cuSPARSE 12.8.6,CUDA,13040,13000,2026-10-08T10:00:20.301826+00:00,source,csr-alg2,0,0,,,,5,20,4,true
3,full-20261009-A100-SXM4-80GB-spmm-fp32-cusparse-csr-alg2-n16-13.4.1,cuSPARSE-CUDA-13.4.1-SpMM-CSR-ALG2,cuSPARSE CUDA 13.4.1 SpMM CSR ALG2 [cuSPARSE 12.8.6],csr-alg2,cuSPARSE-SpMM-CSR,candidate,,,csr,csr,CUSPARSE_SPMM_CSR_ALG2,library-preprocess,spmm.csr.fp32,fp32,A100-SXM4-80GB,A100-SXM4-80GB,,19500.0,238ed034-08d6-5e0f-b7b4-c4d0b9e54f50,suitesparse_all,Gset/G10,G10,800,800,38352,16,row-major,N,N,1.0,0.0,20260922,main,pass,pass,0,0,1227264.0,0.01396,0.0172031998634,0.0311631998634,0.0179011998634,71.33928628074698,39.381835157479294,68.55763911720854,0.3658424937474204,0.20195812901271432,0.3515776364985053,cuSPARSE 12.8.6,CUDA,13040,13000,2026-10-07T14:27:51.345852+00:00,source,csr-alg2,0,0,,,,5,20,4,true
3,full-20261009-A100-SXM4-80GB-spmm-fp32-cusparse-csr-alg2-n16-13.4.1,cuSPARSE-CUDA-13.4.1-SpMM-CSR-ALG2,cuSPARSE CUDA 13.4.1 SpMM CSR ALG2 [cuSPARSE 12.8.6],csr-alg2,cuSPARSE-SpMM-CSR,candidate,,,csr,csr,CUSPARSE_SPMM_CSR_ALG2,library-preprocess,spmm.csr.fp32,fp32,A100-SXM4-80GB,A100-SXM4-80GB,,19500.0,df2405bf-ab33-5b32-9511-7da1122118f9,suitesparse_all,Gset/G11,G11,800,800,3200,16,row-major,N,N,1.0,0.0,20260922,main,pass,pass,0,0,102400.0,0.01379,0.0155647993088,0.0293547993088,0.0162542993088,6.578947660578268,3.4883563305201157,6.299871686536567,0.03373819313117061,0.017889006823180082,0.03230703428993111,cuSPARSE 12.8.6,CUDA,13040,13000,2026-10-08T09:34:18.487084+00:00,source,csr-alg2,0,0,,,,5,20,4,true
3,full-20261009-A100-SXM4-80GB-spmm-fp32-cusparse-csr-alg2-n16-13.4.1,cuSPARSE-CUDA-13.4.1-SpMM-CSR-ALG2,cuSPARSE CUDA 13.4.1 SpMM CSR ALG2 [cuSPARSE 12.8.6],csr-alg2,cuSPARSE-SpMM-CSR,candidate,,,csr,csr,CUSPARSE_SPMM_CSR_ALG2,library-preprocess,spmm.csr.fp32,fp32,A100-SXM4-80GB,A100-SXM4-80GB,,19500.0,2793479a-b9ba-5e32-964d-96d3a38ca48f,suitesparse_all,Gset/G13,G13,800,800,3200,16,row-major,N,N,1.0,0.0,20260922,main,pass,pass,0,0,102400.0,0.0136,0.0206336006522,0.0342336006522,0.0213136006522,4.962778999460856,2.99121325391226,4.804443963785641,0.02545014871518388,0.015339555148267998,0.024638174173259694,cuSPARSE 12.8.6,CUDA,13040,13000,2026-10-07T08:51:49.802618+00:00,source,csr-alg2,0,0,,,,5,20,4,true
3,full-20261009-A100-SXM4-80GB-spmm-fp32-cusparse-csr-alg2-n16-13.4.1,cuSPARSE-CUDA-13.4.1-SpMM-CSR-ALG2,cuSPARSE CUDA 13.4.1 SpMM CSR ALG2 [cuSPARSE 12.8.6],csr-alg2,cuSPARSE-SpMM-CSR,candidate,,,csr,csr,CUSPARSE_SPMM_CSR_ALG2,library-preprocess,spmm.csr.fp32,fp32,A100-SXM4-80GB,A100-SXM4-80GB,,19500.0,238ed034-08d6-5e0f-b7b4-c4d0b9e54f50,suitesparse_all,Gset/G18,G18,800,800,9388,16,row-major,N,N,1.0,0.0,20260922,main,pass,pass,0,0,300416.0,0.01174,0.0173056006432,0.0290456006432,0.0178926006432,17.359466810419224,10.342908851855048,16.78995725611144,0.08902290672009859,0.05304055821464127,0.08610234490313559,cuSPARSE 12.8.6,CUDA,13040,13000,2026-10-07T14:27:52.127452+00:00,source,csr-alg2,0,0,,,,5,20,4,true
3,full-20261009-A100-SXM4-80GB-spmm-fp32-cusparse-csr-alg2-n16-13.4.1,cuSPARSE-CUDA-13.4.1-SpMM-CSR-ALG2,cuSPARSE CUDA 13.4.1 SpMM CSR ALG2 [cuSPARSE 12.8.6],csr-alg2,cuSPARSE-SpMM-CSR,candidate,,,csr,csr,CUSPARSE_SPMM_CSR_ALG2,library-preprocess,spmm.csr.fp32,fp32,A100-SXM4-80GB,A100-SXM4-80GB,,19500.0,df2405bf-ab33-5b32-9511-7da1122118f9,suitesparse_all,Gset/G19,G19,800,800,9322,16,row-major,N,N,1.0,0.0,20260922,main,pass,pass,0,0,298304.0,0.01431,0.0172176003456,0.0315276003456,0.0179331003456,17.32552701957868,9.461677918079527,16.634268155042736,0.0888488565106599,0.04852142522092065,0.08530393925662941,cuSPARSE 12.8.6,CUDA,13040,13000,2026-10-08T09:34:19.098676+00:00,source,csr-alg2,0,0,,,,5,20,4,true
3,full-20261009-A100-SXM4-80GB-spmm-fp32-cusparse-csr-alg2-n16-13.4.1,cuSPARSE-CUDA-13.4.1-SpMM-CSR-ALG2,cuSPARSE CUDA 13.4.1 SpMM CSR ALG2 [cuSPARSE 12.8.6],csr-alg2,cuSPARSE-SpMM-CSR,candidate,,,csr,csr,CUSPARSE_SPMM_CSR_ALG2,library-preprocess,spmm.csr.fp32,fp32,A100-SXM4-80GB,A100-SXM4-80GB,,19500.0,2793479a-b9ba-5e32-964d-96d3a38ca48f,suitesparse_all,Gset/G20,G20,800,800,9344,16,row-major,N,N,1.0,0.0,20260922,main,pass,pass,0,0,299008.0,0.01348,0.02129919976,0.03477919976,0.02197319976,14.038461696647328,8.597322596936026,13.607849710824274,0.07199211126485809,0.044088833830441154,0.06978384467089371,cuSPARSE 12.8.6,CUDA,13040,13000,2026-10-07T08:51:50.550138+00:00,source,csr-alg2,0,0,,,,5,20,4,true
3,full-20261009-A100-SXM4-80GB-spmm-fp32-cusparse-csr-alg2-n16-13.4.1,cuSPARSE-CUDA-13.4.1-SpMM-CSR-ALG2,cuSPARSE CUDA 13.4.1 SpMM CSR ALG2 [cuSPARSE 12.8.6],csr-alg2,cuSPARSE-SpMM-CSR,candidate,,,csr,csr,CUSPARSE_SPMM_CSR_ALG2,library-preprocess,spmm.csr.fp32,fp32,A100-SXM4-80GB,A100-SXM4-80GB,,19500.0,238ed034-08d6-5e0f-b7b4-c4d0b9e54f50,suitesparse_all,Gset/G25,G25,2000,2000,39980,16,row-major,N,N,1.0,0.0,20260922,main,pass,pass,0,0,1279360.0,0.014809,0.017919999361,0.032728999361,0.018660449361,71.39285968861816,39.08949326218907,68.55997812538422,0.3661172291724008,0.2004589398060978,0.35158963141222677,cuSPARSE 12.8.6,CUDA,13040,13000,2026-10-07T14:27:53.322851+00:00,source,csr-alg2,0,0,,,,5,20,4,true
3,full-20261009-A100-SXM4-80GB-spmm-fp32-cusparse-csr-alg2-n16-13.4.1,cuSPARSE-CUDA-13.4.1-SpMM-CSR-ALG2,cuSPARSE CUDA 13.4.1 SpMM CSR ALG2 [cuSPARSE 12.8.6],csr-alg2,cuSPARSE-SpMM-CSR,candidate,,,csr,csr,CUSPARSE_SPMM_CSR_ALG2,library-preprocess,spmm.csr.fp32,fp32,A100-SXM4-80GB,A100-SXM4-80GB,,19500.0,df2405bf-ab33-5b32-9511-7da1122118f9,suitesparse_all,Gset/G26,G26,2000,2000,39980,16,row-major,N,N,1.0,0.0,20260922,main,pass,pass,0,0,1279360.0,0.014531,0.0178031995893,0.0323341995893,0.0185297495893,71.86124008680527,39.56677500139402,69.04356660808662,0.3685191799323347,0.20290653846868728,0.35406957234916214,cuSPARSE 12.8.6,CUDA,13040,13000,2026-10-08T09:34:19.736823+00:00,source,csr-alg2,0,0,,,,5,20,4,true
3,full-20261009-A100-SXM4-80GB-spmm-fp32-cusparse-csr-alg2-n16-13.4.1,cuSPARSE-CUDA-13.4.1-SpMM-CSR-ALG2,cuSPARSE CUDA 13.4.1 SpMM CSR ALG2 [cuSPARSE 12.8.6],csr-alg2,cuSPARSE-SpMM-CSR,candidate,,,csr,csr,CUSPARSE_SPMM_CSR_ALG2,library-preprocess,spmm.csr.fp32,fp32,A100-SXM4-80GB,A100-SXM4-80GB,,19500.0,2793479a-b9ba-5e32-964d-96d3a38ca48f,suitesparse_all,Gset/G28,G28,2000,2000,39980,16,row-major,N,N,1.0,0.0,20260922,main,pass,pass,0,0,1279360.0,0.01484,0.0223232001066,0.0371632001066,0.0230652001066,57.31077954283754,34.425453037689074,55.4671103691798,0.293901433553013,0.17654078480866192,0.2844467198419477,cuSPARSE 12.8.6,CUDA,13040,13000,2026-10-07T08:51:51.818269+00:00,source,csr-alg2,0,0,,,,5,20,4,true
3,full-20261009-A100-SXM4-80GB-spmm-fp32-cusparse-csr-alg2-n16-13.4.1,cuSPARSE-CUDA-13.4.1-SpMM-CSR-ALG2,cuSPARSE CUDA 13.4.1 SpMM CSR ALG2 [cuSPARSE 12.8.6],csr-alg2,cuSPARSE-SpMM-CSR,candidate,,,csr,csr,CUSPARSE_SPMM_CSR_ALG2,library-preprocess,spmm.csr.fp32,fp32,A100-SXM4-80GB,A100-SXM4-80GB,,19500.0,238ed034-08d6-5e0f-b7b4-c4d0b9e54f50,suitesparse_all,Gset/G32,G32,2000,2000,8000,16,row-major,N,N,1.0,0.0,20260922,main,pass,pass,0,0,256000.0,0.01209,0.0174079999328,0.0294979999328,0.0180124999328,14.705882409710206,8.678554498040507,14.212352585985847,0.07541478158825747,0.04450540768225901,0.07288385941531203,cuSPARSE 12.8.6,CUDA,13040,13000,2026-10-07T14:27:54.027908+00:00,source,csr-alg2,0,0,,,,5,20,4,true
3,full-20261009-A100-SXM4-80GB-spmm-fp32-cusparse-csr-alg2-n16-13.4.1,cuSPARSE-CUDA-13.4.1-SpMM-CSR-ALG2,cuSPARSE CUDA 13.4.1 SpMM CSR ALG2 [cuSPARSE 12.8.6],csr-alg2,cuSPARSE-SpMM-CSR,candidate,,,csr,csr,CUSPARSE_SPMM_CSR_ALG2,library-preprocess,spmm.csr.fp32,fp32,A100-SXM4-80GB,A100-SXM4-80GB,,19500.0,df2405bf-ab33-5b32-9511-7da1122118f9,suitesparse_all,Gset/G33,G33,2000,2000,8000,16,row-major,N,N,1.0,0.0,20260922,main,pass,pass,0,0,256000.0,0.01397,0.0176128000021,0.0315828000021,0.0183113000021,14.53488371919722,8.105677773439279,13.980438306982085,0.07453786522665241,0.04156757832532964,0.07169455542042096,cuSPARSE 12.8.6,CUDA,13040,13000,2026-10-08T09:34:20.523370+00:00,source,csr-alg2,0,0,,,,5,20,4,true
3,full-20261009-A100-SXM4-80GB-spmm-fp32-cusparse-csr-alg2-n16-13.4.1,cuSPARSE-CUDA-13.4.1-SpMM-CSR-ALG2,cuSPARSE CUDA 13.4.1 SpMM CSR ALG2 [cuSPARSE 12.8.6],csr-alg2,cuSPARSE-SpMM-CSR,candidate,,,csr,csr,CUSPARSE_SPMM_CSR_ALG2,library-preprocess,spmm.csr.fp32,fp32,A100-SXM4-80GB,A100-SXM4-80GB,,19500.0,2793479a-b9ba-5e32-964d-96d3a38ca48f,suitesparse_all,Gset/G35,G35,2000,2000,23556,16,row-major,N,N,1.0,0.0,20260922,main,pass,pass,0,0,753792.0,0.02221,0.0222719997168,0.0444819997168,0.0233824997168,33.844828016561394,16.946000737356847,32.2374429222557,0.17356322059775073,0.08690256788388127,0.1653202201141318,cuSPARSE 12.8.6,CUDA,13040,13000,2026-10-07T08:51:53.191904+00:00,source,csr-alg2,0,0,,,,5,20,4,true
3,full-20261009-A100-SXM4-80GB-spmm-fp32-cusparse-csr-alg2-n16-13.4.1,cuSPARSE-CUDA-13.4.1-SpMM-CSR-ALG2,cuSPARSE CUDA 13.4.1 SpMM CSR ALG2 [cuSPARSE 12.8.6],csr-alg2,cuSPARSE-SpMM-CSR,candidate,,,csr,csr,CUSPARSE_SPMM_CSR_ALG2,library-preprocess,spmm.csr.fp32,fp32,A100-SXM4-80GB,A100-SXM4-80GB,,19500.0,238ed034-08d6-5e0f-b7b4-c4d0b9e54f50,suitesparse_all,Gset/G4,G4,800,800,38352,16,row-major,N,N,1.0,0.0,20260922,main,pass,pass,0,0,1227264.0,0.01232,0.0175615996122,0.0298815996122,0.0181775996122,69.88338346738202,41.070893657879516,67.51518496294277,0.3583763254737539,0.21061996747630524,0.34623171775868083,cuSPARSE 12.8.6,CUDA,13040,13000,2026-10-07T14:27:54.643975+00:00,source,csr-alg2,0,0,,,,5,20,4,true
3,full-20261009-A100-SXM4-80GB-spmm-fp32-cusparse-csr-alg2-n16-13.4.1,cuSPARSE-CUDA-13.4.1-SpMM-CSR-ALG2,cuSPARSE CUDA 13.4.1 SpMM CSR ALG2 [cuSPARSE 12.8.6],csr-alg2,cuSPARSE-SpMM-CSR,candidate,,,csr,csr,CUSPARSE_SPMM_CSR_ALG2,library-preprocess,spmm.csr.fp32,fp32,A100-SXM4-80GB,A100-SXM4-80GB,,19500.0,df2405bf-ab33-5b32-9511-7da1122118f9,suitesparse_all,Gset/G40,G40,2000,2000,23532,16,row-major,N,N,1.0,0.0,20260922,main,pass,pass,0,0,753024.0,0.013829,0.0221696004272,0.0359986004272,0.0228610504272,33.966512047556385,20.918146568582323,32.93916884519246,0.17418724126951993,0.10727254650555038,0.16891881459073058,cuSPARSE 12.8.6,CUDA,13040,13000,2026-10-08T09:34:21.125665+00:00,source,csr-alg2,0,0,,,,5,20,4,true
3,full-20261009-A100-SXM4-80GB-spmm-fp32-cusparse-csr-alg2-n16-13.4.1,cuSPARSE-CUDA-13.4.1-SpMM-CSR-ALG2,cuSPARSE CUDA 13.4.1 SpMM CSR ALG2 [cuSPARSE 12.8.6],csr-alg2,cuSPARSE-SpMM-CSR,candidate,,,csr,csr,CUSPARSE_SPMM_CSR_ALG2,library-preprocess,spmm.csr.fp32,fp32,A100-SXM4-80GB,A100-SXM4-80GB,,19500.0,2793479a-b9ba-5e32-964d-96d3a38ca48f,suitesparse_all,Gset/G42,G42,2000,2000,23558,16,row-major,N,N,1.0,0.0,20260922,main,pass,pass,0,0,753856.0,0.04584,0.0224255993962,0.0682655993962,0.0247175993962,33.615868485002025,11.042985144315063,30.498754669350912,0.17238906915385654,0.056630693047769555,0.15640387009923545,cuSPARSE 12.8.6,CUDA,13040,13000,2026-10-07T08:51:55.258486+00:00,source,csr-alg2,0,0,,,,5,20,4,true
3,full-20261009-A100-SXM4-80GB-spmm-fp32-cusparse-csr-alg2-n16-13.4.1,cuSPARSE-CUDA-13.4.1-SpMM-CSR-ALG2,cuSPARSE CUDA 13.4.1 SpMM CSR ALG2 [cuSPARSE 12.8.6],csr-alg2,cuSPARSE-SpMM-CSR,candidate,,,csr,csr,CUSPARSE_SPMM_CSR_ALG2,library-preprocess,spmm.csr.fp32,fp32,A100-SXM4-80GB,A100-SXM4-80GB,,19500.0,238ed034-08d6-5e0f-b7b4-c4d0b9e54f50,suitesparse_all,Gset/G47,G47,1000,1000,19980,16,row-major,N,N,1.0,0.0,20260922,main,pass,pass,0,0,639360.0,0.01259,0.0215039998293,0.0340939998293,0.0221334998293,29.732143093158335,18.75285983460765,28.88652969168593,0.15247252868286326,0.09616851197234694,0.14813604970095348,cuSPARSE 12.8.6,CUDA,13040,13000,2026-10-07T14:27:55.254402+00:00,source,csr-alg2,0,0,,,,5,20,4,true
3,full-20261009-A100-SXM4-80GB-spmm-fp32-cusparse-csr-alg2-n16-13.4.1,cuSPARSE-CUDA-13.4.1-SpMM-CSR-ALG2,cuSPARSE CUDA 13.4.1 SpMM CSR ALG2 [cuSPARSE 12.8.6],csr-alg2,cuSPARSE-SpMM-CSR,candidate,,,csr,csr,CUSPARSE_SPMM_CSR_ALG2,library-preprocess,spmm.csr.fp32,fp32,A100-SXM4-80GB,A100-SXM4-80GB,,19500.0,df2405bf-ab33-5b32-9511-7da1122118f9,suitesparse_all,Gset/G48,G48,3000,3000,12000,16,row-major,N,N,1.0,0.0,20260922,main,pass,pass,0,0,384000.0,0.013851,0.0221184000373,0.0359694000373,0.0228109500373,17.361111081833705,10.675741035485576,16.83402047578426,0.08903133888119849,0.05474738992556705,0.08632831013222697,cuSPARSE 12.8.6,CUDA,13040,13000,2026-10-08T09:34:21.777752+00:00,source,csr-alg2,0,0,,,,5,20,4,true
3,full-20261009-A100-SXM4-80GB-spmm-fp32-cusparse-csr-alg2-n16-13.4.1,cuSPARSE-CUDA-13.4.1-SpMM-CSR-ALG2,cuSPARSE CUDA 13.4.1 SpMM CSR ALG2 [cuSPARSE 12.8.6],csr-alg2,cuSPARSE-SpMM-CSR,candidate,,,csr,csr,CUSPARSE_SPMM_CSR_ALG2,library-preprocess,spmm.csr.fp32,fp32,A100-SXM4-80GB,A100-SXM4-80GB,,19500.0,2793479a-b9ba-5e32-964d-96d3a38ca48f,suitesparse_all,Gset/G5,G5,800,800,38352,16,row-major,N,N,1.0,0.0,20260922,main,pass,pass,0,0,1227264.0,0.0138,0.0216575995088,0.0354575995088,0.0223475995088,56.66666795188143,34.61215697062101,54.91703927827819,0.29059829718913555,0.17749824087497953,0.28162584245270866,cuSPARSE 12.8.6,CUDA,13040,13000,2026-10-07T08:51:56.448076+00:00,source,csr-alg2,0,0,,,,5,20,4,true
3,full-20261009-A100-SXM4-80GB-spmm-fp32-cusparse-csr-alg2-n16-13.4.1,cuSPARSE-CUDA-13.4.1-SpMM-CSR-ALG2,cuSPARSE CUDA 13.4.1 SpMM CSR ALG2 [cuSPARSE 12.8.6],csr-alg2,cuSPARSE-SpMM-CSR,candidate,,,csr,csr,CUSPARSE_SPMM_CSR_ALG2,library-preprocess,spmm.csr.fp32,fp32,A100-SXM4-80GB,A100-SXM4-80GB,,19500.0,238ed034-08d6-5e0f-b7b4-c4d0b9e54f50,suitesparse_all,Gset/G54,G54,1000,1000,11832,16,row-major,N,N,1.0,0.0,20260922,main,pass,pass,0,0,378624.0,0.01292,0.0211456000805,0.0340656000805,0.0217916000805,17.905568939098522,11.114555419698414,17.374768195145432,0.0918234304569155,0.0569977201010175,0.08910137535972017,cuSPARSE 12.8.6,CUDA,13040,13000,2026-10-07T14:27:55.877273+00:00,source,csr-alg2,0,0,,,,5,20,4,true
3,full-20261009-A100-SXM4-80GB-spmm-fp32-cusparse-csr-alg2-n16-13.4.1,cuSPARSE-CUDA-13.4.1-SpMM-CSR-ALG2,cuSPARSE CUDA 13.4.1 SpMM CSR ALG2 [cuSPARSE 12.8.6],csr-alg2,cuSPARSE-SpMM-CSR,candidate,,,csr,csr,CUSPARSE_SPMM_CSR_ALG2,library-preprocess,spmm.csr.fp32,fp32,A100-SXM4-80GB,A100-SXM4-80GB,,19500.0,df2405bf-ab33-5b32-9511-7da1122118f9,suitesparse_all,Gset/G55,G55,5000,5000,24996,16,row-major,N,N,1.0,0.0,20260922,main,pass,pass,0,0,799872.0,0.01583,0.0241664007306,0.0399964007306,0.0249579007306,33.098515948516294,19.998599508681362,32.048849325668854,0.16973597922316047,0.10255692055734032,0.1643530734649685,cuSPARSE 12.8.6,CUDA,13040,13000,2026-10-08T09:34:22.647872+00:00,source,csr-alg2,0,0,,,,5,20,4,true
3,full-20261009-A100-SXM4-80GB-spmm-fp32-cusparse-csr-alg2-n16-13.4.1,cuSPARSE-CUDA-13.4.1-SpMM-CSR-ALG2,cuSPARSE CUDA 13.4.1 SpMM CSR ALG2 [cuSPARSE 12.8.6],csr-alg2,cuSPARSE-SpMM-CSR,candidate,,,csr,csr,CUSPARSE_SPMM_CSR_ALG2,library-preprocess,spmm.csr.fp32,fp32,A100-SXM4-80GB,A100-SXM4-80GB,,19500.0,2793479a-b9ba-5e32-964d-96d3a38ca48f,suitesparse_all,Gset/G57,G57,5000,5000,20000,16,row-major,N,N,1.0,0.0,20260922,main,pass,pass,0,0,640000.0,0.01534,0.0230911999941,0.0384311999941,0.0238581999941,27.716186259853345,16.653135996228414,26.825158652298516,0.14213428851206844,0.08540069741655597,0.13756491616563343,cuSPARSE 12.8.6,CUDA,13040,13000,2026-10-07T08:51:57.732513+00:00,source,csr-alg2,0,0,,,,5,20,4,true
3,full-20261009-A100-SXM4-80GB-spmm-fp32-cusparse-csr-alg2-n16-13.4.1,cuSPARSE-CUDA-13.4.1-SpMM-CSR-ALG2,cuSPARSE CUDA 13.4.1 SpMM CSR ALG2 [cuSPARSE 12.8.6],csr-alg2,cuSPARSE-SpMM-CSR,candidate,,,csr,csr,CUSPARSE_SPMM_CSR_ALG2,library-preprocess,spmm.csr.fp32,fp32,A100-SXM4-80GB,A100-SXM4-80GB,,19500.0,238ed034-08d6-5e0f-b7b4-c4d0b9e54f50,suitesparse_all,Gset/G61,G61,7000,7000,34296,16,row-major,N,N,1.0,0.0,20260922,main,pass,pass,0,0,1097472.0,0.01739,0.0251392006874,0.0425292006874,0.0260087006874,43.65580328693836,25.80514052137229,42.196340878022944,0.22387591429199158,0.13233405395575534,0.21639149168216895,cuSPARSE 12.8.6,CUDA,13040,13000,2026-10-07T14:27:56.667709+00:00,source,csr-alg2,0,0,,,,5,20,4,true
3,full-20261009-A100-SXM4-80GB-spmm-fp32-cusparse-csr-alg2-n16-13.4.1,cuSPARSE-CUDA-13.4.1-SpMM-CSR-ALG2,cuSPARSE CUDA 13.4.1 SpMM CSR ALG2 [cuSPARSE 12.8.6],csr-alg2,cuSPARSE-SpMM-CSR,candidate,,,csr,csr,CUSPARSE_SPMM_CSR_ALG2,library-preprocess,spmm.csr.fp32,fp32,A100-SXM4-80GB,A100-SXM4-80GB,,19500.0,df2405bf-ab33-5b32-9511-7da1122118f9,suitesparse_all,Gset/G62,G62,7000,7000,28000,16,row-major,N,N,1.0,0.0,20260922,main,pass,pass,0,0,896000.0,0.014009,0.0240639999509,0.0380729999509,0.0247644499509,37.23404262916354,23.53373784980187,36.18089647767191,0.1909438083546848,0.12068583512718908,0.18554305885985595,cuSPARSE 12.8.6,CUDA,13040,13000,2026-10-08T09:34:23.319482+00:00,source,csr-alg2,0,0,,,,5,20,4,true
3,full-20261009-A100-SXM4-80GB-spmm-fp32-cusparse-csr-alg2-n16-13.4.1,cuSPARSE-CUDA-13.4.1-SpMM-CSR-ALG2,cuSPARSE CUDA 13.4.1 SpMM CSR ALG2 [cuSPARSE 12.8.6],csr-alg2,cuSPARSE-SpMM-CSR,candidate,,,csr,csr,CUSPARSE_SPMM_CSR_ALG2,library-preprocess,spmm.csr.fp32,fp32,A100-SXM4-80GB,A100-SXM4-80GB,,19500.0,2793479a-b9ba-5e32-964d-96d3a38ca48f,suitesparse_all,Gset/G64,G64,7000,7000,82918,16,row-major,N,N,1.0,0.0,20260922,main,pass,pass,0,0,2653376.0,0.01648,0.0244736000896,0.0409536000896,0.0252976000896,108.41788663236129,64.7898107662045,104.88647107244056,0.5559891622172374,0.33225543982668976,0.5378793388330285,cuSPARSE 12.8.6,CUDA,13040,13000,2026-10-07T08:51:58.918320+00:00,source,csr-alg2,0,0,,,,5,20,4,true
3,full-20261009-A100-SXM4-80GB-spmm-fp32-cusparse-csr-alg2-n16-13.4.1,cuSPARSE-CUDA-13.4.1-SpMM-CSR-ALG2,cuSPARSE CUDA 13.4.1 SpMM CSR ALG2 [cuSPARSE 12.8.6],csr-alg2,cuSPARSE-SpMM-CSR,candidate,,,csr,csr,CUSPARSE_SPMM_CSR_ALG2,library-preprocess,spmm.csr.fp32,fp32,A100-SXM4-80GB,A100-SXM4-80GB,,19500.0,238ed034-08d6-5e0f-b7b4-c4d0b9e54f50,suitesparse_all,Gset/G8,G8,800,800,38352,16,row-major,N,N,1.0,0.0,20260922,main,pass,pass,0,0,1227264.0,0.0124,0.021606400609,0.034006400609,0.022226400609,56.80094626630182,36.08920609125557,55.21649778520826,0.2912869039297529,0.18507285175002855,0.28316152710363207,cuSPARSE 12.8.6,CUDA,13040,13000,2026-10-07T14:27:57.369026+00:00,source,csr-alg2,0,0,,,,5,20,4,true
3,full-20261009-A100-SXM4-80GB-spmm-fp32-cusparse-csr-alg2-n16-13.4.1,cuSPARSE-CUDA-13.4.1-SpMM-CSR-ALG2,cuSPARSE CUDA 13.4.1 SpMM CSR ALG2 [cuSPARSE 12.8.6],csr-alg2,cuSPARSE-SpMM-CSR,candidate,,,csr,csr,CUSPARSE_SPMM_CSR_ALG2,library-preprocess,spmm.csr.fp32,fp32,A100-SXM4-80GB,A100-SXM4-80GB,,19500.0,df2405bf-ab33-5b32-9511-7da1122118f9,suitesparse_all,Gset/G9,G9,800,800,38352,16,row-major,N,N,1.0,0.0,20260922,main,pass,pass,0,0,1227264.0,0.01406,0.0211968004704,0.0352568004704,0.0218998004704,57.8985494397514,34.80928455292915,56.039962631567484,0.29691563815257127,0.17850915155348282,0.28738442375162815,cuSPARSE 12.8.6,CUDA,13040,13000,2026-10-08T09:34:24.000081+00:00,source,csr-alg2,0,0,,,,5,20,4,true
3,full-20261009-A100-SXM4-80GB-spmm-fp32-cusparse-csr-alg2-n16-13.4.1,cuSPARSE-CUDA-13.4.1-SpMM-CSR-ALG2,cuSPARSE CUDA 13.4.1 SpMM CSR ALG2 [cuSPARSE 12.8.6],csr-alg2,cuSPARSE-SpMM-CSR,candidate,,,csr,csr,CUSPARSE_SPMM_CSR_ALG2,library-preprocess,spmm.csr.fp32,fp32,A100-SXM4-80GB,A100-SXM4-80GB,,19500.0,2793479a-b9ba-5e32-964d-96d3a38ca48f,suitesparse_all,Gupta/gupta2,gupta2,62064,62064,4248286,16,row-major,N,N,1.0,0.0,20260922,main,pass,pass,0,0,135945152.0,0.15755,0.491212797165,0.648762797165,0.499090297165,276.75409269587,209.54523378045218,272.3858844225463,1.4192517574147179,1.0745909424638573,1.3968506893463914,cuSPARSE 12.8.6,CUDA,13040,13000,2026-10-07T08:52:09.449496+00:00,source,csr-alg2,0,0,,,,5,20,4,true
3,full-20261009-A100-SXM4-80GB-spmm-fp32-cusparse-csr-alg2-n16-13.4.1,cuSPARSE-CUDA-13.4.1-SpMM-CSR-ALG2,cuSPARSE CUDA 13.4.1 SpMM CSR ALG2 [cuSPARSE 12.8.6],csr-alg2,cuSPARSE-SpMM-CSR,candidate,,,csr,csr,CUSPARSE_SPMM_CSR_ALG2,library-preprocess,spmm.csr.fp32,fp32,A100-SXM4-80GB,A100-SXM4-80GB,,19500.0,2793479a-b9ba-5e32-964d-96d3a38ca48f,suitesparse_all,HB/1138_bus,1138_bus,1138,1138,4054,16,row-major,N,N,1.0,0.0,20260922,main,pass,pass,0,0,129728.0,0.01515,0.0216575995088,0.0368075995088,0.0224150995088,5.989952854529811,3.524489554636251,5.787527284858574,0.030717706946306725,0.01807430540839103,0.02967962710183884,cuSPARSE 12.8.6,CUDA,13040,13000,2026-10-05T23:44:50.911318+00:00,source,csr-alg2,0,0,,,,5,20,4,true
3,full-20261009-A100-SXM4-80GB-spmm-fp32-cusparse-csr-alg2-n16-13.4.1,cuSPARSE-CUDA-13.4.1-SpMM-CSR-ALG2,cuSPARSE CUDA 13.4.1 SpMM CSR ALG2 [cuSPARSE 12.8.6],csr-alg2,cuSPARSE-SpMM-CSR,candidate,,,csr,csr,CUSPARSE_SPMM_CSR_ALG2,library-preprocess,spmm.csr.fp32,fp32,A100-SXM4-80GB,A100-SXM4-80GB,,19500.0,8b957c2e-71e3-5ceb-a342-267a44518845,suitesparse_all,HB/494_bus,494_bus,494,494,1666,16,row-major,N,N,1.0,0.0,20260922,main,pass,pass,0,0,53312.0,0.01438,0.0207200005651,0.0351000005651,0.0214390005651,2.572972902799856,1.5188603744071794,2.486683081989616,0.013194732834871055,0.007789027561062459,0.012752220933280083,cuSPARSE 12.8.6,CUDA,13040,13000,2026-10-06T17:06:35.972254+00:00,source,csr-alg2,0,0,,,,5,20,4,true
3,full-20261009-A100-SXM4-80GB-spmm-fp32-cusparse-csr-alg2-n16-13.4.1,cuSPARSE-CUDA-13.4.1-SpMM-CSR-ALG2,cuSPARSE CUDA 13.4.1 SpMM CSR ALG2 [cuSPARSE 12.8.6],csr-alg2,cuSPARSE-SpMM-CSR,candidate,,,csr,csr,CUSPARSE_SPMM_CSR_ALG2,library-preprocess,spmm.csr.fp32,fp32,A100-SXM4-80GB,A100-SXM4-80GB,,19500.0,4908e96e-8f15-58ac-b07e-b200b2397547,suitesparse_all,HB/685_bus,685_bus,685,685,3249,16,row-major,N,N,1.0,0.0,20260922,main,pass,pass,0,0,103968.0,0.014371,0.0202592000365,0.0346302000365,0.0209777500365,5.131890687326548,3.0022350402370885,4.956108248935279,0.026317388140136143,0.015396077129420968,0.02541593973812964,cuSPARSE 12.8.6,CUDA,13040,13000,2026-10-07T22:12:28.684569+00:00,source,csr-alg2,0,0,,,,5,20,4,true
3,full-20261009-A100-SXM4-80GB-spmm-fp32-cusparse-csr-alg2-n16-13.4.1,cuSPARSE-CUDA-13.4.1-SpMM-CSR-ALG2,cuSPARSE CUDA 13.4.1 SpMM CSR ALG2 [cuSPARSE 12.8.6],csr-alg2,cuSPARSE-SpMM-CSR,candidate,,,csr,csr,CUSPARSE_SPMM_CSR_ALG2,library-preprocess,spmm.csr.fp32,fp32,A100-SXM4-80GB,A100-SXM4-80GB,,19500.0,7b66fcef-16f6-520b-9930-9539bc67d1f8,suitesparse_all,HB/abb313,abb313,313,176,1557,16,row-major,N,N,1.0,0.0,20260922,main,pass,pass,0,0,49824.0,0.01335,0.0182784006,0.0316284006,0.0189459006,2.7258402466570297,1.5752930611356932,2.6298037265116867,0.01397866793157451,0.008078425954542017,0.013486172956470187,cuSPARSE 12.8.6,CUDA,13040,13000,2026-10-07T17:35:52.415129+00:00,source,csr-alg2,0,0,,,,5,20,4,true
3,full-20261009-A100-SXM4-80GB-spmm-fp32-cusparse-csr-alg2-n16-13.4.1,cuSPARSE-CUDA-13.4.1-SpMM-CSR-ALG2,cuSPARSE CUDA 13.4.1 SpMM CSR ALG2 [cuSPARSE 12.8.6],csr-alg2,cuSPARSE-SpMM-CSR,candidate,,,csr,csr,CUSPARSE_SPMM_CSR_ALG2,library-preprocess,spmm.csr.fp32,fp32,A100-SXM4-80GB,A100-SXM4-80GB,,19500.0,238ed034-08d6-5e0f-b7b4-c4d0b9e54f50,suitesparse_all,HB/arc130,arc130,130,130,1282,16,row-major,N,N,1.0,0.0,20260922,main,pass,pass,0,0,41024.0,0.02301,0.0162816002965,0.0392916002965,0.0174321002965,2.5196540421655476,1.0440908410557743,2.353359566674634,0.01292130278033614,0.005354312005414227,0.012068510598331457,cuSPARSE 12.8.6,CUDA,13040,13000,2026-10-06T04:35:18.017205+00:00,source,csr-alg2,0,0,,,,5,20,4,true
3,full-20261009-A100-SXM4-80GB-spmm-fp32-cusparse-csr-alg2-n16-13.4.1,cuSPARSE-CUDA-13.4.1-SpMM-CSR-ALG2,cuSPARSE CUDA 13.4.1 SpMM CSR ALG2 [cuSPARSE 12.8.6],csr-alg2,cuSPARSE-SpMM-CSR,candidate,,,csr,csr,CUSPARSE_SPMM_CSR_ALG2,library-preprocess,spmm.csr.fp32,fp32,A100-SXM4-80GB,A100-SXM4-80GB,,19500.0,df2405bf-ab33-5b32-9511-7da1122118f9,suitesparse_all,HB/ash219,ash219,219,85,438,16,row-major,N,N,1.0,0.0,20260922,main,pass,pass,0,0,14016.0,0.01236,0.0195583999157,0.0319183999157,0.0201763999157,0.7166230397379807,0.4391197565359728,0.6946729871811093,0.0036749899473742602,0.002251896187363963,0.0035624255752877395,cuSPARSE 12.8.6,CUDA,13040,13000,2026-10-06T16:38:42.792774+00:00,source,csr-alg2,0,0,,,,5,20,4,true
3,full-20261009-A100-SXM4-80GB-spmm-fp32-cusparse-csr-alg2-n16-13.4.1,cuSPARSE-CUDA-13.4.1-SpMM-CSR-ALG2,cuSPARSE CUDA 13.4.1 SpMM CSR ALG2 [cuSPARSE 12.8.6],csr-alg2,cuSPARSE-SpMM-CSR,candidate,,,csr,csr,CUSPARSE_SPMM_CSR_ALG2,library-preprocess,spmm.csr.fp32,fp32,A100-SXM4-80GB,A100-SXM4-80GB,,19500.0,939de21a-d9bf-54dc-90fc-1137913e9b62,suitesparse_all,HB/ash292,ash292,292,292,2208,16,row-major,N,N,1.0,0.0,20260922,main,pass,pass,0,0,70656.0,0.012609,0.0154111996293,0.0280201996293,0.0160416496293,4.584717718253923,2.5216094437142,4.404534548052162,0.023511372914122683,0.01293133048058564,0.022587356656677753,cuSPARSE 12.8.6,CUDA,13040,13000,2026-10-08T11:51:57.317651+00:00,source,csr-alg2,0,0,,,,5,20,4,true
3,full-20261009-A100-SXM4-80GB-spmm-fp32-cusparse-csr-alg2-n16-13.4.1,cuSPARSE-CUDA-13.4.1-SpMM-CSR-ALG2,cuSPARSE CUDA 13.4.1 SpMM CSR ALG2 [cuSPARSE 12.8.6],csr-alg2,cuSPARSE-SpMM-CSR,candidate,,,csr,csr,CUSPARSE_SPMM_CSR_ALG2,library-preprocess,spmm.csr.fp32,fp32,A100-SXM4-80GB,A100-SXM4-80GB,,19500.0,2793479a-b9ba-5e32-964d-96d3a38ca48f,suitesparse_all,HB/ash331,ash331,331,104,662,16,row-major,N,N,1.0,0.0,20260922,main,pass,pass,0,0,21184.0,0.0138,0.0189439997077,0.0327439997077,0.0196339997077,1.1182432604973875,0.6469582271288142,1.0789447038492177,0.005734580823063526,0.0033177344980964835,0.005533049763329322,cuSPARSE 12.8.6,CUDA,13040,13000,2026-10-05T23:44:52.414404+00:00,source,csr-alg2,0,0,,,,5,20,4,true
3,full-20261009-A100-SXM4-80GB-spmm-fp32-cusparse-csr-alg2-n16-13.4.1,cuSPARSE-CUDA-13.4.1-SpMM-CSR-ALG2,cuSPARSE CUDA 13.4.1 SpMM CSR ALG2 [cuSPARSE 12.8.6],csr-alg2,cuSPARSE-SpMM-CSR,candidate,,,csr,csr,CUSPARSE_SPMM_CSR_ALG2,library-preprocess,spmm.csr.fp32,fp32,A100-SXM4-80GB,A100-SXM4-80GB,,19500.0,8b957c2e-71e3-5ceb-a342-267a44518845,suitesparse_all,HB/ash608,ash608,608,188,1216,16,row-major,N,N,1.0,0.0,20260922,main,pass,pass,0,0,38912.0,0.01379,0.0200543999672,0.0338443999672,0.0207438999672,1.940322326454173,1.1497323054245672,1.8758285597947917,0.009950370904893193,0.00589606310474137,0.00961963363997329,cuSPARSE 12.8.6,CUDA,13040,13000,2026-10-06T17:06:37.026133+00:00,source,csr-alg2,0,0,,,,5,20,4,true
3,full-20261009-A100-SXM4-80GB-spmm-fp32-cusparse-csr-alg2-n16-13.4.1,cuSPARSE-CUDA-13.4.1-SpMM-CSR-ALG2,cuSPARSE CUDA 13.4.1 SpMM CSR ALG2 [cuSPARSE 12.8.6],csr-alg2,cuSPARSE-SpMM-CSR,candidate,,,csr,csr,CUSPARSE_SPMM_CSR_ALG2,library-preprocess,spmm.csr.fp32,fp32,A100-SXM4-80GB,A100-SXM4-80GB,,19500.0,4908e96e-8f15-58ac-b07e-b200b2397547,suitesparse_all,HB/ash958,ash958,958,292,1916,16,row-major,N,N,1.0,0.0,20260922,main,pass,pass,0,0,61312.0,0.01437,0.020377600193,0.034747600193,0.021096100193,3.0087939413524047,1.7644959553883515,2.90631915088952,0.01542971251975592,0.009048697207119752,0.01490420077379241,cuSPARSE 12.8.6,CUDA,13040,13000,2026-10-07T22:12:29.931497+00:00,source,csr-alg2,0,0,,,,5,20,4,true
3,full-20261009-A100-SXM4-80GB-spmm-fp32-cusparse-csr-alg2-n16-13.4.1,cuSPARSE-CUDA-13.4.1-SpMM-CSR-ALG2,cuSPARSE CUDA 13.4.1 SpMM CSR ALG2 [cuSPARSE 12.8.6],csr-alg2,cuSPARSE-SpMM-CSR,candidate,,,csr,csr,CUSPARSE_SPMM_CSR_ALG2,library-preprocess,spmm.csr.fp32,fp32,A100-SXM4-80GB,A100-SXM4-80GB,,19500.0,7b66fcef-16f6-520b-9930-9539bc67d1f8,suitesparse_all,HB/bcspwr01,bcspwr01,39,39,131,16,row-major,N,N,1.0,0.0,20260922,main,pass,pass,0,0,4192.0,0.01785,0.0180224001408,0.0358724001408,0.0189149001408,0.23259943000099878,0.11685864295520519,0.22162422052431208,0.0011928175897487118,0.0005992750920779754,0.0011365344642272413,cuSPARSE 12.8.6,CUDA,13040,13000,2026-10-07T17:35:52.996205+00:00,source,csr-alg2,0,0,,,,5,20,4,true
3,full-20261009-A100-SXM4-80GB-spmm-fp32-cusparse-csr-alg2-n16-13.4.1,cuSPARSE-CUDA-13.4.1-SpMM-CSR-ALG2,cuSPARSE CUDA 13.4.1 SpMM CSR ALG2 [cuSPARSE 12.8.6],csr-alg2,cuSPARSE-SpMM-CSR,candidate,,,csr,csr,CUSPARSE_SPMM_CSR_ALG2,library-preprocess,spmm.csr.fp32,fp32,A100-SXM4-80GB,A100-SXM4-80GB,,19500.0,238ed034-08d6-5e0f-b7b4-c4d0b9e54f50,suitesparse_all,HB/bcspwr02,bcspwr02,49,49,167,16,row-major,N,N,1.0,0.0,20260922,main,pass,pass,0,0,5344.0,0.02098,0.0180736005306,0.0390536005306,0.0191226005306,0.29567987800506024,0.1368375752144228,0.27945989832546714,0.0015163070666926166,0.000701731154945758,0.0014331276837203442,cuSPARSE 12.8.6,CUDA,13040,13000,2026-10-06T04:35:19.217316+00:00,source,csr-alg2,0,0,,,,5,20,4,true
3,full-20261009-A100-SXM4-80GB-spmm-fp32-cusparse-csr-alg2-n16-13.4.1,cuSPARSE-CUDA-13.4.1-SpMM-CSR-ALG2,cuSPARSE CUDA 13.4.1 SpMM CSR ALG2 [cuSPARSE 12.8.6],csr-alg2,cuSPARSE-SpMM-CSR,candidate,,,csr,csr,CUSPARSE_SPMM_CSR_ALG2,library-preprocess,spmm.csr.fp32,fp32,A100-SXM4-80GB,A100-SXM4-80GB,,19500.0,df2405bf-ab33-5b32-9511-7da1122118f9,suitesparse_all,HB/bcspwr03,bcspwr03,118,118,476,16,row-major,N,N,1.0,0.0,20260922,main,pass,pass,0,0,15232.0,0.01327,0.0189439997077,0.0322139997077,0.0196074997077,0.8040540664603572,0.4728379008570968,0.7768456063787821,0.004123354186976191,0.0024248097479851118,0.003983823622455292,cuSPARSE 12.8.6,CUDA,13040,13000,2026-10-06T16:38:43.406715+00:00,source,csr-alg2,0,0,,,,5,20,4,true
3,full-20261009-A100-SXM4-80GB-spmm-fp32-cusparse-csr-alg2-n16-13.4.1,cuSPARSE-CUDA-13.4.1-SpMM-CSR-ALG2,cuSPARSE CUDA 13.4.1 SpMM CSR ALG2 [cuSPARSE 12.8.6],csr-alg2,cuSPARSE-SpMM-CSR,candidate,,,csr,csr,CUSPARSE_SPMM_CSR_ALG2,library-preprocess,spmm.csr.fp32,fp32,A100-SXM4-80GB,A100-SXM4-80GB,,19500.0,939de21a-d9bf-54dc-90fc-1137913e9b62,suitesparse_all,HB/bcspwr04,bcspwr04,274,274,1612,16,row-major,N,N,1.0,0.0,20260922,main,pass,pass,0,0,51584.0,0.014691,0.0166912004352,0.0313822004352,0.0174257504352,3.090490716965733,1.6437343234268733,2.9602168464320693,0.015848670343414015,0.00842940678680448,0.015180599212472149,cuSPARSE 12.8.6,CUDA,13040,13000,2026-10-08T11:51:58.009832+00:00,source,csr-alg2,0,0,,,,5,20,4,true
3,full-20261009-A100-SXM4-80GB-spmm-fp32-cusparse-csr-alg2-n16-13.4.1,cuSPARSE-CUDA-13.4.1-SpMM-CSR-ALG2,cuSPARSE CUDA 13.4.1 SpMM CSR ALG2 [cuSPARSE 12.8.6],csr-alg2,cuSPARSE-SpMM-CSR,candidate,,,csr,csr,CUSPARSE_SPMM_CSR_ALG2,library-preprocess,spmm.csr.fp32,fp32,A100-SXM4-80GB,A100-SXM4-80GB,,19500.0,2793479a-b9ba-5e32-964d-96d3a38ca48f,suitesparse_all,HB/bcspwr05,bcspwr05,443,443,1623,16,row-major,N,N,1.0,0.0,20260922,main,pass,pass,0,0,51936.0,0.01527,0.0204288005829,0.0356988005829,0.0211923005829,2.542293160542828,1.454838794356518,2.4507013666041995,0.013037400823296552,0.007460711765930862,0.012567699315918973,cuSPARSE 12.8.6,CUDA,13040,13000,2026-10-05T23:44:53.998616+00:00,source,csr-alg2,0,0,,,,5,20,4,true
3,full-20261009-A100-SXM4-80GB-spmm-fp32-cusparse-csr-alg2-n16-13.4.1,cuSPARSE-CUDA-13.4.1-SpMM-CSR-ALG2,cuSPARSE CUDA 13.4.1 SpMM CSR ALG2 [cuSPARSE 12.8.6],csr-alg2,cuSPARSE-SpMM-CSR,candidate,,,csr,csr,CUSPARSE_SPMM_CSR_ALG2,library-preprocess,spmm.csr.fp32,fp32,A100-SXM4-80GB,A100-SXM4-80GB,,19500.0,8b957c2e-71e3-5ceb-a342-267a44518845,suitesparse_all,HB/bcspwr06,bcspwr06,1454,1454,5300,16,row-major,N,N,1.0,0.0,20260922,main,pass,pass,0,0,169600.0,0.09628,0.0229680001736,0.119248000174,0.0277820001736,7.384186638719314,1.422246073330615,6.104672051696383,0.03786762378830417,0.007293569606823667,0.03130601052151991,cuSPARSE 12.8.6,CUDA,13040,13000,2026-10-06T17:06:37.704705+00:00,source,csr-alg2,0,0,,,,5,20,4,true
3,full-20261009-A100-SXM4-80GB-spmm-fp32-cusparse-csr-alg2-n16-13.4.1,cuSPARSE-CUDA-13.4.1-SpMM-CSR-ALG2,cuSPARSE CUDA 13.4.1 SpMM CSR ALG2 [cuSPARSE 12.8.6],csr-alg2,cuSPARSE-SpMM-CSR,candidate,,,csr,csr,CUSPARSE_SPMM_CSR_ALG2,library-preprocess,spmm.csr.fp32,fp32,A100-SXM4-80GB,A100-SXM4-80GB,,19500.0,4908e96e-8f15-58ac-b07e-b200b2397547,suitesparse_all,HB/bcspwr08,bcspwr08,1624,1624,6050,16,row-major,N,N,1.0,0.0,20260922,main,pass,pass,0,0,193600.0,0.01368,0.0215039998293,0.0351839998293,0.0221879998293,9.002976261942338,5.5025011635765395,8.725437240374623,0.04616910903560174,0.028217954685007898,0.04474583200192114,cuSPARSE 12.8.6,CUDA,13040,13000,2026-10-07T22:12:30.818315+00:00,source,csr-alg2,0,0,,,,5,20,4,true
3,full-20261009-A100-SXM4-80GB-spmm-fp32-cusparse-csr-alg2-n16-13.4.1,cuSPARSE-CUDA-13.4.1-SpMM-CSR-ALG2,cuSPARSE CUDA 13.4.1 SpMM CSR ALG2 [cuSPARSE 12.8.6],csr-alg2,cuSPARSE-SpMM-CSR,candidate,,,csr,csr,CUSPARSE_SPMM_CSR_ALG2,library-preprocess,spmm.csr.fp32,fp32,A100-SXM4-80GB,A100-SXM4-80GB,,19500.0,7b66fcef-16f6-520b-9930-9539bc67d1f8,suitesparse_all,HB/bcspwr09,bcspwr09,1723,1723,6511,16,row-major,N,N,1.0,0.0,20260922,main,pass,pass,0,0,208352.0,0.01456,0.0223232001066,0.0368832001066,0.0230512001066,9.333428854512636,5.648967535295746,9.03866171984446,0.04786373771544942,0.02896906428356793,0.04635211138381775,cuSPARSE 12.8.6,CUDA,13040,13000,2026-10-07T17:35:53.633367+00:00,source,csr-alg2,0,0,,,,5,20,4,true
3,full-20261009-A100-SXM4-80GB-spmm-fp32-cusparse-csr-alg2-n16-13.4.1,cuSPARSE-CUDA-13.4.1-SpMM-CSR-ALG2,cuSPARSE CUDA 13.4.1 SpMM CSR ALG2 [cuSPARSE 12.8.6],csr-alg2,cuSPARSE-SpMM-CSR,candidate,,,csr,csr,CUSPARSE_SPMM_CSR_ALG2,library-preprocess,spmm.csr.fp32,fp32,A100-SXM4-80GB,A100-SXM4-80GB,,19500.0,238ed034-08d6-5e0f-b7b4-c4d0b9e54f50,suitesparse_all,HB/bcspwr10,bcspwr10,5300,5300,21842,16,row-major,N,N,1.0,0.0,20260922,main,pass,pass,0,0,698944.0,0.014889,0.0248832002282,0.0397722002282,0.0256276502282,28.0889915119475,17.573682018839435,27.273042740020706,0.1440461103176795,0.09012144625045863,0.13986175764113182,cuSPARSE 12.8.6,CUDA,13040,13000,2026-10-06T04:35:20.757197+00:00,source,csr-alg2,0,0,,,,5,20,4,true
3,full-20261009-A100-SXM4-80GB-spmm-fp32-cusparse-csr-alg2-n16-13.4.1,cuSPARSE-CUDA-13.4.1-SpMM-CSR-ALG2,cuSPARSE CUDA 13.4.1 SpMM CSR ALG2 [cuSPARSE 12.8.6],csr-alg2,cuSPARSE-SpMM-CSR,candidate,,,csr,csr,CUSPARSE_SPMM_CSR_ALG2,library-preprocess,spmm.csr.fp32,fp32,A100-SXM4-80GB,A100-SXM4-80GB,,19500.0,df2405bf-ab33-5b32-9511-7da1122118f9,suitesparse_all,HB/bcsstk01,bcsstk01,48,48,400,16,row-major,N,N,1.0,0.0,20260922,main,pass,pass,0,0,12800.0,0.01378,0.017664000392,0.031444000392,0.018353000392,0.7246376650782401,0.40707288641481454,0.6974336471751763,0.0037160905901448215,0.002087553263665716,0.003576582806026545,cuSPARSE 12.8.6,CUDA,13040,13000,2026-10-06T16:38:44.406031+00:00,source,csr-alg2,0,0,,,,5,20,4,true
3,full-20261009-A100-SXM4-80GB-spmm-fp32-cusparse-csr-alg2-n16-13.4.1,cuSPARSE-CUDA-13.4.1-SpMM-CSR-ALG2,cuSPARSE CUDA 13.4.1 SpMM CSR ALG2 [cuSPARSE 12.8.6],csr-alg2,cuSPARSE-SpMM-CSR,candidate,,,csr,csr,CUSPARSE_SPMM_CSR_ALG2,library-preprocess,spmm.csr.fp32,fp32,A100-SXM4-80GB,A100-SXM4-80GB,,19500.0,939de21a-d9bf-54dc-90fc-1137913e9b62,suitesparse_all,HB/bcsstk02,bcsstk02,66,66,4356,16,row-major,N,N,1.0,0.0,20260922,main,pass,pass,0,0,139392.0,0.012749,0.0155647993088,0.0283137993088,0.0162022493088,8.955592502962167,4.923111818366128,8.603249915694816,0.04592611539980598,0.025246727273672453,0.04411923033689649,cuSPARSE 12.8.6,CUDA,13040,13000,2026-10-08T11:51:58.803209+00:00,source,csr-alg2,0,0,,,,5,20,4,true
3,full-20261009-A100-SXM4-80GB-spmm-fp32-cusparse-csr-alg2-n16-13.4.1,cuSPARSE-CUDA-13.4.1-SpMM-CSR-ALG2,cuSPARSE CUDA 13.4.1 SpMM CSR ALG2 [cuSPARSE 12.8.6],csr-alg2,cuSPARSE-SpMM-CSR,candidate,,,csr,csr,CUSPARSE_SPMM_CSR_ALG2,library-preprocess,spmm.csr.fp32,fp32,A100-SXM4-80GB,A100-SXM4-80GB,,19500.0,2793479a-b9ba-5e32-964d-96d3a38ca48f,suitesparse_all,HB/bcsstk03,bcsstk03,112,112,640,16,row-major,N,N,1.0,0.0,20260922,main,pass,pass,0,0,20480.0,0.01376,0.0175104007125,0.0312704007125,0.0181984007125,1.1695905956840906,0.6549324451673351,1.1253736151623934,0.005997900490687645,0.0033586279239350516,0.00577114674442253,cuSPARSE 12.8.6,CUDA,13040,13000,2026-10-07T08:50:15.698958+00:00,source,csr-alg2,0,0,,,,5,20,4,true
3,full-20261009-A100-SXM4-80GB-spmm-fp32-cusparse-csr-alg2-n16-13.4.1,cuSPARSE-CUDA-13.4.1-SpMM-CSR-ALG2,cuSPARSE CUDA 13.4.1 SpMM CSR ALG2 [cuSPARSE 12.8.6],csr-alg2,cuSPARSE-SpMM-CSR,candidate,,,csr,csr,CUSPARSE_SPMM_CSR_ALG2,library-preprocess,spmm.csr.fp32,fp32,A100-SXM4-80GB,A100-SXM4-80GB,,19500.0,238ed034-08d6-5e0f-b7b4-c4d0b9e54f50,suitesparse_all,HB/bcsstk08,bcsstk08,1074,1074,12960,16,row-major,N,N,1.0,0.0,20260922,main,pass,pass,0,0,414720.0,0.01885,0.0170320004225,0.0358820004225,0.0179745004225,24.349459236281913,11.557884039819243,23.072685763264083,0.12486902172452263,0.05927120020420124,0.11832146545263632,cuSPARSE 12.8.6,CUDA,13040,13000,2026-10-07T14:26:44.367481+00:00,source,csr-alg2,0,0,,,,5,20,4,true
3,full-20261009-A100-SXM4-80GB-spmm-fp32-cusparse-csr-alg2-n16-13.4.1,cuSPARSE-CUDA-13.4.1-SpMM-CSR-ALG2,cuSPARSE CUDA 13.4.1 SpMM CSR ALG2 [cuSPARSE 12.8.6],csr-alg2,cuSPARSE-SpMM-CSR,candidate,,,csr,csr,CUSPARSE_SPMM_CSR_ALG2,library-preprocess,spmm.csr.fp32,fp32,A100-SXM4-80GB,A100-SXM4-80GB,,19500.0,df2405bf-ab33-5b32-9511-7da1122118f9,suitesparse_all,HB/bcsstk09,bcsstk09,1083,1083,18437,16,row-major,N,N,1.0,0.0,20260922,main,pass,pass,0,0,589984.0,0.01438,0.0203263998032,0.0347063998032,0.0210453998032,29.025504059362166,16.999285530779897,28.03386989637002,0.14884873876595983,0.0871758232347687,0.14376343536600011,cuSPARSE 12.8.6,CUDA,13040,13000,2026-10-08T09:33:27.076882+00:00,source,csr-alg2,0,0,,,,5,20,4,true
3,full-20261009-A100-SXM4-80GB-spmm-fp32-cusparse-csr-alg2-n16-13.4.1,cuSPARSE-CUDA-13.4.1-SpMM-CSR-ALG2,cuSPARSE CUDA 13.4.1 SpMM CSR ALG2 [cuSPARSE 12.8.6],csr-alg2,cuSPARSE-SpMM-CSR,candidate,,,csr,csr,CUSPARSE_SPMM_CSR_ALG2,library-preprocess,spmm.csr.fp32,fp32,A100-SXM4-80GB,A100-SXM4-80GB,,19500.0,2793479a-b9ba-5e32-964d-96d3a38ca48f,suitesparse_all,HB/bcsstk11,bcsstk11,1473,1473,34241,16,row-major,N,N,1.0,0.0,20260922,main,pass,pass,0,0,1095712.0,0.01554,0.0217087998986,0.0372487998986,0.0224857998986,50.47317240556731,29.416034959053334,48.72906478493658,0.25883678156701184,0.15085146132847863,0.2498926399227517,cuSPARSE 12.8.6,CUDA,13040,13000,2026-10-07T08:50:16.488358+00:00,source,csr-alg2,0,0,,,,5,20,4,true
3,full-20261009-A100-SXM4-80GB-spmm-fp32-cusparse-csr-alg2-n16-13.4.1,cuSPARSE-CUDA-13.4.1-SpMM-CSR-ALG2,cuSPARSE CUDA 13.4.1 SpMM CSR ALG2 [cuSPARSE 12.8.6],csr-alg2,cuSPARSE-SpMM-CSR,candidate,,,csr,csr,CUSPARSE_SPMM_CSR_ALG2,library-preprocess,spmm.csr.fp32,fp32,A100-SXM4-80GB,A100-SXM4-80GB,,19500.0,238ed034-08d6-5e0f-b7b4-c4d0b9e54f50,suitesparse_all,HB/bcsstk16,bcsstk16,4884,4884,290378,16,row-major,N,N,1.0,0.0,20260922,main,pass,pass,0,0,9292096.0,0.014309,0.0391584008932,0.0534674008932,0.0398738508932,237.29508325284056,173.78993264626357,233.03733629561856,1.2168978628350797,0.8912304238269926,1.1950632630544542,cuSPARSE 12.8.6,CUDA,13040,13000,2026-10-07T14:26:45.582919+00:00,source,csr-alg2,0,0,,,,5,20,4,true
3,full-20261009-A100-SXM4-80GB-spmm-fp32-cusparse-csr-alg2-n16-13.4.1,cuSPARSE-CUDA-13.4.1-SpMM-CSR-ALG2,cuSPARSE CUDA 13.4.1 SpMM CSR ALG2 [cuSPARSE 12.8.6],csr-alg2,cuSPARSE-SpMM-CSR,candidate,,,csr,csr,CUSPARSE_SPMM_CSR_ALG2,library-preprocess,spmm.csr.fp32,fp32,A100-SXM4-80GB,A100-SXM4-80GB,,19500.0,df2405bf-ab33-5b32-9511-7da1122118f9,suitesparse_all,HB/bcsstk17,bcsstk17,10974,10974,428650,16,row-major,N,N,1.0,0.0,20260922,main,pass,pass,0,0,13716800.0,0.02568,0.0631807982922,0.0888607982922,0.0644647982922,217.10393617634003,154.3627816047206,212.77969315634516,1.1133535188530257,0.7916040082293364,1.0911779136222828,cuSPARSE 12.8.6,CUDA,13040,13000,2026-10-08T09:33:28.676525+00:00,source,csr-alg2,0,0,,,,5,20,4,true
3,full-20261009-A100-SXM4-80GB-spmm-fp32-cusparse-csr-alg2-n16-13.4.1,cuSPARSE-CUDA-13.4.1-SpMM-CSR-ALG2,cuSPARSE CUDA 13.4.1 SpMM CSR ALG2 [cuSPARSE 12.8.6],csr-alg2,cuSPARSE-SpMM-CSR,candidate,,,csr,csr,CUSPARSE_SPMM_CSR_ALG2,library-preprocess,spmm.csr.fp32,fp32,A100-SXM4-80GB,A100-SXM4-80GB,,19500.0,2793479a-b9ba-5e32-964d-96d3a38ca48f,suitesparse_all,HB/bcsstk19,bcsstk19,817,817,6853,16,row-major,N,N,1.0,0.0,20260922,main,pass,pass,0,0,219296.0,0.01641,0.0194048002362,0.0358148002362,0.0202253002362,11.301121234471633,6.123055232857209,10.842657337046392,0.05795446786908529,0.03140028324542158,0.055603370959212264,cuSPARSE 12.8.6,CUDA,13040,13000,2026-10-07T08:50:17.474625+00:00,source,csr-alg2,0,0,,,,5,20,4,true
3,full-20261009-A100-SXM4-80GB-spmm-fp32-cusparse-csr-alg2-n16-13.4.1,cuSPARSE-CUDA-13.4.1-SpMM-CSR-ALG2,cuSPARSE CUDA 13.4.1 SpMM CSR ALG2 [cuSPARSE 12.8.6],csr-alg2,cuSPARSE-SpMM-CSR,candidate,,,csr,csr,CUSPARSE_SPMM_CSR_ALG2,library-preprocess,spmm.csr.fp32,fp32,A100-SXM4-80GB,A100-SXM4-80GB,,19500.0,238ed034-08d6-5e0f-b7b4-c4d0b9e54f50,suitesparse_all,HB/bcsstk24,bcsstk24,3562,3562,159910,16,row-major,N,N,1.0,0.0,20260922,main,pass,pass,0,0,5117120.0,0.01478,0.033792001009,0.048572001009,0.034531001009,151.42991972085733,105.35122897349522,148.18915903035355,0.7765636908761914,0.5402627126845909,0.7599444052838643,cuSPARSE 12.8.6,CUDA,13040,13000,2026-10-07T14:26:46.724719+00:00,source,csr-alg2,0,0,,,,5,20,4,true
3,full-20261009-A100-SXM4-80GB-spmm-fp32-cusparse-csr-alg2-n16-13.4.1,cuSPARSE-CUDA-13.4.1-SpMM-CSR-ALG2,cuSPARSE CUDA 13.4.1 SpMM CSR ALG2 [cuSPARSE 12.8.6],csr-alg2,cuSPARSE-SpMM-CSR,candidate,,,csr,csr,CUSPARSE_SPMM_CSR_ALG2,library-preprocess,spmm.csr.fp32,fp32,A100-SXM4-80GB,A100-SXM4-80GB,,19500.0,df2405bf-ab33-5b32-9511-7da1122118f9,suitesparse_all,HB/bcsstk25,bcsstk25,15439,15439,252241,16,row-major,N,N,1.0,0.0,20260922,main,pass,pass,0,0,8071712.0,0.0178,0.0471040010452,0.0649040010452,0.0479940010452,171.35937119767289,124.36385846812054,168.18168571522486,0.8787660061419122,0.6377633767595925,0.8624701831549992,cuSPARSE 12.8.6,CUDA,13040,13000,2026-10-08T09:33:30.170879+00:00,source,csr-alg2,0,0,,,,5,20,4,true
3,full-20261009-A100-SXM4-80GB-spmm-fp32-cusparse-csr-alg2-n16-13.4.1,cuSPARSE-CUDA-13.4.1-SpMM-CSR-ALG2,cuSPARSE CUDA 13.4.1 SpMM CSR ALG2 [cuSPARSE 12.8.6],csr-alg2,cuSPARSE-SpMM-CSR,candidate,,,csr,csr,CUSPARSE_SPMM_CSR_ALG2,library-preprocess,spmm.csr.fp32,fp32,A100-SXM4-80GB,A100-SXM4-80GB,,19500.0,2793479a-b9ba-5e32-964d-96d3a38ca48f,suitesparse_all,HB/bcsstk27,bcsstk27,1224,1224,56126,16,row-major,N,N,1.0,0.0,20260922,main,pass,pass,0,0,1796032.0,0.013511,0.0232960000634,0.0368070000634,0.0239715500634,77.09615363633687,48.79593547168575,74.92348201304677,0.3953648904427532,0.2502355665214654,0.3842229846822911,cuSPARSE 12.8.6,CUDA,13040,13000,2026-10-07T08:50:18.327339+00:00,source,csr-alg2,0,0,,,,5,20,4,true
3,full-20261009-A100-SXM4-80GB-spmm-fp32-cusparse-csr-alg2-n16-13.4.1,cuSPARSE-CUDA-13.4.1-SpMM-CSR-ALG2,cuSPARSE CUDA 13.4.1 SpMM CSR ALG2 [cuSPARSE 12.8.6],csr-alg2,cuSPARSE-SpMM-CSR,candidate,,,csr,csr,CUSPARSE_SPMM_CSR_ALG2,library-preprocess,spmm.csr.fp32,fp32,A100-SXM4-80GB,A100-SXM4-80GB,,19500.0,238ed034-08d6-5e0f-b7b4-c4d0b9e54f50,suitesparse_all,HB/bcsstk32,bcsstk32,44609,44609,2014701,16,row-major,N,N,1.0,0.0,20260922,main,pass,pass,0,0,64470432.0,0.05617,0.229683208466,0.285853208466,0.232491708466,280.69283963152037,225.53684930098748,277.3020699335102,1.4394504596488225,1.156599227184551,1.4220618970949241,cuSPARSE 12.8.6,CUDA,13040,13000,2026-10-07T14:26:51.741511+00:00,source,csr-alg2,0,0,,,,5,20,4,true
3,full-20261009-A100-SXM4-80GB-spmm-fp32-cusparse-csr-alg2-n16-13.4.1,cuSPARSE-CUDA-13.4.1-SpMM-CSR-ALG2,cuSPARSE CUDA 13.4.1 SpMM CSR ALG2 [cuSPARSE 12.8.6],csr-alg2,cuSPARSE-SpMM-CSR,candidate,,,csr,csr,CUSPARSE_SPMM_CSR_ALG2,library-preprocess,spmm.csr.fp32,fp32,A100-SXM4-80GB,A100-SXM4-80GB,,19500.0,df2405bf-ab33-5b32-9511-7da1122118f9,suitesparse_all,HB/bcsstk33,bcsstk33,8738,8738,591904,16,row-major,N,N,1.0,0.0,20260922,main,pass,pass,0,0,18940928.0,0.034729,0.0783872008324,0.113116200832,0.0801236508324,241.63291709443325,167.44664213158146,236.39621763641307,1.2391431645868372,0.858700728879905,1.212288295571349,cuSPARSE 12.8.6,CUDA,13040,13000,2026-10-08T09:33:31.976995+00:00,source,csr-alg2,0,0,,,,5,20,4,true
3,full-20261009-A100-SXM4-80GB-spmm-fp32-cusparse-csr-alg2-n16-13.4.1,cuSPARSE-CUDA-13.4.1-SpMM-CSR-ALG2,cuSPARSE CUDA 13.4.1 SpMM CSR ALG2 [cuSPARSE 12.8.6],csr-alg2,cuSPARSE-SpMM-CSR,candidate,,,csr,csr,CUSPARSE_SPMM_CSR_ALG2,library-preprocess,spmm.csr.fp32,fp32,A100-SXM4-80GB,A100-SXM4-80GB,,19500.0,2793479a-b9ba-5e32-964d-96d3a38ca48f,suitesparse_all,HB/bcsstm02,bcsstm02,66,66,66,16,row-major,N,N,1.0,0.0,20260922,main,pass,pass,0,0,2112.0,0.01393,0.0224767997861,0.0364067997861,0.0231732997861,0.09396355442495392,0.05801114111673047,0.091139372445647,0.0004818643816664304,0.00029749303136784855,0.00046738139715716415,cuSPARSE 12.8.6,CUDA,13040,13000,2026-10-07T08:50:18.892036+00:00,source,csr-alg2,0,0,,,,5,20,4,true
3,full-20261009-A100-SXM4-80GB-spmm-fp32-cusparse-csr-alg2-n16-13.4.1,cuSPARSE-CUDA-13.4.1-SpMM-CSR-ALG2,cuSPARSE CUDA 13.4.1 SpMM CSR ALG2 [cuSPARSE 12.8.6],csr-alg2,cuSPARSE-SpMM-CSR,candidate,,,csr,csr,CUSPARSE_SPMM_CSR_ALG2,library-preprocess,spmm.csr.fp32,fp32,A100-SXM4-80GB,A100-SXM4-80GB,,19500.0,238ed034-08d6-5e0f-b7b4-c4d0b9e54f50,suitesparse_all,HB/bcsstm07,bcsstm07,420,420,7252,16,row-major,N,N,1.0,0.0,20260922,main,pass,pass,0,0,232064.0,0.01421,0.0169152006507,0.0311252006507,0.0176257006507,13.719257890706517,7.455823421166634,13.166228372929032,0.07035516867028983,0.038234991903418634,0.06751911986117452,cuSPARSE 12.8.6,CUDA,13040,13000,2026-10-07T14:26:52.449166+00:00,source,csr-alg2,0,0,,,,5,20,4,true
3,full-20261009-A100-SXM4-80GB-spmm-fp32-cusparse-csr-alg2-n16-13.4.1,cuSPARSE-CUDA-13.4.1-SpMM-CSR-ALG2,cuSPARSE CUDA 13.4.1 SpMM CSR ALG2 [cuSPARSE 12.8.6],csr-alg2,cuSPARSE-SpMM-CSR,candidate,,,csr,csr,CUSPARSE_SPMM_CSR_ALG2,library-preprocess,spmm.csr.fp32,fp32,A100-SXM4-80GB,A100-SXM4-80GB,,19500.0,df2405bf-ab33-5b32-9511-7da1122118f9,suitesparse_all,HB/bcsstm08,bcsstm08,1074,1074,1074,16,row-major,N,N,1.0,0.0,20260922,main,pass,pass,0,0,34368.0,0.01499,0.0248319998384,0.0398219998384,0.0255814998384,1.3840206275635363,0.8630405338623713,1.3434708761059708,0.007097541679813007,0.004425848891601904,0.006889594236440877,cuSPARSE 12.8.6,CUDA,13040,13000,2026-10-08T09:33:32.538488+00:00,source,csr-alg2,0,0,,,,5,20,4,true
3,full-20261009-A100-SXM4-80GB-spmm-fp32-cusparse-csr-alg2-n16-13.4.1,cuSPARSE-CUDA-13.4.1-SpMM-CSR-ALG2,cuSPARSE CUDA 13.4.1 SpMM CSR ALG2 [cuSPARSE 12.8.6],csr-alg2,cuSPARSE-SpMM-CSR,candidate,,,csr,csr,CUSPARSE_SPMM_CSR_ALG2,library-preprocess,spmm.csr.fp32,fp32,A100-SXM4-80GB,A100-SXM4-80GB,,19500.0,2793479a-b9ba-5e32-964d-96d3a38ca48f,suitesparse_all,HB/bcsstm10,bcsstm10,1086,1086,22092,16,row-major,N,N,1.0,0.0,20260922,main,pass,pass,0,0,706944.0,0.014551,0.020992000401,0.035543000401,0.021719550401,33.67682862498055,19.889823369557458,32.54874004976877,0.17270168525631052,0.10199909420285877,0.16691661563983984,cuSPARSE 12.8.6,CUDA,13040,13000,2026-10-07T08:50:19.766637+00:00,source,csr-alg2,0,0,,,,5,20,4,true
3,full-20261009-A100-SXM4-80GB-spmm-fp32-cusparse-csr-alg2-n16-13.4.1,cuSPARSE-CUDA-13.4.1-SpMM-CSR-ALG2,cuSPARSE CUDA 13.4.1 SpMM CSR ALG2 [cuSPARSE 12.8.6],csr-alg2,cuSPARSE-SpMM-CSR,candidate,,,csr,csr,CUSPARSE_SPMM_CSR_ALG2,library-preprocess,spmm.csr.fp32,fp32,A100-SXM4-80GB,A100-SXM4-80GB,,19500.0,238ed034-08d6-5e0f-b7b4-c4d0b9e54f50,suitesparse_all,HB/bcsstm20,bcsstm20,485,485,485,16,row-major,N,N,1.0,0.0,20260922,main,pass,pass,0,0,15520.0,0.01457,0.0201279997826,0.0346979997826,0.0208564997826,0.771065191158067,0.44728803093090147,0.7441325323891551,0.003954180467477267,0.002293784774004623,0.0038160642686623342,cuSPARSE 12.8.6,CUDA,13040,13000,2026-10-07T14:26:53.232319+00:00,source,csr-alg2,0,0,,,,5,20,4,true
3,full-20261009-A100-SXM4-80GB-spmm-fp32-cusparse-csr-alg2-n16-13.4.1,cuSPARSE-CUDA-13.4.1-SpMM-CSR-ALG2,cuSPARSE CUDA 13.4.1 SpMM CSR ALG2 [cuSPARSE 12.8.6],csr-alg2,cuSPARSE-SpMM-CSR,candidate,,,csr,csr,CUSPARSE_SPMM_CSR_ALG2,library-preprocess,spmm.csr.fp32,fp32,A100-SXM4-80GB,A100-SXM4-80GB,,19500.0,df2405bf-ab33-5b32-9511-7da1122118f9,suitesparse_all,HB/bcsstm21,bcsstm21,3600,3600,3600,16,row-major,N,N,1.0,0.0,20260922,main,pass,pass,0,0,115200.0,0.013869,0.0265727996826,0.0404417996826,0.0272662496826,4.335260167389646,2.848537921262801,4.225003487498872,0.022232103422511005,0.014607886775706673,0.021666684551276266,cuSPARSE 12.8.6,CUDA,13040,13000,2026-10-08T09:33:33.143362+00:00,source,csr-alg2,0,0,,,,5,20,4,true
3,full-20261009-A100-SXM4-80GB-spmm-fp32-cusparse-csr-alg2-n16-13.4.1,cuSPARSE-CUDA-13.4.1-SpMM-CSR-ALG2,cuSPARSE CUDA 13.4.1 SpMM CSR ALG2 [cuSPARSE 12.8.6],csr-alg2,cuSPARSE-SpMM-CSR,candidate,,,csr,csr,CUSPARSE_SPMM_CSR_ALG2,library-preprocess,spmm.csr.fp32,fp32,A100-SXM4-80GB,A100-SXM4-80GB,,19500.0,2793479a-b9ba-5e32-964d-96d3a38ca48f,suitesparse_all,HB/bcsstm23,bcsstm23,3134,3134,3134,16,row-major,N,N,1.0,0.0,20260922,main,pass,pass,0,0,100288.0,0.01535,0.0261119991541,0.0414619991541,0.0268794991541,3.8406863989290985,2.418793161112757,3.7310218998147815,0.019695827686815888,0.012404067492885935,0.0191334456400758,cuSPARSE 12.8.6,CUDA,13040,13000,2026-10-07T08:50:20.488949+00:00,source,csr-alg2,0,0,,,,5,20,4,true
3,full-20261009-A100-SXM4-80GB-spmm-fp32-cusparse-csr-alg2-n16-13.4.1,cuSPARSE-CUDA-13.4.1-SpMM-CSR-ALG2,cuSPARSE CUDA 13.4.1 SpMM CSR ALG2 [cuSPARSE 12.8.6],csr-alg2,cuSPARSE-SpMM-CSR,candidate,,,csr,csr,CUSPARSE_SPMM_CSR_ALG2,library-preprocess,spmm.csr.fp32,fp32,A100-SXM4-80GB,A100-SXM4-80GB,,19500.0,238ed034-08d6-5e0f-b7b4-c4d0b9e54f50,suitesparse_all,HB/beacxc,beacxc,497,506,50409,16,row-major,N,N,1.0,0.0,20260922,main,pass,pass,0,0,1613088.0,0.01302,0.0232559993863,0.0362759993863,0.0239069993863,69.3622309325594,44.46708642875319,67.47346138823202,0.3557037483720995,0.22803634066027278,0.3460177507088822,cuSPARSE 12.8.6,CUDA,13040,13000,2026-10-07T14:26:54.068692+00:00,source,csr-alg2,0,0,,,,5,20,4,true
3,full-20261009-A100-SXM4-80GB-spmm-fp32-cusparse-csr-alg2-n16-13.4.1,cuSPARSE-CUDA-13.4.1-SpMM-CSR-ALG2,cuSPARSE CUDA 13.4.1 SpMM CSR ALG2 [cuSPARSE 12.8.6],csr-alg2,cuSPARSE-SpMM-CSR,candidate,,,csr,csr,CUSPARSE_SPMM_CSR_ALG2,library-preprocess,spmm.csr.fp32,fp32,A100-SXM4-80GB,A100-SXM4-80GB,,19500.0,df2405bf-ab33-5b32-9511-7da1122118f9,suitesparse_all,HB/beaflw,beaflw,497,507,53403,16,row-major,N,N,1.0,0.0,20260922,main,pass,pass,0,0,1708896.0,0.01406,0.0214016005397,0.0354616005397,0.0221046005397,79.8489812399776,48.190041453060054,77.30951739801009,0.40948195507680824,0.2471284177080003,0.3964590635795389,cuSPARSE 12.8.6,CUDA,13040,13000,2026-10-08T09:33:33.820369+00:00,source,csr-alg2,0,0,,,,5,20,4,true
3,full-20261009-A100-SXM4-80GB-spmm-fp32-cusparse-csr-alg2-n16-13.4.1,cuSPARSE-CUDA-13.4.1-SpMM-CSR-ALG2,cuSPARSE CUDA 13.4.1 SpMM CSR ALG2 [cuSPARSE 12.8.6],csr-alg2,cuSPARSE-SpMM-CSR,candidate,,,csr,csr,CUSPARSE_SPMM_CSR_ALG2,library-preprocess,spmm.csr.fp32,fp32,A100-SXM4-80GB,A100-SXM4-80GB,,19500.0,2793479a-b9ba-5e32-964d-96d3a38ca48f,suitesparse_all,HB/blckhole,blckhole,2132,2132,14872,16,row-major,N,N,1.0,0.0,20260922,main,pass,pass,0,0,475904.0,0.014469,0.02129919976,0.03576819976,0.02202264976,22.343750251770018,13.305226519457348,21.609752013783105,0.11458333462446163,0.06823193086901204,0.11081924109632361,cuSPARSE 12.8.6,CUDA,13040,13000,2026-10-07T08:50:21.266811+00:00,source,csr-alg2,0,0,,,,5,20,4,true
3,full-20261009-A100-SXM4-80GB-spmm-fp32-cusparse-csr-alg2-n16-13.4.1,cuSPARSE-CUDA-13.4.1-SpMM-CSR-ALG2,cuSPARSE CUDA 13.4.1 SpMM CSR ALG2 [cuSPARSE 12.8.6],csr-alg2,cuSPARSE-SpMM-CSR,candidate,,,csr,csr,CUSPARSE_SPMM_CSR_ALG2,library-preprocess,spmm.csr.fp32,fp32,A100-SXM4-80GB,A100-SXM4-80GB,,19500.0,238ed034-08d6-5e0f-b7b4-c4d0b9e54f50,suitesparse_all,HB/bp_1600,bp_1600,822,822,4841,16,row-major,N,N,1.0,0.0,20260922,main,pass,pass,0,0,154912.0,0.01764,0.022528000176,0.040168000176,0.023410000176,6.876420400823421,3.8566022535659727,6.617342966055005,0.03526369436319703,0.019777447454184475,0.03393509213361541,cuSPARSE 12.8.6,CUDA,13040,13000,2026-10-07T14:26:55.045730+00:00,source,csr-alg2,0,0,,,,5,20,4,true
3,full-20261009-A100-SXM4-80GB-spmm-fp32-cusparse-csr-alg2-n16-13.4.1,cuSPARSE-CUDA-13.4.1-SpMM-CSR-ALG2,cuSPARSE CUDA 13.4.1 SpMM CSR ALG2 [cuSPARSE 12.8.6],csr-alg2,cuSPARSE-SpMM-CSR,candidate,,,csr,csr,CUSPARSE_SPMM_CSR_ALG2,library-preprocess,spmm.csr.fp32,fp32,A100-SXM4-80GB,A100-SXM4-80GB,,19500.0,df2405bf-ab33-5b32-9511-7da1122118f9,suitesparse_all,HB/bp_200,bp_200,822,822,3802,16,row-major,N,N,1.0,0.0,20260922,main,pass,pass,0,0,121664.0,0.01544,0.0230399996042,0.0384799996042,0.0238119996042,5.280555646269267,3.161746394267651,5.109356711837871,0.0270797725449706,0.01621408407316744,0.026201829291476263,cuSPARSE 12.8.6,CUDA,13040,13000,2026-10-08T09:33:34.411782+00:00,source,csr-alg2,0,0,,,,5,20,4,true
3,full-20261009-A100-SXM4-80GB-spmm-fp32-cusparse-csr-alg2-n16-13.4.1,cuSPARSE-CUDA-13.4.1-SpMM-CSR-ALG2,cuSPARSE CUDA 13.4.1 SpMM CSR ALG2 [cuSPARSE 12.8.6],csr-alg2,cuSPARSE-SpMM-CSR,candidate,,,csr,csr,CUSPARSE_SPMM_CSR_ALG2,library-preprocess,spmm.csr.fp32,fp32,A100-SXM4-80GB,A100-SXM4-80GB,,19500.0,2793479a-b9ba-5e32-964d-96d3a38ca48f,suitesparse_all,HB/bp_600,bp_600,822,822,4172,16,row-major,N,N,1.0,0.0,20260922,main,pass,pass,0,0,133504.0,0.0151,0.0220671996474,0.0371671996474,0.0228221996474,6.049884087387123,3.591984364346351,5.8497428846745425,0.031025046601985247,0.018420432637673595,0.02999868145986945,cuSPARSE 12.8.6,CUDA,13040,13000,2026-10-07T08:50:22.109043+00:00,source,csr-alg2,0,0,,,,5,20,4,true
3,full-20261009-A100-SXM4-80GB-spmm-fp32-cusparse-csr-alg2-n16-13.4.1,cuSPARSE-CUDA-13.4.1-SpMM-CSR-ALG2,cuSPARSE CUDA 13.4.1 SpMM CSR ALG2 [cuSPARSE 12.8.6],csr-alg2,cuSPARSE-SpMM-CSR,candidate,,,csr,csr,CUSPARSE_SPMM_CSR_ALG2,library-preprocess,spmm.csr.fp32,fp32,A100-SXM4-80GB,A100-SXM4-80GB,,19500.0,238ed034-08d6-5e0f-b7b4-c4d0b9e54f50,suitesparse_all,HB/can_161,can_161,161,161,1377,16,row-major,N,N,1.0,0.0,20260922,main,pass,pass,0,0,44064.0,0.01549,0.0186368003488,0.0341268003488,0.0194113003488,2.364354351353945,1.291184627613336,2.270017938428531,0.01212489410950741,0.0066214596287863395,0.011641117632966826,cuSPARSE 12.8.6,CUDA,13040,13000,2026-10-07T14:26:55.798377+00:00,source,csr-alg2,0,0,,,,5,20,4,true
3,full-20261009-A100-SXM4-80GB-spmm-fp32-cusparse-csr-alg2-n16-13.4.1,cuSPARSE-CUDA-13.4.1-SpMM-CSR-ALG2,cuSPARSE CUDA 13.4.1 SpMM CSR ALG2 [cuSPARSE 12.8.6],csr-alg2,cuSPARSE-SpMM-CSR,candidate,,,csr,csr,CUSPARSE_SPMM_CSR_ALG2,library-preprocess,spmm.csr.fp32,fp32,A100-SXM4-80GB,A100-SXM4-80GB,,19500.0,df2405bf-ab33-5b32-9511-7da1122118f9,suitesparse_all,HB/can_187,can_187,187,187,1491,16,row-major,N,N,1.0,0.0,20260922,main,pass,pass,0,0,47712.0,0.01392,0.0184320002794,0.0323520002794,0.0191280002794,2.5885416274284654,1.474777435334668,2.494353790416016,0.013274572448351106,0.007562961206844451,0.012791557899569312,cuSPARSE 12.8.6,CUDA,13040,13000,2026-10-08T09:33:35.005667+00:00,source,csr-alg2,0,0,,,,5,20,4,true
3,full-20261009-A100-SXM4-80GB-spmm-fp32-cusparse-csr-alg2-n16-13.4.1,cuSPARSE-CUDA-13.4.1-SpMM-CSR-ALG2,cuSPARSE CUDA 13.4.1 SpMM CSR ALG2 [cuSPARSE 12.8.6],csr-alg2,cuSPARSE-SpMM-CSR,candidate,,,csr,csr,CUSPARSE_SPMM_CSR_ALG2,library-preprocess,spmm.csr.fp32,fp32,A100-SXM4-80GB,A100-SXM4-80GB,,19500.0,2793479a-b9ba-5e32-964d-96d3a38ca48f,suitesparse_all,HB/can_24,can_24,24,24,160,16,row-major,N,N,1.0,0.0,20260922,main,pass,pass,0,0,5120.0,0.01598,0.0164320006967,0.0324120006967,0.0172310006967,0.31158713381920916,0.15796618196794276,0.29713886559011965,0.001597882737534406,0.0008100829844509884,0.001523789054308306,cuSPARSE 12.8.6,CUDA,13040,13000,2026-10-07T08:50:22.992264+00:00,source,csr-alg2,0,0,,,,5,20,4,true
3,full-20261009-A100-SXM4-80GB-spmm-fp32-cusparse-csr-alg2-n16-13.4.1,cuSPARSE-CUDA-13.4.1-SpMM-CSR-ALG2,cuSPARSE CUDA 13.4.1 SpMM CSR ALG2 [cuSPARSE 12.8.6],csr-alg2,cuSPARSE-SpMM-CSR,candidate,,,csr,csr,CUSPARSE_SPMM_CSR_ALG2,library-preprocess,spmm.csr.fp32,fp32,A100-SXM4-80GB,A100-SXM4-80GB,,19500.0,238ed034-08d6-5e0f-b7b4-c4d0b9e54f50,suitesparse_all,HB/can_61,can_61,61,61,557,16,row-major,N,N,1.0,0.0,20260922,main,pass,pass,0,0,17824.0,0.01764,0.0186368003488,0.0362768003488,0.0195188003488,0.956387344737943,0.491333299205634,0.9131708753348566,0.004904550485835605,0.002519657944644277,0.004682927565819777,cuSPARSE 12.8.6,CUDA,13040,13000,2026-10-07T14:26:56.383686+00:00,source,csr-alg2,0,0,,,,5,20,4,true
3,full-20261009-A100-SXM4-80GB-spmm-fp32-cusparse-csr-alg2-n16-13.4.1,cuSPARSE-CUDA-13.4.1-SpMM-CSR-ALG2,cuSPARSE CUDA 13.4.1 SpMM CSR ALG2 [cuSPARSE 12.8.6],csr-alg2,cuSPARSE-SpMM-CSR,candidate,,,csr,csr,CUSPARSE_SPMM_CSR_ALG2,library-preprocess,spmm.csr.fp32,fp32,A100-SXM4-80GB,A100-SXM4-80GB,,19500.0,df2405bf-ab33-5b32-9511-7da1122118f9,suitesparse_all,HB/can_62,can_62,62,62,218,16,row-major,N,N,1.0,0.0,20260922,main,pass,pass,0,0,6976.0,0.01767,0.0182784006,0.0359484006,0.0191619006,0.38165264853643704,0.19405592136413435,0.3640557450757259,0.001957193069417626,0.0009951585710981248,0.0018669525388498767,cuSPARSE 12.8.6,CUDA,13040,13000,2026-10-08T09:33:35.554487+00:00,source,csr-alg2,0,0,,,,5,20,4,true
3,full-20261009-A100-SXM4-80GB-spmm-fp32-cusparse-csr-alg2-n16-13.4.1,cuSPARSE-CUDA-13.4.1-SpMM-CSR-ALG2,cuSPARSE CUDA 13.4.1 SpMM CSR ALG2 [cuSPARSE 12.8.6],csr-alg2,cuSPARSE-SpMM-CSR,candidate,,,csr,csr,CUSPARSE_SPMM_CSR_ALG2,library-preprocess,spmm.csr.fp32,fp32,A100-SXM4-80GB,A100-SXM4-80GB,,19500.0,2793479a-b9ba-5e32-964d-96d3a38ca48f,suitesparse_all,HB/can_715,can_715,715,715,6665,16,row-major,N,N,1.0,0.0,20260922,main,pass,pass,0,0,213280.0,0.01418,0.0202592000365,0.0344392000365,0.0209682000365,10.527562767322696,6.192942918939975,10.171593156720027,0.05398750137088562,0.03175868163558961,0.05216201618830783,cuSPARSE 12.8.6,CUDA,13040,13000,2026-10-07T08:50:23.691310+00:00,source,csr-alg2,0,0,,,,5,20,4,true
3,full-20261009-A100-SXM4-80GB-spmm-fp32-cusparse-csr-alg2-n16-13.4.1,cuSPARSE-CUDA-13.4.1-SpMM-CSR-ALG2,cuSPARSE CUDA 13.4.1 SpMM CSR ALG2 [cuSPARSE 12.8.6],csr-alg2,cuSPARSE-SpMM-CSR,candidate,,,csr,csr,CUSPARSE_SPMM_CSR_ALG2,library-preprocess,spmm.csr.fp32,fp32,A100-SXM4-80GB,A100-SXM4-80GB,,19500.0,238ed034-08d6-5e0f-b7b4-c4d0b9e54f50,suitesparse_all,HB/cegb2919,cegb2919,2919,2919,321543,16,row-major,N,N,1.0,0.0,20260922,main,pass,pass,0,0,10289376.0,0.01407,0.0500735998154,0.0641435998154,0.0507770998154,205.48504676980562,160.41157698682298,202.6381191010711,1.0537694706143879,0.8226234717272972,1.0391698415439543,cuSPARSE 12.8.6,CUDA,13040,13000,2026-10-07T14:31:27.123884+00:00,source,csr-alg2,0,0,,,,5,20,4,true
3,full-20261009-A100-SXM4-80GB-spmm-fp32-cusparse-csr-alg2-n16-13.4.1,cuSPARSE-CUDA-13.4.1-SpMM-CSR-ALG2,cuSPARSE CUDA 13.4.1 SpMM CSR ALG2 [cuSPARSE 12.8.6],csr-alg2,cuSPARSE-SpMM-CSR,candidate,,,csr,csr,CUSPARSE_SPMM_CSR_ALG2,library-preprocess,spmm.csr.fp32,fp32,A100-SXM4-80GB,A100-SXM4-80GB,,19500.0,df2405bf-ab33-5b32-9511-7da1122118f9,suitesparse_all,HB/cegb3024,cegb3024,3024,3024,79848,16,row-major,N,N,1.0,0.0,20260922,main,pass,pass,0,0,2555136.0,0.01212,0.0251904010773,0.0373104010773,0.0257964010773,101.43292249135831,68.48320913801618,99.05009587746088,0.520168833289017,0.3511959442975188,0.5079492096280045,cuSPARSE 12.8.6,CUDA,13040,13000,2026-10-08T09:37:58.499451+00:00,source,csr-alg2,0,0,,,,5,20,4,true
3,full-20261009-A100-SXM4-80GB-spmm-fp32-cusparse-csr-alg2-n16-13.4.1,cuSPARSE-CUDA-13.4.1-SpMM-CSR-ALG2,cuSPARSE CUDA 13.4.1 SpMM CSR ALG2 [cuSPARSE 12.8.6],csr-alg2,cuSPARSE-SpMM-CSR,candidate,,,csr,csr,CUSPARSE_SPMM_CSR_ALG2,library-preprocess,spmm.csr.fp32,fp32,A100-SXM4-80GB,A100-SXM4-80GB,,19500.0,238ed034-08d6-5e0f-b7b4-c4d0b9e54f50,suitesparse_all,HB/dwt_1005,dwt_1005,1005,1005,8621,16,row-major,N,N,1.0,0.0,20260922,main,pass,pass,0,0,275872.0,0.04134,0.019763199985,0.061103199985,0.021830199985,13.958873067589414,4.514853560332729,12.637172366242984,0.07158396444917647,0.023153095181193482,0.06480601213457941,cuSPARSE 12.8.6,CUDA,13040,13000,2026-10-07T14:26:57.408390+00:00,source,csr-alg2,0,0,,,,5,20,4,true
3,full-20261009-A100-SXM4-80GB-spmm-fp32-cusparse-csr-alg2-n16-13.4.1,cuSPARSE-CUDA-13.4.1-SpMM-CSR-ALG2,cuSPARSE CUDA 13.4.1 SpMM CSR ALG2 [cuSPARSE 12.8.6],csr-alg2,cuSPARSE-SpMM-CSR,candidate,,,csr,csr,CUSPARSE_SPMM_CSR_ALG2,library-preprocess,spmm.csr.fp32,fp32,A100-SXM4-80GB,A100-SXM4-80GB,,19500.0,df2405bf-ab33-5b32-9511-7da1122118f9,suitesparse_all,HB/dwt_1007,dwt_1007,1007,1007,8575,16,row-major,N,N,1.0,0.0,20260922,main,pass,pass,0,0,274400.0,0.01411,0.0199167996645,0.0340267996645,0.0206222996645,13.777313856758557,8.064231802742244,13.30598451502295,0.07065289157312081,0.041355034885857664,0.06823581802575872,cuSPARSE 12.8.6,CUDA,13040,13000,2026-10-08T09:33:36.147160+00:00,source,csr-alg2,0,0,,,,5,20,4,true
3,full-20261009-A100-SXM4-80GB-spmm-fp32-cusparse-csr-alg2-n16-13.4.1,cuSPARSE-CUDA-13.4.1-SpMM-CSR-ALG2,cuSPARSE CUDA 13.4.1 SpMM CSR ALG2 [cuSPARSE 12.8.6],csr-alg2,cuSPARSE-SpMM-CSR,candidate,,,csr,csr,CUSPARSE_SPMM_CSR_ALG2,library-preprocess,spmm.csr.fp32,fp32,A100-SXM4-80GB,A100-SXM4-80GB,,19500.0,2793479a-b9ba-5e32-964d-96d3a38ca48f,suitesparse_all,HB/dwt_162,dwt_162,162,162,1182,16,row-major,N,N,1.0,0.0,20260922,main,pass,pass,0,0,37824.0,0.01422,0.0180736005306,0.0322936005306,0.0187846005306,2.0927761425268336,1.1712537276281607,2.0135642457972387,0.010732185346291454,0.006006429372452106,0.010325970491267891,cuSPARSE 12.8.6,CUDA,13040,13000,2026-10-07T08:50:24.321068+00:00,source,csr-alg2,0,0,,,,5,20,4,true
3,full-20261009-A100-SXM4-80GB-spmm-fp32-cusparse-csr-alg2-n16-13.4.1,cuSPARSE-CUDA-13.4.1-SpMM-CSR-ALG2,cuSPARSE CUDA 13.4.1 SpMM CSR ALG2 [cuSPARSE 12.8.6],csr-alg2,cuSPARSE-SpMM-CSR,candidate,,,csr,csr,CUSPARSE_SPMM_CSR_ALG2,library-preprocess,spmm.csr.fp32,fp32,A100-SXM4-80GB,A100-SXM4-80GB,,19500.0,238ed034-08d6-5e0f-b7b4-c4d0b9e54f50,suitesparse_all,HB/dwt_234,dwt_234,234,234,834,16,row-major,N,N,1.0,0.0,20260922,main,pass,pass,0,0,26688.0,0.01392,0.0190464004874,0.0329664004874,0.0197424004874,1.4012096415622068,0.8095515314206156,1.351811296556,0.007185690469549778,0.004151546314977516,0.006932365623364104,cuSPARSE 12.8.6,CUDA,13040,13000,2026-10-07T14:26:58.222214+00:00,source,csr-alg2,0,0,,,,5,20,4,true
3,full-20261009-A100-SXM4-80GB-spmm-fp32-cusparse-csr-alg2-n16-13.4.1,cuSPARSE-CUDA-13.4.1-SpMM-CSR-ALG2,cuSPARSE CUDA 13.4.1 SpMM CSR ALG2 [cuSPARSE 12.8.6],csr-alg2,cuSPARSE-SpMM-CSR,candidate,,,csr,csr,CUSPARSE_SPMM_CSR_ALG2,library-preprocess,spmm.csr.fp32,fp32,A100-SXM4-80GB,A100-SXM4-80GB,,19500.0,df2405bf-ab33-5b32-9511-7da1122118f9,suitesparse_all,HB/dwt_245,dwt_245,245,245,1461,16,row-major,N,N,1.0,0.0,20260922,main,pass,pass,0,0,46752.0,0.01422,0.0195583999157,0.0337783999157,0.0202693999157,2.390379591454771,1.3840797704058785,2.306531036658242,0.012258356879255236,0.007097844976440402,0.011828364290555086,cuSPARSE 12.8.6,CUDA,13040,13000,2026-10-08T09:33:36.734195+00:00,source,csr-alg2,0,0,,,,5,20,4,true
3,full-20261009-A100-SXM4-80GB-spmm-fp32-cusparse-csr-alg2-n16-13.4.1,cuSPARSE-CUDA-13.4.1-SpMM-CSR-ALG2,cuSPARSE CUDA 13.4.1 SpMM CSR ALG2 [cuSPARSE 12.8.6],csr-alg2,cuSPARSE-SpMM-CSR,candidate,,,csr,csr,CUSPARSE_SPMM_CSR_ALG2,library-preprocess,spmm.csr.fp32,fp32,A100-SXM4-80GB,A100-SXM4-80GB,,19500.0,2793479a-b9ba-5e32-964d-96d3a38ca48f,suitesparse_all,HB/dwt_307,dwt_307,307,307,2523,16,row-major,N,N,1.0,0.0,20260922,main,pass,pass,0,0,80736.0,0.01442,0.0188416004181,0.0332616004181,0.0195626004181,4.284986317958519,2.4273035267438847,4.127058687213191,0.021974288810043686,0.012447710393558383,0.021164403524170212,cuSPARSE 12.8.6,CUDA,13040,13000,2026-10-07T08:50:25.052029+00:00,source,csr-alg2,0,0,,,,5,20,4,true
3,full-20261009-A100-SXM4-80GB-spmm-fp32-cusparse-csr-alg2-n16-13.4.1,cuSPARSE-CUDA-13.4.1-SpMM-CSR-ALG2,cuSPARSE CUDA 13.4.1 SpMM CSR ALG2 [cuSPARSE 12.8.6],csr-alg2,cuSPARSE-SpMM-CSR,candidate,,,csr,csr,CUSPARSE_SPMM_CSR_ALG2,library-preprocess,spmm.csr.fp32,fp32,A100-SXM4-80GB,A100-SXM4-80GB,,19500.0,238ed034-08d6-5e0f-b7b4-c4d0b9e54f50,suitesparse_all,HB/dwt_492,dwt_492,492,492,3156,16,row-major,N,N,1.0,0.0,20260922,main,pass,pass,0,0,100992.0,0.01649,0.0163839995861,0.0328739995861,0.0172084995861,6.164062655719331,3.0720934863886193,5.868727804809626,0.0316105777216376,0.01575432557122369,0.030096040024664747,cuSPARSE 12.8.6,CUDA,13040,13000,2026-10-07T14:26:59.537206+00:00,source,csr-alg2,0,0,,,,5,20,4,true
3,full-20261009-A100-SXM4-80GB-spmm-fp32-cusparse-csr-alg2-n16-13.4.1,cuSPARSE-CUDA-13.4.1-SpMM-CSR-ALG2,cuSPARSE CUDA 13.4.1 SpMM CSR ALG2 [cuSPARSE 12.8.6],csr-alg2,cuSPARSE-SpMM-CSR,candidate,,,csr,csr,CUSPARSE_SPMM_CSR_ALG2,library-preprocess,spmm.csr.fp32,fp32,A100-SXM4-80GB,A100-SXM4-80GB,,19500.0,df2405bf-ab33-5b32-9511-7da1122118f9,suitesparse_all,HB/dwt_503,dwt_503,503,503,6027,16,row-major,N,N,1.0,0.0,20260922,main,pass,pass,0,0,192864.0,0.014331,0.0197119995952,0.0340429995952,0.0204285495952,9.784091110014208,5.665305710228704,9.44090519501768,0.05017482620520106,0.02905284979604464,0.0484148984359881,cuSPARSE 12.8.6,CUDA,13040,13000,2026-10-08T09:33:37.548415+00:00,source,csr-alg2,0,0,,,,5,20,4,true
3,full-20261009-A100-SXM4-80GB-spmm-fp32-cusparse-csr-alg2-n16-13.4.1,cuSPARSE-CUDA-13.4.1-SpMM-CSR-ALG2,cuSPARSE CUDA 13.4.1 SpMM CSR ALG2 [cuSPARSE 12.8.6],csr-alg2,cuSPARSE-SpMM-CSR,candidate,,,csr,csr,CUSPARSE_SPMM_CSR_ALG2,library-preprocess,spmm.csr.fp32,fp32,A100-SXM4-80GB,A100-SXM4-80GB,,19500.0,2793479a-b9ba-5e32-964d-96d3a38ca48f,suitesparse_all,HB/dwt_59,dwt_59,59,59,267,16,row-major,N,N,1.0,0.0,20260922,main,pass,pass,0,0,8544.0,0.01704,0.017664000392,0.034704000392,0.018516000392,0.4836956414397253,0.2461964010918341,0.4614387459017073,0.0024804904689216685,0.0012625456466247903,0.002366352543085679,cuSPARSE 12.8.6,CUDA,13040,13000,2026-10-07T08:50:25.876844+00:00,source,csr-alg2,0,0,,,,5,20,4,true
3,full-20261009-A100-SXM4-80GB-spmm-fp32-cusparse-csr-alg2-n16-13.4.1,cuSPARSE-CUDA-13.4.1-SpMM-CSR-ALG2,cuSPARSE CUDA 13.4.1 SpMM CSR ALG2 [cuSPARSE 12.8.6],csr-alg2,cuSPARSE-SpMM-CSR,candidate,,,csr,csr,CUSPARSE_SPMM_CSR_ALG2,library-preprocess,spmm.csr.fp32,fp32,A100-SXM4-80GB,A100-SXM4-80GB,,19500.0,238ed034-08d6-5e0f-b7b4-c4d0b9e54f50,suitesparse_all,HB/dwt_758,dwt_758,758,758,5994,16,row-major,N,N,1.0,0.0,20260922,main,pass,pass,0,0,191808.0,0.01474,0.0163328006864,0.0310728006864,0.0170698006864,11.743729913983136,6.1728584409177785,11.236686562650902,0.0602242559691443,0.03165568431239887,0.05762403365462001,cuSPARSE 12.8.6,CUDA,13040,13000,2026-10-07T14:27:00.298744+00:00,source,csr-alg2,0,0,,,,5,20,4,true
3,full-20261009-A100-SXM4-80GB-spmm-fp32-cusparse-csr-alg2-n16-13.4.1,cuSPARSE-CUDA-13.4.1-SpMM-CSR-ALG2,cuSPARSE CUDA 13.4.1 SpMM CSR ALG2 [cuSPARSE 12.8.6],csr-alg2,cuSPARSE-SpMM-CSR,candidate,,,csr,csr,CUSPARSE_SPMM_CSR_ALG2,library-preprocess,spmm.csr.fp32,fp32,A100-SXM4-80GB,A100-SXM4-80GB,,19500.0,df2405bf-ab33-5b32-9511-7da1122118f9,suitesparse_all,HB/dwt_869,dwt_869,869,869,7285,16,row-major,N,N,1.0,0.0,20260922,main,pass,pass,0,0,233120.0,0.01403,0.0193535998464,0.0333835998464,0.0200550998464,12.045304328401887,6.983069563276564,11.6239760352949,0.06177079142770199,0.03581061314500802,0.05961013351433283,cuSPARSE 12.8.6,CUDA,13040,13000,2026-10-08T09:33:38.145077+00:00,source,csr-alg2,0,0,,,,5,20,4,true
3,full-20261009-A100-SXM4-80GB-spmm-fp32-cusparse-csr-alg2-n16-13.4.1,cuSPARSE-CUDA-13.4.1-SpMM-CSR-ALG2,cuSPARSE CUDA 13.4.1 SpMM CSR ALG2 [cuSPARSE 12.8.6],csr-alg2,cuSPARSE-SpMM-CSR,candidate,,,csr,csr,CUSPARSE_SPMM_CSR_ALG2,library-preprocess,spmm.csr.fp32,fp32,A100-SXM4-80GB,A100-SXM4-80GB,,19500.0,2793479a-b9ba-5e32-964d-96d3a38ca48f,suitesparse_all,HB/dwt_878,dwt_878,878,878,7448,16,row-major,N,N,1.0,0.0,20260922,main,pass,pass,0,0,238336.0,0.01394,0.0198144003749,0.0337544003749,0.0205114003749,12.028423545025033,7.060886798546962,11.619684450782506,0.06168422330782068,0.036209675889984416,0.05958812538862824,cuSPARSE 12.8.6,CUDA,13040,13000,2026-10-07T08:50:26.447652+00:00,source,csr-alg2,0,0,,,,5,20,4,true
3,full-20261009-A100-SXM4-80GB-spmm-fp32-cusparse-csr-alg2-n16-13.4.1,cuSPARSE-CUDA-13.4.1-SpMM-CSR-ALG2,cuSPARSE CUDA 13.4.1 SpMM CSR ALG2 [cuSPARSE 12.8.6],csr-alg2,cuSPARSE-SpMM-CSR,candidate,,,csr,csr,CUSPARSE_SPMM_CSR_ALG2,library-preprocess,spmm.csr.fp32,fp32,A100-SXM4-80GB,A100-SXM4-80GB,,19500.0,238ed034-08d6-5e0f-b7b4-c4d0b9e54f50,suitesparse_all,HB/fs_183_3,fs_183_3,183,183,1069,16,row-major,N,N,1.0,0.0,20260922,main,pass,pass,0,0,34208.0,0.01491,0.0172544002533,0.0321644002533,0.0179999002533,1.982566736473934,1.0635360749961544,1.9004549757840183,0.010167008904994534,0.005454031153826433,0.009745922952738555,cuSPARSE 12.8.6,CUDA,13040,13000,2026-10-07T14:27:00.872462+00:00,source,csr-alg2,0,0,,,,5,20,4,true
3,full-20261009-A100-SXM4-80GB-spmm-fp32-cusparse-csr-alg2-n16-13.4.1,cuSPARSE-CUDA-13.4.1-SpMM-CSR-ALG2,cuSPARSE CUDA 13.4.1 SpMM CSR ALG2 [cuSPARSE 12.8.6],csr-alg2,cuSPARSE-SpMM-CSR,candidate,,,csr,csr,CUSPARSE_SPMM_CSR_ALG2,library-preprocess,spmm.csr.fp32,fp32,A100-SXM4-80GB,A100-SXM4-80GB,,19500.0,df2405bf-ab33-5b32-9511-7da1122118f9,suitesparse_all,HB/fs_183_4,fs_183_4,183,183,1069,16,row-major,N,N,1.0,0.0,20260922,main,pass,pass,0,0,34208.0,0.01409,0.0209408000112,0.0350308000112,0.0216453000112,1.6335574563390203,0.9765120976130452,1.5803892753761621,0.008377217724815488,0.005007754346733566,0.008104560386544422,cuSPARSE 12.8.6,CUDA,13040,13000,2026-10-08T09:33:38.717905+00:00,source,csr-alg2,0,0,,,,5,20,4,true
3,full-20261009-A100-SXM4-80GB-spmm-fp32-cusparse-csr-alg2-n16-13.4.1,cuSPARSE-CUDA-13.4.1-SpMM-CSR-ALG2,cuSPARSE CUDA 13.4.1 SpMM CSR ALG2 [cuSPARSE 12.8.6],csr-alg2,cuSPARSE-SpMM-CSR,candidate,,,csr,csr,CUSPARSE_SPMM_CSR_ALG2,library-preprocess,spmm.csr.fp32,fp32,A100-SXM4-80GB,A100-SXM4-80GB,,19500.0,2793479a-b9ba-5e32-964d-96d3a38ca48f,suitesparse_all,HB/fs_541_1,fs_541_1,541,541,4285,16,row-major,N,N,1.0,0.0,20260922,main,pass,pass,0,0,137120.0,0.027231,0.0202751994133,0.0475061994133,0.0216367494133,6.76294211489002,2.8863601318023226,6.3373659961931725,0.03468175443533344,0.0148018468297555,0.032499312800990623,cuSPARSE 12.8.6,CUDA,13040,13000,2026-10-07T08:50:26.998904+00:00,source,csr-alg2,0,0,,,,5,20,4,true
3,full-20261009-A100-SXM4-80GB-spmm-fp32-cusparse-csr-alg2-n16-13.4.1,cuSPARSE-CUDA-13.4.1-SpMM-CSR-ALG2,cuSPARSE CUDA 13.4.1 SpMM CSR ALG2 [cuSPARSE 12.8.6],csr-alg2,cuSPARSE-SpMM-CSR,candidate,,,csr,csr,CUSPARSE_SPMM_CSR_ALG2,library-preprocess,spmm.csr.fp32,fp32,A100-SXM4-80GB,A100-SXM4-80GB,,19500.0,238ed034-08d6-5e0f-b7b4-c4d0b9e54f50,suitesparse_all,HB/fs_680_2,fs_680_2,680,680,2646,16,row-major,N,N,1.0,0.0,20260922,main,pass,pass,0,0,84672.0,0.01374,0.0227840006351,0.0365240006351,0.0234710006351,3.716292031240473,2.318256448572865,3.6075155600045536,0.019057907852515245,0.011888494608065974,0.018500079794895145,cuSPARSE 12.8.6,CUDA,13040,13000,2026-10-07T14:27:01.574714+00:00,source,csr-alg2,0,0,,,,5,20,4,true
3,full-20261009-A100-SXM4-80GB-spmm-fp32-cusparse-csr-alg2-n16-13.4.1,cuSPARSE-CUDA-13.4.1-SpMM-CSR-ALG2,cuSPARSE CUDA 13.4.1 SpMM CSR ALG2 [cuSPARSE 12.8.6],csr-alg2,cuSPARSE-SpMM-CSR,candidate,,,csr,csr,CUSPARSE_SPMM_CSR_ALG2,library-preprocess,spmm.csr.fp32,fp32,A100-SXM4-80GB,A100-SXM4-80GB,,19500.0,df2405bf-ab33-5b32-9511-7da1122118f9,suitesparse_all,HB/fs_680_3,fs_680_3,680,680,2646,16,row-major,N,N,1.0,0.0,20260922,main,pass,pass,0,0,84672.0,0.01344,0.0227328002453,0.0361728002453,0.0234048002453,3.7246621219709133,2.340764315336676,3.6177194042492755,0.01910083139472263,0.012003919565829108,0.018552407201278334,cuSPARSE 12.8.6,CUDA,13040,13000,2026-10-08T09:33:39.310962+00:00,source,csr-alg2,0,0,,,,5,20,4,true
3,full-20261009-A100-SXM4-80GB-spmm-fp32-cusparse-csr-alg2-n16-13.4.1,cuSPARSE-CUDA-13.4.1-SpMM-CSR-ALG2,cuSPARSE CUDA 13.4.1 SpMM CSR ALG2 [cuSPARSE 12.8.6],csr-alg2,cuSPARSE-SpMM-CSR,candidate,,,csr,csr,CUSPARSE_SPMM_CSR_ALG2,library-preprocess,spmm.csr.fp32,fp32,A100-SXM4-80GB,A100-SXM4-80GB,,19500.0,2793479a-b9ba-5e32-964d-96d3a38ca48f,suitesparse_all,HB/fs_760_2,fs_760_2,760,760,5976,16,row-major,N,N,1.0,0.0,20260922,main,pass,pass,0,0,191232.0,0.018209,0.0212479993701,0.0394569993701,0.0221584493701,9.000000266806296,4.8465925704657895,8.63020678053597,0.04615384752208357,0.024854320874183534,0.04425747066941523,cuSPARSE 12.8.6,CUDA,13040,13000,2026-10-07T08:50:27.911878+00:00,source,csr-alg2,0,0,,,,5,20,4,true
3,full-20261009-A100-SXM4-80GB-spmm-fp32-cusparse-csr-alg2-n16-13.4.1,cuSPARSE-CUDA-13.4.1-SpMM-CSR-ALG2,cuSPARSE CUDA 13.4.1 SpMM CSR ALG2 [cuSPARSE 12.8.6],csr-alg2,cuSPARSE-SpMM-CSR,candidate,,,csr,csr,CUSPARSE_SPMM_CSR_ALG2,library-preprocess,spmm.csr.fp32,fp32,A100-SXM4-80GB,A100-SXM4-80GB,,19500.0,238ed034-08d6-5e0f-b7b4-c4d0b9e54f50,suitesparse_all,HB/gent113,gent113,113,113,655,16,row-major,N,N,1.0,0.0,20260922,main,pass,pass,0,0,20960.0,0.01452,0.0211456000805,0.0356656000805,0.0218716000805,0.9912227565170327,0.5876811255857652,0.9583203754117308,0.00508319362316427,0.0030137493619782833,0.0049144634636499014,cuSPARSE 12.8.6,CUDA,13040,13000,2026-10-07T14:27:02.351802+00:00,source,csr-alg2,0,0,,,,5,20,4,true
3,full-20261009-A100-SXM4-80GB-spmm-fp32-cusparse-csr-alg2-n16-13.4.1,cuSPARSE-CUDA-13.4.1-SpMM-CSR-ALG2,cuSPARSE CUDA 13.4.1 SpMM CSR ALG2 [cuSPARSE 12.8.6],csr-alg2,cuSPARSE-SpMM-CSR,candidate,,,csr,csr,CUSPARSE_SPMM_CSR_ALG2,library-preprocess,spmm.csr.fp32,fp32,A100-SXM4-80GB,A100-SXM4-80GB,,19500.0,df2405bf-ab33-5b32-9511-7da1122118f9,suitesparse_all,HB/gr_30_30,gr_30_30,900,900,7744,16,row-major,N,N,1.0,0.0,20260922,main,pass,pass,0,0,247808.0,0.01403,0.0194048002362,0.0334348002362,0.0201063002362,12.770448393367625,7.411678797222101,12.32489304789346,0.06548947894034679,0.038008609216523596,0.06320457973278697,cuSPARSE 12.8.6,CUDA,13040,13000,2026-10-08T09:33:39.882282+00:00,source,csr-alg2,0,0,,,,5,20,4,true
3,full-20261009-A100-SXM4-80GB-spmm-fp32-cusparse-csr-alg2-n16-13.4.1,cuSPARSE-CUDA-13.4.1-SpMM-CSR-ALG2,cuSPARSE CUDA 13.4.1 SpMM CSR ALG2 [cuSPARSE 12.8.6],csr-alg2,cuSPARSE-SpMM-CSR,candidate,,,csr,csr,CUSPARSE_SPMM_CSR_ALG2,library-preprocess,spmm.csr.fp32,fp32,A100-SXM4-80GB,A100-SXM4-80GB,,19500.0,2793479a-b9ba-5e32-964d-96d3a38ca48f,suitesparse_all,HB/gre_115,gre_115,115,115,421,16,row-major,N,N,1.0,0.0,20260922,main,pass,pass,0,0,13472.0,0.01513,0.0195071995258,0.0346371995258,0.0202636995258,0.690616814688448,0.38894599403064306,0.6648341771376584,0.00354162469070999,0.001994594841182785,0.003409406036603376,cuSPARSE 12.8.6,CUDA,13040,13000,2026-10-07T08:50:28.809497+00:00,source,csr-alg2,0,0,,,,5,20,4,true
3,full-20261009-A100-SXM4-80GB-spmm-fp32-cusparse-csr-alg2-n16-13.4.1,cuSPARSE-CUDA-13.4.1-SpMM-CSR-ALG2,cuSPARSE CUDA 13.4.1 SpMM CSR ALG2 [cuSPARSE 12.8.6],csr-alg2,cuSPARSE-SpMM-CSR,candidate,,,csr,csr,CUSPARSE_SPMM_CSR_ALG2,library-preprocess,spmm.csr.fp32,fp32,A100-SXM4-80GB,A100-SXM4-80GB,,19500.0,238ed034-08d6-5e0f-b7b4-c4d0b9e54f50,suitesparse_all,HB/gre_512,gre_512,512,512,2192,16,row-major,N,N,1.0,0.0,20260922,main,pass,pass,0,0,70144.0,0.01383,0.0204288005829,0.0342588005829,0.0211203005829,3.433583861928452,2.0474738988676626,3.321164853912729,0.017608122368863856,0.010499866148039294,0.01703161463544989,cuSPARSE 12.8.6,CUDA,13040,13000,2026-10-07T14:27:02.965224+00:00,source,csr-alg2,0,0,,,,5,20,4,true
3,full-20261009-A100-SXM4-80GB-spmm-fp32-cusparse-csr-alg2-n16-13.4.1,cuSPARSE-CUDA-13.4.1-SpMM-CSR-ALG2,cuSPARSE CUDA 13.4.1 SpMM CSR ALG2 [cuSPARSE 12.8.6],csr-alg2,cuSPARSE-SpMM-CSR,candidate,,,csr,csr,CUSPARSE_SPMM_CSR_ALG2,library-preprocess,spmm.csr.fp32,fp32,A100-SXM4-80GB,A100-SXM4-80GB,,19500.0,df2405bf-ab33-5b32-9511-7da1122118f9,suitesparse_all,HB/hor_131,hor_131,434,434,4710,16,row-major,N,N,1.0,0.0,20260922,main,pass,pass,0,0,150720.0,0.01447,0.0205824002624,0.0350524002624,0.0213059002624,7.322761100673754,4.29984819503714,7.0740967592900095,0.03755262102909617,0.022050503564293028,0.0362774192784103,cuSPARSE 12.8.6,CUDA,13040,13000,2026-10-08T09:33:40.447206+00:00,source,csr-alg2,0,0,,,,5,20,4,true
3,full-20261009-A100-SXM4-80GB-spmm-fp32-cusparse-csr-alg2-n16-13.4.1,cuSPARSE-CUDA-13.4.1-SpMM-CSR-ALG2,cuSPARSE CUDA 13.4.1 SpMM CSR ALG2 [cuSPARSE 12.8.6],csr-alg2,cuSPARSE-SpMM-CSR,candidate,,,csr,csr,CUSPARSE_SPMM_CSR_ALG2,library-preprocess,spmm.csr.fp32,fp32,A100-SXM4-80GB,A100-SXM4-80GB,,19500.0,2793479a-b9ba-5e32-964d-96d3a38ca48f,suitesparse_all,HB/illc1033,illc1033,1033,320,4732,16,row-major,N,N,1.0,0.0,20260922,main,pass,pass,0,0,151424.0,0.01506,0.0192512005568,0.0343112005568,0.0200042005568,7.865691261863317,4.413252743789225,7.569610171126116,0.04033687826596573,0.022632065352765254,0.038818513698082646,cuSPARSE 12.8.6,CUDA,13040,13000,2026-10-07T08:50:30.209858+00:00,source,csr-alg2,0,0,,,,5,20,4,true
3,full-20261009-A100-SXM4-80GB-spmm-fp32-cusparse-csr-alg2-n16-13.4.1,cuSPARSE-CUDA-13.4.1-SpMM-CSR-ALG2,cuSPARSE CUDA 13.4.1 SpMM CSR ALG2 [cuSPARSE 12.8.6],csr-alg2,cuSPARSE-SpMM-CSR,candidate,,,csr,csr,CUSPARSE_SPMM_CSR_ALG2,library-preprocess,spmm.csr.fp32,fp32,A100-SXM4-80GB,A100-SXM4-80GB,,19500.0,238ed034-08d6-5e0f-b7b4-c4d0b9e54f50,suitesparse_all,HB/impcol_d,impcol_d,425,425,1339,16,row-major,N,N,1.0,0.0,20260922,main,pass,pass,0,0,42848.0,0.01455,0.0208895996213,0.0354395996213,0.0216170996213,2.051164252871089,1.209043004375461,1.9821345486043158,0.010518791040364558,0.006200220535258774,0.01016479255694521,cuSPARSE 12.8.6,CUDA,13040,13000,2026-10-07T14:27:04.133827+00:00,source,csr-alg2,0,0,,,,5,20,4,true
3,full-20261009-A100-SXM4-80GB-spmm-fp32-cusparse-csr-alg2-n16-13.4.1,cuSPARSE-CUDA-13.4.1-SpMM-CSR-ALG2,cuSPARSE CUDA 13.4.1 SpMM CSR ALG2 [cuSPARSE 12.8.6],csr-alg2,cuSPARSE-SpMM-CSR,candidate,,,csr,csr,CUSPARSE_SPMM_CSR_ALG2,library-preprocess,spmm.csr.fp32,fp32,A100-SXM4-80GB,A100-SXM4-80GB,,19500.0,df2405bf-ab33-5b32-9511-7da1122118f9,suitesparse_all,HB/impcol_e,impcol_e,225,225,1308,16,row-major,N,N,1.0,0.0,20260922,main,pass,pass,0,0,41856.0,0.01403,0.0199167996645,0.0339467996645,0.0206182996645,2.1015424518530836,1.2329880994281495,2.0300413070465977,0.010777140778733763,0.006323015894503331,0.010410468241264603,cuSPARSE 12.8.6,CUDA,13040,13000,2026-10-08T09:33:41.151669+00:00,source,csr-alg2,0,0,,,,5,20,4,true
3,full-20261009-A100-SXM4-80GB-spmm-fp32-cusparse-csr-alg2-n16-13.4.1,cuSPARSE-CUDA-13.4.1-SpMM-CSR-ALG2,cuSPARSE CUDA 13.4.1 SpMM CSR ALG2 [cuSPARSE 12.8.6],csr-alg2,cuSPARSE-SpMM-CSR,candidate,,,csr,csr,CUSPARSE_SPMM_CSR_ALG2,library-preprocess,spmm.csr.fp32,fp32,A100-SXM4-80GB,A100-SXM4-80GB,,19500.0,2793479a-b9ba-5e32-964d-96d3a38ca48f,suitesparse_all,HB/jagmesh2,jagmesh2,1009,1009,6865,16,row-major,N,N,1.0,0.0,20260922,main,pass,pass,0,0,219680.0,0.01396,0.0198655992746,0.0338255992746,0.0205635992746,11.058312259468615,6.494489520100241,10.682954723366304,0.056709293638300594,0.03330507446205252,0.05478438319675028,cuSPARSE 12.8.6,CUDA,13040,13000,2026-10-07T08:50:30.897237+00:00,source,csr-alg2,0,0,,,,5,20,4,true
3,full-20261009-A100-SXM4-80GB-spmm-fp32-cusparse-csr-alg2-n16-13.4.1,cuSPARSE-CUDA-13.4.1-SpMM-CSR-ALG2,cuSPARSE CUDA 13.4.1 SpMM CSR ALG2 [cuSPARSE 12.8.6],csr-alg2,cuSPARSE-SpMM-CSR,candidate,,,csr,csr,CUSPARSE_SPMM_CSR_ALG2,library-preprocess,spmm.csr.fp32,fp32,A100-SXM4-80GB,A100-SXM4-80GB,,19500.0,238ed034-08d6-5e0f-b7b4-c4d0b9e54f50,suitesparse_all,HB/jagmesh7,jagmesh7,1138,1138,7450,16,row-major,N,N,1.0,0.0,20260922,main,pass,pass,0,0,238400.0,0.01413,0.0199680000544,0.0340980000544,0.0206745000544,11.939102531576161,6.99161240013069,11.531113176749496,0.0612261668285957,0.03585442256477277,0.0591339137269205,cuSPARSE 12.8.6,CUDA,13040,13000,2026-10-07T14:27:04.874449+00:00,source,csr-alg2,0,0,,,,5,20,4,true
3,full-20261009-A100-SXM4-80GB-spmm-fp32-cusparse-csr-alg2-n16-13.4.1,cuSPARSE-CUDA-13.4.1-SpMM-CSR-ALG2,cuSPARSE CUDA 13.4.1 SpMM CSR ALG2 [cuSPARSE 12.8.6],csr-alg2,cuSPARSE-SpMM-CSR,candidate,,,csr,csr,CUSPARSE_SPMM_CSR_ALG2,library-preprocess,spmm.csr.fp32,fp32,A100-SXM4-80GB,A100-SXM4-80GB,,19500.0,df2405bf-ab33-5b32-9511-7da1122118f9,suitesparse_all,HB/jagmesh8,jagmesh8,1141,1141,7465,16,row-major,N,N,1.0,0.0,20260922,main,pass,pass,0,0,238880.0,0.015069,0.020070399344,0.035139399344,0.020823849344,11.902104980856429,6.798067253838487,11.471462170793545,0.06103643579926373,0.03486188335301788,0.05882801113227459,cuSPARSE 12.8.6,CUDA,13040,13000,2026-10-08T09:33:41.935499+00:00,source,csr-alg2,0,0,,,,5,20,4,true
3,full-20261009-A100-SXM4-80GB-spmm-fp32-cusparse-csr-alg2-n16-13.4.1,cuSPARSE-CUDA-13.4.1-SpMM-CSR-ALG2,cuSPARSE CUDA 13.4.1 SpMM CSR ALG2 [cuSPARSE 12.8.6],csr-alg2,cuSPARSE-SpMM-CSR,candidate,,,csr,csr,CUSPARSE_SPMM_CSR_ALG2,library-preprocess,spmm.csr.fp32,fp32,A100-SXM4-80GB,A100-SXM4-80GB,,19500.0,2793479a-b9ba-5e32-964d-96d3a38ca48f,suitesparse_all,HB/jgl009,jgl009,9,9,50,16,row-major,N,N,1.0,0.0,20260922,main,pass,pass,0,0,1600.0,0.01895,0.01520639956,0.03415639956,0.01615389956,0.10521885826338237,0.0468433447497708,0.09904729158783998,0.0005395838885301661,0.0002402222807680554,0.0005079348286555897,cuSPARSE 12.8.6,CUDA,13040,13000,2026-10-07T08:50:31.661677+00:00,source,csr-alg2,0,0,,,,5,20,4,true
3,full-20261009-A100-SXM4-80GB-spmm-fp32-cusparse-csr-alg2-n16-13.4.1,cuSPARSE-CUDA-13.4.1-SpMM-CSR-ALG2,cuSPARSE CUDA 13.4.1 SpMM CSR ALG2 [cuSPARSE 12.8.6],csr-alg2,cuSPARSE-SpMM-CSR,candidate,,,csr,csr,CUSPARSE_SPMM_CSR_ALG2,library-preprocess,spmm.csr.fp32,fp32,A100-SXM4-80GB,A100-SXM4-80GB,,19500.0,2793479a-b9ba-5e32-964d-96d3a38ca48f,suitesparse_all,HB/lap_25,lap_25,25,25,169,16,row-major,N,N,1.0,0.0,20260922,main,pass,pass,0,0,5408.0,0.01845,0.0134143993258,0.0318643993258,0.0143368993258,0.4031488752238618,0.1697191886376231,0.3772084798187863,0.0020674301293531375,0.0008703548135262722,0.0019344024606091606,cuSPARSE 12.8.6,CUDA,13040,13000,2026-10-07T08:56:15.763428+00:00,source,csr-alg2,0,0,,,,5,20,4,true
3,full-20261009-A100-SXM4-80GB-spmm-fp32-cusparse-csr-alg2-n16-13.4.1,cuSPARSE-CUDA-13.4.1-SpMM-CSR-ALG2,cuSPARSE CUDA 13.4.1 SpMM CSR ALG2 [cuSPARSE 12.8.6],csr-alg2,cuSPARSE-SpMM-CSR,candidate,,,csr,csr,CUSPARSE_SPMM_CSR_ALG2,library-preprocess,spmm.csr.fp32,fp32,A100-SXM4-80GB,A100-SXM4-80GB,,19500.0,238ed034-08d6-5e0f-b7b4-c4d0b9e54f50,suitesparse_all,HB/lns_511,lns_511,511,511,2796,16,row-major,N,N,1.0,0.0,20260922,main,pass,pass,0,0,89472.0,0.01417,0.0221696004272,0.0363396004272,0.0228781004272,4.0357966889753385,2.4621074240824807,3.910814199138048,0.02069639327679661,0.012626191918371695,0.02005545743147717,cuSPARSE 12.8.6,CUDA,13040,13000,2026-10-07T14:27:05.722036+00:00,source,csr-alg2,0,0,,,,5,20,4,true
3,full-20261009-A100-SXM4-80GB-spmm-fp32-cusparse-csr-alg2-n16-13.4.1,cuSPARSE-CUDA-13.4.1-SpMM-CSR-ALG2,cuSPARSE CUDA 13.4.1 SpMM CSR ALG2 [cuSPARSE 12.8.6],csr-alg2,cuSPARSE-SpMM-CSR,candidate,,,csr,csr,CUSPARSE_SPMM_CSR_ALG2,library-preprocess,spmm.csr.fp32,fp32,A100-SXM4-80GB,A100-SXM4-80GB,,19500.0,df2405bf-ab33-5b32-9511-7da1122118f9,suitesparse_all,HB/lnsp3937,lnsp3937,3937,3937,25407,16,row-major,N,N,1.0,0.0,20260922,main,pass,pass,0,0,813024.0,0.015631,0.0247296005487,0.0403606005487,0.0255111505487,32.87655206556661,20.144001549704075,31.86935839871127,0.16859770290034157,0.1033025720497645,0.1634326071728783,cuSPARSE 12.8.6,CUDA,13040,13000,2026-10-08T09:33:42.705401+00:00,source,csr-alg2,0,0,,,,5,20,4,true
3,full-20261009-A100-SXM4-80GB-spmm-fp32-cusparse-csr-alg2-n16-13.4.1,cuSPARSE-CUDA-13.4.1-SpMM-CSR-ALG2,cuSPARSE CUDA 13.4.1 SpMM CSR ALG2 [cuSPARSE 12.8.6],csr-alg2,cuSPARSE-SpMM-CSR,candidate,,,csr,csr,CUSPARSE_SPMM_CSR_ALG2,library-preprocess,spmm.csr.fp32,fp32,A100-SXM4-80GB,A100-SXM4-80GB,,19500.0,2793479a-b9ba-5e32-964d-96d3a38ca48f,suitesparse_all,HB/lnsp_511,lnsp_511,511,511,2796,16,row-major,N,N,1.0,0.0,20260922,main,pass,pass,0,0,89472.0,0.01425,0.0200192004442,0.0342692004442,0.0207317004442,4.469309363747442,2.6108575292174043,4.315709666016861,0.02291953519870483,0.013389012970345664,0.02213184444111211,cuSPARSE 12.8.6,CUDA,13040,13000,2026-10-07T08:50:32.333661+00:00,source,csr-alg2,0,0,,,,5,20,4,true
3,full-20261009-A100-SXM4-80GB-spmm-fp32-cusparse-csr-alg2-n16-13.4.1,cuSPARSE-CUDA-13.4.1-SpMM-CSR-ALG2,cuSPARSE CUDA 13.4.1 SpMM CSR ALG2 [cuSPARSE 12.8.6],csr-alg2,cuSPARSE-SpMM-CSR,candidate,,,csr,csr,CUSPARSE_SPMM_CSR_ALG2,library-preprocess,spmm.csr.fp32,fp32,A100-SXM4-80GB,A100-SXM4-80GB,,19500.0,238ed034-08d6-5e0f-b7b4-c4d0b9e54f50,suitesparse_all,HB/lshp2233,lshp2233,2233,2233,15337,16,row-major,N,N,1.0,0.0,20260922,main,pass,pass,0,0,490784.0,0.0204,0.0167935997248,0.0371935997248,0.0178135997248,29.224466942321673,13.195388551561853,27.551084990235466,0.14986906124267527,0.06766865923877874,0.14128761533454087,cuSPARSE 12.8.6,CUDA,13040,13000,2026-10-07T14:27:06.351992+00:00,source,csr-alg2,0,0,,,,5,20,4,true
3,full-20261009-A100-SXM4-80GB-spmm-fp32-cusparse-csr-alg2-n16-13.4.1,cuSPARSE-CUDA-13.4.1-SpMM-CSR-ALG2,cuSPARSE CUDA 13.4.1 SpMM CSR ALG2 [cuSPARSE 12.8.6],csr-alg2,cuSPARSE-SpMM-CSR,candidate,,,csr,csr,CUSPARSE_SPMM_CSR_ALG2,library-preprocess,spmm.csr.fp32,fp32,A100-SXM4-80GB,A100-SXM4-80GB,,19500.0,df2405bf-ab33-5b32-9511-7da1122118f9,suitesparse_all,HB/lshp2614,lshp2614,2614,2614,17980,16,row-major,N,N,1.0,0.0,20260922,main,pass,pass,0,0,575360.0,0.03258,0.0172544002533,0.0498344002533,0.0188834002533,33.34569683985158,11.545438433602902,30.469088844285444,0.1710035735377004,0.059207376582578984,0.15625173766300227,cuSPARSE 12.8.6,CUDA,13040,13000,2026-10-08T09:33:43.380446+00:00,source,csr-alg2,0,0,,,,5,20,4,true
3,full-20261009-A100-SXM4-80GB-spmm-fp32-cusparse-csr-alg2-n16-13.4.1,cuSPARSE-CUDA-13.4.1-SpMM-CSR-ALG2,cuSPARSE CUDA 13.4.1 SpMM CSR ALG2 [cuSPARSE 12.8.6],csr-alg2,cuSPARSE-SpMM-CSR,candidate,,,csr,csr,CUSPARSE_SPMM_CSR_ALG2,library-preprocess,spmm.csr.fp32,fp32,A100-SXM4-80GB,A100-SXM4-80GB,,19500.0,2793479a-b9ba-5e32-964d-96d3a38ca48f,suitesparse_all,HB/lshp3466,lshp3466,3466,3466,23896,16,row-major,N,N,1.0,0.0,20260922,main,pass,pass,0,0,764672.0,0.01544,0.0217087998986,0.0371487998986,0.0224807998986,35.22405676830222,20.584029688367337,34.01444803783963,0.180636188555396,0.105559126607012,0.17443306686071605,cuSPARSE 12.8.6,CUDA,13040,13000,2026-10-07T08:50:33.455717+00:00,source,csr-alg2,0,0,,,,5,20,4,true
3,full-20261009-A100-SXM4-80GB-spmm-fp32-cusparse-csr-alg2-n16-13.4.1,cuSPARSE-CUDA-13.4.1-SpMM-CSR-ALG2,cuSPARSE CUDA 13.4.1 SpMM CSR ALG2 [cuSPARSE 12.8.6],csr-alg2,cuSPARSE-SpMM-CSR,candidate,,,csr,csr,CUSPARSE_SPMM_CSR_ALG2,library-preprocess,spmm.csr.fp32,fp32,A100-SXM4-80GB,A100-SXM4-80GB,,19500.0,238ed034-08d6-5e0f-b7b4-c4d0b9e54f50,suitesparse_all,HB/lund_a,lund_a,147,147,2449,16,row-major,N,N,1.0,0.0,20260922,main,pass,pass,0,0,78368.0,0.01439,0.0150527998805,0.0294427998805,0.0157722998805,5.206207524323834,2.6617033814064404,4.968711005608628,0.026698500124737613,0.013649760930289438,0.025480569259531426,cuSPARSE 12.8.6,CUDA,13040,13000,2026-10-07T14:27:07.079607+00:00,source,csr-alg2,0,0,,,,5,20,4,true
3,full-20261009-A100-SXM4-80GB-spmm-fp32-cusparse-csr-alg2-n16-13.4.1,cuSPARSE-CUDA-13.4.1-SpMM-CSR-ALG2,cuSPARSE CUDA 13.4.1 SpMM CSR ALG2 [cuSPARSE 12.8.6],csr-alg2,cuSPARSE-SpMM-CSR,candidate,,,csr,csr,CUSPARSE_SPMM_CSR_ALG2,library-preprocess,spmm.csr.fp32,fp32,A100-SXM4-80GB,A100-SXM4-80GB,,19500.0,df2405bf-ab33-5b32-9511-7da1122118f9,suitesparse_all,HB/lund_b,lund_b,147,147,2441,16,row-major,N,N,1.0,0.0,20260922,main,pass,pass,0,0,78112.0,0.01436,0.014899200201,0.029259200201,0.015617200201,5.242697523774283,2.6696560214701406,5.0016647667101255,0.026885628327047606,0.013690543699846876,0.025649562906205774,cuSPARSE 12.8.6,CUDA,13040,13000,2026-10-08T09:33:43.966892+00:00,source,csr-alg2,0,0,,,,5,20,4,true
3,full-20261009-A100-SXM4-80GB-spmm-fp32-cusparse-csr-alg2-n16-13.4.1,cuSPARSE-CUDA-13.4.1-SpMM-CSR-ALG2,cuSPARSE CUDA 13.4.1 SpMM CSR ALG2 [cuSPARSE 12.8.6],csr-alg2,cuSPARSE-SpMM-CSR,candidate,,,csr,csr,CUSPARSE_SPMM_CSR_ALG2,library-preprocess,spmm.csr.fp32,fp32,A100-SXM4-80GB,A100-SXM4-80GB,,19500.0,238ed034-08d6-5e0f-b7b4-c4d0b9e54f50,suitesparse_all,HB/man_5976,man_5976,5976,5976,225046,16,row-major,N,N,1.0,0.0,20260922,main,pass,pass,0,0,7201472.0,0.01567,0.041062399745,0.056732399745,0.041845899745,175.3787417374917,126.9375530097277,172.09504500761693,0.8993781627563677,0.6509618103062959,0.8825386923467534,cuSPARSE 12.8.6,CUDA,13040,13000,2026-10-07T14:31:28.810018+00:00,source,csr-alg2,0,0,,,,5,20,4,true
3,full-20261009-A100-SXM4-80GB-spmm-fp32-cusparse-csr-alg2-n16-13.4.1,cuSPARSE-CUDA-13.4.1-SpMM-CSR-ALG2,cuSPARSE CUDA 13.4.1 SpMM CSR ALG2 [cuSPARSE 12.8.6],csr-alg2,cuSPARSE-SpMM-CSR,candidate,,,csr,csr,CUSPARSE_SPMM_CSR_ALG2,library-preprocess,spmm.csr.fp32,fp32,A100-SXM4-80GB,A100-SXM4-80GB,,19500.0,2793479a-b9ba-5e32-964d-96d3a38ca48f,suitesparse_all,HB/mbeacxc,mbeacxc,496,496,49920,16,row-major,N,N,1.0,0.0,20260922,main,pass,pass,0,0,1597440.0,0.01633,0.0233472004533,0.0396772004533,0.0241637004533,68.42105130314287,40.26090504747643,66.10907973666095,0.3508771861699635,0.20646617973064835,0.33902092172646636,cuSPARSE 12.8.6,CUDA,13040,13000,2026-10-07T08:50:34.369327+00:00,source,csr-alg2,0,0,,,,5,20,4,true
3,full-20261009-A100-SXM4-80GB-spmm-fp32-cusparse-csr-alg2-n16-13.4.1,cuSPARSE-CUDA-13.4.1-SpMM-CSR-ALG2,cuSPARSE CUDA 13.4.1 SpMM CSR ALG2 [cuSPARSE 12.8.6],csr-alg2,cuSPARSE-SpMM-CSR,candidate,,,csr,csr,CUSPARSE_SPMM_CSR_ALG2,library-preprocess,spmm.csr.fp32,fp32,A100-SXM4-80GB,A100-SXM4-80GB,,19500.0,238ed034-08d6-5e0f-b7b4-c4d0b9e54f50,suitesparse_all,HB/nnc1374,nnc1374,1374,1374,8606,16,row-major,N,N,1.0,0.0,20260922,main,pass,pass,0,0,275392.0,0.014451,0.0210943996906,0.0355453996906,0.0218169496906,13.055218638088055,7.747612979375995,12.6228461771929,0.06694983916968233,0.03973134861218459,0.06473254449842512,cuSPARSE 12.8.6,CUDA,13040,13000,2026-10-07T14:27:08.113360+00:00,source,csr-alg2,0,0,,,,5,20,4,true
3,full-20261009-A100-SXM4-80GB-spmm-fp32-cusparse-csr-alg2-n16-13.4.1,cuSPARSE-CUDA-13.4.1-SpMM-CSR-ALG2,cuSPARSE CUDA 13.4.1 SpMM CSR ALG2 [cuSPARSE 12.8.6],csr-alg2,cuSPARSE-SpMM-CSR,candidate,,,csr,csr,CUSPARSE_SPMM_CSR_ALG2,library-preprocess,spmm.csr.fp32,fp32,A100-SXM4-80GB,A100-SXM4-80GB,,19500.0,df2405bf-ab33-5b32-9511-7da1122118f9,suitesparse_all,HB/nnc261,nnc261,261,261,1500,16,row-major,N,N,1.0,0.0,20260922,main,pass,pass,0,0,48000.0,0.01405,0.015820799768,0.029870799768,0.016523299768,3.03398062701529,1.6069204833082995,2.904988753696743,0.015558875010334821,0.008240617863119484,0.014897378224085862,cuSPARSE 12.8.6,CUDA,13040,13000,2026-10-08T09:33:44.559825+00:00,source,csr-alg2,0,0,,,,5,20,4,true
3,full-20261009-A100-SXM4-80GB-spmm-fp32-cusparse-csr-alg2-n16-13.4.1,cuSPARSE-CUDA-13.4.1-SpMM-CSR-ALG2,cuSPARSE CUDA 13.4.1 SpMM CSR ALG2 [cuSPARSE 12.8.6],csr-alg2,cuSPARSE-SpMM-CSR,candidate,,,csr,csr,CUSPARSE_SPMM_CSR_ALG2,library-preprocess,spmm.csr.fp32,fp32,A100-SXM4-80GB,A100-SXM4-80GB,,19500.0,2793479a-b9ba-5e32-964d-96d3a38ca48f,suitesparse_all,HB/nos1,nos1,237,237,1017,16,row-major,N,N,1.0,0.0,20260922,main,pass,pass,0,0,32544.0,0.01401,0.0182272002101,0.0322372002101,0.0189277002101,1.7854634625655135,1.0095169489875202,1.7193847978759835,0.00915622288495135,0.005177009994807796,0.008817357937825556,cuSPARSE 12.8.6,CUDA,13040,13000,2026-10-07T08:50:35.532775+00:00,source,csr-alg2,0,0,,,,5,20,4,true
3,full-20261009-A100-SXM4-80GB-spmm-fp32-cusparse-csr-alg2-n16-13.4.1,cuSPARSE-CUDA-13.4.1-SpMM-CSR-ALG2,cuSPARSE CUDA 13.4.1 SpMM CSR ALG2 [cuSPARSE 12.8.6],csr-alg2,cuSPARSE-SpMM-CSR,candidate,,,csr,csr,CUSPARSE_SPMM_CSR_ALG2,library-preprocess,spmm.csr.fp32,fp32,A100-SXM4-80GB,A100-SXM4-80GB,,19500.0,238ed034-08d6-5e0f-b7b4-c4d0b9e54f50,suitesparse_all,HB/nos6,nos6,675,675,3255,16,row-major,N,N,1.0,0.0,20260922,main,pass,pass,0,0,104160.0,0.01395,0.0204799994826,0.0344299994826,0.0211774994826,5.085937628489459,3.025268706513913,4.918427696602266,0.026081731428151074,0.015514198494943145,0.025222706136421878,cuSPARSE 12.8.6,CUDA,13040,13000,2026-10-07T14:27:08.844303+00:00,source,csr-alg2,0,0,,,,5,20,4,true
3,full-20261009-A100-SXM4-80GB-spmm-fp32-cusparse-csr-alg2-n16-13.4.1,cuSPARSE-CUDA-13.4.1-SpMM-CSR-ALG2,cuSPARSE CUDA 13.4.1 SpMM CSR ALG2 [cuSPARSE 12.8.6],csr-alg2,cuSPARSE-SpMM-CSR,candidate,,,csr,csr,CUSPARSE_SPMM_CSR_ALG2,library-preprocess,spmm.csr.fp32,fp32,A100-SXM4-80GB,A100-SXM4-80GB,,19500.0,df2405bf-ab33-5b32-9511-7da1122118f9,suitesparse_all,HB/nos7,nos7,729,729,4617,16,row-major,N,N,1.0,0.0,20260922,main,pass,pass,0,0,147744.0,0.014291,0.0165375992656,0.0308285992656,0.0172521492656,8.933823926144076,4.792433114690998,8.563802557319326,0.04581448167253372,0.02457658007533845,0.04391693619138116,cuSPARSE 12.8.6,CUDA,13040,13000,2026-10-08T09:33:45.240216+00:00,source,csr-alg2,0,0,,,,5,20,4,true
3,full-20261009-A100-SXM4-80GB-spmm-fp32-cusparse-csr-alg2-n16-13.4.1,cuSPARSE-CUDA-13.4.1-SpMM-CSR-ALG2,cuSPARSE CUDA 13.4.1 SpMM CSR ALG2 [cuSPARSE 12.8.6],csr-alg2,cuSPARSE-SpMM-CSR,candidate,,,csr,csr,CUSPARSE_SPMM_CSR_ALG2,library-preprocess,spmm.csr.fp32,fp32,A100-SXM4-80GB,A100-SXM4-80GB,,19500.0,2793479a-b9ba-5e32-964d-96d3a38ca48f,suitesparse_all,HB/orsirr_1,orsirr_1,1030,1030,6858,16,row-major,N,N,1.0,0.0,20260922,main,pass,pass,0,0,219456.0,0.0219,0.020684799552,0.042584799552,0.021779799552,10.609529932755908,5.153388117561145,10.076125791518027,0.05440784580900466,0.026427631372108434,0.05167243995650271,cuSPARSE 12.8.6,CUDA,13040,13000,2026-10-07T08:50:37.494839+00:00,source,csr-alg2,0,0,,,,5,20,4,true
3,full-20261009-A100-SXM4-80GB-spmm-fp32-cusparse-csr-alg2-n16-13.4.1,cuSPARSE-CUDA-13.4.1-SpMM-CSR-ALG2,cuSPARSE CUDA 13.4.1 SpMM CSR ALG2 [cuSPARSE 12.8.6],csr-alg2,cuSPARSE-SpMM-CSR,candidate,,,csr,csr,CUSPARSE_SPMM_CSR_ALG2,library-preprocess,spmm.csr.fp32,fp32,A100-SXM4-80GB,A100-SXM4-80GB,,19500.0,238ed034-08d6-5e0f-b7b4-c4d0b9e54f50,suitesparse_all,HB/plsk1919,plsk1919,1919,1919,9662,16,row-major,N,N,1.0,0.0,20260922,main,pass,pass,0,0,309184.0,0.014491,0.0217087998986,0.0361997998986,0.0224333498986,14.242334972185139,8.541041687138097,13.78233751969853,0.07303761524197507,0.04380021378019537,0.07067865394717195,cuSPARSE 12.8.6,CUDA,13040,13000,2026-10-07T14:27:09.494996+00:00,source,csr-alg2,0,0,,,,5,20,4,true
3,full-20261009-A100-SXM4-80GB-spmm-fp32-cusparse-csr-alg2-n16-13.4.1,cuSPARSE-CUDA-13.4.1-SpMM-CSR-ALG2,cuSPARSE CUDA 13.4.1 SpMM CSR ALG2 [cuSPARSE 12.8.6],csr-alg2,cuSPARSE-SpMM-CSR,candidate,,,csr,csr,CUSPARSE_SPMM_CSR_ALG2,library-preprocess,spmm.csr.fp32,fp32,A100-SXM4-80GB,A100-SXM4-80GB,,19500.0,df2405bf-ab33-5b32-9511-7da1122118f9,suitesparse_all,HB/plskz362,plskz362,362,362,1760,16,row-major,N,N,1.0,0.0,20260922,main,pass,pass,0,0,56320.0,0.01561,0.0202240005136,0.0358340005136,0.0210045005136,2.784810055860441,1.571691666930266,2.681330125585891,0.014281077209540721,0.008059957266309056,0.013750410900440466,cuSPARSE 12.8.6,CUDA,13040,13000,2026-10-08T09:33:45.996113+00:00,source,csr-alg2,0,0,,,,5,20,4,true
3,full-20261009-A100-SXM4-80GB-spmm-fp32-cusparse-csr-alg2-n16-13.4.1,cuSPARSE-CUDA-13.4.1-SpMM-CSR-ALG2,cuSPARSE CUDA 13.4.1 SpMM CSR ALG2 [cuSPARSE 12.8.6],csr-alg2,cuSPARSE-SpMM-CSR,candidate,,,csr,csr,CUSPARSE_SPMM_CSR_ALG2,library-preprocess,spmm.csr.fp32,fp32,A100-SXM4-80GB,A100-SXM4-80GB,,19500.0,2793479a-b9ba-5e32-964d-96d3a38ca48f,suitesparse_all,HB/pores_2,pores_2,1224,1224,9613,16,row-major,N,N,1.0,0.0,20260922,main,pass,pass,0,0,307616.0,0.01617,0.0206336006522,0.0368036006522,0.0214421006522,14.908498288067879,8.358312625631962,14.346355564208118,0.07645383737470707,0.0428631416699075,0.07357105417542624,cuSPARSE 12.8.6,CUDA,13040,13000,2026-10-07T08:50:39.013823+00:00,source,csr-alg2,0,0,,,,5,20,4,true
3,full-20261009-A100-SXM4-80GB-spmm-fp32-cusparse-csr-alg2-n16-13.4.1,cuSPARSE-CUDA-13.4.1-SpMM-CSR-ALG2,cuSPARSE CUDA 13.4.1 SpMM CSR ALG2 [cuSPARSE 12.8.6],csr-alg2,cuSPARSE-SpMM-CSR,candidate,,,csr,csr,CUSPARSE_SPMM_CSR_ALG2,library-preprocess,spmm.csr.fp32,fp32,A100-SXM4-80GB,A100-SXM4-80GB,,19500.0,238ed034-08d6-5e0f-b7b4-c4d0b9e54f50,suitesparse_all,HB/rgg010,rgg010,10,10,76,16,row-major,N,N,1.0,0.0,20260922,main,pass,pass,0,0,2432.0,0.01504,0.0160255998373,0.0310655998373,0.0167775998373,0.1517571900391183,0.07828595014218699,0.1449551797387116,0.0007782420002006067,0.0004014664109855743,0.000743359896095957,cuSPARSE 12.8.6,CUDA,13040,13000,2026-10-07T14:27:10.395017+00:00,source,csr-alg2,0,0,,,,5,20,4,true
3,full-20261009-A100-SXM4-80GB-spmm-fp32-cusparse-csr-alg2-n16-13.4.1,cuSPARSE-CUDA-13.4.1-SpMM-CSR-ALG2,cuSPARSE CUDA 13.4.1 SpMM CSR ALG2 [cuSPARSE 12.8.6],csr-alg2,cuSPARSE-SpMM-CSR,candidate,,,csr,csr,CUSPARSE_SPMM_CSR_ALG2,library-preprocess,spmm.csr.fp32,fp32,A100-SXM4-80GB,A100-SXM4-80GB,,19500.0,df2405bf-ab33-5b32-9511-7da1122118f9,suitesparse_all,HB/saylr1,saylr1,238,238,1128,16,row-major,N,N,1.0,0.0,20260922,main,pass,pass,0,0,36096.0,0.01378,0.0190464004874,0.0328264004874,0.0197354004874,1.8951612418251431,1.0996027424284607,1.8289975935905316,0.009718775599103297,0.005638988422710055,0.009379474838925803,cuSPARSE 12.8.6,CUDA,13040,13000,2026-10-08T09:33:46.545374+00:00,source,csr-alg2,0,0,,,,5,20,4,true
3,full-20261009-A100-SXM4-80GB-spmm-fp32-cusparse-csr-alg2-n16-13.4.1,cuSPARSE-CUDA-13.4.1-SpMM-CSR-ALG2,cuSPARSE CUDA 13.4.1 SpMM CSR ALG2 [cuSPARSE 12.8.6],csr-alg2,cuSPARSE-SpMM-CSR,candidate,,,csr,csr,CUSPARSE_SPMM_CSR_ALG2,library-preprocess,spmm.csr.fp32,fp32,A100-SXM4-80GB,A100-SXM4-80GB,,19500.0,2793479a-b9ba-5e32-964d-96d3a38ca48f,suitesparse_all,HB/saylr4,saylr4,3564,3564,22316,16,row-major,N,N,1.0,0.0,20260922,main,pass,pass,0,0,714112.0,0.02135,0.0227679997683,0.0441179997683,0.0238354997683,31.364722736613064,16.186409260401447,29.960017912010915,0.1608447319826311,0.08300722697641767,0.15364111749749187,cuSPARSE 12.8.6,CUDA,13040,13000,2026-10-07T08:50:40.524106+00:00,source,csr-alg2,0,0,,,,5,20,4,true
3,full-20261009-A100-SXM4-80GB-spmm-fp32-cusparse-csr-alg2-n16-13.4.1,cuSPARSE-CUDA-13.4.1-SpMM-CSR-ALG2,cuSPARSE CUDA 13.4.1 SpMM CSR ALG2 [cuSPARSE 12.8.6],csr-alg2,cuSPARSE-SpMM-CSR,candidate,,,csr,csr,CUSPARSE_SPMM_CSR_ALG2,library-preprocess,spmm.csr.fp32,fp32,A100-SXM4-80GB,A100-SXM4-80GB,,19500.0,238ed034-08d6-5e0f-b7b4-c4d0b9e54f50,suitesparse_all,HB/sherman5,sherman5,3312,3312,20793,16,row-major,N,N,1.0,0.0,20260922,main,pass,pass,0,0,665376.0,0.01392,0.0270336002111,0.0409536002111,0.0277296002111,24.612925944166197,16.24706977091742,23.995153011028766,0.12622013304700613,0.08331830651752523,0.12305206672322444,cuSPARSE 12.8.6,CUDA,13040,13000,2026-10-07T14:27:11.265680+00:00,source,csr-alg2,0,0,,,,5,20,4,true
3,full-20261009-A100-SXM4-80GB-spmm-fp32-cusparse-csr-alg2-n16-13.4.1,cuSPARSE-CUDA-13.4.1-SpMM-CSR-ALG2,cuSPARSE CUDA 13.4.1 SpMM CSR ALG2 [cuSPARSE 12.8.6],csr-alg2,cuSPARSE-SpMM-CSR,candidate,,,csr,csr,CUSPARSE_SPMM_CSR_ALG2,library-preprocess,spmm.csr.fp32,fp32,A100-SXM4-80GB,A100-SXM4-80GB,,19500.0,df2405bf-ab33-5b32-9511-7da1122118f9,suitesparse_all,HB/shl_0,shl_0,663,663,1687,16,row-major,N,N,1.0,0.0,20260922,main,pass,pass,0,0,53984.0,0.014,0.0245759993792,0.0385759993792,0.0252759993792,2.1966146388207344,1.3994193506003614,2.1357810304594422,0.011264690455490946,0.007176509490258263,0.010952723233125345,cuSPARSE 12.8.6,CUDA,13040,13000,2026-10-08T09:33:47.117146+00:00,source,csr-alg2,0,0,,,,5,20,4,true
3,full-20261009-A100-SXM4-80GB-spmm-fp32-cusparse-csr-alg2-n16-13.4.1,cuSPARSE-CUDA-13.4.1-SpMM-CSR-ALG2,cuSPARSE CUDA 13.4.1 SpMM CSR ALG2 [cuSPARSE 12.8.6],csr-alg2,cuSPARSE-SpMM-CSR,candidate,,,csr,csr,CUSPARSE_SPMM_CSR_ALG2,library-preprocess,spmm.csr.fp32,fp32,A100-SXM4-80GB,A100-SXM4-80GB,,19500.0,2793479a-b9ba-5e32-964d-96d3a38ca48f,suitesparse_all,HB/shl_400,shl_400,663,663,1712,16,row-major,N,N,1.0,0.0,20260922,main,pass,pass,0,0,54784.0,0.01472,0.0234927996993,0.0382127996993,0.0242287996993,2.3319485417326553,1.4336557496728919,2.2611107723005683,0.011958710470423873,0.007352080767553291,0.011595439857951632,cuSPARSE 12.8.6,CUDA,13040,13000,2026-10-07T08:50:42.054503+00:00,source,csr-alg2,0,0,,,,5,20,4,true
3,full-20261009-A100-SXM4-80GB-spmm-fp32-cusparse-csr-alg2-n16-13.4.1,cuSPARSE-CUDA-13.4.1-SpMM-CSR-ALG2,cuSPARSE CUDA 13.4.1 SpMM CSR ALG2 [cuSPARSE 12.8.6],csr-alg2,cuSPARSE-SpMM-CSR,candidate,,,csr,csr,CUSPARSE_SPMM_CSR_ALG2,library-preprocess,spmm.csr.fp32,fp32,A100-SXM4-80GB,A100-SXM4-80GB,,19500.0,238ed034-08d6-5e0f-b7b4-c4d0b9e54f50,suitesparse_all,HB/str_0,str_0,363,363,2454,16,row-major,N,N,1.0,0.0,20260922,main,pass,pass,0,0,78528.0,0.01725,0.0212415993214,0.0384915993214,0.0221040993214,3.6968967737229845,2.0401334676769625,3.552644188671982,0.018958444993451205,0.01046222291116391,0.018218688147035804,cuSPARSE 12.8.6,CUDA,13040,13000,2026-10-07T14:27:11.860633+00:00,source,csr-alg2,0,0,,,,5,20,4,true
3,full-20261009-A100-SXM4-80GB-spmm-fp32-cusparse-csr-alg2-n16-13.4.1,cuSPARSE-CUDA-13.4.1-SpMM-CSR-ALG2,cuSPARSE CUDA 13.4.1 SpMM CSR ALG2 [cuSPARSE 12.8.6],csr-alg2,cuSPARSE-SpMM-CSR,candidate,,,csr,csr,CUSPARSE_SPMM_CSR_ALG2,library-preprocess,spmm.csr.fp32,fp32,A100-SXM4-80GB,A100-SXM4-80GB,,19500.0,df2405bf-ab33-5b32-9511-7da1122118f9,suitesparse_all,HB/str_200,str_200,363,363,3068,16,row-major,N,N,1.0,0.0,20260922,main,pass,pass,0,0,98176.0,0.01459,0.0209408000112,0.0355308000112,0.0216703000112,4.688264056172231,2.76312382409214,4.530440277673086,0.02404237977524221,0.014169865764575075,0.023233027064990183,cuSPARSE 12.8.6,CUDA,13040,13000,2026-10-08T09:33:47.848084+00:00,source,csr-alg2,0,0,,,,5,20,4,true
3,full-20261009-A100-SXM4-80GB-spmm-fp32-cusparse-csr-alg2-n16-13.4.1,cuSPARSE-CUDA-13.4.1-SpMM-CSR-ALG2,cuSPARSE CUDA 13.4.1 SpMM CSR ALG2 [cuSPARSE 12.8.6],csr-alg2,cuSPARSE-SpMM-CSR,candidate,,,csr,csr,CUSPARSE_SPMM_CSR_ALG2,library-preprocess,spmm.csr.fp32,fp32,A100-SXM4-80GB,A100-SXM4-80GB,,19500.0,2793479a-b9ba-5e32-964d-96d3a38ca48f,suitesparse_all,HB/str_600,str_600,363,363,3279,16,row-major,N,N,1.0,0.0,20260922,main,pass,pass,0,0,104928.0,0.01854,0.0200192004442,0.0385592004442,0.0209462004442,5.241368170145873,2.721218251188688,5.009404940983201,0.026878811128953194,0.01395496539071122,0.025689256107606157,cuSPARSE 12.8.6,CUDA,13040,13000,2026-10-07T08:50:43.267175+00:00,source,csr-alg2,0,0,,,,5,20,4,true
3,full-20261009-A100-SXM4-80GB-spmm-fp32-cusparse-csr-alg2-n16-13.4.1,cuSPARSE-CUDA-13.4.1-SpMM-CSR-ALG2,cuSPARSE CUDA 13.4.1 SpMM CSR ALG2 [cuSPARSE 12.8.6],csr-alg2,cuSPARSE-SpMM-CSR,candidate,,,csr,csr,CUSPARSE_SPMM_CSR_ALG2,library-preprocess,spmm.csr.fp32,fp32,A100-SXM4-80GB,A100-SXM4-80GB,,19500.0,238ed034-08d6-5e0f-b7b4-c4d0b9e54f50,suitesparse_all,HB/west0067,west0067,67,67,294,16,row-major,N,N,1.0,0.0,20260922,main,pass,pass,0,0,9408.0,0.02277,0.0158271998167,0.0385971998167,0.0169656998167,0.5944197400018411,0.243748252326051,0.5545306177549681,0.0030483063589838003,0.0012499910375694922,0.002843746757717785,cuSPARSE 12.8.6,CUDA,13040,13000,2026-10-07T14:27:12.508926+00:00,source,csr-alg2,0,0,,,,5,20,4,true
3,full-20261009-A100-SXM4-80GB-spmm-fp32-cusparse-csr-alg2-n16-13.4.1,cuSPARSE-CUDA-13.4.1-SpMM-CSR-ALG2,cuSPARSE CUDA 13.4.1 SpMM CSR ALG2 [cuSPARSE 12.8.6],csr-alg2,cuSPARSE-SpMM-CSR,candidate,,,csr,csr,CUSPARSE_SPMM_CSR_ALG2,library-preprocess,spmm.csr.fp32,fp32,A100-SXM4-80GB,A100-SXM4-80GB,,19500.0,df2405bf-ab33-5b32-9511-7da1122118f9,suitesparse_all,HB/west0132,west0132,132,132,414,16,row-major,N,N,1.0,0.0,20260922,main,pass,pass,0,0,13248.0,0.01493,0.018534399569,0.033464399569,0.019280899569,0.7147790221463742,0.395883391622911,0.6871048704231751,0.0036655334469044834,0.0020301712390918512,0.0035236147201188465,cuSPARSE 12.8.6,CUDA,13040,13000,2026-10-08T09:33:48.796223+00:00,source,csr-alg2,0,0,,,,5,20,4,true
3,full-20261009-A100-SXM4-80GB-spmm-fp32-cusparse-csr-alg2-n16-13.4.1,cuSPARSE-CUDA-13.4.1-SpMM-CSR-ALG2,cuSPARSE CUDA 13.4.1 SpMM CSR ALG2 [cuSPARSE 12.8.6],csr-alg2,cuSPARSE-SpMM-CSR,candidate,,,csr,csr,CUSPARSE_SPMM_CSR_ALG2,library-preprocess,spmm.csr.fp32,fp32,A100-SXM4-80GB,A100-SXM4-80GB,,19500.0,2793479a-b9ba-5e32-964d-96d3a38ca48f,suitesparse_all,HB/west0167,west0167,167,167,507,16,row-major,N,N,1.0,0.0,20260922,main,pass,pass,0,0,16224.0,0.01432,0.0193535998464,0.0336735998464,0.0200695998464,0.8382936574467751,0.48180176975448874,0.8083868200745513,0.004298941833060385,0.0024707783064332758,0.004145573436279751,cuSPARSE 12.8.6,CUDA,13040,13000,2026-10-07T08:50:44.538322+00:00,source,csr-alg2,0,0,,,,5,20,4,true
3,full-20261009-A100-SXM4-80GB-spmm-fp32-cusparse-csr-alg2-n16-13.4.1,cuSPARSE-CUDA-13.4.1-SpMM-CSR-ALG2,cuSPARSE CUDA 13.4.1 SpMM CSR ALG2 [cuSPARSE 12.8.6],csr-alg2,cuSPARSE-SpMM-CSR,candidate,,,csr,csr,CUSPARSE_SPMM_CSR_ALG2,library-preprocess,spmm.csr.fp32,fp32,A100-SXM4-80GB,A100-SXM4-80GB,,19500.0,238ed034-08d6-5e0f-b7b4-c4d0b9e54f50,suitesparse_all,HB/west0989,west0989,989,989,3537,16,row-major,N,N,1.0,0.0,20260922,main,pass,pass,0,0,113184.0,0.01426,0.0172688007355,0.0315288007355,0.0179818007355,6.554247844630242,3.589860615045848,6.294364044227788,0.033611527408360216,0.01840954161561973,0.032278789970398916,cuSPARSE 12.8.6,CUDA,13040,13000,2026-10-07T14:27:13.231271+00:00,source,csr-alg2,0,0,,,,5,20,4,true
3,full-20261009-A100-SXM4-80GB-spmm-fp32-cusparse-csr-alg2-n16-13.4.1,cuSPARSE-CUDA-13.4.1-SpMM-CSR-ALG2,cuSPARSE CUDA 13.4.1 SpMM CSR ALG2 [cuSPARSE 12.8.6],csr-alg2,cuSPARSE-SpMM-CSR,candidate,,,csr,csr,CUSPARSE_SPMM_CSR_ALG2,library-preprocess,spmm.csr.fp32,fp32,A100-SXM4-80GB,A100-SXM4-80GB,,19500.0,df2405bf-ab33-5b32-9511-7da1122118f9,suitesparse_all,HB/west1505,west1505,1505,1505,5445,16,row-major,N,N,1.0,0.0,20260922,main,pass,pass,0,0,174240.0,0.01419,0.020992000401,0.035182000401,0.021701500401,8.300304719492082,4.952532488603105,8.028937943478372,0.042565665228164525,0.02539760250565695,0.041174040735786524,cuSPARSE 12.8.6,CUDA,13040,13000,2026-10-08T09:33:49.364311+00:00,source,csr-alg2,0,0,,,,5,20,4,true
3,full-20261009-A100-SXM4-80GB-spmm-fp32-cusparse-csr-alg2-n16-13.4.1,cuSPARSE-CUDA-13.4.1-SpMM-CSR-ALG2,cuSPARSE CUDA 13.4.1 SpMM CSR ALG2 [cuSPARSE 12.8.6],csr-alg2,cuSPARSE-SpMM-CSR,candidate,,,csr,csr,CUSPARSE_SPMM_CSR_ALG2,library-preprocess,spmm.csr.fp32,fp32,A100-SXM4-80GB,A100-SXM4-80GB,,19500.0,2793479a-b9ba-5e32-964d-96d3a38ca48f,suitesparse_all,HB/will199,will199,199,199,701,16,row-major,N,N,1.0,0.0,20260922,main,pass,pass,0,0,22432.0,0.01477,0.0201215997338,0.0348915997338,0.0208600997338,1.1148218977002617,0.6429054606593402,1.0753543984093719,0.0057170353728218555,0.003296951080304309,0.005514637940560881,cuSPARSE 12.8.6,CUDA,13040,13000,2026-10-07T08:50:45.596780+00:00,source,csr-alg2,0,0,,,,5,20,4,true
3,full-20261009-A100-SXM4-80GB-spmm-fp32-cusparse-csr-alg2-n16-13.4.1,cuSPARSE-CUDA-13.4.1-SpMM-CSR-ALG2,cuSPARSE CUDA 13.4.1 SpMM CSR ALG2 [cuSPARSE 12.8.6],csr-alg2,cuSPARSE-SpMM-CSR,candidate,,,csr,csr,CUSPARSE_SPMM_CSR_ALG2,library-preprocess,spmm.csr.fp32,fp32,A100-SXM4-80GB,A100-SXM4-80GB,,19500.0,238ed034-08d6-5e0f-b7b4-c4d0b9e54f50,suitesparse_all,HB/young1c,young1c,841,841,4089,16,row-major,N,N,1.0,0.0,20260922,main,pass,pass,0,0,130848.0,0.01418,0.0167456001043,0.0309256001043,0.0174546001043,7.813873446458353,4.231057750171401,7.496476528715497,0.04007114587927361,0.021697732052161033,0.038443469378028186,cuSPARSE 12.8.6,CUDA,13040,13000,2026-10-07T14:27:13.806007+00:00,source,csr-alg2,0,0,,,,5,20,4,true
3,full-20261009-A100-SXM4-80GB-spmm-fp32-cusparse-csr-alg2-n16-13.4.1,cuSPARSE-CUDA-13.4.1-SpMM-CSR-ALG2,cuSPARSE CUDA 13.4.1 SpMM CSR ALG2 [cuSPARSE 12.8.6],csr-alg2,cuSPARSE-SpMM-CSR,candidate,,,csr,csr,CUSPARSE_SPMM_CSR_ALG2,library-preprocess,spmm.csr.fp32,fp32,A100-SXM4-80GB,A100-SXM4-80GB,,19500.0,df2405bf-ab33-5b32-9511-7da1122118f9,suitesparse_all,HB/young2c,young2c,841,841,4089,16,row-major,N,N,1.0,0.0,20260922,main,pass,pass,0,0,130848.0,0.0141,0.0196096003056,0.0337096003056,0.0203146003056,6.672650026560365,3.881624190550337,6.441081686649279,0.03421871808492495,0.019905765079745317,0.03303118813666297,cuSPARSE 12.8.6,CUDA,13040,13000,2026-10-08T09:33:50.044208+00:00,source,csr-alg2,0,0,,,,5,20,4,true
3,full-20261009-A100-SXM4-80GB-spmm-fp32-cusparse-csr-alg2-n16-13.4.1,cuSPARSE-CUDA-13.4.1-SpMM-CSR-ALG2,cuSPARSE CUDA 13.4.1 SpMM CSR ALG2 [cuSPARSE 12.8.6],csr-alg2,cuSPARSE-SpMM-CSR,candidate,,,csr,csr,CUSPARSE_SPMM_CSR_ALG2,library-preprocess,spmm.csr.fp32,fp32,A100-SXM4-80GB,A100-SXM4-80GB,,19500.0,2793479a-b9ba-5e32-964d-96d3a38ca48f,suitesparse_all,HB/young4c,young4c,841,841,4089,16,row-major,N,N,1.0,0.0,20260922,main,pass,pass,0,0,130848.0,0.0295,0.0198655992746,0.0493655992746,0.0213405992746,6.5866626116485305,2.65059073368375,6.13141169637808,0.033777756982812976,0.01359277299325,0.03144313690450297,cuSPARSE 12.8.6,CUDA,13040,13000,2026-10-07T08:50:47.603999+00:00,source,csr-alg2,0,0,,,,5,20,4,true
3,full-20261009-A100-SXM4-80GB-spmm-fp32-cusparse-csr-alg2-n16-13.4.1,cuSPARSE-CUDA-13.4.1-SpMM-CSR-ALG2,cuSPARSE CUDA 13.4.1 SpMM CSR ALG2 [cuSPARSE 12.8.6],csr-alg2,cuSPARSE-SpMM-CSR,candidate,,,csr,csr,CUSPARSE_SPMM_CSR_ALG2,library-preprocess,spmm.csr.fp32,fp32,A100-SXM4-80GB,A100-SXM4-80GB,,19500.0,238ed034-08d6-5e0f-b7b4-c4d0b9e54f50,suitesparse_all,Hamm/hcircuit,hcircuit,105676,105676,513072,16,row-major,N,N,1.0,0.0,20260922,main,pass,pass,0,0,16418304.0,0.05862,0.242739200592,0.301359200592,0.245670200592,67.63762902719678,54.48084534252593,66.83066957423506,0.34685963603690656,0.2793889504744919,0.3427213824319747,cuSPARSE 12.8.6,CUDA,13040,13000,2026-10-07T14:28:00.346618+00:00,source,csr-alg2,0,0,,,,5,20,4,true
3,full-20261009-A100-SXM4-80GB-spmm-fp32-cusparse-csr-alg2-n16-13.4.1,cuSPARSE-CUDA-13.4.1-SpMM-CSR-ALG2,cuSPARSE CUDA 13.4.1 SpMM CSR ALG2 [cuSPARSE 12.8.6],csr-alg2,cuSPARSE-SpMM-CSR,candidate,,,csr,csr,CUSPARSE_SPMM_CSR_ALG2,library-preprocess,spmm.csr.fp32,fp32,A100-SXM4-80GB,A100-SXM4-80GB,,19500.0,df2405bf-ab33-5b32-9511-7da1122118f9,suitesparse_all,Hamm/memplus,memplus,17758,17758,126150,16,row-major,N,N,1.0,0.0,20260922,main,pass,pass,0,0,4036800.0,0.01959,0.0376832008362,0.0572732008362,0.0386627008362,107.12465794896296,70.48322672841618,104.41070884060775,0.5493572202510921,0.3614524447611086,0.5354395325159372,cuSPARSE 12.8.6,CUDA,13040,13000,2026-10-08T09:34:25.201721+00:00,source,csr-alg2,0,0,,,,5,20,4,true
3,full-20261009-A100-SXM4-80GB-spmm-fp32-cusparse-csr-alg2-n16-13.4.1,cuSPARSE-CUDA-13.4.1-SpMM-CSR-ALG2,cuSPARSE CUDA 13.4.1 SpMM CSR ALG2 [cuSPARSE 12.8.6],csr-alg2,cuSPARSE-SpMM-CSR,candidate,,,csr,csr,CUSPARSE_SPMM_CSR_ALG2,library-preprocess,spmm.csr.fp32,fp32,A100-SXM4-80GB,A100-SXM4-80GB,,19500.0,df2405bf-ab33-5b32-9511-7da1122118f9,suitesparse_all,Hamrle/Hamrle1,Hamrle1,32,32,98,16,row-major,N,N,1.0,0.0,20260922,main,pass,pass,0,0,3136.0,0.02017,0.018534399569,0.038704399569,0.019542899569,0.1691988989621852,0.08102438055935521,0.16046748789388923,0.0008676866613445396,0.00041550964389412925,0.0008229101943276371,cuSPARSE 12.8.6,CUDA,13040,13000,2026-10-08T09:38:00.872723+00:00,source,csr-alg2,0,0,,,,5,20,4,true
3,full-20261009-A100-SXM4-80GB-spmm-fp32-cusparse-csr-alg2-n16-13.4.1,cuSPARSE-CUDA-13.4.1-SpMM-CSR-ALG2,cuSPARSE CUDA 13.4.1 SpMM CSR ALG2 [cuSPARSE 12.8.6],csr-alg2,cuSPARSE-SpMM-CSR,candidate,,,csr,csr,CUSPARSE_SPMM_CSR_ALG2,library-preprocess,spmm.csr.fp32,fp32,A100-SXM4-80GB,A100-SXM4-80GB,,19500.0,2793479a-b9ba-5e32-964d-96d3a38ca48f,suitesparse_all,Hamrle/Hamrle3,Hamrle3,1447360,1447360,5514242,16,row-major,N,N,1.0,0.0,20260922,main,pass,pass,0,0,176455744.0,0.41269,1.11262722015,1.52531722015,1.13326172015,158.59376869838843,115.68462066051238,155.70608347791372,0.8133013779404535,0.5932544649257045,0.7984927357841729,cuSPARSE 12.8.6,CUDA,13040,13000,2026-10-07T08:56:49.487754+00:00,source,csr-alg2,0,0,,,,5,20,4,true
3,full-20261009-A100-SXM4-80GB-spmm-fp32-cusparse-csr-alg2-n16-13.4.1,cuSPARSE-CUDA-13.4.1-SpMM-CSR-ALG2,cuSPARSE CUDA 13.4.1 SpMM CSR ALG2 [cuSPARSE 12.8.6],csr-alg2,cuSPARSE-SpMM-CSR,candidate,,,csr,csr,CUSPARSE_SPMM_CSR_ALG2,library-preprocess,spmm.csr.fp32,fp32,A100-SXM4-80GB,A100-SXM4-80GB,,19500.0,df2405bf-ab33-5b32-9511-7da1122118f9,suitesparse_all,Hardesty/Hardesty1,Hardesty1,938905,938905,12143314,16,row-major,N,N,1.0,0.0,20260922,main,pass,pass,0,0,388586048.0,0.34864,3.45866737366,3.80730737366,3.47609937366,112.35137873024024,102.06321945224208,111.78795719837436,0.5761609165653346,0.5234011253961133,0.5732715753762787,cuSPARSE 12.8.6,CUDA,13040,13000,2026-10-08T12:13:26.078582+00:00,source,csr-alg2,0,0,,,,5,20,4,true
3,full-20261009-A100-SXM4-80GB-spmm-fp32-cusparse-csr-alg2-n16-13.4.1,cuSPARSE-CUDA-13.4.1-SpMM-CSR-ALG2,cuSPARSE CUDA 13.4.1 SpMM CSR ALG2 [cuSPARSE 12.8.6],csr-alg2,cuSPARSE-SpMM-CSR,candidate,,,csr,csr,CUSPARSE_SPMM_CSR_ALG2,library-preprocess,spmm.csr.fp32,fp32,A100-SXM4-80GB,A100-SXM4-80GB,,19500.0,2793479a-b9ba-5e32-964d-96d3a38ca48f,suitesparse_all,Hardesty/Hardesty3,Hardesty3,8217820,7591564,40451632,16,row-major,N,N,1.0,0.0,20260922,main,pass,pass,0,0,1294452224.0,0.48736,6.45191650391,6.93927650391,6.47628450391,200.63065342143443,186.53994018982075,199.87575024205407,1.0288751457509457,0.9566150778965168,1.025003847395149,cuSPARSE 12.8.6,CUDA,13040,13000,2026-10-07T10:51:26.308061+00:00,source,csr-alg2,0,0,,,,5,20,4,true
3,full-20261009-A100-SXM4-80GB-spmm-fp32-cusparse-csr-alg2-n16-13.4.1,cuSPARSE-CUDA-13.4.1-SpMM-CSR-ALG2,cuSPARSE CUDA 13.4.1 SpMM CSR ALG2 [cuSPARSE 12.8.6],csr-alg2,cuSPARSE-SpMM-CSR,candidate,,,csr,csr,CUSPARSE_SPMM_CSR_ALG2,library-preprocess,spmm.csr.fp32,fp32,A100-SXM4-80GB,A100-SXM4-80GB,,19500.0,238ed034-08d6-5e0f-b7b4-c4d0b9e54f50,suitesparse_all,Hohn/fd15,fd15,11532,11532,44206,16,row-major,N,N,1.0,0.0,20260922,main,pass,pass,0,0,1414592.0,0.02516,0.030096000433,0.055256000433,0.031354000433,47.00265748431185,25.600694746541535,45.11679468215947,0.24103926915031715,0.1312856140848284,0.23136817785722805,cuSPARSE 12.8.6,CUDA,13040,13000,2026-10-07T14:29:38.581599+00:00,source,csr-alg2,0,0,,,,5,20,4,true
3,full-20261009-A100-SXM4-80GB-spmm-fp32-cusparse-csr-alg2-n16-13.4.1,cuSPARSE-CUDA-13.4.1-SpMM-CSR-ALG2,cuSPARSE CUDA 13.4.1 SpMM CSR ALG2 [cuSPARSE 12.8.6],csr-alg2,cuSPARSE-SpMM-CSR,candidate,,,csr,csr,CUSPARSE_SPMM_CSR_ALG2,library-preprocess,spmm.csr.fp32,fp32,A100-SXM4-80GB,A100-SXM4-80GB,,19500.0,df2405bf-ab33-5b32-9511-7da1122118f9,suitesparse_all,Hohn/fd18,fd18,16428,16428,63406,16,row-major,N,N,1.0,0.0,20260922,main,pass,pass,0,0,2028992.0,0.01758,0.0326144009829,0.0501944009829,0.0334934009829,62.211536586669716,40.42267584169851,60.57885853502601,0.3190335209572806,0.20729577354717185,0.3106608130001334,cuSPARSE 12.8.6,CUDA,13040,13000,2026-10-08T09:36:20.106331+00:00,source,csr-alg2,0,0,,,,5,20,4,true
3,full-20261009-A100-SXM4-80GB-spmm-fp32-cusparse-csr-alg2-n16-13.4.1,cuSPARSE-CUDA-13.4.1-SpMM-CSR-ALG2,cuSPARSE CUDA 13.4.1 SpMM CSR ALG2 [cuSPARSE 12.8.6],csr-alg2,cuSPARSE-SpMM-CSR,candidate,,,csr,csr,CUSPARSE_SPMM_CSR_ALG2,library-preprocess,spmm.csr.fp32,fp32,A100-SXM4-80GB,A100-SXM4-80GB,,19500.0,2793479a-b9ba-5e32-964d-96d3a38ca48f,suitesparse_all,Hohn/sinc15,sinc15,11532,11532,568526,16,row-major,N,N,1.0,0.0,20260922,main,pass,pass,0,0,18192832.0,0.22264,0.0807936012745,0.303433601274,0.0919256012745,225.17664410315132,59.95655037416869,197.90821868735122,1.1547520210418016,0.30746948909830096,1.0149139419864166,cuSPARSE 12.8.6,CUDA,13040,13000,2026-10-07T08:54:18.154233+00:00,source,csr-alg2,0,0,,,,5,20,4,true
3,full-20261009-A100-SXM4-80GB-spmm-fp32-cusparse-csr-alg2-n16-13.4.1,cuSPARSE-CUDA-13.4.1-SpMM-CSR-ALG2,cuSPARSE CUDA 13.4.1 SpMM CSR ALG2 [cuSPARSE 12.8.6],csr-alg2,cuSPARSE-SpMM-CSR,candidate,,,csr,csr,CUSPARSE_SPMM_CSR_ALG2,library-preprocess,spmm.csr.fp32,fp32,A100-SXM4-80GB,A100-SXM4-80GB,,19500.0,2793479a-b9ba-5e32-964d-96d3a38ca48f,suitesparse_all,Hollinger/g7jac010,g7jac010,2880,2880,19635,16,row-major,N,N,1.0,0.0,20260922,main,pass,pass,0,0,628320.0,0.01926,0.0235008001328,0.0427608001328,0.0244638001328,26.736110960028785,14.69383168810357,25.683663069073877,0.13710826133348095,0.07535298301591574,0.1317110926619173,cuSPARSE 12.8.6,CUDA,13040,13000,2026-10-07T08:52:11.046465+00:00,source,csr-alg2,0,0,,,,5,20,4,true
3,full-20261009-A100-SXM4-80GB-spmm-fp32-cusparse-csr-alg2-n16-13.4.1,cuSPARSE-CUDA-13.4.1-SpMM-CSR-ALG2,cuSPARSE CUDA 13.4.1 SpMM CSR ALG2 [cuSPARSE 12.8.6],csr-alg2,cuSPARSE-SpMM-CSR,candidate,,,csr,csr,CUSPARSE_SPMM_CSR_ALG2,library-preprocess,spmm.csr.fp32,fp32,A100-SXM4-80GB,A100-SXM4-80GB,,19500.0,238ed034-08d6-5e0f-b7b4-c4d0b9e54f50,suitesparse_all,Hollinger/g7jac040sc,g7jac040sc,11790,11790,114671,16,row-major,N,N,1.0,0.0,20260922,main,pass,pass,0,0,3669472.0,0.016529,0.0298496007919,0.0463786007919,0.0306760507919,122.93202932870544,79.11993758640669,119.62009141570866,0.6304206632241305,0.4057432696738804,0.6134363662344035,cuSPARSE 12.8.6,CUDA,13040,13000,2026-10-07T14:28:01.402820+00:00,source,csr-alg2,0,0,,,,5,20,4,true
3,full-20261009-A100-SXM4-80GB-spmm-fp32-cusparse-csr-alg2-n16-13.4.1,cuSPARSE-CUDA-13.4.1-SpMM-CSR-ALG2,cuSPARSE CUDA 13.4.1 SpMM CSR ALG2 [cuSPARSE 12.8.6],csr-alg2,cuSPARSE-SpMM-CSR,candidate,,,csr,csr,CUSPARSE_SPMM_CSR_ALG2,library-preprocess,spmm.csr.fp32,fp32,A100-SXM4-80GB,A100-SXM4-80GB,,19500.0,df2405bf-ab33-5b32-9511-7da1122118f9,suitesparse_all,Hollinger/g7jac050sc,g7jac050sc,14760,14760,157990,16,row-major,N,N,1.0,0.0,20260922,main,pass,pass,0,0,5055680.0,0.0314,0.0321424007416,0.0635424007416,0.0337124007416,157.29005560735027,79.56388082595913,149.96499474335732,0.8066156697812835,0.4080199016715853,0.7690512550941401,cuSPARSE 12.8.6,CUDA,13040,13000,2026-10-08T09:34:26.303949+00:00,source,csr-alg2,0,0,,,,5,20,4,true
3,full-20261009-A100-SXM4-80GB-spmm-fp32-cusparse-csr-alg2-n16-13.4.1,cuSPARSE-CUDA-13.4.1-SpMM-CSR-ALG2,cuSPARSE CUDA 13.4.1 SpMM CSR ALG2 [cuSPARSE 12.8.6],csr-alg2,cuSPARSE-SpMM-CSR,candidate,,,csr,csr,CUSPARSE_SPMM_CSR_ALG2,library-preprocess,spmm.csr.fp32,fp32,A100-SXM4-80GB,A100-SXM4-80GB,,19500.0,2793479a-b9ba-5e32-964d-96d3a38ca48f,suitesparse_all,Hollinger/g7jac060sc,g7jac060sc,17730,17730,203316,16,row-major,N,N,1.0,0.0,20260922,main,pass,pass,0,0,6506112.0,0.03251,0.0453631997108,0.0778731997108,0.0469886997108,143.42268714459829,83.54751087873542,138.46120535454227,0.7355009597158887,0.4284487737371047,0.7100574633566271,cuSPARSE 12.8.6,CUDA,13040,13000,2026-10-07T08:52:13.013902+00:00,source,csr-alg2,0,0,,,,5,20,4,true
3,full-20261009-A100-SXM4-80GB-spmm-fp32-cusparse-csr-alg2-n16-13.4.1,cuSPARSE-CUDA-13.4.1-SpMM-CSR-ALG2,cuSPARSE CUDA 13.4.1 SpMM CSR ALG2 [cuSPARSE 12.8.6],csr-alg2,cuSPARSE-SpMM-CSR,candidate,,,csr,csr,CUSPARSE_SPMM_CSR_ALG2,library-preprocess,spmm.csr.fp32,fp32,A100-SXM4-80GB,A100-SXM4-80GB,,19500.0,238ed034-08d6-5e0f-b7b4-c4d0b9e54f50,suitesparse_all,Hollinger/g7jac120,g7jac120,35550,35550,475296,16,row-major,N,N,1.0,0.0,20260922,main,pass,pass,0,0,15209472.0,0.0335,0.0649728000164,0.0984728000164,0.0666478000164,234.08983445627902,154.4535343512824,228.20666242932867,1.2004606895193797,0.7920694069296532,1.17029057656066,cuSPARSE 12.8.6,CUDA,13040,13000,2026-10-07T14:28:03.546072+00:00,source,csr-alg2,0,0,,,,5,20,4,true
3,full-20261009-A100-SXM4-80GB-spmm-fp32-cusparse-csr-alg2-n16-13.4.1,cuSPARSE-CUDA-13.4.1-SpMM-CSR-ALG2,cuSPARSE CUDA 13.4.1 SpMM CSR ALG2 [cuSPARSE 12.8.6],csr-alg2,cuSPARSE-SpMM-CSR,candidate,,,csr,csr,CUSPARSE_SPMM_CSR_ALG2,library-preprocess,spmm.csr.fp32,fp32,A100-SXM4-80GB,A100-SXM4-80GB,,19500.0,df2405bf-ab33-5b32-9511-7da1122118f9,suitesparse_all,Hollinger/g7jac120sc,g7jac120sc,35550,35550,475296,16,row-major,N,N,1.0,0.0,20260922,main,pass,pass,0,0,15209472.0,0.04937,0.0637408018112,0.113110801811,0.0662093018112,238.61438149225665,134.46524784974943,229.71805447172315,1.2236634948320855,0.6895653735884587,1.1780413049831957,cuSPARSE 12.8.6,CUDA,13040,13000,2026-10-08T09:34:28.415921+00:00,source,csr-alg2,0,0,,,,5,20,4,true
3,full-20261009-A100-SXM4-80GB-spmm-fp32-cusparse-csr-alg2-n16-13.4.1,cuSPARSE-CUDA-13.4.1-SpMM-CSR-ALG2,cuSPARSE CUDA 13.4.1 SpMM CSR ALG2 [cuSPARSE 12.8.6],csr-alg2,cuSPARSE-SpMM-CSR,candidate,,,csr,csr,CUSPARSE_SPMM_CSR_ALG2,library-preprocess,spmm.csr.fp32,fp32,A100-SXM4-80GB,A100-SXM4-80GB,,19500.0,2793479a-b9ba-5e32-964d-96d3a38ca48f,suitesparse_all,Hollinger/g7jac140sc,g7jac140sc,41490,41490,565956,16,row-major,N,N,1.0,0.0,20260922,main,pass,pass,0,0,18110592.0,0.03996,0.0890367984772,0.128996798477,0.0910347984772,203.40569640582538,140.39567038734765,198.9414191380438,1.043106135414489,0.7199777968581931,1.0202124058361222,cuSPARSE 12.8.6,CUDA,13040,13000,2026-10-07T08:52:16.835096+00:00,source,csr-alg2,0,0,,,,5,20,4,true
3,full-20261009-A100-SXM4-80GB-spmm-fp32-cusparse-csr-alg2-n16-13.4.1,cuSPARSE-CUDA-13.4.1-SpMM-CSR-ALG2,cuSPARSE CUDA 13.4.1 SpMM CSR ALG2 [cuSPARSE 12.8.6],csr-alg2,cuSPARSE-SpMM-CSR,candidate,,,csr,csr,CUSPARSE_SPMM_CSR_ALG2,library-preprocess,spmm.csr.fp32,fp32,A100-SXM4-80GB,A100-SXM4-80GB,,19500.0,238ed034-08d6-5e0f-b7b4-c4d0b9e54f50,suitesparse_all,Hollinger/g7jac200,g7jac200,59310,59310,837936,16,row-major,N,N,1.0,0.0,20260922,main,pass,pass,0,0,26813952.0,0.053409,0.100608003139,0.154017003139,0.103278453139,266.51907565399,174.09734934136117,259.62774601118144,1.366764490533282,0.892806919699288,1.3314243385188793,cuSPARSE 12.8.6,CUDA,13040,13000,2026-10-07T14:28:06.651805+00:00,source,csr-alg2,0,0,,,,5,20,4,true
3,full-20261009-A100-SXM4-80GB-spmm-fp32-cusparse-csr-alg2-n16-13.4.1,cuSPARSE-CUDA-13.4.1-SpMM-CSR-ALG2,cuSPARSE CUDA 13.4.1 SpMM CSR ALG2 [cuSPARSE 12.8.6],csr-alg2,cuSPARSE-SpMM-CSR,candidate,,,csr,csr,CUSPARSE_SPMM_CSR_ALG2,library-preprocess,spmm.csr.fp32,fp32,A100-SXM4-80GB,A100-SXM4-80GB,,19500.0,df2405bf-ab33-5b32-9511-7da1122118f9,suitesparse_all,Hollinger/g7jac200sc,g7jac200sc,59310,59310,837936,16,row-major,N,N,1.0,0.0,20260922,main,pass,pass,0,0,26813952.0,0.06632,0.120934402943,0.187254402943,0.124250402943,221.72311060764255,143.19530851385178,215.80575486987297,1.1370415928597053,0.7343349154556502,1.1066961788198615,cuSPARSE 12.8.6,CUDA,13040,13000,2026-10-08T09:34:31.752261+00:00,source,csr-alg2,0,0,,,,5,20,4,true
3,full-20261009-A100-SXM4-80GB-spmm-fp32-cusparse-csr-alg2-n16-13.4.1,cuSPARSE-CUDA-13.4.1-SpMM-CSR-ALG2,cuSPARSE CUDA 13.4.1 SpMM CSR ALG2 [cuSPARSE 12.8.6],csr-alg2,cuSPARSE-SpMM-CSR,candidate,,,csr,csr,CUSPARSE_SPMM_CSR_ALG2,library-preprocess,spmm.csr.fp32,fp32,A100-SXM4-80GB,A100-SXM4-80GB,,19500.0,2793479a-b9ba-5e32-964d-96d3a38ca48f,suitesparse_all,Hollinger/jan99jac020sc,jan99jac020sc,6774,6774,38692,16,row-major,N,N,1.0,0.0,20260922,main,pass,pass,0,0,1238144.0,0.03086,0.0259584009647,0.0568184009647,0.0275014009647,47.69723688619005,21.79125035161111,45.02112461795113,0.2446012148009746,0.11175000180313391,0.23087756214333913,cuSPARSE 12.8.6,CUDA,13040,13000,2026-10-07T08:52:18.430951+00:00,source,csr-alg2,0,0,,,,5,20,4,true
3,full-20261009-A100-SXM4-80GB-spmm-fp32-cusparse-csr-alg2-n16-13.4.1,cuSPARSE-CUDA-13.4.1-SpMM-CSR-ALG2,cuSPARSE CUDA 13.4.1 SpMM CSR ALG2 [cuSPARSE 12.8.6],csr-alg2,cuSPARSE-SpMM-CSR,candidate,,,csr,csr,CUSPARSE_SPMM_CSR_ALG2,library-preprocess,spmm.csr.fp32,fp32,A100-SXM4-80GB,A100-SXM4-80GB,,19500.0,238ed034-08d6-5e0f-b7b4-c4d0b9e54f50,suitesparse_all,Hollinger/jan99jac080,jan99jac080,27534,27534,171522,16,row-major,N,N,1.0,0.0,20260922,main,pass,pass,0,0,5488704.0,0.02672,0.037734401226,0.064454401226,0.039070401226,145.4562367937652,85.15638801382478,140.48240682891827,0.7459294194552062,0.436699425711922,0.7204225991226578,cuSPARSE 12.8.6,CUDA,13040,13000,2026-10-07T14:28:07.967949+00:00,source,csr-alg2,0,0,,,,5,20,4,true
3,full-20261009-A100-SXM4-80GB-spmm-fp32-cusparse-csr-alg2-n16-13.4.1,cuSPARSE-CUDA-13.4.1-SpMM-CSR-ALG2,cuSPARSE CUDA 13.4.1 SpMM CSR ALG2 [cuSPARSE 12.8.6],csr-alg2,cuSPARSE-SpMM-CSR,candidate,,,csr,csr,CUSPARSE_SPMM_CSR_ALG2,library-preprocess,spmm.csr.fp32,fp32,A100-SXM4-80GB,A100-SXM4-80GB,,19500.0,df2405bf-ab33-5b32-9511-7da1122118f9,suitesparse_all,Hollinger/jan99jac080sc,jan99jac080sc,27534,27534,171522,16,row-major,N,N,1.0,0.0,20260922,main,pass,pass,0,0,5488704.0,0.0229,0.0455168008804,0.0684168008804,0.0466618008804,120.58633062596216,80.22450522927623,117.62735034741225,0.6183914391074983,0.4114077191244935,0.6032171812687808,cuSPARSE 12.8.6,CUDA,13040,13000,2026-10-08T09:34:33.040236+00:00,source,csr-alg2,0,0,,,,5,20,4,true
3,full-20261009-A100-SXM4-80GB-spmm-fp32-cusparse-csr-alg2-n16-13.4.1,cuSPARSE-CUDA-13.4.1-SpMM-CSR-ALG2,cuSPARSE CUDA 13.4.1 SpMM CSR ALG2 [cuSPARSE 12.8.6],csr-alg2,cuSPARSE-SpMM-CSR,candidate,,,csr,csr,CUSPARSE_SPMM_CSR_ALG2,library-preprocess,spmm.csr.fp32,fp32,A100-SXM4-80GB,A100-SXM4-80GB,,19500.0,2793479a-b9ba-5e32-964d-96d3a38ca48f,suitesparse_all,Hollinger/jan99jac100sc,jan99jac100sc,34454,34454,215862,16,row-major,N,N,1.0,0.0,20260922,main,pass,pass,0,0,6907584.0,0.0412,0.0531455993652,0.0943455993652,0.0552055993652,129.97471253514775,73.21575194261692,125.12469893324516,0.666536987359732,0.37546539457752265,0.6416651227345905,cuSPARSE 12.8.6,CUDA,13040,13000,2026-10-07T08:52:21.407383+00:00,source,csr-alg2,0,0,,,,5,20,4,true
3,full-20261009-A100-SXM4-80GB-spmm-fp32-cusparse-csr-alg2-n16-13.4.1,cuSPARSE-CUDA-13.4.1-SpMM-CSR-ALG2,cuSPARSE CUDA 13.4.1 SpMM CSR ALG2 [cuSPARSE 12.8.6],csr-alg2,cuSPARSE-SpMM-CSR,candidate,,,csr,csr,CUSPARSE_SPMM_CSR_ALG2,library-preprocess,spmm.csr.fp32,fp32,A100-SXM4-80GB,A100-SXM4-80GB,,19500.0,238ed034-08d6-5e0f-b7b4-c4d0b9e54f50,suitesparse_all,Hollinger/mark3jac040,mark3jac040,18289,18289,113435,16,row-major,N,N,1.0,0.0,20260922,main,pass,pass,0,0,3629920.0,0.01595,0.0312319993973,0.0471819993973,0.0320294993973,116.22438748874355,76.93442512755665,113.33052555626243,0.5960224999422746,0.39453551347464944,0.5811821823398073,cuSPARSE 12.8.6,CUDA,13040,13000,2026-10-07T14:28:09.059566+00:00,source,csr-alg2,0,0,,,,5,20,4,true
3,full-20261009-A100-SXM4-80GB-spmm-fp32-cusparse-csr-alg2-n16-13.4.1,cuSPARSE-CUDA-13.4.1-SpMM-CSR-ALG2,cuSPARSE CUDA 13.4.1 SpMM CSR ALG2 [cuSPARSE 12.8.6],csr-alg2,cuSPARSE-SpMM-CSR,candidate,,,csr,csr,CUSPARSE_SPMM_CSR_ALG2,library-preprocess,spmm.csr.fp32,fp32,A100-SXM4-80GB,A100-SXM4-80GB,,19500.0,df2405bf-ab33-5b32-9511-7da1122118f9,suitesparse_all,Hollinger/mark3jac040sc,mark3jac040sc,18289,18289,113435,16,row-major,N,N,1.0,0.0,20260922,main,pass,pass,0,0,3629920.0,0.01734,0.0374783992767,0.0548183992767,0.0383453992767,96.85365624077467,66.21718342554486,94.66376849557714,0.4966854166193573,0.3395752996181788,0.48545522305424177,cuSPARSE 12.8.6,CUDA,13040,13000,2026-10-08T09:34:34.087278+00:00,source,csr-alg2,0,0,,,,5,20,4,true
3,full-20261009-A100-SXM4-80GB-spmm-fp32-cusparse-csr-alg2-n16-13.4.1,cuSPARSE-CUDA-13.4.1-SpMM-CSR-ALG2,cuSPARSE CUDA 13.4.1 SpMM CSR ALG2 [cuSPARSE 12.8.6],csr-alg2,cuSPARSE-SpMM-CSR,candidate,,,csr,csr,CUSPARSE_SPMM_CSR_ALG2,library-preprocess,spmm.csr.fp32,fp32,A100-SXM4-80GB,A100-SXM4-80GB,,19500.0,2793479a-b9ba-5e32-964d-96d3a38ca48f,suitesparse_all,Hollinger/mark3jac060sc,mark3jac060sc,27449,27449,170695,16,row-major,N,N,1.0,0.0,20260922,main,pass,pass,0,0,5462240.0,0.04063,0.0441664010286,0.0847964010286,0.0461979010286,123.67410232187406,64.41594140484457,118.2356747467479,0.6342261657532002,0.330338161050485,0.6063367935730661,cuSPARSE 12.8.6,CUDA,13040,13000,2026-10-07T08:52:23.365341+00:00,source,csr-alg2,0,0,,,,5,20,4,true
3,full-20261009-A100-SXM4-80GB-spmm-fp32-cusparse-csr-alg2-n16-13.4.1,cuSPARSE-CUDA-13.4.1-SpMM-CSR-ALG2,cuSPARSE CUDA 13.4.1 SpMM CSR ALG2 [cuSPARSE 12.8.6],csr-alg2,cuSPARSE-SpMM-CSR,candidate,,,csr,csr,CUSPARSE_SPMM_CSR_ALG2,library-preprocess,spmm.csr.fp32,fp32,A100-SXM4-80GB,A100-SXM4-80GB,,19500.0,238ed034-08d6-5e0f-b7b4-c4d0b9e54f50,suitesparse_all,Hollinger/mark3jac120,mark3jac120,54929,54929,342475,16,row-major,N,N,1.0,0.0,20260922,main,pass,pass,0,0,10959200.0,0.05495,0.0585215985775,0.113471598577,0.0612690985775,187.26761172606658,96.5809959270404,178.86994022178374,0.9603467268003414,0.49528715860020717,0.9172817447270961,cuSPARSE 12.8.6,CUDA,13040,13000,2026-10-07T14:28:11.021656+00:00,source,csr-alg2,0,0,,,,5,20,4,true
3,full-20261009-A100-SXM4-80GB-spmm-fp32-cusparse-csr-alg2-n16-13.4.1,cuSPARSE-CUDA-13.4.1-SpMM-CSR-ALG2,cuSPARSE CUDA 13.4.1 SpMM CSR ALG2 [cuSPARSE 12.8.6],csr-alg2,cuSPARSE-SpMM-CSR,candidate,,,csr,csr,CUSPARSE_SPMM_CSR_ALG2,library-preprocess,spmm.csr.fp32,fp32,A100-SXM4-80GB,A100-SXM4-80GB,,19500.0,df2405bf-ab33-5b32-9511-7da1122118f9,suitesparse_all,Hollinger/mark3jac120sc,mark3jac120sc,54929,54929,342475,16,row-major,N,N,1.0,0.0,20260922,main,pass,pass,0,0,10959200.0,0.05217,0.0704512000084,0.122621200008,0.0730597000084,155.5573219291271,89.37443116920242,150.003353404681,0.7977298560468057,0.4583304162523201,0.7692479661778513,cuSPARSE 12.8.6,CUDA,13040,13000,2026-10-08T09:34:36.620158+00:00,source,csr-alg2,0,0,,,,5,20,4,true
3,full-20261009-A100-SXM4-80GB-spmm-fp32-cusparse-csr-alg2-n16-13.4.1,cuSPARSE-CUDA-13.4.1-SpMM-CSR-ALG2,cuSPARSE CUDA 13.4.1 SpMM CSR ALG2 [cuSPARSE 12.8.6],csr-alg2,cuSPARSE-SpMM-CSR,candidate,,,csr,csr,CUSPARSE_SPMM_CSR_ALG2,library-preprocess,spmm.csr.fp32,fp32,A100-SXM4-80GB,A100-SXM4-80GB,,19500.0,2793479a-b9ba-5e32-964d-96d3a38ca48f,suitesparse_all,Hollinger/mark3jac140sc,mark3jac140sc,64089,64089,399735,16,row-major,N,N,1.0,0.0,20260922,main,pass,pass,0,0,12791520.0,0.0368,0.0793088018894,0.116108801889,0.0811488018894,161.28752036676082,110.16839199002925,157.63042339717998,0.8271154890603118,0.5649661127693808,0.808361145626564,cuSPARSE 12.8.6,CUDA,13040,13000,2026-10-07T08:52:27.626559+00:00,source,csr-alg2,0,0,,,,5,20,4,true
3,full-20261009-A100-SXM4-80GB-spmm-fp32-cusparse-csr-alg2-n16-13.4.1,cuSPARSE-CUDA-13.4.1-SpMM-CSR-ALG2,cuSPARSE CUDA 13.4.1 SpMM CSR ALG2 [cuSPARSE 12.8.6],csr-alg2,cuSPARSE-SpMM-CSR,candidate,,,csr,csr,CUSPARSE_SPMM_CSR_ALG2,library-preprocess,spmm.csr.fp32,fp32,A100-SXM4-80GB,A100-SXM4-80GB,,19500.0,df2405bf-ab33-5b32-9511-7da1122118f9,suitesparse_all,IBM_Austin/coupled,coupled,11341,11341,98523,16,row-major,N,N,1.0,0.0,20260922,main,pass,pass,0,0,3152736.0,0.01658,0.0308223992586,0.0474023992586,0.0316513992586,102.2871702344953,66.51005116429869,99.60810813579972,0.5245495909461299,0.34107718545794197,0.5108108109528191,cuSPARSE 12.8.6,CUDA,13040,13000,2026-10-08T09:37:59.457245+00:00,source,csr-alg2,0,0,,,,5,20,4,true
3,full-20261009-A100-SXM4-80GB-spmm-fp32-cusparse-csr-alg2-n16-13.4.1,cuSPARSE-CUDA-13.4.1-SpMM-CSR-ALG2,cuSPARSE CUDA 13.4.1 SpMM CSR ALG2 [cuSPARSE 12.8.6],csr-alg2,cuSPARSE-SpMM-CSR,candidate,,,csr,csr,CUSPARSE_SPMM_CSR_ALG2,library-preprocess,spmm.csr.fp32,fp32,A100-SXM4-80GB,A100-SXM4-80GB,,19500.0,238ed034-08d6-5e0f-b7b4-c4d0b9e54f50,suitesparse_all,IBM_EDA/ckt11752_tr_0,ckt11752_tr_0,49702,49702,333029,16,row-major,N,N,1.0,0.0,20260922,main,pass,pass,0,0,10656928.0,0.05806,0.0684544026852,0.126514402685,0.0713574026852,155.67921977214257,84.2348995357785,149.34579453534846,0.7983549731904748,0.43197384377322307,0.7658758694120433,cuSPARSE 12.8.6,CUDA,13040,13000,2026-10-07T14:35:46.518670+00:00,source,csr-alg2,0,0,,,,5,20,4,true
3,full-20261009-A100-SXM4-80GB-spmm-fp32-cusparse-csr-alg2-n16-13.4.1,cuSPARSE-CUDA-13.4.1-SpMM-CSR-ALG2,cuSPARSE CUDA 13.4.1 SpMM CSR ALG2 [cuSPARSE 12.8.6],csr-alg2,cuSPARSE-SpMM-CSR,candidate,,,csr,csr,CUSPARSE_SPMM_CSR_ALG2,library-preprocess,spmm.csr.fp32,fp32,A100-SXM4-80GB,A100-SXM4-80GB,,19500.0,2793479a-b9ba-5e32-964d-96d3a38ca48f,suitesparse_all,IBM_EDA/dc2,dc2,116835,116835,766396,16,row-major,N,N,1.0,0.0,20260922,main,pass,pass,0,0,24524672.0,0.04446,0.139417600632,0.183877600632,0.141640600632,175.90800507845594,133.37498377022,173.14719007523954,0.9020923337356715,0.683974275744718,0.8879343080781514,cuSPARSE 12.8.6,CUDA,13040,13000,2026-10-07T08:58:53.937165+00:00,source,csr-alg2,0,0,,,,5,20,4,true
3,full-20261009-A100-SXM4-80GB-spmm-fp32-cusparse-csr-alg2-n16-13.4.1,cuSPARSE-CUDA-13.4.1-SpMM-CSR-ALG2,cuSPARSE CUDA 13.4.1 SpMM CSR ALG2 [cuSPARSE 12.8.6],csr-alg2,cuSPARSE-SpMM-CSR,candidate,,,csr,csr,CUSPARSE_SPMM_CSR_ALG2,library-preprocess,spmm.csr.fp32,fp32,A100-SXM4-80GB,A100-SXM4-80GB,,19500.0,238ed034-08d6-5e0f-b7b4-c4d0b9e54f50,suitesparse_all,IPSO/HTC_336_4438,HTC_336_4438,226340,226340,904522,16,row-major,N,N,1.0,0.0,20260922,main,pass,pass,0,0,28944704.0,0.05575,0.231526398659,0.287276398659,0.234313898659,125.01686273205826,100.7555933418591,123.52960778533925,0.6411121165746577,0.5166953504710723,0.6334851681299449,cuSPARSE 12.8.6,CUDA,13040,13000,2026-10-07T15:30:45.628355+00:00,source,csr-alg2,0,0,,,,5,20,4,true
3,full-20261009-A100-SXM4-80GB-spmm-fp32-cusparse-csr-alg2-n16-13.4.1,cuSPARSE-CUDA-13.4.1-SpMM-CSR-ALG2,cuSPARSE CUDA 13.4.1 SpMM CSR ALG2 [cuSPARSE 12.8.6],csr-alg2,cuSPARSE-SpMM-CSR,candidate,,,csr,csr,CUSPARSE_SPMM_CSR_ALG2,library-preprocess,spmm.csr.fp32,fp32,A100-SXM4-80GB,A100-SXM4-80GB,,19500.0,df2405bf-ab33-5b32-9511-7da1122118f9,suitesparse_all,IPSO/HTC_336_9129,HTC_336_9129,226340,226340,883422,16,row-major,N,N,1.0,0.0,20260922,main,pass,pass,0,0,28269504.0,0.05865,0.227481603622,0.286131603622,0.230414103622,124.271605043609,98.79895699094465,122.68998969948827,0.6372902822749179,0.5066613179022802,0.62917943435635,cuSPARSE 12.8.6,CUDA,13040,13000,2026-10-08T10:57:07.834732+00:00,source,csr-alg2,0,0,,,,5,20,4,true
3,full-20261009-A100-SXM4-80GB-spmm-fp32-cusparse-csr-alg2-n16-13.4.1,cuSPARSE-CUDA-13.4.1-SpMM-CSR-ALG2,cuSPARSE CUDA 13.4.1 SpMM CSR ALG2 [cuSPARSE 12.8.6],csr-alg2,cuSPARSE-SpMM-CSR,candidate,,,csr,csr,CUSPARSE_SPMM_CSR_ALG2,library-preprocess,spmm.csr.fp32,fp32,A100-SXM4-80GB,A100-SXM4-80GB,,19500.0,2793479a-b9ba-5e32-964d-96d3a38ca48f,suitesparse_all,IPSO/OPF_3754,OPF_3754,15435,15435,158273,16,row-major,N,N,1.0,0.0,20260922,main,pass,pass,0,0,5064736.0,0.01698,0.0387071996927,0.0556871996927,0.0395561996927,130.84738860494696,90.9497340133613,128.0389936178496,0.6710122492561382,0.46640889237621175,0.65661022368128,cuSPARSE 12.8.6,CUDA,13040,13000,2026-10-07T10:11:31.382006+00:00,source,csr-alg2,0,0,,,,5,20,4,true
3,full-20261009-A100-SXM4-80GB-spmm-fp32-cusparse-csr-alg2-n16-13.4.1,cuSPARSE-CUDA-13.4.1-SpMM-CSR-ALG2,cuSPARSE CUDA 13.4.1 SpMM CSR ALG2 [cuSPARSE 12.8.6],csr-alg2,cuSPARSE-SpMM-CSR,candidate,,,csr,csr,CUSPARSE_SPMM_CSR_ALG2,library-preprocess,spmm.csr.fp32,fp32,A100-SXM4-80GB,A100-SXM4-80GB,,19500.0,238ed034-08d6-5e0f-b7b4-c4d0b9e54f50,suitesparse_all,JGD_BIBD/bibd_14_7,bibd_14_7,91,3432,72072,16,row-major,N,N,1.0,0.0,20260922,main,pass,pass,0,0,2306304.0,0.024369,0.017664000392,0.042033000392,0.018882450392,130.5652144937973,54.868888218575776,122.14007992188984,0.6695652025322938,0.28137891394141423,0.6263593842148197,cuSPARSE 12.8.6,CUDA,13040,13000,2026-10-07T14:46:23.754954+00:00,source,csr-alg2,0,0,,,,5,20,4,true
3,full-20261009-A100-SXM4-80GB-spmm-fp32-cusparse-csr-alg2-n16-13.4.1,cuSPARSE-CUDA-13.4.1-SpMM-CSR-ALG2,cuSPARSE CUDA 13.4.1 SpMM CSR ALG2 [cuSPARSE 12.8.6],csr-alg2,cuSPARSE-SpMM-CSR,candidate,,,csr,csr,CUSPARSE_SPMM_CSR_ALG2,library-preprocess,spmm.csr.fp32,fp32,A100-SXM4-80GB,A100-SXM4-80GB,,19500.0,df2405bf-ab33-5b32-9511-7da1122118f9,suitesparse_all,JGD_BIBD/bibd_15_3,bibd_15_3,105,455,1365,16,row-major,N,N,1.0,0.0,20260922,main,pass,pass,0,0,43680.0,0.014569,0.0195071995258,0.0340761995258,0.0202356495258,2.23917328277846,1.2818330860790008,2.1585667385822718,0.01148293991168441,0.006573503005533338,0.011069573018370625,cuSPARSE 12.8.6,CUDA,13040,13000,2026-10-08T09:55:28.696004+00:00,source,csr-alg2,0,0,,,,5,20,4,true
3,full-20261009-A100-SXM4-80GB-spmm-fp32-cusparse-csr-alg2-n16-13.4.1,cuSPARSE-CUDA-13.4.1-SpMM-CSR-ALG2,cuSPARSE CUDA 13.4.1 SpMM CSR ALG2 [cuSPARSE 12.8.6],csr-alg2,cuSPARSE-SpMM-CSR,candidate,,,csr,csr,CUSPARSE_SPMM_CSR_ALG2,library-preprocess,spmm.csr.fp32,fp32,A100-SXM4-80GB,A100-SXM4-80GB,,19500.0,2793479a-b9ba-5e32-964d-96d3a38ca48f,suitesparse_all,JGD_BIBD/bibd_16_8,bibd_16_8,120,12870,360360,16,row-major,N,N,1.0,0.0,20260922,main,pass,pass,0,0,11531520.0,0.01433,0.0510464012623,0.0653764012623,0.0517629012623,225.90270253814214,176.38658257945093,222.77576640393312,1.158475397631498,0.9045465773305176,1.1424398277124774,cuSPARSE 12.8.6,CUDA,13040,13000,2026-10-07T09:26:00.614863+00:00,source,csr-alg2,0,0,,,,5,20,4,true
3,full-20261009-A100-SXM4-80GB-spmm-fp32-cusparse-csr-alg2-n16-13.4.1,cuSPARSE-CUDA-13.4.1-SpMM-CSR-ALG2,cuSPARSE CUDA 13.4.1 SpMM CSR ALG2 [cuSPARSE 12.8.6],csr-alg2,cuSPARSE-SpMM-CSR,candidate,,,csr,csr,CUSPARSE_SPMM_CSR_ALG2,library-preprocess,spmm.csr.fp32,fp32,A100-SXM4-80GB,A100-SXM4-80GB,,19500.0,238ed034-08d6-5e0f-b7b4-c4d0b9e54f50,suitesparse_all,JGD_BIBD/bibd_18_9,bibd_18_9,153,48620,1750320,16,row-major,N,N,1.0,0.0,20260922,main,pass,pass,0,0,56010240.0,0.04831,0.293120002747,0.341430002747,0.295535502747,191.08296764156347,164.0460403285169,189.52118943201506,0.9799126545721204,0.8412617452744457,0.9719035355487953,cuSPARSE 12.8.6,CUDA,13040,13000,2026-10-07T14:46:27.975540+00:00,source,csr-alg2,0,0,,,,5,20,4,true
3,full-20261009-A100-SXM4-80GB-spmm-fp32-cusparse-csr-alg2-n16-13.4.1,cuSPARSE-CUDA-13.4.1-SpMM-CSR-ALG2,cuSPARSE CUDA 13.4.1 SpMM CSR ALG2 [cuSPARSE 12.8.6],csr-alg2,cuSPARSE-SpMM-CSR,candidate,,,csr,csr,CUSPARSE_SPMM_CSR_ALG2,library-preprocess,spmm.csr.fp32,fp32,A100-SXM4-80GB,A100-SXM4-80GB,,19500.0,df2405bf-ab33-5b32-9511-7da1122118f9,suitesparse_all,JGD_BIBD/bibd_19_9,bibd_19_9,171,92378,3325608,16,row-major,N,N,1.0,0.0,20260922,main,pass,pass,0,0,106419456.0,0.06922,0.417740821838,0.486960821838,0.421201821838,254.74995604157044,218.5380244725379,252.65668494883764,1.3064100309824125,1.1207078178078866,1.2956753074299368,cuSPARSE 12.8.6,CUDA,13040,13000,2026-10-08T09:55:36.493998+00:00,source,csr-alg2,0,0,,,,5,20,4,true
3,full-20261009-A100-SXM4-80GB-spmm-fp32-cusparse-csr-alg2-n16-13.4.1,cuSPARSE-CUDA-13.4.1-SpMM-CSR-ALG2,cuSPARSE CUDA 13.4.1 SpMM CSR ALG2 [cuSPARSE 12.8.6],csr-alg2,cuSPARSE-SpMM-CSR,candidate,,,csr,csr,CUSPARSE_SPMM_CSR_ALG2,library-preprocess,spmm.csr.fp32,fp32,A100-SXM4-80GB,A100-SXM4-80GB,,19500.0,2793479a-b9ba-5e32-964d-96d3a38ca48f,suitesparse_all,JGD_BIBD/bibd_22_8,bibd_22_8,231,319770,8953560,16,row-major,N,N,1.0,0.0,20260922,main,pass,pass,0,0,286513920.0,0.08578,1.29367036819,1.37945036819,1.29795936819,221.47366674314986,207.7015067790657,220.74182522334482,1.1357623935546146,1.0651359322003369,1.132009360119717,cuSPARSE 12.8.6,CUDA,13040,13000,2026-10-07T09:26:18.934234+00:00,source,csr-alg2,0,0,,,,5,20,4,true
3,full-20261009-A100-SXM4-80GB-spmm-fp32-cusparse-csr-alg2-n16-13.4.1,cuSPARSE-CUDA-13.4.1-SpMM-CSR-ALG2,cuSPARSE CUDA 13.4.1 SpMM CSR ALG2 [cuSPARSE 12.8.6],csr-alg2,cuSPARSE-SpMM-CSR,candidate,,,csr,csr,CUSPARSE_SPMM_CSR_ALG2,library-preprocess,spmm.csr.fp32,fp32,A100-SXM4-80GB,A100-SXM4-80GB,,19500.0,2793479a-b9ba-5e32-964d-96d3a38ca48f,suitesparse_all,JGD_BIBD/bibd_9_5,bibd_9_5,36,126,1260,16,row-major,N,N,1.0,0.0,20260922,main,pass,pass,0,0,40320.0,0.01429,0.0184320002794,0.0327220002794,0.0191465002794,2.1874999668409565,1.2321985103515598,2.1058678824652293,0.01121794854790234,0.006318966719751589,0.010799322474180664,cuSPARSE 12.8.6,CUDA,13040,13000,2026-10-07T09:25:59.294407+00:00,source,csr-alg2,0,0,,,,5,20,4,true
3,full-20261009-A100-SXM4-80GB-spmm-fp32-cusparse-csr-alg2-n16-13.4.1,cuSPARSE-CUDA-13.4.1-SpMM-CSR-ALG2,cuSPARSE CUDA 13.4.1 SpMM CSR ALG2 [cuSPARSE 12.8.6],csr-alg2,cuSPARSE-SpMM-CSR,candidate,,,csr,csr,CUSPARSE_SPMM_CSR_ALG2,library-preprocess,spmm.csr.fp32,fp32,A100-SXM4-80GB,A100-SXM4-80GB,,19500.0,238ed034-08d6-5e0f-b7b4-c4d0b9e54f50,suitesparse_all,JGD_CAG/CAG_mat364,CAG_mat364,364,364,13585,16,row-major,N,N,1.0,0.0,20260922,main,pass,pass,0,0,434720.0,0.02028,0.0171008005738,0.0373808005738,0.0181148005738,25.421032081154788,11.629499457662575,23.998056077346448,0.13036426708284507,0.059638458757243974,0.12306695424280228,cuSPARSE 12.8.6,CUDA,13040,13000,2026-10-07T14:46:29.080426+00:00,source,csr-alg2,0,0,,,,5,20,4,true
3,full-20261009-A100-SXM4-80GB-spmm-fp32-cusparse-csr-alg2-n16-13.4.1,cuSPARSE-CUDA-13.4.1-SpMM-CSR-ALG2,cuSPARSE CUDA 13.4.1 SpMM CSR ALG2 [cuSPARSE 12.8.6],csr-alg2,cuSPARSE-SpMM-CSR,candidate,,,csr,csr,CUSPARSE_SPMM_CSR_ALG2,library-preprocess,spmm.csr.fp32,fp32,A100-SXM4-80GB,A100-SXM4-80GB,,19500.0,df2405bf-ab33-5b32-9511-7da1122118f9,suitesparse_all,JGD_CAG/CAG_mat72,CAG_mat72,72,72,1012,16,row-major,N,N,1.0,0.0,20260922,main,pass,pass,0,0,32384.0,0.01326,0.0183663994074,0.0316263994074,0.0190293994074,1.7632198495559328,1.023954689967734,1.7017878129882948,0.00904215307464581,0.005251049692142226,0.008727116989683564,cuSPARSE 12.8.6,CUDA,13040,13000,2026-10-08T09:55:37.115383+00:00,source,csr-alg2,0,0,,,,5,20,4,true
3,full-20261009-A100-SXM4-80GB-spmm-fp32-cusparse-csr-alg2-n16-13.4.1,cuSPARSE-CUDA-13.4.1-SpMM-CSR-ALG2,cuSPARSE CUDA 13.4.1 SpMM CSR ALG2 [cuSPARSE 12.8.6],csr-alg2,cuSPARSE-SpMM-CSR,candidate,,,csr,csr,CUSPARSE_SPMM_CSR_ALG2,library-preprocess,spmm.csr.fp32,fp32,A100-SXM4-80GB,A100-SXM4-80GB,,19500.0,2793479a-b9ba-5e32-964d-96d3a38ca48f,suitesparse_all,JGD_Forest/TF11,TF11,216,236,1607,16,row-major,N,N,1.0,0.0,20260922,main,pass,pass,0,0,51424.0,0.01321,0.0153088003397,0.0285188003397,0.0159693003397,3.359113637836349,1.803161401863545,3.2201786494151476,0.017226223783776147,0.009246981548018179,0.016513736663667424,cuSPARSE 12.8.6,CUDA,13040,13000,2026-10-07T09:26:19.483293+00:00,source,csr-alg2,0,0,,,,5,20,4,true
3,full-20261009-A100-SXM4-80GB-spmm-fp32-cusparse-csr-alg2-n16-13.4.1,cuSPARSE-CUDA-13.4.1-SpMM-CSR-ALG2,cuSPARSE CUDA 13.4.1 SpMM CSR ALG2 [cuSPARSE 12.8.6],csr-alg2,cuSPARSE-SpMM-CSR,candidate,,,csr,csr,CUSPARSE_SPMM_CSR_ALG2,library-preprocess,spmm.csr.fp32,fp32,A100-SXM4-80GB,A100-SXM4-80GB,,19500.0,238ed034-08d6-5e0f-b7b4-c4d0b9e54f50,suitesparse_all,JGD_Forest/TF16,TF16,15437,19321,216173,16,row-major,N,N,1.0,0.0,20260922,main,pass,pass,0,0,6917536.0,0.04594,0.0377855986357,0.0837255986357,0.0400825986357,183.07334671851095,82.62151734619442,172.5820240067674,0.9388376754795433,0.4237000889548432,0.8850360205475252,cuSPARSE 12.8.6,CUDA,13040,13000,2026-10-07T14:46:30.576859+00:00,source,csr-alg2,0,0,,,,5,20,4,true
3,full-20261009-A100-SXM4-80GB-spmm-fp32-cusparse-csr-alg2-n16-13.4.1,cuSPARSE-CUDA-13.4.1-SpMM-CSR-ALG2,cuSPARSE CUDA 13.4.1 SpMM CSR ALG2 [cuSPARSE 12.8.6],csr-alg2,cuSPARSE-SpMM-CSR,candidate,,,csr,csr,CUSPARSE_SPMM_CSR_ALG2,library-preprocess,spmm.csr.fp32,fp32,A100-SXM4-80GB,A100-SXM4-80GB,,19500.0,df2405bf-ab33-5b32-9511-7da1122118f9,suitesparse_all,JGD_Forest/TF17,TF17,38132,48630,586218,16,row-major,N,N,1.0,0.0,20260922,main,pass,pass,0,0,18758976.0,0.04199,0.0888320028782,0.130822002878,0.0909315028782,211.17362428179118,143.3931264413828,206.29787704187711,1.0829416629835447,0.7353493663660657,1.0579378309839853,cuSPARSE 12.8.6,CUDA,13040,13000,2026-10-08T09:55:39.962549+00:00,source,csr-alg2,0,0,,,,5,20,4,true
3,full-20261009-A100-SXM4-80GB-spmm-fp32-cusparse-csr-alg2-n16-13.4.1,cuSPARSE-CUDA-13.4.1-SpMM-CSR-ALG2,cuSPARSE CUDA 13.4.1 SpMM CSR ALG2 [cuSPARSE 12.8.6],csr-alg2,cuSPARSE-SpMM-CSR,candidate,,,csr,csr,CUSPARSE_SPMM_CSR_ALG2,library-preprocess,spmm.csr.fp32,fp32,A100-SXM4-80GB,A100-SXM4-80GB,,19500.0,2793479a-b9ba-5e32-964d-96d3a38ca48f,suitesparse_all,JGD_Forest/TF19,TF19,241029,317955,4370721,16,row-major,N,N,1.0,0.0,20260922,main,pass,pass,0,0,139863072.0,0.04076,0.731494379044,0.772254379044,0.733532379044,191.2018410623865,181.11010542036846,190.67061795183616,0.9805222618583924,0.928769771386505,0.977798040778647,cuSPARSE 12.8.6,CUDA,13040,13000,2026-10-07T09:26:33.846731+00:00,source,csr-alg2,0,0,,,,5,20,4,true
3,full-20261009-A100-SXM4-80GB-spmm-fp32-cusparse-csr-alg2-n16-13.4.1,cuSPARSE-CUDA-13.4.1-SpMM-CSR-ALG2,cuSPARSE CUDA 13.4.1 SpMM CSR ALG2 [cuSPARSE 12.8.6],csr-alg2,cuSPARSE-SpMM-CSR,candidate,,,csr,csr,CUSPARSE_SPMM_CSR_ALG2,library-preprocess,spmm.csr.fp32,fp32,A100-SXM4-80GB,A100-SXM4-80GB,,19500.0,238ed034-08d6-5e0f-b7b4-c4d0b9e54f50,suitesparse_all,JGD_Franz/Franz5,Franz5,7382,2882,44056,16,row-major,N,N,1.0,0.0,20260922,main,pass,pass,0,0,1409792.0,0.0238,0.0199680000544,0.0437680000544,0.0211580000544,70.60256391021737,32.21056475616307,66.63162852704599,0.36206443030880703,0.16518238336493885,0.34170065911305636,cuSPARSE 12.8.6,CUDA,13040,13000,2026-10-07T14:46:31.486484+00:00,source,csr-alg2,0,0,,,,5,20,4,true
3,full-20261009-A100-SXM4-80GB-spmm-fp32-cusparse-csr-alg2-n16-13.4.1,cuSPARSE-CUDA-13.4.1-SpMM-CSR-ALG2,cuSPARSE CUDA 13.4.1 SpMM CSR ALG2 [cuSPARSE 12.8.6],csr-alg2,cuSPARSE-SpMM-CSR,candidate,,,csr,csr,CUSPARSE_SPMM_CSR_ALG2,library-preprocess,spmm.csr.fp32,fp32,A100-SXM4-80GB,A100-SXM4-80GB,,19500.0,df2405bf-ab33-5b32-9511-7da1122118f9,suitesparse_all,JGD_Franz/Franz6,Franz6,7576,3016,45456,16,row-major,N,N,1.0,0.0,20260922,main,pass,pass,0,0,1454592.0,0.01951,0.0238591998816,0.0433691998816,0.0248346998816,60.96566553859035,33.53974719319485,58.570951408102395,0.3126444386594377,0.17199870355484537,0.3003638533748841,cuSPARSE 12.8.6,CUDA,13040,13000,2026-10-08T09:55:40.885613+00:00,source,csr-alg2,0,0,,,,5,20,4,true
3,full-20261009-A100-SXM4-80GB-spmm-fp32-cusparse-csr-alg2-n16-13.4.1,cuSPARSE-CUDA-13.4.1-SpMM-CSR-ALG2,cuSPARSE CUDA 13.4.1 SpMM CSR ALG2 [cuSPARSE 12.8.6],csr-alg2,cuSPARSE-SpMM-CSR,candidate,,,csr,csr,CUSPARSE_SPMM_CSR_ALG2,library-preprocess,spmm.csr.fp32,fp32,A100-SXM4-80GB,A100-SXM4-80GB,,19500.0,2793479a-b9ba-5e32-964d-96d3a38ca48f,suitesparse_all,JGD_Franz/Franz8,Franz8,16728,7176,100368,16,row-major,N,N,1.0,0.0,20260922,main,pass,pass,0,0,3211776.0,0.01911,0.0256000012159,0.0447100012159,0.0265555012159,125.45999404114036,71.83573949127543,120.94578723586517,0.6433845848263609,0.3683884076475663,0.6202348063377701,cuSPARSE 12.8.6,CUDA,13040,13000,2026-10-07T09:26:36.475461+00:00,source,csr-alg2,0,0,,,,5,20,4,true
3,full-20261009-A100-SXM4-80GB-spmm-fp32-cusparse-csr-alg2-n16-13.4.1,cuSPARSE-CUDA-13.4.1-SpMM-CSR-ALG2,cuSPARSE CUDA 13.4.1 SpMM CSR ALG2 [cuSPARSE 12.8.6],csr-alg2,cuSPARSE-SpMM-CSR,candidate,,,csr,csr,CUSPARSE_SPMM_CSR_ALG2,library-preprocess,spmm.csr.fp32,fp32,A100-SXM4-80GB,A100-SXM4-80GB,,19500.0,2793479a-b9ba-5e32-964d-96d3a38ca48f,suitesparse_all,JGD_G5/IG5-10,IG5-10,652,976,10273,16,row-major,N,N,1.0,0.0,20260922,main,pass,pass,0,0,328736.0,0.01413,0.0169471994042,0.0310771994042,0.0176536994042,19.39765929222086,10.57804455685837,18.621366121244268,0.09947517585754287,0.05424638234286343,0.09549418523715009,cuSPARSE 12.8.6,CUDA,13040,13000,2026-10-07T09:26:37.043907+00:00,source,csr-alg2,0,0,,,,5,20,4,true
3,full-20261009-A100-SXM4-80GB-spmm-fp32-cusparse-csr-alg2-n16-13.4.1,cuSPARSE-CUDA-13.4.1-SpMM-CSR-ALG2,cuSPARSE CUDA 13.4.1 SpMM CSR ALG2 [cuSPARSE 12.8.6],csr-alg2,cuSPARSE-SpMM-CSR,candidate,,,csr,csr,CUSPARSE_SPMM_CSR_ALG2,library-preprocess,spmm.csr.fp32,fp32,A100-SXM4-80GB,A100-SXM4-80GB,,19500.0,238ed034-08d6-5e0f-b7b4-c4d0b9e54f50,suitesparse_all,JGD_G5/IG5-15,IG5-15,11369,11987,323509,16,row-major,N,N,1.0,0.0,20260922,main,pass,pass,0,0,10352288.0,0.20769,0.0429567992687,0.250646799269,0.0533412992687,240.99300171889396,41.30229482360029,194.07641249703477,1.2358615472763794,0.21180664012102712,0.9952636538309476,cuSPARSE 12.8.6,CUDA,13040,13000,2026-10-07T14:46:33.808477+00:00,source,csr-alg2,0,0,,,,5,20,4,true
3,full-20261009-A100-SXM4-80GB-spmm-fp32-cusparse-csr-alg2-n16-13.4.1,cuSPARSE-CUDA-13.4.1-SpMM-CSR-ALG2,cuSPARSE CUDA 13.4.1 SpMM CSR ALG2 [cuSPARSE 12.8.6],csr-alg2,cuSPARSE-SpMM-CSR,candidate,,,csr,csr,CUSPARSE_SPMM_CSR_ALG2,library-preprocess,spmm.csr.fp32,fp32,A100-SXM4-80GB,A100-SXM4-80GB,,19500.0,df2405bf-ab33-5b32-9511-7da1122118f9,suitesparse_all,JGD_G5/IG5-16,IG5-16,18846,18485,588326,16,row-major,N,N,1.0,0.0,20260922,main,pass,pass,0,0,18826432.0,0.03528,0.0649215996265,0.100201599627,0.0666855996265,289.98718621091,187.8855434452275,282.3163037514117,1.4871137754405641,0.9635156074114231,1.447775916673906,cuSPARSE 12.8.6,CUDA,13040,13000,2026-10-08T09:55:44.222568+00:00,source,csr-alg2,0,0,,,,5,20,4,true
3,full-20261009-A100-SXM4-80GB-spmm-fp32-cusparse-csr-alg2-n16-13.4.1,cuSPARSE-CUDA-13.4.1-SpMM-CSR-ALG2,cuSPARSE CUDA 13.4.1 SpMM CSR ALG2 [cuSPARSE 12.8.6],csr-alg2,cuSPARSE-SpMM-CSR,candidate,,,csr,csr,CUSPARSE_SPMM_CSR_ALG2,library-preprocess,spmm.csr.fp32,fp32,A100-SXM4-80GB,A100-SXM4-80GB,,19500.0,2793479a-b9ba-5e32-964d-96d3a38ca48f,suitesparse_all,JGD_G5/IG5-18,IG5-18,47894,41550,1790490,16,row-major,N,N,1.0,0.0,20260922,main,pass,pass,0,0,57295680.0,0.0445,0.178124797344,0.222624797344,0.180349797344,321.66032385344334,257.3643218705177,317.691956651961,1.6495401223253505,1.319817035233424,1.6291895212921077,cuSPARSE 12.8.6,CUDA,13040,13000,2026-10-07T09:26:44.614691+00:00,source,csr-alg2,0,0,,,,5,20,4,true
3,full-20261009-A100-SXM4-80GB-spmm-fp32-cusparse-csr-alg2-n16-13.4.1,cuSPARSE-CUDA-13.4.1-SpMM-CSR-ALG2,cuSPARSE CUDA 13.4.1 SpMM CSR ALG2 [cuSPARSE 12.8.6],csr-alg2,cuSPARSE-SpMM-CSR,candidate,,,csr,csr,CUSPARSE_SPMM_CSR_ALG2,library-preprocess,spmm.csr.fp32,fp32,A100-SXM4-80GB,A100-SXM4-80GB,,19500.0,238ed034-08d6-5e0f-b7b4-c4d0b9e54f50,suitesparse_all,JGD_G5/IG5-7,IG5-7,62,150,549,16,row-major,N,N,1.0,0.0,20260922,main,pass,pass,0,0,17568.0,0.02088,0.0141824007034,0.0350624007034,0.0152264007034,1.238718350116025,0.501049547308848,1.153785477094211,0.0063524017954667954,0.0025694848579940924,0.005916848600483133,cuSPARSE 12.8.6,CUDA,13040,13000,2026-10-07T14:46:32.228476+00:00,source,csr-alg2,0,0,,,,5,20,4,true
3,full-20261009-A100-SXM4-80GB-spmm-fp32-cusparse-csr-alg2-n16-13.4.1,cuSPARSE-CUDA-13.4.1-SpMM-CSR-ALG2,cuSPARSE CUDA 13.4.1 SpMM CSR ALG2 [cuSPARSE 12.8.6],csr-alg2,cuSPARSE-SpMM-CSR,candidate,,,csr,csr,CUSPARSE_SPMM_CSR_ALG2,library-preprocess,spmm.csr.fp32,fp32,A100-SXM4-80GB,A100-SXM4-80GB,,19500.0,df2405bf-ab33-5b32-9511-7da1122118f9,suitesparse_all,JGD_G5/IG5-8,IG5-8,156,292,1711,16,row-major,N,N,1.0,0.0,20260922,main,pass,pass,0,0,54752.0,0.02142,0.0154111996293,0.0368311996293,0.0164821996293,3.552740949244775,1.4865657527061273,3.321886716058742,0.01821918435510141,0.007623414116441679,0.017035316492608935,cuSPARSE 12.8.6,CUDA,13040,13000,2026-10-08T09:55:41.601152+00:00,source,csr-alg2,0,0,,,,5,20,4,true
3,full-20261009-A100-SXM4-80GB-spmm-fp32-cusparse-csr-alg2-n16-13.4.1,cuSPARSE-CUDA-13.4.1-SpMM-CSR-ALG2,cuSPARSE CUDA 13.4.1 SpMM CSR ALG2 [cuSPARSE 12.8.6],csr-alg2,cuSPARSE-SpMM-CSR,candidate,,,csr,csr,CUSPARSE_SPMM_CSR_ALG2,library-preprocess,spmm.csr.fp32,fp32,A100-SXM4-80GB,A100-SXM4-80GB,,19500.0,238ed034-08d6-5e0f-b7b4-c4d0b9e54f50,suitesparse_all,JGD_GL6/GL6_D_10,GL6_D_10,163,341,2053,16,row-major,N,N,1.0,0.0,20260922,main,pass,pass,0,0,65696.0,0.01701,0.0160768002272,0.0330868002272,0.0169273002272,4.086385292568997,1.9855652268844246,3.88106780870082,0.020955822013174346,0.010182385778894484,0.019902911839491385,cuSPARSE 12.8.6,CUDA,13040,13000,2026-10-07T14:46:34.554133+00:00,source,csr-alg2,0,0,,,,5,20,4,true
3,full-20261009-A100-SXM4-80GB-spmm-fp32-cusparse-csr-alg2-n16-13.4.1,cuSPARSE-CUDA-13.4.1-SpMM-CSR-ALG2,cuSPARSE CUDA 13.4.1 SpMM CSR ALG2 [cuSPARSE 12.8.6],csr-alg2,cuSPARSE-SpMM-CSR,candidate,,,csr,csr,CUSPARSE_SPMM_CSR_ALG2,library-preprocess,spmm.csr.fp32,fp32,A100-SXM4-80GB,A100-SXM4-80GB,,19500.0,df2405bf-ab33-5b32-9511-7da1122118f9,suitesparse_all,JGD_GL7d/GL7d10,GL7d10,1,60,8,16,row-major,N,N,1.0,0.0,20260922,main,pass,pass,0,0,256.0,0.01367,0.0131055995822,0.0267755995822,0.0137890995822,0.01953363509958741,0.009560943694802817,0.018565389166560513,0.00010017248769019185,4.9030480486168285e-05,9.520712393107956e-05,cuSPARSE 12.8.6,CUDA,13040,13000,2026-10-08T09:55:44.887006+00:00,source,csr-alg2,0,0,,,,5,20,4,true
3,full-20261009-A100-SXM4-80GB-spmm-fp32-cusparse-csr-alg2-n16-13.4.1,cuSPARSE-CUDA-13.4.1-SpMM-CSR-ALG2,cuSPARSE CUDA 13.4.1 SpMM CSR ALG2 [cuSPARSE 12.8.6],csr-alg2,cuSPARSE-SpMM-CSR,candidate,,,csr,csr,CUSPARSE_SPMM_CSR_ALG2,library-preprocess,spmm.csr.fp32,fp32,A100-SXM4-80GB,A100-SXM4-80GB,,19500.0,2793479a-b9ba-5e32-964d-96d3a38ca48f,suitesparse_all,JGD_GL7d/GL7d12,GL7d12,8899,1019,37519,16,row-major,N,N,1.0,0.0,20260922,main,pass,pass,0,0,1200608.0,0.01551,0.0272383987904,0.0427483987904,0.0280138987904,44.07777451379215,28.08544960681943,42.85758326546938,0.2260398693014982,0.1440279467016381,0.21978247828445835,cuSPARSE 12.8.6,CUDA,13040,13000,2026-10-07T09:26:45.491831+00:00,source,csr-alg2,0,0,,,,5,20,4,true
3,full-20261009-A100-SXM4-80GB-spmm-fp32-cusparse-csr-alg2-n16-13.4.1,cuSPARSE-CUDA-13.4.1-SpMM-CSR-ALG2,cuSPARSE CUDA 13.4.1 SpMM CSR ALG2 [cuSPARSE 12.8.6],csr-alg2,cuSPARSE-SpMM-CSR,candidate,,,csr,csr,CUSPARSE_SPMM_CSR_ALG2,library-preprocess,spmm.csr.fp32,fp32,A100-SXM4-80GB,A100-SXM4-80GB,,19500.0,238ed034-08d6-5e0f-b7b4-c4d0b9e54f50,suitesparse_all,JGD_GL7d/GL7d17,GL7d17,1548650,955128,25978098,16,row-major,N,N,1.0,0.0,20260922,main,pass,pass,0,0,831299136.0,2.593801,9.86485748291,12.4586584829,9.99454753291,84.26874259867948,66.72461061044339,83.1752646393148,0.43214739794194607,0.34217749030996614,0.4265398186631528,cuSPARSE 12.8.6,CUDA,13040,13000,2026-10-07T14:48:06.552641+00:00,source,csr-alg2,0,0,,,,5,20,4,true
3,full-20261009-A100-SXM4-80GB-spmm-fp32-cusparse-csr-alg2-n16-13.4.1,cuSPARSE-CUDA-13.4.1-SpMM-CSR-ALG2,cuSPARSE CUDA 13.4.1 SpMM CSR ALG2 [cuSPARSE 12.8.6],csr-alg2,cuSPARSE-SpMM-CSR,candidate,,,csr,csr,CUSPARSE_SPMM_CSR_ALG2,library-preprocess,spmm.csr.fp32,fp32,A100-SXM4-80GB,A100-SXM4-80GB,,19500.0,df2405bf-ab33-5b32-9511-7da1122118f9,suitesparse_all,JGD_GL7d/GL7d18,GL7d18,1955309,1548650,35590540,16,row-major,N,N,1.0,0.0,20260922,main,pass,pass,0,0,1138897280.0,0.61554,6.47152633667,7.08706633667,6.50230333667,175.98588350735707,160.7008070613226,175.1528990622666,0.9024917102941389,0.8241067028785773,0.8982199951911108,cuSPARSE 12.8.6,CUDA,13040,13000,2026-10-08T09:57:56.878628+00:00,source,csr-alg2,0,0,,,,5,20,4,true
3,full-20261009-A100-SXM4-80GB-spmm-fp32-cusparse-csr-alg2-n16-13.4.1,cuSPARSE-CUDA-13.4.1-SpMM-CSR-ALG2,cuSPARSE CUDA 13.4.1 SpMM CSR ALG2 [cuSPARSE 12.8.6],csr-alg2,cuSPARSE-SpMM-CSR,candidate,,,csr,csr,CUSPARSE_SPMM_CSR_ALG2,library-preprocess,spmm.csr.fp32,fp32,A100-SXM4-80GB,A100-SXM4-80GB,,19500.0,2793479a-b9ba-5e32-964d-96d3a38ca48f,suitesparse_all,JGD_GL7d/GL7d20,GL7d20,1437547,1911130,29893084,16,row-major,N,N,1.0,0.0,20260922,main,pass,pass,0,0,956578688.0,0.422741,5.86265602112,6.28539702112,5.88379307112,163.16473020998689,152.1906547487348,162.57857413362635,0.8367422062050609,0.7804648961473579,0.8337362776083401,cuSPARSE 12.8.6,CUDA,13040,13000,2026-10-07T09:28:34.915492+00:00,source,csr-alg2,0,0,,,,5,20,4,true
3,full-20261009-A100-SXM4-80GB-spmm-fp32-cusparse-csr-alg2-n16-13.4.1,cuSPARSE-CUDA-13.4.1-SpMM-CSR-ALG2,cuSPARSE CUDA 13.4.1 SpMM CSR ALG2 [cuSPARSE 12.8.6],csr-alg2,cuSPARSE-SpMM-CSR,candidate,,,csr,csr,CUSPARSE_SPMM_CSR_ALG2,library-preprocess,spmm.csr.fp32,fp32,A100-SXM4-80GB,A100-SXM4-80GB,,19500.0,238ed034-08d6-5e0f-b7b4-c4d0b9e54f50,suitesparse_all,JGD_GL7d/GL7d25,GL7d25,2798,21074,81671,16,row-major,N,N,1.0,0.0,20260922,main,pass,pass,0,0,2613472.0,0.01874,0.0201728001237,0.0389128001237,0.0211098001237,129.55425047460636,67.16227029902826,123.80373024308514,0.6643807716646479,0.34442189896937575,0.6348909243235136,cuSPARSE 12.8.6,CUDA,13040,13000,2026-10-07T14:48:07.800877+00:00,source,csr-alg2,0,0,,,,5,20,4,true
3,full-20261009-A100-SXM4-80GB-spmm-fp32-cusparse-csr-alg2-n16-13.4.1,cuSPARSE-CUDA-13.4.1-SpMM-CSR-ALG2,cuSPARSE CUDA 13.4.1 SpMM CSR ALG2 [cuSPARSE 12.8.6],csr-alg2,cuSPARSE-SpMM-CSR,candidate,,,csr,csr,CUSPARSE_SPMM_CSR_ALG2,library-preprocess,spmm.csr.fp32,fp32,A100-SXM4-80GB,A100-SXM4-80GB,,19500.0,df2405bf-ab33-5b32-9511-7da1122118f9,suitesparse_all,JGD_GL7d/GL7d26,GL7d26,305,2798,7412,16,row-major,N,N,1.0,0.0,20260922,main,pass,pass,0,0,237184.0,0.01498,0.020377600193,0.035357600193,0.021126600193,11.639447125941558,6.708147575212331,11.226794554411436,0.059689472440725935,0.03440075679596067,0.05757330540723814,cuSPARSE 12.8.6,CUDA,13040,13000,2026-10-08T09:57:57.509859+00:00,source,csr-alg2,0,0,,,,5,20,4,true
3,full-20261009-A100-SXM4-80GB-spmm-fp32-cusparse-csr-alg2-n16-13.4.1,cuSPARSE-CUDA-13.4.1-SpMM-CSR-ALG2,cuSPARSE CUDA 13.4.1 SpMM CSR ALG2 [cuSPARSE 12.8.6],csr-alg2,cuSPARSE-SpMM-CSR,candidate,,,csr,csr,CUSPARSE_SPMM_CSR_ALG2,library-preprocess,spmm.csr.fp32,fp32,A100-SXM4-80GB,A100-SXM4-80GB,,19500.0,2793479a-b9ba-5e32-964d-96d3a38ca48f,suitesparse_all,JGD_Groebner/c8_mat11_I,c8_mat11_I,4562,5761,2462970,16,row-major,N,N,1.0,0.0,20260922,main,pass,pass,0,0,78815040.0,0.0412,0.203520011902,0.244720011902,0.205580011902,387.2594113150476,322.06209613769585,383.3789057156546,1.985945699051526,1.6516004930138248,1.9660456703366902,cuSPARSE 12.8.6,CUDA,13040,13000,2026-10-07T09:28:41.704549+00:00,source,csr-alg2,0,0,,,,5,20,4,true
3,full-20261009-A100-SXM4-80GB-spmm-fp32-cusparse-csr-alg2-n16-13.4.1,cuSPARSE-CUDA-13.4.1-SpMM-CSR-ALG2,cuSPARSE CUDA 13.4.1 SpMM CSR ALG2 [cuSPARSE 12.8.6],csr-alg2,cuSPARSE-SpMM-CSR,candidate,,,csr,csr,CUSPARSE_SPMM_CSR_ALG2,library-preprocess,spmm.csr.fp32,fp32,A100-SXM4-80GB,A100-SXM4-80GB,,19500.0,238ed034-08d6-5e0f-b7b4-c4d0b9e54f50,suitesparse_all,JGD_Groebner/robot24c1_mat5,robot24c1_mat5,404,302,15118,16,row-major,N,N,1.0,0.0,20260922,main,pass,pass,0,0,483776.0,0.017311,0.0208895996213,0.0382005996213,0.0217551496213,23.158701400227876,12.66409440678661,22.237309713850248,0.11876257128321988,0.06494407388095698,0.11403748571205256,cuSPARSE 12.8.6,CUDA,13040,13000,2026-10-07T14:48:08.712744+00:00,source,csr-alg2,0,0,,,,5,20,4,true
3,full-20261009-A100-SXM4-80GB-spmm-fp32-cusparse-csr-alg2-n16-13.4.1,cuSPARSE-CUDA-13.4.1-SpMM-CSR-ALG2,cuSPARSE CUDA 13.4.1 SpMM CSR ALG2 [cuSPARSE 12.8.6],csr-alg2,cuSPARSE-SpMM-CSR,candidate,,,csr,csr,CUSPARSE_SPMM_CSR_ALG2,library-preprocess,spmm.csr.fp32,fp32,A100-SXM4-80GB,A100-SXM4-80GB,,19500.0,df2405bf-ab33-5b32-9511-7da1122118f9,suitesparse_all,JGD_Groebner/robot24c1_mat5_J,robot24c1_mat5_J,302,404,15118,16,row-major,N,N,1.0,0.0,20260922,main,pass,pass,0,0,483776.0,0.0145,0.0205311998725,0.0350311998725,0.0212561998725,23.562967727374847,13.809860974238886,22.75928919100354,0.12083573193525562,0.07081979986789172,0.1167143035436079,cuSPARSE 12.8.6,CUDA,13040,13000,2026-10-08T09:57:58.292219+00:00,source,csr-alg2,0,0,,,,5,20,4,true
3,full-20261009-A100-SXM4-80GB-spmm-fp32-cusparse-csr-alg2-n16-13.4.1,cuSPARSE-CUDA-13.4.1-SpMM-CSR-ALG2,cuSPARSE CUDA 13.4.1 SpMM CSR ALG2 [cuSPARSE 12.8.6],csr-alg2,cuSPARSE-SpMM-CSR,candidate,,,csr,csr,CUSPARSE_SPMM_CSR_ALG2,library-preprocess,spmm.csr.fp32,fp32,A100-SXM4-80GB,A100-SXM4-80GB,,19500.0,2793479a-b9ba-5e32-964d-96d3a38ca48f,suitesparse_all,JGD_Homology/ch3-3-b2,ch3-3-b2,6,18,18,16,row-major,N,N,1.0,0.0,20260922,main,pass,pass,0,0,576.0,0.01424,0.0172544002533,0.0314944002533,0.0179664002533,0.033382788827437615,0.018288965510294054,0.0320598445920853,0.00017119378885865444,9.378956671945669e-05,0.0001644094594465913,cuSPARSE 12.8.6,CUDA,13040,13000,2026-10-07T09:28:42.714323+00:00,source,csr-alg2,0,0,,,,5,20,4,true
3,full-20261009-A100-SXM4-80GB-spmm-fp32-cusparse-csr-alg2-n16-13.4.1,cuSPARSE-CUDA-13.4.1-SpMM-CSR-ALG2,cuSPARSE CUDA 13.4.1 SpMM CSR ALG2 [cuSPARSE 12.8.6],csr-alg2,cuSPARSE-SpMM-CSR,candidate,,,csr,csr,CUSPARSE_SPMM_CSR_ALG2,library-preprocess,spmm.csr.fp32,fp32,A100-SXM4-80GB,A100-SXM4-80GB,,19500.0,238ed034-08d6-5e0f-b7b4-c4d0b9e54f50,suitesparse_all,JGD_Homology/ch5-5-b2,ch5-5-b2,600,200,1800,16,row-major,N,N,1.0,0.0,20260922,main,pass,pass,0,0,57600.0,0.0136,0.0204288005829,0.0340288005829,0.0211088005829,2.8195487917295687,1.6926838152780765,2.728719700287524,0.014459224572972149,0.008680429821938855,0.01399343436044884,cuSPARSE 12.8.6,CUDA,13040,13000,2026-10-07T14:48:09.636081+00:00,source,csr-alg2,0,0,,,,5,20,4,true
3,full-20261009-A100-SXM4-80GB-spmm-fp32-cusparse-csr-alg2-n16-13.4.1,cuSPARSE-CUDA-13.4.1-SpMM-CSR-ALG2,cuSPARSE CUDA 13.4.1 SpMM CSR ALG2 [cuSPARSE 12.8.6],csr-alg2,cuSPARSE-SpMM-CSR,candidate,,,csr,csr,CUSPARSE_SPMM_CSR_ALG2,library-preprocess,spmm.csr.fp32,fp32,A100-SXM4-80GB,A100-SXM4-80GB,,19500.0,df2405bf-ab33-5b32-9511-7da1122118f9,suitesparse_all,JGD_Homology/ch5-5-b3,ch5-5-b3,600,600,2400,16,row-major,N,N,1.0,0.0,20260922,main,pass,pass,0,0,76800.0,0.01393,0.0202240005136,0.0341540005136,0.0209205005136,3.79746825799151,2.2486384858317994,3.6710402769796953,0.019474196194828257,0.011531479414522048,0.018825847574254848,cuSPARSE 12.8.6,CUDA,13040,13000,2026-10-08T09:57:59.143001+00:00,source,csr-alg2,0,0,,,,5,20,4,true
3,full-20261009-A100-SXM4-80GB-spmm-fp32-cusparse-csr-alg2-n16-13.4.1,cuSPARSE-CUDA-13.4.1-SpMM-CSR-ALG2,cuSPARSE CUDA 13.4.1 SpMM CSR ALG2 [cuSPARSE 12.8.6],csr-alg2,cuSPARSE-SpMM-CSR,candidate,,,csr,csr,CUSPARSE_SPMM_CSR_ALG2,library-preprocess,spmm.csr.fp32,fp32,A100-SXM4-80GB,A100-SXM4-80GB,,19500.0,2793479a-b9ba-5e32-964d-96d3a38ca48f,suitesparse_all,JGD_Homology/ch6-6-b1,ch6-6-b1,450,36,900,16,row-major,N,N,1.0,0.0,20260922,main,pass,pass,0,0,28800.0,0.01404,0.0203263998032,0.0343663998032,0.0210283998032,1.4168765880254894,0.8380278459461532,1.3695763952337143,0.0072660337847461,0.00429757869715976,0.007023468693506228,cuSPARSE 12.8.6,CUDA,13040,13000,2026-10-07T09:28:43.964022+00:00,source,csr-alg2,0,0,,,,5,20,4,true
3,full-20261009-A100-SXM4-80GB-spmm-fp32-cusparse-csr-alg2-n16-13.4.1,cuSPARSE-CUDA-13.4.1-SpMM-CSR-ALG2,cuSPARSE CUDA 13.4.1 SpMM CSR ALG2 [cuSPARSE 12.8.6],csr-alg2,cuSPARSE-SpMM-CSR,candidate,,,csr,csr,CUSPARSE_SPMM_CSR_ALG2,library-preprocess,spmm.csr.fp32,fp32,A100-SXM4-80GB,A100-SXM4-80GB,,19500.0,238ed034-08d6-5e0f-b7b4-c4d0b9e54f50,suitesparse_all,JGD_Homology/ch7-6-b1,ch7-6-b1,630,42,1260,16,row-major,N,N,1.0,0.0,20260922,main,pass,pass,0,0,40320.0,0.012711,0.0204288005829,0.0331398005829,0.0210643505829,1.973684154210698,1.2166639294988681,1.914134491890374,0.010121457201080503,0.006239302202558299,0.009816074317386533,cuSPARSE 12.8.6,CUDA,13040,13000,2026-10-07T14:48:10.510327+00:00,source,csr-alg2,0,0,,,,5,20,4,true
3,full-20261009-A100-SXM4-80GB-spmm-fp32-cusparse-csr-alg2-n16-13.4.1,cuSPARSE-CUDA-13.4.1-SpMM-CSR-ALG2,cuSPARSE CUDA 13.4.1 SpMM CSR ALG2 [cuSPARSE 12.8.6],csr-alg2,cuSPARSE-SpMM-CSR,candidate,,,csr,csr,CUSPARSE_SPMM_CSR_ALG2,library-preprocess,spmm.csr.fp32,fp32,A100-SXM4-80GB,A100-SXM4-80GB,,19500.0,df2405bf-ab33-5b32-9511-7da1122118f9,suitesparse_all,JGD_Homology/ch7-6-b2,ch7-6-b2,4200,630,12600,16,row-major,N,N,1.0,0.0,20260922,main,pass,pass,0,0,403200.0,0.01423,0.0222719997168,0.0365019997168,0.0229834997168,18.103448506056782,11.04597016953095,17.543020208766436,0.09283819746695786,0.056646000869389486,0.08996420619880223,cuSPARSE 12.8.6,CUDA,13040,13000,2026-10-08T09:57:59.938453+00:00,source,csr-alg2,0,0,,,,5,20,4,true
3,full-20261009-A100-SXM4-80GB-spmm-fp32-cusparse-csr-alg2-n16-13.4.1,cuSPARSE-CUDA-13.4.1-SpMM-CSR-ALG2,cuSPARSE CUDA 13.4.1 SpMM CSR ALG2 [cuSPARSE 12.8.6],csr-alg2,cuSPARSE-SpMM-CSR,candidate,,,csr,csr,CUSPARSE_SPMM_CSR_ALG2,library-preprocess,spmm.csr.fp32,fp32,A100-SXM4-80GB,A100-SXM4-80GB,,19500.0,2793479a-b9ba-5e32-964d-96d3a38ca48f,suitesparse_all,JGD_Homology/ch7-6-b4,ch7-6-b4,15120,12600,75600,16,row-major,N,N,1.0,0.0,20260922,main,pass,pass,0,0,2419200.0,0.02691,0.0292863994837,0.0561963994837,0.0306318994837,82.60489656116518,43.04902132923478,78.97649315829457,0.4236148541598215,0.2207642119447938,0.4050076572220234,cuSPARSE 12.8.6,CUDA,13040,13000,2026-10-07T09:28:45.101759+00:00,source,csr-alg2,0,0,,,,5,20,4,true
3,full-20261009-A100-SXM4-80GB-spmm-fp32-cusparse-csr-alg2-n16-13.4.1,cuSPARSE-CUDA-13.4.1-SpMM-CSR-ALG2,cuSPARSE CUDA 13.4.1 SpMM CSR ALG2 [cuSPARSE 12.8.6],csr-alg2,cuSPARSE-SpMM-CSR,candidate,,,csr,csr,CUSPARSE_SPMM_CSR_ALG2,library-preprocess,spmm.csr.fp32,fp32,A100-SXM4-80GB,A100-SXM4-80GB,,19500.0,238ed034-08d6-5e0f-b7b4-c4d0b9e54f50,suitesparse_all,JGD_Homology/ch7-8-b1,ch7-8-b1,1176,56,2352,16,row-major,N,N,1.0,0.0,20260922,main,pass,pass,0,0,75264.0,0.01343,0.0206336006522,0.0340636006522,0.0213051006522,3.6476425646037294,2.2095139256847487,3.532675166790546,0.01870585930566015,0.011330840644537172,0.018116282906618184,cuSPARSE 12.8.6,CUDA,13040,13000,2026-10-07T14:48:11.078504+00:00,source,csr-alg2,0,0,,,,5,20,4,true
3,full-20261009-A100-SXM4-80GB-spmm-fp32-cusparse-csr-alg2-n16-13.4.1,cuSPARSE-CUDA-13.4.1-SpMM-CSR-ALG2,cuSPARSE CUDA 13.4.1 SpMM CSR ALG2 [cuSPARSE 12.8.6],csr-alg2,cuSPARSE-SpMM-CSR,candidate,,,csr,csr,CUSPARSE_SPMM_CSR_ALG2,library-preprocess,spmm.csr.fp32,fp32,A100-SXM4-80GB,A100-SXM4-80GB,,19500.0,df2405bf-ab33-5b32-9511-7da1122118f9,suitesparse_all,JGD_Homology/ch7-8-b2,ch7-8-b2,11760,1176,35280,16,row-major,N,N,1.0,0.0,20260922,main,pass,pass,0,0,1128960.0,0.0211,0.0207359999418,0.0418359999418,0.0217909999418,54.44444459725437,26.985371487966074,51.80854495045006,0.27920227998591984,0.13838652045110808,0.26568484589974395,cuSPARSE 12.8.6,CUDA,13040,13000,2026-10-08T09:58:00.885920+00:00,source,csr-alg2,0,0,,,,5,20,4,true
3,full-20261009-A100-SXM4-80GB-spmm-fp32-cusparse-csr-alg2-n16-13.4.1,cuSPARSE-CUDA-13.4.1-SpMM-CSR-ALG2,cuSPARSE CUDA 13.4.1 SpMM CSR ALG2 [cuSPARSE 12.8.6],csr-alg2,cuSPARSE-SpMM-CSR,candidate,,,csr,csr,CUSPARSE_SPMM_CSR_ALG2,library-preprocess,spmm.csr.fp32,fp32,A100-SXM4-80GB,A100-SXM4-80GB,,19500.0,2793479a-b9ba-5e32-964d-96d3a38ca48f,suitesparse_all,JGD_Homology/ch7-8-b4,ch7-8-b4,141120,58800,705600,16,row-major,N,N,1.0,0.0,20260922,main,pass,pass,0,0,22579200.0,0.09894,0.134656000137,0.233596000137,0.139603000137,167.68060819441953,96.65918931299205,161.73864442627885,0.8599005548431771,0.49568815032303615,0.8294289457757891,cuSPARSE 12.8.6,CUDA,13040,13000,2026-10-07T09:28:50.311838+00:00,source,csr-alg2,0,0,,,,5,20,4,true
3,full-20261009-A100-SXM4-80GB-spmm-fp32-cusparse-csr-alg2-n16-13.4.1,cuSPARSE-CUDA-13.4.1-SpMM-CSR-ALG2,cuSPARSE CUDA 13.4.1 SpMM CSR ALG2 [cuSPARSE 12.8.6],csr-alg2,cuSPARSE-SpMM-CSR,candidate,,,csr,csr,CUSPARSE_SPMM_CSR_ALG2,library-preprocess,spmm.csr.fp32,fp32,A100-SXM4-80GB,A100-SXM4-80GB,,19500.0,238ed034-08d6-5e0f-b7b4-c4d0b9e54f50,suitesparse_all,JGD_Homology/ch7-9-b4,ch7-9-b4,317520,105840,1587600,16,row-major,N,N,1.0,0.0,20260922,main,pass,pass,0,0,50803200.0,0.06229,0.270336008072,0.332626008072,0.273450508072,187.92613075232404,152.73369720687379,185.7857217314931,0.9637237474478156,0.7832497292660193,0.952747290930734,cuSPARSE 12.8.6,CUDA,13040,13000,2026-10-07T14:48:19.701431+00:00,source,csr-alg2,0,0,,,,5,20,4,true
3,full-20261009-A100-SXM4-80GB-spmm-fp32-cusparse-csr-alg2-n16-13.4.1,cuSPARSE-CUDA-13.4.1-SpMM-CSR-ALG2,cuSPARSE CUDA 13.4.1 SpMM CSR ALG2 [cuSPARSE 12.8.6],csr-alg2,cuSPARSE-SpMM-CSR,candidate,,,csr,csr,CUSPARSE_SPMM_CSR_ALG2,library-preprocess,spmm.csr.fp32,fp32,A100-SXM4-80GB,A100-SXM4-80GB,,19500.0,df2405bf-ab33-5b32-9511-7da1122118f9,suitesparse_all,JGD_Homology/ch7-9-b5,ch7-9-b5,423360,317520,2540160,16,row-major,N,N,1.0,0.0,20260922,main,pass,pass,0,0,81285120.0,0.28201,1.00935678482,1.29136678482,1.02345728482,80.53160311841138,62.94502921672258,79.4220933356256,0.4129825800944173,0.32279502162421836,0.40729278633654153,cuSPARSE 12.8.6,CUDA,13040,13000,2026-10-08T09:58:13.076091+00:00,source,csr-alg2,0,0,,,,5,20,4,true
3,full-20261009-A100-SXM4-80GB-spmm-fp32-cusparse-csr-alg2-n16-13.4.1,cuSPARSE-CUDA-13.4.1-SpMM-CSR-ALG2,cuSPARSE CUDA 13.4.1 SpMM CSR ALG2 [cuSPARSE 12.8.6],csr-alg2,cuSPARSE-SpMM-CSR,candidate,,,csr,csr,CUSPARSE_SPMM_CSR_ALG2,library-preprocess,spmm.csr.fp32,fp32,A100-SXM4-80GB,A100-SXM4-80GB,,19500.0,2793479a-b9ba-5e32-964d-96d3a38ca48f,suitesparse_all,JGD_Homology/ch8-8-b2,ch8-8-b2,18816,1568,56448,16,row-major,N,N,1.0,0.0,20260922,main,pass,pass,0,0,1806336.0,0.04037,0.0242688000202,0.0646388000202,0.0262873000202,74.43037968488373,27.945073229012753,68.71515897836422,0.38169425479427554,0.14330806784109104,0.35238543065827804,cuSPARSE 12.8.6,CUDA,13040,13000,2026-10-07T09:28:53.683802+00:00,source,csr-alg2,0,0,,,,5,20,4,true
3,full-20261009-A100-SXM4-80GB-spmm-fp32-cusparse-csr-alg2-n16-13.4.1,cuSPARSE-CUDA-13.4.1-SpMM-CSR-ALG2,cuSPARSE CUDA 13.4.1 SpMM CSR ALG2 [cuSPARSE 12.8.6],csr-alg2,cuSPARSE-SpMM-CSR,candidate,,,csr,csr,CUSPARSE_SPMM_CSR_ALG2,library-preprocess,spmm.csr.fp32,fp32,A100-SXM4-80GB,A100-SXM4-80GB,,19500.0,238ed034-08d6-5e0f-b7b4-c4d0b9e54f50,suitesparse_all,JGD_Homology/cis-n4c6-b13,cis-n4c6-b13,6300,25605,88200,16,row-major,N,N,1.0,0.0,20260922,main,pass,pass,0,0,2822400.0,0.01621,0.0220671996474,0.0382771996474,0.0228776996474,127.900234062211,73.7358016260135,123.36904686659611,0.6558986362164666,0.37813231603083847,0.632661778803057,cuSPARSE 12.8.6,CUDA,13040,13000,2026-10-07T14:48:20.612651+00:00,source,csr-alg2,0,0,,,,5,20,4,true
3,full-20261009-A100-SXM4-80GB-spmm-fp32-cusparse-csr-alg2-n16-13.4.1,cuSPARSE-CUDA-13.4.1-SpMM-CSR-ALG2,cuSPARSE CUDA 13.4.1 SpMM CSR ALG2 [cuSPARSE 12.8.6],csr-alg2,cuSPARSE-SpMM-CSR,candidate,,,csr,csr,CUSPARSE_SPMM_CSR_ALG2,library-preprocess,spmm.csr.fp32,fp32,A100-SXM4-80GB,A100-SXM4-80GB,,19500.0,df2405bf-ab33-5b32-9511-7da1122118f9,suitesparse_all,JGD_Homology/cis-n4c6-b14,cis-n4c6-b14,920,6300,13800,16,row-major,N,N,1.0,0.0,20260922,main,pass,pass,0,0,441600.0,0.01495,0.0175615996122,0.0325115996122,0.0183090996122,25.14577315002795,13.582844439136403,24.119154374240573,0.12895268282065614,0.0696556125083918,0.12368797114995166,cuSPARSE 12.8.6,CUDA,13040,13000,2026-10-08T09:58:13.834366+00:00,source,csr-alg2,0,0,,,,5,20,4,true
3,full-20261009-A100-SXM4-80GB-spmm-fp32-cusparse-csr-alg2-n16-13.4.1,cuSPARSE-CUDA-13.4.1-SpMM-CSR-ALG2,cuSPARSE CUDA 13.4.1 SpMM CSR ALG2 [cuSPARSE 12.8.6],csr-alg2,cuSPARSE-SpMM-CSR,candidate,,,csr,csr,CUSPARSE_SPMM_CSR_ALG2,library-preprocess,spmm.csr.fp32,fp32,A100-SXM4-80GB,A100-SXM4-80GB,,19500.0,2793479a-b9ba-5e32-964d-96d3a38ca48f,suitesparse_all,JGD_Homology/cis-n4c6-b2,cis-n4c6-b2,1330,210,3990,16,row-major,N,N,1.0,0.0,20260922,main,pass,pass,0,0,127680.0,0.0151,0.0166400000453,0.0317400000453,0.0173950000453,7.673076902188078,4.022684304277644,7.340040222333784,0.03934911231891322,0.02062915027834689,0.03764123190940402,cuSPARSE 12.8.6,CUDA,13040,13000,2026-10-07T09:28:54.913415+00:00,source,csr-alg2,0,0,,,,5,20,4,true
3,full-20261009-A100-SXM4-80GB-spmm-fp32-cusparse-csr-alg2-n16-13.4.1,cuSPARSE-CUDA-13.4.1-SpMM-CSR-ALG2,cuSPARSE CUDA 13.4.1 SpMM CSR ALG2 [cuSPARSE 12.8.6],csr-alg2,cuSPARSE-SpMM-CSR,candidate,,,csr,csr,CUSPARSE_SPMM_CSR_ALG2,library-preprocess,spmm.csr.fp32,fp32,A100-SXM4-80GB,A100-SXM4-80GB,,19500.0,238ed034-08d6-5e0f-b7b4-c4d0b9e54f50,suitesparse_all,JGD_Homology/klein-b2,klein-b2,20,30,60,16,row-major,N,N,1.0,0.0,20260922,main,pass,pass,0,0,1920.0,0.01444,0.014591999352,0.029031999352,0.015313999352,0.13157895321156535,0.06613392266653285,0.1253754787281775,0.000674763862623412,0.00033914832136683516,0.0006429511729650128,cuSPARSE 12.8.6,CUDA,13040,13000,2026-10-07T14:48:21.490731+00:00,source,csr-alg2,0,0,,,,5,20,4,true
3,full-20261009-A100-SXM4-80GB-spmm-fp32-cusparse-csr-alg2-n16-13.4.1,cuSPARSE-CUDA-13.4.1-SpMM-CSR-ALG2,cuSPARSE CUDA 13.4.1 SpMM CSR ALG2 [cuSPARSE 12.8.6],csr-alg2,cuSPARSE-SpMM-CSR,candidate,,,csr,csr,CUSPARSE_SPMM_CSR_ALG2,library-preprocess,spmm.csr.fp32,fp32,A100-SXM4-80GB,A100-SXM4-80GB,,19500.0,df2405bf-ab33-5b32-9511-7da1122118f9,suitesparse_all,JGD_Homology/lutz30-23-b6,lutz30-23-b6,1716,3003,12012,16,row-major,N,N,1.0,0.0,20260922,main,pass,pass,0,0,384384.0,0.01677,0.017919999361,0.034689999361,0.018758499361,21.45000076487447,11.080542147029876,20.491191358257392,0.11000000392243317,0.056823293061691676,0.10508303260644816,cuSPARSE 12.8.6,CUDA,13040,13000,2026-10-08T09:58:14.630734+00:00,source,csr-alg2,0,0,,,,5,20,4,true
3,full-20261009-A100-SXM4-80GB-spmm-fp32-cusparse-csr-alg2-n16-13.4.1,cuSPARSE-CUDA-13.4.1-SpMM-CSR-ALG2,cuSPARSE CUDA 13.4.1 SpMM CSR ALG2 [cuSPARSE 12.8.6],csr-alg2,cuSPARSE-SpMM-CSR,candidate,,,csr,csr,CUSPARSE_SPMM_CSR_ALG2,library-preprocess,spmm.csr.fp32,fp32,A100-SXM4-80GB,A100-SXM4-80GB,,19500.0,2793479a-b9ba-5e32-964d-96d3a38ca48f,suitesparse_all,JGD_Homology/mk10-b1,mk10-b1,630,45,1260,16,row-major,N,N,1.0,0.0,20260922,main,pass,pass,0,0,40320.0,0.01436,0.0199680000544,0.0343280000544,0.0206860000544,2.0192307637296594,1.174551384761839,1.9491443437091047,0.010355029557587997,0.0060233404346760975,0.00999561201902105,cuSPARSE 12.8.6,CUDA,13040,13000,2026-10-07T09:28:55.810949+00:00,source,csr-alg2,0,0,,,,5,20,4,true
3,full-20261009-A100-SXM4-80GB-spmm-fp32-cusparse-csr-alg2-n16-13.4.1,cuSPARSE-CUDA-13.4.1-SpMM-CSR-ALG2,cuSPARSE CUDA 13.4.1 SpMM CSR ALG2 [cuSPARSE 12.8.6],csr-alg2,cuSPARSE-SpMM-CSR,candidate,,,csr,csr,CUSPARSE_SPMM_CSR_ALG2,library-preprocess,spmm.csr.fp32,fp32,A100-SXM4-80GB,A100-SXM4-80GB,,19500.0,238ed034-08d6-5e0f-b7b4-c4d0b9e54f50,suitesparse_all,JGD_Homology/mk11-b2,mk11-b2,6930,990,20790,16,row-major,N,N,1.0,0.0,20260922,main,pass,pass,0,0,665280.0,0.01495,0.019148799777,0.034098799777,0.019896299777,34.742647463423836,19.51036412867348,33.43737315262307,0.178167422889353,0.10005314937781272,0.1714737084749901,cuSPARSE 12.8.6,CUDA,13040,13000,2026-10-07T14:48:22.143353+00:00,source,csr-alg2,0,0,,,,5,20,4,true
3,full-20261009-A100-SXM4-80GB-spmm-fp32-cusparse-csr-alg2-n16-13.4.1,cuSPARSE-CUDA-13.4.1-SpMM-CSR-ALG2,cuSPARSE CUDA 13.4.1 SpMM CSR ALG2 [cuSPARSE 12.8.6],csr-alg2,cuSPARSE-SpMM-CSR,candidate,,,csr,csr,CUSPARSE_SPMM_CSR_ALG2,library-preprocess,spmm.csr.fp32,fp32,A100-SXM4-80GB,A100-SXM4-80GB,,19500.0,df2405bf-ab33-5b32-9511-7da1122118f9,suitesparse_all,JGD_Homology/mk11-b3,mk11-b3,17325,6930,69300,16,row-major,N,N,1.0,0.0,20260922,main,pass,pass,0,0,2217600.0,0.04329,0.0236543998122,0.0669443998122,0.0258188998122,93.75000074431185,33.12599718902645,85.89056916174775,0.48076923458621457,0.1698769086616741,0.44046445723973204,cuSPARSE 12.8.6,CUDA,13040,13000,2026-10-08T09:58:15.693555+00:00,source,csr-alg2,0,0,,,,5,20,4,true
3,full-20261009-A100-SXM4-80GB-spmm-fp32-cusparse-csr-alg2-n16-13.4.1,cuSPARSE-CUDA-13.4.1-SpMM-CSR-ALG2,cuSPARSE CUDA 13.4.1 SpMM CSR ALG2 [cuSPARSE 12.8.6],csr-alg2,cuSPARSE-SpMM-CSR,candidate,,,csr,csr,CUSPARSE_SPMM_CSR_ALG2,library-preprocess,spmm.csr.fp32,fp32,A100-SXM4-80GB,A100-SXM4-80GB,,19500.0,2793479a-b9ba-5e32-964d-96d3a38ca48f,suitesparse_all,JGD_Homology/mk11-b4b,mk11-b4b,9450,17325,47250,16,row-major,N,N,1.0,0.0,20260922,main,pass,pass,0,0,1512000.0,0.02526,0.0253951996565,0.0506551996565,0.0266581996565,59.53881128920354,29.848860734003292,56.71800869836058,0.30532723738053097,0.15307108068719638,0.2908615830685158,cuSPARSE 12.8.6,CUDA,13040,13000,2026-10-07T09:28:57.441819+00:00,source,csr-alg2,0,0,,,,5,20,4,true
3,full-20261009-A100-SXM4-80GB-spmm-fp32-cusparse-csr-alg2-n16-13.4.1,cuSPARSE-CUDA-13.4.1-SpMM-CSR-ALG2,cuSPARSE CUDA 13.4.1 SpMM CSR ALG2 [cuSPARSE 12.8.6],csr-alg2,cuSPARSE-SpMM-CSR,candidate,,,csr,csr,CUSPARSE_SPMM_CSR_ALG2,library-preprocess,spmm.csr.fp32,fp32,A100-SXM4-80GB,A100-SXM4-80GB,,19500.0,238ed034-08d6-5e0f-b7b4-c4d0b9e54f50,suitesparse_all,JGD_Homology/mk12-b5,mk12-b5,10395,62370,62370,16,row-major,N,N,1.0,0.0,20260922,main,pass,pass,0,0,1995840.0,0.01582,0.0271872013807,0.0430072013807,0.0279782013807,73.41101322097951,46.407111737702074,71.33553629279314,0.3764667344665616,0.23798518839847219,0.36582326303996476,cuSPARSE 12.8.6,CUDA,13040,13000,2026-10-07T14:48:23.287229+00:00,source,csr-alg2,0,0,,,,5,20,4,true
3,full-20261009-A100-SXM4-80GB-spmm-fp32-cusparse-csr-alg2-n16-13.4.1,cuSPARSE-CUDA-13.4.1-SpMM-CSR-ALG2,cuSPARSE CUDA 13.4.1 SpMM CSR ALG2 [cuSPARSE 12.8.6],csr-alg2,cuSPARSE-SpMM-CSR,candidate,,,csr,csr,CUSPARSE_SPMM_CSR_ALG2,library-preprocess,spmm.csr.fp32,fp32,A100-SXM4-80GB,A100-SXM4-80GB,,19500.0,df2405bf-ab33-5b32-9511-7da1122118f9,suitesparse_all,JGD_Homology/mk13-b5,mk13-b5,135135,270270,810810,16,row-major,N,N,1.0,0.0,20260922,main,pass,pass,0,0,25945920.0,0.05979,0.300339198112,0.360129198112,0.303328698112,86.388723693417,72.04614381733866,85.53730709126582,0.44301909586367694,0.3694674041914803,0.43865285687828626,cuSPARSE 12.8.6,CUDA,13040,13000,2026-10-08T09:58:20.441634+00:00,source,csr-alg2,0,0,,,,5,20,4,true
3,full-20261009-A100-SXM4-80GB-spmm-fp32-cusparse-csr-alg2-n16-13.4.1,cuSPARSE-CUDA-13.4.1-SpMM-CSR-ALG2,cuSPARSE CUDA 13.4.1 SpMM CSR ALG2 [cuSPARSE 12.8.6],csr-alg2,cuSPARSE-SpMM-CSR,candidate,,,csr,csr,CUSPARSE_SPMM_CSR_ALG2,library-preprocess,spmm.csr.fp32,fp32,A100-SXM4-80GB,A100-SXM4-80GB,,19500.0,2793479a-b9ba-5e32-964d-96d3a38ca48f,suitesparse_all,JGD_Homology/mk9-b2,mk9-b2,1260,378,3780,16,row-major,N,N,1.0,0.0,20260922,main,pass,pass,0,0,120960.0,0.0202,0.0206336006522,0.0408336006522,0.0216436006522,5.862282693113136,2.9622663215589586,5.588718898659997,0.030062988169810956,0.015191109341327991,0.028660096916205115,cuSPARSE 12.8.6,CUDA,13040,13000,2026-10-07T09:28:58.787432+00:00,source,csr-alg2,0,0,,,,5,20,4,true
3,full-20261009-A100-SXM4-80GB-spmm-fp32-cusparse-csr-alg2-n16-13.4.1,cuSPARSE-CUDA-13.4.1-SpMM-CSR-ALG2,cuSPARSE CUDA 13.4.1 SpMM CSR ALG2 [cuSPARSE 12.8.6],csr-alg2,cuSPARSE-SpMM-CSR,candidate,,,csr,csr,CUSPARSE_SPMM_CSR_ALG2,library-preprocess,spmm.csr.fp32,fp32,A100-SXM4-80GB,A100-SXM4-80GB,,19500.0,238ed034-08d6-5e0f-b7b4-c4d0b9e54f50,suitesparse_all,JGD_Homology/n2c6-b3,n2c6-b3,1365,455,5460,16,row-major,N,N,1.0,0.0,20260922,main,pass,pass,0,0,174720.0,0.015351,0.0208384007215,0.0361894007215,0.0216059507215,8.384520594218769,4.827932944913328,8.08666104316052,0.0429975415088142,0.02475863048673501,0.04147005663159241,cuSPARSE 12.8.6,CUDA,13040,13000,2026-10-07T14:48:24.172541+00:00,source,csr-alg2,0,0,,,,5,20,4,true
3,full-20261009-A100-SXM4-80GB-spmm-fp32-cusparse-csr-alg2-n16-13.4.1,cuSPARSE-CUDA-13.4.1-SpMM-CSR-ALG2,cuSPARSE CUDA 13.4.1 SpMM CSR ALG2 [cuSPARSE 12.8.6],csr-alg2,cuSPARSE-SpMM-CSR,candidate,,,csr,csr,CUSPARSE_SPMM_CSR_ALG2,library-preprocess,spmm.csr.fp32,fp32,A100-SXM4-80GB,A100-SXM4-80GB,,19500.0,df2405bf-ab33-5b32-9511-7da1122118f9,suitesparse_all,JGD_Homology/n2c6-b4,n2c6-b4,3003,1365,15015,16,row-major,N,N,1.0,0.0,20260922,main,pass,pass,0,0,480480.0,0.0184,0.0180736005306,0.0364736005306,0.0189936005306,26.584630947580713,13.173363556386352,25.296941421186233,0.13633144075682418,0.06755571054557104,0.12972790472403198,cuSPARSE 12.8.6,CUDA,13040,13000,2026-10-08T09:58:21.247591+00:00,source,csr-alg2,0,0,,,,5,20,4,true
3,full-20261009-A100-SXM4-80GB-spmm-fp32-cusparse-csr-alg2-n16-13.4.1,cuSPARSE-CUDA-13.4.1-SpMM-CSR-ALG2,cuSPARSE CUDA 13.4.1 SpMM CSR ALG2 [cuSPARSE 12.8.6],csr-alg2,cuSPARSE-SpMM-CSR,candidate,,,csr,csr,CUSPARSE_SPMM_CSR_ALG2,library-preprocess,spmm.csr.fp32,fp32,A100-SXM4-80GB,A100-SXM4-80GB,,19500.0,2793479a-b9ba-5e32-964d-96d3a38ca48f,suitesparse_all,JGD_Homology/n2c6-b6,n2c6-b6,5715,4945,40005,16,row-major,N,N,1.0,0.0,20260922,main,pass,pass,0,0,1280160.0,0.02314,0.0234495997429,0.0465895997429,0.0246065997429,54.59197658107588,27.47737707695352,52.02506698916733,0.27995885426192757,0.14090962603565907,0.26679521532906325,cuSPARSE 12.8.6,CUDA,13040,13000,2026-10-07T09:29:00.648523+00:00,source,csr-alg2,0,0,,,,5,20,4,true
3,full-20261009-A100-SXM4-80GB-spmm-fp32-cusparse-csr-alg2-n16-13.4.1,cuSPARSE-CUDA-13.4.1-SpMM-CSR-ALG2,cuSPARSE CUDA 13.4.1 SpMM CSR ALG2 [cuSPARSE 12.8.6],csr-alg2,cuSPARSE-SpMM-CSR,candidate,,,csr,csr,CUSPARSE_SPMM_CSR_ALG2,library-preprocess,spmm.csr.fp32,fp32,A100-SXM4-80GB,A100-SXM4-80GB,,19500.0,238ed034-08d6-5e0f-b7b4-c4d0b9e54f50,suitesparse_all,JGD_Homology/n3c4-b2,n3c4-b2,20,15,60,16,row-major,N,N,1.0,0.0,20260922,main,pass,pass,0,0,1920.0,0.0145,0.0172031998634,0.0317031998634,0.0179281998634,0.11160714374334633,0.06056171011988474,0.10709385295952857,0.0005723443268889556,0.00031057287240966535,0.0005491992459463003,cuSPARSE 12.8.6,CUDA,13040,13000,2026-10-07T14:48:24.854626+00:00,source,csr-alg2,0,0,,,,5,20,4,true
3,full-20261009-A100-SXM4-80GB-spmm-fp32-cusparse-csr-alg2-n16-13.4.1,cuSPARSE-CUDA-13.4.1-SpMM-CSR-ALG2,cuSPARSE CUDA 13.4.1 SpMM CSR ALG2 [cuSPARSE 12.8.6],csr-alg2,cuSPARSE-SpMM-CSR,candidate,,,csr,csr,CUSPARSE_SPMM_CSR_ALG2,library-preprocess,spmm.csr.fp32,fp32,A100-SXM4-80GB,A100-SXM4-80GB,,19500.0,df2405bf-ab33-5b32-9511-7da1122118f9,suitesparse_all,JGD_Homology/n3c4-b3,n3c4-b3,15,20,60,16,row-major,N,N,1.0,0.0,20260922,main,pass,pass,0,0,1920.0,0.01703,0.0124927997589,0.0295227997589,0.0133442997589,0.1536885275562167,0.06503448235532584,0.1438816599364424,0.0007881462951600857,0.0003335101659247479,0.0007378546663407302,cuSPARSE 12.8.6,CUDA,13040,13000,2026-10-08T09:58:21.999830+00:00,source,csr-alg2,0,0,,,,5,20,4,true
3,full-20261009-A100-SXM4-80GB-spmm-fp32-cusparse-csr-alg2-n16-13.4.1,cuSPARSE-CUDA-13.4.1-SpMM-CSR-ALG2,cuSPARSE CUDA 13.4.1 SpMM CSR ALG2 [cuSPARSE 12.8.6],csr-alg2,cuSPARSE-SpMM-CSR,candidate,,,csr,csr,CUSPARSE_SPMM_CSR_ALG2,library-preprocess,spmm.csr.fp32,fp32,A100-SXM4-80GB,A100-SXM4-80GB,,19500.0,2793479a-b9ba-5e32-964d-96d3a38ca48f,suitesparse_all,JGD_Homology/n3c5-b1,n3c5-b1,45,10,90,16,row-major,N,N,1.0,0.0,20260922,main,pass,pass,0,0,2880.0,0.01489,0.0169471994042,0.0318371994042,0.0176916994042,0.1699395830137134,0.09046021804355275,0.16278820559862606,0.0008714850410959661,0.0004638985540695013,0.000834811310762185,cuSPARSE 12.8.6,CUDA,13040,13000,2026-10-07T09:29:03.059096+00:00,source,csr-alg2,0,0,,,,5,20,4,true
3,full-20261009-A100-SXM4-80GB-spmm-fp32-cusparse-csr-alg2-n16-13.4.1,cuSPARSE-CUDA-13.4.1-SpMM-CSR-ALG2,cuSPARSE CUDA 13.4.1 SpMM CSR ALG2 [cuSPARSE 12.8.6],csr-alg2,cuSPARSE-SpMM-CSR,candidate,,,csr,csr,CUSPARSE_SPMM_CSR_ALG2,library-preprocess,spmm.csr.fp32,fp32,A100-SXM4-80GB,A100-SXM4-80GB,,19500.0,238ed034-08d6-5e0f-b7b4-c4d0b9e54f50,suitesparse_all,JGD_Homology/n3c5-b6,n3c5-b6,120,210,840,16,row-major,N,N,1.0,0.0,20260922,main,pass,pass,0,0,26880.0,0.01296,0.0188927993178,0.0318527993178,0.0195407993178,1.422764279016863,0.8438818746137298,1.3755834427670834,0.00729622707188135,0.004327599356993486,0.007054274065472222,cuSPARSE 12.8.6,CUDA,13040,13000,2026-10-07T14:48:26.352794+00:00,source,csr-alg2,0,0,,,,5,20,4,true
3,full-20261009-A100-SXM4-80GB-spmm-fp32-cusparse-csr-alg2-n16-13.4.1,cuSPARSE-CUDA-13.4.1-SpMM-CSR-ALG2,cuSPARSE CUDA 13.4.1 SpMM CSR ALG2 [cuSPARSE 12.8.6],csr-alg2,cuSPARSE-SpMM-CSR,candidate,,,csr,csr,CUSPARSE_SPMM_CSR_ALG2,library-preprocess,spmm.csr.fp32,fp32,A100-SXM4-80GB,A100-SXM4-80GB,,19500.0,df2405bf-ab33-5b32-9511-7da1122118f9,suitesparse_all,JGD_Homology/n3c5-b7,n3c5-b7,30,120,240,16,row-major,N,N,1.0,0.0,20260922,main,pass,pass,0,0,7680.0,0.01443,0.014591999352,0.029021999352,0.015313499352,0.5263158128462614,0.26462684072352677,0.5015182894167793,0.002699055450493648,0.0013570607216591116,0.0025718886636757914,cuSPARSE 12.8.6,CUDA,13040,13000,2026-10-08T09:58:22.744939+00:00,source,csr-alg2,0,0,,,,5,20,4,true
3,full-20261009-A100-SXM4-80GB-spmm-fp32-cusparse-csr-alg2-n16-13.4.1,cuSPARSE-CUDA-13.4.1-SpMM-CSR-ALG2,cuSPARSE CUDA 13.4.1 SpMM CSR ALG2 [cuSPARSE 12.8.6],csr-alg2,cuSPARSE-SpMM-CSR,candidate,,,csr,csr,CUSPARSE_SPMM_CSR_ALG2,library-preprocess,spmm.csr.fp32,fp32,A100-SXM4-80GB,A100-SXM4-80GB,,19500.0,2793479a-b9ba-5e32-964d-96d3a38ca48f,suitesparse_all,JGD_Homology/n3c6-b1,n3c6-b1,105,105,210,16,row-major,N,N,1.0,0.0,20260922,main,pass,pass,0,0,6720.0,0.014769,0.0150015994906,0.0297705994906,0.0157400494906,0.44795223364086945,0.22572605573904633,0.42693639584889503,0.002297190941748048,0.001157569516610494,0.002189417414609718,cuSPARSE 12.8.6,CUDA,13040,13000,2026-10-07T09:29:07.209909+00:00,source,csr-alg2,0,0,,,,5,20,4,true
3,full-20261009-A100-SXM4-80GB-spmm-fp32-cusparse-csr-alg2-n16-13.4.1,cuSPARSE-CUDA-13.4.1-SpMM-CSR-ALG2,cuSPARSE CUDA 13.4.1 SpMM CSR ALG2 [cuSPARSE 12.8.6],csr-alg2,cuSPARSE-SpMM-CSR,candidate,,,csr,csr,CUSPARSE_SPMM_CSR_ALG2,library-preprocess,spmm.csr.fp32,fp32,A100-SXM4-80GB,A100-SXM4-80GB,,19500.0,238ed034-08d6-5e0f-b7b4-c4d0b9e54f50,suitesparse_all,JGD_Homology/n3c6-b5,n3c6-b5,5005,3003,30030,16,row-major,N,N,1.0,0.0,20260922,main,pass,pass,0,0,960960.0,0.0179,0.0187391996384,0.0366391996384,0.0196341996384,51.28073869445414,26.227647150699724,48.94317149147155,0.2629781471510469,0.13450075461897293,0.2509906230331874,cuSPARSE 12.8.6,CUDA,13040,13000,2026-10-07T14:48:27.979287+00:00,source,csr-alg2,0,0,,,,5,20,4,true
3,full-20261009-A100-SXM4-80GB-spmm-fp32-cusparse-csr-alg2-n16-13.4.1,cuSPARSE-CUDA-13.4.1-SpMM-CSR-ALG2,cuSPARSE CUDA 13.4.1 SpMM CSR ALG2 [cuSPARSE 12.8.6],csr-alg2,cuSPARSE-SpMM-CSR,candidate,,,csr,csr,CUSPARSE_SPMM_CSR_ALG2,library-preprocess,spmm.csr.fp32,fp32,A100-SXM4-80GB,A100-SXM4-80GB,,19500.0,df2405bf-ab33-5b32-9511-7da1122118f9,suitesparse_all,JGD_Homology/n3c6-b6,n3c6-b6,6435,5005,45045,16,row-major,N,N,1.0,0.0,20260922,main,pass,pass,0,0,1441440.0,0.0169,0.0197119995952,0.0366119995952,0.0205569995952,73.12500150167413,39.37069856706158,70.11918219507929,0.375000007700893,0.20190101829262347,0.3595855497183553,cuSPARSE 12.8.6,CUDA,13040,13000,2026-10-08T09:58:23.676623+00:00,source,csr-alg2,0,0,,,,5,20,4,true
3,full-20261009-A100-SXM4-80GB-spmm-fp32-cusparse-csr-alg2-n16-13.4.1,cuSPARSE-CUDA-13.4.1-SpMM-CSR-ALG2,cuSPARSE CUDA 13.4.1 SpMM CSR ALG2 [cuSPARSE 12.8.6],csr-alg2,cuSPARSE-SpMM-CSR,candidate,,,csr,csr,CUSPARSE_SPMM_CSR_ALG2,library-preprocess,spmm.csr.fp32,fp32,A100-SXM4-80GB,A100-SXM4-80GB,,19500.0,2793479a-b9ba-5e32-964d-96d3a38ca48f,suitesparse_all,JGD_Homology/n3c6-b8,n3c6-b8,4935,6435,44415,16,row-major,N,N,1.0,0.0,20260922,main,pass,pass,0,0,1421280.0,0.02003,0.0188927993178,0.0389227993178,0.0198942993178,75.22866125301664,36.515359247299216,71.44157114034874,0.38578800642572636,0.18725825255025239,0.3663670314889679,cuSPARSE 12.8.6,CUDA,13040,13000,2026-10-07T09:29:08.135681+00:00,source,csr-alg2,0,0,,,,5,20,4,true
3,full-20261009-A100-SXM4-80GB-spmm-fp32-cusparse-csr-alg2-n16-13.4.1,cuSPARSE-CUDA-13.4.1-SpMM-CSR-ALG2,cuSPARSE CUDA 13.4.1 SpMM CSR ALG2 [cuSPARSE 12.8.6],csr-alg2,cuSPARSE-SpMM-CSR,candidate,,,csr,csr,CUSPARSE_SPMM_CSR_ALG2,library-preprocess,spmm.csr.fp32,fp32,A100-SXM4-80GB,A100-SXM4-80GB,,19500.0,238ed034-08d6-5e0f-b7b4-c4d0b9e54f50,suitesparse_all,JGD_Homology/n4c5-b2,n4c5-b2,455,105,1365,16,row-major,N,N,1.0,0.0,20260922,main,pass,pass,0,0,43680.0,0.013829,0.0158720001578,0.0297010001578,0.0165634501578,2.752016101671614,1.4706575458041897,2.6371317318469654,0.014112903085495456,0.007541833568226614,0.01352375247101008,cuSPARSE 12.8.6,CUDA,13040,13000,2026-10-07T14:48:28.698327+00:00,source,csr-alg2,0,0,,,,5,20,4,true
3,full-20261009-A100-SXM4-80GB-spmm-fp32-cusparse-csr-alg2-n16-13.4.1,cuSPARSE-CUDA-13.4.1-SpMM-CSR-ALG2,cuSPARSE CUDA 13.4.1 SpMM CSR ALG2 [cuSPARSE 12.8.6],csr-alg2,cuSPARSE-SpMM-CSR,candidate,,,csr,csr,CUSPARSE_SPMM_CSR_ALG2,library-preprocess,spmm.csr.fp32,fp32,A100-SXM4-80GB,A100-SXM4-80GB,,19500.0,df2405bf-ab33-5b32-9511-7da1122118f9,suitesparse_all,JGD_Homology/n4c5-b3,n4c5-b3,1350,455,5400,16,row-major,N,N,1.0,0.0,20260922,main,pass,pass,0,0,172800.0,0.01426,0.0165375992656,0.0307975992656,0.0172505992656,10.44891687268313,5.610826951469963,10.017043311914753,0.053584189090682716,0.02877347154599981,0.05136945288161411,cuSPARSE 12.8.6,CUDA,13040,13000,2026-10-08T09:58:24.601937+00:00,source,csr-alg2,0,0,,,,5,20,4,true
3,full-20261009-A100-SXM4-80GB-spmm-fp32-cusparse-csr-alg2-n16-13.4.1,cuSPARSE-CUDA-13.4.1-SpMM-CSR-ALG2,cuSPARSE CUDA 13.4.1 SpMM CSR ALG2 [cuSPARSE 12.8.6],csr-alg2,cuSPARSE-SpMM-CSR,candidate,,,csr,csr,CUSPARSE_SPMM_CSR_ALG2,library-preprocess,spmm.csr.fp32,fp32,A100-SXM4-80GB,A100-SXM4-80GB,,19500.0,2793479a-b9ba-5e32-964d-96d3a38ca48f,suitesparse_all,JGD_Homology/n4c5-b5,n4c5-b5,4340,2852,26040,16,row-major,N,N,1.0,0.0,20260922,main,pass,pass,0,0,833280.0,0.01461,0.0184832006693,0.0330932006693,0.0192137006693,45.08310086055881,25.17979473569082,43.36905286192107,0.23119538902850673,0.12912715249072215,0.22240539929190292,cuSPARSE 12.8.6,CUDA,13040,13000,2026-10-07T09:29:08.818903+00:00,source,csr-alg2,0,0,,,,5,20,4,true
3,full-20261009-A100-SXM4-80GB-spmm-fp32-cusparse-csr-alg2-n16-13.4.1,cuSPARSE-CUDA-13.4.1-SpMM-CSR-ALG2,cuSPARSE CUDA 13.4.1 SpMM CSR ALG2 [cuSPARSE 12.8.6],csr-alg2,cuSPARSE-SpMM-CSR,candidate,,,csr,csr,CUSPARSE_SPMM_CSR_ALG2,library-preprocess,spmm.csr.fp32,fp32,A100-SXM4-80GB,A100-SXM4-80GB,,19500.0,238ed034-08d6-5e0f-b7b4-c4d0b9e54f50,suitesparse_all,JGD_Homology/n4c6-b10,n4c6-b10,132402,186558,1456422,16,row-major,N,N,1.0,0.0,20260922,main,pass,pass,0,0,46605504.0,0.04885,0.225689601898,0.274539601898,0.228132101898,206.5026638713434,169.75876586764846,204.29173979573358,1.058988019853043,0.8705577736802486,1.0476499476704286,cuSPARSE 12.8.6,CUDA,13040,13000,2026-10-07T14:48:34.806919+00:00,source,csr-alg2,0,0,,,,5,20,4,true
3,full-20261009-A100-SXM4-80GB-spmm-fp32-cusparse-csr-alg2-n16-13.4.1,cuSPARSE-CUDA-13.4.1-SpMM-CSR-ALG2,cuSPARSE CUDA 13.4.1 SpMM CSR ALG2 [cuSPARSE 12.8.6],csr-alg2,cuSPARSE-SpMM-CSR,candidate,,,csr,csr,CUSPARSE_SPMM_CSR_ALG2,library-preprocess,spmm.csr.fp32,fp32,A100-SXM4-80GB,A100-SXM4-80GB,,19500.0,df2405bf-ab33-5b32-9511-7da1122118f9,suitesparse_all,JGD_Homology/n4c6-b11,n4c6-b11,69235,132402,830820,16,row-major,N,N,1.0,0.0,20260922,main,pass,pass,0,0,26586240.0,0.06339,0.101068794727,0.164458794727,0.104238294727,263.0509255780966,161.65897387326046,255.05252239236395,1.3489791055287006,0.8290203788372332,1.3079616532941742,cuSPARSE 12.8.6,CUDA,13040,13000,2026-10-08T09:58:28.114046+00:00,source,csr-alg2,0,0,,,,5,20,4,true
3,full-20261009-A100-SXM4-80GB-spmm-fp32-cusparse-csr-alg2-n16-13.4.1,cuSPARSE-CUDA-13.4.1-SpMM-CSR-ALG2,cuSPARSE CUDA 13.4.1 SpMM CSR ALG2 [cuSPARSE 12.8.6],csr-alg2,cuSPARSE-SpMM-CSR,candidate,,,csr,csr,CUSPARSE_SPMM_CSR_ALG2,library-preprocess,spmm.csr.fp32,fp32,A100-SXM4-80GB,A100-SXM4-80GB,,19500.0,2793479a-b9ba-5e32-964d-96d3a38ca48f,suitesparse_all,JGD_Homology/n4c6-b12,n4c6-b12,25605,69235,332865,16,row-major,N,N,1.0,0.0,20260922,main,pass,pass,0,0,10651680.0,0.03808,0.0600575983524,0.0981375983524,0.0619615983524,177.35774143846265,108.53821755196344,171.90776679806908,0.9095268791716034,0.5566062438562227,0.8815782912721492,cuSPARSE 12.8.6,CUDA,13040,13000,2026-10-07T09:29:10.790060+00:00,source,csr-alg2,0,0,,,,5,20,4,true
3,full-20261009-A100-SXM4-80GB-spmm-fp32-cusparse-csr-alg2-n16-13.4.1,cuSPARSE-CUDA-13.4.1-SpMM-CSR-ALG2,cuSPARSE CUDA 13.4.1 SpMM CSR ALG2 [cuSPARSE 12.8.6],csr-alg2,cuSPARSE-SpMM-CSR,candidate,,,csr,csr,CUSPARSE_SPMM_CSR_ALG2,library-preprocess,spmm.csr.fp32,fp32,A100-SXM4-80GB,A100-SXM4-80GB,,19500.0,238ed034-08d6-5e0f-b7b4-c4d0b9e54f50,suitesparse_all,JGD_Homology/n4c6-b3,n4c6-b3,5970,1330,23880,16,row-major,N,N,1.0,0.0,20260922,main,pass,pass,0,0,764160.0,0.01916,0.0190975993872,0.0382575993872,0.0200555993872,40.0134061096795,19.974070831419397,38.10207739229707,0.20519695440861285,0.10243113246881741,0.1953952686784465,cuSPARSE 12.8.6,CUDA,13040,13000,2026-10-07T14:48:36.013785+00:00,source,csr-alg2,0,0,,,,5,20,4,true
3,full-20261009-A100-SXM4-80GB-spmm-fp32-cusparse-csr-alg2-n16-13.4.1,cuSPARSE-CUDA-13.4.1-SpMM-CSR-ALG2,cuSPARSE CUDA 13.4.1 SpMM CSR ALG2 [cuSPARSE 12.8.6],csr-alg2,cuSPARSE-SpMM-CSR,candidate,,,csr,csr,CUSPARSE_SPMM_CSR_ALG2,library-preprocess,spmm.csr.fp32,fp32,A100-SXM4-80GB,A100-SXM4-80GB,,19500.0,df2405bf-ab33-5b32-9511-7da1122118f9,suitesparse_all,JGD_Homology/n4c6-b4,n4c6-b4,20058,5970,100290,16,row-major,N,N,1.0,0.0,20260922,main,pass,pass,0,0,3209280.0,0.029149,0.0273919999599,0.0565409999599,0.0288494499599,117.16121512478698,56.76022713210033,111.2423288645301,0.6008267442296769,0.2910780878569248,0.5704734813565646,cuSPARSE 12.8.6,CUDA,13040,13000,2026-10-08T09:58:29.299230+00:00,source,csr-alg2,0,0,,,,5,20,4,true
3,full-20261009-A100-SXM4-80GB-spmm-fp32-cusparse-csr-alg2-n16-13.4.1,cuSPARSE-CUDA-13.4.1-SpMM-CSR-ALG2,cuSPARSE CUDA 13.4.1 SpMM CSR ALG2 [cuSPARSE 12.8.6],csr-alg2,cuSPARSE-SpMM-CSR,candidate,,,csr,csr,CUSPARSE_SPMM_CSR_ALG2,library-preprocess,spmm.csr.fp32,fp32,A100-SXM4-80GB,A100-SXM4-80GB,,19500.0,2793479a-b9ba-5e32-964d-96d3a38ca48f,suitesparse_all,JGD_Homology/n4c6-b6,n4c6-b6,104115,51813,728805,16,row-major,N,N,1.0,0.0,20260922,main,pass,pass,0,0,23321760.0,0.04211,0.124313604832,0.166423604832,0.126419104832,187.60424517909775,140.13492871724938,184.47971159891213,0.9620730522005013,0.7186406600884584,0.9460498030713443,cuSPARSE 12.8.6,CUDA,13040,13000,2026-10-07T09:29:14.423160+00:00,source,csr-alg2,0,0,,,,5,20,4,true
3,full-20261009-A100-SXM4-80GB-spmm-fp32-cusparse-csr-alg2-n16-13.4.1,cuSPARSE-CUDA-13.4.1-SpMM-CSR-ALG2,cuSPARSE CUDA 13.4.1 SpMM CSR ALG2 [cuSPARSE 12.8.6],csr-alg2,cuSPARSE-SpMM-CSR,candidate,,,csr,csr,CUSPARSE_SPMM_CSR_ALG2,library-preprocess,spmm.csr.fp32,fp32,A100-SXM4-80GB,A100-SXM4-80GB,,19500.0,238ed034-08d6-5e0f-b7b4-c4d0b9e54f50,suitesparse_all,JGD_Homology/shar_te2-b2,shar_te2-b2,200200,17160,600600,16,row-major,N,N,1.0,0.0,20260922,main,pass,pass,0,0,19219200.0,0.05501,0.142182397842,0.197192397842,0.144932897842,135.17285044916255,97.46420354094657,132.60757416823333,0.6931941048675003,0.49981642841511065,0.680038841888376,cuSPARSE 12.8.6,CUDA,13040,13000,2026-10-07T14:48:40.550478+00:00,source,csr-alg2,0,0,,,,5,20,4,true
3,full-20261009-A100-SXM4-80GB-spmm-fp32-cusparse-csr-alg2-n16-13.4.1,cuSPARSE-CUDA-13.4.1-SpMM-CSR-ALG2,cuSPARSE CUDA 13.4.1 SpMM CSR ALG2 [cuSPARSE 12.8.6],csr-alg2,cuSPARSE-SpMM-CSR,candidate,,,csr,csr,CUSPARSE_SPMM_CSR_ALG2,library-preprocess,spmm.csr.fp32,fp32,A100-SXM4-80GB,A100-SXM4-80GB,,19500.0,df2405bf-ab33-5b32-9511-7da1122118f9,suitesparse_all,JGD_Homology/shar_te2-b3,shar_te2-b3,200200,200200,800800,16,row-major,N,N,1.0,0.0,20260922,main,pass,pass,0,0,25625600.0,0.05915,0.313651204109,0.372801204109,0.316608704109,81.70094571387202,68.73797540768554,80.93776218855243,0.4189792087890873,0.35250243798813097,0.4150654471207817,cuSPARSE 12.8.6,CUDA,13040,13000,2026-10-08T09:58:34.660421+00:00,source,csr-alg2,0,0,,,,5,20,4,true
3,full-20261009-A100-SXM4-80GB-spmm-fp32-cusparse-csr-alg2-n16-13.4.1,cuSPARSE-CUDA-13.4.1-SpMM-CSR-ALG2,cuSPARSE CUDA 13.4.1 SpMM CSR ALG2 [cuSPARSE 12.8.6],csr-alg2,cuSPARSE-SpMM-CSR,candidate,,,csr,csr,CUSPARSE_SPMM_CSR_ALG2,library-preprocess,spmm.csr.fp32,fp32,A100-SXM4-80GB,A100-SXM4-80GB,,19500.0,2793479a-b9ba-5e32-964d-96d3a38ca48f,suitesparse_all,JGD_Kocay/Trec11,Trec11,235,1138,35705,16,row-major,N,N,1.0,0.0,20260922,main,pass,pass,0,0,1142560.0,0.01485,0.0205824002624,0.0354324002624,0.0213249002624,55.511504267421735,32.246192511334236,53.57867966278644,0.284674380858573,0.16536508980171402,0.27476245980916125,cuSPARSE 12.8.6,CUDA,13040,13000,2026-10-07T09:29:15.802187+00:00,source,csr-alg2,0,0,,,,5,20,4,true
3,full-20261009-A100-SXM4-80GB-spmm-fp32-cusparse-csr-alg2-n16-13.4.1,cuSPARSE-CUDA-13.4.1-SpMM-CSR-ALG2,cuSPARSE CUDA 13.4.1 SpMM CSR ALG2 [cuSPARSE 12.8.6],csr-alg2,cuSPARSE-SpMM-CSR,candidate,,,csr,csr,CUSPARSE_SPMM_CSR_ALG2,library-preprocess,spmm.csr.fp32,fp32,A100-SXM4-80GB,A100-SXM4-80GB,,19500.0,2793479a-b9ba-5e32-964d-96d3a38ca48f,suitesparse_all,JGD_Kocay/Trec3,Trec3,1,2,1,16,row-major,N,N,1.0,0.0,20260922,main,pass,pass,0,0,32.0,0.01378,0.0105984002352,0.0243784002352,0.0112874002352,0.003019323604492668,0.0013126374040653892,0.002835019520279552,1.548371079227009e-05,6.731473867001996e-06,1.453856164245924e-05,cuSPARSE 12.8.6,CUDA,13040,13000,2026-10-07T09:29:15.134644+00:00,source,csr-alg2,0,0,,,,5,20,4,true
3,full-20261009-A100-SXM4-80GB-spmm-fp32-cusparse-csr-alg2-n16-13.4.1,cuSPARSE-CUDA-13.4.1-SpMM-CSR-ALG2,cuSPARSE CUDA 13.4.1 SpMM CSR ALG2 [cuSPARSE 12.8.6],csr-alg2,cuSPARSE-SpMM-CSR,candidate,,,csr,csr,CUSPARSE_SPMM_CSR_ALG2,library-preprocess,spmm.csr.fp32,fp32,A100-SXM4-80GB,A100-SXM4-80GB,,19500.0,238ed034-08d6-5e0f-b7b4-c4d0b9e54f50,suitesparse_all,JGD_Kocay/Trec8,Trec8,23,84,549,16,row-major,N,N,1.0,0.0,20260922,main,pass,pass,0,0,17568.0,0.0144,0.0146944001317,0.0290944001317,0.0154144001317,1.1955574805738975,0.6038275379618041,1.139713504898,0.006131064002943064,0.0030965514767272006,0.005844684640502564,cuSPARSE 12.8.6,CUDA,13040,13000,2026-10-07T14:48:41.575348+00:00,source,csr-alg2,0,0,,,,5,20,4,true
3,full-20261009-A100-SXM4-80GB-spmm-fp32-cusparse-csr-alg2-n16-13.4.1,cuSPARSE-CUDA-13.4.1-SpMM-CSR-ALG2,cuSPARSE CUDA 13.4.1 SpMM CSR ALG2 [cuSPARSE 12.8.6],csr-alg2,cuSPARSE-SpMM-CSR,candidate,,,csr,csr,CUSPARSE_SPMM_CSR_ALG2,library-preprocess,spmm.csr.fp32,fp32,A100-SXM4-80GB,A100-SXM4-80GB,,19500.0,df2405bf-ab33-5b32-9511-7da1122118f9,suitesparse_all,JGD_Kocay/Trec9,Trec9,47,201,2147,16,row-major,N,N,1.0,0.0,20260922,main,pass,pass,0,0,68704.0,0.01448,0.0151552006602,0.0296352006602,0.0158792006602,4.533361289001457,2.3183241034122406,4.326666150910311,0.02324800661026388,0.011888841555960209,0.022188031543129802,cuSPARSE 12.8.6,CUDA,13040,13000,2026-10-08T09:58:36.059059+00:00,source,csr-alg2,0,0,,,,5,20,4,true
3,full-20261009-A100-SXM4-80GB-spmm-fp32-cusparse-csr-alg2-n16-13.4.1,cuSPARSE-CUDA-13.4.1-SpMM-CSR-ALG2,cuSPARSE CUDA 13.4.1 SpMM CSR ALG2 [cuSPARSE 12.8.6],csr-alg2,cuSPARSE-SpMM-CSR,candidate,,,csr,csr,CUSPARSE_SPMM_CSR_ALG2,library-preprocess,spmm.csr.fp32,fp32,A100-SXM4-80GB,A100-SXM4-80GB,,19500.0,238ed034-08d6-5e0f-b7b4-c4d0b9e54f50,suitesparse_all,JGD_Margulies/cat_ears_2_4,cat_ears_2_4,1009,2689,7982,16,row-major,N,N,1.0,0.0,20260922,main,pass,pass,0,0,255424.0,0.01422,0.0175840005279,0.0318040005279,0.0182950005279,14.525932229968175,8.031190911845501,13.961409818517177,0.07449196015368295,0.041185594419720514,0.07159697342829321,cuSPARSE 12.8.6,CUDA,13040,13000,2026-10-07T14:48:42.558937+00:00,source,csr-alg2,0,0,,,,5,20,4,true
3,full-20261009-A100-SXM4-80GB-spmm-fp32-cusparse-csr-alg2-n16-13.4.1,cuSPARSE-CUDA-13.4.1-SpMM-CSR-ALG2,cuSPARSE CUDA 13.4.1 SpMM CSR ALG2 [cuSPARSE 12.8.6],csr-alg2,cuSPARSE-SpMM-CSR,candidate,,,csr,csr,CUSPARSE_SPMM_CSR_ALG2,library-preprocess,spmm.csr.fp32,fp32,A100-SXM4-80GB,A100-SXM4-80GB,,19500.0,df2405bf-ab33-5b32-9511-7da1122118f9,suitesparse_all,JGD_Margulies/cat_ears_3_1,cat_ears_3_1,204,181,542,16,row-major,N,N,1.0,0.0,20260922,main,pass,pass,0,0,17344.0,0.01427,0.0157184004784,0.0299884004784,0.0164319004784,1.10342016185641,0.5783569554665815,1.0555078533246334,0.005658564932596974,0.002965933104956828,0.005412860786280171,cuSPARSE 12.8.6,CUDA,13040,13000,2026-10-08T09:58:37.398705+00:00,source,csr-alg2,0,0,,,,5,20,4,true
3,full-20261009-A100-SXM4-80GB-spmm-fp32-cusparse-csr-alg2-n16-13.4.1,cuSPARSE-CUDA-13.4.1-SpMM-CSR-ALG2,cuSPARSE CUDA 13.4.1 SpMM CSR ALG2 [cuSPARSE 12.8.6],csr-alg2,cuSPARSE-SpMM-CSR,candidate,,,csr,csr,CUSPARSE_SPMM_CSR_ALG2,library-preprocess,spmm.csr.fp32,fp32,A100-SXM4-80GB,A100-SXM4-80GB,,19500.0,2793479a-b9ba-5e32-964d-96d3a38ca48f,suitesparse_all,JGD_Margulies/cat_ears_4_1,cat_ears_4_1,377,313,938,16,row-major,N,N,1.0,0.0,20260922,main,pass,pass,0,0,30016.0,0.01626,0.0167423993349,0.0330023993349,0.0175553993349,1.7928135268778833,0.9095096297516196,1.7097873666894274,0.009193915522450684,0.004664151947444204,0.008768140341997063,cuSPARSE 12.8.6,CUDA,13040,13000,2026-10-07T09:29:16.421721+00:00,source,csr-alg2,0,0,,,,5,20,4,true
3,full-20261009-A100-SXM4-80GB-spmm-fp32-cusparse-csr-alg2-n16-13.4.1,cuSPARSE-CUDA-13.4.1-SpMM-CSR-ALG2,cuSPARSE CUDA 13.4.1 SpMM CSR ALG2 [cuSPARSE 12.8.6],csr-alg2,cuSPARSE-SpMM-CSR,candidate,,,csr,csr,CUSPARSE_SPMM_CSR_ALG2,library-preprocess,spmm.csr.fp32,fp32,A100-SXM4-80GB,A100-SXM4-80GB,,19500.0,238ed034-08d6-5e0f-b7b4-c4d0b9e54f50,suitesparse_all,JGD_Margulies/flower_5_4,flower_5_4,5226,14721,43942,16,row-major,N,N,1.0,0.0,20260922,main,pass,pass,0,0,1406144.0,0.01364,0.0203152000904,0.0339552000904,0.0209972000904,69.21635001096924,41.411742421083616,66.96816689587553,0.3549556410818935,0.21236790985171083,0.3434264969019258,cuSPARSE 12.8.6,CUDA,13040,13000,2026-10-07T14:48:43.554663+00:00,source,csr-alg2,0,0,,,,5,20,4,true
3,full-20261009-A100-SXM4-80GB-spmm-fp32-cusparse-csr-alg2-n16-13.4.1,cuSPARSE-CUDA-13.4.1-SpMM-CSR-ALG2,cuSPARSE CUDA 13.4.1 SpMM CSR ALG2 [cuSPARSE 12.8.6],csr-alg2,cuSPARSE-SpMM-CSR,candidate,,,csr,csr,CUSPARSE_SPMM_CSR_ALG2,library-preprocess,spmm.csr.fp32,fp32,A100-SXM4-80GB,A100-SXM4-80GB,,19500.0,df2405bf-ab33-5b32-9511-7da1122118f9,suitesparse_all,JGD_Margulies/flower_7_1,flower_7_1,463,393,1178,16,row-major,N,N,1.0,0.0,20260922,main,pass,pass,0,0,37696.0,0.014491,0.0169471994042,0.0314381994042,0.0176717494042,2.224320319890604,1.1990508589675777,2.133122145283527,0.011406770871233866,0.0061489787639362956,0.010939087924530909,cuSPARSE 12.8.6,CUDA,13040,13000,2026-10-08T09:58:39.081837+00:00,source,csr-alg2,0,0,,,,5,20,4,true
3,full-20261009-A100-SXM4-80GB-spmm-fp32-cusparse-csr-alg2-n16-13.4.1,cuSPARSE-CUDA-13.4.1-SpMM-CSR-ALG2,cuSPARSE CUDA 13.4.1 SpMM CSR ALG2 [cuSPARSE 12.8.6],csr-alg2,cuSPARSE-SpMM-CSR,candidate,,,csr,csr,CUSPARSE_SPMM_CSR_ALG2,library-preprocess,spmm.csr.fp32,fp32,A100-SXM4-80GB,A100-SXM4-80GB,,19500.0,2793479a-b9ba-5e32-964d-96d3a38ca48f,suitesparse_all,JGD_Margulies/flower_8_1,flower_8_1,625,513,1538,16,row-major,N,N,1.0,0.0,20260922,main,pass,pass,0,0,49216.0,0.01412,0.017919999361,0.032039999361,0.018625999361,2.746428669362049,1.5360799307601458,2.642328019351852,0.014084249586472048,0.007877332978257158,0.013550400099240266,cuSPARSE 12.8.6,CUDA,13040,13000,2026-10-07T09:29:17.018177+00:00,source,csr-alg2,0,0,,,,5,20,4,true
3,full-20261009-A100-SXM4-80GB-spmm-fp32-cusparse-csr-alg2-n16-13.4.1,cuSPARSE-CUDA-13.4.1-SpMM-CSR-ALG2,cuSPARSE CUDA 13.4.1 SpMM CSR ALG2 [cuSPARSE 12.8.6],csr-alg2,cuSPARSE-SpMM-CSR,candidate,,,csr,csr,CUSPARSE_SPMM_CSR_ALG2,library-preprocess,spmm.csr.fp32,fp32,A100-SXM4-80GB,A100-SXM4-80GB,,19500.0,238ed034-08d6-5e0f-b7b4-c4d0b9e54f50,suitesparse_all,JGD_Margulies/wheel_3_1,wheel_3_1,21,25,74,16,row-major,N,N,1.0,0.0,20260922,main,pass,pass,0,0,2368.0,0.02036,0.0142271995544,0.0345871995544,0.0152451995544,0.16644175060211736,0.0684646351976408,0.15532758305656671,0.0008535474389852173,0.0003511006933212349,0.0007965517079823935,cuSPARSE 12.8.6,CUDA,13040,13000,2026-10-07T14:48:44.184377+00:00,source,csr-alg2,0,0,,,,5,20,4,true
3,full-20261009-A100-SXM4-80GB-spmm-fp32-cusparse-csr-alg2-n16-13.4.1,cuSPARSE-CUDA-13.4.1-SpMM-CSR-ALG2,cuSPARSE CUDA 13.4.1 SpMM CSR ALG2 [cuSPARSE 12.8.6],csr-alg2,cuSPARSE-SpMM-CSR,candidate,,,csr,csr,CUSPARSE_SPMM_CSR_ALG2,library-preprocess,spmm.csr.fp32,fp32,A100-SXM4-80GB,A100-SXM4-80GB,,19500.0,df2405bf-ab33-5b32-9511-7da1122118f9,suitesparse_all,JGD_Margulies/wheel_4_1,wheel_4_1,36,41,122,16,row-major,N,N,1.0,0.0,20260922,main,pass,pass,0,0,3904.0,0.01397,0.014591999352,0.028561999352,0.015290499352,0.2675438715301829,0.13668510918604967,0.25532194273886527,0.0013720198540009378,0.0007009492778771778,0.0013093432960967451,cuSPARSE 12.8.6,CUDA,13040,13000,2026-10-08T09:58:40.615085+00:00,source,csr-alg2,0,0,,,,5,20,4,true
3,full-20261009-A100-SXM4-80GB-spmm-fp32-cusparse-csr-alg2-n16-13.4.1,cuSPARSE-CUDA-13.4.1-SpMM-CSR-ALG2,cuSPARSE CUDA 13.4.1 SpMM CSR ALG2 [cuSPARSE 12.8.6],csr-alg2,cuSPARSE-SpMM-CSR,candidate,,,csr,csr,CUSPARSE_SPMM_CSR_ALG2,library-preprocess,spmm.csr.fp32,fp32,A100-SXM4-80GB,A100-SXM4-80GB,,19500.0,2793479a-b9ba-5e32-964d-96d3a38ca48f,suitesparse_all,JGD_Margulies/wheel_601,wheel_601,902103,723605,2170814,16,row-major,N,N,1.0,0.0,20260922,main,pass,pass,0,0,69466048.0,0.426301,0.549171209335,0.975472209335,0.570486259335,126.49251602995999,71.21273915876749,121.76638238574694,0.6486795693844102,0.3651935341475256,0.6244429865935741,cuSPARSE 12.8.6,CUDA,13040,13000,2026-10-07T09:29:34.071742+00:00,source,csr-alg2,0,0,,,,5,20,4,true
3,full-20261009-A100-SXM4-80GB-spmm-fp32-cusparse-csr-alg2-n16-13.4.1,cuSPARSE-CUDA-13.4.1-SpMM-CSR-ALG2,cuSPARSE CUDA 13.4.1 SpMM CSR ALG2 [cuSPARSE 12.8.6],csr-alg2,cuSPARSE-SpMM-CSR,candidate,,,csr,csr,CUSPARSE_SPMM_CSR_ALG2,library-preprocess,spmm.csr.fp32,fp32,A100-SXM4-80GB,A100-SXM4-80GB,,19500.0,238ed034-08d6-5e0f-b7b4-c4d0b9e54f50,suitesparse_all,JGD_Relat/rel5,rel5,340,35,656,16,row-major,N,N,1.0,0.0,20260922,main,pass,pass,0,0,20992.0,0.01416,0.0147919997573,0.0289519997573,0.0154999997573,1.4191455073300847,0.7250621779487632,1.354322601851232,0.007277669268359409,0.0037182675792244266,0.006945244112057601,cuSPARSE 12.8.6,CUDA,13040,13000,2026-10-07T14:48:44.781576+00:00,source,csr-alg2,0,0,,,,5,20,4,true
3,full-20261009-A100-SXM4-80GB-spmm-fp32-cusparse-csr-alg2-n16-13.4.1,cuSPARSE-CUDA-13.4.1-SpMM-CSR-ALG2,cuSPARSE CUDA 13.4.1 SpMM CSR ALG2 [cuSPARSE 12.8.6],csr-alg2,cuSPARSE-SpMM-CSR,candidate,,,csr,csr,CUSPARSE_SPMM_CSR_ALG2,library-preprocess,spmm.csr.fp32,fp32,A100-SXM4-80GB,A100-SXM4-80GB,,19500.0,df2405bf-ab33-5b32-9511-7da1122118f9,suitesparse_all,JGD_Relat/rel6,rel6,2340,157,5101,16,row-major,N,N,1.0,0.0,20260922,main,pass,pass,0,0,163232.0,0.01453,0.016128000617,0.030658000617,0.016854500617,10.121031358837032,5.324287191431757,9.68477225812071,0.05190272491711298,0.02730403687913721,0.04966549875959338,cuSPARSE 12.8.6,CUDA,13040,13000,2026-10-08T09:58:41.724262+00:00,source,csr-alg2,0,0,,,,5,20,4,true
3,full-20261009-A100-SXM4-80GB-spmm-fp32-cusparse-csr-alg2-n16-13.4.1,cuSPARSE-CUDA-13.4.1-SpMM-CSR-ALG2,cuSPARSE CUDA 13.4.1 SpMM CSR ALG2 [cuSPARSE 12.8.6],csr-alg2,cuSPARSE-SpMM-CSR,candidate,,,csr,csr,CUSPARSE_SPMM_CSR_ALG2,library-preprocess,spmm.csr.fp32,fp32,A100-SXM4-80GB,A100-SXM4-80GB,,19500.0,2793479a-b9ba-5e32-964d-96d3a38ca48f,suitesparse_all,JGD_Relat/rel8,rel8,345688,12347,821839,16,row-major,N,N,1.0,0.0,20260922,main,pass,pass,0,0,26298848.0,0.04442,0.194355201721,0.238775201721,0.196576201721,135.31332203679537,110.14061682472887,133.78449562946523,0.693914471983566,0.5648236760242507,0.6860743365613602,cuSPARSE 12.8.6,CUDA,13040,13000,2026-10-07T09:29:41.360887+00:00,source,csr-alg2,0,0,,,,5,20,4,true
3,full-20261009-A100-SXM4-80GB-spmm-fp32-cusparse-csr-alg2-n16-13.4.1,cuSPARSE-CUDA-13.4.1-SpMM-CSR-ALG2,cuSPARSE CUDA 13.4.1 SpMM CSR ALG2 [cuSPARSE 12.8.6],csr-alg2,cuSPARSE-SpMM-CSR,candidate,,,csr,csr,CUSPARSE_SPMM_CSR_ALG2,library-preprocess,spmm.csr.fp32,fp32,A100-SXM4-80GB,A100-SXM4-80GB,,19500.0,238ed034-08d6-5e0f-b7b4-c4d0b9e54f50,suitesparse_all,JGD_Relat/relat6,relat6,2340,157,8108,16,row-major,N,N,1.0,0.0,20260922,main,pass,pass,0,0,259456.0,0.014489,0.0211456000805,0.0356346000805,0.0218700500805,12.269975740213896,7.281013380643487,11.863530218037262,0.06292295251391741,0.03733853015714609,0.06083861650275519,cuSPARSE 12.8.6,CUDA,13040,13000,2026-10-07T14:48:45.893371+00:00,source,csr-alg2,0,0,,,,5,20,4,true
3,full-20261009-A100-SXM4-80GB-spmm-fp32-cusparse-csr-alg2-n16-13.4.1,cuSPARSE-CUDA-13.4.1-SpMM-CSR-ALG2,cuSPARSE CUDA 13.4.1 SpMM CSR ALG2 [cuSPARSE 12.8.6],csr-alg2,cuSPARSE-SpMM-CSR,candidate,,,csr,csr,CUSPARSE_SPMM_CSR_ALG2,library-preprocess,spmm.csr.fp32,fp32,A100-SXM4-80GB,A100-SXM4-80GB,,19500.0,df2405bf-ab33-5b32-9511-7da1122118f9,suitesparse_all,JGD_Relat/relat7b,relat7b,21924,1045,81355,16,row-major,N,N,1.0,0.0,20260922,main,pass,pass,0,0,2603360.0,0.01795,0.025856000185,0.043806000185,0.026753500185,100.68688046770295,59.429301671131334,97.30913644935465,0.516342976757451,0.3047656495955453,0.4990212125607931,cuSPARSE 12.8.6,CUDA,13040,13000,2026-10-08T09:58:43.429180+00:00,source,csr-alg2,0,0,,,,5,20,4,true
3,full-20261009-A100-SXM4-80GB-spmm-fp32-cusparse-csr-alg2-n16-13.4.1,cuSPARSE-CUDA-13.4.1-SpMM-CSR-ALG2,cuSPARSE CUDA 13.4.1 SpMM CSR ALG2 [cuSPARSE 12.8.6],csr-alg2,cuSPARSE-SpMM-CSR,candidate,,,csr,csr,CUSPARSE_SPMM_CSR_ALG2,library-preprocess,spmm.csr.fp32,fp32,A100-SXM4-80GB,A100-SXM4-80GB,,19500.0,2793479a-b9ba-5e32-964d-96d3a38ca48f,suitesparse_all,JGD_Relat/relat8,relat8,345688,12347,1334038,16,row-major,N,N,1.0,0.0,20260922,main,pass,pass,0,0,42689216.0,0.05647,0.263014388084,0.319484388084,0.265837888084,162.3075312000276,133.6190987484997,160.58364105913668,0.8323463138462954,0.6852261474282036,0.8235058515853164,cuSPARSE 12.8.6,CUDA,13040,13000,2026-10-07T09:29:49.336011+00:00,source,csr-alg2,0,0,,,,5,20,4,true
3,full-20261009-A100-SXM4-80GB-spmm-fp32-cusparse-csr-alg2-n16-13.4.1,cuSPARSE-CUDA-13.4.1-SpMM-CSR-ALG2,cuSPARSE CUDA 13.4.1 SpMM CSR ALG2 [cuSPARSE 12.8.6],csr-alg2,cuSPARSE-SpMM-CSR,candidate,,,csr,csr,CUSPARSE_SPMM_CSR_ALG2,library-preprocess,spmm.csr.fp32,fp32,A100-SXM4-80GB,A100-SXM4-80GB,,19500.0,2793479a-b9ba-5e32-964d-96d3a38ca48f,suitesparse_all,JGD_SL6/D_11,D_11,169,461,2952,16,row-major,N,N,1.0,0.0,20260922,main,pass,pass,0,0,94464.0,0.01441,0.0196096003056,0.0340196003056,0.0203301003056,4.817232300906383,2.7767522002441103,4.646509293118418,0.0247037553892635,0.01423975487304672,0.02382825278522266,cuSPARSE 12.8.6,CUDA,13040,13000,2026-10-07T09:29:50.130600+00:00,source,csr-alg2,0,0,,,,5,20,4,true
3,full-20261009-A100-SXM4-80GB-spmm-fp32-cusparse-csr-alg2-n16-13.4.1,cuSPARSE-CUDA-13.4.1-SpMM-CSR-ALG2,cuSPARSE CUDA 13.4.1 SpMM CSR ALG2 [cuSPARSE 12.8.6],csr-alg2,cuSPARSE-SpMM-CSR,candidate,,,csr,csr,CUSPARSE_SPMM_CSR_ALG2,library-preprocess,spmm.csr.fp32,fp32,A100-SXM4-80GB,A100-SXM4-80GB,,19500.0,238ed034-08d6-5e0f-b7b4-c4d0b9e54f50,suitesparse_all,JGD_SL6/D_8,D_8,1132,1271,14966,16,row-major,N,N,1.0,0.0,20260922,main,pass,pass,0,0,478912.0,0.01444,0.0214527994394,0.0358927994394,0.0221747994394,22.323986263556584,13.342843341282876,21.5971288177278,0.11448198083875172,0.06842483764760449,0.11075450675757845,cuSPARSE 12.8.6,CUDA,13040,13000,2026-10-07T14:48:47.054969+00:00,source,csr-alg2,0,0,,,,5,20,4,true
3,full-20261009-A100-SXM4-80GB-spmm-fp32-cusparse-csr-alg2-n16-13.4.1,cuSPARSE-CUDA-13.4.1-SpMM-CSR-ALG2,cuSPARSE CUDA 13.4.1 SpMM CSR ALG2 [cuSPARSE 12.8.6],csr-alg2,cuSPARSE-SpMM-CSR,candidate,,,csr,csr,CUSPARSE_SPMM_CSR_ALG2,library-preprocess,spmm.csr.fp32,fp32,A100-SXM4-80GB,A100-SXM4-80GB,,19500.0,df2405bf-ab33-5b32-9511-7da1122118f9,suitesparse_all,JGD_SL6/D_9,D_9,815,1133,12395,16,row-major,N,N,1.0,0.0,20260922,main,pass,pass,0,0,396640.0,0.01641,0.0173056006432,0.0337156006432,0.0181261006432,22.919747668848135,11.764286930477603,21.882257403706923,0.11753716753255454,0.06032967656655181,0.11221670463439448,cuSPARSE 12.8.6,CUDA,13040,13000,2026-10-08T09:58:44.965684+00:00,source,csr-alg2,0,0,,,,5,20,4,true
3,full-20261009-A100-SXM4-80GB-spmm-fp32-cusparse-csr-alg2-n16-13.4.1,cuSPARSE-CUDA-13.4.1-SpMM-CSR-ALG2,cuSPARSE CUDA 13.4.1 SpMM CSR ALG2 [cuSPARSE 12.8.6],csr-alg2,cuSPARSE-SpMM-CSR,candidate,,,csr,csr,CUSPARSE_SPMM_CSR_ALG2,library-preprocess,spmm.csr.fp32,fp32,A100-SXM4-80GB,A100-SXM4-80GB,,19500.0,238ed034-08d6-5e0f-b7b4-c4d0b9e54f50,suitesparse_all,JGD_SPG/EX4,EX4,2600,2600,71760,16,row-major,N,N,1.0,0.0,20260922,main,pass,pass,0,0,2296320.0,0.01627,0.0238079994917,0.0400779994917,0.0246214994917,96.45161496246455,57.29627299575068,93.26483144432767,0.49462366647417716,0.29382704100384965,0.4782811868939881,cuSPARSE 12.8.6,CUDA,13040,13000,2026-10-07T14:48:47.835909+00:00,source,csr-alg2,0,0,,,,5,20,4,true
3,full-20261009-A100-SXM4-80GB-spmm-fp32-cusparse-csr-alg2-n16-13.4.1,cuSPARSE-CUDA-13.4.1-SpMM-CSR-ALG2,cuSPARSE CUDA 13.4.1 SpMM CSR ALG2 [cuSPARSE 12.8.6],csr-alg2,cuSPARSE-SpMM-CSR,candidate,,,csr,csr,CUSPARSE_SPMM_CSR_ALG2,library-preprocess,spmm.csr.fp32,fp32,A100-SXM4-80GB,A100-SXM4-80GB,,19500.0,df2405bf-ab33-5b32-9511-7da1122118f9,suitesparse_all,JGD_SPG/EX5,EX5,6545,6545,295680,16,row-major,N,N,1.0,0.0,20260922,main,pass,pass,0,0,9461760.0,0.05311,0.0395263999701,0.0926363999701,0.0421818999701,239.37823852304814,102.13868417872399,224.3085305950378,1.227580710374606,0.5237881239934563,1.1503001568976297,cuSPARSE 12.8.6,CUDA,13040,13000,2026-10-08T09:58:47.082441+00:00,source,csr-alg2,0,0,,,,5,20,4,true
3,full-20261009-A100-SXM4-80GB-spmm-fp32-cusparse-csr-alg2-n16-13.4.1,cuSPARSE-CUDA-13.4.1-SpMM-CSR-ALG2,cuSPARSE CUDA 13.4.1 SpMM CSR ALG2 [cuSPARSE 12.8.6],csr-alg2,cuSPARSE-SpMM-CSR,candidate,,,csr,csr,CUSPARSE_SPMM_CSR_ALG2,library-preprocess,spmm.csr.fp32,fp32,A100-SXM4-80GB,A100-SXM4-80GB,,19500.0,2793479a-b9ba-5e32-964d-96d3a38ca48f,suitesparse_all,JGD_Taha/abtaha2,abtaha2,37932,331,137228,16,row-major,N,N,1.0,0.0,20260922,main,pass,pass,0,0,4391296.0,0.03749,0.0432639986277,0.0807539986277,0.0451384986277,101.50000321950014,54.37868185630266,97.28493710478016,0.5205128370230776,0.27886503516052646,0.4988971133578469,cuSPARSE 12.8.6,CUDA,13040,13000,2026-10-07T09:29:52.860341+00:00,source,csr-alg2,0,0,,,,5,20,4,true
3,full-20261009-A100-SXM4-80GB-spmm-fp32-cusparse-csr-alg2-n16-13.4.1,cuSPARSE-CUDA-13.4.1-SpMM-CSR-ALG2,cuSPARSE CUDA 13.4.1 SpMM CSR ALG2 [cuSPARSE 12.8.6],csr-alg2,cuSPARSE-SpMM-CSR,candidate,,,csr,csr,CUSPARSE_SPMM_CSR_ALG2,library-preprocess,spmm.csr.fp32,fp32,A100-SXM4-80GB,A100-SXM4-80GB,,19500.0,df2405bf-ab33-5b32-9511-7da1122118f9,suitesparse_all,JGD_Trefethen/Trefethen_200,Trefethen_200,200,200,2890,16,row-major,N,N,1.0,0.0,20260922,main,pass,pass,0,0,92480.0,0.01304,0.0149504005909,0.0279904005909,0.0156024005909,6.1857874267456525,3.3039898696578964,5.9272930124572225,0.03172198680382386,0.016943537793117417,0.03039637442285755,cuSPARSE 12.8.6,CUDA,13040,13000,2026-10-08T09:58:48.249034+00:00,source,csr-alg2,0,0,,,,5,20,4,true
3,full-20261009-A100-SXM4-80GB-spmm-fp32-cusparse-csr-alg2-n16-13.4.1,cuSPARSE-CUDA-13.4.1-SpMM-CSR-ALG2,cuSPARSE CUDA 13.4.1 SpMM CSR ALG2 [cuSPARSE 12.8.6],csr-alg2,cuSPARSE-SpMM-CSR,candidate,,,csr,csr,CUSPARSE_SPMM_CSR_ALG2,library-preprocess,spmm.csr.fp32,fp32,A100-SXM4-80GB,A100-SXM4-80GB,,19500.0,238ed034-08d6-5e0f-b7b4-c4d0b9e54f50,suitesparse_all,JGD_Trefethen/Trefethen_200b,Trefethen_200b,199,199,2873,16,row-major,N,N,1.0,0.0,20260922,main,pass,pass,0,0,91936.0,0.0142,0.0188927993178,0.0330927993178,0.0196027993178,4.866192587637438,2.7781270214438862,4.6899424163629035,0.024954833782756095,0.014246805238173775,0.024050986750578995,cuSPARSE 12.8.6,CUDA,13040,13000,2026-10-07T14:48:48.857318+00:00,source,csr-alg2,0,0,,,,5,20,4,true
3,full-20261009-A100-SXM4-80GB-spmm-fp32-cusparse-csr-alg2-n16-13.4.1,cuSPARSE-CUDA-13.4.1-SpMM-CSR-ALG2,cuSPARSE CUDA 13.4.1 SpMM CSR ALG2 [cuSPARSE 12.8.6],csr-alg2,cuSPARSE-SpMM-CSR,candidate,,,csr,csr,CUSPARSE_SPMM_CSR_ALG2,library-preprocess,spmm.csr.fp32,fp32,A100-SXM4-80GB,A100-SXM4-80GB,,19500.0,2793479a-b9ba-5e32-964d-96d3a38ca48f,suitesparse_all,JGD_Trefethen/Trefethen_500,Trefethen_500,500,500,8478,16,row-major,N,N,1.0,0.0,20260922,main,pass,pass,0,0,271296.0,0.02171,0.016128000617,0.037838000617,0.017213500617,16.821427927900483,7.1699348690773865,15.760652410937782,0.08626373296359223,0.03676889676449942,0.08082385851762965,cuSPARSE 12.8.6,CUDA,13040,13000,2026-10-07T09:29:53.742794+00:00,source,csr-alg2,0,0,,,,5,20,4,true
3,full-20261009-A100-SXM4-80GB-spmm-fp32-cusparse-csr-alg2-n16-13.4.1,cuSPARSE-CUDA-13.4.1-SpMM-CSR-ALG2,cuSPARSE CUDA 13.4.1 SpMM CSR ALG2 [cuSPARSE 12.8.6],csr-alg2,cuSPARSE-SpMM-CSR,candidate,,,csr,csr,CUSPARSE_SPMM_CSR_ALG2,library-preprocess,spmm.csr.fp32,fp32,A100-SXM4-80GB,A100-SXM4-80GB,,19500.0,df2405bf-ab33-5b32-9511-7da1122118f9,suitesparse_all,Janna/CoupCons3D,CoupCons3D,416800,416800,22322336,16,row-major,N,N,1.0,0.0,20260922,main,pass,pass,0,0,714314752.0,0.30843,2.49190406799,2.80033406799,2.50732556799,286.65419394582665,255.0819775987351,284.89110513583245,1.4700215074144958,1.308112705634539,1.4609800263376023,cuSPARSE 12.8.6,CUDA,13040,13000,2026-10-08T11:03:35.399429+00:00,source,csr-alg2,0,0,,,,5,20,4,true
3,full-20261009-A100-SXM4-80GB-spmm-fp32-cusparse-csr-alg2-n16-13.4.1,cuSPARSE-CUDA-13.4.1-SpMM-CSR-ALG2,cuSPARSE CUDA 13.4.1 SpMM CSR ALG2 [cuSPARSE 12.8.6],csr-alg2,cuSPARSE-SpMM-CSR,candidate,,,csr,csr,CUSPARSE_SPMM_CSR_ALG2,library-preprocess,spmm.csr.fp32,fp32,A100-SXM4-80GB,A100-SXM4-80GB,,19500.0,238ed034-08d6-5e0f-b7b4-c4d0b9e54f50,suitesparse_all,Janna/Emilia_923,Emilia_923,923136,923136,41005206,16,row-major,N,N,1.0,0.0,20260922,main,pass,pass,0,0,1312166592.0,41.377926,5.22004470825,46.5979707083,7.28894100825,251.37075740485355,28.159307627666237,180.0215683615524,1.2890808072043771,0.1444067057829038,0.923187530059243,cuSPARSE 12.8.6,CUDA,13040,13000,2026-10-07T15:32:27.434897+00:00,source,csr-alg2,0,0,,,,5,20,4,true
3,full-20261009-A100-SXM4-80GB-spmm-fp32-cusparse-csr-alg2-n16-13.4.1,cuSPARSE-CUDA-13.4.1-SpMM-CSR-ALG2,cuSPARSE CUDA 13.4.1 SpMM CSR ALG2 [cuSPARSE 12.8.6],csr-alg2,cuSPARSE-SpMM-CSR,candidate,,,csr,csr,CUSPARSE_SPMM_CSR_ALG2,library-preprocess,spmm.csr.fp32,fp32,A100-SXM4-80GB,A100-SXM4-80GB,,19500.0,df2405bf-ab33-5b32-9511-7da1122118f9,suitesparse_all,Janna/Fault_639,Fault_639,638802,638802,28614564,16,row-major,N,N,1.0,0.0,20260922,main,pass,pass,0,0,915666048.0,3.515451,4.32757759094,7.84302859094,4.50335014094,211.5885917139863,116.74903863766941,203.32996976532448,1.0850697010973656,0.5987130186547149,1.0427177936683307,cuSPARSE 12.8.6,CUDA,13040,13000,2026-10-08T10:58:19.450205+00:00,source,csr-alg2,0,0,,,,5,20,4,true
3,full-20261009-A100-SXM4-80GB-spmm-fp32-cusparse-csr-alg2-n16-13.4.1,cuSPARSE-CUDA-13.4.1-SpMM-CSR-ALG2,cuSPARSE CUDA 13.4.1 SpMM CSR ALG2 [cuSPARSE 12.8.6],csr-alg2,cuSPARSE-SpMM-CSR,candidate,,,csr,csr,CUSPARSE_SPMM_CSR_ALG2,library-preprocess,spmm.csr.fp32,fp32,A100-SXM4-80GB,A100-SXM4-80GB,,19500.0,2793479a-b9ba-5e32-964d-96d3a38ca48f,suitesparse_all,Janna/Geo_1438,Geo_1438,1437960,1437960,63156690,16,row-major,N,N,1.0,0.0,20260922,main,pass,pass,0,0,2021014080.0,0.476411,7.7784576416,8.2548686416,7.8022781916,259.8219561152338,244.826921874347,259.0287132001831,1.3324202877704296,1.2555226762787026,1.3283523753855544,cuSPARSE 12.8.6,CUDA,13040,13000,2026-10-07T10:14:01.604964+00:00,source,csr-alg2,0,0,,,,5,20,4,true
3,full-20261009-A100-SXM4-80GB-spmm-fp32-cusparse-csr-alg2-n16-13.4.1,cuSPARSE-CUDA-13.4.1-SpMM-CSR-ALG2,cuSPARSE CUDA 13.4.1 SpMM CSR ALG2 [cuSPARSE 12.8.6],csr-alg2,cuSPARSE-SpMM-CSR,candidate,,,csr,csr,CUSPARSE_SPMM_CSR_ALG2,library-preprocess,spmm.csr.fp32,fp32,A100-SXM4-80GB,A100-SXM4-80GB,,19500.0,238ed034-08d6-5e0f-b7b4-c4d0b9e54f50,suitesparse_all,Janna/Long_Coup_dt0,Long_Coup_dt0,1470152,1470152,87088992,16,row-major,N,N,1.0,0.0,20260922,main,pass,pass,0,0,2786847744.0,0.439631,21.7170425415,22.1566735415,21.7390240915,128.3253803400945,125.77915808436519,128.19562333019644,0.6580788735389462,0.6450213235095651,0.6574134529753664,cuSPARSE 12.8.6,CUDA,13040,13000,2026-10-07T15:35:53.491449+00:00,source,csr-alg2,0,0,,,,5,20,4,true
3,full-20261009-A100-SXM4-80GB-spmm-fp32-cusparse-csr-alg2-n16-13.4.1,cuSPARSE-CUDA-13.4.1-SpMM-CSR-ALG2,cuSPARSE CUDA 13.4.1 SpMM CSR ALG2 [cuSPARSE 12.8.6],csr-alg2,cuSPARSE-SpMM-CSR,candidate,,,csr,csr,CUSPARSE_SPMM_CSR_ALG2,library-preprocess,spmm.csr.fp32,fp32,A100-SXM4-80GB,A100-SXM4-80GB,,19500.0,df2405bf-ab33-5b32-9511-7da1122118f9,suitesparse_all,Janna/Long_Coup_dt6,Long_Coup_dt6,1470152,1470152,87088992,16,row-major,N,N,1.0,0.0,20260922,main,pass,pass,0,0,2786847744.0,3.029351,9.97258224487,13.0019332449,10.1240497949,279.4509662162559,214.34102848460165,275.2700550133482,1.4330818780320815,1.0991847614594956,1.4116413077607601,cuSPARSE 12.8.6,CUDA,13040,13000,2026-10-08T11:01:45.829242+00:00,source,csr-alg2,0,0,,,,5,20,4,true
3,full-20261009-A100-SXM4-80GB-spmm-fp32-cusparse-csr-alg2-n16-13.4.1,cuSPARSE-CUDA-13.4.1-SpMM-CSR-ALG2,cuSPARSE CUDA 13.4.1 SpMM CSR ALG2 [cuSPARSE 12.8.6],csr-alg2,cuSPARSE-SpMM-CSR,candidate,,,csr,csr,CUSPARSE_SPMM_CSR_ALG2,library-preprocess,spmm.csr.fp32,fp32,A100-SXM4-80GB,A100-SXM4-80GB,,19500.0,2793479a-b9ba-5e32-964d-96d3a38ca48f,suitesparse_all,Janna/Transport,Transport,1602111,1602111,23500731,16,row-major,N,N,1.0,0.0,20260922,main,pass,pass,0,0,752023392.0,0.46703,3.25785598755,3.72488598755,3.28120748755,230.83383515842357,201.89165373478573,229.19105081084587,1.183763257222685,1.0353418140245423,1.175338722106902,cuSPARSE 12.8.6,CUDA,13040,13000,2026-10-07T10:17:28.434642+00:00,source,csr-alg2,0,0,,,,5,20,4,true
3,full-20261009-A100-SXM4-80GB-spmm-fp32-cusparse-csr-alg2-n16-13.4.1,cuSPARSE-CUDA-13.4.1-SpMM-CSR-ALG2,cuSPARSE CUDA 13.4.1 SpMM CSR ALG2 [cuSPARSE 12.8.6],csr-alg2,cuSPARSE-SpMM-CSR,candidate,,,csr,csr,CUSPARSE_SPMM_CSR_ALG2,library-preprocess,spmm.csr.fp32,fp32,A100-SXM4-80GB,A100-SXM4-80GB,,19500.0,2793479a-b9ba-5e32-964d-96d3a38ca48f,suitesparse_all,Kemelmacher/Kemelmacher,Kemelmacher,28452,9693,100875,16,row-major,N,N,1.0,0.0,20260922,main,pass,pass,0,0,3228000.0,0.04948,0.0375295996666,0.0870095996666,0.0400035996666,86.0121085403638,37.09935469613612,80.69273832612463,0.44108773610442975,0.19025310100582624,0.41380891449294677,cuSPARSE 12.8.6,CUDA,13040,13000,2026-10-07T08:58:55.107807+00:00,source,csr-alg2,0,0,,,,5,20,4,true
3,full-20261009-A100-SXM4-80GB-spmm-fp32-cusparse-csr-alg2-n16-13.4.1,cuSPARSE-CUDA-13.4.1-SpMM-CSR-ALG2,cuSPARSE CUDA 13.4.1 SpMM CSR ALG2 [cuSPARSE 12.8.6],csr-alg2,cuSPARSE-SpMM-CSR,candidate,,,csr,csr,CUSPARSE_SPMM_CSR_ALG2,library-preprocess,spmm.csr.fp32,fp32,A100-SXM4-80GB,A100-SXM4-80GB,,19500.0,238ed034-08d6-5e0f-b7b4-c4d0b9e54f50,suitesparse_all,Kim/kim1,kim1,38415,38415,933195,16,row-major,N,N,1.0,0.0,20260922,main,pass,pass,0,0,29862240.0,0.04382,0.0998319983482,0.143651998348,0.102022998348,299.12493483146255,207.87904340640006,292.7010623441984,1.533974024776731,1.0660463764430772,1.5010310889446072,cuSPARSE 12.8.6,CUDA,13040,13000,2026-10-07T14:29:26.307532+00:00,source,csr-alg2,0,0,,,,5,20,4,true
3,full-20261009-A100-SXM4-80GB-spmm-fp32-cusparse-csr-alg2-n16-13.4.1,cuSPARSE-CUDA-13.4.1-SpMM-CSR-ALG2,cuSPARSE CUDA 13.4.1 SpMM CSR ALG2 [cuSPARSE 12.8.6],csr-alg2,cuSPARSE-SpMM-CSR,candidate,,,csr,csr,CUSPARSE_SPMM_CSR_ALG2,library-preprocess,spmm.csr.fp32,fp32,A100-SXM4-80GB,A100-SXM4-80GB,,19500.0,df2405bf-ab33-5b32-9511-7da1122118f9,suitesparse_all,Kim/kim2,kim2,456976,456976,11330020,16,row-major,N,N,1.0,0.0,20260922,main,pass,pass,0,0,362560640.0,0.61397,1.65201911926,2.26598911926,1.68271761926,219.4651597993637,160.00105071925535,215.4613678790868,1.1254623579454548,0.8205182088166941,1.1049300916876246,cuSPARSE 12.8.6,CUDA,13040,13000,2026-10-08T09:35:59.845897+00:00,source,csr-alg2,0,0,,,,5,20,4,true
3,full-20261009-A100-SXM4-80GB-spmm-fp32-cusparse-csr-alg2-n16-13.4.1,cuSPARSE-CUDA-13.4.1-SpMM-CSR-ALG2,cuSPARSE CUDA 13.4.1 SpMM CSR ALG2 [cuSPARSE 12.8.6],csr-alg2,cuSPARSE-SpMM-CSR,candidate,,,csr,csr,CUSPARSE_SPMM_CSR_ALG2,library-preprocess,spmm.csr.fp32,fp32,A100-SXM4-80GB,A100-SXM4-80GB,,19500.0,2793479a-b9ba-5e32-964d-96d3a38ca48f,suitesparse_all,LAW/cnr-2000,cnr-2000,325557,325557,3216152,16,row-major,N,N,1.0,0.0,20260922,main,pass,pass,0,0,102916864.0,0.04042,0.560998392105,0.601418392105,0.563019392105,183.45304629810317,171.12357279228672,182.79452793840284,0.9407848528107856,0.8775567835501883,0.937407835581553,cuSPARSE 12.8.6,CUDA,13040,13000,2026-10-07T09:38:32.198825+00:00,source,csr-alg2,0,0,,,,5,20,4,true
3,full-20261009-A100-SXM4-80GB-spmm-fp32-cusparse-csr-alg2-n16-13.4.1,cuSPARSE-CUDA-13.4.1-SpMM-CSR-ALG2,cuSPARSE CUDA 13.4.1 SpMM CSR ALG2 [cuSPARSE 12.8.6],csr-alg2,cuSPARSE-SpMM-CSR,candidate,,,csr,csr,CUSPARSE_SPMM_CSR_ALG2,library-preprocess,spmm.csr.fp32,fp32,A100-SXM4-80GB,A100-SXM4-80GB,,19500.0,df2405bf-ab33-5b32-9511-7da1122118f9,suitesparse_all,LAW/hollywood-2009,hollywood-2009,1139905,1139905,113891327,16,row-major,N,N,1.0,0.0,20260922,main,pass,pass,0,0,3644522464.0,0.47151,13.4405044556,13.9120144556,13.4640799556,271.15964851166774,261.96942762181874,270.6848500616757,1.3905623000598344,1.343432962163173,1.3881274362137217,cuSPARSE 12.8.6,CUDA,13040,13000,2026-10-08T10:06:05.946537+00:00,source,csr-alg2,0,0,,,,5,20,4,true
3,full-20261009-A100-SXM4-80GB-spmm-fp32-cusparse-csr-alg2-n16-13.4.1,cuSPARSE-CUDA-13.4.1-SpMM-CSR-ALG2,cuSPARSE CUDA 13.4.1 SpMM CSR ALG2 [cuSPARSE 12.8.6],csr-alg2,cuSPARSE-SpMM-CSR,candidate,,,csr,csr,CUSPARSE_SPMM_CSR_ALG2,library-preprocess,spmm.csr.fp32,fp32,A100-SXM4-80GB,A100-SXM4-80GB,,19500.0,238ed034-08d6-5e0f-b7b4-c4d0b9e54f50,suitesparse_all,LAW/ljournal-2008,ljournal-2008,5363260,5363260,79023142,16,row-major,N,N,1.0,0.0,20260922,main,pass,pass,0,0,2528740544.0,0.77346,11.7471229553,12.5205829553,11.7857959553,215.26466979381513,201.96667783184782,214.55831694276372,1.1039213835580264,1.0357265529838349,1.1002990612449421,cuSPARSE 12.8.6,CUDA,13040,13000,2026-10-07T14:57:08.894506+00:00,source,csr-alg2,0,0,,,,5,20,4,true
3,full-20261009-A100-SXM4-80GB-spmm-fp32-cusparse-csr-alg2-n16-13.4.1,cuSPARSE-CUDA-13.4.1-SpMM-CSR-ALG2,cuSPARSE CUDA 13.4.1 SpMM CSR ALG2 [cuSPARSE 12.8.6],csr-alg2,cuSPARSE-SpMM-CSR,candidate,,,csr,csr,CUSPARSE_SPMM_CSR_ALG2,library-preprocess,spmm.csr.fp32,fp32,A100-SXM4-80GB,A100-SXM4-80GB,,19500.0,238ed034-08d6-5e0f-b7b4-c4d0b9e54f50,suitesparse_all,LAW/sk-2005,sk-2005,50636154,50636154,1949412601,16,row-major,N,N,1.0,0.0,20260922,main,fail,runtime-error,0,0,62381203232.0,0.0,0.0,0.0,0.0,0.0,0.0,0.0,0.0,0.0,0.0,unknown,,,,2026-10-07T15:17:13.350187+00:00,source,csr-alg2,0,0,Command '['/data1/wangyinshan/qiwu-full-20260930/campaign-a100-cuda134/build/5/90df2368d213815de4f08d09/benchmark']' timed out after 1200 seconds,BenchmarkDriverError,run,5,20,4.0,true
3,full-20261009-A100-SXM4-80GB-spmm-fp32-cusparse-csr-alg2-n16-13.4.1,cuSPARSE-CUDA-13.4.1-SpMM-CSR-ALG2,cuSPARSE CUDA 13.4.1 SpMM CSR ALG2 [cuSPARSE 12.8.6],csr-alg2,cuSPARSE-SpMM-CSR,candidate,,,csr,csr,CUSPARSE_SPMM_CSR_ALG2,library-preprocess,spmm.csr.fp32,fp32,A100-SXM4-80GB,A100-SXM4-80GB,,19500.0,df2405bf-ab33-5b32-9511-7da1122118f9,suitesparse_all,LAW/uk-2005,uk-2005,39459925,39459925,936364282,16,row-major,N,N,1.0,0.0,20260922,main,fail,runtime-error,0,0,29963657024.0,0.0,0.0,0.0,0.0,0.0,0.0,0.0,0.0,0.0,0.0,unknown,,,,2026-10-08T10:26:13.909463+00:00,source,csr-alg2,0,0,Command '['/data1/wangyinshan/qiwu-full-20260930/campaign-a100-cuda134/build/6/90df2368d213815de4f08d09/benchmark']' timed out after 1200 seconds,BenchmarkDriverError,run,5,20,4.0,true
3,full-20261009-A100-SXM4-80GB-spmm-fp32-cusparse-csr-alg2-n16-13.4.1,cuSPARSE-CUDA-13.4.1-SpMM-CSR-ALG2,cuSPARSE CUDA 13.4.1 SpMM CSR ALG2 [cuSPARSE 12.8.6],csr-alg2,cuSPARSE-SpMM-CSR,candidate,,,csr,csr,CUSPARSE_SPMM_CSR_ALG2,library-preprocess,spmm.csr.fp32,fp32,A100-SXM4-80GB,A100-SXM4-80GB,,19500.0,2793479a-b9ba-5e32-964d-96d3a38ca48f,suitesparse_all,LAW/webbase-2001,webbase-2001,118142155,118142155,1019903190,16,row-major,N,N,1.0,0.0,20260922,main,fail,runtime-error,0,0,32636902080.0,0.0,0.0,0.0,0.0,0.0,0.0,0.0,0.0,0.0,0.0,unknown,,,,2026-10-07T09:58:48.772008+00:00,source,csr-alg2,0,0,Command '['/data1/wangyinshan/qiwu-full-20260930/campaign-a100-cuda134/build/0/90df2368d213815de4f08d09/benchmark']' timed out after 1200 seconds,BenchmarkDriverError,run,5,20,4.0,true
3,full-20261009-A100-SXM4-80GB-spmm-fp32-cusparse-csr-alg2-n16-13.4.1,cuSPARSE-CUDA-13.4.1-SpMM-CSR-ALG2,cuSPARSE CUDA 13.4.1 SpMM CSR ALG2 [cuSPARSE 12.8.6],csr-alg2,cuSPARSE-SpMM-CSR,candidate,,,csr,csr,CUSPARSE_SPMM_CSR_ALG2,library-preprocess,spmm.csr.fp32,fp32,A100-SXM4-80GB,A100-SXM4-80GB,,19500.0,238ed034-08d6-5e0f-b7b4-c4d0b9e54f50,suitesparse_all,LPnetlib/lp_agg,lp_agg,488,615,2862,16,row-major,N,N,1.0,0.0,20260922,main,pass,pass,0,0,91584.0,0.01229,0.0164864003658,0.0287764003658,0.0171009003658,5.5551241003454725,3.1826079299635124,5.355507490304917,0.02848781589920755,0.016321066307505194,0.02746414097592265,cuSPARSE 12.8.6,CUDA,13040,13000,2026-10-07T14:28:11.739636+00:00,source,csr-alg2,0,0,,,,5,20,4,true
3,full-20261009-A100-SXM4-80GB-spmm-fp32-cusparse-csr-alg2-n16-13.4.1,cuSPARSE-CUDA-13.4.1-SpMM-CSR-ALG2,cuSPARSE CUDA 13.4.1 SpMM CSR ALG2 [cuSPARSE 12.8.6],csr-alg2,cuSPARSE-SpMM-CSR,candidate,,,csr,csr,CUSPARSE_SPMM_CSR_ALG2,library-preprocess,spmm.csr.fp32,fp32,A100-SXM4-80GB,A100-SXM4-80GB,,19500.0,df2405bf-ab33-5b32-9511-7da1122118f9,suitesparse_all,LPnetlib/lp_agg2,lp_agg2,516,758,4740,16,row-major,N,N,1.0,0.0,20260922,main,pass,pass,0,0,151680.0,0.01387,0.0213504001498,0.0352204001498,0.0220439001498,7.104316496916844,4.306595023193151,6.880815054017388,0.036432392291881256,0.0220851026830418,0.03528623104624301,cuSPARSE 12.8.6,CUDA,13040,13000,2026-10-08T09:34:37.204859+00:00,source,csr-alg2,0,0,,,,5,20,4,true
3,full-20261009-A100-SXM4-80GB-spmm-fp32-cusparse-csr-alg2-n16-13.4.1,cuSPARSE-CUDA-13.4.1-SpMM-CSR-ALG2,cuSPARSE CUDA 13.4.1 SpMM CSR ALG2 [cuSPARSE 12.8.6],csr-alg2,cuSPARSE-SpMM-CSR,candidate,,,csr,csr,CUSPARSE_SPMM_CSR_ALG2,library-preprocess,spmm.csr.fp32,fp32,A100-SXM4-80GB,A100-SXM4-80GB,,19500.0,2793479a-b9ba-5e32-964d-96d3a38ca48f,suitesparse_all,LPnetlib/lp_bandm,lp_bandm,305,472,2494,16,row-major,N,N,1.0,0.0,20260922,main,pass,pass,0,0,79808.0,0.02144,0.0205408006907,0.0419808006907,0.0216128006907,3.885340265052748,1.901059500698848,3.692626473640755,0.019924821872065374,0.009749023080506913,0.01893654601867054,cuSPARSE 12.8.6,CUDA,13040,13000,2026-10-07T08:52:28.762478+00:00,source,csr-alg2,0,0,,,,5,20,4,true
3,full-20261009-A100-SXM4-80GB-spmm-fp32-cusparse-csr-alg2-n16-13.4.1,cuSPARSE-CUDA-13.4.1-SpMM-CSR-ALG2,cuSPARSE CUDA 13.4.1 SpMM CSR ALG2 [cuSPARSE 12.8.6],csr-alg2,cuSPARSE-SpMM-CSR,candidate,,,csr,csr,CUSPARSE_SPMM_CSR_ALG2,library-preprocess,spmm.csr.fp32,fp32,A100-SXM4-80GB,A100-SXM4-80GB,,19500.0,238ed034-08d6-5e0f-b7b4-c4d0b9e54f50,suitesparse_all,LPnetlib/lp_bore3d,lp_bore3d,233,334,1448,16,row-major,N,N,1.0,0.0,20260922,main,pass,pass,0,0,46336.0,0.01323,0.0169983997941,0.0302283997941,0.0176598997941,2.725903647476443,1.5328631457707493,2.623797447337748,0.01397899306398176,0.007860836644978202,0.013455371524808964,cuSPARSE 12.8.6,CUDA,13040,13000,2026-10-07T14:28:12.448194+00:00,source,csr-alg2,0,0,,,,5,20,4,true
3,full-20261009-A100-SXM4-80GB-spmm-fp32-cusparse-csr-alg2-n16-13.4.1,cuSPARSE-CUDA-13.4.1-SpMM-CSR-ALG2,cuSPARSE CUDA 13.4.1 SpMM CSR ALG2 [cuSPARSE 12.8.6],csr-alg2,cuSPARSE-SpMM-CSR,candidate,,,csr,csr,CUSPARSE_SPMM_CSR_ALG2,library-preprocess,spmm.csr.fp32,fp32,A100-SXM4-80GB,A100-SXM4-80GB,,19500.0,df2405bf-ab33-5b32-9511-7da1122118f9,suitesparse_all,LPnetlib/lp_brandy,lp_brandy,220,303,2202,16,row-major,N,N,1.0,0.0,20260922,main,pass,pass,0,0,70464.0,0.014949,0.0224767997861,0.0374257997861,0.0232242497861,3.1349658612689173,1.8827653758296021,3.034070019440351,0.01607674800650727,0.009655207055536422,0.015559333433027442,cuSPARSE 12.8.6,CUDA,13040,13000,2026-10-08T09:34:37.813108+00:00,source,csr-alg2,0,0,,,,5,20,4,true
3,full-20261009-A100-SXM4-80GB-spmm-fp32-cusparse-csr-alg2-n16-13.4.1,cuSPARSE-CUDA-13.4.1-SpMM-CSR-ALG2,cuSPARSE CUDA 13.4.1 SpMM CSR ALG2 [cuSPARSE 12.8.6],csr-alg2,cuSPARSE-SpMM-CSR,candidate,,,csr,csr,CUSPARSE_SPMM_CSR_ALG2,library-preprocess,spmm.csr.fp32,fp32,A100-SXM4-80GB,A100-SXM4-80GB,,19500.0,2793479a-b9ba-5e32-964d-96d3a38ca48f,suitesparse_all,LPnetlib/lp_cre_a,lp_cre_a,3516,7248,18168,16,row-major,N,N,1.0,0.0,20260922,main,pass,pass,0,0,581376.0,0.01708,0.0259119987488,0.0429919987488,0.0267659987488,22.436555575510123,13.522888372716737,21.720691443507775,0.11505925936159038,0.06934814550111147,0.11138816124875782,cuSPARSE 12.8.6,CUDA,13040,13000,2026-10-07T08:52:29.733788+00:00,source,csr-alg2,0,0,,,,5,20,4,true
3,full-20261009-A100-SXM4-80GB-spmm-fp32-cusparse-csr-alg2-n16-13.4.1,cuSPARSE-CUDA-13.4.1-SpMM-CSR-ALG2,cuSPARSE CUDA 13.4.1 SpMM CSR ALG2 [cuSPARSE 12.8.6],csr-alg2,cuSPARSE-SpMM-CSR,candidate,,,csr,csr,CUSPARSE_SPMM_CSR_ALG2,library-preprocess,spmm.csr.fp32,fp32,A100-SXM4-80GB,A100-SXM4-80GB,,19500.0,238ed034-08d6-5e0f-b7b4-c4d0b9e54f50,suitesparse_all,LPnetlib/lp_czprob,lp_czprob,929,3562,10708,16,row-major,N,N,1.0,0.0,20260922,main,pass,pass,0,0,342656.0,0.01344,0.0203263998032,0.0337663998032,0.0209983998032,16.857682782863268,10.147839331320329,16.31819582498766,0.0864496552967347,0.05204020169907861,0.08368305551275723,cuSPARSE 12.8.6,CUDA,13040,13000,2026-10-07T14:28:13.231566+00:00,source,csr-alg2,0,0,,,,5,20,4,true
3,full-20261009-A100-SXM4-80GB-spmm-fp32-cusparse-csr-alg2-n16-13.4.1,cuSPARSE-CUDA-13.4.1-SpMM-CSR-ALG2,cuSPARSE CUDA 13.4.1 SpMM CSR ALG2 [cuSPARSE 12.8.6],csr-alg2,cuSPARSE-SpMM-CSR,candidate,,,csr,csr,CUSPARSE_SPMM_CSR_ALG2,library-preprocess,spmm.csr.fp32,fp32,A100-SXM4-80GB,A100-SXM4-80GB,,19500.0,df2405bf-ab33-5b32-9511-7da1122118f9,suitesparse_all,LPnetlib/lp_d2q06c,lp_d2q06c,2171,5831,33081,16,row-major,N,N,1.0,0.0,20260922,main,pass,pass,0,0,1058592.0,0.0146,0.0238591998816,0.0384591998816,0.0245891998816,44.368294211591596,27.525065608722173,43.051095810243915,0.22752971390559792,0.14115418260883167,0.22077485030894314,cuSPARSE 12.8.6,CUDA,13040,13000,2026-10-08T09:34:38.659771+00:00,source,csr-alg2,0,0,,,,5,20,4,true
3,full-20261009-A100-SXM4-80GB-spmm-fp32-cusparse-csr-alg2-n16-13.4.1,cuSPARSE-CUDA-13.4.1-SpMM-CSR-ALG2,cuSPARSE CUDA 13.4.1 SpMM CSR ALG2 [cuSPARSE 12.8.6],csr-alg2,cuSPARSE-SpMM-CSR,candidate,,,csr,csr,CUSPARSE_SPMM_CSR_ALG2,library-preprocess,spmm.csr.fp32,fp32,A100-SXM4-80GB,A100-SXM4-80GB,,19500.0,2793479a-b9ba-5e32-964d-96d3a38ca48f,suitesparse_all,LPnetlib/lp_degen2,lp_degen2,444,757,4201,16,row-major,N,N,1.0,0.0,20260922,main,pass,pass,0,0,134432.0,0.01694,0.0214576005936,0.0383976005936,0.0223046005936,6.265006164766439,3.5010520949688386,6.027097388983214,0.03212823674239199,0.017954113307532507,0.03090819173837546,cuSPARSE 12.8.6,CUDA,13040,13000,2026-10-07T08:52:32.315865+00:00,source,csr-alg2,0,0,,,,5,20,4,true
3,full-20261009-A100-SXM4-80GB-spmm-fp32-cusparse-csr-alg2-n16-13.4.1,cuSPARSE-CUDA-13.4.1-SpMM-CSR-ALG2,cuSPARSE CUDA 13.4.1 SpMM CSR ALG2 [cuSPARSE 12.8.6],csr-alg2,cuSPARSE-SpMM-CSR,candidate,,,csr,csr,CUSPARSE_SPMM_CSR_ALG2,library-preprocess,spmm.csr.fp32,fp32,A100-SXM4-80GB,A100-SXM4-80GB,,19500.0,238ed034-08d6-5e0f-b7b4-c4d0b9e54f50,suitesparse_all,LPnetlib/lp_fffff800,lp_fffff800,524,1028,6401,16,row-major,N,N,1.0,0.0,20260922,main,pass,pass,0,0,204832.0,0.01337,0.0177663996816,0.0311363996816,0.0184348996816,11.529178880971415,6.578538369708978,11.111099248586866,0.059123994261391866,0.03373609420363578,0.056979996146599314,cuSPARSE 12.8.6,CUDA,13040,13000,2026-10-07T14:28:13.968057+00:00,source,csr-alg2,0,0,,,,5,20,4,true
3,full-20261009-A100-SXM4-80GB-spmm-fp32-cusparse-csr-alg2-n16-13.4.1,cuSPARSE-CUDA-13.4.1-SpMM-CSR-ALG2,cuSPARSE CUDA 13.4.1 SpMM CSR ALG2 [cuSPARSE 12.8.6],csr-alg2,cuSPARSE-SpMM-CSR,candidate,,,csr,csr,CUSPARSE_SPMM_CSR_ALG2,library-preprocess,spmm.csr.fp32,fp32,A100-SXM4-80GB,A100-SXM4-80GB,,19500.0,df2405bf-ab33-5b32-9511-7da1122118f9,suitesparse_all,LPnetlib/lp_finnis,lp_finnis,497,1064,2760,16,row-major,N,N,1.0,0.0,20260922,main,pass,pass,0,0,88320.0,0.01468,0.0215552002192,0.0362352002192,0.0222892002192,4.097387131729362,2.437408913590099,3.962457115169203,0.021012241701176215,0.012499532890205637,0.020320292898303605,cuSPARSE 12.8.6,CUDA,13040,13000,2026-10-08T09:34:39.765761+00:00,source,csr-alg2,0,0,,,,5,20,4,true
3,full-20261009-A100-SXM4-80GB-spmm-fp32-cusparse-csr-alg2-n16-13.4.1,cuSPARSE-CUDA-13.4.1-SpMM-CSR-ALG2,cuSPARSE CUDA 13.4.1 SpMM CSR ALG2 [cuSPARSE 12.8.6],csr-alg2,cuSPARSE-SpMM-CSR,candidate,,,csr,csr,CUSPARSE_SPMM_CSR_ALG2,library-preprocess,spmm.csr.fp32,fp32,A100-SXM4-80GB,A100-SXM4-80GB,,19500.0,2793479a-b9ba-5e32-964d-96d3a38ca48f,suitesparse_all,LPnetlib/lp_fit1p,lp_fit1p,627,1677,9868,16,row-major,N,N,1.0,0.0,20260922,main,pass,pass,0,0,315776.0,0.019831,0.0193087995052,0.0391397995052,0.0203003495052,16.35399445288969,8.067900295658053,15.555200166337675,0.08386663821994712,0.04137384767004129,0.07977025726327013,cuSPARSE 12.8.6,CUDA,13040,13000,2026-10-07T08:52:34.206534+00:00,source,csr-alg2,0,0,,,,5,20,4,true
3,full-20261009-A100-SXM4-80GB-spmm-fp32-cusparse-csr-alg2-n16-13.4.1,cuSPARSE-CUDA-13.4.1-SpMM-CSR-ALG2,cuSPARSE CUDA 13.4.1 SpMM CSR ALG2 [cuSPARSE 12.8.6],csr-alg2,cuSPARSE-SpMM-CSR,candidate,,,csr,csr,CUSPARSE_SPMM_CSR_ALG2,library-preprocess,spmm.csr.fp32,fp32,A100-SXM4-80GB,A100-SXM4-80GB,,19500.0,238ed034-08d6-5e0f-b7b4-c4d0b9e54f50,suitesparse_all,LPnetlib/lp_greenbea,lp_greenbea,2392,5598,31070,16,row-major,N,N,1.0,0.0,20260922,main,pass,pass,0,0,994240.0,0.0118,0.0201215997338,0.0319215997338,0.0207115997338,49.41157826183614,31.14630871545121,48.00401768953965,0.2533927090350571,0.15972466007923697,0.24617444968994692,cuSPARSE 12.8.6,CUDA,13040,13000,2026-10-07T14:28:14.925495+00:00,source,csr-alg2,0,0,,,,5,20,4,true
3,full-20261009-A100-SXM4-80GB-spmm-fp32-cusparse-csr-alg2-n16-13.4.1,cuSPARSE-CUDA-13.4.1-SpMM-CSR-ALG2,cuSPARSE CUDA 13.4.1 SpMM CSR ALG2 [cuSPARSE 12.8.6],csr-alg2,cuSPARSE-SpMM-CSR,candidate,,,csr,csr,CUSPARSE_SPMM_CSR_ALG2,library-preprocess,spmm.csr.fp32,fp32,A100-SXM4-80GB,A100-SXM4-80GB,,19500.0,df2405bf-ab33-5b32-9511-7da1122118f9,suitesparse_all,LPnetlib/lp_greenbeb,lp_greenbeb,2392,5598,31070,16,row-major,N,N,1.0,0.0,20260922,main,pass,pass,0,0,994240.0,0.01406,0.0240639999509,0.0381239999509,0.0247669999509,41.31648944600397,26.079110305332183,40.143739733155314,0.21187943305643062,0.1337390272068317,0.20586533196489906,cuSPARSE 12.8.6,CUDA,13040,13000,2026-10-08T09:34:40.475753+00:00,source,csr-alg2,0,0,,,,5,20,4,true
3,full-20261009-A100-SXM4-80GB-spmm-fp32-cusparse-csr-alg2-n16-13.4.1,cuSPARSE-CUDA-13.4.1-SpMM-CSR-ALG2,cuSPARSE CUDA 13.4.1 SpMM CSR ALG2 [cuSPARSE 12.8.6],csr-alg2,cuSPARSE-SpMM-CSR,candidate,,,csr,csr,CUSPARSE_SPMM_CSR_ALG2,library-preprocess,spmm.csr.fp32,fp32,A100-SXM4-80GB,A100-SXM4-80GB,,19500.0,2793479a-b9ba-5e32-964d-96d3a38ca48f,suitesparse_all,LPnetlib/lp_grow22,lp_grow22,440,946,8252,16,row-major,N,N,1.0,0.0,20260922,main,pass,pass,0,0,264064.0,0.01421,0.0174079999328,0.0316179999328,0.0181184999328,15.169117705616078,8.351698417396236,14.574274966437137,0.07779034720828758,0.04282922265331403,0.07473987162275456,cuSPARSE 12.8.6,CUDA,13040,13000,2026-10-07T08:52:36.290344+00:00,source,csr-alg2,0,0,,,,5,20,4,true
3,full-20261009-A100-SXM4-80GB-spmm-fp32-cusparse-csr-alg2-n16-13.4.1,cuSPARSE-CUDA-13.4.1-SpMM-CSR-ALG2,cuSPARSE CUDA 13.4.1 SpMM CSR ALG2 [cuSPARSE 12.8.6],csr-alg2,cuSPARSE-SpMM-CSR,candidate,,,csr,csr,CUSPARSE_SPMM_CSR_ALG2,library-preprocess,spmm.csr.fp32,fp32,A100-SXM4-80GB,A100-SXM4-80GB,,19500.0,238ed034-08d6-5e0f-b7b4-c4d0b9e54f50,suitesparse_all,LPnetlib/lp_ken_11,lp_ken_11,14694,21349,49058,16,row-major,N,N,1.0,0.0,20260922,main,pass,pass,0,0,1569856.0,0.01494,0.0253951996565,0.0403351996565,0.0261421996565,61.81703712647084,38.920248650536145,60.050646870860035,0.3170104468024145,0.19959101872069818,0.30795203523517967,cuSPARSE 12.8.6,CUDA,13040,13000,2026-10-07T14:28:15.914963+00:00,source,csr-alg2,0,0,,,,5,20,4,true
3,full-20261009-A100-SXM4-80GB-spmm-fp32-cusparse-csr-alg2-n16-13.4.1,cuSPARSE-CUDA-13.4.1-SpMM-CSR-ALG2,cuSPARSE CUDA 13.4.1 SpMM CSR ALG2 [cuSPARSE 12.8.6],csr-alg2,cuSPARSE-SpMM-CSR,candidate,,,csr,csr,CUSPARSE_SPMM_CSR_ALG2,library-preprocess,spmm.csr.fp32,fp32,A100-SXM4-80GB,A100-SXM4-80GB,,19500.0,df2405bf-ab33-5b32-9511-7da1122118f9,suitesparse_all,LPnetlib/lp_ken_13,lp_ken_13,28632,42659,97246,16,row-major,N,N,1.0,0.0,20260922,main,pass,pass,0,0,3111872.0,0.06014,0.0323583990335,0.0924983990335,0.0353653990335,96.16891110027854,33.642441734293996,87.99199457787168,0.49317390307835146,0.17252534222714871,0.4512409978352394,cuSPARSE 12.8.6,CUDA,13040,13000,2026-10-08T09:34:41.997621+00:00,source,csr-alg2,0,0,,,,5,20,4,true
3,full-20261009-A100-SXM4-80GB-spmm-fp32-cusparse-csr-alg2-n16-13.4.1,cuSPARSE-CUDA-13.4.1-SpMM-CSR-ALG2,cuSPARSE CUDA 13.4.1 SpMM CSR ALG2 [cuSPARSE 12.8.6],csr-alg2,cuSPARSE-SpMM-CSR,candidate,,,csr,csr,CUSPARSE_SPMM_CSR_ALG2,library-preprocess,spmm.csr.fp32,fp32,A100-SXM4-80GB,A100-SXM4-80GB,,19500.0,2793479a-b9ba-5e32-964d-96d3a38ca48f,suitesparse_all,LPnetlib/lp_lotfi,lp_lotfi,153,366,1136,16,row-major,N,N,1.0,0.0,20260922,main,pass,pass,0,0,36352.0,0.04007,0.0210431993008,0.0611131993008,0.0230466993008,1.7274939746741838,0.5948305835057818,1.5773191434288443,0.008858943459867609,0.003050413248747599,0.00808881612014792,cuSPARSE 12.8.6,CUDA,13040,13000,2026-10-07T08:52:37.608654+00:00,source,csr-alg2,0,0,,,,5,20,4,true
3,full-20261009-A100-SXM4-80GB-spmm-fp32-cusparse-csr-alg2-n16-13.4.1,cuSPARSE-CUDA-13.4.1-SpMM-CSR-ALG2,cuSPARSE CUDA 13.4.1 SpMM CSR ALG2 [cuSPARSE 12.8.6],csr-alg2,cuSPARSE-SpMM-CSR,candidate,,,csr,csr,CUSPARSE_SPMM_CSR_ALG2,library-preprocess,spmm.csr.fp32,fp32,A100-SXM4-80GB,A100-SXM4-80GB,,19500.0,238ed034-08d6-5e0f-b7b4-c4d0b9e54f50,suitesparse_all,LPnetlib/lp_osa_14,lp_osa_14,2337,54797,317097,16,row-major,N,N,1.0,0.0,20260922,main,pass,pass,0,0,10147104.0,0.01385,0.0456703990698,0.0595203990698,0.0463628990698,222.18119847150345,170.48111502243825,218.8625863262647,1.1393907613923253,0.8742621283201961,1.1223722375705882,cuSPARSE 12.8.6,CUDA,13040,13000,2026-10-07T14:28:17.279329+00:00,source,csr-alg2,0,0,,,,5,20,4,true
3,full-20261009-A100-SXM4-80GB-spmm-fp32-cusparse-csr-alg2-n16-13.4.1,cuSPARSE-CUDA-13.4.1-SpMM-CSR-ALG2,cuSPARSE CUDA 13.4.1 SpMM CSR ALG2 [cuSPARSE 12.8.6],csr-alg2,cuSPARSE-SpMM-CSR,candidate,,,csr,csr,CUSPARSE_SPMM_CSR_ALG2,library-preprocess,spmm.csr.fp32,fp32,A100-SXM4-80GB,A100-SXM4-80GB,,19500.0,df2405bf-ab33-5b32-9511-7da1122118f9,suitesparse_all,LPnetlib/lp_osa_30,lp_osa_30,4350,104374,604488,16,row-major,N,N,1.0,0.0,20260922,main,pass,pass,0,0,19343616.0,0.04482,0.0694783985615,0.114298398561,0.0717193985615,278.4119438630651,169.23785672881925,269.7124681464344,1.4277535582721288,0.8678864447631756,1.383140862289407,cuSPARSE 12.8.6,CUDA,13040,13000,2026-10-08T09:34:44.196241+00:00,source,csr-alg2,0,0,,,,5,20,4,true
3,full-20261009-A100-SXM4-80GB-spmm-fp32-cusparse-csr-alg2-n16-13.4.1,cuSPARSE-CUDA-13.4.1-SpMM-CSR-ALG2,cuSPARSE CUDA 13.4.1 SpMM CSR ALG2 [cuSPARSE 12.8.6],csr-alg2,cuSPARSE-SpMM-CSR,candidate,,,csr,csr,CUSPARSE_SPMM_CSR_ALG2,library-preprocess,spmm.csr.fp32,fp32,A100-SXM4-80GB,A100-SXM4-80GB,,19500.0,2793479a-b9ba-5e32-964d-96d3a38ca48f,suitesparse_all,LPnetlib/lp_pds_02,lp_pds_02,2953,7716,16571,16,row-major,N,N,1.0,0.0,20260922,main,pass,pass,0,0,530272.0,0.02097,0.0238591998816,0.0448291998816,0.0249076998816,22.22505375835931,11.828718812749731,21.289480864177524,0.11397463465825286,0.06066009647563964,0.10917682494450012,cuSPARSE 12.8.6,CUDA,13040,13000,2026-10-07T08:52:38.793274+00:00,source,csr-alg2,0,0,,,,5,20,4,true
3,full-20261009-A100-SXM4-80GB-spmm-fp32-cusparse-csr-alg2-n16-13.4.1,cuSPARSE-CUDA-13.4.1-SpMM-CSR-ALG2,cuSPARSE CUDA 13.4.1 SpMM CSR ALG2 [cuSPARSE 12.8.6],csr-alg2,cuSPARSE-SpMM-CSR,candidate,,,csr,csr,CUSPARSE_SPMM_CSR_ALG2,library-preprocess,spmm.csr.fp32,fp32,A100-SXM4-80GB,A100-SXM4-80GB,,19500.0,238ed034-08d6-5e0f-b7b4-c4d0b9e54f50,suitesparse_all,LPnetlib/lp_pilot,lp_pilot,1441,4860,44375,16,row-major,N,N,1.0,0.0,20260922,main,pass,pass,0,0,1420000.0,0.0128,0.0186880007386,0.0314880007386,0.0193280007386,75.98458603798078,45.096543657637596,73.46854023883155,0.3896645437845168,0.23126432644942357,0.37676174481452074,cuSPARSE 12.8.6,CUDA,13040,13000,2026-10-07T14:28:18.079774+00:00,source,csr-alg2,0,0,,,,5,20,4,true
3,full-20261009-A100-SXM4-80GB-spmm-fp32-cusparse-csr-alg2-n16-13.4.1,cuSPARSE-CUDA-13.4.1-SpMM-CSR-ALG2,cuSPARSE CUDA 13.4.1 SpMM CSR ALG2 [cuSPARSE 12.8.6],csr-alg2,cuSPARSE-SpMM-CSR,candidate,,,csr,csr,CUSPARSE_SPMM_CSR_ALG2,library-preprocess,spmm.csr.fp32,fp32,A100-SXM4-80GB,A100-SXM4-80GB,,19500.0,df2405bf-ab33-5b32-9511-7da1122118f9,suitesparse_all,LPnetlib/lp_pilot4,lp_pilot4,410,1123,5264,16,row-major,N,N,1.0,0.0,20260922,main,pass,pass,0,0,168448.0,0.015831,0.0209408000112,0.0367718000112,0.0217323500112,8.044009775648833,4.580901667818652,7.751025540872869,0.04125133218281453,0.023491803424711036,0.039748848927553176,cuSPARSE 12.8.6,CUDA,13040,13000,2026-10-08T09:34:45.138739+00:00,source,csr-alg2,0,0,,,,5,20,4,true
3,full-20261009-A100-SXM4-80GB-spmm-fp32-cusparse-csr-alg2-n16-13.4.1,cuSPARSE-CUDA-13.4.1-SpMM-CSR-ALG2,cuSPARSE CUDA 13.4.1 SpMM CSR ALG2 [cuSPARSE 12.8.6],csr-alg2,cuSPARSE-SpMM-CSR,candidate,,,csr,csr,CUSPARSE_SPMM_CSR_ALG2,library-preprocess,spmm.csr.fp32,fp32,A100-SXM4-80GB,A100-SXM4-80GB,,19500.0,2793479a-b9ba-5e32-964d-96d3a38ca48f,suitesparse_all,LPnetlib/lp_pilot_ja,lp_pilot_ja,940,2267,14977,16,row-major,N,N,1.0,0.0,20260922,main,pass,pass,0,0,479264.0,0.01736,0.0217087998986,0.0390687998986,0.0225767998986,22.07694585783656,12.267179981056291,21.228163519743088,0.11321510696326441,0.06290861528746816,0.10886237702432353,cuSPARSE 12.8.6,CUDA,13040,13000,2026-10-07T08:52:39.638307+00:00,source,csr-alg2,0,0,,,,5,20,4,true
3,full-20261009-A100-SXM4-80GB-spmm-fp32-cusparse-csr-alg2-n16-13.4.1,cuSPARSE-CUDA-13.4.1-SpMM-CSR-ALG2,cuSPARSE CUDA 13.4.1 SpMM CSR ALG2 [cuSPARSE 12.8.6],csr-alg2,cuSPARSE-SpMM-CSR,candidate,,,csr,csr,CUSPARSE_SPMM_CSR_ALG2,library-preprocess,spmm.csr.fp32,fp32,A100-SXM4-80GB,A100-SXM4-80GB,,19500.0,238ed034-08d6-5e0f-b7b4-c4d0b9e54f50,suitesparse_all,LPnetlib/lp_qap8,lp_qap8,912,1632,7296,16,row-major,N,N,1.0,0.0,20260922,main,pass,pass,0,0,233472.0,0.01489,0.0173567995429,0.0322467995429,0.0181012995429,13.451327787875758,7.24016036659381,12.89807946919349,0.06898116814295262,0.037129027520993896,0.06614399727791534,cuSPARSE 12.8.6,CUDA,13040,13000,2026-10-07T14:28:18.810963+00:00,source,csr-alg2,0,0,,,,5,20,4,true
3,full-20261009-A100-SXM4-80GB-spmm-fp32-cusparse-csr-alg2-n16-13.4.1,cuSPARSE-CUDA-13.4.1-SpMM-CSR-ALG2,cuSPARSE CUDA 13.4.1 SpMM CSR ALG2 [cuSPARSE 12.8.6],csr-alg2,cuSPARSE-SpMM-CSR,candidate,,,csr,csr,CUSPARSE_SPMM_CSR_ALG2,library-preprocess,spmm.csr.fp32,fp32,A100-SXM4-80GB,A100-SXM4-80GB,,19500.0,df2405bf-ab33-5b32-9511-7da1122118f9,suitesparse_all,LPnetlib/lp_recipe,lp_recipe,91,204,687,16,row-major,N,N,1.0,0.0,20260922,main,pass,pass,0,0,21984.0,0.01418,0.0199680000544,0.0341480000544,0.0206770000544,1.1009615354621238,0.6437858722319916,1.0632103275214664,0.005645956592113455,0.0033014660114461104,0.005452360653956238,cuSPARSE 12.8.6,CUDA,13040,13000,2026-10-08T09:34:46.255847+00:00,source,csr-alg2,0,0,,,,5,20,4,true
3,full-20261009-A100-SXM4-80GB-spmm-fp32-cusparse-csr-alg2-n16-13.4.1,cuSPARSE-CUDA-13.4.1-SpMM-CSR-ALG2,cuSPARSE CUDA 13.4.1 SpMM CSR ALG2 [cuSPARSE 12.8.6],csr-alg2,cuSPARSE-SpMM-CSR,candidate,,,csr,csr,CUSPARSE_SPMM_CSR_ALG2,library-preprocess,spmm.csr.fp32,fp32,A100-SXM4-80GB,A100-SXM4-80GB,,19500.0,2793479a-b9ba-5e32-964d-96d3a38ca48f,suitesparse_all,LPnetlib/lp_sc205,lp_sc205,205,317,665,16,row-major,N,N,1.0,0.0,20260922,main,pass,pass,0,0,21280.0,0.01726,0.0196608006954,0.0369208006954,0.0205238006954,1.082356732550513,0.5763688652248351,1.03684499356737,0.005550547346412887,0.0029557377703837697,0.0053171538131660005,cuSPARSE 12.8.6,CUDA,13040,13000,2026-10-07T08:52:41.346020+00:00,source,csr-alg2,0,0,,,,5,20,4,true
3,full-20261009-A100-SXM4-80GB-spmm-fp32-cusparse-csr-alg2-n16-13.4.1,cuSPARSE-CUDA-13.4.1-SpMM-CSR-ALG2,cuSPARSE CUDA 13.4.1 SpMM CSR ALG2 [cuSPARSE 12.8.6],csr-alg2,cuSPARSE-SpMM-CSR,candidate,,,csr,csr,CUSPARSE_SPMM_CSR_ALG2,library-preprocess,spmm.csr.fp32,fp32,A100-SXM4-80GB,A100-SXM4-80GB,,19500.0,238ed034-08d6-5e0f-b7b4-c4d0b9e54f50,suitesparse_all,LPnetlib/lp_scfxm1,lp_scfxm1,330,600,2732,16,row-major,N,N,1.0,0.0,20260922,main,pass,pass,0,0,87424.0,0.01278,0.0178176000714,0.0305976000714,0.0184566000714,4.906609175740173,2.8572175528797903,4.736733724618684,0.025162098337129096,0.014652397707075847,0.024290942177531714,cuSPARSE 12.8.6,CUDA,13040,13000,2026-10-07T14:28:19.541053+00:00,source,csr-alg2,0,0,,,,5,20,4,true
3,full-20261009-A100-SXM4-80GB-spmm-fp32-cusparse-csr-alg2-n16-13.4.1,cuSPARSE-CUDA-13.4.1-SpMM-CSR-ALG2,cuSPARSE CUDA 13.4.1 SpMM CSR ALG2 [cuSPARSE 12.8.6],csr-alg2,cuSPARSE-SpMM-CSR,candidate,,,csr,csr,CUSPARSE_SPMM_CSR_ALG2,library-preprocess,spmm.csr.fp32,fp32,A100-SXM4-80GB,A100-SXM4-80GB,,19500.0,df2405bf-ab33-5b32-9511-7da1122118f9,suitesparse_all,LPnetlib/lp_scfxm2,lp_scfxm2,660,1200,5469,16,row-major,N,N,1.0,0.0,20260922,main,pass,pass,0,0,175008.0,0.01605,0.021913599968,0.037963599968,0.022716099968,7.98627337614818,4.609889476959942,7.704139365759636,0.04095524808281118,0.02364045885620483,0.039508407003895574,cuSPARSE 12.8.6,CUDA,13040,13000,2026-10-08T09:34:47.464462+00:00,source,csr-alg2,0,0,,,,5,20,4,true
3,full-20261009-A100-SXM4-80GB-spmm-fp32-cusparse-csr-alg2-n16-13.4.1,cuSPARSE-CUDA-13.4.1-SpMM-CSR-ALG2,cuSPARSE CUDA 13.4.1 SpMM CSR ALG2 [cuSPARSE 12.8.6],csr-alg2,cuSPARSE-SpMM-CSR,candidate,,,csr,csr,CUSPARSE_SPMM_CSR_ALG2,library-preprocess,spmm.csr.fp32,fp32,A100-SXM4-80GB,A100-SXM4-80GB,,19500.0,2793479a-b9ba-5e32-964d-96d3a38ca48f,suitesparse_all,LPnetlib/lp_scorpion,lp_scorpion,388,466,1534,16,row-major,N,N,1.0,0.0,20260922,main,pass,pass,0,0,49088.0,0.01883,0.0221696004272,0.0409996004272,0.0231111004272,2.214203190589474,1.197279960987961,2.1240009818929773,0.011354888156869096,0.0061398972358356965,0.010892312727656294,cuSPARSE 12.8.6,CUDA,13040,13000,2026-10-07T08:52:42.735255+00:00,source,csr-alg2,0,0,,,,5,20,4,true
3,full-20261009-A100-SXM4-80GB-spmm-fp32-cusparse-csr-alg2-n16-13.4.1,cuSPARSE-CUDA-13.4.1-SpMM-CSR-ALG2,cuSPARSE CUDA 13.4.1 SpMM CSR ALG2 [cuSPARSE 12.8.6],csr-alg2,cuSPARSE-SpMM-CSR,candidate,,,csr,csr,CUSPARSE_SPMM_CSR_ALG2,library-preprocess,spmm.csr.fp32,fp32,A100-SXM4-80GB,A100-SXM4-80GB,,19500.0,238ed034-08d6-5e0f-b7b4-c4d0b9e54f50,suitesparse_all,LPnetlib/lp_sctap1,lp_sctap1,300,660,1872,16,row-major,N,N,1.0,0.0,20260922,main,pass,pass,0,0,59904.0,0.0124,0.0172544002533,0.0296544002533,0.0178744002533,3.4718100380535124,2.0200712032047847,3.3513851738292826,0.017804154041300063,0.010359339503614281,0.01718659063502196,cuSPARSE 12.8.6,CUDA,13040,13000,2026-10-07T14:28:20.272210+00:00,source,csr-alg2,0,0,,,,5,20,4,true
3,full-20261009-A100-SXM4-80GB-spmm-fp32-cusparse-csr-alg2-n16-13.4.1,cuSPARSE-CUDA-13.4.1-SpMM-CSR-ALG2,cuSPARSE CUDA 13.4.1 SpMM CSR ALG2 [cuSPARSE 12.8.6],csr-alg2,cuSPARSE-SpMM-CSR,candidate,,,csr,csr,CUSPARSE_SPMM_CSR_ALG2,library-preprocess,spmm.csr.fp32,fp32,A100-SXM4-80GB,A100-SXM4-80GB,,19500.0,df2405bf-ab33-5b32-9511-7da1122118f9,suitesparse_all,LPnetlib/lp_sctap2,lp_sctap2,1090,2500,7334,16,row-major,N,N,1.0,0.0,20260922,main,pass,pass,0,0,234688.0,0.014369,0.0218623995781,0.0362313995781,0.0225808495781,10.73477772472385,6.477475414498111,10.393231627016009,0.055050142178071026,0.03321782263845185,0.053298623728287225,cuSPARSE 12.8.6,CUDA,13040,13000,2026-10-08T09:34:48.335176+00:00,source,csr-alg2,0,0,,,,5,20,4,true
3,full-20261009-A100-SXM4-80GB-spmm-fp32-cusparse-csr-alg2-n16-13.4.1,cuSPARSE-CUDA-13.4.1-SpMM-CSR-ALG2,cuSPARSE CUDA 13.4.1 SpMM CSR ALG2 [cuSPARSE 12.8.6],csr-alg2,cuSPARSE-SpMM-CSR,candidate,,,csr,csr,CUSPARSE_SPMM_CSR_ALG2,library-preprocess,spmm.csr.fp32,fp32,A100-SXM4-80GB,A100-SXM4-80GB,,19500.0,2793479a-b9ba-5e32-964d-96d3a38ca48f,suitesparse_all,LPnetlib/lp_share1b,lp_share1b,117,253,1179,16,row-major,N,N,1.0,0.0,20260922,main,pass,pass,0,0,37728.0,0.01514,0.0195503994823,0.0346903994823,0.0203073994823,1.9297815389479447,1.0875631460874315,1.857844970887772,0.009896315584348434,0.00557724690301247,0.009527410107116779,cuSPARSE 12.8.6,CUDA,13040,13000,2026-10-07T08:52:43.774686+00:00,source,csr-alg2,0,0,,,,5,20,4,true
3,full-20261009-A100-SXM4-80GB-spmm-fp32-cusparse-csr-alg2-n16-13.4.1,cuSPARSE-CUDA-13.4.1-SpMM-CSR-ALG2,cuSPARSE CUDA 13.4.1 SpMM CSR ALG2 [cuSPARSE 12.8.6],csr-alg2,cuSPARSE-SpMM-CSR,candidate,,,csr,csr,CUSPARSE_SPMM_CSR_ALG2,library-preprocess,spmm.csr.fp32,fp32,A100-SXM4-80GB,A100-SXM4-80GB,,19500.0,238ed034-08d6-5e0f-b7b4-c4d0b9e54f50,suitesparse_all,LPnetlib/lp_ship08l,lp_ship08l,778,4363,12882,16,row-major,N,N,1.0,0.0,20260922,main,pass,pass,0,0,412224.0,0.01312,0.0177663996816,0.0308863996816,0.0184223996816,23.20244998354535,13.346456830498596,22.376238010497772,0.11898692299254025,0.06844336836153125,0.1147499385153732,cuSPARSE 12.8.6,CUDA,13040,13000,2026-10-07T14:28:21.023774+00:00,source,csr-alg2,0,0,,,,5,20,4,true
3,full-20261009-A100-SXM4-80GB-spmm-fp32-cusparse-csr-alg2-n16-13.4.1,cuSPARSE-CUDA-13.4.1-SpMM-CSR-ALG2,cuSPARSE CUDA 13.4.1 SpMM CSR ALG2 [cuSPARSE 12.8.6],csr-alg2,cuSPARSE-SpMM-CSR,candidate,,,csr,csr,CUSPARSE_SPMM_CSR_ALG2,library-preprocess,spmm.csr.fp32,fp32,A100-SXM4-80GB,A100-SXM4-80GB,,19500.0,df2405bf-ab33-5b32-9511-7da1122118f9,suitesparse_all,LPnetlib/lp_ship08s,lp_ship08s,778,2467,7194,16,row-major,N,N,1.0,0.0,20260922,main,pass,pass,0,0,230208.0,0.01913,0.0225792005658,0.0417092005658,0.0235357005658,10.195577975807025,5.519357764645387,9.78122573221882,0.052285015260548844,0.02830439879305327,0.05016013196009651,cuSPARSE 12.8.6,CUDA,13040,13000,2026-10-08T09:34:49.234204+00:00,source,csr-alg2,0,0,,,,5,20,4,true
3,full-20261009-A100-SXM4-80GB-spmm-fp32-cusparse-csr-alg2-n16-13.4.1,cuSPARSE-CUDA-13.4.1-SpMM-CSR-ALG2,cuSPARSE CUDA 13.4.1 SpMM CSR ALG2 [cuSPARSE 12.8.6],csr-alg2,cuSPARSE-SpMM-CSR,candidate,,,csr,csr,CUSPARSE_SPMM_CSR_ALG2,library-preprocess,spmm.csr.fp32,fp32,A100-SXM4-80GB,A100-SXM4-80GB,,19500.0,2793479a-b9ba-5e32-964d-96d3a38ca48f,suitesparse_all,LPnetlib/lp_ship12s,lp_ship12s,1151,2869,8284,16,row-major,N,N,1.0,0.0,20260922,main,pass,pass,0,0,265088.0,0.01491,0.0243376001716,0.0392476001716,0.0250831001716,10.89211746971405,6.7542473639399905,10.568390597113762,0.055857012665200254,0.03463716596892303,0.05419687485699365,cuSPARSE 12.8.6,CUDA,13040,13000,2026-10-07T08:52:44.393386+00:00,source,csr-alg2,0,0,,,,5,20,4,true
3,full-20261009-A100-SXM4-80GB-spmm-fp32-cusparse-csr-alg2-n16-13.4.1,cuSPARSE-CUDA-13.4.1-SpMM-CSR-ALG2,cuSPARSE CUDA 13.4.1 SpMM CSR ALG2 [cuSPARSE 12.8.6],csr-alg2,cuSPARSE-SpMM-CSR,candidate,,,csr,csr,CUSPARSE_SPMM_CSR_ALG2,library-preprocess,spmm.csr.fp32,fp32,A100-SXM4-80GB,A100-SXM4-80GB,,19500.0,238ed034-08d6-5e0f-b7b4-c4d0b9e54f50,suitesparse_all,LPnetlib/lp_standmps,lp_standmps,467,1274,3878,16,row-major,N,N,1.0,0.0,20260922,main,pass,pass,0,0,124096.0,0.01329,0.017664000392,0.030954000392,0.018328500392,7.025362162933538,4.0090456299171064,6.770657574046007,0.036027498271454045,0.020559208358549262,0.03472132089254363,cuSPARSE 12.8.6,CUDA,13040,13000,2026-10-07T14:28:21.721337+00:00,source,csr-alg2,0,0,,,,5,20,4,true
3,full-20261009-A100-SXM4-80GB-spmm-fp32-cusparse-csr-alg2-n16-13.4.1,cuSPARSE-CUDA-13.4.1-SpMM-CSR-ALG2,cuSPARSE CUDA 13.4.1 SpMM CSR ALG2 [cuSPARSE 12.8.6],csr-alg2,cuSPARSE-SpMM-CSR,candidate,,,csr,csr,CUSPARSE_SPMM_CSR_ALG2,library-preprocess,spmm.csr.fp32,fp32,A100-SXM4-80GB,A100-SXM4-80GB,,19500.0,df2405bf-ab33-5b32-9511-7da1122118f9,suitesparse_all,LPnetlib/lp_stocfor1,lp_stocfor1,117,165,501,16,row-major,N,N,1.0,0.0,20260922,main,pass,pass,0,0,16032.0,0.014411,0.0193023994565,0.0337133994565,0.0200229494565,0.8305703151636566,0.4755379243403175,0.800681240035572,0.004259334949557213,0.0024386560222580387,0.004106057641208061,cuSPARSE 12.8.6,CUDA,13040,13000,2026-10-08T09:34:50.023197+00:00,source,csr-alg2,0,0,,,,5,20,4,true
3,full-20261009-A100-SXM4-80GB-spmm-fp32-cusparse-csr-alg2-n16-13.4.1,cuSPARSE-CUDA-13.4.1-SpMM-CSR-ALG2,cuSPARSE CUDA 13.4.1 SpMM CSR ALG2 [cuSPARSE 12.8.6],csr-alg2,cuSPARSE-SpMM-CSR,candidate,,,csr,csr,CUSPARSE_SPMM_CSR_ALG2,library-preprocess,spmm.csr.fp32,fp32,A100-SXM4-80GB,A100-SXM4-80GB,,19500.0,2793479a-b9ba-5e32-964d-96d3a38ca48f,suitesparse_all,LPnetlib/lp_stocfor3,lp_stocfor3,16675,23541,76473,16,row-major,N,N,1.0,0.0,20260922,main,pass,pass,0,0,2447136.0,0.03588,0.030780801177,0.066660801177,0.032574801177,79.50202419775046,36.71026985562748,75.12358975587064,0.4077026881935921,0.188257794131423,0.385249178235234,cuSPARSE 12.8.6,CUDA,13040,13000,2026-10-07T08:52:45.615182+00:00,source,csr-alg2,0,0,,,,5,20,4,true
3,full-20261009-A100-SXM4-80GB-spmm-fp32-cusparse-csr-alg2-n16-13.4.1,cuSPARSE-CUDA-13.4.1-SpMM-CSR-ALG2,cuSPARSE CUDA 13.4.1 SpMM CSR ALG2 [cuSPARSE 12.8.6],csr-alg2,cuSPARSE-SpMM-CSR,candidate,,,csr,csr,CUSPARSE_SPMM_CSR_ALG2,library-preprocess,spmm.csr.fp32,fp32,A100-SXM4-80GB,A100-SXM4-80GB,,19500.0,238ed034-08d6-5e0f-b7b4-c4d0b9e54f50,suitesparse_all,LPnetlib/lp_woodw,lp_woodw,1098,8418,37487,16,row-major,N,N,1.0,0.0,20260922,main,pass,pass,0,0,1199584.0,0.01319,0.0183807998896,0.0315707998896,0.0190402998896,65.26288340034287,37.99662993002483,63.00236902545976,0.33468145333509164,0.1948545124616658,0.3230890719254346,cuSPARSE 12.8.6,CUDA,13040,13000,2026-10-07T14:28:22.511804+00:00,source,csr-alg2,0,0,,,,5,20,4,true
3,full-20261009-A100-SXM4-80GB-spmm-fp32-cusparse-csr-alg2-n16-13.4.1,cuSPARSE-CUDA-13.4.1-SpMM-CSR-ALG2,cuSPARSE CUDA 13.4.1 SpMM CSR ALG2 [cuSPARSE 12.8.6],csr-alg2,cuSPARSE-SpMM-CSR,candidate,,,csr,csr,CUSPARSE_SPMM_CSR_ALG2,library-preprocess,spmm.csr.fp32,fp32,A100-SXM4-80GB,A100-SXM4-80GB,,19500.0,df2405bf-ab33-5b32-9511-7da1122118f9,suitesparse_all,LPnetlib/lpi_bgdbg1,lpi_bgdbg1,348,629,1662,16,row-major,N,N,1.0,0.0,20260922,main,pass,pass,0,0,53184.0,0.01459,0.0214016005397,0.0359916005397,0.0221311005397,2.4850477842226613,1.4776781027377814,2.403133992572831,0.012743834790885443,0.007577836424296315,0.012323764064476057,cuSPARSE 12.8.6,CUDA,13040,13000,2026-10-08T09:34:50.871748+00:00,source,csr-alg2,0,0,,,,5,20,4,true
3,full-20261009-A100-SXM4-80GB-spmm-fp32-cusparse-csr-alg2-n16-13.4.1,cuSPARSE-CUDA-13.4.1-SpMM-CSR-ALG2,cuSPARSE CUDA 13.4.1 SpMM CSR ALG2 [cuSPARSE 12.8.6],csr-alg2,cuSPARSE-SpMM-CSR,candidate,,,csr,csr,CUSPARSE_SPMM_CSR_ALG2,library-preprocess,spmm.csr.fp32,fp32,A100-SXM4-80GB,A100-SXM4-80GB,,19500.0,2793479a-b9ba-5e32-964d-96d3a38ca48f,suitesparse_all,LPnetlib/lpi_bgindy,lpi_bgindy,2671,10880,66266,16,row-major,N,N,1.0,0.0,20260922,main,pass,pass,0,0,2120512.0,0.03784,0.0240063995123,0.0618463995123,0.0258983995123,88.33111349802903,34.28674937784007,81.87810984199619,0.45298006922066164,0.17582948398892342,0.41988774277946767,cuSPARSE 12.8.6,CUDA,13040,13000,2026-10-07T08:52:47.198482+00:00,source,csr-alg2,0,0,,,,5,20,4,true
3,full-20261009-A100-SXM4-80GB-spmm-fp32-cusparse-csr-alg2-n16-13.4.1,cuSPARSE-CUDA-13.4.1-SpMM-CSR-ALG2,cuSPARSE CUDA 13.4.1 SpMM CSR ALG2 [cuSPARSE 12.8.6],csr-alg2,cuSPARSE-SpMM-CSR,candidate,,,csr,csr,CUSPARSE_SPMM_CSR_ALG2,library-preprocess,spmm.csr.fp32,fp32,A100-SXM4-80GB,A100-SXM4-80GB,,19500.0,238ed034-08d6-5e0f-b7b4-c4d0b9e54f50,suitesparse_all,LPnetlib/lpi_cplex1,lpi_cplex1,3005,5224,10947,16,row-major,N,N,1.0,0.0,20260922,main,pass,pass,0,0,350304.0,0.01398,0.0199680000544,0.0339480000544,0.0206670000544,17.543269182975067,10.31884056317471,16.94992011796218,0.08996548298961572,0.052917131093203645,0.08692266727160092,cuSPARSE 12.8.6,CUDA,13040,13000,2026-10-07T14:28:23.264648+00:00,source,csr-alg2,0,0,,,,5,20,4,true
3,full-20261009-A100-SXM4-80GB-spmm-fp32-cusparse-csr-alg2-n16-13.4.1,cuSPARSE-CUDA-13.4.1-SpMM-CSR-ALG2,cuSPARSE CUDA 13.4.1 SpMM CSR ALG2 [cuSPARSE 12.8.6],csr-alg2,cuSPARSE-SpMM-CSR,candidate,,,csr,csr,CUSPARSE_SPMM_CSR_ALG2,library-preprocess,spmm.csr.fp32,fp32,A100-SXM4-80GB,A100-SXM4-80GB,,19500.0,df2405bf-ab33-5b32-9511-7da1122118f9,suitesparse_all,LPnetlib/lpi_cplex2,lpi_cplex2,224,378,1215,16,row-major,N,N,1.0,0.0,20260922,main,pass,pass,0,0,38880.0,0.01848,0.0197119995952,0.0381919995952,0.0206359995952,1.972402637907294,1.0180142546107085,1.8840861001491596,0.010114885322601509,0.005220585921080556,0.00966198000076492,cuSPARSE 12.8.6,CUDA,13040,13000,2026-10-08T09:34:51.445066+00:00,source,csr-alg2,0,0,,,,5,20,4,true
3,full-20261009-A100-SXM4-80GB-spmm-fp32-cusparse-csr-alg2-n16-13.4.1,cuSPARSE-CUDA-13.4.1-SpMM-CSR-ALG2,cuSPARSE CUDA 13.4.1 SpMM CSR ALG2 [cuSPARSE 12.8.6],csr-alg2,cuSPARSE-SpMM-CSR,candidate,,,csr,csr,CUSPARSE_SPMM_CSR_ALG2,library-preprocess,spmm.csr.fp32,fp32,A100-SXM4-80GB,A100-SXM4-80GB,,19500.0,2793479a-b9ba-5e32-964d-96d3a38ca48f,suitesparse_all,LPnetlib/lpi_ex73a,lpi_ex73a,193,211,457,16,row-major,N,N,1.0,0.0,20260922,main,pass,pass,0,0,14624.0,0.01419,0.0171008005738,0.0312908005738,0.0178103005738,0.8551646419645005,0.4673578090630501,0.821097877568263,0.004385459702382053,0.0023967067131438467,0.004210758346503913,cuSPARSE 12.8.6,CUDA,13040,13000,2026-10-07T08:52:48.708344+00:00,source,csr-alg2,0,0,,,,5,20,4,true
3,full-20261009-A100-SXM4-80GB-spmm-fp32-cusparse-csr-alg2-n16-13.4.1,cuSPARSE-CUDA-13.4.1-SpMM-CSR-ALG2,cuSPARSE CUDA 13.4.1 SpMM CSR ALG2 [cuSPARSE 12.8.6],csr-alg2,cuSPARSE-SpMM-CSR,candidate,,,csr,csr,CUSPARSE_SPMM_CSR_ALG2,library-preprocess,spmm.csr.fp32,fp32,A100-SXM4-80GB,A100-SXM4-80GB,,19500.0,238ed034-08d6-5e0f-b7b4-c4d0b9e54f50,suitesparse_all,LPnetlib/lpi_greenbea,lpi_greenbea,2393,5596,31074,16,row-major,N,N,1.0,0.0,20260922,main,pass,pass,0,0,994368.0,0.01247,0.0201728001237,0.0326428001237,0.0207963001237,49.292512388092696,30.46209259719874,47.81465905403012,0.25278211481073176,0.15621585947281405,0.24520337976425702,cuSPARSE 12.8.6,CUDA,13040,13000,2026-10-07T14:28:24.379298+00:00,source,csr-alg2,0,0,,,,5,20,4,true
3,full-20261009-A100-SXM4-80GB-spmm-fp32-cusparse-csr-alg2-n16-13.4.1,cuSPARSE-CUDA-13.4.1-SpMM-CSR-ALG2,cuSPARSE CUDA 13.4.1 SpMM CSR ALG2 [cuSPARSE 12.8.6],csr-alg2,cuSPARSE-SpMM-CSR,candidate,,,csr,csr,CUSPARSE_SPMM_CSR_ALG2,library-preprocess,spmm.csr.fp32,fp32,A100-SXM4-80GB,A100-SXM4-80GB,,19500.0,df2405bf-ab33-5b32-9511-7da1122118f9,suitesparse_all,LPnetlib/lpi_itest2,lpi_itest2,9,13,26,16,row-major,N,N,1.0,0.0,20260922,main,pass,pass,0,0,832.0,0.01896,0.0162816002965,0.0352416002965,0.0172296002965,0.05110062800023731,0.02360846252724311,0.048288990207684124,0.00026205450256531956,0.00012106903860124673,0.0002476358472188929,cuSPARSE 12.8.6,CUDA,13040,13000,2026-10-08T09:34:52.240502+00:00,source,csr-alg2,0,0,,,,5,20,4,true
3,full-20261009-A100-SXM4-80GB-spmm-fp32-cusparse-csr-alg2-n16-13.4.1,cuSPARSE-CUDA-13.4.1-SpMM-CSR-ALG2,cuSPARSE CUDA 13.4.1 SpMM CSR ALG2 [cuSPARSE 12.8.6],csr-alg2,cuSPARSE-SpMM-CSR,candidate,,,csr,csr,CUSPARSE_SPMM_CSR_ALG2,library-preprocess,spmm.csr.fp32,fp32,A100-SXM4-80GB,A100-SXM4-80GB,,19500.0,2793479a-b9ba-5e32-964d-96d3a38ca48f,suitesparse_all,LPnetlib/lpi_klein1,lpi_klein1,54,108,750,16,row-major,N,N,1.0,0.0,20260922,main,pass,pass,0,0,24000.0,0.017909,0.0148479998112,0.0327569998112,0.0157434498112,1.6163793308979268,0.7326678309469026,1.5244435170064337,0.008289124773835522,0.0037572709279328335,0.007817659061571454,cuSPARSE 12.8.6,CUDA,13040,13000,2026-10-07T08:52:49.274691+00:00,source,csr-alg2,0,0,,,,5,20,4,true
3,full-20261009-A100-SXM4-80GB-spmm-fp32-cusparse-csr-alg2-n16-13.4.1,cuSPARSE-CUDA-13.4.1-SpMM-CSR-ALG2,cuSPARSE CUDA 13.4.1 SpMM CSR ALG2 [cuSPARSE 12.8.6],csr-alg2,cuSPARSE-SpMM-CSR,candidate,,,csr,csr,CUSPARSE_SPMM_CSR_ALG2,library-preprocess,spmm.csr.fp32,fp32,A100-SXM4-80GB,A100-SXM4-80GB,,19500.0,238ed034-08d6-5e0f-b7b4-c4d0b9e54f50,suitesparse_all,LPnetlib/lpi_pilot4i,lpi_pilot4i,410,1123,5264,16,row-major,N,N,1.0,0.0,20260922,main,pass,pass,0,0,168448.0,0.01446,0.0175615996122,0.0320215996122,0.0182845996122,9.591836946503415,5.260449260499233,9.212561585849917,0.049188907417966235,0.026976662874355045,0.047243905568461114,cuSPARSE 12.8.6,CUDA,13040,13000,2026-10-07T14:28:25.094711+00:00,source,csr-alg2,0,0,,,,5,20,4,true
3,full-20261009-A100-SXM4-80GB-spmm-fp32-cusparse-csr-alg2-n16-13.4.1,cuSPARSE-CUDA-13.4.1-SpMM-CSR-ALG2,cuSPARSE CUDA 13.4.1 SpMM CSR ALG2 [cuSPARSE 12.8.6],csr-alg2,cuSPARSE-SpMM-CSR,candidate,,,csr,csr,CUSPARSE_SPMM_CSR_ALG2,library-preprocess,spmm.csr.fp32,fp32,A100-SXM4-80GB,A100-SXM4-80GB,,19500.0,df2405bf-ab33-5b32-9511-7da1122118f9,suitesparse_all,LPnetlib/lpi_qual,lpi_qual,323,464,1646,16,row-major,N,N,1.0,0.0,20260922,main,pass,pass,0,0,52672.0,0.01369,0.0214527994394,0.0351427994394,0.0221372994394,2.4552506608187983,1.498799208948258,2.3793326798595085,0.012591029029839992,0.0076861497894782456,0.012201706050561582,cuSPARSE 12.8.6,CUDA,13040,13000,2026-10-08T09:34:52.807547+00:00,source,csr-alg2,0,0,,,,5,20,4,true
3,full-20261009-A100-SXM4-80GB-spmm-fp32-cusparse-csr-alg2-n16-13.4.1,cuSPARSE-CUDA-13.4.1-SpMM-CSR-ALG2,cuSPARSE CUDA 13.4.1 SpMM CSR ALG2 [cuSPARSE 12.8.6],csr-alg2,cuSPARSE-SpMM-CSR,candidate,,,csr,csr,CUSPARSE_SPMM_CSR_ALG2,library-preprocess,spmm.csr.fp32,fp32,A100-SXM4-80GB,A100-SXM4-80GB,,19500.0,2793479a-b9ba-5e32-964d-96d3a38ca48f,suitesparse_all,LPnetlib/lpi_refinery,lpi_refinery,323,464,1626,16,row-major,N,N,1.0,0.0,20260922,main,pass,pass,0,0,52032.0,0.01437,0.0183295994997,0.0326995994997,0.0190480994997,2.838687228318961,1.5912121492643165,2.731611098567576,0.014557370401635695,0.008160062303919573,0.014008262043936287,cuSPARSE 12.8.6,CUDA,13040,13000,2026-10-07T08:52:50.234698+00:00,source,csr-alg2,0,0,,,,5,20,4,true
3,full-20261009-A100-SXM4-80GB-spmm-fp32-cusparse-csr-alg2-n16-13.4.1,cuSPARSE-CUDA-13.4.1-SpMM-CSR-ALG2,cuSPARSE CUDA 13.4.1 SpMM CSR ALG2 [cuSPARSE 12.8.6],csr-alg2,cuSPARSE-SpMM-CSR,candidate,,,csr,csr,CUSPARSE_SPMM_CSR_ALG2,library-preprocess,spmm.csr.fp32,fp32,A100-SXM4-80GB,A100-SXM4-80GB,,19500.0,df2405bf-ab33-5b32-9511-7da1122118f9,suitesparse_all,LeGresley/LeGresley_2508,LeGresley_2508,2508,2508,16727,16,row-major,N,N,1.0,0.0,20260922,main,pass,pass,0,0,535264.0,0.01279,0.0234495997429,0.0362395997429,0.0240890997429,22.8261465384741,14.770141055569134,22.220174506843627,0.11705716173576461,0.07574431310548274,0.11394961285560834,cuSPARSE 12.8.6,CUDA,13040,13000,2026-10-08T11:03:36.390122+00:00,source,csr-alg2,0,0,,,,5,20,4,true
3,full-20261009-A100-SXM4-80GB-spmm-fp32-cusparse-csr-alg2-n16-13.4.1,cuSPARSE-CUDA-13.4.1-SpMM-CSR-ALG2,cuSPARSE CUDA 13.4.1 SpMM CSR ALG2 [cuSPARSE 12.8.6],csr-alg2,cuSPARSE-SpMM-CSR,candidate,,,csr,csr,CUSPARSE_SPMM_CSR_ALG2,library-preprocess,spmm.csr.fp32,fp32,A100-SXM4-80GB,A100-SXM4-80GB,,19500.0,2793479a-b9ba-5e32-964d-96d3a38ca48f,suitesparse_all,LeGresley/LeGresley_87936,LeGresley_87936,87936,87936,593276,16,row-major,N,N,1.0,0.0,20260922,main,pass,pass,0,0,18984832.0,0.05132,0.107315194607,0.158635194607,0.109881194607,176.9072130887386,119.67604066066602,172.77598835634217,0.9072164773781467,0.613723285439313,0.8860307095197034,cuSPARSE 12.8.6,CUDA,13040,13000,2026-10-07T10:17:31.655875+00:00,source,csr-alg2,0,0,,,,5,20,4,true
3,full-20261009-A100-SXM4-80GB-spmm-fp32-cusparse-csr-alg2-n16-13.4.1,cuSPARSE-CUDA-13.4.1-SpMM-CSR-ALG2,cuSPARSE CUDA 13.4.1 SpMM CSR ALG2 [cuSPARSE 12.8.6],csr-alg2,cuSPARSE-SpMM-CSR,candidate,,,csr,csr,CUSPARSE_SPMM_CSR_ALG2,library-preprocess,spmm.csr.fp32,fp32,A100-SXM4-80GB,A100-SXM4-80GB,,19500.0,238ed034-08d6-5e0f-b7b4-c4d0b9e54f50,suitesparse_all,Lee/fem_filter,fem_filter,74062,74062,1731206,16,row-major,N,N,1.0,0.0,20260922,main,pass,pass,0,0,55398592.0,0.04686,0.217600011826,0.264460011826,0.219943011826,254.58910381079622,209.47814233801515,251.87702732663587,1.3055851477476728,1.074246883784693,1.2916770632135173,cuSPARSE 12.8.6,CUDA,13040,13000,2026-10-07T14:41:44.619242+00:00,source,csr-alg2,0,0,,,,5,20,4,true
3,full-20261009-A100-SXM4-80GB-spmm-fp32-cusparse-csr-alg2-n16-13.4.1,cuSPARSE-CUDA-13.4.1-SpMM-CSR-ALG2,cuSPARSE CUDA 13.4.1 SpMM CSR ALG2 [cuSPARSE 12.8.6],csr-alg2,cuSPARSE-SpMM-CSR,candidate,,,csr,csr,CUSPARSE_SPMM_CSR_ALG2,library-preprocess,spmm.csr.fp32,fp32,A100-SXM4-80GB,A100-SXM4-80GB,,19500.0,238ed034-08d6-5e0f-b7b4-c4d0b9e54f50,suitesparse_all,Lee/fem_hifreq_circuit,fem_hifreq_circuit,491100,491100,20239237,16,row-major,N,N,1.0,0.0,20260922,main,pass,pass,0,0,647655584.0,0.66347,2.39436798096,3.05783798096,2.42754148096,270.491248275183,211.80179853632086,266.7948577108874,1.3871346065394001,1.08616306941703,1.3681787574917303,cuSPARSE 12.8.6,CUDA,13040,13000,2026-10-07T14:50:05.693376+00:00,source,csr-alg2,0,0,,,,5,20,4,true
3,full-20261009-A100-SXM4-80GB-spmm-fp32-cusparse-csr-alg2-n16-13.4.1,cuSPARSE-CUDA-13.4.1-SpMM-CSR-ALG2,cuSPARSE CUDA 13.4.1 SpMM CSR ALG2 [cuSPARSE 12.8.6],csr-alg2,cuSPARSE-SpMM-CSR,candidate,,,csr,csr,CUSPARSE_SPMM_CSR_ALG2,library-preprocess,spmm.csr.fp32,fp32,A100-SXM4-80GB,A100-SXM4-80GB,,19500.0,238ed034-08d6-5e0f-b7b4-c4d0b9e54f50,suitesparse_all,Lucifora/cell1,cell1,7055,7055,34855,16,row-major,N,N,1.0,0.0,20260922,main,pass,pass,0,0,1115360.0,0.01451,0.0194560006261,0.0339660006261,0.0201815006261,57.32730078676897,32.837542820479726,55.26645518904306,0.2939861578808665,0.1683976554896396,0.2834177189181695,cuSPARSE 12.8.6,CUDA,13040,13000,2026-10-07T14:29:41.418053+00:00,source,csr-alg2,0,0,,,,5,20,4,true
3,full-20261009-A100-SXM4-80GB-spmm-fp32-cusparse-csr-alg2-n16-13.4.1,cuSPARSE-CUDA-13.4.1-SpMM-CSR-ALG2,cuSPARSE CUDA 13.4.1 SpMM CSR ALG2 [cuSPARSE 12.8.6],csr-alg2,cuSPARSE-SpMM-CSR,candidate,,,csr,csr,CUSPARSE_SPMM_CSR_ALG2,library-preprocess,spmm.csr.fp32,fp32,A100-SXM4-80GB,A100-SXM4-80GB,,19500.0,df2405bf-ab33-5b32-9511-7da1122118f9,suitesparse_all,Lucifora/cell2,cell2,7055,7055,34855,16,row-major,N,N,1.0,0.0,20260922,main,pass,pass,0,0,1115360.0,0.0149,0.0234495997429,0.0383495997429,0.0241945997429,47.56413807607549,29.08400628631063,46.09954336307245,0.24391865680038713,0.14914875018620835,0.23640791468242278,cuSPARSE 12.8.6,CUDA,13040,13000,2026-10-08T09:36:22.395848+00:00,source,csr-alg2,0,0,,,,5,20,4,true
3,full-20261009-A100-SXM4-80GB-spmm-fp32-cusparse-csr-alg2-n16-13.4.1,cuSPARSE-CUDA-13.4.1-SpMM-CSR-ALG2,cuSPARSE CUDA 13.4.1 SpMM CSR ALG2 [cuSPARSE 12.8.6],csr-alg2,cuSPARSE-SpMM-CSR,candidate,,,csr,csr,CUSPARSE_SPMM_CSR_ALG2,library-preprocess,spmm.csr.fp32,fp32,A100-SXM4-80GB,A100-SXM4-80GB,,19500.0,df2405bf-ab33-5b32-9511-7da1122118f9,suitesparse_all,Luong/photogrammetry,photogrammetry,1388,390,11816,16,row-major,N,N,1.0,0.0,20260922,main,pass,pass,0,0,378112.0,0.01595,0.0198655992746,0.0358155992746,0.0206630992746,19.033505849654937,10.557187584688904,18.29890061384896,0.09760772230592275,0.05413942351122516,0.09384051596845622,cuSPARSE 12.8.6,CUDA,13040,13000,2026-10-08T09:45:28.243613+00:00,source,csr-alg2,0,0,,,,5,20,4,true
3,full-20261009-A100-SXM4-80GB-spmm-fp32-cusparse-csr-alg2-n16-13.4.1,cuSPARSE-CUDA-13.4.1-SpMM-CSR-ALG2,cuSPARSE CUDA 13.4.1 SpMM CSR ALG2 [cuSPARSE 12.8.6],csr-alg2,cuSPARSE-SpMM-CSR,candidate,,,csr,csr,CUSPARSE_SPMM_CSR_ALG2,library-preprocess,spmm.csr.fp32,fp32,A100-SXM4-80GB,A100-SXM4-80GB,,19500.0,238ed034-08d6-5e0f-b7b4-c4d0b9e54f50,suitesparse_all,Luong/photogrammetry2,photogrammetry2,4472,936,37056,16,row-major,N,N,1.0,0.0,20260922,main,pass,pass,0,0,1185792.0,0.02612,0.0181247994304,0.0442447994304,0.0194307994304,65.4237308696017,26.800709128884836,61.02641346525337,0.3355063121518036,0.13743953399428122,0.31295596648847884,cuSPARSE 12.8.6,CUDA,13040,13000,2026-10-07T14:46:22.828402+00:00,source,csr-alg2,0,0,,,,5,20,4,true
3,full-20261009-A100-SXM4-80GB-spmm-fp32-cusparse-csr-alg2-n16-13.4.1,cuSPARSE-CUDA-13.4.1-SpMM-CSR-ALG2,cuSPARSE CUDA 13.4.1 SpMM CSR ALG2 [cuSPARSE 12.8.6],csr-alg2,cuSPARSE-SpMM-CSR,candidate,,,csr,csr,CUSPARSE_SPMM_CSR_ALG2,library-preprocess,spmm.csr.fp32,fp32,A100-SXM4-80GB,A100-SXM4-80GB,,19500.0,2793479a-b9ba-5e32-964d-96d3a38ca48f,suitesparse_all,MAWI/mawi_201512020000,mawi_201512020000,35991342,35991342,74485420,16,row-major,N,N,1.0,0.0,20260922,main,pass,pass,0,0,2383533440.0,0.417991,15.1026687622,15.5206597622,15.1235683122,157.82200335120052,153.57165716659858,157.60390608856721,0.8093436069292335,0.7875469598287107,0.8082251594285498,cuSPARSE 12.8.6,CUDA,13040,13000,2026-10-07T10:28:37.490637+00:00,source,csr-alg2,0,0,,,,5,20,4,true
3,full-20261009-A100-SXM4-80GB-spmm-fp32-cusparse-csr-alg2-n16-13.4.1,cuSPARSE-CUDA-13.4.1-SpMM-CSR-ALG2,cuSPARSE CUDA 13.4.1 SpMM CSR ALG2 [cuSPARSE 12.8.6],csr-alg2,cuSPARSE-SpMM-CSR,candidate,,,csr,csr,CUSPARSE_SPMM_CSR_ALG2,library-preprocess,spmm.csr.fp32,fp32,A100-SXM4-80GB,A100-SXM4-80GB,,19500.0,2793479a-b9ba-5e32-964d-96d3a38ca48f,suitesparse_all,ML_Graph/Binaryalphadigs_10NN,Binaryalphadigs_10NN,1404,1404,19392,16,row-major,N,N,1.0,0.0,20260922,main,pass,pass,0,0,620544.0,0.01479,0.021606400609,0.036396400609,0.022345900609,28.720378337404174,17.049598026639856,27.769925717385078,0.14728399147386756,0.08743383603405055,0.14240987547376963,cuSPARSE 12.8.6,CUDA,13040,13000,2026-10-07T10:53:29.516969+00:00,source,csr-alg2,0,0,,,,5,20,4,true
3,full-20261009-A100-SXM4-80GB-spmm-fp32-cusparse-csr-alg2-n16-13.4.1,cuSPARSE-CUDA-13.4.1-SpMM-CSR-ALG2,cuSPARSE CUDA 13.4.1 SpMM CSR ALG2 [cuSPARSE 12.8.6],csr-alg2,cuSPARSE-SpMM-CSR,candidate,,,csr,csr,CUSPARSE_SPMM_CSR_ALG2,library-preprocess,spmm.csr.fp32,fp32,A100-SXM4-80GB,A100-SXM4-80GB,,19500.0,2793479a-b9ba-5e32-964d-96d3a38ca48f,suitesparse_all,ML_Graph/JapaneseVowelsSmall_10NN,JapaneseVowelsSmall_10NN,9961,9961,131144,16,row-major,N,N,1.0,0.0,20260922,main,pass,pass,0,0,4196608.0,0.01495,0.0347647994757,0.0497147994757,0.0355122994757,120.71428753481973,84.41365638115974,118.1733670294038,0.6190476283836909,0.432890545544409,0.6060172668174554,cuSPARSE 12.8.6,CUDA,13040,13000,2026-10-07T10:53:31.040067+00:00,source,csr-alg2,0,0,,,,5,20,4,true
3,full-20261009-A100-SXM4-80GB-spmm-fp32-cusparse-csr-alg2-n16-13.4.1,cuSPARSE-CUDA-13.4.1-SpMM-CSR-ALG2,cuSPARSE CUDA 13.4.1 SpMM CSR ALG2 [cuSPARSE 12.8.6],csr-alg2,cuSPARSE-SpMM-CSR,candidate,,,csr,csr,CUSPARSE_SPMM_CSR_ALG2,library-preprocess,spmm.csr.fp32,fp32,A100-SXM4-80GB,A100-SXM4-80GB,,19500.0,df2405bf-ab33-5b32-9511-7da1122118f9,suitesparse_all,ML_Graph/Olivetti_norm_10NN,Olivetti_norm_10NN,400,400,5656,16,row-major,N,N,1.0,0.0,20260922,main,pass,pass,0,0,180992.0,0.01172,0.0163839995861,0.0281039995861,0.0169699995861,11.046875279071145,6.4400797988026275,10.665409806388515,0.0566506424567751,0.03302605025026988,0.05469440926353084,cuSPARSE 12.8.6,CUDA,13040,13000,2026-10-08T12:30:18.860363+00:00,source,csr-alg2,0,0,,,,5,20,4,true
3,full-20261009-A100-SXM4-80GB-spmm-fp32-cusparse-csr-alg2-n16-13.4.1,cuSPARSE-CUDA-13.4.1-SpMM-CSR-ALG2,cuSPARSE CUDA 13.4.1 SpMM CSR ALG2 [cuSPARSE 12.8.6],csr-alg2,cuSPARSE-SpMM-CSR,candidate,,,csr,csr,CUSPARSE_SPMM_CSR_ALG2,library-preprocess,spmm.csr.fp32,fp32,A100-SXM4-80GB,A100-SXM4-80GB,,19500.0,2793479a-b9ba-5e32-964d-96d3a38ca48f,suitesparse_all,ML_Graph/Plants_10NN,Plants_10NN,1600,1600,21930,16,row-major,N,N,1.0,0.0,20260922,main,pass,pass,0,0,701760.0,0.01248,0.0217600002885,0.0342400002885,0.0223840002885,32.249999572420734,20.495326930113848,31.35096457090988,0.1653846131919012,0.10510424066725049,0.16077417728671733,cuSPARSE 12.8.6,CUDA,13040,13000,2026-10-07T10:53:31.655588+00:00,source,csr-alg2,0,0,,,,5,20,4,true
3,full-20261009-A100-SXM4-80GB-spmm-fp32-cusparse-csr-alg2-n16-13.4.1,cuSPARSE-CUDA-13.4.1-SpMM-CSR-ALG2,cuSPARSE CUDA 13.4.1 SpMM CSR ALG2 [cuSPARSE 12.8.6],csr-alg2,cuSPARSE-SpMM-CSR,candidate,,,csr,csr,CUSPARSE_SPMM_CSR_ALG2,library-preprocess,spmm.csr.fp32,fp32,A100-SXM4-80GB,A100-SXM4-80GB,,19500.0,238ed034-08d6-5e0f-b7b4-c4d0b9e54f50,suitesparse_all,ML_Graph/dataset16mfeatkarhunen_10NN,dataset16mfeatkarhunen_10NN,2000,2000,27668,16,row-major,N,N,1.0,0.0,20260922,main,pass,pass,0,0,885376.0,0.01995,0.021606400609,0.041556400609,0.022603900609,40.97748699666351,21.305406315874514,39.16916886669894,0.21014095895724874,0.1092584939275616,0.20086753264973814,cuSPARSE 12.8.6,CUDA,13040,13000,2026-10-07T16:28:24.577211+00:00,source,csr-alg2,0,0,,,,5,20,4,true
3,full-20261009-A100-SXM4-80GB-spmm-fp32-cusparse-csr-alg2-n16-13.4.1,cuSPARSE-CUDA-13.4.1-SpMM-CSR-ALG2,cuSPARSE CUDA 13.4.1 SpMM CSR ALG2 [cuSPARSE 12.8.6],csr-alg2,cuSPARSE-SpMM-CSR,candidate,,,csr,csr,CUSPARSE_SPMM_CSR_ALG2,library-preprocess,spmm.csr.fp32,fp32,A100-SXM4-80GB,A100-SXM4-80GB,,19500.0,df2405bf-ab33-5b32-9511-7da1122118f9,suitesparse_all,ML_Graph/dataset18mfeatmorphological_10NN,dataset18mfeatmorphological_10NN,2000,2000,22832,16,row-major,N,N,1.0,0.0,20260922,main,pass,pass,0,0,730624.0,0.01429,0.0221072003245,0.0363972003245,0.0228217003245,33.04914187574878,20.07363185866238,32.014441939527444,0.16948277884999374,0.10294170183929427,0.16417662533090996,cuSPARSE 12.8.6,CUDA,13040,13000,2026-10-08T12:30:16.951109+00:00,source,csr-alg2,0,0,,,,5,20,4,true
3,full-20261009-A100-SXM4-80GB-spmm-fp32-cusparse-csr-alg2-n16-13.4.1,cuSPARSE-CUDA-13.4.1-SpMM-CSR-ALG2,cuSPARSE CUDA 13.4.1 SpMM CSR ALG2 [cuSPARSE 12.8.6],csr-alg2,cuSPARSE-SpMM-CSR,candidate,,,csr,csr,CUSPARSE_SPMM_CSR_ALG2,library-preprocess,spmm.csr.fp32,fp32,A100-SXM4-80GB,A100-SXM4-80GB,,19500.0,2793479a-b9ba-5e32-964d-96d3a38ca48f,suitesparse_all,ML_Graph/dataset22mfeatzernike_10NN,dataset22mfeatzernike_10NN,2000,2000,27414,16,row-major,N,N,1.0,0.0,20260922,main,pass,pass,0,0,877248.0,0.01226,0.0221184000373,0.0343784000373,0.0227314000373,39.661458266449095,25.517417885887657,38.59190364696068,0.20339209367409794,0.13085855326096235,0.19790719818954194,cuSPARSE 12.8.6,CUDA,13040,13000,2026-10-07T10:53:30.138272+00:00,source,csr-alg2,0,0,,,,5,20,4,true
3,full-20261009-A100-SXM4-80GB-spmm-fp32-cusparse-csr-alg2-n16-13.4.1,cuSPARSE-CUDA-13.4.1-SpMM-CSR-ALG2,cuSPARSE CUDA 13.4.1 SpMM CSR ALG2 [cuSPARSE 12.8.6],csr-alg2,cuSPARSE-SpMM-CSR,candidate,,,csr,csr,CUSPARSE_SPMM_CSR_ALG2,library-preprocess,spmm.csr.fp32,fp32,A100-SXM4-80GB,A100-SXM4-80GB,,19500.0,238ed034-08d6-5e0f-b7b4-c4d0b9e54f50,suitesparse_all,ML_Graph/har_10NN,har_10NN,10299,10299,151736,16,row-major,N,N,1.0,0.0,20260922,main,pass,pass,0,0,4855552.0,0.0368,0.0351231992245,0.0719231992245,0.0369631992245,138.24344328557166,67.51023386548688,131.36178961429388,0.7089407347978033,0.3462063275153173,0.6736502031502251,cuSPARSE 12.8.6,CUDA,13040,13000,2026-10-07T16:28:25.760671+00:00,source,csr-alg2,0,0,,,,5,20,4,true
3,full-20261009-A100-SXM4-80GB-spmm-fp32-cusparse-csr-alg2-n16-13.4.1,cuSPARSE-CUDA-13.4.1-SpMM-CSR-ALG2,cuSPARSE CUDA 13.4.1 SpMM CSR ALG2 [cuSPARSE 12.8.6],csr-alg2,cuSPARSE-SpMM-CSR,candidate,,,csr,csr,CUSPARSE_SPMM_CSR_ALG2,library-preprocess,spmm.csr.fp32,fp32,A100-SXM4-80GB,A100-SXM4-80GB,,19500.0,df2405bf-ab33-5b32-9511-7da1122118f9,suitesparse_all,ML_Graph/indianpines_10NN,indianpines_10NN,9144,9144,124656,16,row-major,N,N,1.0,0.0,20260922,main,pass,pass,0,0,3988992.0,0.01373,0.0283600002527,0.0420900002527,0.0290465002527,140.65556997377777,94.77291461275563,137.33124353352022,0.7213106152501424,0.4860149467320801,0.7042627873513858,cuSPARSE 12.8.6,CUDA,13040,13000,2026-10-08T12:30:18.102963+00:00,source,csr-alg2,0,0,,,,5,20,4,true
3,full-20261009-A100-SXM4-80GB-spmm-fp32-cusparse-csr-alg2-n16-13.4.1,cuSPARSE-CUDA-13.4.1-SpMM-CSR-ALG2,cuSPARSE CUDA 13.4.1 SpMM CSR ALG2 [cuSPARSE 12.8.6],csr-alg2,cuSPARSE-SpMM-CSR,candidate,,,csr,csr,CUSPARSE_SPMM_CSR_ALG2,library-preprocess,spmm.csr.fp32,fp32,A100-SXM4-80GB,A100-SXM4-80GB,,19500.0,238ed034-08d6-5e0f-b7b4-c4d0b9e54f50,suitesparse_all,ML_Graph/mnist_test_norm_10NN,mnist_test_norm_10NN,10000,10000,145600,16,row-major,N,N,1.0,0.0,20260922,main,pass,pass,0,0,4659200.0,0.03191,0.0363519996405,0.0682619996405,0.0379474996405,128.16901535202356,68.25466620575946,122.78015795874474,0.6572770018052491,0.35002392926030496,0.6296418356858705,cuSPARSE 12.8.6,CUDA,13040,13000,2026-10-07T16:28:26.937276+00:00,source,csr-alg2,0,0,,,,5,20,4,true
3,full-20261009-A100-SXM4-80GB-spmm-fp32-cusparse-csr-alg2-n16-13.4.1,cuSPARSE-CUDA-13.4.1-SpMM-CSR-ALG2,cuSPARSE CUDA 13.4.1 SpMM CSR ALG2 [cuSPARSE 12.8.6],csr-alg2,cuSPARSE-SpMM-CSR,candidate,,,csr,csr,CUSPARSE_SPMM_CSR_ALG2,library-preprocess,spmm.csr.fp32,fp32,A100-SXM4-80GB,A100-SXM4-80GB,,19500.0,238ed034-08d6-5e0f-b7b4-c4d0b9e54f50,suitesparse_all,ML_Graph/umistfacesnorm_10NN,umistfacesnorm_10NN,575,575,6990,16,row-major,N,N,1.0,0.0,20260922,main,pass,pass,0,0,223680.0,0.014451,0.0201215997338,0.0345725997338,0.0208441497338,11.116412360805748,6.469863467667391,10.731068566317669,0.057007242875926914,0.03317878701367893,0.055031120852911126,cuSPARSE 12.8.6,CUDA,13040,13000,2026-10-07T16:28:27.542762+00:00,source,csr-alg2,0,0,,,,5,20,4,true
3,full-20261009-A100-SXM4-80GB-spmm-fp32-cusparse-csr-alg2-n16-13.4.1,cuSPARSE-CUDA-13.4.1-SpMM-CSR-ALG2,cuSPARSE CUDA 13.4.1 SpMM CSR ALG2 [cuSPARSE 12.8.6],csr-alg2,cuSPARSE-SpMM-CSR,candidate,,,csr,csr,CUSPARSE_SPMM_CSR_ALG2,library-preprocess,spmm.csr.fp32,fp32,A100-SXM4-80GB,A100-SXM4-80GB,,19500.0,df2405bf-ab33-5b32-9511-7da1122118f9,suitesparse_all,ML_Graph/usps_norm_5NN,usps_norm_5NN,11000,11000,81112,16,row-major,N,N,1.0,0.0,20260922,main,pass,pass,0,0,2595584.0,0.0137,0.0231424003839,0.0368424003839,0.0238274003839,112.15707778548888,70.45100137216524,108.9327395427416,0.5751645014640455,0.3612871865239243,0.558629433552521,cuSPARSE 12.8.6,CUDA,13040,13000,2026-10-08T12:30:19.707753+00:00,source,csr-alg2,0,0,,,,5,20,4,true
3,full-20261009-A100-SXM4-80GB-spmm-fp32-cusparse-csr-alg2-n16-13.4.1,cuSPARSE-CUDA-13.4.1-SpMM-CSR-ALG2,cuSPARSE CUDA 13.4.1 SpMM CSR ALG2 [cuSPARSE 12.8.6],csr-alg2,cuSPARSE-SpMM-CSR,candidate,,,csr,csr,CUSPARSE_SPMM_CSR_ALG2,library-preprocess,spmm.csr.fp32,fp32,A100-SXM4-80GB,A100-SXM4-80GB,,19500.0,2793479a-b9ba-5e32-964d-96d3a38ca48f,suitesparse_all,ML_Graph/worms20_10NN,worms20_10NN,20055,20055,240826,16,row-major,N,N,1.0,0.0,20260922,main,pass,pass,0,0,7706432.0,0.01806,0.0494080007076,0.0674680007076,0.0503110007076,155.97538636722427,114.22351217133222,153.17588383480242,0.7998737762421758,0.5857616008786267,0.7855173529989868,cuSPARSE 12.8.6,CUDA,13040,13000,2026-10-07T10:53:32.905009+00:00,source,csr-alg2,0,0,,,,5,20,4,true
3,full-20261009-A100-SXM4-80GB-spmm-fp32-cusparse-csr-alg2-n16-13.4.1,cuSPARSE-CUDA-13.4.1-SpMM-CSR-ALG2,cuSPARSE CUDA 13.4.1 SpMM CSR ALG2 [cuSPARSE 12.8.6],csr-alg2,cuSPARSE-SpMM-CSR,candidate,,,csr,csr,CUSPARSE_SPMM_CSR_ALG2,library-preprocess,spmm.csr.fp32,fp32,A100-SXM4-80GB,A100-SXM4-80GB,,19500.0,238ed034-08d6-5e0f-b7b4-c4d0b9e54f50,suitesparse_all,Mallya/lhr01,lhr01,1477,1477,18592,16,row-major,N,N,1.0,0.0,20260922,main,pass,pass,0,0,594944.0,0.012629,0.020684799552,0.033313799552,0.021316249552,28.76237686057128,17.858785488318233,27.91035067161612,0.14749936851575016,0.09158351532470889,0.14313000344418522,cuSPARSE 12.8.6,CUDA,13040,13000,2026-10-07T14:28:25.846478+00:00,source,csr-alg2,0,0,,,,5,20,4,true
3,full-20261009-A100-SXM4-80GB-spmm-fp32-cusparse-csr-alg2-n16-13.4.1,cuSPARSE-CUDA-13.4.1-SpMM-CSR-ALG2,cuSPARSE CUDA 13.4.1 SpMM CSR ALG2 [cuSPARSE 12.8.6],csr-alg2,cuSPARSE-SpMM-CSR,candidate,,,csr,csr,CUSPARSE_SPMM_CSR_ALG2,library-preprocess,spmm.csr.fp32,fp32,A100-SXM4-80GB,A100-SXM4-80GB,,19500.0,df2405bf-ab33-5b32-9511-7da1122118f9,suitesparse_all,Mallya/lhr02,lhr02,2954,2954,37206,16,row-major,N,N,1.0,0.0,20260922,main,pass,pass,0,0,1190592.0,0.0148,0.0258047997952,0.0406047997952,0.0265447997952,46.13839322332058,29.321459679767784,44.85217478322404,0.23660714473497732,0.15036645989624503,0.23001115273448225,cuSPARSE 12.8.6,CUDA,13040,13000,2026-10-08T09:34:53.689213+00:00,source,csr-alg2,0,0,,,,5,20,4,true
3,full-20261009-A100-SXM4-80GB-spmm-fp32-cusparse-csr-alg2-n16-13.4.1,cuSPARSE-CUDA-13.4.1-SpMM-CSR-ALG2,cuSPARSE CUDA 13.4.1 SpMM CSR ALG2 [cuSPARSE 12.8.6],csr-alg2,cuSPARSE-SpMM-CSR,candidate,,,csr,csr,CUSPARSE_SPMM_CSR_ALG2,library-preprocess,spmm.csr.fp32,fp32,A100-SXM4-80GB,A100-SXM4-80GB,,19500.0,2793479a-b9ba-5e32-964d-96d3a38ca48f,suitesparse_all,Mallya/lhr04c,lhr04c,4101,4101,82682,16,row-major,N,N,1.0,0.0,20260922,main,pass,pass,0,0,2645824.0,0.02958,0.0278528004885,0.0574328004885,0.0293318004885,94.99310495159797,46.068169713050715,90.20325912271691,0.48714412795691264,0.23624702416949087,0.4625808160139329,cuSPARSE 12.8.6,CUDA,13040,13000,2026-10-07T08:52:51.522954+00:00,source,csr-alg2,0,0,,,,5,20,4,true
3,full-20261009-A100-SXM4-80GB-spmm-fp32-cusparse-csr-alg2-n16-13.4.1,cuSPARSE-CUDA-13.4.1-SpMM-CSR-ALG2,cuSPARSE CUDA 13.4.1 SpMM CSR ALG2 [cuSPARSE 12.8.6],csr-alg2,cuSPARSE-SpMM-CSR,candidate,,,csr,csr,CUSPARSE_SPMM_CSR_ALG2,library-preprocess,spmm.csr.fp32,fp32,A100-SXM4-80GB,A100-SXM4-80GB,,19500.0,238ed034-08d6-5e0f-b7b4-c4d0b9e54f50,suitesparse_all,Mallya/lhr11,lhr11,10964,10964,233741,16,row-major,N,N,1.0,0.0,20260922,main,pass,pass,0,0,7479712.0,0.0143,0.0387071996927,0.0530071996927,0.0394221996927,193.2382621161468,141.10747301050284,189.73350189246426,0.9909654467494708,0.7236280667205274,0.9729923173972527,cuSPARSE 12.8.6,CUDA,13040,13000,2026-10-07T14:28:27.179573+00:00,source,csr-alg2,0,0,,,,5,20,4,true
3,full-20261009-A100-SXM4-80GB-spmm-fp32-cusparse-csr-alg2-n16-13.4.1,cuSPARSE-CUDA-13.4.1-SpMM-CSR-ALG2,cuSPARSE CUDA 13.4.1 SpMM CSR ALG2 [cuSPARSE 12.8.6],csr-alg2,cuSPARSE-SpMM-CSR,candidate,,,csr,csr,CUSPARSE_SPMM_CSR_ALG2,library-preprocess,spmm.csr.fp32,fp32,A100-SXM4-80GB,A100-SXM4-80GB,,19500.0,df2405bf-ab33-5b32-9511-7da1122118f9,suitesparse_all,Mallya/lhr11c,lhr11c,10964,10964,233741,16,row-major,N,N,1.0,0.0,20260922,main,pass,pass,0,0,7479712.0,0.016249,0.0463871985674,0.0626361985674,0.0471996485674,161.24517606149624,119.41516520916284,158.46965447887064,0.8268983387769038,0.6123854626110915,0.8126648947634392,cuSPARSE 12.8.6,CUDA,13040,13000,2026-10-08T09:34:54.930938+00:00,source,csr-alg2,0,0,,,,5,20,4,true
3,full-20261009-A100-SXM4-80GB-spmm-fp32-cusparse-csr-alg2-n16-13.4.1,cuSPARSE-CUDA-13.4.1-SpMM-CSR-ALG2,cuSPARSE CUDA 13.4.1 SpMM CSR ALG2 [cuSPARSE 12.8.6],csr-alg2,cuSPARSE-SpMM-CSR,candidate,,,csr,csr,CUSPARSE_SPMM_CSR_ALG2,library-preprocess,spmm.csr.fp32,fp32,A100-SXM4-80GB,A100-SXM4-80GB,,19500.0,2793479a-b9ba-5e32-964d-96d3a38ca48f,suitesparse_all,Mallya/lhr14c,lhr14c,14270,14270,307858,16,row-major,N,N,1.0,0.0,20260922,main,pass,pass,0,0,9851456.0,0.03062,0.0539647996426,0.0845847996426,0.0554957996426,182.55336933046308,116.46839670515038,177.51714658486998,0.9361711247716056,0.5972738292571815,0.9103443414608716,cuSPARSE 12.8.6,CUDA,13040,13000,2026-10-07T08:52:53.059067+00:00,source,csr-alg2,0,0,,,,5,20,4,true
3,full-20261009-A100-SXM4-80GB-spmm-fp32-cusparse-csr-alg2-n16-13.4.1,cuSPARSE-CUDA-13.4.1-SpMM-CSR-ALG2,cuSPARSE CUDA 13.4.1 SpMM CSR ALG2 [cuSPARSE 12.8.6],csr-alg2,cuSPARSE-SpMM-CSR,candidate,,,csr,csr,CUSPARSE_SPMM_CSR_ALG2,library-preprocess,spmm.csr.fp32,fp32,A100-SXM4-80GB,A100-SXM4-80GB,,19500.0,238ed034-08d6-5e0f-b7b4-c4d0b9e54f50,suitesparse_all,Mallya/lhr71,lhr71,70304,70304,1528092,16,row-major,N,N,1.0,0.0,20260922,main,pass,pass,0,0,48898944.0,0.05648,0.300851202011,0.357331202011,0.303675202011,162.53531205174346,136.84487591569098,161.02382965807243,0.8335144207781716,0.701768594439441,0.825763229015756,cuSPARSE 12.8.6,CUDA,13040,13000,2026-10-07T14:28:31.969052+00:00,source,csr-alg2,0,0,,,,5,20,4,true
3,full-20261009-A100-SXM4-80GB-spmm-fp32-cusparse-csr-alg2-n16-13.4.1,cuSPARSE-CUDA-13.4.1-SpMM-CSR-ALG2,cuSPARSE CUDA 13.4.1 SpMM CSR ALG2 [cuSPARSE 12.8.6],csr-alg2,cuSPARSE-SpMM-CSR,candidate,,,csr,csr,CUSPARSE_SPMM_CSR_ALG2,library-preprocess,spmm.csr.fp32,fp32,A100-SXM4-80GB,A100-SXM4-80GB,,19500.0,df2405bf-ab33-5b32-9511-7da1122118f9,suitesparse_all,Mallya/lhr71c,lhr71c,70304,70304,1528092,16,row-major,N,N,1.0,0.0,20260922,main,pass,pass,0,0,48898944.0,0.0502,0.193024003506,0.243224003506,0.195534003506,253.33089725537695,201.0448939871748,250.07897922214602,1.2991328064378305,1.0309994563444862,1.282456303703313,cuSPARSE 12.8.6,CUDA,13040,13000,2026-10-08T09:35:00.040273+00:00,source,csr-alg2,0,0,,,,5,20,4,true
3,full-20261009-A100-SXM4-80GB-spmm-fp32-cusparse-csr-alg2-n16-13.4.1,cuSPARSE-CUDA-13.4.1-SpMM-CSR-ALG2,cuSPARSE CUDA 13.4.1 SpMM CSR ALG2 [cuSPARSE 12.8.6],csr-alg2,cuSPARSE-SpMM-CSR,candidate,,,csr,csr,CUSPARSE_SPMM_CSR_ALG2,library-preprocess,spmm.csr.fp32,fp32,A100-SXM4-80GB,A100-SXM4-80GB,,19500.0,df2405bf-ab33-5b32-9511-7da1122118f9,suitesparse_all,Mancktelow/viscorocks,viscorocks,37762,37762,1162244,16,row-major,N,N,1.0,0.0,20260922,main,pass,pass,0,0,37191808.0,0.04125,0.139724802971,0.180974802971,0.141787302971,266.17899763808714,205.50821102957488,262.30704174976023,1.365020500708139,1.0538882616901275,1.345164316665437,cuSPARSE 12.8.6,CUDA,13040,13000,2026-10-08T09:45:26.846793+00:00,source,csr-alg2,0,0,,,,5,20,4,true
3,full-20261009-A100-SXM4-80GB-spmm-fp32-cusparse-csr-alg2-n16-13.4.1,cuSPARSE-CUDA-13.4.1-SpMM-CSR-ALG2,cuSPARSE CUDA 13.4.1 SpMM CSR ALG2 [cuSPARSE 12.8.6],csr-alg2,cuSPARSE-SpMM-CSR,candidate,,,csr,csr,CUSPARSE_SPMM_CSR_ALG2,library-preprocess,spmm.csr.fp32,fp32,A100-SXM4-80GB,A100-SXM4-80GB,,19500.0,2793479a-b9ba-5e32-964d-96d3a38ca48f,suitesparse_all,Martin/marine1,marine1,400320,400320,6226538,16,row-major,N,N,1.0,0.0,20260922,main,pass,pass,0,0,199249216.0,0.34035,0.9738240242,1.3141740242,0.9908415242,204.60495022566727,151.61554887777703,201.09090216104204,1.0492561550034218,0.7775156352706514,1.0312353956976514,cuSPARSE 12.8.6,CUDA,13040,13000,2026-10-07T10:53:28.907139+00:00,source,csr-alg2,0,0,,,,5,20,4,true
3,full-20261009-A100-SXM4-80GB-spmm-fp32-cusparse-csr-alg2-n16-13.4.1,cuSPARSE-CUDA-13.4.1-SpMM-CSR-ALG2,cuSPARSE CUDA 13.4.1 SpMM CSR ALG2 [cuSPARSE 12.8.6],csr-alg2,cuSPARSE-SpMM-CSR,candidate,,,csr,csr,CUSPARSE_SPMM_CSR_ALG2,library-preprocess,spmm.csr.fp32,fp32,A100-SXM4-80GB,A100-SXM4-80GB,,19500.0,238ed034-08d6-5e0f-b7b4-c4d0b9e54f50,suitesparse_all,MathWorks/QRpivot,QRpivot,660,749,3808,16,row-major,N,N,1.0,0.0,20260922,main,pass,pass,0,0,121856.0,0.015189,0.0205311998725,0.0357201998725,0.0212906498725,5.93516213162081,3.4114030838280276,5.723451408469917,0.03043672888010672,0.01749437478886168,0.029351032863948294,cuSPARSE 12.8.6,CUDA,13040,13000,2026-10-07T14:41:46.085492+00:00,source,csr-alg2,0,0,,,,5,20,4,true
3,full-20261009-A100-SXM4-80GB-spmm-fp32-cusparse-csr-alg2-n16-13.4.1,cuSPARSE-CUDA-13.4.1-SpMM-CSR-ALG2,cuSPARSE CUDA 13.4.1 SpMM CSR ALG2 [cuSPARSE 12.8.6],csr-alg2,cuSPARSE-SpMM-CSR,candidate,,,csr,csr,CUSPARSE_SPMM_CSR_ALG2,library-preprocess,spmm.csr.fp32,fp32,A100-SXM4-80GB,A100-SXM4-80GB,,19500.0,238ed034-08d6-5e0f-b7b4-c4d0b9e54f50,suitesparse_all,MaxPlanck/shallow_water2,shallow_water2,81920,81920,327680,16,row-major,N,N,1.0,0.0,20260922,main,pass,pass,0,0,10485760.0,0.05775,0.0627712011337,0.120521201134,0.0656587011337,167.04730530272596,87.00344753734687,159.70099650079854,0.856652847706287,0.44617152583254804,0.8189794692348642,cuSPARSE 12.8.6,CUDA,13040,13000,2026-10-07T14:50:09.365259+00:00,source,csr-alg2,0,0,,,,5,20,4,true
3,full-20261009-A100-SXM4-80GB-spmm-fp32-cusparse-csr-alg2-n16-13.4.1,cuSPARSE-CUDA-13.4.1-SpMM-CSR-ALG2,cuSPARSE CUDA 13.4.1 SpMM CSR ALG2 [cuSPARSE 12.8.6],csr-alg2,cuSPARSE-SpMM-CSR,candidate,,,csr,csr,CUSPARSE_SPMM_CSR_ALG2,library-preprocess,spmm.csr.fp32,fp32,A100-SXM4-80GB,A100-SXM4-80GB,,19500.0,df2405bf-ab33-5b32-9511-7da1122118f9,suitesparse_all,Meszaros/aa01,aa01,823,8904,72965,16,row-major,N,N,1.0,0.0,20260922,main,pass,pass,0,0,2334880.0,0.016811,0.0189232006669,0.0357342006669,0.0197637506669,123.3871606130624,65.34020508153581,118.13951913036517,0.6327546698105764,0.3350779747771067,0.6058436878480266,cuSPARSE 12.8.6,CUDA,13040,13000,2026-10-08T09:44:48.235552+00:00,source,csr-alg2,0,0,,,,5,20,4,true
3,full-20261009-A100-SXM4-80GB-spmm-fp32-cusparse-csr-alg2-n16-13.4.1,cuSPARSE-CUDA-13.4.1-SpMM-CSR-ALG2,cuSPARSE CUDA 13.4.1 SpMM CSR ALG2 [cuSPARSE 12.8.6],csr-alg2,cuSPARSE-SpMM-CSR,candidate,,,csr,csr,CUSPARSE_SPMM_CSR_ALG2,library-preprocess,spmm.csr.fp32,fp32,A100-SXM4-80GB,A100-SXM4-80GB,,19500.0,2793479a-b9ba-5e32-964d-96d3a38ca48f,suitesparse_all,Meszaros/aa3,aa3,825,8627,70806,16,row-major,N,N,1.0,0.0,20260922,main,pass,pass,0,0,2265792.0,0.01954,0.0226704001427,0.0422104001427,0.0236474001427,99.94494961438068,53.67852454229467,95.81569163320707,0.5125382031506701,0.27527448483228034,0.4913625211959337,cuSPARSE 12.8.6,CUDA,13040,13000,2026-10-07T09:03:15.674055+00:00,source,csr-alg2,0,0,,,,5,20,4,true
3,full-20261009-A100-SXM4-80GB-spmm-fp32-cusparse-csr-alg2-n16-13.4.1,cuSPARSE-CUDA-13.4.1-SpMM-CSR-ALG2,cuSPARSE CUDA 13.4.1 SpMM CSR ALG2 [cuSPARSE 12.8.6],csr-alg2,cuSPARSE-SpMM-CSR,candidate,,,csr,csr,CUSPARSE_SPMM_CSR_ALG2,library-preprocess,spmm.csr.fp32,fp32,A100-SXM4-80GB,A100-SXM4-80GB,,19500.0,238ed034-08d6-5e0f-b7b4-c4d0b9e54f50,suitesparse_all,Meszaros/air03,air03,124,10757,91028,16,row-major,N,N,1.0,0.0,20260922,main,pass,pass,0,0,2912896.0,0.015449,0.0228863999248,0.0383353999248,0.0236588499248,127.27628677167124,75.98449489803248,123.12077760578737,0.652698906521391,0.38966407640016654,0.6313886031066019,cuSPARSE 12.8.6,CUDA,13040,13000,2026-10-07T14:38:09.660601+00:00,source,csr-alg2,0,0,,,,5,20,4,true
3,full-20261009-A100-SXM4-80GB-spmm-fp32-cusparse-csr-alg2-n16-13.4.1,cuSPARSE-CUDA-13.4.1-SpMM-CSR-ALG2,cuSPARSE CUDA 13.4.1 SpMM CSR ALG2 [cuSPARSE 12.8.6],csr-alg2,cuSPARSE-SpMM-CSR,candidate,,,csr,csr,CUSPARSE_SPMM_CSR_ALG2,library-preprocess,spmm.csr.fp32,fp32,A100-SXM4-80GB,A100-SXM4-80GB,,19500.0,df2405bf-ab33-5b32-9511-7da1122118f9,suitesparse_all,Meszaros/air04,air04,823,8904,72965,16,row-major,N,N,1.0,0.0,20260922,main,pass,pass,0,0,2334880.0,0.02273,0.0189776003361,0.0417076003361,0.0201141003361,123.03346886057516,55.98212271107445,116.08175165604841,0.6309408659516674,0.28708780877474077,0.5952910341335816,cuSPARSE 12.8.6,CUDA,13040,13000,2026-10-08T09:44:49.192585+00:00,source,csr-alg2,0,0,,,,5,20,4,true
3,full-20261009-A100-SXM4-80GB-spmm-fp32-cusparse-csr-alg2-n16-13.4.1,cuSPARSE-CUDA-13.4.1-SpMM-CSR-ALG2,cuSPARSE CUDA 13.4.1 SpMM CSR ALG2 [cuSPARSE 12.8.6],csr-alg2,cuSPARSE-SpMM-CSR,candidate,,,csr,csr,CUSPARSE_SPMM_CSR_ALG2,library-preprocess,spmm.csr.fp32,fp32,A100-SXM4-80GB,A100-SXM4-80GB,,19500.0,2793479a-b9ba-5e32-964d-96d3a38ca48f,suitesparse_all,Meszaros/air06,air06,825,8627,70806,16,row-major,N,N,1.0,0.0,20260922,main,pass,pass,0,0,2265792.0,0.01577,0.0226511999965,0.0384211999965,0.0234396999965,100.02966731785088,58.97244230285373,96.66471841953296,0.5129726529120557,0.30242278104027553,0.4957165047155537,cuSPARSE 12.8.6,CUDA,13040,13000,2026-10-07T09:03:16.396572+00:00,source,csr-alg2,0,0,,,,5,20,4,true
3,full-20261009-A100-SXM4-80GB-spmm-fp32-cusparse-csr-alg2-n16-13.4.1,cuSPARSE-CUDA-13.4.1-SpMM-CSR-ALG2,cuSPARSE CUDA 13.4.1 SpMM CSR ALG2 [cuSPARSE 12.8.6],csr-alg2,cuSPARSE-SpMM-CSR,candidate,,,csr,csr,CUSPARSE_SPMM_CSR_ALG2,library-preprocess,spmm.csr.fp32,fp32,A100-SXM4-80GB,A100-SXM4-80GB,,19500.0,238ed034-08d6-5e0f-b7b4-c4d0b9e54f50,suitesparse_all,Meszaros/cari,cari,400,1200,152800,16,row-major,N,N,1.0,0.0,20260922,main,pass,pass,0,0,4889600.0,0.01545,0.0314368009567,0.0468868009567,0.0322093009567,155.5374545499961,104.28521247409371,151.8070822640096,0.7976279720512621,0.5347959614056087,0.7784978577641518,cuSPARSE 12.8.6,CUDA,13040,13000,2026-10-07T14:38:10.665036+00:00,source,csr-alg2,0,0,,,,5,20,4,true
3,full-20261009-A100-SXM4-80GB-spmm-fp32-cusparse-csr-alg2-n16-13.4.1,cuSPARSE-CUDA-13.4.1-SpMM-CSR-ALG2,cuSPARSE CUDA 13.4.1 SpMM CSR ALG2 [cuSPARSE 12.8.6],csr-alg2,cuSPARSE-SpMM-CSR,candidate,,,csr,csr,CUSPARSE_SPMM_CSR_ALG2,library-preprocess,spmm.csr.fp32,fp32,A100-SXM4-80GB,A100-SXM4-80GB,,19500.0,2793479a-b9ba-5e32-964d-96d3a38ca48f,suitesparse_all,Meszaros/cep1,cep1,1521,4769,8233,16,row-major,N,N,1.0,0.0,20260922,main,pass,pass,0,0,263456.0,0.01477,0.0220159992576,0.0367859992576,0.0227544992576,11.966570170965738,7.161855198090614,11.578193702153465,0.061367026517773024,0.03672746255431084,0.05937535231873572,cuSPARSE 12.8.6,CUDA,13040,13000,2026-10-07T09:03:33.824451+00:00,source,csr-alg2,0,0,,,,5,20,4,true
3,full-20261009-A100-SXM4-80GB-spmm-fp32-cusparse-csr-alg2-n16-13.4.1,cuSPARSE-CUDA-13.4.1-SpMM-CSR-ALG2,cuSPARSE CUDA 13.4.1 SpMM CSR ALG2 [cuSPARSE 12.8.6],csr-alg2,cuSPARSE-SpMM-CSR,candidate,,,csr,csr,CUSPARSE_SPMM_CSR_ALG2,library-preprocess,spmm.csr.fp32,fp32,A100-SXM4-80GB,A100-SXM4-80GB,,19500.0,df2405bf-ab33-5b32-9511-7da1122118f9,suitesparse_all,Meszaros/ch,ch,3700,8291,24102,16,row-major,N,N,1.0,0.0,20260922,main,pass,pass,0,0,771264.0,0.0168,0.0207680001855,0.0375680001855,0.0216080001855,37.13713372067902,20.529812505103273,35.69344656510855,0.19044683959322573,0.10528108976976037,0.18304331571850538,cuSPARSE 12.8.6,CUDA,13040,13000,2026-10-08T09:44:49.999021+00:00,source,csr-alg2,0,0,,,,5,20,4,true
3,full-20261009-A100-SXM4-80GB-spmm-fp32-cusparse-csr-alg2-n16-13.4.1,cuSPARSE-CUDA-13.4.1-SpMM-CSR-ALG2,cuSPARSE CUDA 13.4.1 SpMM CSR ALG2 [cuSPARSE 12.8.6],csr-alg2,cuSPARSE-SpMM-CSR,candidate,,,csr,csr,CUSPARSE_SPMM_CSR_ALG2,library-preprocess,spmm.csr.fp32,fp32,A100-SXM4-80GB,A100-SXM4-80GB,,19500.0,2793479a-b9ba-5e32-964d-96d3a38ca48f,suitesparse_all,Meszaros/co9,co9,10789,22924,109651,16,row-major,N,N,1.0,0.0,20260922,main,pass,pass,0,0,3508832.0,0.01908,0.034446400404,0.053526400404,0.035400400404,101.86353171440653,65.55329656985091,99.11842690919185,0.5223770857149053,0.3361707516402611,0.5082996251753428,cuSPARSE 12.8.6,CUDA,13040,13000,2026-10-07T09:03:17.533782+00:00,source,csr-alg2,0,0,,,,5,20,4,true
3,full-20261009-A100-SXM4-80GB-spmm-fp32-cusparse-csr-alg2-n16-13.4.1,cuSPARSE-CUDA-13.4.1-SpMM-CSR-ALG2,cuSPARSE CUDA 13.4.1 SpMM CSR ALG2 [cuSPARSE 12.8.6],csr-alg2,cuSPARSE-SpMM-CSR,candidate,,,csr,csr,CUSPARSE_SPMM_CSR_ALG2,library-preprocess,spmm.csr.fp32,fp32,A100-SXM4-80GB,A100-SXM4-80GB,,19500.0,238ed034-08d6-5e0f-b7b4-c4d0b9e54f50,suitesparse_all,Meszaros/crew1,crew1,135,6469,46950,16,row-major,N,N,1.0,0.0,20260922,main,pass,pass,0,0,1502400.0,0.01532,0.0210431993008,0.0363631993008,0.0218091993008,71.39598777372616,41.3164965923927,68.88836124969015,0.36613327063449314,0.211879469704578,0.35327364743430845,cuSPARSE 12.8.6,CUDA,13040,13000,2026-10-07T14:38:11.383623+00:00,source,csr-alg2,0,0,,,,5,20,4,true
3,full-20261009-A100-SXM4-80GB-spmm-fp32-cusparse-csr-alg2-n16-13.4.1,cuSPARSE-CUDA-13.4.1-SpMM-CSR-ALG2,cuSPARSE CUDA 13.4.1 SpMM CSR ALG2 [cuSPARSE 12.8.6],csr-alg2,cuSPARSE-SpMM-CSR,candidate,,,csr,csr,CUSPARSE_SPMM_CSR_ALG2,library-preprocess,spmm.csr.fp32,fp32,A100-SXM4-80GB,A100-SXM4-80GB,,19500.0,df2405bf-ab33-5b32-9511-7da1122118f9,suitesparse_all,Meszaros/dano3mip,dano3mip,3202,15851,81633,16,row-major,N,N,1.0,0.0,20260922,main,pass,pass,0,0,2612256.0,0.01578,0.0204671993852,0.0362471993852,0.0212561993852,127.63133591638064,72.06780232148374,122.89384158763718,0.6545196713660545,0.36957847344350636,0.6302248286545497,cuSPARSE 12.8.6,CUDA,13040,13000,2026-10-08T09:44:51.108208+00:00,source,csr-alg2,0,0,,,,5,20,4,true
3,full-20261009-A100-SXM4-80GB-spmm-fp32-cusparse-csr-alg2-n16-13.4.1,cuSPARSE-CUDA-13.4.1-SpMM-CSR-ALG2,cuSPARSE CUDA 13.4.1 SpMM CSR ALG2 [cuSPARSE 12.8.6],csr-alg2,cuSPARSE-SpMM-CSR,candidate,,,csr,csr,CUSPARSE_SPMM_CSR_ALG2,library-preprocess,spmm.csr.fp32,fp32,A100-SXM4-80GB,A100-SXM4-80GB,,19500.0,2793479a-b9ba-5e32-964d-96d3a38ca48f,suitesparse_all,Meszaros/dbir1,dbir1,18804,45775,1077025,16,row-major,N,N,1.0,0.0,20260922,main,pass,pass,0,0,34464800.0,0.04738,0.13262720108,0.18000720108,0.13499620108,259.8622282559595,191.46345142427344,255.30199905089063,1.332626811569023,0.9818638534578126,1.3092410207737981,cuSPARSE 12.8.6,CUDA,13040,13000,2026-10-07T09:03:21.030428+00:00,source,csr-alg2,0,0,,,,5,20,4,true
3,full-20261009-A100-SXM4-80GB-spmm-fp32-cusparse-csr-alg2-n16-13.4.1,cuSPARSE-CUDA-13.4.1-SpMM-CSR-ALG2,cuSPARSE CUDA 13.4.1 SpMM CSR ALG2 [cuSPARSE 12.8.6],csr-alg2,cuSPARSE-SpMM-CSR,candidate,,,csr,csr,CUSPARSE_SPMM_CSR_ALG2,library-preprocess,spmm.csr.fp32,fp32,A100-SXM4-80GB,A100-SXM4-80GB,,19500.0,df2405bf-ab33-5b32-9511-7da1122118f9,suitesparse_all,Meszaros/de063155,de063155,852,1848,4913,16,row-major,N,N,1.0,0.0,20260922,main,pass,pass,0,0,157216.0,0.0168,0.0205311998725,0.0373311998725,0.0213711998725,7.657419000171492,4.211383522012456,7.356442358779404,0.03926881538549483,0.021596838574422853,0.037725345429637965,cuSPARSE 12.8.6,CUDA,13040,13000,2026-10-08T09:44:59.726045+00:00,source,csr-alg2,0,0,,,,5,20,4,true
3,full-20261009-A100-SXM4-80GB-spmm-fp32-cusparse-csr-alg2-n16-13.4.1,cuSPARSE-CUDA-13.4.1-SpMM-CSR-ALG2,cuSPARSE CUDA 13.4.1 SpMM CSR ALG2 [cuSPARSE 12.8.6],csr-alg2,cuSPARSE-SpMM-CSR,candidate,,,csr,csr,CUSPARSE_SPMM_CSR_ALG2,library-preprocess,spmm.csr.fp32,fp32,A100-SXM4-80GB,A100-SXM4-80GB,,19500.0,2793479a-b9ba-5e32-964d-96d3a38ca48f,suitesparse_all,Meszaros/de080285,de080285,936,1908,5082,16,row-major,N,N,1.0,0.0,20260922,main,pass,pass,0,0,162624.0,0.01495,0.0202751994133,0.0352251994133,0.0210226994133,8.020833565430824,4.61669494306959,7.735638359416203,0.04113247982272217,0.023675358682408155,0.039669940304698476,cuSPARSE 12.8.6,CUDA,13040,13000,2026-10-07T09:03:32.530400+00:00,source,csr-alg2,0,0,,,,5,20,4,true
3,full-20261009-A100-SXM4-80GB-spmm-fp32-cusparse-csr-alg2-n16-13.4.1,cuSPARSE-CUDA-13.4.1-SpMM-CSR-ALG2,cuSPARSE CUDA 13.4.1 SpMM CSR ALG2 [cuSPARSE 12.8.6],csr-alg2,cuSPARSE-SpMM-CSR,candidate,,,csr,csr,CUSPARSE_SPMM_CSR_ALG2,library-preprocess,spmm.csr.fp32,fp32,A100-SXM4-80GB,A100-SXM4-80GB,,19500.0,238ed034-08d6-5e0f-b7b4-c4d0b9e54f50,suitesparse_all,Meszaros/deter4,deter4,3235,9133,19231,16,row-major,N,N,1.0,0.0,20260922,main,pass,pass,0,0,615392.0,0.01728,0.0231935992837,0.0404735992837,0.0240575992837,26.532837464019014,15.204775727663979,25.579942235423008,0.13606583314881546,0.07797320885981528,0.1311791909508872,cuSPARSE 12.8.6,CUDA,13040,13000,2026-10-07T14:38:32.646865+00:00,source,csr-alg2,0,0,,,,5,20,4,true
3,full-20261009-A100-SXM4-80GB-spmm-fp32-cusparse-csr-alg2-n16-13.4.1,cuSPARSE-CUDA-13.4.1-SpMM-CSR-ALG2,cuSPARSE CUDA 13.4.1 SpMM CSR ALG2 [cuSPARSE 12.8.6],csr-alg2,cuSPARSE-SpMM-CSR,candidate,,,csr,csr,CUSPARSE_SPMM_CSR_ALG2,library-preprocess,spmm.csr.fp32,fp32,A100-SXM4-80GB,A100-SXM4-80GB,,19500.0,df2405bf-ab33-5b32-9511-7da1122118f9,suitesparse_all,Meszaros/deter5,deter5,5103,14529,29715,16,row-major,N,N,1.0,0.0,20260922,main,pass,pass,0,0,950880.0,0.01657,0.0240639999509,0.0406339999509,0.0248924999509,39.514627740199806,23.401092709282707,38.19945774332001,0.20263911661640926,0.12000560363734723,0.19589465509394877,cuSPARSE 12.8.6,CUDA,13040,13000,2026-10-08T09:45:01.261460+00:00,source,csr-alg2,0,0,,,,5,20,4,true
3,full-20261009-A100-SXM4-80GB-spmm-fp32-cusparse-csr-alg2-n16-13.4.1,cuSPARSE-CUDA-13.4.1-SpMM-CSR-ALG2,cuSPARSE CUDA 13.4.1 SpMM CSR ALG2 [cuSPARSE 12.8.6],csr-alg2,cuSPARSE-SpMM-CSR,candidate,,,csr,csr,CUSPARSE_SPMM_CSR_ALG2,library-preprocess,spmm.csr.fp32,fp32,A100-SXM4-80GB,A100-SXM4-80GB,,19500.0,2793479a-b9ba-5e32-964d-96d3a38ca48f,suitesparse_all,Meszaros/deter7,deter7,6375,18153,37131,16,row-major,N,N,1.0,0.0,20260922,main,pass,pass,0,0,1188192.0,0.016191,0.0252416014671,0.0414326014671,0.0260511514671,47.07276602669977,28.677706876395312,45.60996090712411,0.24139880013692186,0.14706516346869392,0.2338972354211493,cuSPARSE 12.8.6,CUDA,13040,13000,2026-10-07T09:03:35.133853+00:00,source,csr-alg2,0,0,,,,5,20,4,true
3,full-20261009-A100-SXM4-80GB-spmm-fp32-cusparse-csr-alg2-n16-13.4.1,cuSPARSE-CUDA-13.4.1-SpMM-CSR-ALG2,cuSPARSE CUDA 13.4.1 SpMM CSR ALG2 [cuSPARSE 12.8.6],csr-alg2,cuSPARSE-SpMM-CSR,candidate,,,csr,csr,CUSPARSE_SPMM_CSR_ALG2,library-preprocess,spmm.csr.fp32,fp32,A100-SXM4-80GB,A100-SXM4-80GB,,19500.0,238ed034-08d6-5e0f-b7b4-c4d0b9e54f50,suitesparse_all,Meszaros/farm,farm,7,17,41,16,row-major,N,N,1.0,0.0,20260922,main,pass,pass,0,0,1312.0,0.01724,0.0157695993781,0.0330095993781,0.0166315993781,0.08319805522910349,0.03974601402979879,0.07888597904345886,0.00042665669348258204,0.0002038257129733271,0.00040454348227414796,cuSPARSE 12.8.6,CUDA,13040,13000,2026-10-07T14:38:12.450531+00:00,source,csr-alg2,0,0,,,,5,20,4,true
3,full-20261009-A100-SXM4-80GB-spmm-fp32-cusparse-csr-alg2-n16-13.4.1,cuSPARSE-CUDA-13.4.1-SpMM-CSR-ALG2,cuSPARSE CUDA 13.4.1 SpMM CSR ALG2 [cuSPARSE 12.8.6],csr-alg2,cuSPARSE-SpMM-CSR,candidate,,,csr,csr,CUSPARSE_SPMM_CSR_ALG2,library-preprocess,spmm.csr.fp32,fp32,A100-SXM4-80GB,A100-SXM4-80GB,,19500.0,238ed034-08d6-5e0f-b7b4-c4d0b9e54f50,suitesparse_all,Meszaros/fxm3_16,fxm3_16,41340,85575,392252,16,row-major,N,N,1.0,0.0,20260922,main,pass,pass,0,0,12552064.0,0.052261,0.0724479973316,0.124708997332,0.0750610473316,173.25619012694372,100.65082927885247,167.22473834595294,0.8884932827022756,0.5161580988659101,0.8575627607484766,cuSPARSE 12.8.6,CUDA,13040,13000,2026-10-07T14:38:35.583660+00:00,source,csr-alg2,0,0,,,,5,20,4,true
3,full-20261009-A100-SXM4-80GB-spmm-fp32-cusparse-csr-alg2-n16-13.4.1,cuSPARSE-CUDA-13.4.1-SpMM-CSR-ALG2,cuSPARSE CUDA 13.4.1 SpMM CSR ALG2 [cuSPARSE 12.8.6],csr-alg2,cuSPARSE-SpMM-CSR,candidate,,,csr,csr,CUSPARSE_SPMM_CSR_ALG2,library-preprocess,spmm.csr.fp32,fp32,A100-SXM4-80GB,A100-SXM4-80GB,,19500.0,df2405bf-ab33-5b32-9511-7da1122118f9,suitesparse_all,Meszaros/fxm4_6,fxm4_6,22400,47185,265442,16,row-major,N,N,1.0,0.0,20260922,main,pass,pass,0,0,8494144.0,0.04488,0.0520703971386,0.0969503971386,0.0543143971386,163.12808172732863,87.61329763153829,156.38844298178552,0.836554265268352,0.44929896221301685,0.8019920152912077,cuSPARSE 12.8.6,CUDA,13040,13000,2026-10-08T09:45:03.021551+00:00,source,csr-alg2,0,0,,,,5,20,4,true
3,full-20261009-A100-SXM4-80GB-spmm-fp32-cusparse-csr-alg2-n16-13.4.1,cuSPARSE-CUDA-13.4.1-SpMM-CSR-ALG2,cuSPARSE CUDA 13.4.1 SpMM CSR ALG2 [cuSPARSE 12.8.6],csr-alg2,cuSPARSE-SpMM-CSR,candidate,,,csr,csr,CUSPARSE_SPMM_CSR_ALG2,library-preprocess,spmm.csr.fp32,fp32,A100-SXM4-80GB,A100-SXM4-80GB,,19500.0,df2405bf-ab33-5b32-9511-7da1122118f9,suitesparse_all,Meszaros/gams10a,gams10a,114,171,407,16,row-major,N,N,1.0,0.0,20260922,main,pass,pass,0,0,13024.0,0.0143,0.015820799768,0.030120799768,0.016535799768,0.8232200767968154,0.4323922372684324,0.787624438051311,0.004221641419470849,0.0022173960885560635,0.004039099682314415,cuSPARSE 12.8.6,CUDA,13040,13000,2026-10-08T09:44:51.634143+00:00,source,csr-alg2,0,0,,,,5,20,4,true
3,full-20261009-A100-SXM4-80GB-spmm-fp32-cusparse-csr-alg2-n16-13.4.1,cuSPARSE-CUDA-13.4.1-SpMM-CSR-ALG2,cuSPARSE CUDA 13.4.1 SpMM CSR ALG2 [cuSPARSE 12.8.6],csr-alg2,cuSPARSE-SpMM-CSR,candidate,,,csr,csr,CUSPARSE_SPMM_CSR_ALG2,library-preprocess,spmm.csr.fp32,fp32,A100-SXM4-80GB,A100-SXM4-80GB,,19500.0,238ed034-08d6-5e0f-b7b4-c4d0b9e54f50,suitesparse_all,Meszaros/gas11,gas11,459,862,2166,16,row-major,N,N,1.0,0.0,20260922,main,pass,pass,0,0,69312.0,0.01575,0.0177151992917,0.0334651992917,0.0185026992917,3.912572410770132,2.0711665092994287,3.7460480174961392,0.020064473901385292,0.010621366714356045,0.019210502653826355,cuSPARSE 12.8.6,CUDA,13040,13000,2026-10-07T14:38:08.316308+00:00,source,csr-alg2,0,0,,,,5,20,4,true
3,full-20261009-A100-SXM4-80GB-spmm-fp32-cusparse-csr-alg2-n16-13.4.1,cuSPARSE-CUDA-13.4.1-SpMM-CSR-ALG2,cuSPARSE CUDA 13.4.1 SpMM CSR ALG2 [cuSPARSE 12.8.6],csr-alg2,cuSPARSE-SpMM-CSR,candidate,,,csr,csr,CUSPARSE_SPMM_CSR_ALG2,library-preprocess,spmm.csr.fp32,fp32,A100-SXM4-80GB,A100-SXM4-80GB,,19500.0,2793479a-b9ba-5e32-964d-96d3a38ca48f,suitesparse_all,Meszaros/ge,ge,10099,16369,44825,16,row-major,N,N,1.0,0.0,20260922,main,pass,pass,0,0,1434400.0,0.19516,0.0274544000626,0.222614400063,0.0372124000626,52.24663430012533,6.443428635317679,38.546290956428564,0.2679314579493607,0.03304322377085989,0.1976732869560439,cuSPARSE 12.8.6,CUDA,13040,13000,2026-10-07T09:03:22.399679+00:00,source,csr-alg2,0,0,,,,5,20,4,true
3,full-20261009-A100-SXM4-80GB-spmm-fp32-cusparse-csr-alg2-n16-13.4.1,cuSPARSE-CUDA-13.4.1-SpMM-CSR-ALG2,cuSPARSE CUDA 13.4.1 SpMM CSR ALG2 [cuSPARSE 12.8.6],csr-alg2,cuSPARSE-SpMM-CSR,candidate,,,csr,csr,CUSPARSE_SPMM_CSR_ALG2,library-preprocess,spmm.csr.fp32,fp32,A100-SXM4-80GB,A100-SXM4-80GB,,19500.0,238ed034-08d6-5e0f-b7b4-c4d0b9e54f50,suitesparse_all,Meszaros/iprob,iprob,3001,3001,9000,16,row-major,N,N,1.0,0.0,20260922,main,pass,pass,0,0,288000.0,0.01312,0.0222719997168,0.0353919997168,0.0229279997168,12.931034647183417,8.137432253179272,12.56106086694402,0.06631299819068419,0.04173042181117575,0.06441569675355908,cuSPARSE 12.8.6,CUDA,13040,13000,2026-10-07T14:38:31.798824+00:00,source,csr-alg2,0,0,,,,5,20,4,true
3,full-20261009-A100-SXM4-80GB-spmm-fp32-cusparse-csr-alg2-n16-13.4.1,cuSPARSE-CUDA-13.4.1-SpMM-CSR-ALG2,cuSPARSE CUDA 13.4.1 SpMM CSR ALG2 [cuSPARSE 12.8.6],csr-alg2,cuSPARSE-SpMM-CSR,candidate,,,csr,csr,CUSPARSE_SPMM_CSR_ALG2,library-preprocess,spmm.csr.fp32,fp32,A100-SXM4-80GB,A100-SXM4-80GB,,19500.0,2793479a-b9ba-5e32-964d-96d3a38ca48f,suitesparse_all,Meszaros/kleemin,kleemin,8,16,44,16,row-major,N,N,1.0,0.0,20260922,main,pass,pass,0,0,1408.0,0.02115,0.015820799768,0.036970799768,0.016878299768,0.08899676505911518,0.03808410986063362,0.08342072479773485,0.00045639366696982137,0.0001953031274904288,0.00042779858870633256,cuSPARSE 12.8.6,CUDA,13040,13000,2026-10-07T09:03:38.887309+00:00,source,csr-alg2,0,0,,,,5,20,4,true
3,full-20261009-A100-SXM4-80GB-spmm-fp32-cusparse-csr-alg2-n16-13.4.1,cuSPARSE-CUDA-13.4.1-SpMM-CSR-ALG2,cuSPARSE CUDA 13.4.1 SpMM CSR ALG2 [cuSPARSE 12.8.6],csr-alg2,cuSPARSE-SpMM-CSR,candidate,,,csr,csr,CUSPARSE_SPMM_CSR_ALG2,library-preprocess,spmm.csr.fp32,fp32,A100-SXM4-80GB,A100-SXM4-80GB,,19500.0,df2405bf-ab33-5b32-9511-7da1122118f9,suitesparse_all,Meszaros/l30,l30,2701,16281,52070,16,row-major,N,N,1.0,0.0,20260922,main,pass,pass,0,0,1666240.0,0.01626,0.0232447996736,0.0395047996736,0.0240577996736,71.68226972901866,42.17816603974588,69.25986676281374,0.3676013832257367,0.21629828738331222,0.35517880391186535,cuSPARSE 12.8.6,CUDA,13040,13000,2026-10-08T09:45:00.541136+00:00,source,csr-alg2,0,0,,,,5,20,4,true
3,full-20261009-A100-SXM4-80GB-spmm-fp32-cusparse-csr-alg2-n16-13.4.1,cuSPARSE-CUDA-13.4.1-SpMM-CSR-ALG2,cuSPARSE CUDA 13.4.1 SpMM CSR ALG2 [cuSPARSE 12.8.6],csr-alg2,cuSPARSE-SpMM-CSR,candidate,,,csr,csr,CUSPARSE_SPMM_CSR_ALG2,library-preprocess,spmm.csr.fp32,fp32,A100-SXM4-80GB,A100-SXM4-80GB,,19500.0,238ed034-08d6-5e0f-b7b4-c4d0b9e54f50,suitesparse_all,Meszaros/lp22,lp22,2958,16392,68518,16,row-major,N,N,1.0,0.0,20260922,main,pass,pass,0,0,2192576.0,0.01712,0.0246784001589,0.0417984001589,0.0255344001589,88.84595378478257,52.45597897682077,85.86753502552043,0.4556202758193978,0.26900502039395263,0.4403463334642073,cuSPARSE 12.8.6,CUDA,13040,13000,2026-10-07T14:38:13.250689+00:00,source,csr-alg2,0,0,,,,5,20,4,true
3,full-20261009-A100-SXM4-80GB-spmm-fp32-cusparse-csr-alg2-n16-13.4.1,cuSPARSE-CUDA-13.4.1-SpMM-CSR-ALG2,cuSPARSE CUDA 13.4.1 SpMM CSR ALG2 [cuSPARSE 12.8.6],csr-alg2,cuSPARSE-SpMM-CSR,candidate,,,csr,csr,CUSPARSE_SPMM_CSR_ALG2,library-preprocess,spmm.csr.fp32,fp32,A100-SXM4-80GB,A100-SXM4-80GB,,19500.0,df2405bf-ab33-5b32-9511-7da1122118f9,suitesparse_all,Meszaros/lpl2,lpl2,3294,10881,32232,16,row-major,N,N,1.0,0.0,20260922,main,pass,pass,0,0,1031424.0,0.01502,0.0229376003146,0.0379576003146,0.0236886003146,44.96651724040587,27.173056027023748,43.540943166840556,0.23059752430977368,0.13934900526678845,0.22328688803507976,cuSPARSE 12.8.6,CUDA,13040,13000,2026-10-08T09:44:52.551195+00:00,source,csr-alg2,0,0,,,,5,20,4,true
3,full-20261009-A100-SXM4-80GB-spmm-fp32-cusparse-csr-alg2-n16-13.4.1,cuSPARSE-CUDA-13.4.1-SpMM-CSR-ALG2,cuSPARSE CUDA 13.4.1 SpMM CSR ALG2 [cuSPARSE 12.8.6],csr-alg2,cuSPARSE-SpMM-CSR,candidate,,,csr,csr,CUSPARSE_SPMM_CSR_ALG2,library-preprocess,spmm.csr.fp32,fp32,A100-SXM4-80GB,A100-SXM4-80GB,,19500.0,2793479a-b9ba-5e32-964d-96d3a38ca48f,suitesparse_all,Meszaros/mod2,mod2,34774,66409,199810,16,row-major,N,N,1.0,0.0,20260922,main,pass,pass,0,0,6393920.0,0.0406,0.0503744006157,0.0909744006157,0.0524044006157,126.9279618586118,70.28262848369415,122.01112740299952,0.6509126249159579,0.36042373581381615,0.6256980892461514,cuSPARSE 12.8.6,CUDA,13040,13000,2026-10-07T09:03:24.074647+00:00,source,csr-alg2,0,0,,,,5,20,4,true
3,full-20261009-A100-SXM4-80GB-spmm-fp32-cusparse-csr-alg2-n16-13.4.1,cuSPARSE-CUDA-13.4.1-SpMM-CSR-ALG2,cuSPARSE CUDA 13.4.1 SpMM CSR ALG2 [cuSPARSE 12.8.6],csr-alg2,cuSPARSE-SpMM-CSR,candidate,,,csr,csr,CUSPARSE_SPMM_CSR_ALG2,library-preprocess,spmm.csr.fp32,fp32,A100-SXM4-80GB,A100-SXM4-80GB,,19500.0,238ed034-08d6-5e0f-b7b4-c4d0b9e54f50,suitesparse_all,Meszaros/model5,model5,1888,11802,89925,16,row-major,N,N,1.0,0.0,20260922,main,pass,pass,0,0,2877600.0,0.02248,0.0205311998725,0.0430111998725,0.0216551998725,140.15741982300457,66.90350440188129,132.88263405290814,0.7187559990923311,0.343094894368622,0.6814494053995289,cuSPARSE 12.8.6,CUDA,13040,13000,2026-10-07T14:38:14.342891+00:00,source,csr-alg2,0,0,,,,5,20,4,true
3,full-20261009-A100-SXM4-80GB-spmm-fp32-cusparse-csr-alg2-n16-13.4.1,cuSPARSE-CUDA-13.4.1-SpMM-CSR-ALG2,cuSPARSE CUDA 13.4.1 SpMM CSR ALG2 [cuSPARSE 12.8.6],csr-alg2,cuSPARSE-SpMM-CSR,candidate,,,csr,csr,CUSPARSE_SPMM_CSR_ALG2,library-preprocess,spmm.csr.fp32,fp32,A100-SXM4-80GB,A100-SXM4-80GB,,19500.0,df2405bf-ab33-5b32-9511-7da1122118f9,suitesparse_all,Meszaros/model6,model6,2096,5289,27628,16,row-major,N,N,1.0,0.0,20260922,main,pass,pass,0,0,884096.0,0.01434,0.0236031994224,0.0379431994224,0.0243201994224,37.456616968671284,23.30051269946594,36.35233349220433,0.1920852152239553,0.11948980871520995,0.18642222303694528,cuSPARSE 12.8.6,CUDA,13040,13000,2026-10-08T09:44:53.190696+00:00,source,csr-alg2,0,0,,,,5,20,4,true
3,full-20261009-A100-SXM4-80GB-spmm-fp32-cusparse-csr-alg2-n16-13.4.1,cuSPARSE-CUDA-13.4.1-SpMM-CSR-ALG2,cuSPARSE CUDA 13.4.1 SpMM CSR ALG2 [cuSPARSE 12.8.6],csr-alg2,cuSPARSE-SpMM-CSR,candidate,,,csr,csr,CUSPARSE_SPMM_CSR_ALG2,library-preprocess,spmm.csr.fp32,fp32,A100-SXM4-80GB,A100-SXM4-80GB,,19500.0,2793479a-b9ba-5e32-964d-96d3a38ca48f,suitesparse_all,Meszaros/model8,model8,2896,6464,25277,16,row-major,N,N,1.0,0.0,20260922,main,pass,pass,0,0,808864.0,0.01375,0.0236543998122,0.0374043998122,0.0243418998122,34.195076029061624,21.624835689414727,33.2292880276585,0.17535936425159807,0.11089659327904988,0.1704066052700436,cuSPARSE 12.8.6,CUDA,13040,13000,2026-10-07T09:03:24.715977+00:00,source,csr-alg2,0,0,,,,5,20,4,true
3,full-20261009-A100-SXM4-80GB-spmm-fp32-cusparse-csr-alg2-n16-13.4.1,cuSPARSE-CUDA-13.4.1-SpMM-CSR-ALG2,cuSPARSE CUDA 13.4.1 SpMM CSR ALG2 [cuSPARSE 12.8.6],csr-alg2,cuSPARSE-SpMM-CSR,candidate,,,csr,csr,CUSPARSE_SPMM_CSR_ALG2,library-preprocess,spmm.csr.fp32,fp32,A100-SXM4-80GB,A100-SXM4-80GB,,19500.0,238ed034-08d6-5e0f-b7b4-c4d0b9e54f50,suitesparse_all,Meszaros/nemsemm1,nemsemm1,3945,75352,1053986,16,row-major,N,N,1.0,0.0,20260922,main,pass,pass,0,0,33727552.0,0.04568,0.102655994892,0.148335994892,0.104939994892,328.5492682184155,227.37267528731817,321.39845284641984,1.6848680421457203,1.1660137194221445,1.6481971940842044,cuSPARSE 12.8.6,CUDA,13040,13000,2026-10-07T14:38:17.372767+00:00,source,csr-alg2,0,0,,,,5,20,4,true
3,full-20261009-A100-SXM4-80GB-spmm-fp32-cusparse-csr-alg2-n16-13.4.1,cuSPARSE-CUDA-13.4.1-SpMM-CSR-ALG2,cuSPARSE CUDA 13.4.1 SpMM CSR ALG2 [cuSPARSE 12.8.6],csr-alg2,cuSPARSE-SpMM-CSR,candidate,,,csr,csr,CUSPARSE_SPMM_CSR_ALG2,library-preprocess,spmm.csr.fp32,fp32,A100-SXM4-80GB,A100-SXM4-80GB,,19500.0,df2405bf-ab33-5b32-9511-7da1122118f9,suitesparse_all,Meszaros/nemsemm2,nemsemm2,6943,48878,182012,16,row-major,N,N,1.0,0.0,20260922,main,pass,pass,0,0,5824384.0,0.0228,0.0379391998053,0.0607391998053,0.0390791998053,153.51889417515733,95.89168146222062,149.0405133426014,0.7872763803854222,0.49175221262677243,0.7643103248338533,cuSPARSE 12.8.6,CUDA,13040,13000,2026-10-08T09:44:54.297037+00:00,source,csr-alg2,0,0,,,,5,20,4,true
3,full-20261009-A100-SXM4-80GB-spmm-fp32-cusparse-csr-alg2-n16-13.4.1,cuSPARSE-CUDA-13.4.1-SpMM-CSR-ALG2,cuSPARSE CUDA 13.4.1 SpMM CSR ALG2 [cuSPARSE 12.8.6],csr-alg2,cuSPARSE-SpMM-CSR,candidate,,,csr,csr,CUSPARSE_SPMM_CSR_ALG2,library-preprocess,spmm.csr.fp32,fp32,A100-SXM4-80GB,A100-SXM4-80GB,,19500.0,2793479a-b9ba-5e32-964d-96d3a38ca48f,suitesparse_all,Meszaros/nemspmm2,nemspmm2,2301,8734,68225,16,row-major,N,N,1.0,0.0,20260922,main,pass,pass,0,0,2183200.0,0.01936,0.0261007994413,0.0454607994413,0.0270687994413,83.64494753924907,48.02379251642939,80.65374324171172,0.428948448919226,0.24627585905861224,0.4136089397010857,cuSPARSE 12.8.6,CUDA,13040,13000,2026-10-07T09:03:25.651360+00:00,source,csr-alg2,0,0,,,,5,20,4,true
3,full-20261009-A100-SXM4-80GB-spmm-fp32-cusparse-csr-alg2-n16-13.4.1,cuSPARSE-CUDA-13.4.1-SpMM-CSR-ALG2,cuSPARSE CUDA 13.4.1 SpMM CSR ALG2 [cuSPARSE 12.8.6],csr-alg2,cuSPARSE-SpMM-CSR,candidate,,,csr,csr,CUSPARSE_SPMM_CSR_ALG2,library-preprocess,spmm.csr.fp32,fp32,A100-SXM4-80GB,A100-SXM4-80GB,,19500.0,238ed034-08d6-5e0f-b7b4-c4d0b9e54f50,suitesparse_all,Meszaros/p0040,p0040,23,63,133,16,row-major,N,N,1.0,0.0,20260922,main,pass,pass,0,0,4256.0,0.01398,0.0183807998896,0.0323607998896,0.0190797998896,0.23154596239351244,0.13151714464782988,0.2230631361243918,0.0011874151917616023,0.0006744468956298968,0.0011439135185866247,cuSPARSE 12.8.6,CUDA,13040,13000,2026-10-07T14:38:18.251887+00:00,source,csr-alg2,0,0,,,,5,20,4,true
3,full-20261009-A100-SXM4-80GB-spmm-fp32-cusparse-csr-alg2-n16-13.4.1,cuSPARSE-CUDA-13.4.1-SpMM-CSR-ALG2,cuSPARSE CUDA 13.4.1 SpMM CSR ALG2 [cuSPARSE 12.8.6],csr-alg2,cuSPARSE-SpMM-CSR,candidate,,,csr,csr,CUSPARSE_SPMM_CSR_ALG2,library-preprocess,spmm.csr.fp32,fp32,A100-SXM4-80GB,A100-SXM4-80GB,,19500.0,df2405bf-ab33-5b32-9511-7da1122118f9,suitesparse_all,Meszaros/p010,p010,10090,19090,118000,16,row-major,N,N,1.0,0.0,20260922,main,pass,pass,0,0,3776000.0,0.016289,0.0353792011738,0.0516682011738,0.0361936511738,106.72937417242505,73.08170043114914,104.32768945768547,0.5473301239611541,0.3747779509289699,0.5350137920906947,cuSPARSE 12.8.6,CUDA,13040,13000,2026-10-08T09:44:55.254374+00:00,source,csr-alg2,0,0,,,,5,20,4,true
3,full-20261009-A100-SXM4-80GB-spmm-fp32-cusparse-csr-alg2-n16-13.4.1,cuSPARSE-CUDA-13.4.1-SpMM-CSR-ALG2,cuSPARSE CUDA 13.4.1 SpMM CSR ALG2 [cuSPARSE 12.8.6],csr-alg2,cuSPARSE-SpMM-CSR,candidate,,,csr,csr,CUSPARSE_SPMM_CSR_ALG2,library-preprocess,spmm.csr.fp32,fp32,A100-SXM4-80GB,A100-SXM4-80GB,,19500.0,2793479a-b9ba-5e32-964d-96d3a38ca48f,suitesparse_all,Meszaros/p0282,p0282,241,523,2207,16,row-major,N,N,1.0,0.0,20260922,main,pass,pass,0,0,70624.0,0.01496,0.0202240005136,0.0351840005136,0.0209720005136,3.4920885189113595,2.0072760052598633,3.3675375868030084,0.017908146250827487,0.010293723103896734,0.01726942352206671,cuSPARSE 12.8.6,CUDA,13040,13000,2026-10-07T09:03:26.541436+00:00,source,csr-alg2,0,0,,,,5,20,4,true
3,full-20261009-A100-SXM4-80GB-spmm-fp32-cusparse-csr-alg2-n16-13.4.1,cuSPARSE-CUDA-13.4.1-SpMM-CSR-ALG2,cuSPARSE CUDA 13.4.1 SpMM CSR ALG2 [cuSPARSE 12.8.6],csr-alg2,cuSPARSE-SpMM-CSR,candidate,,,csr,csr,CUSPARSE_SPMM_CSR_ALG2,library-preprocess,spmm.csr.fp32,fp32,A100-SXM4-80GB,A100-SXM4-80GB,,19500.0,238ed034-08d6-5e0f-b7b4-c4d0b9e54f50,suitesparse_all,Meszaros/p6000,p6000,2095,7967,19826,16,row-major,N,N,1.0,0.0,20260922,main,pass,pass,0,0,634432.0,0.01325,0.0232960000634,0.0365460000634,0.0239585000634,27.23351640940054,17.35982047007572,26.48045571805994,0.13965905850974636,0.08902472035936267,0.13579720881056379,cuSPARSE 12.8.6,CUDA,13040,13000,2026-10-07T14:38:18.996381+00:00,source,csr-alg2,0,0,,,,5,20,4,true
3,full-20261009-A100-SXM4-80GB-spmm-fp32-cusparse-csr-alg2-n16-13.4.1,cuSPARSE-CUDA-13.4.1-SpMM-CSR-ALG2,cuSPARSE CUDA 13.4.1 SpMM CSR ALG2 [cuSPARSE 12.8.6],csr-alg2,cuSPARSE-SpMM-CSR,candidate,,,csr,csr,CUSPARSE_SPMM_CSR_ALG2,library-preprocess,spmm.csr.fp32,fp32,A100-SXM4-80GB,A100-SXM4-80GB,,19500.0,df2405bf-ab33-5b32-9511-7da1122118f9,suitesparse_all,Meszaros/pcb1000,pcb1000,1565,2820,20463,16,row-major,N,N,1.0,0.0,20260922,main,pass,pass,0,0,654816.0,0.01534,0.0212479993701,0.0365879993701,0.0220149993701,30.81777199793461,17.897015723005634,29.744084430424657,0.15803985639966467,0.0917795678102853,0.15253376630987003,cuSPARSE 12.8.6,CUDA,13040,13000,2026-10-08T09:44:55.870492+00:00,source,csr-alg2,0,0,,,,5,20,4,true
3,full-20261009-A100-SXM4-80GB-spmm-fp32-cusparse-csr-alg2-n16-13.4.1,cuSPARSE-CUDA-13.4.1-SpMM-CSR-ALG2,cuSPARSE CUDA 13.4.1 SpMM CSR ALG2 [cuSPARSE 12.8.6],csr-alg2,cuSPARSE-SpMM-CSR,candidate,,,csr,csr,CUSPARSE_SPMM_CSR_ALG2,library-preprocess,spmm.csr.fp32,fp32,A100-SXM4-80GB,A100-SXM4-80GB,,19500.0,2793479a-b9ba-5e32-964d-96d3a38ca48f,suitesparse_all,Meszaros/pf2177,pf2177,9728,10178,30984,16,row-major,N,N,1.0,0.0,20260922,main,pass,pass,0,0,991488.0,0.0145,0.0256976008415,0.0401976008415,0.0264226008415,38.5829014200738,24.665352639065656,37.524239417141104,0.19786103292345542,0.1264889878926444,0.19243199701098002,cuSPARSE 12.8.6,CUDA,13040,13000,2026-10-07T09:03:27.288555+00:00,source,csr-alg2,0,0,,,,5,20,4,true
3,full-20261009-A100-SXM4-80GB-spmm-fp32-cusparse-csr-alg2-n16-13.4.1,cuSPARSE-CUDA-13.4.1-SpMM-CSR-ALG2,cuSPARSE CUDA 13.4.1 SpMM CSR ALG2 [cuSPARSE 12.8.6],csr-alg2,cuSPARSE-SpMM-CSR,candidate,,,csr,csr,CUSPARSE_SPMM_CSR_ALG2,library-preprocess,spmm.csr.fp32,fp32,A100-SXM4-80GB,A100-SXM4-80GB,,19500.0,238ed034-08d6-5e0f-b7b4-c4d0b9e54f50,suitesparse_all,Meszaros/plddb,plddb,3069,5049,10839,16,row-major,N,N,1.0,0.0,20260922,main,pass,pass,0,0,346848.0,0.01374,0.0175104007125,0.0312504007125,0.0181974007125,19.80811322909353,11.098993679823842,19.060304572056065,0.10158006784150528,0.056917916306788933,0.09774515165156958,cuSPARSE 12.8.6,CUDA,13040,13000,2026-10-07T14:39:04.980025+00:00,source,csr-alg2,0,0,,,,5,20,4,true
3,full-20261009-A100-SXM4-80GB-spmm-fp32-cusparse-csr-alg2-n16-13.4.1,cuSPARSE-CUDA-13.4.1-SpMM-CSR-ALG2,cuSPARSE CUDA 13.4.1 SpMM CSR ALG2 [cuSPARSE 12.8.6],csr-alg2,cuSPARSE-SpMM-CSR,candidate,,,csr,csr,CUSPARSE_SPMM_CSR_ALG2,library-preprocess,spmm.csr.fp32,fp32,A100-SXM4-80GB,A100-SXM4-80GB,,19500.0,2793479a-b9ba-5e32-964d-96d3a38ca48f,suitesparse_all,Meszaros/pltexpa,pltexpa,26894,70364,143059,16,row-major,N,N,1.0,0.0,20260922,main,pass,pass,0,0,4577888.0,0.04413,0.0431104004383,0.0872404004383,0.0453169004383,106.18987421728814,52.47440379687013,101.0194421004786,0.5445634575245545,0.26909950665061605,0.5180484210280955,cuSPARSE 12.8.6,CUDA,13040,13000,2026-10-07T09:03:40.998880+00:00,source,csr-alg2,0,0,,,,5,20,4,true
3,full-20261009-A100-SXM4-80GB-spmm-fp32-cusparse-csr-alg2-n16-13.4.1,cuSPARSE-CUDA-13.4.1-SpMM-CSR-ALG2,cuSPARSE CUDA 13.4.1 SpMM CSR ALG2 [cuSPARSE 12.8.6],csr-alg2,cuSPARSE-SpMM-CSR,candidate,,,csr,csr,CUSPARSE_SPMM_CSR_ALG2,library-preprocess,spmm.csr.fp32,fp32,A100-SXM4-80GB,A100-SXM4-80GB,,19500.0,238ed034-08d6-5e0f-b7b4-c4d0b9e54f50,suitesparse_all,Meszaros/r05,r05,5190,9690,104145,16,row-major,N,N,1.0,0.0,20260922,main,pass,pass,0,0,3332640.0,0.01455,0.0321536004543,0.0467036004543,0.0328811004543,103.64749057377541,71.35723943298602,101.35427202723615,0.5315255926860277,0.3659345611948001,0.51976549757557,cuSPARSE 12.8.6,CUDA,13040,13000,2026-10-07T14:38:19.956637+00:00,source,csr-alg2,0,0,,,,5,20,4,true
3,full-20261009-A100-SXM4-80GB-spmm-fp32-cusparse-csr-alg2-n16-13.4.1,cuSPARSE-CUDA-13.4.1-SpMM-CSR-ALG2,cuSPARSE CUDA 13.4.1 SpMM CSR ALG2 [cuSPARSE 12.8.6],csr-alg2,cuSPARSE-SpMM-CSR,candidate,,,csr,csr,CUSPARSE_SPMM_CSR_ALG2,library-preprocess,spmm.csr.fp32,fp32,A100-SXM4-80GB,A100-SXM4-80GB,,19500.0,df2405bf-ab33-5b32-9511-7da1122118f9,suitesparse_all,Meszaros/rat,rat,3136,9408,268908,16,row-major,N,N,1.0,0.0,20260922,main,pass,pass,0,0,8605056.0,0.01815,0.0442880004644,0.0624380004644,0.0451955004644,194.29768582388354,137.81761004512478,190.396298560254,0.9963983888404283,0.7067569745903834,0.9763912746679692,cuSPARSE 12.8.6,CUDA,13040,13000,2026-10-08T09:45:07.511597+00:00,source,csr-alg2,0,0,,,,5,20,4,true
3,full-20261009-A100-SXM4-80GB-spmm-fp32-cusparse-csr-alg2-n16-13.4.1,cuSPARSE-CUDA-13.4.1-SpMM-CSR-ALG2,cuSPARSE CUDA 13.4.1 SpMM CSR ALG2 [cuSPARSE 12.8.6],csr-alg2,cuSPARSE-SpMM-CSR,candidate,,,csr,csr,CUSPARSE_SPMM_CSR_ALG2,library-preprocess,spmm.csr.fp32,fp32,A100-SXM4-80GB,A100-SXM4-80GB,,19500.0,df2405bf-ab33-5b32-9511-7da1122118f9,suitesparse_all,Meszaros/refine,refine,29,62,153,16,row-major,N,N,1.0,0.0,20260922,main,pass,pass,0,0,4896.0,0.01783,0.0173567995429,0.0351867995429,0.0182482995429,0.2820796534464078,0.13914308955637644,0.268298971555677,0.0014465623253661938,0.0007135543054173151,0.0013758921618239846,cuSPARSE 12.8.6,CUDA,13040,13000,2026-10-08T09:44:56.426625+00:00,source,csr-alg2,0,0,,,,5,20,4,true
3,full-20261009-A100-SXM4-80GB-spmm-fp32-cusparse-csr-alg2-n16-13.4.1,cuSPARSE-CUDA-13.4.1-SpMM-CSR-ALG2,cuSPARSE CUDA 13.4.1 SpMM CSR ALG2 [cuSPARSE 12.8.6],csr-alg2,cuSPARSE-SpMM-CSR,candidate,,,csr,csr,CUSPARSE_SPMM_CSR_ALG2,library-preprocess,spmm.csr.fp32,fp32,A100-SXM4-80GB,A100-SXM4-80GB,,19500.0,2793479a-b9ba-5e32-964d-96d3a38ca48f,suitesparse_all,Meszaros/rlfdual,rlfdual,8052,74970,282031,16,row-major,N,N,1.0,0.0,20260922,main,pass,pass,0,0,9024992.0,0.0255,0.0476159989834,0.0731159989834,0.0488909989834,189.53696641219926,123.43388759618811,184.59414181870702,0.9719844431394835,0.6329942953650672,0.946636624711318,cuSPARSE 12.8.6,CUDA,13040,13000,2026-10-07T09:03:29.279661+00:00,source,csr-alg2,0,0,,,,5,20,4,true
3,full-20261009-A100-SXM4-80GB-spmm-fp32-cusparse-csr-alg2-n16-13.4.1,cuSPARSE-CUDA-13.4.1-SpMM-CSR-ALG2,cuSPARSE CUDA 13.4.1 SpMM CSR ALG2 [cuSPARSE 12.8.6],csr-alg2,cuSPARSE-SpMM-CSR,candidate,,,csr,csr,CUSPARSE_SPMM_CSR_ALG2,library-preprocess,spmm.csr.fp32,fp32,A100-SXM4-80GB,A100-SXM4-80GB,,19500.0,df2405bf-ab33-5b32-9511-7da1122118f9,suitesparse_all,Meszaros/rosen10,rosen10,2056,6152,64192,16,row-major,N,N,1.0,0.0,20260922,main,pass,pass,0,0,2054144.0,0.016131,0.0216575995088,0.0377885995088,0.0224641495088,94.84633784853912,54.35882850121615,91.44098685754024,0.4863914761463545,0.27876322308315976,0.4689281377309755,cuSPARSE 12.8.6,CUDA,13040,13000,2026-10-08T09:44:57.147125+00:00,source,csr-alg2,0,0,,,,5,20,4,true
3,full-20261009-A100-SXM4-80GB-spmm-fp32-cusparse-csr-alg2-n16-13.4.1,cuSPARSE-CUDA-13.4.1-SpMM-CSR-ALG2,cuSPARSE CUDA 13.4.1 SpMM CSR ALG2 [cuSPARSE 12.8.6],csr-alg2,cuSPARSE-SpMM-CSR,candidate,,,csr,csr,CUSPARSE_SPMM_CSR_ALG2,library-preprocess,spmm.csr.fp32,fp32,A100-SXM4-80GB,A100-SXM4-80GB,,19500.0,238ed034-08d6-5e0f-b7b4-c4d0b9e54f50,suitesparse_all,Meszaros/rosen8,rosen8,520,1544,16058,16,row-major,N,N,1.0,0.0,20260922,main,pass,pass,0,0,513856.0,0.01265,0.0205311998725,0.0331811998725,0.0211636998725,25.02805501826864,15.486359805387115,24.280064596252462,0.12834900009368533,0.07941722977121597,0.12451315177565364,cuSPARSE 12.8.6,CUDA,13040,13000,2026-10-07T14:38:20.736376+00:00,source,csr-alg2,0,0,,,,5,20,4,true
3,full-20261009-A100-SXM4-80GB-spmm-fp32-cusparse-csr-alg2-n16-13.4.1,cuSPARSE-CUDA-13.4.1-SpMM-CSR-ALG2,cuSPARSE CUDA 13.4.1 SpMM CSR ALG2 [cuSPARSE 12.8.6],csr-alg2,cuSPARSE-SpMM-CSR,candidate,,,csr,csr,CUSPARSE_SPMM_CSR_ALG2,library-preprocess,spmm.csr.fp32,fp32,A100-SXM4-80GB,A100-SXM4-80GB,,19500.0,238ed034-08d6-5e0f-b7b4-c4d0b9e54f50,suitesparse_all,Meszaros/scfxm1-2b,scfxm1-2b,19036,33047,111052,16,row-major,N,N,1.0,0.0,20260922,main,pass,pass,0,0,3553664.0,0.01757,0.0312831997871,0.0488531997871,0.0321616997871,113.59656378454596,72.741683563957,110.49366244707528,0.5825464809463896,0.37303427468695893,0.5666341663952579,cuSPARSE 12.8.6,CUDA,13040,13000,2026-10-07T14:39:06.229059+00:00,source,csr-alg2,0,0,,,,5,20,4,true
3,full-20261009-A100-SXM4-80GB-spmm-fp32-cusparse-csr-alg2-n16-13.4.1,cuSPARSE-CUDA-13.4.1-SpMM-CSR-ALG2,cuSPARSE CUDA 13.4.1 SpMM CSR ALG2 [cuSPARSE 12.8.6],csr-alg2,cuSPARSE-SpMM-CSR,candidate,,,csr,csr,CUSPARSE_SPMM_CSR_ALG2,library-preprocess,spmm.csr.fp32,fp32,A100-SXM4-80GB,A100-SXM4-80GB,,19500.0,df2405bf-ab33-5b32-9511-7da1122118f9,suitesparse_all,Meszaros/scfxm1-2r,scfxm1-2r,37980,65943,221388,16,row-major,N,N,1.0,0.0,20260922,main,pass,pass,0,0,7084416.0,0.04119,0.0546815991402,0.0958715991402,0.0567410991402,129.55758630679446,73.89483500363798,124.85510692162156,0.6643978784963819,0.3789478718135281,0.6402825995980592,cuSPARSE 12.8.6,CUDA,13040,13000,2026-10-08T09:45:09.040424+00:00,source,csr-alg2,0,0,,,,5,20,4,true
3,full-20261009-A100-SXM4-80GB-spmm-fp32-cusparse-csr-alg2-n16-13.4.1,cuSPARSE-CUDA-13.4.1-SpMM-CSR-ALG2,cuSPARSE CUDA 13.4.1 SpMM CSR ALG2 [cuSPARSE 12.8.6],csr-alg2,cuSPARSE-SpMM-CSR,candidate,,,csr,csr,CUSPARSE_SPMM_CSR_ALG2,library-preprocess,spmm.csr.fp32,fp32,A100-SXM4-80GB,A100-SXM4-80GB,,19500.0,2793479a-b9ba-5e32-964d-96d3a38ca48f,suitesparse_all,Meszaros/scrs8-2c,scrs8-2c,1820,3499,7367,16,row-major,N,N,1.0,0.0,20260922,main,pass,pass,0,0,235744.0,0.01441,0.0225792005658,0.0369892005658,0.0232997005658,10.440759375558848,6.373319682339054,10.117898268016033,0.05354235577209666,0.032683690678661816,0.0518866577846976,cuSPARSE 12.8.6,CUDA,13040,13000,2026-10-07T09:03:42.175188+00:00,source,csr-alg2,0,0,,,,5,20,4,true
3,full-20261009-A100-SXM4-80GB-spmm-fp32-cusparse-csr-alg2-n16-13.4.1,cuSPARSE-CUDA-13.4.1-SpMM-CSR-ALG2,cuSPARSE CUDA 13.4.1 SpMM CSR ALG2 [cuSPARSE 12.8.6],csr-alg2,cuSPARSE-SpMM-CSR,candidate,,,csr,csr,CUSPARSE_SPMM_CSR_ALG2,library-preprocess,spmm.csr.fp32,fp32,A100-SXM4-80GB,A100-SXM4-80GB,,19500.0,238ed034-08d6-5e0f-b7b4-c4d0b9e54f50,suitesparse_all,Meszaros/sctap1-2b,sctap1-2b,15390,33858,99454,16,row-major,N,N,1.0,0.0,20260922,main,pass,pass,0,0,3182528.0,0.01491,0.0335359990597,0.0484459990597,0.0342814990597,94.89885762265612,65.69227721113091,92.83514686617822,0.4866608083213135,0.33688347287759446,0.47607767623681135,cuSPARSE 12.8.6,CUDA,13040,13000,2026-10-07T14:39:07.634852+00:00,source,csr-alg2,0,0,,,,5,20,4,true
3,full-20261009-A100-SXM4-80GB-spmm-fp32-cusparse-csr-alg2-n16-13.4.1,cuSPARSE-CUDA-13.4.1-SpMM-CSR-ALG2,cuSPARSE CUDA 13.4.1 SpMM CSR ALG2 [cuSPARSE 12.8.6],csr-alg2,cuSPARSE-SpMM-CSR,candidate,,,csr,csr,CUSPARSE_SPMM_CSR_ALG2,library-preprocess,spmm.csr.fp32,fp32,A100-SXM4-80GB,A100-SXM4-80GB,,19500.0,df2405bf-ab33-5b32-9511-7da1122118f9,suitesparse_all,Meszaros/sctap1-2c,sctap1-2c,3390,7458,21854,16,row-major,N,N,1.0,0.0,20260922,main,pass,pass,0,0,699328.0,0.01487,0.0236031994224,0.0384731994224,0.0243466994224,29.628525670817368,18.17701700142034,28.72372915388229,0.1519411572862429,0.09321547180215559,0.1473011751481143,cuSPARSE 12.8.6,CUDA,13040,13000,2026-10-08T09:45:09.702812+00:00,source,csr-alg2,0,0,,,,5,20,4,true
3,full-20261009-A100-SXM4-80GB-spmm-fp32-cusparse-csr-alg2-n16-13.4.1,cuSPARSE-CUDA-13.4.1-SpMM-CSR-ALG2,cuSPARSE CUDA 13.4.1 SpMM CSR ALG2 [cuSPARSE 12.8.6],csr-alg2,cuSPARSE-SpMM-CSR,candidate,,,csr,csr,CUSPARSE_SPMM_CSR_ALG2,library-preprocess,spmm.csr.fp32,fp32,A100-SXM4-80GB,A100-SXM4-80GB,,19500.0,2793479a-b9ba-5e32-964d-96d3a38ca48f,suitesparse_all,Meszaros/seymourl,seymourl,4944,6316,38493,16,row-major,N,N,1.0,0.0,20260922,main,pass,pass,0,0,1231776.0,0.01388,0.024627199769,0.038507199769,0.025321199769,50.016892361043965,31.988199801317005,48.64603617669124,0.2564968839027896,0.16404205026316412,0.2494668521881602,cuSPARSE 12.8.6,CUDA,13040,13000,2026-10-07T09:03:29.964994+00:00,source,csr-alg2,0,0,,,,5,20,4,true
3,full-20261009-A100-SXM4-80GB-spmm-fp32-cusparse-csr-alg2-n16-13.4.1,cuSPARSE-CUDA-13.4.1-SpMM-CSR-ALG2,cuSPARSE CUDA 13.4.1 SpMM CSR ALG2 [cuSPARSE 12.8.6],csr-alg2,cuSPARSE-SpMM-CSR,candidate,,,csr,csr,CUSPARSE_SPMM_CSR_ALG2,library-preprocess,spmm.csr.fp32,fp32,A100-SXM4-80GB,A100-SXM4-80GB,,19500.0,238ed034-08d6-5e0f-b7b4-c4d0b9e54f50,suitesparse_all,Meszaros/stat96v3,stat96v3,33841,1113780,3317736,16,row-major,N,N,1.0,0.0,20260922,main,pass,pass,0,0,106167552.0,0.052991,0.585932779312,0.638923779312,0.588582329312,181.19408189564257,166.16622426281015,180.3784223765269,0.9292004199776542,0.8521344833990264,0.9250175506488558,cuSPARSE 12.8.6,CUDA,13040,13000,2026-10-07T14:38:30.469805+00:00,source,csr-alg2,0,0,,,,5,20,4,true
3,full-20261009-A100-SXM4-80GB-spmm-fp32-cusparse-csr-alg2-n16-13.4.1,cuSPARSE-CUDA-13.4.1-SpMM-CSR-ALG2,cuSPARSE CUDA 13.4.1 SpMM CSR ALG2 [cuSPARSE 12.8.6],csr-alg2,cuSPARSE-SpMM-CSR,candidate,,,csr,csr,CUSPARSE_SPMM_CSR_ALG2,library-preprocess,spmm.csr.fp32,fp32,A100-SXM4-80GB,A100-SXM4-80GB,,19500.0,df2405bf-ab33-5b32-9511-7da1122118f9,suitesparse_all,Meszaros/stat96v4,stat96v4,3173,63076,491336,16,row-major,N,N,1.0,0.0,20260922,main,pass,pass,0,0,15722752.0,0.05288,0.0717823982239,0.124662398224,0.0744263982239,219.03352895731337,126.12264984465104,211.25235635749289,1.123248866447761,0.6467828197161591,1.0833454172179122,cuSPARSE 12.8.6,CUDA,13040,13000,2026-10-08T09:44:59.141527+00:00,source,csr-alg2,0,0,,,,5,20,4,true
3,full-20261009-A100-SXM4-80GB-spmm-fp32-cusparse-csr-alg2-n16-13.4.1,cuSPARSE-CUDA-13.4.1-SpMM-CSR-ALG2,cuSPARSE CUDA 13.4.1 SpMM CSR ALG2 [cuSPARSE 12.8.6],csr-alg2,cuSPARSE-SpMM-CSR,candidate,,,csr,csr,CUSPARSE_SPMM_CSR_ALG2,library-preprocess,spmm.csr.fp32,fp32,A100-SXM4-80GB,A100-SXM4-80GB,,19500.0,2793479a-b9ba-5e32-964d-96d3a38ca48f,suitesparse_all,Meszaros/stormg2-125,stormg2-125,66185,172431,433256,16,row-major,N,N,1.0,0.0,20260922,main,pass,pass,0,0,13864192.0,0.049,0.0847360014915,0.133736001492,0.0871860014915,163.61631131946604,103.66836039156853,159.01855530502402,0.8390580067664926,0.5316326173926591,0.815479770794995,cuSPARSE 12.8.6,CUDA,13040,13000,2026-10-07T09:03:38.032880+00:00,source,csr-alg2,0,0,,,,5,20,4,true
3,full-20261009-A100-SXM4-80GB-spmm-fp32-cusparse-csr-alg2-n16-13.4.1,cuSPARSE-CUDA-13.4.1-SpMM-CSR-ALG2,cuSPARSE CUDA 13.4.1 SpMM CSR ALG2 [cuSPARSE 12.8.6],csr-alg2,cuSPARSE-SpMM-CSR,candidate,,,csr,csr,CUSPARSE_SPMM_CSR_ALG2,library-preprocess,spmm.csr.fp32,fp32,A100-SXM4-80GB,A100-SXM4-80GB,,19500.0,2793479a-b9ba-5e32-964d-96d3a38ca48f,suitesparse_all,Meszaros/t0331-4l,t0331-4l,664,46915,430982,16,row-major,N,N,1.0,0.0,20260922,main,pass,pass,0,0,13791424.0,0.01828,0.0601599991322,0.0784399991322,0.0610739991322,229.2457479876905,175.82131760043012,225.8149817592141,1.1756192204496947,0.9016477825663083,1.1580255474831493,cuSPARSE 12.8.6,CUDA,13040,13000,2026-10-07T09:03:31.571821+00:00,source,csr-alg2,0,0,,,,5,20,4,true
3,full-20261009-A100-SXM4-80GB-spmm-fp32-cusparse-csr-alg2-n16-13.4.1,cuSPARSE-CUDA-13.4.1-SpMM-CSR-ALG2,cuSPARSE CUDA 13.4.1 SpMM CSR ALG2 [cuSPARSE 12.8.6],csr-alg2,cuSPARSE-SpMM-CSR,candidate,,,csr,csr,CUSPARSE_SPMM_CSR_ALG2,library-preprocess,spmm.csr.fp32,fp32,A100-SXM4-80GB,A100-SXM4-80GB,,19500.0,238ed034-08d6-5e0f-b7b4-c4d0b9e54f50,suitesparse_all,Meszaros/tp-6,tp-6,142752,1014301,11537419,16,row-major,N,N,1.0,0.0,20260922,main,pass,pass,0,0,369197408.0,3.987442,2.01011199951,5.99755399951,2.20948409951,183.67006818027969,61.557996481592895,167.0966575780642,0.9418977855398959,0.31568203323893795,0.8569059362977651,cuSPARSE 12.8.6,CUDA,13040,13000,2026-10-07T14:39:04.078614+00:00,source,csr-alg2,0,0,,,,5,20,4,true
3,full-20261009-A100-SXM4-80GB-spmm-fp32-cusparse-csr-alg2-n16-13.4.1,cuSPARSE-CUDA-13.4.1-SpMM-CSR-ALG2,cuSPARSE CUDA 13.4.1 SpMM CSR ALG2 [cuSPARSE 12.8.6],csr-alg2,cuSPARSE-SpMM-CSR,candidate,,,csr,csr,CUSPARSE_SPMM_CSR_ALG2,library-preprocess,spmm.csr.fp32,fp32,A100-SXM4-80GB,A100-SXM4-80GB,,19500.0,df2405bf-ab33-5b32-9511-7da1122118f9,suitesparse_all,Meszaros/ts-palko,ts-palko,22002,47235,1076903,16,row-major,N,N,1.0,0.0,20260922,main,pass,pass,0,0,34460896.0,0.046849,0.136038398743,0.182887398743,0.138380848743,253.31741859960127,188.42684754035844,249.02937301678605,1.2990636851261603,0.9662915258479919,1.27707370777839,cuSPARSE 12.8.6,CUDA,13040,13000,2026-10-08T09:45:06.269662+00:00,source,csr-alg2,0,0,,,,5,20,4,true
3,full-20261009-A100-SXM4-80GB-spmm-fp32-cusparse-csr-alg2-n16-13.4.1,cuSPARSE-CUDA-13.4.1-SpMM-CSR-ALG2,cuSPARSE CUDA 13.4.1 SpMM CSR ALG2 [cuSPARSE 12.8.6],csr-alg2,cuSPARSE-SpMM-CSR,candidate,,,csr,csr,CUSPARSE_SPMM_CSR_ALG2,library-preprocess,spmm.csr.fp32,fp32,A100-SXM4-80GB,A100-SXM4-80GB,,19500.0,238ed034-08d6-5e0f-b7b4-c4d0b9e54f50,suitesparse_all,Meszaros/zed,zed,116,142,666,16,row-major,N,N,1.0,0.0,20260922,main,pass,pass,0,0,21312.0,0.01228,0.0196096003056,0.0318896003056,0.0202236003056,1.0868146044727816,0.6683056481036386,1.053818295355581,0.005573408228065547,0.0034272084518135308,0.0054041963864388766,cuSPARSE 12.8.6,CUDA,13040,13000,2026-10-07T14:38:31.069661+00:00,source,csr-alg2,0,0,,,,5,20,4,true
3,full-20261009-A100-SXM4-80GB-spmm-fp32-cusparse-csr-alg2-n16-13.4.1,cuSPARSE-CUDA-13.4.1-SpMM-CSR-ALG2,cuSPARSE CUDA 13.4.1 SpMM CSR ALG2 [cuSPARSE 12.8.6],csr-alg2,cuSPARSE-SpMM-CSR,candidate,,,csr,csr,CUSPARSE_SPMM_CSR_ALG2,library-preprocess,spmm.csr.fp32,fp32,A100-SXM4-80GB,A100-SXM4-80GB,,19500.0,df2405bf-ab33-5b32-9511-7da1122118f9,suitesparse_all,Mittelmann/cont11_l,cont11_l,1468599,1961394,5382999,16,row-major,N,N,1.0,0.0,20260922,main,pass,pass,0,0,172255968.0,1.092361,1.08233280182,2.17469380182,1.13695085182,159.1524970049346,79.20929735296025,151.5069606784298,0.816166651307357,0.4062015248869756,0.7769587727098964,cuSPARSE 12.8.6,CUDA,13040,13000,2026-10-08T09:44:43.279764+00:00,source,csr-alg2,0,0,,,,5,20,4,true
3,full-20261009-A100-SXM4-80GB-spmm-fp32-cusparse-csr-alg2-n16-13.4.1,cuSPARSE-CUDA-13.4.1-SpMM-CSR-ALG2,cuSPARSE CUDA 13.4.1 SpMM CSR ALG2 [cuSPARSE 12.8.6],csr-alg2,cuSPARSE-SpMM-CSR,candidate,,,csr,csr,CUSPARSE_SPMM_CSR_ALG2,library-preprocess,spmm.csr.fp32,fp32,A100-SXM4-80GB,A100-SXM4-80GB,,19500.0,2793479a-b9ba-5e32-964d-96d3a38ca48f,suitesparse_all,Mittelmann/fome11,fome11,12142,24460,71264,16,row-major,N,N,1.0,0.0,20260922,main,pass,pass,0,0,2280448.0,0.02065,0.0231104001403,0.0437604001403,0.0241429001403,98.67626636301058,52.11213774756783,94.45625781276429,0.5060321351949261,0.2672417320388094,0.48439106570648355,cuSPARSE 12.8.6,CUDA,13040,13000,2026-10-07T09:03:03.120094+00:00,source,csr-alg2,0,0,,,,5,20,4,true
3,full-20261009-A100-SXM4-80GB-spmm-fp32-cusparse-csr-alg2-n16-13.4.1,cuSPARSE-CUDA-13.4.1-SpMM-CSR-ALG2,cuSPARSE CUDA 13.4.1 SpMM CSR ALG2 [cuSPARSE 12.8.6],csr-alg2,cuSPARSE-SpMM-CSR,candidate,,,csr,csr,CUSPARSE_SPMM_CSR_ALG2,library-preprocess,spmm.csr.fp32,fp32,A100-SXM4-80GB,A100-SXM4-80GB,,19500.0,238ed034-08d6-5e0f-b7b4-c4d0b9e54f50,suitesparse_all,Mittelmann/neos,neos,479119,515905,1526794,16,row-major,N,N,1.0,0.0,20260922,main,pass,pass,0,0,48857408.0,0.34665,0.367001605034,0.713651605034,0.384334105034,133.1258701047744,68.46114778607178,127.12222870691593,0.6826967697680738,0.3510828091593424,0.6519088651636714,cuSPARSE 12.8.6,CUDA,13040,13000,2026-10-07T14:38:07.611101+00:00,source,csr-alg2,0,0,,,,5,20,4,true
3,full-20261009-A100-SXM4-80GB-spmm-fp32-cusparse-csr-alg2-n16-13.4.1,cuSPARSE-CUDA-13.4.1-SpMM-CSR-ALG2,cuSPARSE CUDA 13.4.1 SpMM CSR ALG2 [cuSPARSE 12.8.6],csr-alg2,cuSPARSE-SpMM-CSR,candidate,,,csr,csr,CUSPARSE_SPMM_CSR_ALG2,library-preprocess,spmm.csr.fp32,fp32,A100-SXM4-80GB,A100-SXM4-80GB,,19500.0,df2405bf-ab33-5b32-9511-7da1122118f9,suitesparse_all,Mittelmann/neos1,neos1,131581,133473,599590,16,row-major,N,N,1.0,0.0,20260922,main,pass,pass,0,0,19186880.0,0.04758,0.120473599434,0.168053599434,0.122852599434,159.26211294542833,114.17119338485396,156.17805474525392,0.81672878433553,0.5854932994095075,0.8009131012577124,cuSPARSE 12.8.6,CUDA,13040,13000,2026-10-08T09:44:47.010792+00:00,source,csr-alg2,0,0,,,,5,20,4,true
3,full-20261009-A100-SXM4-80GB-spmm-fp32-cusparse-csr-alg2-n16-13.4.1,cuSPARSE-CUDA-13.4.1-SpMM-CSR-ALG2,cuSPARSE CUDA 13.4.1 SpMM CSR ALG2 [cuSPARSE 12.8.6],csr-alg2,cuSPARSE-SpMM-CSR,candidate,,,csr,csr,CUSPARSE_SPMM_CSR_ALG2,library-preprocess,spmm.csr.fp32,fp32,A100-SXM4-80GB,A100-SXM4-80GB,,19500.0,2793479a-b9ba-5e32-964d-96d3a38ca48f,suitesparse_all,Mittelmann/neos3,neos3,512209,518832,2055024,16,row-major,N,N,1.0,0.0,20260922,main,pass,pass,0,0,65760768.0,0.667561,0.435071992874,1.10263299287,0.468450042874,151.14916399375034,59.6397608499215,140.37946842004627,0.7751239179166685,0.3058449274354949,0.7198947098463911,cuSPARSE 12.8.6,CUDA,13040,13000,2026-10-07T09:03:14.891838+00:00,source,csr-alg2,0,0,,,,5,20,4,true
3,full-20261009-A100-SXM4-80GB-spmm-fp32-cusparse-csr-alg2-n16-13.4.1,cuSPARSE-CUDA-13.4.1-SpMM-CSR-ALG2,cuSPARSE CUDA 13.4.1 SpMM CSR ALG2 [cuSPARSE 12.8.6],csr-alg2,cuSPARSE-SpMM-CSR,candidate,,,csr,csr,CUSPARSE_SPMM_CSR_ALG2,library-preprocess,spmm.csr.fp32,fp32,A100-SXM4-80GB,A100-SXM4-80GB,,19500.0,238ed034-08d6-5e0f-b7b4-c4d0b9e54f50,suitesparse_all,Mittelmann/pds-30,pds-30,49944,158489,340635,16,row-major,N,N,1.0,0.0,20260922,main,pass,pass,0,0,10900320.0,0.04569,0.0700927972794,0.115782797279,0.0723772972794,155.5126977819098,94.1445556349245,150.6041315403255,0.7975010142662041,0.4827925929996128,0.7723288796939769,cuSPARSE 12.8.6,CUDA,13040,13000,2026-10-07T14:37:44.864076+00:00,source,csr-alg2,0,0,,,,5,20,4,true
3,full-20261009-A100-SXM4-80GB-spmm-fp32-cusparse-csr-alg2-n16-13.4.1,cuSPARSE-CUDA-13.4.1-SpMM-CSR-ALG2,cuSPARSE CUDA 13.4.1 SpMM CSR ALG2 [cuSPARSE 12.8.6],csr-alg2,cuSPARSE-SpMM-CSR,candidate,,,csr,csr,CUSPARSE_SPMM_CSR_ALG2,library-preprocess,spmm.csr.fp32,fp32,A100-SXM4-80GB,A100-SXM4-80GB,,19500.0,df2405bf-ab33-5b32-9511-7da1122118f9,suitesparse_all,Mittelmann/pds-40,pds-40,66844,217531,466800,16,row-major,N,N,1.0,0.0,20260922,main,pass,pass,0,0,14937600.0,0.05683,0.0869503974915,0.143780397491,0.0897918974915,171.79449928863468,103.89177009289482,166.35799462210989,0.8809974322494087,0.5327783081686913,0.8531179211390251,cuSPARSE 12.8.6,CUDA,13040,13000,2026-10-08T09:44:08.285119+00:00,source,csr-alg2,0,0,,,,5,20,4,true
3,full-20261009-A100-SXM4-80GB-spmm-fp32-cusparse-csr-alg2-n16-13.4.1,cuSPARSE-CUDA-13.4.1-SpMM-CSR-ALG2,cuSPARSE CUDA 13.4.1 SpMM CSR ALG2 [cuSPARSE 12.8.6],csr-alg2,cuSPARSE-SpMM-CSR,candidate,,,csr,csr,CUSPARSE_SPMM_CSR_ALG2,library-preprocess,spmm.csr.fp32,fp32,A100-SXM4-80GB,A100-SXM4-80GB,,19500.0,2793479a-b9ba-5e32-964d-96d3a38ca48f,suitesparse_all,Mittelmann/pds-60,pds-60,99431,336421,719557,16,row-major,N,N,1.0,0.0,20260922,main,pass,pass,0,0,23025824.0,0.06041,0.178635203838,0.239045203838,0.181655703838,128.89857936894438,96.32414133522843,126.75530420192231,0.6610183557381764,0.49396995556527407,0.650027201035499,cuSPARSE 12.8.6,CUDA,13040,13000,2026-10-07T09:02:42.657333+00:00,source,csr-alg2,0,0,,,,5,20,4,true
3,full-20261009-A100-SXM4-80GB-spmm-fp32-cusparse-csr-alg2-n16-13.4.1,cuSPARSE-CUDA-13.4.1-SpMM-CSR-ALG2,cuSPARSE CUDA 13.4.1 SpMM CSR ALG2 [cuSPARSE 12.8.6],csr-alg2,cuSPARSE-SpMM-CSR,candidate,,,csr,csr,CUSPARSE_SPMM_CSR_ALG2,library-preprocess,spmm.csr.fp32,fp32,A100-SXM4-80GB,A100-SXM4-80GB,,19500.0,2793479a-b9ba-5e32-964d-96d3a38ca48f,suitesparse_all,Mittelmann/rail2586,rail2586,2586,923269,8011362,16,row-major,N,N,1.0,0.0,20260922,main,pass,pass,0,0,256363584.0,0.05574,1.39084320068,1.44658320068,1.39363020068,184.32241957588084,177.2200754712832,183.9538091775791,0.9452431773122095,0.9088208998527343,0.9433528675773288,cuSPARSE 12.8.6,CUDA,13040,13000,2026-10-07T09:03:02.262283+00:00,source,csr-alg2,0,0,,,,5,20,4,true
3,full-20261009-A100-SXM4-80GB-spmm-fp32-cusparse-csr-alg2-n16-13.4.1,cuSPARSE-CUDA-13.4.1-SpMM-CSR-ALG2,cuSPARSE CUDA 13.4.1 SpMM CSR ALG2 [cuSPARSE 12.8.6],csr-alg2,cuSPARSE-SpMM-CSR,candidate,,,csr,csr,CUSPARSE_SPMM_CSR_ALG2,library-preprocess,spmm.csr.fp32,fp32,A100-SXM4-80GB,A100-SXM4-80GB,,19500.0,238ed034-08d6-5e0f-b7b4-c4d0b9e54f50,suitesparse_all,Mittelmann/rail507,rail507,507,63516,409856,16,row-major,N,N,1.0,0.0,20260922,main,pass,pass,0,0,13115392.0,0.03616,0.0573279976845,0.0934879976845,0.0591359976845,228.77812813521763,140.2895807466255,221.78355846759723,1.173221169924193,0.7194337474185922,1.137351581885114,cuSPARSE 12.8.6,CUDA,13040,13000,2026-10-07T14:37:46.388101+00:00,source,csr-alg2,0,0,,,,5,20,4,true
3,full-20261009-A100-SXM4-80GB-spmm-fp32-cusparse-csr-alg2-n16-13.4.1,cuSPARSE-CUDA-13.4.1-SpMM-CSR-ALG2,cuSPARSE CUDA 13.4.1 SpMM CSR ALG2 [cuSPARSE 12.8.6],csr-alg2,cuSPARSE-SpMM-CSR,candidate,,,csr,csr,CUSPARSE_SPMM_CSR_ALG2,library-preprocess,spmm.csr.fp32,fp32,A100-SXM4-80GB,A100-SXM4-80GB,,19500.0,df2405bf-ab33-5b32-9511-7da1122118f9,suitesparse_all,Mittelmann/rail516,rail516,516,47827,315412,16,row-major,N,N,1.0,0.0,20260922,main,pass,pass,0,0,10093184.0,0.01632,0.0488447993994,0.0651647993994,0.0496607993994,206.63784321169683,154.88705701583012,203.2424794217458,1.059681247239471,0.7942926000811802,1.042269125239722,cuSPARSE 12.8.6,CUDA,13040,13000,2026-10-08T09:44:10.142649+00:00,source,csr-alg2,0,0,,,,5,20,4,true
3,full-20261009-A100-SXM4-80GB-spmm-fp32-cusparse-csr-alg2-n16-13.4.1,cuSPARSE-CUDA-13.4.1-SpMM-CSR-ALG2,cuSPARSE CUDA 13.4.1 SpMM CSR ALG2 [cuSPARSE 12.8.6],csr-alg2,cuSPARSE-SpMM-CSR,candidate,,,csr,csr,CUSPARSE_SPMM_CSR_ALG2,library-preprocess,spmm.csr.fp32,fp32,A100-SXM4-80GB,A100-SXM4-80GB,,19500.0,238ed034-08d6-5e0f-b7b4-c4d0b9e54f50,suitesparse_all,Mittelmann/watson_2,watson_2,352013,677224,1846391,16,row-major,N,N,1.0,0.0,20260922,main,pass,pass,0,0,59084512.0,0.09819,0.38656001091,0.48475001091,0.39146951091,152.84693277224744,121.88656146512145,150.9300478156106,0.7838304244730637,0.6250592895647253,0.7740002452082595,cuSPARSE 12.8.6,CUDA,13040,13000,2026-10-07T14:37:56.700095+00:00,source,csr-alg2,0,0,,,,5,20,4,true
3,full-20261009-A100-SXM4-80GB-spmm-fp32-cusparse-csr-alg2-n16-13.4.1,cuSPARSE-CUDA-13.4.1-SpMM-CSR-ALG2,cuSPARSE CUDA 13.4.1 SpMM CSR ALG2 [cuSPARSE 12.8.6],csr-alg2,cuSPARSE-SpMM-CSR,candidate,,,csr,csr,CUSPARSE_SPMM_CSR_ALG2,library-preprocess,spmm.csr.fp32,fp32,A100-SXM4-80GB,A100-SXM4-80GB,,19500.0,df2405bf-ab33-5b32-9511-7da1122118f9,suitesparse_all,Moqri/MISKnowledgeMap,MISKnowledgeMap,2427,2427,57022,16,row-major,N,N,1.0,0.0,20260922,main,pass,pass,0,0,1824704.0,0.02448,0.023398399353,0.047878399353,0.024622399353,77.98413782377159,38.111215593210225,74.10748131569386,0.399918655506521,0.19544213124723192,0.38003836572150695,cuSPARSE 12.8.6,CUDA,13040,13000,2026-10-08T11:03:37.560782+00:00,source,csr-alg2,0,0,,,,5,20,4,true
3,full-20261009-A100-SXM4-80GB-spmm-fp32-cusparse-csr-alg2-n16-13.4.1,cuSPARSE-CUDA-13.4.1-SpMM-CSR-ALG2,cuSPARSE CUDA 13.4.1 SpMM CSR ALG2 [cuSPARSE 12.8.6],csr-alg2,cuSPARSE-SpMM-CSR,candidate,,,csr,csr,CUSPARSE_SPMM_CSR_ALG2,library-preprocess,spmm.csr.fp32,fp32,A100-SXM4-80GB,A100-SXM4-80GB,,19500.0,238ed034-08d6-5e0f-b7b4-c4d0b9e54f50,suitesparse_all,Morandini/rotor1,rotor1,100,100,708,16,row-major,N,N,1.0,0.0,20260922,main,pass,pass,0,0,22656.0,0.01489,0.0185855999589,0.0334755999589,0.0193300999589,1.219008267158512,0.6767914549049494,1.1720580880684313,0.006251324446966729,0.0034707254097689714,0.006010554297786827,cuSPARSE 12.8.6,CUDA,13040,13000,2026-10-07T14:32:56.600530+00:00,source,csr-alg2,0,0,,,,5,20,4,true
3,full-20261009-A100-SXM4-80GB-spmm-fp32-cusparse-csr-alg2-n16-13.4.1,cuSPARSE-CUDA-13.4.1-SpMM-CSR-ALG2,cuSPARSE CUDA 13.4.1 SpMM CSR ALG2 [cuSPARSE 12.8.6],csr-alg2,cuSPARSE-SpMM-CSR,candidate,,,csr,csr,CUSPARSE_SPMM_CSR_ALG2,library-preprocess,spmm.csr.fp32,fp32,A100-SXM4-80GB,A100-SXM4-80GB,,19500.0,df2405bf-ab33-5b32-9511-7da1122118f9,suitesparse_all,Morandini/rotor2,rotor2,791,791,10685,16,row-major,N,N,1.0,0.0,20260922,main,pass,pass,0,0,341920.0,0.01286,0.020377600193,0.033237600193,0.021020600193,16.779208383794597,10.287144619785456,16.265948491511754,0.08604722248099793,0.052754587793771575,0.08341512046929105,cuSPARSE 12.8.6,CUDA,13040,13000,2026-10-08T09:38:48.130810+00:00,source,csr-alg2,0,0,,,,5,20,4,true
3,full-20261009-A100-SXM4-80GB-spmm-fp32-cusparse-csr-alg2-n16-13.4.1,cuSPARSE-CUDA-13.4.1-SpMM-CSR-ALG2,cuSPARSE CUDA 13.4.1 SpMM CSR ALG2 [cuSPARSE 12.8.6],csr-alg2,cuSPARSE-SpMM-CSR,candidate,,,csr,csr,CUSPARSE_SPMM_CSR_ALG2,library-preprocess,spmm.csr.fp32,fp32,A100-SXM4-80GB,A100-SXM4-80GB,,19500.0,2793479a-b9ba-5e32-964d-96d3a38ca48f,suitesparse_all,Muite/Chebyshev2,Chebyshev2,2053,2053,18447,16,row-major,N,N,1.0,0.0,20260922,main,pass,pass,0,0,590304.0,0.01859,0.0179327994585,0.0365227994585,0.0188622994585,32.91755988049042,16.162616468399378,31.295442069444437,0.16880799938713037,0.08288521265845834,0.1604894465099715,cuSPARSE 12.8.6,CUDA,13040,13000,2026-10-07T09:04:35.443913+00:00,source,csr-alg2,0,0,,,,5,20,4,true
3,full-20261009-A100-SXM4-80GB-spmm-fp32-cusparse-csr-alg2-n16-13.4.1,cuSPARSE-CUDA-13.4.1-SpMM-CSR-ALG2,cuSPARSE CUDA 13.4.1 SpMM CSR ALG2 [cuSPARSE 12.8.6],csr-alg2,cuSPARSE-SpMM-CSR,candidate,,,csr,csr,CUSPARSE_SPMM_CSR_ALG2,library-preprocess,spmm.csr.fp32,fp32,A100-SXM4-80GB,A100-SXM4-80GB,,19500.0,2793479a-b9ba-5e32-964d-96d3a38ca48f,suitesparse_all,Mulvey/pfinan512,pfinan512,74752,74752,596992,16,row-major,N,N,1.0,0.0,20260922,main,pass,pass,0,0,19103744.0,0.04058,0.101105594635,0.141685594635,0.103134594635,188.9484362261671,134.83194286062505,185.23119296303426,0.9689663396213698,0.6914458608237182,0.9499035536565859,cuSPARSE 12.8.6,CUDA,13040,13000,2026-10-07T08:52:56.390315+00:00,source,csr-alg2,0,0,,,,5,20,4,true
3,full-20261009-A100-SXM4-80GB-spmm-fp32-cusparse-csr-alg2-n16-13.4.1,cuSPARSE-CUDA-13.4.1-SpMM-CSR-ALG2,cuSPARSE CUDA 13.4.1 SpMM CSR ALG2 [cuSPARSE 12.8.6],csr-alg2,cuSPARSE-SpMM-CSR,candidate,,,csr,csr,CUSPARSE_SPMM_CSR_ALG2,library-preprocess,spmm.csr.fp32,fp32,A100-SXM4-80GB,A100-SXM4-80GB,,19500.0,238ed034-08d6-5e0f-b7b4-c4d0b9e54f50,suitesparse_all,Mycielski/mycielskian10,mycielskian10,767,767,44392,16,row-major,N,N,1.0,0.0,20260922,main,pass,pass,0,0,1420544.0,0.01352,0.0174784004688,0.0309984004688,0.0181544004688,81.27425633345322,45.82636453870523,78.24791583954178,0.41679105812027295,0.2350069976343858,0.40127136327970137,cuSPARSE 12.8.6,CUDA,13040,13000,2026-10-07T15:38:57.247148+00:00,source,csr-alg2,0,0,,,,5,20,4,true
3,full-20261009-A100-SXM4-80GB-spmm-fp32-cusparse-csr-alg2-n16-13.4.1,cuSPARSE-CUDA-13.4.1-SpMM-CSR-ALG2,cuSPARSE CUDA 13.4.1 SpMM CSR ALG2 [cuSPARSE 12.8.6],csr-alg2,cuSPARSE-SpMM-CSR,candidate,,,csr,csr,CUSPARSE_SPMM_CSR_ALG2,library-preprocess,spmm.csr.fp32,fp32,A100-SXM4-80GB,A100-SXM4-80GB,,19500.0,df2405bf-ab33-5b32-9511-7da1122118f9,suitesparse_all,Mycielski/mycielskian11,mycielskian11,1535,1535,134710,16,row-major,N,N,1.0,0.0,20260922,main,pass,pass,0,0,4310720.0,0.01364,0.0317952007055,0.0454352007055,0.0324772007055,135.57769425416214,94.87621784574137,132.73065123713022,0.6952702269444212,0.48654470690123774,0.6806700063442576,cuSPARSE 12.8.6,CUDA,13040,13000,2026-10-08T11:03:53.381819+00:00,source,csr-alg2,0,0,,,,5,20,4,true
3,full-20261009-A100-SXM4-80GB-spmm-fp32-cusparse-csr-alg2-n16-13.4.1,cuSPARSE-CUDA-13.4.1-SpMM-CSR-ALG2,cuSPARSE CUDA 13.4.1 SpMM CSR ALG2 [cuSPARSE 12.8.6],csr-alg2,cuSPARSE-SpMM-CSR,candidate,,,csr,csr,CUSPARSE_SPMM_CSR_ALG2,library-preprocess,spmm.csr.fp32,fp32,A100-SXM4-80GB,A100-SXM4-80GB,,19500.0,2793479a-b9ba-5e32-964d-96d3a38ca48f,suitesparse_all,Mycielski/mycielskian13,mycielskian13,6143,6143,1227742,16,row-major,N,N,1.0,0.0,20260922,main,pass,pass,0,0,39287744.0,0.01955,0.136436796188,0.155986796188,0.137414296188,287.9556329207873,251.86583069921656,285.9072533926851,1.4766955534399349,1.291619644611367,1.4661910430394107,cuSPARSE 12.8.6,CUDA,13040,13000,2026-10-07T10:17:45.554697+00:00,source,csr-alg2,0,0,,,,5,20,4,true
3,full-20261009-A100-SXM4-80GB-spmm-fp32-cusparse-csr-alg2-n16-13.4.1,cuSPARSE-CUDA-13.4.1-SpMM-CSR-ALG2,cuSPARSE CUDA 13.4.1 SpMM CSR ALG2 [cuSPARSE 12.8.6],csr-alg2,cuSPARSE-SpMM-CSR,candidate,,,csr,csr,CUSPARSE_SPMM_CSR_ALG2,library-preprocess,spmm.csr.fp32,fp32,A100-SXM4-80GB,A100-SXM4-80GB,,19500.0,238ed034-08d6-5e0f-b7b4-c4d0b9e54f50,suitesparse_all,Mycielski/mycielskian18,mycielskian18,196607,196607,300933832,16,row-major,N,N,1.0,0.0,20260922,main,pass,pass,0,0,9629882624.0,0.52161,30.2981109619,30.8197209619,30.3241914619,317.8377238141882,312.45846242101504,317.5643656022685,1.6299370452009652,1.6023510893385389,1.6285352082167617,cuSPARSE 12.8.6,CUDA,13040,13000,2026-10-07T15:48:33.344270+00:00,source,csr-alg2,0,0,,,,5,20,4,true
3,full-20261009-A100-SXM4-80GB-spmm-fp32-cusparse-csr-alg2-n16-13.4.1,cuSPARSE-CUDA-13.4.1-SpMM-CSR-ALG2,cuSPARSE CUDA 13.4.1 SpMM CSR ALG2 [cuSPARSE 12.8.6],csr-alg2,cuSPARSE-SpMM-CSR,candidate,,,csr,csr,CUSPARSE_SPMM_CSR_ALG2,library-preprocess,spmm.csr.fp32,fp32,A100-SXM4-80GB,A100-SXM4-80GB,,19500.0,df2405bf-ab33-5b32-9511-7da1122118f9,suitesparse_all,Mycielski/mycielskian19,mycielskian19,393215,393215,903194710,16,row-major,N,N,1.0,0.0,20260922,main,fail,runtime-error,0,0,28902230720.0,0.0,0.0,0.0,0.0,0.0,0.0,0.0,0.0,0.0,0.0,unknown,,,,2026-10-08T11:23:54.664710+00:00,source,csr-alg2,0,0,Command '['/data1/wangyinshan/qiwu-full-20260930/campaign-a100-cuda134/build/6/90df2368d213815de4f08d09/benchmark']' timed out after 1200 seconds,BenchmarkDriverError,run,5,20,4.0,true
3,full-20261009-A100-SXM4-80GB-spmm-fp32-cusparse-csr-alg2-n16-13.4.1,cuSPARSE-CUDA-13.4.1-SpMM-CSR-ALG2,cuSPARSE CUDA 13.4.1 SpMM CSR ALG2 [cuSPARSE 12.8.6],csr-alg2,cuSPARSE-SpMM-CSR,candidate,,,csr,csr,CUSPARSE_SPMM_CSR_ALG2,library-preprocess,spmm.csr.fp32,fp32,A100-SXM4-80GB,A100-SXM4-80GB,,19500.0,238ed034-08d6-5e0f-b7b4-c4d0b9e54f50,suitesparse_all,Mycielski/mycielskian2,mycielskian2,2,2,2,16,row-major,N,N,1.0,0.0,20260922,main,pass,pass,0,0,64.0,0.01294,0.00970240011811,0.0226424001181,0.0103494001181,0.006596305988302924,0.002826555474074471,0.006183933297551305,3.3827210196425254e-05,1.449515627730498e-05,3.171247844898105e-05,cuSPARSE 12.8.6,CUDA,13040,13000,2026-10-07T15:38:56.191132+00:00,source,csr-alg2,0,0,,,,5,20,4,true
3,full-20261009-A100-SXM4-80GB-spmm-fp32-cusparse-csr-alg2-n16-13.4.1,cuSPARSE-CUDA-13.4.1-SpMM-CSR-ALG2,cuSPARSE CUDA 13.4.1 SpMM CSR ALG2 [cuSPARSE 12.8.6],csr-alg2,cuSPARSE-SpMM-CSR,candidate,,,csr,csr,CUSPARSE_SPMM_CSR_ALG2,library-preprocess,spmm.csr.fp32,fp32,A100-SXM4-80GB,A100-SXM4-80GB,,19500.0,df2405bf-ab33-5b32-9511-7da1122118f9,suitesparse_all,Mycielski/mycielskian3,mycielskian3,5,5,10,16,row-major,N,N,1.0,0.0,20260922,main,pass,pass,0,0,320.0,0.01619,0.0137728005648,0.0299628005648,0.0145823005648,0.023234199790697893,0.010679909553445843,0.02194441121124902,0.00011914974251639945,5.476876694074791e-05,0.00011253544210896931,cuSPARSE 12.8.6,CUDA,13040,13000,2026-10-08T11:03:52.262392+00:00,source,csr-alg2,0,0,,,,5,20,4,true
3,full-20261009-A100-SXM4-80GB-spmm-fp32-cusparse-csr-alg2-n16-13.4.1,cuSPARSE-CUDA-13.4.1-SpMM-CSR-ALG2,cuSPARSE CUDA 13.4.1 SpMM CSR ALG2 [cuSPARSE 12.8.6],csr-alg2,cuSPARSE-SpMM-CSR,candidate,,,csr,csr,CUSPARSE_SPMM_CSR_ALG2,library-preprocess,spmm.csr.fp32,fp32,A100-SXM4-80GB,A100-SXM4-80GB,,19500.0,2793479a-b9ba-5e32-964d-96d3a38ca48f,suitesparse_all,Mycielski/mycielskian5,mycielskian5,23,23,142,16,row-major,N,N,1.0,0.0,20260922,main,pass,pass,0,0,4544.0,0.01795,0.0169791996479,0.0349291996479,0.0178766996479,0.26762156604725507,0.13009172972198899,0.25418562091989894,0.0013724182874218208,0.0006671370754973793,0.0013035160047174304,cuSPARSE 12.8.6,CUDA,13040,13000,2026-10-07T10:17:42.732222+00:00,source,csr-alg2,0,0,,,,5,20,4,true
3,full-20261009-A100-SXM4-80GB-spmm-fp32-cusparse-csr-alg2-n16-13.4.1,cuSPARSE-CUDA-13.4.1-SpMM-CSR-ALG2,cuSPARSE CUDA 13.4.1 SpMM CSR ALG2 [cuSPARSE 12.8.6],csr-alg2,cuSPARSE-SpMM-CSR,candidate,,,csr,csr,CUSPARSE_SPMM_CSR_ALG2,library-preprocess,spmm.csr.fp32,fp32,A100-SXM4-80GB,A100-SXM4-80GB,,19500.0,2793479a-b9ba-5e32-964d-96d3a38ca48f,suitesparse_all,ND/nd6k,nd6k,18000,18000,6897316,16,row-major,N,N,1.0,0.0,20260922,main,pass,pass,0,0,220714112.0,0.23092,0.686796808243,0.917716808243,0.698342808243,321.3674107843374,240.50350829093418,316.05410608481395,1.6480380040222429,1.2333513245688932,1.6207902876144307,cuSPARSE 12.8.6,CUDA,13040,13000,2026-10-07T08:54:36.885997+00:00,source,csr-alg2,0,0,,,,5,20,4,true
3,full-20261009-A100-SXM4-80GB-spmm-fp32-cusparse-csr-alg2-n16-13.4.1,cuSPARSE-CUDA-13.4.1-SpMM-CSR-ALG2,cuSPARSE CUDA 13.4.1 SpMM CSR ALG2 [cuSPARSE 12.8.6],csr-alg2,cuSPARSE-SpMM-CSR,candidate,,,csr,csr,CUSPARSE_SPMM_CSR_ALG2,library-preprocess,spmm.csr.fp32,fp32,A100-SXM4-80GB,A100-SXM4-80GB,,19500.0,238ed034-08d6-5e0f-b7b4-c4d0b9e54f50,suitesparse_all,NYPA/Maragal_3,Maragal_3,1690,860,18391,16,row-major,N,N,1.0,0.0,20260922,main,pass,pass,0,0,588512.0,0.014191,0.0228351995349,0.0370261995349,0.0235447495349,25.772141780524066,15.894474922960507,24.995466574306015,0.13216482964371318,0.08151012781005389,0.12818187986823598,cuSPARSE 12.8.6,CUDA,13040,13000,2026-10-07T14:41:45.253963+00:00,source,csr-alg2,0,0,,,,5,20,4,true
3,full-20261009-A100-SXM4-80GB-spmm-fp32-cusparse-csr-alg2-n16-13.4.1,cuSPARSE-CUDA-13.4.1-SpMM-CSR-ALG2,cuSPARSE CUDA 13.4.1 SpMM CSR ALG2 [cuSPARSE 12.8.6],csr-alg2,cuSPARSE-SpMM-CSR,candidate,,,csr,csr,CUSPARSE_SPMM_CSR_ALG2,library-preprocess,spmm.csr.fp32,fp32,A100-SXM4-80GB,A100-SXM4-80GB,,19500.0,df2405bf-ab33-5b32-9511-7da1122118f9,suitesparse_all,NYPA/Maragal_4,Maragal_4,1964,1034,26719,16,row-major,N,N,1.0,0.0,20260922,main,pass,pass,0,0,855008.0,0.01857,0.0230399996042,0.0416099996042,0.0239684996042,37.10972285972345,20.54813766241175,35.67215362325713,0.19030627107550485,0.10537506493544486,0.18293412114490837,cuSPARSE 12.8.6,CUDA,13040,13000,2026-10-08T09:45:27.513784+00:00,source,csr-alg2,0,0,,,,5,20,4,true
3,full-20261009-A100-SXM4-80GB-spmm-fp32-cusparse-csr-alg2-n16-13.4.1,cuSPARSE-CUDA-13.4.1-SpMM-CSR-ALG2,cuSPARSE CUDA 13.4.1 SpMM CSR ALG2 [cuSPARSE 12.8.6],csr-alg2,cuSPARSE-SpMM-CSR,candidate,,,csr,csr,CUSPARSE_SPMM_CSR_ALG2,library-preprocess,spmm.csr.fp32,fp32,A100-SXM4-80GB,A100-SXM4-80GB,,19500.0,2793479a-b9ba-5e32-964d-96d3a38ca48f,suitesparse_all,NYPA/Maragal_6,Maragal_6,21255,10152,537694,16,row-major,N,N,1.0,0.0,20260922,main,pass,pass,0,0,17206208.0,0.22331,0.0792559981346,0.302565998135,0.0904214981346,217.09660347446257,56.86761931630821,190.28890645438227,1.1133159152536543,0.29162881700670873,0.9758405459199091,cuSPARSE 12.8.6,CUDA,13040,13000,2026-10-07T09:05:23.466981+00:00,source,csr-alg2,0,0,,,,5,20,4,true
3,full-20261009-A100-SXM4-80GB-spmm-fp32-cusparse-csr-alg2-n16-13.4.1,cuSPARSE-CUDA-13.4.1-SpMM-CSR-ALG2,cuSPARSE CUDA 13.4.1 SpMM CSR ALG2 [cuSPARSE 12.8.6],csr-alg2,cuSPARSE-SpMM-CSR,candidate,,,csr,csr,CUSPARSE_SPMM_CSR_ALG2,library-preprocess,spmm.csr.fp32,fp32,A100-SXM4-80GB,A100-SXM4-80GB,,19500.0,2793479a-b9ba-5e32-964d-96d3a38ca48f,suitesparse_all,NYPA/Maragal_8,Maragal_8,33212,75077,1308415,16,row-major,N,N,1.0,0.0,20260922,main,pass,pass,0,0,41869280.0,0.04114,0.159278404713,0.200418404713,0.161335404713,262.8685293241307,208.9093567028287,259.51699860598717,1.3480437401237473,1.0713300343734804,1.3308564031076264,cuSPARSE 12.8.6,CUDA,13040,13000,2026-10-07T09:29:58.599790+00:00,source,csr-alg2,0,0,,,,5,20,4,true
3,full-20261009-A100-SXM4-80GB-spmm-fp32-cusparse-csr-alg2-n16-13.4.1,cuSPARSE-CUDA-13.4.1-SpMM-CSR-ALG2,cuSPARSE CUDA 13.4.1 SpMM CSR ALG2 [cuSPARSE 12.8.6],csr-alg2,cuSPARSE-SpMM-CSR,candidate,,,csr,csr,CUSPARSE_SPMM_CSR_ALG2,library-preprocess,spmm.csr.fp32,fp32,A100-SXM4-80GB,A100-SXM4-80GB,,19500.0,238ed034-08d6-5e0f-b7b4-c4d0b9e54f50,suitesparse_all,Nasa/nasa2146,nasa2146,2146,2146,72250,16,row-major,N,N,1.0,0.0,20260922,main,pass,pass,0,0,2312000.0,0.01377,0.0193535998464,0.0331235998464,0.0200420998464,119.46097978408184,69.79917674169334,115.35717403460026,0.6126204091491376,0.35794449611124796,0.5915752514594885,cuSPARSE 12.8.6,CUDA,13040,13000,2026-10-07T14:28:33.105922+00:00,source,csr-alg2,0,0,,,,5,20,4,true
3,full-20261009-A100-SXM4-80GB-spmm-fp32-cusparse-csr-alg2-n16-13.4.1,cuSPARSE-CUDA-13.4.1-SpMM-CSR-ALG2,cuSPARSE CUDA 13.4.1 SpMM CSR ALG2 [cuSPARSE 12.8.6],csr-alg2,cuSPARSE-SpMM-CSR,candidate,,,csr,csr,CUSPARSE_SPMM_CSR_ALG2,library-preprocess,spmm.csr.fp32,fp32,A100-SXM4-80GB,A100-SXM4-80GB,,19500.0,df2405bf-ab33-5b32-9511-7da1122118f9,suitesparse_all,Nasa/nasa2910,nasa2910,2910,2910,174296,16,row-major,N,N,1.0,0.0,20260922,main,pass,pass,0,0,5577472.0,0.01511,0.0348159998655,0.0499259998655,0.0355714998655,160.19853003063827,111.71477817220763,156.79608734771023,0.8215309232340423,0.5728962983190135,0.8040824992190267,cuSPARSE 12.8.6,CUDA,13040,13000,2026-10-08T09:35:01.012623+00:00,source,csr-alg2,0,0,,,,5,20,4,true
3,full-20261009-A100-SXM4-80GB-spmm-fp32-cusparse-csr-alg2-n16-13.4.1,cuSPARSE-CUDA-13.4.1-SpMM-CSR-ALG2,cuSPARSE CUDA 13.4.1 SpMM CSR ALG2 [cuSPARSE 12.8.6],csr-alg2,cuSPARSE-SpMM-CSR,candidate,,,csr,csr,CUSPARSE_SPMM_CSR_ALG2,library-preprocess,spmm.csr.fp32,fp32,A100-SXM4-80GB,A100-SXM4-80GB,,19500.0,2793479a-b9ba-5e32-964d-96d3a38ca48f,suitesparse_all,Nasa/nasasrb,nasasrb,54870,54870,2677324,16,row-major,N,N,1.0,0.0,20260922,main,pass,pass,0,0,85674368.0,0.08717,0.306432008743,0.393602008743,0.310790508743,279.58687589929235,217.6675070170705,275.6659730263711,1.4337788507656017,1.1162436257285666,1.4136716565454928,cuSPARSE 12.8.6,CUDA,13040,13000,2026-10-07T08:53:04.022156+00:00,source,csr-alg2,0,0,,,,5,20,4,true
3,full-20261009-A100-SXM4-80GB-spmm-fp32-cusparse-csr-alg2-n16-13.4.1,cuSPARSE-CUDA-13.4.1-SpMM-CSR-ALG2,cuSPARSE CUDA 13.4.1 SpMM CSR ALG2 [cuSPARSE 12.8.6],csr-alg2,cuSPARSE-SpMM-CSR,candidate,,,csr,csr,CUSPARSE_SPMM_CSR_ALG2,library-preprocess,spmm.csr.fp32,fp32,A100-SXM4-80GB,A100-SXM4-80GB,,19500.0,238ed034-08d6-5e0f-b7b4-c4d0b9e54f50,suitesparse_all,Nemeth/nemeth02,nemeth02,9506,9506,394808,16,row-major,N,N,1.0,0.0,20260922,main,pass,pass,0,0,12633856.0,0.01478,0.0487935990095,0.0635735990095,0.0495325990095,258.9244543641927,198.72802856594734,255.06143938816768,1.3278177146881676,1.0191180952099863,1.308007381477783,cuSPARSE 12.8.6,CUDA,13040,13000,2026-10-07T14:28:34.647364+00:00,source,csr-alg2,0,0,,,,5,20,4,true
3,full-20261009-A100-SXM4-80GB-spmm-fp32-cusparse-csr-alg2-n16-13.4.1,cuSPARSE-CUDA-13.4.1-SpMM-CSR-ALG2,cuSPARSE CUDA 13.4.1 SpMM CSR ALG2 [cuSPARSE 12.8.6],csr-alg2,cuSPARSE-SpMM-CSR,candidate,,,csr,csr,CUSPARSE_SPMM_CSR_ALG2,library-preprocess,spmm.csr.fp32,fp32,A100-SXM4-80GB,A100-SXM4-80GB,,19500.0,df2405bf-ab33-5b32-9511-7da1122118f9,suitesparse_all,Nemeth/nemeth03,nemeth03,9506,9506,394808,16,row-major,N,N,1.0,0.0,20260922,main,pass,pass,0,0,12633856.0,0.03694,0.0583168029785,0.0952568029785,0.0601638029785,216.64177997991075,132.62943543099522,209.99098086460404,1.1109834870764654,0.6801509509281806,1.0768768249466873,cuSPARSE 12.8.6,CUDA,13040,13000,2026-10-08T09:35:02.583241+00:00,source,csr-alg2,0,0,,,,5,20,4,true
3,full-20261009-A100-SXM4-80GB-spmm-fp32-cusparse-csr-alg2-n16-13.4.1,cuSPARSE-CUDA-13.4.1-SpMM-CSR-ALG2,cuSPARSE CUDA 13.4.1 SpMM CSR ALG2 [cuSPARSE 12.8.6],csr-alg2,cuSPARSE-SpMM-CSR,candidate,,,csr,csr,CUSPARSE_SPMM_CSR_ALG2,library-preprocess,spmm.csr.fp32,fp32,A100-SXM4-80GB,A100-SXM4-80GB,,19500.0,2793479a-b9ba-5e32-964d-96d3a38ca48f,suitesparse_all,Nemeth/nemeth05,nemeth05,9506,9506,394808,16,row-major,N,N,1.0,0.0,20260922,main,pass,pass,0,0,12633856.0,0.03429,0.0557568013668,0.0900468013668,0.0574713013668,226.58860785229228,140.30321797369325,219.8289528780067,1.1619928607809862,0.7195036819163756,1.1273279634769575,cuSPARSE 12.8.6,CUDA,13040,13000,2026-10-07T08:53:06.306192+00:00,source,csr-alg2,0,0,,,,5,20,4,true
3,full-20261009-A100-SXM4-80GB-spmm-fp32-cusparse-csr-alg2-n16-13.4.1,cuSPARSE-CUDA-13.4.1-SpMM-CSR-ALG2,cuSPARSE CUDA 13.4.1 SpMM CSR ALG2 [cuSPARSE 12.8.6],csr-alg2,cuSPARSE-SpMM-CSR,candidate,,,csr,csr,CUSPARSE_SPMM_CSR_ALG2,library-preprocess,spmm.csr.fp32,fp32,A100-SXM4-80GB,A100-SXM4-80GB,,19500.0,238ed034-08d6-5e0f-b7b4-c4d0b9e54f50,suitesparse_all,Nemeth/nemeth10,nemeth10,9506,9506,401448,16,row-major,N,N,1.0,0.0,20260922,main,pass,pass,0,0,12846336.0,0.01476,0.0492944002151,0.0640544002151,0.0500324002151,260.6043677160894,200.55352882644962,256.7603381962659,1.3364326549543049,1.028479635007434,1.3167196830577739,cuSPARSE 12.8.6,CUDA,13040,13000,2026-10-07T14:28:36.398926+00:00,source,csr-alg2,0,0,,,,5,20,4,true
3,full-20261009-A100-SXM4-80GB-spmm-fp32-cusparse-csr-alg2-n16-13.4.1,cuSPARSE-CUDA-13.4.1-SpMM-CSR-ALG2,cuSPARSE CUDA 13.4.1 SpMM CSR ALG2 [cuSPARSE 12.8.6],csr-alg2,cuSPARSE-SpMM-CSR,candidate,,,csr,csr,CUSPARSE_SPMM_CSR_ALG2,library-preprocess,spmm.csr.fp32,fp32,A100-SXM4-80GB,A100-SXM4-80GB,,19500.0,df2405bf-ab33-5b32-9511-7da1122118f9,suitesparse_all,Nemeth/nemeth11,nemeth11,9506,9506,408264,16,row-major,N,N,1.0,0.0,20260922,main,pass,pass,0,0,13064448.0,0.04678,0.059648001194,0.106428001194,0.061987001194,219.02574668862758,122.75386038854333,210.76109100861885,1.1232089573775774,0.6295069763515042,1.080826107736507,cuSPARSE 12.8.6,CUDA,13040,13000,2026-10-08T09:35:04.104440+00:00,source,csr-alg2,0,0,,,,5,20,4,true
3,full-20261009-A100-SXM4-80GB-spmm-fp32-cusparse-csr-alg2-n16-13.4.1,cuSPARSE-CUDA-13.4.1-SpMM-CSR-ALG2,cuSPARSE CUDA 13.4.1 SpMM CSR ALG2 [cuSPARSE 12.8.6],csr-alg2,cuSPARSE-SpMM-CSR,candidate,,,csr,csr,CUSPARSE_SPMM_CSR_ALG2,library-preprocess,spmm.csr.fp32,fp32,A100-SXM4-80GB,A100-SXM4-80GB,,19500.0,2793479a-b9ba-5e32-964d-96d3a38ca48f,suitesparse_all,Nemeth/nemeth13,nemeth13,9506,9506,474472,16,row-major,N,N,1.0,0.0,20260922,main,pass,pass,0,0,15183104.0,0.03951,0.0667648017406,0.106274801741,0.0687403017406,227.41180388718328,142.86645330096601,220.8763071377736,1.166214378908632,0.7326484784664924,1.1326990109629416,cuSPARSE 12.8.6,CUDA,13040,13000,2026-10-07T08:53:08.517045+00:00,source,csr-alg2,0,0,,,,5,20,4,true
3,full-20261009-A100-SXM4-80GB-spmm-fp32-cusparse-csr-alg2-n16-13.4.1,cuSPARSE-CUDA-13.4.1-SpMM-CSR-ALG2,cuSPARSE CUDA 13.4.1 SpMM CSR ALG2 [cuSPARSE 12.8.6],csr-alg2,cuSPARSE-SpMM-CSR,candidate,,,csr,csr,CUSPARSE_SPMM_CSR_ALG2,library-preprocess,spmm.csr.fp32,fp32,A100-SXM4-80GB,A100-SXM4-80GB,,19500.0,238ed034-08d6-5e0f-b7b4-c4d0b9e54f50,suitesparse_all,Nemeth/nemeth18,nemeth18,9506,9506,695234,16,row-major,N,N,1.0,0.0,20260922,main,pass,pass,0,0,22247488.0,0.016069,0.0742048025131,0.0902738025131,0.0750082525131,299.81196966426086,246.4445650970732,296.6005373357356,1.5374972803295428,1.2638182825490933,1.521028396593516,cuSPARSE 12.8.6,CUDA,13040,13000,2026-10-07T14:28:38.570729+00:00,source,csr-alg2,0,0,,,,5,20,4,true
3,full-20261009-A100-SXM4-80GB-spmm-fp32-cusparse-csr-alg2-n16-13.4.1,cuSPARSE-CUDA-13.4.1-SpMM-CSR-ALG2,cuSPARSE CUDA 13.4.1 SpMM CSR ALG2 [cuSPARSE 12.8.6],csr-alg2,cuSPARSE-SpMM-CSR,candidate,,,csr,csr,CUSPARSE_SPMM_CSR_ALG2,library-preprocess,spmm.csr.fp32,fp32,A100-SXM4-80GB,A100-SXM4-80GB,,19500.0,df2405bf-ab33-5b32-9511-7da1122118f9,suitesparse_all,Nemeth/nemeth19,nemeth19,9506,9506,818302,16,row-major,N,N,1.0,0.0,20260922,main,pass,pass,0,0,26185664.0,0.03758,0.100864005089,0.138444005089,0.102743005089,259.6135655816403,189.14263555988794,254.86566192332953,1.331351618367386,0.969962233640451,1.307003394478613,cuSPARSE 12.8.6,CUDA,13040,13000,2026-10-08T09:35:06.467184+00:00,source,csr-alg2,0,0,,,,5,20,4,true
3,full-20261009-A100-SXM4-80GB-spmm-fp32-cusparse-csr-alg2-n16-13.4.1,cuSPARSE-CUDA-13.4.1-SpMM-CSR-ALG2,cuSPARSE CUDA 13.4.1 SpMM CSR ALG2 [cuSPARSE 12.8.6],csr-alg2,cuSPARSE-SpMM-CSR,candidate,,,csr,csr,CUSPARSE_SPMM_CSR_ALG2,library-preprocess,spmm.csr.fp32,fp32,A100-SXM4-80GB,A100-SXM4-80GB,,19500.0,2793479a-b9ba-5e32-964d-96d3a38ca48f,suitesparse_all,Nemeth/nemeth21,nemeth21,9506,9506,1173746,16,row-major,N,N,1.0,0.0,20260922,main,pass,pass,0,0,37559872.0,0.04575,0.135339200497,0.181089200497,0.137626700497,277.52396838514335,207.41088864999563,272.91122917546613,1.4231998378725301,1.0636455828204903,1.3995447650023904,cuSPARSE 12.8.6,CUDA,13040,13000,2026-10-07T08:53:12.480110+00:00,source,csr-alg2,0,0,,,,5,20,4,true
3,full-20261009-A100-SXM4-80GB-spmm-fp32-cusparse-csr-alg2-n16-13.4.1,cuSPARSE-CUDA-13.4.1-SpMM-CSR-ALG2,cuSPARSE CUDA 13.4.1 SpMM CSR ALG2 [cuSPARSE 12.8.6],csr-alg2,cuSPARSE-SpMM-CSR,candidate,,,csr,csr,CUSPARSE_SPMM_CSR_ALG2,library-preprocess,spmm.csr.fp32,fp32,A100-SXM4-80GB,A100-SXM4-80GB,,19500.0,238ed034-08d6-5e0f-b7b4-c4d0b9e54f50,suitesparse_all,Nemeth/nemeth26,nemeth26,9506,9506,1511760,16,row-major,N,N,1.0,0.0,20260922,main,pass,pass,0,0,48376320.0,0.01492,0.264574408531,0.279494408531,0.265320408531,182.84580231550163,173.08510840793568,182.33169573288865,0.9376707811051367,0.8876159405535162,0.9350343370917367,cuSPARSE 12.8.6,CUDA,13040,13000,2026-10-07T14:28:42.161206+00:00,source,csr-alg2,0,0,,,,5,20,4,true
3,full-20261009-A100-SXM4-80GB-spmm-fp32-cusparse-csr-alg2-n16-13.4.1,cuSPARSE-CUDA-13.4.1-SpMM-CSR-ALG2,cuSPARSE CUDA 13.4.1 SpMM CSR ALG2 [cuSPARSE 12.8.6],csr-alg2,cuSPARSE-SpMM-CSR,candidate,,,csr,csr,CUSPARSE_SPMM_CSR_ALG2,library-preprocess,spmm.csr.fp32,fp32,A100-SXM4-80GB,A100-SXM4-80GB,,19500.0,238ed034-08d6-5e0f-b7b4-c4d0b9e54f50,suitesparse_all,Newman/as-22july06,as-22july06,22963,22963,96872,16,row-major,N,N,1.0,0.0,20260922,main,pass,pass,0,0,3099904.0,0.01766,0.0357376009226,0.0533976009226,0.0366206009226,86.74068543979014,58.05324483572438,84.64918439082544,0.4448240278963597,0.2977089478755096,0.43409838149141255,cuSPARSE 12.8.6,CUDA,13040,13000,2026-10-07T14:52:48.531818+00:00,source,csr-alg2,0,0,,,,5,20,4,true
3,full-20261009-A100-SXM4-80GB-spmm-fp32-cusparse-csr-alg2-n16-13.4.1,cuSPARSE-CUDA-13.4.1-SpMM-CSR-ALG2,cuSPARSE CUDA 13.4.1 SpMM CSR ALG2 [cuSPARSE 12.8.6],csr-alg2,cuSPARSE-SpMM-CSR,candidate,,,csr,csr,CUSPARSE_SPMM_CSR_ALG2,library-preprocess,spmm.csr.fp32,fp32,A100-SXM4-80GB,A100-SXM4-80GB,,19500.0,df2405bf-ab33-5b32-9511-7da1122118f9,suitesparse_all,Newman/astro-ph,astro-ph,16706,16706,242502,16,row-major,N,N,1.0,0.0,20260922,main,pass,pass,0,0,7760064.0,0.03729,0.0412160009146,0.0785060009146,0.0430805009146,188.2779461325939,98.84676215314437,180.12938186078776,0.965527928885097,0.5069064725802275,0.9237404197989116,cuSPARSE 12.8.6,CUDA,13040,13000,2026-10-08T10:01:24.993883+00:00,source,csr-alg2,0,0,,,,5,20,4,true
3,full-20261009-A100-SXM4-80GB-spmm-fp32-cusparse-csr-alg2-n16-13.4.1,cuSPARSE-CUDA-13.4.1-SpMM-CSR-ALG2,cuSPARSE CUDA 13.4.1 SpMM CSR ALG2 [cuSPARSE 12.8.6],csr-alg2,cuSPARSE-SpMM-CSR,candidate,,,csr,csr,CUSPARSE_SPMM_CSR_ALG2,library-preprocess,spmm.csr.fp32,fp32,A100-SXM4-80GB,A100-SXM4-80GB,,19500.0,2793479a-b9ba-5e32-964d-96d3a38ca48f,suitesparse_all,Newman/cond-mat,cond-mat,16726,16726,95188,16,row-major,N,N,1.0,0.0,20260922,main,pass,pass,0,0,3046016.0,0.02958,0.0342016011477,0.0637816011477,0.0356806011477,89.06062575391559,47.75696980303608,85.3689652646547,0.45672115771238764,0.24490753745146707,0.4377895654597677,cuSPARSE 12.8.6,CUDA,13040,13000,2026-10-07T09:38:15.648924+00:00,source,csr-alg2,0,0,,,,5,20,4,true
3,full-20261009-A100-SXM4-80GB-spmm-fp32-cusparse-csr-alg2-n16-13.4.1,cuSPARSE-CUDA-13.4.1-SpMM-CSR-ALG2,cuSPARSE CUDA 13.4.1 SpMM CSR ALG2 [cuSPARSE 12.8.6],csr-alg2,cuSPARSE-SpMM-CSR,candidate,,,csr,csr,CUSPARSE_SPMM_CSR_ALG2,library-preprocess,spmm.csr.fp32,fp32,A100-SXM4-80GB,A100-SXM4-80GB,,19500.0,238ed034-08d6-5e0f-b7b4-c4d0b9e54f50,suitesparse_all,Newman/hep-th,hep-th,8361,8361,31502,16,row-major,N,N,1.0,0.0,20260922,main,pass,pass,0,0,1008064.0,0.01319,0.0273919999599,0.0405819999599,0.0280514999599,36.801401923033595,24.840175471787763,35.93618884697935,0.18872513806683897,0.12738551523993724,0.18428814793322743,cuSPARSE 12.8.6,CUDA,13040,13000,2026-10-07T14:52:49.473080+00:00,source,csr-alg2,0,0,,,,5,20,4,true
3,full-20261009-A100-SXM4-80GB-spmm-fp32-cusparse-csr-alg2-n16-13.4.1,cuSPARSE-CUDA-13.4.1-SpMM-CSR-ALG2,cuSPARSE CUDA 13.4.1 SpMM CSR ALG2 [cuSPARSE 12.8.6],csr-alg2,cuSPARSE-SpMM-CSR,candidate,,,csr,csr,CUSPARSE_SPMM_CSR_ALG2,library-preprocess,spmm.csr.fp32,fp32,A100-SXM4-80GB,A100-SXM4-80GB,,19500.0,df2405bf-ab33-5b32-9511-7da1122118f9,suitesparse_all,Newman/karate,karate,34,34,156,16,row-major,N,N,1.0,0.0,20260922,main,pass,pass,0,0,4992.0,0.01779,0.0147456005216,0.0325356005216,0.0156351005216,0.33854165469134334,0.15343193056128995,0.31928160571168174,0.0017361110496991966,0.0007868304131348203,0.0016373415677522142,cuSPARSE 12.8.6,CUDA,13040,13000,2026-10-08T10:01:25.720826+00:00,source,csr-alg2,0,0,,,,5,20,4,true
3,full-20261009-A100-SXM4-80GB-spmm-fp32-cusparse-csr-alg2-n16-13.4.1,cuSPARSE-CUDA-13.4.1-SpMM-CSR-ALG2,cuSPARSE CUDA 13.4.1 SpMM CSR ALG2 [cuSPARSE 12.8.6],csr-alg2,cuSPARSE-SpMM-CSR,candidate,,,csr,csr,CUSPARSE_SPMM_CSR_ALG2,library-preprocess,spmm.csr.fp32,fp32,A100-SXM4-80GB,A100-SXM4-80GB,,19500.0,2793479a-b9ba-5e32-964d-96d3a38ca48f,suitesparse_all,Newman/netscience,netscience,1589,1589,5484,16,row-major,N,N,1.0,0.0,20260922,main,pass,pass,0,0,175488.0,0.01433,0.0226303994656,0.0369603994656,0.0233468994656,7.7545250699951485,4.748000631414475,7.51654412435232,0.03976679523074435,0.024348721186740894,0.03854638012488369,cuSPARSE 12.8.6,CUDA,13040,13000,2026-10-07T09:38:16.457119+00:00,source,csr-alg2,0,0,,,,5,20,4,true
3,full-20261009-A100-SXM4-80GB-spmm-fp32-cusparse-csr-alg2-n16-13.4.1,cuSPARSE-CUDA-13.4.1-SpMM-CSR-ALG2,cuSPARSE CUDA 13.4.1 SpMM CSR ALG2 [cuSPARSE 12.8.6],csr-alg2,cuSPARSE-SpMM-CSR,candidate,,,csr,csr,CUSPARSE_SPMM_CSR_ALG2,library-preprocess,spmm.csr.fp32,fp32,A100-SXM4-80GB,A100-SXM4-80GB,,19500.0,df2405bf-ab33-5b32-9511-7da1122118f9,suitesparse_all,Norris/fv1,fv1,9604,9604,85264,16,row-major,N,N,1.0,0.0,20260922,main,pass,pass,0,0,2728448.0,0.023229,0.0281087994576,0.0513377994576,0.0292702494576,97.06739713717258,53.146960501363736,93.21574125811081,0.4977815237803722,0.2725485153916089,0.47802944234928624,cuSPARSE 12.8.6,CUDA,13040,13000,2026-10-08T09:36:03.986298+00:00,source,csr-alg2,0,0,,,,5,20,4,true
3,full-20261009-A100-SXM4-80GB-spmm-fp32-cusparse-csr-alg2-n16-13.4.1,cuSPARSE-CUDA-13.4.1-SpMM-CSR-ALG2,cuSPARSE CUDA 13.4.1 SpMM CSR ALG2 [cuSPARSE 12.8.6],csr-alg2,cuSPARSE-SpMM-CSR,candidate,,,csr,csr,CUSPARSE_SPMM_CSR_ALG2,library-preprocess,spmm.csr.fp32,fp32,A100-SXM4-80GB,A100-SXM4-80GB,,19500.0,2793479a-b9ba-5e32-964d-96d3a38ca48f,suitesparse_all,Norris/fv3,fv3,9801,9801,87025,16,row-major,N,N,1.0,0.0,20260922,main,pass,pass,0,0,2784800.0,0.03338,0.0289279997349,0.0623079997349,0.0305969997349,96.26659380255371,44.694100466206685,91.01545982051177,0.493674840013096,0.22920051521131635,0.46674594779749623,cuSPARSE 12.8.6,CUDA,13040,13000,2026-10-07T08:53:56.423852+00:00,source,csr-alg2,0,0,,,,5,20,4,true
3,full-20261009-A100-SXM4-80GB-spmm-fp32-cusparse-csr-alg2-n16-13.4.1,cuSPARSE-CUDA-13.4.1-SpMM-CSR-ALG2,cuSPARSE CUDA 13.4.1 SpMM CSR ALG2 [cuSPARSE 12.8.6],csr-alg2,cuSPARSE-SpMM-CSR,candidate,,,csr,csr,CUSPARSE_SPMM_CSR_ALG2,library-preprocess,spmm.csr.fp32,fp32,A100-SXM4-80GB,A100-SXM4-80GB,,19500.0,238ed034-08d6-5e0f-b7b4-c4d0b9e54f50,suitesparse_all,Norris/lung2,lung2,109460,109460,492564,16,row-major,N,N,1.0,0.0,20260922,main,pass,pass,0,0,15762048.0,0.049991,0.0841391980648,0.134130198065,0.0866387480648,187.3329953520691,117.51304499201329,181.9283906112198,0.9606820274465083,0.6026309999590425,0.9329661056985631,cuSPARSE 12.8.6,CUDA,13040,13000,2026-10-07T14:29:34.468309+00:00,source,csr-alg2,0,0,,,,5,20,4,true
3,full-20261009-A100-SXM4-80GB-spmm-fp32-cusparse-csr-alg2-n16-13.4.1,cuSPARSE-CUDA-13.4.1-SpMM-CSR-ALG2,cuSPARSE CUDA 13.4.1 SpMM CSR ALG2 [cuSPARSE 12.8.6],csr-alg2,cuSPARSE-SpMM-CSR,candidate,,,csr,csr,CUSPARSE_SPMM_CSR_ALG2,library-preprocess,spmm.csr.fp32,fp32,A100-SXM4-80GB,A100-SXM4-80GB,,19500.0,df2405bf-ab33-5b32-9511-7da1122118f9,suitesparse_all,Norris/stomach,stomach,213360,213360,3021648,16,row-major,N,N,1.0,0.0,20260922,main,pass,pass,0,0,96692736.0,0.05035,0.47206401825,0.52241401825,0.47458151825,204.8297100856193,185.08832577637287,203.7431553520047,1.0504087696698425,0.9491709014172968,1.0448366941128444,cuSPARSE 12.8.6,CUDA,13040,13000,2026-10-08T09:36:14.223793+00:00,source,csr-alg2,0,0,,,,5,20,4,true
3,full-20261009-A100-SXM4-80GB-spmm-fp32-cusparse-csr-alg2-n16-13.4.1,cuSPARSE-CUDA-13.4.1-SpMM-CSR-ALG2,cuSPARSE CUDA 13.4.1 SpMM CSR ALG2 [cuSPARSE 12.8.6],csr-alg2,cuSPARSE-SpMM-CSR,candidate,,,csr,csr,CUSPARSE_SPMM_CSR_ALG2,library-preprocess,spmm.csr.fp32,fp32,A100-SXM4-80GB,A100-SXM4-80GB,,19500.0,2793479a-b9ba-5e32-964d-96d3a38ca48f,suitesparse_all,Norris/torso2,torso2,115967,115967,1033473,16,row-major,N,N,1.0,0.0,20260922,main,pass,pass,0,0,33071136.0,0.04512,0.16102399826,0.20614399826,0.16327999826,205.38016915094332,160.42735310823306,202.54248133527634,1.0532316366715042,0.8227043749140158,1.0386793914629555,cuSPARSE 12.8.6,CUDA,13040,13000,2026-10-07T08:54:02.704186+00:00,source,csr-alg2,0,0,,,,5,20,4,true
3,full-20261009-A100-SXM4-80GB-spmm-fp32-cusparse-csr-alg2-n16-13.4.1,cuSPARSE-CUDA-13.4.1-SpMM-CSR-ALG2,cuSPARSE CUDA 13.4.1 SpMM CSR ALG2 [cuSPARSE 12.8.6],csr-alg2,cuSPARSE-SpMM-CSR,candidate,,,csr,csr,CUSPARSE_SPMM_CSR_ALG2,library-preprocess,spmm.csr.fp32,fp32,A100-SXM4-80GB,A100-SXM4-80GB,,19500.0,238ed034-08d6-5e0f-b7b4-c4d0b9e54f50,suitesparse_all,Oberwolfach/LF10,LF10,18,18,82,16,row-major,N,N,1.0,0.0,20260922,main,pass,pass,0,0,2624.0,0.01451,0.0166912004352,0.0312012004352,0.0174167004352,0.15720858485805836,0.08409932833993476,0.1506599949722261,0.000806197871066966,0.0004312786068714603,0.0007726153588319287,cuSPARSE 12.8.6,CUDA,13040,13000,2026-10-07T14:35:51.815299+00:00,source,csr-alg2,0,0,,,,5,20,4,true
3,full-20261009-A100-SXM4-80GB-spmm-fp32-cusparse-csr-alg2-n16-13.4.1,cuSPARSE-CUDA-13.4.1-SpMM-CSR-ALG2,cuSPARSE CUDA 13.4.1 SpMM CSR ALG2 [cuSPARSE 12.8.6],csr-alg2,cuSPARSE-SpMM-CSR,candidate,,,csr,csr,CUSPARSE_SPMM_CSR_ALG2,library-preprocess,spmm.csr.fp32,fp32,A100-SXM4-80GB,A100-SXM4-80GB,,19500.0,df2405bf-ab33-5b32-9511-7da1122118f9,suitesparse_all,Oberwolfach/LFAT5000,LFAT5000,19994,19994,79966,16,row-major,N,N,1.0,0.0,20260922,main,pass,pass,0,0,2558912.0,0.01894,0.0308223992586,0.0497623992586,0.0317693992586,83.02118139897945,51.42260096226702,80.54643964686555,0.42574964819989464,0.2637056459603437,0.41305866485572074,cuSPARSE 12.8.6,CUDA,13040,13000,2026-10-08T09:40:39.285321+00:00,source,csr-alg2,0,0,,,,5,20,4,true
3,full-20261009-A100-SXM4-80GB-spmm-fp32-cusparse-csr-alg2-n16-13.4.1,cuSPARSE-CUDA-13.4.1-SpMM-CSR-ALG2,cuSPARSE CUDA 13.4.1 SpMM CSR ALG2 [cuSPARSE 12.8.6],csr-alg2,cuSPARSE-SpMM-CSR,candidate,,,csr,csr,CUSPARSE_SPMM_CSR_ALG2,library-preprocess,spmm.csr.fp32,fp32,A100-SXM4-80GB,A100-SXM4-80GB,,19500.0,238ed034-08d6-5e0f-b7b4-c4d0b9e54f50,suitesparse_all,Oberwolfach/boneS01,boneS01,127224,127224,6715152,16,row-major,N,N,1.0,0.0,20260922,main,pass,pass,0,0,214884864.0,0.118271,0.735641622543,0.853912622543,0.741555172543,292.10536409994864,251.64736804107747,289.7759626746311,1.497976226153583,1.2904993232875768,1.4860305778186211,cuSPARSE 12.8.6,CUDA,13040,13000,2026-10-07T14:36:09.700308+00:00,source,csr-alg2,0,0,,,,5,20,4,true
3,full-20261009-A100-SXM4-80GB-spmm-fp32-cusparse-csr-alg2-n16-13.4.1,cuSPARSE-CUDA-13.4.1-SpMM-CSR-ALG2,cuSPARSE CUDA 13.4.1 SpMM CSR ALG2 [cuSPARSE 12.8.6],csr-alg2,cuSPARSE-SpMM-CSR,candidate,,,csr,csr,CUSPARSE_SPMM_CSR_ALG2,library-preprocess,spmm.csr.fp32,fp32,A100-SXM4-80GB,A100-SXM4-80GB,,19500.0,df2405bf-ab33-5b32-9511-7da1122118f9,suitesparse_all,Oberwolfach/boneS10,boneS10,914898,914898,55468422,16,row-major,N,N,1.0,0.0,20260922,main,pass,pass,0,0,1774989504.0,6.417983,6.79147491455,13.2094579146,7.11237406455,261.35552679393356,134.37262266744193,249.5635758033353,1.3402847527894028,0.6890903726535484,1.2798132092478733,cuSPARSE 12.8.6,CUDA,13040,13000,2026-10-08T09:42:51.355512+00:00,source,csr-alg2,0,0,,,,5,20,4,true
3,full-20261009-A100-SXM4-80GB-spmm-fp32-cusparse-csr-alg2-n16-13.4.1,cuSPARSE-CUDA-13.4.1-SpMM-CSR-ALG2,cuSPARSE CUDA 13.4.1 SpMM CSR ALG2 [cuSPARSE 12.8.6],csr-alg2,cuSPARSE-SpMM-CSR,candidate,,,csr,csr,CUSPARSE_SPMM_CSR_ALG2,library-preprocess,spmm.csr.fp32,fp32,A100-SXM4-80GB,A100-SXM4-80GB,,19500.0,238ed034-08d6-5e0f-b7b4-c4d0b9e54f50,suitesparse_all,Oberwolfach/filter2D,filter2D,1668,1668,10750,16,row-major,N,N,1.0,0.0,20260922,main,pass,pass,0,0,344000.0,0.01432,0.0181759998202,0.0324959998202,0.0188919998202,18.926056525247855,10.58591832543538,18.20876578837265,0.09705670012947618,0.05428676064325835,0.09337828609421871,cuSPARSE 12.8.6,CUDA,13040,13000,2026-10-07T14:35:51.200370+00:00,source,csr-alg2,0,0,,,,5,20,4,true
3,full-20261009-A100-SXM4-80GB-spmm-fp32-cusparse-csr-alg2-n16-13.4.1,cuSPARSE-CUDA-13.4.1-SpMM-CSR-ALG2,cuSPARSE CUDA 13.4.1 SpMM CSR ALG2 [cuSPARSE 12.8.6],csr-alg2,cuSPARSE-SpMM-CSR,candidate,,,csr,csr,CUSPARSE_SPMM_CSR_ALG2,library-preprocess,spmm.csr.fp32,fp32,A100-SXM4-80GB,A100-SXM4-80GB,,19500.0,df2405bf-ab33-5b32-9511-7da1122118f9,suitesparse_all,Oberwolfach/filter3D,filter3D,106437,106437,2707179,16,row-major,N,N,1.0,0.0,20260922,main,pass,pass,0,0,86629728.0,0.05776,0.39511039257,0.45287039257,0.39799839257,219.25449097027277,191.29033255714475,217.66351225844096,1.1243820049757578,0.9809760643956141,1.1162231397868767,cuSPARSE 12.8.6,CUDA,13040,13000,2026-10-08T09:40:38.354917+00:00,source,csr-alg2,0,0,,,,5,20,4,true
3,full-20261009-A100-SXM4-80GB-spmm-fp32-cusparse-csr-alg2-n16-13.4.1,cuSPARSE-CUDA-13.4.1-SpMM-CSR-ALG2,cuSPARSE CUDA 13.4.1 SpMM CSR ALG2 [cuSPARSE 12.8.6],csr-alg2,cuSPARSE-SpMM-CSR,candidate,,,csr,csr,CUSPARSE_SPMM_CSR_ALG2,library-preprocess,spmm.csr.fp32,fp32,A100-SXM4-80GB,A100-SXM4-80GB,,19500.0,2793479a-b9ba-5e32-964d-96d3a38ca48f,suitesparse_all,Oberwolfach/flowmeter5,flowmeter5,9669,9669,67391,16,row-major,N,N,1.0,0.0,20260922,main,pass,pass,0,0,2156512.0,0.01971,0.0269311994314,0.0466411994314,0.0279166994314,80.07485910507386,46.23620374882948,77.2481003816092,0.41064030310294286,0.23710873717348452,0.3961441045210729,cuSPARSE 12.8.6,CUDA,13040,13000,2026-10-07T09:01:09.681526+00:00,source,csr-alg2,0,0,,,,5,20,4,true
3,full-20261009-A100-SXM4-80GB-spmm-fp32-cusparse-csr-alg2-n16-13.4.1,cuSPARSE-CUDA-13.4.1-SpMM-CSR-ALG2,cuSPARSE CUDA 13.4.1 SpMM CSR ALG2 [cuSPARSE 12.8.6],csr-alg2,cuSPARSE-SpMM-CSR,candidate,,,csr,csr,CUSPARSE_SPMM_CSR_ALG2,library-preprocess,spmm.csr.fp32,fp32,A100-SXM4-80GB,A100-SXM4-80GB,,19500.0,2793479a-b9ba-5e32-964d-96d3a38ca48f,suitesparse_all,Oberwolfach/piston,piston,2025,2025,100015,16,row-major,N,N,1.0,0.0,20260922,main,pass,pass,0,0,3200480.0,0.02798,0.0271872013807,0.0551672013807,0.0285862013807,117.72009759974772,58.01418088827819,111.9589118322243,0.6036928082038344,0.29750861993988814,0.5741482658062785,cuSPARSE 12.8.6,CUDA,13040,13000,2026-10-07T09:01:11.237698+00:00,source,csr-alg2,0,0,,,,5,20,4,true
3,full-20261009-A100-SXM4-80GB-spmm-fp32-cusparse-csr-alg2-n16-13.4.1,cuSPARSE-CUDA-13.4.1-SpMM-CSR-ALG2,cuSPARSE CUDA 13.4.1 SpMM CSR ALG2 [cuSPARSE 12.8.6],csr-alg2,cuSPARSE-SpMM-CSR,candidate,,,csr,csr,CUSPARSE_SPMM_CSR_ALG2,library-preprocess,spmm.csr.fp32,fp32,A100-SXM4-80GB,A100-SXM4-80GB,,19500.0,238ed034-08d6-5e0f-b7b4-c4d0b9e54f50,suitesparse_all,Oberwolfach/spiral,spiral,1434,1434,18228,16,row-major,N,N,1.0,0.0,20260922,main,pass,pass,0,0,583296.0,0.01804,0.0215039998293,0.0395439998293,0.0224059998293,27.125000215319826,14.750556405976127,26.033027066135755,0.13910256520676834,0.07564387900500578,0.13350270290326027,cuSPARSE 12.8.6,CUDA,13040,13000,2026-10-07T14:35:52.443634+00:00,source,csr-alg2,0,0,,,,5,20,4,true
3,full-20261009-A100-SXM4-80GB-spmm-fp32-cusparse-csr-alg2-n16-13.4.1,cuSPARSE-CUDA-13.4.1-SpMM-CSR-ALG2,cuSPARSE CUDA 13.4.1 SpMM CSR ALG2 [cuSPARSE 12.8.6],csr-alg2,cuSPARSE-SpMM-CSR,candidate,,,csr,csr,CUSPARSE_SPMM_CSR_ALG2,library-preprocess,spmm.csr.fp32,fp32,A100-SXM4-80GB,A100-SXM4-80GB,,19500.0,df2405bf-ab33-5b32-9511-7da1122118f9,suitesparse_all,Oberwolfach/t2dah,t2dah,11445,11445,176117,16,row-major,N,N,1.0,0.0,20260922,main,pass,pass,0,0,5635744.0,0.01552,0.0372736006975,0.0527936006975,0.0380496006975,151.19934469808274,106.75051380359584,148.11571992055858,0.7753812548619627,0.5474385323261325,0.7595677944644029,cuSPARSE 12.8.6,CUDA,13040,13000,2026-10-08T09:40:40.367422+00:00,source,csr-alg2,0,0,,,,5,20,4,true
3,full-20261009-A100-SXM4-80GB-spmm-fp32-cusparse-csr-alg2-n16-13.4.1,cuSPARSE-CUDA-13.4.1-SpMM-CSR-ALG2,cuSPARSE CUDA 13.4.1 SpMM CSR ALG2 [cuSPARSE 12.8.6],csr-alg2,cuSPARSE-SpMM-CSR,candidate,,,csr,csr,CUSPARSE_SPMM_CSR_ALG2,library-preprocess,spmm.csr.fp32,fp32,A100-SXM4-80GB,A100-SXM4-80GB,,19500.0,2793479a-b9ba-5e32-964d-96d3a38ca48f,suitesparse_all,Oberwolfach/t2dal,t2dal,4257,4257,37465,16,row-major,N,N,1.0,0.0,20260922,main,pass,pass,0,0,1198880.0,0.01554,0.0229888007045,0.0385288007045,0.0237658007045,52.150610873986224,31.11646295961597,50.4455968013312,0.26743903012300624,0.15957160492110753,0.2586953682119549,cuSPARSE 12.8.6,CUDA,13040,13000,2026-10-07T09:01:12.309034+00:00,source,csr-alg2,0,0,,,,5,20,4,true
3,full-20261009-A100-SXM4-80GB-spmm-fp32-cusparse-csr-alg2-n16-13.4.1,cuSPARSE-CUDA-13.4.1-SpMM-CSR-ALG2,cuSPARSE CUDA 13.4.1 SpMM CSR ALG2 [cuSPARSE 12.8.6],csr-alg2,cuSPARSE-SpMM-CSR,candidate,,,csr,csr,CUSPARSE_SPMM_CSR_ALG2,library-preprocess,spmm.csr.fp32,fp32,A100-SXM4-80GB,A100-SXM4-80GB,,19500.0,238ed034-08d6-5e0f-b7b4-c4d0b9e54f50,suitesparse_all,Oberwolfach/t2dal_a,t2dal_a,4257,4257,37465,16,row-major,N,N,1.0,0.0,20260922,main,pass,pass,0,0,1198880.0,0.01573,0.0232960000634,0.0390260000634,0.0240825000634,51.46291194785591,30.720032748740586,49.78220686572441,0.2639123689633636,0.15753862948072095,0.2552933685421765,cuSPARSE 12.8.6,CUDA,13040,13000,2026-10-07T14:31:32.384869+00:00,source,csr-alg2,0,0,,,,5,20,4,true
3,full-20261009-A100-SXM4-80GB-spmm-fp32-cusparse-csr-alg2-n16-13.4.1,cuSPARSE-CUDA-13.4.1-SpMM-CSR-ALG2,cuSPARSE CUDA 13.4.1 SpMM CSR ALG2 [cuSPARSE 12.8.6],csr-alg2,cuSPARSE-SpMM-CSR,candidate,,,csr,csr,CUSPARSE_SPMM_CSR_ALG2,library-preprocess,spmm.csr.fp32,fp32,A100-SXM4-80GB,A100-SXM4-80GB,,19500.0,df2405bf-ab33-5b32-9511-7da1122118f9,suitesparse_all,Oberwolfach/t2dal_e,t2dal_e,4257,4257,4257,16,row-major,N,N,1.0,0.0,20260922,main,pass,pass,0,0,136224.0,0.01278,0.0268287986517,0.0396087986517,0.0274677986517,5.077528881128943,3.439235842467373,4.959407258199375,0.026038609646815095,0.017637106884448066,0.025432857734355774,cuSPARSE 12.8.6,CUDA,13040,13000,2026-10-08T09:38:01.462264+00:00,source,csr-alg2,0,0,,,,5,20,4,true
3,full-20261009-A100-SXM4-80GB-spmm-fp32-cusparse-csr-alg2-n16-13.4.1,cuSPARSE-CUDA-13.4.1-SpMM-CSR-ALG2,cuSPARSE CUDA 13.4.1 SpMM CSR ALG2 [cuSPARSE 12.8.6],csr-alg2,cuSPARSE-SpMM-CSR,candidate,,,csr,csr,CUSPARSE_SPMM_CSR_ALG2,library-preprocess,spmm.csr.fp32,fp32,A100-SXM4-80GB,A100-SXM4-80GB,,19500.0,2793479a-b9ba-5e32-964d-96d3a38ca48f,suitesparse_all,Oberwolfach/t3dh_e,t3dh_e,79171,79171,4352105,16,row-major,N,N,1.0,0.0,20260922,main,pass,pass,0,0,139267360.0,0.08097,0.580198383331,0.661168383331,0.584246883331,240.0340366349293,210.6382632792632,238.3707367097742,1.230943777615022,1.0801962219449397,1.2224140344090983,cuSPARSE 12.8.6,CUDA,13040,13000,2026-10-07T08:57:00.516902+00:00,source,csr-alg2,0,0,,,,5,20,4,true
3,full-20261009-A100-SXM4-80GB-spmm-fp32-cusparse-csr-alg2-n16-13.4.1,cuSPARSE-CUDA-13.4.1-SpMM-CSR-ALG2,cuSPARSE CUDA 13.4.1 SpMM CSR ALG2 [cuSPARSE 12.8.6],csr-alg2,cuSPARSE-SpMM-CSR,candidate,,,csr,csr,CUSPARSE_SPMM_CSR_ALG2,library-preprocess,spmm.csr.fp32,fp32,A100-SXM4-80GB,A100-SXM4-80GB,,19500.0,df2405bf-ab33-5b32-9511-7da1122118f9,suitesparse_all,Okunbor/aft01,aft01,8205,8205,125567,16,row-major,N,N,1.0,0.0,20260922,main,pass,pass,0,0,4018144.0,0.18875,0.0319487988949,0.220698798895,0.0413862988949,125.76823351695445,18.206460660946682,97.0887493516641,0.644965300086946,0.0933664649279317,0.4978910223162262,cuSPARSE 12.8.6,CUDA,13040,13000,2026-10-08T09:35:07.370021+00:00,source,csr-alg2,0,0,,,,5,20,4,true
3,full-20261009-A100-SXM4-80GB-spmm-fp32-cusparse-csr-alg2-n16-13.4.1,cuSPARSE-CUDA-13.4.1-SpMM-CSR-ALG2,cuSPARSE CUDA 13.4.1 SpMM CSR ALG2 [cuSPARSE 12.8.6],csr-alg2,cuSPARSE-SpMM-CSR,candidate,,,csr,csr,CUSPARSE_SPMM_CSR_ALG2,library-preprocess,spmm.csr.fp32,fp32,A100-SXM4-80GB,A100-SXM4-80GB,,19500.0,238ed034-08d6-5e0f-b7b4-c4d0b9e54f50,suitesparse_all,PARSEC/Ga10As10H30,Ga10As10H30,113081,113081,6115633,16,row-major,N,N,1.0,0.0,20260922,main,pass,pass,0,0,195700256.0,0.08547,0.805119991302,0.890589991302,0.809393491302,243.06967671181943,219.74225840321378,241.78629813935646,1.246511162624715,1.1268833764267374,1.2399297340479818,cuSPARSE 12.8.6,CUDA,13040,13000,2026-10-07T14:33:22.652610+00:00,source,csr-alg2,0,0,,,,5,20,4,true
3,full-20261009-A100-SXM4-80GB-spmm-fp32-cusparse-csr-alg2-n16-13.4.1,cuSPARSE-CUDA-13.4.1-SpMM-CSR-ALG2,cuSPARSE CUDA 13.4.1 SpMM CSR ALG2 [cuSPARSE 12.8.6],csr-alg2,cuSPARSE-SpMM-CSR,candidate,,,csr,csr,CUSPARSE_SPMM_CSR_ALG2,library-preprocess,spmm.csr.fp32,fp32,A100-SXM4-80GB,A100-SXM4-80GB,,19500.0,df2405bf-ab33-5b32-9511-7da1122118f9,suitesparse_all,PARSEC/Ga19As19H42,Ga19As19H42,133123,133123,8884839,16,row-major,N,N,1.0,0.0,20260922,main,pass,pass,0,0,284314848.0,0.05738,1.14565124512,1.20303124512,1.14852024512,248.1687592197569,236.33205633960083,247.5488344311198,1.272660303691061,1.2119592632800043,1.2694812022108708,cuSPARSE 12.8.6,CUDA,13040,13000,2026-10-08T09:39:13.041978+00:00,source,csr-alg2,0,0,,,,5,20,4,true
3,full-20261009-A100-SXM4-80GB-spmm-fp32-cusparse-csr-alg2-n16-13.4.1,cuSPARSE-CUDA-13.4.1-SpMM-CSR-ALG2,cuSPARSE CUDA 13.4.1 SpMM CSR ALG2 [cuSPARSE 12.8.6],csr-alg2,cuSPARSE-SpMM-CSR,candidate,,,csr,csr,CUSPARSE_SPMM_CSR_ALG2,library-preprocess,spmm.csr.fp32,fp32,A100-SXM4-80GB,A100-SXM4-80GB,,19500.0,2793479a-b9ba-5e32-964d-96d3a38ca48f,suitesparse_all,PARSEC/Ga41As41H72,Ga41As41H72,268096,268096,18488476,16,row-major,N,N,1.0,0.0,20260922,main,pass,pass,0,0,591631232.0,6.816542,2.40793590546,9.22447790546,2.74876300546,245.70057311678224,64.13709676184615,215.23544620791773,1.2600029390604217,0.3289081885222879,1.1037715190149626,cuSPARSE 12.8.6,CUDA,13040,13000,2026-10-07T08:59:48.018666+00:00,source,csr-alg2,0,0,,,,5,20,4,true
3,full-20261009-A100-SXM4-80GB-spmm-fp32-cusparse-csr-alg2-n16-13.4.1,cuSPARSE-CUDA-13.4.1-SpMM-CSR-ALG2,cuSPARSE CUDA 13.4.1 SpMM CSR ALG2 [cuSPARSE 12.8.6],csr-alg2,cuSPARSE-SpMM-CSR,candidate,,,csr,csr,CUSPARSE_SPMM_CSR_ALG2,library-preprocess,spmm.csr.fp32,fp32,A100-SXM4-80GB,A100-SXM4-80GB,,19500.0,238ed034-08d6-5e0f-b7b4-c4d0b9e54f50,suitesparse_all,PARSEC/Na5,Na5,5832,5832,305630,16,row-major,N,N,1.0,0.0,20260922,main,pass,pass,0,0,9780160.0,0.05195,0.0409072011709,0.0928572011709,0.0435047011709,239.08162181863656,105.32473385666667,224.80696882804662,1.2260595990699312,0.5401268402905983,1.152856250400239,cuSPARSE 12.8.6,CUDA,13040,13000,2026-10-07T14:33:24.467138+00:00,source,csr-alg2,0,0,,,,5,20,4,true
3,full-20261009-A100-SXM4-80GB-spmm-fp32-cusparse-csr-alg2-n16-13.4.1,cuSPARSE-CUDA-13.4.1-SpMM-CSR-ALG2,cuSPARSE CUDA 13.4.1 SpMM CSR ALG2 [cuSPARSE 12.8.6],csr-alg2,cuSPARSE-SpMM-CSR,candidate,,,csr,csr,CUSPARSE_SPMM_CSR_ALG2,library-preprocess,spmm.csr.fp32,fp32,A100-SXM4-80GB,A100-SXM4-80GB,,19500.0,df2405bf-ab33-5b32-9511-7da1122118f9,suitesparse_all,PARSEC/Si10H16,Si10H16,17077,17077,875923,16,row-major,N,N,1.0,0.0,20260922,main,pass,pass,0,0,28029536.0,0.02239,0.107673597336,0.130063597336,0.108793097336,260.3194905110549,215.50638744513464,257.6407574226213,1.334971746210538,1.1051609612571007,1.32123465344934,cuSPARSE 12.8.6,CUDA,13040,13000,2026-10-08T09:39:15.458298+00:00,source,csr-alg2,0,0,,,,5,20,4,true
3,full-20261009-A100-SXM4-80GB-spmm-fp32-cusparse-csr-alg2-n16-13.4.1,cuSPARSE-CUDA-13.4.1-SpMM-CSR-ALG2,cuSPARSE CUDA 13.4.1 SpMM CSR ALG2 [cuSPARSE 12.8.6],csr-alg2,cuSPARSE-SpMM-CSR,candidate,,,csr,csr,CUSPARSE_SPMM_CSR_ALG2,library-preprocess,spmm.csr.fp32,fp32,A100-SXM4-80GB,A100-SXM4-80GB,,19500.0,2793479a-b9ba-5e32-964d-96d3a38ca48f,suitesparse_all,PARSEC/Si34H36,Si34H36,97569,97569,5156379,16,row-major,N,N,1.0,0.0,20260922,main,pass,pass,0,0,165004128.0,0.0476,0.684929609299,0.732529609299,0.687309609299,240.90669429355754,225.25250297786872,240.07248810080048,1.235418945095167,1.1551410409121472,1.2311409646194897,cuSPARSE 12.8.6,CUDA,13040,13000,2026-10-07T09:00:02.044717+00:00,source,csr-alg2,0,0,,,,5,20,4,true
3,full-20261009-A100-SXM4-80GB-spmm-fp32-cusparse-csr-alg2-n16-13.4.1,cuSPARSE-CUDA-13.4.1-SpMM-CSR-ALG2,cuSPARSE CUDA 13.4.1 SpMM CSR ALG2 [cuSPARSE 12.8.6],csr-alg2,cuSPARSE-SpMM-CSR,candidate,,,csr,csr,CUSPARSE_SPMM_CSR_ALG2,library-preprocess,spmm.csr.fp32,fp32,A100-SXM4-80GB,A100-SXM4-80GB,,19500.0,238ed034-08d6-5e0f-b7b4-c4d0b9e54f50,suitesparse_all,PARSEC/SiNa,SiNa,5743,5743,198787,16,row-major,N,N,1.0,0.0,20260922,main,pass,pass,0,0,6361184.0,0.03005,0.0390655994415,0.0691155994415,0.0405680994415,162.83339027027483,92.0368780912355,156.80261307712857,0.8350430270270505,0.4719839902114641,0.8041159644980952,cuSPARSE 12.8.6,CUDA,13040,13000,2026-10-07T14:33:26.147976+00:00,source,csr-alg2,0,0,,,,5,20,4,true
3,full-20261009-A100-SXM4-80GB-spmm-fp32-cusparse-csr-alg2-n16-13.4.1,cuSPARSE-CUDA-13.4.1-SpMM-CSR-ALG2,cuSPARSE CUDA 13.4.1 SpMM CSR ALG2 [cuSPARSE 12.8.6],csr-alg2,cuSPARSE-SpMM-CSR,candidate,,,csr,csr,CUSPARSE_SPMM_CSR_ALG2,library-preprocess,spmm.csr.fp32,fp32,A100-SXM4-80GB,A100-SXM4-80GB,,19500.0,df2405bf-ab33-5b32-9511-7da1122118f9,suitesparse_all,PARSEC/SiO2,SiO2,155331,155331,11283503,16,row-major,N,N,1.0,0.0,20260922,main,pass,pass,0,0,361072096.0,0.3795,1.38926076889,1.76876076889,1.40823576889,259.90231933814096,204.13845803838905,256.4003158963959,1.3328324068622615,1.046863887376354,1.3148734148533123,cuSPARSE 12.8.6,CUDA,13040,13000,2026-10-08T09:39:40.334477+00:00,source,csr-alg2,0,0,,,,5,20,4,true
3,full-20261009-A100-SXM4-80GB-spmm-fp32-cusparse-csr-alg2-n16-13.4.1,cuSPARSE-CUDA-13.4.1-SpMM-CSR-ALG2,cuSPARSE CUDA 13.4.1 SpMM CSR ALG2 [cuSPARSE 12.8.6],csr-alg2,cuSPARSE-SpMM-CSR,candidate,,,csr,csr,CUSPARSE_SPMM_CSR_ALG2,library-preprocess,spmm.csr.fp32,fp32,A100-SXM4-80GB,A100-SXM4-80GB,,19500.0,2793479a-b9ba-5e32-964d-96d3a38ca48f,suitesparse_all,Pajek/Cities,Cities,55,46,1342,16,row-major,N,N,1.0,0.0,20260922,main,pass,pass,0,0,42944.0,0.014,0.0176128000021,0.0316128000021,0.0183128000021,2.4382267438953336,1.3584370886839283,2.34502642933224,0.01250372689177094,0.006966344044532966,0.012025776560678153,cuSPARSE 12.8.6,CUDA,13040,13000,2026-10-07T09:01:13.036578+00:00,source,csr-alg2,0,0,,,,5,20,4,true
3,full-20261009-A100-SXM4-80GB-spmm-fp32-cusparse-csr-alg2-n16-13.4.1,cuSPARSE-CUDA-13.4.1-SpMM-CSR-ALG2,cuSPARSE CUDA 13.4.1 SpMM CSR ALG2 [cuSPARSE 12.8.6],csr-alg2,cuSPARSE-SpMM-CSR,candidate,,,csr,csr,CUSPARSE_SPMM_CSR_ALG2,library-preprocess,spmm.csr.fp32,fp32,A100-SXM4-80GB,A100-SXM4-80GB,,19500.0,238ed034-08d6-5e0f-b7b4-c4d0b9e54f50,suitesparse_all,Pajek/EAT_SR,EAT_SR,23219,23219,325589,16,row-major,N,N,1.0,0.0,20260922,main,pass,pass,0,0,10418848.0,0.0336,0.047462400794,0.081062400794,0.049142400794,219.5179305240098,128.5287370957211,212.0134106527429,1.1257329770462041,0.6591217286960057,1.0872482597576558,cuSPARSE 12.8.6,CUDA,13040,13000,2026-10-07T14:36:11.575774+00:00,source,csr-alg2,0,0,,,,5,20,4,true
3,full-20261009-A100-SXM4-80GB-spmm-fp32-cusparse-csr-alg2-n16-13.4.1,cuSPARSE-CUDA-13.4.1-SpMM-CSR-ALG2,cuSPARSE CUDA 13.4.1 SpMM CSR ALG2 [cuSPARSE 12.8.6],csr-alg2,cuSPARSE-SpMM-CSR,candidate,,,csr,csr,CUSPARSE_SPMM_CSR_ALG2,library-preprocess,spmm.csr.fp32,fp32,A100-SXM4-80GB,A100-SXM4-80GB,,19500.0,df2405bf-ab33-5b32-9511-7da1122118f9,suitesparse_all,Pajek/EPA,EPA,4772,4772,8965,16,row-major,N,N,1.0,0.0,20260922,main,pass,pass,0,0,286880.0,0.01508,0.0369152009487,0.0519952009487,0.0376692009487,7.771324349518479,5.517432277702788,7.615770782892077,0.039852945382146045,0.02829452450103994,0.039055234784061935,cuSPARSE 12.8.6,CUDA,13040,13000,2026-10-08T09:42:52.128302+00:00,source,csr-alg2,0,0,,,,5,20,4,true
3,full-20261009-A100-SXM4-80GB-spmm-fp32-cusparse-csr-alg2-n16-13.4.1,cuSPARSE-CUDA-13.4.1-SpMM-CSR-ALG2,cuSPARSE CUDA 13.4.1 SpMM CSR ALG2 [cuSPARSE 12.8.6],csr-alg2,cuSPARSE-SpMM-CSR,candidate,,,csr,csr,CUSPARSE_SPMM_CSR_ALG2,library-preprocess,spmm.csr.fp32,fp32,A100-SXM4-80GB,A100-SXM4-80GB,,19500.0,df2405bf-ab33-5b32-9511-7da1122118f9,suitesparse_all,Pajek/EVA,EVA,8497,8497,6726,16,row-major,N,N,1.0,0.0,20260922,main,pass,pass,0,0,215232.0,0.01942,0.0980480015278,0.117468001528,0.0990190015278,2.19516967858824,1.8322606769529208,2.173643408629734,0.011257280403016616,0.009396208599758569,0.011146889275024276,cuSPARSE 12.8.6,CUDA,13040,13000,2026-10-08T09:42:53.306558+00:00,source,csr-alg2,0,0,,,,5,20,4,true
3,full-20261009-A100-SXM4-80GB-spmm-fp32-cusparse-csr-alg2-n16-13.4.1,cuSPARSE-CUDA-13.4.1-SpMM-CSR-ALG2,cuSPARSE CUDA 13.4.1 SpMM CSR ALG2 [cuSPARSE 12.8.6],csr-alg2,cuSPARSE-SpMM-CSR,candidate,,,csr,csr,CUSPARSE_SPMM_CSR_ALG2,library-preprocess,spmm.csr.fp32,fp32,A100-SXM4-80GB,A100-SXM4-80GB,,19500.0,2793479a-b9ba-5e32-964d-96d3a38ca48f,suitesparse_all,Pajek/Erdos971,Erdos971,472,472,2628,16,row-major,N,N,1.0,0.0,20260922,main,pass,pass,0,0,84096.0,0.01634,0.0207872003317,0.0371272003317,0.0216042003317,4.045566437908214,2.265077874137389,3.892576383704669,0.020746494553375454,0.011615783969935328,0.019961930172844457,cuSPARSE 12.8.6,CUDA,13040,13000,2026-10-07T09:01:13.874705+00:00,source,csr-alg2,0,0,,,,5,20,4,true
3,full-20261009-A100-SXM4-80GB-spmm-fp32-cusparse-csr-alg2-n16-13.4.1,cuSPARSE-CUDA-13.4.1-SpMM-CSR-ALG2,cuSPARSE CUDA 13.4.1 SpMM CSR ALG2 [cuSPARSE 12.8.6],csr-alg2,cuSPARSE-SpMM-CSR,candidate,,,csr,csr,CUSPARSE_SPMM_CSR_ALG2,library-preprocess,spmm.csr.fp32,fp32,A100-SXM4-80GB,A100-SXM4-80GB,,19500.0,238ed034-08d6-5e0f-b7b4-c4d0b9e54f50,suitesparse_all,Pajek/Erdos992,Erdos992,6100,6100,15030,16,row-major,N,N,1.0,0.0,20260922,main,pass,pass,0,0,480960.0,0.07062,0.0273407995701,0.0979607995701,0.0308717995701,17.591292411432608,4.909719011182925,15.579266732018436,0.09021175595606465,0.025178046211194485,0.07989367554881249,cuSPARSE 12.8.6,CUDA,13040,13000,2026-10-07T14:36:12.701973+00:00,source,csr-alg2,0,0,,,,5,20,4,true
3,full-20261009-A100-SXM4-80GB-spmm-fp32-cusparse-csr-alg2-n16-13.4.1,cuSPARSE-CUDA-13.4.1-SpMM-CSR-ALG2,cuSPARSE CUDA 13.4.1 SpMM CSR ALG2 [cuSPARSE 12.8.6],csr-alg2,cuSPARSE-SpMM-CSR,candidate,,,csr,csr,CUSPARSE_SPMM_CSR_ALG2,library-preprocess,spmm.csr.fp32,fp32,A100-SXM4-80GB,A100-SXM4-80GB,,19500.0,238ed034-08d6-5e0f-b7b4-c4d0b9e54f50,suitesparse_all,Pajek/GD01_Acap,GD01_Acap,953,953,645,16,row-major,N,N,1.0,0.0,20260922,main,pass,pass,0,0,20640.0,0.01612,0.0335871994495,0.0497071994495,0.0343931994495,0.6145198271452568,0.41523160082613775,0.6001186377064452,0.0031513837289500347,0.0021293928247494245,0.0030775314754176676,cuSPARSE 12.8.6,CUDA,13040,13000,2026-10-07T14:36:13.304905+00:00,source,csr-alg2,0,0,,,,5,20,4,true
3,full-20261009-A100-SXM4-80GB-spmm-fp32-cusparse-csr-alg2-n16-13.4.1,cuSPARSE-CUDA-13.4.1-SpMM-CSR-ALG2,cuSPARSE CUDA 13.4.1 SpMM CSR ALG2 [cuSPARSE 12.8.6],csr-alg2,cuSPARSE-SpMM-CSR,candidate,,,csr,csr,CUSPARSE_SPMM_CSR_ALG2,library-preprocess,spmm.csr.fp32,fp32,A100-SXM4-80GB,A100-SXM4-80GB,,19500.0,df2405bf-ab33-5b32-9511-7da1122118f9,suitesparse_all,Pajek/GD01_b,GD01_b,18,18,37,16,row-major,N,N,1.0,0.0,20260922,main,pass,pass,0,0,1184.0,0.01382,0.018534399569,0.032354399569,0.019225399569,0.06388121695511073,0.03659471403494801,0.06158519596696138,0.00032759598438518325,0.00018766520017922056,0.00031582151777928915,cuSPARSE 12.8.6,CUDA,13040,13000,2026-10-08T09:42:53.867386+00:00,source,csr-alg2,0,0,,,,5,20,4,true
3,full-20261009-A100-SXM4-80GB-spmm-fp32-cusparse-csr-alg2-n16-13.4.1,cuSPARSE-CUDA-13.4.1-SpMM-CSR-ALG2,cuSPARSE CUDA 13.4.1 SpMM CSR ALG2 [cuSPARSE 12.8.6],csr-alg2,cuSPARSE-SpMM-CSR,candidate,,,csr,csr,CUSPARSE_SPMM_CSR_ALG2,library-preprocess,spmm.csr.fp32,fp32,A100-SXM4-80GB,A100-SXM4-80GB,,19500.0,2793479a-b9ba-5e32-964d-96d3a38ca48f,suitesparse_all,Pajek/GD02_a,GD02_a,23,23,87,16,row-major,N,N,1.0,0.0,20260922,main,pass,pass,0,0,2784.0,0.02018,0.0165887996554,0.0367687996554,0.0175977996554,0.16782407756029233,0.07571636893485402,0.1582015964788934,0.0008606362951809863,0.0003882890714607898,0.0008112902383532995,cuSPARSE 12.8.6,CUDA,13040,13000,2026-10-07T09:01:16.032015+00:00,source,csr-alg2,0,0,,,,5,20,4,true
3,full-20261009-A100-SXM4-80GB-spmm-fp32-cusparse-csr-alg2-n16-13.4.1,cuSPARSE-CUDA-13.4.1-SpMM-CSR-ALG2,cuSPARSE CUDA 13.4.1 SpMM CSR ALG2 [cuSPARSE 12.8.6],csr-alg2,cuSPARSE-SpMM-CSR,candidate,,,csr,csr,CUSPARSE_SPMM_CSR_ALG2,library-preprocess,spmm.csr.fp32,fp32,A100-SXM4-80GB,A100-SXM4-80GB,,19500.0,238ed034-08d6-5e0f-b7b4-c4d0b9e54f50,suitesparse_all,Pajek/GD95_b,GD95_b,73,73,96,16,row-major,N,N,1.0,0.0,20260922,main,pass,pass,0,0,3072.0,0.01497,0.0213504001498,0.0363204001498,0.0220989001498,0.14388489107679683,0.08458056594447834,0.13901144306621985,0.0007378712362912658,0.00043374649202296587,0.0007128791952113839,cuSPARSE 12.8.6,CUDA,13040,13000,2026-10-07T14:36:14.004281+00:00,source,csr-alg2,0,0,,,,5,20,4,true
3,full-20261009-A100-SXM4-80GB-spmm-fp32-cusparse-csr-alg2-n16-13.4.1,cuSPARSE-CUDA-13.4.1-SpMM-CSR-ALG2,cuSPARSE CUDA 13.4.1 SpMM CSR ALG2 [cuSPARSE 12.8.6],csr-alg2,cuSPARSE-SpMM-CSR,candidate,,,csr,csr,CUSPARSE_SPMM_CSR_ALG2,library-preprocess,spmm.csr.fp32,fp32,A100-SXM4-80GB,A100-SXM4-80GB,,19500.0,df2405bf-ab33-5b32-9511-7da1122118f9,suitesparse_all,Pajek/GD95_c,GD95_c,62,62,287,16,row-major,N,N,1.0,0.0,20260922,main,pass,pass,0,0,9184.0,0.01822,0.0180224001408,0.0362424001408,0.0189334001408,0.5095880642006614,0.25340485079135483,0.4850687109395209,0.002613272124105956,0.001299512055340281,0.002487531850971902,cuSPARSE 12.8.6,CUDA,13040,13000,2026-10-08T09:42:54.635757+00:00,source,csr-alg2,0,0,,,,5,20,4,true
3,full-20261009-A100-SXM4-80GB-spmm-fp32-cusparse-csr-alg2-n16-13.4.1,cuSPARSE-CUDA-13.4.1-SpMM-CSR-ALG2,cuSPARSE CUDA 13.4.1 SpMM CSR ALG2 [cuSPARSE 12.8.6],csr-alg2,cuSPARSE-SpMM-CSR,candidate,,,csr,csr,CUSPARSE_SPMM_CSR_ALG2,library-preprocess,spmm.csr.fp32,fp32,A100-SXM4-80GB,A100-SXM4-80GB,,19500.0,2793479a-b9ba-5e32-964d-96d3a38ca48f,suitesparse_all,Pajek/GD96_b,GD96_b,111,111,193,16,row-major,N,N,1.0,0.0,20260922,main,pass,pass,0,0,6176.0,0.01452,0.0182272002101,0.0327472002101,0.0189532002101,0.3388342657572705,0.1885962757236015,0.32585526093418576,0.001737611619268054,0.0009671603883261614,0.0016710526201753118,cuSPARSE 12.8.6,CUDA,13040,13000,2026-10-07T09:01:16.830570+00:00,source,csr-alg2,0,0,,,,5,20,4,true
3,full-20261009-A100-SXM4-80GB-spmm-fp32-cusparse-csr-alg2-n16-13.4.1,cuSPARSE-CUDA-13.4.1-SpMM-CSR-ALG2,cuSPARSE CUDA 13.4.1 SpMM CSR ALG2 [cuSPARSE 12.8.6],csr-alg2,cuSPARSE-SpMM-CSR,candidate,,,csr,csr,CUSPARSE_SPMM_CSR_ALG2,library-preprocess,spmm.csr.fp32,fp32,A100-SXM4-80GB,A100-SXM4-80GB,,19500.0,238ed034-08d6-5e0f-b7b4-c4d0b9e54f50,suitesparse_all,Pajek/GD97_c,GD97_c,452,452,460,16,row-major,N,N,1.0,0.0,20260922,main,pass,pass,0,0,14720.0,0.0246,0.0413183987141,0.0659183987141,0.0425483987141,0.35625775582093805,0.2233063952879574,0.34595896543392074,0.0018269628503637847,0.0011451610014767046,0.001774148540686773,cuSPARSE 12.8.6,CUDA,13040,13000,2026-10-07T14:36:15.239012+00:00,source,csr-alg2,0,0,,,,5,20,4,true
3,full-20261009-A100-SXM4-80GB-spmm-fp32-cusparse-csr-alg2-n16-13.4.1,cuSPARSE-CUDA-13.4.1-SpMM-CSR-ALG2,cuSPARSE CUDA 13.4.1 SpMM CSR ALG2 [cuSPARSE 12.8.6],csr-alg2,cuSPARSE-SpMM-CSR,candidate,,,csr,csr,CUSPARSE_SPMM_CSR_ALG2,library-preprocess,spmm.csr.fp32,fp32,A100-SXM4-80GB,A100-SXM4-80GB,,19500.0,df2405bf-ab33-5b32-9511-7da1122118f9,suitesparse_all,Pajek/GD98_a,GD98_a,38,38,50,16,row-major,N,N,1.0,0.0,20260922,main,pass,pass,0,0,1600.0,0.01901,0.0162303999066,0.0352403999066,0.0171808999066,0.09858044220767284,0.04540243596101597,0.09312667023834788,0.0005055407292701171,0.00023283300492828702,0.0004775726678889635,cuSPARSE 12.8.6,CUDA,13040,13000,2026-10-08T09:42:55.365549+00:00,source,csr-alg2,0,0,,,,5,20,4,true
3,full-20261009-A100-SXM4-80GB-spmm-fp32-cusparse-csr-alg2-n16-13.4.1,cuSPARSE-CUDA-13.4.1-SpMM-CSR-ALG2,cuSPARSE CUDA 13.4.1 SpMM CSR ALG2 [cuSPARSE 12.8.6],csr-alg2,cuSPARSE-SpMM-CSR,candidate,,,csr,csr,CUSPARSE_SPMM_CSR_ALG2,library-preprocess,spmm.csr.fp32,fp32,A100-SXM4-80GB,A100-SXM4-80GB,,19500.0,2793479a-b9ba-5e32-964d-96d3a38ca48f,suitesparse_all,Pajek/GD98_c,GD98_c,112,112,336,16,row-major,N,N,1.0,0.0,20260922,main,pass,pass,0,0,10752.0,0.01499,0.0194319993258,0.0344219993258,0.0201814993258,0.5533141402348906,0.3123583815755046,0.5327651740054149,0.002837508411460977,0.0016018378542333568,0.0027321290974636663,cuSPARSE 12.8.6,CUDA,13040,13000,2026-10-07T09:01:18.016467+00:00,source,csr-alg2,0,0,,,,5,20,4,true
3,full-20261009-A100-SXM4-80GB-spmm-fp32-cusparse-csr-alg2-n16-13.4.1,cuSPARSE-CUDA-13.4.1-SpMM-CSR-ALG2,cuSPARSE CUDA 13.4.1 SpMM CSR ALG2 [cuSPARSE 12.8.6],csr-alg2,cuSPARSE-SpMM-CSR,candidate,,,csr,csr,CUSPARSE_SPMM_CSR_ALG2,library-preprocess,spmm.csr.fp32,fp32,A100-SXM4-80GB,A100-SXM4-80GB,,19500.0,238ed034-08d6-5e0f-b7b4-c4d0b9e54f50,suitesparse_all,Pajek/HEP-th,HEP-th,27240,27240,342437,16,row-major,N,N,1.0,0.0,20260922,main,pass,pass,0,0,10957984.0,0.06738,0.0688127994537,0.136192799454,0.0721817994537,159.24339784160313,80.45934912808022,151.8109008494426,0.8166328094441186,0.4126120468106678,0.7785174402535517,cuSPARSE 12.8.6,CUDA,13040,13000,2026-10-07T14:36:17.462250+00:00,source,csr-alg2,0,0,,,,5,20,4,true
3,full-20261009-A100-SXM4-80GB-spmm-fp32-cusparse-csr-alg2-n16-13.4.1,cuSPARSE-CUDA-13.4.1-SpMM-CSR-ALG2,cuSPARSE CUDA 13.4.1 SpMM CSR ALG2 [cuSPARSE 12.8.6],csr-alg2,cuSPARSE-SpMM-CSR,candidate,,,csr,csr,CUSPARSE_SPMM_CSR_ALG2,library-preprocess,spmm.csr.fp32,fp32,A100-SXM4-80GB,A100-SXM4-80GB,,19500.0,df2405bf-ab33-5b32-9511-7da1122118f9,suitesparse_all,Pajek/HEP-th-new,HEP-th-new,27770,27770,352807,16,row-major,N,N,1.0,0.0,20260922,main,pass,pass,0,0,11289824.0,0.04328,0.0598767995834,0.103156799583,0.0620407995834,188.5508924750538,109.4433333104349,181.9741859519936,0.9669276537182245,0.5612478631304353,0.9332009535999672,cuSPARSE 12.8.6,CUDA,13040,13000,2026-10-08T09:42:57.258130+00:00,source,csr-alg2,0,0,,,,5,20,4,true
3,full-20261009-A100-SXM4-80GB-spmm-fp32-cusparse-csr-alg2-n16-13.4.1,cuSPARSE-CUDA-13.4.1-SpMM-CSR-ALG2,cuSPARSE CUDA 13.4.1 SpMM CSR ALG2 [cuSPARSE 12.8.6],csr-alg2,cuSPARSE-SpMM-CSR,candidate,,,csr,csr,CUSPARSE_SPMM_CSR_ALG2,library-preprocess,spmm.csr.fp32,fp32,A100-SXM4-80GB,A100-SXM4-80GB,,19500.0,238ed034-08d6-5e0f-b7b4-c4d0b9e54f50,suitesparse_all,Pajek/Roget,Roget,1022,1022,5075,16,row-major,N,N,1.0,0.0,20260922,main,pass,pass,0,0,162400.0,0.035491,0.018534399569,0.054025399569,0.020308949569,8.762085839113162,3.0059935011232346,7.996474630469845,0.044933773533913646,0.01541535128781146,0.04100756220753767,cuSPARSE 12.8.6,CUDA,13040,13000,2026-10-07T14:36:26.712996+00:00,source,csr-alg2,0,0,,,,5,20,4,true
3,full-20261009-A100-SXM4-80GB-spmm-fp32-cusparse-csr-alg2-n16-13.4.1,cuSPARSE-CUDA-13.4.1-SpMM-CSR-ALG2,cuSPARSE CUDA 13.4.1 SpMM CSR ALG2 [cuSPARSE 12.8.6],csr-alg2,cuSPARSE-SpMM-CSR,candidate,,,csr,csr,CUSPARSE_SPMM_CSR_ALG2,library-preprocess,spmm.csr.fp32,fp32,A100-SXM4-80GB,A100-SXM4-80GB,,19500.0,df2405bf-ab33-5b32-9511-7da1122118f9,suitesparse_all,Pajek/Sandi_authors,Sandi_authors,86,86,248,16,row-major,N,N,1.0,0.0,20260922,main,pass,pass,0,0,7936.0,0.014751,0.0159520000219,0.0307030000219,0.0166895500219,0.4974924767493051,0.25847637020289116,0.4755071280883184,0.002551243470509257,0.0013255198471943137,0.0024384980927606072,cuSPARSE 12.8.6,CUDA,13040,13000,2026-10-08T09:42:58.744061+00:00,source,csr-alg2,0,0,,,,5,20,4,true
3,full-20261009-A100-SXM4-80GB-spmm-fp32-cusparse-csr-alg2-n16-13.4.1,cuSPARSE-CUDA-13.4.1-SpMM-CSR-ALG2,cuSPARSE CUDA 13.4.1 SpMM CSR ALG2 [cuSPARSE 12.8.6],csr-alg2,cuSPARSE-SpMM-CSR,candidate,,,csr,csr,CUSPARSE_SPMM_CSR_ALG2,library-preprocess,spmm.csr.fp32,fp32,A100-SXM4-80GB,A100-SXM4-80GB,,19500.0,2793479a-b9ba-5e32-964d-96d3a38ca48f,suitesparse_all,Pajek/SciMet,SciMet,3084,3084,10413,16,row-major,N,N,1.0,0.0,20260922,main,pass,pass,0,0,333216.0,0.01544,0.0439808011055,0.0594208011055,0.0447528011055,7.57639678278461,5.607733214642868,7.4457015375300974,0.03885331683479287,0.02875760622893778,0.03818308480784666,cuSPARSE 12.8.6,CUDA,13040,13000,2026-10-07T09:01:28.205416+00:00,source,csr-alg2,0,0,,,,5,20,4,true
3,full-20261009-A100-SXM4-80GB-spmm-fp32-cusparse-csr-alg2-n16-13.4.1,cuSPARSE-CUDA-13.4.1-SpMM-CSR-ALG2,cuSPARSE CUDA 13.4.1 SpMM CSR ALG2 [cuSPARSE 12.8.6],csr-alg2,cuSPARSE-SpMM-CSR,candidate,,,csr,csr,CUSPARSE_SPMM_CSR_ALG2,library-preprocess,spmm.csr.fp32,fp32,A100-SXM4-80GB,A100-SXM4-80GB,,19500.0,238ed034-08d6-5e0f-b7b4-c4d0b9e54f50,suitesparse_all,Pajek/Tina_AskCog,Tina_AskCog,11,11,36,16,row-major,N,N,1.0,0.0,20260922,main,pass,pass,0,0,1152.0,0.02195,0.0166912004352,0.0386412004352,0.0177887004352,0.06901840310841587,0.029812738399053244,0.06476021135981584,0.000353940528761107,0.0001528858379438628,0.0003321036479990556,cuSPARSE 12.8.6,CUDA,13040,13000,2026-10-07T14:36:27.691734+00:00,source,csr-alg2,0,0,,,,5,20,4,true
3,full-20261009-A100-SXM4-80GB-spmm-fp32-cusparse-csr-alg2-n16-13.4.1,cuSPARSE-CUDA-13.4.1-SpMM-CSR-ALG2,cuSPARSE CUDA 13.4.1 SpMM CSR ALG2 [cuSPARSE 12.8.6],csr-alg2,cuSPARSE-SpMM-CSR,candidate,,,csr,csr,CUSPARSE_SPMM_CSR_ALG2,library-preprocess,spmm.csr.fp32,fp32,A100-SXM4-80GB,A100-SXM4-80GB,,19500.0,df2405bf-ab33-5b32-9511-7da1122118f9,suitesparse_all,Pajek/Tina_DisCal,Tina_DisCal,11,11,41,16,row-major,N,N,1.0,0.0,20260922,main,pass,pass,0,0,1312.0,0.0142,0.0133440002799,0.0275440002799,0.0140540002799,0.0983213408632986,0.04763287781976319,0.0933542033492357,0.0005042120044271724,0.0002442711683064779,0.00047873950435505495,cuSPARSE 12.8.6,CUDA,13040,13000,2026-10-08T09:42:59.388469+00:00,source,csr-alg2,0,0,,,,5,20,4,true
3,full-20261009-A100-SXM4-80GB-spmm-fp32-cusparse-csr-alg2-n16-13.4.1,cuSPARSE-CUDA-13.4.1-SpMM-CSR-ALG2,cuSPARSE CUDA 13.4.1 SpMM CSR ALG2 [cuSPARSE 12.8.6],csr-alg2,cuSPARSE-SpMM-CSR,candidate,,,csr,csr,CUSPARSE_SPMM_CSR_ALG2,library-preprocess,spmm.csr.fp32,fp32,A100-SXM4-80GB,A100-SXM4-80GB,,19500.0,2793479a-b9ba-5e32-964d-96d3a38ca48f,suitesparse_all,Pajek/USAir97,USAir97,332,332,4252,16,row-major,N,N,1.0,0.0,20260922,main,pass,pass,0,0,136064.0,0.01446,0.0204799994826,0.0349399994826,0.0212029994826,6.643750167845524,3.894218718227497,6.417205269078056,0.0340705136812591,0.019970352401166652,0.03290874496963105,cuSPARSE 12.8.6,CUDA,13040,13000,2026-10-07T09:01:29.006604+00:00,source,csr-alg2,0,0,,,,5,20,4,true
3,full-20261009-A100-SXM4-80GB-spmm-fp32-cusparse-csr-alg2-n16-13.4.1,cuSPARSE-CUDA-13.4.1-SpMM-CSR-ALG2,cuSPARSE CUDA 13.4.1 SpMM CSR ALG2 [cuSPARSE 12.8.6],csr-alg2,cuSPARSE-SpMM-CSR,candidate,,,csr,csr,CUSPARSE_SPMM_CSR_ALG2,library-preprocess,spmm.csr.fp32,fp32,A100-SXM4-80GB,A100-SXM4-80GB,,19500.0,238ed034-08d6-5e0f-b7b4-c4d0b9e54f50,suitesparse_all,Pajek/Zewail,Zewail,6752,6752,54233,16,row-major,N,N,1.0,0.0,20260922,main,pass,pass,0,0,1735456.0,0.02152,0.0386559993029,0.0601759993029,0.0397319993029,44.89486835927702,28.839670634540923,43.6790503988892,0.23023009415013856,0.1478957468437996,0.22399513025071388,cuSPARSE 12.8.6,CUDA,13040,13000,2026-10-07T14:36:29.264114+00:00,source,csr-alg2,0,0,,,,5,20,4,true
3,full-20261009-A100-SXM4-80GB-spmm-fp32-cusparse-csr-alg2-n16-13.4.1,cuSPARSE-CUDA-13.4.1-SpMM-CSR-ALG2,cuSPARSE CUDA 13.4.1 SpMM CSR ALG2 [cuSPARSE 12.8.6],csr-alg2,cuSPARSE-SpMM-CSR,candidate,,,csr,csr,CUSPARSE_SPMM_CSR_ALG2,library-preprocess,spmm.csr.fp32,fp32,A100-SXM4-80GB,A100-SXM4-80GB,,19500.0,2793479a-b9ba-5e32-964d-96d3a38ca48f,suitesparse_all,Pajek/foldoc,foldoc,13356,13356,120238,16,row-major,N,N,1.0,0.0,20260922,main,pass,pass,0,0,3847616.0,0.04465,0.0350719988346,0.0797219988346,0.0373044988346,109.7062080249662,48.262914330368034,103.14080392982866,0.5625959385895702,0.24750212477111813,0.528927199640147,cuSPARSE 12.8.6,CUDA,13040,13000,2026-10-07T09:01:15.299774+00:00,source,csr-alg2,0,0,,,,5,20,4,true
3,full-20261009-A100-SXM4-80GB-spmm-fp32-cusparse-csr-alg2-n16-13.4.1,cuSPARSE-CUDA-13.4.1-SpMM-CSR-ALG2,cuSPARSE CUDA 13.4.1 SpMM CSR ALG2 [cuSPARSE 12.8.6],csr-alg2,cuSPARSE-SpMM-CSR,candidate,,,csr,csr,CUSPARSE_SPMM_CSR_ALG2,library-preprocess,spmm.csr.fp32,fp32,A100-SXM4-80GB,A100-SXM4-80GB,,19500.0,2793479a-b9ba-5e32-964d-96d3a38ca48f,suitesparse_all,Pajek/internet,internet,124651,124651,207214,16,row-major,N,N,1.0,0.0,20260922,main,pass,pass,0,0,6630848.0,0.04241,0.0949760019779,0.137386001978,0.0970965019779,69.81603628191188,48.264363941981635,68.29131703950816,0.3580309552918558,0.2475095586768289,0.350211882253888,cuSPARSE 12.8.6,CUDA,13040,13000,2026-10-07T09:01:21.208678+00:00,source,csr-alg2,0,0,,,,5,20,4,true
3,full-20261009-A100-SXM4-80GB-spmm-fp32-cusparse-csr-alg2-n16-13.4.1,cuSPARSE-CUDA-13.4.1-SpMM-CSR-ALG2,cuSPARSE CUDA 13.4.1 SpMM CSR ALG2 [cuSPARSE 12.8.6],csr-alg2,cuSPARSE-SpMM-CSR,candidate,,,csr,csr,CUSPARSE_SPMM_CSR_ALG2,library-preprocess,spmm.csr.fp32,fp32,A100-SXM4-80GB,A100-SXM4-80GB,,19500.0,2793479a-b9ba-5e32-964d-96d3a38ca48f,suitesparse_all,Pajek/patents_main,patents_main,240547,240547,560943,16,row-major,N,N,1.0,0.0,20260922,main,pass,pass,0,0,17950176.0,0.0454,0.195174396038,0.240574396038,0.197444396038,91.96993234965687,74.61382547611042,90.91256252492131,0.4716406787161891,0.3826350024415919,0.46621826935857086,cuSPARSE 12.8.6,CUDA,13040,13000,2026-10-07T09:01:27.284829+00:00,source,csr-alg2,0,0,,,,5,20,4,true
3,full-20261009-A100-SXM4-80GB-spmm-fp32-cusparse-csr-alg2-n16-13.4.1,cuSPARSE-CUDA-13.4.1-SpMM-CSR-ALG2,cuSPARSE CUDA 13.4.1 SpMM CSR ALG2 [cuSPARSE 12.8.6],csr-alg2,cuSPARSE-SpMM-CSR,candidate,,,csr,csr,CUSPARSE_SPMM_CSR_ALG2,library-preprocess,spmm.csr.fp32,fp32,A100-SXM4-80GB,A100-SXM4-80GB,,19500.0,df2405bf-ab33-5b32-9511-7da1122118f9,suitesparse_all,Pereyra/landmark,landmark,71952,2704,1151232,16,row-major,N,N,1.0,0.0,20260922,main,pass,pass,0,0,36839424.0,0.04167,0.144947195053,0.186617195053,0.147030695053,254.15755017908177,197.4063750638705,250.55600795956607,1.3033720522004193,1.0123403849429258,1.2849026049208516,cuSPARSE 12.8.6,CUDA,13040,13000,2026-10-08T09:36:18.120637+00:00,source,csr-alg2,0,0,,,,5,20,4,true
3,full-20261009-A100-SXM4-80GB-spmm-fp32-cusparse-csr-alg2-n16-13.4.1,cuSPARSE-CUDA-13.4.1-SpMM-CSR-ALG2,cuSPARSE CUDA 13.4.1 SpMM CSR ALG2 [cuSPARSE 12.8.6],csr-alg2,cuSPARSE-SpMM-CSR,candidate,,,csr,csr,CUSPARSE_SPMM_CSR_ALG2,library-preprocess,spmm.csr.fp32,fp32,A100-SXM4-80GB,A100-SXM4-80GB,,19500.0,2793479a-b9ba-5e32-964d-96d3a38ca48f,suitesparse_all,Pothen/barth,barth,6691,6691,46187,16,row-major,N,N,1.0,0.0,20260922,main,pass,pass,0,0,1477984.0,0.02089,0.0251904010773,0.0460804010773,0.0262349010773,58.67250765339603,32.074026385331976,56.33655700264255,0.3008846546328002,0.16448218659144603,0.288905420526372,cuSPARSE 12.8.6,CUDA,13040,13000,2026-10-07T08:53:51.278708+00:00,source,csr-alg2,0,0,,,,5,20,4,true
3,full-20261009-A100-SXM4-80GB-spmm-fp32-cusparse-csr-alg2-n16-13.4.1,cuSPARSE-CUDA-13.4.1-SpMM-CSR-ALG2,cuSPARSE CUDA 13.4.1 SpMM CSR ALG2 [cuSPARSE 12.8.6],csr-alg2,cuSPARSE-SpMM-CSR,candidate,,,csr,csr,CUSPARSE_SPMM_CSR_ALG2,library-preprocess,spmm.csr.fp32,fp32,A100-SXM4-80GB,A100-SXM4-80GB,,19500.0,238ed034-08d6-5e0f-b7b4-c4d0b9e54f50,suitesparse_all,Pothen/bodyy6,bodyy6,19366,19366,134748,16,row-major,N,N,1.0,0.0,20260922,main,pass,pass,0,0,4311936.0,0.01623,0.0371423989534,0.0533723989534,0.0379538989534,116.0920167114108,80.78962318641132,113.60982979098453,0.5953436754431324,0.4143057599303145,0.5826145117486387,cuSPARSE 12.8.6,CUDA,13040,13000,2026-10-07T14:29:27.798334+00:00,source,csr-alg2,0,0,,,,5,20,4,true
3,full-20261009-A100-SXM4-80GB-spmm-fp32-cusparse-csr-alg2-n16-13.4.1,cuSPARSE-CUDA-13.4.1-SpMM-CSR-ALG2,cuSPARSE CUDA 13.4.1 SpMM CSR ALG2 [cuSPARSE 12.8.6],csr-alg2,cuSPARSE-SpMM-CSR,candidate,,,csr,csr,CUSPARSE_SPMM_CSR_ALG2,library-preprocess,spmm.csr.fp32,fp32,A100-SXM4-80GB,A100-SXM4-80GB,,19500.0,df2405bf-ab33-5b32-9511-7da1122118f9,suitesparse_all,Pothen/commanche_dual,commanche_dual,7920,7920,31680,16,row-major,N,N,1.0,0.0,20260922,main,pass,pass,0,0,1013760.0,0.01443,0.0202240005136,0.0346540005136,0.0209455005136,50.126581005487935,29.25376536547775,48.39989377870256,0.257059389771733,0.15001930956655257,0.24820458348052596,cuSPARSE 12.8.6,CUDA,13040,13000,2026-10-08T09:36:00.539921+00:00,source,csr-alg2,0,0,,,,5,20,4,true
3,full-20261009-A100-SXM4-80GB-spmm-fp32-cusparse-csr-alg2-n16-13.4.1,cuSPARSE-CUDA-13.4.1-SpMM-CSR-ALG2,cuSPARSE CUDA 13.4.1 SpMM CSR ALG2 [cuSPARSE 12.8.6],csr-alg2,cuSPARSE-SpMM-CSR,candidate,,,csr,csr,CUSPARSE_SPMM_CSR_ALG2,library-preprocess,spmm.csr.fp32,fp32,A100-SXM4-80GB,A100-SXM4-80GB,,19500.0,2793479a-b9ba-5e32-964d-96d3a38ca48f,suitesparse_all,Pothen/mesh1em1,mesh1em1,48,48,306,16,row-major,N,N,1.0,0.0,20260922,main,pass,pass,0,0,9792.0,0.01368,0.0171008005738,0.0307808005738,0.0177848005738,0.5726047712059894,0.3181203808043496,0.5505825021409159,0.002936434724133279,0.001631386568227434,0.002823500010979056,cuSPARSE 12.8.6,CUDA,13040,13000,2026-10-07T08:53:52.065781+00:00,source,csr-alg2,0,0,,,,5,20,4,true
3,full-20261009-A100-SXM4-80GB-spmm-fp32-cusparse-csr-alg2-n16-13.4.1,cuSPARSE-CUDA-13.4.1-SpMM-CSR-ALG2,cuSPARSE CUDA 13.4.1 SpMM CSR ALG2 [cuSPARSE 12.8.6],csr-alg2,cuSPARSE-SpMM-CSR,candidate,,,csr,csr,CUSPARSE_SPMM_CSR_ALG2,library-preprocess,spmm.csr.fp32,fp32,A100-SXM4-80GB,A100-SXM4-80GB,,19500.0,238ed034-08d6-5e0f-b7b4-c4d0b9e54f50,suitesparse_all,Pothen/mesh3em5,mesh3em5,289,289,1889,16,row-major,N,N,1.0,0.0,20260922,main,pass,pass,0,0,60448.0,0.01435,0.0194192007184,0.0337692007184,0.0201367007184,3.112795468596427,1.7900334835897787,3.0018820285075485,0.015963053685109883,0.009179658890203992,0.015394266812859223,cuSPARSE 12.8.6,CUDA,13040,13000,2026-10-07T14:29:29.079446+00:00,source,csr-alg2,0,0,,,,5,20,4,true
3,full-20261009-A100-SXM4-80GB-spmm-fp32-cusparse-csr-alg2-n16-13.4.1,cuSPARSE-CUDA-13.4.1-SpMM-CSR-ALG2,cuSPARSE CUDA 13.4.1 SpMM CSR ALG2 [cuSPARSE 12.8.6],csr-alg2,cuSPARSE-SpMM-CSR,candidate,,,csr,csr,CUSPARSE_SPMM_CSR_ALG2,library-preprocess,spmm.csr.fp32,fp32,A100-SXM4-80GB,A100-SXM4-80GB,,19500.0,df2405bf-ab33-5b32-9511-7da1122118f9,suitesparse_all,Pothen/onera_dual,onera_dual,85567,85567,419201,16,row-major,N,N,1.0,0.0,20260922,main,pass,pass,0,0,13414432.0,0.04621,0.0877056002617,0.133915600262,0.0900161002617,152.94840876720986,100.1707939460022,149.02258552637574,0.7843508141908198,0.5136963792102678,0.7642183873147473,cuSPARSE 12.8.6,CUDA,13040,13000,2026-10-08T09:36:03.041349+00:00,source,csr-alg2,0,0,,,,5,20,4,true
3,full-20261009-A100-SXM4-80GB-spmm-fp32-cusparse-csr-alg2-n16-13.4.1,cuSPARSE-CUDA-13.4.1-SpMM-CSR-ALG2,cuSPARSE CUDA 13.4.1 SpMM CSR ALG2 [cuSPARSE 12.8.6],csr-alg2,cuSPARSE-SpMM-CSR,candidate,,,csr,csr,CUSPARSE_SPMM_CSR_ALG2,library-preprocess,spmm.csr.fp32,fp32,A100-SXM4-80GB,A100-SXM4-80GB,,19500.0,2793479a-b9ba-5e32-964d-96d3a38ca48f,suitesparse_all,Pothen/shuttle_eddy,shuttle_eddy,10429,10429,103599,16,row-major,N,N,1.0,0.0,20260922,main,pass,pass,0,0,3315168.0,0.02582,0.0299008011818,0.0557208011818,0.0311918011818,110.87221308363718,59.496057660470754,106.28331402465966,0.5685754517109598,0.3051079880024141,0.5450426360238957,cuSPARSE 12.8.6,CUDA,13040,13000,2026-10-07T08:53:54.349315+00:00,source,csr-alg2,0,0,,,,5,20,4,true
3,full-20261009-A100-SXM4-80GB-spmm-fp32-cusparse-csr-alg2-n16-13.4.1,cuSPARSE-CUDA-13.4.1-SpMM-CSR-ALG2,cuSPARSE CUDA 13.4.1 SpMM CSR ALG2 [cuSPARSE 12.8.6],csr-alg2,cuSPARSE-SpMM-CSR,candidate,,,csr,csr,CUSPARSE_SPMM_CSR_ALG2,library-preprocess,spmm.csr.fp32,fp32,A100-SXM4-80GB,A100-SXM4-80GB,,19500.0,238ed034-08d6-5e0f-b7b4-c4d0b9e54f50,suitesparse_all,Pothen/tandem_vtx,tandem_vtx,18454,18454,253350,16,row-major,N,N,1.0,0.0,20260922,main,pass,pass,0,0,8107200.0,0.02069,0.0490543991327,0.0697443991327,0.0500888991327,165.26958118615877,116.24159216820753,161.8562224440525,0.8475363137751731,0.596110729067731,0.8300319099694999,cuSPARSE 12.8.6,CUDA,13040,13000,2026-10-07T14:29:30.955909+00:00,source,csr-alg2,0,0,,,,5,20,4,true
3,full-20261009-A100-SXM4-80GB-spmm-fp32-cusparse-csr-alg2-n16-13.4.1,cuSPARSE-CUDA-13.4.1-SpMM-CSR-ALG2,cuSPARSE CUDA 13.4.1 SpMM CSR ALG2 [cuSPARSE 12.8.6],csr-alg2,cuSPARSE-SpMM-CSR,candidate,,,csr,csr,CUSPARSE_SPMM_CSR_ALG2,library-preprocess,spmm.csr.fp32,fp32,A100-SXM4-80GB,A100-SXM4-80GB,,19500.0,238ed034-08d6-5e0f-b7b4-c4d0b9e54f50,suitesparse_all,Priebel/192bit,192bit,13691,13682,154303,16,row-major,N,N,1.0,0.0,20260922,main,pass,pass,0,0,4937696.0,0.04412,0.0306688010693,0.0747888010693,0.0328748010693,161.00062042994955,66.02186329240236,150.19698490620064,0.8256442073330748,0.3385736579097557,0.7702409482369263,cuSPARSE 12.8.6,CUDA,13040,13000,2026-10-07T14:50:06.885018+00:00,source,csr-alg2,0,0,,,,5,20,4,true
3,full-20261009-A100-SXM4-80GB-spmm-fp32-cusparse-csr-alg2-n16-13.4.1,cuSPARSE-CUDA-13.4.1-SpMM-CSR-ALG2,cuSPARSE CUDA 13.4.1 SpMM CSR ALG2 [cuSPARSE 12.8.6],csr-alg2,cuSPARSE-SpMM-CSR,candidate,,,csr,csr,CUSPARSE_SPMM_CSR_ALG2,library-preprocess,spmm.csr.fp32,fp32,A100-SXM4-80GB,A100-SXM4-80GB,,19500.0,df2405bf-ab33-5b32-9511-7da1122118f9,suitesparse_all,Priebel/208bit,208bit,24430,24421,299756,16,row-major,N,N,1.0,0.0,20260922,main,pass,pass,0,0,9592192.0,0.038311,0.0445439994335,0.0828549994335,0.0464595494335,215.3419567616563,115.77082934746456,206.46330231268834,1.1043177269828528,0.5936965607562285,1.0587861657060942,cuSPARSE 12.8.6,CUDA,13040,13000,2026-10-08T09:59:32.602856+00:00,source,csr-alg2,0,0,,,,5,20,4,true
3,full-20261009-A100-SXM4-80GB-spmm-fp32-cusparse-csr-alg2-n16-13.4.1,cuSPARSE-CUDA-13.4.1-SpMM-CSR-ALG2,cuSPARSE CUDA 13.4.1 SpMM CSR ALG2 [cuSPARSE 12.8.6],csr-alg2,cuSPARSE-SpMM-CSR,candidate,,,csr,csr,CUSPARSE_SPMM_CSR_ALG2,library-preprocess,spmm.csr.fp32,fp32,A100-SXM4-80GB,A100-SXM4-80GB,,19500.0,238ed034-08d6-5e0f-b7b4-c4d0b9e54f50,suitesparse_all,Puri/ABACUS_shell_ld,ABACUS_shell_ld,23412,23412,218484,16,row-major,N,N,1.0,0.0,20260922,main,pass,pass,0,0,6991488.0,0.04382,0.0401919990778,0.0840119990778,0.0423829990778,173.95223329067352,83.22011232616278,164.95972800712224,0.8920627348239668,0.42676980680083476,0.8459473231134473,cuSPARSE 12.8.6,CUDA,13040,13000,2026-10-07T14:50:10.906238+00:00,source,csr-alg2,0,0,,,,5,20,4,true
3,full-20261009-A100-SXM4-80GB-spmm-fp32-cusparse-csr-alg2-n16-13.4.1,cuSPARSE-CUDA-13.4.1-SpMM-CSR-ALG2,cuSPARSE CUDA 13.4.1 SpMM CSR ALG2 [cuSPARSE 12.8.6],csr-alg2,cuSPARSE-SpMM-CSR,candidate,,,csr,csr,CUSPARSE_SPMM_CSR_ALG2,library-preprocess,spmm.csr.fp32,fp32,A100-SXM4-80GB,A100-SXM4-80GB,,19500.0,df2405bf-ab33-5b32-9511-7da1122118f9,suitesparse_all,Puri/ABACUS_shell_md,ABACUS_shell_md,23412,23412,218484,16,row-major,N,N,1.0,0.0,20260922,main,pass,pass,0,0,6991488.0,0.0212,0.0394239991903,0.0606239991903,0.0404839991903,177.34091273318126,115.32541721725703,172.69756298372732,0.9094405781188782,0.5914123959859334,0.8856285281216786,cuSPARSE 12.8.6,CUDA,13040,13000,2026-10-08T10:00:18.748164+00:00,source,csr-alg2,0,0,,,,5,20,4,true
3,full-20261009-A100-SXM4-80GB-spmm-fp32-cusparse-csr-alg2-n16-13.4.1,cuSPARSE-CUDA-13.4.1-SpMM-CSR-ALG2,cuSPARSE CUDA 13.4.1 SpMM CSR ALG2 [cuSPARSE 12.8.6],csr-alg2,cuSPARSE-SpMM-CSR,candidate,,,csr,csr,CUSPARSE_SPMM_CSR_ALG2,library-preprocess,spmm.csr.fp32,fp32,A100-SXM4-80GB,A100-SXM4-80GB,,19500.0,df2405bf-ab33-5b32-9511-7da1122118f9,suitesparse_all,QCD/conf5_0-4x4-10,conf5_0-4x4-10,3072,3072,119808,16,row-major,N,N,1.0,0.0,20260922,main,pass,pass,0,0,3833856.0,0.01849,0.0252927988768,0.0437827988768,0.0262172988768,151.5789540997233,87.56534754180633,146.23382896979615,0.7773279697421708,0.4490530643169555,0.7499170716399802,cuSPARSE 12.8.6,CUDA,13040,13000,2026-10-08T09:43:53.718600+00:00,source,csr-alg2,0,0,,,,5,20,4,true
3,full-20261009-A100-SXM4-80GB-spmm-fp32-cusparse-csr-alg2-n16-13.4.1,cuSPARSE-CUDA-13.4.1-SpMM-CSR-ALG2,cuSPARSE CUDA 13.4.1 SpMM CSR ALG2 [cuSPARSE 12.8.6],csr-alg2,cuSPARSE-SpMM-CSR,candidate,,,csr,csr,CUSPARSE_SPMM_CSR_ALG2,library-preprocess,spmm.csr.fp32,fp32,A100-SXM4-80GB,A100-SXM4-80GB,,19500.0,2793479a-b9ba-5e32-964d-96d3a38ca48f,suitesparse_all,QCD/conf5_0-4x4-18,conf5_0-4x4-18,3072,3072,119808,16,row-major,N,N,1.0,0.0,20260922,main,pass,pass,0,0,3833856.0,0.03472,0.0311504006386,0.0658704006386,0.0328864006386,123.07565621641731,58.203016268787714,116.57876585922448,0.6311572113662426,0.29847700650660364,0.5978398249190999,cuSPARSE 12.8.6,CUDA,13040,13000,2026-10-07T09:02:26.992301+00:00,source,csr-alg2,0,0,,,,5,20,4,true
3,full-20261009-A100-SXM4-80GB-spmm-fp32-cusparse-csr-alg2-n16-13.4.1,cuSPARSE-CUDA-13.4.1-SpMM-CSR-ALG2,cuSPARSE CUDA 13.4.1 SpMM CSR ALG2 [cuSPARSE 12.8.6],csr-alg2,cuSPARSE-SpMM-CSR,candidate,,,csr,csr,CUSPARSE_SPMM_CSR_ALG2,library-preprocess,spmm.csr.fp32,fp32,A100-SXM4-80GB,A100-SXM4-80GB,,19500.0,238ed034-08d6-5e0f-b7b4-c4d0b9e54f50,suitesparse_all,QCD/conf5_4-8x8-05,conf5_4-8x8-05,49152,49152,1916928,16,row-major,N,N,1.0,0.0,20260922,main,pass,pass,0,0,61341696.0,0.05578,0.180838394165,0.236618394165,0.183627394165,339.2072589631093,259.24314217611027,334.05525509380635,1.7395244049390222,1.3294520111595398,1.7131038722759302,cuSPARSE 12.8.6,CUDA,13040,13000,2026-10-07T14:37:37.862402+00:00,source,csr-alg2,0,0,,,,5,20,4,true
3,full-20261009-A100-SXM4-80GB-spmm-fp32-cusparse-csr-alg2-n16-13.4.1,cuSPARSE-CUDA-13.4.1-SpMM-CSR-ALG2,cuSPARSE CUDA 13.4.1 SpMM CSR ALG2 [cuSPARSE 12.8.6],csr-alg2,cuSPARSE-SpMM-CSR,candidate,,,csr,csr,CUSPARSE_SPMM_CSR_ALG2,library-preprocess,spmm.csr.fp32,fp32,A100-SXM4-80GB,A100-SXM4-80GB,,19500.0,df2405bf-ab33-5b32-9511-7da1122118f9,suitesparse_all,QCD/conf5_4-8x8-10,conf5_4-8x8-10,49152,49152,1916928,16,row-major,N,N,1.0,0.0,20260922,main,pass,pass,0,0,61341696.0,0.062011,0.218160009384,0.280171009384,0.221260559384,281.1775456611199,218.94376629069993,277.237371950872,1.4419361315954866,1.1227885450805124,1.4217301125685744,cuSPARSE 12.8.6,CUDA,13040,13000,2026-10-08T09:44:00.102326+00:00,source,csr-alg2,0,0,,,,5,20,4,true
3,full-20261009-A100-SXM4-80GB-spmm-fp32-cusparse-csr-alg2-n16-13.4.1,cuSPARSE-CUDA-13.4.1-SpMM-CSR-ALG2,cuSPARSE CUDA 13.4.1 SpMM CSR ALG2 [cuSPARSE 12.8.6],csr-alg2,cuSPARSE-SpMM-CSR,candidate,,,csr,csr,CUSPARSE_SPMM_CSR_ALG2,library-preprocess,spmm.csr.fp32,fp32,A100-SXM4-80GB,A100-SXM4-80GB,,19500.0,2793479a-b9ba-5e32-964d-96d3a38ca48f,suitesparse_all,QCD/conf5_4-8x8-20,conf5_4-8x8-20,49152,49152,1916928,16,row-major,N,N,1.0,0.0,20260922,main,pass,pass,0,0,61341696.0,0.0499,0.218623995781,0.268523995781,0.221118995781,280.58080166756804,228.44027708431844,277.4148633559907,1.4388759059875285,1.1714886004324023,1.4226403249025164,cuSPARSE 12.8.6,CUDA,13040,13000,2026-10-07T09:02:33.871336+00:00,source,csr-alg2,0,0,,,,5,20,4,true
3,full-20261009-A100-SXM4-80GB-spmm-fp32-cusparse-csr-alg2-n16-13.4.1,cuSPARSE-CUDA-13.4.1-SpMM-CSR-ALG2,cuSPARSE CUDA 13.4.1 SpMM CSR ALG2 [cuSPARSE 12.8.6],csr-alg2,cuSPARSE-SpMM-CSR,candidate,,,csr,csr,CUSPARSE_SPMM_CSR_ALG2,library-preprocess,spmm.csr.fp32,fp32,A100-SXM4-80GB,A100-SXM4-80GB,,19500.0,238ed034-08d6-5e0f-b7b4-c4d0b9e54f50,suitesparse_all,QY/case9,case9,14454,14454,147972,16,row-major,N,N,1.0,0.0,20260922,main,pass,pass,0,0,4735104.0,0.01695,0.0325120002031,0.0494620002031,0.0333595002031,145.6417313736517,95.73215762720469,141.9416949046491,0.7468806737110344,0.4909341416779727,0.7279061277161493,cuSPARSE 12.8.6,CUDA,13040,13000,2026-10-07T14:48:50.101978+00:00,source,csr-alg2,0,0,,,,5,20,4,true
3,full-20261009-A100-SXM4-80GB-spmm-fp32-cusparse-csr-alg2-n16-13.4.1,cuSPARSE-CUDA-13.4.1-SpMM-CSR-ALG2,cuSPARSE CUDA 13.4.1 SpMM CSR ALG2 [cuSPARSE 12.8.6],csr-alg2,cuSPARSE-SpMM-CSR,candidate,,,csr,csr,CUSPARSE_SPMM_CSR_ALG2,library-preprocess,spmm.csr.fp32,fp32,A100-SXM4-80GB,A100-SXM4-80GB,,19500.0,2793479a-b9ba-5e32-964d-96d3a38ca48f,suitesparse_all,Qaplib/lp_nug05,lp_nug05,210,225,1050,16,row-major,N,N,1.0,0.0,20260922,main,pass,pass,0,0,33600.0,0.0193,0.0174592003226,0.0367592003226,0.0184242003226,1.9244867679596183,0.9140568811379259,1.8236883778768211,0.009869162912613427,0.004687471185322697,0.009352248091676006,cuSPARSE 12.8.6,CUDA,13040,13000,2026-10-07T08:53:13.308378+00:00,source,csr-alg2,0,0,,,,5,20,4,true
3,full-20261009-A100-SXM4-80GB-spmm-fp32-cusparse-csr-alg2-n16-13.4.1,cuSPARSE-CUDA-13.4.1-SpMM-CSR-ALG2,cuSPARSE CUDA 13.4.1 SpMM CSR ALG2 [cuSPARSE 12.8.6],csr-alg2,cuSPARSE-SpMM-CSR,candidate,,,csr,csr,CUSPARSE_SPMM_CSR_ALG2,library-preprocess,spmm.csr.fp32,fp32,A100-SXM4-80GB,A100-SXM4-80GB,,19500.0,238ed034-08d6-5e0f-b7b4-c4d0b9e54f50,suitesparse_all,Qaplib/lp_nug15,lp_nug15,6330,22275,94950,16,row-major,N,N,1.0,0.0,20260922,main,pass,pass,0,0,3038400.0,0.01386,0.0231951996684,0.0370551996684,0.0238881996684,130.99262103526388,81.9965896065888,127.1925068517944,0.6717570309500711,0.42049533131584005,0.6522692659066379,cuSPARSE 12.8.6,CUDA,13040,13000,2026-10-07T14:28:43.196158+00:00,source,csr-alg2,0,0,,,,5,20,4,true
3,full-20261009-A100-SXM4-80GB-spmm-fp32-cusparse-csr-alg2-n16-13.4.1,cuSPARSE-CUDA-13.4.1-SpMM-CSR-ALG2,cuSPARSE CUDA 13.4.1 SpMM CSR ALG2 [cuSPARSE 12.8.6],csr-alg2,cuSPARSE-SpMM-CSR,candidate,,,csr,csr,CUSPARSE_SPMM_CSR_ALG2,library-preprocess,spmm.csr.fp32,fp32,A100-SXM4-80GB,A100-SXM4-80GB,,19500.0,df2405bf-ab33-5b32-9511-7da1122118f9,suitesparse_all,Qaplib/lp_nug20,lp_nug20,15240,72600,304800,16,row-major,N,N,1.0,0.0,20260922,main,pass,pass,0,0,9753600.0,0.04296,0.0521215975285,0.0950815975285,0.0542695975285,187.13163952173085,102.58136435997966,179.72493705850385,0.9596494334447736,0.5260582787691265,0.9216663438897633,cuSPARSE 12.8.6,CUDA,13040,13000,2026-10-08T09:35:08.877116+00:00,source,csr-alg2,0,0,,,,5,20,4,true
3,full-20261009-A100-SXM4-80GB-spmm-fp32-cusparse-csr-alg2-n16-13.4.1,cuSPARSE-CUDA-13.4.1-SpMM-CSR-ALG2,cuSPARSE CUDA 13.4.1 SpMM CSR ALG2 [cuSPARSE 12.8.6],csr-alg2,cuSPARSE-SpMM-CSR,candidate,,,csr,csr,CUSPARSE_SPMM_CSR_ALG2,library-preprocess,spmm.csr.fp32,fp32,A100-SXM4-80GB,A100-SXM4-80GB,,19500.0,df2405bf-ab33-5b32-9511-7da1122118f9,suitesparse_all,Rajat/Raj1,Raj1,263743,263743,1302464,16,row-major,N,N,1.0,0.0,20260922,main,pass,pass,0,0,41678848.0,0.04563,0.288000011444,0.333630011444,0.290281511444,144.7182164716831,124.92535614409442,143.58078746617153,0.7421446998547852,0.640642852020997,0.7363117305957514,cuSPARSE 12.8.6,CUDA,13040,13000,2026-10-08T09:45:22.125793+00:00,source,csr-alg2,0,0,,,,5,20,4,true
3,full-20261009-A100-SXM4-80GB-spmm-fp32-cusparse-csr-alg2-n16-13.4.1,cuSPARSE-CUDA-13.4.1-SpMM-CSR-ALG2,cuSPARSE CUDA 13.4.1 SpMM CSR ALG2 [cuSPARSE 12.8.6],csr-alg2,cuSPARSE-SpMM-CSR,candidate,,,csr,csr,CUSPARSE_SPMM_CSR_ALG2,library-preprocess,spmm.csr.fp32,fp32,A100-SXM4-80GB,A100-SXM4-80GB,,19500.0,2793479a-b9ba-5e32-964d-96d3a38ca48f,suitesparse_all,Rajat/rajat01,rajat01,6833,6833,43250,16,row-major,N,N,1.0,0.0,20260922,main,pass,pass,0,0,1384000.0,0.01479,0.0277503997087,0.0425403997087,0.0284898997087,49.87315550507561,32.533779876942624,48.578619586272744,0.2557597718209006,0.166839896804834,0.24912112608344994,cuSPARSE 12.8.6,CUDA,13040,13000,2026-10-07T08:56:16.662498+00:00,source,csr-alg2,0,0,,,,5,20,4,true
3,full-20261009-A100-SXM4-80GB-spmm-fp32-cusparse-csr-alg2-n16-13.4.1,cuSPARSE-CUDA-13.4.1-SpMM-CSR-ALG2,cuSPARSE CUDA 13.4.1 SpMM CSR ALG2 [cuSPARSE 12.8.6],csr-alg2,cuSPARSE-SpMM-CSR,candidate,,,csr,csr,CUSPARSE_SPMM_CSR_ALG2,library-preprocess,spmm.csr.fp32,fp32,A100-SXM4-80GB,A100-SXM4-80GB,,19500.0,238ed034-08d6-5e0f-b7b4-c4d0b9e54f50,suitesparse_all,Rajat/rajat06,rajat06,10922,10922,46983,16,row-major,N,N,1.0,0.0,20260922,main,pass,pass,0,0,1503456.0,0.02663,0.0369152009487,0.0635452009487,0.0382467009487,40.7272874415423,23.65963090137584,39.309429642482726,0.20885788431560154,0.12133144051987611,0.20158681867939857,cuSPARSE 12.8.6,CUDA,13040,13000,2026-10-07T14:31:30.302529+00:00,source,csr-alg2,0,0,,,,5,20,4,true
3,full-20261009-A100-SXM4-80GB-spmm-fp32-cusparse-csr-alg2-n16-13.4.1,cuSPARSE-CUDA-13.4.1-SpMM-CSR-ALG2,cuSPARSE CUDA 13.4.1 SpMM CSR ALG2 [cuSPARSE 12.8.6],csr-alg2,cuSPARSE-SpMM-CSR,candidate,,,csr,csr,CUSPARSE_SPMM_CSR_ALG2,library-preprocess,spmm.csr.fp32,fp32,A100-SXM4-80GB,A100-SXM4-80GB,,19500.0,df2405bf-ab33-5b32-9511-7da1122118f9,suitesparse_all,Rajat/rajat07,rajat07,14842,14842,63913,16,row-major,N,N,1.0,0.0,20260922,main,pass,pass,0,0,2045216.0,0.01586,0.0327679991722,0.0486279991722,0.0335609991722,62.41504063925691,42.05840328238764,60.94025954072724,0.32007713148336875,0.2156841193968597,0.31251415149090894,cuSPARSE 12.8.6,CUDA,13040,13000,2026-10-08T09:38:00.327458+00:00,source,csr-alg2,0,0,,,,5,20,4,true
3,full-20261009-A100-SXM4-80GB-spmm-fp32-cusparse-csr-alg2-n16-13.4.1,cuSPARSE-CUDA-13.4.1-SpMM-CSR-ALG2,cuSPARSE CUDA 13.4.1 SpMM CSR ALG2 [cuSPARSE 12.8.6],csr-alg2,cuSPARSE-SpMM-CSR,candidate,,,csr,csr,CUSPARSE_SPMM_CSR_ALG2,library-preprocess,spmm.csr.fp32,fp32,A100-SXM4-80GB,A100-SXM4-80GB,,19500.0,2793479a-b9ba-5e32-964d-96d3a38ca48f,suitesparse_all,Rajat/rajat09,rajat09,24482,24482,105573,16,row-major,N,N,1.0,0.0,20260922,main,pass,pass,0,0,3378336.0,0.02283,0.0428032010794,0.0656332010794,0.0439447010794,78.92718102398888,51.47297319710257,76.87698213934753,0.4047547744819942,0.26396396511334647,0.3942409340479361,cuSPARSE 12.8.6,CUDA,13040,13000,2026-10-07T08:56:17.712512+00:00,source,csr-alg2,0,0,,,,5,20,4,true
3,full-20261009-A100-SXM4-80GB-spmm-fp32-cusparse-csr-alg2-n16-13.4.1,cuSPARSE-CUDA-13.4.1-SpMM-CSR-ALG2,cuSPARSE CUDA 13.4.1 SpMM CSR ALG2 [cuSPARSE 12.8.6],csr-alg2,cuSPARSE-SpMM-CSR,candidate,,,csr,csr,CUSPARSE_SPMM_CSR_ALG2,library-preprocess,spmm.csr.fp32,fp32,A100-SXM4-80GB,A100-SXM4-80GB,,19500.0,238ed034-08d6-5e0f-b7b4-c4d0b9e54f50,suitesparse_all,Rajat/rajat14,rajat14,180,180,1503,16,row-major,N,N,1.0,0.0,20260922,main,pass,pass,0,0,48096.0,0.01267,0.0188416004181,0.0315116004181,0.0194751004181,2.5526493998777857,1.526295058386627,2.46961499388727,0.013090509742963004,0.007827154145572446,0.012664692276344973,cuSPARSE 12.8.6,CUDA,13040,13000,2026-10-07T14:31:31.284968+00:00,source,csr-alg2,0,0,,,,5,20,4,true
3,full-20261009-A100-SXM4-80GB-spmm-fp32-cusparse-csr-alg2-n16-13.4.1,cuSPARSE-CUDA-13.4.1-SpMM-CSR-ALG2,cuSPARSE CUDA 13.4.1 SpMM CSR ALG2 [cuSPARSE 12.8.6],csr-alg2,cuSPARSE-SpMM-CSR,candidate,,,csr,csr,CUSPARSE_SPMM_CSR_ALG2,library-preprocess,spmm.csr.fp32,fp32,A100-SXM4-80GB,A100-SXM4-80GB,,19500.0,df2405bf-ab33-5b32-9511-7da1122118f9,suitesparse_all,Rajat/rajat16,rajat16,94294,94294,641159,16,row-major,N,N,1.0,0.0,20260922,main,pass,pass,0,0,20517088.0,0.04667,0.115046405792,0.161716405792,0.117379905792,178.33749658458868,126.87078901808592,174.79216618521377,0.9145512645363523,0.650619430861979,0.8963700830010962,cuSPARSE 12.8.6,CUDA,13040,13000,2026-10-08T09:38:53.260004+00:00,source,csr-alg2,0,0,,,,5,20,4,true
3,full-20261009-A100-SXM4-80GB-spmm-fp32-cusparse-csr-alg2-n16-13.4.1,cuSPARSE-CUDA-13.4.1-SpMM-CSR-ALG2,cuSPARSE CUDA 13.4.1 SpMM CSR ALG2 [cuSPARSE 12.8.6],csr-alg2,cuSPARSE-SpMM-CSR,candidate,,,csr,csr,CUSPARSE_SPMM_CSR_ALG2,library-preprocess,spmm.csr.fp32,fp32,A100-SXM4-80GB,A100-SXM4-80GB,,19500.0,2793479a-b9ba-5e32-964d-96d3a38ca48f,suitesparse_all,Rajat/rajat18,rajat18,94294,94294,485143,16,row-major,N,N,1.0,0.0,20260922,main,pass,pass,0,0,15524576.0,0.04544,0.100198400021,0.145638400021,0.102470400021,154.93836225674556,106.59672172834546,151.50302913639877,0.7945557038807465,0.5466498550171562,0.7769386109558911,cuSPARSE 12.8.6,CUDA,13040,13000,2026-10-07T08:59:01.245192+00:00,source,csr-alg2,0,0,,,,5,20,4,true
3,full-20261009-A100-SXM4-80GB-spmm-fp32-cusparse-csr-alg2-n16-13.4.1,cuSPARSE-CUDA-13.4.1-SpMM-CSR-ALG2,cuSPARSE CUDA 13.4.1 SpMM CSR ALG2 [cuSPARSE 12.8.6],csr-alg2,cuSPARSE-SpMM-CSR,candidate,,,csr,csr,CUSPARSE_SPMM_CSR_ALG2,library-preprocess,spmm.csr.fp32,fp32,A100-SXM4-80GB,A100-SXM4-80GB,,19500.0,2793479a-b9ba-5e32-964d-96d3a38ca48f,suitesparse_all,Rajat/rajat20,rajat20,86916,86916,605045,16,row-major,N,N,1.0,0.0,20260922,main,pass,pass,0,0,19361440.0,0.04977,0.10951679945,0.15928679945,0.11200529945,176.78968064474424,121.55081316752516,172.86182078057024,0.9066137468961243,0.6233375034232059,0.886470875797796,cuSPARSE 12.8.6,CUDA,13040,13000,2026-10-07T09:00:05.992299+00:00,source,csr-alg2,0,0,,,,5,20,4,true
3,full-20261009-A100-SXM4-80GB-spmm-fp32-cusparse-csr-alg2-n16-13.4.1,cuSPARSE-CUDA-13.4.1-SpMM-CSR-ALG2,cuSPARSE CUDA 13.4.1 SpMM CSR ALG2 [cuSPARSE 12.8.6],csr-alg2,cuSPARSE-SpMM-CSR,candidate,,,csr,csr,CUSPARSE_SPMM_CSR_ALG2,library-preprocess,spmm.csr.fp32,fp32,A100-SXM4-80GB,A100-SXM4-80GB,,19500.0,238ed034-08d6-5e0f-b7b4-c4d0b9e54f50,suitesparse_all,Rajat/rajat25,rajat25,87190,87190,607235,16,row-major,N,N,1.0,0.0,20260922,main,pass,pass,0,0,19431520.0,0.05973,0.111073601246,0.170803601246,0.114060101246,174.94273870677952,113.76528280579834,170.36211425142366,0.8971422497783565,0.5834117066964017,0.8736518679560188,cuSPARSE 12.8.6,CUDA,13040,13000,2026-10-07T14:33:30.006789+00:00,source,csr-alg2,0,0,,,,5,20,4,true
3,full-20261009-A100-SXM4-80GB-spmm-fp32-cusparse-csr-alg2-n16-13.4.1,cuSPARSE-CUDA-13.4.1-SpMM-CSR-ALG2,cuSPARSE CUDA 13.4.1 SpMM CSR ALG2 [cuSPARSE 12.8.6],csr-alg2,cuSPARSE-SpMM-CSR,candidate,,,csr,csr,CUSPARSE_SPMM_CSR_ALG2,library-preprocess,spmm.csr.fp32,fp32,A100-SXM4-80GB,A100-SXM4-80GB,,19500.0,df2405bf-ab33-5b32-9511-7da1122118f9,suitesparse_all,Rajat/rajat26,rajat26,51032,51032,249302,16,row-major,N,N,1.0,0.0,20260922,main,pass,pass,0,0,7977664.0,0.06565,0.0645120024681,0.130162002468,0.0677945024681,123.66170161815715,61.29026788721454,117.67420232567984,0.634162572400806,0.3143090660882797,0.6034574478239992,cuSPARSE 12.8.6,CUDA,13040,13000,2026-10-08T09:39:42.454242+00:00,source,csr-alg2,0,0,,,,5,20,4,true
3,full-20261009-A100-SXM4-80GB-spmm-fp32-cusparse-csr-alg2-n16-13.4.1,cuSPARSE-CUDA-13.4.1-SpMM-CSR-ALG2,cuSPARSE CUDA 13.4.1 SpMM CSR ALG2 [cuSPARSE 12.8.6],csr-alg2,cuSPARSE-SpMM-CSR,candidate,,,csr,csr,CUSPARSE_SPMM_CSR_ALG2,library-preprocess,spmm.csr.fp32,fp32,A100-SXM4-80GB,A100-SXM4-80GB,,19500.0,2793479a-b9ba-5e32-964d-96d3a38ca48f,suitesparse_all,Rajat/rajat28,rajat28,87190,87190,607235,16,row-major,N,N,1.0,0.0,20260922,main,pass,pass,0,0,19431520.0,0.05285,0.109611201286,0.162461201286,0.112253701286,177.2767725562905,119.60714217416353,173.10360172884074,0.909111654134823,0.6133699598675052,0.8877107780966191,cuSPARSE 12.8.6,CUDA,13040,13000,2026-10-07T09:00:09.154398+00:00,source,csr-alg2,0,0,,,,5,20,4,true
3,full-20261009-A100-SXM4-80GB-spmm-fp32-cusparse-csr-alg2-n16-13.4.1,cuSPARSE-CUDA-13.4.1-SpMM-CSR-ALG2,cuSPARSE CUDA 13.4.1 SpMM CSR ALG2 [cuSPARSE 12.8.6],csr-alg2,cuSPARSE-SpMM-CSR,candidate,,,csr,csr,CUSPARSE_SPMM_CSR_ALG2,library-preprocess,spmm.csr.fp32,fp32,A100-SXM4-80GB,A100-SXM4-80GB,,19500.0,238ed034-08d6-5e0f-b7b4-c4d0b9e54f50,suitesparse_all,Rajat/rajat31,rajat31,4690002,4690002,20316253,16,row-major,N,N,1.0,0.0,20260922,main,pass,pass,0,0,650120096.0,3.815991,3.38780174255,7.20379274255,3.57860129255,191.90027793971623,90.24691842673285,181.66877024088498,0.9841039894344422,0.46280470988068123,0.9316347191840255,cuSPARSE 12.8.6,CUDA,13040,13000,2026-10-07T14:35:43.253992+00:00,source,csr-alg2,0,0,,,,5,20,4,true
3,full-20261009-A100-SXM4-80GB-spmm-fp32-cusparse-csr-alg2-n16-13.4.1,cuSPARSE-CUDA-13.4.1-SpMM-CSR-ALG2,cuSPARSE CUDA 13.4.1 SpMM CSR ALG2 [cuSPARSE 12.8.6],csr-alg2,cuSPARSE-SpMM-CSR,candidate,,,csr,csr,CUSPARSE_SPMM_CSR_ALG2,library-preprocess,spmm.csr.fp32,fp32,A100-SXM4-80GB,A100-SXM4-80GB,,19500.0,df2405bf-ab33-5b32-9511-7da1122118f9,suitesparse_all,Raju/laminar_duct3D,laminar_duct3D,67173,67173,3833077,16,row-major,N,N,1.0,0.0,20260922,main,pass,pass,0,0,122658464.0,0.11342,0.512921619415,0.626341619415,0.518592619415,239.1368570891885,195.83316867009796,236.52180807811197,1.2263428568676333,1.0042726598466563,1.2129323491185229,cuSPARSE 12.8.6,CUDA,13040,13000,2026-10-08T09:40:05.754403+00:00,source,csr-alg2,0,0,,,,5,20,4,true
3,full-20261009-A100-SXM4-80GB-spmm-fp32-cusparse-csr-alg2-n16-13.4.1,cuSPARSE-CUDA-13.4.1-SpMM-CSR-ALG2,cuSPARSE CUDA 13.4.1 SpMM CSR ALG2 [cuSPARSE 12.8.6],csr-alg2,cuSPARSE-SpMM-CSR,candidate,,,csr,csr,CUSPARSE_SPMM_CSR_ALG2,library-preprocess,spmm.csr.fp32,fp32,A100-SXM4-80GB,A100-SXM4-80GB,,19500.0,2793479a-b9ba-5e32-964d-96d3a38ca48f,suitesparse_all,Rommes/M10PI_n,M10PI_n,682,682,1633,16,row-major,N,N,1.0,0.0,20260922,main,pass,pass,0,0,52256.0,0.01564,0.0215552002192,0.0371952002192,0.0223372002192,2.424287386273206,1.4049124535435538,2.339415839371096,0.01243224300652926,0.007204679248941301,0.011997004304467158,cuSPARSE 12.8.6,CUDA,13040,13000,2026-10-07T09:36:53.852557+00:00,source,csr-alg2,0,0,,,,5,20,4,true
3,full-20261009-A100-SXM4-80GB-spmm-fp32-cusparse-csr-alg2-n16-13.4.1,cuSPARSE-CUDA-13.4.1-SpMM-CSR-ALG2,cuSPARSE CUDA 13.4.1 SpMM CSR ALG2 [cuSPARSE 12.8.6],csr-alg2,cuSPARSE-SpMM-CSR,candidate,,,csr,csr,CUSPARSE_SPMM_CSR_ALG2,library-preprocess,spmm.csr.fp32,fp32,A100-SXM4-80GB,A100-SXM4-80GB,,19500.0,238ed034-08d6-5e0f-b7b4-c4d0b9e54f50,suitesparse_all,Rommes/M20PI_n1,M20PI_n1,1028,1028,2547,16,row-major,N,N,1.0,0.0,20260922,main,pass,pass,0,0,81504.0,0.01421,0.0222719997168,0.0364819997168,0.0229824997168,3.6594828051529067,2.2340880607612994,3.5463505277635794,0.018766578487963623,0.011456861850057945,0.018186412962890152,cuSPARSE 12.8.6,CUDA,13040,13000,2026-10-07T14:52:29.232985+00:00,source,csr-alg2,0,0,,,,5,20,4,true
3,full-20261009-A100-SXM4-80GB-spmm-fp32-cusparse-csr-alg2-n16-13.4.1,cuSPARSE-CUDA-13.4.1-SpMM-CSR-ALG2,cuSPARSE CUDA 13.4.1 SpMM CSR ALG2 [cuSPARSE 12.8.6],csr-alg2,cuSPARSE-SpMM-CSR,candidate,,,csr,csr,CUSPARSE_SPMM_CSR_ALG2,library-preprocess,spmm.csr.fp32,fp32,A100-SXM4-80GB,A100-SXM4-80GB,,19500.0,df2405bf-ab33-5b32-9511-7da1122118f9,suitesparse_all,Rommes/M40PI_n1,M40PI_n1,2028,2028,5007,16,row-major,N,N,1.0,0.0,20260922,main,pass,pass,0,0,160224.0,0.01724,0.0192000001669,0.0364400001669,0.0200620001669,8.34499992745935,4.396926434307162,7.986441963267014,0.04279487142286846,0.02254834068875468,0.04095611263213853,cuSPARSE 12.8.6,CUDA,13040,13000,2026-10-08T10:01:09.363407+00:00,source,csr-alg2,0,0,,,,5,20,4,true
3,full-20261009-A100-SXM4-80GB-spmm-fp32-cusparse-csr-alg2-n16-13.4.1,cuSPARSE-CUDA-13.4.1-SpMM-CSR-ALG2,cuSPARSE CUDA 13.4.1 SpMM CSR ALG2 [cuSPARSE 12.8.6],csr-alg2,cuSPARSE-SpMM-CSR,candidate,,,csr,csr,CUSPARSE_SPMM_CSR_ALG2,library-preprocess,spmm.csr.fp32,fp32,A100-SXM4-80GB,A100-SXM4-80GB,,19500.0,2793479a-b9ba-5e32-964d-96d3a38ca48f,suitesparse_all,Rommes/S10PI_n,S10PI_n,682,682,1633,16,row-major,N,N,1.0,0.0,20260922,main,pass,pass,0,0,52256.0,0.01447,0.0216575995088,0.0361275995088,0.0223810995088,2.4128251138251557,1.4464287888065033,2.3348272045103733,0.012373462122180285,0.007417583532341042,0.011973472843642939,cuSPARSE 12.8.6,CUDA,13040,13000,2026-10-07T09:36:54.439582+00:00,source,csr-alg2,0,0,,,,5,20,4,true
3,full-20261009-A100-SXM4-80GB-spmm-fp32-cusparse-csr-alg2-n16-13.4.1,cuSPARSE-CUDA-13.4.1-SpMM-CSR-ALG2,cuSPARSE CUDA 13.4.1 SpMM CSR ALG2 [cuSPARSE 12.8.6],csr-alg2,cuSPARSE-SpMM-CSR,candidate,,,csr,csr,CUSPARSE_SPMM_CSR_ALG2,library-preprocess,spmm.csr.fp32,fp32,A100-SXM4-80GB,A100-SXM4-80GB,,19500.0,238ed034-08d6-5e0f-b7b4-c4d0b9e54f50,suitesparse_all,Rommes/S20PI_n1,S20PI_n1,1028,1028,2547,16,row-major,N,N,1.0,0.0,20260922,main,pass,pass,0,0,81504.0,0.01568,0.0224255993962,0.0381055993962,0.0232095993962,3.6344179060743764,2.13889825357603,3.511650442934585,0.01863804054397116,0.010968708992697591,0.01800846380992095,cuSPARSE 12.8.6,CUDA,13040,13000,2026-10-07T14:52:29.859135+00:00,source,csr-alg2,0,0,,,,5,20,4,true
3,full-20261009-A100-SXM4-80GB-spmm-fp32-cusparse-csr-alg2-n16-13.4.1,cuSPARSE-CUDA-13.4.1-SpMM-CSR-ALG2,cuSPARSE CUDA 13.4.1 SpMM CSR ALG2 [cuSPARSE 12.8.6],csr-alg2,cuSPARSE-SpMM-CSR,candidate,,,csr,csr,CUSPARSE_SPMM_CSR_ALG2,library-preprocess,spmm.csr.fp32,fp32,A100-SXM4-80GB,A100-SXM4-80GB,,19500.0,df2405bf-ab33-5b32-9511-7da1122118f9,suitesparse_all,Rommes/S40PI_n1,S40PI_n1,2028,2028,5007,16,row-major,N,N,1.0,0.0,20260922,main,pass,pass,0,0,160224.0,0.019431,0.0192000001669,0.0386310001669,0.0201715501669,8.34499992745935,4.14754987724299,7.9430682656663425,0.04279487142286846,0.02126948654996405,0.040733683413673547,cuSPARSE 12.8.6,CUDA,13040,13000,2026-10-08T10:01:10.168631+00:00,source,csr-alg2,0,0,,,,5,20,4,true
3,full-20261009-A100-SXM4-80GB-spmm-fp32-cusparse-csr-alg2-n16-13.4.1,cuSPARSE-CUDA-13.4.1-SpMM-CSR-ALG2,cuSPARSE CUDA 13.4.1 SpMM CSR ALG2 [cuSPARSE 12.8.6],csr-alg2,cuSPARSE-SpMM-CSR,candidate,,,csr,csr,CUSPARSE_SPMM_CSR_ALG2,library-preprocess,spmm.csr.fp32,fp32,A100-SXM4-80GB,A100-SXM4-80GB,,19500.0,2793479a-b9ba-5e32-964d-96d3a38ca48f,suitesparse_all,Rommes/bauru5727,bauru5727,40366,40366,145019,16,row-major,N,N,1.0,0.0,20260922,main,pass,pass,0,0,4640608.0,0.0377,0.0470016002655,0.0847016002655,0.0488866002655,98.73297874511492,54.78772520771578,94.92597101858495,0.5063229679236663,0.2809626933729014,0.4867998513773587,cuSPARSE 12.8.6,CUDA,13040,13000,2026-10-07T09:36:52.415820+00:00,source,csr-alg2,0,0,,,,5,20,4,true
3,full-20261009-A100-SXM4-80GB-spmm-fp32-cusparse-csr-alg2-n16-13.4.1,cuSPARSE-CUDA-13.4.1-SpMM-CSR-ALG2,cuSPARSE CUDA 13.4.1 SpMM CSR ALG2 [cuSPARSE 12.8.6],csr-alg2,cuSPARSE-SpMM-CSR,candidate,,,csr,csr,CUSPARSE_SPMM_CSR_ALG2,library-preprocess,spmm.csr.fp32,fp32,A100-SXM4-80GB,A100-SXM4-80GB,,19500.0,2793479a-b9ba-5e32-964d-96d3a38ca48f,suitesparse_all,Rommes/bips07_1693,bips07_1693,13275,13275,49044,16,row-major,N,N,1.0,0.0,20260922,main,pass,pass,0,0,1569408.0,0.03114,0.0288255989552,0.0599655989552,0.0303825989552,54.44493980642461,26.171805624296308,51.654830526978174,0.2792048195201262,0.13421438781690415,0.2648965668050163,cuSPARSE 12.8.6,CUDA,13040,13000,2026-10-07T09:36:53.253604+00:00,source,csr-alg2,0,0,,,,5,20,4,true
3,full-20261009-A100-SXM4-80GB-spmm-fp32-cusparse-csr-alg2-n16-13.4.1,cuSPARSE-CUDA-13.4.1-SpMM-CSR-ALG2,cuSPARSE CUDA 13.4.1 SpMM CSR ALG2 [cuSPARSE 12.8.6],csr-alg2,cuSPARSE-SpMM-CSR,candidate,,,csr,csr,CUSPARSE_SPMM_CSR_ALG2,library-preprocess,spmm.csr.fp32,fp32,A100-SXM4-80GB,A100-SXM4-80GB,,19500.0,df2405bf-ab33-5b32-9511-7da1122118f9,suitesparse_all,Rommes/bips98_1142,bips98_1142,9735,9735,40983,16,row-major,N,N,1.0,0.0,20260922,main,pass,pass,0,0,1311456.0,0.01771,0.0227328002453,0.0404428002453,0.0236183002453,57.69003316127511,32.4274281712827,55.52711187423309,0.2958463239039749,0.16629450344247537,0.284754419867862,cuSPARSE 12.8.6,CUDA,13040,13000,2026-10-08T10:01:08.595139+00:00,source,csr-alg2,0,0,,,,5,20,4,true
3,full-20261009-A100-SXM4-80GB-spmm-fp32-cusparse-csr-alg2-n16-13.4.1,cuSPARSE-CUDA-13.4.1-SpMM-CSR-ALG2,cuSPARSE CUDA 13.4.1 SpMM CSR ALG2 [cuSPARSE 12.8.6],csr-alg2,cuSPARSE-SpMM-CSR,candidate,,,csr,csr,CUSPARSE_SPMM_CSR_ALG2,library-preprocess,spmm.csr.fp32,fp32,A100-SXM4-80GB,A100-SXM4-80GB,,19500.0,238ed034-08d6-5e0f-b7b4-c4d0b9e54f50,suitesparse_all,Rommes/bips98_606,bips98_606,7135,7135,34738,16,row-major,N,N,1.0,0.0,20260922,main,pass,pass,0,0,1111616.0,0.01334,0.0266752004623,0.0400152004623,0.0273422004623,41.67226415303024,27.779843338465845,40.655689052266275,0.2137039187334884,0.1424607350690556,0.208490713088545,cuSPARSE 12.8.6,CUDA,13040,13000,2026-10-07T14:52:28.603264+00:00,source,csr-alg2,0,0,,,,5,20,4,true
3,full-20261009-A100-SXM4-80GB-spmm-fp32-cusparse-csr-alg2-n16-13.4.1,cuSPARSE-CUDA-13.4.1-SpMM-CSR-ALG2,cuSPARSE CUDA 13.4.1 SpMM CSR ALG2 [cuSPARSE 12.8.6],csr-alg2,cuSPARSE-SpMM-CSR,candidate,,,csr,csr,CUSPARSE_SPMM_CSR_ALG2,library-preprocess,spmm.csr.fp32,fp32,A100-SXM4-80GB,A100-SXM4-80GB,,19500.0,238ed034-08d6-5e0f-b7b4-c4d0b9e54f50,suitesparse_all,Rommes/mimo28x28_system,mimo28x28_system,13251,13251,48737,16,row-major,N,N,1.0,0.0,20260922,main,pass,pass,0,0,1559584.0,0.01592,0.0280063986778,0.0439263986778,0.0288023986778,55.6867028118201,35.50448129015865,54.147712398762096,0.28557283493241076,0.18207426302645463,0.2776805764039082,cuSPARSE 12.8.6,CUDA,13040,13000,2026-10-07T14:52:27.602323+00:00,source,csr-alg2,0,0,,,,5,20,4,true
3,full-20261009-A100-SXM4-80GB-spmm-fp32-cusparse-csr-alg2-n16-13.4.1,cuSPARSE-CUDA-13.4.1-SpMM-CSR-ALG2,cuSPARSE CUDA 13.4.1 SpMM CSR ALG2 [cuSPARSE 12.8.6],csr-alg2,cuSPARSE-SpMM-CSR,candidate,,,csr,csr,CUSPARSE_SPMM_CSR_ALG2,library-preprocess,spmm.csr.fp32,fp32,A100-SXM4-80GB,A100-SXM4-80GB,,19500.0,df2405bf-ab33-5b32-9511-7da1122118f9,suitesparse_all,Rommes/mimo46x46_system,mimo46x46_system,13250,13250,48735,16,row-major,N,N,1.0,0.0,20260922,main,pass,pass,0,0,1559520.0,0.01781,0.0232960000634,0.0411060000634,0.0241865000634,66.94368113649426,37.938986950680395,64.47894469691914,0.3433009289050988,0.19455890743938664,0.3306612548559956,cuSPARSE 12.8.6,CUDA,13040,13000,2026-10-08T10:01:07.656605+00:00,source,csr-alg2,0,0,,,,5,20,4,true
3,full-20261009-A100-SXM4-80GB-spmm-fp32-cusparse-csr-alg2-n16-13.4.1,cuSPARSE-CUDA-13.4.1-SpMM-CSR-ALG2,cuSPARSE CUDA 13.4.1 SpMM CSR ALG2 [cuSPARSE 12.8.6],csr-alg2,cuSPARSE-SpMM-CSR,candidate,,,csr,csr,CUSPARSE_SPMM_CSR_ALG2,library-preprocess,spmm.csr.fp32,fp32,A100-SXM4-80GB,A100-SXM4-80GB,,19500.0,2793479a-b9ba-5e32-964d-96d3a38ca48f,suitesparse_all,Ronis/xenon1,xenon1,48600,48600,1181120,16,row-major,N,N,1.0,0.0,20260922,main,pass,pass,0,0,37795840.0,0.03874,0.148582398891,0.187322398891,0.150519398891,254.3762941108995,201.76893005727956,251.1027832855631,1.3044938159533308,1.0347124618322028,1.2877065809516057,cuSPARSE 12.8.6,CUDA,13040,13000,2026-10-07T08:53:17.455154+00:00,source,csr-alg2,0,0,,,,5,20,4,true
3,full-20261009-A100-SXM4-80GB-spmm-fp32-cusparse-csr-alg2-n16-13.4.1,cuSPARSE-CUDA-13.4.1-SpMM-CSR-ALG2,cuSPARSE CUDA 13.4.1 SpMM CSR ALG2 [cuSPARSE 12.8.6],csr-alg2,cuSPARSE-SpMM-CSR,candidate,,,csr,csr,CUSPARSE_SPMM_CSR_ALG2,library-preprocess,spmm.csr.fp32,fp32,A100-SXM4-80GB,A100-SXM4-80GB,,19500.0,238ed034-08d6-5e0f-b7b4-c4d0b9e54f50,suitesparse_all,Rothberg/gearbox,gearbox,153746,153746,9080404,16,row-major,N,N,1.0,0.0,20260922,main,pass,pass,0,0,290572928.0,9.165614,1.13175516129,10.2973691613,1.59003586129,256.74539683017514,28.21817140362834,182.74614747635783,1.316643060667565,0.14470857130065817,0.9371597306479889,cuSPARSE 12.8.6,CUDA,13040,13000,2026-10-07T14:29:02.862858+00:00,source,csr-alg2,0,0,,,,5,20,4,true
3,full-20261009-A100-SXM4-80GB-spmm-fp32-cusparse-csr-alg2-n16-13.4.1,cuSPARSE-CUDA-13.4.1-SpMM-CSR-ALG2,cuSPARSE CUDA 13.4.1 SpMM CSR ALG2 [cuSPARSE 12.8.6],csr-alg2,cuSPARSE-SpMM-CSR,candidate,,,csr,csr,CUSPARSE_SPMM_CSR_ALG2,library-preprocess,spmm.csr.fp32,fp32,A100-SXM4-80GB,A100-SXM4-80GB,,19500.0,df2405bf-ab33-5b32-9511-7da1122118f9,suitesparse_all,Rothberg/struct3,struct3,53570,53570,1173694,16,row-major,N,N,1.0,0.0,20260922,main,pass,pass,0,0,37558208.0,0.06398,0.147200000286,0.211180000286,0.150399000286,255.1508690694759,177.84926578811965,249.72378758222462,1.3084659952280815,0.912047516862152,1.2806348081139725,cuSPARSE 12.8.6,CUDA,13040,13000,2026-10-08T09:35:12.402106+00:00,source,csr-alg2,0,0,,,,5,20,4,true
3,full-20261009-A100-SXM4-80GB-spmm-fp32-cusparse-csr-alg2-n16-13.4.1,cuSPARSE-CUDA-13.4.1-SpMM-CSR-ALG2,cuSPARSE CUDA 13.4.1 SpMM CSR ALG2 [cuSPARSE 12.8.6],csr-alg2,cuSPARSE-SpMM-CSR,candidate,,,csr,csr,CUSPARSE_SPMM_CSR_ALG2,library-preprocess,spmm.csr.fp32,fp32,A100-SXM4-80GB,A100-SXM4-80GB,,19500.0,2793479a-b9ba-5e32-964d-96d3a38ca48f,suitesparse_all,Rucci/Rucci1,Rucci1,1977885,109900,7791168,16,row-major,N,N,1.0,0.0,20260922,main,pass,pass,0,0,249317376.0,1.3875,1.1980799675,2.5855799675,1.2674549675,208.09744154244027,96.4260936168473,196.70708813565795,1.067166366884309,0.4944927877787041,1.0087542981315791,cuSPARSE 12.8.6,CUDA,13040,13000,2026-10-07T09:05:20.497450+00:00,source,csr-alg2,0,0,,,,5,20,4,true
3,full-20261009-A100-SXM4-80GB-spmm-fp32-cusparse-csr-alg2-n16-13.4.1,cuSPARSE-CUDA-13.4.1-SpMM-CSR-ALG2,cuSPARSE CUDA 13.4.1 SpMM CSR ALG2 [cuSPARSE 12.8.6],csr-alg2,cuSPARSE-SpMM-CSR,candidate,,,csr,csr,CUSPARSE_SPMM_CSR_ALG2,library-preprocess,spmm.csr.fp32,fp32,A100-SXM4-80GB,A100-SXM4-80GB,,19500.0,2793479a-b9ba-5e32-964d-96d3a38ca48f,suitesparse_all,SNAP/CollegeMsg,CollegeMsg,1899,1899,20296,16,row-major,N,N,1.0,0.0,20260922,main,pass,pass,0,0,649472.0,0.01311,0.0238815993071,0.0369915993071,0.0245370993071,27.195498578142207,17.557283603992307,26.468980374223378,0.13946409527252412,0.09003735181534517,0.1357383608934532,cuSPARSE 12.8.6,CUDA,13040,13000,2026-10-07T10:17:46.650284+00:00,source,csr-alg2,0,0,,,,5,20,4,true
3,full-20261009-A100-SXM4-80GB-spmm-fp32-cusparse-csr-alg2-n16-13.4.1,cuSPARSE-CUDA-13.4.1-SpMM-CSR-ALG2,cuSPARSE CUDA 13.4.1 SpMM CSR ALG2 [cuSPARSE 12.8.6],csr-alg2,cuSPARSE-SpMM-CSR,candidate,,,csr,csr,CUSPARSE_SPMM_CSR_ALG2,library-preprocess,spmm.csr.fp32,fp32,A100-SXM4-80GB,A100-SXM4-80GB,,19500.0,2793479a-b9ba-5e32-964d-96d3a38ca48f,suitesparse_all,SNAP/amazon0312,amazon0312,400727,400727,3200440,16,row-major,N,N,1.0,0.0,20260922,main,pass,pass,0,0,102414080.0,0.26455,0.613990402222,0.878540402222,0.627217902222,166.8007832522604,116.57298826664638,163.28309449903287,0.8553886320628739,0.5978101962392122,0.837349202559143,cuSPARSE 12.8.6,CUDA,13040,13000,2026-10-07T09:32:55.315050+00:00,source,csr-alg2,0,0,,,,5,20,4,true
3,full-20261009-A100-SXM4-80GB-spmm-fp32-cusparse-csr-alg2-n16-13.4.1,cuSPARSE-CUDA-13.4.1-SpMM-CSR-ALG2,cuSPARSE CUDA 13.4.1 SpMM CSR ALG2 [cuSPARSE 12.8.6],csr-alg2,cuSPARSE-SpMM-CSR,candidate,,,csr,csr,CUSPARSE_SPMM_CSR_ALG2,library-preprocess,spmm.csr.fp32,fp32,A100-SXM4-80GB,A100-SXM4-80GB,,19500.0,2793479a-b9ba-5e32-964d-96d3a38ca48f,suitesparse_all,SNAP/as-Skitter,as-Skitter,1696415,1696415,22190596,16,row-major,N,N,1.0,0.0,20260922,main,pass,pass,0,0,710099072.0,0.304161,3.67518234253,3.97934334253,3.69039039253,193.21465054470383,178.4462939929508,192.41841552518824,0.9908443617677118,0.9151091999638504,0.9867611052573756,cuSPARSE 12.8.6,CUDA,13040,13000,2026-10-07T09:34:11.950105+00:00,source,csr-alg2,0,0,,,,5,20,4,true
3,full-20261009-A100-SXM4-80GB-spmm-fp32-cusparse-csr-alg2-n16-13.4.1,cuSPARSE-CUDA-13.4.1-SpMM-CSR-ALG2,cuSPARSE CUDA 13.4.1 SpMM CSR ALG2 [cuSPARSE 12.8.6],csr-alg2,cuSPARSE-SpMM-CSR,candidate,,,csr,csr,CUSPARSE_SPMM_CSR_ALG2,library-preprocess,spmm.csr.fp32,fp32,A100-SXM4-80GB,A100-SXM4-80GB,,19500.0,df2405bf-ab33-5b32-9511-7da1122118f9,suitesparse_all,SNAP/ca-AstroPh,ca-AstroPh,18772,18772,396160,16,row-major,N,N,1.0,0.0,20260922,main,pass,pass,0,0,12677120.0,0.01718,0.0643760025501,0.0815560025501,0.0652350025501,196.92306912244442,155.44067393705845,194.33002995997535,1.0098618929356125,0.7971316612156844,0.9965642562050018,cuSPARSE 12.8.6,CUDA,13040,13000,2026-10-08T10:00:25.764183+00:00,source,csr-alg2,0,0,,,,5,20,4,true
3,full-20261009-A100-SXM4-80GB-spmm-fp32-cusparse-csr-alg2-n16-13.4.1,cuSPARSE-CUDA-13.4.1-SpMM-CSR-ALG2,cuSPARSE CUDA 13.4.1 SpMM CSR ALG2 [cuSPARSE 12.8.6],csr-alg2,cuSPARSE-SpMM-CSR,candidate,,,csr,csr,CUSPARSE_SPMM_CSR_ALG2,library-preprocess,spmm.csr.fp32,fp32,A100-SXM4-80GB,A100-SXM4-80GB,,19500.0,2793479a-b9ba-5e32-964d-96d3a38ca48f,suitesparse_all,SNAP/ca-GrQc,ca-GrQc,5242,5242,28980,16,row-major,N,N,1.0,0.0,20260922,main,pass,pass,0,0,927360.0,0.01678,0.0252416014671,0.0420216014671,0.0260806014671,36.73934877740323,22.06864963787871,35.557462168571554,0.18840691680719607,0.11317256224553185,0.18234595983882848,cuSPARSE 12.8.6,CUDA,13040,13000,2026-10-07T09:32:41.774372+00:00,source,csr-alg2,0,0,,,,5,20,4,true
3,full-20261009-A100-SXM4-80GB-spmm-fp32-cusparse-csr-alg2-n16-13.4.1,cuSPARSE-CUDA-13.4.1-SpMM-CSR-ALG2,cuSPARSE CUDA 13.4.1 SpMM CSR ALG2 [cuSPARSE 12.8.6],csr-alg2,cuSPARSE-SpMM-CSR,candidate,,,csr,csr,CUSPARSE_SPMM_CSR_ALG2,library-preprocess,spmm.csr.fp32,fp32,A100-SXM4-80GB,A100-SXM4-80GB,,19500.0,238ed034-08d6-5e0f-b7b4-c4d0b9e54f50,suitesparse_all,SNAP/cit-Patents,cit-Patents,3774768,3774768,16518948,16,row-major,N,N,1.0,0.0,20260922,main,pass,pass,0,0,528606336.0,0.81457,3.76330223083,4.57787223083,3.80403073083,140.46342907819428,115.46987538010863,138.95953355893724,0.7203252773240733,0.5921532070774802,0.7126129926099346,cuSPARSE 12.8.6,CUDA,13040,13000,2026-10-07T14:51:53.509336+00:00,source,csr-alg2,0,0,,,,5,20,4,true
3,full-20261009-A100-SXM4-80GB-spmm-fp32-cusparse-csr-alg2-n16-13.4.1,cuSPARSE-CUDA-13.4.1-SpMM-CSR-ALG2,cuSPARSE CUDA 13.4.1 SpMM CSR ALG2 [cuSPARSE 12.8.6],csr-alg2,cuSPARSE-SpMM-CSR,candidate,,,csr,csr,CUSPARSE_SPMM_CSR_ALG2,library-preprocess,spmm.csr.fp32,fp32,A100-SXM4-80GB,A100-SXM4-80GB,,19500.0,238ed034-08d6-5e0f-b7b4-c4d0b9e54f50,suitesparse_all,SNAP/com-Orkut,com-Orkut,3072441,3072441,234370166,16,row-major,N,N,1.0,0.0,20260922,main,pass,pass,0,0,7499845312.0,0.52137,36.1259002686,36.6472702686,36.1519687686,207.60300106676468,204.64949386492216,207.45330247447086,1.0646307747013573,1.0494845839226778,1.063863089612671,cuSPARSE 12.8.6,CUDA,13040,13000,2026-10-07T15:58:45.153959+00:00,source,csr-alg2,0,0,,,,5,20,4,true
3,full-20261009-A100-SXM4-80GB-spmm-fp32-cusparse-csr-alg2-n16-13.4.1,cuSPARSE-CUDA-13.4.1-SpMM-CSR-ALG2,cuSPARSE CUDA 13.4.1 SpMM CSR ALG2 [cuSPARSE 12.8.6],csr-alg2,cuSPARSE-SpMM-CSR,candidate,,,csr,csr,CUSPARSE_SPMM_CSR_ALG2,library-preprocess,spmm.csr.fp32,fp32,A100-SXM4-80GB,A100-SXM4-80GB,,19500.0,df2405bf-ab33-5b32-9511-7da1122118f9,suitesparse_all,SNAP/com-Youtube,com-Youtube,1134890,1134890,5975248,16,row-major,N,N,1.0,0.0,20260922,main,pass,pass,0,0,191207936.0,0.45121,1.0632191658,1.5144291658,1.0857796658,179.83868439403935,126.25743106247828,176.1019680352168,0.9222496635591761,0.6474740054486066,0.9030870155652144,cuSPARSE 12.8.6,CUDA,13040,13000,2026-10-08T11:24:25.252755+00:00,source,csr-alg2,0,0,,,,5,20,4,true
3,full-20261009-A100-SXM4-80GB-spmm-fp32-cusparse-csr-alg2-n16-13.4.1,cuSPARSE-CUDA-13.4.1-SpMM-CSR-ALG2,cuSPARSE CUDA 13.4.1 SpMM CSR ALG2 [cuSPARSE 12.8.6],csr-alg2,cuSPARSE-SpMM-CSR,candidate,,,csr,csr,CUSPARSE_SPMM_CSR_ALG2,library-preprocess,spmm.csr.fp32,fp32,A100-SXM4-80GB,A100-SXM4-80GB,,19500.0,2793479a-b9ba-5e32-964d-96d3a38ca48f,suitesparse_all,SNAP/email-Eu-core-temporal,email-Eu-core-temporal,1005,1005,24929,16,row-major,N,N,1.0,0.0,20260922,main,pass,pass,0,0,797728.0,0.01456,0.0214272007346,0.0359872007346,0.0221552007346,37.22968809042111,22.166992256027907,36.006353973321495,0.1909214773867749,0.11367688336424567,0.1846479690939564,cuSPARSE 12.8.6,CUDA,13040,13000,2026-10-07T10:17:47.333985+00:00,source,csr-alg2,0,0,,,,5,20,4,true
3,full-20261009-A100-SXM4-80GB-spmm-fp32-cusparse-csr-alg2-n16-13.4.1,cuSPARSE-CUDA-13.4.1-SpMM-CSR-ALG2,cuSPARSE CUDA 13.4.1 SpMM CSR ALG2 [cuSPARSE 12.8.6],csr-alg2,cuSPARSE-SpMM-CSR,candidate,,,csr,csr,CUSPARSE_SPMM_CSR_ALG2,library-preprocess,spmm.csr.fp32,fp32,A100-SXM4-80GB,A100-SXM4-80GB,,19500.0,2793479a-b9ba-5e32-964d-96d3a38ca48f,suitesparse_all,SNAP/email-EuAll,email-EuAll,265214,265214,420045,16,row-major,N,N,1.0,0.0,20260922,main,pass,pass,0,0,13441440.0,0.0792,0.168499195576,0.247699195576,0.172459195576,79.77153810171968,54.26517421158054,77.93982776683296,0.40908481077804965,0.278282944674772,0.39969142444529726,cuSPARSE 12.8.6,CUDA,13040,13000,2026-10-07T09:32:40.676570+00:00,source,csr-alg2,0,0,,,,5,20,4,true
3,full-20261009-A100-SXM4-80GB-spmm-fp32-cusparse-csr-alg2-n16-13.4.1,cuSPARSE-CUDA-13.4.1-SpMM-CSR-ALG2,cuSPARSE CUDA 13.4.1 SpMM CSR ALG2 [cuSPARSE 12.8.6],csr-alg2,cuSPARSE-SpMM-CSR,candidate,,,csr,csr,CUSPARSE_SPMM_CSR_ALG2,library-preprocess,spmm.csr.fp32,fp32,A100-SXM4-80GB,A100-SXM4-80GB,,19500.0,238ed034-08d6-5e0f-b7b4-c4d0b9e54f50,suitesparse_all,SNAP/p2p-Gnutella06,p2p-Gnutella06,8717,8717,31525,16,row-major,N,N,1.0,0.0,20260922,main,pass,pass,0,0,1008800.0,0.01504,0.0221696004272,0.0372096004272,0.0229216004272,45.503752009995544,27.111282798472974,44.010888471945606,0.23335257441023358,0.13903221947934857,0.2256968639586954,cuSPARSE 12.8.6,CUDA,13040,13000,2026-10-07T14:52:02.823031+00:00,source,csr-alg2,0,0,,,,5,20,4,true
3,full-20261009-A100-SXM4-80GB-spmm-fp32-cusparse-csr-alg2-n16-13.4.1,cuSPARSE-CUDA-13.4.1-SpMM-CSR-ALG2,cuSPARSE CUDA 13.4.1 SpMM CSR ALG2 [cuSPARSE 12.8.6],csr-alg2,cuSPARSE-SpMM-CSR,candidate,,,csr,csr,CUSPARSE_SPMM_CSR_ALG2,library-preprocess,spmm.csr.fp32,fp32,A100-SXM4-80GB,A100-SXM4-80GB,,19500.0,df2405bf-ab33-5b32-9511-7da1122118f9,suitesparse_all,SNAP/p2p-Gnutella08,p2p-Gnutella08,6301,6301,20777,16,row-major,N,N,1.0,0.0,20260922,main,pass,pass,0,0,664864.0,0.01329,0.0269823998213,0.0402723998213,0.0276468998213,24.64065481214736,16.509172608292257,24.04841064630939,0.12636233236998645,0.08466242363226799,0.12332518280158661,cuSPARSE 12.8.6,CUDA,13040,13000,2026-10-08T10:00:36.005545+00:00,source,csr-alg2,0,0,,,,5,20,4,true
3,full-20261009-A100-SXM4-80GB-spmm-fp32-cusparse-csr-alg2-n16-13.4.1,cuSPARSE-CUDA-13.4.1-SpMM-CSR-ALG2,cuSPARSE CUDA 13.4.1 SpMM CSR ALG2 [cuSPARSE 12.8.6],csr-alg2,cuSPARSE-SpMM-CSR,candidate,,,csr,csr,CUSPARSE_SPMM_CSR_ALG2,library-preprocess,spmm.csr.fp32,fp32,A100-SXM4-80GB,A100-SXM4-80GB,,19500.0,2793479a-b9ba-5e32-964d-96d3a38ca48f,suitesparse_all,SNAP/p2p-Gnutella24,p2p-Gnutella24,26518,26518,65369,16,row-major,N,N,1.0,0.0,20260922,main,pass,pass,0,0,2091808.0,0.04527,0.0343984007835,0.0796684007835,0.0366619007835,60.81119913584428,26.256432656211054,57.05672524599259,0.31185230326073987,0.13464837259595414,0.2925985910050902,cuSPARSE 12.8.6,CUDA,13040,13000,2026-10-07T09:32:58.644444+00:00,source,csr-alg2,0,0,,,,5,20,4,true
3,full-20261009-A100-SXM4-80GB-spmm-fp32-cusparse-csr-alg2-n16-13.4.1,cuSPARSE-CUDA-13.4.1-SpMM-CSR-ALG2,cuSPARSE CUDA 13.4.1 SpMM CSR ALG2 [cuSPARSE 12.8.6],csr-alg2,cuSPARSE-SpMM-CSR,candidate,,,csr,csr,CUSPARSE_SPMM_CSR_ALG2,library-preprocess,spmm.csr.fp32,fp32,A100-SXM4-80GB,A100-SXM4-80GB,,19500.0,238ed034-08d6-5e0f-b7b4-c4d0b9e54f50,suitesparse_all,SNAP/roadNet-PA,roadNet-PA,1090920,1090920,3083796,16,row-major,N,N,1.0,0.0,20260922,main,pass,pass,0,0,98681472.0,0.50024,0.735487985611,1.23572798561,0.760499985611,134.17142622393928,79.85695326895689,129.7586770113052,0.6880585960202014,0.40952283727670197,0.6654291128784882,cuSPARSE 12.8.6,CUDA,13040,13000,2026-10-07T14:52:23.077256+00:00,source,csr-alg2,0,0,,,,5,20,4,true
3,full-20261009-A100-SXM4-80GB-spmm-fp32-cusparse-csr-alg2-n16-13.4.1,cuSPARSE-CUDA-13.4.1-SpMM-CSR-ALG2,cuSPARSE CUDA 13.4.1 SpMM CSR ALG2 [cuSPARSE 12.8.6],csr-alg2,cuSPARSE-SpMM-CSR,candidate,,,csr,csr,CUSPARSE_SPMM_CSR_ALG2,library-preprocess,spmm.csr.fp32,fp32,A100-SXM4-80GB,A100-SXM4-80GB,,19500.0,df2405bf-ab33-5b32-9511-7da1122118f9,suitesparse_all,SNAP/roadNet-TX,roadNet-TX,1393383,1393383,3843320,16,row-major,N,N,1.0,0.0,20260922,main,pass,pass,0,0,122986240.0,0.430121,0.907417583466,1.33753858347,0.928923633466,135.5343363859426,91.94967645788178,132.39650232722977,0.6950478789022697,0.4715368023481116,0.6789564221909219,cuSPARSE 12.8.6,CUDA,13040,13000,2026-10-08T10:01:01.749282+00:00,source,csr-alg2,0,0,,,,5,20,4,true
3,full-20261009-A100-SXM4-80GB-spmm-fp32-cusparse-csr-alg2-n16-13.4.1,cuSPARSE-CUDA-13.4.1-SpMM-CSR-ALG2,cuSPARSE CUDA 13.4.1 SpMM CSR ALG2 [cuSPARSE 12.8.6],csr-alg2,cuSPARSE-SpMM-CSR,candidate,,,csr,csr,CUSPARSE_SPMM_CSR_ALG2,library-preprocess,spmm.csr.fp32,fp32,A100-SXM4-80GB,A100-SXM4-80GB,,19500.0,238ed034-08d6-5e0f-b7b4-c4d0b9e54f50,suitesparse_all,SNAP/soc-Slashdot0811,soc-Slashdot0811,77360,77360,905468,16,row-major,N,N,1.0,0.0,20260922,main,pass,pass,0,0,28974976.0,0.05057,0.243865609169,0.294435609169,0.246394109169,118.81534300279384,98.40853177296553,117.59605819198488,0.6093094512963786,0.5046591372972592,0.6030567086768456,cuSPARSE 12.8.6,CUDA,13040,13000,2026-10-07T14:50:15.711360+00:00,source,csr-alg2,0,0,,,,5,20,4,true
3,full-20261009-A100-SXM4-80GB-spmm-fp32-cusparse-csr-alg2-n16-13.4.1,cuSPARSE-CUDA-13.4.1-SpMM-CSR-ALG2,cuSPARSE CUDA 13.4.1 SpMM CSR ALG2 [cuSPARSE 12.8.6],csr-alg2,cuSPARSE-SpMM-CSR,candidate,,,csr,csr,CUSPARSE_SPMM_CSR_ALG2,library-preprocess,spmm.csr.fp32,fp32,A100-SXM4-80GB,A100-SXM4-80GB,,19500.0,df2405bf-ab33-5b32-9511-7da1122118f9,suitesparse_all,SNAP/soc-Slashdot0902,soc-Slashdot0902,82168,82168,948464,16,row-major,N,N,1.0,0.0,20260922,main,pass,pass,0,0,30350848.0,0.06204,0.116067194939,0.178107194939,0.119169194939,261.49376674392033,170.40775927325603,254.68702726015653,1.3409936756098477,0.8738859449910565,1.306087319282854,cuSPARSE 12.8.6,CUDA,13040,13000,2026-10-08T10:00:23.970227+00:00,source,csr-alg2,0,0,,,,5,20,4,true
3,full-20261009-A100-SXM4-80GB-spmm-fp32-cusparse-csr-alg2-n16-13.4.1,cuSPARSE-CUDA-13.4.1-SpMM-CSR-ALG2,cuSPARSE CUDA 13.4.1 SpMM CSR ALG2 [cuSPARSE 12.8.6],csr-alg2,cuSPARSE-SpMM-CSR,candidate,,,csr,csr,CUSPARSE_SPMM_CSR_ALG2,library-preprocess,spmm.csr.fp32,fp32,A100-SXM4-80GB,A100-SXM4-80GB,,19500.0,238ed034-08d6-5e0f-b7b4-c4d0b9e54f50,suitesparse_all,SNAP/soc-sign-Slashdot081106,soc-sign-Slashdot081106,77357,77357,516575,16,row-major,N,N,1.0,0.0,20260922,main,pass,pass,0,0,16530400.0,0.07225,0.104140794277,0.176390794277,0.107753294277,158.7312648685148,93.71464121898019,153.40969490459858,0.8140064865052041,0.4805879036870779,0.7867163841261465,cuSPARSE 12.8.6,CUDA,13040,13000,2026-10-07T14:52:25.916261+00:00,source,csr-alg2,0,0,,,,5,20,4,true
3,full-20261009-A100-SXM4-80GB-spmm-fp32-cusparse-csr-alg2-n16-13.4.1,cuSPARSE-CUDA-13.4.1-SpMM-CSR-ALG2,cuSPARSE CUDA 13.4.1 SpMM CSR ALG2 [cuSPARSE 12.8.6],csr-alg2,cuSPARSE-SpMM-CSR,candidate,,,csr,csr,CUSPARSE_SPMM_CSR_ALG2,library-preprocess,spmm.csr.fp32,fp32,A100-SXM4-80GB,A100-SXM4-80GB,,19500.0,df2405bf-ab33-5b32-9511-7da1122118f9,suitesparse_all,SNAP/soc-sign-Slashdot090216,soc-sign-Slashdot090216,81871,81871,545671,16,row-major,N,N,1.0,0.0,20260922,main,pass,pass,0,0,17461472.0,0.04332,0.0845311999321,0.127851199932,0.0866971999321,206.5683678218929,136.57652027737873,201.40756579999785,1.0593249631891943,0.7003924116788653,1.0328593117948608,cuSPARSE 12.8.6,CUDA,13040,13000,2026-10-08T10:01:04.804354+00:00,source,csr-alg2,0,0,,,,5,20,4,true
3,full-20261009-A100-SXM4-80GB-spmm-fp32-cusparse-csr-alg2-n16-13.4.1,cuSPARSE-CUDA-13.4.1-SpMM-CSR-ALG2,cuSPARSE CUDA 13.4.1 SpMM CSR ALG2 [cuSPARSE 12.8.6],csr-alg2,cuSPARSE-SpMM-CSR,candidate,,,csr,csr,CUSPARSE_SPMM_CSR_ALG2,library-preprocess,spmm.csr.fp32,fp32,A100-SXM4-80GB,A100-SXM4-80GB,,19500.0,238ed034-08d6-5e0f-b7b4-c4d0b9e54f50,suitesparse_all,SNAP/soc-sign-bitcoin-alpha,soc-sign-bitcoin-alpha,3783,3783,24186,16,row-major,N,N,1.0,0.0,20260922,main,pass,pass,0,0,773952.0,0.014721,0.0270336002111,0.0417546002111,0.0277696502111,28.62926114007616,18.535730101284827,27.870426675041024,0.14681672379526237,0.095055026160435,0.14292526500021038,cuSPARSE 12.8.6,CUDA,13040,13000,2026-10-07T15:58:45.877680+00:00,source,csr-alg2,0,0,,,,5,20,4,true
3,full-20261009-A100-SXM4-80GB-spmm-fp32-cusparse-csr-alg2-n16-13.4.1,cuSPARSE-CUDA-13.4.1-SpMM-CSR-ALG2,cuSPARSE CUDA 13.4.1 SpMM CSR ALG2 [cuSPARSE 12.8.6],csr-alg2,cuSPARSE-SpMM-CSR,candidate,,,csr,csr,CUSPARSE_SPMM_CSR_ALG2,library-preprocess,spmm.csr.fp32,fp32,A100-SXM4-80GB,A100-SXM4-80GB,,19500.0,df2405bf-ab33-5b32-9511-7da1122118f9,suitesparse_all,SNAP/soc-sign-bitcoin-otc,soc-sign-bitcoin-otc,5881,5881,35592,16,row-major,N,N,1.0,0.0,20260922,main,pass,pass,0,0,1138944.0,0.03253,0.026419198513,0.058949198513,0.028045698513,43.110467542744104,19.32077159198068,40.610291787600374,0.22107932073202105,0.09908087995887528,0.20825790660307883,cuSPARSE 12.8.6,CUDA,13040,13000,2026-10-08T11:24:26.358363+00:00,source,csr-alg2,0,0,,,,5,20,4,true
3,full-20261009-A100-SXM4-80GB-spmm-fp32-cusparse-csr-alg2-n16-13.4.1,cuSPARSE-CUDA-13.4.1-SpMM-CSR-ALG2,cuSPARSE CUDA 13.4.1 SpMM CSR ALG2 [cuSPARSE 12.8.6],csr-alg2,cuSPARSE-SpMM-CSR,candidate,,,csr,csr,CUSPARSE_SPMM_CSR_ALG2,library-preprocess,spmm.csr.fp32,fp32,A100-SXM4-80GB,A100-SXM4-80GB,,19500.0,2793479a-b9ba-5e32-964d-96d3a38ca48f,suitesparse_all,SNAP/sx-mathoverflow,sx-mathoverflow,24818,24818,239978,16,row-major,N,N,1.0,0.0,20260922,main,pass,pass,0,0,7679296.0,0.0198,0.0596895992756,0.0794895992756,0.0606795992756,128.65383740545823,96.60755708900932,126.55482388935184,0.6597632687459397,0.49542336968722733,0.648999096868471,cuSPARSE 12.8.6,CUDA,13040,13000,2026-10-07T10:17:48.752926+00:00,source,csr-alg2,0,0,,,,5,20,4,true
3,full-20261009-A100-SXM4-80GB-spmm-fp32-cusparse-csr-alg2-n16-13.4.1,cuSPARSE-CUDA-13.4.1-SpMM-CSR-ALG2,cuSPARSE CUDA 13.4.1 SpMM CSR ALG2 [cuSPARSE 12.8.6],csr-alg2,cuSPARSE-SpMM-CSR,candidate,,,csr,csr,CUSPARSE_SPMM_CSR_ALG2,library-preprocess,spmm.csr.fp32,fp32,A100-SXM4-80GB,A100-SXM4-80GB,,19500.0,238ed034-08d6-5e0f-b7b4-c4d0b9e54f50,suitesparse_all,SNAP/web-NotreDame,web-NotreDame,325729,325729,1497134,16,row-major,N,N,1.0,0.0,20260922,main,pass,pass,0,0,47908288.0,0.04496,0.665087985992,0.710047985992,0.667335985992,72.0330076757337,67.47190182233652,71.79035599104395,0.3694000393627369,0.3460097529350591,0.36815567174894337,cuSPARSE 12.8.6,CUDA,13040,13000,2026-10-07T14:52:02.094699+00:00,source,csr-alg2,0,0,,,,5,20,4,true
3,full-20261009-A100-SXM4-80GB-spmm-fp32-cusparse-csr-alg2-n16-13.4.1,cuSPARSE-CUDA-13.4.1-SpMM-CSR-ALG2,cuSPARSE CUDA 13.4.1 SpMM CSR ALG2 [cuSPARSE 12.8.6],csr-alg2,cuSPARSE-SpMM-CSR,candidate,,,csr,csr,CUSPARSE_SPMM_CSR_ALG2,library-preprocess,spmm.csr.fp32,fp32,A100-SXM4-80GB,A100-SXM4-80GB,,19500.0,df2405bf-ab33-5b32-9511-7da1122118f9,suitesparse_all,SNAP/web-Stanford,web-Stanford,281903,281903,2312497,16,row-major,N,N,1.0,0.0,20260922,main,pass,pass,0,0,73999904.0,0.05519,0.383078408241,0.438268408241,0.385837908241,193.17169124667979,168.84608292210763,191.7901336790852,0.990624057675281,0.8658773483185006,0.9835391470722318,cuSPARSE 12.8.6,CUDA,13040,13000,2026-10-08T10:00:35.053025+00:00,source,csr-alg2,0,0,,,,5,20,4,true
3,full-20261009-A100-SXM4-80GB-spmm-fp32-cusparse-csr-alg2-n16-13.4.1,cuSPARSE-CUDA-13.4.1-SpMM-CSR-ALG2,cuSPARSE CUDA 13.4.1 SpMM CSR ALG2 [cuSPARSE 12.8.6],csr-alg2,cuSPARSE-SpMM-CSR,candidate,,,csr,csr,CUSPARSE_SPMM_CSR_ALG2,library-preprocess,spmm.csr.fp32,fp32,A100-SXM4-80GB,A100-SXM4-80GB,,19500.0,238ed034-08d6-5e0f-b7b4-c4d0b9e54f50,suitesparse_all,SNAP/wiki-talk-temporal,wiki-talk-temporal,1140149,1140149,3309592,16,row-major,N,N,1.0,0.0,20260922,main,pass,pass,0,0,105906944.0,2.192751,0.856934356689,3.04968535669,0.966571906689,123.58816421971973,34.72717071211141,109.56964843183277,0.6337854575370242,0.17808805493390464,0.5618956329837578,cuSPARSE 12.8.6,CUDA,13040,13000,2026-10-07T15:59:10.656237+00:00,source,csr-alg2,0,0,,,,5,20,4,true
3,full-20261009-A100-SXM4-80GB-spmm-fp32-cusparse-csr-alg2-n16-13.4.1,cuSPARSE-CUDA-13.4.1-SpMM-CSR-ALG2,cuSPARSE CUDA 13.4.1 SpMM CSR ALG2 [cuSPARSE 12.8.6],csr-alg2,cuSPARSE-SpMM-CSR,candidate,,,csr,csr,CUSPARSE_SPMM_CSR_ALG2,library-preprocess,spmm.csr.fp32,fp32,A100-SXM4-80GB,A100-SXM4-80GB,,19500.0,df2405bf-ab33-5b32-9511-7da1122118f9,suitesparse_all,SNAP/wiki-topcats,wiki-topcats,1791489,1791489,28511807,16,row-major,N,N,1.0,0.0,20260922,main,pass,pass,0,0,912377824.0,1.07055,4.28354568481,5.35409568481,4.33707318481,212.99593634203748,170.40745584515594,210.36717277344482,1.0922868530360896,0.8738843889495177,1.078806014222794,cuSPARSE 12.8.6,CUDA,13040,13000,2026-10-08T11:26:02.275448+00:00,source,csr-alg2,0,0,,,,5,20,4,true
3,full-20261009-A100-SXM4-80GB-spmm-fp32-cusparse-csr-alg2-n16-13.4.1,cuSPARSE-CUDA-13.4.1-SpMM-CSR-ALG2,cuSPARSE CUDA 13.4.1 SpMM CSR ALG2 [cuSPARSE 12.8.6],csr-alg2,cuSPARSE-SpMM-CSR,candidate,,,csr,csr,CUSPARSE_SPMM_CSR_ALG2,library-preprocess,spmm.csr.fp32,fp32,A100-SXM4-80GB,A100-SXM4-80GB,,19500.0,df2405bf-ab33-5b32-9511-7da1122118f9,suitesparse_all,Sandia/ASIC_100k,ASIC_100k,99340,99340,954163,16,row-major,N,N,1.0,0.0,20260922,main,pass,pass,0,0,30533216.0,0.05817,0.147609603405,0.205779603405,0.150518103405,206.85114854096102,148.37824300743165,202.85411063042753,1.060775120722877,0.7609140667047777,1.040277490412449,cuSPARSE 12.8.6,CUDA,13040,13000,2026-10-08T09:40:11.579437+00:00,source,csr-alg2,0,0,,,,5,20,4,true
3,full-20261009-A100-SXM4-80GB-spmm-fp32-cusparse-csr-alg2-n16-13.4.1,cuSPARSE-CUDA-13.4.1-SpMM-CSR-ALG2,cuSPARSE CUDA 13.4.1 SpMM CSR ALG2 [cuSPARSE 12.8.6],csr-alg2,cuSPARSE-SpMM-CSR,candidate,,,csr,csr,CUSPARSE_SPMM_CSR_ALG2,library-preprocess,spmm.csr.fp32,fp32,A100-SXM4-80GB,A100-SXM4-80GB,,19500.0,2793479a-b9ba-5e32-964d-96d3a38ca48f,suitesparse_all,Sandia/ASIC_320k,ASIC_320k,321821,321821,2635364,16,row-major,N,N,1.0,0.0,20260922,main,pass,pass,0,0,84331648.0,0.08143,0.479231977463,0.560661977463,0.483303477463,175.9724975917555,150.41442328870133,174.4900501082286,0.9024230645731052,0.771356016865135,0.8948207697857877,cuSPARSE 12.8.6,CUDA,13040,13000,2026-10-07T09:01:07.304301+00:00,source,csr-alg2,0,0,,,,5,20,4,true
3,full-20261009-A100-SXM4-80GB-spmm-fp32-cusparse-csr-alg2-n16-13.4.1,cuSPARSE-CUDA-13.4.1-SpMM-CSR-ALG2,cuSPARSE CUDA 13.4.1 SpMM CSR ALG2 [cuSPARSE 12.8.6],csr-alg2,cuSPARSE-SpMM-CSR,candidate,,,csr,csr,CUSPARSE_SPMM_CSR_ALG2,library-preprocess,spmm.csr.fp32,fp32,A100-SXM4-80GB,A100-SXM4-80GB,,19500.0,2793479a-b9ba-5e32-964d-96d3a38ca48f,suitesparse_all,Sandia/adder_dcop_02,adder_dcop_02,1813,1813,11246,16,row-major,N,N,1.0,0.0,20260922,main,pass,pass,0,0,359872.0,0.01433,0.0222207993269,0.0365507993269,0.0229372993269,16.19527698827409,9.845803829935612,15.689379768347692,0.0830527025039697,0.0504913016919775,0.08045835778639841,cuSPARSE 12.8.6,CUDA,13040,13000,2026-10-07T08:55:59.440167+00:00,source,csr-alg2,0,0,,,,5,20,4,true
3,full-20261009-A100-SXM4-80GB-spmm-fp32-cusparse-csr-alg2-n16-13.4.1,cuSPARSE-CUDA-13.4.1-SpMM-CSR-ALG2,cuSPARSE CUDA 13.4.1 SpMM CSR ALG2 [cuSPARSE 12.8.6],csr-alg2,cuSPARSE-SpMM-CSR,candidate,,,csr,csr,CUSPARSE_SPMM_CSR_ALG2,library-preprocess,spmm.csr.fp32,fp32,A100-SXM4-80GB,A100-SXM4-80GB,,19500.0,238ed034-08d6-5e0f-b7b4-c4d0b9e54f50,suitesparse_all,Sandia/adder_dcop_07,adder_dcop_07,1813,1813,11226,16,row-major,N,N,1.0,0.0,20260922,main,pass,pass,0,0,359232.0,0.0125,0.0226815998554,0.0351815998554,0.0233065998554,15.838036218352322,10.210792046879064,15.41331649527454,0.08122069855565293,0.05236303613784135,0.07904264869371558,cuSPARSE 12.8.6,CUDA,13040,13000,2026-10-07T14:31:06.960659+00:00,source,csr-alg2,0,0,,,,5,20,4,true
3,full-20261009-A100-SXM4-80GB-spmm-fp32-cusparse-csr-alg2-n16-13.4.1,cuSPARSE-CUDA-13.4.1-SpMM-CSR-ALG2,cuSPARSE CUDA 13.4.1 SpMM CSR ALG2 [cuSPARSE 12.8.6],csr-alg2,cuSPARSE-SpMM-CSR,candidate,,,csr,csr,CUSPARSE_SPMM_CSR_ALG2,library-preprocess,spmm.csr.fp32,fp32,A100-SXM4-80GB,A100-SXM4-80GB,,19500.0,df2405bf-ab33-5b32-9511-7da1122118f9,suitesparse_all,Sandia/adder_dcop_08,adder_dcop_08,1813,1813,11242,16,row-major,N,N,1.0,0.0,20260922,main,pass,pass,0,0,359744.0,0.012811,0.0181247994304,0.0309357994304,0.0187653494304,19.84816446556731,11.628728095724808,19.1706528745589,0.10178545879778109,0.05963450305499901,0.09831104038235333,cuSPARSE 12.8.6,CUDA,13040,13000,2026-10-08T09:37:43.791401+00:00,source,csr-alg2,0,0,,,,5,20,4,true
3,full-20261009-A100-SXM4-80GB-spmm-fp32-cusparse-csr-alg2-n16-13.4.1,cuSPARSE-CUDA-13.4.1-SpMM-CSR-ALG2,cuSPARSE CUDA 13.4.1 SpMM CSR ALG2 [cuSPARSE 12.8.6],csr-alg2,cuSPARSE-SpMM-CSR,candidate,,,csr,csr,CUSPARSE_SPMM_CSR_ALG2,library-preprocess,spmm.csr.fp32,fp32,A100-SXM4-80GB,A100-SXM4-80GB,,19500.0,2793479a-b9ba-5e32-964d-96d3a38ca48f,suitesparse_all,Sandia/adder_dcop_10,adder_dcop_10,1813,1813,11232,16,row-major,N,N,1.0,0.0,20260922,main,pass,pass,0,0,359424.0,0.014211,0.0223232001066,0.0365342001066,0.0230337501066,16.10091735430593,9.83801476291441,15.604232846869868,0.08256880694515861,0.05045135775853544,0.08002170690702497,cuSPARSE 12.8.6,CUDA,13040,13000,2026-10-07T08:56:00.050722+00:00,source,csr-alg2,0,0,,,,5,20,4,true
3,full-20261009-A100-SXM4-80GB-spmm-fp32-cusparse-csr-alg2-n16-13.4.1,cuSPARSE-CUDA-13.4.1-SpMM-CSR-ALG2,cuSPARSE CUDA 13.4.1 SpMM CSR ALG2 [cuSPARSE 12.8.6],csr-alg2,cuSPARSE-SpMM-CSR,candidate,,,csr,csr,CUSPARSE_SPMM_CSR_ALG2,library-preprocess,spmm.csr.fp32,fp32,A100-SXM4-80GB,A100-SXM4-80GB,,19500.0,238ed034-08d6-5e0f-b7b4-c4d0b9e54f50,suitesparse_all,Sandia/adder_dcop_15,adder_dcop_15,1813,1813,11246,16,row-major,N,N,1.0,0.0,20260922,main,pass,pass,0,0,359872.0,0.01367,0.0231935992837,0.0368635992837,0.0238770992837,15.516004894199877,9.762258894755423,15.071847535754525,0.07956925586769167,0.05006286612695089,0.07729152582438219,cuSPARSE 12.8.6,CUDA,13040,13000,2026-10-07T14:31:07.609326+00:00,source,csr-alg2,0,0,,,,5,20,4,true
3,full-20261009-A100-SXM4-80GB-spmm-fp32-cusparse-csr-alg2-n16-13.4.1,cuSPARSE-CUDA-13.4.1-SpMM-CSR-ALG2,cuSPARSE CUDA 13.4.1 SpMM CSR ALG2 [cuSPARSE 12.8.6],csr-alg2,cuSPARSE-SpMM-CSR,candidate,,,csr,csr,CUSPARSE_SPMM_CSR_ALG2,library-preprocess,spmm.csr.fp32,fp32,A100-SXM4-80GB,A100-SXM4-80GB,,19500.0,df2405bf-ab33-5b32-9511-7da1122118f9,suitesparse_all,Sandia/adder_dcop_16,adder_dcop_16,1813,1813,11246,16,row-major,N,N,1.0,0.0,20260922,main,pass,pass,0,0,359872.0,0.01296,0.0180736005306,0.0310336005306,0.0187216005306,19.911472503262917,11.596205204908664,19.222288148483777,0.10211011540134829,0.059467718999531606,0.09857583665889115,cuSPARSE 12.8.6,CUDA,13040,13000,2026-10-08T09:37:44.352763+00:00,source,csr-alg2,0,0,,,,5,20,4,true
3,full-20261009-A100-SXM4-80GB-spmm-fp32-cusparse-csr-alg2-n16-13.4.1,cuSPARSE-CUDA-13.4.1-SpMM-CSR-ALG2,cuSPARSE CUDA 13.4.1 SpMM CSR ALG2 [cuSPARSE 12.8.6],csr-alg2,cuSPARSE-SpMM-CSR,candidate,,,csr,csr,CUSPARSE_SPMM_CSR_ALG2,library-preprocess,spmm.csr.fp32,fp32,A100-SXM4-80GB,A100-SXM4-80GB,,19500.0,2793479a-b9ba-5e32-964d-96d3a38ca48f,suitesparse_all,Sandia/adder_dcop_18,adder_dcop_18,1813,1813,11246,16,row-major,N,N,1.0,0.0,20260922,main,pass,pass,0,0,359872.0,0.014,0.0222719997168,0.0362719997168,0.0229719997168,16.158046182469413,9.921482212443863,15.665680151337307,0.08286177529471493,0.05087939596125058,0.08033682128890927,cuSPARSE 12.8.6,CUDA,13040,13000,2026-10-07T08:56:00.680210+00:00,source,csr-alg2,0,0,,,,5,20,4,true
3,full-20261009-A100-SXM4-80GB-spmm-fp32-cusparse-csr-alg2-n16-13.4.1,cuSPARSE-CUDA-13.4.1-SpMM-CSR-ALG2,cuSPARSE CUDA 13.4.1 SpMM CSR ALG2 [cuSPARSE 12.8.6],csr-alg2,cuSPARSE-SpMM-CSR,candidate,,,csr,csr,CUSPARSE_SPMM_CSR_ALG2,library-preprocess,spmm.csr.fp32,fp32,A100-SXM4-80GB,A100-SXM4-80GB,,19500.0,238ed034-08d6-5e0f-b7b4-c4d0b9e54f50,suitesparse_all,Sandia/adder_dcop_23,adder_dcop_23,1813,1813,11246,16,row-major,N,N,1.0,0.0,20260922,main,pass,pass,0,0,359872.0,0.01294,0.0231424003839,0.0360824003839,0.0237894003839,15.55033160044886,9.973615839609584,15.127409442549519,0.0797452902587121,0.05114674789543376,0.07757645867974113,cuSPARSE 12.8.6,CUDA,13040,13000,2026-10-07T14:31:08.317806+00:00,source,csr-alg2,0,0,,,,5,20,4,true
3,full-20261009-A100-SXM4-80GB-spmm-fp32-cusparse-csr-alg2-n16-13.4.1,cuSPARSE-CUDA-13.4.1-SpMM-CSR-ALG2,cuSPARSE CUDA 13.4.1 SpMM CSR ALG2 [cuSPARSE 12.8.6],csr-alg2,cuSPARSE-SpMM-CSR,candidate,,,csr,csr,CUSPARSE_SPMM_CSR_ALG2,library-preprocess,spmm.csr.fp32,fp32,A100-SXM4-80GB,A100-SXM4-80GB,,19500.0,df2405bf-ab33-5b32-9511-7da1122118f9,suitesparse_all,Sandia/adder_dcop_24,adder_dcop_24,1813,1813,11246,16,row-major,N,N,1.0,0.0,20260922,main,pass,pass,0,0,359872.0,0.0145,0.0222207993269,0.0367207993269,0.0229457993269,16.19527698827409,9.800222397021026,15.683567823157594,0.0830527025039697,0.05025755075395398,0.0804285529392697,cuSPARSE 12.8.6,CUDA,13040,13000,2026-10-08T09:37:44.933110+00:00,source,csr-alg2,0,0,,,,5,20,4,true
3,full-20261009-A100-SXM4-80GB-spmm-fp32-cusparse-csr-alg2-n16-13.4.1,cuSPARSE-CUDA-13.4.1-SpMM-CSR-ALG2,cuSPARSE CUDA 13.4.1 SpMM CSR ALG2 [cuSPARSE 12.8.6],csr-alg2,cuSPARSE-SpMM-CSR,candidate,,,csr,csr,CUSPARSE_SPMM_CSR_ALG2,library-preprocess,spmm.csr.fp32,fp32,A100-SXM4-80GB,A100-SXM4-80GB,,19500.0,2793479a-b9ba-5e32-964d-96d3a38ca48f,suitesparse_all,Sandia/adder_dcop_26,adder_dcop_26,1813,1813,11246,16,row-major,N,N,1.0,0.0,20260922,main,pass,pass,0,0,359872.0,0.01422,0.0222719997168,0.0364919997168,0.0229829997168,16.158046182469413,9.86166838739517,15.658182327563733,0.08286177529471493,0.050572658396898305,0.08029837091058326,cuSPARSE 12.8.6,CUDA,13040,13000,2026-10-07T08:56:01.319542+00:00,source,csr-alg2,0,0,,,,5,20,4,true
3,full-20261009-A100-SXM4-80GB-spmm-fp32-cusparse-csr-alg2-n16-13.4.1,cuSPARSE-CUDA-13.4.1-SpMM-CSR-ALG2,cuSPARSE CUDA 13.4.1 SpMM CSR ALG2 [cuSPARSE 12.8.6],csr-alg2,cuSPARSE-SpMM-CSR,candidate,,,csr,csr,CUSPARSE_SPMM_CSR_ALG2,library-preprocess,spmm.csr.fp32,fp32,A100-SXM4-80GB,A100-SXM4-80GB,,19500.0,238ed034-08d6-5e0f-b7b4-c4d0b9e54f50,suitesparse_all,Sandia/adder_dcop_31,adder_dcop_31,1813,1813,11246,16,row-major,N,N,1.0,0.0,20260922,main,pass,pass,0,0,359872.0,0.01273,0.0231424003839,0.0358724003839,0.0237789003839,15.55033160044886,10.032002211971163,15.134089221537714,0.0797452902587121,0.0514461651895957,0.07761071395660367,cuSPARSE 12.8.6,CUDA,13040,13000,2026-10-07T14:31:09.174775+00:00,source,csr-alg2,0,0,,,,5,20,4,true
3,full-20261009-A100-SXM4-80GB-spmm-fp32-cusparse-csr-alg2-n16-13.4.1,cuSPARSE-CUDA-13.4.1-SpMM-CSR-ALG2,cuSPARSE CUDA 13.4.1 SpMM CSR ALG2 [cuSPARSE 12.8.6],csr-alg2,cuSPARSE-SpMM-CSR,candidate,,,csr,csr,CUSPARSE_SPMM_CSR_ALG2,library-preprocess,spmm.csr.fp32,fp32,A100-SXM4-80GB,A100-SXM4-80GB,,19500.0,df2405bf-ab33-5b32-9511-7da1122118f9,suitesparse_all,Sandia/adder_dcop_32,adder_dcop_32,1813,1813,11246,16,row-major,N,N,1.0,0.0,20260922,main,pass,pass,0,0,359872.0,0.01334,0.0221696004272,0.0355096004272,0.0228366004272,16.232678671036,10.134498717826789,15.758562713711411,0.0832445060053128,0.05197178829654764,0.08081314212159697,cuSPARSE 12.8.6,CUDA,13040,13000,2026-10-08T09:37:45.500390+00:00,source,csr-alg2,0,0,,,,5,20,4,true
3,full-20261009-A100-SXM4-80GB-spmm-fp32-cusparse-csr-alg2-n16-13.4.1,cuSPARSE-CUDA-13.4.1-SpMM-CSR-ALG2,cuSPARSE CUDA 13.4.1 SpMM CSR ALG2 [cuSPARSE 12.8.6],csr-alg2,cuSPARSE-SpMM-CSR,candidate,,,csr,csr,CUSPARSE_SPMM_CSR_ALG2,library-preprocess,spmm.csr.fp32,fp32,A100-SXM4-80GB,A100-SXM4-80GB,,19500.0,2793479a-b9ba-5e32-964d-96d3a38ca48f,suitesparse_all,Sandia/adder_dcop_34,adder_dcop_34,1813,1813,11246,16,row-major,N,N,1.0,0.0,20260922,main,pass,pass,0,0,359872.0,0.01416,0.0222719997168,0.0364319997168,0.0229799997168,16.158046182469413,9.877909606868247,15.660226476717849,0.08286177529471493,0.050655946701888444,0.0803088537267582,cuSPARSE 12.8.6,CUDA,13040,13000,2026-10-07T08:56:01.948936+00:00,source,csr-alg2,0,0,,,,5,20,4,true
3,full-20261009-A100-SXM4-80GB-spmm-fp32-cusparse-csr-alg2-n16-13.4.1,cuSPARSE-CUDA-13.4.1-SpMM-CSR-ALG2,cuSPARSE CUDA 13.4.1 SpMM CSR ALG2 [cuSPARSE 12.8.6],csr-alg2,cuSPARSE-SpMM-CSR,candidate,,,csr,csr,CUSPARSE_SPMM_CSR_ALG2,library-preprocess,spmm.csr.fp32,fp32,A100-SXM4-80GB,A100-SXM4-80GB,,19500.0,238ed034-08d6-5e0f-b7b4-c4d0b9e54f50,suitesparse_all,Sandia/adder_dcop_39,adder_dcop_39,1813,1813,11246,16,row-major,N,N,1.0,0.0,20260922,main,pass,pass,0,0,359872.0,0.01272,0.0231424003839,0.0358624003839,0.0237784003839,15.55033160044886,10.034799571351623,15.134407453398925,0.0797452902587121,0.05146051062231602,0.0776123459148663,cuSPARSE 12.8.6,CUDA,13040,13000,2026-10-07T14:31:09.818644+00:00,source,csr-alg2,0,0,,,,5,20,4,true
3,full-20261009-A100-SXM4-80GB-spmm-fp32-cusparse-csr-alg2-n16-13.4.1,cuSPARSE-CUDA-13.4.1-SpMM-CSR-ALG2,cuSPARSE CUDA 13.4.1 SpMM CSR ALG2 [cuSPARSE 12.8.6],csr-alg2,cuSPARSE-SpMM-CSR,candidate,,,csr,csr,CUSPARSE_SPMM_CSR_ALG2,library-preprocess,spmm.csr.fp32,fp32,A100-SXM4-80GB,A100-SXM4-80GB,,19500.0,df2405bf-ab33-5b32-9511-7da1122118f9,suitesparse_all,Sandia/adder_dcop_40,adder_dcop_40,1813,1813,11246,16,row-major,N,N,1.0,0.0,20260922,main,pass,pass,0,0,359872.0,0.015511,0.0221696004272,0.0376806004272,0.0229451504272,16.232678671036,9.550590912033979,15.684011361869082,0.0832445060053128,0.048977389292481945,0.08043082749676453,cuSPARSE 12.8.6,CUDA,13040,13000,2026-10-08T09:37:46.094565+00:00,source,csr-alg2,0,0,,,,5,20,4,true
3,full-20261009-A100-SXM4-80GB-spmm-fp32-cusparse-csr-alg2-n16-13.4.1,cuSPARSE-CUDA-13.4.1-SpMM-CSR-ALG2,cuSPARSE CUDA 13.4.1 SpMM CSR ALG2 [cuSPARSE 12.8.6],csr-alg2,cuSPARSE-SpMM-CSR,candidate,,,csr,csr,CUSPARSE_SPMM_CSR_ALG2,library-preprocess,spmm.csr.fp32,fp32,A100-SXM4-80GB,A100-SXM4-80GB,,19500.0,2793479a-b9ba-5e32-964d-96d3a38ca48f,suitesparse_all,Sandia/adder_dcop_42,adder_dcop_42,1813,1813,11246,16,row-major,N,N,1.0,0.0,20260922,main,pass,pass,0,0,359872.0,0.01417,0.0222719997168,0.0364419997168,0.0229804997168,16.158046182469413,9.875199023013456,15.65988574812905,0.08286177529471493,0.050642046271863875,0.0803071064006618,cuSPARSE 12.8.6,CUDA,13040,13000,2026-10-07T08:56:02.741651+00:00,source,csr-alg2,0,0,,,,5,20,4,true
3,full-20261009-A100-SXM4-80GB-spmm-fp32-cusparse-csr-alg2-n16-13.4.1,cuSPARSE-CUDA-13.4.1-SpMM-CSR-ALG2,cuSPARSE CUDA 13.4.1 SpMM CSR ALG2 [cuSPARSE 12.8.6],csr-alg2,cuSPARSE-SpMM-CSR,candidate,,,csr,csr,CUSPARSE_SPMM_CSR_ALG2,library-preprocess,spmm.csr.fp32,fp32,A100-SXM4-80GB,A100-SXM4-80GB,,19500.0,238ed034-08d6-5e0f-b7b4-c4d0b9e54f50,suitesparse_all,Sandia/adder_dcop_47,adder_dcop_47,1813,1813,11246,16,row-major,N,N,1.0,0.0,20260922,main,pass,pass,0,0,359872.0,0.01289,0.0230399996042,0.0359299996042,0.0236844996042,15.619444712768063,10.0159199544754,15.194410100021004,0.08009971647573366,0.051363692074232824,0.07792005179497952,cuSPARSE 12.8.6,CUDA,13040,13000,2026-10-07T14:31:10.447162+00:00,source,csr-alg2,0,0,,,,5,20,4,true
3,full-20261009-A100-SXM4-80GB-spmm-fp32-cusparse-csr-alg2-n16-13.4.1,cuSPARSE-CUDA-13.4.1-SpMM-CSR-ALG2,cuSPARSE CUDA 13.4.1 SpMM CSR ALG2 [cuSPARSE 12.8.6],csr-alg2,cuSPARSE-SpMM-CSR,candidate,,,csr,csr,CUSPARSE_SPMM_CSR_ALG2,library-preprocess,spmm.csr.fp32,fp32,A100-SXM4-80GB,A100-SXM4-80GB,,19500.0,df2405bf-ab33-5b32-9511-7da1122118f9,suitesparse_all,Sandia/adder_dcop_48,adder_dcop_48,1813,1813,11246,16,row-major,N,N,1.0,0.0,20260922,main,pass,pass,0,0,359872.0,0.012549,0.0222207993269,0.0347697993269,0.0228482493269,16.19527698827409,10.350131636266921,15.750528403780624,0.0830527025039697,0.053077598134702156,0.08077194053220833,cuSPARSE 12.8.6,CUDA,13040,13000,2026-10-08T09:37:46.699688+00:00,source,csr-alg2,0,0,,,,5,20,4,true
3,full-20261009-A100-SXM4-80GB-spmm-fp32-cusparse-csr-alg2-n16-13.4.1,cuSPARSE-CUDA-13.4.1-SpMM-CSR-ALG2,cuSPARSE CUDA 13.4.1 SpMM CSR ALG2 [cuSPARSE 12.8.6],csr-alg2,cuSPARSE-SpMM-CSR,candidate,,,csr,csr,CUSPARSE_SPMM_CSR_ALG2,library-preprocess,spmm.csr.fp32,fp32,A100-SXM4-80GB,A100-SXM4-80GB,,19500.0,2793479a-b9ba-5e32-964d-96d3a38ca48f,suitesparse_all,Sandia/adder_dcop_50,adder_dcop_50,1813,1813,11246,16,row-major,N,N,1.0,0.0,20260922,main,pass,pass,0,0,359872.0,0.01417,0.0222719997168,0.0364419997168,0.0229804997168,16.158046182469413,9.875199023013456,15.65988574812905,0.08286177529471493,0.050642046271863875,0.0803071064006618,cuSPARSE 12.8.6,CUDA,13040,13000,2026-10-07T08:56:03.413011+00:00,source,csr-alg2,0,0,,,,5,20,4,true
3,full-20261009-A100-SXM4-80GB-spmm-fp32-cusparse-csr-alg2-n16-13.4.1,cuSPARSE-CUDA-13.4.1-SpMM-CSR-ALG2,cuSPARSE CUDA 13.4.1 SpMM CSR ALG2 [cuSPARSE 12.8.6],csr-alg2,cuSPARSE-SpMM-CSR,candidate,,,csr,csr,CUSPARSE_SPMM_CSR_ALG2,library-preprocess,spmm.csr.fp32,fp32,A100-SXM4-80GB,A100-SXM4-80GB,,19500.0,238ed034-08d6-5e0f-b7b4-c4d0b9e54f50,suitesparse_all,Sandia/adder_dcop_55,adder_dcop_55,1813,1813,11246,16,row-major,N,N,1.0,0.0,20260922,main,pass,pass,0,0,359872.0,0.01314,0.0230911999941,0.0362311999941,0.0237481999941,15.584811533915534,9.932654730138738,15.153653754364816,0.07992211043033606,0.0509366909237884,0.07771104489417854,cuSPARSE 12.8.6,CUDA,13040,13000,2026-10-07T14:31:11.117978+00:00,source,csr-alg2,0,0,,,,5,20,4,true
3,full-20261009-A100-SXM4-80GB-spmm-fp32-cusparse-csr-alg2-n16-13.4.1,cuSPARSE-CUDA-13.4.1-SpMM-CSR-ALG2,cuSPARSE CUDA 13.4.1 SpMM CSR ALG2 [cuSPARSE 12.8.6],csr-alg2,cuSPARSE-SpMM-CSR,candidate,,,csr,csr,CUSPARSE_SPMM_CSR_ALG2,library-preprocess,spmm.csr.fp32,fp32,A100-SXM4-80GB,A100-SXM4-80GB,,19500.0,df2405bf-ab33-5b32-9511-7da1122118f9,suitesparse_all,Sandia/adder_dcop_56,adder_dcop_56,1813,1813,11246,16,row-major,N,N,1.0,0.0,20260922,main,pass,pass,0,0,359872.0,0.01474,0.0221696004272,0.0369096004272,0.0229066004272,16.232678671036,9.750092004106268,15.710406314709054,0.0832445060053128,0.05000047181592958,0.08056618622927719,cuSPARSE 12.8.6,CUDA,13040,13000,2026-10-08T09:37:47.515689+00:00,source,csr-alg2,0,0,,,,5,20,4,true
3,full-20261009-A100-SXM4-80GB-spmm-fp32-cusparse-csr-alg2-n16-13.4.1,cuSPARSE-CUDA-13.4.1-SpMM-CSR-ALG2,cuSPARSE CUDA 13.4.1 SpMM CSR ALG2 [cuSPARSE 12.8.6],csr-alg2,cuSPARSE-SpMM-CSR,candidate,,,csr,csr,CUSPARSE_SPMM_CSR_ALG2,library-preprocess,spmm.csr.fp32,fp32,A100-SXM4-80GB,A100-SXM4-80GB,,19500.0,2793479a-b9ba-5e32-964d-96d3a38ca48f,suitesparse_all,Sandia/adder_dcop_58,adder_dcop_58,1813,1813,11246,16,row-major,N,N,1.0,0.0,20260922,main,pass,pass,0,0,359872.0,0.01761,0.0222719997168,0.0398819997168,0.0231524997168,16.158046182469413,9.023419150379425,15.543548403063726,0.08286177529471493,0.04627394436092013,0.07971050463109602,cuSPARSE 12.8.6,CUDA,13040,13000,2026-10-07T08:56:04.269158+00:00,source,csr-alg2,0,0,,,,5,20,4,true
3,full-20261009-A100-SXM4-80GB-spmm-fp32-cusparse-csr-alg2-n16-13.4.1,cuSPARSE-CUDA-13.4.1-SpMM-CSR-ALG2,cuSPARSE CUDA 13.4.1 SpMM CSR ALG2 [cuSPARSE 12.8.6],csr-alg2,cuSPARSE-SpMM-CSR,candidate,,,csr,csr,CUSPARSE_SPMM_CSR_ALG2,library-preprocess,spmm.csr.fp32,fp32,A100-SXM4-80GB,A100-SXM4-80GB,,19500.0,238ed034-08d6-5e0f-b7b4-c4d0b9e54f50,suitesparse_all,Sandia/adder_dcop_63,adder_dcop_63,1813,1813,11246,16,row-major,N,N,1.0,0.0,20260922,main,pass,pass,0,0,359872.0,0.01387,0.0231935992837,0.0370635992837,0.0238870992837,15.516004894199877,9.709580476666394,15.065537917597565,0.07956925586769167,0.049792720393161,0.07725916880819264,cuSPARSE 12.8.6,CUDA,13040,13000,2026-10-07T14:31:11.773123+00:00,source,csr-alg2,0,0,,,,5,20,4,true
3,full-20261009-A100-SXM4-80GB-spmm-fp32-cusparse-csr-alg2-n16-13.4.1,cuSPARSE-CUDA-13.4.1-SpMM-CSR-ALG2,cuSPARSE CUDA 13.4.1 SpMM CSR ALG2 [cuSPARSE 12.8.6],csr-alg2,cuSPARSE-SpMM-CSR,candidate,,,csr,csr,CUSPARSE_SPMM_CSR_ALG2,library-preprocess,spmm.csr.fp32,fp32,A100-SXM4-80GB,A100-SXM4-80GB,,19500.0,df2405bf-ab33-5b32-9511-7da1122118f9,suitesparse_all,Sandia/adder_dcop_64,adder_dcop_64,1813,1813,11246,16,row-major,N,N,1.0,0.0,20260922,main,pass,pass,0,0,359872.0,0.01282,0.0226815998554,0.0355015998554,0.0233225998554,15.866252922821149,10.136782608833933,15.430183694408194,0.08136539960421102,0.05198350055812273,0.07912914715081126,cuSPARSE 12.8.6,CUDA,13040,13000,2026-10-08T09:37:48.210735+00:00,source,csr-alg2,0,0,,,,5,20,4,true
3,full-20261009-A100-SXM4-80GB-spmm-fp32-cusparse-csr-alg2-n16-13.4.1,cuSPARSE-CUDA-13.4.1-SpMM-CSR-ALG2,cuSPARSE CUDA 13.4.1 SpMM CSR ALG2 [cuSPARSE 12.8.6],csr-alg2,cuSPARSE-SpMM-CSR,candidate,,,csr,csr,CUSPARSE_SPMM_CSR_ALG2,library-preprocess,spmm.csr.fp32,fp32,A100-SXM4-80GB,A100-SXM4-80GB,,19500.0,2793479a-b9ba-5e32-964d-96d3a38ca48f,suitesparse_all,Sandia/adder_dcop_66,adder_dcop_66,1813,1813,11246,16,row-major,N,N,1.0,0.0,20260922,main,pass,pass,0,0,359872.0,0.01509,0.0222207993269,0.0373107993269,0.0229752993269,16.19527698827409,9.645250342855634,15.663430316168013,0.0830527025039697,0.04946282227105453,0.08032528367265647,cuSPARSE 12.8.6,CUDA,13040,13000,2026-10-07T08:56:05.083331+00:00,source,csr-alg2,0,0,,,,5,20,4,true
3,full-20261009-A100-SXM4-80GB-spmm-fp32-cusparse-csr-alg2-n16-13.4.1,cuSPARSE-CUDA-13.4.1-SpMM-CSR-ALG2,cuSPARSE CUDA 13.4.1 SpMM CSR ALG2 [cuSPARSE 12.8.6],csr-alg2,cuSPARSE-SpMM-CSR,candidate,,,csr,csr,CUSPARSE_SPMM_CSR_ALG2,library-preprocess,spmm.csr.fp32,fp32,A100-SXM4-80GB,A100-SXM4-80GB,,19500.0,238ed034-08d6-5e0f-b7b4-c4d0b9e54f50,suitesparse_all,Sandia/adder_trans_02,adder_trans_02,1814,1814,14579,16,row-major,N,N,1.0,0.0,20260922,main,pass,pass,0,0,466528.0,0.01335,0.0226815998554,0.0360315998554,0.0233490998554,20.568566722551086,12.947745919477462,19.98055611947306,0.10547982934641581,0.06639869702296135,0.10246439035627211,cuSPARSE 12.8.6,CUDA,13040,13000,2026-10-07T14:31:12.480286+00:00,source,csr-alg2,0,0,,,,5,20,4,true
3,full-20261009-A100-SXM4-80GB-spmm-fp32-cusparse-csr-alg2-n16-13.4.1,cuSPARSE-CUDA-13.4.1-SpMM-CSR-ALG2,cuSPARSE CUDA 13.4.1 SpMM CSR ALG2 [cuSPARSE 12.8.6],csr-alg2,cuSPARSE-SpMM-CSR,candidate,,,csr,csr,CUSPARSE_SPMM_CSR_ALG2,library-preprocess,spmm.csr.fp32,fp32,A100-SXM4-80GB,A100-SXM4-80GB,,19500.0,df2405bf-ab33-5b32-9511-7da1122118f9,suitesparse_all,Sandia/fpga_dcop_01,fpga_dcop_01,1220,1220,5892,16,row-major,N,N,1.0,0.0,20260922,main,pass,pass,0,0,188544.0,0.01262,0.0250880002975,0.0377080002975,0.0257190002975,7.5153060333305355,5.0001060388370755,7.330922579379079,0.038540030940156594,0.025641569429933724,0.03759447476604656,cuSPARSE 12.8.6,CUDA,13040,13000,2026-10-08T09:37:48.757677+00:00,source,csr-alg2,0,0,,,,5,20,4,true
3,full-20261009-A100-SXM4-80GB-spmm-fp32-cusparse-csr-alg2-n16-13.4.1,cuSPARSE-CUDA-13.4.1-SpMM-CSR-ALG2,cuSPARSE CUDA 13.4.1 SpMM CSR ALG2 [cuSPARSE 12.8.6],csr-alg2,cuSPARSE-SpMM-CSR,candidate,,,csr,csr,CUSPARSE_SPMM_CSR_ALG2,library-preprocess,spmm.csr.fp32,fp32,A100-SXM4-80GB,A100-SXM4-80GB,,19500.0,2793479a-b9ba-5e32-964d-96d3a38ca48f,suitesparse_all,Sandia/fpga_dcop_03,fpga_dcop_03,1220,1220,5892,16,row-major,N,N,1.0,0.0,20260922,main,pass,pass,0,0,188544.0,0.015,0.0244736000896,0.0394736000896,0.0252236000896,7.70397486719256,4.776458178935526,7.474904428005858,0.03950756342150031,0.02449465732787449,0.03833284322054286,cuSPARSE 12.8.6,CUDA,13040,13000,2026-10-07T08:56:05.882790+00:00,source,csr-alg2,0,0,,,,5,20,4,true
3,full-20261009-A100-SXM4-80GB-spmm-fp32-cusparse-csr-alg2-n16-13.4.1,cuSPARSE-CUDA-13.4.1-SpMM-CSR-ALG2,cuSPARSE CUDA 13.4.1 SpMM CSR ALG2 [cuSPARSE 12.8.6],csr-alg2,cuSPARSE-SpMM-CSR,candidate,,,csr,csr,CUSPARSE_SPMM_CSR_ALG2,library-preprocess,spmm.csr.fp32,fp32,A100-SXM4-80GB,A100-SXM4-80GB,,19500.0,238ed034-08d6-5e0f-b7b4-c4d0b9e54f50,suitesparse_all,Sandia/fpga_dcop_08,fpga_dcop_08,1220,1220,5888,16,row-major,N,N,1.0,0.0,20260922,main,pass,pass,0,0,188416.0,0.013071,0.0244223996997,0.0374933996997,0.0250759496997,7.7148847908796805,5.025311161673813,7.5138131259791985,0.039563511748100924,0.025770826470122122,0.03853237500502153,cuSPARSE 12.8.6,CUDA,13040,13000,2026-10-07T14:31:13.828797+00:00,source,csr-alg2,0,0,,,,5,20,4,true
3,full-20261009-A100-SXM4-80GB-spmm-fp32-cusparse-csr-alg2-n16-13.4.1,cuSPARSE-CUDA-13.4.1-SpMM-CSR-ALG2,cuSPARSE CUDA 13.4.1 SpMM CSR ALG2 [cuSPARSE 12.8.6],csr-alg2,cuSPARSE-SpMM-CSR,candidate,,,csr,csr,CUSPARSE_SPMM_CSR_ALG2,library-preprocess,spmm.csr.fp32,fp32,A100-SXM4-80GB,A100-SXM4-80GB,,19500.0,df2405bf-ab33-5b32-9511-7da1122118f9,suitesparse_all,Sandia/fpga_dcop_09,fpga_dcop_09,1220,1220,5888,16,row-major,N,N,1.0,0.0,20260922,main,pass,pass,0,0,188416.0,0.01459,0.0250367999077,0.0396267999077,0.0257662999077,7.525562399931676,4.754761939870606,7.3124973579809085,0.038592627691957315,0.024383394563439003,0.037499986451184145,cuSPARSE 12.8.6,CUDA,13040,13000,2026-10-08T09:37:49.339225+00:00,source,csr-alg2,0,0,,,,5,20,4,true
3,full-20261009-A100-SXM4-80GB-spmm-fp32-cusparse-csr-alg2-n16-13.4.1,cuSPARSE-CUDA-13.4.1-SpMM-CSR-ALG2,cuSPARSE CUDA 13.4.1 SpMM CSR ALG2 [cuSPARSE 12.8.6],csr-alg2,cuSPARSE-SpMM-CSR,candidate,,,csr,csr,CUSPARSE_SPMM_CSR_ALG2,library-preprocess,spmm.csr.fp32,fp32,A100-SXM4-80GB,A100-SXM4-80GB,,19500.0,2793479a-b9ba-5e32-964d-96d3a38ca48f,suitesparse_all,Sandia/fpga_dcop_11,fpga_dcop_11,1220,1220,5892,16,row-major,N,N,1.0,0.0,20260922,main,pass,pass,0,0,188544.0,0.01431,0.0244736000896,0.0387836000896,0.0251891000896,7.70397486719256,4.8614362659581705,7.485142356389519,0.03950756342150031,0.024930442389529076,0.03838534541738215,cuSPARSE 12.8.6,CUDA,13040,13000,2026-10-07T08:56:06.493479+00:00,source,csr-alg2,0,0,,,,5,20,4,true
3,full-20261009-A100-SXM4-80GB-spmm-fp32-cusparse-csr-alg2-n16-13.4.1,cuSPARSE-CUDA-13.4.1-SpMM-CSR-ALG2,cuSPARSE CUDA 13.4.1 SpMM CSR ALG2 [cuSPARSE 12.8.6],csr-alg2,cuSPARSE-SpMM-CSR,candidate,,,csr,csr,CUSPARSE_SPMM_CSR_ALG2,library-preprocess,spmm.csr.fp32,fp32,A100-SXM4-80GB,A100-SXM4-80GB,,19500.0,238ed034-08d6-5e0f-b7b4-c4d0b9e54f50,suitesparse_all,Sandia/fpga_dcop_16,fpga_dcop_16,1220,1220,5892,16,row-major,N,N,1.0,0.0,20260922,main,pass,pass,0,0,188544.0,0.012889,0.0198144003749,0.0327034003749,0.0204588503749,9.515503695930114,5.76527204628875,9.215767090770445,0.04879745485092366,0.029565497673275643,0.04726034405523305,cuSPARSE 12.8.6,CUDA,13040,13000,2026-10-07T14:31:14.971060+00:00,source,csr-alg2,0,0,,,,5,20,4,true
3,full-20261009-A100-SXM4-80GB-spmm-fp32-cusparse-csr-alg2-n16-13.4.1,cuSPARSE-CUDA-13.4.1-SpMM-CSR-ALG2,cuSPARSE CUDA 13.4.1 SpMM CSR ALG2 [cuSPARSE 12.8.6],csr-alg2,cuSPARSE-SpMM-CSR,candidate,,,csr,csr,CUSPARSE_SPMM_CSR_ALG2,library-preprocess,spmm.csr.fp32,fp32,A100-SXM4-80GB,A100-SXM4-80GB,,19500.0,df2405bf-ab33-5b32-9511-7da1122118f9,suitesparse_all,Sandia/fpga_dcop_17,fpga_dcop_17,1220,1220,5892,16,row-major,N,N,1.0,0.0,20260922,main,pass,pass,0,0,188544.0,0.01434,0.0251904010773,0.0395304010773,0.0259074010773,7.4847557774657245,4.7695949158550235,7.277611499410559,0.03838336296136269,0.02445946110694884,0.037321084612361846,cuSPARSE 12.8.6,CUDA,13040,13000,2026-10-08T09:37:49.894979+00:00,source,csr-alg2,0,0,,,,5,20,4,true
3,full-20261009-A100-SXM4-80GB-spmm-fp32-cusparse-csr-alg2-n16-13.4.1,cuSPARSE-CUDA-13.4.1-SpMM-CSR-ALG2,cuSPARSE CUDA 13.4.1 SpMM CSR ALG2 [cuSPARSE 12.8.6],csr-alg2,cuSPARSE-SpMM-CSR,candidate,,,csr,csr,CUSPARSE_SPMM_CSR_ALG2,library-preprocess,spmm.csr.fp32,fp32,A100-SXM4-80GB,A100-SXM4-80GB,,19500.0,2793479a-b9ba-5e32-964d-96d3a38ca48f,suitesparse_all,Sandia/fpga_dcop_19,fpga_dcop_19,1220,1220,5892,16,row-major,N,N,1.0,0.0,20260922,main,pass,pass,0,0,188544.0,0.01392,0.0243711993098,0.0382911993098,0.0250671993098,7.736344756910826,4.923951283807015,7.521542301947107,0.03967356285595296,0.02525103222465136,0.038572011804856955,cuSPARSE 12.8.6,CUDA,13040,13000,2026-10-07T08:56:07.086856+00:00,source,csr-alg2,0,0,,,,5,20,4,true
3,full-20261009-A100-SXM4-80GB-spmm-fp32-cusparse-csr-alg2-n16-13.4.1,cuSPARSE-CUDA-13.4.1-SpMM-CSR-ALG2,cuSPARSE CUDA 13.4.1 SpMM CSR ALG2 [cuSPARSE 12.8.6],csr-alg2,cuSPARSE-SpMM-CSR,candidate,,,csr,csr,CUSPARSE_SPMM_CSR_ALG2,library-preprocess,spmm.csr.fp32,fp32,A100-SXM4-80GB,A100-SXM4-80GB,,19500.0,238ed034-08d6-5e0f-b7b4-c4d0b9e54f50,suitesparse_all,Sandia/fpga_dcop_24,fpga_dcop_24,1220,1220,5892,16,row-major,N,N,1.0,0.0,20260922,main,pass,pass,0,0,188544.0,0.01303,0.0204799994826,0.0335099994826,0.0211314994826,9.206250232583685,5.6264996392465205,8.922414623498442,0.047211539654275304,0.02885384430382831,0.045755972428197136,cuSPARSE 12.8.6,CUDA,13040,13000,2026-10-07T14:31:15.952006+00:00,source,csr-alg2,0,0,,,,5,20,4,true
3,full-20261009-A100-SXM4-80GB-spmm-fp32-cusparse-csr-alg2-n16-13.4.1,cuSPARSE-CUDA-13.4.1-SpMM-CSR-ALG2,cuSPARSE CUDA 13.4.1 SpMM CSR ALG2 [cuSPARSE 12.8.6],csr-alg2,cuSPARSE-SpMM-CSR,candidate,,,csr,csr,CUSPARSE_SPMM_CSR_ALG2,library-preprocess,spmm.csr.fp32,fp32,A100-SXM4-80GB,A100-SXM4-80GB,,19500.0,df2405bf-ab33-5b32-9511-7da1122118f9,suitesparse_all,Sandia/fpga_dcop_25,fpga_dcop_25,1220,1220,5892,16,row-major,N,N,1.0,0.0,20260922,main,pass,pass,0,0,188544.0,0.01284,0.0252416014671,0.0380816014671,0.0258836014671,7.469573602362313,4.951052286046575,7.284303161584896,0.038305505653140066,0.02539001172331577,0.03735540082864049,cuSPARSE 12.8.6,CUDA,13040,13000,2026-10-08T09:37:50.456615+00:00,source,csr-alg2,0,0,,,,5,20,4,true
3,full-20261009-A100-SXM4-80GB-spmm-fp32-cusparse-csr-alg2-n16-13.4.1,cuSPARSE-CUDA-13.4.1-SpMM-CSR-ALG2,cuSPARSE CUDA 13.4.1 SpMM CSR ALG2 [cuSPARSE 12.8.6],csr-alg2,cuSPARSE-SpMM-CSR,candidate,,,csr,csr,CUSPARSE_SPMM_CSR_ALG2,library-preprocess,spmm.csr.fp32,fp32,A100-SXM4-80GB,A100-SXM4-80GB,,19500.0,2793479a-b9ba-5e32-964d-96d3a38ca48f,suitesparse_all,Sandia/fpga_dcop_27,fpga_dcop_27,1220,1220,5892,16,row-major,N,N,1.0,0.0,20260922,main,pass,pass,0,0,188544.0,0.01426,0.0243711993098,0.0386311993098,0.0250841993098,7.736344756910826,4.880614719931047,7.516444821355683,0.03967356285595296,0.02502879343554383,0.03854587087874709,cuSPARSE 12.8.6,CUDA,13040,13000,2026-10-07T08:56:07.694487+00:00,source,csr-alg2,0,0,,,,5,20,4,true
3,full-20261009-A100-SXM4-80GB-spmm-fp32-cusparse-csr-alg2-n16-13.4.1,cuSPARSE-CUDA-13.4.1-SpMM-CSR-ALG2,cuSPARSE CUDA 13.4.1 SpMM CSR ALG2 [cuSPARSE 12.8.6],csr-alg2,cuSPARSE-SpMM-CSR,candidate,,,csr,csr,CUSPARSE_SPMM_CSR_ALG2,library-preprocess,spmm.csr.fp32,fp32,A100-SXM4-80GB,A100-SXM4-80GB,,19500.0,238ed034-08d6-5e0f-b7b4-c4d0b9e54f50,suitesparse_all,Sandia/fpga_dcop_32,fpga_dcop_32,1220,1220,5892,16,row-major,N,N,1.0,0.0,20260922,main,pass,pass,0,0,188544.0,0.012591,0.0204799994826,0.0330709994826,0.0211095494826,9.206250232583685,5.701188441528679,8.931692272988178,0.047211539654275304,0.02923686380271117,0.045803550117888094,cuSPARSE 12.8.6,CUDA,13040,13000,2026-10-07T14:31:16.766327+00:00,source,csr-alg2,0,0,,,,5,20,4,true
3,full-20261009-A100-SXM4-80GB-spmm-fp32-cusparse-csr-alg2-n16-13.4.1,cuSPARSE-CUDA-13.4.1-SpMM-CSR-ALG2,cuSPARSE CUDA 13.4.1 SpMM CSR ALG2 [cuSPARSE 12.8.6],csr-alg2,cuSPARSE-SpMM-CSR,candidate,,,csr,csr,CUSPARSE_SPMM_CSR_ALG2,library-preprocess,spmm.csr.fp32,fp32,A100-SXM4-80GB,A100-SXM4-80GB,,19500.0,df2405bf-ab33-5b32-9511-7da1122118f9,suitesparse_all,Sandia/fpga_dcop_33,fpga_dcop_33,1220,1220,5892,16,row-major,N,N,1.0,0.0,20260922,main,pass,pass,0,0,188544.0,0.01293,0.0251904010773,0.0381204010773,0.0258369010773,7.4847557774657245,4.946013018532339,7.29746959342785,0.03838336296136269,0.025364169325806867,0.03742292099193769,cuSPARSE 12.8.6,CUDA,13040,13000,2026-10-08T09:37:51.144901+00:00,source,csr-alg2,0,0,,,,5,20,4,true
3,full-20261009-A100-SXM4-80GB-spmm-fp32-cusparse-csr-alg2-n16-13.4.1,cuSPARSE-CUDA-13.4.1-SpMM-CSR-ALG2,cuSPARSE CUDA 13.4.1 SpMM CSR ALG2 [cuSPARSE 12.8.6],csr-alg2,cuSPARSE-SpMM-CSR,candidate,,,csr,csr,CUSPARSE_SPMM_CSR_ALG2,library-preprocess,spmm.csr.fp32,fp32,A100-SXM4-80GB,A100-SXM4-80GB,,19500.0,2793479a-b9ba-5e32-964d-96d3a38ca48f,suitesparse_all,Sandia/fpga_dcop_35,fpga_dcop_35,1220,1220,5892,16,row-major,N,N,1.0,0.0,20260922,main,pass,pass,0,0,188544.0,0.01402,0.0244223996997,0.0384423996997,0.0251233996997,7.720125881090876,4.904584559570858,7.504716807982457,0.039590389133799364,0.025151715690106966,0.03848572722042286,cuSPARSE 12.8.6,CUDA,13040,13000,2026-10-07T08:56:08.295309+00:00,source,csr-alg2,0,0,,,,5,20,4,true
3,full-20261009-A100-SXM4-80GB-spmm-fp32-cusparse-csr-alg2-n16-13.4.1,cuSPARSE-CUDA-13.4.1-SpMM-CSR-ALG2,cuSPARSE CUDA 13.4.1 SpMM CSR ALG2 [cuSPARSE 12.8.6],csr-alg2,cuSPARSE-SpMM-CSR,candidate,,,csr,csr,CUSPARSE_SPMM_CSR_ALG2,library-preprocess,spmm.csr.fp32,fp32,A100-SXM4-80GB,A100-SXM4-80GB,,19500.0,238ed034-08d6-5e0f-b7b4-c4d0b9e54f50,suitesparse_all,Sandia/fpga_dcop_40,fpga_dcop_40,1220,1220,5892,16,row-major,N,N,1.0,0.0,20260922,main,pass,pass,0,0,188544.0,0.01296,0.0247807994485,0.0377407994485,0.0254287994485,7.6084712437077044,4.995760629217239,7.414585198245444,0.039017801249783095,0.025619285278037127,0.03802351383715612,cuSPARSE 12.8.6,CUDA,13040,13000,2026-10-07T14:31:17.366621+00:00,source,csr-alg2,0,0,,,,5,20,4,true
3,full-20261009-A100-SXM4-80GB-spmm-fp32-cusparse-csr-alg2-n16-13.4.1,cuSPARSE-CUDA-13.4.1-SpMM-CSR-ALG2,cuSPARSE CUDA 13.4.1 SpMM CSR ALG2 [cuSPARSE 12.8.6],csr-alg2,cuSPARSE-SpMM-CSR,candidate,,,csr,csr,CUSPARSE_SPMM_CSR_ALG2,library-preprocess,spmm.csr.fp32,fp32,A100-SXM4-80GB,A100-SXM4-80GB,,19500.0,df2405bf-ab33-5b32-9511-7da1122118f9,suitesparse_all,Sandia/fpga_dcop_41,fpga_dcop_41,1220,1220,5892,16,row-major,N,N,1.0,0.0,20260922,main,pass,pass,0,0,188544.0,0.014969,0.0251392006874,0.0401082006874,0.0258876506874,7.499999794921881,4.700884027919785,7.283163786344192,0.0384615374098558,0.02410709757907582,0.03734955787868816,cuSPARSE 12.8.6,CUDA,13040,13000,2026-10-08T09:37:51.836480+00:00,source,csr-alg2,0,0,,,,5,20,4,true
3,full-20261009-A100-SXM4-80GB-spmm-fp32-cusparse-csr-alg2-n16-13.4.1,cuSPARSE-CUDA-13.4.1-SpMM-CSR-ALG2,cuSPARSE CUDA 13.4.1 SpMM CSR ALG2 [cuSPARSE 12.8.6],csr-alg2,cuSPARSE-SpMM-CSR,candidate,,,csr,csr,CUSPARSE_SPMM_CSR_ALG2,library-preprocess,spmm.csr.fp32,fp32,A100-SXM4-80GB,A100-SXM4-80GB,,19500.0,2793479a-b9ba-5e32-964d-96d3a38ca48f,suitesparse_all,Sandia/fpga_dcop_43,fpga_dcop_43,1220,1220,5892,16,row-major,N,N,1.0,0.0,20260922,main,pass,pass,0,0,188544.0,0.01386,0.0243711993098,0.0382311993098,0.0250641993098,7.736344756910826,4.9316789272595365,7.522442575146617,0.03967356285595296,0.02529066116543352,0.038576628590495474,cuSPARSE 12.8.6,CUDA,13040,13000,2026-10-07T08:56:08.881778+00:00,source,csr-alg2,0,0,,,,5,20,4,true
3,full-20261009-A100-SXM4-80GB-spmm-fp32-cusparse-csr-alg2-n16-13.4.1,cuSPARSE-CUDA-13.4.1-SpMM-CSR-ALG2,cuSPARSE CUDA 13.4.1 SpMM CSR ALG2 [cuSPARSE 12.8.6],csr-alg2,cuSPARSE-SpMM-CSR,candidate,,,csr,csr,CUSPARSE_SPMM_CSR_ALG2,library-preprocess,spmm.csr.fp32,fp32,A100-SXM4-80GB,A100-SXM4-80GB,,19500.0,238ed034-08d6-5e0f-b7b4-c4d0b9e54f50,suitesparse_all,Sandia/fpga_dcop_48,fpga_dcop_48,1220,1220,5892,16,row-major,N,N,1.0,0.0,20260922,main,pass,pass,0,0,188544.0,0.01268,0.0247807994485,0.0374607994485,0.0254147994485,7.6084712437077044,5.033101342623634,7.418669597690964,0.039017801249783095,0.025810776116018636,0.03804445947533827,cuSPARSE 12.8.6,CUDA,13040,13000,2026-10-07T14:31:17.966451+00:00,source,csr-alg2,0,0,,,,5,20,4,true
3,full-20261009-A100-SXM4-80GB-spmm-fp32-cusparse-csr-alg2-n16-13.4.1,cuSPARSE-CUDA-13.4.1-SpMM-CSR-ALG2,cuSPARSE CUDA 13.4.1 SpMM CSR ALG2 [cuSPARSE 12.8.6],csr-alg2,cuSPARSE-SpMM-CSR,candidate,,,csr,csr,CUSPARSE_SPMM_CSR_ALG2,library-preprocess,spmm.csr.fp32,fp32,A100-SXM4-80GB,A100-SXM4-80GB,,19500.0,df2405bf-ab33-5b32-9511-7da1122118f9,suitesparse_all,Sandia/fpga_dcop_49,fpga_dcop_49,1220,1220,5892,16,row-major,N,N,1.0,0.0,20260922,main,pass,pass,0,0,188544.0,0.01265,0.0252416014671,0.0378916014671,0.0258741014671,7.469573602362313,4.975878366178489,7.2869776846064225,0.038305505653140066,0.02551732495476148,0.03736911633131499,cuSPARSE 12.8.6,CUDA,13040,13000,2026-10-08T09:37:52.422323+00:00,source,csr-alg2,0,0,,,,5,20,4,true
3,full-20261009-A100-SXM4-80GB-spmm-fp32-cusparse-csr-alg2-n16-13.4.1,cuSPARSE-CUDA-13.4.1-SpMM-CSR-ALG2,cuSPARSE CUDA 13.4.1 SpMM CSR ALG2 [cuSPARSE 12.8.6],csr-alg2,cuSPARSE-SpMM-CSR,candidate,,,csr,csr,CUSPARSE_SPMM_CSR_ALG2,library-preprocess,spmm.csr.fp32,fp32,A100-SXM4-80GB,A100-SXM4-80GB,,19500.0,2793479a-b9ba-5e32-964d-96d3a38ca48f,suitesparse_all,Sandia/fpga_dcop_51,fpga_dcop_51,1220,1220,5892,16,row-major,N,N,1.0,0.0,20260922,main,pass,pass,0,0,188544.0,0.01417,0.0254464000463,0.0396164000463,0.0261549000463,7.409456726961069,4.759241116801302,7.208744811344532,0.03799721398441574,0.02440636470154514,0.03696792210945914,cuSPARSE 12.8.6,CUDA,13040,13000,2026-10-07T08:56:09.481930+00:00,source,csr-alg2,0,0,,,,5,20,4,true
3,full-20261009-A100-SXM4-80GB-spmm-fp32-cusparse-csr-alg2-n16-13.4.1,cuSPARSE-CUDA-13.4.1-SpMM-CSR-ALG2,cuSPARSE CUDA 13.4.1 SpMM CSR ALG2 [cuSPARSE 12.8.6],csr-alg2,cuSPARSE-SpMM-CSR,candidate,,,csr,csr,CUSPARSE_SPMM_CSR_ALG2,library-preprocess,spmm.csr.fp32,fp32,A100-SXM4-80GB,A100-SXM4-80GB,,19500.0,238ed034-08d6-5e0f-b7b4-c4d0b9e54f50,suitesparse_all,Sandia/mult_dcop_02,mult_dcop_02,25187,25187,193276,16,row-major,N,N,1.0,0.0,20260922,main,pass,pass,0,0,6184832.0,0.02001,0.0500735998154,0.0700835998154,0.0510740998154,123.51482663121558,88.24934815407356,121.09527181789178,0.6334093673395671,0.45256075976447985,0.6210013939379067,cuSPARSE 12.8.6,CUDA,13040,13000,2026-10-07T14:31:19.425108+00:00,source,csr-alg2,0,0,,,,5,20,4,true
3,full-20261009-A100-SXM4-80GB-spmm-fp32-cusparse-csr-alg2-n16-13.4.1,cuSPARSE-CUDA-13.4.1-SpMM-CSR-ALG2,cuSPARSE CUDA 13.4.1 SpMM CSR ALG2 [cuSPARSE 12.8.6],csr-alg2,cuSPARSE-SpMM-CSR,candidate,,,csr,csr,CUSPARSE_SPMM_CSR_ALG2,library-preprocess,spmm.csr.fp32,fp32,A100-SXM4-80GB,A100-SXM4-80GB,,19500.0,df2405bf-ab33-5b32-9511-7da1122118f9,suitesparse_all,Sandia/mult_dcop_03,mult_dcop_03,25187,25187,193216,16,row-major,N,N,1.0,0.0,20260922,main,pass,pass,0,0,6182912.0,0.02194,0.0498688012362,0.0718088012362,0.0509658012362,123.98356982184274,86.10242607535818,121.31491804367828,0.6358131785735525,0.44155090295055477,0.6221277848393758,cuSPARSE 12.8.6,CUDA,13040,13000,2026-10-08T09:37:53.689034+00:00,source,csr-alg2,0,0,,,,5,20,4,true
3,full-20261009-A100-SXM4-80GB-spmm-fp32-cusparse-csr-alg2-n16-13.4.1,cuSPARSE-CUDA-13.4.1-SpMM-CSR-ALG2,cuSPARSE CUDA 13.4.1 SpMM CSR ALG2 [cuSPARSE 12.8.6],csr-alg2,cuSPARSE-SpMM-CSR,candidate,,,csr,csr,CUSPARSE_SPMM_CSR_ALG2,library-preprocess,spmm.csr.fp32,fp32,A100-SXM4-80GB,A100-SXM4-80GB,,19500.0,2793479a-b9ba-5e32-964d-96d3a38ca48f,suitesparse_all,Sandia/oscil_dcop_02,oscil_dcop_02,430,430,1544,16,row-major,N,N,1.0,0.0,20260922,main,pass,pass,0,0,49408.0,0.014351,0.0208384007215,0.0351894007215,0.0215559507215,2.371007288914612,1.404059148123336,2.2920816918884603,0.01215901173802365,0.007200303323709416,0.011754265086607488,cuSPARSE 12.8.6,CUDA,13040,13000,2026-10-07T08:56:10.060077+00:00,source,csr-alg2,0,0,,,,5,20,4,true
3,full-20261009-A100-SXM4-80GB-spmm-fp32-cusparse-csr-alg2-n16-13.4.1,cuSPARSE-CUDA-13.4.1-SpMM-CSR-ALG2,cuSPARSE CUDA 13.4.1 SpMM CSR ALG2 [cuSPARSE 12.8.6],csr-alg2,cuSPARSE-SpMM-CSR,candidate,,,csr,csr,CUSPARSE_SPMM_CSR_ALG2,library-preprocess,spmm.csr.fp32,fp32,A100-SXM4-80GB,A100-SXM4-80GB,,19500.0,238ed034-08d6-5e0f-b7b4-c4d0b9e54f50,suitesparse_all,Sandia/oscil_dcop_07,oscil_dcop_07,430,430,1544,16,row-major,N,N,1.0,0.0,20260922,main,pass,pass,0,0,49408.0,0.01249,0.0210943996906,0.0335843996906,0.0217188996906,2.3422330440632066,1.4711592422427278,2.274885040395666,0.012011451508016444,0.007544406370475528,0.011666077130234185,cuSPARSE 12.8.6,CUDA,13040,13000,2026-10-07T14:31:20.486588+00:00,source,csr-alg2,0,0,,,,5,20,4,true
3,full-20261009-A100-SXM4-80GB-spmm-fp32-cusparse-csr-alg2-n16-13.4.1,cuSPARSE-CUDA-13.4.1-SpMM-CSR-ALG2,cuSPARSE CUDA 13.4.1 SpMM CSR ALG2 [cuSPARSE 12.8.6],csr-alg2,cuSPARSE-SpMM-CSR,candidate,,,csr,csr,CUSPARSE_SPMM_CSR_ALG2,library-preprocess,spmm.csr.fp32,fp32,A100-SXM4-80GB,A100-SXM4-80GB,,19500.0,df2405bf-ab33-5b32-9511-7da1122118f9,suitesparse_all,Sandia/oscil_dcop_08,oscil_dcop_08,430,430,1544,16,row-major,N,N,1.0,0.0,20260922,main,pass,pass,0,0,49408.0,0.01411,0.0211968004704,0.0353068004704,0.0219023004704,2.3309178226683396,1.3993904670411002,2.2558360966133555,0.01195342473163251,0.007176361369441539,0.01156839023904285,cuSPARSE 12.8.6,CUDA,13040,13000,2026-10-08T09:37:54.234398+00:00,source,csr-alg2,0,0,,,,5,20,4,true
3,full-20261009-A100-SXM4-80GB-spmm-fp32-cusparse-csr-alg2-n16-13.4.1,cuSPARSE-CUDA-13.4.1-SpMM-CSR-ALG2,cuSPARSE CUDA 13.4.1 SpMM CSR ALG2 [cuSPARSE 12.8.6],csr-alg2,cuSPARSE-SpMM-CSR,candidate,,,csr,csr,CUSPARSE_SPMM_CSR_ALG2,library-preprocess,spmm.csr.fp32,fp32,A100-SXM4-80GB,A100-SXM4-80GB,,19500.0,2793479a-b9ba-5e32-964d-96d3a38ca48f,suitesparse_all,Sandia/oscil_dcop_10,oscil_dcop_10,430,430,1544,16,row-major,N,N,1.0,0.0,20260922,main,pass,pass,0,0,49408.0,0.01418,0.0207872003317,0.0349672003317,0.0214962003317,2.376847252713197,1.4129812947938098,2.2984527143217512,0.012188960270324088,0.007246057922019537,0.0117869369965218,cuSPARSE 12.8.6,CUDA,13040,13000,2026-10-07T08:56:10.642859+00:00,source,csr-alg2,0,0,,,,5,20,4,true
3,full-20261009-A100-SXM4-80GB-spmm-fp32-cusparse-csr-alg2-n16-13.4.1,cuSPARSE-CUDA-13.4.1-SpMM-CSR-ALG2,cuSPARSE CUDA 13.4.1 SpMM CSR ALG2 [cuSPARSE 12.8.6],csr-alg2,cuSPARSE-SpMM-CSR,candidate,,,csr,csr,CUSPARSE_SPMM_CSR_ALG2,library-preprocess,spmm.csr.fp32,fp32,A100-SXM4-80GB,A100-SXM4-80GB,,19500.0,238ed034-08d6-5e0f-b7b4-c4d0b9e54f50,suitesparse_all,Sandia/oscil_dcop_15,oscil_dcop_15,430,430,1544,16,row-major,N,N,1.0,0.0,20260922,main,pass,pass,0,0,49408.0,0.01398,0.0211456000805,0.0351256000805,0.0218446000805,2.3365617344462573,1.4066094212417137,2.2617946686103445,0.011982367868955165,0.007213381647393404,0.011598947018514588,cuSPARSE 12.8.6,CUDA,13040,13000,2026-10-07T14:31:21.084411+00:00,source,csr-alg2,0,0,,,,5,20,4,true
3,full-20261009-A100-SXM4-80GB-spmm-fp32-cusparse-csr-alg2-n16-13.4.1,cuSPARSE-CUDA-13.4.1-SpMM-CSR-ALG2,cuSPARSE CUDA 13.4.1 SpMM CSR ALG2 [cuSPARSE 12.8.6],csr-alg2,cuSPARSE-SpMM-CSR,candidate,,,csr,csr,CUSPARSE_SPMM_CSR_ALG2,library-preprocess,spmm.csr.fp32,fp32,A100-SXM4-80GB,A100-SXM4-80GB,,19500.0,df2405bf-ab33-5b32-9511-7da1122118f9,suitesparse_all,Sandia/oscil_dcop_16,oscil_dcop_16,430,430,1544,16,row-major,N,N,1.0,0.0,20260922,main,pass,pass,0,0,49408.0,0.012629,0.0212479993701,0.0338769993701,0.0218794493701,2.3253012737531664,1.458452664600742,2.2581921128015194,0.011924621916682905,0.00747924443384996,0.011580472373341127,cuSPARSE 12.8.6,CUDA,13040,13000,2026-10-08T09:37:54.774881+00:00,source,csr-alg2,0,0,,,,5,20,4,true
3,full-20261009-A100-SXM4-80GB-spmm-fp32-cusparse-csr-alg2-n16-13.4.1,cuSPARSE-CUDA-13.4.1-SpMM-CSR-ALG2,cuSPARSE CUDA 13.4.1 SpMM CSR ALG2 [cuSPARSE 12.8.6],csr-alg2,cuSPARSE-SpMM-CSR,candidate,,,csr,csr,CUSPARSE_SPMM_CSR_ALG2,library-preprocess,spmm.csr.fp32,fp32,A100-SXM4-80GB,A100-SXM4-80GB,,19500.0,2793479a-b9ba-5e32-964d-96d3a38ca48f,suitesparse_all,Sandia/oscil_dcop_18,oscil_dcop_18,430,430,1544,16,row-major,N,N,1.0,0.0,20260922,main,pass,pass,0,0,49408.0,0.013791,0.0171008005738,0.0308918005738,0.0177903505738,2.8892214599413317,1.5993888048695997,2.777235883859623,0.014816520307391444,0.008201993871126152,0.01424223530184422,cuSPARSE 12.8.6,CUDA,13040,13000,2026-10-07T08:56:11.225839+00:00,source,csr-alg2,0,0,,,,5,20,4,true
3,full-20261009-A100-SXM4-80GB-spmm-fp32-cusparse-csr-alg2-n16-13.4.1,cuSPARSE-CUDA-13.4.1-SpMM-CSR-ALG2,cuSPARSE CUDA 13.4.1 SpMM CSR ALG2 [cuSPARSE 12.8.6],csr-alg2,cuSPARSE-SpMM-CSR,candidate,,,csr,csr,CUSPARSE_SPMM_CSR_ALG2,library-preprocess,spmm.csr.fp32,fp32,A100-SXM4-80GB,A100-SXM4-80GB,,19500.0,238ed034-08d6-5e0f-b7b4-c4d0b9e54f50,suitesparse_all,Sandia/oscil_dcop_23,oscil_dcop_23,430,430,1544,16,row-major,N,N,1.0,0.0,20260922,main,pass,pass,0,0,49408.0,0.01248,0.0210431993008,0.0335231993008,0.0216671993008,2.347931951493785,1.4738450097398945,2.28031317357088,0.012040676674327103,0.007558179537127664,0.011693913710619896,cuSPARSE 12.8.6,CUDA,13040,13000,2026-10-07T14:31:21.809832+00:00,source,csr-alg2,0,0,,,,5,20,4,true
3,full-20261009-A100-SXM4-80GB-spmm-fp32-cusparse-csr-alg2-n16-13.4.1,cuSPARSE-CUDA-13.4.1-SpMM-CSR-ALG2,cuSPARSE CUDA 13.4.1 SpMM CSR ALG2 [cuSPARSE 12.8.6],csr-alg2,cuSPARSE-SpMM-CSR,candidate,,,csr,csr,CUSPARSE_SPMM_CSR_ALG2,library-preprocess,spmm.csr.fp32,fp32,A100-SXM4-80GB,A100-SXM4-80GB,,19500.0,df2405bf-ab33-5b32-9511-7da1122118f9,suitesparse_all,Sandia/oscil_dcop_24,oscil_dcop_24,430,430,1544,16,row-major,N,N,1.0,0.0,20260922,main,pass,pass,0,0,49408.0,0.012569,0.0211968004704,0.0337658004704,0.0218252504704,2.3309178226683396,1.4632556999000323,2.2637999076807147,0.01195342473163251,0.007503875384102731,0.011609230295798537,cuSPARSE 12.8.6,CUDA,13040,13000,2026-10-08T09:37:55.323917+00:00,source,csr-alg2,0,0,,,,5,20,4,true
3,full-20261009-A100-SXM4-80GB-spmm-fp32-cusparse-csr-alg2-n16-13.4.1,cuSPARSE-CUDA-13.4.1-SpMM-CSR-ALG2,cuSPARSE CUDA 13.4.1 SpMM CSR ALG2 [cuSPARSE 12.8.6],csr-alg2,cuSPARSE-SpMM-CSR,candidate,,,csr,csr,CUSPARSE_SPMM_CSR_ALG2,library-preprocess,spmm.csr.fp32,fp32,A100-SXM4-80GB,A100-SXM4-80GB,,19500.0,2793479a-b9ba-5e32-964d-96d3a38ca48f,suitesparse_all,Sandia/oscil_dcop_26,oscil_dcop_26,430,430,1544,16,row-major,N,N,1.0,0.0,20260922,main,pass,pass,0,0,49408.0,0.0143,0.0167968004942,0.0310968004942,0.0175118004942,2.9415125825338446,1.5888451292349288,2.8214117683880757,0.015084679910429971,0.008147923739666302,0.014468778299426029,cuSPARSE 12.8.6,CUDA,13040,13000,2026-10-07T08:56:11.934059+00:00,source,csr-alg2,0,0,,,,5,20,4,true
3,full-20261009-A100-SXM4-80GB-spmm-fp32-cusparse-csr-alg2-n16-13.4.1,cuSPARSE-CUDA-13.4.1-SpMM-CSR-ALG2,cuSPARSE CUDA 13.4.1 SpMM CSR ALG2 [cuSPARSE 12.8.6],csr-alg2,cuSPARSE-SpMM-CSR,candidate,,,csr,csr,CUSPARSE_SPMM_CSR_ALG2,library-preprocess,spmm.csr.fp32,fp32,A100-SXM4-80GB,A100-SXM4-80GB,,19500.0,238ed034-08d6-5e0f-b7b4-c4d0b9e54f50,suitesparse_all,Sandia/oscil_dcop_31,oscil_dcop_31,430,430,1544,16,row-major,N,N,1.0,0.0,20260922,main,pass,pass,0,0,49408.0,0.01296,0.0210431993008,0.0340031993008,0.0216911993008,2.347931951493785,1.453039743787802,2.2777901449726556,0.012040676674327103,0.007451485865578471,0.011680975102423876,cuSPARSE 12.8.6,CUDA,13040,13000,2026-10-07T14:31:22.858464+00:00,source,csr-alg2,0,0,,,,5,20,4,true
3,full-20261009-A100-SXM4-80GB-spmm-fp32-cusparse-csr-alg2-n16-13.4.1,cuSPARSE-CUDA-13.4.1-SpMM-CSR-ALG2,cuSPARSE CUDA 13.4.1 SpMM CSR ALG2 [cuSPARSE 12.8.6],csr-alg2,cuSPARSE-SpMM-CSR,candidate,,,csr,csr,CUSPARSE_SPMM_CSR_ALG2,library-preprocess,spmm.csr.fp32,fp32,A100-SXM4-80GB,A100-SXM4-80GB,,19500.0,df2405bf-ab33-5b32-9511-7da1122118f9,suitesparse_all,Sandia/oscil_dcop_32,oscil_dcop_32,430,430,1544,16,row-major,N,N,1.0,0.0,20260922,main,pass,pass,0,0,49408.0,0.01288,0.0211968004704,0.0340768004704,0.0218408004704,2.3309178226683396,1.44990137917781,2.262188149512229,0.01195342473163251,0.007435391688091333,0.011600964869293481,cuSPARSE 12.8.6,CUDA,13040,13000,2026-10-08T09:37:55.888863+00:00,source,csr-alg2,0,0,,,,5,20,4,true
3,full-20261009-A100-SXM4-80GB-spmm-fp32-cusparse-csr-alg2-n16-13.4.1,cuSPARSE-CUDA-13.4.1-SpMM-CSR-ALG2,cuSPARSE CUDA 13.4.1 SpMM CSR ALG2 [cuSPARSE 12.8.6],csr-alg2,cuSPARSE-SpMM-CSR,candidate,,,csr,csr,CUSPARSE_SPMM_CSR_ALG2,library-preprocess,spmm.csr.fp32,fp32,A100-SXM4-80GB,A100-SXM4-80GB,,19500.0,2793479a-b9ba-5e32-964d-96d3a38ca48f,suitesparse_all,Sandia/oscil_dcop_34,oscil_dcop_34,430,430,1544,16,row-major,N,N,1.0,0.0,20260922,main,pass,pass,0,0,49408.0,0.01388,0.0169471994042,0.0308271994042,0.0176411994042,2.9154079574797054,1.6027404679929662,2.8007165991353733,0.014950810038357463,0.008219181887143417,0.014362649226335247,cuSPARSE 12.8.6,CUDA,13040,13000,2026-10-07T08:56:12.632521+00:00,source,csr-alg2,0,0,,,,5,20,4,true
3,full-20261009-A100-SXM4-80GB-spmm-fp32-cusparse-csr-alg2-n16-13.4.1,cuSPARSE-CUDA-13.4.1-SpMM-CSR-ALG2,cuSPARSE CUDA 13.4.1 SpMM CSR ALG2 [cuSPARSE 12.8.6],csr-alg2,cuSPARSE-SpMM-CSR,candidate,,,csr,csr,CUSPARSE_SPMM_CSR_ALG2,library-preprocess,spmm.csr.fp32,fp32,A100-SXM4-80GB,A100-SXM4-80GB,,19500.0,238ed034-08d6-5e0f-b7b4-c4d0b9e54f50,suitesparse_all,Sandia/oscil_dcop_39,oscil_dcop_39,430,430,1544,16,row-major,N,N,1.0,0.0,20260922,main,pass,pass,0,0,49408.0,0.02427,0.0211456000805,0.0454156000805,0.0223591000805,2.3365617344462573,1.0879081177486016,2.209749042766265,0.011982367868955165,0.0055790159884543675,0.011332046373160334,cuSPARSE 12.8.6,CUDA,13040,13000,2026-10-07T14:31:23.612737+00:00,source,csr-alg2,0,0,,,,5,20,4,true
3,full-20261009-A100-SXM4-80GB-spmm-fp32-cusparse-csr-alg2-n16-13.4.1,cuSPARSE-CUDA-13.4.1-SpMM-CSR-ALG2,cuSPARSE CUDA 13.4.1 SpMM CSR ALG2 [cuSPARSE 12.8.6],csr-alg2,cuSPARSE-SpMM-CSR,candidate,,,csr,csr,CUSPARSE_SPMM_CSR_ALG2,library-preprocess,spmm.csr.fp32,fp32,A100-SXM4-80GB,A100-SXM4-80GB,,19500.0,df2405bf-ab33-5b32-9511-7da1122118f9,suitesparse_all,Sandia/oscil_dcop_40,oscil_dcop_40,430,430,1544,16,row-major,N,N,1.0,0.0,20260922,main,pass,pass,0,0,49408.0,0.01284,0.0211968004704,0.0340368004704,0.0218388004704,2.3309178226683396,1.4516053012376269,2.2623953209777663,0.01195342473163251,0.007444129749936548,0.011602027287065468,cuSPARSE 12.8.6,CUDA,13040,13000,2026-10-08T09:37:56.542890+00:00,source,csr-alg2,0,0,,,,5,20,4,true
3,full-20261009-A100-SXM4-80GB-spmm-fp32-cusparse-csr-alg2-n16-13.4.1,cuSPARSE-CUDA-13.4.1-SpMM-CSR-ALG2,cuSPARSE CUDA 13.4.1 SpMM CSR ALG2 [cuSPARSE 12.8.6],csr-alg2,cuSPARSE-SpMM-CSR,candidate,,,csr,csr,CUSPARSE_SPMM_CSR_ALG2,library-preprocess,spmm.csr.fp32,fp32,A100-SXM4-80GB,A100-SXM4-80GB,,19500.0,2793479a-b9ba-5e32-964d-96d3a38ca48f,suitesparse_all,Sandia/oscil_dcop_42,oscil_dcop_42,430,430,1544,16,row-major,N,N,1.0,0.0,20260922,main,pass,pass,0,0,49408.0,0.01434,0.0169983997941,0.0313383997941,0.0177153997941,2.906626541231787,1.5765961352405085,2.7889858865310515,0.014905777134521984,0.008085108385848762,0.014302491725800262,cuSPARSE 12.8.6,CUDA,13040,13000,2026-10-07T08:56:13.204559+00:00,source,csr-alg2,0,0,,,,5,20,4,true
3,full-20261009-A100-SXM4-80GB-spmm-fp32-cusparse-csr-alg2-n16-13.4.1,cuSPARSE-CUDA-13.4.1-SpMM-CSR-ALG2,cuSPARSE CUDA 13.4.1 SpMM CSR ALG2 [cuSPARSE 12.8.6],csr-alg2,cuSPARSE-SpMM-CSR,candidate,,,csr,csr,CUSPARSE_SPMM_CSR_ALG2,library-preprocess,spmm.csr.fp32,fp32,A100-SXM4-80GB,A100-SXM4-80GB,,19500.0,238ed034-08d6-5e0f-b7b4-c4d0b9e54f50,suitesparse_all,Sandia/oscil_dcop_47,oscil_dcop_47,430,430,1544,16,row-major,N,N,1.0,0.0,20260922,main,pass,pass,0,0,49408.0,0.013271,0.0211456000805,0.0344166000805,0.0218091500805,2.3365617344462573,1.435586312547878,2.265471135630209,0.011982367868955165,0.007361981089989118,0.011617800695539533,cuSPARSE 12.8.6,CUDA,13040,13000,2026-10-07T14:31:24.591882+00:00,source,csr-alg2,0,0,,,,5,20,4,true
3,full-20261009-A100-SXM4-80GB-spmm-fp32-cusparse-csr-alg2-n16-13.4.1,cuSPARSE-CUDA-13.4.1-SpMM-CSR-ALG2,cuSPARSE CUDA 13.4.1 SpMM CSR ALG2 [cuSPARSE 12.8.6],csr-alg2,cuSPARSE-SpMM-CSR,candidate,,,csr,csr,CUSPARSE_SPMM_CSR_ALG2,library-preprocess,spmm.csr.fp32,fp32,A100-SXM4-80GB,A100-SXM4-80GB,,19500.0,df2405bf-ab33-5b32-9511-7da1122118f9,suitesparse_all,Sandia/oscil_dcop_48,oscil_dcop_48,430,430,1544,16,row-major,N,N,1.0,0.0,20260922,main,pass,pass,0,0,49408.0,0.01274,0.0211968004704,0.0339368004704,0.0218338004704,2.3309178226683396,1.455882679426251,2.262913415691521,0.01195342473163251,0.007466065022698722,0.011604684183033441,cuSPARSE 12.8.6,CUDA,13040,13000,2026-10-08T09:37:57.074939+00:00,source,csr-alg2,0,0,,,,5,20,4,true
3,full-20261009-A100-SXM4-80GB-spmm-fp32-cusparse-csr-alg2-n16-13.4.1,cuSPARSE-CUDA-13.4.1-SpMM-CSR-ALG2,cuSPARSE CUDA 13.4.1 SpMM CSR ALG2 [cuSPARSE 12.8.6],csr-alg2,cuSPARSE-SpMM-CSR,candidate,,,csr,csr,CUSPARSE_SPMM_CSR_ALG2,library-preprocess,spmm.csr.fp32,fp32,A100-SXM4-80GB,A100-SXM4-80GB,,19500.0,2793479a-b9ba-5e32-964d-96d3a38ca48f,suitesparse_all,Sandia/oscil_dcop_50,oscil_dcop_50,430,430,1544,16,row-major,N,N,1.0,0.0,20260922,main,pass,pass,0,0,49408.0,0.014509,0.0169983997941,0.0315073997941,0.0177238497941,2.906626541231787,1.5681395584173856,2.787656213180455,0.014905777134521984,0.008041741325217362,0.0142956728881049,cuSPARSE 12.8.6,CUDA,13040,13000,2026-10-07T08:56:14.217897+00:00,source,csr-alg2,0,0,,,,5,20,4,true
3,full-20261009-A100-SXM4-80GB-spmm-fp32-cusparse-csr-alg2-n16-13.4.1,cuSPARSE-CUDA-13.4.1-SpMM-CSR-ALG2,cuSPARSE CUDA 13.4.1 SpMM CSR ALG2 [cuSPARSE 12.8.6],csr-alg2,cuSPARSE-SpMM-CSR,candidate,,,csr,csr,CUSPARSE_SPMM_CSR_ALG2,library-preprocess,spmm.csr.fp32,fp32,A100-SXM4-80GB,A100-SXM4-80GB,,19500.0,238ed034-08d6-5e0f-b7b4-c4d0b9e54f50,suitesparse_all,Sandia/oscil_dcop_55,oscil_dcop_55,430,430,1544,16,row-major,N,N,1.0,0.0,20260922,main,pass,pass,0,0,49408.0,0.01331,0.0210431993008,0.0343531993008,0.0217086993008,2.347931951493785,1.438235768592575,2.2759539535461357,0.012040676674327103,0.007375568044064487,0.011671558736134029,cuSPARSE 12.8.6,CUDA,13040,13000,2026-10-07T14:31:25.549587+00:00,source,csr-alg2,0,0,,,,5,20,4,true
3,full-20261009-A100-SXM4-80GB-spmm-fp32-cusparse-csr-alg2-n16-13.4.1,cuSPARSE-CUDA-13.4.1-SpMM-CSR-ALG2,cuSPARSE CUDA 13.4.1 SpMM CSR ALG2 [cuSPARSE 12.8.6],csr-alg2,cuSPARSE-SpMM-CSR,candidate,,,csr,csr,CUSPARSE_SPMM_CSR_ALG2,library-preprocess,spmm.csr.fp32,fp32,A100-SXM4-80GB,A100-SXM4-80GB,,19500.0,df2405bf-ab33-5b32-9511-7da1122118f9,suitesparse_all,Sandia/oscil_dcop_56,oscil_dcop_56,430,430,1544,16,row-major,N,N,1.0,0.0,20260922,main,pass,pass,0,0,49408.0,0.012549,0.0211968004704,0.0337458004704,0.0218242504704,2.3309178226683396,1.4641229222977843,2.2639036363247182,0.01195342473163251,0.007508322678450176,0.011609762237562658,cuSPARSE 12.8.6,CUDA,13040,13000,2026-10-08T09:37:57.625705+00:00,source,csr-alg2,0,0,,,,5,20,4,true
3,full-20261009-A100-SXM4-80GB-spmm-fp32-cusparse-csr-alg2-n16-13.4.1,cuSPARSE-CUDA-13.4.1-SpMM-CSR-ALG2,cuSPARSE CUDA 13.4.1 SpMM CSR ALG2 [cuSPARSE 12.8.6],csr-alg2,cuSPARSE-SpMM-CSR,candidate,,,csr,csr,CUSPARSE_SPMM_CSR_ALG2,library-preprocess,spmm.csr.fp32,fp32,A100-SXM4-80GB,A100-SXM4-80GB,,19500.0,2793479a-b9ba-5e32-964d-96d3a38ca48f,suitesparse_all,Sandia/oscil_trans_01,oscil_trans_01,430,430,1614,16,row-major,N,N,1.0,0.0,20260922,main,pass,pass,0,0,51648.0,0.01434,0.0173567995429,0.0316967995429,0.0180737995429,2.9756637951797527,1.6294389573968522,2.85761717548146,0.015259814334255141,0.008356097217419754,0.014654447053751076,cuSPARSE 12.8.6,CUDA,13040,13000,2026-10-07T08:56:15.110710+00:00,source,csr-alg2,0,0,,,,5,20,4,true
3,full-20261009-A100-SXM4-80GB-spmm-fp32-cusparse-csr-alg2-n16-13.4.1,cuSPARSE-CUDA-13.4.1-SpMM-CSR-ALG2,cuSPARSE CUDA 13.4.1 SpMM CSR ALG2 [cuSPARSE 12.8.6],csr-alg2,cuSPARSE-SpMM-CSR,candidate,,,csr,csr,CUSPARSE_SPMM_CSR_ALG2,library-preprocess,spmm.csr.fp32,fp32,A100-SXM4-80GB,A100-SXM4-80GB,,19500.0,df2405bf-ab33-5b32-9511-7da1122118f9,suitesparse_all,Sanghavi/ecl32,ecl32,51993,51993,380415,16,row-major,N,N,1.0,0.0,20260922,main,pass,pass,0,0,12173280.0,0.03934,0.0729600012302,0.11230000123,0.0749270012302,166.84868139724168,108.3996426239398,162.46853337423371,0.8556342635755985,0.5558956031996912,0.8331719660217113,cuSPARSE 12.8.6,CUDA,13040,13000,2026-10-08T09:37:43.072282+00:00,source,csr-alg2,0,0,,,,5,20,4,true
3,full-20261009-A100-SXM4-80GB-spmm-fp32-cusparse-csr-alg2-n16-13.4.1,cuSPARSE-CUDA-13.4.1-SpMM-CSR-ALG2,cuSPARSE CUDA 13.4.1 SpMM CSR ALG2 [cuSPARSE 12.8.6],csr-alg2,cuSPARSE-SpMM-CSR,candidate,,,csr,csr,CUSPARSE_SPMM_CSR_ALG2,library-preprocess,spmm.csr.fp32,fp32,A100-SXM4-80GB,A100-SXM4-80GB,,19500.0,238ed034-08d6-5e0f-b7b4-c4d0b9e54f50,suitesparse_all,Schenk/nlpkkt120,nlpkkt120,3542400,3542400,96845792,16,row-major,N,N,1.0,0.0,20260922,main,pass,pass,0,0,3099065344.0,1.12299,12.110131073,13.233121073,12.166280573,255.90683745029688,234.19005440244416,254.72578290505612,1.3123427561553687,1.2009746379612523,1.3062860661797748,cuSPARSE 12.8.6,CUDA,13040,13000,2026-10-07T14:46:09.136722+00:00,source,csr-alg2,0,0,,,,5,20,4,true
3,full-20261009-A100-SXM4-80GB-spmm-fp32-cusparse-csr-alg2-n16-13.4.1,cuSPARSE-CUDA-13.4.1-SpMM-CSR-ALG2,cuSPARSE CUDA 13.4.1 SpMM CSR ALG2 [cuSPARSE 12.8.6],csr-alg2,cuSPARSE-SpMM-CSR,candidate,,,csr,csr,CUSPARSE_SPMM_CSR_ALG2,library-preprocess,spmm.csr.fp32,fp32,A100-SXM4-80GB,A100-SXM4-80GB,,19500.0,df2405bf-ab33-5b32-9511-7da1122118f9,suitesparse_all,Schenk/nlpkkt160,nlpkkt160,8345600,8345600,229518112,16,row-major,N,N,1.0,0.0,20260922,main,pass,pass,0,0,7344579584.0,65.054526,25.8945526123,90.9490786123,29.1472789123,283.63415634033004,80.75485421142811,251.98165516921122,1.4545341350786156,0.41412745749450314,1.2922136162523654,cuSPARSE 12.8.6,CUDA,13040,13000,2026-10-08T09:55:21.475531+00:00,source,csr-alg2,0,0,,,,5,20,4,true
3,full-20261009-A100-SXM4-80GB-spmm-fp32-cusparse-csr-alg2-n16-13.4.1,cuSPARSE-CUDA-13.4.1-SpMM-CSR-ALG2,cuSPARSE CUDA 13.4.1 SpMM CSR ALG2 [cuSPARSE 12.8.6],csr-alg2,cuSPARSE-SpMM-CSR,candidate,,,csr,csr,CUSPARSE_SPMM_CSR_ALG2,library-preprocess,spmm.csr.fp32,fp32,A100-SXM4-80GB,A100-SXM4-80GB,,19500.0,2793479a-b9ba-5e32-964d-96d3a38ca48f,suitesparse_all,Schenk/nlpkkt240,nlpkkt240,27993600,27993600,760648352,16,row-major,N,N,1.0,0.0,20260922,main,fail,runtime-error,0,0,24340747264.0,0.0,0.0,0.0,0.0,0.0,0.0,0.0,0.0,0.0,0.0,unknown,,,,2026-10-07T09:25:56.188498+00:00,source,csr-alg2,0,0,Command '['/data1/wangyinshan/qiwu-full-20260930/campaign-a100-cuda134/build/0/90df2368d213815de4f08d09/benchmark']' timed out after 1200 seconds,BenchmarkDriverError,run,5,20,4.0,true
3,full-20261009-A100-SXM4-80GB-spmm-fp32-cusparse-csr-alg2-n16-13.4.1,cuSPARSE-CUDA-13.4.1-SpMM-CSR-ALG2,cuSPARSE CUDA 13.4.1 SpMM CSR ALG2 [cuSPARSE 12.8.6],csr-alg2,cuSPARSE-SpMM-CSR,candidate,,,csr,csr,CUSPARSE_SPMM_CSR_ALG2,library-preprocess,spmm.csr.fp32,fp32,A100-SXM4-80GB,A100-SXM4-80GB,,19500.0,238ed034-08d6-5e0f-b7b4-c4d0b9e54f50,suitesparse_all,Schenk_AFE/af_2_k101,af_2_k101,503625,503625,17550675,16,row-major,N,N,1.0,0.0,20260922,main,pass,pass,0,0,561621600.0,0.46227,2.07447032928,2.53674032928,2.09758382928,270.7301194300165,221.3949900656187,267.74691536060215,1.3883595868205973,1.1353589234134294,1.3730611044133443,cuSPARSE 12.8.6,CUDA,13040,13000,2026-10-07T14:37:25.593645+00:00,source,csr-alg2,0,0,,,,5,20,4,true
3,full-20261009-A100-SXM4-80GB-spmm-fp32-cusparse-csr-alg2-n16-13.4.1,cuSPARSE-CUDA-13.4.1-SpMM-CSR-ALG2,cuSPARSE CUDA 13.4.1 SpMM CSR ALG2 [cuSPARSE 12.8.6],csr-alg2,cuSPARSE-SpMM-CSR,candidate,,,csr,csr,CUSPARSE_SPMM_CSR_ALG2,library-preprocess,spmm.csr.fp32,fp32,A100-SXM4-80GB,A100-SXM4-80GB,,19500.0,df2405bf-ab33-5b32-9511-7da1122118f9,suitesparse_all,Schenk_AFE/af_3_k101,af_3_k101,503625,503625,17550675,16,row-major,N,N,1.0,0.0,20260922,main,pass,pass,0,0,561621600.0,0.4486,3.98812141418,4.43672141418,4.01055141418,140.82359629351336,126.58482414627774,140.03600552639458,0.7221722886846839,0.6491529443398859,0.7181333616738184,cuSPARSE 12.8.6,CUDA,13040,13000,2026-10-08T09:43:52.557493+00:00,source,csr-alg2,0,0,,,,5,20,4,true
3,full-20261009-A100-SXM4-80GB-spmm-fp32-cusparse-csr-alg2-n16-13.4.1,cuSPARSE-CUDA-13.4.1-SpMM-CSR-ALG2,cuSPARSE CUDA 13.4.1 SpMM CSR ALG2 [cuSPARSE 12.8.6],csr-alg2,cuSPARSE-SpMM-CSR,candidate,,,csr,csr,CUSPARSE_SPMM_CSR_ALG2,library-preprocess,spmm.csr.fp32,fp32,A100-SXM4-80GB,A100-SXM4-80GB,,19500.0,2793479a-b9ba-5e32-964d-96d3a38ca48f,suitesparse_all,Schenk_AFE/af_5_k101,af_5_k101,503625,503625,17550675,16,row-major,N,N,1.0,0.0,20260922,main,pass,pass,0,0,561621600.0,0.4101,2.02690563202,2.43700563202,2.04741063202,277.0832500180543,230.45560199812903,274.3082365680095,1.4209397436823297,1.1818235999904052,1.4067089054769717,cuSPARSE 12.8.6,CUDA,13040,13000,2026-10-07T09:02:25.012493+00:00,source,csr-alg2,0,0,,,,5,20,4,true
3,full-20261009-A100-SXM4-80GB-spmm-fp32-cusparse-csr-alg2-n16-13.4.1,cuSPARSE-CUDA-13.4.1-SpMM-CSR-ALG2,cuSPARSE CUDA 13.4.1 SpMM CSR ALG2 [cuSPARSE 12.8.6],csr-alg2,cuSPARSE-SpMM-CSR,candidate,,,csr,csr,CUSPARSE_SPMM_CSR_ALG2,library-preprocess,spmm.csr.fp32,fp32,A100-SXM4-80GB,A100-SXM4-80GB,,19500.0,238ed034-08d6-5e0f-b7b4-c4d0b9e54f50,suitesparse_all,Schenk_AFE/af_shell3,af_shell3,504855,504855,17588875,16,row-major,N,N,1.0,0.0,20260922,main,pass,pass,0,0,562844000.0,0.2695,2.08465919495,2.35415919495,2.09813419495,269.9932926031584,239.0849358052671,268.2592950225536,1.3845809877085047,1.2260765938731646,1.3756886924233518,cuSPARSE 12.8.6,CUDA,13040,13000,2026-10-07T14:30:23.709725+00:00,source,csr-alg2,0,0,,,,5,20,4,true
3,full-20261009-A100-SXM4-80GB-spmm-fp32-cusparse-csr-alg2-n16-13.4.1,cuSPARSE-CUDA-13.4.1-SpMM-CSR-ALG2,cuSPARSE CUDA 13.4.1 SpMM CSR ALG2 [cuSPARSE 12.8.6],csr-alg2,cuSPARSE-SpMM-CSR,candidate,,,csr,csr,CUSPARSE_SPMM_CSR_ALG2,library-preprocess,spmm.csr.fp32,fp32,A100-SXM4-80GB,A100-SXM4-80GB,,19500.0,df2405bf-ab33-5b32-9511-7da1122118f9,suitesparse_all,Schenk_AFE/af_shell4,af_shell4,504855,504855,17588875,16,row-major,N,N,1.0,0.0,20260922,main,pass,pass,0,0,562844000.0,0.276511,2.07774715424,2.35425815424,2.09157270424,270.891479192461,239.074886068175,269.10085356297316,1.3891870727818514,1.2260250567598718,1.3800043772460162,cuSPARSE 12.8.6,CUDA,13040,13000,2026-10-08T09:37:06.680296+00:00,source,csr-alg2,0,0,,,,5,20,4,true
3,full-20261009-A100-SXM4-80GB-spmm-fp32-cusparse-csr-alg2-n16-13.4.1,cuSPARSE-CUDA-13.4.1-SpMM-CSR-ALG2,cuSPARSE CUDA 13.4.1 SpMM CSR ALG2 [cuSPARSE 12.8.6],csr-alg2,cuSPARSE-SpMM-CSR,candidate,,,csr,csr,CUSPARSE_SPMM_CSR_ALG2,library-preprocess,spmm.csr.fp32,fp32,A100-SXM4-80GB,A100-SXM4-80GB,,19500.0,2793479a-b9ba-5e32-964d-96d3a38ca48f,suitesparse_all,Schenk_AFE/af_shell6,af_shell6,504855,504855,17588875,16,row-major,N,N,1.0,0.0,20260922,main,pass,pass,0,0,562844000.0,3.062211,2.22061767578,5.28282867578,2.37372822578,253.46281178379755,106.54216415922235,237.11391804975952,1.2998092911989618,0.5463700726113967,1.2159688105115873,cuSPARSE 12.8.6,CUDA,13040,13000,2026-10-07T08:55:23.929648+00:00,source,csr-alg2,0,0,,,,5,20,4,true
3,full-20261009-A100-SXM4-80GB-spmm-fp32-cusparse-csr-alg2-n16-13.4.1,cuSPARSE-CUDA-13.4.1-SpMM-CSR-ALG2,cuSPARSE CUDA 13.4.1 SpMM CSR ALG2 [cuSPARSE 12.8.6],csr-alg2,cuSPARSE-SpMM-CSR,candidate,,,csr,csr,CUSPARSE_SPMM_CSR_ALG2,library-preprocess,spmm.csr.fp32,fp32,A100-SXM4-80GB,A100-SXM4-80GB,,19500.0,2793479a-b9ba-5e32-964d-96d3a38ca48f,suitesparse_all,Schenk_IBMNA/c-18,c-18,2169,2169,15145,16,row-major,N,N,1.0,0.0,20260922,main,pass,pass,0,0,484640.0,0.015009,0.0239104002714,0.0389194002714,0.0246608502714,20.269004052587672,12.452401543200002,19.652201552922648,0.10394361052609062,0.0638584694523077,0.10078052078421872,cuSPARSE 12.8.6,CUDA,13040,13000,2026-10-07T09:01:29.652616+00:00,source,csr-alg2,0,0,,,,5,20,4,true
3,full-20261009-A100-SXM4-80GB-spmm-fp32-cusparse-csr-alg2-n16-13.4.1,cuSPARSE-CUDA-13.4.1-SpMM-CSR-ALG2,cuSPARSE CUDA 13.4.1 SpMM CSR ALG2 [cuSPARSE 12.8.6],csr-alg2,cuSPARSE-SpMM-CSR,candidate,,,csr,csr,CUSPARSE_SPMM_CSR_ALG2,library-preprocess,spmm.csr.fp32,fp32,A100-SXM4-80GB,A100-SXM4-80GB,,19500.0,238ed034-08d6-5e0f-b7b4-c4d0b9e54f50,suitesparse_all,Schenk_IBMNA/c-23,c-23,3969,3969,31079,16,row-major,N,N,1.0,0.0,20260922,main,pass,pass,0,0,994528.0,0.03126,0.0248832002282,0.0561432002282,0.0264462002282,39.967849427699676,17.714130935850385,37.605704842978504,0.20496333039845988,0.09084169710692505,0.19284976842553078,cuSPARSE 12.8.6,CUDA,13040,13000,2026-10-07T14:36:30.141992+00:00,source,csr-alg2,0,0,,,,5,20,4,true
3,full-20261009-A100-SXM4-80GB-spmm-fp32-cusparse-csr-alg2-n16-13.4.1,cuSPARSE-CUDA-13.4.1-SpMM-CSR-ALG2,cuSPARSE CUDA 13.4.1 SpMM CSR ALG2 [cuSPARSE 12.8.6],csr-alg2,cuSPARSE-SpMM-CSR,candidate,,,csr,csr,CUSPARSE_SPMM_CSR_ALG2,library-preprocess,spmm.csr.fp32,fp32,A100-SXM4-80GB,A100-SXM4-80GB,,19500.0,df2405bf-ab33-5b32-9511-7da1122118f9,suitesparse_all,Schenk_IBMNA/c-24,c-24,4119,4119,35699,16,row-major,N,N,1.0,0.0,20260922,main,pass,pass,0,0,1142368.0,0.01505,0.0249776005745,0.0400276005745,0.0257301005745,45.73569813452219,28.539507330043595,44.398116388715245,0.23454204171549842,0.1463564478463774,0.22768264814725767,cuSPARSE 12.8.6,CUDA,13040,13000,2026-10-08T09:43:01.465196+00:00,source,csr-alg2,0,0,,,,5,20,4,true
3,full-20261009-A100-SXM4-80GB-spmm-fp32-cusparse-csr-alg2-n16-13.4.1,cuSPARSE-CUDA-13.4.1-SpMM-CSR-ALG2,cuSPARSE CUDA 13.4.1 SpMM CSR ALG2 [cuSPARSE 12.8.6],csr-alg2,cuSPARSE-SpMM-CSR,candidate,,,csr,csr,CUSPARSE_SPMM_CSR_ALG2,library-preprocess,spmm.csr.fp32,fp32,A100-SXM4-80GB,A100-SXM4-80GB,,19500.0,2793479a-b9ba-5e32-964d-96d3a38ca48f,suitesparse_all,Schenk_IBMNA/c-26,c-26,4307,4307,34537,16,row-major,N,N,1.0,0.0,20260922,main,pass,pass,0,0,1105184.0,0.01504,0.0256000012159,0.0406400012159,0.0263520012159,43.17124794953436,27.19448737534997,41.93928161073268,0.22139101512581727,0.13945890961717933,0.21507323902939834,cuSPARSE 12.8.6,CUDA,13040,13000,2026-10-07T09:01:30.585432+00:00,source,csr-alg2,0,0,,,,5,20,4,true
3,full-20261009-A100-SXM4-80GB-spmm-fp32-cusparse-csr-alg2-n16-13.4.1,cuSPARSE-CUDA-13.4.1-SpMM-CSR-ALG2,cuSPARSE CUDA 13.4.1 SpMM CSR ALG2 [cuSPARSE 12.8.6],csr-alg2,cuSPARSE-SpMM-CSR,candidate,,,csr,csr,CUSPARSE_SPMM_CSR_ALG2,library-preprocess,spmm.csr.fp32,fp32,A100-SXM4-80GB,A100-SXM4-80GB,,19500.0,238ed034-08d6-5e0f-b7b4-c4d0b9e54f50,suitesparse_all,Schenk_IBMNA/c-31,c-31,5339,5339,78571,16,row-major,N,N,1.0,0.0,20260922,main,pass,pass,0,0,2514272.0,0.02093,0.026883199811,0.047813199811,0.027929699811,93.52577139910319,52.58531137716413,90.02144731286242,0.4796193405082215,0.26966826347263656,0.46164844775826885,cuSPARSE 12.8.6,CUDA,13040,13000,2026-10-07T14:36:31.930416+00:00,source,csr-alg2,0,0,,,,5,20,4,true
3,full-20261009-A100-SXM4-80GB-spmm-fp32-cusparse-csr-alg2-n16-13.4.1,cuSPARSE-CUDA-13.4.1-SpMM-CSR-ALG2,cuSPARSE CUDA 13.4.1 SpMM CSR ALG2 [cuSPARSE 12.8.6],csr-alg2,cuSPARSE-SpMM-CSR,candidate,,,csr,csr,CUSPARSE_SPMM_CSR_ALG2,library-preprocess,spmm.csr.fp32,fp32,A100-SXM4-80GB,A100-SXM4-80GB,,19500.0,df2405bf-ab33-5b32-9511-7da1122118f9,suitesparse_all,Schenk_IBMNA/c-32,c-32,5975,5975,54471,16,row-major,N,N,1.0,0.0,20260922,main,pass,pass,0,0,1743072.0,0.01551,0.0268063992262,0.0423163992262,0.0275818992262,65.02447364494813,41.191406449365026,63.19622828381081,0.3334588392048622,0.21123798179161551,0.32408322196826056,cuSPARSE 12.8.6,CUDA,13040,13000,2026-10-08T09:43:02.296729+00:00,source,csr-alg2,0,0,,,,5,20,4,true
3,full-20261009-A100-SXM4-80GB-spmm-fp32-cusparse-csr-alg2-n16-13.4.1,cuSPARSE-CUDA-13.4.1-SpMM-CSR-ALG2,cuSPARSE CUDA 13.4.1 SpMM CSR ALG2 [cuSPARSE 12.8.6],csr-alg2,cuSPARSE-SpMM-CSR,candidate,,,csr,csr,CUSPARSE_SPMM_CSR_ALG2,library-preprocess,spmm.csr.fp32,fp32,A100-SXM4-80GB,A100-SXM4-80GB,,19500.0,2793479a-b9ba-5e32-964d-96d3a38ca48f,suitesparse_all,Schenk_IBMNA/c-34,c-34,6611,6611,64333,16,row-major,N,N,1.0,0.0,20260922,main,pass,pass,0,0,2058656.0,0.01761,0.0269823998213,0.0445923998213,0.0278628998213,76.29625287721404,46.166073327514944,73.8852026602861,0.39126283526776434,0.2367490939872561,0.3788984751809543,cuSPARSE 12.8.6,CUDA,13040,13000,2026-10-07T09:01:31.941689+00:00,source,csr-alg2,0,0,,,,5,20,4,true
3,full-20261009-A100-SXM4-80GB-spmm-fp32-cusparse-csr-alg2-n16-13.4.1,cuSPARSE-CUDA-13.4.1-SpMM-CSR-ALG2,cuSPARSE CUDA 13.4.1 SpMM CSR ALG2 [cuSPARSE 12.8.6],csr-alg2,cuSPARSE-SpMM-CSR,candidate,,,csr,csr,CUSPARSE_SPMM_CSR_ALG2,library-preprocess,spmm.csr.fp32,fp32,A100-SXM4-80GB,A100-SXM4-80GB,,19500.0,238ed034-08d6-5e0f-b7b4-c4d0b9e54f50,suitesparse_all,Schenk_IBMNA/c-39,c-39,9271,9271,136811,16,row-major,N,N,1.0,0.0,20260922,main,pass,pass,0,0,4377952.0,0.02955,0.0295664012432,0.0591164012432,0.0310439012432,148.07185913459415,74.05647008161857,141.02454345872417,0.759342867356893,0.379776769649326,0.7232027869678163,cuSPARSE 12.8.6,CUDA,13040,13000,2026-10-07T14:36:33.159665+00:00,source,csr-alg2,0,0,,,,5,20,4,true
3,full-20261009-A100-SXM4-80GB-spmm-fp32-cusparse-csr-alg2-n16-13.4.1,cuSPARSE-CUDA-13.4.1-SpMM-CSR-ALG2,cuSPARSE CUDA 13.4.1 SpMM CSR ALG2 [cuSPARSE 12.8.6],csr-alg2,cuSPARSE-SpMM-CSR,candidate,,,csr,csr,CUSPARSE_SPMM_CSR_ALG2,library-preprocess,spmm.csr.fp32,fp32,A100-SXM4-80GB,A100-SXM4-80GB,,19500.0,df2405bf-ab33-5b32-9511-7da1122118f9,suitesparse_all,Schenk_IBMNA/c-40,c-40,9941,9941,81501,16,row-major,N,N,1.0,0.0,20260922,main,pass,pass,0,0,2608032.0,0.01773,0.0287232011557,0.0464532011557,0.0296097011557,90.79879313808472,56.143213710041245,88.08032159074804,0.4656348366055626,0.28791391646175,0.45169395687563096,cuSPARSE 12.8.6,CUDA,13040,13000,2026-10-08T09:43:03.284018+00:00,source,csr-alg2,0,0,,,,5,20,4,true
3,full-20261009-A100-SXM4-80GB-spmm-fp32-cusparse-csr-alg2-n16-13.4.1,cuSPARSE-CUDA-13.4.1-SpMM-CSR-ALG2,cuSPARSE CUDA 13.4.1 SpMM CSR ALG2 [cuSPARSE 12.8.6],csr-alg2,cuSPARSE-SpMM-CSR,candidate,,,csr,csr,CUSPARSE_SPMM_CSR_ALG2,library-preprocess,spmm.csr.fp32,fp32,A100-SXM4-80GB,A100-SXM4-80GB,,19500.0,2793479a-b9ba-5e32-964d-96d3a38ca48f,suitesparse_all,Schenk_IBMNA/c-42,c-42,10471,10471,110285,16,row-major,N,N,1.0,0.0,20260922,main,pass,pass,0,0,3529120.0,0.02557,0.0350719988346,0.0606419988346,0.0363504988346,100.62500334364674,58.195970908307515,97.08587538393911,0.5160256581725473,0.29844087645285905,0.49787628402020057,cuSPARSE 12.8.6,CUDA,13040,13000,2026-10-07T09:01:33.837077+00:00,source,csr-alg2,0,0,,,,5,20,4,true
3,full-20261009-A100-SXM4-80GB-spmm-fp32-cusparse-csr-alg2-n16-13.4.1,cuSPARSE-CUDA-13.4.1-SpMM-CSR-ALG2,cuSPARSE CUDA 13.4.1 SpMM CSR ALG2 [cuSPARSE 12.8.6],csr-alg2,cuSPARSE-SpMM-CSR,candidate,,,csr,csr,CUSPARSE_SPMM_CSR_ALG2,library-preprocess,spmm.csr.fp32,fp32,A100-SXM4-80GB,A100-SXM4-80GB,,19500.0,238ed034-08d6-5e0f-b7b4-c4d0b9e54f50,suitesparse_all,Schenk_IBMNA/c-47,c-47,15343,15343,211401,16,row-major,N,N,1.0,0.0,20260922,main,pass,pass,0,0,6764832.0,0.049249,0.0363968014717,0.0856458014717,0.0388592514717,185.86336508882337,78.98614857653364,174.08549428510273,0.953145461993966,0.40505717218735193,0.8927461245389883,cuSPARSE 12.8.6,CUDA,13040,13000,2026-10-07T14:36:34.950378+00:00,source,csr-alg2,0,0,,,,5,20,4,true
3,full-20261009-A100-SXM4-80GB-spmm-fp32-cusparse-csr-alg2-n16-13.4.1,cuSPARSE-CUDA-13.4.1-SpMM-CSR-ALG2,cuSPARSE CUDA 13.4.1 SpMM CSR ALG2 [cuSPARSE 12.8.6],csr-alg2,cuSPARSE-SpMM-CSR,candidate,,,csr,csr,CUSPARSE_SPMM_CSR_ALG2,library-preprocess,spmm.csr.fp32,fp32,A100-SXM4-80GB,A100-SXM4-80GB,,19500.0,df2405bf-ab33-5b32-9511-7da1122118f9,suitesparse_all,Schenk_IBMNA/c-48,c-48,18354,18354,166080,16,row-major,N,N,1.0,0.0,20260922,main,pass,pass,0,0,5314560.0,0.03043,0.0420352011919,0.0724652011919,0.0435567011919,126.43117790106099,73.33947760561864,122.01474984492901,0.6483650148772359,0.37609988515701864,0.6257166658714308,cuSPARSE 12.8.6,CUDA,13040,13000,2026-10-08T09:43:04.654050+00:00,source,csr-alg2,0,0,,,,5,20,4,true
3,full-20261009-A100-SXM4-80GB-spmm-fp32-cusparse-csr-alg2-n16-13.4.1,cuSPARSE-CUDA-13.4.1-SpMM-CSR-ALG2,cuSPARSE CUDA 13.4.1 SpMM CSR ALG2 [cuSPARSE 12.8.6],csr-alg2,cuSPARSE-SpMM-CSR,candidate,,,csr,csr,CUSPARSE_SPMM_CSR_ALG2,library-preprocess,spmm.csr.fp32,fp32,A100-SXM4-80GB,A100-SXM4-80GB,,19500.0,2793479a-b9ba-5e32-964d-96d3a38ca48f,suitesparse_all,Schenk_IBMNA/c-50,c-50,22401,22401,193625,16,row-major,N,N,1.0,0.0,20260922,main,pass,pass,0,0,6196000.0,0.03866,0.045311999321,0.083971999321,0.047244999321,136.74082125809977,73.78650085863185,131.14615491688514,0.7012349808107681,0.37839231209554797,0.6725443841891545,cuSPARSE 12.8.6,CUDA,13040,13000,2026-10-07T09:01:35.488792+00:00,source,csr-alg2,0,0,,,,5,20,4,true
3,full-20261009-A100-SXM4-80GB-spmm-fp32-cusparse-csr-alg2-n16-13.4.1,cuSPARSE-CUDA-13.4.1-SpMM-CSR-ALG2,cuSPARSE CUDA 13.4.1 SpMM CSR ALG2 [cuSPARSE 12.8.6],csr-alg2,cuSPARSE-SpMM-CSR,candidate,,,csr,csr,CUSPARSE_SPMM_CSR_ALG2,library-preprocess,spmm.csr.fp32,fp32,A100-SXM4-80GB,A100-SXM4-80GB,,19500.0,238ed034-08d6-5e0f-b7b4-c4d0b9e54f50,suitesparse_all,Schenk_IBMNA/c-56,c-56,35910,35910,380900,16,row-major,N,N,1.0,0.0,20260922,main,pass,pass,0,0,12188800.0,0.0522,0.0673280000687,0.119528000069,0.0699380000687,181.03612148827855,101.97443271002413,174.28007646811403,0.9283903666065567,0.5229458087693545,0.8937439818877643,cuSPARSE 12.8.6,CUDA,13040,13000,2026-10-07T14:36:37.685433+00:00,source,csr-alg2,0,0,,,,5,20,4,true
3,full-20261009-A100-SXM4-80GB-spmm-fp32-cusparse-csr-alg2-n16-13.4.1,cuSPARSE-CUDA-13.4.1-SpMM-CSR-ALG2,cuSPARSE CUDA 13.4.1 SpMM CSR ALG2 [cuSPARSE 12.8.6],csr-alg2,cuSPARSE-SpMM-CSR,candidate,,,csr,csr,CUSPARSE_SPMM_CSR_ALG2,library-preprocess,spmm.csr.fp32,fp32,A100-SXM4-80GB,A100-SXM4-80GB,,19500.0,df2405bf-ab33-5b32-9511-7da1122118f9,suitesparse_all,Schenk_IBMNA/c-57,c-57,37833,37833,405197,16,row-major,N,N,1.0,0.0,20260922,main,pass,pass,0,0,12966304.0,0.058871,0.0706560015678,0.129527001568,0.0735995515678,183.5131299859618,100.10502708342906,176.173682091737,0.9410929742869836,0.5133591132483541,0.9034547799576256,cuSPARSE 12.8.6,CUDA,13040,13000,2026-10-08T09:43:06.602526+00:00,source,csr-alg2,0,0,,,,5,20,4,true
3,full-20261009-A100-SXM4-80GB-spmm-fp32-cusparse-csr-alg2-n16-13.4.1,cuSPARSE-CUDA-13.4.1-SpMM-CSR-ALG2,cuSPARSE CUDA 13.4.1 SpMM CSR ALG2 [cuSPARSE 12.8.6],csr-alg2,cuSPARSE-SpMM-CSR,candidate,,,csr,csr,CUSPARSE_SPMM_CSR_ALG2,library-preprocess,spmm.csr.fp32,fp32,A100-SXM4-80GB,A100-SXM4-80GB,,19500.0,2793479a-b9ba-5e32-964d-96d3a38ca48f,suitesparse_all,Schenk_IBMNA/c-61,c-61,43618,43618,310016,16,row-major,N,N,1.0,0.0,20260922,main,pass,pass,0,0,9920512.0,0.043451,0.0524944007397,0.0959454007397,0.0546669507397,188.98228878146622,103.39747318284034,181.47183747703653,0.9691399424690575,0.5302434522196942,0.9306248075745464,cuSPARSE 12.8.6,CUDA,13040,13000,2026-10-07T09:01:37.804287+00:00,source,csr-alg2,0,0,,,,5,20,4,true
3,full-20261009-A100-SXM4-80GB-spmm-fp32-cusparse-csr-alg2-n16-13.4.1,cuSPARSE-CUDA-13.4.1-SpMM-CSR-ALG2,cuSPARSE CUDA 13.4.1 SpMM CSR ALG2 [cuSPARSE 12.8.6],csr-alg2,cuSPARSE-SpMM-CSR,candidate,,,csr,csr,CUSPARSE_SPMM_CSR_ALG2,library-preprocess,spmm.csr.fp32,fp32,A100-SXM4-80GB,A100-SXM4-80GB,,19500.0,238ed034-08d6-5e0f-b7b4-c4d0b9e54f50,suitesparse_all,Schenk_IBMNA/c-64,c-64,51035,51035,717841,16,row-major,N,N,1.0,0.0,20260922,main,pass,pass,0,0,22970912.0,0.06739,0.104908800125,0.172298800125,0.108278300125,218.96077328717803,133.3202087497706,212.14695810223867,1.122875760447067,0.6836933782039517,1.0879331184730188,cuSPARSE 12.8.6,CUDA,13040,13000,2026-10-07T14:30:26.983061+00:00,source,csr-alg2,0,0,,,,5,20,4,true
3,full-20261009-A100-SXM4-80GB-spmm-fp32-cusparse-csr-alg2-n16-13.4.1,cuSPARSE-CUDA-13.4.1-SpMM-CSR-ALG2,cuSPARSE CUDA 13.4.1 SpMM CSR ALG2 [cuSPARSE 12.8.6],csr-alg2,cuSPARSE-SpMM-CSR,candidate,,,csr,csr,CUSPARSE_SPMM_CSR_ALG2,library-preprocess,spmm.csr.fp32,fp32,A100-SXM4-80GB,A100-SXM4-80GB,,19500.0,df2405bf-ab33-5b32-9511-7da1122118f9,suitesparse_all,Schenk_IBMNA/c-66,c-66,49989,49989,499007,16,row-major,N,N,1.0,0.0,20260922,main,pass,pass,0,0,15968224.0,0.04826,0.0681984007359,0.116458400736,0.0706114007359,234.14367239837992,137.11526089215693,226.14229194693615,1.2007367815301535,0.7031551840623432,1.1597040612663394,cuSPARSE 12.8.6,CUDA,13040,13000,2026-10-08T09:37:08.910763+00:00,source,csr-alg2,0,0,,,,5,20,4,true
3,full-20261009-A100-SXM4-80GB-spmm-fp32-cusparse-csr-alg2-n16-13.4.1,cuSPARSE-CUDA-13.4.1-SpMM-CSR-ALG2,cuSPARSE CUDA 13.4.1 SpMM CSR ALG2 [cuSPARSE 12.8.6],csr-alg2,cuSPARSE-SpMM-CSR,candidate,,,csr,csr,CUSPARSE_SPMM_CSR_ALG2,library-preprocess,spmm.csr.fp32,fp32,A100-SXM4-80GB,A100-SXM4-80GB,,19500.0,2793479a-b9ba-5e32-964d-96d3a38ca48f,suitesparse_all,Schenk_IBMNA/c-73,c-73,169422,169422,1279274,16,row-major,N,N,1.0,0.0,20260922,main,pass,pass,0,0,40936768.0,0.04398,0.217907190323,0.261887190323,0.220106190323,187.8633189630877,156.31451064678043,185.98644563302096,0.9634016357081421,0.8016128751116945,0.9537766442719025,cuSPARSE 12.8.6,CUDA,13040,13000,2026-10-07T08:55:30.095471+00:00,source,csr-alg2,0,0,,,,5,20,4,true
3,full-20261009-A100-SXM4-80GB-spmm-fp32-cusparse-csr-alg2-n16-13.4.1,cuSPARSE-CUDA-13.4.1-SpMM-CSR-ALG2,cuSPARSE CUDA 13.4.1 SpMM CSR ALG2 [cuSPARSE 12.8.6],csr-alg2,cuSPARSE-SpMM-CSR,candidate,,,csr,csr,CUSPARSE_SPMM_CSR_ALG2,library-preprocess,spmm.csr.fp32,fp32,A100-SXM4-80GB,A100-SXM4-80GB,,19500.0,238ed034-08d6-5e0f-b7b4-c4d0b9e54f50,suitesparse_all,Schenk_IBMNA/c-73b,c-73b,169422,169422,1279274,16,row-major,N,N,1.0,0.0,20260922,main,pass,pass,0,0,40936768.0,0.04969,0.24345600605,0.29314600605,0.24594050605,168.14852368683225,139.64634398947834,166.44988114189496,0.8623001214709346,0.7161350973819403,0.8535891340609999,cuSPARSE 12.8.6,CUDA,13040,13000,2026-10-07T14:37:31.275985+00:00,source,csr-alg2,0,0,,,,5,20,4,true
3,full-20261009-A100-SXM4-80GB-spmm-fp32-cusparse-csr-alg2-n16-13.4.1,cuSPARSE-CUDA-13.4.1-SpMM-CSR-ALG2,cuSPARSE CUDA 13.4.1 SpMM CSR ALG2 [cuSPARSE 12.8.6],csr-alg2,cuSPARSE-SpMM-CSR,candidate,,,csr,csr,CUSPARSE_SPMM_CSR_ALG2,library-preprocess,spmm.csr.fp32,fp32,A100-SXM4-80GB,A100-SXM4-80GB,,19500.0,238ed034-08d6-5e0f-b7b4-c4d0b9e54f50,suitesparse_all,Schenk_IBMSDS/ibm_matrix_2,ibm_matrix_2,51448,51448,1056610,16,row-major,N,N,1.0,0.0,20260922,main,pass,pass,0,0,33811520.0,0.05936,0.136601603031,0.195961603031,0.139569603031,247.51920365331952,172.54155649385666,242.2556148740358,1.2693292495042026,0.8848284948402906,1.242336486533517,cuSPARSE 12.8.6,CUDA,13040,13000,2026-10-07T14:30:31.750623+00:00,source,csr-alg2,0,0,,,,5,20,4,true
3,full-20261009-A100-SXM4-80GB-spmm-fp32-cusparse-csr-alg2-n16-13.4.1,cuSPARSE-CUDA-13.4.1-SpMM-CSR-ALG2,cuSPARSE CUDA 13.4.1 SpMM CSR ALG2 [cuSPARSE 12.8.6],csr-alg2,cuSPARSE-SpMM-CSR,candidate,,,csr,csr,CUSPARSE_SPMM_CSR_ALG2,library-preprocess,spmm.csr.fp32,fp32,A100-SXM4-80GB,A100-SXM4-80GB,,19500.0,df2405bf-ab33-5b32-9511-7da1122118f9,suitesparse_all,Schenk_IBMSDS/matrix_9,matrix_9,103430,103430,2121550,16,row-major,N,N,1.0,0.0,20260922,main,pass,pass,0,0,67889600.0,0.06942,0.297267198563,0.366687198563,0.300738198563,228.37904864102293,185.14308725816068,225.7431890075586,1.1711746084155021,0.9494517295290291,1.1576573795259415,cuSPARSE 12.8.6,CUDA,13040,13000,2026-10-08T09:37:16.035693+00:00,source,csr-alg2,0,0,,,,5,20,4,true
3,full-20261009-A100-SXM4-80GB-spmm-fp32-cusparse-csr-alg2-n16-13.4.1,cuSPARSE-CUDA-13.4.1-SpMM-CSR-ALG2,cuSPARSE CUDA 13.4.1 SpMM CSR ALG2 [cuSPARSE 12.8.6],csr-alg2,cuSPARSE-SpMM-CSR,candidate,,,csr,csr,CUSPARSE_SPMM_CSR_ALG2,library-preprocess,spmm.csr.fp32,fp32,A100-SXM4-80GB,A100-SXM4-80GB,,19500.0,2793479a-b9ba-5e32-964d-96d3a38ca48f,suitesparse_all,Schenk_ISEI/barrier2-10,barrier2-10,115625,115625,3897557,16,row-major,N,N,1.0,0.0,20260922,main,pass,pass,0,0,124721824.0,0.03783,0.500787210464,0.538617210464,0.502678710464,249.05153604949314,231.5592995859833,248.11439474903344,1.2771873643563751,1.187483587620427,1.2723815115335049,cuSPARSE 12.8.6,CUDA,13040,13000,2026-10-07T08:55:41.835921+00:00,source,csr-alg2,0,0,,,,5,20,4,true
3,full-20261009-A100-SXM4-80GB-spmm-fp32-cusparse-csr-alg2-n16-13.4.1,cuSPARSE-CUDA-13.4.1-SpMM-CSR-ALG2,cuSPARSE CUDA 13.4.1 SpMM CSR ALG2 [cuSPARSE 12.8.6],csr-alg2,cuSPARSE-SpMM-CSR,candidate,,,csr,csr,CUSPARSE_SPMM_CSR_ALG2,library-preprocess,spmm.csr.fp32,fp32,A100-SXM4-80GB,A100-SXM4-80GB,,19500.0,238ed034-08d6-5e0f-b7b4-c4d0b9e54f50,suitesparse_all,Schenk_ISEI/barrier2-3,barrier2-3,113076,113076,3805068,16,row-major,N,N,1.0,0.0,20260922,main,pass,pass,0,0,121762176.0,0.08859,0.520345592499,0.608935592499,0.524775092499,234.00251247488754,199.95903918229243,232.02735369958899,1.200012884486603,1.0254309701656024,1.1898838651260975,cuSPARSE 12.8.6,CUDA,13040,13000,2026-10-07T14:30:42.674557+00:00,source,csr-alg2,0,0,,,,5,20,4,true
3,full-20261009-A100-SXM4-80GB-spmm-fp32-cusparse-csr-alg2-n16-13.4.1,cuSPARSE-CUDA-13.4.1-SpMM-CSR-ALG2,cuSPARSE CUDA 13.4.1 SpMM CSR ALG2 [cuSPARSE 12.8.6],csr-alg2,cuSPARSE-SpMM-CSR,candidate,,,csr,csr,CUSPARSE_SPMM_CSR_ALG2,library-preprocess,spmm.csr.fp32,fp32,A100-SXM4-80GB,A100-SXM4-80GB,,19500.0,df2405bf-ab33-5b32-9511-7da1122118f9,suitesparse_all,Schenk_ISEI/barrier2-4,barrier2-4,113076,113076,3805068,16,row-major,N,N,1.0,0.0,20260922,main,pass,pass,0,0,121762176.0,0.046231,0.514355182648,0.560586182648,0.516666732648,236.72781009640997,217.20509668083668,235.6686976456744,1.2139887697251792,1.1138722906709575,1.2085574238239714,cuSPARSE 12.8.6,CUDA,13040,13000,2026-10-08T09:37:26.799820+00:00,source,csr-alg2,0,0,,,,5,20,4,true
3,full-20261009-A100-SXM4-80GB-spmm-fp32-cusparse-csr-alg2-n16-13.4.1,cuSPARSE-CUDA-13.4.1-SpMM-CSR-ALG2,cuSPARSE CUDA 13.4.1 SpMM CSR ALG2 [cuSPARSE 12.8.6],csr-alg2,cuSPARSE-SpMM-CSR,candidate,,,csr,csr,CUSPARSE_SPMM_CSR_ALG2,library-preprocess,spmm.csr.fp32,fp32,A100-SXM4-80GB,A100-SXM4-80GB,,19500.0,2793479a-b9ba-5e32-964d-96d3a38ca48f,suitesparse_all,Schenk_ISEI/igbt3,igbt3,10938,10938,234006,16,row-major,N,N,1.0,0.0,20260922,main,pass,pass,0,0,7488192.0,0.019551,0.0393727988005,0.0589237988005,0.0403503488005,190.18693687340576,127.08264152066955,185.57936232529443,0.9753176249918245,0.6517058539521515,0.9516890375656124,cuSPARSE 12.8.6,CUDA,13040,13000,2026-10-07T08:55:43.133224+00:00,source,csr-alg2,0,0,,,,5,20,4,true
3,full-20261009-A100-SXM4-80GB-spmm-fp32-cusparse-csr-alg2-n16-13.4.1,cuSPARSE-CUDA-13.4.1-SpMM-CSR-ALG2,cuSPARSE CUDA 13.4.1 SpMM CSR ALG2 [cuSPARSE 12.8.6],csr-alg2,cuSPARSE-SpMM-CSR,candidate,,,csr,csr,CUSPARSE_SPMM_CSR_ALG2,library-preprocess,spmm.csr.fp32,fp32,A100-SXM4-80GB,A100-SXM4-80GB,,19500.0,238ed034-08d6-5e0f-b7b4-c4d0b9e54f50,suitesparse_all,Schenk_ISEI/para-5,para-5,155924,155924,5416358,16,row-major,N,N,1.0,0.0,20260922,main,pass,pass,0,0,173323456.0,0.09044,0.659251213074,0.749691213074,0.663773213074,262.909574624544,231.19312722008883,261.1184853292313,1.3482542288438153,1.1856057806158402,1.3390691555345196,cuSPARSE 12.8.6,CUDA,13040,13000,2026-10-07T14:30:57.195593+00:00,source,csr-alg2,0,0,,,,5,20,4,true
3,full-20261009-A100-SXM4-80GB-spmm-fp32-cusparse-csr-alg2-n16-13.4.1,cuSPARSE-CUDA-13.4.1-SpMM-CSR-ALG2,cuSPARSE CUDA 13.4.1 SpMM CSR ALG2 [cuSPARSE 12.8.6],csr-alg2,cuSPARSE-SpMM-CSR,candidate,,,csr,csr,CUSPARSE_SPMM_CSR_ALG2,library-preprocess,spmm.csr.fp32,fp32,A100-SXM4-80GB,A100-SXM4-80GB,,19500.0,df2405bf-ab33-5b32-9511-7da1122118f9,suitesparse_all,Schenk_ISEI/para-6,para-6,155924,155924,5416358,16,row-major,N,N,1.0,0.0,20260922,main,pass,pass,0,0,173323456.0,0.07163,0.766873598099,0.838503598099,0.770455098099,226.01306972837614,206.7056794901626,224.96243639331297,1.1590413832224418,1.0600291255905774,1.1536535199657076,cuSPARSE 12.8.6,CUDA,13040,13000,2026-10-08T09:37:41.108704+00:00,source,csr-alg2,0,0,,,,5,20,4,true
3,full-20261009-A100-SXM4-80GB-spmm-fp32-cusparse-csr-alg2-n16-13.4.1,cuSPARSE-CUDA-13.4.1-SpMM-CSR-ALG2,cuSPARSE CUDA 13.4.1 SpMM CSR ALG2 [cuSPARSE 12.8.6],csr-alg2,cuSPARSE-SpMM-CSR,candidate,,,csr,csr,CUSPARSE_SPMM_CSR_ALG2,library-preprocess,spmm.csr.fp32,fp32,A100-SXM4-80GB,A100-SXM4-80GB,,19500.0,2793479a-b9ba-5e32-964d-96d3a38ca48f,suitesparse_all,Schenk_ISEI/para-8,para-8,155924,155924,5416358,16,row-major,N,N,1.0,0.0,20260922,main,pass,pass,0,0,173323456.0,0.07813,0.770772790909,0.848902790909,0.774679290909,224.86971263683742,204.1735023799442,223.73575495560777,1.1531780135222431,1.047043601948432,1.1473628459261938,cuSPARSE 12.8.6,CUDA,13040,13000,2026-10-07T08:55:58.823113+00:00,source,csr-alg2,0,0,,,,5,20,4,true
3,full-20261009-A100-SXM4-80GB-spmm-fp32-cusparse-csr-alg2-n16-13.4.1,cuSPARSE-CUDA-13.4.1-SpMM-CSR-ALG2,cuSPARSE CUDA 13.4.1 SpMM CSR ALG2 [cuSPARSE 12.8.6],csr-alg2,cuSPARSE-SpMM-CSR,candidate,,,csr,csr,CUSPARSE_SPMM_CSR_ALG2,library-preprocess,spmm.csr.fp32,fp32,A100-SXM4-80GB,A100-SXM4-80GB,,19500.0,2793479a-b9ba-5e32-964d-96d3a38ca48f,suitesparse_all,Schulthess/N_pid,N_pid,3625,3923,8054,16,row-major,N,N,1.0,0.0,20260922,main,pass,pass,0,0,257728.0,0.01463,0.0275967985392,0.0422267985392,0.0283282985392,9.339054297689968,6.103422682180034,9.097899037012844,0.04789258614199983,0.03129960349835915,0.046655892497501766,cuSPARSE 12.8.6,CUDA,13040,13000,2026-10-07T10:14:02.213041+00:00,source,csr-alg2,0,0,,,,5,20,4,true
3,full-20261009-A100-SXM4-80GB-spmm-fp32-cusparse-csr-alg2-n16-13.4.1,cuSPARSE-CUDA-13.4.1-SpMM-CSR-ALG2,cuSPARSE CUDA 13.4.1 SpMM CSR ALG2 [cuSPARSE 12.8.6],csr-alg2,cuSPARSE-SpMM-CSR,candidate,,,csr,csr,CUSPARSE_SPMM_CSR_ALG2,library-preprocess,spmm.csr.fp32,fp32,A100-SXM4-80GB,A100-SXM4-80GB,,19500.0,238ed034-08d6-5e0f-b7b4-c4d0b9e54f50,suitesparse_all,Shen/shermanACd,shermanACd,6136,6136,53329,16,row-major,N,N,1.0,0.0,20260922,main,pass,pass,0,0,1706528.0,0.01445,0.0244959995151,0.0389459995151,0.0252184995151,69.6655794325947,43.81779954930548,67.66968823732704,0.35725938170561383,0.2247066643554127,0.3470240422427028,cuSPARSE 12.8.6,CUDA,13040,13000,2026-10-07T14:29:35.566471+00:00,source,csr-alg2,0,0,,,,5,20,4,true
3,full-20261009-A100-SXM4-80GB-spmm-fp32-cusparse-csr-alg2-n16-13.4.1,cuSPARSE-CUDA-13.4.1-SpMM-CSR-ALG2,cuSPARSE CUDA 13.4.1 SpMM CSR ALG2 [cuSPARSE 12.8.6],csr-alg2,cuSPARSE-SpMM-CSR,candidate,,,csr,csr,CUSPARSE_SPMM_CSR_ALG2,library-preprocess,spmm.csr.fp32,fp32,A100-SXM4-80GB,A100-SXM4-80GB,,19500.0,2793479a-b9ba-5e32-964d-96d3a38ca48f,suitesparse_all,Shyy/shyy161,shyy161,76480,76480,329762,16,row-major,N,N,1.0,0.0,20260922,main,pass,pass,0,0,10552384.0,0.04661,0.0708607971668,0.117470797167,0.0731912971668,148.9170941043837,89.82984924328397,144.17539254635074,0.7636774056635061,0.46066589355530246,0.7393609874171833,cuSPARSE 12.8.6,CUDA,13040,13000,2026-10-07T08:53:20.114153+00:00,source,csr-alg2,0,0,,,,5,20,4,true
3,full-20261009-A100-SXM4-80GB-spmm-fp32-cusparse-csr-alg2-n16-13.4.1,cuSPARSE-CUDA-13.4.1-SpMM-CSR-ALG2,cuSPARSE CUDA 13.4.1 SpMM CSR ALG2 [cuSPARSE 12.8.6],csr-alg2,cuSPARSE-SpMM-CSR,candidate,,,csr,csr,CUSPARSE_SPMM_CSR_ALG2,library-preprocess,spmm.csr.fp32,fp32,A100-SXM4-80GB,A100-SXM4-80GB,,19500.0,238ed034-08d6-5e0f-b7b4-c4d0b9e54f50,suitesparse_all,Simon/raefsky1,raefsky1,3242,3242,294276,16,row-major,N,N,1.0,0.0,20260922,main,pass,pass,0,0,9416832.0,0.01511,0.0477183997631,0.0628283997631,0.0484738997631,197.34173917713622,149.88177377598333,194.26602864678975,1.0120089188571089,0.7686244809024787,0.9962360443425116,cuSPARSE 12.8.6,CUDA,13040,13000,2026-10-07T14:29:04.159384+00:00,source,csr-alg2,0,0,,,,5,20,4,true
3,full-20261009-A100-SXM4-80GB-spmm-fp32-cusparse-csr-alg2-n16-13.4.1,cuSPARSE-CUDA-13.4.1-SpMM-CSR-ALG2,cuSPARSE CUDA 13.4.1 SpMM CSR ALG2 [cuSPARSE 12.8.6],csr-alg2,cuSPARSE-SpMM-CSR,candidate,,,csr,csr,CUSPARSE_SPMM_CSR_ALG2,library-preprocess,spmm.csr.fp32,fp32,A100-SXM4-80GB,A100-SXM4-80GB,,19500.0,df2405bf-ab33-5b32-9511-7da1122118f9,suitesparse_all,Simon/raefsky2,raefsky2,3242,3242,294276,16,row-major,N,N,1.0,0.0,20260922,main,pass,pass,0,0,9416832.0,0.01768,0.0468479990959,0.0645279990959,0.0477319990959,201.00820060048486,145.93404618055683,197.28551450527598,1.0308112851306914,0.7483797240028556,1.0117205872065433,cuSPARSE 12.8.6,CUDA,13040,13000,2026-10-08T09:35:13.694118+00:00,source,csr-alg2,0,0,,,,5,20,4,true
3,full-20261009-A100-SXM4-80GB-spmm-fp32-cusparse-csr-alg2-n16-13.4.1,cuSPARSE-CUDA-13.4.1-SpMM-CSR-ALG2,cuSPARSE CUDA 13.4.1 SpMM CSR ALG2 [cuSPARSE 12.8.6],csr-alg2,cuSPARSE-SpMM-CSR,candidate,,,csr,csr,CUSPARSE_SPMM_CSR_ALG2,library-preprocess,spmm.csr.fp32,fp32,A100-SXM4-80GB,A100-SXM4-80GB,,19500.0,2793479a-b9ba-5e32-964d-96d3a38ca48f,suitesparse_all,Simon/raefsky4,raefsky4,19779,19779,1328611,16,row-major,N,N,1.0,0.0,20260922,main,pass,pass,0,0,42515552.0,0.03478,0.15332159996,0.18810159996,0.15506059996,277.29655841767806,226.02440388088658,274.18668579231263,1.4220336329111694,1.1590995070814696,1.4060855681657058,cuSPARSE 12.8.6,CUDA,13040,13000,2026-10-07T08:53:24.251613+00:00,source,csr-alg2,0,0,,,,5,20,4,true
3,full-20261009-A100-SXM4-80GB-spmm-fp32-cusparse-csr-alg2-n16-13.4.1,cuSPARSE-CUDA-13.4.1-SpMM-CSR-ALG2,cuSPARSE CUDA 13.4.1 SpMM CSR ALG2 [cuSPARSE 12.8.6],csr-alg2,cuSPARSE-SpMM-CSR,candidate,,,csr,csr,CUSPARSE_SPMM_CSR_ALG2,library-preprocess,spmm.csr.fp32,fp32,A100-SXM4-80GB,A100-SXM4-80GB,,19500.0,238ed034-08d6-5e0f-b7b4-c4d0b9e54f50,suitesparse_all,Simon/venkat50,venkat50,62424,62424,1717792,16,row-major,N,N,1.0,0.0,20260922,main,pass,pass,0,0,54969344.0,0.05975,0.169932794571,0.229682794571,0.172920294571,323.47696122323896,239.3272169239815,317.88833194145366,1.6588562114012255,1.227319061148623,1.6301965740587367,cuSPARSE 12.8.6,CUDA,13040,13000,2026-10-07T14:29:09.218168+00:00,source,csr-alg2,0,0,,,,5,20,4,true
3,full-20261009-A100-SXM4-80GB-spmm-fp32-cusparse-csr-alg2-n16-13.4.1,cuSPARSE-CUDA-13.4.1-SpMM-CSR-ALG2,cuSPARSE CUDA 13.4.1 SpMM CSR ALG2 [cuSPARSE 12.8.6],csr-alg2,cuSPARSE-SpMM-CSR,candidate,,,csr,csr,CUSPARSE_SPMM_CSR_ALG2,library-preprocess,spmm.csr.fp32,fp32,A100-SXM4-80GB,A100-SXM4-80GB,,19500.0,2793479a-b9ba-5e32-964d-96d3a38ca48f,suitesparse_all,Sinclair/3Dspectralwave2,3Dspectralwave2,292008,292008,14322744,16,row-major,N,N,1.0,0.0,20260922,main,pass,pass,0,0,458327808.0,1.01396,1.96270084381,2.97666084381,2.01339884381,233.51893358862213,153.973808925225,227.6388552665978,1.1975329927621647,0.7896092765396153,1.1673787449569117,cuSPARSE 12.8.6,CUDA,13040,13000,2026-10-07T09:04:32.641506+00:00,source,csr-alg2,0,0,,,,5,20,4,true
3,full-20261009-A100-SXM4-80GB-spmm-fp32-cusparse-csr-alg2-n16-13.4.1,cuSPARSE-CUDA-13.4.1-SpMM-CSR-ALG2,cuSPARSE CUDA 13.4.1 SpMM CSR ALG2 [cuSPARSE 12.8.6],csr-alg2,cuSPARSE-SpMM-CSR,candidate,,,csr,csr,CUSPARSE_SPMM_CSR_ALG2,library-preprocess,spmm.csr.fp32,fp32,A100-SXM4-80GB,A100-SXM4-80GB,,19500.0,238ed034-08d6-5e0f-b7b4-c4d0b9e54f50,suitesparse_all,Sorensen/Linux_call_graph,Linux_call_graph,324085,324085,1208908,16,row-major,N,N,1.0,0.0,20260922,main,pass,pass,0,0,38685056.0,0.05984,0.280780792236,0.340620792236,0.283772792236,137.7767178870437,113.57220957080318,136.32404888142878,0.7065472712156087,0.5824215875425804,0.6990976865714297,cuSPARSE 12.8.6,CUDA,13040,13000,2026-10-07T15:37:12.427985+00:00,source,csr-alg2,0,0,,,,5,20,4,true
3,full-20261009-A100-SXM4-80GB-spmm-fp32-cusparse-csr-alg2-n16-13.4.1,cuSPARSE-CUDA-13.4.1-SpMM-CSR-ALG2,cuSPARSE CUDA 13.4.1 SpMM CSR ALG2 [cuSPARSE 12.8.6],csr-alg2,cuSPARSE-SpMM-CSR,candidate,,,csr,csr,CUSPARSE_SPMM_CSR_ALG2,library-preprocess,spmm.csr.fp32,fp32,A100-SXM4-80GB,A100-SXM4-80GB,,19500.0,2793479a-b9ba-5e32-964d-96d3a38ca48f,suitesparse_all,Stevenson/LargeRegFile,LargeRegFile,2111154,801374,4944201,16,row-major,N,N,1.0,0.0,20260922,main,pass,pass,0,0,158214432.0,0.26179,1.00264959335,1.26443959335,1.01573909335,157.7963358778038,125.12612926081148,155.76286571603188,0.8092119788605323,0.6416724577477512,0.7987839267488814,cuSPARSE 12.8.6,CUDA,13040,13000,2026-10-07T09:31:53.821269+00:00,source,csr-alg2,0,0,,,,5,20,4,true
3,full-20261009-A100-SXM4-80GB-spmm-fp32-cusparse-csr-alg2-n16-13.4.1,cuSPARSE-CUDA-13.4.1-SpMM-CSR-ALG2,cuSPARSE CUDA 13.4.1 SpMM CSR ALG2 [cuSPARSE 12.8.6],csr-alg2,cuSPARSE-SpMM-CSR,candidate,,,csr,csr,CUSPARSE_SPMM_CSR_ALG2,library-preprocess,spmm.csr.fp32,fp32,A100-SXM4-80GB,A100-SXM4-80GB,,19500.0,238ed034-08d6-5e0f-b7b4-c4d0b9e54f50,suitesparse_all,Szczerba/Ill_Stokes,Ill_Stokes,20896,20896,191368,16,row-major,N,N,1.0,0.0,20260922,main,pass,pass,0,0,6123776.0,0.01909,0.0433151990175,0.0624051990175,0.0442696990175,141.37707176471474,98.12926000416628,138.32883746463344,0.7250106244344346,0.5032269743803399,0.7093786536647869,cuSPARSE 12.8.6,CUDA,13040,13000,2026-10-07T14:41:37.364310+00:00,source,csr-alg2,0,0,,,,5,20,4,true
3,full-20261009-A100-SXM4-80GB-spmm-fp32-cusparse-csr-alg2-n16-13.4.1,cuSPARSE-CUDA-13.4.1-SpMM-CSR-ALG2,cuSPARSE CUDA 13.4.1 SpMM CSR ALG2 [cuSPARSE 12.8.6],csr-alg2,cuSPARSE-SpMM-CSR,candidate,,,csr,csr,CUSPARSE_SPMM_CSR_ALG2,library-preprocess,spmm.csr.fp32,fp32,A100-SXM4-80GB,A100-SXM4-80GB,,19500.0,2793479a-b9ba-5e32-964d-96d3a38ca48f,suitesparse_all,TKK/cyl6,cyl6,13681,13681,714241,16,row-major,N,N,1.0,0.0,20260922,main,pass,pass,0,0,22855712.0,0.02118,0.0912895977497,0.11246959775,0.0923485977497,250.3649108266019,203.21680220466513,247.4938716660075,1.2839226196235995,1.0421374472034108,1.2691993418769614,cuSPARSE 12.8.6,CUDA,13040,13000,2026-10-07T09:25:58.740173+00:00,source,csr-alg2,0,0,,,,5,20,4,true
3,full-20261009-A100-SXM4-80GB-spmm-fp32-cusparse-csr-alg2-n16-13.4.1,cuSPARSE-CUDA-13.4.1-SpMM-CSR-ALG2,cuSPARSE CUDA 13.4.1 SpMM CSR ALG2 [cuSPARSE 12.8.6],csr-alg2,cuSPARSE-SpMM-CSR,candidate,,,csr,csr,CUSPARSE_SPMM_CSR_ALG2,library-preprocess,spmm.csr.fp32,fp32,A100-SXM4-80GB,A100-SXM4-80GB,,19500.0,238ed034-08d6-5e0f-b7b4-c4d0b9e54f50,suitesparse_all,TKK/engine,engine,143571,143571,4706073,16,row-major,N,N,1.0,0.0,20260922,main,pass,pass,0,0,150594336.0,0.09706,1.1950592041,1.2921192041,1.1999122041,126.01412171325242,116.54833046529441,125.5044623143524,0.6462262651961662,0.5976837459758688,0.6436126272530892,cuSPARSE 12.8.6,CUDA,13040,13000,2026-10-07T14:46:21.933675+00:00,source,csr-alg2,0,0,,,,5,20,4,true
3,full-20261009-A100-SXM4-80GB-spmm-fp32-cusparse-csr-alg2-n16-13.4.1,cuSPARSE-CUDA-13.4.1-SpMM-CSR-ALG2,cuSPARSE CUDA 13.4.1 SpMM CSR ALG2 [cuSPARSE 12.8.6],csr-alg2,cuSPARSE-SpMM-CSR,candidate,,,csr,csr,CUSPARSE_SPMM_CSR_ALG2,library-preprocess,spmm.csr.fp32,fp32,A100-SXM4-80GB,A100-SXM4-80GB,,19500.0,df2405bf-ab33-5b32-9511-7da1122118f9,suitesparse_all,TKK/plbuckle,plbuckle,1282,1282,30644,16,row-major,N,N,1.0,0.0,20260922,main,pass,pass,0,0,980608.0,0.01477,0.0176495999098,0.0324195999098,0.0183880999098,55.55978634141808,30.247381297989914,53.32840286980286,0.2849219812380414,0.15511477588712774,0.2734789890759121,cuSPARSE 12.8.6,CUDA,13040,13000,2026-10-08T09:55:22.239838+00:00,source,csr-alg2,0,0,,,,5,20,4,true
3,full-20261009-A100-SXM4-80GB-spmm-fp32-cusparse-csr-alg2-n16-13.4.1,cuSPARSE-CUDA-13.4.1-SpMM-CSR-ALG2,cuSPARSE CUDA 13.4.1 SpMM CSR ALG2 [cuSPARSE 12.8.6],csr-alg2,cuSPARSE-SpMM-CSR,candidate,,,csr,csr,CUSPARSE_SPMM_CSR_ALG2,library-preprocess,spmm.csr.fp32,fp32,A100-SXM4-80GB,A100-SXM4-80GB,,19500.0,df2405bf-ab33-5b32-9511-7da1122118f9,suitesparse_all,TOKAMAK/utm1700b,utm1700b,1700,1700,21509,16,row-major,N,N,1.0,0.0,20260922,main,pass,pass,0,0,688288.0,0.018969,0.0211456000805,0.0401146000805,0.0220940500805,32.54993934339673,17.1580421746391,31.15264052956395,0.16692276586357296,0.0879899598699441,0.15975713092084076,cuSPARSE 12.8.6,CUDA,13040,13000,2026-10-08T09:35:14.324141+00:00,source,csr-alg2,0,0,,,,5,20,4,true
3,full-20261009-A100-SXM4-80GB-spmm-fp32-cusparse-csr-alg2-n16-13.4.1,cuSPARSE-CUDA-13.4.1-SpMM-CSR-ALG2,cuSPARSE CUDA 13.4.1 SpMM CSR ALG2 [cuSPARSE 12.8.6],csr-alg2,cuSPARSE-SpMM-CSR,candidate,,,csr,csr,CUSPARSE_SPMM_CSR_ALG2,library-preprocess,spmm.csr.fp32,fp32,A100-SXM4-80GB,A100-SXM4-80GB,,19500.0,2793479a-b9ba-5e32-964d-96d3a38ca48f,suitesparse_all,TOKAMAK/utm3060,utm3060,3060,3060,42211,16,row-major,N,N,1.0,0.0,20260922,main,pass,pass,0,0,1350752.0,0.01471,0.0187391996384,0.0334491996384,0.0194746996384,72.08162707397948,40.38219193888645,69.35932389614892,0.36964936961015116,0.20708816378916128,0.35568884049307137,cuSPARSE 12.8.6,CUDA,13040,13000,2026-10-07T08:53:25.455895+00:00,source,csr-alg2,0,0,,,,5,20,4,true
3,full-20261009-A100-SXM4-80GB-spmm-fp32-cusparse-csr-alg2-n16-13.4.1,cuSPARSE-CUDA-13.4.1-SpMM-CSR-ALG2,cuSPARSE CUDA 13.4.1 SpMM CSR ALG2 [cuSPARSE 12.8.6],csr-alg2,cuSPARSE-SpMM-CSR,candidate,,,csr,csr,CUSPARSE_SPMM_CSR_ALG2,library-preprocess,spmm.csr.fp32,fp32,A100-SXM4-80GB,A100-SXM4-80GB,,19500.0,238ed034-08d6-5e0f-b7b4-c4d0b9e54f50,suitesparse_all,TSOPF/TSOPF_FS_b162_c3,TSOPF_FS_b162_c3,30798,30798,1801300,16,row-major,N,N,1.0,0.0,20260922,main,pass,pass,0,0,57641600.0,0.26865,0.205311989784,0.473961989784,0.218744489784,280.7512608525312,121.61650352229546,263.51109487109096,1.439750055654006,0.6236743770374126,1.3513389480568767,cuSPARSE 12.8.6,CUDA,13040,13000,2026-10-07T14:48:55.163025+00:00,source,csr-alg2,0,0,,,,5,20,4,true
3,full-20261009-A100-SXM4-80GB-spmm-fp32-cusparse-csr-alg2-n16-13.4.1,cuSPARSE-CUDA-13.4.1-SpMM-CSR-ALG2,cuSPARSE CUDA 13.4.1 SpMM CSR ALG2 [cuSPARSE 12.8.6],csr-alg2,cuSPARSE-SpMM-CSR,candidate,,,csr,csr,CUSPARSE_SPMM_CSR_ALG2,library-preprocess,spmm.csr.fp32,fp32,A100-SXM4-80GB,A100-SXM4-80GB,,19500.0,df2405bf-ab33-5b32-9511-7da1122118f9,suitesparse_all,TSOPF/TSOPF_FS_b162_c4,TSOPF_FS_b162_c4,40798,40798,2398220,16,row-major,N,N,1.0,0.0,20260922,main,pass,pass,0,0,76743040.0,0.05446,0.281499195099,0.335959195099,0.284222195099,272.6225912404842,228.4296459794335,270.01072162316154,1.3980645704640215,1.1714340819458129,1.3846703672982643,cuSPARSE 12.8.6,CUDA,13040,13000,2026-10-08T09:59:11.456270+00:00,source,csr-alg2,0,0,,,,5,20,4,true
3,full-20261009-A100-SXM4-80GB-spmm-fp32-cusparse-csr-alg2-n16-13.4.1,cuSPARSE-CUDA-13.4.1-SpMM-CSR-ALG2,cuSPARSE CUDA 13.4.1 SpMM CSR ALG2 [cuSPARSE 12.8.6],csr-alg2,cuSPARSE-SpMM-CSR,candidate,,,csr,csr,CUSPARSE_SPMM_CSR_ALG2,library-preprocess,spmm.csr.fp32,fp32,A100-SXM4-80GB,A100-SXM4-80GB,,19500.0,2793479a-b9ba-5e32-964d-96d3a38ca48f,suitesparse_all,TSOPF/TSOPF_FS_b300_c2,TSOPF_FS_b300_c2,56814,56814,8767466,16,row-major,N,N,1.0,0.0,20260922,main,pass,pass,0,0,280558912.0,0.09347,1.02748155594,1.12095155594,1.03215505594,273.0549374614597,250.2863843787886,271.81857065505585,1.4002817305715882,1.2835199198912235,1.3939413879746454,cuSPARSE 12.8.6,CUDA,13040,13000,2026-10-07T09:30:20.183589+00:00,source,csr-alg2,0,0,,,,5,20,4,true
3,full-20261009-A100-SXM4-80GB-spmm-fp32-cusparse-csr-alg2-n16-13.4.1,cuSPARSE-CUDA-13.4.1-SpMM-CSR-ALG2,cuSPARSE CUDA 13.4.1 SpMM CSR ALG2 [cuSPARSE 12.8.6],csr-alg2,cuSPARSE-SpMM-CSR,candidate,,,csr,csr,CUSPARSE_SPMM_CSR_ALG2,library-preprocess,spmm.csr.fp32,fp32,A100-SXM4-80GB,A100-SXM4-80GB,,19500.0,238ed034-08d6-5e0f-b7b4-c4d0b9e54f50,suitesparse_all,TSOPF/TSOPF_FS_b9_c1,TSOPF_FS_b9_c1,2454,2454,25032,16,row-major,N,N,1.0,0.0,20260922,main,pass,pass,0,0,801024.0,0.01453,0.0224255993962,0.0369555993962,0.0231520993962,35.719179043915894,21.67530802063966,34.598331075387215,0.18317527714828663,0.11115542574687005,0.17742733884813955,cuSPARSE 12.8.6,CUDA,13040,13000,2026-10-07T14:48:55.862685+00:00,source,csr-alg2,0,0,,,,5,20,4,true
3,full-20261009-A100-SXM4-80GB-spmm-fp32-cusparse-csr-alg2-n16-13.4.1,cuSPARSE-CUDA-13.4.1-SpMM-CSR-ALG2,cuSPARSE CUDA 13.4.1 SpMM CSR ALG2 [cuSPARSE 12.8.6],csr-alg2,cuSPARSE-SpMM-CSR,candidate,,,csr,csr,CUSPARSE_SPMM_CSR_ALG2,library-preprocess,spmm.csr.fp32,fp32,A100-SXM4-80GB,A100-SXM4-80GB,,19500.0,df2405bf-ab33-5b32-9511-7da1122118f9,suitesparse_all,TSOPF/TSOPF_FS_b9_c6,TSOPF_FS_b9_c6,14454,14454,147972,16,row-major,N,N,1.0,0.0,20260922,main,pass,pass,0,0,4735104.0,0.015351,0.036812800169,0.052163800169,0.037580350169,128.62656408265903,90.77375468541855,125.99946457939032,0.6596234055520976,0.46550643428419775,0.6461511004071299,cuSPARSE 12.8.6,CUDA,13040,13000,2026-10-08T09:59:13.249919+00:00,source,csr-alg2,0,0,,,,5,20,4,true
3,full-20261009-A100-SXM4-80GB-spmm-fp32-cusparse-csr-alg2-n16-13.4.1,cuSPARSE-CUDA-13.4.1-SpMM-CSR-ALG2,cuSPARSE CUDA 13.4.1 SpMM CSR ALG2 [cuSPARSE 12.8.6],csr-alg2,cuSPARSE-SpMM-CSR,candidate,,,csr,csr,CUSPARSE_SPMM_CSR_ALG2,library-preprocess,spmm.csr.fp32,fp32,A100-SXM4-80GB,A100-SXM4-80GB,,19500.0,2793479a-b9ba-5e32-964d-96d3a38ca48f,suitesparse_all,TSOPF/TSOPF_RS_b162_c3,TSOPF_RS_b162_c3,15374,15374,610299,16,row-major,N,N,1.0,0.0,20260922,main,pass,pass,0,0,19529568.0,3.509942,0.0821759998798,3.59211799988,0.25767309988,237.65537417939757,5.436783535689088,75.7920326533699,1.2187455086122951,0.02788094120866199,0.3886770905301021,cuSPARSE 12.8.6,CUDA,13040,13000,2026-10-07T09:30:23.130291+00:00,source,csr-alg2,0,0,,,,5,20,4,true
3,full-20261009-A100-SXM4-80GB-spmm-fp32-cusparse-csr-alg2-n16-13.4.1,cuSPARSE-CUDA-13.4.1-SpMM-CSR-ALG2,cuSPARSE CUDA 13.4.1 SpMM CSR ALG2 [cuSPARSE 12.8.6],csr-alg2,cuSPARSE-SpMM-CSR,candidate,,,csr,csr,CUSPARSE_SPMM_CSR_ALG2,library-preprocess,spmm.csr.fp32,fp32,A100-SXM4-80GB,A100-SXM4-80GB,,19500.0,238ed034-08d6-5e0f-b7b4-c4d0b9e54f50,suitesparse_all,TSOPF/TSOPF_RS_b300_c2,TSOPF_RS_b300_c2,28338,28338,2943887,16,row-major,N,N,1.0,0.0,20260922,main,pass,pass,0,0,94204384.0,0.27123,0.268646407127,0.539876407127,0.282207907127,350.66310771640354,174.492500054442,333.81199328906786,1.798272347263608,0.8948333336125232,1.7118563758413738,cuSPARSE 12.8.6,CUDA,13040,13000,2026-10-07T14:49:04.688501+00:00,source,csr-alg2,0,0,,,,5,20,4,true
3,full-20261009-A100-SXM4-80GB-spmm-fp32-cusparse-csr-alg2-n16-13.4.1,cuSPARSE-CUDA-13.4.1-SpMM-CSR-ALG2,cuSPARSE CUDA 13.4.1 SpMM CSR ALG2 [cuSPARSE 12.8.6],csr-alg2,cuSPARSE-SpMM-CSR,candidate,,,csr,csr,CUSPARSE_SPMM_CSR_ALG2,library-preprocess,spmm.csr.fp32,fp32,A100-SXM4-80GB,A100-SXM4-80GB,,19500.0,df2405bf-ab33-5b32-9511-7da1122118f9,suitesparse_all,TSOPF/TSOPF_RS_b300_c3,TSOPF_RS_b300_c3,42138,42138,4413449,16,row-major,N,N,1.0,0.0,20260922,main,pass,pass,0,0,141230368.0,0.04524,0.508620786667,0.553860786667,0.510882786667,277.6732129362719,254.9925385580917,276.443778662787,1.423965194544984,1.3076540438876496,1.4176604033989075,cuSPARSE 12.8.6,CUDA,13040,13000,2026-10-08T09:59:25.423185+00:00,source,csr-alg2,0,0,,,,5,20,4,true
3,full-20261009-A100-SXM4-80GB-spmm-fp32-cusparse-csr-alg2-n16-13.4.1,cuSPARSE-CUDA-13.4.1-SpMM-CSR-ALG2,cuSPARSE CUDA 13.4.1 SpMM CSR ALG2 [cuSPARSE 12.8.6],csr-alg2,cuSPARSE-SpMM-CSR,candidate,,,csr,csr,CUSPARSE_SPMM_CSR_ALG2,library-preprocess,spmm.csr.fp32,fp32,A100-SXM4-80GB,A100-SXM4-80GB,,19500.0,2793479a-b9ba-5e32-964d-96d3a38ca48f,suitesparse_all,TSOPF/TSOPF_RS_b39_c30,TSOPF_RS_b39_c30,60098,60098,1079986,16,row-major,N,N,1.0,0.0,20260922,main,pass,pass,0,0,34559552.0,0.04368,0.138598394394,0.182278394394,0.140782394394,249.35030561577776,189.5976323189381,245.48205866764894,1.2787195159783473,0.9722955503535289,1.2588823521417893,cuSPARSE 12.8.6,CUDA,13040,13000,2026-10-07T09:30:27.405446+00:00,source,csr-alg2,0,0,,,,5,20,4,true
3,full-20261009-A100-SXM4-80GB-spmm-fp32-cusparse-csr-alg2-n16-13.4.1,cuSPARSE-CUDA-13.4.1-SpMM-CSR-ALG2,cuSPARSE CUDA 13.4.1 SpMM CSR ALG2 [cuSPARSE 12.8.6],csr-alg2,cuSPARSE-SpMM-CSR,candidate,,,csr,csr,CUSPARSE_SPMM_CSR_ALG2,library-preprocess,spmm.csr.fp32,fp32,A100-SXM4-80GB,A100-SXM4-80GB,,19500.0,238ed034-08d6-5e0f-b7b4-c4d0b9e54f50,suitesparse_all,Tromble/language,language,399130,399130,1216334,16,row-major,N,N,1.0,0.0,20260922,main,pass,pass,0,0,38922688.0,0.05573,0.336998391151,0.392728391151,0.339784891151,115.49814189635042,99.10841405156937,114.55096743163544,0.5922981635710278,0.5082482771875352,0.5874408586237715,cuSPARSE 12.8.6,CUDA,13040,13000,2026-10-07T14:31:05.746152+00:00,source,csr-alg2,0,0,,,,5,20,4,true
3,full-20261009-A100-SXM4-80GB-spmm-fp32-cusparse-csr-alg2-n16-13.4.1,cuSPARSE-CUDA-13.4.1-SpMM-CSR-ALG2,cuSPARSE CUDA 13.4.1 SpMM CSR ALG2 [cuSPARSE 12.8.6],csr-alg2,cuSPARSE-SpMM-CSR,candidate,,,csr,csr,CUSPARSE_SPMM_CSR_ALG2,library-preprocess,spmm.csr.fp32,fp32,A100-SXM4-80GB,A100-SXM4-80GB,,19500.0,df2405bf-ab33-5b32-9511-7da1122118f9,suitesparse_all,UTEP/Dubcova1,Dubcova1,16129,16129,253009,16,row-major,N,N,1.0,0.0,20260922,main,pass,pass,0,0,8096288.0,0.20644,0.0470016002655,0.253441600266,0.0573236002655,172.25558181564335,31.945379099179178,141.23830259267092,0.8833619580289402,0.16382245691886757,0.7242989876547227,cuSPARSE 12.8.6,CUDA,13040,13000,2026-10-08T09:45:11.008544+00:00,source,csr-alg2,0,0,,,,5,20,4,true
3,full-20261009-A100-SXM4-80GB-spmm-fp32-cusparse-csr-alg2-n16-13.4.1,cuSPARSE-CUDA-13.4.1-SpMM-CSR-ALG2,cuSPARSE CUDA 13.4.1 SpMM CSR ALG2 [cuSPARSE 12.8.6],csr-alg2,cuSPARSE-SpMM-CSR,candidate,,,csr,csr,CUSPARSE_SPMM_CSR_ALG2,library-preprocess,spmm.csr.fp32,fp32,A100-SXM4-80GB,A100-SXM4-80GB,,19500.0,2793479a-b9ba-5e32-964d-96d3a38ca48f,suitesparse_all,UTEP/Dubcova3,Dubcova3,146689,146689,3636649,16,row-major,N,N,1.0,0.0,20260922,main,pass,pass,0,0,116372768.0,0.04689,0.491110420227,0.538000420227,0.493454920227,236.95845823472942,216.3060912682903,235.8326226567282,1.2151715806909202,1.1092620065040528,1.2093980649062985,cuSPARSE 12.8.6,CUDA,13040,13000,2026-10-07T09:03:54.298904+00:00,source,csr-alg2,0,0,,,,5,20,4,true
3,full-20261009-A100-SXM4-80GB-spmm-fp32-cusparse-csr-alg2-n16-13.4.1,cuSPARSE-CUDA-13.4.1-SpMM-CSR-ALG2,cuSPARSE CUDA 13.4.1 SpMM CSR ALG2 [cuSPARSE 12.8.6],csr-alg2,cuSPARSE-SpMM-CSR,candidate,,,csr,csr,CUSPARSE_SPMM_CSR_ALG2,library-preprocess,spmm.csr.fp32,fp32,A100-SXM4-80GB,A100-SXM4-80GB,,19500.0,df2405bf-ab33-5b32-9511-7da1122118f9,suitesparse_all,Um/2cubes_sphere,2cubes_sphere,101492,101492,1647264,16,row-major,N,N,1.0,0.0,20260922,main,pass,pass,0,0,52712448.0,0.04087,0.244428801537,0.285298801537,0.246472301537,215.65563333182217,184.7622482675021,213.86763409634855,1.105926324778575,0.9474987090641133,1.0967570979299925,cuSPARSE 12.8.6,CUDA,13040,13000,2026-10-08T09:55:27.932429+00:00,source,csr-alg2,0,0,,,,5,20,4,true
3,full-20261009-A100-SXM4-80GB-spmm-fp32-cusparse-csr-alg2-n16-13.4.1,cuSPARSE-CUDA-13.4.1-SpMM-CSR-ALG2,cuSPARSE CUDA 13.4.1 SpMM CSR ALG2 [cuSPARSE 12.8.6],csr-alg2,cuSPARSE-SpMM-CSR,candidate,,,csr,csr,CUSPARSE_SPMM_CSR_ALG2,library-preprocess,spmm.csr.fp32,fp32,A100-SXM4-80GB,A100-SXM4-80GB,,19500.0,2793479a-b9ba-5e32-964d-96d3a38ca48f,suitesparse_all,VDOL/dynamicSoaringProblem_1,dynamicSoaringProblem_1,647,647,5367,16,row-major,N,N,1.0,0.0,20260922,main,pass,pass,0,0,171744.0,0.01562,0.0220159992576,0.0376359992576,0.0227969992576,7.800872356075928,4.563290556589088,7.533623090448821,0.04000447362090219,0.023401490033790193,0.038633964566404215,cuSPARSE 12.8.6,CUDA,13040,13000,2026-10-07T10:17:32.945015+00:00,source,csr-alg2,0,0,,,,5,20,4,true
3,full-20261009-A100-SXM4-80GB-spmm-fp32-cusparse-csr-alg2-n16-13.4.1,cuSPARSE-CUDA-13.4.1-SpMM-CSR-ALG2,cuSPARSE CUDA 13.4.1 SpMM CSR ALG2 [cuSPARSE 12.8.6],csr-alg2,cuSPARSE-SpMM-CSR,candidate,,,csr,csr,CUSPARSE_SPMM_CSR_ALG2,library-preprocess,spmm.csr.fp32,fp32,A100-SXM4-80GB,A100-SXM4-80GB,,19500.0,238ed034-08d6-5e0f-b7b4-c4d0b9e54f50,suitesparse_all,VDOL/dynamicSoaringProblem_6,dynamicSoaringProblem_6,3431,3431,36741,16,row-major,N,N,1.0,0.0,20260922,main,pass,pass,0,0,1175712.0,0.01535,0.020382399857,0.035732399857,0.021149899857,57.68270705356715,32.903247604559574,55.58948306844458,0.29580875412085716,0.1687346031003055,0.28507427214586967,cuSPARSE 12.8.6,CUDA,13040,13000,2026-10-07T15:38:45.951667+00:00,source,csr-alg2,0,0,,,,5,20,4,true
3,full-20261009-A100-SXM4-80GB-spmm-fp32-cusparse-csr-alg2-n16-13.4.1,cuSPARSE-CUDA-13.4.1-SpMM-CSR-ALG2,cuSPARSE CUDA 13.4.1 SpMM CSR ALG2 [cuSPARSE 12.8.6],csr-alg2,cuSPARSE-SpMM-CSR,candidate,,,csr,csr,CUSPARSE_SPMM_CSR_ALG2,library-preprocess,spmm.csr.fp32,fp32,A100-SXM4-80GB,A100-SXM4-80GB,,19500.0,df2405bf-ab33-5b32-9511-7da1122118f9,suitesparse_all,VDOL/dynamicSoaringProblem_7,dynamicSoaringProblem_7,3511,3511,37680,16,row-major,N,N,1.0,0.0,20260922,main,pass,pass,0,0,1205760.0,0.0134,0.0240639999509,0.0374639999509,0.0247339999509,50.10638308096008,32.18449715941327,48.74909041778848,0.2569558106715901,0.16504870338160652,0.24999533547583838,cuSPARSE 12.8.6,CUDA,13040,13000,2026-10-08T11:03:38.625891+00:00,source,csr-alg2,0,0,,,,5,20,4,true
3,full-20261009-A100-SXM4-80GB-spmm-fp32-cusparse-csr-alg2-n16-13.4.1,cuSPARSE-CUDA-13.4.1-SpMM-CSR-ALG2,cuSPARSE CUDA 13.4.1 SpMM CSR ALG2 [cuSPARSE 12.8.6],csr-alg2,cuSPARSE-SpMM-CSR,candidate,,,csr,csr,CUSPARSE_SPMM_CSR_ALG2,library-preprocess,spmm.csr.fp32,fp32,A100-SXM4-80GB,A100-SXM4-80GB,,19500.0,2793479a-b9ba-5e32-964d-96d3a38ca48f,suitesparse_all,VDOL/freeFlyingRobot_1,freeFlyingRobot_1,798,798,5246,16,row-major,N,N,1.0,0.0,20260922,main,pass,pass,0,0,167872.0,0.01426,0.0226303994656,0.0368903994656,0.0233433994656,7.417986600509582,4.5505606453662635,7.191411869868593,0.038040956925690164,0.02333620843777571,0.03687903523009534,cuSPARSE 12.8.6,CUDA,13040,13000,2026-10-07T10:17:33.561118+00:00,source,csr-alg2,0,0,,,,5,20,4,true
3,full-20261009-A100-SXM4-80GB-spmm-fp32-cusparse-csr-alg2-n16-13.4.1,cuSPARSE-CUDA-13.4.1-SpMM-CSR-ALG2,cuSPARSE CUDA 13.4.1 SpMM CSR ALG2 [cuSPARSE 12.8.6],csr-alg2,cuSPARSE-SpMM-CSR,candidate,,,csr,csr,CUSPARSE_SPMM_CSR_ALG2,library-preprocess,spmm.csr.fp32,fp32,A100-SXM4-80GB,A100-SXM4-80GB,,19500.0,238ed034-08d6-5e0f-b7b4-c4d0b9e54f50,suitesparse_all,VDOL/freeFlyingRobot_14,freeFlyingRobot_14,5958,5958,43298,16,row-major,N,N,1.0,0.0,20260922,main,pass,pass,0,0,1385536.0,0.01295,0.0214527994394,0.0344027994394,0.0221002994394,64.58532388343399,40.27393184791838,62.69308720450604,0.3312067891458153,0.20653298383547886,0.3215030113051592,cuSPARSE 12.8.6,CUDA,13040,13000,2026-10-07T15:38:47.871039+00:00,source,csr-alg2,0,0,,,,5,20,4,true
3,full-20261009-A100-SXM4-80GB-spmm-fp32-cusparse-csr-alg2-n16-13.4.1,cuSPARSE-CUDA-13.4.1-SpMM-CSR-ALG2,cuSPARSE CUDA 13.4.1 SpMM CSR ALG2 [cuSPARSE 12.8.6],csr-alg2,cuSPARSE-SpMM-CSR,candidate,,,csr,csr,CUSPARSE_SPMM_CSR_ALG2,library-preprocess,spmm.csr.fp32,fp32,A100-SXM4-80GB,A100-SXM4-80GB,,19500.0,df2405bf-ab33-5b32-9511-7da1122118f9,suitesparse_all,VDOL/freeFlyingRobot_15,freeFlyingRobot_15,6038,6038,43378,16,row-major,N,N,1.0,0.0,20260922,main,pass,pass,0,0,1388096.0,0.0134,0.0256000012159,0.0390000012159,0.0262700012159,54.22249742464318,35.59220401854972,52.83958643899303,0.2780640893571445,0.18252412317204986,0.2709722381486822,cuSPARSE 12.8.6,CUDA,13040,13000,2026-10-08T11:03:41.311831+00:00,source,csr-alg2,0,0,,,,5,20,4,true
3,full-20261009-A100-SXM4-80GB-spmm-fp32-cusparse-csr-alg2-n16-13.4.1,cuSPARSE-CUDA-13.4.1-SpMM-CSR-ALG2,cuSPARSE CUDA 13.4.1 SpMM CSR ALG2 [cuSPARSE 12.8.6],csr-alg2,cuSPARSE-SpMM-CSR,candidate,,,csr,csr,CUSPARSE_SPMM_CSR_ALG2,library-preprocess,spmm.csr.fp32,fp32,A100-SXM4-80GB,A100-SXM4-80GB,,19500.0,238ed034-08d6-5e0f-b7b4-c4d0b9e54f50,suitesparse_all,VDOL/freeFlyingRobot_6,freeFlyingRobot_6,3358,3358,27030,16,row-major,N,N,1.0,0.0,20260922,main,pass,pass,0,0,864960.0,0.01418,0.0203055992723,0.0344855992723,0.0210145992723,42.59711759307396,25.081773791147803,41.159956884837236,0.21844675688755874,0.12862448098024515,0.2110767019735243,cuSPARSE 12.8.6,CUDA,13040,13000,2026-10-07T15:38:46.760357+00:00,source,csr-alg2,0,0,,,,5,20,4,true
3,full-20261009-A100-SXM4-80GB-spmm-fp32-cusparse-csr-alg2-n16-13.4.1,cuSPARSE-CUDA-13.4.1-SpMM-CSR-ALG2,cuSPARSE CUDA 13.4.1 SpMM CSR ALG2 [cuSPARSE 12.8.6],csr-alg2,cuSPARSE-SpMM-CSR,candidate,,,csr,csr,CUSPARSE_SPMM_CSR_ALG2,library-preprocess,spmm.csr.fp32,fp32,A100-SXM4-80GB,A100-SXM4-80GB,,19500.0,df2405bf-ab33-5b32-9511-7da1122118f9,suitesparse_all,VDOL/freeFlyingRobot_7,freeFlyingRobot_7,3918,3918,31046,16,row-major,N,N,1.0,0.0,20260922,main,pass,pass,0,0,993472.0,0.01353,0.0246784001589,0.0382084001589,0.0253549001589,40.25674247938293,26.001402724751024,39.18264295161401,0.2064448332276048,0.13334052679359498,0.20093663052109748,cuSPARSE 12.8.6,CUDA,13040,13000,2026-10-08T11:03:40.156348+00:00,source,csr-alg2,0,0,,,,5,20,4,true
3,full-20261009-A100-SXM4-80GB-spmm-fp32-cusparse-csr-alg2-n16-13.4.1,cuSPARSE-CUDA-13.4.1-SpMM-CSR-ALG2,cuSPARSE CUDA 13.4.1 SpMM CSR ALG2 [cuSPARSE 12.8.6],csr-alg2,cuSPARSE-SpMM-CSR,candidate,,,csr,csr,CUSPARSE_SPMM_CSR_ALG2,library-preprocess,spmm.csr.fp32,fp32,A100-SXM4-80GB,A100-SXM4-80GB,,19500.0,2793479a-b9ba-5e32-964d-96d3a38ca48f,suitesparse_all,VDOL/freeFlyingRobot_9,freeFlyingRobot_9,4778,4778,39964,16,row-major,N,N,1.0,0.0,20260922,main,pass,pass,0,0,1278848.0,0.01627,0.0253439992666,0.0416139992666,0.0261574992666,50.45959741978649,30.731196773640118,48.89030052016234,0.2587671662553154,0.15759588089046214,0.25071948984698633,cuSPARSE 12.8.6,CUDA,13040,13000,2026-10-07T10:17:34.347399+00:00,source,csr-alg2,0,0,,,,5,20,4,true
3,full-20261009-A100-SXM4-80GB-spmm-fp32-cusparse-csr-alg2-n16-13.4.1,cuSPARSE-CUDA-13.4.1-SpMM-CSR-ALG2,cuSPARSE CUDA 13.4.1 SpMM CSR ALG2 [cuSPARSE 12.8.6],csr-alg2,cuSPARSE-SpMM-CSR,candidate,,,csr,csr,CUSPARSE_SPMM_CSR_ALG2,library-preprocess,spmm.csr.fp32,fp32,A100-SXM4-80GB,A100-SXM4-80GB,,19500.0,2793479a-b9ba-5e32-964d-96d3a38ca48f,suitesparse_all,VDOL/goddardRocketProblem_1,goddardRocketProblem_1,831,831,8498,16,row-major,N,N,1.0,0.0,20260922,main,pass,pass,0,0,271936.0,0.01466,0.0214527994394,0.0361127994394,0.0221857994394,12.676014651055983,7.53018332063481,12.257209876199724,0.06500520333874862,0.03861632472120415,0.06285748654461397,cuSPARSE 12.8.6,CUDA,13040,13000,2026-10-07T10:17:35.167435+00:00,source,csr-alg2,0,0,,,,5,20,4,true
3,full-20261009-A100-SXM4-80GB-spmm-fp32-cusparse-csr-alg2-n16-13.4.1,cuSPARSE-CUDA-13.4.1-SpMM-CSR-ALG2,cuSPARSE CUDA 13.4.1 SpMM CSR ALG2 [cuSPARSE 12.8.6],csr-alg2,cuSPARSE-SpMM-CSR,candidate,,,csr,csr,CUSPARSE_SPMM_CSR_ALG2,library-preprocess,spmm.csr.fp32,fp32,A100-SXM4-80GB,A100-SXM4-80GB,,19500.0,238ed034-08d6-5e0f-b7b4-c4d0b9e54f50,suitesparse_all,VDOL/hangGlider_4,hangGlider_4,15561,15561,149532,16,row-major,N,N,1.0,0.0,20260922,main,pass,pass,0,0,4785024.0,0.013849,0.0305151998997,0.0443641998997,0.0312076498997,156.80788642145,107.85777746061316,153.32855935576228,0.8041430072894873,0.5531168074903239,0.7863003043885245,cuSPARSE 12.8.6,CUDA,13040,13000,2026-10-07T15:38:49.091192+00:00,source,csr-alg2,0,0,,,,5,20,4,true
3,full-20261009-A100-SXM4-80GB-spmm-fp32-cusparse-csr-alg2-n16-13.4.1,cuSPARSE-CUDA-13.4.1-SpMM-CSR-ALG2,cuSPARSE CUDA 13.4.1 SpMM CSR ALG2 [cuSPARSE 12.8.6],csr-alg2,cuSPARSE-SpMM-CSR,candidate,,,csr,csr,CUSPARSE_SPMM_CSR_ALG2,library-preprocess,spmm.csr.fp32,fp32,A100-SXM4-80GB,A100-SXM4-80GB,,19500.0,df2405bf-ab33-5b32-9511-7da1122118f9,suitesparse_all,VDOL/hangGlider_5,hangGlider_5,16011,16011,155246,16,row-major,N,N,1.0,0.0,20260922,main,pass,pass,0,0,4967872.0,0.03289,0.0305151998997,0.0634051998997,0.0321596998997,162.79991664248743,78.35117636816258,154.47507332138824,0.8348713673973714,0.4018009044521158,0.7921798631866064,cuSPARSE 12.8.6,CUDA,13040,13000,2026-10-08T11:03:42.910116+00:00,source,csr-alg2,0,0,,,,5,20,4,true
3,full-20261009-A100-SXM4-80GB-spmm-fp32-cusparse-csr-alg2-n16-13.4.1,cuSPARSE-CUDA-13.4.1-SpMM-CSR-ALG2,cuSPARSE CUDA 13.4.1 SpMM CSR ALG2 [cuSPARSE 12.8.6],csr-alg2,cuSPARSE-SpMM-CSR,candidate,,,csr,csr,CUSPARSE_SPMM_CSR_ALG2,library-preprocess,spmm.csr.fp32,fp32,A100-SXM4-80GB,A100-SXM4-80GB,,19500.0,2793479a-b9ba-5e32-964d-96d3a38ca48f,suitesparse_all,VDOL/kineticBatchReactor_2,kineticBatchReactor_2,4361,4361,44840,16,row-major,N,N,1.0,0.0,20260922,main,pass,pass,0,0,1434880.0,0.015229,0.025856000185,0.041085000185,0.026617450185,55.495049107882735,34.924668213190614,53.907492642124396,0.2845899954250397,0.17910086263174674,0.27644868021602254,cuSPARSE 12.8.6,CUDA,13040,13000,2026-10-07T10:17:35.907467+00:00,source,csr-alg2,0,0,,,,5,20,4,true
3,full-20261009-A100-SXM4-80GB-spmm-fp32-cusparse-csr-alg2-n16-13.4.1,cuSPARSE-CUDA-13.4.1-SpMM-CSR-ALG2,cuSPARSE CUDA 13.4.1 SpMM CSR ALG2 [cuSPARSE 12.8.6],csr-alg2,cuSPARSE-SpMM-CSR,candidate,,,csr,csr,CUSPARSE_SPMM_CSR_ALG2,library-preprocess,spmm.csr.fp32,fp32,A100-SXM4-80GB,A100-SXM4-80GB,,19500.0,238ed034-08d6-5e0f-b7b4-c4d0b9e54f50,suitesparse_all,VDOL/kineticBatchReactor_7,kineticBatchReactor_7,7968,7968,84508,16,row-major,N,N,1.0,0.0,20260922,main,pass,pass,0,0,2704256.0,0.0158,0.0247807994485,0.0405807994485,0.0255707994485,109.12706854433989,66.63880546345318,105.75562979352347,0.5596259925350764,0.34173746391514453,0.5423365630437101,cuSPARSE 12.8.6,CUDA,13040,13000,2026-10-07T15:38:50.201994+00:00,source,csr-alg2,0,0,,,,5,20,4,true
3,full-20261009-A100-SXM4-80GB-spmm-fp32-cusparse-csr-alg2-n16-13.4.1,cuSPARSE-CUDA-13.4.1-SpMM-CSR-ALG2,cuSPARSE CUDA 13.4.1 SpMM CSR ALG2 [cuSPARSE 12.8.6],csr-alg2,cuSPARSE-SpMM-CSR,candidate,,,csr,csr,CUSPARSE_SPMM_CSR_ALG2,library-preprocess,spmm.csr.fp32,fp32,A100-SXM4-80GB,A100-SXM4-80GB,,19500.0,df2405bf-ab33-5b32-9511-7da1122118f9,suitesparse_all,VDOL/kineticBatchReactor_8,kineticBatchReactor_8,8052,8052,85194,16,row-major,N,N,1.0,0.0,20260922,main,pass,pass,0,0,2726208.0,0.01362,0.0241152003407,0.0377352003407,0.0247962003407,113.04936146016132,72.24575397469395,109.94458677304907,0.5797403151803144,0.37049104602407157,0.5638183937079438,cuSPARSE 12.8.6,CUDA,13040,13000,2026-10-08T11:03:44.096924+00:00,source,csr-alg2,0,0,,,,5,20,4,true
3,full-20261009-A100-SXM4-80GB-spmm-fp32-cusparse-csr-alg2-n16-13.4.1,cuSPARSE-CUDA-13.4.1-SpMM-CSR-ALG2,cuSPARSE CUDA 13.4.1 SpMM CSR ALG2 [cuSPARSE 12.8.6],csr-alg2,cuSPARSE-SpMM-CSR,candidate,,,csr,csr,CUSPARSE_SPMM_CSR_ALG2,library-preprocess,spmm.csr.fp32,fp32,A100-SXM4-80GB,A100-SXM4-80GB,,19500.0,2793479a-b9ba-5e32-964d-96d3a38ca48f,suitesparse_all,VDOL/lowThrust_1,lowThrust_1,584,584,6133,16,row-major,N,N,1.0,0.0,20260922,main,pass,pass,0,0,196256.0,0.01311,0.0224767997861,0.0355867997861,0.0231322997861,8.731492110427915,5.514853855351626,8.484067810582696,0.044776882617579054,0.028281301822316033,0.04350804005427023,cuSPARSE 12.8.6,CUDA,13040,13000,2026-10-07T10:17:36.488919+00:00,source,csr-alg2,0,0,,,,5,20,4,true
3,full-20261009-A100-SXM4-80GB-spmm-fp32-cusparse-csr-alg2-n16-13.4.1,cuSPARSE-CUDA-13.4.1-SpMM-CSR-ALG2,cuSPARSE CUDA 13.4.1 SpMM CSR ALG2 [cuSPARSE 12.8.6],csr-alg2,cuSPARSE-SpMM-CSR,candidate,,,csr,csr,CUSPARSE_SPMM_CSR_ALG2,library-preprocess,spmm.csr.fp32,fp32,A100-SXM4-80GB,A100-SXM4-80GB,,19500.0,238ed034-08d6-5e0f-b7b4-c4d0b9e54f50,suitesparse_all,VDOL/lowThrust_6,lowThrust_6,16928,16928,207349,16,row-major,N,N,1.0,0.0,20260922,main,pass,pass,0,0,6635168.0,0.0172,0.0383487999439,0.0555487999439,0.0392087999439,173.02152895805102,119.44754894256954,169.2265004155599,0.8872898920925694,0.6125515330388182,0.8678282072592816,cuSPARSE 12.8.6,CUDA,13040,13000,2026-10-07T15:38:51.631063+00:00,source,csr-alg2,0,0,,,,5,20,4,true
3,full-20261009-A100-SXM4-80GB-spmm-fp32-cusparse-csr-alg2-n16-13.4.1,cuSPARSE-CUDA-13.4.1-SpMM-CSR-ALG2,cuSPARSE CUDA 13.4.1 SpMM CSR ALG2 [cuSPARSE 12.8.6],csr-alg2,cuSPARSE-SpMM-CSR,candidate,,,csr,csr,CUSPARSE_SPMM_CSR_ALG2,library-preprocess,spmm.csr.fp32,fp32,A100-SXM4-80GB,A100-SXM4-80GB,,19500.0,df2405bf-ab33-5b32-9511-7da1122118f9,suitesparse_all,VDOL/lowThrust_7,lowThrust_7,17378,17378,211561,16,row-major,N,N,1.0,0.0,20260922,main,pass,pass,0,0,6769952.0,0.01965,0.0471040010452,0.0667540010452,0.0480865010452,143.7235022456733,101.41642289599956,140.7869537780765,0.737043601259863,0.5200842199794848,0.7219843783491103,cuSPARSE 12.8.6,CUDA,13040,13000,2026-10-08T11:03:45.825880+00:00,source,csr-alg2,0,0,,,,5,20,4,true
3,full-20261009-A100-SXM4-80GB-spmm-fp32-cusparse-csr-alg2-n16-13.4.1,cuSPARSE-CUDA-13.4.1-SpMM-CSR-ALG2,cuSPARSE CUDA 13.4.1 SpMM CSR ALG2 [cuSPARSE 12.8.6],csr-alg2,cuSPARSE-SpMM-CSR,candidate,,,csr,csr,CUSPARSE_SPMM_CSR_ALG2,library-preprocess,spmm.csr.fp32,fp32,A100-SXM4-80GB,A100-SXM4-80GB,,19500.0,2793479a-b9ba-5e32-964d-96d3a38ca48f,suitesparse_all,VDOL/lowThrust_9,lowThrust_9,18044,18044,219589,16,row-major,N,N,1.0,0.0,20260922,main,pass,pass,0,0,7026848.0,0.01865,0.048025599122,0.066675599122,0.048958099122,146.31463487107396,105.38859931565956,143.5277947064409,0.7503314608773024,0.5404543554649208,0.736039972853543,cuSPARSE 12.8.6,CUDA,13040,13000,2026-10-07T10:17:37.747805+00:00,source,csr-alg2,0,0,,,,5,20,4,true
3,full-20261009-A100-SXM4-80GB-spmm-fp32-cusparse-csr-alg2-n16-13.4.1,cuSPARSE-CUDA-13.4.1-SpMM-CSR-ALG2,cuSPARSE CUDA 13.4.1 SpMM CSR ALG2 [cuSPARSE 12.8.6],csr-alg2,cuSPARSE-SpMM-CSR,candidate,,,csr,csr,CUSPARSE_SPMM_CSR_ALG2,library-preprocess,spmm.csr.fp32,fp32,A100-SXM4-80GB,A100-SXM4-80GB,,19500.0,238ed034-08d6-5e0f-b7b4-c4d0b9e54f50,suitesparse_all,VDOL/orbitRaising_1,orbitRaising_1,442,442,2906,16,row-major,N,N,1.0,0.0,20260922,main,pass,pass,0,0,92992.0,0.01277,0.0181247994304,0.0308947994304,0.0187632994304,5.1306498787527675,3.009956423555782,4.9560579867598245,0.026311025019244958,0.015435673966952728,0.025415681983383717,cuSPARSE 12.8.6,CUDA,13040,13000,2026-10-07T15:38:52.385956+00:00,source,csr-alg2,0,0,,,,5,20,4,true
3,full-20261009-A100-SXM4-80GB-spmm-fp32-cusparse-csr-alg2-n16-13.4.1,cuSPARSE-CUDA-13.4.1-SpMM-CSR-ALG2,cuSPARSE CUDA 13.4.1 SpMM CSR ALG2 [cuSPARSE 12.8.6],csr-alg2,cuSPARSE-SpMM-CSR,candidate,,,csr,csr,CUSPARSE_SPMM_CSR_ALG2,library-preprocess,spmm.csr.fp32,fp32,A100-SXM4-80GB,A100-SXM4-80GB,,19500.0,df2405bf-ab33-5b32-9511-7da1122118f9,suitesparse_all,VDOL/orbitRaising_2,orbitRaising_2,739,739,6526,16,row-major,N,N,1.0,0.0,20260922,main,pass,pass,0,0,208832.0,0.01299,0.0223232001066,0.0353132001066,0.0229727001066,9.354931147987937,5.913709303308638,9.09044209130659,0.04797400588711762,0.03032671437594173,0.04661765175029021,cuSPARSE 12.8.6,CUDA,13040,13000,2026-10-08T11:03:47.138194+00:00,source,csr-alg2,0,0,,,,5,20,4,true
3,full-20261009-A100-SXM4-80GB-spmm-fp32-cusparse-csr-alg2-n16-13.4.1,cuSPARSE-CUDA-13.4.1-SpMM-CSR-ALG2,cuSPARSE CUDA 13.4.1 SpMM CSR ALG2 [cuSPARSE 12.8.6],csr-alg2,cuSPARSE-SpMM-CSR,candidate,,,csr,csr,CUSPARSE_SPMM_CSR_ALG2,library-preprocess,spmm.csr.fp32,fp32,A100-SXM4-80GB,A100-SXM4-80GB,,19500.0,2793479a-b9ba-5e32-964d-96d3a38ca48f,suitesparse_all,VDOL/orbitRaising_4,orbitRaising_4,915,915,7790,16,row-major,N,N,1.0,0.0,20260922,main,pass,pass,0,0,249280.0,0.01406,0.0225792005658,0.0366392005658,0.0232822005658,11.040249156454923,6.803641895851968,10.706891700184718,0.056616662340794474,0.03489047126077932,0.05490713692402419,cuSPARSE 12.8.6,CUDA,13040,13000,2026-10-07T10:17:38.341223+00:00,source,csr-alg2,0,0,,,,5,20,4,true
3,full-20261009-A100-SXM4-80GB-spmm-fp32-cusparse-csr-alg2-n16-13.4.1,cuSPARSE-CUDA-13.4.1-SpMM-CSR-ALG2,cuSPARSE CUDA 13.4.1 SpMM CSR ALG2 [cuSPARSE 12.8.6],csr-alg2,cuSPARSE-SpMM-CSR,candidate,,,csr,csr,CUSPARSE_SPMM_CSR_ALG2,library-preprocess,spmm.csr.fp32,fp32,A100-SXM4-80GB,A100-SXM4-80GB,,19500.0,238ed034-08d6-5e0f-b7b4-c4d0b9e54f50,suitesparse_all,VDOL/reorientation_5,reorientation_5,2904,2904,35590,16,row-major,N,N,1.0,0.0,20260922,main,pass,pass,0,0,1138880.0,0.01244,0.0193535998464,0.0317935998464,0.0199755998464,58.84589993793042,35.82104591811285,57.01355697737652,0.3017738458355406,0.1836976713749377,0.2923772152685975,cuSPARSE 12.8.6,CUDA,13040,13000,2026-10-07T15:38:53.228328+00:00,source,csr-alg2,0,0,,,,5,20,4,true
3,full-20261009-A100-SXM4-80GB-spmm-fp32-cusparse-csr-alg2-n16-13.4.1,cuSPARSE-CUDA-13.4.1-SpMM-CSR-ALG2,cuSPARSE CUDA 13.4.1 SpMM CSR ALG2 [cuSPARSE 12.8.6],csr-alg2,cuSPARSE-SpMM-CSR,candidate,,,csr,csr,CUSPARSE_SPMM_CSR_ALG2,library-preprocess,spmm.csr.fp32,fp32,A100-SXM4-80GB,A100-SXM4-80GB,,19500.0,df2405bf-ab33-5b32-9511-7da1122118f9,suitesparse_all,VDOL/reorientation_6,reorientation_6,3006,3006,37342,16,row-major,N,N,1.0,0.0,20260922,main,pass,pass,0,0,1194944.0,0.01376,0.0231424003839,0.0369024003839,0.0238304003839,51.63440179832486,32.38119980187894,50.1436812118068,0.2647918040939736,0.16605743488143046,0.25714708313747076,cuSPARSE 12.8.6,CUDA,13040,13000,2026-10-08T11:03:48.498930+00:00,source,csr-alg2,0,0,,,,5,20,4,true
3,full-20261009-A100-SXM4-80GB-spmm-fp32-cusparse-csr-alg2-n16-13.4.1,cuSPARSE-CUDA-13.4.1-SpMM-CSR-ALG2,cuSPARSE CUDA 13.4.1 SpMM CSR ALG2 [cuSPARSE 12.8.6],csr-alg2,cuSPARSE-SpMM-CSR,candidate,,,csr,csr,CUSPARSE_SPMM_CSR_ALG2,library-preprocess,spmm.csr.fp32,fp32,A100-SXM4-80GB,A100-SXM4-80GB,,19500.0,2793479a-b9ba-5e32-964d-96d3a38ca48f,suitesparse_all,VDOL/reorientation_8,reorientation_8,3108,3108,37894,16,row-major,N,N,1.0,0.0,20260922,main,pass,pass,0,0,1212608.0,0.01565,0.0237808004022,0.0394308004022,0.0245633004022,50.99105074225423,30.75281220850754,49.366655951958045,0.26149256790899605,0.15770672927439763,0.2531623382151695,cuSPARSE 12.8.6,CUDA,13040,13000,2026-10-07T10:17:39.196881+00:00,source,csr-alg2,0,0,,,,5,20,4,true
3,full-20261009-A100-SXM4-80GB-spmm-fp32-cusparse-csr-alg2-n16-13.4.1,cuSPARSE-CUDA-13.4.1-SpMM-CSR-ALG2,cuSPARSE CUDA 13.4.1 SpMM CSR ALG2 [cuSPARSE 12.8.6],csr-alg2,cuSPARSE-SpMM-CSR,candidate,,,csr,csr,CUSPARSE_SPMM_CSR_ALG2,library-preprocess,spmm.csr.fp32,fp32,A100-SXM4-80GB,A100-SXM4-80GB,,19500.0,238ed034-08d6-5e0f-b7b4-c4d0b9e54f50,suitesparse_all,VDOL/spaceStation_1,spaceStation_1,99,99,927,16,row-major,N,N,1.0,0.0,20260922,main,pass,pass,0,0,29664.0,0.01304,0.015820799768,0.028860799768,0.016472799768,1.8750000274954493,1.027830144641056,1.8007867768553332,0.00961538475638692,0.005270923818672082,0.009234803983873503,cuSPARSE 12.8.6,CUDA,13040,13000,2026-10-07T15:38:53.958359+00:00,source,csr-alg2,0,0,,,,5,20,4,true
3,full-20261009-A100-SXM4-80GB-spmm-fp32-cusparse-csr-alg2-n16-13.4.1,cuSPARSE-CUDA-13.4.1-SpMM-CSR-ALG2,cuSPARSE CUDA 13.4.1 SpMM CSR ALG2 [cuSPARSE 12.8.6],csr-alg2,cuSPARSE-SpMM-CSR,candidate,,,csr,csr,CUSPARSE_SPMM_CSR_ALG2,library-preprocess,spmm.csr.fp32,fp32,A100-SXM4-80GB,A100-SXM4-80GB,,19500.0,df2405bf-ab33-5b32-9511-7da1122118f9,suitesparse_all,VDOL/spaceStation_10,spaceStation_10,1272,1272,17478,16,row-major,N,N,1.0,0.0,20260922,main,pass,pass,0,0,559296.0,0.01222,0.0187904000282,0.0310104000282,0.0194014000282,29.764986331351505,18.035755730058035,28.82761033673144,0.15264095554539234,0.09249105502593864,0.14783389916272532,cuSPARSE 12.8.6,CUDA,13040,13000,2026-10-08T11:03:50.644951+00:00,source,csr-alg2,0,0,,,,5,20,4,true
3,full-20261009-A100-SXM4-80GB-spmm-fp32-cusparse-csr-alg2-n16-13.4.1,cuSPARSE-CUDA-13.4.1-SpMM-CSR-ALG2,cuSPARSE CUDA 13.4.1 SpMM CSR ALG2 [cuSPARSE 12.8.6],csr-alg2,cuSPARSE-SpMM-CSR,candidate,,,csr,csr,CUSPARSE_SPMM_CSR_ALG2,library-preprocess,spmm.csr.fp32,fp32,A100-SXM4-80GB,A100-SXM4-80GB,,19500.0,2793479a-b9ba-5e32-964d-96d3a38ca48f,suitesparse_all,VDOL/spaceStation_12,spaceStation_12,1410,1410,19728,16,row-major,N,N,1.0,0.0,20260922,main,pass,pass,0,0,631296.0,0.02337,0.0233759999275,0.0467459999275,0.0245444999275,27.00616024802989,13.504813266998225,25.72046698301998,0.13849312947707637,0.06925545265127295,0.13189983068215375,cuSPARSE 12.8.6,CUDA,13040,13000,2026-10-07T10:17:41.409688+00:00,source,csr-alg2,0,0,,,,5,20,4,true
3,full-20261009-A100-SXM4-80GB-spmm-fp32-cusparse-csr-alg2-n16-13.4.1,cuSPARSE-CUDA-13.4.1-SpMM-CSR-ALG2,cuSPARSE CUDA 13.4.1 SpMM CSR ALG2 [cuSPARSE 12.8.6],csr-alg2,cuSPARSE-SpMM-CSR,candidate,,,csr,csr,CUSPARSE_SPMM_CSR_ALG2,library-preprocess,spmm.csr.fp32,fp32,A100-SXM4-80GB,A100-SXM4-80GB,,19500.0,df2405bf-ab33-5b32-9511-7da1122118f9,suitesparse_all,VDOL/spaceStation_2,spaceStation_2,329,329,5817,16,row-major,N,N,1.0,0.0,20260922,main,pass,pass,0,0,186144.0,0.01475,0.0172544002533,0.0320044002533,0.0179919002533,10.788204589400257,5.816200226430006,10.34598888273951,0.0553241260994885,0.02982666782784618,0.053056353244818,cuSPARSE 12.8.6,CUDA,13040,13000,2026-10-08T11:03:49.515551+00:00,source,csr-alg2,0,0,,,,5,20,4,true
3,full-20261009-A100-SXM4-80GB-spmm-fp32-cusparse-csr-alg2-n16-13.4.1,cuSPARSE-CUDA-13.4.1-SpMM-CSR-ALG2,cuSPARSE CUDA 13.4.1 SpMM CSR ALG2 [cuSPARSE 12.8.6],csr-alg2,cuSPARSE-SpMM-CSR,candidate,,,csr,csr,CUSPARSE_SPMM_CSR_ALG2,library-preprocess,spmm.csr.fp32,fp32,A100-SXM4-80GB,A100-SXM4-80GB,,19500.0,2793479a-b9ba-5e32-964d-96d3a38ca48f,suitesparse_all,VDOL/spaceStation_4,spaceStation_4,950,950,13626,16,row-major,N,N,1.0,0.0,20260922,main,pass,pass,0,0,436032.0,0.01462,0.0228159993887,0.0374359993887,0.0235469993887,19.110799951018233,11.647398416498948,18.517518635909422,0.09800410231291401,0.0597302482897382,0.09496163403030472,cuSPARSE 12.8.6,CUDA,13040,13000,2026-10-07T10:17:40.061059+00:00,source,csr-alg2,0,0,,,,5,20,4,true
3,full-20261009-A100-SXM4-80GB-spmm-fp32-cusparse-csr-alg2-n16-13.4.1,cuSPARSE-CUDA-13.4.1-SpMM-CSR-ALG2,cuSPARSE CUDA 13.4.1 SpMM CSR ALG2 [cuSPARSE 12.8.6],csr-alg2,cuSPARSE-SpMM-CSR,candidate,,,csr,csr,CUSPARSE_SPMM_CSR_ALG2,library-preprocess,spmm.csr.fp32,fp32,A100-SXM4-80GB,A100-SXM4-80GB,,19500.0,238ed034-08d6-5e0f-b7b4-c4d0b9e54f50,suitesparse_all,VDOL/spaceStation_9,spaceStation_9,1180,1180,19674,16,row-major,N,N,1.0,0.0,20260922,main,pass,pass,0,0,629568.0,0.01488,0.0194048002362,0.0342848002362,0.0201488002362,32.443931003501376,18.36288955054967,31.24592991243704,0.16637913335128912,0.09416866436179318,0.16023553801249765,cuSPARSE 12.8.6,CUDA,13040,13000,2026-10-07T15:38:54.695539+00:00,source,csr-alg2,0,0,,,,5,20,4,true
3,full-20261009-A100-SXM4-80GB-spmm-fp32-cusparse-csr-alg2-n16-13.4.1,cuSPARSE-CUDA-13.4.1-SpMM-CSR-ALG2,cuSPARSE CUDA 13.4.1 SpMM CSR ALG2 [cuSPARSE 12.8.6],csr-alg2,cuSPARSE-SpMM-CSR,candidate,,,csr,csr,CUSPARSE_SPMM_CSR_ALG2,library-preprocess,spmm.csr.fp32,fp32,A100-SXM4-80GB,A100-SXM4-80GB,,19500.0,238ed034-08d6-5e0f-b7b4-c4d0b9e54f50,suitesparse_all,VDOL/tumorAntiAngiogenesis_3,tumorAntiAngiogenesis_3,410,410,3952,16,row-major,N,N,1.0,0.0,20260922,main,pass,pass,0,0,126464.0,0.01309,0.0165728002787,0.0296628002787,0.0172273002787,7.630816631667033,4.2633870980417905,7.340906465556957,0.03913239298290786,0.02186352357970149,0.03764567418234337,cuSPARSE 12.8.6,CUDA,13040,13000,2026-10-07T15:38:55.439028+00:00,source,csr-alg2,0,0,,,,5,20,4,true
3,full-20261009-A100-SXM4-80GB-spmm-fp32-cusparse-csr-alg2-n16-13.4.1,cuSPARSE-CUDA-13.4.1-SpMM-CSR-ALG2,cuSPARSE CUDA 13.4.1 SpMM CSR ALG2 [cuSPARSE 12.8.6],csr-alg2,cuSPARSE-SpMM-CSR,candidate,,,csr,csr,CUSPARSE_SPMM_CSR_ALG2,library-preprocess,spmm.csr.fp32,fp32,A100-SXM4-80GB,A100-SXM4-80GB,,19500.0,df2405bf-ab33-5b32-9511-7da1122118f9,suitesparse_all,VDOL/tumorAntiAngiogenesis_4,tumorAntiAngiogenesis_4,455,455,4593,16,row-major,N,N,1.0,0.0,20260922,main,pass,pass,0,0,146976.0,0.01293,0.0158720001578,0.0288020001578,0.0165185001578,9.260080553097234,5.102978931836328,8.897660114171941,0.04748759257998581,0.02616912272736579,0.045629026226522776,cuSPARSE 12.8.6,CUDA,13040,13000,2026-10-08T11:03:51.461044+00:00,source,csr-alg2,0,0,,,,5,20,4,true
3,full-20261009-A100-SXM4-80GB-spmm-fp32-cusparse-csr-alg2-n16-13.4.1,cuSPARSE-CUDA-13.4.1-SpMM-CSR-ALG2,cuSPARSE CUDA 13.4.1 SpMM CSR ALG2 [cuSPARSE 12.8.6],csr-alg2,cuSPARSE-SpMM-CSR,candidate,,,csr,csr,CUSPARSE_SPMM_CSR_ALG2,library-preprocess,spmm.csr.fp32,fp32,A100-SXM4-80GB,A100-SXM4-80GB,,19500.0,2793479a-b9ba-5e32-964d-96d3a38ca48f,suitesparse_all,VDOL/tumorAntiAngiogenesis_6,tumorAntiAngiogenesis_6,465,465,4795,16,row-major,N,N,1.0,0.0,20260922,main,pass,pass,0,0,153440.0,0.014031,0.0200207993388,0.0340517993388,0.0207223493388,7.664029662523796,4.506076124593047,7.404565838136068,0.03930271621807075,0.023108082690220758,0.03797213250326189,cuSPARSE 12.8.6,CUDA,13040,13000,2026-10-07T10:17:42.174146+00:00,source,csr-alg2,0,0,,,,5,20,4,true
3,full-20261009-A100-SXM4-80GB-spmm-fp32-cusparse-csr-alg2-n16-13.4.1,cuSPARSE-CUDA-13.4.1-SpMM-CSR-ALG2,cuSPARSE CUDA 13.4.1 SpMM CSR ALG2 [cuSPARSE 12.8.6],csr-alg2,cuSPARSE-SpMM-CSR,candidate,,,csr,csr,CUSPARSE_SPMM_CSR_ALG2,library-preprocess,spmm.csr.fp32,fp32,A100-SXM4-80GB,A100-SXM4-80GB,,19500.0,2793479a-b9ba-5e32-964d-96d3a38ca48f,suitesparse_all,VLSI/dgreen,dgreen,1200611,1200611,38259877,16,row-major,N,N,1.0,0.0,20260922,main,pass,pass,0,0,1224316064.0,0.50038,6.04759025574,6.54797025574,6.07260925574,202.4469271604429,186.97642417155993,201.61285082565493,1.0381893700535534,0.9588534572900509,1.0339120555161792,cuSPARSE 12.8.6,CUDA,13040,13000,2026-10-07T10:53:08.980059+00:00,source,csr-alg2,0,0,,,,5,20,4,true
3,full-20261009-A100-SXM4-80GB-spmm-fp32-cusparse-csr-alg2-n16-13.4.1,cuSPARSE-CUDA-13.4.1-SpMM-CSR-ALG2,cuSPARSE CUDA 13.4.1 SpMM CSR ALG2 [cuSPARSE 12.8.6],csr-alg2,cuSPARSE-SpMM-CSR,candidate,,,csr,csr,CUSPARSE_SPMM_CSR_ALG2,library-preprocess,spmm.csr.fp32,fp32,A100-SXM4-80GB,A100-SXM4-80GB,,19500.0,238ed034-08d6-5e0f-b7b4-c4d0b9e54f50,suitesparse_all,VLSI/power9,power9,155376,155376,2512300,16,row-major,N,N,1.0,0.0,20260922,main,pass,pass,0,0,80393600.0,0.05844,0.389580798149,0.448020798149,0.392502798149,206.3592466106414,179.4416695210279,204.82299840696007,1.058252546721238,0.9202136898514253,1.0503743508049235,cuSPARSE 12.8.6,CUDA,13040,13000,2026-10-07T16:20:12.591656+00:00,source,csr-alg2,0,0,,,,5,20,4,true
3,full-20261009-A100-SXM4-80GB-spmm-fp32-cusparse-csr-alg2-n16-13.4.1,cuSPARSE-CUDA-13.4.1-SpMM-CSR-ALG2,cuSPARSE CUDA 13.4.1 SpMM CSR ALG2 [cuSPARSE 12.8.6],csr-alg2,cuSPARSE-SpMM-CSR,candidate,,,csr,csr,CUSPARSE_SPMM_CSR_ALG2,library-preprocess,spmm.csr.fp32,fp32,A100-SXM4-80GB,A100-SXM4-80GB,,19500.0,df2405bf-ab33-5b32-9511-7da1122118f9,suitesparse_all,VLSI/radiation,radiation,223104,223104,7637688,16,row-major,N,N,1.0,0.0,20260922,main,pass,pass,0,0,244406016.0,0.34448,1.04719362259,1.39167362259,1.06441762259,233.3914289847528,175.6202115443876,229.61477789638406,1.1968791229987321,0.9006164694583979,1.1775116815199183,cuSPARSE 12.8.6,CUDA,13040,13000,2026-10-08T12:13:46.382122+00:00,source,csr-alg2,0,0,,,,5,20,4,true
3,full-20261009-A100-SXM4-80GB-spmm-fp32-cusparse-csr-alg2-n16-13.4.1,cuSPARSE-CUDA-13.4.1-SpMM-CSR-ALG2,cuSPARSE CUDA 13.4.1 SpMM CSR ALG2 [cuSPARSE 12.8.6],csr-alg2,cuSPARSE-SpMM-CSR,candidate,,,csr,csr,CUSPARSE_SPMM_CSR_ALG2,library-preprocess,spmm.csr.fp32,fp32,A100-SXM4-80GB,A100-SXM4-80GB,,19500.0,df2405bf-ab33-5b32-9511-7da1122118f9,suitesparse_all,VLSI/ss,ss,1652680,1652680,34753577,16,row-major,N,N,1.0,0.0,20260922,main,pass,pass,0,0,1112114464.0,0.62627,4.25774078369,4.88401078369,4.28905428369,261.1982552484509,227.70516144515307,259.2913007021247,1.3394782320433378,1.1677187766418107,1.329698977959614,cuSPARSE 12.8.6,CUDA,13040,13000,2026-10-08T12:15:23.613917+00:00,source,csr-alg2,0,0,,,,5,20,4,true
3,full-20261009-A100-SXM4-80GB-spmm-fp32-cusparse-csr-alg2-n16-13.4.1,cuSPARSE-CUDA-13.4.1-SpMM-CSR-ALG2,cuSPARSE CUDA 13.4.1 SpMM CSR ALG2 [cuSPARSE 12.8.6],csr-alg2,cuSPARSE-SpMM-CSR,candidate,,,csr,csr,CUSPARSE_SPMM_CSR_ALG2,library-preprocess,spmm.csr.fp32,fp32,A100-SXM4-80GB,A100-SXM4-80GB,,19500.0,238ed034-08d6-5e0f-b7b4-c4d0b9e54f50,suitesparse_all,VLSI/ss1,ss1,205282,205282,845089,16,row-major,N,N,1.0,0.0,20260922,main,pass,pass,0,0,27042848.0,0.05257,0.214169597626,0.266739597626,0.216798097626,126.26837935804676,101.38295266500785,124.73747830874336,0.6475301505540859,0.519912577769271,0.6396793759422736,cuSPARSE 12.8.6,CUDA,13040,13000,2026-10-07T16:20:18.196288+00:00,source,csr-alg2,0,0,,,,5,20,4,true
3,full-20261009-A100-SXM4-80GB-spmm-fp32-cusparse-csr-alg2-n16-13.4.1,cuSPARSE-CUDA-13.4.1-SpMM-CSR-ALG2,cuSPARSE CUDA 13.4.1 SpMM CSR ALG2 [cuSPARSE 12.8.6],csr-alg2,cuSPARSE-SpMM-CSR,candidate,,,csr,csr,CUSPARSE_SPMM_CSR_ALG2,library-preprocess,spmm.csr.fp32,fp32,A100-SXM4-80GB,A100-SXM4-80GB,,19500.0,2793479a-b9ba-5e32-964d-96d3a38ca48f,suitesparse_all,VanVelzen/Zd_Jac2_db,Zd_Jac2_db,22835,22835,676439,16,row-major,N,N,1.0,0.0,20260922,main,pass,pass,0,0,21646048.0,0.03858,0.0971776008606,0.135757600861,0.0991066008606,222.74729781661284,159.44630623049264,218.4117688633737,1.1422938349569889,0.8176733652845776,1.1200603531455062,cuSPARSE 12.8.6,CUDA,13040,13000,2026-10-07T08:58:58.189905+00:00,source,csr-alg2,0,0,,,,5,20,4,true
3,full-20261009-A100-SXM4-80GB-spmm-fp32-cusparse-csr-alg2-n16-13.4.1,cuSPARSE-CUDA-13.4.1-SpMM-CSR-ALG2,cuSPARSE CUDA 13.4.1 SpMM CSR ALG2 [cuSPARSE 12.8.6],csr-alg2,cuSPARSE-SpMM-CSR,candidate,,,csr,csr,CUSPARSE_SPMM_CSR_ALG2,library-preprocess,spmm.csr.fp32,fp32,A100-SXM4-80GB,A100-SXM4-80GB,,19500.0,238ed034-08d6-5e0f-b7b4-c4d0b9e54f50,suitesparse_all,VanVelzen/Zd_Jac6,Zd_Jac6,22835,22835,1711983,16,row-major,N,N,1.0,0.0,20260922,main,pass,pass,0,0,54783456.0,0.04338,0.192409598827,0.235789598827,0.194578598827,284.7230924755323,232.34042668775604,281.54923681359236,1.460118422951448,1.191489367629518,1.4438422400697044,cuSPARSE 12.8.6,CUDA,13040,13000,2026-10-07T14:33:06.033400+00:00,source,csr-alg2,0,0,,,,5,20,4,true
3,full-20261009-A100-SXM4-80GB-spmm-fp32-cusparse-csr-alg2-n16-13.4.1,cuSPARSE-CUDA-13.4.1-SpMM-CSR-ALG2,cuSPARSE CUDA 13.4.1 SpMM CSR ALG2 [cuSPARSE 12.8.6],csr-alg2,cuSPARSE-SpMM-CSR,candidate,,,csr,csr,CUSPARSE_SPMM_CSR_ALG2,library-preprocess,spmm.csr.fp32,fp32,A100-SXM4-80GB,A100-SXM4-80GB,,19500.0,238ed034-08d6-5e0f-b7b4-c4d0b9e54f50,suitesparse_all,VanVelzen/std1_Jac2,std1_Jac2,21982,21982,1248731,16,row-major,N,N,1.0,0.0,20260922,main,pass,pass,0,0,39959392.0,0.04871,0.1490432024,0.1977532024,0.1514787024,268.10610183185383,202.066978006117,263.79544693010257,1.3749030863171992,1.0362409128518821,1.3527971637441156,cuSPARSE 12.8.6,CUDA,13040,13000,2026-10-07T14:33:00.526718+00:00,source,csr-alg2,0,0,,,,5,20,4,true
3,full-20261009-A100-SXM4-80GB-spmm-fp32-cusparse-csr-alg2-n16-13.4.1,cuSPARSE-CUDA-13.4.1-SpMM-CSR-ALG2,cuSPARSE CUDA 13.4.1 SpMM CSR ALG2 [cuSPARSE 12.8.6],csr-alg2,cuSPARSE-SpMM-CSR,candidate,,,csr,csr,CUSPARSE_SPMM_CSR_ALG2,library-preprocess,spmm.csr.fp32,fp32,A100-SXM4-80GB,A100-SXM4-80GB,,19500.0,df2405bf-ab33-5b32-9511-7da1122118f9,suitesparse_all,VanVelzen/std1_Jac3_db,std1_Jac3_db,21982,21982,531826,16,row-major,N,N,1.0,0.0,20260922,main,pass,pass,0,0,17018432.0,0.0199,0.082687997818,0.102587997818,0.083682997818,205.81502091099526,165.891062911591,203.36785779368174,1.0554616456974115,0.8507233995466206,1.04291209124965,cuSPARSE 12.8.6,CUDA,13040,13000,2026-10-08T09:38:50.184698+00:00,source,csr-alg2,0,0,,,,5,20,4,true
3,full-20261009-A100-SXM4-80GB-spmm-fp32-cusparse-csr-alg2-n16-13.4.1,cuSPARSE-CUDA-13.4.1-SpMM-CSR-ALG2,cuSPARSE CUDA 13.4.1 SpMM CSR ALG2 [cuSPARSE 12.8.6],csr-alg2,cuSPARSE-SpMM-CSR,candidate,,,csr,csr,CUSPARSE_SPMM_CSR_ALG2,library-preprocess,spmm.csr.fp32,fp32,A100-SXM4-80GB,A100-SXM4-80GB,,19500.0,238ed034-08d6-5e0f-b7b4-c4d0b9e54f50,suitesparse_all,Wang/wang1,wang1,2903,2903,19093,16,row-major,N,N,1.0,0.0,20260922,main,pass,pass,0,0,610976.0,0.01421,0.0220159992576,0.0362259992576,0.0227264992576,27.751454424176952,16.865676931515445,26.88385892938098,0.14231515089321514,0.08649065093084843,0.1378659432275948,cuSPARSE 12.8.6,CUDA,13040,13000,2026-10-07T14:29:09.871517+00:00,source,csr-alg2,0,0,,,,5,20,4,true
3,full-20261009-A100-SXM4-80GB-spmm-fp32-cusparse-csr-alg2-n16-13.4.1,cuSPARSE-CUDA-13.4.1-SpMM-CSR-ALG2,cuSPARSE CUDA 13.4.1 SpMM CSR ALG2 [cuSPARSE 12.8.6],csr-alg2,cuSPARSE-SpMM-CSR,candidate,,,csr,csr,CUSPARSE_SPMM_CSR_ALG2,library-preprocess,spmm.csr.fp32,fp32,A100-SXM4-80GB,A100-SXM4-80GB,,19500.0,df2405bf-ab33-5b32-9511-7da1122118f9,suitesparse_all,Wang/wang2,wang2,2903,2903,19093,16,row-major,N,N,1.0,0.0,20260922,main,pass,pass,0,0,610976.0,0.01502,0.0217600002885,0.0367800002885,0.0225110002885,28.07794080420561,16.61163662880758,27.14121950023358,0.14398944002156724,0.08518788014773118,0.13918574102683887,cuSPARSE 12.8.6,CUDA,13040,13000,2026-10-08T09:35:15.176963+00:00,source,csr-alg2,0,0,,,,5,20,4,true
3,full-20261009-A100-SXM4-80GB-spmm-fp32-cusparse-csr-alg2-n16-13.4.1,cuSPARSE-CUDA-13.4.1-SpMM-CSR-ALG2,cuSPARSE CUDA 13.4.1 SpMM CSR ALG2 [cuSPARSE 12.8.6],csr-alg2,cuSPARSE-SpMM-CSR,candidate,,,csr,csr,CUSPARSE_SPMM_CSR_ALG2,library-preprocess,spmm.csr.fp32,fp32,A100-SXM4-80GB,A100-SXM4-80GB,,19500.0,2793479a-b9ba-5e32-964d-96d3a38ca48f,suitesparse_all,Wang/wang4,wang4,26068,26068,177196,16,row-major,N,N,1.0,0.0,20260922,main,pass,pass,0,0,5670272.0,0.04303,0.0433151990175,0.0863451990175,0.0454666990175,130.9072133712031,65.66980057398187,124.71263853611912,0.6713190429292467,0.33676820807170194,0.6395519924929185,cuSPARSE 12.8.6,CUDA,13040,13000,2026-10-07T08:53:27.713838+00:00,source,csr-alg2,0,0,,,,5,20,4,true
3,full-20261009-A100-SXM4-80GB-spmm-fp32-cusparse-csr-alg2-n16-13.4.1,cuSPARSE-CUDA-13.4.1-SpMM-CSR-ALG2,cuSPARSE CUDA 13.4.1 SpMM CSR ALG2 [cuSPARSE 12.8.6],csr-alg2,cuSPARSE-SpMM-CSR,candidate,,,csr,csr,CUSPARSE_SPMM_CSR_ALG2,library-preprocess,spmm.csr.fp32,fp32,A100-SXM4-80GB,A100-SXM4-80GB,,19500.0,df2405bf-ab33-5b32-9511-7da1122118f9,suitesparse_all,Watson/Baumann,Baumann,112211,112211,760631,16,row-major,N,N,1.0,0.0,20260922,main,pass,pass,0,0,24340192.0,0.04881,0.133068799973,0.181878799973,0.135509299973,182.91434209175017,133.8264382853489,179.62008515171829,0.9380222671371804,0.6862894271043534,0.9211286418036835,cuSPARSE 12.8.6,CUDA,13040,13000,2026-10-08T09:45:14.820816+00:00,source,csr-alg2,0,0,,,,5,20,4,true
3,full-20261009-A100-SXM4-80GB-spmm-fp32-cusparse-csr-alg2-n16-13.4.1,cuSPARSE-CUDA-13.4.1-SpMM-CSR-ALG2,cuSPARSE CUDA 13.4.1 SpMM CSR ALG2 [cuSPARSE 12.8.6],csr-alg2,cuSPARSE-SpMM-CSR,candidate,,,csr,csr,CUSPARSE_SPMM_CSR_ALG2,library-preprocess,spmm.csr.fp32,fp32,A100-SXM4-80GB,A100-SXM4-80GB,,19500.0,238ed034-08d6-5e0f-b7b4-c4d0b9e54f50,suitesparse_all,Watson/chem_master1,chem_master1,40401,40401,201201,16,row-major,N,N,1.0,0.0,20260922,main,pass,pass,0,0,6438432.0,0.03093,0.0510976016521,0.0820276016521,0.0526441016521,126.00262618657356,78.4910428968414,122.30110872721423,0.6461673137773003,0.40251816870175083,0.627185172960073,cuSPARSE 12.8.6,CUDA,13040,13000,2026-10-07T14:41:35.788422+00:00,source,csr-alg2,0,0,,,,5,20,4,true
3,full-20261009-A100-SXM4-80GB-spmm-fp32-cusparse-csr-alg2-n16-13.4.1,cuSPARSE-CUDA-13.4.1-SpMM-CSR-ALG2,cuSPARSE CUDA 13.4.1 SpMM CSR ALG2 [cuSPARSE 12.8.6],csr-alg2,cuSPARSE-SpMM-CSR,candidate,,,csr,csr,CUSPARSE_SPMM_CSR_ALG2,library-preprocess,spmm.csr.fp32,fp32,A100-SXM4-80GB,A100-SXM4-80GB,,19500.0,df2405bf-ab33-5b32-9511-7da1122118f9,suitesparse_all,Williams/cant,cant,62451,62451,4007383,16,row-major,N,N,1.0,0.0,20260922,main,pass,pass,0,0,128236256.0,0.05951,1.04888324738,1.10839324738,1.05185874738,122.25979995420907,115.69563086307369,121.9139512024923,0.6269733330985081,0.593310927502942,0.6251997497563708,cuSPARSE 12.8.6,CUDA,13040,13000,2026-10-08T10:01:20.464381+00:00,source,csr-alg2,0,0,,,,5,20,4,true
3,full-20261009-A100-SXM4-80GB-spmm-fp32-cusparse-csr-alg2-n16-13.4.1,cuSPARSE-CUDA-13.4.1-SpMM-CSR-ALG2,cuSPARSE CUDA 13.4.1 SpMM CSR ALG2 [cuSPARSE 12.8.6],csr-alg2,cuSPARSE-SpMM-CSR,candidate,,,csr,csr,CUSPARSE_SPMM_CSR_ALG2,library-preprocess,spmm.csr.fp32,fp32,A100-SXM4-80GB,A100-SXM4-80GB,,19500.0,238ed034-08d6-5e0f-b7b4-c4d0b9e54f50,suitesparse_all,Williams/consph,consph,83334,83334,6010480,16,row-major,N,N,1.0,0.0,20260922,main,pass,pass,0,0,192335360.0,0.0718,0.760166406631,0.831966406631,0.763756406631,253.01744239450906,231.18164203149854,251.82814616038252,1.297525345612867,1.185546882212813,1.2914263905660643,cuSPARSE 12.8.6,CUDA,13040,13000,2026-10-07T14:52:44.294518+00:00,source,csr-alg2,0,0,,,,5,20,4,true
3,full-20261009-A100-SXM4-80GB-spmm-fp32-cusparse-csr-alg2-n16-13.4.1,cuSPARSE-CUDA-13.4.1-SpMM-CSR-ALG2,cuSPARSE CUDA 13.4.1 SpMM CSR ALG2 [cuSPARSE 12.8.6],csr-alg2,cuSPARSE-SpMM-CSR,candidate,,,csr,csr,CUSPARSE_SPMM_CSR_ALG2,library-preprocess,spmm.csr.fp32,fp32,A100-SXM4-80GB,A100-SXM4-80GB,,19500.0,2793479a-b9ba-5e32-964d-96d3a38ca48f,suitesparse_all,Williams/mc2depi,mc2depi,525825,525825,2100225,16,row-major,N,N,1.0,0.0,20260922,main,pass,pass,0,0,67207200.0,0.35604,0.464537620544,0.820577620544,0.482339620544,144.6754730462875,81.90230676221117,139.33584789116287,0.7419255028014743,0.4200118295498009,0.7145428096982711,cuSPARSE 12.8.6,CUDA,13040,13000,2026-10-07T09:37:07.835762+00:00,source,csr-alg2,0,0,,,,5,20,4,true
3,full-20261009-A100-SXM4-80GB-spmm-fp32-cusparse-csr-alg2-n16-13.4.1,cuSPARSE-CUDA-13.4.1-SpMM-CSR-ALG2,cuSPARSE CUDA 13.4.1 SpMM CSR ALG2 [cuSPARSE 12.8.6],csr-alg2,cuSPARSE-SpMM-CSR,candidate,,,csr,csr,CUSPARSE_SPMM_CSR_ALG2,library-preprocess,spmm.csr.fp32,fp32,A100-SXM4-80GB,A100-SXM4-80GB,,19500.0,238ed034-08d6-5e0f-b7b4-c4d0b9e54f50,suitesparse_all,YCheng/psse0,psse0,26722,11028,102432,16,row-major,N,N,1.0,0.0,20260922,main,pass,pass,0,0,3277824.0,0.02547,0.0359423995018,0.0614123995018,0.0372158995018,91.19658246066311,53.373977024036115,88.07590422049219,0.4676747818495544,0.2737127026873647,0.4516713036948317,cuSPARSE 12.8.6,CUDA,13040,13000,2026-10-07T14:41:38.841283+00:00,source,csr-alg2,0,0,,,,5,20,4,true
3,full-20261009-A100-SXM4-80GB-spmm-fp32-cusparse-csr-alg2-n16-13.4.1,cuSPARSE-CUDA-13.4.1-SpMM-CSR-ALG2,cuSPARSE CUDA 13.4.1 SpMM CSR ALG2 [cuSPARSE 12.8.6],csr-alg2,cuSPARSE-SpMM-CSR,candidate,,,csr,csr,CUSPARSE_SPMM_CSR_ALG2,library-preprocess,spmm.csr.fp32,fp32,A100-SXM4-80GB,A100-SXM4-80GB,,19500.0,df2405bf-ab33-5b32-9511-7da1122118f9,suitesparse_all,YCheng/psse1,psse1,14318,11028,57376,16,row-major,N,N,1.0,0.0,20260922,main,pass,pass,0,0,1836032.0,0.03863,0.0281599998474,0.0667899998474,0.0300914998474,65.20000035332103,27.489624258046362,61.014971314520196,0.33435897617087706,0.14097243209254545,0.31289728879241124,cuSPARSE 12.8.6,CUDA,13040,13000,2026-10-08T09:45:23.011324+00:00,source,csr-alg2,0,0,,,,5,20,4,true
3,full-20261009-A100-SXM4-80GB-spmm-fp32-cusparse-csr-alg2-n16-13.4.1,cuSPARSE-CUDA-13.4.1-SpMM-CSR-ALG2,cuSPARSE CUDA 13.4.1 SpMM CSR ALG2 [cuSPARSE 12.8.6],csr-alg2,cuSPARSE-SpMM-CSR,candidate,,,csr,csr,CUSPARSE_SPMM_CSR_ALG2,library-preprocess,spmm.csr.fp32,fp32,A100-SXM4-80GB,A100-SXM4-80GB,,19500.0,2793479a-b9ba-5e32-964d-96d3a38ca48f,suitesparse_all,Yoshiyasu/mesh_deform,mesh_deform,234023,9393,853829,16,row-major,N,N,1.0,0.0,20260922,main,pass,pass,0,0,27322528.0,0.04002,0.180531203747,0.220551203747,0.182532203747,151.34518262167205,123.88292394605283,149.68606875458852,0.7761291416496002,0.635297045877194,0.7676208654081462,cuSPARSE 12.8.6,CUDA,13040,13000,2026-10-07T09:30:32.978441+00:00,source,csr-alg2,0,0,,,,5,20,4,true
3,full-20261009-A100-SXM4-80GB-spmm-fp32-cusparse-csr-alg2-n16-13.4.1,cuSPARSE-CUDA-13.4.1-SpMM-CSR-ALG2,cuSPARSE CUDA 13.4.1 SpMM CSR ALG2 [cuSPARSE 12.8.6],csr-alg2,cuSPARSE-SpMM-CSR,candidate,,,csr,csr,CUSPARSE_SPMM_CSR_ALG2,library-preprocess,spmm.csr.fp32,fp32,A100-SXM4-80GB,A100-SXM4-80GB,,19500.0,df2405bf-ab33-5b32-9511-7da1122118f9,suitesparse_all,Zitney/extr1b,extr1b,2836,2836,11404,16,row-major,N,N,1.0,0.0,20260922,main,pass,pass,0,0,364928.0,0.03424,0.0191936001182,0.0534336001182,0.0209056001182,19.013004217690423,6.8295604112907595,17.4559925539904,0.09750258573174576,0.035023386724568,0.08951791053328409,cuSPARSE 12.8.6,CUDA,13040,13000,2026-10-08T09:43:00.529163+00:00,source,csr-alg2,0,0,,,,5,20,4,true
3,full-20261009-A100-SXM4-80GB-spmm-fp32-cusparse-csr-alg2-n16-13.4.1,cuSPARSE-CUDA-13.4.1-SpMM-CSR-ALG2,cuSPARSE CUDA 13.4.1 SpMM CSR ALG2 [cuSPARSE 12.8.6],csr-alg2,cuSPARSE-SpMM-CSR,candidate,,,csr,csr,CUSPARSE_SPMM_CSR_ALG2,library-preprocess,spmm.csr.fp32,fp32,A100-SXM4-80GB,A100-SXM4-80GB,,19500.0,238ed034-08d6-5e0f-b7b4-c4d0b9e54f50,suitesparse_all,Zitney/radfr1,radfr1,1048,1048,13299,16,row-major,N,N,1.0,0.0,20260922,main,pass,pass,0,0,425568.0,0.01329,0.0252927988768,0.0385827988768,0.0259572988768,16.82565864192892,11.029992960305838,16.394926221709543,0.08628542893296882,0.05656406646310687,0.08407654472671561,cuSPARSE 12.8.6,CUDA,13040,13000,2026-10-07T14:29:10.709262+00:00,source,csr-alg2,0,0,,,,5,20,4,true
3,full-20261009-A100-SXM4-80GB-spmm-fp32-cusparse-csr-alg2-n16-13.4.1,cuSPARSE-CUDA-13.4.1-SpMM-CSR-ALG2,cuSPARSE CUDA 13.4.1 SpMM CSR ALG2 [cuSPARSE 12.8.6],csr-alg2,cuSPARSE-SpMM-CSR,candidate,,,csr,csr,CUSPARSE_SPMM_CSR_ALG2,library-preprocess,spmm.csr.fp32,fp32,A100-SXM4-80GB,A100-SXM4-80GB,,19500.0,df2405bf-ab33-5b32-9511-7da1122118f9,suitesparse_all,Zitney/rdist1,rdist1,4134,4134,94408,16,row-major,N,N,1.0,0.0,20260922,main,pass,pass,0,0,3021056.0,0.01553,0.0325120002031,0.0480420002031,0.0332885002031,92.92125926204761,62.88364321277906,90.75374323168404,0.4765192782669108,0.3224802216039952,0.4654038114445335,cuSPARSE 12.8.6,CUDA,13040,13000,2026-10-08T09:35:16.057093+00:00,source,csr-alg2,0,0,,,,5,20,4,true
3,full-20261009-A100-SXM4-80GB-spmm-fp32-cusparse-csr-alg2-n16-13.4.1,cuSPARSE-CUDA-13.4.1-SpMM-CSR-ALG2,cuSPARSE CUDA 13.4.1 SpMM CSR ALG2 [cuSPARSE 12.8.6],csr-alg2,cuSPARSE-SpMM-CSR,candidate,,,csr,csr,CUSPARSE_SPMM_CSR_ALG2,library-preprocess,spmm.csr.fp32,fp32,A100-SXM4-80GB,A100-SXM4-80GB,,19500.0,2793479a-b9ba-5e32-964d-96d3a38ca48f,suitesparse_all,Zitney/rdist3a,rdist3a,2398,2398,61896,16,row-major,N,N,1.0,0.0,20260922,main,pass,pass,0,0,1980672.0,0.01515,0.0276351988316,0.0427851988316,0.0283926988316,71.67207343321745,46.29339243685199,69.75990594439676,0.3675490945293203,0.2374020124966769,0.35774310740716286,cuSPARSE 12.8.6,CUDA,13040,13000,2026-10-07T08:53:29.324658+00:00,source,csr-alg2,0,0,,,,5,20,4,true
3,full-20261009-A100-SXM4-80GB-spmm-fp32-cusparse-csr-alg2-n16-13.4.1,cuSPARSE-CUDA-13.4.1-SpMM-CSR-ALG2,cuSPARSE CUDA 13.4.1 SpMM CSR ALG2 [cuSPARSE 12.8.6],csr-alg2,cuSPARSE-SpMM-CSR,candidate,,,csr,csr,CUSPARSE_SPMM_CSR_ALG2,library-preprocess,spmm.csr.fp32,fp32,A100-SXM4-80GB,A100-SXM4-80GB,,19500.0,df2405bf-ab33-5b32-9511-7da1122118f9,suitesparse_all,vanHeukelum/cage10,cage10,11397,11397,150645,16,row-major,N,N,1.0,0.0,20260922,main,pass,pass,0,0,4820640.0,0.01452,0.0357888013124,0.0503088013124,0.0365148013124,134.6968834725895,95.82100694599177,132.01879311234174,0.690753248577382,0.4913897792102142,0.6770194518581627,cuSPARSE 12.8.6,CUDA,13040,13000,2026-10-08T09:36:19.116881+00:00,source,csr-alg2,0,0,,,,5,20,4,true
3,full-20261009-A100-SXM4-80GB-spmm-fp32-cusparse-csr-alg2-n16-13.4.1,cuSPARSE-CUDA-13.4.1-SpMM-CSR-ALG2,cuSPARSE CUDA 13.4.1 SpMM CSR ALG2 [cuSPARSE 12.8.6],csr-alg2,cuSPARSE-SpMM-CSR,candidate,,,csr,csr,CUSPARSE_SPMM_CSR_ALG2,library-preprocess,spmm.csr.fp32,fp32,A100-SXM4-80GB,A100-SXM4-80GB,,19500.0,2793479a-b9ba-5e32-964d-96d3a38ca48f,suitesparse_all,vanHeukelum/cage12,cage12,130228,130228,2032536,16,row-major,N,N,1.0,0.0,20260922,main,pass,pass,0,0,65041152.0,0.05117,0.326060795784,0.377230795784,0.328619295784,199.47553597669165,172.41739732522305,197.9224982660521,1.0229514665471366,0.88419178115499,1.014987170595139,cuSPARSE 12.8.6,CUDA,13040,13000,2026-10-07T08:54:13.857771+00:00,source,csr-alg2,0,0,,,,5,20,4,true
3,full-20261009-A100-SXM4-80GB-spmm-fp32-cusparse-csr-alg2-n16-13.4.1,cuSPARSE-CUDA-13.4.1-SpMM-CSR-ALG2,cuSPARSE CUDA 13.4.1 SpMM CSR ALG2 [cuSPARSE 12.8.6],csr-alg2,cuSPARSE-SpMM-CSR,candidate,,,csr,csr,CUSPARSE_SPMM_CSR_ALG2,library-preprocess,spmm.csr.fp32,fp32,A100-SXM4-80GB,A100-SXM4-80GB,,19500.0,2793479a-b9ba-5e32-964d-96d3a38ca48f,suitesparse_all,vanHeukelum/cage4,cage4,9,9,49,16,row-major,N,N,1.0,0.0,20260922,main,pass,pass,0,0,1568.0,0.01421,0.016128000617,0.030338000617,0.016838500617,0.09722221850284543,0.05168435520175202,0.09311993007364096,0.0004985754795017714,0.0002650479753936001,0.00047753810294174856,cuSPARSE 12.8.6,CUDA,13040,13000,2026-10-07T08:54:05.101683+00:00,source,csr-alg2,0,0,,,,5,20,4,true
3,full-20261009-A100-SXM4-80GB-spmm-fp32-cusparse-csr-alg2-n16-13.4.1,cuSPARSE-CUDA-13.4.1-SpMM-CSR-ALG2,cuSPARSE CUDA 13.4.1 SpMM CSR ALG2 [cuSPARSE 12.8.6],csr-alg2,cuSPARSE-SpMM-CSR,candidate,,,csr,csr,CUSPARSE_SPMM_CSR_ALG2,library-preprocess,spmm.csr.fp32,fp32,A100-SXM4-80GB,A100-SXM4-80GB,,19500.0,238ed034-08d6-5e0f-b7b4-c4d0b9e54f50,suitesparse_all,vanHeukelum/cage9,cage9,3534,3534,41594,16,row-major,N,N,1.0,0.0,20260922,main,pass,pass,0,0,1331008.0,0.01334,0.0229711994529,0.0363111994529,0.0236381994529,57.94246846922775,36.65557789481666,56.307503566508245,0.2971408639447577,0.18797732253752134,0.28875642854619615,cuSPARSE 12.8.6,CUDA,13040,13000,2026-10-07T14:29:37.055360+00:00,source,csr-alg2,0,0,,,,5,20,4,true
